dataset_id,relative_path,file_name,size_bytes,sha256,role,stage,frozen_status,notes
MANIFEST-0001,07_reports/stage_01f5p_execution_manifest.md,stage_01f5p_execution_manifest.md,1834,ccf6ffbc463ea94de6d080fec65a9de2b440cfd19340def5dae42fe6c361c178,EXISTING_PROVENANCE_SOURCE,Stage01,SEE_SOURCE_MANIFEST,Index entry only; the referenced existing manifest remains the source of truth.
MANIFEST-0002,07_reports/stage_01ge_hash_manifest.md,stage_01ge_hash_manifest.md,528,5ced4f018e1dee4f3bce5762da25552ca9cf4f613dc9794daaf38757230501e1,EXISTING_PROVENANCE_SOURCE,Stage01,SEE_SOURCE_MANIFEST,Index entry only; the referenced existing manifest remains the source of truth.
MANIFEST-0003,stage_02_Particle_Interaction_Operator/08_route_closure/freeze/stage02ms_historical_freeze_manifest.json,stage02ms_historical_freeze_manifest.json,567808,4f86adc1f493250f4dde5de70aac46280532310b37544b2dcd804781bc0789fe,EXISTING_PROVENANCE_SOURCE,Stage02,FROZEN_OR_HASHED,Index entry only; the referenced existing manifest remains the source of truth.
MANIFEST-0004,stage_02_Particle_Interaction_Operator/08_route_closure/manifests/stage02ms_closure_manifest.json,stage02ms_closure_manifest.json,685433,14f6dd91ed115c8a67fbd3205b14b79455db7fb6ac9928c4088087178a20abb8,EXISTING_PROVENANCE_SOURCE,Stage02,SEE_SOURCE_MANIFEST,Index entry only; the referenced existing manifest remains the source of truth.
MANIFEST-0005,stage_02_Particle_Interaction_Operator/03_dataset/cases/case_manifest.yaml,case_manifest.yaml,2138,6c659ef2bbb2e91840a320fa35f900cfc4421615dc2adab05211e837f20798a6,EXISTING_PROVENANCE_SOURCE,Stage02,SEE_SOURCE_MANIFEST,Index entry only; the referenced existing manifest remains the source of truth.
MANIFEST-0006,stage_02_Particle_Interaction_Operator/03_dataset/manifests/generation_run_manifest.json,generation_run_manifest.json,4730,24efd700545ed4b52731474d8a3836d63d0789d865fea269c259ef1013b2ae89,EXISTING_PROVENANCE_SOURCE,Stage02,SEE_SOURCE_MANIFEST,Index entry only; the referenced existing manifest remains the source of truth.
MANIFEST-0007,stage_02_Particle_Interaction_Operator/03_dataset/manifests/sample_hashes.sha256,sample_hashes.sha256,1455,2daeb194b8fe3ad5d7dd2dc4496b385bc7050c6cf905cd7b6798c5c7790cd77f,EXISTING_PROVENANCE_SOURCE,Stage02,FROZEN_OR_HASHED,Index entry only; the referenced existing manifest remains the source of truth.
MANIFEST-0008,stage_02_Particle_Interaction_Operator/03_dataset/manifests/dataset_manifest.json,dataset_manifest.json,3360,923cb45de72692670a0ced9808df41b697b3f81fb95a2b84794b773d13a845e7,EXISTING_PROVENANCE_SOURCE,Stage02,SEE_SOURCE_MANIFEST,Index entry only; the referenced existing manifest remains the source of truth.
MANIFEST-0009,stage_02_Particle_Interaction_Operator/06_model/pair_force_pio_static_fitting_v0_2/freeze/stage02mq_execution_freeze_manifest.json,stage02mq_execution_freeze_manifest.json,21833,695960fb5fa040b0842fe93f3875a84f95494d9153f5a11d267f6730d30cb3bd,EXISTING_PROVENANCE_SOURCE,Stage02,FROZEN_OR_HASHED,Index entry only; the referenced existing manifest remains the source of truth.
MANIFEST-0010,stage_02_Particle_Interaction_Operator/06_model/pair_force_pio_static_fitting_v0_2/manifests/stage02mq_run_manifest.json,stage02mq_run_manifest.json,158716,98f0ccce3ef8e08286ac2222db3c225f71064deda5f1cbcf22a039b2204c1efb,EXISTING_PROVENANCE_SOURCE,Stage02,SEE_SOURCE_MANIFEST,Index entry only; the referenced existing manifest remains the source of truth.
MANIFEST-0011,stage_02_Particle_Interaction_Operator/06_model/pair_force_pio_static_fitting_v0_2/manifests/training_validation_summary_manifest.json,training_validation_summary_manifest.json,8330,380ced0106e92d9e692cb06dfc70b4b7ded83418782062c567804d5f00ff3e30,EXISTING_PROVENANCE_SOURCE,Stage02,SEE_SOURCE_MANIFEST,Index entry only; the referenced existing manifest remains the source of truth.
MANIFEST-0012,stage_02_Particle_Interaction_Operator/06_model/pair_force_pio_static_fitting_v0_2/test_seal/stage02mq_test_release_manifest.json,stage02mq_test_release_manifest.json,4053,41e330c20da6bab771e42d91ad2d28bff5972895327a988e63807dbbb74bb1e5,EXISTING_PROVENANCE_SOURCE,Stage02,SEE_SOURCE_MANIFEST,Index entry only; the referenced existing manifest remains the source of truth.
MANIFEST-0013,stage_02_Particle_Interaction_Operator/06_model/pair_force_pio_static_fitting_v0_2/test_seal/test_release_manifest.json,test_release_manifest.json,4053,41e330c20da6bab771e42d91ad2d28bff5972895327a988e63807dbbb74bb1e5,EXISTING_PROVENANCE_SOURCE,Stage02,SEE_SOURCE_MANIFEST,Index entry only; the referenced existing manifest remains the source of truth.
MANIFEST-0014,stage_02_Particle_Interaction_Operator/06_model/pair_force_pio_training_protocol_v0_1/freeze/stage02l_input_and_protocol_freeze_manifest.json,stage02l_input_and_protocol_freeze_manifest.json,12928,2285898c6ebe894e0a136c54aefb8fb5983c42988745ed105125f42b7902656b,EXISTING_PROVENANCE_SOURCE,Stage02,FROZEN_OR_HASHED,Index entry only; the referenced existing manifest remains the source of truth.
MANIFEST-0015,stage_02_Particle_Interaction_Operator/06_model/pair_force_pio_training_protocol_v0_1/freeze/training_protocol_v0_1.sha256,training_protocol_v0_1.sha256,94,610b2c53e3b98257849879c457cd303975536c2d91516ea5d93347e66a887c2f,EXISTING_PROVENANCE_SOURCE,Stage02,FROZEN_OR_HASHED,Index entry only; the referenced existing manifest remains the source of truth.
MANIFEST-0016,stage_02_Particle_Interaction_Operator/06_model/pair_force_pio_training_protocol_v0_1/manifests/stage02l_run_manifest.json,stage02l_run_manifest.json,12838,ebd0288fea76969c5b50db6e14ba91a69d8b01553d3271edcd81c320c3c01cce,EXISTING_PROVENANCE_SOURCE,Stage02,SEE_SOURCE_MANIFEST,Index entry only; the referenced existing manifest remains the source of truth.
MANIFEST-0017,stage_02_Particle_Interaction_Operator/06_model/pair_force_pio_architecture_v0_1/freeze/stage02k_input_and_architecture_freeze_manifest.json,stage02k_input_and_architecture_freeze_manifest.json,12327,fc186f595c02a778738ef4fa22ea6ada33442aa8feafff19436afaef7a1dc94c,EXISTING_PROVENANCE_SOURCE,Stage02,FROZEN_OR_HASHED,Index entry only; the referenced existing manifest remains the source of truth.
MANIFEST-0018,stage_02_Particle_Interaction_Operator/06_model/pair_force_pio_architecture_v0_1/freeze/transform_manifest_v0_1.json,transform_manifest_v0_1.json,1510,c7ec4d5645fe337c5af538a7a848d26c2d1c806978c5b4650627cb5e34290fe1,EXISTING_PROVENANCE_SOURCE,Stage02,FROZEN_OR_HASHED,Index entry only; the referenced existing manifest remains the source of truth.
MANIFEST-0019,stage_02_Particle_Interaction_Operator/06_model/pair_force_pio_architecture_v0_1/manifests/stage02k_run_manifest.json,stage02k_run_manifest.json,8071,17258e3ab899e4d090d8f4edb5fa5d6ccefdffdd87c9d4ec49b3225e3e49e6a7,EXISTING_PROVENANCE_SOURCE,Stage02,SEE_SOURCE_MANIFEST,Index entry only; the referenced existing manifest remains the source of truth.
MANIFEST-0020,stage_02_Particle_Interaction_Operator/06_model/pair_force_pio_static_fitting_v0_1/freeze/stage02m_execution_freeze_manifest.json,stage02m_execution_freeze_manifest.json,14565,30c5476a7ffcb8fd6326e105afe24a4d11c64252c6731f773f63bccf8b5ef258,EXISTING_PROVENANCE_SOURCE,Stage02,FROZEN_OR_HASHED,Index entry only; the referenced existing manifest remains the source of truth.
MANIFEST-0021,stage_02_Particle_Interaction_Operator/06_model/pair_force_pio_static_fitting_v0_1/test_evaluation/sealed_test_evaluation_manifest.json,sealed_test_evaluation_manifest.json,29240,2ea61ccc99565b9bc5a64f97c8f3457b6458464c02d878c523e8a41c66911ecf,EXISTING_PROVENANCE_SOURCE,Stage02,SEE_SOURCE_MANIFEST,Index entry only; the referenced existing manifest remains the source of truth.
MANIFEST-0022,stage_02_Particle_Interaction_Operator/06_model/pair_force_pio_static_fitting_v0_1/manifests/stage02m_run_manifest.json,stage02m_run_manifest.json,78099,64bf34a9a356998e92498bf0dd54556c0d0dce14911b94cdab436c9ca8db28e3,EXISTING_PROVENANCE_SOURCE,Stage02,SEE_SOURCE_MANIFEST,Index entry only; the referenced existing manifest remains the source of truth.
MANIFEST-0023,stage_02_Particle_Interaction_Operator/06_model/pair_force_pio_static_fitting_v0_1/manifests/training_validation_summary_manifest.json,training_validation_summary_manifest.json,5215,e855e0f2653b153a57bc4131bcf3eadadcab790bccdb3611fe2d471f7d863e6b,EXISTING_PROVENANCE_SOURCE,Stage02,SEE_SOURCE_MANIFEST,Index entry only; the referenced existing manifest remains the source of truth.
MANIFEST-0024,stage_02_Particle_Interaction_Operator/06_model/pair_force_pio_static_fitting_v0_1/test_seal/test_release_manifest.json,test_release_manifest.json,4041,ae083e66f2c003258a3f9387b8eb16cf862dbbdf4d780960c751e461733f802d,EXISTING_PROVENANCE_SOURCE,Stage02,SEE_SOURCE_MANIFEST,Index entry only; the referenced existing manifest remains the source of truth.
MANIFEST-0025,stage_02_Particle_Interaction_Operator/06_model/pair_force_pio_training_protocol_v0_2/split/prefrozen_split_manifest.json,prefrozen_split_manifest.json,1692,9d2af2974fe8d737c9bd2b1c213d74562359678b50bbac517c5b48a4ec8c680c,EXISTING_PROVENANCE_SOURCE,Stage02,FROZEN_OR_HASHED,Index entry only; the referenced existing manifest remains the source of truth.
MANIFEST-0026,stage_02_Particle_Interaction_Operator/06_model/pair_force_pio_training_protocol_v0_2/freeze/stage02mp_historical_freeze_manifest.json,stage02mp_historical_freeze_manifest.json,14479,ad6a4857b2427559b580c8bfd8668a32f473e58ef26b9f5be6dc233f022d89fa,EXISTING_PROVENANCE_SOURCE,Stage02,FROZEN_OR_HASHED,Index entry only; the referenced existing manifest remains the source of truth.
MANIFEST-0027,stage_02_Particle_Interaction_Operator/06_model/pair_force_pio_training_protocol_v0_2/manifests/stage02mp_run_manifest.json,stage02mp_run_manifest.json,33383,ff137b21a094cb582259353c4856ca1829ac479bc7f9c35b06c57571c6595fff,EXISTING_PROVENANCE_SOURCE,Stage02,SEE_SOURCE_MANIFEST,Index entry only; the referenced existing manifest remains the source of truth.
MANIFEST-0028,stage_02_Particle_Interaction_Operator/06_model/pair_force_pio_training_protocol_v0_2/manifests/v1_1_collection_manifest.json,v1_1_collection_manifest.json,4330,6dc76dd0fdd1e5ac1e3efbebc5f2315bac5e989984b38ba1ec5f008018e81e6b,EXISTING_PROVENANCE_SOURCE,Stage02,SEE_SOURCE_MANIFEST,Index entry only; the referenced existing manifest remains the source of truth.
MANIFEST-0029,stage_02_Particle_Interaction_Operator/06_model/pair_force_pio_training_protocol_v0_2/test_seal/sealed_test_payload_manifest.json,sealed_test_payload_manifest.json,2433,7b9a39744ed07c22f46d948a97ce865c7580e9d312241aa8c2b44a37b19b76eb,EXISTING_PROVENANCE_SOURCE,Stage02,SEE_SOURCE_MANIFEST,Index entry only; the referenced existing manifest remains the source of truth.
MANIFEST-0030,stage_02_Particle_Interaction_Operator/06_model/pair_force_pio_failure_attribution_v0_1/freeze/stage02mr_historical_freeze_manifest.json,stage02mr_historical_freeze_manifest.json,82265,fe7560a40b8333c8d8e0d90685a70ab44e867e60c82bf18fb4abdc03b17233b6,EXISTING_PROVENANCE_SOURCE,Stage02,FROZEN_OR_HASHED,Index entry only; the referenced existing manifest remains the source of truth.
MANIFEST-0031,stage_02_Particle_Interaction_Operator/06_model/pair_force_pio_failure_attribution_v0_1/manifests/stage02mr_run_manifest.json,stage02mr_run_manifest.json,10640,632672e1cfb2cc6c5dfceba2b44d006df2e7d13bc847b5b15f8afe6ae59003e5,EXISTING_PROVENANCE_SOURCE,Stage02,SEE_SOURCE_MANIFEST,Index entry only; the referenced existing manifest remains the source of truth.
MANIFEST-0032,stage_02_Particle_Interaction_Operator/05_dataset/blind_multifamily_pair_scope_v1_0/freeze/build_stage02jw_freeze_manifest.py,build_stage02jw_freeze_manifest.py,5374,b6594268794ef135c511c4d3da64ab363d27b29b2d17e296456cf175ae8a0a33,EXISTING_PROVENANCE_SOURCE,Stage02,FROZEN_OR_HASHED,Index entry only; the referenced existing manifest remains the source of truth.
MANIFEST-0033,stage_02_Particle_Interaction_Operator/05_dataset/blind_multifamily_pair_scope_v1_0/freeze/stage02jw_input_freeze_manifest.json,stage02jw_input_freeze_manifest.json,72481,adb888efdc85d7e49bf1f302915ff0e646f18c07fdaf6a4254d7ffc6c158bd30,EXISTING_PROVENANCE_SOURCE,Stage02,FROZEN_OR_HASHED,Index entry only; the referenced existing manifest remains the source of truth.
MANIFEST-0034,stage_02_Particle_Interaction_Operator/05_dataset/blind_multifamily_pair_scope_v1_0/manifests/stage02jw_dataset_manifest.json,stage02jw_dataset_manifest.json,18943,902154cdd2aff77ecdfb0fc853f7d8b7befb515a891adfc2701dfd895edf90ce,EXISTING_PROVENANCE_SOURCE,Stage02,SEE_SOURCE_MANIFEST,Index entry only; the referenced existing manifest remains the source of truth.
MANIFEST-0035,stage_02_Particle_Interaction_Operator/05_dataset/blind_multifamily_pair_scope_v1_0/manifests/stage02jw_final_manifest.json,stage02jw_final_manifest.json,3295,695b6ff57422e21da333e55a5a76d45e2bfe9fcc6abf8fe688de26de6661e876,EXISTING_PROVENANCE_SOURCE,Stage02,SEE_SOURCE_MANIFEST,Index entry only; the referenced existing manifest remains the source of truth.
MANIFEST-0036,stage_02_Particle_Interaction_Operator/05_dataset/blind_multifamily_pair_scope_v1_0/splits/prefrozen_split_manifest.json,prefrozen_split_manifest.json,1615,9b5073f8e4c3d84325ad7023e52dbba270a62f21f7ff326a0aa7dc273b57cff9,EXISTING_PROVENANCE_SOURCE,Stage02,FROZEN_OR_HASHED,Index entry only; the referenced existing manifest remains the source of truth.
MANIFEST-0037,stage_02_Particle_Interaction_Operator/05_dataset/controlled_regular_pair_scope_v0_1/freeze/stage02j_input_freeze_manifest.json,stage02j_input_freeze_manifest.json,5689,25532d012be45dfbc5886276260f425937da7a014baa302410eb68b8ddaefe4e,EXISTING_PROVENANCE_SOURCE,Stage02,FROZEN_OR_HASHED,Index entry only; the referenced existing manifest remains the source of truth.
MANIFEST-0038,stage_02_Particle_Interaction_Operator/05_dataset/controlled_regular_pair_scope_v0_1/freeze/build_stage02j_freeze_manifest.py,build_stage02j_freeze_manifest.py,5951,d4544157ea19c5e808c6cbef77cdff842cf07f5694e04b6798e5f22a28e5ca38,EXISTING_PROVENANCE_SOURCE,Stage02,FROZEN_OR_HASHED,Index entry only; the referenced existing manifest remains the source of truth.
MANIFEST-0039,stage_02_Particle_Interaction_Operator/05_dataset/controlled_regular_pair_scope_v0_1/canonical_records/canonical_serialization_manifest.json,canonical_serialization_manifest.json,7989,5f8adcbf34ee26831c2e1c96c85610e7ea4e1262689d3ebf1295c796bd5b5ade,EXISTING_PROVENANCE_SOURCE,Stage02,SEE_SOURCE_MANIFEST,Index entry only; the referenced existing manifest remains the source of truth.
MANIFEST-0040,stage_02_Particle_Interaction_Operator/05_dataset/controlled_regular_pair_scope_v0_1/manifests/stage02j_run_manifest.json,stage02j_run_manifest.json,4558,a0e5efa69707aafd5f9332e065d296d8e23e968c4e21553aa32820c7c0bf3897,EXISTING_PROVENANCE_SOURCE,Stage02,SEE_SOURCE_MANIFEST,Index entry only; the referenced existing manifest remains the source of truth.
MANIFEST-0041,stage_02_Particle_Interaction_Operator/05_dataset/controlled_regular_pair_scope_v0_1/manifests/stage02j_dataset_manifest.json,stage02j_dataset_manifest.json,6831,52e2f8343a8f610bf54665821feafd96112b257f5ab364567553543e33c6b1b0,EXISTING_PROVENANCE_SOURCE,Stage02,SEE_SOURCE_MANIFEST,Index entry only; the referenced existing manifest remains the source of truth.
MANIFEST-0042,stage_02_Particle_Interaction_Operator/05_dataset/controlled_multifamily_pair_scope_v0_2/freeze/stage02jr_input_freeze_manifest.json,stage02jr_input_freeze_manifest.json,8163,f704c097e0ef62bb238afc849a403cfd552f59b9e44f92a76e60a39565a8f085,EXISTING_PROVENANCE_SOURCE,Stage02,FROZEN_OR_HASHED,Index entry only; the referenced existing manifest remains the source of truth.
MANIFEST-0043,stage_02_Particle_Interaction_Operator/05_dataset/controlled_multifamily_pair_scope_v0_2/freeze/build_stage02jr_freeze_manifest.py,build_stage02jr_freeze_manifest.py,6076,30d1b7948a3d0130575d7b3b8cc1ca817d7a5ca1995fdaa9beb89a7641dfb814,EXISTING_PROVENANCE_SOURCE,Stage02,FROZEN_OR_HASHED,Index entry only; the referenced existing manifest remains the source of truth.
MANIFEST-0044,stage_02_Particle_Interaction_Operator/05_dataset/controlled_multifamily_pair_scope_v0_2/manifests/stage02jr_dataset_manifest.json,stage02jr_dataset_manifest.json,6822,cc299e15a0b93af8fb4fcc869ee35b2c9b02fe1351ab84ce8cc81ed262304678,EXISTING_PROVENANCE_SOURCE,Stage02,SEE_SOURCE_MANIFEST,Index entry only; the referenced existing manifest remains the source of truth.
MANIFEST-0045,stage_02_Particle_Interaction_Operator/05_dataset/controlled_multifamily_pair_scope_v0_2/manifests/qualification_run_manifest.json,qualification_run_manifest.json,1992,3d51f0afc35482beb2ebab62fc635783fd936270eaead89fd9c9b16b802f3066,EXISTING_PROVENANCE_SOURCE,Stage02,SEE_SOURCE_MANIFEST,Index entry only; the referenced existing manifest remains the source of truth.
MANIFEST-0046,stage_02_Particle_Interaction_Operator/05_dataset/controlled_multifamily_pair_scope_v0_2/manifests/stage02jr_run_manifest.json,stage02jr_run_manifest.json,3318,39c1780bef274a7805fc324d20ae3ce487640e0320eb3cfd18afabc18f875390,EXISTING_PROVENANCE_SOURCE,Stage02,SEE_SOURCE_MANIFEST,Index entry only; the referenced existing manifest remains the source of truth.
MANIFEST-0047,stage_02_Particle_Interaction_Operator/05_dataset/regularity_contract_v0_3/freeze/stage02jt_input_freeze_manifest.json,stage02jt_input_freeze_manifest.json,58500,f9d8830e58b108809122662883cbefb7a15b45779aafae61f0e2f479e6fe1411,EXISTING_PROVENANCE_SOURCE,Stage02,FROZEN_OR_HASHED,Index entry only; the referenced existing manifest remains the source of truth.
MANIFEST-0048,stage_02_Particle_Interaction_Operator/05_dataset/regularity_contract_v0_3/freeze/build_stage02jt_freeze_manifest.py,build_stage02jt_freeze_manifest.py,4369,7a6d731cec97fe7a0c92738f7aa0c4184e2710f4e0c883ce3cc2260b26f70975,EXISTING_PROVENANCE_SOURCE,Stage02,FROZEN_OR_HASHED,Index entry only; the referenced existing manifest remains the source of truth.
MANIFEST-0049,stage_02_Particle_Interaction_Operator/05_dataset/regularity_contract_v0_3/manifests/stage02jt_run_manifest.json,stage02jt_run_manifest.json,1475,c38f8ca4c64b028995bcfe1df8b27db5ce6a062d359f7b1da9aef7aba557422d,EXISTING_PROVENANCE_SOURCE,Stage02,SEE_SOURCE_MANIFEST,Index entry only; the referenced existing manifest remains the source of truth.
MANIFEST-0050,stage_02_Particle_Interaction_Operator/05_dataset/regularity_contract_v0_4/freeze/build_stage02jv_freeze_manifest.py,build_stage02jv_freeze_manifest.py,4135,2d6749d4182020d648d68abd281df4f4e77aa361bdf2930f4f4d7ccbd6f3520e,EXISTING_PROVENANCE_SOURCE,Stage02,FROZEN_OR_HASHED,Index entry only; the referenced existing manifest remains the source of truth.
MANIFEST-0051,stage_02_Particle_Interaction_Operator/05_dataset/regularity_contract_v0_4/freeze/stage02jv_input_freeze_manifest.json,stage02jv_input_freeze_manifest.json,64185,2ea1e0cf6abe24bea1b2cbc136ffcf81653853df4b5edfa0c96d6c7f29930199,EXISTING_PROVENANCE_SOURCE,Stage02,FROZEN_OR_HASHED,Index entry only; the referenced existing manifest remains the source of truth.
MANIFEST-0052,stage_02_Particle_Interaction_Operator/05_dataset/regularity_contract_v0_4/manifests/stage02jv_run_manifest.json,stage02jv_run_manifest.json,1777,3ba868830d1b7ca666be3071a1d068428a43fc8a4ade4762ec29c2b8cb39bab7,EXISTING_PROVENANCE_SOURCE,Stage02,SEE_SOURCE_MANIFEST,Index entry only; the referenced existing manifest remains the source of truth.
MANIFEST-0053,stage_02_Particle_Interaction_Operator/05_dataset/regularity_contract_v0_2/freeze/build_stage02js_freeze_manifest.py,build_stage02js_freeze_manifest.py,4242,698b95ac4fbef41425c61ddc511ba243507c1e201c99aa67d8f44bac7554c1d7,EXISTING_PROVENANCE_SOURCE,Stage02,FROZEN_OR_HASHED,Index entry only; the referenced existing manifest remains the source of truth.
MANIFEST-0054,stage_02_Particle_Interaction_Operator/05_dataset/regularity_contract_v0_2/freeze/stage02js_input_freeze_manifest.json,stage02js_input_freeze_manifest.json,52022,2430f432353d7d29af3f991e98e600fd333f5dee6a3260536c1f585873a1ba0e,EXISTING_PROVENANCE_SOURCE,Stage02,FROZEN_OR_HASHED,Index entry only; the referenced existing manifest remains the source of truth.
MANIFEST-0055,stage_02_Particle_Interaction_Operator/05_dataset/regularity_contract_v0_2/manifests/stage02js_run_manifest.json,stage02js_run_manifest.json,1674,a9da0778b282257213f917d386389edb43ee488011be513ba6441b1898a191ca,EXISTING_PROVENANCE_SOURCE,Stage02,SEE_SOURCE_MANIFEST,Index entry only; the referenced existing manifest remains the source of truth.
MANIFEST-0056,stage_02_Particle_Interaction_Operator/04_target_attribution/acceptance/stage02h_manifest.json,stage02h_manifest.json,3477,5851b23def58bf908ea7a76cd44accf92122e4771bf71ae8d4cd4b59254b51b7,EXISTING_PROVENANCE_SOURCE,Stage02,SEE_SOURCE_MANIFEST,Index entry only; the referenced existing manifest remains the source of truth.
MANIFEST-0057,stage_02_Particle_Interaction_Operator/04_target_attribution/conservation_closure/freeze/stage02ir_input_freeze_manifest.json,stage02ir_input_freeze_manifest.json,3580,2011c35ddfd494a914d1e6410aeaa3997f338cbf683bf97d19a5ceebafcb3958,EXISTING_PROVENANCE_SOURCE,Stage02,FROZEN_OR_HASHED,Index entry only; the referenced existing manifest remains the source of truth.
MANIFEST-0058,stage_02_Particle_Interaction_Operator/04_target_attribution/conservation_closure/freeze/build_stage02ir_freeze_manifest.py,build_stage02ir_freeze_manifest.py,3836,4fce8a8ede6e61f6a533aa4d549831bca7d414ab8e102c3046362987cf425f66,EXISTING_PROVENANCE_SOURCE,Stage02,FROZEN_OR_HASHED,Index entry only; the referenced existing manifest remains the source of truth.
MANIFEST-0059,stage_02_Particle_Interaction_Operator/04_target_attribution/conservation_closure/manifests/stage02ir_run_manifest.json,stage02ir_run_manifest.json,4025,170f4874664f3d0d504ec5c9febf155b699bd6c8f60c9cea70de3091cea037d8,EXISTING_PROVENANCE_SOURCE,Stage02,SEE_SOURCE_MANIFEST,Index entry only; the referenced existing manifest remains the source of truth.
MANIFEST-0060,stage_02_Particle_Interaction_Operator/04_target_attribution/qualification_closure/stage02g_manifest.json,stage02g_manifest.json,3348,bdcb0e039ea18ff52288e8cc088171a554548ce18cf46e49e7e26979c121ab47,EXISTING_PROVENANCE_SOURCE,Stage02,SEE_SOURCE_MANIFEST,Index entry only; the referenced existing manifest remains the source of truth.
MANIFEST-0061,stage_02_Particle_Interaction_Operator/04_target_attribution/qualification/spatial_target_manifest.json,spatial_target_manifest.json,2658,1a944e7afa00ebf96cfcb4ef224448ef71a05b06c8f6402f626ae3c246359b6c,EXISTING_PROVENANCE_SOURCE,Stage02,SEE_SOURCE_MANIFEST,Index entry only; the referenced existing manifest remains the source of truth.
MANIFEST-0062,stage_02_Particle_Interaction_Operator/04_target_attribution/target_construction/target_construction_manifest.json,target_construction_manifest.json,2536,47eee0f677d44eeca3923bd0bafd7cc959f15a160ca48c8698ebb9c94d474d2c,EXISTING_PROVENANCE_SOURCE,Stage02,SEE_SOURCE_MANIFEST,Index entry only; the referenced existing manifest remains the source of truth.
MANIFEST-0063,stage_02_Particle_Interaction_Operator/04_target_attribution/qualified_spatial_targets/freeze/stage02i_input_freeze_manifest.json,stage02i_input_freeze_manifest.json,4251,091f8bbbe431c70ea41e1360c40b44f36f0b8d995bc0c40ef31f666ccb3a0702,EXISTING_PROVENANCE_SOURCE,Stage02,FROZEN_OR_HASHED,Index entry only; the referenced existing manifest remains the source of truth.
MANIFEST-0064,stage_02_Particle_Interaction_Operator/04_target_attribution/qualified_spatial_targets/freeze/build_stage02i_freeze_manifest.py,build_stage02i_freeze_manifest.py,4264,9747ea2b2e22a1d992c89e630500812f036e122a11f1097d07cb4574d9a8ee9e,EXISTING_PROVENANCE_SOURCE,Stage02,FROZEN_OR_HASHED,Index entry only; the referenced existing manifest remains the source of truth.
MANIFEST-0065,stage_02_Particle_Interaction_Operator/04_target_attribution/qualified_spatial_targets/manifests/stage02i_run_manifest.json,stage02i_run_manifest.json,5298,11378e8e21abfe631dec763b0239adea30d4f52c103e133bb57c1612ae8f91e6,EXISTING_PROVENANCE_SOURCE,Stage02,SEE_SOURCE_MANIFEST,Index entry only; the referenced existing manifest remains the source of truth.
MANIFEST-0066,project_wide_synthesis/11_stage04_update_interface/stage04_delta_manifest_template.json,stage04_delta_manifest_template.json,255,e388752001a78ecf653ecebc9dbca51443ae33626ae540f0c4ed98d75560f38d,EXISTING_PROVENANCE_SOURCE,Stage04,SEE_SOURCE_MANIFEST,Index entry only; the referenced existing manifest remains the source of truth.
MANIFEST-0067,project_wide_synthesis/11_stage04_update_interface/stage04_completed_delta/stage04_delta_manifest.json,stage04_delta_manifest.json,1521,a40ab8414c2d57c4fd221c79785434a11143e44caff839ed50111e412b75492c,EXISTING_PROVENANCE_SOURCE,Stage04,SEE_SOURCE_MANIFEST,Index entry only; the referenced existing manifest remains the source of truth.
MANIFEST-0068,project_wide_synthesis/00_freeze/project_wide_input_freeze_manifest.json,project_wide_input_freeze_manifest.json,3916911,24b1ed4effe65c492be0cf96d4bbf586a550d27e4f77a6c217fc82963c70a5f0,EXISTING_PROVENANCE_SOURCE,UNSPECIFIED,FROZEN_OR_HASHED,Index entry only; the referenced existing manifest remains the source of truth.
MANIFEST-0069,project_wide_synthesis/13_manifests/project_wide_synthesis_final_manifest.json,project_wide_synthesis_final_manifest.json,13374,88b4cfc108bb58cfb0d5452c6d21b78afe8d00079bea1781cb44290e5bb67429,EXISTING_PROVENANCE_SOURCE,UNSPECIFIED,SEE_SOURCE_MANIFEST,Index entry only; the referenced existing manifest remains the source of truth.
MANIFEST-0070,project_wide_synthesis/13_manifests/Stage00_03_Narrative_Source_Pack_Manifest.json,Stage00_03_Narrative_Source_Pack_Manifest.json,2276,9ce6194944ecc63551b77ba60d0415fa21848c5e72e044750f46ac03c35f20e8,EXISTING_PROVENANCE_SOURCE,Stage00,SEE_SOURCE_MANIFEST,Index entry only; the referenced existing manifest remains the source of truth.
MANIFEST-0071,publication/verification_first_dynamic_neural_sph_v0_1/11_literature_verification/freeze/p2_input_freeze_manifest.json,p2_input_freeze_manifest.json,9808,9a96e847993deef7bc664bee07ad8fc74f78d8ee8aebb39a0392c2463f2305da,EXISTING_PROVENANCE_SOURCE,UNSPECIFIED,FROZEN_OR_HASHED,Index entry only; the referenced existing manifest remains the source of truth.
MANIFEST-0072,publication/verification_first_dynamic_neural_sph_v0_1/11_literature_verification/manifests/publication_p2_final_manifest.json,publication_p2_final_manifest.json,8574,b88ff24ce2efdb63bf10e6bfe1dc28cf18ef7cd1174456225ebdc6410fe17bf5,EXISTING_PROVENANCE_SOURCE,UNSPECIFIED,SEE_SOURCE_MANIFEST,Index entry only; the referenced existing manifest remains the source of truth.
MANIFEST-0073,publication/verification_first_dynamic_neural_sph_v0_1/00_freeze/publication_input_freeze_manifest.json,publication_input_freeze_manifest.json,15557,8761ee88c1d8c2ca085f01de9fec0e2cc2be7122318e2b6167cbcd6aed86c482,EXISTING_PROVENANCE_SOURCE,UNSPECIFIED,FROZEN_OR_HASHED,Index entry only; the referenced existing manifest remains the source of truth.
MANIFEST-0074,publication/verification_first_dynamic_neural_sph_v0_1/10_manifests/publication_p1_final_manifest.json,publication_p1_final_manifest.json,16538,7acdb24df3fab0af816078d067b40b980d9cdcda0fa9e241624704c96477334a,EXISTING_PROVENANCE_SOURCE,UNSPECIFIED,SEE_SOURCE_MANIFEST,Index entry only; the referenced existing manifest remains the source of truth.
MANIFEST-0075,publication_cmame_v1/04_figures/14_exports/figure_files_manifest.json,figure_files_manifest.json,20864,0b8456ecd49566f5b5be2587474d04d2b36a90624d32b7f223aab4c52dc312ac,EXISTING_PROVENANCE_SOURCE,UNSPECIFIED,SEE_SOURCE_MANIFEST,Index entry only; the referenced existing manifest remains the source of truth.
MANIFEST-0076,publication_cmame_v1/04_figures/14_exports/figure_files_manifest.csv,figure_files_manifest.csv,13851,ca538843463dd7e3787b10231f1c3e2b3f6f6e3da060287ea43dccd3f5be5d73,EXISTING_PROVENANCE_SOURCE,UNSPECIFIED,SEE_SOURCE_MANIFEST,Index entry only; the referenced existing manifest remains the source of truth.
MANIFEST-0077,publication_cmame_v1/04_figures/13_evidence_maps/source_manifest.json,source_manifest.json,93776,1483eacf4889975398cc6b55cb8ba0bc371acf08ac93df495d1ba65f81c1ac18,EXISTING_PROVENANCE_SOURCE,UNSPECIFIED,SEE_SOURCE_MANIFEST,Index entry only; the referenced existing manifest remains the source of truth.
MANIFEST-0078,publication_cmame_v1/04_figures/13_evidence_maps/source_manifest.csv,source_manifest.csv,57534,41f2db7e596d6b5787605b0971e97b4cd4bcdebd6b95431a98f24fced45f7882,EXISTING_PROVENANCE_SOURCE,UNSPECIFIED,SEE_SOURCE_MANIFEST,Index entry only; the referenced existing manifest remains the source of truth.
MANIFEST-0079,stage_08Z_Project_Closure_Publication/09_manifests/stage08z_final_manifest.json,stage08z_final_manifest.json,22799,dd656c184fd31c1bbb3782c7bf8f16522cea7797df8ebe0f9e16d7af443d179a,EXISTING_PROVENANCE_SOURCE,Stage08,SEE_SOURCE_MANIFEST,Index entry only; the referenced existing manifest remains the source of truth.
MANIFEST-0080,stage_08Z_Project_Closure_Publication/00_freeze/project_final_evidence_freeze_manifest.json,project_final_evidence_freeze_manifest.json,7692330,fd07fcb8853989c31e624f558e1c84c9cea6f979fd735d7e0f0f93bfb2ae0157,EXISTING_PROVENANCE_SOURCE,Stage08,FROZEN_OR_HASHED,Index entry only; the referenced existing manifest remains the source of truth.
MANIFEST-0081,stage_08Z_Project_Closure_Publication/08_manuscript_source_pack/source_pack_manifest.json,source_pack_manifest.json,3463,e6dd1ecce4808fbcc8fdaae8eab1fc6e0bc39d7b0816374088b2d221391f1fc9,EXISTING_PROVENANCE_SOURCE,Stage08,SEE_SOURCE_MANIFEST,Index entry only; the referenced existing manifest remains the source of truth.
MANIFEST-0082,tests/test_stage01ge_hash_manifest.py,test_stage01ge_hash_manifest.py,582,cfccd7d9e92952d36193c3559e2fca0b90ecb8ffa3a359baa41a0117d53f46bc,EXISTING_PROVENANCE_SOURCE,Stage01,SEE_SOURCE_MANIFEST,Index entry only; the referenced existing manifest remains the source of truth.
MANIFEST-0083,stage_04_Local_Causal_Dynamic_Training/04_reference_family_pool/stage04b/manifests/stage04b_run_manifest.json,stage04b_run_manifest.json,963,224d4c9dc1d4c5f91cfed2015bb2e6985a9f45cbbad56c22dea3e1b4693b8f30,EXISTING_PROVENANCE_SOURCE,Stage04,SEE_SOURCE_MANIFEST,Index entry only; the referenced existing manifest remains the source of truth.
MANIFEST-0084,stage_04_Local_Causal_Dynamic_Training/09_manifests/stage04cr_attribution_manifest.json,stage04cr_attribution_manifest.json,3255,88c86184e1885f8d8dfc651db2d3efbf0f2c77671799c56ef9cf2f780c141c6c,EXISTING_PROVENANCE_SOURCE,Stage04,SEE_SOURCE_MANIFEST,Index entry only; the referenced existing manifest remains the source of truth.
MANIFEST-0085,stage_04_Local_Causal_Dynamic_Training/09_manifests/stage04a_final_manifest.json,stage04a_final_manifest.json,3803,fb7d11e94af8bf3c3a1bb09036f3599d5e61dbc42e7f8fe9d6529178b5976b0b,EXISTING_PROVENANCE_SOURCE,Stage04,SEE_SOURCE_MANIFEST,Index entry only; the referenced existing manifest remains the source of truth.
MANIFEST-0086,stage_04_Local_Causal_Dynamic_Training/09_manifests/stage04b_final_manifest.json,stage04b_final_manifest.json,6912,ddad3b5a6f91b1e4a7dde1592e1e5a32803a1462648cb2106aef9f68bb8e2c6d,EXISTING_PROVENANCE_SOURCE,Stage04,SEE_SOURCE_MANIFEST,Index entry only; the referenced existing manifest remains the source of truth.
MANIFEST-0087,stage_04_Local_Causal_Dynamic_Training/09_manifests/stage04c_input_freeze_manifest.json,stage04c_input_freeze_manifest.json,7044,68b09ca09545380c1d3c17b123a7b912078557c8b669ab17e512f84bdde311f7,EXISTING_PROVENANCE_SOURCE,Stage04,FROZEN_OR_HASHED,Index entry only; the referenced existing manifest remains the source of truth.
MANIFEST-0088,stage_04_Local_Causal_Dynamic_Training/09_manifests/stage04c_parameter_manifest.json,stage04c_parameter_manifest.json,22463,22a5ff52c7896bcb933462576aa0c718887dfe68df53a406f0840ce1087f1aea,EXISTING_PROVENANCE_SOURCE,Stage04,SEE_SOURCE_MANIFEST,Index entry only; the referenced existing manifest remains the source of truth.
MANIFEST-0089,stage_04_Local_Causal_Dynamic_Training/09_manifests/stage04c_final_manifest.json,stage04c_final_manifest.json,7027,cc250b4c1fb3a5ce7df2ef65f55e5e8c8060eeea043e1846525c1a7f8357e412,EXISTING_PROVENANCE_SOURCE,Stage04,SEE_SOURCE_MANIFEST,Index entry only; the referenced existing manifest remains the source of truth.
MANIFEST-0090,stage_04_Local_Causal_Dynamic_Training/09_manifests/stage04c_direction_manifest.json,stage04c_direction_manifest.json,343460,c58dc48f2e0d28546f477046fa2531ef42e02c971b3b2d7c5b09fb7e2eb3cf85,EXISTING_PROVENANCE_SOURCE,Stage04,SEE_SOURCE_MANIFEST,Index entry only; the referenced existing manifest remains the source of truth.
MANIFEST-0091,stage_04_Local_Causal_Dynamic_Training/09_manifests/stage04b_input_freeze_manifest.json,stage04b_input_freeze_manifest.json,2374,8718c65d3059dfb81e9ce7dcf6450d06dd30b82396c39d6017c91d6c81b108ea,EXISTING_PROVENANCE_SOURCE,Stage04,FROZEN_OR_HASHED,Index entry only; the referenced existing manifest remains the source of truth.
MANIFEST-0092,stage_04_Local_Causal_Dynamic_Training/09_manifests/stage04b_formula_manifest.json,stage04b_formula_manifest.json,11691,f0953cdaa81ddcaa5b3bbc015fc0465c9be8f1f5c9ef7df2393fa5601c93ff77,EXISTING_PROVENANCE_SOURCE,Stage04,SEE_SOURCE_MANIFEST,Index entry only; the referenced existing manifest remains the source of truth.
MANIFEST-0093,stage_04_Local_Causal_Dynamic_Training/09_manifests/stage04c_contract_manifest.json,stage04c_contract_manifest.json,351,b77f8aae99d6f93628a7b286aff90f5f06e1d537a66c6096185ee12d1f6ee1d8,EXISTING_PROVENANCE_SOURCE,Stage04,SEE_SOURCE_MANIFEST,Index entry only; the referenced existing manifest remains the source of truth.
MANIFEST-0094,stage_04_Local_Causal_Dynamic_Training/09_manifests/stage04b_test_seal_manifest.json,stage04b_test_seal_manifest.json,26266,f3fc8bc263b5cd0862aad21e6331e280bff59fa70df5d2dd172491ee9ed438a5,EXISTING_PROVENANCE_SOURCE,Stage04,SEE_SOURCE_MANIFEST,Index entry only; the referenced existing manifest remains the source of truth.
MANIFEST-0095,stage_04_Local_Causal_Dynamic_Training/09_manifests/stage04c_case_manifest.json,stage04c_case_manifest.json,14279,63d5d7581277cf7fafd7fb6ebc0abf71ef3db9fd37f4b555497733d074985dd4,EXISTING_PROVENANCE_SOURCE,Stage04,SEE_SOURCE_MANIFEST,Index entry only; the referenced existing manifest remains the source of truth.
MANIFEST-0096,stage_04_Local_Causal_Dynamic_Training/09_manifests/stage04cr_input_freeze_manifest.json,stage04cr_input_freeze_manifest.json,6827,eadad4fcca9922901e478ce6b4b53ebecd25378ae3519eca4a6482ee41fcabc8,EXISTING_PROVENANCE_SOURCE,Stage04,FROZEN_OR_HASHED,Index entry only; the referenced existing manifest remains the source of truth.
MANIFEST-0097,stage_04_Local_Causal_Dynamic_Training/09_manifests/stage04b_trajectory_manifest.json,stage04b_trajectory_manifest.json,58254,6bc2351482b9167c63640699be0f048d65e3981babe0409895ea6a900b3e8ac2,EXISTING_PROVENANCE_SOURCE,Stage04,SEE_SOURCE_MANIFEST,Index entry only; the referenced existing manifest remains the source of truth.
MANIFEST-0098,stage_04_Local_Causal_Dynamic_Training/09_manifests/stage04cr_contract_manifest.json,stage04cr_contract_manifest.json,325,beea06e35ffef51992990c5b81d57f8a218428092795c4d14effde0e0fde4024,EXISTING_PROVENANCE_SOURCE,Stage04,SEE_SOURCE_MANIFEST,Index entry only; the referenced existing manifest remains the source of truth.
MANIFEST-0099,stage_04_Local_Causal_Dynamic_Training/09_manifests/stage04c_adfd_manifest.json,stage04c_adfd_manifest.json,366,4b03577e73720d9502ca9cbfbdfcde6b01cec3f8816304bb278ac20695859f8a,EXISTING_PROVENANCE_SOURCE,Stage04,SEE_SOURCE_MANIFEST,Index entry only; the referenced existing manifest remains the source of truth.
MANIFEST-0100,stage_04_Local_Causal_Dynamic_Training/09_manifests/stage04a_contract_manifest.json,stage04a_contract_manifest.json,7682,e391fca3fa564f8c569dcb5d5de55a09da574b1824e8dfe8afcdd12dfd87d1bf,EXISTING_PROVENANCE_SOURCE,Stage04,SEE_SOURCE_MANIFEST,Index entry only; the referenced existing manifest remains the source of truth.
MANIFEST-0101,stage_04_Local_Causal_Dynamic_Training/09_manifests/stage04cs_final_manifest.json,stage04cs_final_manifest.json,8743,a5ca2f684a135fa89cc7325a1553b1ec66571c51886fb12e009dd3e577fe8465,EXISTING_PROVENANCE_SOURCE,Stage04,SEE_SOURCE_MANIFEST,Index entry only; the referenced existing manifest remains the source of truth.
MANIFEST-0102,stage_04_Local_Causal_Dynamic_Training/09_manifests/stage04cr_final_manifest.json,stage04cr_final_manifest.json,7232,dbe2f0a7554188236f6b319649120f3bbb54c0a1ab2075faeae18545db0e2626,EXISTING_PROVENANCE_SOURCE,Stage04,SEE_SOURCE_MANIFEST,Index entry only; the referenced existing manifest remains the source of truth.
MANIFEST-0103,stage_04_Local_Causal_Dynamic_Training/09_manifests/stage04b_role_assignment_manifest.json,stage04b_role_assignment_manifest.json,2737,642f91985176774bf71795f2e72391082a9a43cdc0f3f6f7aaec7f1c432db47e,EXISTING_PROVENANCE_SOURCE,Stage04,SEE_SOURCE_MANIFEST,Index entry only; the referenced existing manifest remains the source of truth.
MANIFEST-0104,stage_04_Local_Causal_Dynamic_Training/09_manifests/stage04b_lineage_manifest.json,stage04b_lineage_manifest.json,413,b4754caf8284b3620a85cb042a0684d90471cfd98775018cde961467285ba2fe,EXISTING_PROVENANCE_SOURCE,Stage04,SEE_SOURCE_MANIFEST,Index entry only; the referenced existing manifest remains the source of truth.
MANIFEST-0105,stage_04_Local_Causal_Dynamic_Training/09_manifests/stage04cs_project_wide_delta_manifest.json,stage04cs_project_wide_delta_manifest.json,2026,f46c17ee56f8df4d7f0756b1f50e46156dfa91b7f14e50d3bd3a99da75c337e2,EXISTING_PROVENANCE_SOURCE,Stage04,SEE_SOURCE_MANIFEST,Index entry only; the referenced existing manifest remains the source of truth.
MANIFEST-0106,stage_04_Local_Causal_Dynamic_Training/09_manifests/stage04cs_input_freeze_manifest.json,stage04cs_input_freeze_manifest.json,96348,07324df6fc8a4d60b4e28e650eefd0fa02d6418994842891fb9f7c5eb21ef3e8,EXISTING_PROVENANCE_SOURCE,Stage04,FROZEN_OR_HASHED,Index entry only; the referenced existing manifest remains the source of truth.
MANIFEST-0107,stage_04_Local_Causal_Dynamic_Training/09_manifests/stage04a_input_freeze_manifest.json,stage04a_input_freeze_manifest.json,2750,6efe1e9bfdbde880c846b2a207fdff26f32a54eb3972470152a23ed10a42998a,EXISTING_PROVENANCE_SOURCE,Stage04,FROZEN_OR_HASHED,Index entry only; the referenced existing manifest remains the source of truth.
MANIFEST-0108,stage_04_Local_Causal_Dynamic_Training/09_manifests/stage04b_contract_manifest.json,stage04b_contract_manifest.json,2062,325b4d00a3202d5fc8c8dee904e0d87f808400d16767932521a2bf0ab6f6b82c,EXISTING_PROVENANCE_SOURCE,Stage04,SEE_SOURCE_MANIFEST,Index entry only; the referenced existing manifest remains the source of truth.
MANIFEST-0109,stage_04_Local_Causal_Dynamic_Training/00_stage04a_verification/manifests/stage04a_target_verification_manifest.json,stage04a_target_verification_manifest.json,3318,0cffa51ceda4cc8b098a2a3bd329a1a636d24d239c1f38635b1b92cb4e8fad33,EXISTING_PROVENANCE_SOURCE,Stage04,SEE_SOURCE_MANIFEST,Index entry only; the referenced existing manifest remains the source of truth.
MANIFEST-0110,stage_06_Optimizer_Update_Dynamics_Training/02_training_protocol/stage06b/manifests/stage06b_preflight_manifest.json,stage06b_preflight_manifest.json,897,6259d45b83de7555e63981e0d50468deedd17a60a0fe56007ea67c33ad4bb54f,EXISTING_PROVENANCE_SOURCE,Stage06,SEE_SOURCE_MANIFEST,Index entry only; the referenced existing manifest remains the source of truth.
MANIFEST-0111,stage_06_Optimizer_Update_Dynamics_Training/02_training_protocol/stage06b/manifests/stage06b_protocol_manifest.json,stage06b_protocol_manifest.json,455,9626a878e03ab91932157f283878b67f9ada79594d7e3141c8d88a05972fc8f4,EXISTING_PROVENANCE_SOURCE,Stage06,SEE_SOURCE_MANIFEST,Index entry only; the referenced existing manifest remains the source of truth.
MANIFEST-0112,stage_06_Optimizer_Update_Dynamics_Training/02_training_protocol/stage06b/manifests/stage06b_final_manifest.json,stage06b_final_manifest.json,166767,ca97bd1639d90c57f06b64e17934751276ab0537210a10a6949f5149aa5466fd,EXISTING_PROVENANCE_SOURCE,Stage06,SEE_SOURCE_MANIFEST,Index entry only; the referenced existing manifest remains the source of truth.
MANIFEST-0113,stage_06_Optimizer_Update_Dynamics_Training/02_training_protocol/stage06b/manifests/stage06b_validation_manifest.json,stage06b_validation_manifest.json,124632,65d3228975bcd34d4271433db1a26e9e8cf52acfb3e6b9b67ad649110e6a96ca,EXISTING_PROVENANCE_SOURCE,Stage06,SEE_SOURCE_MANIFEST,Index entry only; the referenced existing manifest remains the source of truth.
MANIFEST-0114,stage_06_Optimizer_Update_Dynamics_Training/09_manifests/stage06b_batch_manifest.json,stage06b_batch_manifest.json,3350341,c62562e7f57cdea8ac167a3d5b325131662a2ab76c38942fd9fdf46898afc50f,EXISTING_PROVENANCE_SOURCE,Stage06,SEE_SOURCE_MANIFEST,Index entry only; the referenced existing manifest remains the source of truth.
MANIFEST-0115,stage_06_Optimizer_Update_Dynamics_Training/09_manifests/stage06a_contract_manifest.json,stage06a_contract_manifest.json,359,45ba658fdcfa403ad9b12cfe2be17059a7655257994a2a4961548c4c478db308,EXISTING_PROVENANCE_SOURCE,Stage06,SEE_SOURCE_MANIFEST,Index entry only; the referenced existing manifest remains the source of truth.
MANIFEST-0116,stage_06_Optimizer_Update_Dynamics_Training/09_manifests/stage06a_batch_manifest.json,stage06a_batch_manifest.json,47597,2e73f1dc9916cddeeccfe1cdae464fecb4ce41fcb4626eafe01e23716fd1178b,EXISTING_PROVENANCE_SOURCE,Stage06,SEE_SOURCE_MANIFEST,Index entry only; the referenced existing manifest remains the source of truth.
MANIFEST-0117,stage_06_Optimizer_Update_Dynamics_Training/09_manifests/stage06a_model_manifest.json,stage06a_model_manifest.json,3829,21bb9ec9c9f6964b921d77802afe0ad6c2c67164bfc65dc5f352b92e44d6e521,EXISTING_PROVENANCE_SOURCE,Stage06,SEE_SOURCE_MANIFEST,Index entry only; the referenced existing manifest remains the source of truth.
MANIFEST-0118,stage_06_Optimizer_Update_Dynamics_Training/09_manifests/stage06cr_diagnostic_manifest.json,stage06cr_diagnostic_manifest.json,609,3e8c47d1960ff646582b44d4aebead7a1c9f2b5effa6f866bfb7913d2b8720fc,EXISTING_PROVENANCE_SOURCE,Stage06,SEE_SOURCE_MANIFEST,Index entry only; the referenced existing manifest remains the source of truth.
MANIFEST-0119,stage_06_Optimizer_Update_Dynamics_Training/09_manifests/stage06cr_input_freeze_manifest.json,stage06cr_input_freeze_manifest.json,166013,5ada0e3fb01382f0b4bb5a3b3753e5c915acf9e1d9df772985ede5b294037cda,EXISTING_PROVENANCE_SOURCE,Stage06,FROZEN_OR_HASHED,Index entry only; the referenced existing manifest remains the source of truth.
MANIFEST-0120,stage_06_Optimizer_Update_Dynamics_Training/09_manifests/stage06b_checkpoint_policy_manifest.json,stage06b_checkpoint_policy_manifest.json,666,4b9b76cfb8a57d1934431ea06e46ec77cfe0af8fb76df906d3a4c93317d7adfb,EXISTING_PROVENANCE_SOURCE,Stage06,SEE_SOURCE_MANIFEST,Index entry only; the referenced existing manifest remains the source of truth.
MANIFEST-0121,stage_06_Optimizer_Update_Dynamics_Training/09_manifests/stage06b_preflight_manifest.json,stage06b_preflight_manifest.json,897,6259d45b83de7555e63981e0d50468deedd17a60a0fe56007ea67c33ad4bb54f,EXISTING_PROVENANCE_SOURCE,Stage06,SEE_SOURCE_MANIFEST,Index entry only; the referenced existing manifest remains the source of truth.
MANIFEST-0122,stage_06_Optimizer_Update_Dynamics_Training/09_manifests/stage06b_model_seed_manifest.json,stage06b_model_seed_manifest.json,11784,4e44cd508cc5c7b70a75c47ec846e21c93db9a2b3e8f46aea5d0ab8f57ca42c1,EXISTING_PROVENANCE_SOURCE,Stage06,SEE_SOURCE_MANIFEST,Index entry only; the referenced existing manifest remains the source of truth.
MANIFEST-0123,stage_06_Optimizer_Update_Dynamics_Training/09_manifests/stage06a_input_freeze_manifest.json,stage06a_input_freeze_manifest.json,1114308,400afce02da4aacb048a9851d3a1ec0416f94137336aeb7dc36f89f4ec698a8f,EXISTING_PROVENANCE_SOURCE,Stage06,FROZEN_OR_HASHED,Index entry only; the referenced existing manifest remains the source of truth.
MANIFEST-0124,stage_06_Optimizer_Update_Dynamics_Training/09_manifests/stage06c_run_inventory_manifest.json,stage06c_run_inventory_manifest.json,12428,374bcf21d0ee24795d3870679fb4e213c1b4b1f92858f6ae265a9f368b4e6b33,EXISTING_PROVENANCE_SOURCE,Stage06,SEE_SOURCE_MANIFEST,Index entry only; the referenced existing manifest remains the source of truth.
MANIFEST-0125,stage_06_Optimizer_Update_Dynamics_Training/09_manifests/stage06b_protocol_manifest.json,stage06b_protocol_manifest.json,455,9626a878e03ab91932157f283878b67f9ada79594d7e3141c8d88a05972fc8f4,EXISTING_PROVENANCE_SOURCE,Stage06,SEE_SOURCE_MANIFEST,Index entry only; the referenced existing manifest remains the source of truth.
MANIFEST-0126,stage_06_Optimizer_Update_Dynamics_Training/09_manifests/stage06a_update_manifest.json,stage06a_update_manifest.json,3334,304a6ac5d75f1b85baeb9c3440668de1cb8ceef71d7c2211060f4b639659fb50,EXISTING_PROVENANCE_SOURCE,Stage06,SEE_SOURCE_MANIFEST,Index entry only; the referenced existing manifest remains the source of truth.
MANIFEST-0127,stage_06_Optimizer_Update_Dynamics_Training/09_manifests/stage06c_metrics_manifest.json,stage06c_metrics_manifest.json,24442,bb435ed1ab25327d0be0839b3a1998b38cbd58c3cb3fa918425e545155e7e1af,EXISTING_PROVENANCE_SOURCE,Stage06,SEE_SOURCE_MANIFEST,Index entry only; the referenced existing manifest remains the source of truth.
MANIFEST-0128,stage_06_Optimizer_Update_Dynamics_Training/09_manifests/stage06a_final_manifest.json,stage06a_final_manifest.json,81515,c7e15ed4fc3a285e50a7ffc687d506807a66d25324bb1c9d90323cc849707219,EXISTING_PROVENANCE_SOURCE,Stage06,SEE_SOURCE_MANIFEST,Index entry only; the referenced existing manifest remains the source of truth.
MANIFEST-0129,stage_06_Optimizer_Update_Dynamics_Training/09_manifests/stage06c_input_freeze_manifest.json,stage06c_input_freeze_manifest.json,4053,9828d2ffdc4020faa36d289a7b90e59635968e3981ef6dca8040b3fb77dcfdc3,EXISTING_PROVENANCE_SOURCE,Stage06,FROZEN_OR_HASHED,Index entry only; the referenced existing manifest remains the source of truth.
MANIFEST-0130,stage_06_Optimizer_Update_Dynamics_Training/09_manifests/stage06c_final_manifest.json,stage06c_final_manifest.json,4373,b3e6bad8e7cd9e11ef95ff502e18bd458b0bbf7488a479a09936e792db4474d4,EXISTING_PROVENANCE_SOURCE,Stage06,SEE_SOURCE_MANIFEST,Index entry only; the referenced existing manifest remains the source of truth.
MANIFEST-0131,stage_06_Optimizer_Update_Dynamics_Training/09_manifests/stage06b_final_manifest.json,stage06b_final_manifest.json,166767,ca97bd1639d90c57f06b64e17934751276ab0537210a10a6949f5149aa5466fd,EXISTING_PROVENANCE_SOURCE,Stage06,SEE_SOURCE_MANIFEST,Index entry only; the referenced existing manifest remains the source of truth.
MANIFEST-0132,stage_06_Optimizer_Update_Dynamics_Training/09_manifests/stage06a_optimizer_manifest.json,stage06a_optimizer_manifest.json,363,a688df14167832e2ea55a6177124fac88f5c067f128e7a553230cc57fcc4f968,EXISTING_PROVENANCE_SOURCE,Stage06,SEE_SOURCE_MANIFEST,Index entry only; the referenced existing manifest remains the source of truth.
MANIFEST-0133,stage_06_Optimizer_Update_Dynamics_Training/09_manifests/stage06c_checkpoint_manifest.json,stage06c_checkpoint_manifest.json,151882,e806070f05c31ffb9f0f5a865a1937812581f11c588815e4118899f8221b0d52,EXISTING_PROVENANCE_SOURCE,Stage06,SEE_SOURCE_MANIFEST,Index entry only; the referenced existing manifest remains the source of truth.
MANIFEST-0134,stage_06_Optimizer_Update_Dynamics_Training/09_manifests/stage06cr_attribution_manifest.json,stage06cr_attribution_manifest.json,3969,53289bd889738a74f7e22c81c5b4b89fc637de7e61f93d935daadbcb8627bbd9,EXISTING_PROVENANCE_SOURCE,Stage06,SEE_SOURCE_MANIFEST,Index entry only; the referenced existing manifest remains the source of truth.
MANIFEST-0135,stage_06_Optimizer_Update_Dynamics_Training/09_manifests/stage06c_execution_manifest.json,stage06c_execution_manifest.json,67347,760d37fa409002a90419378b2c016f415e0a98a70d7fc2bb66a56e5ec64eeaf1,EXISTING_PROVENANCE_SOURCE,Stage06,SEE_SOURCE_MANIFEST,Index entry only; the referenced existing manifest remains the source of truth.
MANIFEST-0136,stage_06_Optimizer_Update_Dynamics_Training/09_manifests/stage06c_selected_checkpoint_manifest.json,stage06c_selected_checkpoint_manifest.json,3934,dc0653834ed04ae1fe7ba00294b4f5b2b095e09ebd92beba0cae894b8bb29984,EXISTING_PROVENANCE_SOURCE,Stage06,SEE_SOURCE_MANIFEST,Index entry only; the referenced existing manifest remains the source of truth.
MANIFEST-0137,stage_06_Optimizer_Update_Dynamics_Training/09_manifests/stage06b_validation_manifest.json,stage06b_validation_manifest.json,124632,65d3228975bcd34d4271433db1a26e9e8cf52acfb3e6b9b67ad649110e6a96ca,EXISTING_PROVENANCE_SOURCE,Stage06,SEE_SOURCE_MANIFEST,Index entry only; the referenced existing manifest remains the source of truth.
MANIFEST-0138,stage_06_Optimizer_Update_Dynamics_Training/09_manifests/stage06cr_checkpoint_inventory_manifest.json,stage06cr_checkpoint_inventory_manifest.json,354,731a73124cb70c7925cd6cf7205c7d1fc55e9b3000288e69d3f2ba55132eecfc,EXISTING_PROVENANCE_SOURCE,Stage06,SEE_SOURCE_MANIFEST,Index entry only; the referenced existing manifest remains the source of truth.
MANIFEST-0139,stage_06_Optimizer_Update_Dynamics_Training/09_manifests/stage06cr_final_manifest.json,stage06cr_final_manifest.json,21325,4b029d27802414428015957a4b31d075276787c6ddbd248f17b293e57ae1d936,EXISTING_PROVENANCE_SOURCE,Stage06,SEE_SOURCE_MANIFEST,Index entry only; the referenced existing manifest remains the source of truth.
MANIFEST-0140,stage_06_Optimizer_Update_Dynamics_Training/09_manifests/stage06b_input_freeze_manifest.json,stage06b_input_freeze_manifest.json,23676,0643d32325fa22d779f442e6b0ea847ea6e1d864ec431786733e257c6307150f,EXISTING_PROVENANCE_SOURCE,Stage06,FROZEN_OR_HASHED,Index entry only; the referenced existing manifest remains the source of truth.
MANIFEST-0141,stage_06_Optimizer_Update_Dynamics_Training/01_update_map_qualification/blind_batches/cached_blind_batch_manifest.json,cached_blind_batch_manifest.json,47597,2e73f1dc9916cddeeccfe1cdae464fecb4ce41fcb4626eafe01e23716fd1178b,EXISTING_PROVENANCE_SOURCE,Stage06,SEE_SOURCE_MANIFEST,Index entry only; the referenced existing manifest remains the source of truth.
MANIFEST-0142,stage_06_Optimizer_Update_Dynamics_Training/03_formal_training/stage06cr/manifests/stage06cr_diagnostic_manifest.json,stage06cr_diagnostic_manifest.json,609,3e8c47d1960ff646582b44d4aebead7a1c9f2b5effa6f866bfb7913d2b8720fc,EXISTING_PROVENANCE_SOURCE,Stage06,SEE_SOURCE_MANIFEST,Index entry only; the referenced existing manifest remains the source of truth.
MANIFEST-0143,stage_06_Optimizer_Update_Dynamics_Training/03_formal_training/stage06cr/manifests/stage06cr_input_freeze_manifest.json,stage06cr_input_freeze_manifest.json,166013,5ada0e3fb01382f0b4bb5a3b3753e5c915acf9e1d9df772985ede5b294037cda,EXISTING_PROVENANCE_SOURCE,Stage06,FROZEN_OR_HASHED,Index entry only; the referenced existing manifest remains the source of truth.
MANIFEST-0144,stage_06_Optimizer_Update_Dynamics_Training/03_formal_training/stage06cr/manifests/stage06cr_attribution_manifest.json,stage06cr_attribution_manifest.json,3969,53289bd889738a74f7e22c81c5b4b89fc637de7e61f93d935daadbcb8627bbd9,EXISTING_PROVENANCE_SOURCE,Stage06,SEE_SOURCE_MANIFEST,Index entry only; the referenced existing manifest remains the source of truth.
MANIFEST-0145,stage_06_Optimizer_Update_Dynamics_Training/03_formal_training/stage06cr/manifests/stage06cr_checkpoint_inventory_manifest.json,stage06cr_checkpoint_inventory_manifest.json,354,731a73124cb70c7925cd6cf7205c7d1fc55e9b3000288e69d3f2ba55132eecfc,EXISTING_PROVENANCE_SOURCE,Stage06,SEE_SOURCE_MANIFEST,Index entry only; the referenced existing manifest remains the source of truth.
MANIFEST-0146,stage_06_Optimizer_Update_Dynamics_Training/03_formal_training/stage06cr/manifests/stage06cr_final_manifest.json,stage06cr_final_manifest.json,21325,4b029d27802414428015957a4b31d075276787c6ddbd248f17b293e57ae1d936,EXISTING_PROVENANCE_SOURCE,Stage06,SEE_SOURCE_MANIFEST,Index entry only; the referenced existing manifest remains the source of truth.
MANIFEST-0147,stage_06_Optimizer_Update_Dynamics_Training/03_formal_training/stage06c/resources/train_case_cache_manifest.json,train_case_cache_manifest.json,115773,459d82044158c697225604a997fe641781c648429a6ab6d44d7c870b2b66a0b3,EXISTING_PROVENANCE_SOURCE,Stage06,SEE_SOURCE_MANIFEST,Index entry only; the referenced existing manifest remains the source of truth.
MANIFEST-0148,stage_06_Optimizer_Update_Dynamics_Training/03_formal_training/stage06c/manifests/stage06c_run_inventory_manifest.json,stage06c_run_inventory_manifest.json,12428,374bcf21d0ee24795d3870679fb4e213c1b4b1f92858f6ae265a9f368b4e6b33,EXISTING_PROVENANCE_SOURCE,Stage06,SEE_SOURCE_MANIFEST,Index entry only; the referenced existing manifest remains the source of truth.
MANIFEST-0149,stage_06_Optimizer_Update_Dynamics_Training/03_formal_training/stage06c/manifests/stage06c_metrics_manifest.json,stage06c_metrics_manifest.json,24442,bb435ed1ab25327d0be0839b3a1998b38cbd58c3cb3fa918425e545155e7e1af,EXISTING_PROVENANCE_SOURCE,Stage06,SEE_SOURCE_MANIFEST,Index entry only; the referenced existing manifest remains the source of truth.
MANIFEST-0150,stage_06_Optimizer_Update_Dynamics_Training/03_formal_training/stage06c/manifests/stage06c_input_freeze_manifest.json,stage06c_input_freeze_manifest.json,4053,9828d2ffdc4020faa36d289a7b90e59635968e3981ef6dca8040b3fb77dcfdc3,EXISTING_PROVENANCE_SOURCE,Stage06,FROZEN_OR_HASHED,Index entry only; the referenced existing manifest remains the source of truth.
MANIFEST-0151,stage_06_Optimizer_Update_Dynamics_Training/03_formal_training/stage06c/manifests/stage06c_final_manifest.json,stage06c_final_manifest.json,4373,b3e6bad8e7cd9e11ef95ff502e18bd458b0bbf7488a479a09936e792db4474d4,EXISTING_PROVENANCE_SOURCE,Stage06,SEE_SOURCE_MANIFEST,Index entry only; the referenced existing manifest remains the source of truth.
MANIFEST-0152,stage_06_Optimizer_Update_Dynamics_Training/03_formal_training/stage06c/manifests/stage06c_checkpoint_manifest.json,stage06c_checkpoint_manifest.json,151882,e806070f05c31ffb9f0f5a865a1937812581f11c588815e4118899f8221b0d52,EXISTING_PROVENANCE_SOURCE,Stage06,SEE_SOURCE_MANIFEST,Index entry only; the referenced existing manifest remains the source of truth.
MANIFEST-0153,stage_06_Optimizer_Update_Dynamics_Training/03_formal_training/stage06c/manifests/stage06c_execution_manifest.json,stage06c_execution_manifest.json,67347,760d37fa409002a90419378b2c016f415e0a98a70d7fc2bb66a56e5ec64eeaf1,EXISTING_PROVENANCE_SOURCE,Stage06,SEE_SOURCE_MANIFEST,Index entry only; the referenced existing manifest remains the source of truth.
MANIFEST-0154,stage_06_Optimizer_Update_Dynamics_Training/03_formal_training/stage06c/manifests/stage06c_selected_checkpoint_manifest.json,stage06c_selected_checkpoint_manifest.json,3934,dc0653834ed04ae1fe7ba00294b4f5b2b095e09ebd92beba0cae894b8bb29984,EXISTING_PROVENANCE_SOURCE,Stage06,SEE_SOURCE_MANIFEST,Index entry only; the referenced existing manifest remains the source of truth.
MANIFEST-0155,stage_05_Scale_Aware_Discrete_Defect_Training/09_manifests/stage05b_input_freeze_manifest.json,stage05b_input_freeze_manifest.json,5680,8f52cde0569ec6c697c60ffe7f182b064e61a97648f970ea6f725a9d203a3b46,EXISTING_PROVENANCE_SOURCE,Stage05,FROZEN_OR_HASHED,Index entry only; the referenced existing manifest remains the source of truth.
MANIFEST-0156,stage_05_Scale_Aware_Discrete_Defect_Training/09_manifests/stage05cq_local_descent_manifest.json,stage05cq_local_descent_manifest.json,3004,051440feed361fee62cc932ebb21569bbde1b8b1ce33f90be5d0590efdc7d61c,EXISTING_PROVENANCE_SOURCE,Stage05,SEE_SOURCE_MANIFEST,Index entry only; the referenced existing manifest remains the source of truth.
MANIFEST-0157,stage_05_Scale_Aware_Discrete_Defect_Training/09_manifests/stage05b_target_manifest.json,stage05b_target_manifest.json,254671,834521190405954809f12fb1f9678c0465a7012c2ef2689f40a60ecf2fb03126,EXISTING_PROVENANCE_SOURCE,Stage05,SEE_SOURCE_MANIFEST,Index entry only; the referenced existing manifest remains the source of truth.
MANIFEST-0158,stage_05_Scale_Aware_Discrete_Defect_Training/09_manifests/stage05cq_origin_manifest.json,stage05cq_origin_manifest.json,398,162d209cb5b9ea0c0ea0369c7778b900d1e7e912efa368425966b7ab005b6f62,EXISTING_PROVENANCE_SOURCE,Stage05,SEE_SOURCE_MANIFEST,Index entry only; the referenced existing manifest remains the source of truth.
MANIFEST-0159,stage_05_Scale_Aware_Discrete_Defect_Training/09_manifests/stage05c_contract_manifest.json,stage05c_contract_manifest.json,424,6c1db6a7d39b4c3a9117bf65297059f147d1d81705672795eff29b7c9ceef712,EXISTING_PROVENANCE_SOURCE,Stage05,SEE_SOURCE_MANIFEST,Index entry only; the referenced existing manifest remains the source of truth.
MANIFEST-0160,stage_05_Scale_Aware_Discrete_Defect_Training/09_manifests/stage05b_contract_manifest.json,stage05b_contract_manifest.json,697,0477a9b707fb16349d896085b728fd35db0df53d2fd1b736860c43c27d9d3ba9,EXISTING_PROVENANCE_SOURCE,Stage05,SEE_SOURCE_MANIFEST,Index entry only; the referenced existing manifest remains the source of truth.
MANIFEST-0161,stage_05_Scale_Aware_Discrete_Defect_Training/09_manifests/stage05cq_final_manifest.json,stage05cq_final_manifest.json,48901,4b47d362b453202a38d5145aaf7749debfb988cffcbf1595b5e218e9f5c3e619,EXISTING_PROVENANCE_SOURCE,Stage05,SEE_SOURCE_MANIFEST,Index entry only; the referenced existing manifest remains the source of truth.
MANIFEST-0162,stage_05_Scale_Aware_Discrete_Defect_Training/09_manifests/stage05c_local_descent_manifest.json,stage05c_local_descent_manifest.json,279,34d39eff46f04cea02ae311aaee735cc86ef5291c668b7b86ee93d4ab11cab0a,EXISTING_PROVENANCE_SOURCE,Stage05,SEE_SOURCE_MANIFEST,Index entry only; the referenced existing manifest remains the source of truth.
MANIFEST-0163,stage_05_Scale_Aware_Discrete_Defect_Training/09_manifests/stage05b_defect_manifest.json,stage05b_defect_manifest.json,5102,9d582ca5788f8f8a8a9b8b1edf0681f9341b8854a0b1bb17d2193e9e59bd2523,EXISTING_PROVENANCE_SOURCE,Stage05,SEE_SOURCE_MANIFEST,Index entry only; the referenced existing manifest remains the source of truth.
MANIFEST-0164,stage_05_Scale_Aware_Discrete_Defect_Training/09_manifests/stage05c_input_freeze_manifest.json,stage05c_input_freeze_manifest.json,5643,c28531aa72647346e2110778d1a39fb357f7e4698484700b7a132f8ec750b424,EXISTING_PROVENANCE_SOURCE,Stage05,FROZEN_OR_HASHED,Index entry only; the referenced existing manifest remains the source of truth.
MANIFEST-0165,stage_05_Scale_Aware_Discrete_Defect_Training/09_manifests/stage05b_final_manifest.json,stage05b_final_manifest.json,2760,f3ad68457eee7341c88160a544e7d57dec757e7eed7ce36ff08d0e50c26eb0d0,EXISTING_PROVENANCE_SOURCE,Stage05,SEE_SOURCE_MANIFEST,Index entry only; the referenced existing manifest remains the source of truth.
MANIFEST-0166,stage_05_Scale_Aware_Discrete_Defect_Training/09_manifests/stage05c_final_manifest.json,stage05c_final_manifest.json,47031,d4f1eb706d7491eb56bb5298837ff9026b279bc44d95e1868b9823e1f8e60882,EXISTING_PROVENANCE_SOURCE,Stage05,SEE_SOURCE_MANIFEST,Index entry only; the referenced existing manifest remains the source of truth.
MANIFEST-0167,stage_05_Scale_Aware_Discrete_Defect_Training/09_manifests/stage05a_contract_manifest.json,stage05a_contract_manifest.json,4885,d9eb3c76c4367eae0483620a7464c298082333ff7330404d5e9821b1e87067e7,EXISTING_PROVENANCE_SOURCE,Stage05,SEE_SOURCE_MANIFEST,Index entry only; the referenced existing manifest remains the source of truth.
MANIFEST-0168,stage_05_Scale_Aware_Discrete_Defect_Training/09_manifests/stage05cq_gradient_manifest.json,stage05cq_gradient_manifest.json,653,a1c0d2b56a43daff00f6f574725df620efe476ef55b573413e4273fdaafc607f,EXISTING_PROVENANCE_SOURCE,Stage05,SEE_SOURCE_MANIFEST,Index entry only; the referenced existing manifest remains the source of truth.
MANIFEST-0169,stage_05_Scale_Aware_Discrete_Defect_Training/09_manifests/stage05a_final_manifest.json,stage05a_final_manifest.json,4168,2911f69509daae2c908cec2860db45942725231efbf787061d9cad345b1f6939,EXISTING_PROVENANCE_SOURCE,Stage05,SEE_SOURCE_MANIFEST,Index entry only; the referenced existing manifest remains the source of truth.
MANIFEST-0170,stage_05_Scale_Aware_Discrete_Defect_Training/09_manifests/stage05a_input_freeze_manifest.json,stage05a_input_freeze_manifest.json,3172,05529e14f8a5c682b310e5f7828de685ad0a205bca5272b0d49841ab0961e5b1,EXISTING_PROVENANCE_SOURCE,Stage05,FROZEN_OR_HASHED,Index entry only; the referenced existing manifest remains the source of truth.
MANIFEST-0171,stage_05_Scale_Aware_Discrete_Defect_Training/09_manifests/stage05c_gradient_manifest.json,stage05c_gradient_manifest.json,2384,b1e1489530585eb607e4d25a6da2fb7e3b1b324e191195cac20b9552ecd3521d,EXISTING_PROVENANCE_SOURCE,Stage05,SEE_SOURCE_MANIFEST,Index entry only; the referenced existing manifest remains the source of truth.
MANIFEST-0172,stage_05_Scale_Aware_Discrete_Defect_Training/09_manifests/stage05b_scale_manifest.json,stage05b_scale_manifest.json,1872,67fa876308d81e65f39fd90d08e0a4586ccca1e72466cebf114aa582148a3437,EXISTING_PROVENANCE_SOURCE,Stage05,SEE_SOURCE_MANIFEST,Index entry only; the referenced existing manifest remains the source of truth.
MANIFEST-0173,stage_05_Scale_Aware_Discrete_Defect_Training/09_manifests/stage05cq_probe_manifest.json,stage05cq_probe_manifest.json,95793,75447b35c4d467d4dd1beb4fbb3cab4361ee8fcf7e9bd4d62b2c4c4424948ba9,EXISTING_PROVENANCE_SOURCE,Stage05,SEE_SOURCE_MANIFEST,Index entry only; the referenced existing manifest remains the source of truth.
MANIFEST-0174,stage_05_Scale_Aware_Discrete_Defect_Training/09_manifests/stage05c_parameter_group_manifest.json,stage05c_parameter_group_manifest.json,446,6ddf2fb6580d722aa955c11c2dfcbecf0643eb27e42e6bb480081bec746a66e5,EXISTING_PROVENANCE_SOURCE,Stage05,SEE_SOURCE_MANIFEST,Index entry only; the referenced existing manifest remains the source of truth.
MANIFEST-0175,stage_05_Scale_Aware_Discrete_Defect_Training/09_manifests/stage05b_origin_manifest.json,stage05b_origin_manifest.json,702,f88a962af7ed2e082260eb5b488951af38c67654506584d01d17e99c1b727c72,EXISTING_PROVENANCE_SOURCE,Stage05,SEE_SOURCE_MANIFEST,Index entry only; the referenced existing manifest remains the source of truth.
MANIFEST-0176,stage_05_Scale_Aware_Discrete_Defect_Training/09_manifests/stage05c_model_manifest.json,stage05c_model_manifest.json,9747,85519852e95afa72ecefd9adb93a006aa1b8f28d27818ee7007b6186eccab20c,EXISTING_PROVENANCE_SOURCE,Stage05,SEE_SOURCE_MANIFEST,Index entry only; the referenced existing manifest remains the source of truth.
MANIFEST-0177,stage_05_Scale_Aware_Discrete_Defect_Training/09_manifests/stage05cq_input_freeze_manifest.json,stage05cq_input_freeze_manifest.json,5690,64bd76974e0a38e1ae211b2ef3b9f8a5cf09f76558f427d74ae00fc5ab0583df,EXISTING_PROVENANCE_SOURCE,Stage05,FROZEN_OR_HASHED,Index entry only; the referenced existing manifest remains the source of truth.
MANIFEST-0178,stage_05_Scale_Aware_Discrete_Defect_Training/09_manifests/stage05c_batch_manifest.json,stage05c_batch_manifest.json,417,f6fc29f5f6bc430d7993b818bbe5bcc1575818eb6da2af4567bb57b7be521412,EXISTING_PROVENANCE_SOURCE,Stage05,SEE_SOURCE_MANIFEST,Index entry only; the referenced existing manifest remains the source of truth.
MANIFEST-0179,stage_05_Scale_Aware_Discrete_Defect_Training/09_manifests/stage05cq_model_manifest.json,stage05cq_model_manifest.json,9816,6df9e5e43217b0c491f7dc642757620acfb70534161016d606f619ca30bf105b,EXISTING_PROVENANCE_SOURCE,Stage05,SEE_SOURCE_MANIFEST,Index entry only; the referenced existing manifest remains the source of truth.
MANIFEST-0180,stage_05_Scale_Aware_Discrete_Defect_Training/09_manifests/stage05b_uncertainty_manifest.json,stage05b_uncertainty_manifest.json,1534,7c445c068706cd9c830e63038aae6a0035964646b11eeabe18ff1ff3b373a3b2,EXISTING_PROVENANCE_SOURCE,Stage05,SEE_SOURCE_MANIFEST,Index entry only; the referenced existing manifest remains the source of truth.
MANIFEST-0181,stage_05_Scale_Aware_Discrete_Defect_Training/09_manifests/stage05cq_contract_manifest.json,stage05cq_contract_manifest.json,429,0a0933278f423f5ea331e1fdc96cea0a3b3478b399d88173484abbb45543e4b3,EXISTING_PROVENANCE_SOURCE,Stage05,SEE_SOURCE_MANIFEST,Index entry only; the referenced existing manifest remains the source of truth.
MANIFEST-0182,stage_05_Scale_Aware_Discrete_Defect_Training/09_manifests/stage05c_probe_manifest.json,stage05c_probe_manifest.json,1776,bf823f4c14c377e48669783591ea39116000d8e952fcde0288272ecc13d139d1,EXISTING_PROVENANCE_SOURCE,Stage05,SEE_SOURCE_MANIFEST,Index entry only; the referenced existing manifest remains the source of truth.
MANIFEST-0183,stage_05_Scale_Aware_Discrete_Defect_Training/02_optimizer_gradient_qualification/stage05cr/manifests/stage05cr_matched_control_manifest.json,stage05cr_matched_control_manifest.json,3049,5a6802c4c4c9aecf7354e85cd273430e628a0b3dde1b9891c06fdf187e656237,EXISTING_PROVENANCE_SOURCE,Stage05,SEE_SOURCE_MANIFEST,Index entry only; the referenced existing manifest remains the source of truth.
MANIFEST-0184,stage_05_Scale_Aware_Discrete_Defect_Training/02_optimizer_gradient_qualification/stage05cr/manifests/stage05cr_final_manifest.json,stage05cr_final_manifest.json,6186,123da7b7b0e22c076c2724b1536bc2bef8b72bced3d3e985921f7054c26f8335,EXISTING_PROVENANCE_SOURCE,Stage05,SEE_SOURCE_MANIFEST,Index entry only; the referenced existing manifest remains the source of truth.
MANIFEST-0185,stage_05_Scale_Aware_Discrete_Defect_Training/02_optimizer_gradient_qualification/stage05cr/manifests/stage05cr_input_freeze_manifest.json,stage05cr_input_freeze_manifest.json,3599,6ed8158947840b98923499f329ca035731643c26832cfb436ca3ef5b4c340af7,EXISTING_PROVENANCE_SOURCE,Stage05,FROZEN_OR_HASHED,Index entry only; the referenced existing manifest remains the source of truth.
MANIFEST-0186,stage_05_Scale_Aware_Discrete_Defect_Training/02_optimizer_gradient_qualification/stage05cr/manifests/stage05cr_route_manifest.json,stage05cr_route_manifest.json,984,de9154793780ab0004422c9366625e41ef4726164324b2df878576fef93a806f,EXISTING_PROVENANCE_SOURCE,Stage05,SEE_SOURCE_MANIFEST,Index entry only; the referenced existing manifest remains the source of truth.
MANIFEST-0187,stage_05_Scale_Aware_Discrete_Defect_Training/02_optimizer_gradient_qualification/stage05cr/manifests/stage05cr_failed_probe_manifest.json,stage05cr_failed_probe_manifest.json,244070,602fb582fc61b8b2fc1cdbd9f2fd5024927ce43f66bac21f70b0f622caeda334,EXISTING_PROVENANCE_SOURCE,Stage05,SEE_SOURCE_MANIFEST,Index entry only; the referenced existing manifest remains the source of truth.
MANIFEST-0188,stage_05_Scale_Aware_Discrete_Defect_Training/02_optimizer_gradient_qualification/stage05cq/blind_origin_selection/cached_blind_batch_manifest.json,cached_blind_batch_manifest.json,25600,4ee441da8528f13a90e82827dd5a176fae88ab26f23c183a0a0ea7d5bd7b6683,EXISTING_PROVENANCE_SOURCE,Stage05,SEE_SOURCE_MANIFEST,Index entry only; the referenced existing manifest remains the source of truth.
MANIFEST-0189,stage_05_Scale_Aware_Discrete_Defect_Training/02_optimizer_gradient_qualification/stage05c/batch_selection/cached_formal_batch_manifest.json,cached_formal_batch_manifest.json,25178,c42a6f8c6fada32fb1a64de22d4afcf014cee5ed14ffd0a14d1a3a8f968095b2,EXISTING_PROVENANCE_SOURCE,Stage05,SEE_SOURCE_MANIFEST,Index entry only; the referenced existing manifest remains the source of truth.
MANIFEST-0190,stage_08_Systematic_Coverage_V3/09_manifests/stage08a_input_freeze_manifest.json,stage08a_input_freeze_manifest.json,3115707,7ab3442cc48e670eb7dbf6a4556099cd29891edcc90b735bb02369f8f1287dcf,EXISTING_PROVENANCE_SOURCE,Stage08,FROZEN_OR_HASHED,Index entry only; the referenced existing manifest remains the source of truth.
MANIFEST-0191,stage_08_Systematic_Coverage_V3/09_manifests/stage08a_validation_seal_manifest.json,stage08a_validation_seal_manifest.json,35569,05934c321d6c98c35dfd828d4f787773a1288196584f19f6461860d059d067e1,EXISTING_PROVENANCE_SOURCE,Stage08,SEE_SOURCE_MANIFEST,Index entry only; the referenced existing manifest remains the source of truth.
MANIFEST-0192,stage_08_Systematic_Coverage_V3/09_manifests/stage08a_role_manifest.json,stage08a_role_manifest.json,840,0add6bbc87e940869de19c658443d0d74489106a7b1590aa6e099503eeac568b,EXISTING_PROVENANCE_SOURCE,Stage08,SEE_SOURCE_MANIFEST,Index entry only; the referenced existing manifest remains the source of truth.
MANIFEST-0193,stage_08_Systematic_Coverage_V3/09_manifests/stage08a_final_manifest.json,stage08a_final_manifest.json,5079,a036f4aad748cbe9b352531ee6ab21f4fc41fa99f6161a2ad4669c621a58ab10,EXISTING_PROVENANCE_SOURCE,Stage08,SEE_SOURCE_MANIFEST,Index entry only; the referenced existing manifest remains the source of truth.
MANIFEST-0194,06_experiments/stage_01f5q_space_horizon_amendment/manifests/stage01f5q_parameter_sha256_manifest.csv,stage01f5q_parameter_sha256_manifest.csv,884,b4fce4564724b2aaeb647340385acfdadc7e700d0045c31758d137d8f3d90b7e,EXISTING_PROVENANCE_SOURCE,Stage01,FROZEN_OR_HASHED,Index entry only; the referenced existing manifest remains the source of truth.
MANIFEST-0195,06_experiments/stage_01f5q_space_horizon_amendment/manifests/stage01f5p_frozen_sha256_manifest.csv,stage01f5p_frozen_sha256_manifest.csv,1243,91afb4a920cbdba40d5b42a67e8782ae80049eb6aa24a499bb9bc6684c41ebb3,EXISTING_PROVENANCE_SOURCE,Stage01,FROZEN_OR_HASHED,Index entry only; the referenced existing manifest remains the source of truth.
MANIFEST-0196,06_experiments/stage_01g_execution_preflight_v2/manifests/stage01gv2_identity_sha256.csv,stage01gv2_identity_sha256.csv,2854,260cceb2688c2e294c8ea71549d5c99f457c4a4dcbd4a956353cc50546686f91,EXISTING_PROVENANCE_SOURCE,Stage01,FROZEN_OR_HASHED,Index entry only; the referenced existing manifest remains the source of truth.
MANIFEST-0197,06_experiments/stage_01f3r_reference_qualification/configs/stage01f3_frozen_sha256_manifest.csv,stage01f3_frozen_sha256_manifest.csv,1570,302f82ce9fbb809d674bcdb8ff546578947696856243a6aa48ba5d4a49ebcb96,EXISTING_PROVENANCE_SOURCE,Stage01,FROZEN_OR_HASHED,Index entry only; the referenced existing manifest remains the source of truth.
MANIFEST-0198,06_experiments/stage_01ge_evaluator_qualification/manifests/stage01ge_dependency_manifest.csv,stage01ge_dependency_manifest.csv,735,ae1f14a526fdb648e7e612afa6f916a695061db174ef48faad244fc6cc772776,EXISTING_PROVENANCE_SOURCE,Stage01,SEE_SOURCE_MANIFEST,Index entry only; the referenced existing manifest remains the source of truth.
MANIFEST-0199,06_experiments/stage_01ge_evaluator_qualification/manifests/stage01ge_evaluator_sha256.csv,stage01ge_evaluator_sha256.csv,1436,5ec25f2b6e916d3fe7e249ba4a4dd674b5fe0e808e044941a2ede9cac9df074a,EXISTING_PROVENANCE_SOURCE,Stage01,FROZEN_OR_HASHED,Index entry only; the referenced existing manifest remains the source of truth.
MANIFEST-0200,06_experiments/stage_01h_viscous_decay_diagnosis/results/stage01h_evidence_sha256.csv,stage01h_evidence_sha256.csv,2439,a22d3d10698678b72da06eb673b0af58a2232c2aa3121a448393c90744f2cec4,EXISTING_PROVENANCE_SOURCE,Stage01,FROZEN_OR_HASHED,Index entry only; the referenced existing manifest remains the source of truth.
MANIFEST-0201,06_experiments/stage_01h_viscous_decay_diagnosis/frozen_inputs/stage01h_input_sha256.csv,stage01h_input_sha256.csv,1808,474570e58a73cc622d17246a9f7d993b92e68ae269c8fd7f29708a4e5b274d38,EXISTING_PROVENANCE_SOURCE,Stage01,FROZEN_OR_HASHED,Index entry only; the referenced existing manifest remains the source of truth.
MANIFEST-0202,06_experiments/stage_01g_validation_design/manifests/stage01f5b_frozen_sha256.csv,stage01f5b_frozen_sha256.csv,1707,238a823f1a96b944c1558306ba14c0c76877fdd83b49945668373699f2c989aa,EXISTING_PROVENANCE_SOURCE,Stage01,FROZEN_OR_HASHED,Index entry only; the referenced existing manifest remains the source of truth.
MANIFEST-0203,06_experiments/stage_01g_validation_design/manifests/stage01g_design_sha256_manifest.csv,stage01g_design_sha256_manifest.csv,2894,bf1e0df2e8489ab9db5a15a990edb2cb90b90a84207a0f13a49e157581ed0df5,EXISTING_PROVENANCE_SOURCE,Stage01,FROZEN_OR_HASHED,Index entry only; the referenced existing manifest remains the source of truth.
MANIFEST-0204,06_experiments/stage_01g_validation_execution/manifests/stage01g_execution_evidence_sha256_reapplication_01.csv,stage01g_execution_evidence_sha256_reapplication_01.csv,23866,036b64a0cc329a0d89295546b00241499419d211dbf59cc80f66e017e6a82eca,EXISTING_PROVENANCE_SOURCE,Stage01,FROZEN_OR_HASHED,Index entry only; the referenced existing manifest remains the source of truth.
MANIFEST-0205,06_experiments/stage_01g_validation_execution/manifests/stage01g_execution_evidence_sha256.csv,stage01g_execution_evidence_sha256.csv,6546,a6c431ded237f7680a24974888f970dbaee36f3b1e68cfd380200e9243c996d2,EXISTING_PROVENANCE_SOURCE,Stage01,FROZEN_OR_HASHED,Index entry only; the referenced existing manifest remains the source of truth.
MANIFEST-0206,06_experiments/stage_01g_validation_execution/manifests/stage01g_preflight_evidence_sha256.csv,stage01g_preflight_evidence_sha256.csv,1761,1bcfbc774a5e311ec1a853311a78bace410cffb09c91e3dabd8708dc60bf8337,EXISTING_PROVENANCE_SOURCE,Stage01,FROZEN_OR_HASHED,Index entry only; the referenced existing manifest remains the source of truth.
MANIFEST-0207,06_experiments/stage_01g_validation_execution/manifests/stage01g_execution_code_sha256.csv,stage01g_execution_code_sha256.csv,513,4adc1c5222125c5485ba5cf7a776ce1143f55b854f9d54e10de38f90efa38571,EXISTING_PROVENANCE_SOURCE,Stage01,FROZEN_OR_HASHED,Index entry only; the referenced existing manifest remains the source of truth.
MANIFEST-0208,06_experiments/stage_01g_validation_execution/manifests/stage01g_execution_code_sha256_retry1.csv,stage01g_execution_code_sha256_retry1.csv,582,ba3aba1feade3f11e43e57d869d2472774972ebda790eba5be36a07a5a3f70c2,EXISTING_PROVENANCE_SOURCE,Stage01,FROZEN_OR_HASHED,Index entry only; the referenced existing manifest remains the source of truth.
MANIFEST-0209,06_experiments/stage_01g_validation_execution/manifests/stage01g_execution_code_sha256_retry2.csv,stage01g_execution_code_sha256_retry2.csv,582,7b239ade903d46df4585514301cfe381b122e7bbf642e083405782bf96902d55,EXISTING_PROVENANCE_SOURCE,Stage01,FROZEN_OR_HASHED,Index entry only; the referenced existing manifest remains the source of truth.
MANIFEST-0210,06_experiments/stage_01f3c_ct2_adjudication/configs/stage01f3b_frozen_sha256_manifest.csv,stage01f3b_frozen_sha256_manifest.csv,2778,f61a2dd9fda521490248905451a439dcab7631229b8dccb9d2bacd3dbb3478c2,EXISTING_PROVENANCE_SOURCE,Stage01,FROZEN_OR_HASHED,Index entry only; the referenced existing manifest remains the source of truth.
MANIFEST-0211,06_experiments/stage_01f5b_requalification_execution/manifests/stage01f5b_final_evidence_sha256_attempt1.csv,stage01f5b_final_evidence_sha256_attempt1.csv,56503,7794fc82896fd051bcbe9920a2a6ec6c2cd2771e6135d3f710ebd1b357ba041c,EXISTING_PROVENANCE_SOURCE,Stage01,FROZEN_OR_HASHED,Index entry only; the referenced existing manifest remains the source of truth.
MANIFEST-0212,06_experiments/stage_01f5b_requalification_execution/manifests/stage01f5q_frozen_sha256_manifest.csv,stage01f5q_frozen_sha256_manifest.csv,1561,9002f88f9c8d0c9e2cdd6d2ba481ad2da0a0729f52e88331a8401854bef58b63,EXISTING_PROVENANCE_SOURCE,Stage01,FROZEN_OR_HASHED,Index entry only; the referenced existing manifest remains the source of truth.
MANIFEST-0213,06_experiments/stage_01f5b_requalification_execution/manifests/preexecution_artifact_manifest.csv,preexecution_artifact_manifest.csv,1037,b917fc7172823424ec159db6d16d302e5e7367835a969e632b6a731ff2c5049c,EXISTING_PROVENANCE_SOURCE,Stage01,SEE_SOURCE_MANIFEST,Index entry only; the referenced existing manifest remains the source of truth.
MANIFEST-0214,06_experiments/stage_01f5b_requalification_execution/manifests/stage01f5b_final_evidence_sha256.csv,stage01f5b_final_evidence_sha256.csv,56532,3abe243ad5db0e0b9327f39bf4cd4060a9661ad4e9598e463c4035e5d5f3996d,EXISTING_PROVENANCE_SOURCE,Stage01,FROZEN_OR_HASHED,Index entry only; the referenced existing manifest remains the source of truth.
MANIFEST-0215,06_experiments/stage_01f5p_branch_completeness/manifests/stage01f5_frozen_sha256_manifest.csv,stage01f5_frozen_sha256_manifest.csv,1303,afc3596f9ef2237304f462d6059cad7e350d4e4b6a1ae5afae06034f9cc31e5b,EXISTING_PROVENANCE_SOURCE,Stage01,FROZEN_OR_HASHED,Index entry only; the referenced existing manifest remains the source of truth.
MANIFEST-0216,06_experiments/stage_01f5p_branch_completeness/manifests/stage01f5p_amendment_manifest.json,stage01f5p_amendment_manifest.json,14997,8401b3be68ec39e599e14906324658dfe6884ca917104a21f818c9e75905e9ca,EXISTING_PROVENANCE_SOURCE,Stage01,SEE_SOURCE_MANIFEST,Index entry only; the referenced existing manifest remains the source of truth.
MANIFEST-0217,06_experiments/stage_01f_mms_design/configs/stage01e_frozen_sha256_manifest.csv,stage01e_frozen_sha256_manifest.csv,1569,f6e2c87cdd73cab1b39796a63e04d8938896f0b068b526980fae899167c6ce7c,EXISTING_PROVENANCE_SOURCE,Stage01,FROZEN_OR_HASHED,Index entry only; the referenced existing manifest remains the source of truth.
MANIFEST-0218,06_experiments/stage_01e_error_decomposition/configs/stage01d2_frozen_sha256_manifest.csv,stage01d2_frozen_sha256_manifest.csv,2037,05ded2eae51157debd69037d60f7240a08e4a70f8e4200f19564cba000477b77,EXISTING_PROVENANCE_SOURCE,Stage01,FROZEN_OR_HASHED,Index entry only; the referenced existing manifest remains the source of truth.
MANIFEST-0219,06_experiments/stage_01d_fixed_physics_tgv/results/stage01c_sha256_manifest.csv,stage01c_sha256_manifest.csv,10979,46a66c51863c10eb07db1c57401ee8008a5335e20cd54bf132cb5d9337bcdcc2,EXISTING_PROVENANCE_SOURCE,Stage01,FROZEN_OR_HASHED,Index entry only; the referenced existing manifest remains the source of truth.
MANIFEST-0220,06_experiments/stage_01f3b_mms_convergence/configs/stage01f3r_frozen_sha256_manifest.csv,stage01f3r_frozen_sha256_manifest.csv,2316,f26cb7e20c23a0101189f0e31f95fc1bbfe1d9b06f016d9c7869974448737cf9,EXISTING_PROVENANCE_SOURCE,Stage01,FROZEN_OR_HASHED,Index entry only; the referenced existing manifest remains the source of truth.
MANIFEST-0221,06_experiments/stage_01gr_execution_infrastructure_repair/manifests/stage01gr_repair_code_sha256.csv,stage01gr_repair_code_sha256.csv,940,90949a4c0c58e560efdfe949eea54e92e9712009f8347acd850d22c74c1e0ca8,EXISTING_PROVENANCE_SOURCE,Stage01,FROZEN_OR_HASHED,Index entry only; the referenced existing manifest remains the source of truth.
MANIFEST-0222,06_experiments/stage_01gr_execution_infrastructure_repair/manifests/stage01gr_evidence_sha256.csv,stage01gr_evidence_sha256.csv,4757,3f9791cc761e380fb5ad2bf3f0e0de3e06e4c4f64e7fc3f5969f782391f5d350,EXISTING_PROVENANCE_SOURCE,Stage01,FROZEN_OR_HASHED,Index entry only; the referenced existing manifest remains the source of truth.
MANIFEST-0223,06_experiments/stage_01gr_execution_infrastructure_repair/manifests/stage01gr_failure_evidence_sha256.csv,stage01gr_failure_evidence_sha256.csv,3584,0961d1f2b6e587874b32268eeb992c980037846e0def644b1f8f644b31a2a2d9,EXISTING_PROVENANCE_SOURCE,Stage01,FROZEN_OR_HASHED,Index entry only; the referenced existing manifest remains the source of truth.
MANIFEST-0224,06_experiments/stage_01f2_mms_implementation/configs/stage01f_frozen_sha256_manifest.csv,stage01f_frozen_sha256_manifest.csv,1241,215e7818b831b5b3ef8bb0c1d7339b6f4ae10e3b54f4600a755b361ee4501526,EXISTING_PROVENANCE_SOURCE,Stage01,FROZEN_OR_HASHED,Index entry only; the referenced existing manifest remains the source of truth.
MANIFEST-0225,06_experiments/stage_01gp_preexecution_audit/manifests/stage01gp_audit_sha256_manifest.csv,stage01gp_audit_sha256_manifest.csv,3253,27a9eb2f87e0d58a329a692a00b9ea5bba357cbff5537eb5b008d91a0e979727,EXISTING_PROVENANCE_SOURCE,Stage01,FROZEN_OR_HASHED,Index entry only; the referenced existing manifest remains the source of truth.
MANIFEST-0226,06_experiments/stage_01gp_preexecution_audit/manifests/stage01g_frozen_sha256_manifest.csv,stage01g_frozen_sha256_manifest.csv,1263,8309dad32ae326663d7d18f142cb070060d922beb799f99fcf0f3d808af92a0f,EXISTING_PROVENANCE_SOURCE,Stage01,FROZEN_OR_HASHED,Index entry only; the referenced existing manifest remains the source of truth.
MANIFEST-0227,06_experiments/stage_01d2_v2_requalification/configs/stage01dp_frozen_sha256_manifest.csv,stage01dp_frozen_sha256_manifest.csv,3147,21f1e74a77cba6720e52e3c95dd4f85a7160d6ac08a4785dae94e09bb9fe21e8,EXISTING_PROVENANCE_SOURCE,Stage01,FROZEN_OR_HASHED,Index entry only; the referenced existing manifest remains the source of truth.
MANIFEST-0228,06_experiments/stage_01f5_requalification_design/manifests/stage01f4_frozen_sha256_manifest.csv,stage01f4_frozen_sha256_manifest.csv,999,aad851331d6067048e507d9a086b7926f88d78fe57eed71119deb8444b82efde,EXISTING_PROVENANCE_SOURCE,Stage01,FROZEN_OR_HASHED,Index entry only; the referenced existing manifest remains the source of truth.
MANIFEST-0229,06_experiments/stage_01f5_requalification_design/manifests/stage01f5_design_sha256_manifest.csv,stage01f5_design_sha256_manifest.csv,352,85c15da6b7a188e6e217795f4885affa6bd62f4a79981ef111792e80f7da5cf0,EXISTING_PROVENANCE_SOURCE,Stage01,FROZEN_OR_HASHED,Index entry only; the referenced existing manifest remains the source of truth.
MANIFEST-0230,06_experiments/stage_01dr_memory_diagnosis/results/stage01d_frozen_sha256_manifest.csv,stage01d_frozen_sha256_manifest.csv,2394,049fb50ad20f228036ba57b9022828b86e016da4be11e19e0aebfa1db9641a23,EXISTING_PROVENANCE_SOURCE,Stage01,FROZEN_OR_HASHED,Index entry only; the referenced existing manifest remains the source of truth.
MANIFEST-0231,06_experiments/stage_01f4_protocol_adjudication/configs/stage01f3c_frozen_sha256_manifest.csv,stage01f3c_frozen_sha256_manifest.csv,2606,f4a00eb41364b292768bd7c200381132a2cd498fabd6ee8ed81eef34458cb186,EXISTING_PROVENANCE_SOURCE,Stage01,FROZEN_OR_HASHED,Index entry only; the referenced existing manifest remains the source of truth.
MANIFEST-0232,06_experiments/stage_01f3_mms_convergence/configs/stage01f2_frozen_sha256_manifest.csv,stage01f2_frozen_sha256_manifest.csv,4114,1bc93f0edea02060e220433d1f13c851aa9aab5f652ff5802fdd2e817fcb5bdf,EXISTING_PROVENANCE_SOURCE,Stage01,FROZEN_OR_HASHED,Index entry only; the referenced existing manifest remains the source of truth.
MANIFEST-0233,stage_07_Heterogeneous_Development_Pool/04_training_protocol/stage07c/train_v2_batch_schedule/train_case_cache_manifest.json,train_case_cache_manifest.json,415825,b21288ed53e5cd049339d2beb7f0cef426989379362005322dbe9efbbdcb9d09,EXISTING_PROVENANCE_SOURCE,Stage07,SEE_SOURCE_MANIFEST,Index entry only; the referenced existing manifest remains the source of truth.
MANIFEST-0234,stage_07_Heterogeneous_Development_Pool/04_training_protocol/stage07c/validation_target_construction/validation_case_cache_manifest.json,validation_case_cache_manifest.json,121287,68bff91a26041a9c729ff7dd282780b200bf3f70042a3e21e499befcb1609aba,EXISTING_PROVENANCE_SOURCE,Stage07,SEE_SOURCE_MANIFEST,Index entry only; the referenced existing manifest remains the source of truth.
MANIFEST-0235,stage_07_Heterogeneous_Development_Pool/04_training_protocol/stage07c/fresh_validation_release/fresh_validation_release_manifest.json,fresh_validation_release_manifest.json,19026,fdad49860a1c2e37d010402e2a7e03fb53db66d5763559a8cf2f2029c950639a,EXISTING_PROVENANCE_SOURCE,Stage07,SEE_SOURCE_MANIFEST,Index entry only; the referenced existing manifest remains the source of truth.
MANIFEST-0236,stage_07_Heterogeneous_Development_Pool/04_training_protocol/stage07c/manifests/stage07c_protocol_manifest.json,stage07c_protocol_manifest.json,1570,554a03e978e5edada2298cd1613ed14691e500031a4cfd0160c039b53e38c11c,EXISTING_PROVENANCE_SOURCE,Stage07,SEE_SOURCE_MANIFEST,Index entry only; the referenced existing manifest remains the source of truth.
MANIFEST-0237,stage_07_Heterogeneous_Development_Pool/04_training_protocol/stage07c/manifests/validation_target_manifest.json,validation_target_manifest.json,156522,925852d9d3738b6168ae3fd4fb36d09432cf4361a595b38666356035d77b9bf5,EXISTING_PROVENANCE_SOURCE,Stage07,SEE_SOURCE_MANIFEST,Index entry only; the referenced existing manifest remains the source of truth.
MANIFEST-0238,stage_07_Heterogeneous_Development_Pool/09_manifests/stage07d_run_inventory_manifest.json,stage07d_run_inventory_manifest.json,9938,b93f9f48e90876f52b8d8317a95ba962e01edc6d4f5da22c140aee643b54d316,EXISTING_PROVENANCE_SOURCE,Stage07,SEE_SOURCE_MANIFEST,Index entry only; the referenced existing manifest remains the source of truth.
MANIFEST-0239,stage_07_Heterogeneous_Development_Pool/09_manifests/stage07a_input_freeze_manifest.json,stage07a_input_freeze_manifest.json,1148639,b8163a6fb48f2df49edaa2b1abd8ea7dd939a29830bc042770752157091b2505,EXISTING_PROVENANCE_SOURCE,Stage07,FROZEN_OR_HASHED,Index entry only; the referenced existing manifest remains the source of truth.
MANIFEST-0240,stage_07_Heterogeneous_Development_Pool/09_manifests/stage07dr_input_freeze_manifest.json,stage07dr_input_freeze_manifest.json,11309,688b4fa4616fc6ff55a258ca1247a01e1c2faf8a222056eb940be6642a1c23a0,EXISTING_PROVENANCE_SOURCE,Stage07,FROZEN_OR_HASHED,Index entry only; the referenced existing manifest remains the source of truth.
MANIFEST-0241,stage_07_Heterogeneous_Development_Pool/09_manifests/stage07dr_checkpoint_inventory_manifest.json,stage07dr_checkpoint_inventory_manifest.json,408,f93d2fedd6392e73a40f4537bb5232b7ddb94830d37a488d1574a8463253efe4,EXISTING_PROVENANCE_SOURCE,Stage07,SEE_SOURCE_MANIFEST,Index entry only; the referenced existing manifest remains the source of truth.
MANIFEST-0242,stage_07_Heterogeneous_Development_Pool/09_manifests/stage07b_scale_manifest.json,stage07b_scale_manifest.json,466,54ae81ff0450d45f04bd7661aee1264923e22f138a23e7830d4233c0f39bb49d,EXISTING_PROVENANCE_SOURCE,Stage07,SEE_SOURCE_MANIFEST,Index entry only; the referenced existing manifest remains the source of truth.
MANIFEST-0243,stage_07_Heterogeneous_Development_Pool/09_manifests/stage07d_selected_checkpoint_manifest.json,stage07d_selected_checkpoint_manifest.json,3929,a0acea60adad12714fe1d9382089430b5bf95b4549ba02ba98c690be3b9db932,EXISTING_PROVENANCE_SOURCE,Stage07,SEE_SOURCE_MANIFEST,Index entry only; the referenced existing manifest remains the source of truth.
MANIFEST-0244,stage_07_Heterogeneous_Development_Pool/09_manifests/stage07b_update_manifest.json,stage07b_update_manifest.json,59762,7cdac97d463f4dec6086bdab4042a9313d6146186a3af4570ebb008eaed449c8,EXISTING_PROVENANCE_SOURCE,Stage07,SEE_SOURCE_MANIFEST,Index entry only; the referenced existing manifest remains the source of truth.
MANIFEST-0245,stage_07_Heterogeneous_Development_Pool/09_manifests/stage07c_checkpoint_policy_manifest.json,stage07c_checkpoint_policy_manifest.json,628,9c42d60a0fa08dd401ed171b9c3ef4eb0d7d9eabdbb565cdfb879f8e3bb7374d,EXISTING_PROVENANCE_SOURCE,Stage07,SEE_SOURCE_MANIFEST,Index entry only; the referenced existing manifest remains the source of truth.
MANIFEST-0246,stage_07_Heterogeneous_Development_Pool/09_manifests/stage07b_uncertainty_manifest.json,stage07b_uncertainty_manifest.json,636,6b4fd2c8f78dc717c2dd91128bff0d7947861f55b07666c063eee4fbf225842e,EXISTING_PROVENANCE_SOURCE,Stage07,SEE_SOURCE_MANIFEST,Index entry only; the referenced existing manifest remains the source of truth.
MANIFEST-0247,stage_07_Heterogeneous_Development_Pool/09_manifests/stage07a_validation_seal_manifest.json,stage07a_validation_seal_manifest.json,25778,6cb86ec112cb4a3c406306058570bd564002336d781057488057fdb396031786,EXISTING_PROVENANCE_SOURCE,Stage07,SEE_SOURCE_MANIFEST,Index entry only; the referenced existing manifest remains the source of truth.
MANIFEST-0248,stage_07_Heterogeneous_Development_Pool/09_manifests/stage07b_update_context_manifest.json,stage07b_update_context_manifest.json,433,a6bb90b4aeada0a34638da6001f88fb9ec521101b71e961a443dc5dd728dfed4,EXISTING_PROVENANCE_SOURCE,Stage07,SEE_SOURCE_MANIFEST,Index entry only; the referenced existing manifest remains the source of truth.
MANIFEST-0249,stage_07_Heterogeneous_Development_Pool/09_manifests/stage07dr_diagnostic_manifest.json,stage07dr_diagnostic_manifest.json,418,dd5a791f0339b0f2dcef2168ad9808d8e96ffebc0126ac819650939ababa24bd,EXISTING_PROVENANCE_SOURCE,Stage07,SEE_SOURCE_MANIFEST,Index entry only; the referenced existing manifest remains the source of truth.
MANIFEST-0250,stage_07_Heterogeneous_Development_Pool/09_manifests/stage07b_model_manifest.json,stage07b_model_manifest.json,4090,358654b480dcb6fc22e9a3461d5e9afd3e7a9b6c9d8a509eff6f1eaf10e56b11,EXISTING_PROVENANCE_SOURCE,Stage07,SEE_SOURCE_MANIFEST,Index entry only; the referenced existing manifest remains the source of truth.
MANIFEST-0251,stage_07_Heterogeneous_Development_Pool/09_manifests/stage07b_defect_manifest.json,stage07b_defect_manifest.json,1424,8b2e564eeb6a110fb35628f218b4a4663be6a6cdf1171b39bfa4548d6a299d37,EXISTING_PROVENANCE_SOURCE,Stage07,SEE_SOURCE_MANIFEST,Index entry only; the referenced existing manifest remains the source of truth.
MANIFEST-0252,stage_07_Heterogeneous_Development_Pool/09_manifests/stage07c_validation_manifest.json,stage07c_validation_manifest.json,1179,0ffd188dbd3b70babd5ed79c514fc5b2fe8013aa9aaf993be1c0091755190867,EXISTING_PROVENANCE_SOURCE,Stage07,SEE_SOURCE_MANIFEST,Index entry only; the referenced existing manifest remains the source of truth.
MANIFEST-0253,stage_07_Heterogeneous_Development_Pool/09_manifests/stage07a_lineage_manifest.json,stage07a_lineage_manifest.json,310,5860e93fbfb4b320d48810e379e0c2920d05df2b4153794cbf1326480d64bec0,EXISTING_PROVENANCE_SOURCE,Stage07,SEE_SOURCE_MANIFEST,Index entry only; the referenced existing manifest remains the source of truth.
MANIFEST-0254,stage_07_Heterogeneous_Development_Pool/09_manifests/stage07b_contract_manifest.json,stage07b_contract_manifest.json,361,01637dc72d35f9203d1fa61c7a8b42a627e42ffaefc47e6f17770f7c5b5a9080,EXISTING_PROVENANCE_SOURCE,Stage07,SEE_SOURCE_MANIFEST,Index entry only; the referenced existing manifest remains the source of truth.
MANIFEST-0255,stage_07_Heterogeneous_Development_Pool/09_manifests/stage07a_trajectory_manifest.json,stage07a_trajectory_manifest.json,50003,b8650cccebc1de137504a9f14b8ec56eeda0abeaab72c22372b3eef221861735,EXISTING_PROVENANCE_SOURCE,Stage07,SEE_SOURCE_MANIFEST,Index entry only; the referenced existing manifest remains the source of truth.
MANIFEST-0256,stage_07_Heterogeneous_Development_Pool/09_manifests/stage07c_preflight_manifest.json,stage07c_preflight_manifest.json,3520,6fe94d30db284ecfed8ff2bcf176413e8ada04a36984faf16d6406bd310475dc,EXISTING_PROVENANCE_SOURCE,Stage07,SEE_SOURCE_MANIFEST,Index entry only; the referenced existing manifest remains the source of truth.
MANIFEST-0257,stage_07_Heterogeneous_Development_Pool/09_manifests/stage07b_input_freeze_manifest.json,stage07b_input_freeze_manifest.json,36084,f7118fcfb08115060b42689eb34a133e4eadb76aaf48ae8fe37d18361b7e1095,EXISTING_PROVENANCE_SOURCE,Stage07,FROZEN_OR_HASHED,Index entry only; the referenced existing manifest remains the source of truth.
MANIFEST-0258,stage_07_Heterogeneous_Development_Pool/09_manifests/stage07c_protocol_manifest.json,stage07c_protocol_manifest.json,1570,554a03e978e5edada2298cd1613ed14691e500031a4cfd0160c039b53e38c11c,EXISTING_PROVENANCE_SOURCE,Stage07,SEE_SOURCE_MANIFEST,Index entry only; the referenced existing manifest remains the source of truth.
MANIFEST-0259,stage_07_Heterogeneous_Development_Pool/09_manifests/stage07a_contract_manifest.json,stage07a_contract_manifest.json,1570,fd0ee7b8dc996f20087260a1a62cfd4022d32f2f8259efaea66905c3127c4abf,EXISTING_PROVENANCE_SOURCE,Stage07,SEE_SOURCE_MANIFEST,Index entry only; the referenced existing manifest remains the source of truth.
MANIFEST-0260,stage_07_Heterogeneous_Development_Pool/09_manifests/stage07c_input_freeze_manifest.json,stage07c_input_freeze_manifest.json,8645,8b722fba1f8d38ca509850a4ceb3afe35746956e339b6bc162049c7eb77b16f1,EXISTING_PROVENANCE_SOURCE,Stage07,FROZEN_OR_HASHED,Index entry only; the referenced existing manifest remains the source of truth.
MANIFEST-0261,stage_07_Heterogeneous_Development_Pool/09_manifests/stage07c_final_manifest.json,stage07c_final_manifest.json,14984,6eb18ba8202188c879c9d1d27f69aec5a8c41f657b6e53628cc6aae8a952540b,EXISTING_PROVENANCE_SOURCE,Stage07,SEE_SOURCE_MANIFEST,Index entry only; the referenced existing manifest remains the source of truth.
MANIFEST-0262,stage_07_Heterogeneous_Development_Pool/09_manifests/stage07dr_final_manifest.json,stage07dr_final_manifest.json,15103,505e2b9d9dfd5ca3c97cf3b1c9e62b6b5a2caa01408e2be305b0c317403fa65e,EXISTING_PROVENANCE_SOURCE,Stage07,SEE_SOURCE_MANIFEST,Index entry only; the referenced existing manifest remains the source of truth.
MANIFEST-0263,stage_07_Heterogeneous_Development_Pool/09_manifests/stage07b_train_v2_manifest.json,stage07b_train_v2_manifest.json,428,7573c1a3e1356605d7935f9db37c4a8f77368c7e93ca103f6271352736e20e21,EXISTING_PROVENANCE_SOURCE,Stage07,SEE_SOURCE_MANIFEST,Index entry only; the referenced existing manifest remains the source of truth.
MANIFEST-0264,stage_07_Heterogeneous_Development_Pool/09_manifests/stage07b_final_manifest.json,stage07b_final_manifest.json,11126,e603b772e235136bde879fcf2c3b577b84450ca348fcf18343ebc3522c2af988,EXISTING_PROVENANCE_SOURCE,Stage07,SEE_SOURCE_MANIFEST,Index entry only; the referenced existing manifest remains the source of truth.
MANIFEST-0265,stage_07_Heterogeneous_Development_Pool/09_manifests/stage07c_model_seed_manifest.json,stage07c_model_seed_manifest.json,9577,75a3cc7d395ac38d53bb782978dc42e30791d299554b85a0d9cec68f34bdc6b2,EXISTING_PROVENANCE_SOURCE,Stage07,SEE_SOURCE_MANIFEST,Index entry only; the referenced existing manifest remains the source of truth.
MANIFEST-0266,stage_07_Heterogeneous_Development_Pool/09_manifests/stage07a_final_manifest.json,stage07a_final_manifest.json,7463,5640dd187b5ec2f18e40d6681e9bdc86347fe539ba15c30d05947674cbc7c9a5,EXISTING_PROVENANCE_SOURCE,Stage07,SEE_SOURCE_MANIFEST,Index entry only; the referenced existing manifest remains the source of truth.
MANIFEST-0267,stage_07_Heterogeneous_Development_Pool/09_manifests/stage07c_train_batch_manifest.json,stage07c_train_batch_manifest.json,659,9453c94d7409d56525501f94e44a8022bb6ef05d50b888430abd3ce3bab4a155,EXISTING_PROVENANCE_SOURCE,Stage07,SEE_SOURCE_MANIFEST,Index entry only; the referenced existing manifest remains the source of truth.
MANIFEST-0268,stage_07_Heterogeneous_Development_Pool/09_manifests/stage07dr_attribution_manifest.json,stage07dr_attribution_manifest.json,1441,1688f7d738948960b472e1b49b370a27e61c4c463b2c6e40bd457f3ac3c01972,EXISTING_PROVENANCE_SOURCE,Stage07,SEE_SOURCE_MANIFEST,Index entry only; the referenced existing manifest remains the source of truth.
MANIFEST-0269,stage_07_Heterogeneous_Development_Pool/09_manifests/stage07d_checkpoint_manifest.json,stage07d_checkpoint_manifest.json,166512,0f36a2126841dab8495009435a976154376e9f911b7b740097a7659de2e38253,EXISTING_PROVENANCE_SOURCE,Stage07,SEE_SOURCE_MANIFEST,Index entry only; the referenced existing manifest remains the source of truth.
MANIFEST-0270,stage_07_Heterogeneous_Development_Pool/09_manifests/stage07d_metrics_manifest.json,stage07d_metrics_manifest.json,82182,d55288cf48171eeb045b26c9e2137b5deabf8a33ec1b63a4e5368b6e0c0a36f5,EXISTING_PROVENANCE_SOURCE,Stage07,SEE_SOURCE_MANIFEST,Index entry only; the referenced existing manifest remains the source of truth.
MANIFEST-0271,stage_07_Heterogeneous_Development_Pool/09_manifests/stage07a_formula_manifest.json,stage07a_formula_manifest.json,7744,9e14a71ef4f5fdb55fc3819c2a661f46ba5a7f1a44beaf4eaa5b8095061b7025,EXISTING_PROVENANCE_SOURCE,Stage07,SEE_SOURCE_MANIFEST,Index entry only; the referenced existing manifest remains the source of truth.
MANIFEST-0272,stage_07_Heterogeneous_Development_Pool/09_manifests/stage07d_final_manifest.json,stage07d_final_manifest.json,4250,cd4f6dc7787376472fb5deb532e7739dc01f7e9b795879c1c36174b8d4a4e286,EXISTING_PROVENANCE_SOURCE,Stage07,SEE_SOURCE_MANIFEST,Index entry only; the referenced existing manifest remains the source of truth.
MANIFEST-0273,stage_07_Heterogeneous_Development_Pool/09_manifests/stage07d_input_freeze_manifest.json,stage07d_input_freeze_manifest.json,1685,fd78d420bb9f0e6062bd192bd3ca66fa66a01a9921df43f4154a4e316888e3ec,EXISTING_PROVENANCE_SOURCE,Stage07,FROZEN_OR_HASHED,Index entry only; the referenced existing manifest remains the source of truth.
MANIFEST-0274,stage_07_Heterogeneous_Development_Pool/09_manifests/stage07a_role_manifest.json,stage07a_role_manifest.json,3647,2cab2e1ef75d0e59d3e185d3d33c8df5244d40bf5e05be76d6af97b851e4b71d,EXISTING_PROVENANCE_SOURCE,Stage07,SEE_SOURCE_MANIFEST,Index entry only; the referenced existing manifest remains the source of truth.
MANIFEST-0275,stage_07_Heterogeneous_Development_Pool/09_manifests/stage07d_execution_manifest.json,stage07d_execution_manifest.json,128878,b9eeb894441bd75fb31a273d5d8461d8cccf3c8c0e3f0048859e6ae36e3cf8e1,EXISTING_PROVENANCE_SOURCE,Stage07,SEE_SOURCE_MANIFEST,Index entry only; the referenced existing manifest remains the source of truth.
MANIFEST-0276,stage_07_Heterogeneous_Development_Pool/05_formal_retraining/stage07d/manifests/stage07d_run_inventory_manifest.json,stage07d_run_inventory_manifest.json,9938,b93f9f48e90876f52b8d8317a95ba962e01edc6d4f5da22c140aee643b54d316,EXISTING_PROVENANCE_SOURCE,Stage07,SEE_SOURCE_MANIFEST,Index entry only; the referenced existing manifest remains the source of truth.
MANIFEST-0277,stage_07_Heterogeneous_Development_Pool/05_formal_retraining/stage07d/manifests/stage07d_selected_checkpoint_manifest.json,stage07d_selected_checkpoint_manifest.json,3929,a0acea60adad12714fe1d9382089430b5bf95b4549ba02ba98c690be3b9db932,EXISTING_PROVENANCE_SOURCE,Stage07,SEE_SOURCE_MANIFEST,Index entry only; the referenced existing manifest remains the source of truth.
MANIFEST-0278,stage_07_Heterogeneous_Development_Pool/05_formal_retraining/stage07d/manifests/stage07d_checkpoint_manifest.json,stage07d_checkpoint_manifest.json,166512,0f36a2126841dab8495009435a976154376e9f911b7b740097a7659de2e38253,EXISTING_PROVENANCE_SOURCE,Stage07,SEE_SOURCE_MANIFEST,Index entry only; the referenced existing manifest remains the source of truth.
MANIFEST-0279,stage_07_Heterogeneous_Development_Pool/05_formal_retraining/stage07d/manifests/stage07d_metrics_manifest.json,stage07d_metrics_manifest.json,82182,d55288cf48171eeb045b26c9e2137b5deabf8a33ec1b63a4e5368b6e0c0a36f5,EXISTING_PROVENANCE_SOURCE,Stage07,SEE_SOURCE_MANIFEST,Index entry only; the referenced existing manifest remains the source of truth.
MANIFEST-0280,stage_07_Heterogeneous_Development_Pool/05_formal_retraining/stage07d/manifests/stage07d_final_manifest.json,stage07d_final_manifest.json,4250,cd4f6dc7787376472fb5deb532e7739dc01f7e9b795879c1c36174b8d4a4e286,EXISTING_PROVENANCE_SOURCE,Stage07,SEE_SOURCE_MANIFEST,Index entry only; the referenced existing manifest remains the source of truth.
MANIFEST-0281,stage_07_Heterogeneous_Development_Pool/05_formal_retraining/stage07d/manifests/stage07d_execution_manifest.json,stage07d_execution_manifest.json,128878,b9eeb894441bd75fb31a273d5d8461d8cccf3c8c0e3f0048859e6ae36e3cf8e1,EXISTING_PROVENANCE_SOURCE,Stage07,SEE_SOURCE_MANIFEST,Index entry only; the referenced existing manifest remains the source of truth.
MANIFEST-0282,stage_07_Heterogeneous_Development_Pool/05_formal_retraining/stage07dr/manifests/stage07dr_input_freeze_manifest.json,stage07dr_input_freeze_manifest.json,11309,688b4fa4616fc6ff55a258ca1247a01e1c2faf8a222056eb940be6642a1c23a0,EXISTING_PROVENANCE_SOURCE,Stage07,FROZEN_OR_HASHED,Index entry only; the referenced existing manifest remains the source of truth.
MANIFEST-0283,stage_07_Heterogeneous_Development_Pool/05_formal_retraining/stage07dr/manifests/stage07dr_checkpoint_inventory_manifest.json,stage07dr_checkpoint_inventory_manifest.json,408,f93d2fedd6392e73a40f4537bb5232b7ddb94830d37a488d1574a8463253efe4,EXISTING_PROVENANCE_SOURCE,Stage07,SEE_SOURCE_MANIFEST,Index entry only; the referenced existing manifest remains the source of truth.
MANIFEST-0284,stage_07_Heterogeneous_Development_Pool/05_formal_retraining/stage07dr/manifests/stage07dr_diagnostic_manifest.json,stage07dr_diagnostic_manifest.json,418,dd5a791f0339b0f2dcef2168ad9808d8e96ffebc0126ac819650939ababa24bd,EXISTING_PROVENANCE_SOURCE,Stage07,SEE_SOURCE_MANIFEST,Index entry only; the referenced existing manifest remains the source of truth.
MANIFEST-0285,stage_07_Heterogeneous_Development_Pool/05_formal_retraining/stage07dr/manifests/stage07dr_final_manifest.json,stage07dr_final_manifest.json,15103,505e2b9d9dfd5ca3c97cf3b1c9e62b6b5a2caa01408e2be305b0c317403fa65e,EXISTING_PROVENANCE_SOURCE,Stage07,SEE_SOURCE_MANIFEST,Index entry only; the referenced existing manifest remains the source of truth.
MANIFEST-0286,stage_07_Heterogeneous_Development_Pool/05_formal_retraining/stage07dr/manifests/stage07dr_attribution_manifest.json,stage07dr_attribution_manifest.json,1441,1688f7d738948960b472e1b49b370a27e61c4c463b2c6e40bd457f3ac3c01972,EXISTING_PROVENANCE_SOURCE,Stage07,SEE_SOURCE_MANIFEST,Index entry only; the referenced existing manifest remains the source of truth.
MANIFEST-0287,stage_07_Heterogeneous_Development_Pool/02_defect_scale_requalification/stage07b/update_contexts/cached_case_manifest.json,cached_case_manifest.json,104732,997812cffe4e96a3df924eea29ba4e2737d3edb95841839c01d93e3d32258888,EXISTING_PROVENANCE_SOURCE,Stage07,SEE_SOURCE_MANIFEST,Index entry only; the referenced existing manifest remains the source of truth.
MANIFEST-0288,stage_07_Heterogeneous_Development_Pool/02_defect_scale_requalification/stage07b/manifests/target_record_manifest.json,target_record_manifest.json,589334,9672352d3a9ee0798d86a52a92151167c3bb83ddb38e5eef1e31e491fa1d4198,EXISTING_PROVENANCE_SOURCE,Stage07,SEE_SOURCE_MANIFEST,Index entry only; the referenced existing manifest remains the source of truth.
MANIFEST-0289,stage_03_Dynamic_SPH_Transformer_Hybrid/10_manifests/stage03b_reference_family_manifest.json,stage03b_reference_family_manifest.json,3367,2ba410f686c8764871780998368be8f674cfb5cedb75ba81ce6b3f9bdda80cfd,EXISTING_PROVENANCE_SOURCE,Stage03,SEE_SOURCE_MANIFEST,Index entry only; the referenced existing manifest remains the source of truth.
MANIFEST-0290,stage_03_Dynamic_SPH_Transformer_Hybrid/10_manifests/stage03a_input_freeze_manifest.json,stage03a_input_freeze_manifest.json,6336,4ea52ba9503fed2ac4bb8cfd945f57302357beee7abb88bbacc084956032b1e4,EXISTING_PROVENANCE_SOURCE,Stage03,FROZEN_OR_HASHED,Index entry only; the referenced existing manifest remains the source of truth.
MANIFEST-0291,stage_03_Dynamic_SPH_Transformer_Hybrid/10_manifests/stage03d_adfd_manifest.json,stage03d_adfd_manifest.json,1827,80130d9c03c6585e9cc552239797f87e889b7d17b5c05bfbf9e9baa1faac7b44,EXISTING_PROVENANCE_SOURCE,Stage03,SEE_SOURCE_MANIFEST,Index entry only; the referenced existing manifest remains the source of truth.
MANIFEST-0292,stage_03_Dynamic_SPH_Transformer_Hybrid/10_manifests/stage03c_implementation_manifest.json,stage03c_implementation_manifest.json,7484,f6b394a01eef4619d6a5ca6192057ecc56290be7a305ed764945a18b6bcd6929,EXISTING_PROVENANCE_SOURCE,Stage03,SEE_SOURCE_MANIFEST,Index entry only; the referenced existing manifest remains the source of truth.
MANIFEST-0293,stage_03_Dynamic_SPH_Transformer_Hybrid/10_manifests/stage03c_input_freeze_manifest.json,stage03c_input_freeze_manifest.json,19057,54804a0c49c06ebd5a77f6a4ea20b7d19c0e7159eb4b9bddd3971b2437e0f46d,EXISTING_PROVENANCE_SOURCE,Stage03,FROZEN_OR_HASHED,Index entry only; the referenced existing manifest remains the source of truth.
MANIFEST-0294,stage_03_Dynamic_SPH_Transformer_Hybrid/10_manifests/stage03a_final_manifest.json,stage03a_final_manifest.json,3135,d4ed848abd0ab4b48449228d2c43b6b3464f076d613c4ddc825dfa6cb4ec492c,EXISTING_PROVENANCE_SOURCE,Stage03,SEE_SOURCE_MANIFEST,Index entry only; the referenced existing manifest remains the source of truth.
MANIFEST-0295,stage_03_Dynamic_SPH_Transformer_Hybrid/10_manifests/stage03a_contract_manifest.json,stage03a_contract_manifest.json,8279,612e0a8799ba33ec9baa2312a310f8852595434b74b48b1a5ad77e997c4cc2e7,EXISTING_PROVENANCE_SOURCE,Stage03,SEE_SOURCE_MANIFEST,Index entry only; the referenced existing manifest remains the source of truth.
MANIFEST-0296,stage_03_Dynamic_SPH_Transformer_Hybrid/10_manifests/stage03b_final_manifest.json,stage03b_final_manifest.json,4286,c3bef0df24f373fe2eff33b0cfeb078768ebd502227a725b9911470306c86f41,EXISTING_PROVENANCE_SOURCE,Stage03,SEE_SOURCE_MANIFEST,Index entry only; the referenced existing manifest remains the source of truth.
MANIFEST-0297,stage_03_Dynamic_SPH_Transformer_Hybrid/10_manifests/stage03dr_final_manifest.json,stage03dr_final_manifest.json,4262,ad5ef80137ec6aa2e27b22cb51c46bc0f79629ae7c392d9a6f6cd6a6e493bb21,EXISTING_PROVENANCE_SOURCE,Stage03,SEE_SOURCE_MANIFEST,Index entry only; the referenced existing manifest remains the source of truth.
MANIFEST-0298,stage_03_Dynamic_SPH_Transformer_Hybrid/10_manifests/stage03ds_final_manifest.json,stage03ds_final_manifest.json,17583,f13c6adfac8f83b7a0b009c9c7f052a685d446294d9fff01c27683c18239807d,EXISTING_PROVENANCE_SOURCE,Stage03,SEE_SOURCE_MANIFEST,Index entry only; the referenced existing manifest remains the source of truth.
MANIFEST-0299,stage_03_Dynamic_SPH_Transformer_Hybrid/10_manifests/stage03dr_attribution_manifest.json,stage03dr_attribution_manifest.json,3741,2849c2ae94207be83d3a8e7f13b03e9d5903f08f8cc3438c54b221e1e56c90b5,EXISTING_PROVENANCE_SOURCE,Stage03,SEE_SOURCE_MANIFEST,Index entry only; the referenced existing manifest remains the source of truth.
MANIFEST-0300,stage_03_Dynamic_SPH_Transformer_Hybrid/10_manifests/stage03c_final_manifest.json,stage03c_final_manifest.json,4527,bf5e0e3f1ac68e4b2df8ed847a1cf9a0cb0290c158b3813b1d4fa65a74abb5af,EXISTING_PROVENANCE_SOURCE,Stage03,SEE_SOURCE_MANIFEST,Index entry only; the referenced existing manifest remains the source of truth.
MANIFEST-0301,stage_03_Dynamic_SPH_Transformer_Hybrid/10_manifests/stage03d_topology_event_manifest.json,stage03d_topology_event_manifest.json,1574,e315d474de0f068afefca9334745249fc735c1d9ff229627855fc3e58cffcf86,EXISTING_PROVENANCE_SOURCE,Stage03,SEE_SOURCE_MANIFEST,Index entry only; the referenced existing manifest remains the source of truth.
MANIFEST-0302,stage_03_Dynamic_SPH_Transformer_Hybrid/10_manifests/stage03dr_input_freeze_manifest.json,stage03dr_input_freeze_manifest.json,13074,ae9ed6ce3405b09d67203706359923df7e54a70c070fec66484344c758e58519,EXISTING_PROVENANCE_SOURCE,Stage03,FROZEN_OR_HASHED,Index entry only; the referenced existing manifest remains the source of truth.
MANIFEST-0303,stage_03_Dynamic_SPH_Transformer_Hybrid/10_manifests/stage03b_trajectory_manifest.json,stage03b_trajectory_manifest.json,19353,92974b660461a01ba1a326be8b2fedc31929a319aa97e2f5bc3418bd45435aac,EXISTING_PROVENANCE_SOURCE,Stage03,SEE_SOURCE_MANIFEST,Index entry only; the referenced existing manifest remains the source of truth.
MANIFEST-0304,stage_03_Dynamic_SPH_Transformer_Hybrid/10_manifests/stage03d_final_manifest.json,stage03d_final_manifest.json,5522,c0862a16d0a43e283e80df2edc08cd6123b18f16bdcea6645564ea99146b32f3,EXISTING_PROVENANCE_SOURCE,Stage03,SEE_SOURCE_MANIFEST,Index entry only; the referenced existing manifest remains the source of truth.
MANIFEST-0305,stage_03_Dynamic_SPH_Transformer_Hybrid/10_manifests/stage03d_input_freeze_manifest.json,stage03d_input_freeze_manifest.json,14146,bc343df68e00e7ba5056208f1ae4197ed7d6d0c14307d7f3994d920a0136c873,EXISTING_PROVENANCE_SOURCE,Stage03,FROZEN_OR_HASHED,Index entry only; the referenced existing manifest remains the source of truth.
MANIFEST-0306,stage_03_Dynamic_SPH_Transformer_Hybrid/10_manifests/stage03ds_input_freeze_manifest.json,stage03ds_input_freeze_manifest.json,628360,e49251a10d9d4478d7b271fbdc3f8dbf511b0d9747de6637bac628990e0a4904,EXISTING_PROVENANCE_SOURCE,Stage03,FROZEN_OR_HASHED,Index entry only; the referenced existing manifest remains the source of truth.
MANIFEST-0307,stage_03_Dynamic_SPH_Transformer_Hybrid/10_manifests/stage03b_input_freeze_manifest.json,stage03b_input_freeze_manifest.json,4677,879e8b7d51d4d4a615c72aaa099371d3077ebea334f4826077f397ae3fa868f5,EXISTING_PROVENANCE_SOURCE,Stage03,FROZEN_OR_HASHED,Index entry only; the referenced existing manifest remains the source of truth.
MANIFEST-0308,stage_03_Dynamic_SPH_Transformer_Hybrid/10_manifests/stage03c_test_manifest.json,stage03c_test_manifest.json,3333,57530669791188ddeef66f77fb7683675643b15edd207a0d4c3994a279429133,EXISTING_PROVENANCE_SOURCE,Stage03,SEE_SOURCE_MANIFEST,Index entry only; the referenced existing manifest remains the source of truth.
MANIFEST-0309,stage_03_Dynamic_SPH_Transformer_Hybrid/05_dynamic_solver_implementation/stage03dr/freeze/selected_row_manifest.json,selected_row_manifest.json,39434,adead03cc3d45f5c04153156ef20b7b912e7f117790aa4f487edff4f5af01c8f,EXISTING_PROVENANCE_SOURCE,Stage03,FROZEN_OR_HASHED,Index entry only; the referenced existing manifest remains the source of truth.
MANIFEST-0310,stage_03_Dynamic_SPH_Transformer_Hybrid/04_reference_and_trajectory/stage03b/manifests/stage03b_run_manifest.json,stage03b_run_manifest.json,2630,aeecbc20144ef1476773a283057e0d5b96ff07291a42275c70d9236ba7a4bfa2,EXISTING_PROVENANCE_SOURCE,Stage03,SEE_SOURCE_MANIFEST,Index entry only; the referenced existing manifest remains the source of truth.
