panel,lineage,variant,origin,run_id,error,target_RMS,source_RMS
(a),LCDF_01,VARIANT_LOW,21,D1_seed20600611,0.2744358026257837,0.10221261450048304,0.0013970071230933248
(a),LCDF_01,VARIANT_LOW,10,D1_seed20600611,0.24878205114902657,0.08970472337196658,0.001749882735379505
(a),LCDF_01,VARIANT_LOW,3,D1_seed20600611,0.2228988567351209,0.07828367051047995,0.0020055298322172238
(a),LCDF_01,VARIANT_LOW,14,D1_seed20600611,0.2603237588878443,0.09506361350551965,0.0016101779035508717
(a),LCDF_01,VARIANT_LOW,24,D1_seed20600611,0.27802599215905616,0.10436433259260278,0.001324447991509242
(a),LCDF_01,VARIANT_LOW,15,D1_seed20600611,0.2628212745556431,0.0962621125151282,0.0015768270728496669
(a),LCDF_01,VARIANT_LOW,2,D1_seed20600611,0.2186451869788517,0.07645518718777061,0.0020419188332075266
(a),LCDF_01,VARIANT_LOW,7,D1_seed20600611,0.23854650220458765,0.08511548166759193,0.001858858288949257
(a),LCDF_01,VARIANT_LOW,28,D1_seed20600611,0.28046697730764447,0.10635193238520216,0.0012514943114119428
(a),LCDF_01,VARIANT_LOW,16,D1_seed20600611,0.2651604750022272,0.0974026264568367,0.00154428591761469
(a),LCDF_01,VARIANT_LOW,22,D1_seed20600611,0.2757989078387752,0.10299203792604647,0.0013713091031071491
(a),LCDF_01,VARIANT_LOW,9,D1_seed20600611,0.24551740582512457,0.08822781338271928,0.0017859486631414169
(a),LCDF_01,VARIANT_LOW,30,D1_seed20600611,0.2806750011448657,0.106962447715927,0.0012267699411739482
(a),LCDF_01,VARIANT_LOW,26,D1_seed20600611,0.2795832693880282,0.10548519777572421,0.0012842686887596538
(a),LCDF_01,VARIANT_LOW,11,D1_seed20600611,0.2518968399386194,0.09112759904933894,0.0017141870347428818
(a),LCDF_01,VARIANT_LOW,23,D1_seed20600611,0.27699587811530263,0.10370942137365782,0.001347090519272069
(a),LCDF_01,VARIANT_LOW,4,D1_seed20600611,0.2270182635005278,0.08006500017141395,0.0019689525065454882
(a),LCDF_01,VARIANT_LOW,5,D1_seed20600611,0.2310009255900218,0.08179810303478673,0.001932263042230875
(a),LCDF_01,VARIANT_LOW,31,D1_seed20600611,0.28052540844550417,0.10717113915266088,0.00121759660253287
(a),LCDF_01,VARIANT_LOW,8,D1_seed20600611,0.2421048708558055,0.08669775887915655,0.0018223012590509475
(a),LCDF_01,VARIANT_LOW,12,D1_seed20600611,0.25485989556728667,0.09249558316308595,0.0016789464999369447
(a),LCDF_01,VARIANT_LOW,18,D1_seed20600611,0.2693583887089474,0.09950698581516576,0.0014820037402338525
(a),LCDF_01,VARIANT_LOW,6,D1_seed20600611,0.2348444436695943,0.08348193500717399,0.001895538792900068
(a),LCDF_01,VARIANT_LOW,0,D1_seed20600611,0.2097453879683045,0.07266119341441014,0.002113832988175371
(a),LCDF_01,VARIANT_LOW,27,D1_seed20600611,0.2801094940735865,0.10595047636542258,0.001266913266335544
(a),LCDF_01,VARIANT_LOW,25,D1_seed20600611,0.27888862920327423,0.10495637697119888,0.0013034765511191358
(a),LCDF_01,VARIANT_LOW,20,D1_seed20600611,0.272907383867357,0.10137162072614492,0.0014240871785619483
(a),LCDF_01,VARIANT_LOW,19,D1_seed20600611,0.27121457255192244,0.10046956332684409,0.0014524517525417
(a),LCDF_01,VARIANT_LOW,13,D1_seed20600611,0.2576694328034306,0.0938078515245742,0.0016442475041153924
(a),LCDF_01,VARIANT_LOW,29,D1_seed20600611,0.28065552015368156,0.10668932393500637,0.0012380897244694523
(a),LCDF_01,VARIANT_LOW,17,D1_seed20600611,0.26733995079174394,0.09848446816405408,0.0015126468536785158
(a),LCDF_01,VARIANT_LOW,1,D1_seed20600611,0.21425981677307007,0.07458065173489799,0.002078044494519059
(a),LCDF_01,VARIANT_MAIN,1,D1_seed20600611,0.28568125601969996,0.09944150402697008,0.0028483895433308636
(a),LCDF_01,VARIANT_MAIN,22,D1_seed20600611,0.3677360396344245,0.13732442449225782,0.0022368481011910773
(a),LCDF_01,VARIANT_MAIN,4,D1_seed20600611,0.3026929054708483,0.10675412239631286,0.0027343618485484184
(a),LCDF_01,VARIANT_MAIN,9,D1_seed20600611,0.32735911281335794,0.11763814596136721,0.002557959365445767
(a),LCDF_01,VARIANT_MAIN,20,D1_seed20600611,0.36388047804037477,0.13516378646152974,0.0022712524965928485
(a),LCDF_01,VARIANT_MAIN,16,D1_seed20600611,0.3535508065540712,0.12987160597935968,0.0023567682318186445
(a),LCDF_01,VARIANT_MAIN,30,D1_seed20600611,0.3742379796933858,0.14261852019480561,0.00215203562118915
(a),LCDF_01,VARIANT_MAIN,31,D1_seed20600611,0.37403854505326806,0.14289678804101089,0.0021470122037933396
(a),LCDF_01,VARIANT_MAIN,26,D1_seed20600611,0.37278216324074376,0.14064876992208356,0.0021842339570892345
(a),LCDF_01,VARIANT_MAIN,0,D1_seed20600611,0.2796618950392943,0.0968821776243109,0.002887135279702624
(a),LCDF_01,VARIANT_MAIN,8,D1_seed20600611,0.3228089276459461,0.11559801797933558,0.002591433216031943
(a),LCDF_01,VARIANT_MAIN,17,D1_seed20600611,0.3564568963677621,0.13131411123480488,0.002333296610550928
(a),LCDF_01,VARIANT_MAIN,12,D1_seed20600611,0.33981617824554083,0.1233286708218191,0.002464197348755729
(a),LCDF_01,VARIANT_MAIN,7,D1_seed20600611,0.3180642979153514,0.11348825992300439,0.002625896504493144
(a),LCDF_01,VARIANT_MAIN,15,D1_seed20600611,0.35043174659726195,0.12835086965799214,0.0023816188308595
(a),LCDF_01,VARIANT_MAIN,25,D1_seed20600611,0.37185591076235813,0.13994364670819012,0.002195415238455323
(a),LCDF_01,VARIANT_MAIN,10,D1_seed20600611,0.33171211161118996,0.11960741459582275,0.002525550958640207
(a),LCDF_01,VARIANT_MAIN,21,D1_seed20600611,0.36591847104797703,0.13628515354811283,0.0022533603946099643
(a),LCDF_01,VARIANT_MAIN,28,D1_seed20600611,0.37396054299917697,0.14180446441542224,0.0021656746150370753
(a),LCDF_01,VARIANT_MAIN,19,D1_seed20600611,0.36162328904398006,0.13396099903548983,0.0022905359529741495
(a),LCDF_01,VARIANT_MAIN,3,D1_seed20600611,0.297200231223058,0.10437896376101892,0.002771891704970016
(a),LCDF_01,VARIANT_MAIN,2,D1_seed20600611,0.2915285423633024,0.10194093468271706,0.0028099374055137022
(a),LCDF_01,VARIANT_MAIN,14,D1_seed20600611,0.347101596273565,0.1267528186932265,0.0024078276534041806
(a),LCDF_01,VARIANT_MAIN,23,D1_seed20600611,0.36933208818826413,0.13828097295927808,0.002221699752922158
(a),LCDF_01,VARIANT_MAIN,24,D1_seed20600611,0.37070565458312793,0.13915422246166156,0.002207896060242691
(a),LCDF_01,VARIANT_MAIN,27,D1_seed20600611,0.37348385352679825,0.1412691671292735,0.0021743282857974535
(a),LCDF_01,VARIANT_MAIN,13,D1_seed20600611,0.34356236252492367,0.12507841608359335,0.002435366063976226
(a),LCDF_01,VARIANT_MAIN,5,D1_seed20600611,0.30800325576097587,0.10906497957479976,0.002697453167969648
(a),LCDF_01,VARIANT_MAIN,11,D1_seed20600611,0.3358653009908265,0.12150463728474067,0.0024942766401261467
(a),LCDF_01,VARIANT_MAIN,18,D1_seed20600611,0.35914826456659776,0.13267751613218678,0.002311217160110289
(a),LCDF_01,VARIANT_MAIN,6,D1_seed20600611,0.31312808252748187,0.11131014299800493,0.0026612662864216132
(a),LCDF_01,VARIANT_MAIN,29,D1_seed20600611,0.3742119736953246,0.14225433915277133,0.002158250530461918
(a),LCDF_01,VARIANT_LOW,21,D1_seed20600612,0.28051767456031435,0.10221261450048304,0.0013970071230933248
(a),LCDF_01,VARIANT_LOW,10,D1_seed20600612,0.2516445231054121,0.08970472337196658,0.001749882735379505
(a),LCDF_01,VARIANT_LOW,3,D1_seed20600612,0.22358910824450123,0.07828367051047995,0.0020055298322172238
(a),LCDF_01,VARIANT_LOW,14,D1_seed20600612,0.26439368675010083,0.09506361350551965,0.0016101779035508717
(a),LCDF_01,VARIANT_LOW,24,D1_seed20600612,0.2849185966481501,0.10436433259260278,0.001324447991509242
(a),LCDF_01,VARIANT_LOW,15,D1_seed20600612,0.2671873872228383,0.0962621125151282,0.0015768270728496669
(a),LCDF_01,VARIANT_LOW,2,D1_seed20600612,0.21902195691305504,0.07645518718777061,0.0020419188332075266
(a),LCDF_01,VARIANT_LOW,7,D1_seed20600612,0.2404846456977722,0.08511548166759193,0.001858858288949257
(a),LCDF_01,VARIANT_LOW,28,D1_seed20600612,0.28838173760680375,0.10635193238520216,0.0012514943114119428
(a),LCDF_01,VARIANT_LOW,16,D1_seed20600612,0.26982014288239964,0.0974026264568367,0.00154428591761469
(a),LCDF_01,VARIANT_LOW,22,D1_seed20600612,0.28215490657124526,0.10299203792604647,0.0013713091031071491
(a),LCDF_01,VARIANT_LOW,9,D1_seed20600612,0.24807324532622463,0.08822781338271928,0.0017859486631414169
(a),LCDF_01,VARIANT_LOW,30,D1_seed20600612,0.2890728420649791,0.106962447715927,0.0012267699411739482
(a),LCDF_01,VARIANT_LOW,26,D1_seed20600612,0.28699587575089236,0.10548519777572421,0.0012842686887596538
(a),LCDF_01,VARIANT_LOW,11,D1_seed20600612,0.2550642207115859,0.09112759904933894,0.0017141870347428818
(a),LCDF_01,VARIANT_LOW,23,D1_seed20600612,0.2836221753100879,0.10370942137365782,0.001347090519272069
(a),LCDF_01,VARIANT_LOW,4,D1_seed20600612,0.22802158156522653,0.08006500017141395,0.0019689525065454882
(a),LCDF_01,VARIANT_LOW,5,D1_seed20600612,0.23231670658435022,0.08179810303478673,0.001932263042230875
(a),LCDF_01,VARIANT_LOW,31,D1_seed20600612,0.28915727412455006,0.10717113915266088,0.00121759660253287
(a),LCDF_01,VARIANT_LOW,8,D1_seed20600612,0.24435253898564543,0.08669775887915655,0.0018223012590509475
(a),LCDF_01,VARIANT_LOW,12,D1_seed20600612,0.2583302778343039,0.09249558316308595,0.0016789464999369447
(a),LCDF_01,VARIANT_LOW,18,D1_seed20600612,0.274596572556711,0.09950698581516576,0.0014820037402338525
(a),LCDF_01,VARIANT_LOW,6,D1_seed20600612,0.23647189572741165,0.08348193500717399,0.001895538792900068
(a),LCDF_01,VARIANT_LOW,0,D1_seed20600612,0.20949470526265432,0.07266119341441014,0.002113832988175371
(a),LCDF_01,VARIANT_LOW,27,D1_seed20600612,0.287775481758346,0.10595047636542258,0.001266913266335544
(a),LCDF_01,VARIANT_LOW,25,D1_seed20600612,0.2860433893906827,0.10495637697119888,0.0013034765511191358
(a),LCDF_01,VARIANT_LOW,20,D1_seed20600612,0.2787114658070655,0.10137162072614492,0.0014240871785619483
(a),LCDF_01,VARIANT_LOW,19,D1_seed20600612,0.2767373686454947,0.10046956332684409,0.0014524517525417
(a),LCDF_01,VARIANT_LOW,13,D1_seed20600612,0.261440724696312,0.0938078515245742,0.0016442475041153924
(a),LCDF_01,VARIANT_LOW,29,D1_seed20600612,0.28881427793844044,0.10668932393500637,0.0012380897244694523
(a),LCDF_01,VARIANT_LOW,17,D1_seed20600612,0.27229036744961854,0.09848446816405408,0.0015126468536785158
(a),LCDF_01,VARIANT_LOW,1,D1_seed20600612,0.21432287897009056,0.07458065173489799,0.002078044494519059
(a),LCDF_01,VARIANT_MAIN,1,D1_seed20600612,0.2857653880945438,0.09944150402697008,0.0028483895433308636
(a),LCDF_01,VARIANT_MAIN,22,D1_seed20600612,0.3762107975939197,0.13732442449225782,0.0022368481011910773
(a),LCDF_01,VARIANT_MAIN,4,D1_seed20600612,0.3040307144021569,0.10675412239631286,0.0027343618485484184
(a),LCDF_01,VARIANT_MAIN,9,D1_seed20600612,0.3307669567054808,0.11763814596136721,0.002557959365445767
(a),LCDF_01,VARIANT_MAIN,20,D1_seed20600612,0.3716193409426042,0.13516378646152974,0.0022712524965928485
(a),LCDF_01,VARIANT_MAIN,16,D1_seed20600612,0.3597637722112401,0.12987160597935968,0.0023567682318186445
(a),LCDF_01,VARIANT_MAIN,30,D1_seed20600612,0.38543522095543564,0.14261852019480561,0.00215203562118915
(a),LCDF_01,VARIANT_MAIN,31,D1_seed20600612,0.38554782204006866,0.14289678804101089,0.0021470122037933396
(a),LCDF_01,VARIANT_MAIN,26,D1_seed20600612,0.3826657432807802,0.14064876992208356,0.0021842339570892345
(a),LCDF_01,VARIANT_MAIN,0,D1_seed20600612,0.2793277000557978,0.0968821776243109,0.002887135279702624
(a),LCDF_01,VARIANT_MAIN,8,D1_seed20600612,0.3258058748774288,0.11559801797933558,0.002591433216031943
(a),LCDF_01,VARIANT_MAIN,17,D1_seed20600612,0.3630575299818602,0.13131411123480488,0.002333296610550928
(a),LCDF_01,VARIANT_MAIN,12,D1_seed20600612,0.34444341758217045,0.1233286708218191,0.002464197348755729
(a),LCDF_01,VARIANT_MAIN,7,D1_seed20600612,0.3206485442393073,0.11348825992300439,0.002625896504493144
(a),LCDF_01,VARIANT_MAIN,15,D1_seed20600612,0.3562533024208876,0.12835086965799214,0.0023816188308595
(a),LCDF_01,VARIANT_MAIN,25,D1_seed20600612,0.3813956929524061,0.13994364670819012,0.002195415238455323
(a),LCDF_01,VARIANT_MAIN,10,D1_seed20600612,0.33552880037815186,0.11960741459582275,0.002525550958640207
(a),LCDF_01,VARIANT_MAIN,21,D1_seed20600612,0.3740277236086852,0.13628515354811283,0.0022533603946099643
(a),LCDF_01,VARIANT_MAIN,28,D1_seed20600612,0.38451367117662577,0.14180446441542224,0.0021656746150370753
(a),LCDF_01,VARIANT_MAIN,19,D1_seed20600612,0.3689871011620949,0.13396099903548983,0.0022905359529741495
(a),LCDF_01,VARIANT_MAIN,3,D1_seed20600612,0.2981206171618636,0.10437896376101892,0.002771891704970016
(a),LCDF_01,VARIANT_MAIN,2,D1_seed20600612,0.2920309520785412,0.10194093468271706,0.0028099374055137022
(a),LCDF_01,VARIANT_MAIN,14,D1_seed20600612,0.3525282361852065,0.1267528186932265,0.0024078276534041806
(a),LCDF_01,VARIANT_MAIN,23,D1_seed20600612,0.3781672470953703,0.13828097295927808,0.002221699752922158
(a),LCDF_01,VARIANT_MAIN,24,D1_seed20600612,0.3798958928704632,0.13915422246166156,0.002207896060242691
(a),LCDF_01,VARIANT_MAIN,27,D1_seed20600612,0.38370527825068645,0.1412691671292735,0.0021743282857974535
(a),LCDF_01,VARIANT_MAIN,13,D1_seed20600612,0.3485908183566824,0.12507841608359335,0.002435366063976226
(a),LCDF_01,VARIANT_MAIN,5,D1_seed20600612,0.3097576829753261,0.10906497957479976,0.002697453167969648
(a),LCDF_01,VARIANT_MAIN,11,D1_seed20600612,0.34008853654488574,0.12150463728474067,0.0024942766401261467
(a),LCDF_01,VARIANT_MAIN,18,D1_seed20600612,0.3661325907172268,0.13267751613218678,0.002311217160110289
(a),LCDF_01,VARIANT_MAIN,6,D1_seed20600612,0.31529807232393336,0.11131014299800493,0.0026612662864216132
(a),LCDF_01,VARIANT_MAIN,29,D1_seed20600612,0.38509043467441484,0.14225433915277133,0.002158250530461918
(a),LCDF_01,VARIANT_LOW,21,D1_seed20600613,0.279543742460633,0.10221261450048304,0.0013970071230933248
(a),LCDF_01,VARIANT_LOW,10,D1_seed20600613,0.25107303638623546,0.08970472337196658,0.001749882735379505
(a),LCDF_01,VARIANT_LOW,3,D1_seed20600613,0.22329729145366595,0.07828367051047995,0.0020055298322172238
(a),LCDF_01,VARIANT_LOW,14,D1_seed20600613,0.26366943607178733,0.09506361350551965,0.0016101779035508717
(a),LCDF_01,VARIANT_LOW,24,D1_seed20600613,0.2838460396386354,0.10436433259260278,0.001324447991509242
(a),LCDF_01,VARIANT_LOW,15,D1_seed20600613,0.26642598223988684,0.0962621125151282,0.0015768270728496669
(a),LCDF_01,VARIANT_LOW,2,D1_seed20600613,0.21877098942780007,0.07645518718777061,0.0020419188332075266
(a),LCDF_01,VARIANT_LOW,7,D1_seed20600613,0.2400314300463443,0.08511548166759193,0.001858858288949257
(a),LCDF_01,VARIANT_LOW,28,D1_seed20600613,0.2871868143296814,0.10635193238520216,0.0012514943114119428
(a),LCDF_01,VARIANT_LOW,16,D1_seed20600613,0.26902204238925637,0.0974026264568367,0.00154428591761469
(a),LCDF_01,VARIANT_LOW,22,D1_seed20600613,0.28114748577356297,0.10299203792604647,0.0013713091031071491
(a),LCDF_01,VARIANT_LOW,9,D1_seed20600613,0.2475408697049725,0.08822781338271928,0.0017859486631414169
(a),LCDF_01,VARIANT_LOW,30,D1_seed20600613,0.2878209836305837,0.106962447715927,0.0012267699411739482
(a),LCDF_01,VARIANT_LOW,26,D1_seed20600613,0.28586076766208507,0.10548519777572421,0.0012842686887596538
(a),LCDF_01,VARIANT_LOW,11,D1_seed20600613,0.25445396701076184,0.09112759904933894,0.0017141870347428818
(a),LCDF_01,VARIANT_LOW,23,D1_seed20600613,0.28258187293602816,0.10370942137365782,0.001347090519272069
(a),LCDF_01,VARIANT_LOW,4,D1_seed20600613,0.22768909081461663,0.08006500017141395,0.0019689525065454882
(a),LCDF_01,VARIANT_LOW,5,D1_seed20600613,0.23194374177358684,0.08179810303478673,0.001932263042230875
(a),LCDF_01,VARIANT_LOW,31,D1_seed20600613,0.2878780712714495,0.10717113915266088,0.00121759660253287
(a),LCDF_01,VARIANT_LOW,8,D1_seed20600613,0.2438595949837689,0.08669775887915655,0.0018223012590509475
(a),LCDF_01,VARIANT_LOW,12,D1_seed20600613,0.25768162465348377,0.09249558316308595,0.0016789464999369447
(a),LCDF_01,VARIANT_LOW,18,D1_seed20600613,0.2737265456496281,0.09950698581516576,0.0014820037402338525
(a),LCDF_01,VARIANT_LOW,6,D1_seed20600613,0.2360586811859136,0.08348193500717399,0.001895538792900068
(a),LCDF_01,VARIANT_LOW,0,D1_seed20600613,0.20932586367700762,0.07266119341441014,0.002113832988175371
(a),LCDF_01,VARIANT_LOW,27,D1_seed20600613,0.2866101149209932,0.10595047636542258,0.001266913266335544
(a),LCDF_01,VARIANT_LOW,25,D1_seed20600613,0.2849392241266195,0.10495637697119888,0.0013034765511191358
(a),LCDF_01,VARIANT_LOW,20,D1_seed20600613,0.2777716093402753,0.10137162072614492,0.0014240871785619483
(a),LCDF_01,VARIANT_LOW,19,D1_seed20600613,0.2758321542045211,0.10046956332684409,0.0014524517525417
(a),LCDF_01,VARIANT_LOW,13,D1_seed20600613,0.2607540647103683,0.0938078515245742,0.0016442475041153924
(a),LCDF_01,VARIANT_LOW,29,D1_seed20600613,0.2875905183381755,0.10668932393500637,0.0012380897244694523
(a),LCDF_01,VARIANT_LOW,17,D1_seed20600613,0.27145605236936676,0.09848446816405408,0.0015126468536785158
(a),LCDF_01,VARIANT_LOW,1,D1_seed20600613,0.2141129114727896,0.07458065173489799,0.002078044494519059
(a),LCDF_01,VARIANT_MAIN,1,D1_seed20600613,0.2854854187532258,0.09944150402697008,0.0028483895433308636
(a),LCDF_01,VARIANT_MAIN,22,D1_seed20600613,0.37486746293628576,0.13732442449225782,0.0022368481011910773
(a),LCDF_01,VARIANT_MAIN,4,D1_seed20600613,0.30358736463287195,0.10675412239631286,0.0027343618485484184
(a),LCDF_01,VARIANT_MAIN,9,D1_seed20600613,0.33005706870475326,0.11763814596136721,0.002557959365445767
(a),LCDF_01,VARIANT_MAIN,20,D1_seed20600613,0.37036609764876555,0.13516378646152974,0.0022712524965928485
(a),LCDF_01,VARIANT_MAIN,16,D1_seed20600613,0.3586995514596326,0.12987160597935968,0.0023567682318186445
(a),LCDF_01,VARIANT_MAIN,30,D1_seed20600613,0.38376595965415655,0.14261852019480561,0.00215203562118915
(a),LCDF_01,VARIANT_MAIN,31,D1_seed20600613,0.3838421017599877,0.14289678804101089,0.0021470122037933396
(a),LCDF_01,VARIANT_MAIN,26,D1_seed20600613,0.3811521514190335,0.14064876992208356,0.0021842339570892345
(a),LCDF_01,VARIANT_MAIN,0,D1_seed20600613,0.2791025707189726,0.0968821776243109,0.002887135279702624
(a),LCDF_01,VARIANT_MAIN,8,D1_seed20600613,0.3251485671460325,0.11559801797933558,0.002591433216031943
(a),LCDF_01,VARIANT_MAIN,17,D1_seed20600613,0.3619450190678029,0.13131411123480488,0.002333296610550928
(a),LCDF_01,VARIANT_MAIN,12,D1_seed20600613,0.34357847942012354,0.1233286708218191,0.002464197348755729
(a),LCDF_01,VARIANT_MAIN,7,D1_seed20600613,0.3200442125504337,0.11348825992300439,0.002625896504493144
(a),LCDF_01,VARIANT_MAIN,15,D1_seed20600613,0.3552380133131404,0.12835086965799214,0.0023816188308595
(a),LCDF_01,VARIANT_MAIN,25,D1_seed20600613,0.37992335958493423,0.13994364670819012,0.002195415238455323
(a),LCDF_01,VARIANT_MAIN,10,D1_seed20600613,0.3347667596143948,0.11960741459582275,0.002525550958640207
(a),LCDF_01,VARIANT_MAIN,21,D1_seed20600613,0.3727290431943927,0.13628515354811283,0.0022533603946099643
(a),LCDF_01,VARIANT_MAIN,28,D1_seed20600613,0.38292032391677405,0.14180446441542224,0.0021656746150370753
(a),LCDF_01,VARIANT_MAIN,19,D1_seed20600613,0.3677800504686772,0.13396099903548983,0.0022905359529741495
(a),LCDF_01,VARIANT_MAIN,3,D1_seed20600613,0.29773150464231873,0.10437896376101892,0.002771891704970016
(a),LCDF_01,VARIANT_MAIN,2,D1_seed20600613,0.29169631066780427,0.10194093468271706,0.0028099374055137022
(a),LCDF_01,VARIANT_MAIN,14,D1_seed20600613,0.3515624906864974,0.1267528186932265,0.0024078276534041806
(a),LCDF_01,VARIANT_MAIN,23,D1_seed20600613,0.37678006799419694,0.13828097295927808,0.002221699752922158
(a),LCDF_01,VARIANT_MAIN,24,D1_seed20600613,0.37846570555755155,0.13915422246166156,0.002207896060242691
(a),LCDF_01,VARIANT_MAIN,27,D1_seed20600613,0.3821513403204935,0.1412691671292735,0.0021743282857974535
(a),LCDF_01,VARIANT_MAIN,13,D1_seed20600613,0.34767519854456463,0.12507841608359335,0.002435366063976226
(a),LCDF_01,VARIANT_MAIN,5,D1_seed20600613,0.30926036256756123,0.10906497957479976,0.002697453167969648
(a),LCDF_01,VARIANT_MAIN,11,D1_seed20600613,0.3392748019965495,0.12150463728474067,0.0024942766401261467
(a),LCDF_01,VARIANT_MAIN,18,D1_seed20600613,0.36497246024913604,0.13267751613218678,0.002311217160110289
(a),LCDF_01,VARIANT_MAIN,6,D1_seed20600613,0.3147470804756456,0.11131014299800493,0.0026612662864216132
(a),LCDF_01,VARIANT_MAIN,29,D1_seed20600613,0.383458638569453,0.14225433915277133,0.002158250530461918
(a),LCDF_01,VARIANT_LOW,21,D2_seed20600611,0.2696238395487819,0.10221261450048304,0.0013970071230933248
(a),LCDF_01,VARIANT_LOW,10,D2_seed20600611,0.24161870651112682,0.08970472337196658,0.001749882735379505
(a),LCDF_01,VARIANT_LOW,3,D2_seed20600611,0.21450017947090372,0.07828367051047995,0.0020055298322172238
(a),LCDF_01,VARIANT_LOW,14,D2_seed20600611,0.2539636600771231,0.09506361350551965,0.0016101779035508717
(a),LCDF_01,VARIANT_LOW,24,D2_seed20600611,0.27392377226644277,0.10436433259260278,0.001324447991509242
(a),LCDF_01,VARIANT_LOW,15,D2_seed20600611,0.2566718774547164,0.0962621125151282,0.0015768270728496669
(a),LCDF_01,VARIANT_LOW,2,D2_seed20600611,0.2100894666918843,0.07645518718777061,0.0020419188332075266
(a),LCDF_01,VARIANT_LOW,7,D2_seed20600611,0.2308256150253405,0.08511548166759193,0.001858858288949257
(a),LCDF_01,VARIANT_LOW,28,D2_seed20600611,0.2773449541109061,0.10635193238520216,0.0012514943114119428
(a),LCDF_01,VARIANT_LOW,16,D2_seed20600611,0.2592254852985046,0.0974026264568367,0.00154428591761469
(a),LCDF_01,VARIANT_LOW,22,D2_seed20600611,0.27122080048940655,0.10299203792604647,0.0013713091031071491
(a),LCDF_01,VARIANT_LOW,9,D2_seed20600611,0.2381637450185834,0.08822781338271928,0.0017859486631414169
(a),LCDF_01,VARIANT_LOW,30,D2_seed20600611,0.2780549563459795,0.106962447715927,0.0012267699411739482
(a),LCDF_01,VARIANT_LOW,26,D2_seed20600611,0.27596678541551856,0.10548519777572421,0.0012842686887596538
(a),LCDF_01,VARIANT_LOW,11,D2_seed20600611,0.24492812811805215,0.09112759904933894,0.0017141870347428818
(a),LCDF_01,VARIANT_LOW,23,D2_seed20600611,0.27265441122724426,0.10370942137365782,0.001347090519272069
(a),LCDF_01,VARIANT_LOW,4,D2_seed20600611,0.21878169021463514,0.08006500017141395,0.0019689525065454882
(a),LCDF_01,VARIANT_LOW,5,D2_seed20600611,0.22293141957154425,0.08179810303478673,0.001932263042230875
(a),LCDF_01,VARIANT_LOW,31,D2_seed20600611,0.2781587970439157,0.10717113915266088,0.00121759660253287
(a),LCDF_01,VARIANT_LOW,8,D2_seed20600611,0.23456532520178264,0.08669775887915655,0.0018223012590509475
(a),LCDF_01,VARIANT_LOW,12,D2_seed20600611,0.2480900159379096,0.09249558316308595,0.0016789464999369447
(a),LCDF_01,VARIANT_LOW,18,D2_seed20600611,0.2638628119198838,0.09950698581516576,0.0014820037402338525
(a),LCDF_01,VARIANT_LOW,6,D2_seed20600611,0.2269468675496488,0.08348193500717399,0.001895538792900068
(a),LCDF_01,VARIANT_LOW,0,D2_seed20600611,0.2008911398607919,0.07266119341441014,0.002113832988175371
(a),LCDF_01,VARIANT_LOW,27,D2_seed20600611,0.27673922060769374,0.10595047636542258,0.001266913266335544
(a),LCDF_01,VARIANT_LOW,25,D2_seed20600611,0.2750281140689684,0.10495637697119888,0.0013034765511191358
(a),LCDF_01,VARIANT_LOW,20,D2_seed20600611,0.26786446483117105,0.10137162072614492,0.0014240871785619483
(a),LCDF_01,VARIANT_LOW,19,D2_seed20600611,0.2659437364980261,0.10046956332684409,0.0014524517525417
(a),LCDF_01,VARIANT_LOW,13,D2_seed20600611,0.251102464932654,0.0938078515245742,0.0016442475041153924
(a),LCDF_01,VARIANT_LOW,29,D2_seed20600611,0.2777836208331712,0.10668932393500637,0.0012380897244694523
(a),LCDF_01,VARIANT_LOW,17,D2_seed20600611,0.2616229449761874,0.09848446816405408,0.0015126468536785158
(a),LCDF_01,VARIANT_LOW,1,D2_seed20600611,0.20555220903522825,0.07458065173489799,0.002078044494519059
(a),LCDF_01,VARIANT_MAIN,1,D2_seed20600611,0.2740710922458666,0.09944150402697008,0.0028483895433308636
(a),LCDF_01,VARIANT_MAIN,22,D2_seed20600611,0.36163203170142777,0.13732442449225782,0.0022368481011910773
(a),LCDF_01,VARIANT_MAIN,4,D2_seed20600611,0.2917107916612178,0.10675412239631286,0.0027343618485484184
(a),LCDF_01,VARIANT_MAIN,9,D2_seed20600611,0.3175542372415163,0.11763814596136721,0.002557959365445767
(a),LCDF_01,VARIANT_MAIN,20,D2_seed20600611,0.35715669568282765,0.13516378646152974,0.0022712524965928485
(a),LCDF_01,VARIANT_MAIN,16,D2_seed20600611,0.34563755093248955,0.12987160597935968,0.0023567682318186445
(a),LCDF_01,VARIANT_MAIN,30,D2_seed20600611,0.3707448594492801,0.14261852019480561,0.00215203562118915
(a),LCDF_01,VARIANT_MAIN,31,D2_seed20600611,0.3708833511942384,0.14289678804101089,0.0021470122037933396
(a),LCDF_01,VARIANT_MAIN,26,D2_seed20600611,0.3679603938327221,0.14064876992208356,0.0021842339570892345
(a),LCDF_01,VARIANT_MAIN,0,D2_seed20600611,0.2678562109644343,0.0968821776243109,0.002887135279702624
(a),LCDF_01,VARIANT_MAIN,8,D2_seed20600611,0.31275619985469977,0.11559801797933558,0.002591433216031943
(a),LCDF_01,VARIANT_MAIN,17,D2_seed20600611,0.3488342966212382,0.13131411123480488,0.002333296610550928
(a),LCDF_01,VARIANT_MAIN,12,D2_seed20600611,0.3307896989031912,0.1233286708218191,0.002464197348755729
(a),LCDF_01,VARIANT_MAIN,7,D2_seed20600611,0.3077697763722042,0.11348825992300439,0.002625896504493144
(a),LCDF_01,VARIANT_MAIN,15,D2_seed20600611,0.34223260429124935,0.12835086965799214,0.0023816188308595
(a),LCDF_01,VARIANT_MAIN,25,D2_seed20600611,0.36670875191856395,0.13994364670819012,0.002195415238455323
(a),LCDF_01,VARIANT_MAIN,10,D2_seed20600611,0.3221609973753603,0.11960741459582275,0.002525550958640207
(a),LCDF_01,VARIANT_MAIN,21,D2_seed20600611,0.3595026425272829,0.13628515354811283,0.0022533603946099643
(a),LCDF_01,VARIANT_MAIN,28,D2_seed20600611,0.3697980880586418,0.14180446441542224,0.0021656746150370753
(a),LCDF_01,VARIANT_MAIN,19,D2_seed20600611,0.3545956051948701,0.13396099903548983,0.0022905359529741495
(a),LCDF_01,VARIANT_MAIN,3,D2_seed20600611,0.2860019766706158,0.10437896376101892,0.002771891704970016
(a),LCDF_01,VARIANT_MAIN,2,D2_seed20600611,0.2801208957691216,0.10194093468271706,0.0028099374055137022
(a),LCDF_01,VARIANT_MAIN,14,D2_seed20600611,0.3386215087612586,0.1267528186932265,0.0024078276534041806
(a),LCDF_01,VARIANT_MAIN,23,D2_seed20600611,0.3635436231221636,0.13828097295927808,0.002221699752922158
(a),LCDF_01,VARIANT_MAIN,24,D2_seed20600611,0.3652362084144035,0.13915422246166156,0.002207896060242691
(a),LCDF_01,VARIANT_MAIN,27,D2_seed20600611,0.3689903795524338,0.1412691671292735,0.0021743282857974535
(a),LCDF_01,VARIANT_MAIN,13,D2_seed20600611,0.3348064405920178,0.12507841608359335,0.002435366063976226
(a),LCDF_01,VARIANT_MAIN,5,D2_seed20600611,0.2972439011655248,0.10906497957479976,0.002697453167969648
(a),LCDF_01,VARIANT_MAIN,11,D2_seed20600611,0.3265737042933393,0.12150463728474067,0.0024942766401261467
(a),LCDF_01,VARIANT_MAIN,18,D2_seed20600611,0.35182091472218985,0.13267751613218678,0.002311217160110289
(a),LCDF_01,VARIANT_MAIN,6,D2_seed20600611,0.30259797139746325,0.11131014299800493,0.0026612662864216132
(a),LCDF_01,VARIANT_MAIN,29,D2_seed20600611,0.3703830322926689,0.14225433915277133,0.002158250530461918
(a),LCDF_01,VARIANT_LOW,21,D2_seed20600612,0.2561115858585868,0.10221261450048304,0.0013970071230933248
(a),LCDF_01,VARIANT_LOW,10,D2_seed20600612,0.2270282864008667,0.08970472337196658,0.001749882735379505
(a),LCDF_01,VARIANT_LOW,3,D2_seed20600612,0.1997721607228414,0.07828367051047995,0.0020055298322172238
(a),LCDF_01,VARIANT_LOW,14,D2_seed20600612,0.23964550876038515,0.09506361350551965,0.0016101779035508717
(a),LCDF_01,VARIANT_LOW,24,D2_seed20600612,0.26088044923764186,0.10436433259260278,0.001324447991509242
(a),LCDF_01,VARIANT_LOW,15,D2_seed20600612,0.24244346749865123,0.0962621125151282,0.0015768270728496669
(a),LCDF_01,VARIANT_LOW,2,D2_seed20600612,0.19537725147658175,0.07645518718777061,0.0020419188332075266
(a),LCDF_01,VARIANT_LOW,7,D2_seed20600612,0.21612309830513346,0.08511548166759193,0.001858858288949257
(a),LCDF_01,VARIANT_LOW,28,D2_seed20600612,0.2650363657119797,0.10635193238520216,0.0012514943114119428
(a),LCDF_01,VARIANT_LOW,16,D2_seed20600612,0.24509538613036935,0.0974026264568367,0.00154428591761469
(a),LCDF_01,VARIANT_LOW,22,D2_seed20600612,0.2578568534058046,0.10299203792604647,0.0013713091031071491
(a),LCDF_01,VARIANT_LOW,9,D2_seed20600612,0.22352713674189864,0.08822781338271928,0.0017859486631414169
(a),LCDF_01,VARIANT_LOW,30,D2_seed20600612,0.26615867108759783,0.106962447715927,0.0012267699411739482
(a),LCDF_01,VARIANT_LOW,26,D2_seed20600612,0.2632755439598698,0.10548519777572421,0.0012842686887596538
(a),LCDF_01,VARIANT_LOW,11,D2_seed20600612,0.2303926835090575,0.09112759904933894,0.0017141870347428818
(a),LCDF_01,VARIANT_LOW,23,D2_seed20600612,0.25944679387016717,0.10370942137365782,0.001347090519272069
(a),LCDF_01,VARIANT_LOW,4,D2_seed20600612,0.20404673803507573,0.08006500017141395,0.0019689525065454882
(a),LCDF_01,VARIANT_LOW,5,D2_seed20600612,0.20819840824788705,0.08179810303478673,0.001932263042230875
(a),LCDF_01,VARIANT_LOW,31,D2_seed20600612,0.2664794746067449,0.10717113915266088,0.00121759660253287
(a),LCDF_01,VARIANT_LOW,8,D2_seed20600612,0.2198913438916216,0.08669775887915655,0.0018223012590509475
(a),LCDF_01,VARIANT_LOW,12,D2_seed20600612,0.23361830107614628,0.09249558316308595,0.0016789464999369447
(a),LCDF_01,VARIANT_LOW,18,D2_seed20600612,0.2499548007588624,0.09950698581516576,0.0014820037402338525
(a),LCDF_01,VARIANT_LOW,6,D2_seed20600612,0.21222467021227207,0.08348193500717399,0.001895538792900068
(a),LCDF_01,VARIANT_LOW,0,D2_seed20600612,0.18623709857244614,0.07266119341441014,0.002113832988175371
(a),LCDF_01,VARIANT_LOW,27,D2_seed20600612,0.2642355401316113,0.10595047636542258,0.001266913266335544
(a),LCDF_01,VARIANT_LOW,25,D2_seed20600612,0.26215695565626307,0.10495637697119888,0.0013034765511191358
(a),LCDF_01,VARIANT_LOW,20,D2_seed20600612,0.25421204282719556,0.10137162072614492,0.0014240871785619483
(a),LCDF_01,VARIANT_LOW,19,D2_seed20600612,0.2521593688589667,0.10046956332684409,0.0014524517525417
(a),LCDF_01,VARIANT_LOW,13,D2_seed20600612,0.2367031957042159,0.0938078515245742,0.0016442475041153924
(a),LCDF_01,VARIANT_LOW,29,D2_seed20600612,0.26567753814853984,0.10668932393500637,0.0012380897244694523
(a),LCDF_01,VARIANT_LOW,17,D2_seed20600612,0.2475996668416693,0.09848446816405408,0.0015126468536785158
(a),LCDF_01,VARIANT_LOW,1,D2_seed20600612,0.19086465792708776,0.07458065173489799,0.002078044494519059
(a),LCDF_01,VARIANT_MAIN,1,D2_seed20600612,0.254487831747466,0.09944150402697008,0.0028483895433308636
(a),LCDF_01,VARIANT_MAIN,22,D2_seed20600612,0.34381345038434674,0.13732442449225782,0.0022368481011910773
(a),LCDF_01,VARIANT_MAIN,4,D2_seed20600612,0.2720643288619609,0.10675412239631286,0.0027343618485484184
(a),LCDF_01,VARIANT_MAIN,9,D2_seed20600612,0.29803888447922416,0.11763814596136721,0.002557959365445767
(a),LCDF_01,VARIANT_MAIN,20,D2_seed20600612,0.33895350367004695,0.13516378646152974,0.0022712524965928485
(a),LCDF_01,VARIANT_MAIN,16,D2_seed20600612,0.32679749561604576,0.12987160597935968,0.0023567682318186445
(a),LCDF_01,VARIANT_MAIN,30,D2_seed20600612,0.3548830372004313,0.14261852019480561,0.00215203562118915
(a),LCDF_01,VARIANT_MAIN,31,D2_seed20600612,0.3553107985935265,0.14289678804101089,0.0021470122037933396
(a),LCDF_01,VARIANT_MAIN,26,D2_seed20600612,0.3510386849413162,0.14064876992208356,0.0021842339570892345
(a),LCDF_01,VARIANT_MAIN,0,D2_seed20600612,0.24831762912427668,0.0968821776243109,0.002887135279702624
(a),LCDF_01,VARIANT_MAIN,8,D2_seed20600612,0.29319102075516235,0.11559801797933558,0.002591433216031943
(a),LCDF_01,VARIANT_MAIN,17,D2_seed20600612,0.33013666019973004,0.13131411123480488,0.002333296610550928
(a),LCDF_01,VARIANT_MAIN,12,D2_seed20600612,0.3114941870540992,0.1233286708218191,0.002464197348755729
(a),LCDF_01,VARIANT_MAIN,7,D2_seed20600612,0.2881665537718311,0.11348825992300439,0.002625896504493144
(a),LCDF_01,VARIANT_MAIN,15,D2_seed20600612,0.32326147653995735,0.12835086965799214,0.0023816188308595
(a),LCDF_01,VARIANT_MAIN,25,D2_seed20600612,0.3495471669544239,0.13994364670819012,0.002195415238455323
(a),LCDF_01,VARIANT_MAIN,10,D2_seed20600612,0.3027072238104589,0.11960741459582275,0.002525550958640207
(a),LCDF_01,VARIANT_MAIN,21,D2_seed20600612,0.34148633054116284,0.13628515354811283,0.0022533603946099643
(a),LCDF_01,VARIANT_MAIN,28,D2_seed20600612,0.3533865561306532,0.14180446441542224,0.0021656746150370753
(a),LCDF_01,VARIANT_MAIN,19,D2_seed20600612,0.33621649628629896,0.13396099903548983,0.0022905359529741495
(a),LCDF_01,VARIANT_MAIN,3,D2_seed20600612,0.2663647594324131,0.10437896376101892,0.002771891704970016
(a),LCDF_01,VARIANT_MAIN,2,D2_seed20600612,0.2605047501993381,0.10194093468271706,0.0028099374055137022
(a),LCDF_01,VARIANT_MAIN,14,D2_seed20600612,0.3195307339234298,0.1267528186932265,0.0024078276534041806
(a),LCDF_01,VARIANT_MAIN,23,D2_seed20600612,0.3459334606403272,0.13828097295927808,0.002221699752922158
(a),LCDF_01,VARIANT_MAIN,24,D2_seed20600612,0.3478450835550517,0.13915422246166156,0.002207896060242691
(a),LCDF_01,VARIANT_MAIN,27,D2_seed20600612,0.35231873851803824,0.1412691671292735,0.0021743282857974535
(a),LCDF_01,VARIANT_MAIN,13,D2_seed20600612,0.3156075160256262,0.12507841608359335,0.002435366063976226
(a),LCDF_01,VARIANT_MAIN,5,D2_seed20600612,0.2776000244976191,0.10906497957479976,0.002697453167969648
(a),LCDF_01,VARIANT_MAIN,11,D2_seed20600612,0.3071932257343671,0.12150463728474067,0.0024942766401261467
(a),LCDF_01,VARIANT_MAIN,18,D2_seed20600612,0.3332769579363219,0.13267751613218678,0.002311217160110289
(a),LCDF_01,VARIANT_MAIN,6,D2_seed20600612,0.28296851101565357,0.11131014299800493,0.0026612662864216132
(a),LCDF_01,VARIANT_MAIN,29,D2_seed20600612,0.3542414941380508,0.14225433915277133,0.002158250530461918
(a),LCDF_01,VARIANT_LOW,21,D2_seed20600613,0.26887869951672444,0.10221261450048304,0.0013970071230933248
(a),LCDF_01,VARIANT_LOW,10,D2_seed20600613,0.2414530459908515,0.08970472337196658,0.001749882735379505
(a),LCDF_01,VARIANT_LOW,3,D2_seed20600613,0.21471221559343018,0.07828367051047995,0.0020055298322172238
(a),LCDF_01,VARIANT_LOW,14,D2_seed20600613,0.2535836392475357,0.09506361350551965,0.0016101779035508717
(a),LCDF_01,VARIANT_LOW,24,D2_seed20600613,0.2730282136705827,0.10436433259260278,0.001324447991509242
(a),LCDF_01,VARIANT_LOW,15,D2_seed20600613,0.25623875714840244,0.0962621125151282,0.0015768270728496669
(a),LCDF_01,VARIANT_LOW,2,D2_seed20600613,0.21035520579201006,0.07645518718777061,0.0020419188332075266
(a),LCDF_01,VARIANT_LOW,7,D2_seed20600613,0.23082187973167173,0.08511548166759193,0.001858858288949257
(a),LCDF_01,VARIANT_LOW,28,D2_seed20600613,0.2762565678508747,0.10635193238520216,0.0012514943114119428
(a),LCDF_01,VARIANT_LOW,16,D2_seed20600613,0.2587395259534104,0.0974026264568367,0.00154428591761469
(a),LCDF_01,VARIANT_LOW,22,D2_seed20600613,0.2704250459108361,0.10299203792604647,0.0013713091031071491
(a),LCDF_01,VARIANT_LOW,9,D2_seed20600613,0.2380520036751673,0.08822781338271928,0.0017859486631414169
(a),LCDF_01,VARIANT_LOW,30,D2_seed20600613,0.2768739728823768,0.106962447715927,0.0012267699411739482
(a),LCDF_01,VARIANT_LOW,26,D2_seed20600613,0.2749736172685083,0.10548519777572421,0.0012842686887596538
(a),LCDF_01,VARIANT_LOW,11,D2_seed20600613,0.24470864766482212,0.09112759904933894,0.0017141870347428818
(a),LCDF_01,VARIANT_LOW,23,D2_seed20600613,0.2718084951852654,0.10370942137365782,0.001347090519272069
(a),LCDF_01,VARIANT_LOW,4,D2_seed20600613,0.21893989492886895,0.08006500017141395,0.0019689525065454882
(a),LCDF_01,VARIANT_LOW,5,D2_seed20600613,0.2230356969008508,0.08179810303478673,0.001932263042230875
(a),LCDF_01,VARIANT_LOW,31,D2_seed20600613,0.2769325678148385,0.10717113915266088,0.00121759660253287
(a),LCDF_01,VARIANT_LOW,8,D2_seed20600613,0.23450756978051007,0.08669775887915655,0.0018223012590509475
(a),LCDF_01,VARIANT_LOW,12,D2_seed20600613,0.24781684723356354,0.09249558316308595,0.0016789464999369447
(a),LCDF_01,VARIANT_LOW,18,D2_seed20600613,0.2632720830081513,0.09950698581516576,0.0014820037402338525
(a),LCDF_01,VARIANT_LOW,6,D2_seed20600613,0.2269971540274452,0.08348193500717399,0.001895538792900068
(a),LCDF_01,VARIANT_LOW,0,D2_seed20600613,0.20126377020294398,0.07266119341441014,0.002113832988175371
(a),LCDF_01,VARIANT_LOW,27,D2_seed20600613,0.27569812999052806,0.10595047636542258,0.001266913266335544
(a),LCDF_01,VARIANT_LOW,25,D2_seed20600613,0.2740834663425727,0.10495637697119888,0.0013034765511191358
(a),LCDF_01,VARIANT_LOW,20,D2_seed20600613,0.2671703878149776,0.10137162072614492,0.0014240871785619483
(a),LCDF_01,VARIANT_LOW,19,D2_seed20600613,0.2653011401962602,0.10046956332684409,0.0014524517525417
(a),LCDF_01,VARIANT_LOW,13,D2_seed20600613,0.2507757720168014,0.0938078515245742,0.0016442475041153924
(a),LCDF_01,VARIANT_LOW,29,D2_seed20600613,0.2766485942563986,0.10668932393500637,0.0012380897244694523
(a),LCDF_01,VARIANT_LOW,17,D2_seed20600613,0.2610844388736927,0.09848446816405408,0.0015126468536785158
(a),LCDF_01,VARIANT_LOW,1,D2_seed20600613,0.20587149030337823,0.07458065173489799,0.002078044494519059
(a),LCDF_01,VARIANT_MAIN,1,D2_seed20600613,0.27449669813704425,0.09944150402697008,0.0028483895433308636
(a),LCDF_01,VARIANT_MAIN,22,D2_seed20600613,0.3605708814579169,0.13732442449225782,0.0022368481011910773
(a),LCDF_01,VARIANT_MAIN,4,D2_seed20600613,0.29192162389797116,0.10675412239631286,0.0027343618485484184
(a),LCDF_01,VARIANT_MAIN,9,D2_seed20600613,0.3174051318662447,0.11763814596136721,0.002557959365445767
(a),LCDF_01,VARIANT_MAIN,20,D2_seed20600613,0.35623111957904985,0.13516378646152974,0.0022712524965928485
(a),LCDF_01,VARIANT_MAIN,16,D2_seed20600613,0.3449894734711064,0.12987160597935968,0.0023567682318186445
(a),LCDF_01,VARIANT_MAIN,30,D2_seed20600613,0.3691700362416458,0.14261852019480561,0.00215203562118915
(a),LCDF_01,VARIANT_MAIN,31,D2_seed20600613,0.36924819854922636,0.14289678804101089,0.0021470122037933396
(a),LCDF_01,VARIANT_MAIN,26,D2_seed20600613,0.36663599894930193,0.14064876992208356,0.0021842339570892345
(a),LCDF_01,VARIANT_MAIN,0,D2_seed20600613,0.2683529504186424,0.0968821776243109,0.002887135279702624
(a),LCDF_01,VARIANT_MAIN,8,D2_seed20600613,0.3126790777185152,0.11559801797933558,0.002591433216031943
(a),LCDF_01,VARIANT_MAIN,17,D2_seed20600613,0.34811615468848844,0.13131411123480488,0.002333296610550928
(a),LCDF_01,VARIANT_MAIN,12,D2_seed20600613,0.33042535081905583,0.1233286708218191,0.002464197348755729
(a),LCDF_01,VARIANT_MAIN,7,D2_seed20600613,0.3077646830379327,0.11348825992300439,0.002625896504493144
(a),LCDF_01,VARIANT_MAIN,15,D2_seed20600613,0.34165498101678793,0.12835086965799214,0.0023816188308595
(a),LCDF_01,VARIANT_MAIN,25,D2_seed20600613,0.36544905311351816,0.13994364670819012,0.002195415238455323
(a),LCDF_01,VARIANT_MAIN,10,D2_seed20600613,0.3219399977170922,0.11960741459582275,0.002525550958640207
(a),LCDF_01,VARIANT_MAIN,21,D2_seed20600613,0.35850898035737494,0.13628515354811283,0.0022533603946099643
(a),LCDF_01,VARIANT_MAIN,28,D2_seed20600613,0.36834673156597103,0.14180446441542224,0.0021656746150370753
(a),LCDF_01,VARIANT_MAIN,19,D2_seed20600613,0.35373867211722587,0.13396099903548983,0.0022905359529741495
(a),LCDF_01,VARIANT_MAIN,3,D2_seed20600613,0.28628458583763927,0.10437896376101892,0.002771891704970016
(a),LCDF_01,VARIANT_MAIN,2,D2_seed20600613,0.28047511054709745,0.10194093468271706,0.0028099374055137022
(a),LCDF_01,VARIANT_MAIN,14,D2_seed20600613,0.3381146869254226,0.1267528186932265,0.0024078276534041806
(a),LCDF_01,VARIANT_MAIN,23,D2_seed20600613,0.36241558001455737,0.13828097295927808,0.002221699752922158
(a),LCDF_01,VARIANT_MAIN,24,D2_seed20600613,0.3640419640425502,0.13915422246166156,0.002207896060242691
(a),LCDF_01,VARIANT_MAIN,27,D2_seed20600613,0.36760208593759064,0.1412691671292735,0.0021743282857974535
(a),LCDF_01,VARIANT_MAIN,13,D2_seed20600613,0.3343707247724858,0.12507841608359335,0.002435366063976226
(a),LCDF_01,VARIANT_MAIN,5,D2_seed20600613,0.29738282843151226,0.10906497957479976,0.002697453167969648
(a),LCDF_01,VARIANT_MAIN,11,D2_seed20600613,0.32628094264636903,0.12150463728474067,0.0024942766401261467
(a),LCDF_01,VARIANT_MAIN,18,D2_seed20600613,0.35103314026171367,0.13267751613218678,0.002311217160110289
(a),LCDF_01,VARIANT_MAIN,6,D2_seed20600613,0.3026649090056699,0.11131014299800493,0.0026612662864216132
(a),LCDF_01,VARIANT_MAIN,29,D2_seed20600613,0.36886948677741793,0.14225433915277133,0.002158250530461918
(a),LCDF_01,VARIANT_LOW,21,D3_seed20600611,0.3262564655362757,0.10221261450048304,0.0013970071230933248
(a),LCDF_01,VARIANT_LOW,10,D3_seed20600611,0.26045212482248903,0.08970472337196658,0.001749882735379505
(a),LCDF_01,VARIANT_LOW,3,D3_seed20600611,0.20839027614953487,0.07828367051047995,0.0020055298322172238
(a),LCDF_01,VARIANT_LOW,14,D3_seed20600611,0.2868482326083174,0.09506361350551965,0.0016101779035508717
(a),LCDF_01,VARIANT_LOW,24,D3_seed20600611,0.3402630517851128,0.10436433259260278,0.001324447991509242
(a),LCDF_01,VARIANT_LOW,15,D3_seed20600611,0.29302499997264697,0.0962621125151282,0.0015768270728496669
(a),LCDF_01,VARIANT_LOW,2,D3_seed20600611,0.20041377849634598,0.07645518718777061,0.0020419188332075266
(a),LCDF_01,VARIANT_LOW,7,D3_seed20600611,0.23899421848125252,0.08511548166759193,0.001858858288949257
(a),LCDF_01,VARIANT_LOW,28,D3_seed20600611,0.3560586585259319,0.10635193238520216,0.0012514943114119428
(a),LCDF_01,VARIANT_LOW,16,D3_seed20600611,0.2990252678311163,0.0974026264568367,0.00154428591761469
(a),LCDF_01,VARIANT_LOW,22,D3_seed20600611,0.3311257124413153,0.10299203792604647,0.0013713091031071491
(a),LCDF_01,VARIANT_LOW,9,D3_seed20600611,0.25345071436406347,0.08822781338271928,0.0017859486631414169
(a),LCDF_01,VARIANT_LOW,30,D3_seed20600611,0.36267887693582496,0.106962447715927,0.0012267699411739482
(a),LCDF_01,VARIANT_LOW,26,D3_seed20600611,0.34858071233060606,0.10548519777572421,0.0012842686887596538
(a),LCDF_01,VARIANT_LOW,11,D3_seed20600611,0.26729665609646314,0.09112759904933894,0.0017141870347428818
(a),LCDF_01,VARIANT_LOW,23,D3_seed20600611,0.3357955120322958,0.10370942137365782,0.001347090519272069
(a),LCDF_01,VARIANT_LOW,4,D3_seed20600611,0.2162412598032703,0.08006500017141395,0.0019689525065454882
(a),LCDF_01,VARIANT_LOW,5,D3_seed20600611,0.22396199900779407,0.08179810303478673,0.001932263042230875
(a),LCDF_01,VARIANT_LOW,31,D3_seed20600611,0.3656622726705106,0.10717113915266088,0.00121759660253287
(a),LCDF_01,VARIANT_LOW,8,D3_seed20600611,0.2462966423448838,0.08669775887915655,0.0018223012590509475
(a),LCDF_01,VARIANT_LOW,12,D3_seed20600611,0.2739801851802585,0.09249558316308595,0.0016789464999369447
(a),LCDF_01,VARIANT_LOW,18,D3_seed20600611,0.3104819573952531,0.09950698581516576,0.0014820037402338525
(a),LCDF_01,VARIANT_LOW,6,D3_seed20600611,0.23154784200045136,0.08348193500717399,0.001895538792900068
(a),LCDF_01,VARIANT_LOW,0,D3_seed20600611,0.1840861974674137,0.07266119341441014,0.002113832988175371
(a),LCDF_01,VARIANT_LOW,27,D3_seed20600611,0.35242582348482365,0.10595047636542258,0.001266913266335544
(a),LCDF_01,VARIANT_LOW,25,D3_seed20600611,0.3445256409839051,0.10495637697119888,0.0013034765511191358
(a),LCDF_01,VARIANT_LOW,20,D3_seed20600611,0.3211907039629707,0.10137162072614492,0.0014240871785619483
(a),LCDF_01,VARIANT_LOW,19,D3_seed20600611,0.3159314787328841,0.10046956332684409,0.0014524517525417
(a),LCDF_01,VARIANT_LOW,13,D3_seed20600611,0.2804986861564561,0.0938078515245742,0.0016442475041153924
(a),LCDF_01,VARIANT_LOW,29,D3_seed20600611,0.35947702934096515,0.10668932393500637,0.0012380897244694523
(a),LCDF_01,VARIANT_LOW,17,D3_seed20600611,0.3048454221400332,0.09848446816405408,0.0015126468536785158
(a),LCDF_01,VARIANT_LOW,1,D3_seed20600611,0.19231657316000728,0.07458065173489799,0.002078044494519059
(a),LCDF_01,VARIANT_MAIN,1,D3_seed20600611,0.256418831352252,0.09944150402697008,0.0028483895433308636
(a),LCDF_01,VARIANT_MAIN,22,D3_seed20600611,0.44149120215384735,0.13732442449225782,0.0022368481011910773
(a),LCDF_01,VARIANT_MAIN,4,D3_seed20600611,0.28831765997622877,0.10675412239631286,0.0027343618485484184
(a),LCDF_01,VARIANT_MAIN,9,D3_seed20600611,0.3379287551770766,0.11763814596136721,0.002557959365445767
(a),LCDF_01,VARIANT_MAIN,20,D3_seed20600611,0.4282450917687478,0.13516378646152974,0.0022712524965928485
(a),LCDF_01,VARIANT_MAIN,16,D3_seed20600611,0.3986924560020305,0.12987160597935968,0.0023567682318186445
(a),LCDF_01,VARIANT_MAIN,30,D3_seed20600611,0.48356063971115737,0.14261852019480561,0.00215203562118915
(a),LCDF_01,VARIANT_MAIN,31,D3_seed20600611,0.48753843714719575,0.14289678804101089,0.0021470122037933396
(a),LCDF_01,VARIANT_MAIN,26,D3_seed20600611,0.4647636202940979,0.14064876992208356,0.0021842339570892345
(a),LCDF_01,VARIANT_MAIN,0,D3_seed20600611,0.24543772584202264,0.0968821776243109,0.002887135279702624
(a),LCDF_01,VARIANT_MAIN,8,D3_seed20600611,0.32839031506008415,0.11559801797933558,0.002591433216031943
(a),LCDF_01,VARIANT_MAIN,17,D3_seed20600611,0.40645232897033884,0.13131411123480488,0.002333296610550928
(a),LCDF_01,VARIANT_MAIN,12,D3_seed20600611,0.3653003771698018,0.1233286708218191,0.002464197348755729
(a),LCDF_01,VARIANT_MAIN,7,D3_seed20600611,0.31865406358359655,0.11348825992300439,0.002625896504493144
(a),LCDF_01,VARIANT_MAIN,15,D3_seed20600611,0.39069243696163497,0.12835086965799214,0.0023816188308595
(a),LCDF_01,VARIANT_MAIN,25,D3_seed20600611,0.4593570553160793,0.13994364670819012,0.002195415238455323
(a),LCDF_01,VARIANT_MAIN,10,D3_seed20600611,0.3472636391302546,0.11960741459582275,0.002525550958640207
(a),LCDF_01,VARIANT_MAIN,21,D3_seed20600611,0.4349991491048913,0.13628515354811283,0.0022533603946099643
(a),LCDF_01,VARIANT_MAIN,28,D3_seed20600611,0.47473389501945695,0.14180446441542224,0.0021656746150370753
(a),LCDF_01,VARIANT_MAIN,19,D3_seed20600611,0.4212330962161754,0.13396099903548983,0.0022905359529741495
(a),LCDF_01,VARIANT_MAIN,3,D3_seed20600611,0.27784994752868614,0.10437896376101892,0.002771891704970016
(a),LCDF_01,VARIANT_MAIN,2,D3_seed20600611,0.26721486872769257,0.10194093468271706,0.0028099374055137022
(a),LCDF_01,VARIANT_MAIN,14,D3_seed20600611,0.38245708858830585,0.1267528186932265,0.0024078276534041806
(a),LCDF_01,VARIANT_MAIN,23,D3_seed20600611,0.44771734261585594,0.13828097295927808,0.002221699752922158
(a),LCDF_01,VARIANT_MAIN,24,D3_seed20600611,0.4536738222918489,0.13915422246166156,0.002207896060242691
(a),LCDF_01,VARIANT_MAIN,27,D3_seed20600611,0.46989026234048675,0.1412691671292735,0.0021743282857974535
(a),LCDF_01,VARIANT_MAIN,13,D3_seed20600611,0.37399136948716094,0.12507841608359335,0.002435366063976226
(a),LCDF_01,VARIANT_MAIN,5,D3_seed20600611,0.29861169960564954,0.10906497957479976,0.002697453167969648
(a),LCDF_01,VARIANT_MAIN,11,D3_seed20600611,0.356389345011941,0.12150463728474067,0.0024942766401261467
(a),LCDF_01,VARIANT_MAIN,18,D3_seed20600611,0.4139673838665811,0.13267751613218678,0.002311217160110289
(a),LCDF_01,VARIANT_MAIN,6,D3_seed20600611,0.30872586501957133,0.11131014299800493,0.0026612662864216132
(a),LCDF_01,VARIANT_MAIN,29,D3_seed20600611,0.47929160218294775,0.14225433915277133,0.002158250530461918
(a),LCDF_01,VARIANT_LOW,21,D3_seed20600612,0.32979422245455325,0.10221261450048304,0.0013970071230933248
(a),LCDF_01,VARIANT_LOW,10,D3_seed20600612,0.25876949657949927,0.08970472337196658,0.001749882735379505
(a),LCDF_01,VARIANT_LOW,3,D3_seed20600612,0.20342445700850825,0.07828367051047995,0.0020055298322172238
(a),LCDF_01,VARIANT_LOW,14,D3_seed20600612,0.2870702093668586,0.09506361350551965,0.0016101779035508717
(a),LCDF_01,VARIANT_LOW,24,D3_seed20600612,0.3451949161175194,0.10436433259260278,0.001324447991509242
(a),LCDF_01,VARIANT_LOW,15,D3_seed20600612,0.29372345848594666,0.0962621125151282,0.0015768270728496669
(a),LCDF_01,VARIANT_LOW,2,D3_seed20600612,0.19498873409959297,0.07645518718777061,0.0020419188332075266
(a),LCDF_01,VARIANT_LOW,7,D3_seed20600612,0.23589267814906767,0.08511548166759193,0.001858858288949257
(a),LCDF_01,VARIANT_LOW,28,D3_seed20600612,0.36280569256458245,0.10635193238520216,0.0012514943114119428
(a),LCDF_01,VARIANT_LOW,16,D3_seed20600612,0.30019975801190135,0.0974026264568367,0.00154428591761469
(a),LCDF_01,VARIANT_LOW,22,D3_seed20600612,0.3351307294596892,0.10299203792604647,0.0013713091031071491
(a),LCDF_01,VARIANT_LOW,9,D3_seed20600612,0.25129372192143945,0.08822781338271928,0.0017859486631414169
(a),LCDF_01,VARIANT_LOW,30,D3_seed20600612,0.3703098363826716,0.106962447715927,0.0012267699411739482
(a),LCDF_01,VARIANT_LOW,26,D3_seed20600612,0.3544273214777071,0.10548519777572421,0.0012842686887596538
(a),LCDF_01,VARIANT_LOW,11,D3_seed20600612,0.26608939810055454,0.09112759904933894,0.0017141870347428818
(a),LCDF_01,VARIANT_LOW,23,D3_seed20600612,0.340265325596509,0.10370942137365782,0.001347090519272069
(a),LCDF_01,VARIANT_LOW,4,D3_seed20600612,0.2117376891579523,0.08006500017141395,0.0019689525065454882
(a),LCDF_01,VARIANT_LOW,5,D3_seed20600612,0.2199234153210848,0.08179810303478673,0.001932263042230875
(a),LCDF_01,VARIANT_LOW,31,D3_seed20600612,0.3737283380385961,0.10717113915266088,0.00121759660253287
(a),LCDF_01,VARIANT_LOW,8,D3_seed20600612,0.24366658248505,0.08669775887915655,0.0018223012590509475
(a),LCDF_01,VARIANT_LOW,12,D3_seed20600612,0.27324901234564636,0.09249558316308595,0.0016789464999369447
(a),LCDF_01,VARIANT_LOW,18,D3_seed20600612,0.312605999364106,0.09950698581516576,0.0014820037402338525
(a),LCDF_01,VARIANT_LOW,6,D3_seed20600612,0.2279766975584501,0.08348193500717399,0.001895538792900068
(a),LCDF_01,VARIANT_LOW,0,D3_seed20600612,0.17777024551450177,0.07266119341441014,0.002113832988175371
(a),LCDF_01,VARIANT_LOW,27,D3_seed20600612,0.35872457223951054,0.10595047636542258,0.001266913266335544
(a),LCDF_01,VARIANT_LOW,25,D3_seed20600612,0.34991652995074396,0.10495637697119888,0.0013034765511191358
(a),LCDF_01,VARIANT_LOW,20,D3_seed20600612,0.32425902114808086,0.10137162072614492,0.0014240871785619483
(a),LCDF_01,VARIANT_LOW,19,D3_seed20600612,0.31852846200035134,0.10046956332684409,0.0014524517525417
(a),LCDF_01,VARIANT_LOW,13,D3_seed20600612,0.2802440220410744,0.0938078515245742,0.0016442475041153924
(a),LCDF_01,VARIANT_LOW,29,D3_seed20600612,0.36666822311962294,0.10668932393500637,0.0012380897244694523
(a),LCDF_01,VARIANT_LOW,17,D3_seed20600612,0.30649520341528624,0.09848446816405408,0.0015126468536785158
(a),LCDF_01,VARIANT_LOW,1,D3_seed20600612,0.18643560997693914,0.07458065173489799,0.002078044494519059
(a),LCDF_01,VARIANT_MAIN,1,D3_seed20600612,0.24860159333547546,0.09944150402697008,0.0028483895433308636
(a),LCDF_01,VARIANT_MAIN,22,D3_seed20600612,0.4468730735970371,0.13732442449225782,0.0022368481011910773
(a),LCDF_01,VARIANT_MAIN,4,D3_seed20600612,0.28234026063966455,0.10675412239631286,0.0027343618485484184
(a),LCDF_01,VARIANT_MAIN,9,D3_seed20600612,0.3350852440933935,0.11763814596136721,0.002557959365445767
(a),LCDF_01,VARIANT_MAIN,20,D3_seed20600612,0.4323770318385334,0.13516378646152974,0.0022712524965928485
(a),LCDF_01,VARIANT_MAIN,16,D3_seed20600612,0.40029678901646665,0.12987160597935968,0.0023567682318186445
(a),LCDF_01,VARIANT_MAIN,30,D3_seed20600612,0.4937793430748777,0.14261852019480561,0.00215203562118915
(a),LCDF_01,VARIANT_MAIN,31,D3_seed20600612,0.4983373650678687,0.14289678804101089,0.0021470122037933396
(a),LCDF_01,VARIANT_MAIN,26,D3_seed20600612,0.47260242053643237,0.14064876992208356,0.0021842339570892345
(a),LCDF_01,VARIANT_MAIN,0,D3_seed20600612,0.23704686504784014,0.0968821776243109,0.002887135279702624
(a),LCDF_01,VARIANT_MAIN,8,D3_seed20600612,0.32491507586956164,0.11559801797933558,0.002591433216031943
(a),LCDF_01,VARIANT_MAIN,17,D3_seed20600612,0.4086910714427428,0.13131411123480488,0.002333296610550928
(a),LCDF_01,VARIANT_MAIN,12,D3_seed20600612,0.36436068603905963,0.1233286708218191,0.002464197348755729
(a),LCDF_01,VARIANT_MAIN,7,D3_seed20600612,0.3145491840934581,0.11348825992300439,0.002625896504493144
(a),LCDF_01,VARIANT_MAIN,15,D3_seed20600612,0.3916613332013673,0.12835086965799214,0.0023816188308595
(a),LCDF_01,VARIANT_MAIN,25,D3_seed20600612,0.46658792645260794,0.13994364670819012,0.002195415238455323
(a),LCDF_01,VARIANT_MAIN,10,D3_seed20600612,0.34505355512771774,0.11960741459582275,0.002525550958640207
(a),LCDF_01,VARIANT_MAIN,21,D3_seed20600612,0.4397575295476309,0.13628515354811283,0.0022533603946099643
(a),LCDF_01,VARIANT_MAIN,28,D3_seed20600612,0.4837737341205288,0.14180446441542224,0.0021656746150370753
(a),LCDF_01,VARIANT_MAIN,19,D3_seed20600612,0.4247360275834814,0.13396099903548983,0.0022905359529741495
(a),LCDF_01,VARIANT_MAIN,3,D3_seed20600612,0.27125512706187854,0.10437896376101892,0.002771891704970016
(a),LCDF_01,VARIANT_MAIN,2,D3_seed20600612,0.2600066418853619,0.10194093468271706,0.0028099374055137022
(a),LCDF_01,VARIANT_MAIN,14,D3_seed20600612,0.38278990906089044,0.1267528186932265,0.0024078276534041806
(a),LCDF_01,VARIANT_MAIN,23,D3_seed20600612,0.45371937677889623,0.13828097295927808,0.002221699752922158
(a),LCDF_01,VARIANT_MAIN,24,D3_seed20600612,0.4602923143435025,0.13915422246166156,0.002207896060242691
(a),LCDF_01,VARIANT_MAIN,27,D3_seed20600612,0.47833217354831276,0.1412691671292735,0.0021743282857974535
(a),LCDF_01,VARIANT_MAIN,13,D3_seed20600612,0.37368786429302064,0.12507841608359335,0.002435366063976226
(a),LCDF_01,VARIANT_MAIN,5,D3_seed20600612,0.29325535378767514,0.10906497957479976,0.002697453167969648
(a),LCDF_01,VARIANT_MAIN,11,D3_seed20600612,0.35481399760939647,0.12150463728474067,0.0024942766401261467
(a),LCDF_01,VARIANT_MAIN,18,D3_seed20600612,0.4168391211552994,0.13267751613218678,0.002311217160110289
(a),LCDF_01,VARIANT_MAIN,6,D3_seed20600612,0.30399382101875955,0.11131014299800493,0.0026612662864216132
(a),LCDF_01,VARIANT_MAIN,29,D3_seed20600612,0.4889238246149534,0.14225433915277133,0.002158250530461918
(a),LCDF_01,VARIANT_LOW,21,D3_seed20600613,0.36085422468607625,0.10221261450048304,0.0013970071230933248
(a),LCDF_01,VARIANT_LOW,10,D3_seed20600613,0.3063705933011787,0.08970472337196658,0.001749882735379505
(a),LCDF_01,VARIANT_LOW,3,D3_seed20600613,0.2598219798729141,0.07828367051047995,0.0020055298322172238
(a),LCDF_01,VARIANT_LOW,14,D3_seed20600613,0.32899684184999795,0.09506361350551965,0.0016101779035508717
(a),LCDF_01,VARIANT_LOW,24,D3_seed20600613,0.37129832307895,0.10436433259260278,0.001324447991509242
(a),LCDF_01,VARIANT_LOW,15,D3_seed20600613,0.3341661605047779,0.0962621125151282,0.0015768270728496669
(a),LCDF_01,VARIANT_LOW,2,D3_seed20600613,0.2525135728243172,0.07645518718777061,0.0020419188332075266
(a),LCDF_01,VARIANT_LOW,7,D3_seed20600613,0.28745152490616693,0.08511548166759193,0.001858858288949257
(a),LCDF_01,VARIANT_LOW,28,D3_seed20600613,0.3820853143533705,0.10635193238520216,0.0012514943114119428
(a),LCDF_01,VARIANT_LOW,16,D3_seed20600613,0.33913417363768755,0.0974026264568367,0.00154428591761469
(a),LCDF_01,VARIANT_LOW,22,D3_seed20600613,0.3645559072259626,0.10299203792604647,0.0013713091031071491
(a),LCDF_01,VARIANT_LOW,9,D3_seed20600613,0.30024383282868045,0.08822781338271928,0.0017859486631414169
(a),LCDF_01,VARIANT_LOW,30,D3_seed20600613,0.3861038972304007,0.106962447715927,0.0012267699411739482
(a),LCDF_01,VARIANT_LOW,26,D3_seed20600613,0.3771461558416989,0.10548519777572421,0.0012842686887596538
(a),LCDF_01,VARIANT_LOW,11,D3_seed20600613,0.31231279857859595,0.09112759904933894,0.0017141870347428818
(a),LCDF_01,VARIANT_LOW,23,D3_seed20600613,0.3680379726915484,0.10370942137365782,0.001347090519272069
(a),LCDF_01,VARIANT_LOW,4,D3_seed20600613,0.2669747054045221,0.08006500017141395,0.0019689525065454882
(a),LCDF_01,VARIANT_LOW,5,D3_seed20600613,0.2739667091040753,0.08179810303478673,0.001932263042230875
(a),LCDF_01,VARIANT_LOW,31,D3_seed20600613,0.3877648595242713,0.10717113915266088,0.00121759660253287
(a),LCDF_01,VARIANT_LOW,8,D3_seed20600613,0.29393620954153377,0.08669775887915655,0.0018223012590509475
(a),LCDF_01,VARIANT_LOW,12,D3_seed20600613,0.3180668675851956,0.09249558316308595,0.0016789464999369447
(a),LCDF_01,VARIANT_LOW,18,D3_seed20600613,0.34845443185422836,0.09950698581516576,0.0014820037402338525
(a),LCDF_01,VARIANT_LOW,6,D3_seed20600613,0.2807936871884945,0.08348193500717399,0.001895538792900068
(a),LCDF_01,VARIANT_LOW,0,D3_seed20600613,0.2374457658823208,0.07266119341441014,0.002113832988175371
(a),LCDF_01,VARIANT_LOW,27,D3_seed20600613,0.3797301148985337,0.10595047636542258,0.001266913266335544
(a),LCDF_01,VARIANT_LOW,25,D3_seed20600613,0.3743349939966075,0.10495637697119888,0.0013034765511191358
(a),LCDF_01,VARIANT_LOW,20,D3_seed20600613,0.3569351554289517,0.10137162072614492,0.0014240871785619483
(a),LCDF_01,VARIANT_LOW,19,D3_seed20600613,0.35280106082756724,0.10046956332684409,0.0014524517525417
(a),LCDF_01,VARIANT_LOW,13,D3_seed20600613,0.3236293327019149,0.0938078515245742,0.0016442475041153924
(a),LCDF_01,VARIANT_LOW,29,D3_seed20600613,0.38421033522798576,0.10668932393500637,0.0012380897244694523
(a),LCDF_01,VARIANT_LOW,17,D3_seed20600613,0.34389788758702655,0.09848446816405408,0.0015126468536785158
(a),LCDF_01,VARIANT_LOW,1,D3_seed20600613,0.24505317214757505,0.07458065173489799,0.002078044494519059
(a),LCDF_01,VARIANT_MAIN,1,D3_seed20600613,0.32674985382577004,0.09944150402697008,0.0028483895433308636
(a),LCDF_01,VARIANT_MAIN,22,D3_seed20600613,0.4860882454501658,0.13732442449225782,0.0022368481011910773
(a),LCDF_01,VARIANT_MAIN,4,D3_seed20600613,0.35597825255151444,0.10675412239631286,0.0027343618485484184
(a),LCDF_01,VARIANT_MAIN,9,D3_seed20600613,0.40033775339696615,0.11763814596136721,0.002557959365445767
(a),LCDF_01,VARIANT_MAIN,20,D3_seed20600613,0.47592719785308524,0.13516378646152974,0.0022712524965928485
(a),LCDF_01,VARIANT_MAIN,16,D3_seed20600613,0.4521923688585416,0.12987160597935968,0.0023567682318186445
(a),LCDF_01,VARIANT_MAIN,30,D3_seed20600613,0.5148189629501518,0.14261852019480561,0.00215203562118915
(a),LCDF_01,VARIANT_MAIN,31,D3_seed20600613,0.5170335886505788,0.14289678804101089,0.0021470122037933396
(a),LCDF_01,VARIANT_MAIN,26,D3_seed20600613,0.50287528349774,0.14064876992208356,0.0021842339570892345
(a),LCDF_01,VARIANT_MAIN,0,D3_seed20600613,0.3166062019185269,0.0968821776243109,0.002887135279702624
(a),LCDF_01,VARIANT_MAIN,8,D3_seed20600613,0.39192740252153174,0.11559801797933558,0.002591433216031943
(a),LCDF_01,VARIANT_MAIN,17,D3_seed20600613,0.45854404911257385,0.13131411123480488,0.002333296610550928
(a),LCDF_01,VARIANT_MAIN,12,D3_seed20600613,0.42410224979930766,0.1233286708218191,0.002464197348755729
(a),LCDF_01,VARIANT_MAIN,7,D3_seed20600613,0.38328095050308825,0.11348825992300439,0.002625896504493144
(a),LCDF_01,VARIANT_MAIN,15,D3_seed20600613,0.4455682777166232,0.12835086965799214,0.0023816188308595
(a),LCDF_01,VARIANT_MAIN,25,D3_seed20600613,0.49912706141036245,0.13994364670819012,0.002195415238455323
(a),LCDF_01,VARIANT_MAIN,10,D3_seed20600613,0.4085069351188079,0.11960741459582275,0.002525550958640207
(a),LCDF_01,VARIANT_MAIN,21,D3_seed20600613,0.4811526491542487,0.13628515354811283,0.0022533603946099643
(a),LCDF_01,VARIANT_MAIN,28,D3_seed20600613,0.5094608389666393,0.14180446441542224,0.0021656746150370753
(a),LCDF_01,VARIANT_MAIN,19,D3_seed20600613,0.47041503887418795,0.13396099903548983,0.0022905359529741495
(a),LCDF_01,VARIANT_MAIN,3,D3_seed20600613,0.346442008999088,0.10437896376101892,0.002771891704970016
(a),LCDF_01,VARIANT_MAIN,2,D3_seed20600613,0.3366970819787335,0.10194093468271706,0.0028099374055137022
(a),LCDF_01,VARIANT_MAIN,14,D3_seed20600613,0.4386757660868955,0.1267528186932265,0.0024078276534041806
(a),LCDF_01,VARIANT_MAIN,23,D3_seed20600613,0.49073101406985037,0.13828097295927808,0.002221699752922158
(a),LCDF_01,VARIANT_MAIN,24,D3_seed20600613,0.49507815877180605,0.13915422246166156,0.002207896060242691
(a),LCDF_01,VARIANT_MAIN,27,D3_seed20600613,0.5063205676566399,0.1412691671292735,0.0021743282857974535
(a),LCDF_01,VARIANT_MAIN,13,D3_seed20600613,0.4315189862329142,0.12507841608359335,0.002435366063976226
(a),LCDF_01,VARIANT_MAIN,5,D3_seed20600613,0.3653007245665232,0.10906497957479976,0.002697453167969648
(a),LCDF_01,VARIANT_MAIN,11,D3_seed20600613,0.41643002523452605,0.12150463728474067,0.0024942766401261467
(a),LCDF_01,VARIANT_MAIN,18,D3_seed20600613,0.4646194923253297,0.13267751613218678,0.002311217160110289
(a),LCDF_01,VARIANT_MAIN,6,D3_seed20600613,0.37440360787446486,0.11131014299800493,0.0026612662864216132
(a),LCDF_01,VARIANT_MAIN,29,D3_seed20600613,0.5122942061996608,0.14225433915277133,0.002158250530461918
(b),LCDF_04,VARIANT_LOW,17,D1_seed20600611,0.5901903629480904,0.2146273599196348,0.5020794756233582
(b),LCDF_04,VARIANT_LOW,2,D1_seed20600611,0.5979296448183804,0.21326972265077748,0.5043477316472191
(b),LCDF_04,VARIANT_LOW,6,D1_seed20600611,0.603844731966513,0.2165045876036983,0.5037647775003684
(b),LCDF_04,VARIANT_LOW,16,D1_seed20600611,0.5932339163276186,0.21545082965208312,0.502229042428962
(b),LCDF_04,VARIANT_LOW,3,D1_seed20600611,0.5999507849414584,0.214272552122522,0.5042060212078501
(b),LCDF_04,VARIANT_LOW,12,D1_seed20600611,0.6018241445259387,0.21744311418535564,0.5028420223789278
(b),LCDF_04,VARIANT_LOW,7,D1_seed20600611,0.6044169490070822,0.21698828770536466,0.5036134995623948
(b),LCDF_04,VARIANT_LOW,28,D1_seed20600611,0.5338354319873956,0.19720070079987295,0.5006545079303969
(b),LCDF_04,VARIANT_LOW,11,D1_seed20600611,0.6030692117088685,0.21761428638934513,0.502997094063231
(b),LCDF_04,VARIANT_LOW,15,D1_seed20600611,0.5959205874067082,0.21614451859990855,0.5023804483055587
(b),LCDF_04,VARIANT_LOW,31,D1_seed20600611,0.5115238311323482,0.18988947010065177,0.5003686120143603
(b),LCDF_04,VARIANT_LOW,21,D1_seed20600611,0.5744873574069482,0.21004676080514295,0.501506761963812
(b),LCDF_04,VARIANT_LOW,20,D1_seed20600611,0.5789378896466904,0.21138361585131507,0.5016454053314873
(b),LCDF_04,VARIANT_LOW,30,D1_seed20600611,0.5192746344949036,0.19244295692844016,0.5004578392257275
(b),LCDF_04,VARIANT_LOW,26,D1_seed20600611,0.5471127193169067,0.20148336992212554,0.5008738361383337
(b),LCDF_04,VARIANT_LOW,0,D1_seed20600611,0.5928096393431684,0.21087934487844232,0.5046210541702424
(b),LCDF_04,VARIANT_LOW,27,D1_seed20600611,0.5406365993459711,0.19940209172318454,0.5007614685327764
(b),LCDF_04,VARIANT_LOW,23,D1_seed20600611,0.5645525693018502,0.20699435650859074,0.5012405768641354
(b),LCDF_04,VARIANT_LOW,13,D1_seed20600611,0.6002170005133097,0.2171409610050118,0.5026873089385104
(b),LCDF_04,VARIANT_LOW,8,D1_seed20600611,0.6046255216712632,0.2173412808481807,0.503460723976207
(b),LCDF_04,VARIANT_LOW,25,D1_seed20600611,0.5532598690434717,0.20344328160397204,0.5009913364277292
(b),LCDF_04,VARIANT_LOW,18,D1_seed20600611,0.5867917679967669,0.21367460547902292,0.501932110050087
(b),LCDF_04,VARIANT_LOW,19,D1_seed20600611,0.5830401871066957,0.21259314029015708,0.5017873028637433
(b),LCDF_04,VARIANT_LOW,5,D1_seed20600611,0.6029092165398735,0.21589047194037575,0.503914194889008
(b),LCDF_04,VARIANT_LOW,10,D1_seed20600611,0.6039514492737611,0.21765437450170427,0.5031521502466177
(b),LCDF_04,VARIANT_LOW,22,D1_seed20600611,0.5696912831962102,0.2085833805010873,0.5013717096590817
(b),LCDF_04,VARIANT_LOW,4,D1_seed20600611,0.6016109705516953,0.2151463106781564,0.5040613936170916
(b),LCDF_04,VARIANT_LOW,9,D1_seed20600611,0.6044703238246838,0.21756335437577243,0.5033068175738225
(b),LCDF_04,VARIANT_LOW,14,D1_seed20600611,0.5982487514230604,0.21670800887036692,0.5025333269749
(b),LCDF_04,VARIANT_LOW,24,D1_seed20600611,0.5590743258518657,0.2052806460861169,0.5011136827532511
(b),LCDF_04,VARIANT_LOW,29,D1_seed20600611,0.5267133381501895,0.19488052330041924,0.5005532156261215
(b),LCDF_04,VARIANT_LOW,1,D1_seed20600611,0.59554878302321,0.21213842639514274,0.5044861861940053
(b),LCDF_04,VARIANT_MAIN,17,D1_seed20600611,0.7869242585542275,0.2861712121047477,0.6694404269947866
(b),LCDF_04,VARIANT_MAIN,31,D1_seed20600611,0.6820343017935021,0.25318699443993026,0.667158911697293
(b),LCDF_04,VARIANT_MAIN,19,D1_seed20600611,0.7773905703024716,0.28345888650020257,0.6690508306406049
(b),LCDF_04,VARIANT_MAIN,16,D1_seed20600611,0.7909823805079935,0.2872691850146589,0.6696398625024661
(b),LCDF_04,VARIANT_MAIN,2,D1_seed20600611,0.7972433488391544,0.28436099275720444,0.6724647193988147
(b),LCDF_04,VARIANT_MAIN,3,D1_seed20600611,0.7999382467912326,0.28569811649523635,0.6722757912020689
(b),LCDF_04,VARIANT_MAIN,26,D1_seed20600611,0.7294866880978575,0.26864568810897577,0.6678327032105601
(b),LCDF_04,VARIANT_MAIN,21,D1_seed20600611,0.7659866532918903,0.28006367327509357,0.6686767353913781
(b),LCDF_04,VARIANT_MAIN,18,D1_seed20600611,0.7823927414659005,0.2849008574839557,0.6692439242785625
(b),LCDF_04,VARIANT_MAIN,7,D1_seed20600611,0.8058932398933004,0.2893191475570947,0.671485817573954
(b),LCDF_04,VARIANT_MAIN,9,D1_seed20600611,0.8059644221814073,0.2900859150236201,0.6710769222762935
(b),LCDF_04,VARIANT_MAIN,5,D1_seed20600611,0.8038828865398183,0.28785537235053416,0.6718867214236318
(b),LCDF_04,VARIANT_MAIN,29,D1_seed20600611,0.7022871991523022,0.25984179880722463,0.6674051158048477
(b),LCDF_04,VARIANT_MAIN,23,D1_seed20600611,0.7527401037220599,0.2759937532009087,0.6683217740158763
(b),LCDF_04,VARIANT_MAIN,22,D1_seed20600611,0.7595918074755694,0.2781124765351211,0.6684966425376562
(b),LCDF_04,VARIANT_MAIN,8,D1_seed20600611,0.8061713481987093,0.28978981216921695,0.6712821249806652
(b),LCDF_04,VARIANT_MAIN,11,D1_seed20600611,0.804096260464671,0.2901538271222779,0.6706639620741205
(b),LCDF_04,VARIANT_MAIN,20,D1_seed20600611,0.7719207711364059,0.28184616789413247,0.6688616145285871
(b),LCDF_04,VARIANT_MAIN,14,D1_seed20600611,0.7976689090277362,0.28894544398192723,0.6700455946105522
(b),LCDF_04,VARIANT_MAIN,12,D1_seed20600611,0.8024361541952307,0.2899255954342849,0.6704571984485317
(b),LCDF_04,VARIANT_MAIN,27,D1_seed20600611,0.7208517597652527,0.26587062027175884,0.6676828495472293
(b),LCDF_04,VARIANT_MAIN,13,D1_seed20600611,0.800293271804136,0.28952272014912267,0.6702509100728883
(b),LCDF_04,VARIANT_MAIN,25,D1_seed20600611,0.7376829859000509,0.2712589327166542,0.6679893993146024
(b),LCDF_04,VARIANT_MAIN,10,D1_seed20600611,0.8052725868608513,0.29020727771685123,0.6708707026168288
(b),LCDF_04,VARIANT_MAIN,28,D1_seed20600611,0.7117834317867698,0.26293540106030866,0.6675402042310058
(b),LCDF_04,VARIANT_MAIN,4,D1_seed20600611,0.8021518625129552,0.2868631436617673,0.6720829714566043
(b),LCDF_04,VARIANT_MAIN,24,D1_seed20600611,0.7454356892136235,0.27370877972526175,0.6681525555186566
(b),LCDF_04,VARIANT_MAIN,1,D1_seed20600611,0.7940688159475383,0.28285257803536173,0.6726493044926805
(b),LCDF_04,VARIANT_MAIN,0,D1_seed20600611,0.7904165680861119,0.281173781113904,0.6728291056895864
(b),LCDF_04,VARIANT_MAIN,15,D1_seed20600611,0.794564652835952,0.2881941147203483,0.669841747850517
(b),LCDF_04,VARIANT_MAIN,30,D1_seed20600611,0.6923688178436102,0.25659167725672694,0.6672779145608718
(b),LCDF_04,VARIANT_MAIN,6,D1_seed20600611,0.8051302655308373,0.2886742047605917,0.6716875109918945
(b),LCDF_04,VARIANT_LOW,17,D1_seed20600612,0.5986531436403107,0.2146273599196348,0.5020794756233582
(b),LCDF_04,VARIANT_LOW,2,D1_seed20600612,0.6029215333954676,0.21326972265077748,0.5043477316472191
(b),LCDF_04,VARIANT_LOW,6,D1_seed20600612,0.6098503668782788,0.2165045876036983,0.5037647775003684
(b),LCDF_04,VARIANT_LOW,16,D1_seed20600612,0.6014965928370786,0.21545082965208312,0.502229042428962
(b),LCDF_04,VARIANT_LOW,3,D1_seed20600612,0.605201094288526,0.214272552122522,0.5042060212078501
(b),LCDF_04,VARIANT_LOW,12,D1_seed20600612,0.6092372104518633,0.21744311418535564,0.5028420223789278
(b),LCDF_04,VARIANT_LOW,7,D1_seed20600612,0.6106671990724145,0.21698828770536466,0.5036134995623948
(b),LCDF_04,VARIANT_LOW,28,D1_seed20600612,0.5441335864825705,0.19720070079987295,0.5006545079303969
(b),LCDF_04,VARIANT_LOW,11,D1_seed20600612,0.6102582222185662,0.21761428638934513,0.502997094063231
(b),LCDF_04,VARIANT_LOW,15,D1_seed20600612,0.6039781139656971,0.21614451859990855,0.5023804483055587
(b),LCDF_04,VARIANT_LOW,31,D1_seed20600612,0.5221954589966407,0.18988947010065177,0.5003686120143603
(b),LCDF_04,VARIANT_LOW,21,D1_seed20600612,0.5836976995100414,0.21004676080514295,0.501506761963812
(b),LCDF_04,VARIANT_LOW,20,D1_seed20600612,0.587969501996368,0.21138361585131507,0.5016454053314873
(b),LCDF_04,VARIANT_LOW,30,D1_seed20600612,0.529828215130803,0.19244295692844016,0.5004578392257275
(b),LCDF_04,VARIANT_LOW,26,D1_seed20600612,0.557130226192089,0.20148336992212554,0.5008738361383337
(b),LCDF_04,VARIANT_LOW,0,D1_seed20600612,0.5972756414552617,0.21087934487844232,0.5046210541702424
(b),LCDF_04,VARIANT_LOW,27,D1_seed20600612,0.5507975394942441,0.19940209172318454,0.5007614685327764
(b),LCDF_04,VARIANT_LOW,23,D1_seed20600612,0.5741033850673155,0.20699435650859074,0.5012405768641354
(b),LCDF_04,VARIANT_LOW,13,D1_seed20600612,0.6078495926168285,0.2171409610050118,0.5026873089385104
(b),LCDF_04,VARIANT_LOW,8,D1_seed20600612,0.6111165611516706,0.2173412808481807,0.503460723976207
(b),LCDF_04,VARIANT_LOW,25,D1_seed20600612,0.5631278142921684,0.20344328160397204,0.5009913364277292
(b),LCDF_04,VARIANT_LOW,18,D1_seed20600612,0.5954494850007085,0.21367460547902292,0.501932110050087
(b),LCDF_04,VARIANT_LOW,19,D1_seed20600612,0.5918875533847539,0.21259314029015708,0.5017873028637433
(b),LCDF_04,VARIANT_LOW,5,D1_seed20600612,0.6086665581907176,0.21589047194037575,0.503914194889008
(b),LCDF_04,VARIANT_LOW,10,D1_seed20600612,0.6109120109394842,0.21765437450170427,0.5031521502466177
(b),LCDF_04,VARIANT_LOW,22,D1_seed20600612,0.5790747287241014,0.2085833805010873,0.5013717096590817
(b),LCDF_04,VARIANT_LOW,4,D1_seed20600612,0.6071164884074475,0.2151463106781564,0.5040613936170916
(b),LCDF_04,VARIANT_LOW,9,D1_seed20600612,0.6111981815534615,0.21756335437577243,0.5033068175738225
(b),LCDF_04,VARIANT_LOW,14,D1_seed20600612,0.6060962072515085,0.21670800887036692,0.5025333269749
(b),LCDF_04,VARIANT_LOW,24,D1_seed20600612,0.5687866750021371,0.2052806460861169,0.5011136827532511
(b),LCDF_04,VARIANT_LOW,29,D1_seed20600612,0.537142400786405,0.19488052330041924,0.5005532156261215
(b),LCDF_04,VARIANT_LOW,1,D1_seed20600612,0.6002791834263675,0.21213842639514274,0.5044861861940053
(b),LCDF_04,VARIANT_MAIN,17,D1_seed20600612,0.7982079579109421,0.2861712121047477,0.6694404269947866
(b),LCDF_04,VARIANT_MAIN,31,D1_seed20600612,0.6962631559959288,0.25318699443993026,0.667158911697293
(b),LCDF_04,VARIANT_MAIN,19,D1_seed20600612,0.7891870529270388,0.28345888650020257,0.6690508306406049
(b),LCDF_04,VARIANT_MAIN,16,D1_seed20600612,0.8019992732284634,0.2872691850146589,0.6696398625024661
(b),LCDF_04,VARIANT_MAIN,2,D1_seed20600612,0.803899184371942,0.28436099275720444,0.6724647193988147
(b),LCDF_04,VARIANT_MAIN,3,D1_seed20600612,0.8069386425521733,0.28569811649523635,0.6722757912020689
(b),LCDF_04,VARIANT_MAIN,26,D1_seed20600612,0.7428433702480994,0.26864568810897577,0.6678327032105601
(b),LCDF_04,VARIANT_MAIN,21,D1_seed20600612,0.7782671066349152,0.28006367327509357,0.6686767353913781
(b),LCDF_04,VARIANT_MAIN,18,D1_seed20600612,0.7939363570885801,0.2849008574839557,0.6692439242785625
(b),LCDF_04,VARIANT_MAIN,7,D1_seed20600612,0.8142268937281821,0.2893191475570947,0.671485817573954
(b),LCDF_04,VARIANT_MAIN,9,D1_seed20600612,0.8149348861122765,0.2900859150236201,0.6710769222762935
(b),LCDF_04,VARIANT_MAIN,5,D1_seed20600612,0.8115593298065701,0.28785537235053416,0.6718867214236318
(b),LCDF_04,VARIANT_MAIN,29,D1_seed20600612,0.7161926286483487,0.25984179880722463,0.6674051158048477
(b),LCDF_04,VARIANT_MAIN,23,D1_seed20600612,0.7654745253211986,0.2759937532009087,0.6683217740158763
(b),LCDF_04,VARIANT_MAIN,22,D1_seed20600612,0.7721030670215631,0.2781124765351211,0.6684966425376562
(b),LCDF_04,VARIANT_MAIN,8,D1_seed20600612,0.8148260544603477,0.28978981216921695,0.6712821249806652
(b),LCDF_04,VARIANT_MAIN,11,D1_seed20600612,0.8136815951773944,0.2901538271222779,0.6706639620741205
(b),LCDF_04,VARIANT_MAIN,20,D1_seed20600612,0.7839629166102369,0.28184616789413247,0.6688616145285871
(b),LCDF_04,VARIANT_MAIN,14,D1_seed20600612,0.8081321724424008,0.28894544398192723,0.6700455946105522
(b),LCDF_04,VARIANT_MAIN,12,D1_seed20600612,0.8123202298661915,0.2899255954342849,0.6704571984485317
(b),LCDF_04,VARIANT_MAIN,27,D1_seed20600612,0.7343996883345604,0.26587062027175884,0.6676828495472293
(b),LCDF_04,VARIANT_MAIN,13,D1_seed20600612,0.810470049582443,0.28952272014912267,0.6702509100728883
(b),LCDF_04,VARIANT_MAIN,25,D1_seed20600612,0.7508402505596848,0.2712589327166542,0.6679893993146024
(b),LCDF_04,VARIANT_MAIN,10,D1_seed20600612,0.814553322844338,0.29020727771685123,0.6708707026168288
(b),LCDF_04,VARIANT_MAIN,28,D1_seed20600612,0.7255143149380471,0.26293540106030866,0.6675402042310058
(b),LCDF_04,VARIANT_MAIN,4,D1_seed20600612,0.8094925388996211,0.2868631436617673,0.6720829714566043
(b),LCDF_04,VARIANT_MAIN,24,D1_seed20600612,0.7583854904894761,0.27370877972526175,0.6681525555186566
(b),LCDF_04,VARIANT_MAIN,1,D1_seed20600612,0.8003760015033925,0.28285257803536173,0.6726493044926805
(b),LCDF_04,VARIANT_MAIN,0,D1_seed20600612,0.796371223654339,0.281173781113904,0.6728291056895864
(b),LCDF_04,VARIANT_MAIN,15,D1_seed20600612,0.805308011356188,0.2881941147203483,0.669841747850517
(b),LCDF_04,VARIANT_MAIN,30,D1_seed20600612,0.7064402735296886,0.25659167725672694,0.6672779145608718
(b),LCDF_04,VARIANT_MAIN,6,D1_seed20600612,0.8131377660852773,0.2886742047605917,0.6716875109918945
(b),LCDF_04,VARIANT_LOW,17,D1_seed20600613,0.59597311254039,0.2146273599196348,0.5020794756233582
(b),LCDF_04,VARIANT_LOW,2,D1_seed20600613,0.601252921103791,0.21326972265077748,0.5043477316472191
(b),LCDF_04,VARIANT_LOW,6,D1_seed20600613,0.6078678442837339,0.2165045876036983,0.5037647775003684
(b),LCDF_04,VARIANT_LOW,16,D1_seed20600613,0.598868944055321,0.21545082965208312,0.502229042428962
(b),LCDF_04,VARIANT_LOW,3,D1_seed20600613,0.6034512846690838,0.214272552122522,0.5042060212078501
(b),LCDF_04,VARIANT_LOW,12,D1_seed20600613,0.606841995464386,0.21744311418535564,0.5028420223789278
(b),LCDF_04,VARIANT_LOW,7,D1_seed20600613,0.6086108704690512,0.21698828770536466,0.5036134995623948
(b),LCDF_04,VARIANT_LOW,28,D1_seed20600613,0.5410437713921005,0.19720070079987295,0.5006545079303969
(b),LCDF_04,VARIANT_LOW,11,D1_seed20600613,0.6079266297556929,0.21761428638934513,0.502997094063231
(b),LCDF_04,VARIANT_LOW,15,D1_seed20600613,0.6014051804378348,0.21614451859990855,0.5023804483055587
(b),LCDF_04,VARIANT_LOW,31,D1_seed20600613,0.5190516906007242,0.18988947010065177,0.5003686120143603
(b),LCDF_04,VARIANT_LOW,21,D1_seed20600613,0.5808323249241882,0.21004676080514295,0.501506761963812
(b),LCDF_04,VARIANT_LOW,20,D1_seed20600613,0.585146749162023,0.21138361585131507,0.5016454053314873
(b),LCDF_04,VARIANT_LOW,30,D1_seed20600613,0.5266994599846476,0.19244295692844016,0.5004578392257275
(b),LCDF_04,VARIANT_LOW,26,D1_seed20600613,0.5540908749187098,0.20148336992212554,0.5008738361383337
(b),LCDF_04,VARIANT_LOW,0,D1_seed20600613,0.5957746168798569,0.21087934487844232,0.5046210541702424
(b),LCDF_04,VARIANT_LOW,27,D1_seed20600613,0.5477315417996805,0.19940209172318454,0.5007614685327764
(b),LCDF_04,VARIANT_LOW,23,D1_seed20600613,0.5711604579197487,0.20699435650859074,0.5012405768641354
(b),LCDF_04,VARIANT_LOW,13,D1_seed20600613,0.6053929183872744,0.2171409610050118,0.5026873089385104
(b),LCDF_04,VARIANT_LOW,8,D1_seed20600613,0.6089883931728334,0.2173412808481807,0.503460723976207
(b),LCDF_04,VARIANT_LOW,25,D1_seed20600613,0.5601178888245358,0.20344328160397204,0.5009913364277292
(b),LCDF_04,VARIANT_LOW,18,D1_seed20600613,0.5927194471750505,0.21367460547902292,0.501932110050087
(b),LCDF_04,VARIANT_LOW,19,D1_seed20600613,0.5891099272827691,0.21259314029015708,0.5017873028637433
(b),LCDF_04,VARIANT_LOW,5,D1_seed20600613,0.6067597519437874,0.21589047194037575,0.503914194889008
(b),LCDF_04,VARIANT_LOW,10,D1_seed20600613,0.6086461619856673,0.21765437450170427,0.5031521502466177
(b),LCDF_04,VARIANT_LOW,22,D1_seed20600613,0.5761692812351177,0.2085833805010873,0.5013717096590817
(b),LCDF_04,VARIANT_LOW,4,D1_seed20600613,0.6052872670220034,0.2151463106781564,0.5040613936170916
(b),LCDF_04,VARIANT_LOW,9,D1_seed20600613,0.6090001548364993,0.21756335437577243,0.5033068175738225
(b),LCDF_04,VARIANT_LOW,14,D1_seed20600613,0.6035802793807884,0.21670800887036692,0.5025333269749
(b),LCDF_04,VARIANT_LOW,24,D1_seed20600613,0.5658089065558145,0.2052806460861169,0.5011136827532511
(b),LCDF_04,VARIANT_LOW,29,D1_seed20600613,0.534031648720194,0.19488052330041924,0.5005532156261215
(b),LCDF_04,VARIANT_LOW,1,D1_seed20600613,0.59869351302062,0.21213842639514274,0.5044861861940053
(b),LCDF_04,VARIANT_MAIN,17,D1_seed20600613,0.7946344728766138,0.2861712121047477,0.6694404269947866
(b),LCDF_04,VARIANT_MAIN,31,D1_seed20600613,0.6920714379908921,0.25318699443993026,0.667158911697293
(b),LCDF_04,VARIANT_MAIN,19,D1_seed20600613,0.7854834510002604,0.28345888650020257,0.6690508306406049
(b),LCDF_04,VARIANT_MAIN,16,D1_seed20600613,0.7984956267228751,0.2872691850146589,0.6696398625024661
(b),LCDF_04,VARIANT_MAIN,2,D1_seed20600613,0.8016742089481341,0.28436099275720444,0.6724647193988147
(b),LCDF_04,VARIANT_MAIN,3,D1_seed20600613,0.8046054050338693,0.28569811649523635,0.6722757912020689
(b),LCDF_04,VARIANT_MAIN,26,D1_seed20600613,0.7387908416725951,0.26864568810897577,0.6678327032105601
(b),LCDF_04,VARIANT_MAIN,21,D1_seed20600613,0.7744465173281595,0.28006367327509357,0.6686767353913781
(b),LCDF_04,VARIANT_MAIN,18,D1_seed20600613,0.7902962011991674,0.2849008574839557,0.6692439242785625
(b),LCDF_04,VARIANT_MAIN,7,D1_seed20600613,0.8114849713471678,0.2893191475570947,0.671485817573954
(b),LCDF_04,VARIANT_MAIN,9,D1_seed20600613,0.8120040438168279,0.2900859150236201,0.6710769222762935
(b),LCDF_04,VARIANT_MAIN,5,D1_seed20600613,0.8090167663976714,0.28785537235053416,0.6718867214236318
(b),LCDF_04,VARIANT_MAIN,29,D1_seed20600613,0.7120449186714259,0.25984179880722463,0.6674051158048477
(b),LCDF_04,VARIANT_MAIN,23,D1_seed20600613,0.7615505439388057,0.2759937532009087,0.6683217740158763
(b),LCDF_04,VARIANT_MAIN,22,D1_seed20600613,0.7682290527640501,0.2781124765351211,0.6684966425376562
(b),LCDF_04,VARIANT_MAIN,8,D1_seed20600613,0.8119883545789807,0.28978981216921695,0.6712821249806652
(b),LCDF_04,VARIANT_MAIN,11,D1_seed20600613,0.8105726711600367,0.2901538271222779,0.6706639620741205
(b),LCDF_04,VARIANT_MAIN,20,D1_seed20600613,0.7801991509080184,0.28184616789413247,0.6688616145285871
(b),LCDF_04,VARIANT_MAIN,14,D1_seed20600613,0.8047774787122987,0.28894544398192723,0.6700455946105522
(b),LCDF_04,VARIANT_MAIN,12,D1_seed20600613,0.8091264791748523,0.2899255954342849,0.6704571984485317
(b),LCDF_04,VARIANT_MAIN,27,D1_seed20600613,0.7303116376107222,0.26587062027175884,0.6676828495472293
(b),LCDF_04,VARIANT_MAIN,13,D1_seed20600613,0.8071943568500402,0.28952272014912267,0.6702509100728883
(b),LCDF_04,VARIANT_MAIN,25,D1_seed20600613,0.7468269501279267,0.2712589327166542,0.6679893993146024
(b),LCDF_04,VARIANT_MAIN,10,D1_seed20600613,0.8115320537364792,0.29020727771685123,0.6708707026168288
(b),LCDF_04,VARIANT_MAIN,28,D1_seed20600613,0.721394514240881,0.26293540106030866,0.6675402042310058
(b),LCDF_04,VARIANT_MAIN,4,D1_seed20600613,0.8070534203461974,0.2868631436617673,0.6720829714566043
(b),LCDF_04,VARIANT_MAIN,24,D1_seed20600613,0.7544150599796409,0.27370877972526175,0.6681525555186566
(b),LCDF_04,VARIANT_MAIN,1,D1_seed20600613,0.7982616145692956,0.28285257803536173,0.6726493044926805
(b),LCDF_04,VARIANT_MAIN,0,D1_seed20600613,0.7943696974374286,0.281173781113904,0.6728291056895864
(b),LCDF_04,VARIANT_MAIN,15,D1_seed20600613,0.8018773141886484,0.2881941147203483,0.669841747850517
(b),LCDF_04,VARIANT_MAIN,30,D1_seed20600613,0.7022685662596293,0.25659167725672694,0.6672779145608718
(b),LCDF_04,VARIANT_MAIN,6,D1_seed20600613,0.8104942494760687,0.2886742047605917,0.6716875109918945
(b),LCDF_04,VARIANT_LOW,17,D2_seed20600611,0.5902668830906552,0.2146273599196348,0.5020794756233582
(b),LCDF_04,VARIANT_LOW,2,D2_seed20600611,0.593720837522408,0.21326972265077748,0.5043477316472191
(b),LCDF_04,VARIANT_LOW,6,D2_seed20600611,0.6007517143617217,0.2165045876036983,0.5037647775003684
(b),LCDF_04,VARIANT_LOW,16,D2_seed20600611,0.5930202361282864,0.21545082965208312,0.502229042428962
(b),LCDF_04,VARIANT_LOW,3,D2_seed20600611,0.5960178872052507,0.214272552122522,0.5042060212078501
(b),LCDF_04,VARIANT_LOW,12,D2_seed20600611,0.6004502485176935,0.21744311418535564,0.5028420223789278
(b),LCDF_04,VARIANT_LOW,7,D2_seed20600611,0.6016073748828563,0.21698828770536466,0.5036134995623948
(b),LCDF_04,VARIANT_LOW,28,D2_seed20600611,0.5370448431763277,0.19720070079987295,0.5006545079303969
(b),LCDF_04,VARIANT_LOW,11,D2_seed20600611,0.6014062968479329,0.21761428638934513,0.502997094063231
(b),LCDF_04,VARIANT_LOW,15,D2_seed20600611,0.5954165870709854,0.21614451859990855,0.5023804483055587
(b),LCDF_04,VARIANT_LOW,31,D2_seed20600611,0.5155498672274705,0.18988947010065177,0.5003686120143603
(b),LCDF_04,VARIANT_LOW,21,D2_seed20600611,0.5757198939871649,0.21004676080514295,0.501506761963812
(b),LCDF_04,VARIANT_LOW,20,D2_seed20600611,0.5798824993655715,0.21138361585131507,0.5016454053314873
(b),LCDF_04,VARIANT_LOW,30,D2_seed20600611,0.5230310439269972,0.19244295692844016,0.5004578392257275
(b),LCDF_04,VARIANT_LOW,26,D2_seed20600611,0.5497660083350284,0.20148336992212554,0.5008738361383337
(b),LCDF_04,VARIANT_LOW,0,D2_seed20600611,0.5880560694133445,0.21087934487844232,0.5046210541702424
(b),LCDF_04,VARIANT_LOW,27,D2_seed20600611,0.5435689997530895,0.19940209172318454,0.5007614685327764
(b),LCDF_04,VARIANT_LOW,23,D2_seed20600611,0.5663577243244015,0.20699435650859074,0.5012405768641354
(b),LCDF_04,VARIANT_LOW,13,D2_seed20600611,0.5991327144962737,0.2171409610050118,0.5026873089385104
(b),LCDF_04,VARIANT_LOW,8,D2_seed20600611,0.6021008519052843,0.2173412808481807,0.503460723976207
(b),LCDF_04,VARIANT_LOW,25,D2_seed20600611,0.5556321264363242,0.20344328160397204,0.5009913364277292
(b),LCDF_04,VARIANT_LOW,18,D2_seed20600611,0.5871581896008513,0.21367460547902292,0.501932110050087
(b),LCDF_04,VARIANT_LOW,19,D2_seed20600611,0.5836960318310873,0.21259314029015708,0.5017873028637433
(b),LCDF_04,VARIANT_LOW,5,D2_seed20600611,0.5995343867949195,0.21589047194037575,0.503914194889008
(b),LCDF_04,VARIANT_LOW,10,D2_seed20600611,0.6020002826382512,0.21765437450170427,0.5031521502466177
(b),LCDF_04,VARIANT_LOW,22,D2_seed20600611,0.5712107283109122,0.2085833805010873,0.5013717096590817
(b),LCDF_04,VARIANT_LOW,4,D2_seed20600611,0.5979561268962059,0.2151463106781564,0.5040613936170916
(b),LCDF_04,VARIANT_LOW,9,D2_seed20600611,0.6022318475386034,0.21756335437577243,0.5033068175738225
(b),LCDF_04,VARIANT_LOW,14,D2_seed20600611,0.5974544897852011,0.21670800887036692,0.5025333269749
(b),LCDF_04,VARIANT_LOW,24,D2_seed20600611,0.5611638117683695,0.2052806460861169,0.5011136827532511
(b),LCDF_04,VARIANT_LOW,29,D2_seed20600611,0.5301974791360999,0.19488052330041924,0.5005532156261215
(b),LCDF_04,VARIANT_LOW,1,D2_seed20600611,0.591066364216597,0.21213842639514274,0.5044861861940053
(b),LCDF_04,VARIANT_MAIN,17,D2_seed20600611,0.7870264754571775,0.2861712121047477,0.6694404269947866
(b),LCDF_04,VARIANT_MAIN,31,D2_seed20600611,0.6874028006340607,0.25318699443993026,0.667158911697293
(b),LCDF_04,VARIANT_MAIN,19,D2_seed20600611,0.7782652614641056,0.28345888650020257,0.6690508306406049
(b),LCDF_04,VARIANT_MAIN,16,D2_seed20600611,0.790697642720691,0.2872691850146589,0.6696398625024661
(b),LCDF_04,VARIANT_MAIN,2,D2_seed20600611,0.7916314943476376,0.28436099275720444,0.6724647193988147
(b),LCDF_04,VARIANT_MAIN,3,D2_seed20600611,0.794694288812675,0.28569811649523635,0.6722757912020689
(b),LCDF_04,VARIANT_MAIN,26,D2_seed20600611,0.7330247748791047,0.26864568810897577,0.6678327032105601
(b),LCDF_04,VARIANT_MAIN,21,D2_seed20600611,0.767630307640778,0.28006367327509357,0.6686767353913781
(b),LCDF_04,VARIANT_MAIN,18,D2_seed20600611,0.7828815144601404,0.2849008574839557,0.6692439242785625
(b),LCDF_04,VARIANT_MAIN,7,D2_seed20600611,0.8021471260772804,0.2893191475570947,0.671485817573954
(b),LCDF_04,VARIANT_MAIN,9,D2_seed20600611,0.8029798115460032,0.2900859150236201,0.6710769222762935
(b),LCDF_04,VARIANT_MAIN,5,D2_seed20600611,0.7993830607306945,0.28785537235053416,0.6718867214236318
(b),LCDF_04,VARIANT_MAIN,29,D2_seed20600611,0.7069331400924731,0.25984179880722463,0.6674051158048477
(b),LCDF_04,VARIANT_MAIN,23,D2_seed20600611,0.7551472888747374,0.2759937532009087,0.6683217740158763
(b),LCDF_04,VARIANT_MAIN,22,D2_seed20600611,0.7616180264779636,0.2781124765351211,0.6684966425376562
(b),LCDF_04,VARIANT_MAIN,8,D2_seed20600611,0.8028051263871934,0.28978981216921695,0.6712821249806652
(b),LCDF_04,VARIANT_MAIN,11,D2_seed20600611,0.8018791056455605,0.2901538271222779,0.6706639620741205
(b),LCDF_04,VARIANT_MAIN,20,D2_seed20600611,0.7731805027675538,0.28184616789413247,0.6688616145285871
(b),LCDF_04,VARIANT_MAIN,14,D2_seed20600611,0.7966100207755791,0.28894544398192723,0.6700455946105522
(b),LCDF_04,VARIANT_MAIN,12,D2_seed20600611,0.8006043784626372,0.2899255954342849,0.6704571984485317
(b),LCDF_04,VARIANT_MAIN,27,D2_seed20600611,0.7247620128332714,0.26587062027175884,0.6676828495472293
(b),LCDF_04,VARIANT_MAIN,13,D2_seed20600611,0.7988476634995174,0.28952272014912267,0.6702509100728883
(b),LCDF_04,VARIANT_MAIN,25,D2_seed20600611,0.7408463455524906,0.2712589327166542,0.6679893993146024
(b),LCDF_04,VARIANT_MAIN,10,D2_seed20600611,0.8026710759255593,0.29020727771685123,0.6708707026168288
(b),LCDF_04,VARIANT_MAIN,28,D2_seed20600611,0.716063049762978,0.26293540106030866,0.6675402042310058
(b),LCDF_04,VARIANT_MAIN,4,D2_seed20600611,0.7972786642662105,0.2868631436617673,0.6720829714566043
(b),LCDF_04,VARIANT_MAIN,24,D2_seed20600611,0.7482220014418871,0.27370877972526175,0.6681525555186566
(b),LCDF_04,VARIANT_MAIN,1,D2_seed20600611,0.7880921296296183,0.28285257803536173,0.6726493044926805
(b),LCDF_04,VARIANT_MAIN,0,D2_seed20600611,0.7840783311196371,0.281173781113904,0.6728291056895864
(b),LCDF_04,VARIANT_MAIN,15,D2_seed20600611,0.7938928005898165,0.2881941147203483,0.669841747850517
(b),LCDF_04,VARIANT_MAIN,30,D2_seed20600611,0.6973777992787468,0.25659167725672694,0.6672779145608718
(b),LCDF_04,VARIANT_MAIN,6,D2_seed20600611,0.8010062079370603,0.2886742047605917,0.6716875109918945
(b),LCDF_04,VARIANT_LOW,17,D2_seed20600612,0.5811172881714599,0.2146273599196348,0.5020794756233582
(b),LCDF_04,VARIANT_LOW,2,D2_seed20600612,0.5800349562363685,0.21326972265077748,0.5043477316472191
(b),LCDF_04,VARIANT_LOW,6,D2_seed20600612,0.5881112641998825,0.2165045876036983,0.5037647775003684
(b),LCDF_04,VARIANT_LOW,16,D2_seed20600612,0.5835203008167474,0.21545082965208312,0.502229042428962
(b),LCDF_04,VARIANT_LOW,3,D2_seed20600612,0.582580953247416,0.214272552122522,0.5042060212078501
(b),LCDF_04,VARIANT_LOW,12,D2_seed20600612,0.5896110252338534,0.21744311418535564,0.5028420223789278
(b),LCDF_04,VARIANT_LOW,7,D2_seed20600612,0.5892484238449883,0.21698828770536466,0.5036134995623948
(b),LCDF_04,VARIANT_LOW,28,D2_seed20600612,0.5320839772923726,0.19720070079987295,0.5006545079303969
(b),LCDF_04,VARIANT_LOW,11,D2_seed20600612,0.5902487686817351,0.21761428638934513,0.502997094063231
(b),LCDF_04,VARIANT_LOW,15,D2_seed20600612,0.5855723156663155,0.21614451859990855,0.5023804483055587
(b),LCDF_04,VARIANT_LOW,31,D2_seed20600612,0.5118145503306816,0.18988947010065177,0.5003686120143603
(b),LCDF_04,VARIANT_LOW,21,D2_seed20600612,0.5680275056883612,0.21004676080514295,0.501506761963812
(b),LCDF_04,VARIANT_LOW,20,D2_seed20600612,0.5718178594459075,0.21138361585131507,0.5016454053314873
(b),LCDF_04,VARIANT_LOW,30,D2_seed20600612,0.5188842408798164,0.19244295692844016,0.5004578392257275
(b),LCDF_04,VARIANT_LOW,26,D2_seed20600612,0.5440045003749486,0.20148336992212554,0.5008738361383337
(b),LCDF_04,VARIANT_LOW,0,D2_seed20600612,0.573898044957899,0.21087934487844232,0.5046210541702424
(b),LCDF_04,VARIANT_LOW,27,D2_seed20600612,0.538206019976532,0.19940209172318454,0.5007614685327764
(b),LCDF_04,VARIANT_LOW,23,D2_seed20600612,0.5594244321004851,0.20699435650859074,0.5012405768641354
(b),LCDF_04,VARIANT_LOW,13,D2_seed20600612,0.5886185993098454,0.2171409610050118,0.5026873089385104
(b),LCDF_04,VARIANT_LOW,8,D2_seed20600612,0.5900311201571422,0.2173412808481807,0.503460723976207
(b),LCDF_04,VARIANT_LOW,25,D2_seed20600612,0.5494759052644673,0.20344328160397204,0.5009913364277292
(b),LCDF_04,VARIANT_LOW,18,D2_seed20600612,0.5783647316211306,0.21367460547902292,0.501932110050087
(b),LCDF_04,VARIANT_LOW,19,D2_seed20600612,0.5752642966643192,0.21259314029015708,0.5017873028637433
(b),LCDF_04,VARIANT_LOW,5,D2_seed20600612,0.5866203290515939,0.21589047194037575,0.503914194889008
(b),LCDF_04,VARIANT_LOW,10,D2_seed20600612,0.5905314438541246,0.21765437450170427,0.5031521502466177
(b),LCDF_04,VARIANT_LOW,22,D2_seed20600612,0.5638955295057494,0.2085833805010873,0.5013717096590817
(b),LCDF_04,VARIANT_LOW,4,D2_seed20600612,0.5847765202705445,0.2151463106781564,0.5040613936170916
(b),LCDF_04,VARIANT_LOW,9,D2_seed20600612,0.5904588797283217,0.21756335437577243,0.5033068175738225
(b),LCDF_04,VARIANT_LOW,14,D2_seed20600612,0.5872720912655159,0.21670800887036692,0.5025333269749
(b),LCDF_04,VARIANT_LOW,24,D2_seed20600612,0.5546169203484529,0.2052806460861169,0.5011136827532511
(b),LCDF_04,VARIANT_LOW,29,D2_seed20600612,0.5256420825365261,0.19488052330041924,0.5005532156261215
(b),LCDF_04,VARIANT_LOW,1,D2_seed20600612,0.5771400696080254,0.21213842639514274,0.5044861861940053
(b),LCDF_04,VARIANT_MAIN,17,D2_seed20600612,0.7748268754057469,0.2861712121047477,0.6694404269947866
(b),LCDF_04,VARIANT_MAIN,31,D2_seed20600612,0.6824218899850213,0.25318699443993026,0.667158911697293
(b),LCDF_04,VARIANT_MAIN,19,D2_seed20600612,0.767022750808819,0.28345888650020257,0.6690508306406049
(b),LCDF_04,VARIANT_MAIN,16,D2_seed20600612,0.778030950962645,0.2872691850146589,0.6696398625024661
(b),LCDF_04,VARIANT_MAIN,2,D2_seed20600612,0.7733839229435571,0.28436099275720444,0.6724647193988147
(b),LCDF_04,VARIANT_MAIN,3,D2_seed20600612,0.7767786235219619,0.28569811649523635,0.6722757912020689
(b),LCDF_04,VARIANT_MAIN,26,D2_seed20600612,0.7253423832127058,0.26864568810897577,0.6678327032105601
(b),LCDF_04,VARIANT_MAIN,21,D2_seed20600612,0.7573735373226272,0.28006367327509357,0.6686767353913781
(b),LCDF_04,VARIANT_MAIN,18,D2_seed20600612,0.7711567350497023,0.2849008574839557,0.6692439242785625
(b),LCDF_04,VARIANT_MAIN,7,D2_seed20600612,0.785668669052569,0.2893191475570947,0.671485817573954
(b),LCDF_04,VARIANT_MAIN,9,D2_seed20600612,0.7872826106864205,0.2900859150236201,0.6710769222762935
(b),LCDF_04,VARIANT_MAIN,5,D2_seed20600612,0.7821645139838033,0.28785537235053416,0.6718867214236318
(b),LCDF_04,VARIANT_MAIN,29,D2_seed20600612,0.7008588296060485,0.25984179880722463,0.6674051158048477
(b),LCDF_04,VARIANT_MAIN,23,D2_seed20600612,0.7459025932239624,0.2759937532009087,0.6683217740158763
(b),LCDF_04,VARIANT_MAIN,22,D2_seed20600612,0.7518641484772381,0.2781124765351211,0.6684966425376562
(b),LCDF_04,VARIANT_MAIN,8,D2_seed20600612,0.7867122679245687,0.28978981216921695,0.6712821249806652
(b),LCDF_04,VARIANT_MAIN,11,D2_seed20600612,0.787002434508335,0.2901538271222779,0.6706639620741205
(b),LCDF_04,VARIANT_MAIN,20,D2_seed20600612,0.7624274244789576,0.28184616789413247,0.6688616145285871
(b),LCDF_04,VARIANT_MAIN,14,D2_seed20600612,0.783033436011393,0.28894544398192723,0.6700455946105522
(b),LCDF_04,VARIANT_MAIN,12,D2_seed20600612,0.7861520851669687,0.2899255954342849,0.6704571984485317
(b),LCDF_04,VARIANT_MAIN,27,D2_seed20600612,0.7176109687009186,0.26587062027175884,0.6676828495472293
(b),LCDF_04,VARIANT_MAIN,13,D2_seed20600612,0.7848288188109556,0.28952272014912267,0.6702509100728883
(b),LCDF_04,VARIANT_MAIN,25,D2_seed20600612,0.7326376938386256,0.2712589327166542,0.6679893993146024
(b),LCDF_04,VARIANT_MAIN,10,D2_seed20600612,0.7873793523696185,0.29020727771685123,0.6708707026168288
(b),LCDF_04,VARIANT_MAIN,28,D2_seed20600612,0.7094481350339851,0.26293540106030866,0.6675402042310058
(b),LCDF_04,VARIANT_MAIN,4,D2_seed20600612,0.7797060775960295,0.2868631436617673,0.6720829714566043
(b),LCDF_04,VARIANT_MAIN,24,D2_seed20600612,0.7394924810991408,0.27370877972526175,0.6681525555186566
(b),LCDF_04,VARIANT_MAIN,1,D2_seed20600612,0.7695240298955683,0.28285257803536173,0.6726493044926805
(b),LCDF_04,VARIANT_MAIN,0,D2_seed20600612,0.7652012800698663,0.281173781113904,0.6728291056895864
(b),LCDF_04,VARIANT_MAIN,15,D2_seed20600612,0.7807670229856881,0.2881941147203483,0.669841747850517
(b),LCDF_04,VARIANT_MAIN,30,D2_seed20600612,0.6918482597656392,0.25659167725672694,0.6672779145608718
(b),LCDF_04,VARIANT_MAIN,6,D2_seed20600612,0.7841524453419569,0.2886742047605917,0.6716875109918945
(b),LCDF_04,VARIANT_LOW,17,D2_seed20600613,0.5857293959283936,0.2146273599196348,0.5020794756233582
(b),LCDF_04,VARIANT_LOW,2,D2_seed20600613,0.5901593372240096,0.21326972265077748,0.5043477316472191
(b),LCDF_04,VARIANT_LOW,6,D2_seed20600613,0.5968482069216605,0.2165045876036983,0.5037647775003684
(b),LCDF_04,VARIANT_LOW,16,D2_seed20600613,0.5885208396949936,0.21545082965208312,0.502229042428962
(b),LCDF_04,VARIANT_LOW,3,D2_seed20600613,0.5923655997740601,0.214272552122522,0.5042060212078501
(b),LCDF_04,VARIANT_LOW,12,D2_seed20600613,0.5961431324434595,0.21744311418535564,0.5028420223789278
(b),LCDF_04,VARIANT_LOW,7,D2_seed20600613,0.5976273107804848,0.21698828770536466,0.5036134995623948
(b),LCDF_04,VARIANT_LOW,28,D2_seed20600613,0.5323670767475024,0.19720070079987295,0.5006545079303969
(b),LCDF_04,VARIANT_LOW,11,D2_seed20600613,0.5971570224137996,0.21761428638934513,0.502997094063231
(b),LCDF_04,VARIANT_LOW,15,D2_seed20600613,0.5909593148025023,0.21614451859990855,0.5023804483055587
(b),LCDF_04,VARIANT_LOW,31,D2_seed20600613,0.5109276642365181,0.18988947010065177,0.5003686120143603
(b),LCDF_04,VARIANT_LOW,21,D2_seed20600613,0.5710712256037533,0.21004676080514295,0.501506761963812
(b),LCDF_04,VARIANT_LOW,20,D2_seed20600613,0.5752553630740131,0.21138361585131507,0.5016454053314873
(b),LCDF_04,VARIANT_LOW,30,D2_seed20600613,0.5183856058707531,0.19244295692844016,0.5004578392257275
(b),LCDF_04,VARIANT_LOW,26,D2_seed20600613,0.5450743443950257,0.20148336992212554,0.5008738361383337
(b),LCDF_04,VARIANT_LOW,0,D2_seed20600613,0.5846864725696964,0.21087934487844232,0.5046210541702424
(b),LCDF_04,VARIANT_LOW,27,D2_seed20600613,0.5388820105242806,0.19940209172318454,0.5007614685327764
(b),LCDF_04,VARIANT_LOW,23,D2_seed20600613,0.5616787839081682,0.20699435650859074,0.5012405768641354
(b),LCDF_04,VARIANT_LOW,13,D2_seed20600613,0.5947716239434472,0.2171409610050118,0.5026873089385104
(b),LCDF_04,VARIANT_LOW,8,D2_seed20600613,0.5980478914223846,0.2173412808481807,0.503460723976207
(b),LCDF_04,VARIANT_LOW,25,D2_seed20600613,0.5509402804524864,0.20344328160397204,0.5009913364277292
(b),LCDF_04,VARIANT_LOW,18,D2_seed20600613,0.5825866871853821,0.21367460547902292,0.501932110050087
(b),LCDF_04,VARIANT_LOW,19,D2_seed20600613,0.5790946320604565,0.21259314029015708,0.5017873028637433
(b),LCDF_04,VARIANT_LOW,5,D2_seed20600613,0.5957110550516486,0.21589047194037575,0.503914194889008
(b),LCDF_04,VARIANT_LOW,10,D2_seed20600613,0.5978126756105687,0.21765437450170427,0.5031521502466177
(b),LCDF_04,VARIANT_LOW,22,D2_seed20600613,0.5665447767175786,0.2085833805010873,0.5013717096590817
(b),LCDF_04,VARIANT_LOW,4,D2_seed20600613,0.5942165487884662,0.2151463106781564,0.5040613936170916
(b),LCDF_04,VARIANT_LOW,9,D2_seed20600613,0.5981096922927948,0.21756335437577243,0.5033068175738225
(b),LCDF_04,VARIANT_LOW,14,D2_seed20600613,0.5930433333395323,0.21670800887036692,0.5025333269749
(b),LCDF_04,VARIANT_LOW,24,D2_seed20600613,0.5564762237463685,0.2052806460861169,0.5011136827532511
(b),LCDF_04,VARIANT_LOW,29,D2_seed20600613,0.5255335422652326,0.19488052330041924,0.5005532156261215
(b),LCDF_04,VARIANT_LOW,1,D2_seed20600613,0.5875991073281331,0.21213842639514274,0.5044861861940053
(b),LCDF_04,VARIANT_MAIN,17,D2_seed20600613,0.780976408293157,0.2861712121047477,0.6694404269947866
(b),LCDF_04,VARIANT_MAIN,31,D2_seed20600613,0.6812397565910818,0.25318699443993026,0.667158911697293
(b),LCDF_04,VARIANT_MAIN,19,D2_seed20600613,0.7721299738249665,0.28345888650020257,0.6690508306406049
(b),LCDF_04,VARIANT_MAIN,16,D2_seed20600613,0.7846983649962571,0.2872691850146589,0.6696398625024661
(b),LCDF_04,VARIANT_MAIN,2,D2_seed20600613,0.7868827629967734,0.28436099275720444,0.6724647193988147
(b),LCDF_04,VARIANT_MAIN,3,D2_seed20600613,0.7898245072835218,0.28569811649523635,0.6722757912020689
(b),LCDF_04,VARIANT_MAIN,26,D2_seed20600613,0.7267691227802031,0.26864568810897577,0.6678327032105601
(b),LCDF_04,VARIANT_MAIN,21,D2_seed20600613,0.7614319915220262,0.28006367327509357,0.6686767353913781
(b),LCDF_04,VARIANT_MAIN,18,D2_seed20600613,0.7767860917997462,0.2849008574839557,0.6692439242785625
(b),LCDF_04,VARIANT_MAIN,7,D2_seed20600613,0.7968403051874781,0.2893191475570947,0.671485817573954
(b),LCDF_04,VARIANT_MAIN,9,D2_seed20600613,0.797483533284123,0.2900859150236201,0.6710769222762935
(b),LCDF_04,VARIANT_MAIN,5,D2_seed20600613,0.7942852184339214,0.28785537235053416,0.6718867214236318
(b),LCDF_04,VARIANT_MAIN,29,D2_seed20600613,0.7007144531487552,0.25984179880722463,0.6674051158048477
(b),LCDF_04,VARIANT_MAIN,23,D2_seed20600613,0.7489086064722297,0.2759937532009087,0.6683217740158763
(b),LCDF_04,VARIANT_MAIN,22,D2_seed20600613,0.7553966642783999,0.2781124765351211,0.6684966425376562
(b),LCDF_04,VARIANT_MAIN,8,D2_seed20600613,0.7974011091113263,0.28978981216921695,0.6712821249806652
(b),LCDF_04,VARIANT_MAIN,11,D2_seed20600613,0.7962133322613829,0.2901538271222779,0.6706639620741205
(b),LCDF_04,VARIANT_MAIN,20,D2_seed20600613,0.7670108979309689,0.28184616789413247,0.6688616145285871
(b),LCDF_04,VARIANT_MAIN,14,D2_seed20600613,0.7907283998636706,0.28894544398192723,0.6700455946105522
(b),LCDF_04,VARIANT_MAIN,12,D2_seed20600613,0.794861481341541,0.2899255954342849,0.6704571984485317
(b),LCDF_04,VARIANT_MAIN,27,D2_seed20600613,0.718512592161276,0.26587062027175884,0.6676828495472293
(b),LCDF_04,VARIANT_MAIN,13,D2_seed20600613,0.7930327987885942,0.28952272014912267,0.6702509100728883
(b),LCDF_04,VARIANT_MAIN,25,D2_seed20600613,0.7345904523271694,0.2712589327166542,0.6679893993146024
(b),LCDF_04,VARIANT_MAIN,10,D2_seed20600613,0.7970875272258123,0.29020727771685123,0.6708707026168288
(b),LCDF_04,VARIANT_MAIN,28,D2_seed20600613,0.7098259247299592,0.26293540106030866,0.6675402042310058
(b),LCDF_04,VARIANT_MAIN,4,D2_seed20600613,0.7922924943836533,0.2868631436617673,0.6720829714566043
(b),LCDF_04,VARIANT_MAIN,24,D2_seed20600613,0.7419717871704266,0.27370877972526175,0.6681525555186566
(b),LCDF_04,VARIANT_MAIN,1,D2_seed20600613,0.7834690567044376,0.28285257803536173,0.6726493044926805
(b),LCDF_04,VARIANT_MAIN,0,D2_seed20600613,0.7795854720124119,0.281173781113904,0.6728291056895864
(b),LCDF_04,VARIANT_MAIN,15,D2_seed20600613,0.7879496901887761,0.2881941147203483,0.669841747850517
(b),LCDF_04,VARIANT_MAIN,30,D2_seed20600613,0.6911837762189944,0.25659167725672694,0.6672779145608718
(b),LCDF_04,VARIANT_MAIN,6,D2_seed20600613,0.7958014637078896,0.2886742047605917,0.6716875109918945
(b),LCDF_04,VARIANT_LOW,17,D3_seed20600611,0.05075070216358484,0.2146273599196348,0.5020794756233582
(b),LCDF_04,VARIANT_LOW,2,D3_seed20600611,0.07678516978122168,0.21326972265077748,0.5043477316472191
(b),LCDF_04,VARIANT_LOW,6,D3_seed20600611,0.07068478748113388,0.2165045876036983,0.5037647775003684
(b),LCDF_04,VARIANT_LOW,16,D3_seed20600611,0.05272499487620447,0.21545082965208312,0.502229042428962
(b),LCDF_04,VARIANT_LOW,3,D3_seed20600611,0.07532529662855968,0.214272552122522,0.5042060212078501
(b),LCDF_04,VARIANT_LOW,12,D3_seed20600611,0.060325485953809266,0.21744311418535564,0.5028420223789278
(b),LCDF_04,VARIANT_LOW,7,D3_seed20600611,0.0690543783810993,0.21698828770536466,0.5036134995623948
(b),LCDF_04,VARIANT_LOW,28,D3_seed20600611,0.02775170211515589,0.19720070079987295,0.5006545079303969
(b),LCDF_04,VARIANT_LOW,11,D3_seed20600611,0.06214421249376973,0.21761428638934513,0.502997094063231
(b),LCDF_04,VARIANT_LOW,15,D3_seed20600611,0.0546711308995544,0.21614451859990855,0.5023804483055587
(b),LCDF_04,VARIANT_LOW,31,D3_seed20600611,0.021423579603731938,0.18988947010065177,0.5003686120143603
(b),LCDF_04,VARIANT_LOW,21,D3_seed20600611,0.04260615911155756,0.21004676080514295,0.501506761963812
(b),LCDF_04,VARIANT_LOW,20,D3_seed20600611,0.04467569473558237,0.21138361585131507,0.5016454053314873
(b),LCDF_04,VARIANT_LOW,30,D3_seed20600611,0.023509476602953,0.19244295692844016,0.5004578392257275
(b),LCDF_04,VARIANT_LOW,26,D3_seed20600611,0.03202881096742263,0.20148336992212554,0.5008738361383337
(b),LCDF_04,VARIANT_LOW,0,D3_seed20600611,0.07956873627177236,0.21087934487844232,0.5046210541702424
(b),LCDF_04,VARIANT_LOW,27,D3_seed20600611,0.029889266715277748,0.19940209172318454,0.5007614685327764
(b),LCDF_04,VARIANT_LOW,23,D3_seed20600611,0.03841305922497557,0.20699435650859074,0.5012405768641354
(b),LCDF_04,VARIANT_LOW,13,D3_seed20600611,0.058472818558599066,0.2171409610050118,0.5026873089385104
(b),LCDF_04,VARIANT_LOW,8,D3_seed20600611,0.06738396825626128,0.2173412808481807,0.503460723976207
(b),LCDF_04,VARIANT_LOW,25,D3_seed20600611,0.0341652874835896,0.20344328160397204,0.5009913364277292
(b),LCDF_04,VARIANT_LOW,18,D3_seed20600611,0.04874988297369411,0.21367460547902292,0.501932110050087
(b),LCDF_04,VARIANT_LOW,19,D3_seed20600611,0.04672426542683016,0.21259314029015708,0.5017873028637433
(b),LCDF_04,VARIANT_LOW,5,D3_seed20600611,0.0722741061832128,0.21589047194037575,0.503914194889008
(b),LCDF_04,VARIANT_LOW,10,D3_seed20600611,0.06392769681887533,0.21765437450170427,0.5031521502466177
(b),LCDF_04,VARIANT_LOW,22,D3_seed20600611,0.04051781995039245,0.2085833805010873,0.5013717096590817
(b),LCDF_04,VARIANT_LOW,4,D3_seed20600611,0.07382128153026254,0.2151463106781564,0.5040613936170916
(b),LCDF_04,VARIANT_LOW,9,D3_seed20600611,0.06567468519902372,0.21756335437577243,0.5033068175738225
(b),LCDF_04,VARIANT_LOW,14,D3_seed20600611,0.05658756346080001,0.21670800887036692,0.5025333269749
(b),LCDF_04,VARIANT_LOW,24,D3_seed20600611,0.036294539574747785,0.2052806460861169,0.5011136827532511
(b),LCDF_04,VARIANT_LOW,29,D3_seed20600611,0.025622412333056916,0.19488052330041924,0.5005532156261215
(b),LCDF_04,VARIANT_LOW,1,D3_seed20600611,0.07819995393489024,0.21213842639514274,0.5044861861940053
(b),LCDF_04,VARIANT_MAIN,17,D3_seed20600611,0.06770294027156369,0.2861712121047477,0.6694404269947866
(b),LCDF_04,VARIANT_MAIN,31,D3_seed20600611,0.02860557629911777,0.25318699443993026,0.667158911697293
(b),LCDF_04,VARIANT_MAIN,19,D3_seed20600611,0.062335073890516124,0.28345888650020257,0.6690508306406049
(b),LCDF_04,VARIANT_MAIN,16,D3_seed20600611,0.0703349250201995,0.2872691850146589,0.6696398625024661
(b),LCDF_04,VARIANT_MAIN,2,D3_seed20600611,0.10240568819343594,0.28436099275720444,0.6724647193988147
(b),LCDF_04,VARIANT_MAIN,3,D3_seed20600611,0.10046007170681984,0.28569811649523635,0.6722757912020689
(b),LCDF_04,VARIANT_MAIN,26,D3_seed20600611,0.04274319861242615,0.26864568810897577,0.6678327032105601
(b),LCDF_04,VARIANT_MAIN,21,D3_seed20600611,0.05684488046530098,0.28006367327509357,0.6686767353913781
(b),LCDF_04,VARIANT_MAIN,18,D3_seed20600611,0.06503555416060805,0.2849008574839557,0.6692439242785625
(b),LCDF_04,VARIANT_MAIN,7,D3_seed20600611,0.09210211286465478,0.2893191475570947,0.671485817573954
(b),LCDF_04,VARIANT_MAIN,9,D3_seed20600611,0.08759729934953021,0.2900859150236201,0.6710769222762935
(b),LCDF_04,VARIANT_MAIN,5,D3_seed20600611,0.09639350744177165,0.28785537235053416,0.6718867214236318
(b),LCDF_04,VARIANT_MAIN,29,D3_seed20600611,0.034202631018551505,0.25984179880722463,0.6674051158048477
(b),LCDF_04,VARIANT_MAIN,23,D3_seed20600611,0.051254639640249865,0.2759937532009087,0.6683217740158763
(b),LCDF_04,VARIANT_MAIN,22,D3_seed20600611,0.05406071111415426,0.2781124765351211,0.6684966425376562
(b),LCDF_04,VARIANT_MAIN,8,D3_seed20600611,0.08987563879644704,0.28978981216921695,0.6712821249806652
(b),LCDF_04,VARIANT_MAIN,11,D3_seed20600611,0.0828913016402806,0.2901538271222779,0.6706639620741205
(b),LCDF_04,VARIANT_MAIN,20,D3_seed20600611,0.05960396380662401,0.28184616789413247,0.6688616145285871
(b),LCDF_04,VARIANT_MAIN,14,D3_seed20600611,0.07548409841471845,0.28894544398192723,0.6700455946105522
(b),LCDF_04,VARIANT_MAIN,12,D3_seed20600611,0.08046692556817593,0.2899255954342849,0.6704571984485317
(b),LCDF_04,VARIANT_MAIN,27,D3_seed20600611,0.03989083518060727,0.26587062027175884,0.6676828495472293
(b),LCDF_04,VARIANT_MAIN,13,D3_seed20600611,0.07799725640136919,0.28952272014912267,0.6702509100728883
(b),LCDF_04,VARIANT_MAIN,25,D3_seed20600611,0.04559151481025985,0.2712589327166542,0.6679893993146024
(b),LCDF_04,VARIANT_MAIN,10,D3_seed20600611,0.08526864985066153,0.29020727771685123,0.6708707026168288
(b),LCDF_04,VARIANT_MAIN,28,D3_seed20600611,0.03704117373766347,0.26293540106030866,0.6675402042310058
(b),LCDF_04,VARIANT_MAIN,4,D3_seed20600611,0.09845557606457486,0.2868631436617673,0.6720829714566043
(b),LCDF_04,VARIANT_MAIN,24,D3_seed20600611,0.0484302253978467,0.27370877972526175,0.6681525555186566
(b),LCDF_04,VARIANT_MAIN,1,D3_seed20600611,0.10429116570546013,0.28285257803536173,0.6726493044926805
(b),LCDF_04,VARIANT_MAIN,0,D3_seed20600611,0.10611529021424199,0.281173781113904,0.6728291056895864
(b),LCDF_04,VARIANT_MAIN,15,D3_seed20600611,0.07292933249695724,0.2881941147203483,0.669841747850517
(b),LCDF_04,VARIANT_MAIN,30,D3_seed20600611,0.031386006288217076,0.25659167725672694,0.6672779145608718
(b),LCDF_04,VARIANT_MAIN,6,D3_seed20600611,0.09427521913764288,0.2886742047605917,0.6716875109918945
(b),LCDF_04,VARIANT_LOW,17,D3_seed20600612,0.06984800933125902,0.2146273599196348,0.5020794756233582
(b),LCDF_04,VARIANT_LOW,2,D3_seed20600612,0.09350861443799213,0.21326972265077748,0.5043477316472191
(b),LCDF_04,VARIANT_LOW,6,D3_seed20600612,0.0876813617281119,0.2165045876036983,0.5037647775003684
(b),LCDF_04,VARIANT_LOW,16,D3_seed20600612,0.07151120357458803,0.21545082965208312,0.502229042428962
(b),LCDF_04,VARIANT_LOW,3,D3_seed20600612,0.09210122699196112,0.214272552122522,0.5042060212078501
(b),LCDF_04,VARIANT_LOW,12,D3_seed20600612,0.07814743033852123,0.21744311418535564,0.5028420223789278
(b),LCDF_04,VARIANT_LOW,7,D3_seed20600612,0.08614886964906299,0.21698828770536466,0.5036134995623948
(b),LCDF_04,VARIANT_LOW,28,D3_seed20600612,0.05318300423314962,0.19720070079987295,0.5006545079303969
(b),LCDF_04,VARIANT_LOW,11,D3_seed20600612,0.07978414144465792,0.21761428638934513,0.502997094063231
(b),LCDF_04,VARIANT_LOW,15,D3_seed20600612,0.07317663467901227,0.21614451859990855,0.5023804483055587
(b),LCDF_04,VARIANT_LOW,31,D3_seed20600612,0.04985761339645905,0.18988947010065177,0.5003686120143603
(b),LCDF_04,VARIANT_LOW,21,D3_seed20600612,0.0633086617444145,0.21004676080514295,0.501506761963812
(b),LCDF_04,VARIANT_LOW,20,D3_seed20600612,0.06491655235776767,0.21138361585131507,0.5016454053314873
(b),LCDF_04,VARIANT_LOW,30,D3_seed20600612,0.05087388458731566,0.19244295692844016,0.5004578392257275
(b),LCDF_04,VARIANT_LOW,26,D3_seed20600612,0.05580432954501544,0.20148336992212554,0.5008738361383337
(b),LCDF_04,VARIANT_LOW,0,D3_seed20600612,0.09621363334428652,0.21087934487844232,0.5046210541702424
(b),LCDF_04,VARIANT_LOW,27,D3_seed20600612,0.05445881902070752,0.19940209172318454,0.5007614685327764
(b),LCDF_04,VARIANT_LOW,23,D3_seed20600612,0.0601804048812318,0.20699435650859074,0.5012405768641354
(b),LCDF_04,VARIANT_LOW,13,D3_seed20600612,0.07649838141753698,0.2171409610050118,0.5026873089385104
(b),LCDF_04,VARIANT_LOW,8,D3_seed20600612,0.08459042989064797,0.2173412808481807,0.503460723976207
(b),LCDF_04,VARIANT_LOW,25,D3_seed20600612,0.05721149864822386,0.20344328160397204,0.5009913364277292
(b),LCDF_04,VARIANT_LOW,18,D3_seed20600612,0.06819136413688252,0.21367460547902292,0.501932110050087
(b),LCDF_04,VARIANT_LOW,19,D3_seed20600612,0.06654589209192273,0.21259314029015708,0.5017873028637433
(b),LCDF_04,VARIANT_LOW,5,D3_seed20600612,0.08918564995026373,0.21589047194037575,0.503914194889008
(b),LCDF_04,VARIANT_LOW,10,D3_seed20600612,0.08140543877455204,0.21765437450170427,0.5031521502466177
(b),LCDF_04,VARIANT_LOW,22,D3_seed20600612,0.06172791552270569,0.2085833805010873,0.5013717096590817
(b),LCDF_04,VARIANT_LOW,4,D3_seed20600612,0.09065960730398354,0.2151463106781564,0.5040613936170916
(b),LCDF_04,VARIANT_LOW,9,D3_seed20600612,0.08300843767290692,0.21756335437577243,0.5033068175738225
(b),LCDF_04,VARIANT_LOW,14,D3_seed20600612,0.07484027944754323,0.21670800887036692,0.5025333269749
(b),LCDF_04,VARIANT_LOW,24,D3_seed20600612,0.058672628961448293,0.2052806460861169,0.5011136827532511
(b),LCDF_04,VARIANT_LOW,29,D3_seed20600612,0.051985196031873446,0.19488052330041924,0.5005532156261215
(b),LCDF_04,VARIANT_LOW,1,D3_seed20600612,0.09487998014852132,0.21213842639514274,0.5044861861940053
(b),LCDF_04,VARIANT_MAIN,17,D3_seed20600612,0.09313087400249202,0.2861712121047477,0.6694404269947866
(b),LCDF_04,VARIANT_MAIN,31,D3_seed20600612,0.06648688612889264,0.25318699443993026,0.667158911697293
(b),LCDF_04,VARIANT_MAIN,19,D3_seed20600612,0.08872951450733631,0.28345888650020257,0.6690508306406049
(b),LCDF_04,VARIANT_MAIN,16,D3_seed20600612,0.09534773098299659,0.2872691850146589,0.6696398625024661
(b),LCDF_04,VARIANT_MAIN,2,D3_seed20600612,0.12466760008025873,0.28436099275720444,0.6724647193988147
(b),LCDF_04,VARIANT_MAIN,3,D3_seed20600612,0.12279173168557708,0.28569811649523635,0.6722757912020689
(b),LCDF_04,VARIANT_MAIN,26,D3_seed20600612,0.07441245897623562,0.26864568810897577,0.6678327032105601
(b),LCDF_04,VARIANT_MAIN,21,D3_seed20600612,0.08441466020286714,0.28006367327509357,0.6686767353913781
(b),LCDF_04,VARIANT_MAIN,18,D3_seed20600612,0.09092274676092829,0.2849008574839557,0.6692439242785625
(b),LCDF_04,VARIANT_MAIN,7,D3_seed20600612,0.1148580130738065,0.2893191475570947,0.671485817573954
(b),LCDF_04,VARIANT_MAIN,9,D3_seed20600612,0.11067221547325447,0.2900859150236201,0.6710769222762935
(b),LCDF_04,VARIANT_MAIN,5,D3_seed20600612,0.11890564648513026,0.28785537235053416,0.6718867214236318
(b),LCDF_04,VARIANT_MAIN,29,D3_seed20600612,0.06932235226327361,0.25984179880722463,0.6674051158048477
(b),LCDF_04,VARIANT_MAIN,23,D3_seed20600612,0.08024509230867774,0.2759937532009087,0.6683217740158763
(b),LCDF_04,VARIANT_MAIN,22,D3_seed20600612,0.08230772073343205,0.2781124765351211,0.6684966425376562
(b),LCDF_04,VARIANT_MAIN,8,D3_seed20600612,0.11278081222083562,0.28978981216921695,0.6712821249806652
(b),LCDF_04,VARIANT_MAIN,11,D3_seed20600612,0.1063746215404411,0.2901538271222779,0.6706639620741205
(b),LCDF_04,VARIANT_MAIN,20,D3_seed20600612,0.08655778932390899,0.28184616789413247,0.6688616145285871
(b),LCDF_04,VARIANT_MAIN,14,D3_seed20600612,0.09978502272261225,0.28894544398192723,0.6700455946105522
(b),LCDF_04,VARIANT_MAIN,12,D3_seed20600612,0.10419307830373485,0.2899255954342849,0.6704571984485317
(b),LCDF_04,VARIANT_MAIN,27,D3_seed20600612,0.07261914492261867,0.26587062027175884,0.6676828495472293
(b),LCDF_04,VARIANT_MAIN,13,D3_seed20600612,0.10199508572666766,0.28952272014912267,0.6702509100728883
(b),LCDF_04,VARIANT_MAIN,25,D3_seed20600612,0.0762879779282072,0.2712589327166542,0.6679893993146024
(b),LCDF_04,VARIANT_MAIN,10,D3_seed20600612,0.10853561548989141,0.29020727771685123,0.6708707026168288
(b),LCDF_04,VARIANT_MAIN,28,D3_seed20600612,0.07091874989937505,0.26293540106030866,0.6675402042310058
(b),LCDF_04,VARIANT_MAIN,4,D3_seed20600612,0.12087023930380494,0.2868631436617673,0.6720829714566043
(b),LCDF_04,VARIANT_MAIN,24,D3_seed20600612,0.07823544010411962,0.27370877972526175,0.6681525555186566
(b),LCDF_04,VARIANT_MAIN,1,D3_seed20600612,0.12649546112841598,0.28285257803536173,0.6726493044926805
(b),LCDF_04,VARIANT_MAIN,0,D3_seed20600612,0.12827306315192558,0.281173781113904,0.6728291056895864
(b),LCDF_04,VARIANT_MAIN,15,D3_seed20600612,0.09756756847245207,0.2881941147203483,0.669841747850517
(b),LCDF_04,VARIANT_MAIN,30,D3_seed20600612,0.06784126868857801,0.25659167725672694,0.6672779145608718
(b),LCDF_04,VARIANT_MAIN,6,D3_seed20600612,0.1169006265124082,0.2886742047605917,0.6716875109918945
(b),LCDF_04,VARIANT_LOW,17,D3_seed20600613,0.06503373339184676,0.2146273599196348,0.5020794756233582
(b),LCDF_04,VARIANT_LOW,2,D3_seed20600613,0.077110085555499,0.21326972265077748,0.5043477316472191
(b),LCDF_04,VARIANT_LOW,6,D3_seed20600613,0.07479525907933686,0.2165045876036983,0.5037647775003684
(b),LCDF_04,VARIANT_LOW,16,D3_seed20600613,0.06611271326717891,0.21545082965208312,0.502229042428962
(b),LCDF_04,VARIANT_LOW,3,D3_seed20600613,0.07659662056167556,0.214272552122522,0.5042060212078501
(b),LCDF_04,VARIANT_LOW,12,D3_seed20600613,0.07005943463324979,0.21744311418535564,0.5028420223789278
(b),LCDF_04,VARIANT_LOW,7,D3_seed20600613,0.07410920803637147,0.21698828770536466,0.5036134995623948
(b),LCDF_04,VARIANT_LOW,28,D3_seed20600613,0.051052077079184986,0.19720070079987295,0.5006545079303969
(b),LCDF_04,VARIANT_LOW,11,D3_seed20600613,0.07095010646245295,0.21761428638934513,0.502997094063231
(b),LCDF_04,VARIANT_LOW,15,D3_seed20600613,0.06715555262036642,0.21614451859990855,0.5023804483055587
(b),LCDF_04,VARIANT_LOW,31,D3_seed20600613,0.046689912910328035,0.18988947010065177,0.5003686120143603
(b),LCDF_04,VARIANT_LOW,21,D3_seed20600613,0.060373798848718935,0.21004676080514295,0.501506761963812
(b),LCDF_04,VARIANT_LOW,20,D3_seed20600613,0.061588538393958656,0.21138361585131507,0.5016454053314873
(b),LCDF_04,VARIANT_LOW,30,D3_seed20600613,0.04816393556963009,0.19244295692844016,0.5004578392257275
(b),LCDF_04,VARIANT_LOW,26,D3_seed20600613,0.05384955580532768,0.20148336992212554,0.5008738361383337
(b),LCDF_04,VARIANT_LOW,0,D3_seed20600613,0.07800436453980808,0.21087934487844232,0.5046210541702424
(b),LCDF_04,VARIANT_LOW,27,D3_seed20600613,0.05246290569220096,0.19940209172318454,0.5007614685327764
(b),LCDF_04,VARIANT_LOW,23,D3_seed20600613,0.05785083701790871,0.20699435650859074,0.5012405768641354
(b),LCDF_04,VARIANT_LOW,13,D3_seed20600613,0.06912965467070933,0.2171409610050118,0.5026873089385104
(b),LCDF_04,VARIANT_LOW,8,D3_seed20600613,0.0733811352722189,0.2173412808481807,0.503460723976207
(b),LCDF_04,VARIANT_LOW,25,D3_seed20600613,0.05521062863426584,0.20344328160397204,0.5009913364277292
(b),LCDF_04,VARIANT_LOW,18,D3_seed20600613,0.06391945086552275,0.21367460547902292,0.501932110050087
(b),LCDF_04,VARIANT_LOW,19,D3_seed20600613,0.06277074502564364,0.21259314029015708,0.5017873028637433
(b),LCDF_04,VARIANT_LOW,5,D3_seed20600613,0.0754388059846948,0.21589047194037575,0.503914194889008
(b),LCDF_04,VARIANT_LOW,10,D3_seed20600613,0.07180101907862127,0.21765437450170427,0.5031521502466177
(b),LCDF_04,VARIANT_LOW,22,D3_seed20600613,0.059127542541599104,0.2085833805010873,0.5013717096590817
(b),LCDF_04,VARIANT_LOW,4,D3_seed20600613,0.07603939895344577,0.2151463106781564,0.5040613936170916
(b),LCDF_04,VARIANT_LOW,9,D3_seed20600613,0.07261155609540233,0.21756335437577243,0.5033068175738225
(b),LCDF_04,VARIANT_LOW,14,D3_seed20600613,0.06816145309069495,0.21670800887036692,0.5025333269749
(b),LCDF_04,VARIANT_LOW,24,D3_seed20600613,0.056544804902627414,0.2052806460861169,0.5011136827532511
(b),LCDF_04,VARIANT_LOW,29,D3_seed20600613,0.0496185576951813,0.19488052330041924,0.5005532156261215
(b),LCDF_04,VARIANT_LOW,1,D3_seed20600613,0.07757944068094337,0.21213842639514274,0.5044861861940053
(b),LCDF_04,VARIANT_MAIN,17,D3_seed20600613,0.08674717716260041,0.2861712121047477,0.6694404269947866
(b),LCDF_04,VARIANT_MAIN,31,D3_seed20600613,0.06228248398628778,0.25318699443993026,0.667158911697293
(b),LCDF_04,VARIANT_MAIN,19,D3_seed20600613,0.08372978018306859,0.28345888650020257,0.6690508306406049
(b),LCDF_04,VARIANT_MAIN,16,D3_seed20600613,0.08818574265770679,0.2872691850146589,0.6696398625024661
(b),LCDF_04,VARIANT_MAIN,2,D3_seed20600613,0.10284047184196261,0.28436099275720444,0.6724647193988147
(b),LCDF_04,VARIANT_MAIN,3,D3_seed20600613,0.10215684021376918,0.28569811649523635,0.6722757912020689
(b),LCDF_04,VARIANT_MAIN,26,D3_seed20600613,0.07183231660780237,0.26864568810897577,0.6678327032105601
(b),LCDF_04,VARIANT_MAIN,21,D3_seed20600613,0.08053347406697699,0.28006367327509357,0.6686767353913781
(b),LCDF_04,VARIANT_MAIN,18,D3_seed20600613,0.08526146534311506,0.2849008574839557,0.6692439242785625
(b),LCDF_04,VARIANT_MAIN,7,D3_seed20600613,0.09884374517004116,0.2893191475570947,0.671485817573954
(b),LCDF_04,VARIANT_MAIN,9,D3_seed20600613,0.09684825242425994,0.2900859150236201,0.6710769222762935
(b),LCDF_04,VARIANT_MAIN,5,D3_seed20600613,0.10061492258083728,0.28785537235053416,0.6718867214236318
(b),LCDF_04,VARIANT_MAIN,29,D3_seed20600613,0.06618895057811112,0.25984179880722463,0.6674051158048477
(b),LCDF_04,VARIANT_MAIN,23,D3_seed20600613,0.07716885928772131,0.2759937532009087,0.6683217740158763
(b),LCDF_04,VARIANT_MAIN,22,D3_seed20600613,0.07887150122155903,0.2781124765351211,0.6684966425376562
(b),LCDF_04,VARIANT_MAIN,8,D3_seed20600613,0.097873701733708,0.28978981216921695,0.6712821249806652
(b),LCDF_04,VARIANT_MAIN,11,D3_seed20600613,0.09463409614275115,0.2901538271222779,0.6706639620741205
(b),LCDF_04,VARIANT_MAIN,20,D3_seed20600613,0.08215335253087451,0.28184616789413247,0.6688616145285871
(b),LCDF_04,VARIANT_MAIN,14,D3_seed20600613,0.09091701878288205,0.28894544398192723,0.6700455946105522
(b),LCDF_04,VARIANT_MAIN,12,D3_seed20600613,0.09344698284709348,0.2899255954342849,0.6704571984485317
(b),LCDF_04,VARIANT_MAIN,27,D3_seed20600613,0.06998282636757554,0.26587062027175884,0.6676828495472293
(b),LCDF_04,VARIANT_MAIN,13,D3_seed20600613,0.09220765240030798,0.28952272014912267,0.6702509100728883
(b),LCDF_04,VARIANT_MAIN,25,D3_seed20600613,0.07364764428251833,0.2712589327166542,0.6679893993146024
(b),LCDF_04,VARIANT_MAIN,10,D3_seed20600613,0.09576812592193315,0.29020727771685123,0.6708707026168288
(b),LCDF_04,VARIANT_MAIN,28,D3_seed20600613,0.06810104195224778,0.26293540106030866,0.6675402042310058
(b),LCDF_04,VARIANT_MAIN,4,D3_seed20600613,0.10141482062293948,0.2868631436617673,0.6720829714566043
(b),LCDF_04,VARIANT_MAIN,24,D3_seed20600613,0.07542704726708113,0.27370877972526175,0.6681525555186566
(b),LCDF_04,VARIANT_MAIN,1,D3_seed20600613,0.1034652488827859,0.28285257803536173,0.6726493044926805
(b),LCDF_04,VARIANT_MAIN,0,D3_seed20600613,0.1040307473854935,0.281173781113904,0.6728291056895864
(b),LCDF_04,VARIANT_MAIN,15,D3_seed20600613,0.08957604461116708,0.2881941147203483,0.669841747850517
(b),LCDF_04,VARIANT_MAIN,30,D3_seed20600613,0.06424867338608235,0.25659167725672694,0.6672779145608718
(b),LCDF_04,VARIANT_MAIN,6,D3_seed20600613,0.09975769873670752,0.2886742047605917,0.6716875109918945
(c),LCDF_05,VARIANT_LOW,30,D1_seed20600611,0.9661215830795001,0.35257714928714073,0.8161468642104037
(c),LCDF_05,VARIANT_LOW,8,D1_seed20600611,0.9299056575840662,0.3302714283106221,0.7597070143330759
(c),LCDF_05,VARIANT_LOW,2,D1_seed20600611,0.8717432493580792,0.3069188682070123,0.704528506624732
(c),LCDF_05,VARIANT_LOW,11,D1_seed20600611,0.9515000419139293,0.33929229798011495,0.7811905455879052
(c),LCDF_05,VARIANT_LOW,31,D1_seed20600611,0.9609977085229691,0.35114109860702175,0.8130525286124285
(c),LCDF_05,VARIANT_LOW,18,D1_seed20600611,0.9816842464008934,0.3531245975494317,0.8146980852815966
(c),LCDF_05,VARIANT_LOW,3,D1_seed20600611,0.8827866802224474,0.3112878434682083,0.7148204516526724
(c),LCDF_05,VARIANT_LOW,26,D1_seed20600611,0.9807716652273489,0.35619071880176195,0.8235939297779957
(c),LCDF_05,VARIANT_LOW,16,D1_seed20600611,0.97598680867875,0.3502214018397287,0.8075421805672506
(c),LCDF_05,VARIANT_LOW,28,D1_seed20600611,0.9746206520439319,0.35481134276050186,0.8208591429553203
(c),LCDF_05,VARIANT_LOW,15,D1_seed20600611,0.972255247304314,0.34845287946107023,0.8032334420502547
(c),LCDF_05,VARIANT_LOW,22,D1_seed20600611,0.9859759278259026,0.3563737890039492,0.8231094474132445
(c),LCDF_05,VARIANT_LOW,29,D1_seed20600611,0.9706634765293929,0.35380080981271617,0.8187495917545298
(c),LCDF_05,VARIANT_LOW,7,D1_seed20600611,0.9215811007301997,0.3268640389925973,0.7516246053481207
(c),LCDF_05,VARIANT_LOW,24,D1_seed20600611,0.9845597997714519,0.35671195292444685,0.8243446342666797
(c),LCDF_05,VARIANT_LOW,14,D1_seed20600611,0.9679380125358329,0.346474452776519,0.7984408767719533
(c),LCDF_05,VARIANT_LOW,23,D1_seed20600611,0.9855647119421966,0.3566502933145647,0.8239752033490879
(c),LCDF_05,VARIANT_LOW,19,D1_seed20600611,0.9836467121209117,0.354257521218089,0.8175409395935527
(c),LCDF_05,VARIANT_LOW,13,D1_seed20600611,0.9630377062868172,0.3442873140912518,0.793167372549014
(c),LCDF_05,VARIANT_LOW,5,D1_seed20600611,0.9032719316503022,0.3194607494668051,0.7341067425377223
(c),LCDF_05,VARIANT_LOW,0,D1_seed20600611,0.8480880445172134,0.2976290345025022,0.6826780218638332
(c),LCDF_05,VARIANT_LOW,1,D1_seed20600611,0.8601747139477992,0.30236501723692094,0.6938122109015952
(c),LCDF_05,VARIANT_LOW,17,D1_seed20600611,0.9791304476628411,0.3517789540966888,0.8113644960395617
(c),LCDF_05,VARIANT_LOW,21,D1_seed20600611,0.985793199898936,0.35588260665657195,0.8217478881425748
(c),LCDF_05,VARIANT_LOW,25,D1_seed20600611,0.982961796622373,0.3565587306480431,0.8242175175486607
(c),LCDF_05,VARIANT_LOW,6,D1_seed20600611,0.9127014084734882,0.3232597554002565,0.743089467095865
(c),LCDF_05,VARIANT_LOW,10,D1_seed20600611,0.9448696369545385,0.3364874307380397,0.7744944396186914
(c),LCDF_05,VARIANT_LOW,27,D1_seed20600611,0.9779907251615821,0.35560813914808004,0.8224742466918805
(c),LCDF_05,VARIANT_LOW,20,D1_seed20600611,0.9850166385718352,0.3551770423143483,0.8198913459720426
(c),LCDF_05,VARIANT_LOW,9,D1_seed20600611,0.9376700626352829,0.33347987004227747,0.7673318238957377
(c),LCDF_05,VARIANT_LOW,4,D1_seed20600611,0.8932983522984012,0.31546931043388027,0.7246818443469479
(c),LCDF_05,VARIANT_LOW,12,D1_seed20600611,0.9575572818111326,0.3418927814781428,0.7874161069913879
(c),LCDF_05,VARIANT_MAIN,2,D1_seed20600611,1.1623398103173181,0.40923159742680754,0.9393777161058262
(c),LCDF_05,VARIANT_MAIN,14,D1_seed20600611,1.2906068510085147,0.4619752946808761,1.064597159858391
(c),LCDF_05,VARIANT_MAIN,22,D1_seed20600611,1.3146595324051527,0.47517529383508406,1.097489508134893
(c),LCDF_05,VARIANT_MAIN,29,D1_seed20600611,1.2942423217425343,0.47174448433032024,1.0916762303276932
(c),LCDF_05,VARIANT_MAIN,25,D1_seed20600611,1.310640720401015,0.47542192033057296,1.0989669872989836
(c),LCDF_05,VARIANT_MAIN,26,D1_seed20600611,1.307720457578757,0.47493121329351445,1.098135517211011
(c),LCDF_05,VARIANT_MAIN,20,D1_seed20600611,1.3133802182481287,0.47357951441128443,1.0931985793493513
(c),LCDF_05,VARIANT_MAIN,0,D1_seed20600611,1.130798077598773,0.3968445736408497,0.9102431558729142
(c),LCDF_05,VARIANT_MAIN,9,D1_seed20600611,1.250246956115708,0.44464813816676274,1.0231173587115798
(c),LCDF_05,VARIANT_MAIN,3,D1_seed20600611,1.1770651051175367,0.41505718307254424,0.9531005960463339
(c),LCDF_05,VARIANT_MAIN,15,D1_seed20600611,1.2963635827625617,0.4646133652266137,1.0709874193366897
(c),LCDF_05,VARIANT_MAIN,4,D1_seed20600611,1.1910813780210319,0.4206327534638194,0.9662494022931327
(c),LCDF_05,VARIANT_MAIN,31,D1_seed20600611,1.2813540317568595,0.4681979914572825,1.0840799437436037
(c),LCDF_05,VARIANT_MAIN,12,D1_seed20600611,1.276764925755859,0.4558660196526772,1.0498970791146665
(c),LCDF_05,VARIANT_MAIN,24,D1_seed20600611,1.3127714301808875,0.47562622271787897,1.0991364773905326
(c),LCDF_05,VARIANT_MAIN,1,D1_seed20600611,1.1469143688380934,0.40315950772478265,0.9250890324074896
(c),LCDF_05,VARIANT_MAIN,5,D1_seed20600611,1.2043801808837873,0.4259549480033499,0.9788162108703538
(c),LCDF_05,VARIANT_MAIN,28,D1_seed20600611,1.2995187867591107,0.47309194090892465,1.094489039958323
(c),LCDF_05,VARIANT_MAIN,6,D1_seed20600611,1.2169534977582726,0.4310205587313054,0.9907934485305002
(c),LCDF_05,VARIANT_MAIN,16,D1_seed20600611,1.3013393762625505,0.466971547960675,1.0767325612217673
(c),LCDF_05,VARIANT_MAIN,8,D1_seed20600611,1.2398937996250488,0.440369971667504,1.0129506988938946
(c),LCDF_05,VARIANT_MAIN,30,D1_seed20600611,1.2881861866542252,0.47011283996720776,1.0882058344425452
(c),LCDF_05,VARIANT_MAIN,11,D1_seed20600611,1.268688077900734,0.4523984982232308,1.0415961169092
(c),LCDF_05,VARIANT_MAIN,17,D1_seed20600611,1.3055312311293878,0.46904842115892054,1.0818291231493657
(c),LCDF_05,VARIANT_MAIN,13,D1_seed20600611,1.284072652101944,0.45905892676099674,1.057565633922979
(c),LCDF_05,VARIANT_MAIN,7,D1_seed20600611,1.2287937497524346,0.43582653226869916,1.0021738973135792
(c),LCDF_05,VARIANT_MAIN,23,D1_seed20600611,1.3141113031715455,0.47554399734168934,1.0986438853702578
(c),LCDF_05,VARIANT_MAIN,21,D1_seed20600611,1.31441578817862,0.4745203345478871,1.0956740414139094
(c),LCDF_05,VARIANT_MAIN,18,D1_seed20600611,1.3089365787311948,0.47084273267456755,1.086274033616491
(c),LCDF_05,VARIANT_MAIN,19,D1_seed20600611,1.31155344773275,0.4723534006972842,1.0900646138351706
(c),LCDF_05,VARIANT_MAIN,10,D1_seed20600611,1.2598469780050152,0.4486584528529906,1.03266774988611
(c),LCDF_05,VARIANT_MAIN,27,D1_seed20600611,1.3040124014663754,0.47415439739300885,1.0966425681926668
(c),LCDF_05,VARIANT_LOW,30,D1_seed20600612,0.9813096284565035,0.35257714928714073,0.8161468642104037
(c),LCDF_05,VARIANT_LOW,8,D1_seed20600612,0.9366710897574296,0.3302714283106221,0.7597070143330759
(c),LCDF_05,VARIANT_LOW,2,D1_seed20600612,0.8757568405669496,0.3069188682070123,0.704528506624732
(c),LCDF_05,VARIANT_LOW,11,D1_seed20600612,0.9595900873064316,0.33929229798011495,0.7811905455879052
(c),LCDF_05,VARIANT_LOW,31,D1_seed20600612,0.9764800942469848,0.35114109860702175,0.8130525286124285
(c),LCDF_05,VARIANT_LOW,18,D1_seed20600612,0.9926826290023921,0.3531245975494317,0.8146980852815966
(c),LCDF_05,VARIANT_LOW,3,D1_seed20600612,0.8872665845922612,0.3112878434682083,0.7148204516526724
(c),LCDF_05,VARIANT_LOW,26,D1_seed20600612,0.9946927214572893,0.35619071880176195,0.8235939297779957
(c),LCDF_05,VARIANT_LOW,16,D1_seed20600612,0.9861836795159641,0.3502214018397287,0.8075421805672506
(c),LCDF_05,VARIANT_LOW,28,D1_seed20600612,0.9891927547767404,0.35481134276050186,0.8208591429553203
(c),LCDF_05,VARIANT_LOW,15,D1_seed20600612,0.9820420389454564,0.34845287946107023,0.8032334420502547
(c),LCDF_05,VARIANT_LOW,22,D1_seed20600612,0.99849593289943,0.3563737890039492,0.8231094474132445
(c),LCDF_05,VARIANT_LOW,29,D1_seed20600612,0.9855480333164954,0.35380080981271617,0.8187495917545298
(c),LCDF_05,VARIANT_LOW,7,D1_seed20600612,0.9278964871196522,0.3268640389925973,0.7516246053481207
(c),LCDF_05,VARIANT_LOW,24,D1_seed20600612,0.9977962738003007,0.35671195292444685,0.8243446342666797
(c),LCDF_05,VARIANT_LOW,14,D1_seed20600612,0.9773088298093638,0.346474452776519,0.7984408767719533
(c),LCDF_05,VARIANT_LOW,23,D1_seed20600612,0.9984468312302754,0.3566502933145647,0.8239752033490879
(c),LCDF_05,VARIANT_LOW,19,D1_seed20600612,0.9950360211823318,0.354257521218089,0.8175409395935527
(c),LCDF_05,VARIANT_LOW,13,D1_seed20600612,0.9719869045608874,0.3442873140912518,0.793167372549014
(c),LCDF_05,VARIANT_LOW,5,D1_seed20600612,0.9086760869253712,0.3194607494668051,0.7341067425377223
(c),LCDF_05,VARIANT_LOW,0,D1_seed20600612,0.8511620785537743,0.2976290345025022,0.6826780218638332
(c),LCDF_05,VARIANT_LOW,1,D1_seed20600612,0.863719574165224,0.30236501723692094,0.6938122109015952
(c),LCDF_05,VARIANT_LOW,17,D1_seed20600612,0.9897312555369975,0.3517789540966888,0.8113644960395617
(c),LCDF_05,VARIANT_LOW,21,D1_seed20600612,0.9979435493735519,0.35588260665657195,0.8217478881425748
(c),LCDF_05,VARIANT_LOW,25,D1_seed20600612,0.9965446525028359,0.3565587306480431,0.8242175175486607
(c),LCDF_05,VARIANT_LOW,6,D1_seed20600612,0.9185629447739697,0.3232597554002565,0.743089467095865
(c),LCDF_05,VARIANT_LOW,10,D1_seed20600612,0.9525226659380177,0.3364874307380397,0.7744944396186914
(c),LCDF_05,VARIANT_LOW,27,D1_seed20600612,0.9922415965538198,0.35560813914808004,0.8224742466918805
(c),LCDF_05,VARIANT_LOW,20,D1_seed20600612,0.9967900136953973,0.3551770423143483,0.8198913459720426
(c),LCDF_05,VARIANT_LOW,9,D1_seed20600612,0.9448814652126204,0.33347987004227747,0.7673318238957377
(c),LCDF_05,VARIANT_LOW,4,D1_seed20600612,0.8982418711094858,0.31546931043388027,0.7246818443469479
(c),LCDF_05,VARIANT_LOW,12,D1_seed20600612,0.9660794703949694,0.3418927814781428,0.7874161069913879
(c),LCDF_05,VARIANT_MAIN,2,D1_seed20600612,1.1676915101521204,0.40923159742680754,0.9393777161058262
(c),LCDF_05,VARIANT_MAIN,14,D1_seed20600612,1.3031014391301996,0.4619752946808761,1.064597159858391
(c),LCDF_05,VARIANT_MAIN,22,D1_seed20600612,1.331352974582599,0.47517529383508406,1.097489508134893
(c),LCDF_05,VARIANT_MAIN,29,D1_seed20600612,1.314088436434197,0.47174448433032024,1.0916762303276932
(c),LCDF_05,VARIANT_MAIN,25,D1_seed20600612,1.3287512689489402,0.47542192033057296,1.0989669872989836
(c),LCDF_05,VARIANT_MAIN,26,D1_seed20600612,1.326281930846042,0.47493121329351445,1.098135517211011
(c),LCDF_05,VARIANT_MAIN,20,D1_seed20600612,1.3290781728416077,0.47357951441128443,1.0931985793493513
(c),LCDF_05,VARIANT_MAIN,0,D1_seed20600612,1.1348970611103326,0.3968445736408497,0.9102431558729142
(c),LCDF_05,VARIANT_MAIN,9,D1_seed20600612,1.2598623639362334,0.44464813816676274,1.0231173587115798
(c),LCDF_05,VARIANT_MAIN,3,D1_seed20600612,1.1830385513229518,0.41505718307254424,0.9531005960463339
(c),LCDF_05,VARIANT_MAIN,15,D1_seed20600612,1.3094127948263459,0.4646133652266137,1.0709874193366897
(c),LCDF_05,VARIANT_MAIN,4,D1_seed20600612,1.1976729718504124,0.4206327534638194,0.9662494022931327
(c),LCDF_05,VARIANT_MAIN,31,D1_seed20600612,1.3019972357211276,0.4681979914572825,1.0840799437436037
(c),LCDF_05,VARIANT_MAIN,12,D1_seed20600612,1.288128025455284,0.4558660196526772,1.0498970791146665
(c),LCDF_05,VARIANT_MAIN,24,D1_seed20600612,1.3304201454955238,0.47562622271787897,1.0991364773905326
(c),LCDF_05,VARIANT_MAIN,1,D1_seed20600612,1.1516410980635474,0.40315950772478265,0.9250890324074896
(c),LCDF_05,VARIANT_MAIN,5,D1_seed20600612,1.2115859512619847,0.4259549480033499,0.9788162108703538
(c),LCDF_05,VARIANT_MAIN,28,D1_seed20600612,1.3189483044665933,0.47309194090892465,1.094489039958323
(c),LCDF_05,VARIANT_MAIN,6,D1_seed20600612,1.224769103678932,0.4310205587313054,0.9907934485305002
(c),LCDF_05,VARIANT_MAIN,16,D1_seed20600612,1.314935351882652,0.466971547960675,1.0767325612217673
(c),LCDF_05,VARIANT_MAIN,8,D1_seed20600612,1.248914587207171,0.440369971667504,1.0129506988938946
(c),LCDF_05,VARIANT_MAIN,30,D1_seed20600612,1.3084369446570991,0.47011283996720776,1.0882058344425452
(c),LCDF_05,VARIANT_MAIN,11,D1_seed20600612,1.2794749945661523,0.4523984982232308,1.0415961169092
(c),LCDF_05,VARIANT_MAIN,17,D1_seed20600612,1.3196657806361234,0.46904842115892054,1.0818291231493657
(c),LCDF_05,VARIANT_MAIN,13,D1_seed20600612,1.2960050899165614,0.45905892676099674,1.057565633922979
(c),LCDF_05,VARIANT_MAIN,7,D1_seed20600612,1.2372144828978755,0.43582653226869916,1.0021738973135792
(c),LCDF_05,VARIANT_MAIN,23,D1_seed20600612,1.3312875548561158,0.47554399734168934,1.0986438853702578
(c),LCDF_05,VARIANT_MAIN,21,D1_seed20600612,1.330616365723065,0.4745203345478871,1.0956740414139094
(c),LCDF_05,VARIANT_MAIN,18,D1_seed20600612,1.3236012289097312,0.47084273267456755,1.086274033616491
(c),LCDF_05,VARIANT_MAIN,19,D1_seed20600612,1.3267393237434646,0.4723534006972842,1.0900646138351706
(c),LCDF_05,VARIANT_MAIN,10,D1_seed20600612,1.2700512137331246,0.4486584528529906,1.03266774988611
(c),LCDF_05,VARIANT_MAIN,27,D1_seed20600612,1.3230136193916548,0.47415439739300885,1.0966425681926668
(c),LCDF_05,VARIANT_LOW,30,D1_seed20600613,0.9766750837698602,0.35257714928714073,0.8161468642104037
(c),LCDF_05,VARIANT_LOW,8,D1_seed20600613,0.933490444212011,0.3302714283106221,0.7597070143330759
(c),LCDF_05,VARIANT_LOW,2,D1_seed20600613,0.8731548713240346,0.3069188682070123,0.704528506624732
(c),LCDF_05,VARIANT_LOW,11,D1_seed20600613,0.9561452177150116,0.33929229798011495,0.7811905455879052
(c),LCDF_05,VARIANT_LOW,31,D1_seed20600613,0.9718090250404077,0.35114109860702175,0.8130525286124285
(c),LCDF_05,VARIANT_LOW,18,D1_seed20600613,0.9886961741891614,0.3531245975494317,0.8146980852815966
(c),LCDF_05,VARIANT_LOW,3,D1_seed20600613,0.8845638987788805,0.3112878434682083,0.7148204516526724
(c),LCDF_05,VARIANT_LOW,26,D1_seed20600613,0.9902319510123683,0.35619071880176195,0.8235939297779957
(c),LCDF_05,VARIANT_LOW,16,D1_seed20600613,0.9823406145539347,0.3502214018397287,0.8075421805672506
(c),LCDF_05,VARIANT_LOW,28,D1_seed20600613,0.9846396116880308,0.35481134276050186,0.8208591429553203
(c),LCDF_05,VARIANT_LOW,15,D1_seed20600613,0.9782741653942916,0.34845287946107023,0.8032334420502547
(c),LCDF_05,VARIANT_LOW,22,D1_seed20600613,0.9942519071564359,0.3563737890039492,0.8231094474132445
(c),LCDF_05,VARIANT_LOW,29,D1_seed20600613,0.9809528052041512,0.35380080981271617,0.8187495917545298
(c),LCDF_05,VARIANT_LOW,7,D1_seed20600613,0.9248078233212776,0.3268640389925973,0.7516246053481207
(c),LCDF_05,VARIANT_LOW,24,D1_seed20600613,0.9934386250969252,0.35671195292444685,0.8243446342666797
(c),LCDF_05,VARIANT_LOW,14,D1_seed20600613,0.9736184187923426,0.346474452776519,0.7984408767719533
(c),LCDF_05,VARIANT_LOW,23,D1_seed20600613,0.9941446978443282,0.3566502933145647,0.8239752033490879
(c),LCDF_05,VARIANT_LOW,19,D1_seed20600613,0.990981454204128,0.354257521218089,0.8175409395935527
(c),LCDF_05,VARIANT_LOW,13,D1_seed20600613,0.9683761805789421,0.3442873140912518,0.793167372549014
(c),LCDF_05,VARIANT_LOW,5,D1_seed20600613,0.9057769166034758,0.3194607494668051,0.7341067425377223
(c),LCDF_05,VARIANT_LOW,0,D1_seed20600613,0.8487661473785094,0.2976290345025022,0.6826780218638332
(c),LCDF_05,VARIANT_LOW,1,D1_seed20600613,0.8612198904461634,0.30236501723692094,0.6938122109015952
(c),LCDF_05,VARIANT_LOW,17,D1_seed20600613,0.9858153155374152,0.3517789540966888,0.8113644960395617
(c),LCDF_05,VARIANT_LOW,21,D1_seed20600613,0.9937601880887625,0.35588260665657195,0.8217478881425748
(c),LCDF_05,VARIANT_LOW,25,D1_seed20600613,0.992134114182782,0.3565587306480431,0.8242175175486607
(c),LCDF_05,VARIANT_LOW,6,D1_seed20600613,0.9155681248925746,0.3232597554002565,0.743089467095865
(c),LCDF_05,VARIANT_LOW,10,D1_seed20600613,0.9491638638515072,0.3364874307380397,0.7744944396186914
(c),LCDF_05,VARIANT_LOW,27,D1_seed20600613,0.9877332816637691,0.35560813914808004,0.8224742466918805
(c),LCDF_05,VARIANT_LOW,20,D1_seed20600613,0.9926697781745581,0.3551770423143483,0.8198913459720426
(c),LCDF_05,VARIANT_LOW,9,D1_seed20600613,0.9416107554908746,0.33347987004227747,0.7673318238957377
(c),LCDF_05,VARIANT_LOW,4,D1_seed20600613,0.8954400983695834,0.31546931043388027,0.7246818443469479
(c),LCDF_05,VARIANT_LOW,12,D1_seed20600613,0.9625506099823185,0.3418927814781428,0.7874161069913879
(c),LCDF_05,VARIANT_MAIN,2,D1_seed20600613,1.164221786680404,0.40923159742680754,0.9393777161058262
(c),LCDF_05,VARIANT_MAIN,14,D1_seed20600613,1.2981804956628868,0.4619752946808761,1.064597159858391
(c),LCDF_05,VARIANT_MAIN,22,D1_seed20600613,1.3256940081086892,0.47517529383508406,1.097489508134893
(c),LCDF_05,VARIANT_MAIN,29,D1_seed20600613,1.307961319341153,0.47174448433032024,1.0916762303276932
(c),LCDF_05,VARIANT_MAIN,25,D1_seed20600613,1.322870333670387,0.47542192033057296,1.0989669872989836
(c),LCDF_05,VARIANT_MAIN,26,D1_seed20600613,1.3203340365175178,0.47493121329351445,1.098135517211011
(c),LCDF_05,VARIANT_MAIN,20,D1_seed20600613,1.3235842037358159,0.47357951441128443,1.0931985793493513
(c),LCDF_05,VARIANT_MAIN,0,D1_seed20600613,1.1317020454342135,0.3968445736408497,0.9102431558729142
(c),LCDF_05,VARIANT_MAIN,9,D1_seed20600613,1.2555009882599117,0.44464813816676274,1.0231173587115798
(c),LCDF_05,VARIANT_MAIN,3,D1_seed20600613,1.1794345360425336,0.41505718307254424,0.9531005960463339
(c),LCDF_05,VARIANT_MAIN,15,D1_seed20600613,1.3043885778847528,0.4646133652266137,1.0709874193366897
(c),LCDF_05,VARIANT_MAIN,4,D1_seed20600613,1.1939368387131888,0.4206327534638194,0.9662494022931327
(c),LCDF_05,VARIANT_MAIN,31,D1_seed20600613,1.2957690351030218,0.4681979914572825,1.0840799437436037
(c),LCDF_05,VARIANT_MAIN,12,D1_seed20600613,1.2834224660463114,0.4558660196526772,1.0498970791146665
(c),LCDF_05,VARIANT_MAIN,24,D1_seed20600613,1.3246097131256929,0.47562622271787897,1.0991364773905326
(c),LCDF_05,VARIANT_MAIN,1,D1_seed20600613,1.1483077594200757,0.40315950772478265,0.9250890324074896
(c),LCDF_05,VARIANT_MAIN,5,D1_seed20600613,1.207719953827604,0.4259549480033499,0.9788162108703538
(c),LCDF_05,VARIANT_MAIN,28,D1_seed20600613,1.3128772822794337,0.47309194090892465,1.094489039958323
(c),LCDF_05,VARIANT_MAIN,6,D1_seed20600613,1.2207755737484467,0.4310205587313054,0.9907934485305002
(c),LCDF_05,VARIANT_MAIN,16,D1_seed20600613,1.309810890620643,0.466971547960675,1.0767325612217673
(c),LCDF_05,VARIANT_MAIN,8,D1_seed20600613,1.2446732935399332,0.440369971667504,1.0129506988938946
(c),LCDF_05,VARIANT_MAIN,30,D1_seed20600613,1.3022574242786402,0.47011283996720776,1.0882058344425452
(c),LCDF_05,VARIANT_MAIN,11,D1_seed20600613,1.2748814161157989,0.4523984982232308,1.0415961169092
(c),LCDF_05,VARIANT_MAIN,17,D1_seed20600613,1.3144441645143332,0.46904842115892054,1.0818291231493657
(c),LCDF_05,VARIANT_MAIN,13,D1_seed20600613,1.2911903869382264,0.45905892676099674,1.057565633922979
(c),LCDF_05,VARIANT_MAIN,7,D1_seed20600613,1.2330958291003418,0.43582653226869916,1.0021738973135792
(c),LCDF_05,VARIANT_MAIN,23,D1_seed20600613,1.3255511269077545,0.47554399734168934,1.0986438853702578
(c),LCDF_05,VARIANT_MAIN,21,D1_seed20600613,1.3250382688137792,0.4745203345478871,1.0956740414139094
(c),LCDF_05,VARIANT_MAIN,18,D1_seed20600613,1.3182856058270644,0.47084273267456755,1.086274033616491
(c),LCDF_05,VARIANT_MAIN,19,D1_seed20600613,1.3213328981336332,0.4723534006972842,1.0900646138351706
(c),LCDF_05,VARIANT_MAIN,10,D1_seed20600613,1.2655723862221409,0.4486584528529906,1.03266774988611
(c),LCDF_05,VARIANT_MAIN,27,D1_seed20600613,1.3170023500788726,0.47415439739300885,1.0966425681926668
(c),LCDF_05,VARIANT_LOW,30,D2_seed20600611,0.9676707977022213,0.35257714928714073,0.8161468642104037
(c),LCDF_05,VARIANT_LOW,8,D2_seed20600611,0.9222736320003314,0.3302714283106221,0.7597070143330759
(c),LCDF_05,VARIANT_LOW,2,D2_seed20600611,0.8618834445121062,0.3069188682070123,0.704528506624732
(c),LCDF_05,VARIANT_LOW,11,D2_seed20600611,0.9450470554364148,0.33929229798011495,0.7811905455879052
(c),LCDF_05,VARIANT_LOW,31,D2_seed20600611,0.9629742055163463,0.35114109860702175,0.8130525286124285
(c),LCDF_05,VARIANT_LOW,18,D2_seed20600611,0.978107106624647,0.3531245975494317,0.8146980852815966
(c),LCDF_05,VARIANT_LOW,3,D2_seed20600611,0.8732845942607651,0.3112878434682083,0.7148204516526724
(c),LCDF_05,VARIANT_LOW,26,D2_seed20600611,0.9806049919834838,0.35619071880176195,0.8235939297779957
(c),LCDF_05,VARIANT_LOW,16,D2_seed20600611,0.9715734686292955,0.3502214018397287,0.8075421805672506
(c),LCDF_05,VARIANT_LOW,28,D2_seed20600611,0.9753127577778464,0.35481134276050186,0.8208591429553203
(c),LCDF_05,VARIANT_LOW,15,D2_seed20600611,0.9674276819133618,0.34845287946107023,0.8032334420502547
(c),LCDF_05,VARIANT_LOW,22,D2_seed20600611,0.9840949641841569,0.3563737890039492,0.8231094474132445
(c),LCDF_05,VARIANT_LOW,29,D2_seed20600611,0.9717844747221368,0.35380080981271617,0.8187495917545298
(c),LCDF_05,VARIANT_LOW,7,D2_seed20600611,0.9135649473473285,0.3268640389925973,0.7516246053481207
(c),LCDF_05,VARIANT_LOW,24,D2_seed20600611,0.983534747140187,0.35671195292444685,0.8243446342666797
(c),LCDF_05,VARIANT_LOW,14,D2_seed20600611,0.9626991306910546,0.346474452776519,0.7984408767719533
(c),LCDF_05,VARIANT_LOW,23,D2_seed20600611,0.9841112661308047,0.3566502933145647,0.8239752033490879
(c),LCDF_05,VARIANT_LOW,19,D2_seed20600611,0.9804910199383693,0.354257521218089,0.8175409395935527
(c),LCDF_05,VARIANT_LOW,13,D2_seed20600611,0.9573906647889747,0.3442873140912518,0.793167372549014
(c),LCDF_05,VARIANT_LOW,5,D2_seed20600611,0.8945022436352439,0.3194607494668051,0.7341067425377223
(c),LCDF_05,VARIANT_LOW,0,D2_seed20600611,0.8375308400095494,0.2976290345025022,0.6826780218638332
(c),LCDF_05,VARIANT_LOW,1,D2_seed20600611,0.8499631322431496,0.30236501723692094,0.6938122109015952
(c),LCDF_05,VARIANT_LOW,17,D2_seed20600611,0.9751339921906422,0.3517789540966888,0.8113644960395617
(c),LCDF_05,VARIANT_LOW,21,D2_seed20600611,0.9834858514167262,0.35588260665657195,0.8217478881425748
(c),LCDF_05,VARIANT_LOW,25,D2_seed20600611,0.982365754357407,0.3565587306480431,0.8242175175486607
(c),LCDF_05,VARIANT_LOW,6,D2_seed20600611,0.9043059580746088,0.3232597554002565,0.743089467095865
(c),LCDF_05,VARIANT_LOW,10,D2_seed20600611,0.9380194304369821,0.3364874307380397,0.7744944396186914
(c),LCDF_05,VARIANT_LOW,27,D2_seed20600611,0.9782535208503669,0.35560813914808004,0.8224742466918805
(c),LCDF_05,VARIANT_LOW,20,D2_seed20600611,0.9822842952002581,0.3551770423143483,0.8198913459720426
(c),LCDF_05,VARIANT_LOW,9,D2_seed20600611,0.9304267641062112,0.33347987004227747,0.7673318238957377
(c),LCDF_05,VARIANT_LOW,4,D2_seed20600611,0.8841597116348192,0.31546931043388027,0.7246818443469479
(c),LCDF_05,VARIANT_LOW,12,D2_seed20600611,0.9515054661673374,0.3418927814781428,0.7874161069913879
(c),LCDF_05,VARIANT_MAIN,2,D2_seed20600611,1.1491938778721322,0.40923159742680754,0.9393777161058262
(c),LCDF_05,VARIANT_MAIN,14,D2_seed20600611,1.2836225815763878,0.4619752946808761,1.064597159858391
(c),LCDF_05,VARIANT_MAIN,22,D2_seed20600611,1.312152750138539,0.47517529383508406,1.097489508134893
(c),LCDF_05,VARIANT_MAIN,29,D2_seed20600611,1.2957383324334506,0.47174448433032024,1.0916762303276932
(c),LCDF_05,VARIANT_MAIN,25,D2_seed20600611,1.3098472486853663,0.47542192033057296,1.0989669872989836
(c),LCDF_05,VARIANT_MAIN,26,D2_seed20600611,1.3074995032985595,0.47493121329351445,1.098135517211011
(c),LCDF_05,VARIANT_MAIN,20,D2_seed20600611,1.3097382039937415,0.47357951441128443,1.0931985793493513
(c),LCDF_05,VARIANT_MAIN,0,D2_seed20600611,1.1167222193115864,0.3968445736408497,0.9102431558729142
(c),LCDF_05,VARIANT_MAIN,9,D2_seed20600611,1.2405899263226543,0.44464813816676274,1.0231173587115798
(c),LCDF_05,VARIANT_MAIN,3,D2_seed20600611,1.1643961621423036,0.41505718307254424,0.9531005960463339
(c),LCDF_05,VARIANT_MAIN,15,D2_seed20600611,1.2899277688749595,0.4646133652266137,1.0709874193366897
(c),LCDF_05,VARIANT_MAIN,4,D2_seed20600611,1.178897060388401,0.4206327534638194,0.9662494022931327
(c),LCDF_05,VARIANT_MAIN,31,D2_seed20600611,1.283990748160351,0.4681979914572825,1.0840799437436037
(c),LCDF_05,VARIANT_MAIN,12,D2_seed20600611,1.2686966611338848,0.4558660196526772,1.0498970791146665
(c),LCDF_05,VARIANT_MAIN,24,D2_seed20600611,1.3114059182308184,0.47562622271787897,1.0991364773905326
(c),LCDF_05,VARIANT_MAIN,1,D2_seed20600611,1.1332993703596972,0.40315950772478265,0.9250890324074896
(c),LCDF_05,VARIANT_MAIN,5,D2_seed20600611,1.1926878322997438,0.4259549480033499,0.9788162108703538
(c),LCDF_05,VARIANT_MAIN,28,D2_seed20600611,1.3004429187248105,0.47309194090892465,1.094489039958323
(c),LCDF_05,VARIANT_MAIN,6,D2_seed20600611,1.2057601653360803,0.4310205587313054,0.9907934485305002
(c),LCDF_05,VARIANT_MAIN,16,D2_seed20600611,1.2954558960822484,0.466971547960675,1.0767325612217673
(c),LCDF_05,VARIANT_MAIN,8,D2_seed20600611,1.229718433443277,0.440369971667504,1.0129506988938946
(c),LCDF_05,VARIANT_MAIN,30,D2_seed20600611,1.2902531735170326,0.47011283996720776,1.0882058344425452
(c),LCDF_05,VARIANT_MAIN,11,D2_seed20600611,1.2600848652132541,0.4523984982232308,1.0415961169092
(c),LCDF_05,VARIANT_MAIN,17,D2_seed20600611,1.3002036298762034,0.46904842115892054,1.0818291231493657
(c),LCDF_05,VARIANT_MAIN,13,D2_seed20600611,1.2765441359154337,0.45905892676099674,1.057565633922979
(c),LCDF_05,VARIANT_MAIN,7,D2_seed20600611,1.2181061797658541,0.43582653226869916,1.0021738973135792
(c),LCDF_05,VARIANT_MAIN,23,D2_seed20600611,1.3121745729473184,0.47554399734168934,1.0986438853702578
(c),LCDF_05,VARIANT_MAIN,21,D2_seed20600611,1.3113404636774726,0.4745203345478871,1.0956740414139094
(c),LCDF_05,VARIANT_MAIN,18,D2_seed20600611,1.3041681073545304,0.47084273267456755,1.086274033616491
(c),LCDF_05,VARIANT_MAIN,19,D2_seed20600611,1.3073469377703861,0.4723534006972842,1.0900646138351706
(c),LCDF_05,VARIANT_MAIN,10,D2_seed20600611,1.2507141047050454,0.4486584528529906,1.03266774988611
(c),LCDF_05,VARIANT_MAIN,27,D2_seed20600611,1.3043640967835544,0.47415439739300885,1.0966425681926668
(c),LCDF_05,VARIANT_LOW,30,D2_seed20600612,0.9547813074056878,0.35257714928714073,0.8161468642104037
(c),LCDF_05,VARIANT_LOW,8,D2_seed20600612,0.9003849501922979,0.3302714283106221,0.7597070143330759
(c),LCDF_05,VARIANT_LOW,2,D2_seed20600612,0.8385518752160579,0.3069188682070123,0.704528506624732
(c),LCDF_05,VARIANT_LOW,11,D2_seed20600612,0.9240598300027227,0.33929229798011495,0.7811905455879052
(c),LCDF_05,VARIANT_LOW,31,D2_seed20600612,0.9506057297507718,0.35114109860702175,0.8130525286124285
(c),LCDF_05,VARIANT_LOW,18,D2_seed20600612,0.9596558347139901,0.3531245975494317,0.8146980852815966
(c),LCDF_05,VARIANT_LOW,3,D2_seed20600612,0.8501591512679753,0.3112878434682083,0.7148204516526724
(c),LCDF_05,VARIANT_LOW,26,D2_seed20600612,0.9657121663865748,0.35619071880176195,0.8235939297779957
(c),LCDF_05,VARIANT_LOW,16,D2_seed20600612,0.9523385972213899,0.3502214018397287,0.8075421805672506
(c),LCDF_05,VARIANT_LOW,28,D2_seed20600612,0.9614048445982133,0.35481134276050186,0.8208591429553203
(c),LCDF_05,VARIANT_LOW,15,D2_seed20600612,0.9478182728486252,0.34845287946107023,0.8032334420502547
(c),LCDF_05,VARIANT_LOW,22,D2_seed20600612,0.9673422444525879,0.3563737890039492,0.8231094474132445
(c),LCDF_05,VARIANT_LOW,29,D2_seed20600612,0.9583817356164134,0.35380080981271617,0.8187495917545298
(c),LCDF_05,VARIANT_LOW,7,D2_seed20600612,0.8914019119548944,0.3268640389925973,0.7516246053481207
(c),LCDF_05,VARIANT_LOW,24,D2_seed20600612,0.9676928910447246,0.35671195292444685,0.8243446342666797
(c),LCDF_05,VARIANT_LOW,14,D2_seed20600612,0.9427269949230915,0.346474452776519,0.7984408767719533
(c),LCDF_05,VARIANT_LOW,23,D2_seed20600612,0.9678090680813903,0.3566502933145647,0.8239752033490879
(c),LCDF_05,VARIANT_LOW,19,D2_seed20600612,0.9624483382263957,0.354257521218089,0.8175409395935527
(c),LCDF_05,VARIANT_LOW,13,D2_seed20600612,0.93706783157084,0.3442873140912518,0.793167372549014
(c),LCDF_05,VARIANT_LOW,5,D2_seed20600612,0.8718307012023805,0.3194607494668051,0.7341067425377223
(c),LCDF_05,VARIANT_LOW,0,D2_seed20600612,0.8138292860823825,0.2976290345025022,0.6826780218638332
(c),LCDF_05,VARIANT_LOW,1,D2_seed20600612,0.826439487448605,0.30236501723692094,0.6938122109015952
(c),LCDF_05,VARIANT_LOW,17,D2_seed20600612,0.9562852439680752,0.3517789540966888,0.8113644960395617
(c),LCDF_05,VARIANT_LOW,21,D2_seed20600612,0.9662927014748304,0.35588260665657195,0.8217478881425748
(c),LCDF_05,VARIANT_LOW,25,D2_seed20600612,0.9669937833694451,0.3565587306480431,0.8242175175486607
(c),LCDF_05,VARIANT_LOW,6,D2_seed20600612,0.8818819167880093,0.3232597554002565,0.743089467095865
(c),LCDF_05,VARIANT_LOW,10,D2_seed20600612,0.9167188305559067,0.3364874307380397,0.7744944396186914
(c),LCDF_05,VARIANT_LOW,27,D2_seed20600612,0.9638488124763035,0.35560813914808004,0.8224742466918805
(c),LCDF_05,VARIANT_LOW,20,D2_seed20600612,0.964661071638734,0.3551770423143483,0.8198913459720426
(c),LCDF_05,VARIANT_LOW,9,D2_seed20600612,0.9088256184789494,0.33347987004227747,0.7673318238957377
(c),LCDF_05,VARIANT_LOW,4,D2_seed20600612,0.8612543217307783,0.31546931043388027,0.7246818443469479
(c),LCDF_05,VARIANT_LOW,12,D2_seed20600612,0.9308441931132679,0.3418927814781428,0.7874161069913879
(c),LCDF_05,VARIANT_MAIN,2,D2_seed20600612,1.1180850890063314,0.40923159742680754,0.9393777161058262
(c),LCDF_05,VARIANT_MAIN,14,D2_seed20600612,1.2569925184643935,0.4619752946808761,1.064597159858391
(c),LCDF_05,VARIANT_MAIN,22,D2_seed20600612,1.2898148802089522,0.47517529383508406,1.097489508134893
(c),LCDF_05,VARIANT_MAIN,29,D2_seed20600612,1.2778668133154425,0.47174448433032024,1.0916762303276932
(c),LCDF_05,VARIANT_MAIN,25,D2_seed20600612,1.2893502474278193,0.47542192033057296,1.0989669872989836
(c),LCDF_05,VARIANT_MAIN,26,D2_seed20600612,1.2876413209226465,0.47493121329351445,1.098135517211011
(c),LCDF_05,VARIANT_MAIN,20,D2_seed20600612,1.2862397516023372,0.47357951441128443,1.0931985793493513
(c),LCDF_05,VARIANT_MAIN,0,D2_seed20600612,1.0851201816415867,0.3968445736408497,0.9102431558729142
(c),LCDF_05,VARIANT_MAIN,9,D2_seed20600612,1.2117881032505025,0.44464813816676274,1.0231173587115798
(c),LCDF_05,VARIANT_MAIN,3,D2_seed20600612,1.1335621741146091,0.41505718307254424,0.9531005960463339
(c),LCDF_05,VARIANT_MAIN,15,D2_seed20600612,1.2637812961791235,0.4646133652266137,1.0709874193366897
(c),LCDF_05,VARIANT_MAIN,4,D2_seed20600612,1.1483564408672837,0.4206327534638194,0.9662494022931327
(c),LCDF_05,VARIANT_MAIN,31,D2_seed20600612,1.267498173830481,0.4681979914572825,1.0840799437436037
(c),LCDF_05,VARIANT_MAIN,12,D2_seed20600612,1.241147853100664,0.4558660196526772,1.0498970791146665
(c),LCDF_05,VARIANT_MAIN,24,D2_seed20600612,1.2902824459958415,0.47562622271787897,1.0991364773905326
(c),LCDF_05,VARIANT_MAIN,1,D2_seed20600612,1.1019345136094036,0.40315950772478265,0.9250890324074896
(c),LCDF_05,VARIANT_MAIN,5,D2_seed20600612,1.162458972493623,0.4259549480033499,0.9788162108703538
(c),LCDF_05,VARIANT_MAIN,28,D2_seed20600612,1.2818978726188148,0.47309194090892465,1.094489039958323
(c),LCDF_05,VARIANT_MAIN,6,D2_seed20600612,1.1758612689242962,0.4310205587313054,0.9907934485305002
(c),LCDF_05,VARIANT_MAIN,16,D2_seed20600612,1.2698087615250642,0.466971547960675,1.0767325612217673
(c),LCDF_05,VARIANT_MAIN,8,D2_seed20600612,1.200533270077765,0.440369971667504,1.0129506988938946
(c),LCDF_05,VARIANT_MAIN,30,D2_seed20600612,1.2730659489652183,0.47011283996720776,1.0882058344425452
(c),LCDF_05,VARIANT_MAIN,11,D2_seed20600612,1.2321015173295975,0.4523984982232308,1.0415961169092
(c),LCDF_05,VARIANT_MAIN,17,D2_seed20600612,1.2750712807206768,0.46904842115892054,1.0818291231493657
(c),LCDF_05,VARIANT_MAIN,13,D2_seed20600612,1.2494465210686252,0.45905892676099674,1.057565633922979
(c),LCDF_05,VARIANT_MAIN,7,D2_seed20600612,1.1885552519420173,0.43582653226869916,1.0021738973135792
(c),LCDF_05,VARIANT_MAIN,23,D2_seed20600612,1.2904373546935533,0.47554399734168934,1.0986438853702578
(c),LCDF_05,VARIANT_MAIN,21,D2_seed20600612,1.2884153979074586,0.4745203345478871,1.0956740414139094
(c),LCDF_05,VARIANT_MAIN,18,D2_seed20600612,1.279565681100529,0.47084273267456755,1.086274033616491
(c),LCDF_05,VARIANT_MAIN,19,D2_seed20600612,1.2832892530393878,0.4723534006972842,1.0900646138351706
(c),LCDF_05,VARIANT_MAIN,10,D2_seed20600612,1.222312967145907,0.4486584528529906,1.03266774988611
(c),LCDF_05,VARIANT_MAIN,27,D2_seed20600612,1.2851566966952426,0.47415439739300885,1.0966425681926668
(c),LCDF_05,VARIANT_LOW,30,D2_seed20600613,0.9615145916578756,0.35257714928714073,0.8161468642104037
(c),LCDF_05,VARIANT_LOW,8,D2_seed20600613,0.9176638631319846,0.3302714283106221,0.7597070143330759
(c),LCDF_05,VARIANT_LOW,2,D2_seed20600613,0.8579521282160744,0.3069188682070123,0.704528506624732
(c),LCDF_05,VARIANT_LOW,11,D2_seed20600613,0.9401346497397061,0.33929229798011495,0.7811905455879052
(c),LCDF_05,VARIANT_LOW,31,D2_seed20600613,0.9567878478187821,0.35114109860702175,0.8130525286124285
(c),LCDF_05,VARIANT_LOW,18,D2_seed20600613,0.9725945655854052,0.3531245975494317,0.8146980852815966
(c),LCDF_05,VARIANT_LOW,3,D2_seed20600613,0.8692338704130793,0.3112878434682083,0.7148204516526724
(c),LCDF_05,VARIANT_LOW,26,D2_seed20600613,0.9746062591918269,0.35619071880176195,0.8235939297779957
(c),LCDF_05,VARIANT_LOW,16,D2_seed20600613,0.9662164946337707,0.3502214018397287,0.8075421805672506
(c),LCDF_05,VARIANT_LOW,28,D2_seed20600613,0.9692279590508444,0.35481134276050186,0.8208591429553203
(c),LCDF_05,VARIANT_LOW,15,D2_seed20600613,0.9621533562274279,0.34845287946107023,0.8032334420502547
(c),LCDF_05,VARIANT_LOW,22,D2_seed20600613,0.9783114764544538,0.3563737890039492,0.8231094474132445
(c),LCDF_05,VARIANT_LOW,29,D2_seed20600613,0.9656621284495174,0.35380080981271617,0.8187495917545298
(c),LCDF_05,VARIANT_LOW,7,D2_seed20600613,0.9090616945826439,0.3268640389925973,0.7516246053481207
(c),LCDF_05,VARIANT_LOW,24,D2_seed20600613,0.9776365319462943,0.35671195292444685,0.8243446342666797
(c),LCDF_05,VARIANT_LOW,14,D2_seed20600613,0.9575106308095126,0.346474452776519,0.7984408767719533
(c),LCDF_05,VARIANT_LOW,23,D2_seed20600613,0.9782686548936838,0.3566502933145647,0.8239752033490879
(c),LCDF_05,VARIANT_LOW,19,D2_seed20600613,0.9749056538181721,0.354257521218089,0.8175409395935527
(c),LCDF_05,VARIANT_LOW,13,D2_seed20600613,0.9522911165187795,0.3442873140912518,0.793167372549014
(c),LCDF_05,VARIANT_LOW,5,D2_seed20600613,0.8902200964141253,0.3194607494668051,0.7341067425377223
(c),LCDF_05,VARIANT_LOW,0,D2_seed20600613,0.8338453708643148,0.2976290345025022,0.6826780218638332
(c),LCDF_05,VARIANT_LOW,1,D2_seed20600613,0.8461535919730341,0.30236501723692094,0.6938122109015952
(c),LCDF_05,VARIANT_LOW,17,D2_seed20600613,0.969697597139407,0.3517789540966888,0.8113644960395617
(c),LCDF_05,VARIANT_LOW,21,D2_seed20600613,0.9777649711715664,0.35588260665657195,0.8217478881425748
(c),LCDF_05,VARIANT_LOW,25,D2_seed20600613,0.9764154882088725,0.3565587306480431,0.8242175175486607
(c),LCDF_05,VARIANT_LOW,6,D2_seed20600613,0.8999119344591233,0.3232597554002565,0.743089467095865
(c),LCDF_05,VARIANT_LOW,10,D2_seed20600613,0.9332050234728897,0.3364874307380397,0.7744944396186914
(c),LCDF_05,VARIANT_LOW,27,D2_seed20600613,0.9722099348757303,0.35560813914808004,0.8224742466918805
(c),LCDF_05,VARIANT_LOW,20,D2_seed20600613,0.9766294687424397,0.3551770423143483,0.8198913459720426
(c),LCDF_05,VARIANT_LOW,9,D2_seed20600613,0.9257132563425178,0.33347987004227747,0.7673318238957377
(c),LCDF_05,VARIANT_LOW,4,D2_seed20600613,0.8799920206548858,0.31546931043388027,0.7246818443469479
(c),LCDF_05,VARIANT_LOW,12,D2_seed20600613,0.9464979590482077,0.3418927814781428,0.7874161069913879
(c),LCDF_05,VARIANT_MAIN,2,D2_seed20600613,1.1439515347260718,0.40923159742680754,0.9393777161058262
(c),LCDF_05,VARIANT_MAIN,14,D2_seed20600613,1.2767039730113348,0.4619752946808761,1.064597159858391
(c),LCDF_05,VARIANT_MAIN,22,D2_seed20600613,1.30444088762739,0.47517529383508406,1.097489508134893
(c),LCDF_05,VARIANT_MAIN,29,D2_seed20600613,1.2875747405578777,0.47174448433032024,1.0916762303276932
(c),LCDF_05,VARIANT_MAIN,25,D2_seed20600613,1.3019130477618885,0.47542192033057296,1.0989669872989836
(c),LCDF_05,VARIANT_MAIN,26,D2_seed20600613,1.2995006919744043,0.47493121329351445,1.098135517211011
(c),LCDF_05,VARIANT_MAIN,20,D2_seed20600613,1.3021978704385029,0.47357951441128443,1.0931985793493513
(c),LCDF_05,VARIANT_MAIN,0,D2_seed20600613,1.1118076799512249,0.3968445736408497,0.9102431558729142
(c),LCDF_05,VARIANT_MAIN,9,D2_seed20600613,1.2343046574058147,0.44464813816676274,1.0231173587115798
(c),LCDF_05,VARIANT_MAIN,3,D2_seed20600613,1.1589946061987364,0.41505718307254424,0.9531005960463339
(c),LCDF_05,VARIANT_MAIN,15,D2_seed20600613,1.2828947315482917,0.4646133652266137,1.0709874193366897
(c),LCDF_05,VARIANT_MAIN,4,D2_seed20600613,1.173339546261344,0.4206327534638194,0.9662494022931327
(c),LCDF_05,VARIANT_MAIN,31,D2_seed20600613,1.2757418340002933,0.4681979914572825,1.0840799437436037
(c),LCDF_05,VARIANT_MAIN,12,D2_seed20600613,1.262019382591839,0.4558660196526772,1.0498970791146665
(c),LCDF_05,VARIANT_MAIN,24,D2_seed20600613,1.3035411071930618,0.47562622271787897,1.0991364773905326
(c),LCDF_05,VARIANT_MAIN,1,D2_seed20600613,1.128219398689623,0.40315950772478265,0.9250890324074896
(c),LCDF_05,VARIANT_MAIN,5,D2_seed20600613,1.186977708571719,0.4259549480033499,0.9788162108703538
(c),LCDF_05,VARIANT_MAIN,28,D2_seed20600613,1.2923293774641682,0.47309194090892465,1.094489039958323
(c),LCDF_05,VARIANT_MAIN,6,D2_seed20600613,1.1999008725344893,0.4310205587313054,0.9907934485305002
(c),LCDF_05,VARIANT_MAIN,16,D2_seed20600613,1.2883126673442664,0.466971547960675,1.0767325612217673
(c),LCDF_05,VARIANT_MAIN,8,D2_seed20600613,1.2235714814073462,0.440369971667504,1.0129506988938946
(c),LCDF_05,VARIANT_MAIN,30,D2_seed20600613,1.2820444483124622,0.47011283996720776,1.0882058344425452
(c),LCDF_05,VARIANT_MAIN,11,D2_seed20600613,1.2535344045056362,0.4523984982232308,1.0415961169092
(c),LCDF_05,VARIANT_MAIN,17,D2_seed20600613,1.2929545134026472,0.46904842115892054,1.0818291231493657
(c),LCDF_05,VARIANT_MAIN,13,D2_seed20600613,1.2697441245620418,0.45905892676099674,1.057565633922979
(c),LCDF_05,VARIANT_MAIN,7,D2_seed20600613,1.2121012482840028,0.43582653226869916,1.0021738973135792
(c),LCDF_05,VARIANT_MAIN,23,D2_seed20600613,1.3043838895696296,0.47554399734168934,1.0986438853702578
(c),LCDF_05,VARIANT_MAIN,21,D2_seed20600613,1.303712067840784,0.4745203345478871,1.0956740414139094
(c),LCDF_05,VARIANT_MAIN,18,D2_seed20600613,1.2968174705488271,0.47084273267456755,1.086274033616491
(c),LCDF_05,VARIANT_MAIN,19,D2_seed20600613,1.2998992091302064,0.4723534006972842,1.0900646138351706
(c),LCDF_05,VARIANT_MAIN,10,D2_seed20600613,1.2442943058902018,0.4486584528529906,1.03266774988611
(c),LCDF_05,VARIANT_MAIN,27,D2_seed20600613,1.2963054933724674,0.47415439739300885,1.0966425681926668
(c),LCDF_05,VARIANT_LOW,30,D3_seed20600611,0.08229915495191234,0.35257714928714073,0.8161468642104037
(c),LCDF_05,VARIANT_LOW,8,D3_seed20600611,0.13994201586249302,0.3302714283106221,0.7597070143330759
(c),LCDF_05,VARIANT_LOW,2,D3_seed20600611,0.14919555828741216,0.3069188682070123,0.704528506624732
(c),LCDF_05,VARIANT_LOW,11,D3_seed20600611,0.13416412609463385,0.33929229798011495,0.7811905455879052
(c),LCDF_05,VARIANT_LOW,31,D3_seed20600611,0.0789634134987713,0.35114109860702175,0.8130525286124285
(c),LCDF_05,VARIANT_LOW,18,D3_seed20600611,0.11791602279415125,0.3531245975494317,0.8146980852815966
(c),LCDF_05,VARIANT_LOW,3,D3_seed20600611,0.1478730014220632,0.3112878434682083,0.7148204516526724
(c),LCDF_05,VARIANT_LOW,26,D3_seed20600611,0.09512638611009326,0.35619071880176195,0.8235939297779957
(c),LCDF_05,VARIANT_LOW,16,D3_seed20600611,0.12293569468710631,0.3502214018397287,0.8075421805672506
(c),LCDF_05,VARIANT_LOW,28,D3_seed20600611,0.08881983190943864,0.35481134276050186,0.8208591429553203
(c),LCDF_05,VARIANT_LOW,15,D3_seed20600611,0.12533516258750063,0.34845287946107023,0.8032334420502547
(c),LCDF_05,VARIANT_LOW,22,D3_seed20600611,0.10703689663745873,0.3563737890039492,0.8231094474132445
(c),LCDF_05,VARIANT_LOW,29,D3_seed20600611,0.08558528810112347,0.35380080981271617,0.8187495917545298
(c),LCDF_05,VARIANT_LOW,7,D3_seed20600611,0.14170088014391952,0.3268640389925973,0.7516246053481207
(c),LCDF_05,VARIANT_LOW,24,D3_seed20600611,0.10120362042451937,0.35671195292444685,0.8243446342666797
(c),LCDF_05,VARIANT_LOW,14,D3_seed20600611,0.12765911343183706,0.346474452776519,0.7984408767719533
(c),LCDF_05,VARIANT_LOW,23,D3_seed20600611,0.10415164539080922,0.3566502933145647,0.8239752033490879
(c),LCDF_05,VARIANT_LOW,19,D3_seed20600611,0.1152988373257689,0.354257521218089,0.8175409395935527
(c),LCDF_05,VARIANT_LOW,13,D3_seed20600611,0.12990615020434976,0.3442873140912518,0.793167372549014
(c),LCDF_05,VARIANT_LOW,5,D3_seed20600611,0.14496154217584417,0.3194607494668051,0.7341067425377223
(c),LCDF_05,VARIANT_LOW,0,D3_seed20600611,0.15157034759972207,0.2976290345025022,0.6826780218638332
(c),LCDF_05,VARIANT_LOW,1,D3_seed20600611,0.1504282543902222,0.30236501723692094,0.6938122109015952
(c),LCDF_05,VARIANT_LOW,17,D3_seed20600611,0.12046215231562467,0.3517789540966888,0.8113644960395617
(c),LCDF_05,VARIANT_LOW,21,D3_seed20600611,0.10985763740325083,0.35588260665657195,0.8217478881425748
(c),LCDF_05,VARIANT_LOW,25,D3_seed20600611,0.09819459665495671,0.3565587306480431,0.8242175175486607
(c),LCDF_05,VARIANT_LOW,6,D3_seed20600611,0.14337439091706736,0.3232597554002565,0.743089467095865
(c),LCDF_05,VARIANT_LOW,10,D3_seed20600611,0.13617250609706122,0.3364874307380397,0.7744944396186914
(c),LCDF_05,VARIANT_LOW,27,D3_seed20600611,0.09200083685816782,0.35560813914808004,0.8224742466918805
(c),LCDF_05,VARIANT_LOW,20,D3_seed20600611,0.11261217010366188,0.3551770423143483,0.8198913459720426
(c),LCDF_05,VARIANT_LOW,9,D3_seed20600611,0.13809885525845966,0.33347987004227747,0.7673318238957377
(c),LCDF_05,VARIANT_LOW,4,D3_seed20600611,0.1464613796648796,0.31546931043388027,0.7246818443469479
(c),LCDF_05,VARIANT_LOW,12,D3_seed20600611,0.13207492225950107,0.3418927814781428,0.7874161069913879
(c),LCDF_05,VARIANT_MAIN,2,D3_seed20600611,0.19894760957400517,0.40923159742680754,0.9393777161058262
(c),LCDF_05,VARIANT_MAIN,14,D3_seed20600611,0.1702554297577407,0.4619752946808761,1.064597159858391
(c),LCDF_05,VARIANT_MAIN,22,D3_seed20600611,0.14277148550760999,0.47517529383508406,1.097489508134893
(c),LCDF_05,VARIANT_MAIN,29,D3_seed20600611,0.11417442778419425,0.47174448433032024,1.0916762303276932
(c),LCDF_05,VARIANT_MAIN,25,D3_seed20600611,0.13098469862210932,0.47542192033057296,1.0989669872989836
(c),LCDF_05,VARIANT_MAIN,26,D3_seed20600611,0.12689448366024597,0.47493121329351445,1.098135517211011
(c),LCDF_05,VARIANT_MAIN,20,D3_seed20600611,0.15020264217930546,0.47357951441128443,1.0931985793493513
(c),LCDF_05,VARIANT_MAIN,0,D3_seed20600611,0.202110542531616,0.3968445736408497,0.9102431558729142
(c),LCDF_05,VARIANT_MAIN,9,D3_seed20600611,0.1841654335850619,0.44464813816676274,1.0231173587115798
(c),LCDF_05,VARIANT_MAIN,3,D3_seed20600611,0.19718601415801817,0.41505718307254424,0.9531005960463339
(c),LCDF_05,VARIANT_MAIN,15,D3_seed20600611,0.1671586427868416,0.4646133652266137,1.0709874193366897
(c),LCDF_05,VARIANT_MAIN,4,D3_seed20600611,0.19530571413680545,0.4206327534638194,0.9662494022931327
(c),LCDF_05,VARIANT_MAIN,31,D3_seed20600611,0.10534553583146207,0.4681979914572825,1.0840799437436037
(c),LCDF_05,VARIANT_MAIN,12,D3_seed20600611,0.17613940183219812,0.4558660196526772,1.0498970791146665
(c),LCDF_05,VARIANT_MAIN,24,D3_seed20600611,0.13499587039239289,0.47562622271787897,1.0991364773905326
(c),LCDF_05,VARIANT_MAIN,1,D3_seed20600611,0.20058944658793806,0.40315950772478265,0.9250890324074896
(c),LCDF_05,VARIANT_MAIN,5,D3_seed20600611,0.19330783387552752,0.4259549480033499,0.9788162108703538
(c),LCDF_05,VARIANT_MAIN,28,D3_seed20600611,0.11848681648278375,0.47309194090892465,1.094489039958323
(c),LCDF_05,VARIANT_MAIN,6,D3_seed20600611,0.19119356771930612,0.4310205587313054,0.9907934485305002
(c),LCDF_05,VARIANT_MAIN,16,D3_seed20600611,0.16396110585321946,0.466971547960675,1.0767325612217673
(c),LCDF_05,VARIANT_MAIN,8,D3_seed20600611,0.18662100119672023,0.440369971667504,1.0129506988938946
(c),LCDF_05,VARIANT_MAIN,30,D3_seed20600611,0.10979312004092569,0.47011283996720776,1.0882058344425452
(c),LCDF_05,VARIANT_MAIN,11,D3_seed20600611,0.17892306698084032,0.4523984982232308,1.0415961169092
(c),LCDF_05,VARIANT_MAIN,17,D3_seed20600611,0.16066473348106522,0.46904842115892054,1.0818291231493657
(c),LCDF_05,VARIANT_MAIN,13,D3_seed20600611,0.17324961326432506,0.45905892676099674,1.057565633922979
(c),LCDF_05,VARIANT_MAIN,7,D3_seed20600611,0.1889641793650411,0.43582653226869916,1.0021738973135792
(c),LCDF_05,VARIANT_MAIN,23,D3_seed20600611,0.13892558668660748,0.47554399734168934,1.0986438853702578
(c),LCDF_05,VARIANT_MAIN,21,D3_seed20600611,0.14653125648513837,0.4745203345478871,1.0956740414139094
(c),LCDF_05,VARIANT_MAIN,18,D3_seed20600611,0.15727150017737151,0.47084273267456755,1.086274033616491
(c),LCDF_05,VARIANT_MAIN,19,D3_seed20600611,0.15378343934737027,0.4723534006972842,1.0900646138351706
(c),LCDF_05,VARIANT_MAIN,10,D3_seed20600611,0.18159894414952793,0.4486584528529906,1.03266774988611
(c),LCDF_05,VARIANT_MAIN,27,D3_seed20600611,0.12272768670822341,0.47415439739300885,1.0966425681926668
(c),LCDF_05,VARIANT_LOW,30,D3_seed20600612,0.06381575440829426,0.35257714928714073,0.8161468642104037
(c),LCDF_05,VARIANT_LOW,8,D3_seed20600612,0.13826712087460707,0.3302714283106221,0.7597070143330759
(c),LCDF_05,VARIANT_LOW,2,D3_seed20600612,0.1524114771806896,0.3069188682070123,0.704528506624732
(c),LCDF_05,VARIANT_LOW,11,D3_seed20600612,0.13005145524171374,0.33929229798011495,0.7811905455879052
(c),LCDF_05,VARIANT_LOW,31,D3_seed20600612,0.059810536544505126,0.35114109860702175,0.8130525286124285
(c),LCDF_05,VARIANT_LOW,18,D3_seed20600612,0.1082272471951651,0.3531245975494317,0.8146980852815966
(c),LCDF_05,VARIANT_LOW,3,D3_seed20600612,0.1502756880595465,0.3112878434682083,0.7148204516526724
(c),LCDF_05,VARIANT_LOW,26,D3_seed20600612,0.07943025492980228,0.35619071880176195,0.8235939297779957
(c),LCDF_05,VARIANT_LOW,16,D3_seed20600612,0.11481757235113257,0.3502214018397287,0.8075421805672506
(c),LCDF_05,VARIANT_LOW,28,D3_seed20600612,0.07170906204129301,0.35481134276050186,0.8208591429553203
(c),LCDF_05,VARIANT_LOW,15,D3_seed20600612,0.11801009160308049,0.34845287946107023,0.8032334420502547
(c),LCDF_05,VARIANT_LOW,22,D3_seed20600612,0.09428193972499922,0.3563737890039492,0.8231094474132445
(c),LCDF_05,VARIANT_LOW,29,D3_seed20600612,0.06778273418042877,0.35380080981271617,0.8187495917545298
(c),LCDF_05,VARIANT_LOW,7,D3_seed20600612,0.1408413651743247,0.3268640389925973,0.7516246053481207
(c),LCDF_05,VARIANT_LOW,24,D3_seed20600612,0.08696061961703781,0.35671195292444685,0.8243446342666797
(c),LCDF_05,VARIANT_LOW,14,D3_seed20600612,0.1211316003788129,0.346474452776519,0.7984408767719533
(c),LCDF_05,VARIANT_LOW,23,D3_seed20600612,0.09064852858745244,0.3566502933145647,0.8239752033490879
(c),LCDF_05,VARIANT_LOW,19,D3_seed20600612,0.10483341695722552,0.354257521218089,0.8175409395935527
(c),LCDF_05,VARIANT_LOW,13,D3_seed20600612,0.12418021576100616,0.3442873140912518,0.793167372549014
(c),LCDF_05,VARIANT_LOW,5,D3_seed20600612,0.14573398731909223,0.3194607494668051,0.7341067425377223
(c),LCDF_05,VARIANT_LOW,0,D3_seed20600612,0.15640647141746572,0.2976290345025022,0.6826780218638332
(c),LCDF_05,VARIANT_LOW,1,D3_seed20600612,0.1544554841898443,0.30236501723692094,0.6938122109015952
(c),LCDF_05,VARIANT_LOW,17,D3_seed20600612,0.1115559683795169,0.3517789540966888,0.8113644960395617
(c),LCDF_05,VARIANT_LOW,21,D3_seed20600612,0.09785865848674964,0.35588260665657195,0.8217478881425748
(c),LCDF_05,VARIANT_LOW,25,D3_seed20600612,0.08322044128361003,0.3565587306480431,0.8242175175486607
(c),LCDF_05,VARIANT_LOW,6,D3_seed20600612,0.14333082190112184,0.3232597554002565,0.743089467095865
(c),LCDF_05,VARIANT_LOW,10,D3_seed20600612,0.13287053718683398,0.3364874307380397,0.7744944396186914
(c),LCDF_05,VARIANT_LOW,27,D3_seed20600612,0.07559235377902476,0.35560813914808004,0.8224742466918805
(c),LCDF_05,VARIANT_LOW,20,D3_seed20600612,0.10137652535488066,0.3551770423143483,0.8198913459720426
(c),LCDF_05,VARIANT_LOW,9,D3_seed20600612,0.13560964345453108,0.33347987004227747,0.7673318238957377
(c),LCDF_05,VARIANT_LOW,4,D3_seed20600612,0.1480494092786853,0.31546931043388027,0.7246818443469479
(c),LCDF_05,VARIANT_LOW,12,D3_seed20600612,0.1271540987365976,0.3418927814781428,0.7874161069913879
(c),LCDF_05,VARIANT_MAIN,2,D3_seed20600612,0.2031796714482025,0.40923159742680754,0.9393777161058262
(c),LCDF_05,VARIANT_MAIN,14,D3_seed20600612,0.16147642215649538,0.4619752946808761,1.064597159858391
(c),LCDF_05,VARIANT_MAIN,22,D3_seed20600612,0.12567847821840542,0.47517529383508406,1.097489508134893
(c),LCDF_05,VARIANT_MAIN,29,D3_seed20600612,0.09034242325787256,0.47174448433032024,1.0916762303276932
(c),LCDF_05,VARIANT_MAIN,25,D3_seed20600612,0.1109290466839147,0.47542192033057296,1.0989669872989836
(c),LCDF_05,VARIANT_MAIN,26,D3_seed20600612,0.10587495363062364,0.47493121329351445,1.098135517211011
(c),LCDF_05,VARIANT_MAIN,20,D3_seed20600612,0.13513791641073575,0.47357951441128443,1.0931985793493513
(c),LCDF_05,VARIANT_MAIN,0,D3_seed20600612,0.20850656356798108,0.3968445736408497,0.9102431558729142
(c),LCDF_05,VARIANT_MAIN,9,D3_seed20600612,0.18077854704041213,0.44464813816676274,1.0231173587115798
(c),LCDF_05,VARIANT_MAIN,3,D3_seed20600612,0.2003319560374198,0.41505718307254424,0.9531005960463339
(c),LCDF_05,VARIANT_MAIN,15,D3_seed20600612,0.15731478015294495,0.4646133652266137,1.0709874193366897
(c),LCDF_05,VARIANT_MAIN,4,D3_seed20600612,0.19736366063720262,0.4206327534638194,0.9662494022931327
(c),LCDF_05,VARIANT_MAIN,31,D3_seed20600612,0.07971015029863754,0.4681979914572825,1.0840799437436037
(c),LCDF_05,VARIANT_MAIN,12,D3_seed20600612,0.16950563506677455,0.4558660196526772,1.0498970791146665
(c),LCDF_05,VARIANT_MAIN,24,D3_seed20600612,0.11591632617313488,0.47562622271787897,1.0991364773905326
(c),LCDF_05,VARIANT_MAIN,1,D3_seed20600612,0.20590508909422656,0.40315950772478265,0.9250890324074896
(c),LCDF_05,VARIANT_MAIN,5,D3_seed20600612,0.19427657442231058,0.4259549480033499,0.9788162108703538
(c),LCDF_05,VARIANT_MAIN,28,D3_seed20600612,0.09557854015092164,0.47309194090892465,1.094489039958323
(c),LCDF_05,VARIANT_MAIN,6,D3_seed20600612,0.19107255697111242,0.4310205587313054,0.9907934485305002
(c),LCDF_05,VARIANT_MAIN,16,D3_seed20600612,0.1530584292567967,0.466971547960675,1.0767325612217673
(c),LCDF_05,VARIANT_MAIN,8,D3_seed20600612,0.18432151244208275,0.440369971667504,1.0129506988938946
(c),LCDF_05,VARIANT_MAIN,30,D3_seed20600612,0.0850518963748654,0.47011283996720776,1.0882058344425452
(c),LCDF_05,VARIANT_MAIN,11,D3_seed20600612,0.17336838118104608,0.4523984982232308,1.0415961169092
(c),LCDF_05,VARIANT_MAIN,17,D3_seed20600612,0.14870992720109275,0.46904842115892054,1.0818291231493657
(c),LCDF_05,VARIANT_MAIN,13,D3_seed20600612,0.1655408545572859,0.45905892676099674,1.057565633922979
(c),LCDF_05,VARIANT_MAIN,7,D3_seed20600612,0.18775353723006497,0.43582653226869916,1.0021738973135792
(c),LCDF_05,VARIANT_MAIN,23,D3_seed20600612,0.12083378981340542,0.47554399734168934,1.0986438853702578
(c),LCDF_05,VARIANT_MAIN,21,D3_seed20600612,0.13044747659528272,0.4745203345478871,1.0956740414139094
(c),LCDF_05,VARIANT_MAIN,18,D3_seed20600612,0.14427188731041055,0.47084273267456755,1.086274033616491
(c),LCDF_05,VARIANT_MAIN,19,D3_seed20600612,0.13974697702720995,0.4723534006972842,1.0900646138351706
(c),LCDF_05,VARIANT_MAIN,10,D3_seed20600612,0.17712677150503991,0.4486584528529906,1.03266774988611
(c),LCDF_05,VARIANT_MAIN,27,D3_seed20600612,0.10075709048099303,0.47415439739300885,1.0966425681926668
(c),LCDF_05,VARIANT_LOW,30,D3_seed20600613,0.06492001431901205,0.35257714928714073,0.8161468642104037
(c),LCDF_05,VARIANT_LOW,8,D3_seed20600613,0.09165595979528611,0.3302714283106221,0.7597070143330759
(c),LCDF_05,VARIANT_LOW,2,D3_seed20600613,0.09457440128627212,0.3069188682070123,0.704528506624732
(c),LCDF_05,VARIANT_LOW,11,D3_seed20600613,0.08944741067460309,0.33929229798011495,0.7811905455879052
(c),LCDF_05,VARIANT_LOW,31,D3_seed20600613,0.06318341677580941,0.35114109860702175,0.8130525286124285
(c),LCDF_05,VARIANT_LOW,18,D3_seed20600613,0.08243534376999508,0.3531245975494317,0.8146980852815966
(c),LCDF_05,VARIANT_LOW,3,D3_seed20600613,0.09422893287476897,0.3112878434682083,0.7148204516526724
(c),LCDF_05,VARIANT_LOW,26,D3_seed20600613,0.07146537803821099,0.35619071880176195,0.8235939297779957
(c),LCDF_05,VARIANT_LOW,16,D3_seed20600613,0.08469683003334921,0.3502214018397287,0.8075421805672506
(c),LCDF_05,VARIANT_LOW,28,D3_seed20600613,0.06827491411163515,0.35481134276050186,0.8208591429553203
(c),LCDF_05,VARIANT_LOW,15,D3_seed20600613,0.08575139756079654,0.34845287946107023,0.8032334420502547
(c),LCDF_05,VARIANT_LOW,22,D3_seed20600613,0.07732263115903934,0.3563737890039492,0.8231094474132445
(c),LCDF_05,VARIANT_LOW,29,D3_seed20600613,0.06661752170884079,0.35380080981271617,0.8187495917545298
(c),LCDF_05,VARIANT_LOW,7,D3_seed20600613,0.09228232945843434,0.3268640389925973,0.7516246053481207
(c),LCDF_05,VARIANT_LOW,24,D3_seed20600613,0.07448370922006732,0.35671195292444685,0.8243446342666797
(c),LCDF_05,VARIANT_LOW,14,D3_seed20600613,0.08675432613618647,0.346474452776519,0.7984408767719533
(c),LCDF_05,VARIANT_LOW,23,D3_seed20600613,0.07592603423306493,0.3566502933145647,0.8239752033490879
(c),LCDF_05,VARIANT_LOW,19,D3_seed20600613,0.08122978455948911,0.354257521218089,0.8175409395935527
(c),LCDF_05,VARIANT_LOW,13,D3_seed20600613,0.08770501323002827,0.3442873140912518,0.793167372549014
(c),LCDF_05,VARIANT_LOW,5,D3_seed20600613,0.09336804201812135,0.3194607494668051,0.7341067425377223
(c),LCDF_05,VARIANT_LOW,0,D3_seed20600613,0.09509434183897689,0.2976290345025022,0.6826780218638332
(c),LCDF_05,VARIANT_LOW,1,D3_seed20600613,0.09486292912259946,0.30236501723692094,0.6938122109015952
(c),LCDF_05,VARIANT_LOW,17,D3_seed20600613,0.08359125725930981,0.3517789540966888,0.8113644960395617
(c),LCDF_05,VARIANT_LOW,21,D3_seed20600613,0.0786726589011667,0.35588260665657195,0.8217478881425748
(c),LCDF_05,VARIANT_LOW,25,D3_seed20600613,0.07299652506038642,0.3565587306480431,0.8242175175486607
(c),LCDF_05,VARIANT_LOW,6,D3_seed20600613,0.09285313786253951,0.3232597554002565,0.743089467095865
(c),LCDF_05,VARIANT_LOW,10,D3_seed20600613,0.09023807468967061,0.3364874307380397,0.7744944396186914
(c),LCDF_05,VARIANT_LOW,27,D3_seed20600613,0.06989119125981444,0.35560813914808004,0.8224742466918805
(c),LCDF_05,VARIANT_LOW,20,D3_seed20600613,0.07997530469204939,0.3551770423143483,0.8198913459720426
(c),LCDF_05,VARIANT_LOW,9,D3_seed20600613,0.09097440510874534,0.33347987004227747,0.7673318238957377
(c),LCDF_05,VARIANT_LOW,4,D3_seed20600613,0.09382673235459232,0.31546931043388027,0.7246818443469479
(c),LCDF_05,VARIANT_LOW,12,D3_seed20600613,0.08860288781539846,0.3418927814781428,0.7874161069913879
(c),LCDF_05,VARIANT_MAIN,2,D3_seed20600613,0.12609779882082234,0.40923159742680754,0.9393777161058262
(c),LCDF_05,VARIANT_MAIN,14,D3_seed20600613,0.11568551602758262,0.4619752946808761,1.064597159858391
(c),LCDF_05,VARIANT_MAIN,22,D3_seed20600613,0.10311639922635778,0.47517529383508406,1.097489508134893
(c),LCDF_05,VARIANT_MAIN,29,D3_seed20600613,0.0888432599519918,0.47174448433032024,1.0916762303276932
(c),LCDF_05,VARIANT_MAIN,25,D3_seed20600613,0.09734910854138998,0.47542192033057296,1.0989669872989836
(c),LCDF_05,VARIANT_MAIN,26,D3_seed20600613,0.09530763295238319,0.47493121329351445,1.098135517211011
(c),LCDF_05,VARIANT_MAIN,20,D3_seed20600613,0.1066521954150229,0.47357951441128443,1.0931985793493513
(c),LCDF_05,VARIANT_MAIN,0,D3_seed20600613,0.126788932603248,0.3968445736408497,0.9102431558729142
(c),LCDF_05,VARIANT_MAIN,9,D3_seed20600613,0.12130631777191271,0.44464813816676274,1.0231173587115798
(c),LCDF_05,VARIANT_MAIN,3,D3_seed20600613,0.1256383091978153,0.41505718307254424,0.9531005960463339
(c),LCDF_05,VARIANT_MAIN,15,D3_seed20600613,0.11434934920743825,0.4646133652266137,1.0709874193366897
(c),LCDF_05,VARIANT_MAIN,4,D3_seed20600613,0.12510321709314026,0.4206327534638194,0.9662494022931327
(c),LCDF_05,VARIANT_MAIN,31,D3_seed20600613,0.08426346016485341,0.4681979914572825,1.0840799437436037
(c),LCDF_05,VARIANT_MAIN,12,D3_seed20600613,0.11814797417295883,0.4558660196526772,1.0498970791146665
(c),LCDF_05,VARIANT_MAIN,24,D3_seed20600613,0.09933184981502817,0.47562622271787897,1.0991364773905326
(c),LCDF_05,VARIANT_MAIN,1,D3_seed20600613,0.12648141525776707,0.40315950772478265,0.9250890324074896
(c),LCDF_05,VARIANT_MAIN,5,D3_seed20600613,0.12449283792522994,0.4259549480033499,0.9788162108703538
(c),LCDF_05,VARIANT_MAIN,28,D3_seed20600613,0.09105342731501867,0.47309194090892465,1.094489039958323
(c),LCDF_05,VARIANT_MAIN,6,D3_seed20600613,0.12380753172865082,0.4310205587313054,0.9907934485305002
(c),LCDF_05,VARIANT_MAIN,16,D3_seed20600613,0.11294427022434543,0.466971547960675,1.0767325612217673
(c),LCDF_05,VARIANT_MAIN,8,D3_seed20600613,0.12221380069618358,0.440369971667504,1.0129506988938946
(c),LCDF_05,VARIANT_MAIN,30,D3_seed20600613,0.08657948212809949,0.47011283996720776,1.0882058344425452
(c),LCDF_05,VARIANT_MAIN,11,D3_seed20600613,0.11927280198117671,0.4523984982232308,1.0415961169092
(c),LCDF_05,VARIANT_MAIN,17,D3_seed20600613,0.11147111625913608,0.46904842115892054,1.0818291231493657
(c),LCDF_05,VARIANT_MAIN,13,D3_seed20600613,0.11695197537037784,0.45905892676099674,1.057565633922979
(c),LCDF_05,VARIANT_MAIN,7,D3_seed20600613,0.12304770302919966,0.43582653226869916,1.0021738973135792
(c),LCDF_05,VARIANT_MAIN,23,D3_seed20600613,0.10125466495811139,0.47554399734168934,1.0986438853702578
(c),LCDF_05,VARIANT_MAIN,21,D3_seed20600613,0.10491593560169354,0.4745203345478871,1.0956740414139094
(c),LCDF_05,VARIANT_MAIN,18,D3_seed20600613,0.1099307659484301,0.47084273267456755,1.086274033616491
(c),LCDF_05,VARIANT_MAIN,19,D3_seed20600613,0.1083241389382009,0.4723534006972842,1.0900646138351706
(c),LCDF_05,VARIANT_MAIN,10,D3_seed20600613,0.12032579127577478,0.4486584528529906,1.03266774988611
(c),LCDF_05,VARIANT_MAIN,27,D3_seed20600613,0.09320865125105574,0.47415439739300885,1.0966425681926668
(d),LCDF_06,VARIANT_LOW,21,D1_seed20600611,0.08605925402543754,0.0006492581938491558,0.30968387019874305
(d),LCDF_06,VARIANT_LOW,22,D1_seed20600611,0.08406735159942196,0.0006425873142360713,0.3310440375440558
(d),LCDF_06,VARIANT_LOW,15,D1_seed20600611,0.09688228147367198,0.0006809466151444813,0.17808238697662793
(d),LCDF_06,VARIANT_LOW,10,D1_seed20600611,0.10430804431272342,0.0006961132287205321,0.06547200528469894
(d),LCDF_06,VARIANT_LOW,19,D1_seed20600611,0.08988637354526761,0.0006614229083194622,0.26641872998552485
(d),LCDF_06,VARIANT_LOW,23,D1_seed20600611,0.08202481012543006,0.0006355293653628181,0.3522052610327059
(d),LCDF_06,VARIANT_LOW,9,D1_seed20600611,0.10560809811058884,0.0006978946779943618,0.04287769411305075
(d),LCDF_06,VARIANT_LOW,0,D1_seed20600611,0.11436480127182924,0.0006949654334535766,0.16164278737137688
(d),LCDF_06,VARIANT_LOW,3,D1_seed20600611,0.11204781564275304,0.0006997355203366822,0.09408709219093002
(d),LCDF_06,VARIANT_LOW,27,D1_seed20600611,0.07337330274517376,0.0006035153452296439,0.4346063966192781
(d),LCDF_06,VARIANT_LOW,14,D1_seed20600611,0.0984879115081275,0.0006848088455543272,0.1557023361143736
(d),LCDF_06,VARIANT_LOW,1,D1_seed20600611,0.11366078271080601,0.0006969756114766304,0.1391956239058667
(d),LCDF_06,VARIANT_LOW,6,D1_seed20600611,0.10912363245122486,0.0007007137017364095,0.02639890915216227
(d),LCDF_06,VARIANT_LOW,29,D1_seed20600611,0.06877708160289972,0.000585307275260264,0.4742868953380839
(d),LCDF_06,VARIANT_LOW,8,D1_seed20600611,0.1068445374617551,0.0006992557441946374,0.020550639521565803
(d),LCDF_06,VARIANT_LOW,31,D1_seed20600611,0.06401517054581568,0.0005656891489124895,0.5128254293483634
(d),LCDF_06,VARIANT_LOW,24,D1_seed20600611,0.0799328599606995,0.0006280885985032276,0.3731547148940124
(d),LCDF_06,VARIANT_LOW,7,D1_seed20600611,0.10801661758194929,0.0007001956074911475,0.006441393119002641
(d),LCDF_06,VARIANT_LOW,4,D1_seed20600611,0.11113983872553772,0.000700483588894544,0.07146789517665436
(d),LCDF_06,VARIANT_LOW,11,D1_seed20600611,0.10294515917444713,0.0006939124694315975,0.08809478758588464
(d),LCDF_06,VARIANT_LOW,12,D1_seed20600611,0.10152026364972612,0.0006912937257626289,0.11069079272050442
(d),LCDF_06,VARIANT_LOW,18,D1_seed20600611,0.09171928531390823,0.0006669094159295749,0.24454014422627773
(d),LCDF_06,VARIANT_LOW,30,D1_seed20600611,0.06641612935535553,0.0005756715936917695,0.49370478712997484
(d),LCDF_06,VARIANT_LOW,28,D1_seed20600611,0.07109660513298245,0.0005945903896463582,0.45458346848699094
(d),LCDF_06,VARIANT_LOW,26,D1_seed20600611,0.07560580303577072,0.0006120767661746001,0.4143677390698057
(d),LCDF_06,VARIANT_LOW,17,D1_seed20600611,0.09349694877281262,0.0006719942041359897,0.2225154140519365
(d),LCDF_06,VARIANT_LOW,5,D1_seed20600611,0.1101649152425869,0.0007008097148141756,0.04885675408692564
(d),LCDF_06,VARIANT_LOW,16,D1_seed20600611,0.09521829311879867,0.0006766742101891965,0.2003581879557477
(d),LCDF_06,VARIANT_LOW,2,D1_seed20600611,0.11288829906302832,0.0006985659597292344,0.11667100619781781
(d),LCDF_06,VARIANT_LOW,20,D1_seed20600611,0.0879993175499287,0.0006555379860617249,0.2881377288877204
(d),LCDF_06,VARIANT_LOW,13,D1_seed20600611,0.10003421604645965,0.0006882585750700443,0.13323303799215389
(d),LCDF_06,VARIANT_LOW,25,D1_seed20600611,0.07779276122356507,0.0006202694955026517,0.39387971843713665
(d),LCDF_06,VARIANT_MAIN,17,D1_seed20600611,0.1246625964082551,0.0008959924006701905,0.2966872187359153
(d),LCDF_06,VARIANT_MAIN,26,D1_seed20600611,0.10080772698966756,0.0008161027679096021,0.552490318759741
(d),LCDF_06,VARIANT_MAIN,16,D1_seed20600611,0.12695772298654545,0.0009022323850524781,0.2671442506076636
(d),LCDF_06,VARIANT_MAIN,29,D1_seed20600611,0.09170276224206396,0.0007804102220768847,0.6323825271174451
(d),LCDF_06,VARIANT_MAIN,1,D1_seed20600611,0.15154771233723618,0.0009293008634849704,0.18559416520782226
(d),LCDF_06,VARIANT_MAIN,11,D1_seed20600611,0.1372602140852727,0.0009252166468269509,0.11745971678117952
(d),LCDF_06,VARIANT_MAIN,27,D1_seed20600611,0.09783105896785156,0.0008046875761333074,0.5794751954923708
(d),LCDF_06,VARIANT_MAIN,3,D1_seed20600611,0.14939709022751818,0.0009329807156929247,0.12544945625457338
(d),LCDF_06,VARIANT_MAIN,20,D1_seed20600611,0.11733241883165076,0.0008740508591699774,0.3841836385169605
(d),LCDF_06,VARIANT_MAIN,9,D1_seed20600611,0.1408108000448723,0.0009305262424277242,0.057170258817400996
(d),LCDF_06,VARIANT_MAIN,18,D1_seed20600611,0.12229237763180065,0.0008892127087628796,0.3260535256350369
(d),LCDF_06,VARIANT_MAIN,4,D1_seed20600611,0.14818645453102303,0.000933978131018849,0.09529052690220582
(d),LCDF_06,VARIANT_MAIN,21,D1_seed20600611,0.11474566652806979,0.0008656778337494214,0.4129118269316574
(d),LCDF_06,VARIANT_MAIN,7,D1_seed20600611,0.14402215972765586,0.0009335941433322337,0.00858852415867019
(d),LCDF_06,VARIANT_MAIN,12,D1_seed20600611,0.1353603529147044,0.0009217250004475994,0.1475877236273392
(d),LCDF_06,VARIANT_MAIN,19,D1_seed20600611,0.11984849440065562,0.0008818973928740513,0.3552249733140332
(d),LCDF_06,VARIANT_MAIN,13,D1_seed20600611,0.13337895556826446,0.0009176781472453803,0.17764405065620525
(d),LCDF_06,VARIANT_MAIN,0,D1_seed20600611,0.15248640329925042,0.0009266206428414222,0.21552371649516922
(d),LCDF_06,VARIANT_MAIN,30,D1_seed20600611,0.08855482502427459,0.0007675626826083911,0.6582730495066332
(d),LCDF_06,VARIANT_MAIN,5,D1_seed20600611,0.1468865566594914,0.0009344129587756938,0.06514233878256752
(d),LCDF_06,VARIANT_MAIN,2,D1_seed20600611,0.15051773450747974,0.0009314213134662851,0.1555613415970904
(d),LCDF_06,VARIANT_MAIN,24,D1_seed20600611,0.10657713818856523,0.0008374518066903496,0.49753961985868334
(d),LCDF_06,VARIANT_MAIN,15,D1_seed20600611,0.1291763748570365,0.0009079289034747472,0.23744318263550399
(d),LCDF_06,VARIANT_MAIN,8,D1_seed20600611,0.14245938608089853,0.0009323409934643303,0.027400852695421078
(d),LCDF_06,VARIANT_MAIN,25,D1_seed20600611,0.10372367222019396,0.0008270263712246202,0.5251729579161822
(d),LCDF_06,VARIANT_MAIN,14,D1_seed20600611,0.13131721557510898,0.0009130785247591412,0.20760311481916482
(d),LCDF_06,VARIANT_MAIN,6,D1_seed20600611,0.1454981796223309,0.000934284937157453,0.03519854553621637
(d),LCDF_06,VARIANT_MAIN,31,D1_seed20600611,0.08535354576435399,0.0007542527916981373,0.6837672391311513
(d),LCDF_06,VARIANT_MAIN,22,D1_seed20600611,0.11208979566660386,0.0008567833598301079,0.4413920500587411
(d),LCDF_06,VARIANT_MAIN,28,D1_seed20600611,0.09479546120354371,0.0007927876716680174,0.606111291315988
(d),LCDF_06,VARIANT_MAIN,10,D1_seed20600611,0.1390773946648436,0.0009281509833106005,0.08729600704626522
(d),LCDF_06,VARIANT_MAIN,23,D1_seed20600611,0.1093664060588511,0.000847372794751158,0.4696070147102746
(d),LCDF_06,VARIANT_LOW,21,D1_seed20600612,0.06839969041743953,0.0006492581938491558,0.30968387019874305
(d),LCDF_06,VARIANT_LOW,22,D1_seed20600612,0.06671144693304597,0.0006425873142360713,0.3310440375440558
(d),LCDF_06,VARIANT_LOW,15,D1_seed20600612,0.07763009871428604,0.0006809466151444813,0.17808238697662793
(d),LCDF_06,VARIANT_LOW,10,D1_seed20600612,0.08404583508186954,0.0006961132287205321,0.06547200528469894
(d),LCDF_06,VARIANT_LOW,19,D1_seed20600612,0.07165158097239122,0.0006614229083194622,0.26641872998552485
(d),LCDF_06,VARIANT_LOW,23,D1_seed20600612,0.06498301895458719,0.0006355293653628181,0.3522052610327059
(d),LCDF_06,VARIANT_LOW,9,D1_seed20600612,0.08518004847761271,0.0006978946779943618,0.04287769411305075
(d),LCDF_06,VARIANT_LOW,0,D1_seed20600612,0.09300743627315347,0.0006949654334535766,0.16164278737137688
(d),LCDF_06,VARIANT_LOW,3,D1_seed20600612,0.09088610561662905,0.0006997355203366822,0.09408709219093002
(d),LCDF_06,VARIANT_LOW,27,D1_seed20600612,0.057688634802622464,0.0006035153452296439,0.4346063966192781
(d),LCDF_06,VARIANT_LOW,14,D1_seed20600612,0.079010007251172,0.0006848088455543272,0.1557023361143736
(d),LCDF_06,VARIANT_LOW,1,D1_seed20600612,0.09235581579088013,0.0006969756114766304,0.1391956239058667
(d),LCDF_06,VARIANT_LOW,6,D1_seed20600612,0.08827225479022556,0.0007007137017364095,0.02639890915216227
(d),LCDF_06,VARIANT_LOW,29,D1_seed20600612,0.05382849499199225,0.000585307275260264,0.4742868953380839
(d),LCDF_06,VARIANT_LOW,8,D1_seed20600612,0.08626295254572994,0.0006992557441946374,0.020550639521565803
(d),LCDF_06,VARIANT_LOW,31,D1_seed20600612,0.04983867768809401,0.0005656891489124895,0.5128254293483634
(d),LCDF_06,VARIANT_LOW,24,D1_seed20600612,0.06321544762656449,0.0006280885985032276,0.3731547148940124
(d),LCDF_06,VARIANT_LOW,7,D1_seed20600612,0.08729389498401592,0.0007001956074911475,0.006441393119002641
(d),LCDF_06,VARIANT_LOW,4,D1_seed20600612,0.09006890122314698,0.000700483588894544,0.07146789517665436
(d),LCDF_06,VARIANT_LOW,11,D1_seed20600612,0.08286099556785476,0.0006939124694315975,0.08809478758588464
(d),LCDF_06,VARIANT_LOW,12,D1_seed20600612,0.0816262436405369,0.0006912937257626289,0.11069079272050442
(d),LCDF_06,VARIANT_LOW,18,D1_seed20600612,0.0732132692161924,0.0006669094159295749,0.24454014422627773
(d),LCDF_06,VARIANT_LOW,30,D1_seed20600612,0.05184920234005572,0.0005756715936917695,0.49370478712997484
(d),LCDF_06,VARIANT_LOW,28,D1_seed20600612,0.055775363387829735,0.0005945903896463582,0.45458346848699094
(d),LCDF_06,VARIANT_LOW,26,D1_seed20600612,0.059567156749039965,0.0006120767661746001,0.4143677390698057
(d),LCDF_06,VARIANT_LOW,17,D1_seed20600612,0.07473085649603782,0.0006719942041359897,0.2225154140519365
(d),LCDF_06,VARIANT_LOW,5,D1_seed20600612,0.08919744263624935,0.0007008097148141756,0.04885675408692564
(d),LCDF_06,VARIANT_LOW,16,D1_seed20600612,0.07620342867062438,0.0006766742101891965,0.2003581879557477
(d),LCDF_06,VARIANT_LOW,2,D1_seed20600612,0.09164856356471814,0.0006985659597292344,0.11667100619781781
(d),LCDF_06,VARIANT_LOW,20,D1_seed20600612,0.07004673247092748,0.0006555379860617249,0.2881377288877204
(d),LCDF_06,VARIANT_LOW,13,D1_seed20600612,0.08034232307323796,0.0006882585750700443,0.13323303799215389
(d),LCDF_06,VARIANT_LOW,25,D1_seed20600612,0.06140979767121661,0.0006202694955026517,0.39387971843713665
(d),LCDF_06,VARIANT_MAIN,17,D1_seed20600612,0.09964112769289432,0.0008959924006701905,0.2966872187359153
(d),LCDF_06,VARIANT_MAIN,26,D1_seed20600612,0.07942285766471677,0.0008161027679096021,0.552490318759741
(d),LCDF_06,VARIANT_MAIN,16,D1_seed20600612,0.10160455760504913,0.0009022323850524781,0.2671442506076636
(d),LCDF_06,VARIANT_MAIN,29,D1_seed20600612,0.07177130752494502,0.0007804102220768847,0.6323825271174451
(d),LCDF_06,VARIANT_MAIN,1,D1_seed20600612,0.12314107425951823,0.0009293008634849704,0.18559416520782226
(d),LCDF_06,VARIANT_MAIN,11,D1_seed20600612,0.11048131471985013,0.0009252166468269509,0.11745971678117952
(d),LCDF_06,VARIANT_MAIN,27,D1_seed20600612,0.07691816133838897,0.0008046875761333074,0.5794751954923708
(d),LCDF_06,VARIANT_MAIN,3,D1_seed20600612,0.12118146123304668,0.0009329807156929247,0.12544945625457338
(d),LCDF_06,VARIANT_MAIN,20,D1_seed20600612,0.09339562782475919,0.0008740508591699774,0.3841836385169605
(d),LCDF_06,VARIANT_MAIN,9,D1_seed20600612,0.11357338549494206,0.0009305262424277242,0.057170258817400996
(d),LCDF_06,VARIANT_MAIN,18,D1_seed20600612,0.09761767761617536,0.0008892127087628796,0.3260535256350369
(d),LCDF_06,VARIANT_MAIN,4,D1_seed20600612,0.12009185557242193,0.000933978131018849,0.09529052690220582
(d),LCDF_06,VARIANT_MAIN,21,D1_seed20600612,0.09119957133545929,0.0008656778337494214,0.4129118269316574
(d),LCDF_06,VARIANT_MAIN,7,D1_seed20600612,0.11639184754899982,0.0009335941433322337,0.00858852415867019
(d),LCDF_06,VARIANT_MAIN,12,D1_seed20600612,0.10883497863817837,0.0009217250004475994,0.1475877236273392
(d),LCDF_06,VARIANT_MAIN,19,D1_seed20600612,0.09553542623379241,0.0008818973928740513,0.3552249733140332
(d),LCDF_06,VARIANT_MAIN,13,D1_seed20600612,0.10712308433302413,0.0009176781472453803,0.17764405065620525
(d),LCDF_06,VARIANT_MAIN,0,D1_seed20600612,0.12400990122784222,0.0009266206428414222,0.21552371649516922
(d),LCDF_06,VARIANT_MAIN,30,D1_seed20600612,0.06913225033007074,0.0007675626826083911,0.6582730495066332
(d),LCDF_06,VARIANT_MAIN,5,D1_seed20600612,0.11892991093775221,0.0009344129587756938,0.06514233878256752
(d),LCDF_06,VARIANT_MAIN,2,D1_seed20600612,0.12219807158506765,0.0009314213134662851,0.1555613415970904
(d),LCDF_06,VARIANT_MAIN,24,D1_seed20600612,0.08428724633589192,0.0008374518066903496,0.49753961985868334
(d),LCDF_06,VARIANT_MAIN,15,D1_seed20600612,0.10350678464817477,0.0009079289034747472,0.23744318263550399
(d),LCDF_06,VARIANT_MAIN,8,D1_seed20600612,0.11501725763215827,0.0009323409934643303,0.027400852695421078
(d),LCDF_06,VARIANT_MAIN,25,D1_seed20600612,0.0818797126401201,0.0008270263712246202,0.5251729579161822
(d),LCDF_06,VARIANT_MAIN,14,D1_seed20600612,0.10534666298433865,0.0009130785247591412,0.20760311481916482
(d),LCDF_06,VARIANT_MAIN,6,D1_seed20600612,0.11769632724138149,0.000934284937157453,0.03519854553621637
(d),LCDF_06,VARIANT_MAIN,31,D1_seed20600612,0.06645155050169924,0.0007542527916981373,0.6837672391311513
(d),LCDF_06,VARIANT_MAIN,22,D1_seed20600612,0.08894857959887219,0.0008567833598301079,0.4413920500587411
(d),LCDF_06,VARIANT_MAIN,28,D1_seed20600612,0.07436713240699733,0.0007927876716680174,0.606111291315988
(d),LCDF_06,VARIANT_MAIN,10,D1_seed20600612,0.11206110087499423,0.0009281509833106005,0.08729600704626522
(d),LCDF_06,VARIANT_MAIN,23,D1_seed20600612,0.08664400853330483,0.000847372794751158,0.4696070147102746
(d),LCDF_06,VARIANT_LOW,21,D1_seed20600613,0.06686788298576825,0.0006492581938491558,0.30968387019874305
(d),LCDF_06,VARIANT_LOW,22,D1_seed20600613,0.06451749709001878,0.0006425873142360713,0.3310440375440558
(d),LCDF_06,VARIANT_LOW,15,D1_seed20600613,0.08007653715091283,0.0006809466151444813,0.17808238697662793
(d),LCDF_06,VARIANT_LOW,10,D1_seed20600613,0.08977065702623034,0.0006961132287205321,0.06547200528469894
(d),LCDF_06,VARIANT_LOW,19,D1_seed20600613,0.07144642705203016,0.0006614229083194622,0.26641872998552485
(d),LCDF_06,VARIANT_LOW,23,D1_seed20600613,0.06212824825379796,0.0006355293653628181,0.3522052610327059
(d),LCDF_06,VARIANT_LOW,9,D1_seed20600613,0.09155177398933316,0.0006978946779943618,0.04287769411305075
(d),LCDF_06,VARIANT_LOW,0,D1_seed20600613,0.10498268738736595,0.0006949654334535766,0.16164278737137688
(d),LCDF_06,VARIANT_LOW,3,D1_seed20600613,0.10104518813127779,0.0006997355203366822,0.09408709219093002
(d),LCDF_06,VARIANT_LOW,27,D1_seed20600613,0.05221174039823391,0.0006035153452296439,0.4346063966192781
(d),LCDF_06,VARIANT_LOW,14,D1_seed20600613,0.08211665681044249,0.0006848088455543272,0.1557023361143736
(d),LCDF_06,VARIANT_LOW,1,D1_seed20600613,0.10373240867499482,0.0006969756114766304,0.1391956239058667
(d),LCDF_06,VARIANT_LOW,6,D1_seed20600613,0.09656011532373147,0.0007007137017364095,0.02639890915216227
(d),LCDF_06,VARIANT_LOW,29,D1_seed20600613,0.04705875714870991,0.000585307275260264,0.4742868953380839
(d),LCDF_06,VARIANT_LOW,8,D1_seed20600613,0.09327774349370724,0.0006992557441946374,0.020550639521565803
(d),LCDF_06,VARIANT_LOW,31,D1_seed20600613,0.04179240542695351,0.0005656891489124895,0.5128254293483634
(d),LCDF_06,VARIANT_LOW,24,D1_seed20600613,0.0597015756795274,0.0006280885985032276,0.3731547148940124
(d),LCDF_06,VARIANT_LOW,7,D1_seed20600613,0.09494752587687035,0.0007001956074911475,0.006441393119002641
(d),LCDF_06,VARIANT_LOW,4,D1_seed20600613,0.09960986497979163,0.000700483588894544,0.07146789517665436
(d),LCDF_06,VARIANT_LOW,11,D1_seed20600613,0.08793546548541231,0.0006939124694315975,0.08809478758588464
(d),LCDF_06,VARIANT_LOW,12,D1_seed20600613,0.08604730482374347,0.0006912937257626289,0.11069079272050442
(d),LCDF_06,VARIANT_LOW,18,D1_seed20600613,0.07367182726122203,0.0006669094159295749,0.24454014422627773
(d),LCDF_06,VARIANT_LOW,30,D1_seed20600613,0.04443896544429593,0.0005756715936917695,0.49370478712997484
(d),LCDF_06,VARIANT_LOW,28,D1_seed20600613,0.049650202466625944,0.0005945903896463582,0.45458346848699094
(d),LCDF_06,VARIANT_LOW,26,D1_seed20600613,0.05474182795987558,0.0006120767661746001,0.4143677390698057
(d),LCDF_06,VARIANT_LOW,17,D1_seed20600613,0.07585285027284193,0.0006719942041359897,0.2225154140519365
(d),LCDF_06,VARIANT_LOW,5,D1_seed20600613,0.09811454046773883,0.0007008097148141756,0.04885675408692564
(d),LCDF_06,VARIANT_LOW,16,D1_seed20600613,0.0779881823169324,0.0006766742101891965,0.2003581879557477
(d),LCDF_06,VARIANT_LOW,2,D1_seed20600613,0.10241964533683535,0.0006985659597292344,0.11667100619781781
(d),LCDF_06,VARIANT_LOW,20,D1_seed20600613,0.06917799015049121,0.0006555379860617249,0.2881377288877204
(d),LCDF_06,VARIANT_LOW,13,D1_seed20600613,0.08410731240330342,0.0006882585750700443,0.13323303799215389
(d),LCDF_06,VARIANT_LOW,25,D1_seed20600613,0.057238941112312355,0.0006202694955026517,0.39387971843713665
(d),LCDF_06,VARIANT_MAIN,17,D1_seed20600613,0.10113714940083278,0.0008959924006701905,0.2966872187359153
(d),LCDF_06,VARIANT_MAIN,26,D1_seed20600613,0.07298910814363266,0.0008161027679096021,0.552490318759741
(d),LCDF_06,VARIANT_MAIN,16,D1_seed20600613,0.10398425988037056,0.0009022323850524781,0.2671442506076636
(d),LCDF_06,VARIANT_MAIN,29,D1_seed20600613,0.0627450099048842,0.0007804102220768847,0.6323825271174451
(d),LCDF_06,VARIANT_MAIN,1,D1_seed20600613,0.13830990021331835,0.0009293008634849704,0.18559416520782226
(d),LCDF_06,VARIANT_MAIN,11,D1_seed20600613,0.11724730845446704,0.0009252166468269509,0.11745971678117952
(d),LCDF_06,VARIANT_MAIN,27,D1_seed20600613,0.06961565675398428,0.0008046875761333074,0.5794751954923708
(d),LCDF_06,VARIANT_MAIN,3,D1_seed20600613,0.13472694026331775,0.0009329807156929247,0.12544945625457338
(d),LCDF_06,VARIANT_MAIN,20,D1_seed20600613,0.0922373323143813,0.0008740508591699774,0.3841836385169605
(d),LCDF_06,VARIANT_MAIN,9,D1_seed20600613,0.12206905420986182,0.0009305262424277242,0.057170258817400996
(d),LCDF_06,VARIANT_MAIN,18,D1_seed20600613,0.09822911757324455,0.0008892127087628796,0.3260535256350369
(d),LCDF_06,VARIANT_MAIN,4,D1_seed20600613,0.13281317626826514,0.000933978131018849,0.09529052690220582
(d),LCDF_06,VARIANT_MAIN,21,D1_seed20600613,0.08915718814606761,0.0008656778337494214,0.4129118269316574
(d),LCDF_06,VARIANT_MAIN,7,D1_seed20600613,0.1265967240355031,0.0009335941433322337,0.00858852415867019
(d),LCDF_06,VARIANT_MAIN,12,D1_seed20600613,0.11472976020979163,0.0009217250004475994,0.1475877236273392
(d),LCDF_06,VARIANT_MAIN,19,D1_seed20600613,0.09526191609491727,0.0008818973928740513,0.3552249733140332
(d),LCDF_06,VARIANT_MAIN,13,D1_seed20600613,0.11214310285830319,0.0009176781472453803,0.17764405065620525
(d),LCDF_06,VARIANT_MAIN,0,D1_seed20600613,0.13997693793045116,0.0009266206428414222,0.21552371649516922
(d),LCDF_06,VARIANT_MAIN,30,D1_seed20600613,0.059251953111380005,0.0007675626826083911,0.6582730495066332
(d),LCDF_06,VARIANT_MAIN,5,D1_seed20600613,0.13081941033901068,0.0009344129587756938,0.06514233878256752
(d),LCDF_06,VARIANT_MAIN,2,D1_seed20600613,0.1365595495433275,0.0009314213134662851,0.1555613415970904
(d),LCDF_06,VARIANT_MAIN,24,D1_seed20600613,0.07960210776650109,0.0008374518066903496,0.49753961985868334
(d),LCDF_06,VARIANT_MAIN,15,D1_seed20600613,0.10676873402272985,0.0009079289034747472,0.23744318263550399
(d),LCDF_06,VARIANT_MAIN,8,D1_seed20600613,0.12437034726028531,0.0009323409934643303,0.027400852695421078
(d),LCDF_06,VARIANT_MAIN,25,D1_seed20600613,0.07631859367373198,0.0008270263712246202,0.5251729579161822
(d),LCDF_06,VARIANT_MAIN,14,D1_seed20600613,0.10948889452341892,0.0009130785247591412,0.20760311481916482
(d),LCDF_06,VARIANT_MAIN,6,D1_seed20600613,0.128746843447944,0.000934284937157453,0.03519854553621637
(d),LCDF_06,VARIANT_MAIN,31,D1_seed20600613,0.05572320529481818,0.0007542527916981373,0.6837672391311513
(d),LCDF_06,VARIANT_MAIN,22,D1_seed20600613,0.08602333897707906,0.0008567833598301079,0.4413920500587411
(d),LCDF_06,VARIANT_MAIN,28,D1_seed20600613,0.06620027156716947,0.0007927876716680174,0.606111291315988
(d),LCDF_06,VARIANT_MAIN,10,D1_seed20600613,0.11969423110421046,0.0009281509833106005,0.08729600704626522
(d),LCDF_06,VARIANT_MAIN,23,D1_seed20600613,0.08283767253528396,0.000847372794751158,0.4696070147102746
(d),LCDF_06,VARIANT_LOW,21,D2_seed20600611,0.06718406338110992,0.0006492581938491558,0.30968387019874305
(d),LCDF_06,VARIANT_LOW,22,D2_seed20600611,0.06577141217447051,0.0006425873142360713,0.3310440375440558
(d),LCDF_06,VARIANT_LOW,15,D2_seed20600611,0.07478206814799959,0.0006809466151444813,0.17808238697662793
(d),LCDF_06,VARIANT_LOW,10,D2_seed20600611,0.07988309677596182,0.0006961132287205321,0.06547200528469894
(d),LCDF_06,VARIANT_LOW,19,D2_seed20600611,0.06988713158083704,0.0006614229083194622,0.26641872998552485
(d),LCDF_06,VARIANT_LOW,23,D2_seed20600611,0.06431914268742746,0.0006355293653628181,0.3522052610327059
(d),LCDF_06,VARIANT_LOW,9,D2_seed20600611,0.08076126376948546,0.0006978946779943618,0.04287769411305075
(d),LCDF_06,VARIANT_LOW,0,D2_seed20600611,0.08642194510995006,0.0006949654334535766,0.16164278737137688
(d),LCDF_06,VARIANT_LOW,3,D2_seed20600611,0.08499221793884555,0.0006997355203366822,0.09408709219093002
(d),LCDF_06,VARIANT_LOW,27,D2_seed20600611,0.05813172472797834,0.0006035153452296439,0.4346063966192781
(d),LCDF_06,VARIANT_LOW,14,D2_seed20600611,0.07589496430951742,0.0006848088455543272,0.1557023361143736
(d),LCDF_06,VARIANT_LOW,1,D2_seed20600611,0.0859970751986712,0.0006969756114766304,0.1391956239058667
(d),LCDF_06,VARIANT_LOW,6,D2_seed20600611,0.0831019095920192,0.0007007137017364095,0.02639890915216227
(d),LCDF_06,VARIANT_LOW,29,D2_seed20600611,0.05482413361976821,0.000585307275260264,0.4742868953380839
(d),LCDF_06,VARIANT_LOW,8,D2_seed20600611,0.08159078308331742,0.0006992557441946374,0.020550639521565803
(d),LCDF_06,VARIANT_LOW,31,D2_seed20600611,0.05138446642924503,0.0005656891489124895,0.5128254293483634
(d),LCDF_06,VARIANT_LOW,24,D2_seed20600611,0.06282812971776469,0.0006280885985032276,0.3731547148940124
(d),LCDF_06,VARIANT_LOW,7,D2_seed20600611,0.08237115504674808,0.0007001956074911475,0.006441393119002641
(d),LCDF_06,VARIANT_LOW,4,D2_seed20600611,0.08441283586384048,0.000700483588894544,0.07146789517665436
(d),LCDF_06,VARIANT_LOW,11,D2_seed20600611,0.07895681108036169,0.0006939124694315975,0.08809478758588464
(d),LCDF_06,VARIANT_LOW,12,D2_seed20600611,0.07798296464681383,0.0006912937257626289,0.11069079272050442
(d),LCDF_06,VARIANT_LOW,18,D2_seed20600611,0.07117592033085227,0.0006669094159295749,0.24454014422627773
(d),LCDF_06,VARIANT_LOW,30,D2_seed20600611,0.053120298853553904,0.0005756715936917695,0.49370478712997484
(d),LCDF_06,VARIANT_LOW,28,D2_seed20600611,0.056494944392921354,0.0005945903896463582,0.45458346848699094
(d),LCDF_06,VARIANT_LOW,26,D2_seed20600611,0.05973348868182847,0.0006120767661746001,0.4143677390698057
(d),LCDF_06,VARIANT_LOW,17,D2_seed20600611,0.07242183529498042,0.0006719942041359897,0.2225154140519365
(d),LCDF_06,VARIANT_LOW,5,D2_seed20600611,0.0837826065396866,0.0007008097148141756,0.04885675408692564
(d),LCDF_06,VARIANT_LOW,16,D2_seed20600611,0.0736241259743006,0.0006766742101891965,0.2003581879557477
(d),LCDF_06,VARIANT_LOW,2,D2_seed20600611,0.08552040376833625,0.0006985659597292344,0.11667100619781781
(d),LCDF_06,VARIANT_LOW,20,D2_seed20600611,0.06855624536988034,0.0006555379860617249,0.2881377288877204
(d),LCDF_06,VARIANT_LOW,13,D2_seed20600611,0.07696214408701672,0.0006882585750700443,0.13323303799215389
(d),LCDF_06,VARIANT_LOW,25,D2_seed20600611,0.06129927140406216,0.0006202694955026517,0.39387971843713665
(d),LCDF_06,VARIANT_MAIN,17,D2_seed20600611,0.09656247814526973,0.0008959924006701905,0.2966872187359153
(d),LCDF_06,VARIANT_MAIN,26,D2_seed20600611,0.07964466841902772,0.0008161027679096021,0.552490318759741
(d),LCDF_06,VARIANT_MAIN,16,D2_seed20600611,0.0981655335720392,0.0009022323850524781,0.2671442506076636
(d),LCDF_06,VARIANT_MAIN,29,D2_seed20600611,0.07309885619308334,0.0007804102220768847,0.6323825271174451
(d),LCDF_06,VARIANT_MAIN,1,D2_seed20600611,0.11466280170070972,0.0009293008634849704,0.18559416520782226
(d),LCDF_06,VARIANT_MAIN,11,D2_seed20600611,0.10527578458556908,0.0009252166468269509,0.11745971678117952
(d),LCDF_06,VARIANT_MAIN,27,D2_seed20600611,0.07750898133178566,0.0008046875761333074,0.5794751954923708
(d),LCDF_06,VARIANT_MAIN,3,D2_seed20600611,0.11332299347443837,0.0009329807156929247,0.12544945625457338
(d),LCDF_06,VARIANT_MAIN,20,D2_seed20600611,0.09140835410652368,0.0008740508591699774,0.3841836385169605
(d),LCDF_06,VARIANT_MAIN,9,D2_seed20600611,0.10768172228323214,0.0009305262424277242,0.057170258817400996
(d),LCDF_06,VARIANT_MAIN,18,D2_seed20600611,0.09490125690451669,0.0008892127087628796,0.3260535256350369
(d),LCDF_06,VARIANT_MAIN,4,D2_seed20600611,0.11255048456478552,0.000933978131018849,0.09529052690220582
(d),LCDF_06,VARIANT_MAIN,21,D2_seed20600611,0.08957877657617162,0.0008656778337494214,0.4129118269316574
(d),LCDF_06,VARIANT_MAIN,7,D2_seed20600611,0.10982824420496134,0.0009335941433322337,0.00858852415867019
(d),LCDF_06,VARIANT_MAIN,12,D2_seed20600611,0.10397732208242935,0.0009217250004475994,0.1475877236273392
(d),LCDF_06,VARIANT_MAIN,19,D2_seed20600611,0.09318287052236435,0.0008818973928740513,0.3552249733140332
(d),LCDF_06,VARIANT_MAIN,13,D2_seed20600611,0.1026162272811694,0.0009176781472453803,0.17764405065620525
(d),LCDF_06,VARIANT_MAIN,0,D2_seed20600611,0.11522929400244035,0.0009266206428414222,0.21552371649516922
(d),LCDF_06,VARIANT_MAIN,30,D2_seed20600611,0.07082707468104893,0.0007675626826083911,0.6582730495066332
(d),LCDF_06,VARIANT_MAIN,5,D2_seed20600611,0.11171017918348204,0.0009344129587756938,0.06514233878256752
(d),LCDF_06,VARIANT_MAIN,2,D2_seed20600611,0.1140272405858983,0.0009314213134662851,0.1555613415970904
(d),LCDF_06,VARIANT_MAIN,24,D2_seed20600611,0.0837708600220699,0.0008374518066903496,0.49753961985868334
(d),LCDF_06,VARIANT_MAIN,15,D2_seed20600611,0.09970945755028973,0.0009079289034747472,0.23744318263550399
(d),LCDF_06,VARIANT_MAIN,8,D2_seed20600611,0.1087877482145147,0.0009323409934643303,0.027400852695421078
(d),LCDF_06,VARIANT_MAIN,25,D2_seed20600611,0.08173238050871214,0.0008270263712246202,0.5251729579161822
(d),LCDF_06,VARIANT_MAIN,14,D2_seed20600611,0.10119332006491866,0.0009130785247591412,0.20760311481916482
(d),LCDF_06,VARIANT_MAIN,6,D2_seed20600611,0.11080258349664891,0.000934284937157453,0.03519854553621637
(d),LCDF_06,VARIANT_MAIN,31,D2_seed20600611,0.06851262964367448,0.0007542527916981373,0.6837672391311513
(d),LCDF_06,VARIANT_MAIN,22,D2_seed20600611,0.08769524002119079,0.0008567833598301079,0.4413920500587411
(d),LCDF_06,VARIANT_MAIN,28,D2_seed20600611,0.07532660572310183,0.0007927876716680174,0.606111291315988
(d),LCDF_06,VARIANT_MAIN,10,D2_seed20600611,0.10651083263811441,0.0009281509833106005,0.08729600704626522
(d),LCDF_06,VARIANT_MAIN,23,D2_seed20600611,0.08575887903544563,0.000847372794751158,0.4696070147102746
(d),LCDF_06,VARIANT_LOW,21,D2_seed20600612,0.012115611155421067,0.0006492581938491558,0.30968387019874305
(d),LCDF_06,VARIANT_LOW,22,D2_seed20600612,0.013049439744809193,0.0006425873142360713,0.3310440375440558
(d),LCDF_06,VARIANT_LOW,15,D2_seed20600612,0.00637935858423559,0.0006809466151444813,0.17808238697662793
(d),LCDF_06,VARIANT_LOW,10,D2_seed20600612,0.0014882824295302996,0.0006961132287205321,0.06547200528469894
(d),LCDF_06,VARIANT_LOW,19,D2_seed20600612,0.01022662697617062,0.0006614229083194622,0.26641872998552485
(d),LCDF_06,VARIANT_LOW,23,D2_seed20600612,0.013975407858592921,0.0006355293653628181,0.3522052610327059
(d),LCDF_06,VARIANT_LOW,9,D2_seed20600612,0.0005050147889844778,0.0006978946779943618,0.04287769411305075
(d),LCDF_06,VARIANT_LOW,0,D2_seed20600612,0.008287119368479128,0.0006949654334535766,0.16164278737137688
(d),LCDF_06,VARIANT_LOW,3,D2_seed20600612,0.005380261562591652,0.0006997355203366822,0.09408709219093002
(d),LCDF_06,VARIANT_LOW,27,D2_seed20600612,0.017589598155372484,0.0006035153452296439,0.4346063966192781
(d),LCDF_06,VARIANT_LOW,14,D2_seed20600612,0.005406479018947611,0.0006848088455543272,0.1557023361143736
(d),LCDF_06,VARIANT_LOW,1,D2_seed20600612,0.00732238295591064,0.0006969756114766304,0.1391956239058667
(d),LCDF_06,VARIANT_LOW,6,D2_seed20600612,0.0024442472457311903,0.0007007137017364095,0.02639890915216227
(d),LCDF_06,VARIANT_LOW,29,D2_seed20600612,0.01933528477924148,0.000585307275260264,0.4742868953380839
(d),LCDF_06,VARIANT_LOW,8,D2_seed20600612,0.000478560350029524,0.0006992557441946374,0.020550639521565803
(d),LCDF_06,VARIANT_LOW,31,D2_seed20600612,0.021034390958076937,0.0005656891489124895,0.5128254293483634
(d),LCDF_06,VARIANT_LOW,24,D2_seed20600612,0.014892957723965868,0.0006280885985032276,0.3731547148940124
(d),LCDF_06,VARIANT_LOW,7,D2_seed20600612,0.0014618437534748268,0.0007001956074911475,0.006441393119002641
(d),LCDF_06,VARIANT_LOW,4,D2_seed20600612,0.004404046445361648,0.000700483588894544,0.07146789517665436
(d),LCDF_06,VARIANT_LOW,11,D2_seed20600612,0.00247065428818411,0.0006939124694315975,0.08809478758588464
(d),LCDF_06,VARIANT_LOW,12,D2_seed20600612,0.0034515380648189554,0.0006912937257626289,0.11069079272050442
(d),LCDF_06,VARIANT_LOW,18,D2_seed20600612,0.00927260924780836,0.0006669094159295749,0.24454014422627773
(d),LCDF_06,VARIANT_LOW,30,D2_seed20600612,0.0201909190065428,0.0005756715936917695,0.49370478712997484
(d),LCDF_06,VARIANT_LOW,28,D2_seed20600612,0.01846800368817336,0.0005945903896463582,0.45458346848699094
(d),LCDF_06,VARIANT_LOW,26,D2_seed20600612,0.016700597303721598,0.0006120767661746001,0.4143677390698057
(d),LCDF_06,VARIANT_LOW,17,D2_seed20600612,0.008313006081576028,0.0006719942041359897,0.2225154140519365
(d),LCDF_06,VARIANT_LOW,5,D2_seed20600612,0.0034251784556370494,0.0007008097148141756,0.04885675408692564
(d),LCDF_06,VARIANT_LOW,16,D2_seed20600612,0.0073483955105576385,0.0006766742101891965,0.2003581879557477
(d),LCDF_06,VARIANT_LOW,2,D2_seed20600612,0.006353235761867325,0.0006985659597292344,0.11667100619781781
(d),LCDF_06,VARIANT_LOW,20,D2_seed20600612,0.011174484598018538,0.0006555379860617249,0.2881377288877204
(d),LCDF_06,VARIANT_LOW,13,D2_seed20600612,0.004430342846729878,0.0006882585750700443,0.13323303799215389
(d),LCDF_06,VARIANT_LOW,25,D2_seed20600612,0.01580153663863218,0.0006202694955026517,0.39387971843713665
(d),LCDF_06,VARIANT_MAIN,17,D2_seed20600612,0.0110839571284269,0.0008959924006701905,0.2966872187359153
(d),LCDF_06,VARIANT_MAIN,26,D2_seed20600612,0.022267421495698127,0.0008161027679096021,0.552490318759741
(d),LCDF_06,VARIANT_MAIN,16,D2_seed20600612,0.009797808948756006,0.0009022323850524781,0.2671442506076636
(d),LCDF_06,VARIANT_MAIN,29,D2_seed20600612,0.025780341929574086,0.0007804102220768847,0.6323825271174451
(d),LCDF_06,VARIANT_MAIN,1,D2_seed20600612,0.009763230518514281,0.0009293008634849704,0.18559416520782226
(d),LCDF_06,VARIANT_MAIN,11,D2_seed20600612,0.0032941515109796197,0.0009252166468269509,0.11745971678117952
(d),LCDF_06,VARIANT_MAIN,27,D2_seed20600612,0.023452757211318544,0.0008046875761333074,0.5794751954923708
(d),LCDF_06,VARIANT_MAIN,3,D2_seed20600612,0.00717373635016075,0.0009329807156929247,0.12544945625457338
(d),LCDF_06,VARIANT_MAIN,20,D2_seed20600612,0.014899264481651612,0.0008740508591699774,0.3841836385169605
(d),LCDF_06,VARIANT_MAIN,9,D2_seed20600612,0.0006732993994255467,0.0009305262424277242,0.057170258817400996
(d),LCDF_06,VARIANT_MAIN,18,D2_seed20600612,0.012363428839767793,0.0008892127087628796,0.3260535256350369
(d),LCDF_06,VARIANT_MAIN,4,D2_seed20600612,0.005872116577053816,0.000933978131018849,0.09529052690220582
(d),LCDF_06,VARIANT_MAIN,21,D2_seed20600612,0.016154100900622716,0.0008656778337494214,0.4129118269316574
(d),LCDF_06,VARIANT_MAIN,7,D2_seed20600612,0.0019491804821406026,0.0009335941433322337,0.00858852415867019
(d),LCDF_06,VARIANT_MAIN,12,D2_seed20600612,0.004601996836750278,0.0009217250004475994,0.1475877236273392
(d),LCDF_06,VARIANT_MAIN,19,D2_seed20600612,0.013635453367336518,0.0008818973928740513,0.3552249733140332
(d),LCDF_06,VARIANT_MAIN,13,D2_seed20600612,0.005907070287840326,0.0009176781472453803,0.17764405065620525
(d),LCDF_06,VARIANT_MAIN,0,D2_seed20600612,0.011049545094243725,0.0009266206428414222,0.21552371649516922
(d),LCDF_06,VARIANT_MAIN,30,D2_seed20600612,0.026921188861850888,0.0007675626826083911,0.6582730495066332
(d),LCDF_06,VARIANT_MAIN,5,D2_seed20600612,0.004566959566747981,0.0009344129587756938,0.06514233878256752
(d),LCDF_06,VARIANT_MAIN,2,D2_seed20600612,0.008471034815161567,0.0009314213134662851,0.1555613415970904
(d),LCDF_06,VARIANT_MAIN,24,D2_seed20600612,0.01985723298098094,0.0008374518066903496,0.49753961985868334
(d),LCDF_06,VARIANT_MAIN,15,D2_seed20600612,0.008505759038134768,0.0009079289034747472,0.23744318263550399
(d),LCDF_06,VARIANT_MAIN,8,D2_seed20600612,0.0006381368470699397,0.0009323409934643303,0.027400852695421078
(d),LCDF_06,VARIANT_MAIN,25,D2_seed20600612,0.021068672722409743,0.0008270263712246202,0.5251729579161822
(d),LCDF_06,VARIANT_MAIN,14,D2_seed20600612,0.007208585690339201,0.0009130785247591412,0.20760311481916482
(d),LCDF_06,VARIANT_MAIN,6,D2_seed20600612,0.0032590515414997055,0.000934284937157453,0.03519854553621637
(d),LCDF_06,VARIANT_MAIN,31,D2_seed20600612,0.028045819426459416,0.0007542527916981373,0.6837672391311513
(d),LCDF_06,VARIANT_MAIN,22,D2_seed20600612,0.017399206748088022,0.0008567833598301079,0.4413920500587411
(d),LCDF_06,VARIANT_MAIN,28,D2_seed20600612,0.024623965856735503,0.0007927876716680174,0.606111291315988
(d),LCDF_06,VARIANT_MAIN,10,D2_seed20600612,0.001984322261760341,0.0009281509833106005,0.08729600704626522
(d),LCDF_06,VARIANT_MAIN,23,D2_seed20600612,0.018633832008907295,0.000847372794751158,0.4696070147102746
(d),LCDF_06,VARIANT_LOW,21,D2_seed20600613,0.03587882091267081,0.0006492581938491558,0.30968387019874305
(d),LCDF_06,VARIANT_LOW,22,D2_seed20600613,0.03362243061450923,0.0006425873142360713,0.3310440375440558
(d),LCDF_06,VARIANT_LOW,15,D2_seed20600613,0.0489166946281598,0.0006809466151444813,0.17808238697662793
(d),LCDF_06,VARIANT_LOW,10,D2_seed20600613,0.0589840366079228,0.0006961132287205321,0.06547200528469894
(d),LCDF_06,VARIANT_LOW,19,D2_seed20600613,0.04032541912853157,0.0006614229083194622,0.26641872998552485
(d),LCDF_06,VARIANT_LOW,23,D2_seed20600613,0.03134578740894705,0.0006355293653628181,0.3522052610327059
(d),LCDF_06,VARIANT_LOW,9,D2_seed20600613,0.06089566835280939,0.0006978946779943618,0.04287769411305075
(d),LCDF_06,VARIANT_LOW,0,D2_seed20600613,0.07631911451416125,0.0006949654334535766,0.16164278737137688
(d),LCDF_06,VARIANT_LOW,3,D2_seed20600613,0.07155643314827403,0.0006997355203366822,0.09408709219093002
(d),LCDF_06,VARIANT_LOW,27,D2_seed20600613,0.022064278463253706,0.0006035153452296439,0.4346063966192781
(d),LCDF_06,VARIANT_LOW,14,D2_seed20600613,0.05099404314939001,0.0006848088455543272,0.1557023361143736
(d),LCDF_06,VARIANT_LOW,1,D2_seed20600613,0.07477627771254315,0.0006969756114766304,0.1391956239058667
(d),LCDF_06,VARIANT_LOW,6,D2_seed20600613,0.06640598084455933,0.0007007137017364095,0.02639890915216227
(d),LCDF_06,VARIANT_LOW,29,D2_seed20600613,0.017338163038546607,0.000585307275260264,0.4742868953380839
(d),LCDF_06,VARIANT_LOW,8,D2_seed20600613,0.06277061877841399,0.0006992557441946374,0.020550639521565803
(d),LCDF_06,VARIANT_LOW,31,D2_seed20600613,0.012570278500839251,0.0005656891489124895,0.5128254293483634
(d),LCDF_06,VARIANT_LOW,24,D2_seed20600613,0.029050262664845197,0.0006280885985032276,0.3731547148940124
(d),LCDF_06,VARIANT_LOW,7,D2_seed20600613,0.06460775848380561,0.0007001956074911475,0.006441393119002641
(d),LCDF_06,VARIANT_LOW,4,D2_seed20600613,0.06988136489817894,0.000700483588894544,0.07146789517665436
(d),LCDF_06,VARIANT_LOW,11,D2_seed20600613,0.05703687504048669,0.0006939124694315975,0.08809478758588464
(d),LCDF_06,VARIANT_LOW,12,D2_seed20600613,0.05505535654929876,0.0006912937257626289,0.11069079272050442
(d),LCDF_06,VARIANT_LOW,18,D2_seed20600613,0.0425129485760739,0.0006669094159295749,0.24454014422627773
(d),LCDF_06,VARIANT_LOW,30,D2_seed20600613,0.014958726050941626,0.0005756715936917695,0.49370478712997484
(d),LCDF_06,VARIANT_LOW,28,D2_seed20600613,0.01970715617429281,0.0005945903896463582,0.45458346848699094
(d),LCDF_06,VARIANT_LOW,26,D2_seed20600613,0.024408110059268524,0.0006120767661746001,0.4143677390698057
(d),LCDF_06,VARIANT_LOW,17,D2_seed20600613,0.044674869783093235,0.0006719942041359897,0.2225154140519365
(d),LCDF_06,VARIANT_LOW,5,D2_seed20600613,0.06816420267874816,0.0007008097148141756,0.04885675408692564
(d),LCDF_06,VARIANT_LOW,16,D2_seed20600613,0.046809880484166684,0.0006766742101891965,0.2003581879557477
(d),LCDF_06,VARIANT_LOW,2,D2_seed20600613,0.07318839843112146,0.0006985659597292344,0.11667100619781781
(d),LCDF_06,VARIANT_LOW,20,D2_seed20600613,0.03811359913351902,0.0006555379860617249,0.2881377288877204
(d),LCDF_06,VARIANT_LOW,13,D2_seed20600613,0.05304067472863954,0.0006882585750700443,0.13323303799215389
(d),LCDF_06,VARIANT_LOW,25,D2_seed20600613,0.02673723912194355,0.0006202694955026517,0.39387971843713665
(d),LCDF_06,VARIANT_MAIN,17,D2_seed20600613,0.059566497555011644,0.0008959924006701905,0.2966872187359153
(d),LCDF_06,VARIANT_MAIN,26,D2_seed20600613,0.03254414836255572,0.0008161027679096021,0.552490318759741
(d),LCDF_06,VARIANT_MAIN,16,D2_seed20600613,0.06241317868388261,0.0009022323850524781,0.2671442506076636
(d),LCDF_06,VARIANT_MAIN,29,D2_seed20600613,0.023117551214609976,0.0007804102220768847,0.6323825271174451
(d),LCDF_06,VARIANT_MAIN,1,D2_seed20600613,0.09970170575854972,0.0009293008634849704,0.18559416520782226
(d),LCDF_06,VARIANT_MAIN,11,D2_seed20600613,0.07604917178284182,0.0009252166468269509,0.11745971678117952
(d),LCDF_06,VARIANT_MAIN,27,D2_seed20600613,0.029419039190308846,0.0008046875761333074,0.5794751954923708
(d),LCDF_06,VARIANT_MAIN,3,D2_seed20600613,0.09540858066721127,0.0009329807156929247,0.12544945625457338
(d),LCDF_06,VARIANT_MAIN,20,D2_seed20600613,0.05081813589651258,0.0008740508591699774,0.3841836385169605
(d),LCDF_06,VARIANT_MAIN,9,D2_seed20600613,0.08119422935594867,0.0009305262424277242,0.057170258817400996
(d),LCDF_06,VARIANT_MAIN,18,D2_seed20600613,0.056683935712691084,0.0008892127087628796,0.3260535256350369
(d),LCDF_06,VARIANT_MAIN,4,D2_seed20600613,0.09317515675450026,0.000933978131018849,0.09529052690220582
(d),LCDF_06,VARIANT_MAIN,21,D2_seed20600613,0.047838431287553315,0.0008656778337494214,0.4129118269316574
(d),LCDF_06,VARIANT_MAIN,7,D2_seed20600613,0.08614368248632678,0.0009335941433322337,0.00858852415867019
(d),LCDF_06,VARIANT_MAIN,12,D2_seed20600613,0.07340714714405416,0.0009217250004475994,0.1475877236273392
(d),LCDF_06,VARIANT_MAIN,19,D2_seed20600613,0.0537672295160418,0.0008818973928740513,0.3552249733140332
(d),LCDF_06,VARIANT_MAIN,13,D2_seed20600613,0.07072090468669572,0.0009176781472453803,0.17764405065620525
(d),LCDF_06,VARIANT_MAIN,0,D2_seed20600613,0.10175882092267628,0.0009266206428414222,0.21552371649516922
(d),LCDF_06,VARIANT_MAIN,30,D2_seed20600613,0.01994496820587812,0.0007675626826083911,0.6582730495066332
(d),LCDF_06,VARIANT_MAIN,5,D2_seed20600613,0.09088560749733815,0.0009344129587756938,0.06514233878256752
(d),LCDF_06,VARIANT_MAIN,2,D2_seed20600613,0.09758453390567075,0.0009314213134662851,0.1555613415970904
(d),LCDF_06,VARIANT_MAIN,24,D2_seed20600613,0.038733685914029974,0.0008374518066903496,0.49753961985868334
(d),LCDF_06,VARIANT_MAIN,15,D2_seed20600613,0.06522226436373339,0.0009079289034747472,0.23744318263550399
(d),LCDF_06,VARIANT_MAIN,8,D2_seed20600613,0.08369416309354702,0.0009323409934643303,0.027400852695421078
(d),LCDF_06,VARIANT_MAIN,25,D2_seed20600613,0.0356496541555772,0.0008270263712246202,0.5251729579161822
(d),LCDF_06,VARIANT_MAIN,14,D2_seed20600613,0.06799206250738002,0.0009130785247591412,0.20760311481916482
(d),LCDF_06,VARIANT_MAIN,6,D2_seed20600613,0.08854131203507977,0.000934284937157453,0.03519854553621637
(d),LCDF_06,VARIANT_MAIN,31,D2_seed20600613,0.016760371128999123,0.0007542527916981373,0.6837672391311513
(d),LCDF_06,VARIANT_MAIN,22,D2_seed20600613,0.04482991055552906,0.0008567833598301079,0.4413920500587411
(d),LCDF_06,VARIANT_MAIN,28,D2_seed20600613,0.02627620909684285,0.0007927876716680174,0.606111291315988
(d),LCDF_06,VARIANT_MAIN,10,D2_seed20600613,0.07864538714235086,0.0009281509833106005,0.08729600704626522
(d),LCDF_06,VARIANT_MAIN,23,D2_seed20600613,0.04179438593228333,0.000847372794751158,0.4696070147102746
(d),LCDF_06,VARIANT_LOW,21,D3_seed20600611,0.022164002571632358,0.0006492581938491558,0.30968387019874305
(d),LCDF_06,VARIANT_LOW,22,D3_seed20600611,0.021912712416282953,0.0006425873142360713,0.3310440375440558
(d),LCDF_06,VARIANT_LOW,15,D3_seed20600611,0.023386643217373677,0.0006809466151444813,0.17808238697662793
(d),LCDF_06,VARIANT_LOW,10,D3_seed20600611,0.024019583301232116,0.0006961132287205321,0.06547200528469894
(d),LCDF_06,VARIANT_LOW,19,D3_seed20600611,0.02262638666633788,0.0006614229083194622,0.26641872998552485
(d),LCDF_06,VARIANT_LOW,23,D3_seed20600611,0.02164822266775878,0.0006355293653628181,0.3522052610327059
(d),LCDF_06,VARIANT_LOW,9,D3_seed20600611,0.02410302724301546,0.0006978946779943618,0.04287769411305075
(d),LCDF_06,VARIANT_LOW,0,D3_seed20600611,0.02419753702566921,0.0006949654334535766,0.16164278737137688
(d),LCDF_06,VARIANT_LOW,3,D3_seed20600611,0.024297648580065747,0.0006997355203366822,0.09408709219093002
(d),LCDF_06,VARIANT_LOW,27,D3_seed20600611,0.0204615714105909,0.0006035153452296439,0.4346063966192781
(d),LCDF_06,VARIANT_LOW,14,D3_seed20600611,0.023541754105774252,0.0006848088455543272,0.1557023361143736
(d),LCDF_06,VARIANT_LOW,1,D3_seed20600611,0.0242455188882528,0.0006969756114766304,0.1391956239058667
(d),LCDF_06,VARIANT_LOW,6,D3_seed20600611,0.024266088392595433,0.0007007137017364095,0.02639890915216227
(d),LCDF_06,VARIANT_LOW,29,D3_seed20600611,0.01979355899186957,0.000585307275260264,0.4742868953380839
(d),LCDF_06,VARIANT_LOW,8,D3_seed20600611,0.02417195228162971,0.0006992557441946374,0.020550639521565803
(d),LCDF_06,VARIANT_LOW,31,D3_seed20600611,0.019077861722626287,0.0005656891489124895,0.5128254293483634
(d),LCDF_06,VARIANT_LOW,24,D3_seed20600611,0.02137069264794348,0.0006280885985032276,0.3731547148940124
(d),LCDF_06,VARIANT_LOW,7,D3_seed20600611,0.02422631690960013,0.0007001956074911475,0.006441393119002641
(d),LCDF_06,VARIANT_LOW,4,D3_seed20600611,0.02430176497259859,0.000700483588894544,0.07146789517665436
(d),LCDF_06,VARIANT_LOW,11,D3_seed20600611,0.023921670710201112,0.0006939124694315975,0.08809478758588464
(d),LCDF_06,VARIANT_LOW,12,D3_seed20600611,0.02380934844010405,0.0006912937257626289,0.11069079272050442
(d),LCDF_06,VARIANT_LOW,18,D3_seed20600611,0.022837202086631356,0.0006669094159295749,0.24454014422627773
(d),LCDF_06,VARIANT_LOW,30,D3_seed20600611,0.019441565867775006,0.0005756715936917695,0.49370478712997484
(d),LCDF_06,VARIANT_LOW,28,D3_seed20600611,0.020133629115560214,0.0005945903896463582,0.45458346848699094
(d),LCDF_06,VARIANT_LOW,26,D3_seed20600611,0.020777188261293662,0.0006120767661746001,0.4143677390698057
(d),LCDF_06,VARIANT_LOW,17,D3_seed20600611,0.023034261081281832,0.0006719942041359897,0.2225154140519365
(d),LCDF_06,VARIANT_LOW,5,D3_seed20600611,0.024291242798520015,0.0007008097148141756,0.04885675408692564
(d),LCDF_06,VARIANT_LOW,16,D3_seed20600611,0.023217444904306054,0.0006766742101891965,0.2003581879557477
(d),LCDF_06,VARIANT_LOW,2,D3_seed20600611,0.02427889611276308,0.0006985659597292344,0.11667100619781781
(d),LCDF_06,VARIANT_LOW,20,D3_seed20600611,0.02240194176388405,0.0006555379860617249,0.2881377288877204
(d),LCDF_06,VARIANT_LOW,13,D3_seed20600611,0.02368268414168022,0.0006882585750700443,0.13323303799215389
(d),LCDF_06,VARIANT_LOW,25,D3_seed20600611,0.0210802895346716,0.0006202694955026517,0.39387971843713665
(d),LCDF_06,VARIANT_MAIN,17,D3_seed20600611,0.030712383053275397,0.0008959924006701905,0.2966872187359153
(d),LCDF_06,VARIANT_MAIN,26,D3_seed20600611,0.02770295594734206,0.0008161027679096021,0.552490318759741
(d),LCDF_06,VARIANT_MAIN,16,D3_seed20600611,0.03095662670522135,0.0009022323850524781,0.2671442506076636
(d),LCDF_06,VARIANT_MAIN,29,D3_seed20600611,0.0263914476305161,0.0007804102220768847,0.6323825271174451
(d),LCDF_06,VARIANT_MAIN,1,D3_seed20600611,0.03232734925871075,0.0009293008634849704,0.18559416520782226
(d),LCDF_06,VARIANT_MAIN,11,D3_seed20600611,0.03189558409379851,0.0009252166468269509,0.11745971678117952
(d),LCDF_06,VARIANT_MAIN,27,D3_seed20600611,0.02728213276607109,0.0008046875761333074,0.5794751954923708
(d),LCDF_06,VARIANT_MAIN,3,D3_seed20600611,0.0323968628164085,0.0009329807156929247,0.12544945625457338
(d),LCDF_06,VARIANT_MAIN,20,D3_seed20600611,0.029869293724255962,0.0008740508591699774,0.3841836385169605
(d),LCDF_06,VARIANT_MAIN,9,D3_seed20600611,0.03213738734967625,0.0009305262424277242,0.057170258817400996
(d),LCDF_06,VARIANT_MAIN,18,D3_seed20600611,0.030449638950189054,0.0008892127087628796,0.3260535256350369
(d),LCDF_06,VARIANT_MAIN,4,D3_seed20600611,0.03240235488067286,0.000933978131018849,0.09529052690220582
(d),LCDF_06,VARIANT_MAIN,21,D3_seed20600611,0.02955204206426431,0.0008656778337494214,0.4129118269316574
(d),LCDF_06,VARIANT_MAIN,7,D3_seed20600611,0.0323017674914034,0.0009335941433322337,0.00858852415867019
(d),LCDF_06,VARIANT_MAIN,12,D3_seed20600611,0.03174582353108795,0.0009217250004475994,0.1475877236273392
(d),LCDF_06,VARIANT_MAIN,19,D3_seed20600611,0.030168552769902872,0.0008818973928740513,0.3552249733140332
(d),LCDF_06,VARIANT_MAIN,13,D3_seed20600611,0.0315769400752311,0.0009176781472453803,0.17764405065620525
(d),LCDF_06,VARIANT_MAIN,0,D3_seed20600611,0.032263369722485925,0.0009266206428414222,0.21552371649516922
(d),LCDF_06,VARIANT_MAIN,30,D3_seed20600611,0.02592212232970454,0.0007675626826083911,0.6582730495066332
(d),LCDF_06,VARIANT_MAIN,5,D3_seed20600611,0.03238832875976321,0.0009344129587756938,0.06514233878256752
(d),LCDF_06,VARIANT_MAIN,2,D3_seed20600611,0.032371855904110375,0.0009314213134662851,0.1555613415970904
(d),LCDF_06,VARIANT_MAIN,24,D3_seed20600611,0.028494295933849927,0.0008374518066903496,0.49753961985868334
(d),LCDF_06,VARIANT_MAIN,15,D3_seed20600611,0.031182222794094463,0.0009079289034747472,0.23744318263550399
(d),LCDF_06,VARIANT_MAIN,8,D3_seed20600611,0.03222928443304287,0.0009323409934643303,0.027400852695421078
(d),LCDF_06,VARIANT_MAIN,25,D3_seed20600611,0.028107091486730847,0.0008270263712246202,0.5251729579161822
(d),LCDF_06,VARIANT_MAIN,14,D3_seed20600611,0.031389035438759066,0.0009130785247591412,0.20760311481916482
(d),LCDF_06,VARIANT_MAIN,6,D3_seed20600611,0.03235479289424221,0.000934284937157453,0.03519854553621637
(d),LCDF_06,VARIANT_MAIN,31,D3_seed20600611,0.025437182159157332,0.0007542527916981373,0.6837672391311513
(d),LCDF_06,VARIANT_MAIN,22,D3_seed20600611,0.029216988892872307,0.0008567833598301079,0.4413920500587411
(d),LCDF_06,VARIANT_MAIN,28,D3_seed20600611,0.02684487547163075,0.0007927876716680174,0.606111291315988
(d),LCDF_06,VARIANT_MAIN,10,D3_seed20600611,0.032026131572057304,0.0009281509833106005,0.08729600704626522
(d),LCDF_06,VARIANT_MAIN,23,D3_seed20600611,0.028864336038607993,0.000847372794751158,0.4696070147102746
(d),LCDF_06,VARIANT_LOW,21,D3_seed20600612,0.10035719236859517,0.0006492581938491558,0.30968387019874305
(d),LCDF_06,VARIANT_LOW,22,D3_seed20600612,0.09906283177445062,0.0006425873142360713,0.3310440375440558
(d),LCDF_06,VARIANT_LOW,15,D3_seed20600612,0.10682915903641449,0.0006809466151444813,0.17808238697662793
(d),LCDF_06,VARIANT_LOW,10,D3_seed20600612,0.1104604028856414,0.0006961132287205321,0.06547200528469894
(d),LCDF_06,VARIANT_LOW,19,D3_seed20600612,0.10276381585509499,0.0006614229083194622,0.26641872998552485
(d),LCDF_06,VARIANT_LOW,23,D3_seed20600612,0.0977087994749733,0.0006355293653628181,0.3522052610327059
(d),LCDF_06,VARIANT_LOW,9,D3_seed20600612,0.11098859173119997,0.0006978946779943618,0.04287769411305075
(d),LCDF_06,VARIANT_LOW,0,D3_seed20600612,0.11270896608723958,0.0006949654334535766,0.16164278737137688
(d),LCDF_06,VARIANT_LOW,3,D3_seed20600612,0.11274544923194714,0.0006997355203366822,0.09408709219093002
(d),LCDF_06,VARIANT_LOW,27,D3_seed20600612,0.0917127935409467,0.0006035153452296439,0.4346063966192781
(d),LCDF_06,VARIANT_LOW,14,D3_seed20600612,0.10768605500865956,0.0006848088455543272,0.1557023361143736
(d),LCDF_06,VARIANT_LOW,1,D3_seed20600612,0.11278906968922299,0.0006969756114766304,0.1391956239058667
(d),LCDF_06,VARIANT_LOW,6,D3_seed20600612,0.1121709533694049,0.0007007137017364095,0.02639890915216227
(d),LCDF_06,VARIANT_LOW,29,D3_seed20600612,0.08837962550257406,0.000585307275260264,0.4742868953380839
(d),LCDF_06,VARIANT_LOW,8,D3_seed20600612,0.11144992491235187,0.0006992557441946374,0.020550639521565803
(d),LCDF_06,VARIANT_LOW,31,D3_seed20600612,0.08483354332713555,0.0005656891489124895,0.5128254293483634
(d),LCDF_06,VARIANT_LOW,24,D3_seed20600612,0.09629591099314583,0.0006280885985032276,0.3731547148940124
(d),LCDF_06,VARIANT_LOW,7,D3_seed20600612,0.11184412459899282,0.0007001956074911475,0.006441393119002641
(d),LCDF_06,VARIANT_LOW,4,D3_seed20600612,0.11262175146347335,0.000700483588894544,0.07146789517665436
(d),LCDF_06,VARIANT_LOW,11,D3_seed20600612,0.10986567662020671,0.0006939124694315975,0.08809478758588464
(d),LCDF_06,VARIANT_LOW,12,D3_seed20600612,0.10920477120836815,0.0006912937257626289,0.11069079272050442
(d),LCDF_06,VARIANT_LOW,18,D3_seed20600612,0.10387462903068882,0.0006669094159295749,0.24454014422627773
(d),LCDF_06,VARIANT_LOW,30,D3_seed20600612,0.0866326765269469,0.0005756715936917695,0.49370478712997484
(d),LCDF_06,VARIANT_LOW,28,D3_seed20600612,0.09007333792756447,0.0005945903896463582,0.45458346848699094
(d),LCDF_06,VARIANT_LOW,26,D3_seed20600612,0.09329700479020886,0.0006120767661746001,0.4143677390698057
(d),LCDF_06,VARIANT_LOW,17,D3_seed20600612,0.10492287189765766,0.0006719942041359897,0.2225154140519365
(d),LCDF_06,VARIANT_LOW,5,D3_seed20600612,0.11243021436518155,0.0007008097148141756,0.04885675408692564
(d),LCDF_06,VARIANT_LOW,16,D3_seed20600612,0.10590791302089975,0.0006766742101891965,0.2003581879557477
(d),LCDF_06,VARIANT_LOW,2,D3_seed20600612,0.11280123317586274,0.0006985659597292344,0.11667100619781781
(d),LCDF_06,VARIANT_LOW,20,D3_seed20600612,0.10159110149666191,0.0006555379860617249,0.2881377288877204
(d),LCDF_06,VARIANT_LOW,13,D3_seed20600612,0.10847808476514322,0.0006882585750700443,0.13323303799215389
(d),LCDF_06,VARIANT_LOW,25,D3_seed20600612,0.0948250174155297,0.0006202694955026517,0.39387971843713665
(d),LCDF_06,VARIANT_MAIN,17,D3_seed20600612,0.13989716400292354,0.0008959924006701905,0.2966872187359153
(d),LCDF_06,VARIANT_MAIN,26,D3_seed20600612,0.12439598054469252,0.0008161027679096021,0.552490318759741
(d),LCDF_06,VARIANT_MAIN,16,D3_seed20600612,0.14121055479964428,0.0009022323850524781,0.2671442506076636
(d),LCDF_06,VARIANT_MAIN,29,D3_seed20600612,0.11783946551472345,0.0007804102220768847,0.6323825271174451
(d),LCDF_06,VARIANT_MAIN,1,D3_seed20600612,0.1503854466790702,0.0009293008634849704,0.18559416520782226
(d),LCDF_06,VARIANT_MAIN,11,D3_seed20600612,0.14648758363621206,0.0009252166468269509,0.11745971678117952
(d),LCDF_06,VARIANT_MAIN,27,D3_seed20600612,0.12228369576151146,0.0008046875761333074,0.5794751954923708
(d),LCDF_06,VARIANT_MAIN,3,D3_seed20600612,0.15032728662138573,0.0009329807156929247,0.12544945625457338
(d),LCDF_06,VARIANT_MAIN,20,D3_seed20600612,0.13545479482346354,0.0008740508591699774,0.3841836385169605
(d),LCDF_06,VARIANT_MAIN,9,D3_seed20600612,0.1479848067679666,0.0009305262424277242,0.057170258817400996
(d),LCDF_06,VARIANT_MAIN,18,D3_seed20600612,0.13849950407988346,0.0008892127087628796,0.3260535256350369
(d),LCDF_06,VARIANT_MAIN,4,D3_seed20600612,0.15016235623571095,0.000933978131018849,0.09529052690220582
(d),LCDF_06,VARIANT_MAIN,21,D3_seed20600612,0.13380957957405637,0.0008656778337494214,0.4129118269316574
(d),LCDF_06,VARIANT_MAIN,7,D3_seed20600612,0.14912551915783842,0.0009335941433322337,0.00858852415867019
(d),LCDF_06,VARIANT_MAIN,12,D3_seed20600612,0.14560637463178955,0.0009217250004475994,0.1475877236273392
(d),LCDF_06,VARIANT_MAIN,19,D3_seed20600612,0.1370184169589448,0.0008818973928740513,0.3552249733140332
(d),LCDF_06,VARIANT_MAIN,13,D3_seed20600612,0.1446374574111024,0.0009176781472453803,0.17764405065620525
(d),LCDF_06,VARIANT_MAIN,0,D3_seed20600612,0.1502786412811787,0.0009266206428414222,0.21552371649516922
(d),LCDF_06,VARIANT_MAIN,30,D3_seed20600612,0.11551019717861287,0.0007675626826083911,0.6582730495066332
(d),LCDF_06,VARIANT_MAIN,5,D3_seed20600612,0.14990697319248938,0.0009344129587756938,0.06514233878256752
(d),LCDF_06,VARIANT_MAIN,2,D3_seed20600612,0.15040166503977295,0.0009314213134662851,0.1555613415970904
(d),LCDF_06,VARIANT_MAIN,24,D3_seed20600612,0.12839452843204166,0.0008374518066903496,0.49753961985868334
(d),LCDF_06,VARIANT_MAIN,15,D3_seed20600612,0.14243888530397592,0.0009079289034747472,0.23744318263550399
(d),LCDF_06,VARIANT_MAIN,8,D3_seed20600612,0.14859991874936512,0.0009323409934643303,0.027400852695421078
(d),LCDF_06,VARIANT_MAIN,25,D3_seed20600612,0.12643333384824393,0.0008270263712246202,0.5251729579161822
(d),LCDF_06,VARIANT_MAIN,14,D3_seed20600612,0.14358141558853899,0.0009130785247591412,0.20760311481916482
(d),LCDF_06,VARIANT_MAIN,6,D3_seed20600612,0.14956129146114044,0.000934284937157453,0.03519854553621637
(d),LCDF_06,VARIANT_MAIN,31,D3_seed20600612,0.11311134996296361,0.0007542527916981373,0.6837672391311513
(d),LCDF_06,VARIANT_MAIN,22,D3_seed20600612,0.13208376232834312,0.0008567833598301079,0.4413920500587411
(d),LCDF_06,VARIANT_MAIN,28,D3_seed20600612,0.12009775183665022,0.0007927876716680174,0.606111291315988
(d),LCDF_06,VARIANT_MAIN,10,D3_seed20600612,0.1472805535924938,0.0009281509833106005,0.08729600704626522
(d),LCDF_06,VARIANT_MAIN,23,D3_seed20600612,0.1302783828587221,0.000847372794751158,0.4696070147102746
(d),LCDF_06,VARIANT_LOW,21,D3_seed20600613,0.08548103817251937,0.0006492581938491558,0.30968387019874305
(d),LCDF_06,VARIANT_LOW,22,D3_seed20600613,0.08395556512069348,0.0006425873142360713,0.3310440375440558
(d),LCDF_06,VARIANT_LOW,15,D3_seed20600613,0.09352261279785348,0.0006809466151444813,0.17808238697662793
(d),LCDF_06,VARIANT_LOW,10,D3_seed20600613,0.09868353668009575,0.0006961132287205321,0.06547200528469894
(d),LCDF_06,VARIANT_LOW,19,D3_seed20600613,0.08837662453520255,0.0006614229083194622,0.26641872998552485
(d),LCDF_06,VARIANT_LOW,23,D3_seed20600613,0.08237952033655137,0.0006355293653628181,0.3522052610327059
(d),LCDF_06,VARIANT_LOW,9,D3_seed20600613,0.09953970360328743,0.0006978946779943618,0.04287769411305075
(d),LCDF_06,VARIANT_LOW,0,D3_seed20600613,0.1044972043678741,0.0006949654334535766,0.16164278737137688
(d),LCDF_06,VARIANT_LOW,3,D3_seed20600613,0.10340205874457173,0.0006997355203366822,0.09408709219093002
(d),LCDF_06,VARIANT_LOW,27,D3_seed20600613,0.07558905573903743,0.0006035153452296439,0.4346063966192781
(d),LCDF_06,VARIANT_LOW,14,D3_seed20600613,0.09467012808188094,0.0006848088455543272,0.1557023361143736
(d),LCDF_06,VARIANT_LOW,1,D3_seed20600613,0.10419484562438681,0.0006969756114766304,0.1391956239058667
(d),LCDF_06,VARIANT_LOW,6,D3_seed20600613,0.1017465681020233,0.0007007137017364095,0.02639890915216227
(d),LCDF_06,VARIANT_LOW,29,D3_seed20600613,0.07191646784694937,0.000585307275260264,0.4742868953380839
(d),LCDF_06,VARIANT_LOW,8,D3_seed20600613,0.10033591148327126,0.0006992557441946374,0.020550639521565803
(d),LCDF_06,VARIANT_LOW,31,D3_seed20600613,0.06807062683784838,0.0005656891489124895,0.5128254293483634
(d),LCDF_06,VARIANT_LOW,24,D3_seed20600613,0.08075385317290985,0.0006280885985032276,0.3731547148940124
(d),LCDF_06,VARIANT_LOW,7,D3_seed20600613,0.10107168071570918,0.0007001956074911475,0.006441393119002641
(d),LCDF_06,VARIANT_LOW,4,D3_seed20600613,0.10291210815332175,0.000700483588894544,0.07146789517665436
(d),LCDF_06,VARIANT_LOW,11,D3_seed20600613,0.09776792643569253,0.0006939124694315975,0.08809478758588464
(d),LCDF_06,VARIANT_LOW,12,D3_seed20600613,0.09679342439890912,0.0006912937257626289,0.11069079272050442
(d),LCDF_06,VARIANT_LOW,18,D3_seed20600613,0.08974499364713942,0.0006669094159295749,0.24454014422627773
(d),LCDF_06,VARIANT_LOW,30,D3_seed20600613,0.07001463444099074,0.0005756715936917695,0.49370478712997484
(d),LCDF_06,VARIANT_LOW,28,D3_seed20600613,0.07377498144918919,0.0005945903896463582,0.45458346848699094
(d),LCDF_06,VARIANT_LOW,26,D3_seed20600613,0.07735759798278381,0.0006120767661746001,0.4143677390698057
(d),LCDF_06,VARIANT_LOW,17,D3_seed20600613,0.0910593036812141,0.0006719942041359897,0.2225154140519365
(d),LCDF_06,VARIANT_LOW,5,D3_seed20600613,0.10236016711693906,0.0007008097148141756,0.04885675408692564
(d),LCDF_06,VARIANT_LOW,16,D3_seed20600613,0.09231876294877471,0.0006766742101891965,0.2003581879557477
(d),LCDF_06,VARIANT_LOW,2,D3_seed20600613,0.10382972376519659,0.0006985659597292344,0.11667100619781781
(d),LCDF_06,VARIANT_LOW,20,D3_seed20600613,0.08695502060196528,0.0006555379860617249,0.2881377288877204
(d),LCDF_06,VARIANT_LOW,13,D3_seed20600613,0.09576061757291963,0.0006882585750700443,0.13323303799215389
(d),LCDF_06,VARIANT_LOW,25,D3_seed20600613,0.07907954287336875,0.0006202694955026517,0.39387971843713665
(d),LCDF_06,VARIANT_MAIN,17,D3_seed20600613,0.12141240787867952,0.0008959924006701905,0.2966872187359153
(d),LCDF_06,VARIANT_MAIN,26,D3_seed20600613,0.10314346446777314,0.0008161027679096021,0.552490318759741
(d),LCDF_06,VARIANT_MAIN,16,D3_seed20600613,0.12309168694164999,0.0009022323850524781,0.2671442506076636
(d),LCDF_06,VARIANT_MAIN,29,D3_seed20600613,0.09588862281625504,0.0007804102220768847,0.6323825271174451
(d),LCDF_06,VARIANT_MAIN,1,D3_seed20600613,0.13892645853016372,0.0009293008634849704,0.18559416520782226
(d),LCDF_06,VARIANT_MAIN,11,D3_seed20600613,0.1303572377116067,0.0009252166468269509,0.11745971678117952
(d),LCDF_06,VARIANT_MAIN,27,D3_seed20600613,0.10078540767781324,0.0008046875761333074,0.5794751954923708
(d),LCDF_06,VARIANT_MAIN,3,D3_seed20600613,0.13786941063639407,0.0009329807156929247,0.12544945625457338
(d),LCDF_06,VARIANT_MAIN,20,D3_seed20600613,0.11594003001292111,0.0008740508591699774,0.3841836385169605
(d),LCDF_06,VARIANT_MAIN,9,D3_seed20600613,0.13271960668553834,0.0009305262424277242,0.057170258817400996
(d),LCDF_06,VARIANT_MAIN,18,D3_seed20600613,0.11965999440993304,0.0008892127087628796,0.3260535256350369
(d),LCDF_06,VARIANT_MAIN,4,D3_seed20600613,0.13721614377434752,0.000933978131018849,0.09529052690220582
(d),LCDF_06,VARIANT_MAIN,21,D3_seed20600613,0.11397471986690855,0.0008656778337494214,0.4129118269316574
(d),LCDF_06,VARIANT_MAIN,7,D3_seed20600613,0.13476224205046466,0.0009335941433322337,0.00858852415867019
(d),LCDF_06,VARIANT_MAIN,12,D3_seed20600613,0.12905790187542285,0.0009217250004475994,0.1475877236273392
(d),LCDF_06,VARIANT_MAIN,19,D3_seed20600613,0.11783550211767549,0.0008818973928740513,0.3552249733140332
(d),LCDF_06,VARIANT_MAIN,13,D3_seed20600613,0.12768082626717575,0.0009176781472453803,0.17764405065620525
(d),LCDF_06,VARIANT_MAIN,0,D3_seed20600613,0.1393296028361676,0.0009266206428414222,0.21552371649516922
(d),LCDF_06,VARIANT_MAIN,30,D3_seed20600613,0.09335284441506463,0.0007675626826083911,0.6582730495066332
(d),LCDF_06,VARIANT_MAIN,5,D3_seed20600613,0.13648022294504777,0.0009344129587756938,0.06514233878256752
(d),LCDF_06,VARIANT_MAIN,2,D3_seed20600613,0.13843963003323492,0.0009314213134662851,0.1555613415970904
(d),LCDF_06,VARIANT_MAIN,24,D3_seed20600613,0.10767180555807349,0.0008374518066903496,0.49753961985868334
(d),LCDF_06,VARIANT_MAIN,15,D3_seed20600613,0.12469682006205243,0.0009079289034747472,0.23744318263550399
(d),LCDF_06,VARIANT_MAIN,8,D3_seed20600613,0.133781216824151,0.0009323409934643303,0.027400852695421078
(d),LCDF_06,VARIANT_MAIN,25,D3_seed20600613,0.10543939142356067,0.0008270263712246202,0.5251729579161822
(d),LCDF_06,VARIANT_MAIN,14,D3_seed20600613,0.12622684038562987,0.0009130785247591412,0.20760311481916482
(d),LCDF_06,VARIANT_MAIN,6,D3_seed20600613,0.13566209143466143,0.000934284937157453,0.03519854553621637
(d),LCDF_06,VARIANT_MAIN,31,D3_seed20600613,0.09076083375250263,0.0007542527916981373,0.6837672391311513
(d),LCDF_06,VARIANT_MAIN,22,D3_seed20600613,0.1119407555134368,0.0008567833598301079,0.4413920500587411
(d),LCDF_06,VARIANT_MAIN,28,D3_seed20600613,0.09836664146665633,0.0007927876716680174,0.606111291315988
(d),LCDF_06,VARIANT_MAIN,10,D3_seed20600613,0.1315780511053041,0.0009281509833106005,0.08729600704626522
(d),LCDF_06,VARIANT_MAIN,23,D3_seed20600613,0.10983936214169493,0.000847372794751158,0.4696070147102746
(e),LCDF_07,VARIANT_LOW,1,D1_seed20600611,0.25172995721339797,0.10284617372217031,0.29710762181467354
(e),LCDF_07,VARIANT_LOW,27,D1_seed20600611,0.04244409201799351,0.02566454980015489,0.6241306637353162
(e),LCDF_07,VARIANT_LOW,0,D1_seed20600611,0.2580199598476755,0.10516094796157598,0.33314882576344396
(e),LCDF_07,VARIANT_LOW,16,D1_seed20600611,0.1392808714336128,0.06155365107160684,0.2786067125801556
(e),LCDF_07,VARIANT_LOW,3,D1_seed20600611,0.23866014085981552,0.09803219757430208,0.222988250025306
(e),LCDF_07,VARIANT_LOW,7,D1_seed20600611,0.21062547057549622,0.08770784256371508,0.0694540955660351
(e),LCDF_07,VARIANT_LOW,10,D1_seed20600611,0.18803236229604492,0.07940441316958623,0.049966054642724314
(e),LCDF_07,VARIANT_LOW,19,D1_seed20600611,0.11341996715400147,0.052103038131718044,0.38549244067521293
(e),LCDF_07,VARIANT_LOW,21,D1_seed20600611,0.09577129020849336,0.045642481283789664,0.4522659639220729
(e),LCDF_07,VARIANT_LOW,5,D1_seed20600611,0.22495177669514366,0.09298203502350207,0.14678710015688998
(e),LCDF_07,VARIANT_LOW,30,D1_seed20600611,0.020434555105193413,0.015440096674250961,0.6906743868962157
(e),LCDF_07,VARIANT_LOW,4,D1_seed20600611,0.23188457792529177,0.09553589283469203,0.18509736620143913
(e),LCDF_07,VARIANT_LOW,31,D1_seed20600611,0.017793257584226854,0.012010951582548144,0.7095963125788368
(e),LCDF_07,VARIANT_LOW,13,D1_seed20600611,0.16420755039621032,0.07067057764024773,0.1657700538389413
(e),LCDF_07,VARIANT_LOW,28,D1_seed20600611,0.03408811133410359,0.022269040207980928,0.647889974785686
(e),LCDF_07,VARIANT_LOW,9,D1_seed20600611,0.19570581381054875,0.08222231731733073,0.014095022117210722
(e),LCDF_07,VARIANT_LOW,29,D1_seed20600611,0.02645631615799451,0.01886018602095749,0.6700890614399495
(e),LCDF_07,VARIANT_LOW,17,D1_seed20600611,0.13075464215273608,0.05843802807652484,0.3150180808405503
(e),LCDF_07,VARIANT_LOW,14,D1_seed20600611,0.15601373709607638,0.06767176856714395,0.2038866391149028
(e),LCDF_07,VARIANT_LOW,25,D1_seed20600611,0.060008988052914554,0.03240725543664644,0.572164242050107
(e),LCDF_07,VARIANT_LOW,15,D1_seed20600611,0.14770280623767224,0.06463218275070161,0.2415317481900555
(e),LCDF_07,VARIANT_LOW,2,D1_seed20600611,0.2452760109474624,0.10046944681147596,0.2603568904811425
(e),LCDF_07,VARIANT_LOW,23,D1_seed20600611,0.07791063410509992,0.03907193534963635,0.5146910686487158
(e),LCDF_07,VARIANT_LOW,24,D1_seed20600611,0.06894916702988246,0.03575036113104093,0.5440825217164336
(e),LCDF_07,VARIANT_LOW,18,D1_seed20600611,0.12213155473312824,0.055287190891452245,0.3506757739145107
(e),LCDF_07,VARIANT_LOW,11,D1_seed20600611,0.18022183268708697,0.0765386668282783,0.08859235724851924
(e),LCDF_07,VARIANT_LOW,6,D1_seed20600611,0.2178644277753593,0.09037216128521522,0.10817792423807149
(e),LCDF_07,VARIANT_LOW,22,D1_seed20600611,0.08685918912605774,0.042369972161087004,0.4840608721494773
(e),LCDF_07,VARIANT_LOW,8,D1_seed20600611,0.20323810661706204,0.08499068266782558,0.03125577551250173
(e),LCDF_07,VARIANT_LOW,26,D1_seed20600611,0.05114330482110635,0.02904463944201834,0.5988684372006878
(e),LCDF_07,VARIANT_LOW,12,D1_seed20600611,0.17227863791456816,0.07362680383449437,0.12729150057053926
(e),LCDF_07,VARIANT_LOW,20,D1_seed20600611,0.10462945684660194,0.04888748881457641,0.4193832650438068
(e),LCDF_07,VARIANT_MAIN,19,D1_seed20600611,0.1512269728643263,0.06947087260477122,0.5139899836441201
(e),LCDF_07,VARIANT_MAIN,6,D1_seed20600611,0.2904875506263351,0.1204968458586302,0.14423910843503315
(e),LCDF_07,VARIANT_MAIN,4,D1_seed20600611,0.30918140777717695,0.1273819361416796,0.24679785592322642
(e),LCDF_07,VARIANT_MAIN,16,D1_seed20600611,0.18570832406471838,0.08207175151480033,0.37147578325272573
(e),LCDF_07,VARIANT_MAIN,30,D1_seed20600611,0.02724970842126861,0.02058730601306837,0.9208991570282827
(e),LCDF_07,VARIANT_MAIN,8,D1_seed20600611,0.27098549371694486,0.11332143599785556,0.04167946320592426
(e),LCDF_07,VARIANT_MAIN,31,D1_seed20600611,0.023728965090901104,0.016015316499272576,0.9461283883711419
(e),LCDF_07,VARIANT_MAIN,0,D1_seed20600611,0.34402930890659533,0.1402155992482702,0.4441995493894864
(e),LCDF_07,VARIANT_MAIN,17,D1_seed20600611,0.1743399562158185,0.07791756315427338,0.42002422862097566
(e),LCDF_07,VARIANT_MAIN,20,D1_seed20600611,0.13950627512302388,0.06518346118599501,0.5591777306184551
(e),LCDF_07,VARIANT_MAIN,11,D1_seed20600611,0.24029674205069806,0.1020519437508326,0.11812433945793832
(e),LCDF_07,VARIANT_MAIN,7,D1_seed20600611,0.2808354563838842,0.11694436710853594,0.09260805661823909
(e),LCDF_07,VARIANT_MAIN,22,D1_seed20600611,0.11581261401961956,0.05649342904196002,0.6454145140657654
(e),LCDF_07,VARIANT_MAIN,25,D1_seed20600611,0.08001262368152003,0.04320983956965514,0.76288565110151
(e),LCDF_07,VARIANT_MAIN,5,D1_seed20600611,0.29993750755800236,0.1239767337609828,0.19571768170579637
(e),LCDF_07,VARIANT_MAIN,26,D1_seed20600611,0.06819193390140736,0.03872638043736983,0.7984912393820423
(e),LCDF_07,VARIANT_MAIN,15,D1_seed20600611,0.1969376443882745,0.08617648829503699,0.32204256180286633
(e),LCDF_07,VARIANT_MAIN,2,D1_seed20600611,0.3270370020877264,0.13396013213596816,0.3471437095185174
(e),LCDF_07,VARIANT_MAIN,24,D1_seed20600611,0.0919327155155758,0.04766729511388366,0.7254433635248537
(e),LCDF_07,VARIANT_MAIN,21,D1_seed20600611,0.12769538886456627,0.06085677687965864,0.6030213145514169
(e),LCDF_07,VARIANT_MAIN,13,D1_seed20600611,0.21894414919103422,0.09422774705647098,0.2210272098976841
(e),LCDF_07,VARIANT_MAIN,18,D1_seed20600611,0.1628424572653101,0.07371642626658724,0.46756778610724903
(e),LCDF_07,VARIANT_MAIN,12,D1_seed20600611,0.22970570307968777,0.09816941940249996,0.16972271839790753
(e),LCDF_07,VARIANT_MAIN,27,D1_seed20600611,0.056593316583246005,0.034219636213881834,0.8321742035581088
(e),LCDF_07,VARIANT_MAIN,3,D1_seed20600611,0.31821566360799264,0.13071040338246953,0.2973189250622419
(e),LCDF_07,VARIANT_MAIN,23,D1_seed20600611,0.10388126376184266,0.05209605023676445,0.6862547669008743
(e),LCDF_07,VARIANT_MAIN,10,D1_seed20600611,0.25071090245559713,0.1058729820707197,0.06662385116383322
(e),LCDF_07,VARIANT_MAIN,9,D1_seed20600611,0.26094230004427077,0.10963023355783816,0.018803286870065637
(e),LCDF_07,VARIANT_MAIN,1,D1_seed20600611,0.33564244831881634,0.13712916651422705,0.3961446396432947
(e),LCDF_07,VARIANT_MAIN,28,D1_seed20600611,0.0454525193050732,0.029692349953474712,0.863853280971716
(e),LCDF_07,VARIANT_MAIN,29,D1_seed20600611,0.03527758443423485,0.025147297104585808,0.893452059622567
(e),LCDF_07,VARIANT_MAIN,14,D1_seed20600611,0.20801897019799998,0.0902293005843504,0.2718491774395103
(e),LCDF_07,VARIANT_LOW,1,D1_seed20600612,0.2648862622991503,0.10284617372217031,0.29710762181467354
(e),LCDF_07,VARIANT_LOW,27,D1_seed20600612,0.04962710630431635,0.02566454980015489,0.6241306637353162
(e),LCDF_07,VARIANT_LOW,0,D1_seed20600612,0.27133333297338114,0.10516094796157598,0.33314882576344396
(e),LCDF_07,VARIANT_LOW,16,D1_seed20600612,0.14978062380500706,0.06155365107160684,0.2786067125801556
(e),LCDF_07,VARIANT_LOW,3,D1_seed20600612,0.2514878224320136,0.09803219757430208,0.222988250025306
(e),LCDF_07,VARIANT_LOW,7,D1_seed20600612,0.22275724019155768,0.08770784256371508,0.0694540955660351
(e),LCDF_07,VARIANT_LOW,10,D1_seed20600612,0.19962585532758254,0.07940441316958623,0.049966054642724314
(e),LCDF_07,VARIANT_LOW,19,D1_seed20600612,0.12334013620456231,0.052103038131718044,0.38549244067521293
(e),LCDF_07,VARIANT_LOW,21,D1_seed20600612,0.10526143452766404,0.045642481283789664,0.4522659639220729
(e),LCDF_07,VARIANT_LOW,5,D1_seed20600612,0.23743624165826396,0.09298203502350207,0.14678710015688998
(e),LCDF_07,VARIANT_LOW,30,D1_seed20600612,0.022285271008319386,0.015440096674250961,0.6906743868962157
(e),LCDF_07,VARIANT_LOW,4,D1_seed20600612,0.2445421332346261,0.09553589283469203,0.18509736620143913
(e),LCDF_07,VARIANT_LOW,31,D1_seed20600612,0.014413572559028314,0.012010951582548144,0.7095963125788368
(e),LCDF_07,VARIANT_LOW,13,D1_seed20600612,0.1752579728093253,0.07067057764024773,0.1657700538389413
(e),LCDF_07,VARIANT_LOW,28,D1_seed20600612,0.04032648317296795,0.022269040207980928,0.647889974785686
(e),LCDF_07,VARIANT_LOW,9,D1_seed20600612,0.2074794740346859,0.08222231731733073,0.014095022117210722
(e),LCDF_07,VARIANT_LOW,29,D1_seed20600612,0.031145650156587334,0.01886018602095749,0.6700890614399495
(e),LCDF_07,VARIANT_LOW,17,D1_seed20600612,0.14106628353208708,0.05843802807652484,0.3150180808405503
(e),LCDF_07,VARIANT_LOW,14,D1_seed20600612,0.16688200051463095,0.06767176856714395,0.2038866391149028
(e),LCDF_07,VARIANT_LOW,25,D1_seed20600612,0.0683056813419312,0.03240725543664644,0.572164242050107
(e),LCDF_07,VARIANT_LOW,15,D1_seed20600612,0.1583877511334237,0.06463218275070161,0.2415317481900555
(e),LCDF_07,VARIANT_LOW,2,D1_seed20600612,0.25827014494328787,0.10046944681147596,0.2603568904811425
(e),LCDF_07,VARIANT_LOW,23,D1_seed20600612,0.08689083171895434,0.03907193534963635,0.5146910686487158
(e),LCDF_07,VARIANT_LOW,24,D1_seed20600612,0.0776191255061349,0.03575036113104093,0.5440825217164336
(e),LCDF_07,VARIANT_LOW,18,D1_seed20600612,0.1322506893288941,0.055287190891452245,0.3506757739145107
(e),LCDF_07,VARIANT_LOW,11,D1_seed20600612,0.19163470854679499,0.0765386668282783,0.08859235724851924
(e),LCDF_07,VARIANT_LOW,6,D1_seed20600612,0.23017344865392478,0.09037216128521522,0.10817792423807149
(e),LCDF_07,VARIANT_LOW,22,D1_seed20600612,0.09610834081544353,0.042369972161087004,0.4840608721494773
(e),LCDF_07,VARIANT_LOW,8,D1_seed20600612,0.21519129197499234,0.08499068266782558,0.03125577551250173
(e),LCDF_07,VARIANT_LOW,26,D1_seed20600612,0.05896697417758078,0.02904463944201834,0.5988684372006878
(e),LCDF_07,VARIANT_LOW,12,D1_seed20600612,0.18351051540552782,0.07362680383449437,0.12729150057053926
(e),LCDF_07,VARIANT_LOW,20,D1_seed20600612,0.11434131931330824,0.04888748881457641,0.4193832650438068
(e),LCDF_07,VARIANT_MAIN,19,D1_seed20600612,0.16445386588704497,0.06947087260477122,0.5139899836441201
(e),LCDF_07,VARIANT_MAIN,6,D1_seed20600612,0.3068996032889818,0.1204968458586302,0.14423910843503315
(e),LCDF_07,VARIANT_MAIN,4,D1_seed20600612,0.3260581809454901,0.1273819361416796,0.24679785592322642
(e),LCDF_07,VARIANT_MAIN,16,D1_seed20600612,0.19970799970860736,0.08207175151480033,0.37147578325272573
(e),LCDF_07,VARIANT_MAIN,30,D1_seed20600612,0.029716863540088588,0.02058730601306837,0.9208991570282827
(e),LCDF_07,VARIANT_MAIN,8,D1_seed20600612,0.2869230924618913,0.11332143599785556,0.04167946320592426
(e),LCDF_07,VARIANT_MAIN,31,D1_seed20600612,0.01922345465786163,0.016015316499272576,0.9461283883711419
(e),LCDF_07,VARIANT_MAIN,0,D1_seed20600612,0.36178050521643945,0.1402155992482702,0.4441995493894864
(e),LCDF_07,VARIANT_MAIN,17,D1_seed20600612,0.1880888161513612,0.07791756315427338,0.42002422862097566
(e),LCDF_07,VARIANT_MAIN,20,D1_seed20600612,0.15245542243112875,0.06518346118599501,0.5591777306184551
(e),LCDF_07,VARIANT_MAIN,11,D1_seed20600612,0.25551392120839334,0.1020519437508326,0.11812433945793832
(e),LCDF_07,VARIANT_MAIN,7,D1_seed20600612,0.2970111705645997,0.11694436710853594,0.09260805661823909
(e),LCDF_07,VARIANT_MAIN,22,D1_seed20600612,0.12814479940698484,0.05649342904196002,0.6454145140657654
(e),LCDF_07,VARIANT_MAIN,25,D1_seed20600612,0.09107482499479011,0.04320983956965514,0.76288565110151
(e),LCDF_07,VARIANT_MAIN,5,D1_seed20600612,0.31658348947777626,0.1239767337609828,0.19571768170579637
(e),LCDF_07,VARIANT_MAIN,26,D1_seed20600612,0.07862338862217966,0.03872638043736983,0.7984912393820423
(e),LCDF_07,VARIANT_MAIN,15,D1_seed20600612,0.2111842442601215,0.08617648829503699,0.32204256180286633
(e),LCDF_07,VARIANT_MAIN,2,D1_seed20600612,0.34436253228694275,0.13396013213596816,0.3471437095185174
(e),LCDF_07,VARIANT_MAIN,24,D1_seed20600612,0.10349263433530913,0.04766729511388366,0.7254433635248537
(e),LCDF_07,VARIANT_MAIN,21,D1_seed20600612,0.14034890637380634,0.06085677687965864,0.6030213145514169
(e),LCDF_07,VARIANT_MAIN,13,D1_seed20600612,0.23367805428458988,0.09422774705647098,0.2210272098976841
(e),LCDF_07,VARIANT_MAIN,18,D1_seed20600612,0.17633463998738483,0.07371642626658724,0.46756778610724903
(e),LCDF_07,VARIANT_MAIN,12,D1_seed20600612,0.24468154952134646,0.09816941940249996,0.16972271839790753
(e),LCDF_07,VARIANT_MAIN,27,D1_seed20600612,0.06617048872343481,0.034219636213881834,0.8321742035581088
(e),LCDF_07,VARIANT_MAIN,3,D1_seed20600612,0.33531927617887003,0.13071040338246953,0.2973189250622419
(e),LCDF_07,VARIANT_MAIN,23,D1_seed20600612,0.11585483056323072,0.05209605023676445,0.6862547669008743
(e),LCDF_07,VARIANT_MAIN,10,D1_seed20600612,0.2661689064268755,0.1058729820707197,0.06662385116383322
(e),LCDF_07,VARIANT_MAIN,9,D1_seed20600612,0.2766405292435485,0.10963023355783816,0.018803286870065637
(e),LCDF_07,VARIANT_MAIN,1,D1_seed20600612,0.35318421512707016,0.13712916651422705,0.3961446396432947
(e),LCDF_07,VARIANT_MAIN,28,D1_seed20600612,0.053770050298718654,0.029692349953474712,0.863853280971716
(e),LCDF_07,VARIANT_MAIN,29,D1_seed20600612,0.04152957398269026,0.025147297104585808,0.893452059622567
(e),LCDF_07,VARIANT_MAIN,14,D1_seed20600612,0.22250999562966717,0.0902293005843504,0.2718491774395103
(e),LCDF_07,VARIANT_LOW,1,D1_seed20600613,0.2644538466424509,0.10284617372217031,0.29710762181467354
(e),LCDF_07,VARIANT_LOW,27,D1_seed20600613,0.04658635626513093,0.02566454980015489,0.6241306637353162
(e),LCDF_07,VARIANT_LOW,0,D1_seed20600613,0.2709074316396142,0.10516094796157598,0.33314882576344396
(e),LCDF_07,VARIANT_LOW,16,D1_seed20600613,0.1484063865350331,0.06155365107160684,0.2786067125801556
(e),LCDF_07,VARIANT_LOW,3,D1_seed20600613,0.25102074610173475,0.09803219757430208,0.222988250025306
(e),LCDF_07,VARIANT_LOW,7,D1_seed20600613,0.2221335282138691,0.08770784256371508,0.0694540955660351
(e),LCDF_07,VARIANT_LOW,10,D1_seed20600613,0.19880990030915105,0.07940441316958623,0.049966054642724314
(e),LCDF_07,VARIANT_LOW,19,D1_seed20600613,0.12160990684365341,0.052103038131718044,0.38549244067521293
(e),LCDF_07,VARIANT_LOW,21,D1_seed20600613,0.10326593701547748,0.045642481283789664,0.4522659639220729
(e),LCDF_07,VARIANT_LOW,5,D1_seed20600613,0.23690538265754235,0.09298203502350207,0.14678710015688998
(e),LCDF_07,VARIANT_LOW,30,D1_seed20600613,0.018021977995062582,0.015440096674250961,0.6906743868962157
(e),LCDF_07,VARIANT_LOW,4,D1_seed20600613,0.24404681803435063,0.09553589283469203,0.18509736620143913
(e),LCDF_07,VARIANT_LOW,31,D1_seed20600613,0.009177127968250156,0.012010951582548144,0.7095963125788368
(e),LCDF_07,VARIANT_LOW,13,D1_seed20600613,0.17419003139546935,0.07067057764024773,0.1657700538389413
(e),LCDF_07,VARIANT_LOW,28,D1_seed20600613,0.037009184537071575,0.022269040207980928,0.647889974785686
(e),LCDF_07,VARIANT_LOW,9,D1_seed20600613,0.2067344817738853,0.08222231731733073,0.014095022117210722
(e),LCDF_07,VARIANT_LOW,29,D1_seed20600613,0.027455472579756713,0.01886018602095749,0.6700890614399495
(e),LCDF_07,VARIANT_LOW,17,D1_seed20600613,0.13957879038218396,0.05843802807652484,0.3150180808405503
(e),LCDF_07,VARIANT_LOW,14,D1_seed20600613,0.16571772123233797,0.06767176856714395,0.2038866391149028
(e),LCDF_07,VARIANT_LOW,25,D1_seed20600613,0.06568331277351709,0.03240725543664644,0.572164242050107
(e),LCDF_07,VARIANT_LOW,15,D1_seed20600613,0.15712131084028055,0.06463218275070161,0.2415317481900555
(e),LCDF_07,VARIANT_LOW,2,D1_seed20600613,0.25782405504354966,0.10046944681147596,0.2603568904811425
(e),LCDF_07,VARIANT_LOW,23,D1_seed20600613,0.08460277845058532,0.03907193534963635,0.5146910686487158
(e),LCDF_07,VARIANT_LOW,24,D1_seed20600613,0.07517073571191292,0.03575036113104093,0.5440825217164336
(e),LCDF_07,VARIANT_LOW,18,D1_seed20600613,0.13064453592134564,0.055287190891452245,0.3506757739145107
(e),LCDF_07,VARIANT_LOW,11,D1_seed20600613,0.19074114062848205,0.0765386668282783,0.08859235724851924
(e),LCDF_07,VARIANT_LOW,6,D1_seed20600613,0.22959976933348464,0.09037216128521522,0.10817792423807149
(e),LCDF_07,VARIANT_LOW,22,D1_seed20600613,0.09397053698101382,0.042369972161087004,0.4840608721494773
(e),LCDF_07,VARIANT_LOW,8,D1_seed20600613,0.21451043279167276,0.08499068266782558,0.03125577551250173
(e),LCDF_07,VARIANT_LOW,26,D1_seed20600613,0.056150822920131196,0.02904463944201834,0.5988684372006878
(e),LCDF_07,VARIANT_LOW,12,D1_seed20600613,0.18253288218223168,0.07362680383449437,0.12729150057053926
(e),LCDF_07,VARIANT_LOW,20,D1_seed20600613,0.11248143713309465,0.04888748881457641,0.4193832650438068
(e),LCDF_07,VARIANT_MAIN,19,D1_seed20600613,0.16214690988791153,0.06947087260477122,0.5139899836441201
(e),LCDF_07,VARIANT_MAIN,6,D1_seed20600613,0.30613463522507345,0.1204968458586302,0.14423910843503315
(e),LCDF_07,VARIANT_MAIN,4,D1_seed20600613,0.3253976808549582,0.1273819361416796,0.24679785592322642
(e),LCDF_07,VARIANT_MAIN,16,D1_seed20600613,0.19787568902159933,0.08207175151480033,0.37147578325272573
(e),LCDF_07,VARIANT_MAIN,30,D1_seed20600613,0.02403307848893536,0.02058730601306837,0.9208991570282827
(e),LCDF_07,VARIANT_MAIN,8,D1_seed20600613,0.28601523416393887,0.11332143599785556,0.04167946320592426
(e),LCDF_07,VARIANT_MAIN,31,D1_seed20600613,0.012244347064524076,0.016015316499272576,0.9461283883711419
(e),LCDF_07,VARIANT_MAIN,0,D1_seed20600613,0.36121253797420316,0.1402155992482702,0.4441995493894864
(e),LCDF_07,VARIANT_MAIN,17,D1_seed20600613,0.18610550105456838,0.07791756315427338,0.42002422862097566
(e),LCDF_07,VARIANT_MAIN,20,D1_seed20600613,0.1499755989226816,0.06518346118599501,0.5591777306184551
(e),LCDF_07,VARIANT_MAIN,11,D1_seed20600613,0.25432247296729266,0.1020519437508326,0.11812433945793832
(e),LCDF_07,VARIANT_MAIN,7,D1_seed20600613,0.2961795005835657,0.11694436710853594,0.09260805661823909
(e),LCDF_07,VARIANT_MAIN,22,D1_seed20600613,0.12529441831592045,0.05649342904196002,0.6454145140657654
(e),LCDF_07,VARIANT_MAIN,25,D1_seed20600613,0.08757836009419798,0.04320983956965514,0.76288565110151
(e),LCDF_07,VARIANT_MAIN,5,D1_seed20600613,0.3158756065630412,0.1239767337609828,0.19571768170579637
(e),LCDF_07,VARIANT_MAIN,26,D1_seed20600613,0.07486854986942335,0.03872638043736983,0.7984912393820423
(e),LCDF_07,VARIANT_MAIN,15,D1_seed20600613,0.20949565620250568,0.08617648829503699,0.32204256180286633
(e),LCDF_07,VARIANT_MAIN,2,D1_seed20600613,0.3437676708320866,0.13396013213596816,0.3471437095185174
(e),LCDF_07,VARIANT_MAIN,24,D1_seed20600613,0.10022813725588754,0.04766729511388366,0.7254433635248537
(e),LCDF_07,VARIANT_MAIN,21,D1_seed20600613,0.13768826489388478,0.06085677687965864,0.6030213145514169
(e),LCDF_07,VARIANT_MAIN,13,D1_seed20600613,0.23225412056751454,0.09422774705647098,0.2210272098976841
(e),LCDF_07,VARIANT_MAIN,18,D1_seed20600613,0.17419311516914895,0.07371642626658724,0.46756778610724903
(e),LCDF_07,VARIANT_MAIN,12,D1_seed20600613,0.243378020670085,0.09816941940249996,0.16972271839790753
(e),LCDF_07,VARIANT_MAIN,27,D1_seed20600613,0.062116200900393256,0.034219636213881834,0.8321742035581088
(e),LCDF_07,VARIANT_MAIN,3,D1_seed20600613,0.33469641872581923,0.13071040338246953,0.2973189250622419
(e),LCDF_07,VARIANT_MAIN,23,D1_seed20600613,0.11280411710357191,0.05209605023676445,0.6862547669008743
(e),LCDF_07,VARIANT_MAIN,10,D1_seed20600613,0.26508093519400483,0.1058729820707197,0.06662385116383322
(e),LCDF_07,VARIANT_MAIN,9,D1_seed20600613,0.2756471677814535,0.10963023355783816,0.018803286870065637
(e),LCDF_07,VARIANT_MAIN,1,D1_seed20600613,0.35260757258968695,0.13712916651422705,0.3961446396432947
(e),LCDF_07,VARIANT_MAIN,28,D1_seed20600613,0.049347071841361625,0.029692349953474712,0.863853280971716
(e),LCDF_07,VARIANT_MAIN,29,D1_seed20600613,0.036609554644748576,0.025147297104585808,0.893452059622567
(e),LCDF_07,VARIANT_MAIN,14,D1_seed20600613,0.22095761705504272,0.0902293005843504,0.2718491774395103
(e),LCDF_07,VARIANT_LOW,1,D2_seed20600611,0.2552695162423022,0.10284617372217031,0.29710762181467354
(e),LCDF_07,VARIANT_LOW,27,D2_seed20600611,0.04956704495769024,0.02566454980015489,0.6241306637353162
(e),LCDF_07,VARIANT_LOW,0,D2_seed20600611,0.26144324728733853,0.10516094796157598,0.33314882576344396
(e),LCDF_07,VARIANT_LOW,16,D2_seed20600611,0.14517873351444183,0.06155365107160684,0.2786067125801556
(e),LCDF_07,VARIANT_LOW,3,D2_seed20600611,0.24244267331256802,0.09803219757430208,0.222988250025306
(e),LCDF_07,VARIANT_LOW,7,D2_seed20600611,0.2149516499776376,0.08770784256371508,0.0694540955660351
(e),LCDF_07,VARIANT_LOW,10,D2_seed20600611,0.19282890907914232,0.07940441316958623,0.049966054642724314
(e),LCDF_07,VARIANT_LOW,19,D2_seed20600611,0.11991194014704275,0.052103038131718044,0.38549244067521293
(e),LCDF_07,VARIANT_LOW,21,D2_seed20600611,0.10264046197160294,0.045642481283789664,0.4522659639220729
(e),LCDF_07,VARIANT_LOW,5,D2_seed20600611,0.22899521660301944,0.09298203502350207,0.14678710015688998
(e),LCDF_07,VARIANT_LOW,30,D2_seed20600611,0.023683372608463104,0.015440096674250961,0.6906743868962157
(e),LCDF_07,VARIANT_LOW,4,D2_seed20600611,0.2357950516378865,0.09553589283469203,0.18509736620143913
(e),LCDF_07,VARIANT_LOW,31,D2_seed20600611,0.01627703272482474,0.012010951582548144,0.7095963125788368
(e),LCDF_07,VARIANT_LOW,13,D2_seed20600611,0.16953107518023636,0.07067057764024773,0.1657700538389413
(e),LCDF_07,VARIANT_LOW,28,D2_seed20600611,0.040729180510045315,0.022269040207980928,0.647889974785686
(e),LCDF_07,VARIANT_LOW,9,D2_seed20600611,0.20033918728578812,0.08222231731733073,0.014095022117210722
(e),LCDF_07,VARIANT_LOW,29,D2_seed20600611,0.03203322563921644,0.01886018602095749,0.6700890614399495
(e),LCDF_07,VARIANT_LOW,17,D2_seed20600611,0.13685049579996172,0.05843802807652484,0.3150180808405503
(e),LCDF_07,VARIANT_LOW,14,D2_seed20600611,0.16152432614337242,0.06767176856714395,0.2038866391149028
(e),LCDF_07,VARIANT_LOW,25,D2_seed20600611,0.06736173550312961,0.03240725543664644,0.572164242050107
(e),LCDF_07,VARIANT_LOW,15,D2_seed20600611,0.1534051525414655,0.06463218275070161,0.2415317481900555
(e),LCDF_07,VARIANT_LOW,2,D2_seed20600611,0.24893510197231727,0.10046944681147596,0.2603568904811425
(e),LCDF_07,VARIANT_LOW,23,D2_seed20600611,0.08509688336754433,0.03907193534963635,0.5146910686487158
(e),LCDF_07,VARIANT_LOW,24,D2_seed20600611,0.0762468940944365,0.03575036113104093,0.5440825217164336
(e),LCDF_07,VARIANT_LOW,18,D2_seed20600611,0.12842619108716788,0.055287190891452245,0.3506757739145107
(e),LCDF_07,VARIANT_LOW,11,D2_seed20600611,0.1851879315991696,0.0765386668282783,0.08859235724851924
(e),LCDF_07,VARIANT_LOW,6,D2_seed20600611,0.22204631174366896,0.09037216128521522,0.10817792423807149
(e),LCDF_07,VARIANT_LOW,22,D2_seed20600611,0.0938983077066892,0.042369972161087004,0.4840608721494773
(e),LCDF_07,VARIANT_LOW,8,D2_seed20600611,0.2077147190852053,0.08499068266782558,0.03125577551250173
(e),LCDF_07,VARIANT_LOW,26,D2_seed20600611,0.05845953028546048,0.02904463944201834,0.5988684372006878
(e),LCDF_07,VARIANT_LOW,12,D2_seed20600611,0.17742050182804892,0.07362680383449437,0.12729150057053926
(e),LCDF_07,VARIANT_LOW,20,D2_seed20600611,0.11131431442701609,0.04888748881457641,0.4193832650438068
(e),LCDF_07,VARIANT_MAIN,19,D2_seed20600611,0.15988315956946586,0.06947087260477122,0.5139899836441201
(e),LCDF_07,VARIANT_MAIN,6,D2_seed20600611,0.2960636978643955,0.1204968458586302,0.14423910843503315
(e),LCDF_07,VARIANT_MAIN,4,D2_seed20600611,0.3143956991799086,0.1273819361416796,0.24679785592322642
(e),LCDF_07,VARIANT_MAIN,16,D2_seed20600611,0.19357237355875204,0.08207175151480033,0.37147578325272573
(e),LCDF_07,VARIANT_MAIN,30,D2_seed20600611,0.03158083545314524,0.02058730601306837,0.9208991570282827
(e),LCDF_07,VARIANT_MAIN,8,D2_seed20600611,0.276954591805786,0.11332143599785556,0.04167946320592426
(e),LCDF_07,VARIANT_MAIN,31,D2_seed20600611,0.021707417123201424,0.016015316499272576,0.9461283883711419
(e),LCDF_07,VARIANT_MAIN,0,D2_seed20600611,0.3485940769803791,0.1402155992482702,0.4441995493894864
(e),LCDF_07,VARIANT_MAIN,17,D2_seed20600611,0.18246799155718996,0.07791756315427338,0.42002422862097566
(e),LCDF_07,VARIANT_MAIN,20,D2_seed20600611,0.14841963523507243,0.06518346118599501,0.5591777306184551
(e),LCDF_07,VARIANT_MAIN,11,D2_seed20600611,0.24691846587253008,0.1020519437508326,0.11812433945793832
(e),LCDF_07,VARIANT_MAIN,7,D2_seed20600611,0.2866039867673585,0.11694436710853594,0.09260805661823909
(e),LCDF_07,VARIANT_MAIN,22,D2_seed20600611,0.12519830095504966,0.05649342904196002,0.6454145140657654
(e),LCDF_07,VARIANT_MAIN,25,D2_seed20600611,0.08981640837213561,0.04320983956965514,0.76288565110151
(e),LCDF_07,VARIANT_MAIN,5,D2_seed20600611,0.3053290744938633,0.1239767337609828,0.19571768170579637
(e),LCDF_07,VARIANT_MAIN,26,D2_seed20600611,0.07794695986300308,0.03872638043736983,0.7984912393820423
(e),LCDF_07,VARIANT_MAIN,15,D2_seed20600611,0.20454100900302907,0.08617648829503699,0.32204256180286633
(e),LCDF_07,VARIANT_MAIN,2,D2_seed20600611,0.33191614451018053,0.13396013213596816,0.3471437095185174
(e),LCDF_07,VARIANT_MAIN,24,D2_seed20600611,0.1016631886582647,0.04766729511388366,0.7254433635248537
(e),LCDF_07,VARIANT_MAIN,21,D2_seed20600611,0.1368544925823839,0.06085677687965864,0.6030213145514169
(e),LCDF_07,VARIANT_MAIN,13,D2_seed20600611,0.22604243032242155,0.09422774705647098,0.2210272098976841
(e),LCDF_07,VARIANT_MAIN,18,D2_seed20600611,0.17123553282828796,0.07371642626658724,0.46756778610724903
(e),LCDF_07,VARIANT_MAIN,12,D2_seed20600611,0.23656177456601482,0.09816941940249996,0.16972271839790753
(e),LCDF_07,VARIANT_MAIN,27,D2_seed20600611,0.06609054738049444,0.034219636213881834,0.8321742035581088
(e),LCDF_07,VARIANT_MAIN,3,D2_seed20600611,0.32325938025449774,0.13071040338246953,0.2973189250622419
(e),LCDF_07,VARIANT_MAIN,23,D2_seed20600611,0.11346310657304295,0.05209605023676445,0.6862547669008743
(e),LCDF_07,VARIANT_MAIN,10,D2_seed20600611,0.25710656337257,0.1058729820707197,0.06662385116383322
(e),LCDF_07,VARIANT_MAIN,9,D2_seed20600611,0.26712040415596816,0.10963023355783816,0.018803286870065637
(e),LCDF_07,VARIANT_MAIN,1,D2_seed20600611,0.34036222972119234,0.13712916651422705,0.3961446396432947
(e),LCDF_07,VARIANT_MAIN,28,D2_seed20600611,0.05430708203725252,0.029692349953474712,0.863853280971716
(e),LCDF_07,VARIANT_MAIN,29,D2_seed20600611,0.04271303442572514,0.025147297104585808,0.893452059622567
(e),LCDF_07,VARIANT_MAIN,14,D2_seed20600611,0.21536666557217746,0.0902293005843504,0.2718491774395103
(e),LCDF_07,VARIANT_LOW,1,D2_seed20600612,0.24814773523971034,0.10284617372217031,0.29710762181467354
(e),LCDF_07,VARIANT_LOW,27,D2_seed20600612,0.053957355245112276,0.02566454980015489,0.6241306637353162
(e),LCDF_07,VARIANT_LOW,0,D2_seed20600612,0.25409777986976506,0.10516094796157598,0.33314882576344396
(e),LCDF_07,VARIANT_LOW,16,D2_seed20600612,0.14326954395450614,0.06155365107160684,0.2786067125801556
(e),LCDF_07,VARIANT_LOW,3,D2_seed20600612,0.23580324638683442,0.09803219757430208,0.222988250025306
(e),LCDF_07,VARIANT_LOW,7,D2_seed20600612,0.20944654333949483,0.08770784256371508,0.0694540955660351
(e),LCDF_07,VARIANT_LOW,10,D2_seed20600612,0.1883506735906689,0.07940441316958623,0.049966054642724314
(e),LCDF_07,VARIANT_LOW,19,D2_seed20600612,0.119549094213913,0.052103038131718044,0.38549244067521293
(e),LCDF_07,VARIANT_LOW,21,D2_seed20600612,0.10339768609549309,0.045642481283789664,0.4522659639220729
(e),LCDF_07,VARIANT_LOW,5,D2_seed20600612,0.22289207107371872,0.09298203502350207,0.14678710015688998
(e),LCDF_07,VARIANT_LOW,30,D2_seed20600612,0.0294930895238673,0.015440096674250961,0.6906743868962157
(e),LCDF_07,VARIANT_LOW,4,D2_seed20600612,0.2294165084935706,0.09553589283469203,0.18509736620143913
(e),LCDF_07,VARIANT_LOW,31,D2_seed20600612,0.021827742719281173,0.012010951582548144,0.7095963125788368
(e),LCDF_07,VARIANT_LOW,13,D2_seed20600612,0.1662490726871276,0.07067057764024773,0.1657700538389413
(e),LCDF_07,VARIANT_LOW,28,D2_seed20600612,0.045702505495707695,0.022269040207980928,0.647889974785686
(e),LCDF_07,VARIANT_LOW,9,D2_seed20600612,0.1955004636104664,0.08222231731733073,0.014095022117210722
(e),LCDF_07,VARIANT_LOW,29,D2_seed20600612,0.03751900303129312,0.01886018602095749,0.6700890614399495
(e),LCDF_07,VARIANT_LOW,17,D2_seed20600612,0.13543795518892465,0.05843802807652484,0.3150180808405503
(e),LCDF_07,VARIANT_LOW,14,D2_seed20600612,0.15868022758689884,0.06767176856714395,0.2038866391149028
(e),LCDF_07,VARIANT_LOW,25,D2_seed20600612,0.07052406724190553,0.03240725543664644,0.572164242050107
(e),LCDF_07,VARIANT_LOW,15,D2_seed20600612,0.15101869916516467,0.06463218275070161,0.2415317481900555
(e),LCDF_07,VARIANT_LOW,2,D2_seed20600612,0.24204828905557285,0.10046944681147596,0.2603568904811425
(e),LCDF_07,VARIANT_LOW,23,D2_seed20600612,0.08703503133735328,0.03907193534963635,0.5146910686487158
(e),LCDF_07,VARIANT_LOW,24,D2_seed20600612,0.07879340273713166,0.03575036113104093,0.5440825217164336
(e),LCDF_07,VARIANT_LOW,18,D2_seed20600612,0.1275292876479959,0.055287190891452245,0.3506757739145107
(e),LCDF_07,VARIANT_LOW,11,D2_seed20600612,0.18108907403165955,0.0765386668282783,0.08859235724851924
(e),LCDF_07,VARIANT_LOW,6,D2_seed20600612,0.21623402267575073,0.09037216128521522,0.10817792423807149
(e),LCDF_07,VARIANT_LOW,22,D2_seed20600612,0.09523921408055118,0.042369972161087004,0.4840608721494773
(e),LCDF_07,VARIANT_LOW,8,D2_seed20600612,0.20253390354943704,0.08499068266782558,0.03125577551250173
(e),LCDF_07,VARIANT_LOW,26,D2_seed20600612,0.06223976705601844,0.02904463944201834,0.5988684372006878
(e),LCDF_07,VARIANT_LOW,12,D2_seed20600612,0.1737202976905762,0.07362680383449437,0.12729150057053926
(e),LCDF_07,VARIANT_LOW,20,D2_seed20600612,0.11150318028282863,0.04888748881457641,0.4193832650438068
(e),LCDF_07,VARIANT_MAIN,19,D2_seed20600612,0.1593989429612242,0.06947087260477122,0.5139899836441201
(e),LCDF_07,VARIANT_MAIN,6,D2_seed20600612,0.2883135537374282,0.1204968458586302,0.14423910843503315
(e),LCDF_07,VARIANT_MAIN,4,D2_seed20600612,0.3058905610595126,0.1273819361416796,0.24679785592322642
(e),LCDF_07,VARIANT_MAIN,16,D2_seed20600612,0.19102635272768065,0.08207175151480033,0.37147578325272573
(e),LCDF_07,VARIANT_MAIN,30,D2_seed20600612,0.0393262711637317,0.02058730601306837,0.9208991570282827
(e),LCDF_07,VARIANT_MAIN,8,D2_seed20600612,0.2700464034461253,0.11332143599785556,0.04167946320592426
(e),LCDF_07,VARIANT_MAIN,31,D2_seed20600612,0.029106954523239612,0.016015316499272576,0.9461283883711419
(e),LCDF_07,VARIANT_MAIN,0,D2_seed20600612,0.3387997358534669,0.1402155992482702,0.4441995493894864
(e),LCDF_07,VARIANT_MAIN,17,D2_seed20600612,0.18058417253643433,0.07791756315427338,0.42002422862097566
(e),LCDF_07,VARIANT_MAIN,20,D2_seed20600612,0.14867104049348712,0.06518346118599501,0.5591777306184551
(e),LCDF_07,VARIANT_MAIN,11,D2_seed20600612,0.2414528801367707,0.1020519437508326,0.11812433945793832
(e),LCDF_07,VARIANT_MAIN,7,D2_seed20600612,0.2792634144106539,0.11694436710853594,0.09260805661823909
(e),LCDF_07,VARIANT_MAIN,22,D2_seed20600612,0.12698577424486293,0.05649342904196002,0.6454145140657654
(e),LCDF_07,VARIANT_MAIN,25,D2_seed20600612,0.09403242337330606,0.04320983956965514,0.76288565110151
(e),LCDF_07,VARIANT_MAIN,5,D2_seed20600612,0.29719112717850255,0.1239767337609828,0.19571768170579637
(e),LCDF_07,VARIANT_MAIN,26,D2_seed20600612,0.08298684140250864,0.03872638043736983,0.7984912393820423
(e),LCDF_07,VARIANT_MAIN,15,D2_seed20600612,0.2013586342534016,0.08617648829503699,0.32204256180286633
(e),LCDF_07,VARIANT_MAIN,2,D2_seed20600612,0.32273332702879737,0.13396013213596816,0.3471437095185174
(e),LCDF_07,VARIANT_MAIN,24,D2_seed20600612,0.1050581439273514,0.04766729511388366,0.7254433635248537
(e),LCDF_07,VARIANT_MAIN,21,D2_seed20600612,0.1378637157046194,0.06085677687965864,0.6030213145514169
(e),LCDF_07,VARIANT_MAIN,13,D2_seed20600612,0.22166598350243846,0.09422774705647098,0.2210272098976841
(e),LCDF_07,VARIANT_MAIN,18,D2_seed20600612,0.1700392342915289,0.07371642626658724,0.46756778610724903
(e),LCDF_07,VARIANT_MAIN,12,D2_seed20600612,0.23162772569850812,0.09816941940249996,0.16972271839790753
(e),LCDF_07,VARIANT_MAIN,27,D2_seed20600612,0.07194384328347632,0.034219636213881834,0.8321742035581088
(e),LCDF_07,VARIANT_MAIN,3,D2_seed20600612,0.314406403663153,0.13071040338246953,0.2973189250622419
(e),LCDF_07,VARIANT_MAIN,23,D2_seed20600612,0.11604690884953285,0.05209605023676445,0.6862547669008743
(e),LCDF_07,VARIANT_MAIN,10,D2_seed20600612,0.2511351422934037,0.1058729820707197,0.06662385116383322
(e),LCDF_07,VARIANT_MAIN,9,D2_seed20600612,0.2606683348434788,0.10963023355783816,0.018803286870065637
(e),LCDF_07,VARIANT_MAIN,1,D2_seed20600612,0.33086612906083096,0.13712916651422705,0.3961446396432947
(e),LCDF_07,VARIANT_MAIN,28,D2_seed20600612,0.06093768504109666,0.029692349953474712,0.863853280971716
(e),LCDF_07,VARIANT_MAIN,29,D2_seed20600612,0.05002679789668574,0.025147297104585808,0.893452059622567
(e),LCDF_07,VARIANT_MAIN,14,D2_seed20600612,0.21157409206282385,0.0902293005843504,0.2718491774395103
(e),LCDF_07,VARIANT_LOW,1,D2_seed20600613,0.25160509031462935,0.10284617372217031,0.29710762181467354
(e),LCDF_07,VARIANT_LOW,27,D2_seed20600613,0.041406689141442986,0.02566454980015489,0.6241306637353162
(e),LCDF_07,VARIANT_LOW,0,D2_seed20600613,0.25796818649438225,0.10516094796157598,0.33314882576344396
(e),LCDF_07,VARIANT_LOW,16,D2_seed20600613,0.1386376763126951,0.06155365107160684,0.2786067125801556
(e),LCDF_07,VARIANT_LOW,3,D2_seed20600613,0.23838818451972038,0.09803219757430208,0.222988250025306
(e),LCDF_07,VARIANT_LOW,7,D2_seed20600613,0.2100943074347569,0.08770784256371508,0.0694540955660351
(e),LCDF_07,VARIANT_LOW,10,D2_seed20600613,0.18737550019907012,0.07940441316958623,0.049966054642724314
(e),LCDF_07,VARIANT_LOW,19,D2_seed20600613,0.11290786168016072,0.052103038131718044,0.38549244067521293
(e),LCDF_07,VARIANT_LOW,21,D2_seed20600613,0.09535851165991505,0.045642481283789664,0.4522659639220729
(e),LCDF_07,VARIANT_LOW,5,D2_seed20600613,0.22454089239924585,0.09298203502350207,0.14678710015688998
(e),LCDF_07,VARIANT_LOW,30,D2_seed20600613,0.014311928136987511,0.015440096674250961,0.6906743868962157
(e),LCDF_07,VARIANT_LOW,4,D2_seed20600613,0.2315414579951752,0.09553589283469203,0.18509736620143913
(e),LCDF_07,VARIANT_LOW,31,D2_seed20600613,0.006102423692163917,0.012010951582548144,0.7095963125788368
(e),LCDF_07,VARIANT_LOW,13,D2_seed20600613,0.16351047897432547,0.07067057764024773,0.1657700538389413
(e),LCDF_07,VARIANT_LOW,28,D2_seed20600613,0.03231940227088062,0.022269040207980928,0.647889974785686
(e),LCDF_07,VARIANT_LOW,9,D2_seed20600613,0.19508226159126854,0.08222231731733073,0.014095022117210722
(e),LCDF_07,VARIANT_LOW,29,D2_seed20600613,0.023256684974253903,0.01886018602095749,0.6700890614399495
(e),LCDF_07,VARIANT_LOW,17,D2_seed20600613,0.13014850271174808,0.05843802807652484,0.3150180808405503
(e),LCDF_07,VARIANT_LOW,14,D2_seed20600613,0.15532432358334153,0.06767176856714395,0.2038866391149028
(e),LCDF_07,VARIANT_LOW,25,D2_seed20600613,0.05954560352221743,0.03240725543664644,0.572164242050107
(e),LCDF_07,VARIANT_LOW,15,D2_seed20600613,0.1470315275816427,0.06463218275070161,0.2415317481900555
(e),LCDF_07,VARIANT_LOW,2,D2_seed20600613,0.24507727126912812,0.10046944681147596,0.2603568904811425
(e),LCDF_07,VARIANT_LOW,23,D2_seed20600613,0.07755227215120106,0.03907193534963635,0.5146910686487158
(e),LCDF_07,VARIANT_LOW,24,D2_seed20600613,0.06857017124706002,0.03575036113104093,0.5440825217164336
(e),LCDF_07,VARIANT_LOW,18,D2_seed20600613,0.12156988741367816,0.055287190891452245,0.3506757739145107
(e),LCDF_07,VARIANT_LOW,11,D2_seed20600613,0.17954127466019193,0.0765386668282783,0.08859235724851924
(e),LCDF_07,VARIANT_LOW,6,D2_seed20600613,0.2173904607471661,0.09037216128521522,0.10817792423807149
(e),LCDF_07,VARIANT_LOW,22,D2_seed20600613,0.08648412020401001,0.042369972161087004,0.4840608721494773
(e),LCDF_07,VARIANT_LOW,8,D2_seed20600613,0.20265674685573573,0.08499068266782558,0.03125577551250173
(e),LCDF_07,VARIANT_LOW,26,D2_seed20600613,0.050487454092172625,0.02904463944201834,0.5988684372006878
(e),LCDF_07,VARIANT_LOW,12,D2_seed20600613,0.17158455754205604,0.07362680383449437,0.12729150057053926
(e),LCDF_07,VARIANT_LOW,20,D2_seed20600613,0.10416861511667257,0.04888748881457641,0.4193832650438068
(e),LCDF_07,VARIANT_MAIN,19,D2_seed20600613,0.15054434746394718,0.06947087260477122,0.5139899836441201
(e),LCDF_07,VARIANT_MAIN,6,D2_seed20600613,0.28985580363615204,0.1204968458586302,0.14423910843503315
(e),LCDF_07,VARIANT_MAIN,4,D2_seed20600613,0.30872413620943046,0.1273819361416796,0.24679785592322642
(e),LCDF_07,VARIANT_MAIN,16,D2_seed20600613,0.1848509152416065,0.08207175151480033,0.37147578325272573
(e),LCDF_07,VARIANT_MAIN,30,D2_seed20600613,0.01908745694310606,0.02058730601306837,0.9208991570282827
(e),LCDF_07,VARIANT_MAIN,8,D2_seed20600613,0.27021054656387383,0.11332143599785556,0.04167946320592426
(e),LCDF_07,VARIANT_MAIN,31,D2_seed20600613,0.008148957688733227,0.016015316499272576,0.9461283883711419
(e),LCDF_07,VARIANT_MAIN,0,D2_seed20600613,0.3439605310799162,0.1402155992482702,0.4441995493894864
(e),LCDF_07,VARIANT_MAIN,17,D2_seed20600613,0.1735319544334847,0.07791756315427338,0.42002422862097566
(e),LCDF_07,VARIANT_MAIN,20,D2_seed20600613,0.1388919990539727,0.06518346118599501,0.5591777306184551
(e),LCDF_07,VARIANT_MAIN,11,D2_seed20600613,0.23938952112334153,0.1020519437508326,0.11812433945793832
(e),LCDF_07,VARIANT_MAIN,7,D2_seed20600613,0.28012744262314376,0.11694436710853594,0.09260805661823909
(e),LCDF_07,VARIANT_MAIN,22,D2_seed20600613,0.11531269248996848,0.05649342904196002,0.6454145140657654
(e),LCDF_07,VARIANT_MAIN,25,D2_seed20600613,0.07939493351223942,0.04320983956965514,0.76288565110151
(e),LCDF_07,VARIANT_MAIN,5,D2_seed20600613,0.2993898768627792,0.1239767337609828,0.19571768170579637
(e),LCDF_07,VARIANT_MAIN,26,D2_seed20600613,0.0673176121054584,0.03872638043736983,0.7984912393820423
(e),LCDF_07,VARIANT_MAIN,15,D2_seed20600613,0.19604279131910077,0.08617648829503699,0.32204256180286633
(e),LCDF_07,VARIANT_MAIN,2,D2_seed20600613,0.3267722525038613,0.13396013213596816,0.3471437095185174
(e),LCDF_07,VARIANT_MAIN,24,D2_seed20600613,0.09142755921633763,0.04766729511388366,0.7254433635248537
(e),LCDF_07,VARIANT_MAIN,21,D2_seed20600613,0.1271451933666765,0.06085677687965864,0.6030213145514169
(e),LCDF_07,VARIANT_MAIN,13,D2_seed20600613,0.21801490725143557,0.09422774705647098,0.2210272098976841
(e),LCDF_07,VARIANT_MAIN,18,D2_seed20600613,0.1620937508133071,0.07371642626658724,0.46756778610724903
(e),LCDF_07,VARIANT_MAIN,12,D2_seed20600613,0.22878045051663645,0.09816941940249996,0.16972271839790753
(e),LCDF_07,VARIANT_MAIN,27,D2_seed20600613,0.05521023986021575,0.034219636213881834,0.8321742035581088
(e),LCDF_07,VARIANT_MAIN,3,D2_seed20600613,0.31785328405998636,0.13071040338246953,0.2973189250622419
(e),LCDF_07,VARIANT_MAIN,23,D2_seed20600613,0.10340361014415667,0.05209605023676445,0.6862547669008743
(e),LCDF_07,VARIANT_MAIN,10,D2_seed20600613,0.24983527855609075,0.1058729820707197,0.06662385116383322
(e),LCDF_07,VARIANT_MAIN,9,D2_seed20600613,0.26011109244254527,0.10963023355783816,0.018803286870065637
(e),LCDF_07,VARIANT_MAIN,1,D2_seed20600613,0.33547620394520716,0.13712916651422705,0.3961446396432947
(e),LCDF_07,VARIANT_MAIN,28,D2_seed20600613,0.04309436968637223,0.029692349953474712,0.863853280971716
(e),LCDF_07,VARIANT_MAIN,29,D2_seed20600613,0.031011678406893024,0.025147297104585808,0.893452059622567
(e),LCDF_07,VARIANT_MAIN,14,D2_seed20600613,0.20709993791669284,0.0902293005843504,0.2718491774395103
(e),LCDF_07,VARIANT_LOW,1,D3_seed20600611,0.43928052626905234,0.10284617372217031,0.29710762181467354
(e),LCDF_07,VARIANT_LOW,27,D3_seed20600611,0.2079159101765694,0.02566454980015489,0.6241306637353162
(e),LCDF_07,VARIANT_LOW,0,D3_seed20600611,0.44510361137258125,0.10516094796157598,0.33314882576344396
(e),LCDF_07,VARIANT_LOW,16,D3_seed20600611,0.32239877726520055,0.06155365107160684,0.2786067125801556
(e),LCDF_07,VARIANT_LOW,3,D3_seed20600611,0.42684234255688525,0.09803219757430208,0.222988250025306
(e),LCDF_07,VARIANT_LOW,7,D3_seed20600611,0.3989036638646851,0.08770784256371508,0.0694540955660351
(e),LCDF_07,VARIANT_LOW,10,D3_seed20600611,0.3754014995851155,0.07940441316958623,0.049966054642724314
(e),LCDF_07,VARIANT_LOW,19,D3_seed20600611,0.29318445937765825,0.052103038131718044,0.38549244067521293
(e),LCDF_07,VARIANT_LOW,21,D3_seed20600611,0.27280902797713835,0.045642481283789664,0.4522659639220729
(e),LCDF_07,VARIANT_LOW,5,D3_seed20600611,0.4133727860277447,0.09298203502350207,0.14678710015688998
(e),LCDF_07,VARIANT_LOW,30,D3_seed20600611,0.17368046737251028,0.015440096674250961,0.6906743868962157
(e),LCDF_07,VARIANT_LOW,4,D3_seed20600611,0.4202345572063023,0.09553589283469203,0.18509736620143913
(e),LCDF_07,VARIANT_LOW,31,D3_seed20600611,0.1620496636116037,0.012010951582548144,0.7095963125788368
(e),LCDF_07,VARIANT_LOW,13,D3_seed20600611,0.3498539980165328,0.07067057764024773,0.1657700538389413
(e),LCDF_07,VARIANT_LOW,28,D3_seed20600611,0.1966206769356883,0.022269040207980928,0.647889974785686
(e),LCDF_07,VARIANT_LOW,9,D3_seed20600611,0.38346927949992476,0.08222231731733073,0.014095022117210722
(e),LCDF_07,VARIANT_LOW,29,D3_seed20600611,0.18520651642866306,0.01886018602095749,0.6700890614399495
(e),LCDF_07,VARIANT_LOW,17,D3_seed20600611,0.31284848435649754,0.05843802807652484,0.3150180808405503
(e),LCDF_07,VARIANT_LOW,14,D3_seed20600611,0.3409071066647813,0.06767176856714395,0.2038866391149028
(e),LCDF_07,VARIANT_LOW,25,D3_seed20600611,0.23012109364422356,0.03240725543664644,0.572164242050107
(e),LCDF_07,VARIANT_LOW,15,D3_seed20600611,0.33175353053210194,0.06463218275070161,0.2415317481900555
(e),LCDF_07,VARIANT_LOW,2,D3_seed20600611,0.43319224472736156,0.10046944681147596,0.2603568904811425
(e),LCDF_07,VARIANT_LOW,23,D3_seed20600611,0.2517688617649116,0.03907193534963635,0.5146910686487158
(e),LCDF_07,VARIANT_LOW,24,D3_seed20600611,0.24101805873157733,0.03575036113104093,0.5440825217164336
(e),LCDF_07,VARIANT_LOW,18,D3_seed20600611,0.30310841591774784,0.055287190891452245,0.3506757739145107
(e),LCDF_07,VARIANT_LOW,11,D3_seed20600611,0.36710636371457195,0.0765386668282783,0.08859235724851924
(e),LCDF_07,VARIANT_LOW,6,D3_seed20600611,0.4062610844218192,0.09037216128521522,0.10817792423807149
(e),LCDF_07,VARIANT_LOW,22,D3_seed20600611,0.26236900583794137,0.042369972161087004,0.4840608721494773
(e),LCDF_07,VARIANT_LOW,8,D3_seed20600611,0.39130488981501654,0.08499068266782558,0.03125577551250173
(e),LCDF_07,VARIANT_LOW,26,D3_seed20600611,0.21908527085728316,0.02904463944201834,0.5988684372006878
(e),LCDF_07,VARIANT_LOW,12,D3_seed20600611,0.358588829942699,0.07362680383449437,0.12729150057053926
(e),LCDF_07,VARIANT_LOW,20,D3_seed20600611,0.2830826221052385,0.04888748881457641,0.4193832650438068
(e),LCDF_07,VARIANT_MAIN,19,D3_seed20600611,0.39091538366944745,0.06947087260477122,0.5139899836441201
(e),LCDF_07,VARIANT_MAIN,6,D3_seed20600611,0.5416670897702553,0.1204968458586302,0.14423910843503315
(e),LCDF_07,VARIANT_MAIN,4,D3_seed20600611,0.5602943837705034,0.1273819361416796,0.24679785592322642
(e),LCDF_07,VARIANT_MAIN,16,D3_seed20600611,0.42986543948885764,0.08207175151480033,0.37147578325272573
(e),LCDF_07,VARIANT_MAIN,30,D3_seed20600611,0.2315776046883717,0.02058730601306837,0.9208991570282827
(e),LCDF_07,VARIANT_MAIN,8,D3_seed20600611,0.5217292087466248,0.11332143599785556,0.04167946320592426
(e),LCDF_07,VARIANT_MAIN,31,D3_seed20600611,0.21606962220601664,0.016015316499272576,0.9461283883711419
(e),LCDF_07,VARIANT_MAIN,0,D3_seed20600611,0.5934444935283686,0.1402155992482702,0.4441995493894864
(e),LCDF_07,VARIANT_MAIN,17,D3_seed20600611,0.41713261494077425,0.07791756315427338,0.42002422862097566
(e),LCDF_07,VARIANT_MAIN,20,D3_seed20600611,0.3774468397589115,0.06518346118599501,0.5591777306184551
(e),LCDF_07,VARIANT_MAIN,11,D3_seed20600611,0.48946941733588534,0.1020519437508326,0.11812433945793832
(e),LCDF_07,VARIANT_MAIN,7,D3_seed20600611,0.5318590914797935,0.11694436710853594,0.09260805661823909
(e),LCDF_07,VARIANT_MAIN,22,D3_seed20600611,0.3498288653669638,0.05649342904196002,0.6454145140657654
(e),LCDF_07,VARIANT_MAIN,25,D3_seed20600611,0.3068318410668067,0.04320983956965514,0.76288565110151
(e),LCDF_07,VARIANT_MAIN,5,D3_seed20600611,0.5511473898411465,0.1239767337609828,0.19571768170579637
(e),LCDF_07,VARIANT_MAIN,26,D3_seed20600611,0.2921178121685395,0.03872638043736983,0.7984912393820423
(e),LCDF_07,VARIANT_MAIN,15,D3_seed20600611,0.4423374337772906,0.08617648829503699,0.32204256180286633
(e),LCDF_07,VARIANT_MAIN,2,D3_seed20600611,0.5775670670761704,0.13396013213596816,0.3471437095185174
(e),LCDF_07,VARIANT_MAIN,24,D3_seed20600611,0.321360934023501,0.04766729511388366,0.7254433635248537
(e),LCDF_07,VARIANT_MAIN,21,D3_seed20600611,0.363749182118518,0.06085677687965864,0.6030213145514169
(e),LCDF_07,VARIANT_MAIN,13,D3_seed20600611,0.4664690405618938,0.09422774705647098,0.2210272098976841
(e),LCDF_07,VARIANT_MAIN,18,D3_seed20600611,0.4041466459821021,0.07371642626658724,0.46756778610724903
(e),LCDF_07,VARIANT_MAIN,12,D3_seed20600611,0.47811414656570517,0.09816941940249996,0.16972271839790753
(e),LCDF_07,VARIANT_MAIN,27,D3_seed20600611,0.27722530674448165,0.034219636213881834,0.8321742035581088
(e),LCDF_07,VARIANT_MAIN,3,D3_seed20600611,0.5691026722322715,0.13071040338246953,0.2973189250622419
(e),LCDF_07,VARIANT_MAIN,23,D3_seed20600611,0.33569505379361403,0.05209605023676445,0.6862547669008743
(e),LCDF_07,VARIANT_MAIN,10,D3_seed20600611,0.5005280567512016,0.1058729820707197,0.06662385116383322
(e),LCDF_07,VARIANT_MAIN,9,D3_seed20600611,0.5112834583039654,0.10963023355783816,0.018803286870065637
(e),LCDF_07,VARIANT_MAIN,1,D3_seed20600611,0.5856825937436867,0.13712916651422705,0.3961446396432947
(e),LCDF_07,VARIANT_MAIN,28,D3_seed20600611,0.26216490400612263,0.029692349953474712,0.863853280971716
(e),LCDF_07,VARIANT_MAIN,29,D3_seed20600611,0.2469458722156341,0.025147297104585808,0.893452059622567
(e),LCDF_07,VARIANT_MAIN,14,D3_seed20600611,0.45454108157451617,0.0902293005843504,0.2718491774395103
(e),LCDF_07,VARIANT_LOW,1,D3_seed20600612,0.46773407844349313,0.10284617372217031,0.29710762181467354
(e),LCDF_07,VARIANT_LOW,27,D3_seed20600612,0.23500567678586456,0.02566454980015489,0.6241306637353162
(e),LCDF_07,VARIANT_LOW,0,D3_seed20600612,0.47315757141421644,0.10516094796157598,0.33314882576344396
(e),LCDF_07,VARIANT_LOW,16,D3_seed20600612,0.3529878943932271,0.06155365107160684,0.2786067125801556
(e),LCDF_07,VARIANT_LOW,3,D3_seed20600612,0.456013373852009,0.09803219757430208,0.222988250025306
(e),LCDF_07,VARIANT_LOW,7,D3_seed20600612,0.42914419624528155,0.08770784256371508,0.0694540955660351
(e),LCDF_07,VARIANT_LOW,10,D3_seed20600612,0.40608892350808173,0.07940441316958623,0.049966054642724314
(e),LCDF_07,VARIANT_LOW,19,D3_seed20600612,0.32322178157052966,0.052103038131718044,0.38549244067521293
(e),LCDF_07,VARIANT_LOW,21,D3_seed20600612,0.3022996747063356,0.045642481283789664,0.4522659639220729
(e),LCDF_07,VARIANT_LOW,5,D3_seed20600612,0.44314284109840185,0.09298203502350207,0.14678710015688998
(e),LCDF_07,VARIANT_LOW,30,D3_seed20600612,0.19922707682902913,0.015440096674250961,0.6906743868962157
(e),LCDF_07,VARIANT_LOW,4,D3_seed20600612,0.4497205757593358,0.09553589283469203,0.18509736620143913
(e),LCDF_07,VARIANT_LOW,31,D3_seed20600612,0.18704802817581337,0.012010951582548144,0.7095963125788368
(e),LCDF_07,VARIANT_LOW,13,D3_seed20600612,0.3806606727377854,0.07067057764024773,0.1657700538389413
(e),LCDF_07,VARIANT_LOW,28,D3_seed20600612,0.22321607087652542,0.022269040207980928,0.647889974785686
(e),LCDF_07,VARIANT_LOW,9,D3_seed20600612,0.4140433687376443,0.08222231731733073,0.014095022117210722
(e),LCDF_07,VARIANT_LOW,29,D3_seed20600612,0.21128656719902006,0.01886018602095749,0.6700890614399495
(e),LCDF_07,VARIANT_LOW,17,D3_seed20600612,0.3432903285725749,0.05843802807652484,0.3150180808405503
(e),LCDF_07,VARIANT_LOW,14,D3_seed20600612,0.3716788070217649,0.06767176856714395,0.2038866391149028
(e),LCDF_07,VARIANT_LOW,25,D3_seed20600612,0.25812767324621383,0.03240725543664644,0.572164242050107
(e),LCDF_07,VARIANT_LOW,15,D3_seed20600612,0.36245268084310045,0.06463218275070161,0.2415317481900555
(e),LCDF_07,VARIANT_LOW,2,D3_seed20600612,0.46201865156116384,0.10046944681147596,0.2603568904811425
(e),LCDF_07,VARIANT_LOW,23,D3_seed20600612,0.280581103855849,0.03907193534963635,0.5146910686487158
(e),LCDF_07,VARIANT_LOW,24,D3_seed20600612,0.2694422161388739,0.03575036113104093,0.5440825217164336
(e),LCDF_07,VARIANT_LOW,18,D3_seed20600612,0.33336614424877675,0.055287190891452245,0.3506757739145107
(e),LCDF_07,VARIANT_LOW,11,D3_seed20600612,0.39787062813757684,0.0765386668282783,0.08859235724851924
(e),LCDF_07,VARIANT_LOW,6,D3_seed20600612,0.4362830125162892,0.09037216128521522,0.10817792423807149
(e),LCDF_07,VARIANT_LOW,22,D3_seed20600612,0.29153620388174006,0.042369972161087004,0.4840608721494773
(e),LCDF_07,VARIANT_LOW,8,D3_seed20600612,0.4217297664222647,0.08499068266782558,0.03125577551250173
(e),LCDF_07,VARIANT_LOW,26,D3_seed20600612,0.24664590935865555,0.02904463944201834,0.5988684372006878
(e),LCDF_07,VARIANT_LOW,12,D3_seed20600612,0.389392959009386,0.07362680383449437,0.12729150057053926
(e),LCDF_07,VARIANT_LOW,20,D3_seed20600612,0.31286395932795247,0.04888748881457641,0.4193832650438068
(e),LCDF_07,VARIANT_MAIN,19,D3_seed20600612,0.43097104926124025,0.06947087260477122,0.5139899836441201
(e),LCDF_07,VARIANT_MAIN,6,D3_seed20600612,0.5817081787204379,0.1204968458586302,0.14423910843503315
(e),LCDF_07,VARIANT_MAIN,4,D3_seed20600612,0.5996215016033989,0.1273819361416796,0.24679785592322642
(e),LCDF_07,VARIANT_MAIN,16,D3_seed20600612,0.47065849169836926,0.08207175151480033,0.37147578325272573
(e),LCDF_07,VARIANT_MAIN,30,D3_seed20600612,0.26564044694287997,0.02058730601306837,0.9208991570282827
(e),LCDF_07,VARIANT_MAIN,8,D3_seed20600612,0.5623068933179837,0.11332143599785556,0.04167946320592426
(e),LCDF_07,VARIANT_MAIN,31,D3_seed20600612,0.24940110700098547,0.016015316499272576,0.9461283883711419
(e),LCDF_07,VARIANT_MAIN,0,D3_seed20600612,0.6308631040354655,0.1402155992482702,0.4441995493894864
(e),LCDF_07,VARIANT_MAIN,17,D3_seed20600612,0.4577287618259495,0.07791756315427338,0.42002422862097566
(e),LCDF_07,VARIANT_MAIN,20,D3_seed20600612,0.41716062128614867,0.06518346118599501,0.5591777306184551
(e),LCDF_07,VARIANT_MAIN,11,D3_seed20600612,0.5304984317933504,0.1020519437508326,0.11812433945793832
(e),LCDF_07,VARIANT_MAIN,7,D3_seed20600612,0.5721913303964994,0.11694436710853594,0.09260805661823909
(e),LCDF_07,VARIANT_MAIN,22,D3_seed20600612,0.38872330254272897,0.05649342904196002,0.6454145140657654
(e),LCDF_07,VARIANT_MAIN,25,D3_seed20600612,0.3441774682205031,0.04320983956965514,0.76288565110151
(e),LCDF_07,VARIANT_MAIN,5,D3_seed20600612,0.5908529469046251,0.1239767337609828,0.19571768170579637
(e),LCDF_07,VARIANT_MAIN,26,D3_seed20600612,0.32886793919487234,0.03872638043736983,0.7984912393820423
(e),LCDF_07,VARIANT_MAIN,15,D3_seed20600612,0.48327772278686876,0.08617648829503699,0.32204256180286633
(e),LCDF_07,VARIANT_MAIN,2,D3_seed20600612,0.6160151916181489,0.13396013213596816,0.3471437095185174
(e),LCDF_07,VARIANT_MAIN,24,D3_seed20600612,0.3592639759300433,0.04766729511388366,0.7254433635248537
(e),LCDF_07,VARIANT_MAIN,21,D3_seed20600612,0.40307480270390483,0.06085677687965864,0.6030213145514169
(e),LCDF_07,VARIANT_MAIN,13,D3_seed20600612,0.5075536915857105,0.09422774705647098,0.2210272098976841
(e),LCDF_07,VARIANT_MAIN,18,D3_seed20600612,0.44449675066867095,0.07371642626658724,0.46756778610724903
(e),LCDF_07,VARIANT_MAIN,12,D3_seed20600612,0.5191958700156484,0.09816941940249996,0.16972271839790753
(e),LCDF_07,VARIANT_MAIN,27,D3_seed20600612,0.31334707094769126,0.034219636213881834,0.8321742035581088
(e),LCDF_07,VARIANT_MAIN,3,D3_seed20600612,0.6080100616256607,0.13071040338246953,0.2973189250622419
(e),LCDF_07,VARIANT_MAIN,23,D3_seed20600612,0.3741162053247572,0.05209605023676445,0.6862547669008743
(e),LCDF_07,VARIANT_MAIN,10,D3_seed20600612,0.5414550373604737,0.1058729820707197,0.06662385116383322
(e),LCDF_07,VARIANT_MAIN,9,D3_seed20600612,0.5520597218259397,0.10963023355783816,0.018803286870065637
(e),LCDF_07,VARIANT_MAIN,1,D3_seed20600612,0.6236337946492103,0.13712916651422705,0.3961446396432947
(e),LCDF_07,VARIANT_MAIN,28,D3_seed20600612,0.2976270038184705,0.029692349953474712,0.863853280971716
(e),LCDF_07,VARIANT_MAIN,29,D3_seed20600612,0.281720385933396,0.025147297104585808,0.893452059622567
(e),LCDF_07,VARIANT_MAIN,14,D3_seed20600612,0.4955786119785632,0.0902293005843504,0.2718491774395103
(e),LCDF_07,VARIANT_LOW,1,D3_seed20600613,0.41197501772076894,0.10284617372217031,0.29710762181467354
(e),LCDF_07,VARIANT_LOW,27,D3_seed20600613,0.1441897589100878,0.02566454980015489,0.6241306637353162
(e),LCDF_07,VARIANT_LOW,0,D3_seed20600613,0.41933225979744443,0.10516094796157598,0.33314882576344396
(e),LCDF_07,VARIANT_LOW,16,D3_seed20600613,0.2730561582687065,0.06155365107160684,0.2786067125801556
(e),LCDF_07,VARIANT_LOW,3,D3_seed20600613,0.3964926336797395,0.09803219757430208,0.222988250025306
(e),LCDF_07,VARIANT_LOW,7,D3_seed20600613,0.36255848728437295,0.08770784256371508,0.0694540955660351
(e),LCDF_07,VARIANT_LOW,10,D3_seed20600613,0.33464180797259596,0.07940441316958623,0.049966054642724314
(e),LCDF_07,VARIANT_LOW,19,D3_seed20600613,0.23970745205319033,0.052103038131718044,0.38549244067521293
(e),LCDF_07,VARIANT_LOW,21,D3_seed20600613,0.21665099864080486,0.045642481283789664,0.4522659639220729
(e),LCDF_07,VARIANT_LOW,5,D3_seed20600613,0.38001000613778296,0.09298203502350207,0.14678710015688998
(e),LCDF_07,VARIANT_LOW,30,D3_seed20600613,0.10651131345262613,0.015440096674250961,0.6906743868962157
(e),LCDF_07,VARIANT_LOW,4,D3_seed20600613,0.3883744723766452,0.09553589283469203,0.18509736620143913
(e),LCDF_07,VARIANT_LOW,31,D3_seed20600613,0.09379583454925049,0.012010951582548144,0.7095963125788368
(e),LCDF_07,VARIANT_LOW,13,D3_seed20600613,0.30475731375740867,0.07067057764024773,0.1657700538389413
(e),LCDF_07,VARIANT_LOW,28,D3_seed20600613,0.13171760398084903,0.022269040207980928,0.647889974785686
(e),LCDF_07,VARIANT_LOW,9,D3_seed20600613,0.3441729523711068,0.08222231731733073,0.014095022117210722
(e),LCDF_07,VARIANT_LOW,29,D3_seed20600613,0.11915516211867587,0.01886018602095749,0.6700890614399495
(e),LCDF_07,VARIANT_LOW,17,D3_seed20600613,0.26211412815297924,0.05843802807652484,0.3150180808405503
(e),LCDF_07,VARIANT_LOW,14,D3_seed20600613,0.29438412600010894,0.06767176856714395,0.2038866391149028
(e),LCDF_07,VARIANT_LOW,25,D3_seed20600613,0.1688285719332034,0.03240725543664644,0.572164242050107
(e),LCDF_07,VARIANT_LOW,15,D3_seed20600613,0.2838149853155905,0.06463218275070161,0.2415317481900555
(e),LCDF_07,VARIANT_LOW,2,D3_seed20600613,0.40436068058699676,0.10046944681147596,0.2603568904811425
(e),LCDF_07,VARIANT_LOW,23,D3_seed20600613,0.1930039764230758,0.03907193534963635,0.5146910686487158
(e),LCDF_07,VARIANT_LOW,24,D3_seed20600613,0.1809783243449436,0.03575036113104093,0.5440825217164336
(e),LCDF_07,VARIANT_LOW,18,D3_seed20600613,0.25099559117515086,0.055287190891452245,0.3506757739145107
(e),LCDF_07,VARIANT_LOW,11,D3_seed20600613,0.32489186657664776,0.0765386668282783,0.08859235724851924
(e),LCDF_07,VARIANT_LOW,6,D3_seed20600613,0.37140326195409207,0.09037216128521522,0.10817792423807149
(e),LCDF_07,VARIANT_LOW,22,D3_seed20600613,0.2048974894632819,0.042369972161087004,0.4840608721494773
(e),LCDF_07,VARIANT_LOW,8,D3_seed20600613,0.35348015242968145,0.08499068266782558,0.03125577551250173
(e),LCDF_07,VARIANT_LOW,26,D3_seed20600613,0.15656292631396385,0.02904463944201834,0.5988684372006878
(e),LCDF_07,VARIANT_LOW,12,D3_seed20600613,0.3149285019763904,0.07362680383449437,0.12729150057053926
(e),LCDF_07,VARIANT_LOW,20,D3_seed20600613,0.2282568190760671,0.04888748881457641,0.4193832650438068
(e),LCDF_07,VARIANT_MAIN,19,D3_seed20600613,0.31961819255575996,0.06947087260477122,0.5139899836441201
(e),LCDF_07,VARIANT_MAIN,6,D3_seed20600613,0.49521250981999576,0.1204968458586302,0.14423910843503315
(e),LCDF_07,VARIANT_MAIN,4,D3_seed20600613,0.5178395411684198,0.1273819361416796,0.24679785592322642
(e),LCDF_07,VARIANT_MAIN,16,D3_seed20600613,0.3640842399511007,0.08207175151480033,0.37147578325272573
(e),LCDF_07,VARIANT_MAIN,30,D3_seed20600613,0.14201743263668443,0.02058730601306837,0.9208991570282827
(e),LCDF_07,VARIANT_MAIN,8,D3_seed20600613,0.4713159459580759,0.11332143599785556,0.04167946320592426
(e),LCDF_07,VARIANT_MAIN,31,D3_seed20600613,0.1250632185012094,0.016015316499272576,0.9461283883711419
(e),LCDF_07,VARIANT_MAIN,0,D3_seed20600613,0.5591131867000976,0.1402155992482702,0.4441995493894864
(e),LCDF_07,VARIANT_MAIN,17,D3_seed20600613,0.3494945578205372,0.07791756315427338,0.42002422862097566
(e),LCDF_07,VARIANT_MAIN,20,D3_seed20600613,0.304350206695833,0.06518346118599501,0.5591777306184551
(e),LCDF_07,VARIANT_MAIN,11,D3_seed20600613,0.4331989589040715,0.1020519437508326,0.11812433945793832
(e),LCDF_07,VARIANT_MAIN,7,D3_seed20600613,0.48341997732167713,0.11694436710853594,0.09260805661823909
(e),LCDF_07,VARIANT_MAIN,22,D3_seed20600613,0.2732033681295655,0.05649342904196002,0.6454145140657654
(e),LCDF_07,VARIANT_MAIN,25,D3_seed20600613,0.22510972429472664,0.04320983956965514,0.76288565110151
(e),LCDF_07,VARIANT_MAIN,5,D3_seed20600613,0.506687584744667,0.1239767337609828,0.19571768170579637
(e),LCDF_07,VARIANT_MAIN,26,D3_seed20600613,0.20875494415815188,0.03872638043736983,0.7984912393820423
(e),LCDF_07,VARIANT_MAIN,15,D3_seed20600613,0.37842958366996304,0.08617648829503699,0.32204256180286633
(e),LCDF_07,VARIANT_MAIN,2,D3_seed20600613,0.5391529238686422,0.13396013213596816,0.3471437095185174
(e),LCDF_07,VARIANT_MAIN,24,D3_seed20600613,0.24130998658410457,0.04766729511388366,0.7254433635248537
(e),LCDF_07,VARIANT_MAIN,21,D3_seed20600613,0.28887526304047595,0.06085677687965864,0.6030213145514169
(e),LCDF_07,VARIANT_MAIN,13,D3_seed20600613,0.4063529483818077,0.09422774705647098,0.2210272098976841
(e),LCDF_07,VARIANT_MAIN,18,D3_seed20600613,0.3346694711602418,0.07371642626658724,0.46756778610724903
(e),LCDF_07,VARIANT_MAIN,12,D3_seed20600613,0.41991454417308677,0.09816941940249996,0.16972271839790753
(e),LCDF_07,VARIANT_MAIN,27,D3_seed20600613,0.19225681975036474,0.034219636213881834,0.8321742035581088
(e),LCDF_07,VARIANT_MAIN,3,D3_seed20600613,0.5286630127659028,0.13071040338246953,0.2973189250622419
(e),LCDF_07,VARIANT_MAIN,23,D3_seed20600613,0.25734477733560907,0.05209605023676445,0.6862547669008743
(e),LCDF_07,VARIANT_MAIN,10,D3_seed20600613,0.4461987245088208,0.1058729820707197,0.06662385116383322
(e),LCDF_07,VARIANT_MAIN,9,D3_seed20600613,0.4589066747243432,0.10963023355783816,0.018803286870065637
(e),LCDF_07,VARIANT_MAIN,1,D3_seed20600613,0.5493044848422505,0.13712916651422705,0.3961446396432947
(e),LCDF_07,VARIANT_MAIN,28,D3_seed20600613,0.175626742815664,0.029692349953474712,0.863853280971716
(e),LCDF_07,VARIANT_MAIN,29,D3_seed20600613,0.15887632828564688,0.025147297104585808,0.893452059622567
(e),LCDF_07,VARIANT_MAIN,14,D3_seed20600613,0.39252193968315136,0.0902293005843504,0.2718491774395103
(f),LCDF_08,VARIANT_LOW,26,D1_seed20600611,0.2867518165848708,0.1205307275550942,0.2428924222460559
(f),LCDF_08,VARIANT_LOW,14,D1_seed20600611,1.5311115370842074,0.5546778455214632,1.0070425491045278
(f),LCDF_08,VARIANT_LOW,31,D1_seed20600611,0.25878352126130116,0.06565027834555963,0.0882038874125606
(f),LCDF_08,VARIANT_LOW,18,D1_seed20600611,1.1246690871036062,0.4134767293606004,0.7586968449056724
(f),LCDF_08,VARIANT_LOW,13,D1_seed20600611,1.6306005120496645,0.5891957122708398,1.067709411915972
(f),LCDF_08,VARIANT_LOW,1,D1_seed20600611,2.7317905484550815,0.9700241762916848,1.7355843907124728
(f),LCDF_08,VARIANT_LOW,10,D1_seed20600611,1.9229832409578291,0.6905381726309808,1.2457132621801363
(f),LCDF_08,VARIANT_LOW,24,D1_seed20600611,0.4971955039654655,0.1946467490802512,0.37338721649425743
(f),LCDF_08,VARIANT_LOW,28,D1_seed20600611,0.08792641507429344,0.04612865384871562,0.1123442282853062
(f),LCDF_08,VARIANT_LOW,0,D1_seed20600611,2.814139326382846,0.9983971915309097,1.7852099337727025
(f),LCDF_08,VARIANT_LOW,7,D1_seed20600611,2.204993328558961,0.7881391610374726,1.4169734122010234
(f),LCDF_08,VARIANT_LOW,6,D1_seed20600611,2.2964227634470555,0.8197493289988731,1.4723995802912198
(f),LCDF_08,VARIANT_LOW,30,D1_seed20600611,0.1563137606517077,0.028413647498851984,0.027167617425287807
(f),LCDF_08,VARIANT_LOW,23,D1_seed20600611,0.6026271516900579,0.23154038921927628,0.43836792835824334
(f),LCDF_08,VARIANT_LOW,19,D1_seed20600611,1.0212618619821157,0.3775003611036224,0.6953800641704172
(f),LCDF_08,VARIANT_LOW,4,D1_seed20600611,2.4750866943279934,0.8814697616551831,1.5805597011876473
(f),LCDF_08,VARIANT_LOW,11,D1_seed20600611,1.8265965913902227,0.657146340737327,1.187080872077287
(f),LCDF_08,VARIANT_LOW,15,D1_seed20600611,1.430710487706241,0.5198259279516648,0.9457704626826925
(f),LCDF_08,VARIANT_LOW,3,D1_seed20600611,2.5622129661673094,0.9115428456223377,1.6332284189144863
(f),LCDF_08,VARIANT_LOW,22,D1_seed20600611,0.707865050379111,0.2682946835501048,0.5031010400523155
(f),LCDF_08,VARIANT_LOW,25,D1_seed20600611,0.391770129050889,0.15763604897698683,0.308208432780151
(f),LCDF_08,VARIANT_LOW,12,D1_seed20600611,1.729115757157354,0.6233587366433774,1.1277342944919873
(f),LCDF_08,VARIANT_LOW,20,D1_seed20600611,0.917273636651129,0.3412966681637696,0.6316485117207061
(f),LCDF_08,VARIANT_LOW,9,D1_seed20600611,2.018216803126193,0.7235141185894953,1.303596038021419
(f),LCDF_08,VARIANT_LOW,16,D1_seed20600611,1.3294601094158558,0.48466095235129547,0.8839303355065172
(f),LCDF_08,VARIANT_LOW,2,D1_seed20600611,2.647798170628327,0.9410669125985043,1.684913703017182
(f),LCDF_08,VARIANT_LOW,21,D1_seed20600611,0.8127801030160656,0.30488746242036746,0.5675419415134328
(f),LCDF_08,VARIANT_LOW,17,D1_seed20600611,1.2274244310764804,0.4492041002456335,0.8215597785421024
(f),LCDF_08,VARIANT_LOW,5,D1_seed20600611,2.3864720748609414,0.8508657773889029,1.5269393091243677
(f),LCDF_08,VARIANT_LOW,8,D1_seed20600611,2.1122392304356294,0.7560543151455431,1.3606942439612666
(f),LCDF_08,VARIANT_LOW,27,D1_seed20600611,0.18331204933289866,0.08335354679778104,0.17753195121026352
(f),LCDF_08,VARIANT_LOW,29,D1_seed20600611,0.0683531957508334,0.008909660076143352,0.048509203702934225
(f),LCDF_08,VARIANT_MAIN,9,D1_seed20600611,2.690971345518002,0.964691826121309,1.738133571900994
(f),LCDF_08,VARIANT_MAIN,10,D1_seed20600611,2.5639910299772666,0.9207230832121627,1.6609558363520467
(f),LCDF_08,VARIANT_MAIN,31,D1_seed20600611,0.34504494701283045,0.08753370705256813,0.11760518490921035
(f),LCDF_08,VARIANT_MAIN,4,D1_seed20600611,3.300145126005343,1.1753043708281177,2.1074227585171394
(f),LCDF_08,VARIANT_MAIN,5,D1_seed20600611,3.181989155452881,1.1344979316398311,2.0359279388228533
(f),LCDF_08,VARIANT_MAIN,6,D1_seed20600611,3.0619204382303575,1.0930082668854237,1.9632073870563798
(f),LCDF_08,VARIANT_MAIN,3,D1_seed20600611,3.4163168034331535,1.2154030008656103,2.177648727605097
(f),LCDF_08,VARIANT_MAIN,14,D1_seed20600611,2.0414883360639267,0.7395733547039323,1.3427259514446142
(f),LCDF_08,VARIANT_MAIN,22,D1_seed20600611,0.9438199772958752,0.3577265916699744,0.67080170915757
(f),LCDF_08,VARIANT_MAIN,12,D1_seed20600611,2.3054971434695393,0.831149063607165,1.5036493060095102
(f),LCDF_08,VARIANT_MAIN,8,D1_seed20600611,2.816337001088092,1.0080796338343663,1.8142652682852778
(f),LCDF_08,VARIANT_MAIN,0,D1_seed20600611,3.7522295121324474,1.3312126712475456,2.380294052234518
(f),LCDF_08,VARIANT_MAIN,29,D1_seed20600611,0.0911381849243782,0.011879546799834636,0.0646789387131789
(f),LCDF_08,VARIANT_MAIN,17,D1_seed20600611,1.636568708206245,0.5989403579007994,1.095414427975912
(f),LCDF_08,VARIANT_MAIN,30,D1_seed20600611,0.20841875559441148,0.03788486340234302,0.036223489960080076
(f),LCDF_08,VARIANT_MAIN,16,D1_seed20600611,1.7726172784322718,0.6462165496020724,1.1785755099154749
(f),LCDF_08,VARIANT_MAIN,13,D1_seed20600611,2.174141803799952,0.7855977399252035,1.4236155893855844
(f),LCDF_08,VARIANT_MAIN,28,D1_seed20600611,0.11723512909563352,0.061504874478866135,0.14979230846143907
(f),LCDF_08,VARIANT_MAIN,2,D1_seed20600611,3.530433888066367,1.2547696637599934,2.2465634982669225
(f),LCDF_08,VARIANT_MAIN,21,D1_seed20600611,1.0837070445252432,0.4065171191390134,0.7567230501421119
(f),LCDF_08,VARIANT_MAIN,18,D1_seed20600611,1.499560736677163,0.5513035276698894,1.0115968892654434
(f),LCDF_08,VARIANT_MAIN,23,D1_seed20600611,0.8035025472947196,0.30872074574507335,0.5844907853050381
(f),LCDF_08,VARIANT_MAIN,1,D1_seed20600611,3.6424273598014962,1.293380641676948,2.3141255177072573
(f),LCDF_08,VARIANT_MAIN,25,D1_seed20600611,0.5223596677504998,0.21018147429860914,0.41094465254139256
(f),LCDF_08,VARIANT_MAIN,26,D1_seed20600611,0.3823352687914893,0.16070767233669783,0.32385660047513415
(f),LCDF_08,VARIANT_MAIN,19,D1_seed20600611,1.3616837343708619,0.5033347511521497,0.9271742641013566
(f),LCDF_08,VARIANT_MAIN,7,D1_seed20600611,2.940011736701496,1.0508603709245816,1.8893049680151275
(f),LCDF_08,VARIANT_MAIN,27,D1_seed20600611,0.2444156884996044,0.11113807528785426,0.2367092833187489
(f),LCDF_08,VARIANT_MAIN,20,D1_seed20600611,1.223032199590213,0.45506292199306336,0.8421986502866128
(f),LCDF_08,VARIANT_MAIN,24,D1_seed20600611,0.6629268852742557,0.259529136623785,0.4978497550930689
(f),LCDF_08,VARIANT_MAIN,11,D1_seed20600611,2.435473450788331,0.876199889735948,1.582778669239759
(f),LCDF_08,VARIANT_MAIN,15,D1_seed20600611,1.9076189426854937,0.6931036284480109,1.2610293997645459
(f),LCDF_08,VARIANT_LOW,26,D1_seed20600612,0.30322019527451627,0.1205307275550942,0.2428924222460559
(f),LCDF_08,VARIANT_LOW,14,D1_seed20600612,1.550957964090357,0.5546778455214632,1.0070425491045278
(f),LCDF_08,VARIANT_LOW,31,D1_seed20600612,0.23947245122526184,0.06565027834555963,0.0882038874125606
(f),LCDF_08,VARIANT_LOW,18,D1_seed20600612,1.1440355395232622,0.4134767293606004,0.7586968449056724
(f),LCDF_08,VARIANT_LOW,13,D1_seed20600612,1.6505252670890682,0.5891957122708398,1.067709411915972
(f),LCDF_08,VARIANT_LOW,1,D1_seed20600612,2.75156630612254,0.9700241762916848,1.7355843907124728
(f),LCDF_08,VARIANT_LOW,10,D1_seed20600612,1.9430542528183672,0.6905381726309808,1.2457132621801363
(f),LCDF_08,VARIANT_LOW,24,D1_seed20600612,0.5150107945244906,0.1946467490802512,0.37338721649425743
(f),LCDF_08,VARIANT_LOW,28,D1_seed20600612,0.09707775247675354,0.04612865384871562,0.1123442282853062
(f),LCDF_08,VARIANT_LOW,0,D1_seed20600612,2.833817859029478,0.9983971915309097,1.7852099337727025
(f),LCDF_08,VARIANT_LOW,7,D1_seed20600612,2.2250847157038267,0.7881391610374726,1.4169734122010234
(f),LCDF_08,VARIANT_LOW,6,D1_seed20600612,2.316494037271284,0.8197493289988731,1.4723995802912198
(f),LCDF_08,VARIANT_LOW,30,D1_seed20600612,0.13592445228344813,0.028413647498851984,0.027167617425287807
(f),LCDF_08,VARIANT_LOW,23,D1_seed20600612,0.6208349078309343,0.23154038921927628,0.43836792835824334
(f),LCDF_08,VARIANT_LOW,19,D1_seed20600612,1.0404596866538944,0.3775003611036224,0.6953800641704172
(f),LCDF_08,VARIANT_LOW,4,D1_seed20600612,2.4950783601642015,0.8814697616551831,1.5805597011876473
(f),LCDF_08,VARIANT_LOW,11,D1_seed20600612,1.846633216108045,0.657146340737327,1.187080872077287
(f),LCDF_08,VARIANT_LOW,15,D1_seed20600612,1.4504628904370216,0.5198259279516648,0.9457704626826925
(f),LCDF_08,VARIANT_LOW,3,D1_seed20600612,2.582145406368772,0.9115428456223377,1.6332284189144863
(f),LCDF_08,VARIANT_LOW,22,D1_seed20600612,0.7263858685744528,0.2682946835501048,0.5031010400523155
(f),LCDF_08,VARIANT_LOW,25,D1_seed20600612,0.4090554303647312,0.15763604897698683,0.308208432780151
(f),LCDF_08,VARIANT_LOW,12,D1_seed20600612,1.7491037539584682,0.6233587366433774,1.1277342944919873
(f),LCDF_08,VARIANT_LOW,20,D1_seed20600612,0.9362782158586991,0.3412966681637696,0.6316485117207061
(f),LCDF_08,VARIANT_LOW,9,D1_seed20600612,2.0383082531955337,0.7235141185894953,1.303596038021419
(f),LCDF_08,VARIANT_LOW,16,D1_seed20600612,1.3491019814666634,0.48466095235129547,0.8839303355065172
(f),LCDF_08,VARIANT_LOW,2,D1_seed20600612,2.6676586023651425,0.9410669125985043,1.684913703017182
(f),LCDF_08,VARIANT_LOW,21,D1_seed20600612,0.8315617589987934,0.30488746242036746,0.5675419415134328
(f),LCDF_08,VARIANT_LOW,17,D1_seed20600612,1.2469381648140305,0.4492041002456335,0.8215597785421024
(f),LCDF_08,VARIANT_LOW,5,D1_seed20600612,2.4065100616277757,0.8508657773889029,1.5269393091243677
(f),LCDF_08,VARIANT_LOW,8,D1_seed20600612,2.132337402196124,0.7560543151455431,1.3606942439612666
(f),LCDF_08,VARIANT_LOW,27,D1_seed20600612,0.19815676246810981,0.08335354679778104,0.17753195121026352
(f),LCDF_08,VARIANT_LOW,29,D1_seed20600612,0.049882942019656075,0.008909660076143352,0.048509203702934225
(f),LCDF_08,VARIANT_MAIN,9,D1_seed20600612,2.7177603897320313,0.964691826121309,1.738133571900994
(f),LCDF_08,VARIANT_MAIN,10,D1_seed20600612,2.590752815520852,0.9207230832121627,1.6609558363520467
(f),LCDF_08,VARIANT_MAIN,31,D1_seed20600612,0.31929665911702215,0.08753370705256813,0.11760518490921035
(f),LCDF_08,VARIANT_MAIN,4,D1_seed20600612,3.3268011372098685,1.1753043708281177,2.1074227585171394
(f),LCDF_08,VARIANT_MAIN,5,D1_seed20600612,3.2087069278514675,1.1344979316398311,2.0359279388228533
(f),LCDF_08,VARIANT_MAIN,6,D1_seed20600612,3.08868259240113,1.0930082668854237,1.9632073870563798
(f),LCDF_08,VARIANT_MAIN,3,D1_seed20600612,3.442893846254405,1.2154030008656103,2.177648727605097
(f),LCDF_08,VARIANT_MAIN,14,D1_seed20600612,2.067950647995706,0.7395733547039323,1.3427259514446142
(f),LCDF_08,VARIANT_MAIN,22,D1_seed20600612,0.9685147293676417,0.3577265916699744,0.67080170915757
(f),LCDF_08,VARIANT_MAIN,12,D1_seed20600612,2.3321482292861853,0.831149063607165,1.5036493060095102
(f),LCDF_08,VARIANT_MAIN,8,D1_seed20600612,2.843135013286897,1.0080796338343663,1.8142652682852778
(f),LCDF_08,VARIANT_MAIN,0,D1_seed20600612,3.778468003532478,1.3312126712475456,2.380294052234518
(f),LCDF_08,VARIANT_MAIN,29,D1_seed20600612,0.06651082289092783,0.011879546799834636,0.0646789387131789
(f),LCDF_08,VARIANT_MAIN,17,D1_seed20600612,1.662587405045296,0.5989403579007994,1.095414427975912
(f),LCDF_08,VARIANT_MAIN,30,D1_seed20600612,0.18123272498101328,0.03788486340234302,0.036223489960080076
(f),LCDF_08,VARIANT_MAIN,16,D1_seed20600612,1.7988068350940534,0.6462165496020724,1.1785755099154749
(f),LCDF_08,VARIANT_MAIN,13,D1_seed20600612,2.2007085597439477,0.7855977399252035,1.4236155893855844
(f),LCDF_08,VARIANT_MAIN,28,D1_seed20600612,0.12943688457242034,0.061504874478866135,0.14979230846143907
(f),LCDF_08,VARIANT_MAIN,2,D1_seed20600612,3.5569149178230046,1.2547696637599934,2.2465634982669225
(f),LCDF_08,VARIANT_MAIN,21,D1_seed20600612,1.108749594237075,0.4065171191390134,0.7567230501421119
(f),LCDF_08,VARIANT_MAIN,18,D1_seed20600612,1.5253830489221278,0.5513035276698894,1.0115968892654434
(f),LCDF_08,VARIANT_MAIN,23,D1_seed20600612,0.8277798717921512,0.30872074574507335,0.5844907853050381
(f),LCDF_08,VARIANT_MAIN,1,D1_seed20600612,3.6687954881232105,1.293380641676948,2.3141255177072573
(f),LCDF_08,VARIANT_MAIN,25,D1_seed20600612,0.5454070046786282,0.21018147429860914,0.41094465254139256
(f),LCDF_08,VARIANT_MAIN,26,D1_seed20600612,0.4042933433984127,0.16070767233669783,0.32385660047513415
(f),LCDF_08,VARIANT_MAIN,19,D1_seed20600612,1.387281199286349,0.5033347511521497,0.9271742641013566
(f),LCDF_08,VARIANT_MAIN,7,D1_seed20600612,2.9668007067322306,1.0508603709245816,1.8893049680151275
(f),LCDF_08,VARIANT_MAIN,27,D1_seed20600612,0.26420879099332334,0.11113807528785426,0.2367092833187489
(f),LCDF_08,VARIANT_MAIN,20,D1_seed20600612,1.2483719926247434,0.45506292199306336,0.8421986502866128
(f),LCDF_08,VARIANT_MAIN,24,D1_seed20600612,0.6866808997166466,0.259529136623785,0.4978497550930689
(f),LCDF_08,VARIANT_MAIN,11,D1_seed20600612,2.462189380621552,0.876199889735948,1.582778669239759
(f),LCDF_08,VARIANT_MAIN,15,D1_seed20600612,1.9339558816011193,0.6931036284480109,1.2610293997645459
(f),LCDF_08,VARIANT_LOW,26,D1_seed20600613,0.29907460695646054,0.1205307275550942,0.2428924222460559
(f),LCDF_08,VARIANT_LOW,14,D1_seed20600613,1.5434926165002458,0.5546778455214632,1.0070425491045278
(f),LCDF_08,VARIANT_LOW,31,D1_seed20600613,0.24387161927200654,0.06565027834555963,0.0882038874125606
(f),LCDF_08,VARIANT_LOW,18,D1_seed20600613,1.1374619822770922,0.4134767293606004,0.7586968449056724
(f),LCDF_08,VARIANT_LOW,13,D1_seed20600613,1.6428521320840745,0.5891957122708398,1.067709411915972
(f),LCDF_08,VARIANT_LOW,1,D1_seed20600613,2.7418460179871555,0.9700241762916848,1.7355843907124728
(f),LCDF_08,VARIANT_LOW,10,D1_seed20600613,1.934791925971589,0.6905381726309808,1.2457132621801363
(f),LCDF_08,VARIANT_LOW,24,D1_seed20600613,0.5100577577974681,0.1946467490802512,0.37338721649425743
(f),LCDF_08,VARIANT_LOW,28,D1_seed20600613,0.09539391883611081,0.04612865384871562,0.1123442282853062
(f),LCDF_08,VARIANT_LOW,0,D1_seed20600613,2.8239652452800144,0.9983971915309097,1.7852099337727025
(f),LCDF_08,VARIANT_LOW,7,D1_seed20600613,2.216284154161085,0.7881391610374726,1.4169734122010234
(f),LCDF_08,VARIANT_LOW,6,D1_seed20600613,2.3075255079808517,0.8197493289988731,1.4723995802912198
(f),LCDF_08,VARIANT_LOW,30,D1_seed20600613,0.14105215055100645,0.028413647498851984,0.027167617425287807
(f),LCDF_08,VARIANT_LOW,23,D1_seed20600613,0.6155674965734911,0.23154038921927628,0.43836792835824334
(f),LCDF_08,VARIANT_LOW,19,D1_seed20600613,1.0341261252792109,0.3775003611036224,0.6953800641704172
(f),LCDF_08,VARIANT_LOW,4,D1_seed20600613,2.485791340137081,0.8814697616551831,1.5805597011876473
(f),LCDF_08,VARIANT_LOW,11,D1_seed20600613,1.838561635980601,0.657146340737327,1.187080872077287
(f),LCDF_08,VARIANT_LOW,15,D1_seed20600613,1.4432111678050412,0.5198259279516648,0.9457704626826925
(f),LCDF_08,VARIANT_LOW,3,D1_seed20600613,2.5727079753655198,0.9115428456223377,1.6332284189144863
(f),LCDF_08,VARIANT_LOW,22,D1_seed20600613,0.7208301122401687,0.2682946835501048,0.5031010400523155
(f),LCDF_08,VARIANT_LOW,25,D1_seed20600613,0.4044611197327204,0.15763604897698683,0.308208432780151
(f),LCDF_08,VARIANT_LOW,12,D1_seed20600613,1.741228561913652,0.6233587366433774,1.1277342944919873
(f),LCDF_08,VARIANT_LOW,20,D1_seed20600613,0.9301930357682918,0.3412966681637696,0.6316485117207061
(f),LCDF_08,VARIANT_LOW,9,D1_seed20600613,2.0298608271821688,0.7235141185894953,1.303596038021419
(f),LCDF_08,VARIANT_LOW,16,D1_seed20600613,1.3420698974417753,0.48466095235129547,0.8839303355065172
(f),LCDF_08,VARIANT_LOW,2,D1_seed20600613,2.6580767285757294,0.9410669125985043,1.684913703017182
(f),LCDF_08,VARIANT_LOW,21,D1_seed20600613,0.8257349584428525,0.30488746242036746,0.5675419415134328
(f),LCDF_08,VARIANT_LOW,17,D1_seed20600613,1.2401319826803356,0.4492041002456335,0.8215597785421024
(f),LCDF_08,VARIANT_LOW,5,D1_seed20600613,2.3973793613591656,0.8508657773889029,1.5269393091243677
(f),LCDF_08,VARIANT_LOW,8,D1_seed20600613,2.123710555455943,0.7560543151455431,1.3606942439612666
(f),LCDF_08,VARIANT_LOW,27,D1_seed20600613,0.19469972155650633,0.08335354679778104,0.17753195121026352
(f),LCDF_08,VARIANT_LOW,29,D1_seed20600613,0.05559756430057723,0.008909660076143352,0.048509203702934225
(f),LCDF_08,VARIANT_MAIN,9,D1_seed20600613,2.7064974290712835,0.964691826121309,1.738133571900994
(f),LCDF_08,VARIANT_MAIN,10,D1_seed20600613,2.579736657941638,0.9207230832121627,1.6609558363520467
(f),LCDF_08,VARIANT_MAIN,31,D1_seed20600613,0.3251624524178638,0.08753370705256813,0.11760518490921035
(f),LCDF_08,VARIANT_MAIN,4,D1_seed20600613,3.3144186992651226,1.1753043708281177,2.1074227585171394
(f),LCDF_08,VARIANT_MAIN,5,D1_seed20600613,3.1965329206120963,1.1344979316398311,2.0359279388228533
(f),LCDF_08,VARIANT_MAIN,6,D1_seed20600613,3.076724816869217,1.0930082668854237,1.9632073870563798
(f),LCDF_08,VARIANT_MAIN,3,D1_seed20600613,3.430310855367192,1.2154030008656103,2.177648727605097
(f),LCDF_08,VARIANT_MAIN,14,D1_seed20600613,2.0579971265946315,0.7395733547039323,1.3427259514446142
(f),LCDF_08,VARIANT_MAIN,22,D1_seed20600613,0.9611072097590817,0.3577265916699744,0.67080170915757
(f),LCDF_08,VARIANT_MAIN,12,D1_seed20600613,2.3216482526044673,0.831149063607165,1.5036493060095102
(f),LCDF_08,VARIANT_MAIN,8,D1_seed20600613,2.8316328212095216,1.0080796338343663,1.8142652682852778
(f),LCDF_08,VARIANT_MAIN,0,D1_seed20600613,3.7653314171817343,1.3312126712475456,2.380294052234518
(f),LCDF_08,VARIANT_MAIN,29,D1_seed20600613,0.0741304396611634,0.011879546799834636,0.0646789387131789
(f),LCDF_08,VARIANT_MAIN,17,D1_seed20600613,1.6535127424667773,0.5989403579007994,1.095414427975912
(f),LCDF_08,VARIANT_MAIN,30,D1_seed20600613,0.18806987026302732,0.03788486340234302,0.036223489960080076
(f),LCDF_08,VARIANT_MAIN,16,D1_seed20600613,1.7894309880192267,0.6462165496020724,1.1785755099154749
(f),LCDF_08,VARIANT_MAIN,13,D1_seed20600613,2.1904779916877444,0.7855977399252035,1.4236155893855844
(f),LCDF_08,VARIANT_MAIN,28,D1_seed20600613,0.12719178829632388,0.061504874478866135,0.14979230846143907
(f),LCDF_08,VARIANT_MAIN,2,D1_seed20600613,3.544139330978911,1.2547696637599934,2.2465634982669225
(f),LCDF_08,VARIANT_MAIN,21,D1_seed20600613,1.1009807003765038,0.4065171191390134,0.7567230501421119
(f),LCDF_08,VARIANT_MAIN,18,D1_seed20600613,1.5166185352391768,0.5513035276698894,1.0115968892654434
(f),LCDF_08,VARIANT_MAIN,23,D1_seed20600613,0.8207567938222355,0.30872074574507335,0.5844907853050381
(f),LCDF_08,VARIANT_MAIN,1,D1_seed20600613,3.655835342656086,1.293380641676948,2.3141255177072573
(f),LCDF_08,VARIANT_MAIN,25,D1_seed20600613,0.5392813371540245,0.21018147429860914,0.41094465254139256
(f),LCDF_08,VARIANT_MAIN,26,D1_seed20600613,0.3987659374091266,0.16070767233669783,0.32385660047513415
(f),LCDF_08,VARIANT_MAIN,19,D1_seed20600613,1.3788366619554477,0.5033347511521497,0.9271742641013566
(f),LCDF_08,VARIANT_MAIN,7,D1_seed20600613,2.9550668913014073,1.0508603709245816,1.8893049680151275
(f),LCDF_08,VARIANT_MAIN,27,D1_seed20600613,0.2595994284887976,0.11113807528785426,0.2367092833187489
(f),LCDF_08,VARIANT_MAIN,20,D1_seed20600613,1.2402586117313081,0.45506292199306336,0.8421986502866128
(f),LCDF_08,VARIANT_MAIN,24,D1_seed20600613,0.6800769677598673,0.259529136623785,0.4978497550930689
(f),LCDF_08,VARIANT_MAIN,11,D1_seed20600613,2.451427553070628,0.876199889735948,1.582778669239759
(f),LCDF_08,VARIANT_MAIN,15,D1_seed20600613,1.9242871893453186,0.6931036284480109,1.2610293997645459
(f),LCDF_08,VARIANT_LOW,26,D2_seed20600611,0.3074970892281774,0.1205307275550942,0.2428924222460559
(f),LCDF_08,VARIANT_LOW,14,D2_seed20600611,1.5529788090996555,0.5546778455214632,1.0070425491045278
(f),LCDF_08,VARIANT_LOW,31,D2_seed20600611,0.23333907043251034,0.06565027834555963,0.0882038874125606
(f),LCDF_08,VARIANT_LOW,18,D2_seed20600611,1.1469344140184796,0.4134767293606004,0.7586968449056724
(f),LCDF_08,VARIANT_LOW,13,D2_seed20600611,1.6523206697109527,0.5891957122708398,1.067709411915972
(f),LCDF_08,VARIANT_LOW,1,D2_seed20600611,2.7505793750151284,0.9700241762916848,1.7355843907124728
(f),LCDF_08,VARIANT_LOW,10,D2_seed20600611,1.9441637889393604,0.6905381726309808,1.2457132621801363
(f),LCDF_08,VARIANT_LOW,24,D2_seed20600611,0.519070282515914,0.1946467490802512,0.37338721649425743
(f),LCDF_08,VARIANT_LOW,28,D2_seed20600611,0.10043395976918588,0.04612865384871562,0.1123442282853062
(f),LCDF_08,VARIANT_LOW,0,D2_seed20600611,2.83259811069448,0.9983971915309097,1.7852099337727025
(f),LCDF_08,VARIANT_LOW,7,D2_seed20600611,2.2254986327746984,0.7881391610374726,1.4169734122010234
(f),LCDF_08,VARIANT_LOW,6,D2_seed20600611,2.316674807453236,0.8197493289988731,1.4723995802912198
(f),LCDF_08,VARIANT_LOW,30,D2_seed20600611,0.12978740766222083,0.028413647498851984,0.027167617425287807
(f),LCDF_08,VARIANT_LOW,23,D2_seed20600611,0.6247284499140491,0.23154038921927628,0.43836792835824334
(f),LCDF_08,VARIANT_LOW,19,D2_seed20600611,1.043569932691816,0.3775003611036224,0.6953800641704172
(f),LCDF_08,VARIANT_LOW,4,D2_seed20600611,2.4947919556225284,0.8814697616551831,1.5805597011876473
(f),LCDF_08,VARIANT_LOW,11,D2_seed20600611,1.8479727345801928,0.657146340737327,1.187080872077287
(f),LCDF_08,VARIANT_LOW,15,D2_seed20600611,1.4527071554115376,0.5198259279516648,0.9457704626826925
(f),LCDF_08,VARIANT_LOW,3,D2_seed20600611,2.5816253023788494,0.9115428456223377,1.6332284189144863
(f),LCDF_08,VARIANT_LOW,22,D2_seed20600611,0.73009697526641,0.2682946835501048,0.5031010400523155
(f),LCDF_08,VARIANT_LOW,25,D2_seed20600611,0.41325257717991354,0.15763604897698683,0.308208432780151
(f),LCDF_08,VARIANT_LOW,12,D2_seed20600611,1.7506719672916082,0.6233587366433774,1.1277342944919873
(f),LCDF_08,VARIANT_LOW,20,D2_seed20600611,0.9395952010014601,0.3412966681637696,0.6316485117207061
(f),LCDF_08,VARIANT_LOW,9,D2_seed20600611,2.0391867297628963,0.7235141185894953,1.303596038021419
(f),LCDF_08,VARIANT_LOW,16,D2_seed20600611,1.351567323279101,0.48466095235129547,0.8839303355065172
(f),LCDF_08,VARIANT_LOW,2,D2_seed20600611,2.6669049373897264,0.9410669125985043,1.684913703017182
(f),LCDF_08,VARIANT_LOW,21,D2_seed20600611,0.8350796489170487,0.30488746242036746,0.5675419415134328
(f),LCDF_08,VARIANT_LOW,17,D2_seed20600611,1.249621867702071,0.4492041002456335,0.8215597785421024
(f),LCDF_08,VARIANT_LOW,5,D2_seed20600611,2.4064573359032835,0.8508657773889029,1.5269393091243677
(f),LCDF_08,VARIANT_LOW,8,D2_seed20600611,2.1329839463508224,0.7560543151455431,1.3606942439612666
(f),LCDF_08,VARIANT_LOW,27,D2_seed20600611,0.20235575790751942,0.08335354679778104,0.17753195121026352
(f),LCDF_08,VARIANT_LOW,29,D2_seed20600611,0.04523459999270271,0.008909660076143352,0.048509203702934225
(f),LCDF_08,VARIANT_MAIN,9,D2_seed20600611,2.7189339016162193,0.964691826121309,1.738133571900994
(f),LCDF_08,VARIANT_MAIN,10,D2_seed20600611,2.592234339967659,0.9207230832121627,1.6609558363520467
(f),LCDF_08,VARIANT_MAIN,31,D2_seed20600611,0.31111876824643103,0.08753370705256813,0.11760518490921035
(f),LCDF_08,VARIANT_MAIN,4,D2_seed20600611,3.3264217561089886,1.1753043708281177,2.1074227585171394
(f),LCDF_08,VARIANT_MAIN,5,D2_seed20600611,3.2086390705479935,1.1344979316398311,2.0359279388228533
(f),LCDF_08,VARIANT_MAIN,6,D2_seed20600611,3.0889260103744998,1.0930082668854237,1.9632073870563798
(f),LCDF_08,VARIANT_MAIN,3,D2_seed20600611,3.4422029090979205,1.2154030008656103,2.177648727605097
(f),LCDF_08,VARIANT_MAIN,14,D2_seed20600611,2.0706469324585797,0.7395733547039323,1.3427259514446142
(f),LCDF_08,VARIANT_MAIN,22,D2_seed20600611,0.9734638863209454,0.3577265916699744,0.67080170915757
(f),LCDF_08,VARIANT_MAIN,12,D2_seed20600611,2.334241172700471,0.831149063607165,1.5036493060095102
(f),LCDF_08,VARIANT_MAIN,8,D2_seed20600611,2.8439993457516453,1.0080796338343663,1.8142652682852778
(f),LCDF_08,VARIANT_MAIN,0,D2_seed20600611,3.776844307426178,1.3312126712475456,2.380294052234518
(f),LCDF_08,VARIANT_MAIN,29,D2_seed20600611,0.060312730850158584,0.011879546799834636,0.0646789387131789
(f),LCDF_08,VARIANT_MAIN,17,D2_seed20600611,1.6661672174074844,0.5989403579007994,1.095414427975912
(f),LCDF_08,VARIANT_MAIN,30,D2_seed20600611,0.1730498599818638,0.03788486340234302,0.036223489960080076
(f),LCDF_08,VARIANT_MAIN,16,D2_seed20600611,1.8020955965181769,0.6462165496020724,1.1785755099154749
(f),LCDF_08,VARIANT_MAIN,13,D2_seed20600611,2.203104341001459,0.7855977399252035,1.4236155893855844
(f),LCDF_08,VARIANT_MAIN,28,D2_seed20600611,0.1339119797646325,0.061504874478866135,0.14979230846143907
(f),LCDF_08,VARIANT_MAIN,2,D2_seed20600611,3.555912604377602,1.2547696637599934,2.2465634982669225
(f),LCDF_08,VARIANT_MAIN,21,D2_seed20600611,1.113441239235767,0.4065171191390134,0.7567230501421119
(f),LCDF_08,VARIANT_MAIN,18,D2_seed20600611,1.5292496566101617,0.5513035276698894,1.0115968892654434
(f),LCDF_08,VARIANT_MAIN,23,D2_seed20600611,0.8329721618771386,0.30872074574507335,0.5844907853050381
(f),LCDF_08,VARIANT_MAIN,1,D2_seed20600611,3.667482186587,1.293380641676948,2.3141255177072573
(f),LCDF_08,VARIANT_MAIN,25,D2_seed20600611,0.5510038276207024,0.21018147429860914,0.41094465254139256
(f),LCDF_08,VARIANT_MAIN,26,D2_seed20600611,0.40999635309728405,0.16070767233669783,0.32385660047513415
(f),LCDF_08,VARIANT_MAIN,19,D2_seed20600611,1.3914295327991106,0.5033347511521497,0.9271742641013566
(f),LCDF_08,VARIANT_MAIN,7,D2_seed20600611,2.9673549301068047,1.0508603709245816,1.8893049680151275
(f),LCDF_08,VARIANT_MAIN,27,D2_seed20600611,0.2698078005888653,0.11113807528785426,0.2367092833187489
(f),LCDF_08,VARIANT_MAIN,20,D2_seed20600611,1.2527958727070223,0.45506292199306336,0.8421986502866128
(f),LCDF_08,VARIANT_MAIN,24,D2_seed20600611,0.6920943169897054,0.259529136623785,0.4978497550930689
(f),LCDF_08,VARIANT_MAIN,11,D2_seed20600611,2.4639774749368217,0.876199889735948,1.582778669239759
(f),LCDF_08,VARIANT_MAIN,15,D2_seed20600611,1.9369499688456622,0.6931036284480109,1.2610293997645459
(f),LCDF_08,VARIANT_LOW,26,D2_seed20600612,0.334564923397797,0.1205307275550942,0.2428924222460559
(f),LCDF_08,VARIANT_LOW,14,D2_seed20600612,1.5771804555865214,0.5546778455214632,1.0070425491045278
(f),LCDF_08,VARIANT_LOW,31,D2_seed20600612,0.19807165835779209,0.06565027834555963,0.0882038874125606
(f),LCDF_08,VARIANT_LOW,18,D2_seed20600612,1.1729323077787597,0.4134767293606004,0.7586968449056724
(f),LCDF_08,VARIANT_LOW,13,D2_seed20600612,1.6760188409186612,0.5891957122708398,1.067709411915972
(f),LCDF_08,VARIANT_LOW,1,D2_seed20600612,2.766999527510898,0.9700241762916848,1.7355843907124728
(f),LCDF_08,VARIANT_LOW,10,D2_seed20600612,1.9662427092837773,0.6905381726309808,1.2457132621801363
(f),LCDF_08,VARIANT_LOW,24,D2_seed20600612,0.5466348834503312,0.1946467490802512,0.37338721649425743
(f),LCDF_08,VARIANT_LOW,28,D2_seed20600612,0.1217107605158467,0.04612865384871562,0.1123442282853062
(f),LCDF_08,VARIANT_LOW,0,D2_seed20600612,2.848328181487964,0.9983971915309097,1.7852099337727025
(f),LCDF_08,VARIANT_LOW,7,D2_seed20600612,2.245813161148927,0.7881391610374726,1.4169734122010234
(f),LCDF_08,VARIANT_LOW,6,D2_seed20600612,2.336372205959342,0.8197493289988731,1.4723995802912198
(f),LCDF_08,VARIANT_LOW,30,D2_seed20600612,0.09156587212246846,0.028413647498851984,0.027167617425287807
(f),LCDF_08,VARIANT_LOW,23,D2_seed20600612,0.6522094776211063,0.23154038921927628,0.43836792835824334
(f),LCDF_08,VARIANT_LOW,19,D2_seed20600612,1.0699510315908707,0.3775003611036224,0.6953800641704172
(f),LCDF_08,VARIANT_LOW,4,D2_seed20600612,2.513215154730587,0.8814697616551831,1.5805597011876473
(f),LCDF_08,VARIANT_LOW,11,D2_seed20600612,1.8706085737362994,0.657146340737327,1.187080872077287
(f),LCDF_08,VARIANT_LOW,15,D2_seed20600612,1.4773922359892766,0.5198259279516648,0.9457704626826925
(f),LCDF_08,VARIANT_LOW,3,D2_seed20600612,2.5993925277786487,0.9115428456223377,1.6332284189144863
(f),LCDF_08,VARIANT_LOW,22,D2_seed20600612,0.7573917170507932,0.2682946835501048,0.5031010400523155
(f),LCDF_08,VARIANT_LOW,25,D2_seed20600612,0.44073186829449873,0.15763604897698683,0.308208432780151
(f),LCDF_08,VARIANT_LOW,12,D2_seed20600612,1.773847856182433,0.6233587366433774,1.1277342944919873
(f),LCDF_08,VARIANT_LOW,20,D2_seed20600612,0.9663254827939536,0.3412966681637696,0.6316485117207061
(f),LCDF_08,VARIANT_LOW,9,D2_seed20600612,2.0606926567525115,0.7235141185894953,1.303596038021419
(f),LCDF_08,VARIANT_LOW,16,D2_seed20600612,1.3767142906875267,0.48466095235129547,0.8839303355065172
(f),LCDF_08,VARIANT_LOW,2,D2_seed20600612,2.6840043096406916,0.9410669125985043,1.684913703017182
(f),LCDF_08,VARIANT_LOW,21,D2_seed20600612,0.8621181063797329,0.30488746242036746,0.5675419415134328
(f),LCDF_08,VARIANT_LOW,17,D2_seed20600612,1.2752072654576132,0.4492041002456335,0.8215597785421024
(f),LCDF_08,VARIANT_LOW,5,D2_seed20600612,2.425524105488831,0.8508657773889029,1.5269393091243677
(f),LCDF_08,VARIANT_LOW,8,D2_seed20600612,2.1539015228367098,0.7560543151455431,1.3606942439612666
(f),LCDF_08,VARIANT_LOW,27,D2_seed20600612,0.22820007316668833,0.08335354679778104,0.17753195121026352
(f),LCDF_08,VARIANT_LOW,29,D2_seed20600612,0.015431984891298154,0.008909660076143352,0.048509203702934225
(f),LCDF_08,VARIANT_MAIN,9,D2_seed20600612,2.7476057817522754,0.964691826121309,1.738133571900994
(f),LCDF_08,VARIANT_MAIN,10,D2_seed20600612,2.621670290756566,0.9207230832121627,1.6609558363520467
(f),LCDF_08,VARIANT_MAIN,31,D2_seed20600612,0.2640957174731285,0.08753370705256813,0.11760518490921035
(f),LCDF_08,VARIANT_MAIN,4,D2_seed20600612,3.3509830190915038,1.1753043708281177,2.1074227585171394
(f),LCDF_08,VARIANT_MAIN,5,D2_seed20600612,3.234058478484911,1.1344979316398311,2.0359279388228533
(f),LCDF_08,VARIANT_MAIN,6,D2_seed20600612,3.115186313815517,1.0930082668854237,1.9632073870563798
(f),LCDF_08,VARIANT_MAIN,3,D2_seed20600612,3.465889495543613,1.2154030008656103,2.177648727605097
(f),LCDF_08,VARIANT_MAIN,14,D2_seed20600612,2.102913553768954,0.7395733547039323,1.3427259514446142
(f),LCDF_08,VARIANT_MAIN,22,D2_seed20600612,1.0098555789218986,0.3577265916699744,0.67080170915757
(f),LCDF_08,VARIANT_MAIN,12,D2_seed20600612,2.3651399228502332,0.831149063607165,1.5036493060095102
(f),LCDF_08,VARIANT_MAIN,8,D2_seed20600612,2.871886684462547,1.0080796338343663,1.8142652682852778
(f),LCDF_08,VARIANT_MAIN,0,D2_seed20600612,3.797814590092762,1.3312126712475456,2.380294052234518
(f),LCDF_08,VARIANT_MAIN,29,D2_seed20600612,0.02057576700637095,0.011879546799834636,0.0646789387131789
(f),LCDF_08,VARIANT_MAIN,17,D2_seed20600612,1.7002791675239493,0.5989403579007994,1.095414427975912
(f),LCDF_08,VARIANT_MAIN,30,D2_seed20600612,0.12208806712668965,0.03788486340234302,0.036223489960080076
(f),LCDF_08,VARIANT_MAIN,16,D2_seed20600612,1.835622859940463,0.6462165496020724,1.1785755099154749
(f),LCDF_08,VARIANT_MAIN,13,D2_seed20600612,2.2346995623271817,0.7855977399252035,1.4236155893855844
(f),LCDF_08,VARIANT_MAIN,28,D2_seed20600612,0.16228065103029415,0.061504874478866135,0.14979230846143907
(f),LCDF_08,VARIANT_MAIN,2,D2_seed20600612,3.5787086811768214,1.2547696637599934,2.2465634982669225
(f),LCDF_08,VARIANT_MAIN,21,D2_seed20600612,1.1494910896772326,0.4065171191390134,0.7567230501421119
(f),LCDF_08,VARIANT_MAIN,18,D2_seed20600612,1.5639117181237066,0.5513035276698894,1.0115968892654434
(f),LCDF_08,VARIANT_MAIN,23,D2_seed20600612,0.8696123682434379,0.30872074574507335,0.5844907853050381
(f),LCDF_08,VARIANT_MAIN,1,D2_seed20600612,3.6893726044809037,1.293380641676948,2.3141255177072573
(f),LCDF_08,VARIANT_MAIN,25,D2_seed20600612,0.5876420109475834,0.21018147429860914,0.41094465254139256
(f),LCDF_08,VARIANT_MAIN,26,D2_seed20600612,0.4460860797714096,0.16070767233669783,0.32385660047513415
(f),LCDF_08,VARIANT_MAIN,19,D2_seed20600612,1.4266026547495037,0.5033347511521497,0.9271742641013566
(f),LCDF_08,VARIANT_MAIN,7,D2_seed20600612,2.9944381361609684,1.0508603709245816,1.8893049680151275
(f),LCDF_08,VARIANT_MAIN,27,D2_seed20600612,0.3042663231869391,0.11113807528785426,0.2367092833187489
(f),LCDF_08,VARIANT_MAIN,20,D2_seed20600612,1.2884346954757062,0.45506292199306336,0.8421986502866128
(f),LCDF_08,VARIANT_MAIN,24,D2_seed20600612,0.7288460959404242,0.259529136623785,0.4978497550930689
(f),LCDF_08,VARIANT_MAIN,11,D2_seed20600612,2.4941560689155113,0.876199889735948,1.582778669239759
(f),LCDF_08,VARIANT_MAIN,15,D2_seed20600612,1.9698612733735157,0.6931036284480109,1.2610293997645459
(f),LCDF_08,VARIANT_LOW,26,D2_seed20600613,0.3036658695265347,0.1205307275550942,0.2428924222460559
(f),LCDF_08,VARIANT_LOW,14,D2_seed20600613,1.5456034960667255,0.5546778455214632,1.0070425491045278
(f),LCDF_08,VARIANT_LOW,31,D2_seed20600613,0.23315650507156643,0.06565027834555963,0.0882038874125606
(f),LCDF_08,VARIANT_LOW,18,D2_seed20600613,1.140866646116903,0.4134767293606004,0.7586968449056724
(f),LCDF_08,VARIANT_LOW,13,D2_seed20600613,1.6446236847697155,0.5891957122708398,1.067709411915972
(f),LCDF_08,VARIANT_LOW,1,D2_seed20600613,2.739367830644848,0.9700241762916848,1.7355843907124728
(f),LCDF_08,VARIANT_LOW,10,D2_seed20600613,1.9355226959527654,0.6905381726309808,1.2457132621801363
(f),LCDF_08,VARIANT_LOW,24,D2_seed20600613,0.5148664065249114,0.1946467490802512,0.37338721649425743
(f),LCDF_08,VARIANT_LOW,28,D2_seed20600613,0.09553409271901019,0.04612865384871562,0.1123442282853062
(f),LCDF_08,VARIANT_LOW,0,D2_seed20600613,2.82113044912476,0.9983971915309097,1.7852099337727025
(f),LCDF_08,VARIANT_LOW,7,D2_seed20600613,2.2159522369289677,0.7881391610374726,1.4169734122010234
(f),LCDF_08,VARIANT_LOW,6,D2_seed20600613,2.30683662975839,0.8197493289988731,1.4723995802912198
(f),LCDF_08,VARIANT_LOW,30,D2_seed20600613,0.12895276908384498,0.028413647498851984,0.027167617425287807
(f),LCDF_08,VARIANT_LOW,23,D2_seed20600613,0.6202487040152046,0.23154038921927628,0.43836792835824334
(f),LCDF_08,VARIANT_LOW,19,D2_seed20600613,1.0378301395450087,0.3775003611036224,0.6953800641704172
(f),LCDF_08,VARIANT_LOW,4,D2_seed20600613,2.484386672129597,0.8814697616551831,1.5805597011876473
(f),LCDF_08,VARIANT_LOW,11,D2_seed20600613,1.8396424662006328,0.657146340737327,1.187080872077287
(f),LCDF_08,VARIANT_LOW,15,D2_seed20600613,1.4456562445607812,0.5198259279516648,0.9457704626826925
(f),LCDF_08,VARIANT_LOW,3,D2_seed20600613,2.5709451394151643,0.9115428456223377,1.6332284189144863
(f),LCDF_08,VARIANT_LOW,22,D2_seed20600613,0.7253175866651043,0.2682946835501048,0.5031010400523155
(f),LCDF_08,VARIANT_LOW,25,D2_seed20600613,0.4092805560137467,0.15763604897698683,0.308208432780151
(f),LCDF_08,VARIANT_LOW,12,D2_seed20600613,1.7426565244968562,0.6233587366433774,1.1277342944919873
(f),LCDF_08,VARIANT_LOW,20,D2_seed20600613,0.9341811907890447,0.3412966681637696,0.6316485117207061
(f),LCDF_08,VARIANT_LOW,9,D2_seed20600613,2.0302391439103,0.7235141185894953,1.303596038021419
(f),LCDF_08,VARIANT_LOW,16,D2_seed20600613,1.3448429727532352,0.48466095235129547,0.8839303355065172
(f),LCDF_08,VARIANT_LOW,2,D2_seed20600613,2.6559559552663017,0.9410669125985043,1.684913703017182
(f),LCDF_08,VARIANT_LOW,21,D2_seed20600613,0.8299869378960567,0.30488746242036746,0.5675419415134328
(f),LCDF_08,VARIANT_LOW,17,D2_seed20600613,1.2432255262452376,0.4492041002456335,0.8215597785421024
(f),LCDF_08,VARIANT_LOW,5,D2_seed20600613,2.396332786275151,0.8508657773889029,1.5269393091243677
(f),LCDF_08,VARIANT_LOW,8,D2_seed20600613,2.1237345004372647,0.7560543151455431,1.3606942439612666
(f),LCDF_08,VARIANT_LOW,27,D2_seed20600613,0.19843369985196216,0.08335354679778104,0.17753195121026352
(f),LCDF_08,VARIANT_LOW,29,D2_seed20600613,0.0392211493485388,0.008909660076143352,0.048509203702934225
(f),LCDF_08,VARIANT_MAIN,9,D2_seed20600613,2.707003457353549,0.964691826121309,1.738133571900994
(f),LCDF_08,VARIANT_MAIN,10,D2_seed20600613,2.580712567021617,0.9207230832121627,1.6609558363520467
(f),LCDF_08,VARIANT_MAIN,31,D2_seed20600613,0.3108753096639806,0.08753370705256813,0.11760518490921035
(f),LCDF_08,VARIANT_MAIN,4,D2_seed20600613,3.312547644932573,1.1753043708281177,2.1074227585171394
(f),LCDF_08,VARIANT_MAIN,5,D2_seed20600613,3.195139285061497,1.1344979316398311,2.0359279388228533
(f),LCDF_08,VARIANT_MAIN,6,D2_seed20600613,3.0758080680876048,1.0930082668854237,1.9632073870563798
(f),LCDF_08,VARIANT_MAIN,3,D2_seed20600613,3.4279622781918073,1.2154030008656103,2.177648727605097
(f),LCDF_08,VARIANT_MAIN,14,D2_seed20600613,2.060812923134522,0.7395733547039323,1.3427259514446142
(f),LCDF_08,VARIANT_MAIN,22,D2_seed20600613,0.9670912306416201,0.3577265916699744,0.67080170915757
(f),LCDF_08,VARIANT_MAIN,12,D2_seed20600613,2.3235536284065983,0.831149063607165,1.5036493060095102
(f),LCDF_08,VARIANT_MAIN,8,D2_seed20600613,2.8316664072806033,1.0080796338343663,1.8142652682852778
(f),LCDF_08,VARIANT_MAIN,0,D2_seed20600613,3.761553637868512,1.3312126712475456,2.380294052234518
(f),LCDF_08,VARIANT_MAIN,29,D2_seed20600613,0.05229480092595065,0.011879546799834636,0.0646789387131789
(f),LCDF_08,VARIANT_MAIN,17,D2_seed20600613,1.6576385490283516,0.5989403579007994,1.095414427975912
(f),LCDF_08,VARIANT_MAIN,30,D2_seed20600613,0.17193697227014432,0.03788486340234302,0.036223489960080076
(f),LCDF_08,VARIANT_MAIN,16,D2_seed20600613,1.793129567785068,0.6462165496020724,1.1785755099154749
(f),LCDF_08,VARIANT_MAIN,13,D2_seed20600613,2.1928414214018055,0.7855977399252035,1.4236155893855844
(f),LCDF_08,VARIANT_MAIN,28,D2_seed20600613,0.12737886749654911,0.061504874478866135,0.14979230846143907
(f),LCDF_08,VARIANT_MAIN,2,D2_seed20600613,3.541313534275936,1.2547696637599934,2.2465634982669225
(f),LCDF_08,VARIANT_MAIN,21,D2_seed20600613,1.106650804952922,0.4065171191390134,0.7567230501421119
(f),LCDF_08,VARIANT_MAIN,18,D2_seed20600613,1.5211591012755128,0.5513035276698894,1.0115968892654434
(f),LCDF_08,VARIANT_MAIN,23,D2_seed20600613,0.8269990455155182,0.30872074574507335,0.5844907853050381
(f),LCDF_08,VARIANT_MAIN,1,D2_seed20600613,3.65253301997919,1.293380641676948,2.3141255177072573
(f),LCDF_08,VARIANT_MAIN,25,D2_seed20600613,0.545707754463275,0.21018147429860914,0.41094465254139256
(f),LCDF_08,VARIANT_MAIN,26,D2_seed20600613,0.40488805096448993,0.16070767233669783,0.32385660047513415
(f),LCDF_08,VARIANT_MAIN,19,D2_seed20600613,1.3837762921009082,0.5033347511521497,0.9271742641013566
(f),LCDF_08,VARIANT_MAIN,7,D2_seed20600613,2.9546260443107677,1.0508603709245816,1.8893049680151275
(f),LCDF_08,VARIANT_MAIN,27,D2_seed20600613,0.2645784035199979,0.11113807528785426,0.2367092833187489
(f),LCDF_08,VARIANT_MAIN,20,D2_seed20600613,1.2455770243133735,0.45506292199306336,0.8421986502866128
(f),LCDF_08,VARIANT_MAIN,24,D2_seed20600613,0.6864890670024906,0.259529136623785,0.4978497550930689
(f),LCDF_08,VARIANT_MAIN,11,D2_seed20600613,2.4528701489885103,0.876199889735948,1.582778669239759
(f),LCDF_08,VARIANT_MAIN,15,D2_seed20600613,1.9275485105042376,0.6931036284480109,1.2610293997645459
(f),LCDF_08,VARIANT_LOW,26,D3_seed20600611,0.2461027612632771,0.1205307275550942,0.2428924222460559
(f),LCDF_08,VARIANT_LOW,14,D3_seed20600611,1.3581325469100431,0.5546778455214632,1.0070425491045278
(f),LCDF_08,VARIANT_LOW,31,D3_seed20600611,0.229713322565322,0.06565027834555963,0.0882038874125606
(f),LCDF_08,VARIANT_LOW,18,D3_seed20600611,0.9957985897886875,0.4134767293606004,0.7586968449056724
(f),LCDF_08,VARIANT_LOW,13,D3_seed20600611,1.4468082716163173,0.5891957122708398,1.067709411915972
(f),LCDF_08,VARIANT_LOW,1,D3_seed20600611,2.4282955578538,0.9700241762916848,1.7355843907124728
(f),LCDF_08,VARIANT_LOW,10,D3_seed20600611,1.7073993645110181,0.6905381726309808,1.2457132621801363
(f),LCDF_08,VARIANT_LOW,24,D3_seed20600611,0.4354936533123706,0.1946467490802512,0.37338721649425743
(f),LCDF_08,VARIANT_LOW,28,D3_seed20600611,0.05681380637343494,0.04612865384871562,0.1123442282853062
(f),LCDF_08,VARIANT_LOW,0,D3_seed20600611,2.501704293933591,0.9983971915309097,1.7852099337727025
(f),LCDF_08,VARIANT_LOW,7,D3_seed20600611,1.9587431051767343,0.7881391610374726,1.4169734122010234
(f),LCDF_08,VARIANT_LOW,6,D3_seed20600611,2.040232272028142,0.8197493289988731,1.4723995802912198
(f),LCDF_08,VARIANT_LOW,30,D3_seed20600611,0.13487305221457913,0.028413647498851984,0.027167617425287807
(f),LCDF_08,VARIANT_LOW,23,D3_seed20600611,0.5298523161926806,0.23154038921927628,0.43836792835824334
(f),LCDF_08,VARIANT_LOW,19,D3_seed20600611,0.9035809015405167,0.3775003611036224,0.6953800641704172
(f),LCDF_08,VARIANT_LOW,4,D3_seed20600611,2.1994768415427695,0.8814697616551831,1.5805597011876473
(f),LCDF_08,VARIANT_LOW,11,D3_seed20600611,1.621494334354584,0.657146340737327,1.187080872077287
(f),LCDF_08,VARIANT_LOW,15,D3_seed20600611,1.2686394823423237,0.5198259279516648,0.9457704626826925
(f),LCDF_08,VARIANT_LOW,3,D3_seed20600611,2.2771362885164397,0.9115428456223377,1.6332284189144863
(f),LCDF_08,VARIANT_LOW,22,D3_seed20600611,0.6238992038844984,0.2682946835501048,0.5031010400523155
(f),LCDF_08,VARIANT_LOW,25,D3_seed20600611,0.3408864214516021,0.15763604897698683,0.308208432780151
(f),LCDF_08,VARIANT_LOW,12,D3_seed20600611,1.534613179865702,0.6233587366433774,1.1277342944919873
(f),LCDF_08,VARIANT_LOW,20,D3_seed20600611,0.8108206169185417,0.3412966681637696,0.6316485117207061
(f),LCDF_08,VARIANT_LOW,9,D3_seed20600611,1.792276494942564,0.7235141185894953,1.303596038021419
(f),LCDF_08,VARIANT_LOW,16,D3_seed20600611,1.1783830681502585,0.48466095235129547,0.8839303355065172
(f),LCDF_08,VARIANT_LOW,2,D3_seed20600611,2.353424517195938,0.9410669125985043,1.684913703017182
(f),LCDF_08,VARIANT_LOW,21,D3_seed20600611,0.717574150090784,0.30488746242036746,0.5675419415134328
(f),LCDF_08,VARIANT_LOW,17,D3_seed20600611,1.08741778561846,0.4492041002456335,0.8215597785421024
(f),LCDF_08,VARIANT_LOW,5,D3_seed20600611,2.1204929716688246,0.8508657773889029,1.5269393091243677
(f),LCDF_08,VARIANT_LOW,8,D3_seed20600611,1.8760745744344096,0.7560543151455431,1.3606942439612666
(f),LCDF_08,VARIANT_LOW,27,D3_seed20600611,0.15125393101492476,0.08335354679778104,0.17753195121026352
(f),LCDF_08,VARIANT_LOW,29,D3_seed20600611,0.040793850256270824,0.008909660076143352,0.048509203702934225
(f),LCDF_08,VARIANT_MAIN,9,D3_seed20600611,2.389704776466412,0.964691826121309,1.738133571900994
(f),LCDF_08,VARIANT_MAIN,10,D3_seed20600611,2.276532188108012,0.9207230832121627,1.6609558363520467
(f),LCDF_08,VARIANT_MAIN,31,D3_seed20600611,0.30628780034287695,0.08753370705256813,0.11760518490921035
(f),LCDF_08,VARIANT_MAIN,4,D3_seed20600611,2.9326590039040092,1.1753043708281177,2.1074227585171394
(f),LCDF_08,VARIANT_MAIN,5,D3_seed20600611,2.8273424374886957,1.1344979316398311,2.0359279388228533
(f),LCDF_08,VARIANT_MAIN,6,D3_seed20600611,2.720323751195519,1.0930082668854237,1.9632073870563798
(f),LCDF_08,VARIANT_MAIN,3,D3_seed20600611,3.0362099831174865,1.2154030008656103,2.177648727605097
(f),LCDF_08,VARIANT_MAIN,14,D3_seed20600611,1.8108341433867483,0.7395733547039323,1.3427259514446142
(f),LCDF_08,VARIANT_MAIN,22,D3_seed20600611,0.8318532568762564,0.3577265916699744,0.67080170915757
(f),LCDF_08,VARIANT_MAIN,12,D3_seed20600611,2.046145464052961,0.831149063607165,1.5036493060095102
(f),LCDF_08,VARIANT_MAIN,8,D3_seed20600611,2.501438970035839,1.0080796338343663,1.8142652682852778
(f),LCDF_08,VARIANT_MAIN,0,D3_seed20600611,3.3356508746230134,1.3312126712475456,2.380294052234518
(f),LCDF_08,VARIANT_MAIN,29,D3_seed20600611,0.05439816628329555,0.011879546799834636,0.0646789387131789
(f),LCDF_08,VARIANT_MAIN,17,D3_seed20600611,1.4498777894885935,0.5989403579007994,1.095414427975912
(f),LCDF_08,VARIANT_MAIN,30,D3_seed20600611,0.17983529039454238,0.03788486340234302,0.036223489960080076
(f),LCDF_08,VARIANT_MAIN,16,D3_seed20600611,1.5711656422646392,0.6462165496020724,1.1785755099154749
(f),LCDF_08,VARIANT_MAIN,13,D3_seed20600611,1.929070183872676,0.7855977399252035,1.4236155893855844
(f),LCDF_08,VARIANT_MAIN,28,D3_seed20600611,0.07574646599516845,0.061504874478866135,0.14979230846143907
(f),LCDF_08,VARIANT_MAIN,2,D3_seed20600611,3.1379329696124993,1.2547696637599934,2.2465634982669225
(f),LCDF_08,VARIANT_MAIN,21,D3_seed20600611,0.9567524693211529,0.4065171191390134,0.7567230501421119
(f),LCDF_08,VARIANT_MAIN,18,D3_seed20600611,1.327718339091737,0.5513035276698894,1.0115968892654434
(f),LCDF_08,VARIANT_MAIN,23,D3_seed20600611,0.7064580449158779,0.30872074574507335,0.5844907853050381
(f),LCDF_08,VARIANT_MAIN,1,D3_seed20600611,3.237766656972994,1.293380641676948,2.3141255177072573
(f),LCDF_08,VARIANT_MAIN,25,D3_seed20600611,0.45450537434938393,0.21018147429860914,0.41094465254139256
(f),LCDF_08,VARIANT_MAIN,26,D3_seed20600611,0.3281283795799525,0.16070767233669783,0.32385660047513415
(f),LCDF_08,VARIANT_MAIN,19,D3_seed20600611,1.2047611709826567,0.5033347511521497,0.9271742641013566
(f),LCDF_08,VARIANT_MAIN,7,D3_seed20600611,2.6116674363511674,1.0508603709245816,1.8893049680151275
(f),LCDF_08,VARIANT_MAIN,27,D3_seed20600611,0.2016646774696237,0.11113807528785426,0.2367092833187489
(f),LCDF_08,VARIANT_MAIN,20,D3_seed20600611,1.081080797153386,0.45506292199306336,0.8421986502866128
(f),LCDF_08,VARIANT_MAIN,24,D3_seed20600611,0.5806472797011998,0.259529136623785,0.4978497550930689
(f),LCDF_08,VARIANT_MAIN,11,D3_seed20600611,2.1619894066534453,0.876199889735948,1.582778669239759
(f),LCDF_08,VARIANT_MAIN,15,D3_seed20600611,1.6915086370333587,0.6931036284480109,1.2610293997645459
(f),LCDF_08,VARIANT_LOW,26,D3_seed20600612,0.2088429766405534,0.1205307275550942,0.2428924222460559
(f),LCDF_08,VARIANT_LOW,14,D3_seed20600612,1.3141889618701055,0.5546778455214632,1.0070425491045278
(f),LCDF_08,VARIANT_LOW,31,D3_seed20600612,0.2771835197245697,0.06565027834555963,0.0882038874125606
(f),LCDF_08,VARIANT_LOW,18,D3_seed20600612,0.9521483503814955,0.4134767293606004,0.7586968449056724
(f),LCDF_08,VARIANT_LOW,13,D3_seed20600612,1.4028925666369698,0.5891957122708398,1.067709411915972
(f),LCDF_08,VARIANT_LOW,1,D3_seed20600612,2.387176338510048,0.9700241762916848,1.7355843907124728
(f),LCDF_08,VARIANT_LOW,10,D3_seed20600612,1.663773798274885,0.6905381726309808,1.2457132621801363
(f),LCDF_08,VARIANT_LOW,24,D3_seed20600612,0.39456586599197846,0.1946467490802512,0.37338721649425743
(f),LCDF_08,VARIANT_LOW,28,D3_seed20600612,0.05501335439824625,0.04612865384871562,0.1123442282853062
(f),LCDF_08,VARIANT_LOW,0,D3_seed20600612,2.4610021849780686,0.9983971915309097,1.7852099337727025
(f),LCDF_08,VARIANT_LOW,7,D3_seed20600612,1.9156930005921378,0.7881391610374726,1.4169734122010234
(f),LCDF_08,VARIANT_LOW,6,D3_seed20600612,1.997433615285066,0.8197493289988731,1.4723995802912198
(f),LCDF_08,VARIANT_LOW,30,D3_seed20600612,0.18522054618825717,0.028413647498851984,0.027167617425287807
(f),LCDF_08,VARIANT_LOW,23,D3_seed20600612,0.4880668361810024,0.23154038921927628,0.43836792835824334
(f),LCDF_08,VARIANT_LOW,19,D3_seed20600612,0.860127361328307,0.3775003611036224,0.6953800641704172
(f),LCDF_08,VARIANT_LOW,4,D3_seed20600612,2.1572669742573236,0.8814697616551831,1.5805597011876473
(f),LCDF_08,VARIANT_LOW,11,D3_seed20600612,1.5777390348474503,0.657146340737327,1.187080872077287
(f),LCDF_08,VARIANT_LOW,15,D3_seed20600612,1.224705401350233,0.5198259279516648,0.9457704626826925
(f),LCDF_08,VARIANT_LOW,3,D3_seed20600612,2.235262763478749,0.9115428456223377,1.6332284189144863
(f),LCDF_08,VARIANT_LOW,22,D3_seed20600612,0.5815047233246557,0.2682946835501048,0.5031010400523155
(f),LCDF_08,VARIANT_LOW,25,D3_seed20600612,0.30127310148510994,0.15763604897698683,0.308208432780151
(f),LCDF_08,VARIANT_LOW,12,D3_seed20600612,1.4907607537694634,0.6233587366433774,1.1277342944919873
(f),LCDF_08,VARIANT_LOW,20,D3_seed20600612,0.7676295039247449,0.3412966681637696,0.6316485117207061
(f),LCDF_08,VARIANT_LOW,9,D3_seed20600612,1.748812252549211,0.7235141185894953,1.303596038021419
(f),LCDF_08,VARIANT_LOW,16,D3_seed20600612,1.1344984801354443,0.48466095235129547,0.8839303355065172
(f),LCDF_08,VARIANT_LOW,2,D3_seed20600612,2.311914685934554,0.9410669125985043,1.684913703017182
(f),LCDF_08,VARIANT_LOW,21,D3_seed20600612,0.6747273782189444,0.30488746242036746,0.5675419415134328
(f),LCDF_08,VARIANT_LOW,17,D3_seed20600612,1.0436261889530132,0.4492041002456335,0.8215597785421024
(f),LCDF_08,VARIANT_LOW,5,D3_seed20600612,2.0779745668704788,0.8508657773889029,1.5269393091243677
(f),LCDF_08,VARIANT_LOW,8,D3_seed20600612,1.8328023954737382,0.7560543151455431,1.3606942439612666
(f),LCDF_08,VARIANT_LOW,27,D3_seed20600612,0.11977286069842763,0.08335354679778104,0.17753195121026352
(f),LCDF_08,VARIANT_LOW,29,D3_seed20600612,0.09841492684154543,0.008909660076143352,0.048509203702934225
(f),LCDF_08,VARIANT_MAIN,9,D3_seed20600612,2.3317780325585797,0.964691826121309,1.738133571900994
(f),LCDF_08,VARIANT_MAIN,10,D3_seed20600612,2.218389512453398,0.9207230832121627,1.6609558363520467
(f),LCDF_08,VARIANT_MAIN,31,D3_seed20600612,0.3695779577172185,0.08753370705256813,0.11760518490921035
(f),LCDF_08,VARIANT_MAIN,4,D3_seed20600612,2.8764086745704995,1.1753043708281177,2.1074227585171394
(f),LCDF_08,VARIANT_MAIN,5,D3_seed20600612,2.770679979725381,1.1344979316398311,2.0359279388228533
(f),LCDF_08,VARIANT_MAIN,6,D3_seed20600612,2.6632868586678637,1.0930082668854237,1.9632073870563798
(f),LCDF_08,VARIANT_MAIN,3,D3_seed20600612,2.9804088328787426,1.2154030008656103,2.177648727605097
(f),LCDF_08,VARIANT_MAIN,14,D3_seed20600612,1.7522639630208574,0.7395733547039323,1.3427259514446142
(f),LCDF_08,VARIANT_MAIN,22,D3_seed20600612,0.7753404471042393,0.3577265916699744,0.67080170915757
(f),LCDF_08,VARIANT_MAIN,12,D3_seed20600612,1.9876985978984605,0.831149063607165,1.5036493060095102
(f),LCDF_08,VARIANT_MAIN,8,D3_seed20600612,2.4437691286105743,1.0080796338343663,1.8142652682852778
(f),LCDF_08,VARIANT_MAIN,0,D3_seed20600612,3.2814136247176364,1.3312126712475456,2.380294052234518
(f),LCDF_08,VARIANT_MAIN,29,D3_seed20600612,0.13121977151341035,0.011879546799834636,0.0646789387131789
(f),LCDF_08,VARIANT_MAIN,17,D3_seed20600612,1.3915074888203625,0.5989403579007994,1.095414427975912
(f),LCDF_08,VARIANT_MAIN,30,D3_seed20600612,0.24696062195349666,0.03788486340234302,0.036223489960080076
(f),LCDF_08,VARIANT_MAIN,16,D3_seed20600612,1.512672293952309,0.6462165496020724,1.1785755099154749
(f),LCDF_08,VARIANT_MAIN,13,D3_seed20600612,1.870538068785064,0.7855977399252035,1.4236155893855844
(f),LCDF_08,VARIANT_MAIN,28,D3_seed20600612,0.07335091946416146,0.061504874478866135,0.14979230846143907
(f),LCDF_08,VARIANT_MAIN,2,D3_seed20600612,3.0826174427433712,1.2547696637599934,2.2465634982669225
(f),LCDF_08,VARIANT_MAIN,21,D3_seed20600612,0.8996379129237723,0.4065171191390134,0.7567230501421119
(f),LCDF_08,VARIANT_MAIN,18,D3_seed20600612,1.2695355550790335,0.5513035276698894,1.0115968892654434
(f),LCDF_08,VARIANT_MAIN,23,D3_seed20600612,0.6507561733239101,0.30872074574507335,0.5844907853050381
(f),LCDF_08,VARIANT_MAIN,1,D3_seed20600612,3.182972617574084,1.293380641676948,2.3141255177072573
(f),LCDF_08,VARIANT_MAIN,25,D3_seed20600612,0.4016974153635278,0.21018147429860914,0.41094465254139256
(f),LCDF_08,VARIANT_MAIN,26,D3_seed20600612,0.27845717079497867,0.16070767233669783,0.32385660047513415
(f),LCDF_08,VARIANT_MAIN,19,D3_seed20600612,1.1468396722016132,0.5033347511521497,0.9271742641013566
(f),LCDF_08,VARIANT_MAIN,7,D3_seed20600612,2.554294495754013,1.0508603709245816,1.8893049680151275
(f),LCDF_08,VARIANT_MAIN,27,D3_seed20600612,0.15969698267060414,0.11113807528785426,0.2367092833187489
(f),LCDF_08,VARIANT_MAIN,20,D3_seed20600612,1.0235081981240022,0.45506292199306336,0.8421986502866128
(f),LCDF_08,VARIANT_MAIN,24,D3_seed20600612,0.5260879322780923,0.259529136623785,0.4978497550930689
(f),LCDF_08,VARIANT_MAIN,11,D3_seed20600612,2.103672905212793,0.876199889735948,1.582778669239759
(f),LCDF_08,VARIANT_MAIN,15,D3_seed20600612,1.6329502215175975,0.6931036284480109,1.2610293997645459
(f),LCDF_08,VARIANT_LOW,26,D3_seed20600613,0.24276723461910388,0.1205307275550942,0.2428924222460559
(f),LCDF_08,VARIANT_LOW,14,D3_seed20600613,1.3435419282308265,0.5546778455214632,1.0070425491045278
(f),LCDF_08,VARIANT_LOW,31,D3_seed20600613,0.2401788732661954,0.06565027834555963,0.0882038874125606
(f),LCDF_08,VARIANT_LOW,18,D3_seed20600613,0.9837709663558885,0.4134767293606004,0.7586968449056724
(f),LCDF_08,VARIANT_LOW,13,D3_seed20600613,1.4316267335771675,0.5891957122708398,1.067709411915972
(f),LCDF_08,VARIANT_LOW,1,D3_seed20600613,2.407185963535554,0.9700241762916848,1.7355843907124728
(f),LCDF_08,VARIANT_LOW,10,D3_seed20600613,1.6905413889479006,0.6905381726309808,1.2457132621801363
(f),LCDF_08,VARIANT_LOW,24,D3_seed20600613,0.4286685152690102,0.1946467490802512,0.37338721649425743
(f),LCDF_08,VARIANT_LOW,28,D3_seed20600613,0.07027234670731702,0.04612865384871562,0.1123442282853062
(f),LCDF_08,VARIANT_LOW,0,D3_seed20600613,2.480192782449644,0.9983971915309097,1.7852099337727025
(f),LCDF_08,VARIANT_LOW,7,D3_seed20600613,1.9403413858289658,0.7881391610374726,1.4169734122010234
(f),LCDF_08,VARIANT_LOW,6,D3_seed20600613,2.021344224010083,0.8197493289988731,1.4723995802912198
(f),LCDF_08,VARIANT_LOW,30,D3_seed20600613,0.149279573944156,0.028413647498851984,0.027167617425287807
(f),LCDF_08,VARIANT_LOW,23,D3_seed20600613,0.5218969967354774,0.23154038921927628,0.43836792835824334
(f),LCDF_08,VARIANT_LOW,19,D3_seed20600613,0.8922594624210741,0.3775003611036224,0.6953800641704172
(f),LCDF_08,VARIANT_LOW,4,D3_seed20600613,2.1796580745026217,0.8814697616551831,1.5805597011876473
(f),LCDF_08,VARIANT_LOW,11,D3_seed20600613,1.6051798717501835,0.657146340737327,1.187080872077287
(f),LCDF_08,VARIANT_LOW,15,D3_seed20600613,1.2546576100017466,0.5198259279516648,0.9457704626826925
(f),LCDF_08,VARIANT_LOW,3,D3_seed20600613,2.2568731549362635,0.9115428456223377,1.6332284189144863
(f),LCDF_08,VARIANT_LOW,22,D3_seed20600613,0.6149785237632428,0.2682946835501048,0.5031010400523155
(f),LCDF_08,VARIANT_LOW,25,D3_seed20600613,0.33548872118268,0.15763604897698683,0.308208432780151
(f),LCDF_08,VARIANT_LOW,12,D3_seed20600613,1.5188573206147777,0.6233587366433774,1.1277342944919873
(f),LCDF_08,VARIANT_LOW,20,D3_seed20600613,0.8002434275032687,0.3412966681637696,0.6316485117207061
(f),LCDF_08,VARIANT_LOW,9,D3_seed20600613,1.7748896557916216,0.7235141185894953,1.303596038021419
(f),LCDF_08,VARIANT_LOW,16,D3_seed20600613,1.1650294878977423,0.48466095235129547,0.8839303355065172
(f),LCDF_08,VARIANT_LOW,2,D3_seed20600613,2.3327310810896456,0.9410669125985043,1.684913703017182
(f),LCDF_08,VARIANT_LOW,21,D3_seed20600613,0.707791045865616,0.30488746242036746,0.5675419415134328
(f),LCDF_08,VARIANT_LOW,17,D3_seed20600613,1.0747144666796646,0.4492041002456335,0.8215597785421024
(f),LCDF_08,VARIANT_LOW,5,D3_seed20600613,2.101132576577209,0.8508657773889029,1.5269393091243677
(f),LCDF_08,VARIANT_LOW,8,D3_seed20600613,1.8581732194335587,0.7560543151455431,1.3606942439612666
(f),LCDF_08,VARIANT_LOW,27,D3_seed20600613,0.15177478928502025,0.08335354679778104,0.17753195121026352
(f),LCDF_08,VARIANT_LOW,29,D3_seed20600613,0.06846594974800226,0.008909660076143352,0.048509203702934225
(f),LCDF_08,VARIANT_MAIN,9,D3_seed20600613,2.3665310097016055,0.964691826121309,1.738133571900994
(f),LCDF_08,VARIANT_MAIN,10,D3_seed20600613,2.2540637461433057,0.9207230832121627,1.6609558363520467
(f),LCDF_08,VARIANT_MAIN,31,D3_seed20600613,0.3202394346342152,0.08753370705256813,0.11760518490921035
(f),LCDF_08,VARIANT_MAIN,4,D3_seed20600613,2.906241402998447,1.1753043708281177,2.1074227585171394
(f),LCDF_08,VARIANT_MAIN,5,D3_seed20600613,2.801536298835919,1.1344979316398311,2.0359279388228533
(f),LCDF_08,VARIANT_MAIN,6,D3_seed20600613,2.6951476866287076,1.0930082668854237,1.9632073870563798
(f),LCDF_08,VARIANT_MAIN,3,D3_seed20600613,3.0091995739536954,1.2154030008656103,2.177648727605097
(f),LCDF_08,VARIANT_MAIN,14,D3_seed20600613,1.7913892142019512,0.7395733547039323,1.3427259514446142
(f),LCDF_08,VARIANT_MAIN,22,D3_seed20600613,0.8199668157253336,0.3577265916699744,0.67080170915757
(f),LCDF_08,VARIANT_MAIN,12,D3_seed20600613,2.025146763654006,0.831149063607165,1.5036493060095102
(f),LCDF_08,VARIANT_MAIN,8,D3_seed20600613,2.4775789799416406,1.0080796338343663,1.8142652682852778
(f),LCDF_08,VARIANT_MAIN,0,D3_seed20600613,3.3069749011352623,1.3312126712475456,2.380294052234518
(f),LCDF_08,VARIANT_MAIN,29,D3_seed20600613,0.09128942938929391,0.011879546799834636,0.0646789387131789
(f),LCDF_08,VARIANT_MAIN,17,D3_seed20600613,1.432949152890876,0.5989403579007994,1.095414427975912
(f),LCDF_08,VARIANT_MAIN,30,D3_seed20600613,0.19904044091767775,0.03788486340234302,0.036223489960080076
(f),LCDF_08,VARIANT_MAIN,16,D3_seed20600613,1.553370065939685,0.6462165496020724,1.1785755099154749
(f),LCDF_08,VARIANT_MAIN,13,D3_seed20600613,1.908837321475683,0.7855977399252035,1.4236155893855844
(f),LCDF_08,VARIANT_MAIN,28,D3_seed20600613,0.09369608653332857,0.061504874478866135,0.14979230846143907
(f),LCDF_08,VARIANT_MAIN,2,D3_seed20600613,3.1103484860874193,1.2547696637599934,2.2465634982669225
(f),LCDF_08,VARIANT_MAIN,21,D3_seed20600613,0.9437166743148585,0.4065171191390134,0.7567230501421119
(f),LCDF_08,VARIANT_MAIN,18,D3_seed20600613,1.3116905130097323,0.5513035276698894,1.0115968892654434
(f),LCDF_08,VARIANT_MAIN,23,D3_seed20600613,0.6958584387126832,0.30872074574507335,0.5844907853050381
(f),LCDF_08,VARIANT_MAIN,1,D3_seed20600613,3.2096269417827568,1.293380641676948,2.3141255177072573
(f),LCDF_08,VARIANT_MAIN,25,D3_seed20600613,0.4473151116673105,0.21018147429860914,0.41094465254139256
(f),LCDF_08,VARIANT_MAIN,26,D3_seed20600613,0.3236871527402739,0.16070767233669783,0.32385660047513415
(f),LCDF_08,VARIANT_MAIN,19,D3_seed20600613,1.1896747644647678,0.5033347511521497,0.9271742641013566
(f),LCDF_08,VARIANT_MAIN,7,D3_seed20600613,2.587140064535571,1.0508603709245816,1.8893049680151275
(f),LCDF_08,VARIANT_MAIN,27,D3_seed20600613,0.20236472567577718,0.11113807528785426,0.2367092833187489
(f),LCDF_08,VARIANT_MAIN,20,D3_seed20600613,1.0669865202405766,0.45506292199306336,0.8421986502866128
(f),LCDF_08,VARIANT_MAIN,24,D3_seed20600613,0.5715542577862901,0.259529136623785,0.4978497550930689
(f),LCDF_08,VARIANT_MAIN,11,D3_seed20600613,2.140245791376112,0.876199889735948,1.582778669239759
(f),LCDF_08,VARIANT_MAIN,15,D3_seed20600613,1.672875373140799,0.6931036284480109,1.2610293997645459
