force_call,accepted_step,edge_count,edge_identity_sha256
1,0,82944,6a242012867dc8b837e29b1a8324e93d22fc3f743ff363b5f117270d386b5a71
2,1,82944,6a242012867dc8b837e29b1a8324e93d22fc3f743ff363b5f117270d386b5a71
3,1,82944,6a242012867dc8b837e29b1a8324e93d22fc3f743ff363b5f117270d386b5a71
4,2,82944,6a242012867dc8b837e29b1a8324e93d22fc3f743ff363b5f117270d386b5a71
5,2,82944,6a242012867dc8b837e29b1a8324e93d22fc3f743ff363b5f117270d386b5a71
6,3,82944,6a242012867dc8b837e29b1a8324e93d22fc3f743ff363b5f117270d386b5a71
7,3,82944,6a242012867dc8b837e29b1a8324e93d22fc3f743ff363b5f117270d386b5a71
8,4,82944,6a242012867dc8b837e29b1a8324e93d22fc3f743ff363b5f117270d386b5a71
9,4,82944,6a242012867dc8b837e29b1a8324e93d22fc3f743ff363b5f117270d386b5a71
10,5,82944,6a242012867dc8b837e29b1a8324e93d22fc3f743ff363b5f117270d386b5a71
11,5,82944,6a242012867dc8b837e29b1a8324e93d22fc3f743ff363b5f117270d386b5a71
12,6,82944,6a242012867dc8b837e29b1a8324e93d22fc3f743ff363b5f117270d386b5a71
13,6,82944,6a242012867dc8b837e29b1a8324e93d22fc3f743ff363b5f117270d386b5a71
14,7,82944,6a242012867dc8b837e29b1a8324e93d22fc3f743ff363b5f117270d386b5a71
15,7,82944,6a242012867dc8b837e29b1a8324e93d22fc3f743ff363b5f117270d386b5a71
16,8,82944,6a242012867dc8b837e29b1a8324e93d22fc3f743ff363b5f117270d386b5a71
17,8,82944,6a242012867dc8b837e29b1a8324e93d22fc3f743ff363b5f117270d386b5a71
18,9,82944,6a242012867dc8b837e29b1a8324e93d22fc3f743ff363b5f117270d386b5a71
19,9,82944,6a242012867dc8b837e29b1a8324e93d22fc3f743ff363b5f117270d386b5a71
20,10,82944,6a242012867dc8b837e29b1a8324e93d22fc3f743ff363b5f117270d386b5a71
21,10,82944,6a242012867dc8b837e29b1a8324e93d22fc3f743ff363b5f117270d386b5a71
22,11,82944,6a242012867dc8b837e29b1a8324e93d22fc3f743ff363b5f117270d386b5a71
23,11,82944,6a242012867dc8b837e29b1a8324e93d22fc3f743ff363b5f117270d386b5a71
24,12,82944,6a242012867dc8b837e29b1a8324e93d22fc3f743ff363b5f117270d386b5a71
25,12,82944,6a242012867dc8b837e29b1a8324e93d22fc3f743ff363b5f117270d386b5a71
26,13,82944,6a242012867dc8b837e29b1a8324e93d22fc3f743ff363b5f117270d386b5a71
27,13,82944,6a242012867dc8b837e29b1a8324e93d22fc3f743ff363b5f117270d386b5a71
28,14,82944,6a242012867dc8b837e29b1a8324e93d22fc3f743ff363b5f117270d386b5a71
29,14,82944,6a242012867dc8b837e29b1a8324e93d22fc3f743ff363b5f117270d386b5a71
30,15,82944,6a242012867dc8b837e29b1a8324e93d22fc3f743ff363b5f117270d386b5a71
31,15,82944,6a242012867dc8b837e29b1a8324e93d22fc3f743ff363b5f117270d386b5a71
32,16,82944,6a242012867dc8b837e29b1a8324e93d22fc3f743ff363b5f117270d386b5a71
33,16,82944,6a242012867dc8b837e29b1a8324e93d22fc3f743ff363b5f117270d386b5a71
34,17,82944,6a242012867dc8b837e29b1a8324e93d22fc3f743ff363b5f117270d386b5a71
35,17,82944,6a242012867dc8b837e29b1a8324e93d22fc3f743ff363b5f117270d386b5a71
36,18,82944,6a242012867dc8b837e29b1a8324e93d22fc3f743ff363b5f117270d386b5a71
37,18,82944,6a242012867dc8b837e29b1a8324e93d22fc3f743ff363b5f117270d386b5a71
38,19,82944,6a242012867dc8b837e29b1a8324e93d22fc3f743ff363b5f117270d386b5a71
39,19,82944,6a242012867dc8b837e29b1a8324e93d22fc3f743ff363b5f117270d386b5a71
40,20,82944,6a242012867dc8b837e29b1a8324e93d22fc3f743ff363b5f117270d386b5a71
41,20,82944,6a242012867dc8b837e29b1a8324e93d22fc3f743ff363b5f117270d386b5a71
42,21,82944,6a242012867dc8b837e29b1a8324e93d22fc3f743ff363b5f117270d386b5a71
43,21,82944,6a242012867dc8b837e29b1a8324e93d22fc3f743ff363b5f117270d386b5a71
44,22,82944,6a242012867dc8b837e29b1a8324e93d22fc3f743ff363b5f117270d386b5a71
45,22,82944,6a242012867dc8b837e29b1a8324e93d22fc3f743ff363b5f117270d386b5a71
46,23,82944,6a242012867dc8b837e29b1a8324e93d22fc3f743ff363b5f117270d386b5a71
47,23,82944,6a242012867dc8b837e29b1a8324e93d22fc3f743ff363b5f117270d386b5a71
48,24,82944,6a242012867dc8b837e29b1a8324e93d22fc3f743ff363b5f117270d386b5a71
49,24,82944,6a242012867dc8b837e29b1a8324e93d22fc3f743ff363b5f117270d386b5a71
50,25,82944,6a242012867dc8b837e29b1a8324e93d22fc3f743ff363b5f117270d386b5a71
51,25,82944,6a242012867dc8b837e29b1a8324e93d22fc3f743ff363b5f117270d386b5a71
52,26,82944,6a242012867dc8b837e29b1a8324e93d22fc3f743ff363b5f117270d386b5a71
53,26,82944,6a242012867dc8b837e29b1a8324e93d22fc3f743ff363b5f117270d386b5a71
54,27,82944,6a242012867dc8b837e29b1a8324e93d22fc3f743ff363b5f117270d386b5a71
55,27,82944,6a242012867dc8b837e29b1a8324e93d22fc3f743ff363b5f117270d386b5a71
56,28,82944,6a242012867dc8b837e29b1a8324e93d22fc3f743ff363b5f117270d386b5a71
57,28,82944,6a242012867dc8b837e29b1a8324e93d22fc3f743ff363b5f117270d386b5a71
58,29,82944,6a242012867dc8b837e29b1a8324e93d22fc3f743ff363b5f117270d386b5a71
59,29,82944,6a242012867dc8b837e29b1a8324e93d22fc3f743ff363b5f117270d386b5a71
60,30,82944,6a242012867dc8b837e29b1a8324e93d22fc3f743ff363b5f117270d386b5a71
61,30,82944,6a242012867dc8b837e29b1a8324e93d22fc3f743ff363b5f117270d386b5a71
62,31,82944,6a242012867dc8b837e29b1a8324e93d22fc3f743ff363b5f117270d386b5a71
63,31,82944,6a242012867dc8b837e29b1a8324e93d22fc3f743ff363b5f117270d386b5a71
64,32,82944,6a242012867dc8b837e29b1a8324e93d22fc3f743ff363b5f117270d386b5a71
65,32,82944,6a242012867dc8b837e29b1a8324e93d22fc3f743ff363b5f117270d386b5a71
66,33,82944,6a242012867dc8b837e29b1a8324e93d22fc3f743ff363b5f117270d386b5a71
67,33,82944,6a242012867dc8b837e29b1a8324e93d22fc3f743ff363b5f117270d386b5a71
68,34,82944,6a242012867dc8b837e29b1a8324e93d22fc3f743ff363b5f117270d386b5a71
69,34,82944,6a242012867dc8b837e29b1a8324e93d22fc3f743ff363b5f117270d386b5a71
70,35,82944,6a242012867dc8b837e29b1a8324e93d22fc3f743ff363b5f117270d386b5a71
71,35,82944,6a242012867dc8b837e29b1a8324e93d22fc3f743ff363b5f117270d386b5a71
72,36,82944,6a242012867dc8b837e29b1a8324e93d22fc3f743ff363b5f117270d386b5a71
73,36,82944,6a242012867dc8b837e29b1a8324e93d22fc3f743ff363b5f117270d386b5a71
74,37,82944,6a242012867dc8b837e29b1a8324e93d22fc3f743ff363b5f117270d386b5a71
75,37,82944,6a242012867dc8b837e29b1a8324e93d22fc3f743ff363b5f117270d386b5a71
76,38,82944,6a242012867dc8b837e29b1a8324e93d22fc3f743ff363b5f117270d386b5a71
77,38,82944,6a242012867dc8b837e29b1a8324e93d22fc3f743ff363b5f117270d386b5a71
78,39,82944,6a242012867dc8b837e29b1a8324e93d22fc3f743ff363b5f117270d386b5a71
79,39,82944,6a242012867dc8b837e29b1a8324e93d22fc3f743ff363b5f117270d386b5a71
80,40,82944,6a242012867dc8b837e29b1a8324e93d22fc3f743ff363b5f117270d386b5a71
81,40,82944,6a242012867dc8b837e29b1a8324e93d22fc3f743ff363b5f117270d386b5a71
82,41,82944,6a242012867dc8b837e29b1a8324e93d22fc3f743ff363b5f117270d386b5a71
83,41,82944,6a242012867dc8b837e29b1a8324e93d22fc3f743ff363b5f117270d386b5a71
84,42,82944,6a242012867dc8b837e29b1a8324e93d22fc3f743ff363b5f117270d386b5a71
85,42,82944,6a242012867dc8b837e29b1a8324e93d22fc3f743ff363b5f117270d386b5a71
86,43,82944,6a242012867dc8b837e29b1a8324e93d22fc3f743ff363b5f117270d386b5a71
87,43,82944,6a242012867dc8b837e29b1a8324e93d22fc3f743ff363b5f117270d386b5a71
88,44,82944,6a242012867dc8b837e29b1a8324e93d22fc3f743ff363b5f117270d386b5a71
89,44,82944,6a242012867dc8b837e29b1a8324e93d22fc3f743ff363b5f117270d386b5a71
90,45,82944,6a242012867dc8b837e29b1a8324e93d22fc3f743ff363b5f117270d386b5a71
91,45,82944,6a242012867dc8b837e29b1a8324e93d22fc3f743ff363b5f117270d386b5a71
92,46,82944,6a242012867dc8b837e29b1a8324e93d22fc3f743ff363b5f117270d386b5a71
93,46,82944,6a242012867dc8b837e29b1a8324e93d22fc3f743ff363b5f117270d386b5a71
94,47,82944,6a242012867dc8b837e29b1a8324e93d22fc3f743ff363b5f117270d386b5a71
95,47,82944,6a242012867dc8b837e29b1a8324e93d22fc3f743ff363b5f117270d386b5a71
96,48,82944,6a242012867dc8b837e29b1a8324e93d22fc3f743ff363b5f117270d386b5a71
97,48,82944,6a242012867dc8b837e29b1a8324e93d22fc3f743ff363b5f117270d386b5a71
98,49,82944,6a242012867dc8b837e29b1a8324e93d22fc3f743ff363b5f117270d386b5a71
99,49,82944,6a242012867dc8b837e29b1a8324e93d22fc3f743ff363b5f117270d386b5a71
100,50,82944,6a242012867dc8b837e29b1a8324e93d22fc3f743ff363b5f117270d386b5a71
101,50,82944,6a242012867dc8b837e29b1a8324e93d22fc3f743ff363b5f117270d386b5a71
102,51,82944,6a242012867dc8b837e29b1a8324e93d22fc3f743ff363b5f117270d386b5a71
103,51,82944,6a242012867dc8b837e29b1a8324e93d22fc3f743ff363b5f117270d386b5a71
104,52,82944,6a242012867dc8b837e29b1a8324e93d22fc3f743ff363b5f117270d386b5a71
105,52,82944,6a242012867dc8b837e29b1a8324e93d22fc3f743ff363b5f117270d386b5a71
106,53,82944,6a242012867dc8b837e29b1a8324e93d22fc3f743ff363b5f117270d386b5a71
107,53,82944,6a242012867dc8b837e29b1a8324e93d22fc3f743ff363b5f117270d386b5a71
108,54,82944,6a242012867dc8b837e29b1a8324e93d22fc3f743ff363b5f117270d386b5a71
109,54,82944,6a242012867dc8b837e29b1a8324e93d22fc3f743ff363b5f117270d386b5a71
110,55,82944,6a242012867dc8b837e29b1a8324e93d22fc3f743ff363b5f117270d386b5a71
111,55,82944,6a242012867dc8b837e29b1a8324e93d22fc3f743ff363b5f117270d386b5a71
112,56,82944,6a242012867dc8b837e29b1a8324e93d22fc3f743ff363b5f117270d386b5a71
113,56,82944,6a242012867dc8b837e29b1a8324e93d22fc3f743ff363b5f117270d386b5a71
114,57,82944,6a242012867dc8b837e29b1a8324e93d22fc3f743ff363b5f117270d386b5a71
115,57,82944,6a242012867dc8b837e29b1a8324e93d22fc3f743ff363b5f117270d386b5a71
116,58,82944,6a242012867dc8b837e29b1a8324e93d22fc3f743ff363b5f117270d386b5a71
117,58,82944,6a242012867dc8b837e29b1a8324e93d22fc3f743ff363b5f117270d386b5a71
118,59,82944,6a242012867dc8b837e29b1a8324e93d22fc3f743ff363b5f117270d386b5a71
119,59,82944,6a242012867dc8b837e29b1a8324e93d22fc3f743ff363b5f117270d386b5a71
120,60,82944,6a242012867dc8b837e29b1a8324e93d22fc3f743ff363b5f117270d386b5a71
121,60,82944,6a242012867dc8b837e29b1a8324e93d22fc3f743ff363b5f117270d386b5a71
122,61,82944,6a242012867dc8b837e29b1a8324e93d22fc3f743ff363b5f117270d386b5a71
123,61,82944,6a242012867dc8b837e29b1a8324e93d22fc3f743ff363b5f117270d386b5a71
124,62,82944,6a242012867dc8b837e29b1a8324e93d22fc3f743ff363b5f117270d386b5a71
125,62,82944,6a242012867dc8b837e29b1a8324e93d22fc3f743ff363b5f117270d386b5a71
126,63,82944,6a242012867dc8b837e29b1a8324e93d22fc3f743ff363b5f117270d386b5a71
127,63,82944,6a242012867dc8b837e29b1a8324e93d22fc3f743ff363b5f117270d386b5a71
128,64,82944,6a242012867dc8b837e29b1a8324e93d22fc3f743ff363b5f117270d386b5a71
129,64,82944,6a242012867dc8b837e29b1a8324e93d22fc3f743ff363b5f117270d386b5a71
130,65,82944,6a242012867dc8b837e29b1a8324e93d22fc3f743ff363b5f117270d386b5a71
131,65,82944,6a242012867dc8b837e29b1a8324e93d22fc3f743ff363b5f117270d386b5a71
132,66,82944,6a242012867dc8b837e29b1a8324e93d22fc3f743ff363b5f117270d386b5a71
133,66,82944,6a242012867dc8b837e29b1a8324e93d22fc3f743ff363b5f117270d386b5a71
134,67,82944,6a242012867dc8b837e29b1a8324e93d22fc3f743ff363b5f117270d386b5a71
135,67,82944,6a242012867dc8b837e29b1a8324e93d22fc3f743ff363b5f117270d386b5a71
136,68,82944,6a242012867dc8b837e29b1a8324e93d22fc3f743ff363b5f117270d386b5a71
137,68,82944,6a242012867dc8b837e29b1a8324e93d22fc3f743ff363b5f117270d386b5a71
138,69,82944,6a242012867dc8b837e29b1a8324e93d22fc3f743ff363b5f117270d386b5a71
139,69,82944,6a242012867dc8b837e29b1a8324e93d22fc3f743ff363b5f117270d386b5a71
140,70,82944,6a242012867dc8b837e29b1a8324e93d22fc3f743ff363b5f117270d386b5a71
141,70,82944,6a242012867dc8b837e29b1a8324e93d22fc3f743ff363b5f117270d386b5a71
142,71,82944,6a242012867dc8b837e29b1a8324e93d22fc3f743ff363b5f117270d386b5a71
143,71,82944,6a242012867dc8b837e29b1a8324e93d22fc3f743ff363b5f117270d386b5a71
144,72,82944,6a242012867dc8b837e29b1a8324e93d22fc3f743ff363b5f117270d386b5a71
145,72,82944,6a242012867dc8b837e29b1a8324e93d22fc3f743ff363b5f117270d386b5a71
146,73,82944,6a242012867dc8b837e29b1a8324e93d22fc3f743ff363b5f117270d386b5a71
147,73,82944,6a242012867dc8b837e29b1a8324e93d22fc3f743ff363b5f117270d386b5a71
148,74,82944,6a242012867dc8b837e29b1a8324e93d22fc3f743ff363b5f117270d386b5a71
149,74,82944,6a242012867dc8b837e29b1a8324e93d22fc3f743ff363b5f117270d386b5a71
150,75,82944,6a242012867dc8b837e29b1a8324e93d22fc3f743ff363b5f117270d386b5a71
151,75,82944,6a242012867dc8b837e29b1a8324e93d22fc3f743ff363b5f117270d386b5a71
152,76,82944,6a242012867dc8b837e29b1a8324e93d22fc3f743ff363b5f117270d386b5a71
153,76,82944,6a242012867dc8b837e29b1a8324e93d22fc3f743ff363b5f117270d386b5a71
154,77,82944,6a242012867dc8b837e29b1a8324e93d22fc3f743ff363b5f117270d386b5a71
155,77,82944,6a242012867dc8b837e29b1a8324e93d22fc3f743ff363b5f117270d386b5a71
156,78,82944,6a242012867dc8b837e29b1a8324e93d22fc3f743ff363b5f117270d386b5a71
157,78,82944,6a242012867dc8b837e29b1a8324e93d22fc3f743ff363b5f117270d386b5a71
158,79,82944,6a242012867dc8b837e29b1a8324e93d22fc3f743ff363b5f117270d386b5a71
159,79,82944,6a242012867dc8b837e29b1a8324e93d22fc3f743ff363b5f117270d386b5a71
160,80,82944,6a242012867dc8b837e29b1a8324e93d22fc3f743ff363b5f117270d386b5a71
161,80,82944,6a242012867dc8b837e29b1a8324e93d22fc3f743ff363b5f117270d386b5a71
162,81,82944,6a242012867dc8b837e29b1a8324e93d22fc3f743ff363b5f117270d386b5a71
163,81,82944,6a242012867dc8b837e29b1a8324e93d22fc3f743ff363b5f117270d386b5a71
164,82,82944,6a242012867dc8b837e29b1a8324e93d22fc3f743ff363b5f117270d386b5a71
165,82,82944,6a242012867dc8b837e29b1a8324e93d22fc3f743ff363b5f117270d386b5a71
166,83,82944,6a242012867dc8b837e29b1a8324e93d22fc3f743ff363b5f117270d386b5a71
167,83,82944,6a242012867dc8b837e29b1a8324e93d22fc3f743ff363b5f117270d386b5a71
168,84,82944,6a242012867dc8b837e29b1a8324e93d22fc3f743ff363b5f117270d386b5a71
169,84,82944,6a242012867dc8b837e29b1a8324e93d22fc3f743ff363b5f117270d386b5a71
170,85,82944,6a242012867dc8b837e29b1a8324e93d22fc3f743ff363b5f117270d386b5a71
171,85,82944,6a242012867dc8b837e29b1a8324e93d22fc3f743ff363b5f117270d386b5a71
172,86,82944,6a242012867dc8b837e29b1a8324e93d22fc3f743ff363b5f117270d386b5a71
173,86,82944,6a242012867dc8b837e29b1a8324e93d22fc3f743ff363b5f117270d386b5a71
174,87,82944,6a242012867dc8b837e29b1a8324e93d22fc3f743ff363b5f117270d386b5a71
175,87,82944,6a242012867dc8b837e29b1a8324e93d22fc3f743ff363b5f117270d386b5a71
176,88,82944,6a242012867dc8b837e29b1a8324e93d22fc3f743ff363b5f117270d386b5a71
177,88,82944,6a242012867dc8b837e29b1a8324e93d22fc3f743ff363b5f117270d386b5a71
178,89,82944,6a242012867dc8b837e29b1a8324e93d22fc3f743ff363b5f117270d386b5a71
179,89,82944,6a242012867dc8b837e29b1a8324e93d22fc3f743ff363b5f117270d386b5a71
180,90,82944,6a242012867dc8b837e29b1a8324e93d22fc3f743ff363b5f117270d386b5a71
181,90,82944,6a242012867dc8b837e29b1a8324e93d22fc3f743ff363b5f117270d386b5a71
182,91,82944,6a242012867dc8b837e29b1a8324e93d22fc3f743ff363b5f117270d386b5a71
183,91,82944,6a242012867dc8b837e29b1a8324e93d22fc3f743ff363b5f117270d386b5a71
184,92,82944,6a242012867dc8b837e29b1a8324e93d22fc3f743ff363b5f117270d386b5a71
185,92,82944,6a242012867dc8b837e29b1a8324e93d22fc3f743ff363b5f117270d386b5a71
186,93,82944,6a242012867dc8b837e29b1a8324e93d22fc3f743ff363b5f117270d386b5a71
187,93,82944,6a242012867dc8b837e29b1a8324e93d22fc3f743ff363b5f117270d386b5a71
188,94,82944,6a242012867dc8b837e29b1a8324e93d22fc3f743ff363b5f117270d386b5a71
189,94,82944,6a242012867dc8b837e29b1a8324e93d22fc3f743ff363b5f117270d386b5a71
190,95,82944,6a242012867dc8b837e29b1a8324e93d22fc3f743ff363b5f117270d386b5a71
191,95,82944,6a242012867dc8b837e29b1a8324e93d22fc3f743ff363b5f117270d386b5a71
192,96,82944,6a242012867dc8b837e29b1a8324e93d22fc3f743ff363b5f117270d386b5a71
193,96,82944,6a242012867dc8b837e29b1a8324e93d22fc3f743ff363b5f117270d386b5a71
194,97,82944,6a242012867dc8b837e29b1a8324e93d22fc3f743ff363b5f117270d386b5a71
195,97,82944,6a242012867dc8b837e29b1a8324e93d22fc3f743ff363b5f117270d386b5a71
196,98,82944,6a242012867dc8b837e29b1a8324e93d22fc3f743ff363b5f117270d386b5a71
197,98,82944,6a242012867dc8b837e29b1a8324e93d22fc3f743ff363b5f117270d386b5a71
198,99,82944,6a242012867dc8b837e29b1a8324e93d22fc3f743ff363b5f117270d386b5a71
199,99,82944,6a242012867dc8b837e29b1a8324e93d22fc3f743ff363b5f117270d386b5a71
200,100,82944,6a242012867dc8b837e29b1a8324e93d22fc3f743ff363b5f117270d386b5a71
201,100,82944,6a242012867dc8b837e29b1a8324e93d22fc3f743ff363b5f117270d386b5a71
202,101,82944,6a242012867dc8b837e29b1a8324e93d22fc3f743ff363b5f117270d386b5a71
203,101,82944,6a242012867dc8b837e29b1a8324e93d22fc3f743ff363b5f117270d386b5a71
204,102,82944,6a242012867dc8b837e29b1a8324e93d22fc3f743ff363b5f117270d386b5a71
205,102,82944,6a242012867dc8b837e29b1a8324e93d22fc3f743ff363b5f117270d386b5a71
206,103,82944,6a242012867dc8b837e29b1a8324e93d22fc3f743ff363b5f117270d386b5a71
207,103,82944,6a242012867dc8b837e29b1a8324e93d22fc3f743ff363b5f117270d386b5a71
208,104,82944,6a242012867dc8b837e29b1a8324e93d22fc3f743ff363b5f117270d386b5a71
209,104,82944,6a242012867dc8b837e29b1a8324e93d22fc3f743ff363b5f117270d386b5a71
210,105,82944,6a242012867dc8b837e29b1a8324e93d22fc3f743ff363b5f117270d386b5a71
211,105,82944,6a242012867dc8b837e29b1a8324e93d22fc3f743ff363b5f117270d386b5a71
212,106,82944,6a242012867dc8b837e29b1a8324e93d22fc3f743ff363b5f117270d386b5a71
213,106,82944,6a242012867dc8b837e29b1a8324e93d22fc3f743ff363b5f117270d386b5a71
214,107,82944,6a242012867dc8b837e29b1a8324e93d22fc3f743ff363b5f117270d386b5a71
215,107,82944,6a242012867dc8b837e29b1a8324e93d22fc3f743ff363b5f117270d386b5a71
216,108,82944,6a242012867dc8b837e29b1a8324e93d22fc3f743ff363b5f117270d386b5a71
217,108,82944,6a242012867dc8b837e29b1a8324e93d22fc3f743ff363b5f117270d386b5a71
218,109,82944,6a242012867dc8b837e29b1a8324e93d22fc3f743ff363b5f117270d386b5a71
219,109,82944,6a242012867dc8b837e29b1a8324e93d22fc3f743ff363b5f117270d386b5a71
220,110,82944,6a242012867dc8b837e29b1a8324e93d22fc3f743ff363b5f117270d386b5a71
221,110,82944,6a242012867dc8b837e29b1a8324e93d22fc3f743ff363b5f117270d386b5a71
222,111,82944,6a242012867dc8b837e29b1a8324e93d22fc3f743ff363b5f117270d386b5a71
223,111,82944,6a242012867dc8b837e29b1a8324e93d22fc3f743ff363b5f117270d386b5a71
224,112,82944,6a242012867dc8b837e29b1a8324e93d22fc3f743ff363b5f117270d386b5a71
225,112,82944,6a242012867dc8b837e29b1a8324e93d22fc3f743ff363b5f117270d386b5a71
226,113,82944,6a242012867dc8b837e29b1a8324e93d22fc3f743ff363b5f117270d386b5a71
227,113,82944,6a242012867dc8b837e29b1a8324e93d22fc3f743ff363b5f117270d386b5a71
228,114,82944,6a242012867dc8b837e29b1a8324e93d22fc3f743ff363b5f117270d386b5a71
229,114,82944,6a242012867dc8b837e29b1a8324e93d22fc3f743ff363b5f117270d386b5a71
230,115,82944,6a242012867dc8b837e29b1a8324e93d22fc3f743ff363b5f117270d386b5a71
231,115,82944,6a242012867dc8b837e29b1a8324e93d22fc3f743ff363b5f117270d386b5a71
232,116,82944,6a242012867dc8b837e29b1a8324e93d22fc3f743ff363b5f117270d386b5a71
233,116,82944,6a242012867dc8b837e29b1a8324e93d22fc3f743ff363b5f117270d386b5a71
234,117,82944,6a242012867dc8b837e29b1a8324e93d22fc3f743ff363b5f117270d386b5a71
235,117,82944,6a242012867dc8b837e29b1a8324e93d22fc3f743ff363b5f117270d386b5a71
236,118,82944,6a242012867dc8b837e29b1a8324e93d22fc3f743ff363b5f117270d386b5a71
237,118,82944,6a242012867dc8b837e29b1a8324e93d22fc3f743ff363b5f117270d386b5a71
238,119,82944,6a242012867dc8b837e29b1a8324e93d22fc3f743ff363b5f117270d386b5a71
239,119,82944,6a242012867dc8b837e29b1a8324e93d22fc3f743ff363b5f117270d386b5a71
240,120,82944,6a242012867dc8b837e29b1a8324e93d22fc3f743ff363b5f117270d386b5a71
241,120,82944,6a242012867dc8b837e29b1a8324e93d22fc3f743ff363b5f117270d386b5a71
242,121,82944,6a242012867dc8b837e29b1a8324e93d22fc3f743ff363b5f117270d386b5a71
243,121,82944,6a242012867dc8b837e29b1a8324e93d22fc3f743ff363b5f117270d386b5a71
244,122,82944,6a242012867dc8b837e29b1a8324e93d22fc3f743ff363b5f117270d386b5a71
245,122,82944,6a242012867dc8b837e29b1a8324e93d22fc3f743ff363b5f117270d386b5a71
246,123,82944,6a242012867dc8b837e29b1a8324e93d22fc3f743ff363b5f117270d386b5a71
247,123,82944,6a242012867dc8b837e29b1a8324e93d22fc3f743ff363b5f117270d386b5a71
248,124,82944,6a242012867dc8b837e29b1a8324e93d22fc3f743ff363b5f117270d386b5a71
249,124,82944,6a242012867dc8b837e29b1a8324e93d22fc3f743ff363b5f117270d386b5a71
250,125,82944,6a242012867dc8b837e29b1a8324e93d22fc3f743ff363b5f117270d386b5a71
251,125,82944,6a242012867dc8b837e29b1a8324e93d22fc3f743ff363b5f117270d386b5a71
252,126,82944,6a242012867dc8b837e29b1a8324e93d22fc3f743ff363b5f117270d386b5a71
253,126,82944,6a242012867dc8b837e29b1a8324e93d22fc3f743ff363b5f117270d386b5a71
254,127,82944,6a242012867dc8b837e29b1a8324e93d22fc3f743ff363b5f117270d386b5a71
255,127,82944,6a242012867dc8b837e29b1a8324e93d22fc3f743ff363b5f117270d386b5a71
256,128,82944,6a242012867dc8b837e29b1a8324e93d22fc3f743ff363b5f117270d386b5a71
257,128,82944,6a242012867dc8b837e29b1a8324e93d22fc3f743ff363b5f117270d386b5a71
258,129,82944,6a242012867dc8b837e29b1a8324e93d22fc3f743ff363b5f117270d386b5a71
259,129,82944,6a242012867dc8b837e29b1a8324e93d22fc3f743ff363b5f117270d386b5a71
260,130,82944,6a242012867dc8b837e29b1a8324e93d22fc3f743ff363b5f117270d386b5a71
261,130,82944,6a242012867dc8b837e29b1a8324e93d22fc3f743ff363b5f117270d386b5a71
262,131,82944,6a242012867dc8b837e29b1a8324e93d22fc3f743ff363b5f117270d386b5a71
263,131,82944,6a242012867dc8b837e29b1a8324e93d22fc3f743ff363b5f117270d386b5a71
264,132,82944,6a242012867dc8b837e29b1a8324e93d22fc3f743ff363b5f117270d386b5a71
265,132,82944,6a242012867dc8b837e29b1a8324e93d22fc3f743ff363b5f117270d386b5a71
266,133,82944,6a242012867dc8b837e29b1a8324e93d22fc3f743ff363b5f117270d386b5a71
267,133,82944,6a242012867dc8b837e29b1a8324e93d22fc3f743ff363b5f117270d386b5a71
268,134,82944,6a242012867dc8b837e29b1a8324e93d22fc3f743ff363b5f117270d386b5a71
269,134,82944,6a242012867dc8b837e29b1a8324e93d22fc3f743ff363b5f117270d386b5a71
270,135,82944,6a242012867dc8b837e29b1a8324e93d22fc3f743ff363b5f117270d386b5a71
271,135,82944,6a242012867dc8b837e29b1a8324e93d22fc3f743ff363b5f117270d386b5a71
272,136,82944,6a242012867dc8b837e29b1a8324e93d22fc3f743ff363b5f117270d386b5a71
273,136,82944,6a242012867dc8b837e29b1a8324e93d22fc3f743ff363b5f117270d386b5a71
274,137,82944,6a242012867dc8b837e29b1a8324e93d22fc3f743ff363b5f117270d386b5a71
275,137,82944,6a242012867dc8b837e29b1a8324e93d22fc3f743ff363b5f117270d386b5a71
276,138,82944,6a242012867dc8b837e29b1a8324e93d22fc3f743ff363b5f117270d386b5a71
277,138,82944,6a242012867dc8b837e29b1a8324e93d22fc3f743ff363b5f117270d386b5a71
278,139,82944,6a242012867dc8b837e29b1a8324e93d22fc3f743ff363b5f117270d386b5a71
279,139,82944,6a242012867dc8b837e29b1a8324e93d22fc3f743ff363b5f117270d386b5a71
280,140,82944,6a242012867dc8b837e29b1a8324e93d22fc3f743ff363b5f117270d386b5a71
281,140,82944,6a242012867dc8b837e29b1a8324e93d22fc3f743ff363b5f117270d386b5a71
282,141,82944,6a242012867dc8b837e29b1a8324e93d22fc3f743ff363b5f117270d386b5a71
283,141,82944,6a242012867dc8b837e29b1a8324e93d22fc3f743ff363b5f117270d386b5a71
284,142,82944,6a242012867dc8b837e29b1a8324e93d22fc3f743ff363b5f117270d386b5a71
285,142,82944,6a242012867dc8b837e29b1a8324e93d22fc3f743ff363b5f117270d386b5a71
286,143,82944,6a242012867dc8b837e29b1a8324e93d22fc3f743ff363b5f117270d386b5a71
287,143,82944,6a242012867dc8b837e29b1a8324e93d22fc3f743ff363b5f117270d386b5a71
288,144,82944,6a242012867dc8b837e29b1a8324e93d22fc3f743ff363b5f117270d386b5a71
289,144,82944,6a242012867dc8b837e29b1a8324e93d22fc3f743ff363b5f117270d386b5a71
290,145,82944,6a242012867dc8b837e29b1a8324e93d22fc3f743ff363b5f117270d386b5a71
291,145,82944,6a242012867dc8b837e29b1a8324e93d22fc3f743ff363b5f117270d386b5a71
292,146,82944,6a242012867dc8b837e29b1a8324e93d22fc3f743ff363b5f117270d386b5a71
293,146,82944,6a242012867dc8b837e29b1a8324e93d22fc3f743ff363b5f117270d386b5a71
294,147,82944,6a242012867dc8b837e29b1a8324e93d22fc3f743ff363b5f117270d386b5a71
295,147,82944,6a242012867dc8b837e29b1a8324e93d22fc3f743ff363b5f117270d386b5a71
296,148,82944,6a242012867dc8b837e29b1a8324e93d22fc3f743ff363b5f117270d386b5a71
297,148,82944,6a242012867dc8b837e29b1a8324e93d22fc3f743ff363b5f117270d386b5a71
298,149,82944,6a242012867dc8b837e29b1a8324e93d22fc3f743ff363b5f117270d386b5a71
299,149,82944,6a242012867dc8b837e29b1a8324e93d22fc3f743ff363b5f117270d386b5a71
300,150,82944,6a242012867dc8b837e29b1a8324e93d22fc3f743ff363b5f117270d386b5a71
301,150,82944,6a242012867dc8b837e29b1a8324e93d22fc3f743ff363b5f117270d386b5a71
302,151,82944,6a242012867dc8b837e29b1a8324e93d22fc3f743ff363b5f117270d386b5a71
303,151,82944,6a242012867dc8b837e29b1a8324e93d22fc3f743ff363b5f117270d386b5a71
304,152,82944,6a242012867dc8b837e29b1a8324e93d22fc3f743ff363b5f117270d386b5a71
305,152,82944,6a242012867dc8b837e29b1a8324e93d22fc3f743ff363b5f117270d386b5a71
306,153,82944,6a242012867dc8b837e29b1a8324e93d22fc3f743ff363b5f117270d386b5a71
307,153,82944,6a242012867dc8b837e29b1a8324e93d22fc3f743ff363b5f117270d386b5a71
308,154,82944,6a242012867dc8b837e29b1a8324e93d22fc3f743ff363b5f117270d386b5a71
309,154,82944,6a242012867dc8b837e29b1a8324e93d22fc3f743ff363b5f117270d386b5a71
310,155,82944,6a242012867dc8b837e29b1a8324e93d22fc3f743ff363b5f117270d386b5a71
311,155,82944,6a242012867dc8b837e29b1a8324e93d22fc3f743ff363b5f117270d386b5a71
312,156,82944,6a242012867dc8b837e29b1a8324e93d22fc3f743ff363b5f117270d386b5a71
313,156,82944,6a242012867dc8b837e29b1a8324e93d22fc3f743ff363b5f117270d386b5a71
314,157,82944,6a242012867dc8b837e29b1a8324e93d22fc3f743ff363b5f117270d386b5a71
315,157,82944,6a242012867dc8b837e29b1a8324e93d22fc3f743ff363b5f117270d386b5a71
316,158,82944,6a242012867dc8b837e29b1a8324e93d22fc3f743ff363b5f117270d386b5a71
317,158,82944,6a242012867dc8b837e29b1a8324e93d22fc3f743ff363b5f117270d386b5a71
318,159,82944,6a242012867dc8b837e29b1a8324e93d22fc3f743ff363b5f117270d386b5a71
319,159,82944,6a242012867dc8b837e29b1a8324e93d22fc3f743ff363b5f117270d386b5a71
320,160,82944,6a242012867dc8b837e29b1a8324e93d22fc3f743ff363b5f117270d386b5a71
321,160,82944,6a242012867dc8b837e29b1a8324e93d22fc3f743ff363b5f117270d386b5a71
322,161,82944,6a242012867dc8b837e29b1a8324e93d22fc3f743ff363b5f117270d386b5a71
323,161,82944,6a242012867dc8b837e29b1a8324e93d22fc3f743ff363b5f117270d386b5a71
324,162,82944,6a242012867dc8b837e29b1a8324e93d22fc3f743ff363b5f117270d386b5a71
325,162,82944,6a242012867dc8b837e29b1a8324e93d22fc3f743ff363b5f117270d386b5a71
326,163,82944,6a242012867dc8b837e29b1a8324e93d22fc3f743ff363b5f117270d386b5a71
327,163,82944,6a242012867dc8b837e29b1a8324e93d22fc3f743ff363b5f117270d386b5a71
328,164,82944,6a242012867dc8b837e29b1a8324e93d22fc3f743ff363b5f117270d386b5a71
329,164,82944,6a242012867dc8b837e29b1a8324e93d22fc3f743ff363b5f117270d386b5a71
330,165,82944,6a242012867dc8b837e29b1a8324e93d22fc3f743ff363b5f117270d386b5a71
331,165,82944,6a242012867dc8b837e29b1a8324e93d22fc3f743ff363b5f117270d386b5a71
332,166,82944,6a242012867dc8b837e29b1a8324e93d22fc3f743ff363b5f117270d386b5a71
333,166,82944,6a242012867dc8b837e29b1a8324e93d22fc3f743ff363b5f117270d386b5a71
334,167,82944,6a242012867dc8b837e29b1a8324e93d22fc3f743ff363b5f117270d386b5a71
335,167,82944,6a242012867dc8b837e29b1a8324e93d22fc3f743ff363b5f117270d386b5a71
336,168,82944,6a242012867dc8b837e29b1a8324e93d22fc3f743ff363b5f117270d386b5a71
337,168,82944,6a242012867dc8b837e29b1a8324e93d22fc3f743ff363b5f117270d386b5a71
338,169,82944,6a242012867dc8b837e29b1a8324e93d22fc3f743ff363b5f117270d386b5a71
339,169,82944,6a242012867dc8b837e29b1a8324e93d22fc3f743ff363b5f117270d386b5a71
340,170,82944,6a242012867dc8b837e29b1a8324e93d22fc3f743ff363b5f117270d386b5a71
341,170,82944,6a242012867dc8b837e29b1a8324e93d22fc3f743ff363b5f117270d386b5a71
342,171,82944,6a242012867dc8b837e29b1a8324e93d22fc3f743ff363b5f117270d386b5a71
343,171,82944,6a242012867dc8b837e29b1a8324e93d22fc3f743ff363b5f117270d386b5a71
344,172,82944,6a242012867dc8b837e29b1a8324e93d22fc3f743ff363b5f117270d386b5a71
345,172,82944,6a242012867dc8b837e29b1a8324e93d22fc3f743ff363b5f117270d386b5a71
346,173,82944,6a242012867dc8b837e29b1a8324e93d22fc3f743ff363b5f117270d386b5a71
347,173,82944,6a242012867dc8b837e29b1a8324e93d22fc3f743ff363b5f117270d386b5a71
348,174,82944,6a242012867dc8b837e29b1a8324e93d22fc3f743ff363b5f117270d386b5a71
349,174,82944,6a242012867dc8b837e29b1a8324e93d22fc3f743ff363b5f117270d386b5a71
350,175,82944,6a242012867dc8b837e29b1a8324e93d22fc3f743ff363b5f117270d386b5a71
351,175,82944,6a242012867dc8b837e29b1a8324e93d22fc3f743ff363b5f117270d386b5a71
352,176,82944,6a242012867dc8b837e29b1a8324e93d22fc3f743ff363b5f117270d386b5a71
353,176,82944,6a242012867dc8b837e29b1a8324e93d22fc3f743ff363b5f117270d386b5a71
354,177,82944,6a242012867dc8b837e29b1a8324e93d22fc3f743ff363b5f117270d386b5a71
355,177,82944,6a242012867dc8b837e29b1a8324e93d22fc3f743ff363b5f117270d386b5a71
356,178,82944,6a242012867dc8b837e29b1a8324e93d22fc3f743ff363b5f117270d386b5a71
357,178,82944,6a242012867dc8b837e29b1a8324e93d22fc3f743ff363b5f117270d386b5a71
358,179,82944,6a242012867dc8b837e29b1a8324e93d22fc3f743ff363b5f117270d386b5a71
359,179,82944,6a242012867dc8b837e29b1a8324e93d22fc3f743ff363b5f117270d386b5a71
360,180,82944,6a242012867dc8b837e29b1a8324e93d22fc3f743ff363b5f117270d386b5a71
361,180,82944,6a242012867dc8b837e29b1a8324e93d22fc3f743ff363b5f117270d386b5a71
362,181,82944,6a242012867dc8b837e29b1a8324e93d22fc3f743ff363b5f117270d386b5a71
363,181,82944,6a242012867dc8b837e29b1a8324e93d22fc3f743ff363b5f117270d386b5a71
364,182,82944,6a242012867dc8b837e29b1a8324e93d22fc3f743ff363b5f117270d386b5a71
365,182,82944,6a242012867dc8b837e29b1a8324e93d22fc3f743ff363b5f117270d386b5a71
366,183,82944,6a242012867dc8b837e29b1a8324e93d22fc3f743ff363b5f117270d386b5a71
367,183,82944,6a242012867dc8b837e29b1a8324e93d22fc3f743ff363b5f117270d386b5a71
368,184,82944,6a242012867dc8b837e29b1a8324e93d22fc3f743ff363b5f117270d386b5a71
369,184,82944,6a242012867dc8b837e29b1a8324e93d22fc3f743ff363b5f117270d386b5a71
370,185,82944,6a242012867dc8b837e29b1a8324e93d22fc3f743ff363b5f117270d386b5a71
371,185,82944,6a242012867dc8b837e29b1a8324e93d22fc3f743ff363b5f117270d386b5a71
372,186,82944,6a242012867dc8b837e29b1a8324e93d22fc3f743ff363b5f117270d386b5a71
373,186,82944,6a242012867dc8b837e29b1a8324e93d22fc3f743ff363b5f117270d386b5a71
374,187,82944,6a242012867dc8b837e29b1a8324e93d22fc3f743ff363b5f117270d386b5a71
375,187,82944,6a242012867dc8b837e29b1a8324e93d22fc3f743ff363b5f117270d386b5a71
376,188,82944,6a242012867dc8b837e29b1a8324e93d22fc3f743ff363b5f117270d386b5a71
377,188,82944,6a242012867dc8b837e29b1a8324e93d22fc3f743ff363b5f117270d386b5a71
378,189,82944,6a242012867dc8b837e29b1a8324e93d22fc3f743ff363b5f117270d386b5a71
379,189,82944,6a242012867dc8b837e29b1a8324e93d22fc3f743ff363b5f117270d386b5a71
380,190,82944,6a242012867dc8b837e29b1a8324e93d22fc3f743ff363b5f117270d386b5a71
381,190,82944,6a242012867dc8b837e29b1a8324e93d22fc3f743ff363b5f117270d386b5a71
382,191,82944,6a242012867dc8b837e29b1a8324e93d22fc3f743ff363b5f117270d386b5a71
383,191,82944,6a242012867dc8b837e29b1a8324e93d22fc3f743ff363b5f117270d386b5a71
384,192,82944,6a242012867dc8b837e29b1a8324e93d22fc3f743ff363b5f117270d386b5a71
385,192,82944,6a242012867dc8b837e29b1a8324e93d22fc3f743ff363b5f117270d386b5a71
386,193,82944,6a242012867dc8b837e29b1a8324e93d22fc3f743ff363b5f117270d386b5a71
387,193,82944,6a242012867dc8b837e29b1a8324e93d22fc3f743ff363b5f117270d386b5a71
388,194,82944,6a242012867dc8b837e29b1a8324e93d22fc3f743ff363b5f117270d386b5a71
389,194,82944,6a242012867dc8b837e29b1a8324e93d22fc3f743ff363b5f117270d386b5a71
390,195,82944,6a242012867dc8b837e29b1a8324e93d22fc3f743ff363b5f117270d386b5a71
391,195,82944,6a242012867dc8b837e29b1a8324e93d22fc3f743ff363b5f117270d386b5a71
392,196,82944,6a242012867dc8b837e29b1a8324e93d22fc3f743ff363b5f117270d386b5a71
393,196,82944,6a242012867dc8b837e29b1a8324e93d22fc3f743ff363b5f117270d386b5a71
394,197,82944,6a242012867dc8b837e29b1a8324e93d22fc3f743ff363b5f117270d386b5a71
395,197,82944,6a242012867dc8b837e29b1a8324e93d22fc3f743ff363b5f117270d386b5a71
396,198,82944,6a242012867dc8b837e29b1a8324e93d22fc3f743ff363b5f117270d386b5a71
397,198,82944,6a242012867dc8b837e29b1a8324e93d22fc3f743ff363b5f117270d386b5a71
398,199,82944,6a242012867dc8b837e29b1a8324e93d22fc3f743ff363b5f117270d386b5a71
399,199,82944,6a242012867dc8b837e29b1a8324e93d22fc3f743ff363b5f117270d386b5a71
400,200,82944,6a242012867dc8b837e29b1a8324e93d22fc3f743ff363b5f117270d386b5a71
401,200,82944,6a242012867dc8b837e29b1a8324e93d22fc3f743ff363b5f117270d386b5a71
402,201,82944,6a242012867dc8b837e29b1a8324e93d22fc3f743ff363b5f117270d386b5a71
403,201,82944,6a242012867dc8b837e29b1a8324e93d22fc3f743ff363b5f117270d386b5a71
404,202,82944,6a242012867dc8b837e29b1a8324e93d22fc3f743ff363b5f117270d386b5a71
405,202,82944,6a242012867dc8b837e29b1a8324e93d22fc3f743ff363b5f117270d386b5a71
406,203,82944,6a242012867dc8b837e29b1a8324e93d22fc3f743ff363b5f117270d386b5a71
407,203,82944,6a242012867dc8b837e29b1a8324e93d22fc3f743ff363b5f117270d386b5a71
408,204,82944,6a242012867dc8b837e29b1a8324e93d22fc3f743ff363b5f117270d386b5a71
409,204,82944,6a242012867dc8b837e29b1a8324e93d22fc3f743ff363b5f117270d386b5a71
410,205,82944,6a242012867dc8b837e29b1a8324e93d22fc3f743ff363b5f117270d386b5a71
411,205,82944,6a242012867dc8b837e29b1a8324e93d22fc3f743ff363b5f117270d386b5a71
412,206,82944,6a242012867dc8b837e29b1a8324e93d22fc3f743ff363b5f117270d386b5a71
413,206,82944,6a242012867dc8b837e29b1a8324e93d22fc3f743ff363b5f117270d386b5a71
414,207,82944,6a242012867dc8b837e29b1a8324e93d22fc3f743ff363b5f117270d386b5a71
415,207,82944,6a242012867dc8b837e29b1a8324e93d22fc3f743ff363b5f117270d386b5a71
416,208,82944,6a242012867dc8b837e29b1a8324e93d22fc3f743ff363b5f117270d386b5a71
417,208,82944,6a242012867dc8b837e29b1a8324e93d22fc3f743ff363b5f117270d386b5a71
418,209,82944,6a242012867dc8b837e29b1a8324e93d22fc3f743ff363b5f117270d386b5a71
419,209,82944,6a242012867dc8b837e29b1a8324e93d22fc3f743ff363b5f117270d386b5a71
420,210,82944,6a242012867dc8b837e29b1a8324e93d22fc3f743ff363b5f117270d386b5a71
421,210,82944,6a242012867dc8b837e29b1a8324e93d22fc3f743ff363b5f117270d386b5a71
422,211,82944,6a242012867dc8b837e29b1a8324e93d22fc3f743ff363b5f117270d386b5a71
423,211,82944,6a242012867dc8b837e29b1a8324e93d22fc3f743ff363b5f117270d386b5a71
424,212,82944,6a242012867dc8b837e29b1a8324e93d22fc3f743ff363b5f117270d386b5a71
425,212,82944,6a242012867dc8b837e29b1a8324e93d22fc3f743ff363b5f117270d386b5a71
426,213,82944,6a242012867dc8b837e29b1a8324e93d22fc3f743ff363b5f117270d386b5a71
427,213,82944,6a242012867dc8b837e29b1a8324e93d22fc3f743ff363b5f117270d386b5a71
428,214,82944,6a242012867dc8b837e29b1a8324e93d22fc3f743ff363b5f117270d386b5a71
429,214,82944,6a242012867dc8b837e29b1a8324e93d22fc3f743ff363b5f117270d386b5a71
430,215,82944,6a242012867dc8b837e29b1a8324e93d22fc3f743ff363b5f117270d386b5a71
431,215,82944,6a242012867dc8b837e29b1a8324e93d22fc3f743ff363b5f117270d386b5a71
432,216,82944,6a242012867dc8b837e29b1a8324e93d22fc3f743ff363b5f117270d386b5a71
433,216,82944,6a242012867dc8b837e29b1a8324e93d22fc3f743ff363b5f117270d386b5a71
434,217,82944,6a242012867dc8b837e29b1a8324e93d22fc3f743ff363b5f117270d386b5a71
435,217,82944,6a242012867dc8b837e29b1a8324e93d22fc3f743ff363b5f117270d386b5a71
436,218,82944,6a242012867dc8b837e29b1a8324e93d22fc3f743ff363b5f117270d386b5a71
437,218,82944,6a242012867dc8b837e29b1a8324e93d22fc3f743ff363b5f117270d386b5a71
438,219,82944,6a242012867dc8b837e29b1a8324e93d22fc3f743ff363b5f117270d386b5a71
439,219,82944,6a242012867dc8b837e29b1a8324e93d22fc3f743ff363b5f117270d386b5a71
440,220,82944,6a242012867dc8b837e29b1a8324e93d22fc3f743ff363b5f117270d386b5a71
441,220,82944,6a242012867dc8b837e29b1a8324e93d22fc3f743ff363b5f117270d386b5a71
442,221,82944,6a242012867dc8b837e29b1a8324e93d22fc3f743ff363b5f117270d386b5a71
443,221,82944,6a242012867dc8b837e29b1a8324e93d22fc3f743ff363b5f117270d386b5a71
444,222,82944,6a242012867dc8b837e29b1a8324e93d22fc3f743ff363b5f117270d386b5a71
445,222,82944,6a242012867dc8b837e29b1a8324e93d22fc3f743ff363b5f117270d386b5a71
446,223,82944,6a242012867dc8b837e29b1a8324e93d22fc3f743ff363b5f117270d386b5a71
447,223,82944,6a242012867dc8b837e29b1a8324e93d22fc3f743ff363b5f117270d386b5a71
448,224,82944,6a242012867dc8b837e29b1a8324e93d22fc3f743ff363b5f117270d386b5a71
449,224,82944,6a242012867dc8b837e29b1a8324e93d22fc3f743ff363b5f117270d386b5a71
450,225,82944,6a242012867dc8b837e29b1a8324e93d22fc3f743ff363b5f117270d386b5a71
451,225,82944,6a242012867dc8b837e29b1a8324e93d22fc3f743ff363b5f117270d386b5a71
452,226,82944,6a242012867dc8b837e29b1a8324e93d22fc3f743ff363b5f117270d386b5a71
453,226,82944,6a242012867dc8b837e29b1a8324e93d22fc3f743ff363b5f117270d386b5a71
454,227,82944,6a242012867dc8b837e29b1a8324e93d22fc3f743ff363b5f117270d386b5a71
455,227,82944,6a242012867dc8b837e29b1a8324e93d22fc3f743ff363b5f117270d386b5a71
456,228,82944,6a242012867dc8b837e29b1a8324e93d22fc3f743ff363b5f117270d386b5a71
457,228,82944,6a242012867dc8b837e29b1a8324e93d22fc3f743ff363b5f117270d386b5a71
458,229,82944,6a242012867dc8b837e29b1a8324e93d22fc3f743ff363b5f117270d386b5a71
459,229,82944,6a242012867dc8b837e29b1a8324e93d22fc3f743ff363b5f117270d386b5a71
460,230,82944,6a242012867dc8b837e29b1a8324e93d22fc3f743ff363b5f117270d386b5a71
461,230,82944,6a242012867dc8b837e29b1a8324e93d22fc3f743ff363b5f117270d386b5a71
462,231,82944,6a242012867dc8b837e29b1a8324e93d22fc3f743ff363b5f117270d386b5a71
463,231,82944,6a242012867dc8b837e29b1a8324e93d22fc3f743ff363b5f117270d386b5a71
464,232,82944,6a242012867dc8b837e29b1a8324e93d22fc3f743ff363b5f117270d386b5a71
465,232,82944,6a242012867dc8b837e29b1a8324e93d22fc3f743ff363b5f117270d386b5a71
466,233,82944,6a242012867dc8b837e29b1a8324e93d22fc3f743ff363b5f117270d386b5a71
467,233,82944,6a242012867dc8b837e29b1a8324e93d22fc3f743ff363b5f117270d386b5a71
468,234,82944,6a242012867dc8b837e29b1a8324e93d22fc3f743ff363b5f117270d386b5a71
469,234,82944,6a242012867dc8b837e29b1a8324e93d22fc3f743ff363b5f117270d386b5a71
470,235,82944,6a242012867dc8b837e29b1a8324e93d22fc3f743ff363b5f117270d386b5a71
471,235,82944,6a242012867dc8b837e29b1a8324e93d22fc3f743ff363b5f117270d386b5a71
472,236,82944,6a242012867dc8b837e29b1a8324e93d22fc3f743ff363b5f117270d386b5a71
473,236,82944,6a242012867dc8b837e29b1a8324e93d22fc3f743ff363b5f117270d386b5a71
474,237,82944,6a242012867dc8b837e29b1a8324e93d22fc3f743ff363b5f117270d386b5a71
475,237,82944,6a242012867dc8b837e29b1a8324e93d22fc3f743ff363b5f117270d386b5a71
476,238,82944,6a242012867dc8b837e29b1a8324e93d22fc3f743ff363b5f117270d386b5a71
477,238,82944,6a242012867dc8b837e29b1a8324e93d22fc3f743ff363b5f117270d386b5a71
478,239,82944,6a242012867dc8b837e29b1a8324e93d22fc3f743ff363b5f117270d386b5a71
479,239,82944,6a242012867dc8b837e29b1a8324e93d22fc3f743ff363b5f117270d386b5a71
480,240,82944,6a242012867dc8b837e29b1a8324e93d22fc3f743ff363b5f117270d386b5a71
481,240,82944,6a242012867dc8b837e29b1a8324e93d22fc3f743ff363b5f117270d386b5a71
482,241,82944,6a242012867dc8b837e29b1a8324e93d22fc3f743ff363b5f117270d386b5a71
483,241,82944,6a242012867dc8b837e29b1a8324e93d22fc3f743ff363b5f117270d386b5a71
484,242,82944,6a242012867dc8b837e29b1a8324e93d22fc3f743ff363b5f117270d386b5a71
485,242,82944,6a242012867dc8b837e29b1a8324e93d22fc3f743ff363b5f117270d386b5a71
486,243,82944,6a242012867dc8b837e29b1a8324e93d22fc3f743ff363b5f117270d386b5a71
487,243,82944,6a242012867dc8b837e29b1a8324e93d22fc3f743ff363b5f117270d386b5a71
488,244,82944,6a242012867dc8b837e29b1a8324e93d22fc3f743ff363b5f117270d386b5a71
489,244,82944,6a242012867dc8b837e29b1a8324e93d22fc3f743ff363b5f117270d386b5a71
490,245,82944,6a242012867dc8b837e29b1a8324e93d22fc3f743ff363b5f117270d386b5a71
491,245,82944,6a242012867dc8b837e29b1a8324e93d22fc3f743ff363b5f117270d386b5a71
492,246,82944,6a242012867dc8b837e29b1a8324e93d22fc3f743ff363b5f117270d386b5a71
493,246,82944,6a242012867dc8b837e29b1a8324e93d22fc3f743ff363b5f117270d386b5a71
494,247,82944,6a242012867dc8b837e29b1a8324e93d22fc3f743ff363b5f117270d386b5a71
495,247,82944,6a242012867dc8b837e29b1a8324e93d22fc3f743ff363b5f117270d386b5a71
496,248,82944,6a242012867dc8b837e29b1a8324e93d22fc3f743ff363b5f117270d386b5a71
497,248,82944,6a242012867dc8b837e29b1a8324e93d22fc3f743ff363b5f117270d386b5a71
498,249,82944,6a242012867dc8b837e29b1a8324e93d22fc3f743ff363b5f117270d386b5a71
499,249,82944,6a242012867dc8b837e29b1a8324e93d22fc3f743ff363b5f117270d386b5a71
500,250,82944,6a242012867dc8b837e29b1a8324e93d22fc3f743ff363b5f117270d386b5a71
501,250,82944,6a242012867dc8b837e29b1a8324e93d22fc3f743ff363b5f117270d386b5a71
502,251,82944,6a242012867dc8b837e29b1a8324e93d22fc3f743ff363b5f117270d386b5a71
503,251,82944,6a242012867dc8b837e29b1a8324e93d22fc3f743ff363b5f117270d386b5a71
504,252,82944,6a242012867dc8b837e29b1a8324e93d22fc3f743ff363b5f117270d386b5a71
505,252,82944,6a242012867dc8b837e29b1a8324e93d22fc3f743ff363b5f117270d386b5a71
506,253,82944,6a242012867dc8b837e29b1a8324e93d22fc3f743ff363b5f117270d386b5a71
507,253,82944,6a242012867dc8b837e29b1a8324e93d22fc3f743ff363b5f117270d386b5a71
508,254,82944,6a242012867dc8b837e29b1a8324e93d22fc3f743ff363b5f117270d386b5a71
509,254,82944,6a242012867dc8b837e29b1a8324e93d22fc3f743ff363b5f117270d386b5a71
510,255,82944,6a242012867dc8b837e29b1a8324e93d22fc3f743ff363b5f117270d386b5a71
511,255,82944,6a242012867dc8b837e29b1a8324e93d22fc3f743ff363b5f117270d386b5a71
512,256,82944,6a242012867dc8b837e29b1a8324e93d22fc3f743ff363b5f117270d386b5a71
513,256,82944,6a242012867dc8b837e29b1a8324e93d22fc3f743ff363b5f117270d386b5a71
514,257,82944,6a242012867dc8b837e29b1a8324e93d22fc3f743ff363b5f117270d386b5a71
515,257,82944,6a242012867dc8b837e29b1a8324e93d22fc3f743ff363b5f117270d386b5a71
516,258,82944,6a242012867dc8b837e29b1a8324e93d22fc3f743ff363b5f117270d386b5a71
517,258,82944,6a242012867dc8b837e29b1a8324e93d22fc3f743ff363b5f117270d386b5a71
518,259,82944,6a242012867dc8b837e29b1a8324e93d22fc3f743ff363b5f117270d386b5a71
519,259,82944,6a242012867dc8b837e29b1a8324e93d22fc3f743ff363b5f117270d386b5a71
520,260,82944,6a242012867dc8b837e29b1a8324e93d22fc3f743ff363b5f117270d386b5a71
521,260,82944,6a242012867dc8b837e29b1a8324e93d22fc3f743ff363b5f117270d386b5a71
522,261,82944,6a242012867dc8b837e29b1a8324e93d22fc3f743ff363b5f117270d386b5a71
523,261,82944,6a242012867dc8b837e29b1a8324e93d22fc3f743ff363b5f117270d386b5a71
524,262,82944,6a242012867dc8b837e29b1a8324e93d22fc3f743ff363b5f117270d386b5a71
525,262,82944,6a242012867dc8b837e29b1a8324e93d22fc3f743ff363b5f117270d386b5a71
526,263,82944,6a242012867dc8b837e29b1a8324e93d22fc3f743ff363b5f117270d386b5a71
527,263,82944,6a242012867dc8b837e29b1a8324e93d22fc3f743ff363b5f117270d386b5a71
528,264,82944,6a242012867dc8b837e29b1a8324e93d22fc3f743ff363b5f117270d386b5a71
529,264,82944,6a242012867dc8b837e29b1a8324e93d22fc3f743ff363b5f117270d386b5a71
530,265,82944,6a242012867dc8b837e29b1a8324e93d22fc3f743ff363b5f117270d386b5a71
531,265,82944,6a242012867dc8b837e29b1a8324e93d22fc3f743ff363b5f117270d386b5a71
532,266,82944,6a242012867dc8b837e29b1a8324e93d22fc3f743ff363b5f117270d386b5a71
533,266,82944,6a242012867dc8b837e29b1a8324e93d22fc3f743ff363b5f117270d386b5a71
534,267,82944,6a242012867dc8b837e29b1a8324e93d22fc3f743ff363b5f117270d386b5a71
535,267,82944,6a242012867dc8b837e29b1a8324e93d22fc3f743ff363b5f117270d386b5a71
536,268,82944,6a242012867dc8b837e29b1a8324e93d22fc3f743ff363b5f117270d386b5a71
537,268,82944,6a242012867dc8b837e29b1a8324e93d22fc3f743ff363b5f117270d386b5a71
538,269,82944,6a242012867dc8b837e29b1a8324e93d22fc3f743ff363b5f117270d386b5a71
539,269,82944,6a242012867dc8b837e29b1a8324e93d22fc3f743ff363b5f117270d386b5a71
540,270,82944,6a242012867dc8b837e29b1a8324e93d22fc3f743ff363b5f117270d386b5a71
541,270,82944,6a242012867dc8b837e29b1a8324e93d22fc3f743ff363b5f117270d386b5a71
542,271,82944,6a242012867dc8b837e29b1a8324e93d22fc3f743ff363b5f117270d386b5a71
543,271,82944,6a242012867dc8b837e29b1a8324e93d22fc3f743ff363b5f117270d386b5a71
544,272,82944,6a242012867dc8b837e29b1a8324e93d22fc3f743ff363b5f117270d386b5a71
545,272,82944,6a242012867dc8b837e29b1a8324e93d22fc3f743ff363b5f117270d386b5a71
546,273,82944,6a242012867dc8b837e29b1a8324e93d22fc3f743ff363b5f117270d386b5a71
547,273,82944,6a242012867dc8b837e29b1a8324e93d22fc3f743ff363b5f117270d386b5a71
548,274,82944,6a242012867dc8b837e29b1a8324e93d22fc3f743ff363b5f117270d386b5a71
549,274,82944,6a242012867dc8b837e29b1a8324e93d22fc3f743ff363b5f117270d386b5a71
550,275,82944,6a242012867dc8b837e29b1a8324e93d22fc3f743ff363b5f117270d386b5a71
551,275,82944,6a242012867dc8b837e29b1a8324e93d22fc3f743ff363b5f117270d386b5a71
552,276,82944,6a242012867dc8b837e29b1a8324e93d22fc3f743ff363b5f117270d386b5a71
553,276,82944,6a242012867dc8b837e29b1a8324e93d22fc3f743ff363b5f117270d386b5a71
554,277,82944,6a242012867dc8b837e29b1a8324e93d22fc3f743ff363b5f117270d386b5a71
555,277,82944,6a242012867dc8b837e29b1a8324e93d22fc3f743ff363b5f117270d386b5a71
556,278,82944,6a242012867dc8b837e29b1a8324e93d22fc3f743ff363b5f117270d386b5a71
557,278,82944,6a242012867dc8b837e29b1a8324e93d22fc3f743ff363b5f117270d386b5a71
558,279,82944,6a242012867dc8b837e29b1a8324e93d22fc3f743ff363b5f117270d386b5a71
559,279,82944,6a242012867dc8b837e29b1a8324e93d22fc3f743ff363b5f117270d386b5a71
560,280,82944,6a242012867dc8b837e29b1a8324e93d22fc3f743ff363b5f117270d386b5a71
561,280,82944,6a242012867dc8b837e29b1a8324e93d22fc3f743ff363b5f117270d386b5a71
562,281,82944,6a242012867dc8b837e29b1a8324e93d22fc3f743ff363b5f117270d386b5a71
563,281,82944,6a242012867dc8b837e29b1a8324e93d22fc3f743ff363b5f117270d386b5a71
564,282,82944,6a242012867dc8b837e29b1a8324e93d22fc3f743ff363b5f117270d386b5a71
565,282,82944,6a242012867dc8b837e29b1a8324e93d22fc3f743ff363b5f117270d386b5a71
566,283,82944,6a242012867dc8b837e29b1a8324e93d22fc3f743ff363b5f117270d386b5a71
567,283,82944,6a242012867dc8b837e29b1a8324e93d22fc3f743ff363b5f117270d386b5a71
568,284,82944,6a242012867dc8b837e29b1a8324e93d22fc3f743ff363b5f117270d386b5a71
569,284,82944,6a242012867dc8b837e29b1a8324e93d22fc3f743ff363b5f117270d386b5a71
570,285,82944,6a242012867dc8b837e29b1a8324e93d22fc3f743ff363b5f117270d386b5a71
571,285,82944,6a242012867dc8b837e29b1a8324e93d22fc3f743ff363b5f117270d386b5a71
572,286,82944,6a242012867dc8b837e29b1a8324e93d22fc3f743ff363b5f117270d386b5a71
573,286,82944,6a242012867dc8b837e29b1a8324e93d22fc3f743ff363b5f117270d386b5a71
574,287,82944,6a242012867dc8b837e29b1a8324e93d22fc3f743ff363b5f117270d386b5a71
575,287,82944,6a242012867dc8b837e29b1a8324e93d22fc3f743ff363b5f117270d386b5a71
576,288,82944,6a242012867dc8b837e29b1a8324e93d22fc3f743ff363b5f117270d386b5a71
577,288,82944,6a242012867dc8b837e29b1a8324e93d22fc3f743ff363b5f117270d386b5a71
578,289,82944,6a242012867dc8b837e29b1a8324e93d22fc3f743ff363b5f117270d386b5a71
579,289,82944,6a242012867dc8b837e29b1a8324e93d22fc3f743ff363b5f117270d386b5a71
580,290,82944,6a242012867dc8b837e29b1a8324e93d22fc3f743ff363b5f117270d386b5a71
581,290,82944,6a242012867dc8b837e29b1a8324e93d22fc3f743ff363b5f117270d386b5a71
582,291,82944,6a242012867dc8b837e29b1a8324e93d22fc3f743ff363b5f117270d386b5a71
583,291,82944,6a242012867dc8b837e29b1a8324e93d22fc3f743ff363b5f117270d386b5a71
584,292,82944,6a242012867dc8b837e29b1a8324e93d22fc3f743ff363b5f117270d386b5a71
585,292,82944,6a242012867dc8b837e29b1a8324e93d22fc3f743ff363b5f117270d386b5a71
586,293,82944,6a242012867dc8b837e29b1a8324e93d22fc3f743ff363b5f117270d386b5a71
587,293,82944,6a242012867dc8b837e29b1a8324e93d22fc3f743ff363b5f117270d386b5a71
588,294,82944,6a242012867dc8b837e29b1a8324e93d22fc3f743ff363b5f117270d386b5a71
589,294,82944,6a242012867dc8b837e29b1a8324e93d22fc3f743ff363b5f117270d386b5a71
590,295,82944,6a242012867dc8b837e29b1a8324e93d22fc3f743ff363b5f117270d386b5a71
591,295,82944,6a242012867dc8b837e29b1a8324e93d22fc3f743ff363b5f117270d386b5a71
592,296,82944,6a242012867dc8b837e29b1a8324e93d22fc3f743ff363b5f117270d386b5a71
593,296,82944,6a242012867dc8b837e29b1a8324e93d22fc3f743ff363b5f117270d386b5a71
594,297,82944,6a242012867dc8b837e29b1a8324e93d22fc3f743ff363b5f117270d386b5a71
595,297,82944,6a242012867dc8b837e29b1a8324e93d22fc3f743ff363b5f117270d386b5a71
596,298,82944,6a242012867dc8b837e29b1a8324e93d22fc3f743ff363b5f117270d386b5a71
597,298,82944,6a242012867dc8b837e29b1a8324e93d22fc3f743ff363b5f117270d386b5a71
598,299,82944,6a242012867dc8b837e29b1a8324e93d22fc3f743ff363b5f117270d386b5a71
599,299,82944,6a242012867dc8b837e29b1a8324e93d22fc3f743ff363b5f117270d386b5a71
600,300,82944,6a242012867dc8b837e29b1a8324e93d22fc3f743ff363b5f117270d386b5a71
601,300,82944,6a242012867dc8b837e29b1a8324e93d22fc3f743ff363b5f117270d386b5a71
602,301,82944,6a242012867dc8b837e29b1a8324e93d22fc3f743ff363b5f117270d386b5a71
603,301,82944,6a242012867dc8b837e29b1a8324e93d22fc3f743ff363b5f117270d386b5a71
604,302,82944,6a242012867dc8b837e29b1a8324e93d22fc3f743ff363b5f117270d386b5a71
605,302,82944,6a242012867dc8b837e29b1a8324e93d22fc3f743ff363b5f117270d386b5a71
606,303,82944,6a242012867dc8b837e29b1a8324e93d22fc3f743ff363b5f117270d386b5a71
607,303,82944,6a242012867dc8b837e29b1a8324e93d22fc3f743ff363b5f117270d386b5a71
608,304,82944,6a242012867dc8b837e29b1a8324e93d22fc3f743ff363b5f117270d386b5a71
609,304,82944,6a242012867dc8b837e29b1a8324e93d22fc3f743ff363b5f117270d386b5a71
610,305,82944,6a242012867dc8b837e29b1a8324e93d22fc3f743ff363b5f117270d386b5a71
611,305,82944,6a242012867dc8b837e29b1a8324e93d22fc3f743ff363b5f117270d386b5a71
612,306,82944,6a242012867dc8b837e29b1a8324e93d22fc3f743ff363b5f117270d386b5a71
613,306,82944,6a242012867dc8b837e29b1a8324e93d22fc3f743ff363b5f117270d386b5a71
614,307,82944,6a242012867dc8b837e29b1a8324e93d22fc3f743ff363b5f117270d386b5a71
615,307,82944,6a242012867dc8b837e29b1a8324e93d22fc3f743ff363b5f117270d386b5a71
616,308,82944,6a242012867dc8b837e29b1a8324e93d22fc3f743ff363b5f117270d386b5a71
617,308,82944,6a242012867dc8b837e29b1a8324e93d22fc3f743ff363b5f117270d386b5a71
618,309,82944,6a242012867dc8b837e29b1a8324e93d22fc3f743ff363b5f117270d386b5a71
619,309,82944,6a242012867dc8b837e29b1a8324e93d22fc3f743ff363b5f117270d386b5a71
620,310,82944,6a242012867dc8b837e29b1a8324e93d22fc3f743ff363b5f117270d386b5a71
621,310,82944,6a242012867dc8b837e29b1a8324e93d22fc3f743ff363b5f117270d386b5a71
622,311,82944,6a242012867dc8b837e29b1a8324e93d22fc3f743ff363b5f117270d386b5a71
623,311,82944,6a242012867dc8b837e29b1a8324e93d22fc3f743ff363b5f117270d386b5a71
624,312,82944,6a242012867dc8b837e29b1a8324e93d22fc3f743ff363b5f117270d386b5a71
625,312,82944,6a242012867dc8b837e29b1a8324e93d22fc3f743ff363b5f117270d386b5a71
626,313,82944,6a242012867dc8b837e29b1a8324e93d22fc3f743ff363b5f117270d386b5a71
627,313,82944,6a242012867dc8b837e29b1a8324e93d22fc3f743ff363b5f117270d386b5a71
628,314,82944,6a242012867dc8b837e29b1a8324e93d22fc3f743ff363b5f117270d386b5a71
629,314,82944,6a242012867dc8b837e29b1a8324e93d22fc3f743ff363b5f117270d386b5a71
630,315,82944,6a242012867dc8b837e29b1a8324e93d22fc3f743ff363b5f117270d386b5a71
631,315,82944,6a242012867dc8b837e29b1a8324e93d22fc3f743ff363b5f117270d386b5a71
632,316,82944,6a242012867dc8b837e29b1a8324e93d22fc3f743ff363b5f117270d386b5a71
633,316,82944,6a242012867dc8b837e29b1a8324e93d22fc3f743ff363b5f117270d386b5a71
634,317,82944,6a242012867dc8b837e29b1a8324e93d22fc3f743ff363b5f117270d386b5a71
635,317,82944,6a242012867dc8b837e29b1a8324e93d22fc3f743ff363b5f117270d386b5a71
636,318,82944,6a242012867dc8b837e29b1a8324e93d22fc3f743ff363b5f117270d386b5a71
637,318,82944,6a242012867dc8b837e29b1a8324e93d22fc3f743ff363b5f117270d386b5a71
638,319,82944,6a242012867dc8b837e29b1a8324e93d22fc3f743ff363b5f117270d386b5a71
639,319,82944,6a242012867dc8b837e29b1a8324e93d22fc3f743ff363b5f117270d386b5a71
640,320,82944,6a242012867dc8b837e29b1a8324e93d22fc3f743ff363b5f117270d386b5a71
641,320,82944,6a242012867dc8b837e29b1a8324e93d22fc3f743ff363b5f117270d386b5a71
642,321,82944,6a242012867dc8b837e29b1a8324e93d22fc3f743ff363b5f117270d386b5a71
643,321,82944,6a242012867dc8b837e29b1a8324e93d22fc3f743ff363b5f117270d386b5a71
644,322,82944,6a242012867dc8b837e29b1a8324e93d22fc3f743ff363b5f117270d386b5a71
645,322,82944,6a242012867dc8b837e29b1a8324e93d22fc3f743ff363b5f117270d386b5a71
646,323,82944,6a242012867dc8b837e29b1a8324e93d22fc3f743ff363b5f117270d386b5a71
647,323,82944,6a242012867dc8b837e29b1a8324e93d22fc3f743ff363b5f117270d386b5a71
648,324,82944,6a242012867dc8b837e29b1a8324e93d22fc3f743ff363b5f117270d386b5a71
649,324,82944,6a242012867dc8b837e29b1a8324e93d22fc3f743ff363b5f117270d386b5a71
650,325,82944,6a242012867dc8b837e29b1a8324e93d22fc3f743ff363b5f117270d386b5a71
651,325,82944,6a242012867dc8b837e29b1a8324e93d22fc3f743ff363b5f117270d386b5a71
652,326,82944,6a242012867dc8b837e29b1a8324e93d22fc3f743ff363b5f117270d386b5a71
653,326,82944,6a242012867dc8b837e29b1a8324e93d22fc3f743ff363b5f117270d386b5a71
654,327,82944,6a242012867dc8b837e29b1a8324e93d22fc3f743ff363b5f117270d386b5a71
655,327,82944,6a242012867dc8b837e29b1a8324e93d22fc3f743ff363b5f117270d386b5a71
656,328,82944,6a242012867dc8b837e29b1a8324e93d22fc3f743ff363b5f117270d386b5a71
657,328,82944,6a242012867dc8b837e29b1a8324e93d22fc3f743ff363b5f117270d386b5a71
658,329,82944,6a242012867dc8b837e29b1a8324e93d22fc3f743ff363b5f117270d386b5a71
659,329,82944,6a242012867dc8b837e29b1a8324e93d22fc3f743ff363b5f117270d386b5a71
660,330,82944,6a242012867dc8b837e29b1a8324e93d22fc3f743ff363b5f117270d386b5a71
661,330,82944,6a242012867dc8b837e29b1a8324e93d22fc3f743ff363b5f117270d386b5a71
662,331,82944,6a242012867dc8b837e29b1a8324e93d22fc3f743ff363b5f117270d386b5a71
663,331,82944,6a242012867dc8b837e29b1a8324e93d22fc3f743ff363b5f117270d386b5a71
664,332,82944,6a242012867dc8b837e29b1a8324e93d22fc3f743ff363b5f117270d386b5a71
665,332,82944,6a242012867dc8b837e29b1a8324e93d22fc3f743ff363b5f117270d386b5a71
666,333,82944,6a242012867dc8b837e29b1a8324e93d22fc3f743ff363b5f117270d386b5a71
667,333,82944,6a242012867dc8b837e29b1a8324e93d22fc3f743ff363b5f117270d386b5a71
668,334,82944,6a242012867dc8b837e29b1a8324e93d22fc3f743ff363b5f117270d386b5a71
669,334,82944,6a242012867dc8b837e29b1a8324e93d22fc3f743ff363b5f117270d386b5a71
670,335,82944,6a242012867dc8b837e29b1a8324e93d22fc3f743ff363b5f117270d386b5a71
671,335,82944,6a242012867dc8b837e29b1a8324e93d22fc3f743ff363b5f117270d386b5a71
672,336,82944,6a242012867dc8b837e29b1a8324e93d22fc3f743ff363b5f117270d386b5a71
673,336,82944,6a242012867dc8b837e29b1a8324e93d22fc3f743ff363b5f117270d386b5a71
674,337,82944,6a242012867dc8b837e29b1a8324e93d22fc3f743ff363b5f117270d386b5a71
675,337,82944,6a242012867dc8b837e29b1a8324e93d22fc3f743ff363b5f117270d386b5a71
676,338,82944,6a242012867dc8b837e29b1a8324e93d22fc3f743ff363b5f117270d386b5a71
677,338,82944,6a242012867dc8b837e29b1a8324e93d22fc3f743ff363b5f117270d386b5a71
678,339,82944,6a242012867dc8b837e29b1a8324e93d22fc3f743ff363b5f117270d386b5a71
679,339,82944,6a242012867dc8b837e29b1a8324e93d22fc3f743ff363b5f117270d386b5a71
680,340,82944,6a242012867dc8b837e29b1a8324e93d22fc3f743ff363b5f117270d386b5a71
681,340,82944,6a242012867dc8b837e29b1a8324e93d22fc3f743ff363b5f117270d386b5a71
682,341,82944,6a242012867dc8b837e29b1a8324e93d22fc3f743ff363b5f117270d386b5a71
683,341,82944,6a242012867dc8b837e29b1a8324e93d22fc3f743ff363b5f117270d386b5a71
684,342,82944,6a242012867dc8b837e29b1a8324e93d22fc3f743ff363b5f117270d386b5a71
685,342,82944,6a242012867dc8b837e29b1a8324e93d22fc3f743ff363b5f117270d386b5a71
686,343,82944,6a242012867dc8b837e29b1a8324e93d22fc3f743ff363b5f117270d386b5a71
687,343,82944,6a242012867dc8b837e29b1a8324e93d22fc3f743ff363b5f117270d386b5a71
688,344,82944,6a242012867dc8b837e29b1a8324e93d22fc3f743ff363b5f117270d386b5a71
689,344,82944,6a242012867dc8b837e29b1a8324e93d22fc3f743ff363b5f117270d386b5a71
690,345,82944,6a242012867dc8b837e29b1a8324e93d22fc3f743ff363b5f117270d386b5a71
691,345,82944,6a242012867dc8b837e29b1a8324e93d22fc3f743ff363b5f117270d386b5a71
692,346,82944,6a242012867dc8b837e29b1a8324e93d22fc3f743ff363b5f117270d386b5a71
693,346,82944,6a242012867dc8b837e29b1a8324e93d22fc3f743ff363b5f117270d386b5a71
694,347,82944,6a242012867dc8b837e29b1a8324e93d22fc3f743ff363b5f117270d386b5a71
695,347,82944,6a242012867dc8b837e29b1a8324e93d22fc3f743ff363b5f117270d386b5a71
696,348,82944,6a242012867dc8b837e29b1a8324e93d22fc3f743ff363b5f117270d386b5a71
697,348,82944,6a242012867dc8b837e29b1a8324e93d22fc3f743ff363b5f117270d386b5a71
698,349,82944,6a242012867dc8b837e29b1a8324e93d22fc3f743ff363b5f117270d386b5a71
699,349,82944,6a242012867dc8b837e29b1a8324e93d22fc3f743ff363b5f117270d386b5a71
700,350,82944,6a242012867dc8b837e29b1a8324e93d22fc3f743ff363b5f117270d386b5a71
701,350,82944,6a242012867dc8b837e29b1a8324e93d22fc3f743ff363b5f117270d386b5a71
702,351,82944,6a242012867dc8b837e29b1a8324e93d22fc3f743ff363b5f117270d386b5a71
703,351,82944,6a242012867dc8b837e29b1a8324e93d22fc3f743ff363b5f117270d386b5a71
704,352,82944,6a242012867dc8b837e29b1a8324e93d22fc3f743ff363b5f117270d386b5a71
705,352,82944,6a242012867dc8b837e29b1a8324e93d22fc3f743ff363b5f117270d386b5a71
706,353,82944,6a242012867dc8b837e29b1a8324e93d22fc3f743ff363b5f117270d386b5a71
707,353,82944,6a242012867dc8b837e29b1a8324e93d22fc3f743ff363b5f117270d386b5a71
708,354,82944,6a242012867dc8b837e29b1a8324e93d22fc3f743ff363b5f117270d386b5a71
709,354,82944,6a242012867dc8b837e29b1a8324e93d22fc3f743ff363b5f117270d386b5a71
710,355,82944,6a242012867dc8b837e29b1a8324e93d22fc3f743ff363b5f117270d386b5a71
711,355,82944,6a242012867dc8b837e29b1a8324e93d22fc3f743ff363b5f117270d386b5a71
712,356,82944,6a242012867dc8b837e29b1a8324e93d22fc3f743ff363b5f117270d386b5a71
713,356,82944,6a242012867dc8b837e29b1a8324e93d22fc3f743ff363b5f117270d386b5a71
714,357,82944,6a242012867dc8b837e29b1a8324e93d22fc3f743ff363b5f117270d386b5a71
715,357,82944,6a242012867dc8b837e29b1a8324e93d22fc3f743ff363b5f117270d386b5a71
716,358,82944,6a242012867dc8b837e29b1a8324e93d22fc3f743ff363b5f117270d386b5a71
717,358,82944,6a242012867dc8b837e29b1a8324e93d22fc3f743ff363b5f117270d386b5a71
718,359,82944,6a242012867dc8b837e29b1a8324e93d22fc3f743ff363b5f117270d386b5a71
719,359,82944,6a242012867dc8b837e29b1a8324e93d22fc3f743ff363b5f117270d386b5a71
720,360,82944,6a242012867dc8b837e29b1a8324e93d22fc3f743ff363b5f117270d386b5a71
721,360,82944,6a242012867dc8b837e29b1a8324e93d22fc3f743ff363b5f117270d386b5a71
722,361,82944,6a242012867dc8b837e29b1a8324e93d22fc3f743ff363b5f117270d386b5a71
723,361,82944,6a242012867dc8b837e29b1a8324e93d22fc3f743ff363b5f117270d386b5a71
724,362,82944,6a242012867dc8b837e29b1a8324e93d22fc3f743ff363b5f117270d386b5a71
725,362,82944,6a242012867dc8b837e29b1a8324e93d22fc3f743ff363b5f117270d386b5a71
726,363,82944,6a242012867dc8b837e29b1a8324e93d22fc3f743ff363b5f117270d386b5a71
727,363,82944,6a242012867dc8b837e29b1a8324e93d22fc3f743ff363b5f117270d386b5a71
728,364,82944,6a242012867dc8b837e29b1a8324e93d22fc3f743ff363b5f117270d386b5a71
729,364,82944,6a242012867dc8b837e29b1a8324e93d22fc3f743ff363b5f117270d386b5a71
730,365,82944,6a242012867dc8b837e29b1a8324e93d22fc3f743ff363b5f117270d386b5a71
731,365,82944,6a242012867dc8b837e29b1a8324e93d22fc3f743ff363b5f117270d386b5a71
732,366,82944,6a242012867dc8b837e29b1a8324e93d22fc3f743ff363b5f117270d386b5a71
733,366,82944,6a242012867dc8b837e29b1a8324e93d22fc3f743ff363b5f117270d386b5a71
734,367,82944,6a242012867dc8b837e29b1a8324e93d22fc3f743ff363b5f117270d386b5a71
735,367,82944,6a242012867dc8b837e29b1a8324e93d22fc3f743ff363b5f117270d386b5a71
736,368,82944,6a242012867dc8b837e29b1a8324e93d22fc3f743ff363b5f117270d386b5a71
737,368,82944,6a242012867dc8b837e29b1a8324e93d22fc3f743ff363b5f117270d386b5a71
738,369,82944,6a242012867dc8b837e29b1a8324e93d22fc3f743ff363b5f117270d386b5a71
739,369,82944,6a242012867dc8b837e29b1a8324e93d22fc3f743ff363b5f117270d386b5a71
740,370,82944,6a242012867dc8b837e29b1a8324e93d22fc3f743ff363b5f117270d386b5a71
741,370,82944,6a242012867dc8b837e29b1a8324e93d22fc3f743ff363b5f117270d386b5a71
742,371,82944,6a242012867dc8b837e29b1a8324e93d22fc3f743ff363b5f117270d386b5a71
743,371,82944,6a242012867dc8b837e29b1a8324e93d22fc3f743ff363b5f117270d386b5a71
744,372,82944,6a242012867dc8b837e29b1a8324e93d22fc3f743ff363b5f117270d386b5a71
745,372,82944,6a242012867dc8b837e29b1a8324e93d22fc3f743ff363b5f117270d386b5a71
746,373,82944,6a242012867dc8b837e29b1a8324e93d22fc3f743ff363b5f117270d386b5a71
747,373,82944,6a242012867dc8b837e29b1a8324e93d22fc3f743ff363b5f117270d386b5a71
748,374,82944,6a242012867dc8b837e29b1a8324e93d22fc3f743ff363b5f117270d386b5a71
749,374,82944,6a242012867dc8b837e29b1a8324e93d22fc3f743ff363b5f117270d386b5a71
750,375,82944,6a242012867dc8b837e29b1a8324e93d22fc3f743ff363b5f117270d386b5a71
751,375,82944,6a242012867dc8b837e29b1a8324e93d22fc3f743ff363b5f117270d386b5a71
752,376,82944,6a242012867dc8b837e29b1a8324e93d22fc3f743ff363b5f117270d386b5a71
753,376,82944,6a242012867dc8b837e29b1a8324e93d22fc3f743ff363b5f117270d386b5a71
754,377,82944,6a242012867dc8b837e29b1a8324e93d22fc3f743ff363b5f117270d386b5a71
755,377,82944,6a242012867dc8b837e29b1a8324e93d22fc3f743ff363b5f117270d386b5a71
756,378,82944,6a242012867dc8b837e29b1a8324e93d22fc3f743ff363b5f117270d386b5a71
757,378,82944,6a242012867dc8b837e29b1a8324e93d22fc3f743ff363b5f117270d386b5a71
758,379,82944,6a242012867dc8b837e29b1a8324e93d22fc3f743ff363b5f117270d386b5a71
759,379,82944,6a242012867dc8b837e29b1a8324e93d22fc3f743ff363b5f117270d386b5a71
760,380,82944,6a242012867dc8b837e29b1a8324e93d22fc3f743ff363b5f117270d386b5a71
761,380,82944,6a242012867dc8b837e29b1a8324e93d22fc3f743ff363b5f117270d386b5a71
762,381,82944,6a242012867dc8b837e29b1a8324e93d22fc3f743ff363b5f117270d386b5a71
763,381,82944,6a242012867dc8b837e29b1a8324e93d22fc3f743ff363b5f117270d386b5a71
764,382,82944,6a242012867dc8b837e29b1a8324e93d22fc3f743ff363b5f117270d386b5a71
765,382,82944,6a242012867dc8b837e29b1a8324e93d22fc3f743ff363b5f117270d386b5a71
766,383,82944,6a242012867dc8b837e29b1a8324e93d22fc3f743ff363b5f117270d386b5a71
767,383,82944,6a242012867dc8b837e29b1a8324e93d22fc3f743ff363b5f117270d386b5a71
768,384,82944,6a242012867dc8b837e29b1a8324e93d22fc3f743ff363b5f117270d386b5a71
769,384,82944,6a242012867dc8b837e29b1a8324e93d22fc3f743ff363b5f117270d386b5a71
770,385,82944,6a242012867dc8b837e29b1a8324e93d22fc3f743ff363b5f117270d386b5a71
771,385,82944,6a242012867dc8b837e29b1a8324e93d22fc3f743ff363b5f117270d386b5a71
772,386,82944,6a242012867dc8b837e29b1a8324e93d22fc3f743ff363b5f117270d386b5a71
773,386,82944,6a242012867dc8b837e29b1a8324e93d22fc3f743ff363b5f117270d386b5a71
774,387,82944,6a242012867dc8b837e29b1a8324e93d22fc3f743ff363b5f117270d386b5a71
775,387,82944,6a242012867dc8b837e29b1a8324e93d22fc3f743ff363b5f117270d386b5a71
776,388,82944,6a242012867dc8b837e29b1a8324e93d22fc3f743ff363b5f117270d386b5a71
777,388,82944,6a242012867dc8b837e29b1a8324e93d22fc3f743ff363b5f117270d386b5a71
778,389,82944,6a242012867dc8b837e29b1a8324e93d22fc3f743ff363b5f117270d386b5a71
779,389,82944,6a242012867dc8b837e29b1a8324e93d22fc3f743ff363b5f117270d386b5a71
780,390,82944,6a242012867dc8b837e29b1a8324e93d22fc3f743ff363b5f117270d386b5a71
781,390,82944,6a242012867dc8b837e29b1a8324e93d22fc3f743ff363b5f117270d386b5a71
782,391,82944,6a242012867dc8b837e29b1a8324e93d22fc3f743ff363b5f117270d386b5a71
783,391,82944,6a242012867dc8b837e29b1a8324e93d22fc3f743ff363b5f117270d386b5a71
784,392,82944,6a242012867dc8b837e29b1a8324e93d22fc3f743ff363b5f117270d386b5a71
785,392,82944,6a242012867dc8b837e29b1a8324e93d22fc3f743ff363b5f117270d386b5a71
786,393,82944,6a242012867dc8b837e29b1a8324e93d22fc3f743ff363b5f117270d386b5a71
787,393,82944,6a242012867dc8b837e29b1a8324e93d22fc3f743ff363b5f117270d386b5a71
788,394,82944,6a242012867dc8b837e29b1a8324e93d22fc3f743ff363b5f117270d386b5a71
789,394,82944,6a242012867dc8b837e29b1a8324e93d22fc3f743ff363b5f117270d386b5a71
790,395,82944,6a242012867dc8b837e29b1a8324e93d22fc3f743ff363b5f117270d386b5a71
791,395,82944,6a242012867dc8b837e29b1a8324e93d22fc3f743ff363b5f117270d386b5a71
792,396,82944,6a242012867dc8b837e29b1a8324e93d22fc3f743ff363b5f117270d386b5a71
793,396,82944,6a242012867dc8b837e29b1a8324e93d22fc3f743ff363b5f117270d386b5a71
794,397,82944,6a242012867dc8b837e29b1a8324e93d22fc3f743ff363b5f117270d386b5a71
795,397,82944,6a242012867dc8b837e29b1a8324e93d22fc3f743ff363b5f117270d386b5a71
796,398,82944,6a242012867dc8b837e29b1a8324e93d22fc3f743ff363b5f117270d386b5a71
797,398,82944,6a242012867dc8b837e29b1a8324e93d22fc3f743ff363b5f117270d386b5a71
798,399,82944,6a242012867dc8b837e29b1a8324e93d22fc3f743ff363b5f117270d386b5a71
799,399,82944,6a242012867dc8b837e29b1a8324e93d22fc3f743ff363b5f117270d386b5a71
800,400,82944,6a242012867dc8b837e29b1a8324e93d22fc3f743ff363b5f117270d386b5a71
801,400,82944,6a242012867dc8b837e29b1a8324e93d22fc3f743ff363b5f117270d386b5a71
802,401,82944,6a242012867dc8b837e29b1a8324e93d22fc3f743ff363b5f117270d386b5a71
803,401,82944,6a242012867dc8b837e29b1a8324e93d22fc3f743ff363b5f117270d386b5a71
804,402,82944,6a242012867dc8b837e29b1a8324e93d22fc3f743ff363b5f117270d386b5a71
805,402,82944,6a242012867dc8b837e29b1a8324e93d22fc3f743ff363b5f117270d386b5a71
806,403,82944,6a242012867dc8b837e29b1a8324e93d22fc3f743ff363b5f117270d386b5a71
807,403,82944,6a242012867dc8b837e29b1a8324e93d22fc3f743ff363b5f117270d386b5a71
808,404,82944,6a242012867dc8b837e29b1a8324e93d22fc3f743ff363b5f117270d386b5a71
809,404,82944,6a242012867dc8b837e29b1a8324e93d22fc3f743ff363b5f117270d386b5a71
810,405,82944,6a242012867dc8b837e29b1a8324e93d22fc3f743ff363b5f117270d386b5a71
811,405,82944,6a242012867dc8b837e29b1a8324e93d22fc3f743ff363b5f117270d386b5a71
812,406,82944,6a242012867dc8b837e29b1a8324e93d22fc3f743ff363b5f117270d386b5a71
813,406,82944,6a242012867dc8b837e29b1a8324e93d22fc3f743ff363b5f117270d386b5a71
814,407,82944,6a242012867dc8b837e29b1a8324e93d22fc3f743ff363b5f117270d386b5a71
815,407,82944,6a242012867dc8b837e29b1a8324e93d22fc3f743ff363b5f117270d386b5a71
816,408,82944,6a242012867dc8b837e29b1a8324e93d22fc3f743ff363b5f117270d386b5a71
817,408,82944,6a242012867dc8b837e29b1a8324e93d22fc3f743ff363b5f117270d386b5a71
818,409,82944,6a242012867dc8b837e29b1a8324e93d22fc3f743ff363b5f117270d386b5a71
819,409,82944,6a242012867dc8b837e29b1a8324e93d22fc3f743ff363b5f117270d386b5a71
820,410,82944,6a242012867dc8b837e29b1a8324e93d22fc3f743ff363b5f117270d386b5a71
821,410,82944,6a242012867dc8b837e29b1a8324e93d22fc3f743ff363b5f117270d386b5a71
822,411,82944,6a242012867dc8b837e29b1a8324e93d22fc3f743ff363b5f117270d386b5a71
823,411,82944,6a242012867dc8b837e29b1a8324e93d22fc3f743ff363b5f117270d386b5a71
824,412,82944,6a242012867dc8b837e29b1a8324e93d22fc3f743ff363b5f117270d386b5a71
825,412,82944,6a242012867dc8b837e29b1a8324e93d22fc3f743ff363b5f117270d386b5a71
826,413,82944,6a242012867dc8b837e29b1a8324e93d22fc3f743ff363b5f117270d386b5a71
827,413,82944,6a242012867dc8b837e29b1a8324e93d22fc3f743ff363b5f117270d386b5a71
828,414,82944,6a242012867dc8b837e29b1a8324e93d22fc3f743ff363b5f117270d386b5a71
829,414,82944,6a242012867dc8b837e29b1a8324e93d22fc3f743ff363b5f117270d386b5a71
830,415,82944,6a242012867dc8b837e29b1a8324e93d22fc3f743ff363b5f117270d386b5a71
831,415,82944,6a242012867dc8b837e29b1a8324e93d22fc3f743ff363b5f117270d386b5a71
832,416,82944,6a242012867dc8b837e29b1a8324e93d22fc3f743ff363b5f117270d386b5a71
833,416,82944,6a242012867dc8b837e29b1a8324e93d22fc3f743ff363b5f117270d386b5a71
834,417,82944,6a242012867dc8b837e29b1a8324e93d22fc3f743ff363b5f117270d386b5a71
835,417,82944,6a242012867dc8b837e29b1a8324e93d22fc3f743ff363b5f117270d386b5a71
836,418,82944,6a242012867dc8b837e29b1a8324e93d22fc3f743ff363b5f117270d386b5a71
837,418,82944,6a242012867dc8b837e29b1a8324e93d22fc3f743ff363b5f117270d386b5a71
838,419,82944,6a242012867dc8b837e29b1a8324e93d22fc3f743ff363b5f117270d386b5a71
839,419,82944,6a242012867dc8b837e29b1a8324e93d22fc3f743ff363b5f117270d386b5a71
840,420,82944,6a242012867dc8b837e29b1a8324e93d22fc3f743ff363b5f117270d386b5a71
841,420,82944,6a242012867dc8b837e29b1a8324e93d22fc3f743ff363b5f117270d386b5a71
842,421,82944,6a242012867dc8b837e29b1a8324e93d22fc3f743ff363b5f117270d386b5a71
843,421,82944,6a242012867dc8b837e29b1a8324e93d22fc3f743ff363b5f117270d386b5a71
844,422,82944,6a242012867dc8b837e29b1a8324e93d22fc3f743ff363b5f117270d386b5a71
845,422,82944,6a242012867dc8b837e29b1a8324e93d22fc3f743ff363b5f117270d386b5a71
846,423,82944,6a242012867dc8b837e29b1a8324e93d22fc3f743ff363b5f117270d386b5a71
847,423,82944,6a242012867dc8b837e29b1a8324e93d22fc3f743ff363b5f117270d386b5a71
848,424,82944,6a242012867dc8b837e29b1a8324e93d22fc3f743ff363b5f117270d386b5a71
849,424,82944,6a242012867dc8b837e29b1a8324e93d22fc3f743ff363b5f117270d386b5a71
850,425,82944,6a242012867dc8b837e29b1a8324e93d22fc3f743ff363b5f117270d386b5a71
851,425,82944,6a242012867dc8b837e29b1a8324e93d22fc3f743ff363b5f117270d386b5a71
852,426,82944,6a242012867dc8b837e29b1a8324e93d22fc3f743ff363b5f117270d386b5a71
853,426,82944,6a242012867dc8b837e29b1a8324e93d22fc3f743ff363b5f117270d386b5a71
854,427,82944,6a242012867dc8b837e29b1a8324e93d22fc3f743ff363b5f117270d386b5a71
855,427,82944,6a242012867dc8b837e29b1a8324e93d22fc3f743ff363b5f117270d386b5a71
856,428,82944,6a242012867dc8b837e29b1a8324e93d22fc3f743ff363b5f117270d386b5a71
857,428,82944,6a242012867dc8b837e29b1a8324e93d22fc3f743ff363b5f117270d386b5a71
858,429,82944,6a242012867dc8b837e29b1a8324e93d22fc3f743ff363b5f117270d386b5a71
859,429,82944,6a242012867dc8b837e29b1a8324e93d22fc3f743ff363b5f117270d386b5a71
860,430,82944,6a242012867dc8b837e29b1a8324e93d22fc3f743ff363b5f117270d386b5a71
861,430,82944,6a242012867dc8b837e29b1a8324e93d22fc3f743ff363b5f117270d386b5a71
862,431,82944,6a242012867dc8b837e29b1a8324e93d22fc3f743ff363b5f117270d386b5a71
863,431,82944,6a242012867dc8b837e29b1a8324e93d22fc3f743ff363b5f117270d386b5a71
864,432,82944,6a242012867dc8b837e29b1a8324e93d22fc3f743ff363b5f117270d386b5a71
865,432,82944,6a242012867dc8b837e29b1a8324e93d22fc3f743ff363b5f117270d386b5a71
866,433,82944,6a242012867dc8b837e29b1a8324e93d22fc3f743ff363b5f117270d386b5a71
867,433,82944,6a242012867dc8b837e29b1a8324e93d22fc3f743ff363b5f117270d386b5a71
868,434,82944,6a242012867dc8b837e29b1a8324e93d22fc3f743ff363b5f117270d386b5a71
869,434,82944,6a242012867dc8b837e29b1a8324e93d22fc3f743ff363b5f117270d386b5a71
870,435,82944,6a242012867dc8b837e29b1a8324e93d22fc3f743ff363b5f117270d386b5a71
871,435,82944,6a242012867dc8b837e29b1a8324e93d22fc3f743ff363b5f117270d386b5a71
872,436,82944,6a242012867dc8b837e29b1a8324e93d22fc3f743ff363b5f117270d386b5a71
873,436,82944,6a242012867dc8b837e29b1a8324e93d22fc3f743ff363b5f117270d386b5a71
874,437,82944,6a242012867dc8b837e29b1a8324e93d22fc3f743ff363b5f117270d386b5a71
875,437,82944,6a242012867dc8b837e29b1a8324e93d22fc3f743ff363b5f117270d386b5a71
876,438,82944,6a242012867dc8b837e29b1a8324e93d22fc3f743ff363b5f117270d386b5a71
877,438,82944,6a242012867dc8b837e29b1a8324e93d22fc3f743ff363b5f117270d386b5a71
878,439,82944,6a242012867dc8b837e29b1a8324e93d22fc3f743ff363b5f117270d386b5a71
879,439,82944,6a242012867dc8b837e29b1a8324e93d22fc3f743ff363b5f117270d386b5a71
880,440,82944,6a242012867dc8b837e29b1a8324e93d22fc3f743ff363b5f117270d386b5a71
881,440,82944,6a242012867dc8b837e29b1a8324e93d22fc3f743ff363b5f117270d386b5a71
882,441,82944,6a242012867dc8b837e29b1a8324e93d22fc3f743ff363b5f117270d386b5a71
883,441,82944,6a242012867dc8b837e29b1a8324e93d22fc3f743ff363b5f117270d386b5a71
884,442,82944,6a242012867dc8b837e29b1a8324e93d22fc3f743ff363b5f117270d386b5a71
885,442,82944,6a242012867dc8b837e29b1a8324e93d22fc3f743ff363b5f117270d386b5a71
886,443,82944,6a242012867dc8b837e29b1a8324e93d22fc3f743ff363b5f117270d386b5a71
887,443,82944,6a242012867dc8b837e29b1a8324e93d22fc3f743ff363b5f117270d386b5a71
888,444,82944,6a242012867dc8b837e29b1a8324e93d22fc3f743ff363b5f117270d386b5a71
889,444,82944,6a242012867dc8b837e29b1a8324e93d22fc3f743ff363b5f117270d386b5a71
890,445,82944,6a242012867dc8b837e29b1a8324e93d22fc3f743ff363b5f117270d386b5a71
891,445,82944,6a242012867dc8b837e29b1a8324e93d22fc3f743ff363b5f117270d386b5a71
892,446,82944,6a242012867dc8b837e29b1a8324e93d22fc3f743ff363b5f117270d386b5a71
893,446,82944,6a242012867dc8b837e29b1a8324e93d22fc3f743ff363b5f117270d386b5a71
894,447,82944,6a242012867dc8b837e29b1a8324e93d22fc3f743ff363b5f117270d386b5a71
895,447,82944,6a242012867dc8b837e29b1a8324e93d22fc3f743ff363b5f117270d386b5a71
896,448,82944,6a242012867dc8b837e29b1a8324e93d22fc3f743ff363b5f117270d386b5a71
897,448,82944,6a242012867dc8b837e29b1a8324e93d22fc3f743ff363b5f117270d386b5a71
898,449,82944,6a242012867dc8b837e29b1a8324e93d22fc3f743ff363b5f117270d386b5a71
899,449,82944,6a242012867dc8b837e29b1a8324e93d22fc3f743ff363b5f117270d386b5a71
900,450,82944,6a242012867dc8b837e29b1a8324e93d22fc3f743ff363b5f117270d386b5a71
901,450,82944,6a242012867dc8b837e29b1a8324e93d22fc3f743ff363b5f117270d386b5a71
902,451,82944,6a242012867dc8b837e29b1a8324e93d22fc3f743ff363b5f117270d386b5a71
903,451,82944,6a242012867dc8b837e29b1a8324e93d22fc3f743ff363b5f117270d386b5a71
904,452,82944,6a242012867dc8b837e29b1a8324e93d22fc3f743ff363b5f117270d386b5a71
905,452,82944,6a242012867dc8b837e29b1a8324e93d22fc3f743ff363b5f117270d386b5a71
906,453,82944,6a242012867dc8b837e29b1a8324e93d22fc3f743ff363b5f117270d386b5a71
907,453,82944,6a242012867dc8b837e29b1a8324e93d22fc3f743ff363b5f117270d386b5a71
908,454,82944,6a242012867dc8b837e29b1a8324e93d22fc3f743ff363b5f117270d386b5a71
909,454,82944,6a242012867dc8b837e29b1a8324e93d22fc3f743ff363b5f117270d386b5a71
910,455,82944,6a242012867dc8b837e29b1a8324e93d22fc3f743ff363b5f117270d386b5a71
911,455,82944,6a242012867dc8b837e29b1a8324e93d22fc3f743ff363b5f117270d386b5a71
912,456,82944,6a242012867dc8b837e29b1a8324e93d22fc3f743ff363b5f117270d386b5a71
913,456,82944,6a242012867dc8b837e29b1a8324e93d22fc3f743ff363b5f117270d386b5a71
914,457,82944,6a242012867dc8b837e29b1a8324e93d22fc3f743ff363b5f117270d386b5a71
915,457,82944,6a242012867dc8b837e29b1a8324e93d22fc3f743ff363b5f117270d386b5a71
916,458,82944,6a242012867dc8b837e29b1a8324e93d22fc3f743ff363b5f117270d386b5a71
917,458,82944,6a242012867dc8b837e29b1a8324e93d22fc3f743ff363b5f117270d386b5a71
918,459,82944,6a242012867dc8b837e29b1a8324e93d22fc3f743ff363b5f117270d386b5a71
919,459,82944,6a242012867dc8b837e29b1a8324e93d22fc3f743ff363b5f117270d386b5a71
920,460,82944,6a242012867dc8b837e29b1a8324e93d22fc3f743ff363b5f117270d386b5a71
921,460,82944,6a242012867dc8b837e29b1a8324e93d22fc3f743ff363b5f117270d386b5a71
922,461,82944,6a242012867dc8b837e29b1a8324e93d22fc3f743ff363b5f117270d386b5a71
923,461,82944,6a242012867dc8b837e29b1a8324e93d22fc3f743ff363b5f117270d386b5a71
924,462,82944,6a242012867dc8b837e29b1a8324e93d22fc3f743ff363b5f117270d386b5a71
925,462,82944,6a242012867dc8b837e29b1a8324e93d22fc3f743ff363b5f117270d386b5a71
926,463,82944,6a242012867dc8b837e29b1a8324e93d22fc3f743ff363b5f117270d386b5a71
927,463,82944,6a242012867dc8b837e29b1a8324e93d22fc3f743ff363b5f117270d386b5a71
928,464,82944,6a242012867dc8b837e29b1a8324e93d22fc3f743ff363b5f117270d386b5a71
929,464,82944,6a242012867dc8b837e29b1a8324e93d22fc3f743ff363b5f117270d386b5a71
930,465,82944,6a242012867dc8b837e29b1a8324e93d22fc3f743ff363b5f117270d386b5a71
931,465,82944,6a242012867dc8b837e29b1a8324e93d22fc3f743ff363b5f117270d386b5a71
932,466,82944,6a242012867dc8b837e29b1a8324e93d22fc3f743ff363b5f117270d386b5a71
933,466,82944,6a242012867dc8b837e29b1a8324e93d22fc3f743ff363b5f117270d386b5a71
934,467,82944,6a242012867dc8b837e29b1a8324e93d22fc3f743ff363b5f117270d386b5a71
935,467,82944,6a242012867dc8b837e29b1a8324e93d22fc3f743ff363b5f117270d386b5a71
936,468,82944,6a242012867dc8b837e29b1a8324e93d22fc3f743ff363b5f117270d386b5a71
937,468,82944,6a242012867dc8b837e29b1a8324e93d22fc3f743ff363b5f117270d386b5a71
938,469,82944,6a242012867dc8b837e29b1a8324e93d22fc3f743ff363b5f117270d386b5a71
939,469,82944,6a242012867dc8b837e29b1a8324e93d22fc3f743ff363b5f117270d386b5a71
940,470,82944,6a242012867dc8b837e29b1a8324e93d22fc3f743ff363b5f117270d386b5a71
941,470,82944,6a242012867dc8b837e29b1a8324e93d22fc3f743ff363b5f117270d386b5a71
942,471,82944,6a242012867dc8b837e29b1a8324e93d22fc3f743ff363b5f117270d386b5a71
943,471,82944,6a242012867dc8b837e29b1a8324e93d22fc3f743ff363b5f117270d386b5a71
944,472,82944,6a242012867dc8b837e29b1a8324e93d22fc3f743ff363b5f117270d386b5a71
945,472,82944,6a242012867dc8b837e29b1a8324e93d22fc3f743ff363b5f117270d386b5a71
946,473,82944,6a242012867dc8b837e29b1a8324e93d22fc3f743ff363b5f117270d386b5a71
947,473,82944,6a242012867dc8b837e29b1a8324e93d22fc3f743ff363b5f117270d386b5a71
948,474,82944,6a242012867dc8b837e29b1a8324e93d22fc3f743ff363b5f117270d386b5a71
949,474,82944,6a242012867dc8b837e29b1a8324e93d22fc3f743ff363b5f117270d386b5a71
950,475,82944,6a242012867dc8b837e29b1a8324e93d22fc3f743ff363b5f117270d386b5a71
951,475,82944,6a242012867dc8b837e29b1a8324e93d22fc3f743ff363b5f117270d386b5a71
952,476,82944,6a242012867dc8b837e29b1a8324e93d22fc3f743ff363b5f117270d386b5a71
953,476,82944,6a242012867dc8b837e29b1a8324e93d22fc3f743ff363b5f117270d386b5a71
954,477,82944,6a242012867dc8b837e29b1a8324e93d22fc3f743ff363b5f117270d386b5a71
955,477,82944,6a242012867dc8b837e29b1a8324e93d22fc3f743ff363b5f117270d386b5a71
956,478,82944,6a242012867dc8b837e29b1a8324e93d22fc3f743ff363b5f117270d386b5a71
957,478,82944,6a242012867dc8b837e29b1a8324e93d22fc3f743ff363b5f117270d386b5a71
958,479,82944,6a242012867dc8b837e29b1a8324e93d22fc3f743ff363b5f117270d386b5a71
959,479,82944,6a242012867dc8b837e29b1a8324e93d22fc3f743ff363b5f117270d386b5a71
960,480,82944,6a242012867dc8b837e29b1a8324e93d22fc3f743ff363b5f117270d386b5a71
961,480,82944,6a242012867dc8b837e29b1a8324e93d22fc3f743ff363b5f117270d386b5a71
962,481,82944,6a242012867dc8b837e29b1a8324e93d22fc3f743ff363b5f117270d386b5a71
963,481,82944,6a242012867dc8b837e29b1a8324e93d22fc3f743ff363b5f117270d386b5a71
964,482,82944,6a242012867dc8b837e29b1a8324e93d22fc3f743ff363b5f117270d386b5a71
965,482,82944,6a242012867dc8b837e29b1a8324e93d22fc3f743ff363b5f117270d386b5a71
966,483,82944,6a242012867dc8b837e29b1a8324e93d22fc3f743ff363b5f117270d386b5a71
967,483,82944,6a242012867dc8b837e29b1a8324e93d22fc3f743ff363b5f117270d386b5a71
968,484,82944,6a242012867dc8b837e29b1a8324e93d22fc3f743ff363b5f117270d386b5a71
969,484,82944,6a242012867dc8b837e29b1a8324e93d22fc3f743ff363b5f117270d386b5a71
970,485,82944,6a242012867dc8b837e29b1a8324e93d22fc3f743ff363b5f117270d386b5a71
971,485,82944,6a242012867dc8b837e29b1a8324e93d22fc3f743ff363b5f117270d386b5a71
972,486,82944,6a242012867dc8b837e29b1a8324e93d22fc3f743ff363b5f117270d386b5a71
973,486,82944,6a242012867dc8b837e29b1a8324e93d22fc3f743ff363b5f117270d386b5a71
974,487,82944,6a242012867dc8b837e29b1a8324e93d22fc3f743ff363b5f117270d386b5a71
975,487,82944,6a242012867dc8b837e29b1a8324e93d22fc3f743ff363b5f117270d386b5a71
976,488,82944,6a242012867dc8b837e29b1a8324e93d22fc3f743ff363b5f117270d386b5a71
977,488,82944,6a242012867dc8b837e29b1a8324e93d22fc3f743ff363b5f117270d386b5a71
978,489,82944,6a242012867dc8b837e29b1a8324e93d22fc3f743ff363b5f117270d386b5a71
979,489,82944,6a242012867dc8b837e29b1a8324e93d22fc3f743ff363b5f117270d386b5a71
980,490,82944,6a242012867dc8b837e29b1a8324e93d22fc3f743ff363b5f117270d386b5a71
981,490,82944,6a242012867dc8b837e29b1a8324e93d22fc3f743ff363b5f117270d386b5a71
982,491,82944,6a242012867dc8b837e29b1a8324e93d22fc3f743ff363b5f117270d386b5a71
983,491,82944,6a242012867dc8b837e29b1a8324e93d22fc3f743ff363b5f117270d386b5a71
984,492,82944,6a242012867dc8b837e29b1a8324e93d22fc3f743ff363b5f117270d386b5a71
985,492,82944,6a242012867dc8b837e29b1a8324e93d22fc3f743ff363b5f117270d386b5a71
986,493,82944,6a242012867dc8b837e29b1a8324e93d22fc3f743ff363b5f117270d386b5a71
987,493,82944,6a242012867dc8b837e29b1a8324e93d22fc3f743ff363b5f117270d386b5a71
988,494,82944,6a242012867dc8b837e29b1a8324e93d22fc3f743ff363b5f117270d386b5a71
989,494,82944,6a242012867dc8b837e29b1a8324e93d22fc3f743ff363b5f117270d386b5a71
990,495,82944,6a242012867dc8b837e29b1a8324e93d22fc3f743ff363b5f117270d386b5a71
991,495,82944,6a242012867dc8b837e29b1a8324e93d22fc3f743ff363b5f117270d386b5a71
992,496,82944,6a242012867dc8b837e29b1a8324e93d22fc3f743ff363b5f117270d386b5a71
993,496,82944,6a242012867dc8b837e29b1a8324e93d22fc3f743ff363b5f117270d386b5a71
994,497,82944,6a242012867dc8b837e29b1a8324e93d22fc3f743ff363b5f117270d386b5a71
995,497,82944,6a242012867dc8b837e29b1a8324e93d22fc3f743ff363b5f117270d386b5a71
996,498,82944,6a242012867dc8b837e29b1a8324e93d22fc3f743ff363b5f117270d386b5a71
997,498,82944,6a242012867dc8b837e29b1a8324e93d22fc3f743ff363b5f117270d386b5a71
998,499,82944,6a242012867dc8b837e29b1a8324e93d22fc3f743ff363b5f117270d386b5a71
999,499,82944,6a242012867dc8b837e29b1a8324e93d22fc3f743ff363b5f117270d386b5a71
1000,500,82944,6a242012867dc8b837e29b1a8324e93d22fc3f743ff363b5f117270d386b5a71
1001,500,82944,6a242012867dc8b837e29b1a8324e93d22fc3f743ff363b5f117270d386b5a71
1002,501,82944,6a242012867dc8b837e29b1a8324e93d22fc3f743ff363b5f117270d386b5a71
1003,501,82944,6a242012867dc8b837e29b1a8324e93d22fc3f743ff363b5f117270d386b5a71
1004,502,82944,6a242012867dc8b837e29b1a8324e93d22fc3f743ff363b5f117270d386b5a71
1005,502,82944,6a242012867dc8b837e29b1a8324e93d22fc3f743ff363b5f117270d386b5a71
1006,503,82944,6a242012867dc8b837e29b1a8324e93d22fc3f743ff363b5f117270d386b5a71
1007,503,82944,6a242012867dc8b837e29b1a8324e93d22fc3f743ff363b5f117270d386b5a71
1008,504,82944,6a242012867dc8b837e29b1a8324e93d22fc3f743ff363b5f117270d386b5a71
1009,504,82944,6a242012867dc8b837e29b1a8324e93d22fc3f743ff363b5f117270d386b5a71
1010,505,82944,6a242012867dc8b837e29b1a8324e93d22fc3f743ff363b5f117270d386b5a71
1011,505,82944,6a242012867dc8b837e29b1a8324e93d22fc3f743ff363b5f117270d386b5a71
1012,506,82944,6a242012867dc8b837e29b1a8324e93d22fc3f743ff363b5f117270d386b5a71
1013,506,82944,6a242012867dc8b837e29b1a8324e93d22fc3f743ff363b5f117270d386b5a71
1014,507,82944,6a242012867dc8b837e29b1a8324e93d22fc3f743ff363b5f117270d386b5a71
1015,507,82944,6a242012867dc8b837e29b1a8324e93d22fc3f743ff363b5f117270d386b5a71
1016,508,82944,6a242012867dc8b837e29b1a8324e93d22fc3f743ff363b5f117270d386b5a71
1017,508,82944,6a242012867dc8b837e29b1a8324e93d22fc3f743ff363b5f117270d386b5a71
1018,509,82944,6a242012867dc8b837e29b1a8324e93d22fc3f743ff363b5f117270d386b5a71
1019,509,82944,6a242012867dc8b837e29b1a8324e93d22fc3f743ff363b5f117270d386b5a71
1020,510,82944,6a242012867dc8b837e29b1a8324e93d22fc3f743ff363b5f117270d386b5a71
1021,510,82944,6a242012867dc8b837e29b1a8324e93d22fc3f743ff363b5f117270d386b5a71
1022,511,82944,6a242012867dc8b837e29b1a8324e93d22fc3f743ff363b5f117270d386b5a71
1023,511,82944,6a242012867dc8b837e29b1a8324e93d22fc3f743ff363b5f117270d386b5a71
1024,512,82944,6a242012867dc8b837e29b1a8324e93d22fc3f743ff363b5f117270d386b5a71
1025,512,82944,6a242012867dc8b837e29b1a8324e93d22fc3f743ff363b5f117270d386b5a71
1026,513,82944,6a242012867dc8b837e29b1a8324e93d22fc3f743ff363b5f117270d386b5a71
1027,513,82944,6a242012867dc8b837e29b1a8324e93d22fc3f743ff363b5f117270d386b5a71
1028,514,82944,6a242012867dc8b837e29b1a8324e93d22fc3f743ff363b5f117270d386b5a71
1029,514,82944,6a242012867dc8b837e29b1a8324e93d22fc3f743ff363b5f117270d386b5a71
1030,515,82944,6a242012867dc8b837e29b1a8324e93d22fc3f743ff363b5f117270d386b5a71
1031,515,82944,6a242012867dc8b837e29b1a8324e93d22fc3f743ff363b5f117270d386b5a71
1032,516,82944,6a242012867dc8b837e29b1a8324e93d22fc3f743ff363b5f117270d386b5a71
1033,516,82944,6a242012867dc8b837e29b1a8324e93d22fc3f743ff363b5f117270d386b5a71
1034,517,82944,6a242012867dc8b837e29b1a8324e93d22fc3f743ff363b5f117270d386b5a71
1035,517,82944,6a242012867dc8b837e29b1a8324e93d22fc3f743ff363b5f117270d386b5a71
1036,518,82944,6a242012867dc8b837e29b1a8324e93d22fc3f743ff363b5f117270d386b5a71
1037,518,82944,6a242012867dc8b837e29b1a8324e93d22fc3f743ff363b5f117270d386b5a71
1038,519,82944,6a242012867dc8b837e29b1a8324e93d22fc3f743ff363b5f117270d386b5a71
1039,519,82944,6a242012867dc8b837e29b1a8324e93d22fc3f743ff363b5f117270d386b5a71
1040,520,82944,6a242012867dc8b837e29b1a8324e93d22fc3f743ff363b5f117270d386b5a71
1041,520,82944,6a242012867dc8b837e29b1a8324e93d22fc3f743ff363b5f117270d386b5a71
1042,521,82944,6a242012867dc8b837e29b1a8324e93d22fc3f743ff363b5f117270d386b5a71
1043,521,82944,6a242012867dc8b837e29b1a8324e93d22fc3f743ff363b5f117270d386b5a71
1044,522,82944,6a242012867dc8b837e29b1a8324e93d22fc3f743ff363b5f117270d386b5a71
1045,522,82944,6a242012867dc8b837e29b1a8324e93d22fc3f743ff363b5f117270d386b5a71
1046,523,82944,6a242012867dc8b837e29b1a8324e93d22fc3f743ff363b5f117270d386b5a71
1047,523,82944,6a242012867dc8b837e29b1a8324e93d22fc3f743ff363b5f117270d386b5a71
1048,524,82944,6a242012867dc8b837e29b1a8324e93d22fc3f743ff363b5f117270d386b5a71
1049,524,82944,6a242012867dc8b837e29b1a8324e93d22fc3f743ff363b5f117270d386b5a71
1050,525,82944,6a242012867dc8b837e29b1a8324e93d22fc3f743ff363b5f117270d386b5a71
1051,525,82944,6a242012867dc8b837e29b1a8324e93d22fc3f743ff363b5f117270d386b5a71
1052,526,82944,6a242012867dc8b837e29b1a8324e93d22fc3f743ff363b5f117270d386b5a71
1053,526,82944,6a242012867dc8b837e29b1a8324e93d22fc3f743ff363b5f117270d386b5a71
1054,527,82944,6a242012867dc8b837e29b1a8324e93d22fc3f743ff363b5f117270d386b5a71
1055,527,82944,6a242012867dc8b837e29b1a8324e93d22fc3f743ff363b5f117270d386b5a71
1056,528,82944,6a242012867dc8b837e29b1a8324e93d22fc3f743ff363b5f117270d386b5a71
1057,528,82944,6a242012867dc8b837e29b1a8324e93d22fc3f743ff363b5f117270d386b5a71
1058,529,82944,6a242012867dc8b837e29b1a8324e93d22fc3f743ff363b5f117270d386b5a71
1059,529,82944,6a242012867dc8b837e29b1a8324e93d22fc3f743ff363b5f117270d386b5a71
1060,530,82944,6a242012867dc8b837e29b1a8324e93d22fc3f743ff363b5f117270d386b5a71
1061,530,82944,6a242012867dc8b837e29b1a8324e93d22fc3f743ff363b5f117270d386b5a71
1062,531,82944,6a242012867dc8b837e29b1a8324e93d22fc3f743ff363b5f117270d386b5a71
1063,531,82944,6a242012867dc8b837e29b1a8324e93d22fc3f743ff363b5f117270d386b5a71
1064,532,82944,6a242012867dc8b837e29b1a8324e93d22fc3f743ff363b5f117270d386b5a71
1065,532,82944,6a242012867dc8b837e29b1a8324e93d22fc3f743ff363b5f117270d386b5a71
1066,533,82944,6a242012867dc8b837e29b1a8324e93d22fc3f743ff363b5f117270d386b5a71
1067,533,82944,6a242012867dc8b837e29b1a8324e93d22fc3f743ff363b5f117270d386b5a71
1068,534,82944,6a242012867dc8b837e29b1a8324e93d22fc3f743ff363b5f117270d386b5a71
1069,534,82944,6a242012867dc8b837e29b1a8324e93d22fc3f743ff363b5f117270d386b5a71
1070,535,82944,6a242012867dc8b837e29b1a8324e93d22fc3f743ff363b5f117270d386b5a71
1071,535,82944,6a242012867dc8b837e29b1a8324e93d22fc3f743ff363b5f117270d386b5a71
1072,536,82944,6a242012867dc8b837e29b1a8324e93d22fc3f743ff363b5f117270d386b5a71
1073,536,82944,6a242012867dc8b837e29b1a8324e93d22fc3f743ff363b5f117270d386b5a71
1074,537,82944,6a242012867dc8b837e29b1a8324e93d22fc3f743ff363b5f117270d386b5a71
1075,537,82944,6a242012867dc8b837e29b1a8324e93d22fc3f743ff363b5f117270d386b5a71
1076,538,82944,6a242012867dc8b837e29b1a8324e93d22fc3f743ff363b5f117270d386b5a71
1077,538,82944,6a242012867dc8b837e29b1a8324e93d22fc3f743ff363b5f117270d386b5a71
1078,539,82944,6a242012867dc8b837e29b1a8324e93d22fc3f743ff363b5f117270d386b5a71
1079,539,82944,6a242012867dc8b837e29b1a8324e93d22fc3f743ff363b5f117270d386b5a71
1080,540,82944,6a242012867dc8b837e29b1a8324e93d22fc3f743ff363b5f117270d386b5a71
1081,540,82944,6a242012867dc8b837e29b1a8324e93d22fc3f743ff363b5f117270d386b5a71
1082,541,82944,6a242012867dc8b837e29b1a8324e93d22fc3f743ff363b5f117270d386b5a71
1083,541,82944,6a242012867dc8b837e29b1a8324e93d22fc3f743ff363b5f117270d386b5a71
1084,542,82944,6a242012867dc8b837e29b1a8324e93d22fc3f743ff363b5f117270d386b5a71
1085,542,82944,6a242012867dc8b837e29b1a8324e93d22fc3f743ff363b5f117270d386b5a71
1086,543,82944,6a242012867dc8b837e29b1a8324e93d22fc3f743ff363b5f117270d386b5a71
1087,543,82944,6a242012867dc8b837e29b1a8324e93d22fc3f743ff363b5f117270d386b5a71
1088,544,82944,6a242012867dc8b837e29b1a8324e93d22fc3f743ff363b5f117270d386b5a71
1089,544,82944,6a242012867dc8b837e29b1a8324e93d22fc3f743ff363b5f117270d386b5a71
1090,545,82944,6a242012867dc8b837e29b1a8324e93d22fc3f743ff363b5f117270d386b5a71
1091,545,82944,6a242012867dc8b837e29b1a8324e93d22fc3f743ff363b5f117270d386b5a71
1092,546,82944,6a242012867dc8b837e29b1a8324e93d22fc3f743ff363b5f117270d386b5a71
1093,546,82944,6a242012867dc8b837e29b1a8324e93d22fc3f743ff363b5f117270d386b5a71
1094,547,82944,6a242012867dc8b837e29b1a8324e93d22fc3f743ff363b5f117270d386b5a71
1095,547,82944,6a242012867dc8b837e29b1a8324e93d22fc3f743ff363b5f117270d386b5a71
1096,548,82944,6a242012867dc8b837e29b1a8324e93d22fc3f743ff363b5f117270d386b5a71
1097,548,82944,6a242012867dc8b837e29b1a8324e93d22fc3f743ff363b5f117270d386b5a71
1098,549,82944,6a242012867dc8b837e29b1a8324e93d22fc3f743ff363b5f117270d386b5a71
1099,549,82944,6a242012867dc8b837e29b1a8324e93d22fc3f743ff363b5f117270d386b5a71
1100,550,82944,6a242012867dc8b837e29b1a8324e93d22fc3f743ff363b5f117270d386b5a71
1101,550,82944,6a242012867dc8b837e29b1a8324e93d22fc3f743ff363b5f117270d386b5a71
1102,551,82944,6a242012867dc8b837e29b1a8324e93d22fc3f743ff363b5f117270d386b5a71
1103,551,82944,6a242012867dc8b837e29b1a8324e93d22fc3f743ff363b5f117270d386b5a71
1104,552,82944,6a242012867dc8b837e29b1a8324e93d22fc3f743ff363b5f117270d386b5a71
1105,552,82944,6a242012867dc8b837e29b1a8324e93d22fc3f743ff363b5f117270d386b5a71
1106,553,82944,6a242012867dc8b837e29b1a8324e93d22fc3f743ff363b5f117270d386b5a71
1107,553,82944,6a242012867dc8b837e29b1a8324e93d22fc3f743ff363b5f117270d386b5a71
1108,554,82944,6a242012867dc8b837e29b1a8324e93d22fc3f743ff363b5f117270d386b5a71
1109,554,82944,6a242012867dc8b837e29b1a8324e93d22fc3f743ff363b5f117270d386b5a71
1110,555,82944,6a242012867dc8b837e29b1a8324e93d22fc3f743ff363b5f117270d386b5a71
1111,555,82944,6a242012867dc8b837e29b1a8324e93d22fc3f743ff363b5f117270d386b5a71
1112,556,82944,6a242012867dc8b837e29b1a8324e93d22fc3f743ff363b5f117270d386b5a71
1113,556,82944,6a242012867dc8b837e29b1a8324e93d22fc3f743ff363b5f117270d386b5a71
1114,557,82944,6a242012867dc8b837e29b1a8324e93d22fc3f743ff363b5f117270d386b5a71
1115,557,82944,6a242012867dc8b837e29b1a8324e93d22fc3f743ff363b5f117270d386b5a71
1116,558,82944,6a242012867dc8b837e29b1a8324e93d22fc3f743ff363b5f117270d386b5a71
1117,558,82944,6a242012867dc8b837e29b1a8324e93d22fc3f743ff363b5f117270d386b5a71
1118,559,82944,6a242012867dc8b837e29b1a8324e93d22fc3f743ff363b5f117270d386b5a71
1119,559,82944,6a242012867dc8b837e29b1a8324e93d22fc3f743ff363b5f117270d386b5a71
1120,560,82944,6a242012867dc8b837e29b1a8324e93d22fc3f743ff363b5f117270d386b5a71
1121,560,82944,6a242012867dc8b837e29b1a8324e93d22fc3f743ff363b5f117270d386b5a71
1122,561,82944,6a242012867dc8b837e29b1a8324e93d22fc3f743ff363b5f117270d386b5a71
1123,561,82944,6a242012867dc8b837e29b1a8324e93d22fc3f743ff363b5f117270d386b5a71
1124,562,82944,6a242012867dc8b837e29b1a8324e93d22fc3f743ff363b5f117270d386b5a71
1125,562,82944,6a242012867dc8b837e29b1a8324e93d22fc3f743ff363b5f117270d386b5a71
1126,563,82944,6a242012867dc8b837e29b1a8324e93d22fc3f743ff363b5f117270d386b5a71
1127,563,82944,6a242012867dc8b837e29b1a8324e93d22fc3f743ff363b5f117270d386b5a71
1128,564,82944,6a242012867dc8b837e29b1a8324e93d22fc3f743ff363b5f117270d386b5a71
1129,564,82944,6a242012867dc8b837e29b1a8324e93d22fc3f743ff363b5f117270d386b5a71
1130,565,82944,6a242012867dc8b837e29b1a8324e93d22fc3f743ff363b5f117270d386b5a71
1131,565,82944,6a242012867dc8b837e29b1a8324e93d22fc3f743ff363b5f117270d386b5a71
1132,566,82944,6a242012867dc8b837e29b1a8324e93d22fc3f743ff363b5f117270d386b5a71
1133,566,82944,6a242012867dc8b837e29b1a8324e93d22fc3f743ff363b5f117270d386b5a71
1134,567,82944,6a242012867dc8b837e29b1a8324e93d22fc3f743ff363b5f117270d386b5a71
1135,567,82944,6a242012867dc8b837e29b1a8324e93d22fc3f743ff363b5f117270d386b5a71
1136,568,82944,6a242012867dc8b837e29b1a8324e93d22fc3f743ff363b5f117270d386b5a71
1137,568,82944,6a242012867dc8b837e29b1a8324e93d22fc3f743ff363b5f117270d386b5a71
1138,569,82944,6a242012867dc8b837e29b1a8324e93d22fc3f743ff363b5f117270d386b5a71
1139,569,82944,6a242012867dc8b837e29b1a8324e93d22fc3f743ff363b5f117270d386b5a71
1140,570,82944,6a242012867dc8b837e29b1a8324e93d22fc3f743ff363b5f117270d386b5a71
1141,570,82944,6a242012867dc8b837e29b1a8324e93d22fc3f743ff363b5f117270d386b5a71
1142,571,82944,6a242012867dc8b837e29b1a8324e93d22fc3f743ff363b5f117270d386b5a71
1143,571,82944,6a242012867dc8b837e29b1a8324e93d22fc3f743ff363b5f117270d386b5a71
1144,572,82944,6a242012867dc8b837e29b1a8324e93d22fc3f743ff363b5f117270d386b5a71
1145,572,82944,6a242012867dc8b837e29b1a8324e93d22fc3f743ff363b5f117270d386b5a71
1146,573,82944,6a242012867dc8b837e29b1a8324e93d22fc3f743ff363b5f117270d386b5a71
1147,573,82944,6a242012867dc8b837e29b1a8324e93d22fc3f743ff363b5f117270d386b5a71
1148,574,82944,6a242012867dc8b837e29b1a8324e93d22fc3f743ff363b5f117270d386b5a71
1149,574,82944,6a242012867dc8b837e29b1a8324e93d22fc3f743ff363b5f117270d386b5a71
1150,575,82944,6a242012867dc8b837e29b1a8324e93d22fc3f743ff363b5f117270d386b5a71
1151,575,82944,6a242012867dc8b837e29b1a8324e93d22fc3f743ff363b5f117270d386b5a71
1152,576,82944,6a242012867dc8b837e29b1a8324e93d22fc3f743ff363b5f117270d386b5a71
1153,576,82944,6a242012867dc8b837e29b1a8324e93d22fc3f743ff363b5f117270d386b5a71
1154,577,82944,6a242012867dc8b837e29b1a8324e93d22fc3f743ff363b5f117270d386b5a71
1155,577,82944,6a242012867dc8b837e29b1a8324e93d22fc3f743ff363b5f117270d386b5a71
1156,578,82944,6a242012867dc8b837e29b1a8324e93d22fc3f743ff363b5f117270d386b5a71
1157,578,82944,6a242012867dc8b837e29b1a8324e93d22fc3f743ff363b5f117270d386b5a71
1158,579,82944,6a242012867dc8b837e29b1a8324e93d22fc3f743ff363b5f117270d386b5a71
1159,579,82944,6a242012867dc8b837e29b1a8324e93d22fc3f743ff363b5f117270d386b5a71
1160,580,82944,6a242012867dc8b837e29b1a8324e93d22fc3f743ff363b5f117270d386b5a71
1161,580,82944,6a242012867dc8b837e29b1a8324e93d22fc3f743ff363b5f117270d386b5a71
1162,581,82944,6a242012867dc8b837e29b1a8324e93d22fc3f743ff363b5f117270d386b5a71
1163,581,82944,6a242012867dc8b837e29b1a8324e93d22fc3f743ff363b5f117270d386b5a71
1164,582,82944,6a242012867dc8b837e29b1a8324e93d22fc3f743ff363b5f117270d386b5a71
1165,582,82944,6a242012867dc8b837e29b1a8324e93d22fc3f743ff363b5f117270d386b5a71
1166,583,82944,6a242012867dc8b837e29b1a8324e93d22fc3f743ff363b5f117270d386b5a71
1167,583,82944,6a242012867dc8b837e29b1a8324e93d22fc3f743ff363b5f117270d386b5a71
1168,584,82944,6a242012867dc8b837e29b1a8324e93d22fc3f743ff363b5f117270d386b5a71
1169,584,82944,6a242012867dc8b837e29b1a8324e93d22fc3f743ff363b5f117270d386b5a71
1170,585,82944,6a242012867dc8b837e29b1a8324e93d22fc3f743ff363b5f117270d386b5a71
1171,585,82944,6a242012867dc8b837e29b1a8324e93d22fc3f743ff363b5f117270d386b5a71
1172,586,82944,6a242012867dc8b837e29b1a8324e93d22fc3f743ff363b5f117270d386b5a71
1173,586,82944,6a242012867dc8b837e29b1a8324e93d22fc3f743ff363b5f117270d386b5a71
1174,587,82944,6a242012867dc8b837e29b1a8324e93d22fc3f743ff363b5f117270d386b5a71
1175,587,82944,6a242012867dc8b837e29b1a8324e93d22fc3f743ff363b5f117270d386b5a71
1176,588,82944,6a242012867dc8b837e29b1a8324e93d22fc3f743ff363b5f117270d386b5a71
1177,588,82944,6a242012867dc8b837e29b1a8324e93d22fc3f743ff363b5f117270d386b5a71
1178,589,82944,6a242012867dc8b837e29b1a8324e93d22fc3f743ff363b5f117270d386b5a71
1179,589,82944,6a242012867dc8b837e29b1a8324e93d22fc3f743ff363b5f117270d386b5a71
1180,590,82944,6a242012867dc8b837e29b1a8324e93d22fc3f743ff363b5f117270d386b5a71
1181,590,82944,6a242012867dc8b837e29b1a8324e93d22fc3f743ff363b5f117270d386b5a71
1182,591,82944,6a242012867dc8b837e29b1a8324e93d22fc3f743ff363b5f117270d386b5a71
1183,591,82944,6a242012867dc8b837e29b1a8324e93d22fc3f743ff363b5f117270d386b5a71
1184,592,82944,6a242012867dc8b837e29b1a8324e93d22fc3f743ff363b5f117270d386b5a71
1185,592,82944,6a242012867dc8b837e29b1a8324e93d22fc3f743ff363b5f117270d386b5a71
1186,593,82944,6a242012867dc8b837e29b1a8324e93d22fc3f743ff363b5f117270d386b5a71
1187,593,82944,6a242012867dc8b837e29b1a8324e93d22fc3f743ff363b5f117270d386b5a71
1188,594,82944,6a242012867dc8b837e29b1a8324e93d22fc3f743ff363b5f117270d386b5a71
1189,594,82944,6a242012867dc8b837e29b1a8324e93d22fc3f743ff363b5f117270d386b5a71
1190,595,82944,6a242012867dc8b837e29b1a8324e93d22fc3f743ff363b5f117270d386b5a71
1191,595,82944,6a242012867dc8b837e29b1a8324e93d22fc3f743ff363b5f117270d386b5a71
1192,596,82944,6a242012867dc8b837e29b1a8324e93d22fc3f743ff363b5f117270d386b5a71
1193,596,82944,6a242012867dc8b837e29b1a8324e93d22fc3f743ff363b5f117270d386b5a71
1194,597,82944,6a242012867dc8b837e29b1a8324e93d22fc3f743ff363b5f117270d386b5a71
1195,597,82944,6a242012867dc8b837e29b1a8324e93d22fc3f743ff363b5f117270d386b5a71
1196,598,82944,6a242012867dc8b837e29b1a8324e93d22fc3f743ff363b5f117270d386b5a71
1197,598,82944,6a242012867dc8b837e29b1a8324e93d22fc3f743ff363b5f117270d386b5a71
1198,599,82944,6a242012867dc8b837e29b1a8324e93d22fc3f743ff363b5f117270d386b5a71
1199,599,82944,6a242012867dc8b837e29b1a8324e93d22fc3f743ff363b5f117270d386b5a71
1200,600,82944,6a242012867dc8b837e29b1a8324e93d22fc3f743ff363b5f117270d386b5a71
1201,600,82944,6a242012867dc8b837e29b1a8324e93d22fc3f743ff363b5f117270d386b5a71
1202,601,82944,6a242012867dc8b837e29b1a8324e93d22fc3f743ff363b5f117270d386b5a71
1203,601,82944,6a242012867dc8b837e29b1a8324e93d22fc3f743ff363b5f117270d386b5a71
1204,602,82944,6a242012867dc8b837e29b1a8324e93d22fc3f743ff363b5f117270d386b5a71
1205,602,82944,6a242012867dc8b837e29b1a8324e93d22fc3f743ff363b5f117270d386b5a71
1206,603,82944,6a242012867dc8b837e29b1a8324e93d22fc3f743ff363b5f117270d386b5a71
1207,603,82944,6a242012867dc8b837e29b1a8324e93d22fc3f743ff363b5f117270d386b5a71
1208,604,82944,6a242012867dc8b837e29b1a8324e93d22fc3f743ff363b5f117270d386b5a71
1209,604,82944,6a242012867dc8b837e29b1a8324e93d22fc3f743ff363b5f117270d386b5a71
1210,605,82944,6a242012867dc8b837e29b1a8324e93d22fc3f743ff363b5f117270d386b5a71
1211,605,82944,6a242012867dc8b837e29b1a8324e93d22fc3f743ff363b5f117270d386b5a71
1212,606,82944,6a242012867dc8b837e29b1a8324e93d22fc3f743ff363b5f117270d386b5a71
1213,606,82944,6a242012867dc8b837e29b1a8324e93d22fc3f743ff363b5f117270d386b5a71
1214,607,82944,6a242012867dc8b837e29b1a8324e93d22fc3f743ff363b5f117270d386b5a71
1215,607,82944,6a242012867dc8b837e29b1a8324e93d22fc3f743ff363b5f117270d386b5a71
1216,608,82944,6a242012867dc8b837e29b1a8324e93d22fc3f743ff363b5f117270d386b5a71
1217,608,82944,6a242012867dc8b837e29b1a8324e93d22fc3f743ff363b5f117270d386b5a71
1218,609,82944,6a242012867dc8b837e29b1a8324e93d22fc3f743ff363b5f117270d386b5a71
1219,609,82944,6a242012867dc8b837e29b1a8324e93d22fc3f743ff363b5f117270d386b5a71
1220,610,82944,6a242012867dc8b837e29b1a8324e93d22fc3f743ff363b5f117270d386b5a71
1221,610,82944,6a242012867dc8b837e29b1a8324e93d22fc3f743ff363b5f117270d386b5a71
1222,611,82944,6a242012867dc8b837e29b1a8324e93d22fc3f743ff363b5f117270d386b5a71
1223,611,82944,6a242012867dc8b837e29b1a8324e93d22fc3f743ff363b5f117270d386b5a71
1224,612,82944,6a242012867dc8b837e29b1a8324e93d22fc3f743ff363b5f117270d386b5a71
1225,612,82944,6a242012867dc8b837e29b1a8324e93d22fc3f743ff363b5f117270d386b5a71
1226,613,82944,6a242012867dc8b837e29b1a8324e93d22fc3f743ff363b5f117270d386b5a71
1227,613,82944,6a242012867dc8b837e29b1a8324e93d22fc3f743ff363b5f117270d386b5a71
1228,614,82944,6a242012867dc8b837e29b1a8324e93d22fc3f743ff363b5f117270d386b5a71
1229,614,82944,6a242012867dc8b837e29b1a8324e93d22fc3f743ff363b5f117270d386b5a71
1230,615,82944,6a242012867dc8b837e29b1a8324e93d22fc3f743ff363b5f117270d386b5a71
1231,615,82944,6a242012867dc8b837e29b1a8324e93d22fc3f743ff363b5f117270d386b5a71
1232,616,82944,6a242012867dc8b837e29b1a8324e93d22fc3f743ff363b5f117270d386b5a71
1233,616,82944,6a242012867dc8b837e29b1a8324e93d22fc3f743ff363b5f117270d386b5a71
1234,617,82944,6a242012867dc8b837e29b1a8324e93d22fc3f743ff363b5f117270d386b5a71
1235,617,82944,6a242012867dc8b837e29b1a8324e93d22fc3f743ff363b5f117270d386b5a71
1236,618,82944,6a242012867dc8b837e29b1a8324e93d22fc3f743ff363b5f117270d386b5a71
1237,618,82944,6a242012867dc8b837e29b1a8324e93d22fc3f743ff363b5f117270d386b5a71
1238,619,82944,6a242012867dc8b837e29b1a8324e93d22fc3f743ff363b5f117270d386b5a71
1239,619,82944,6a242012867dc8b837e29b1a8324e93d22fc3f743ff363b5f117270d386b5a71
1240,620,82944,6a242012867dc8b837e29b1a8324e93d22fc3f743ff363b5f117270d386b5a71
1241,620,82944,6a242012867dc8b837e29b1a8324e93d22fc3f743ff363b5f117270d386b5a71
1242,621,82944,6a242012867dc8b837e29b1a8324e93d22fc3f743ff363b5f117270d386b5a71
1243,621,82944,6a242012867dc8b837e29b1a8324e93d22fc3f743ff363b5f117270d386b5a71
1244,622,82944,6a242012867dc8b837e29b1a8324e93d22fc3f743ff363b5f117270d386b5a71
1245,622,82944,6a242012867dc8b837e29b1a8324e93d22fc3f743ff363b5f117270d386b5a71
1246,623,82944,6a242012867dc8b837e29b1a8324e93d22fc3f743ff363b5f117270d386b5a71
1247,623,82944,6a242012867dc8b837e29b1a8324e93d22fc3f743ff363b5f117270d386b5a71
1248,624,82944,6a242012867dc8b837e29b1a8324e93d22fc3f743ff363b5f117270d386b5a71
1249,624,82944,6a242012867dc8b837e29b1a8324e93d22fc3f743ff363b5f117270d386b5a71
1250,625,82944,6a242012867dc8b837e29b1a8324e93d22fc3f743ff363b5f117270d386b5a71
1251,625,82944,6a242012867dc8b837e29b1a8324e93d22fc3f743ff363b5f117270d386b5a71
1252,626,82944,6a242012867dc8b837e29b1a8324e93d22fc3f743ff363b5f117270d386b5a71
1253,626,82944,6a242012867dc8b837e29b1a8324e93d22fc3f743ff363b5f117270d386b5a71
1254,627,82944,6a242012867dc8b837e29b1a8324e93d22fc3f743ff363b5f117270d386b5a71
1255,627,82944,6a242012867dc8b837e29b1a8324e93d22fc3f743ff363b5f117270d386b5a71
1256,628,82944,6a242012867dc8b837e29b1a8324e93d22fc3f743ff363b5f117270d386b5a71
1257,628,82944,6a242012867dc8b837e29b1a8324e93d22fc3f743ff363b5f117270d386b5a71
1258,629,82944,6a242012867dc8b837e29b1a8324e93d22fc3f743ff363b5f117270d386b5a71
1259,629,82944,6a242012867dc8b837e29b1a8324e93d22fc3f743ff363b5f117270d386b5a71
1260,630,82944,6a242012867dc8b837e29b1a8324e93d22fc3f743ff363b5f117270d386b5a71
1261,630,82944,6a242012867dc8b837e29b1a8324e93d22fc3f743ff363b5f117270d386b5a71
1262,631,82944,6a242012867dc8b837e29b1a8324e93d22fc3f743ff363b5f117270d386b5a71
1263,631,82944,6a242012867dc8b837e29b1a8324e93d22fc3f743ff363b5f117270d386b5a71
1264,632,82944,6a242012867dc8b837e29b1a8324e93d22fc3f743ff363b5f117270d386b5a71
1265,632,82944,6a242012867dc8b837e29b1a8324e93d22fc3f743ff363b5f117270d386b5a71
1266,633,82944,6a242012867dc8b837e29b1a8324e93d22fc3f743ff363b5f117270d386b5a71
1267,633,82944,6a242012867dc8b837e29b1a8324e93d22fc3f743ff363b5f117270d386b5a71
1268,634,82944,6a242012867dc8b837e29b1a8324e93d22fc3f743ff363b5f117270d386b5a71
1269,634,82944,6a242012867dc8b837e29b1a8324e93d22fc3f743ff363b5f117270d386b5a71
1270,635,82944,6a242012867dc8b837e29b1a8324e93d22fc3f743ff363b5f117270d386b5a71
1271,635,82944,6a242012867dc8b837e29b1a8324e93d22fc3f743ff363b5f117270d386b5a71
1272,636,82944,6a242012867dc8b837e29b1a8324e93d22fc3f743ff363b5f117270d386b5a71
1273,636,82944,6a242012867dc8b837e29b1a8324e93d22fc3f743ff363b5f117270d386b5a71
1274,637,82944,6a242012867dc8b837e29b1a8324e93d22fc3f743ff363b5f117270d386b5a71
1275,637,82944,6a242012867dc8b837e29b1a8324e93d22fc3f743ff363b5f117270d386b5a71
1276,638,82944,6a242012867dc8b837e29b1a8324e93d22fc3f743ff363b5f117270d386b5a71
1277,638,82944,6a242012867dc8b837e29b1a8324e93d22fc3f743ff363b5f117270d386b5a71
1278,639,82944,6a242012867dc8b837e29b1a8324e93d22fc3f743ff363b5f117270d386b5a71
1279,639,82944,6a242012867dc8b837e29b1a8324e93d22fc3f743ff363b5f117270d386b5a71
1280,640,82944,6a242012867dc8b837e29b1a8324e93d22fc3f743ff363b5f117270d386b5a71
1281,640,82944,6a242012867dc8b837e29b1a8324e93d22fc3f743ff363b5f117270d386b5a71
1282,641,82944,6a242012867dc8b837e29b1a8324e93d22fc3f743ff363b5f117270d386b5a71
1283,641,82944,6a242012867dc8b837e29b1a8324e93d22fc3f743ff363b5f117270d386b5a71
1284,642,82944,6a242012867dc8b837e29b1a8324e93d22fc3f743ff363b5f117270d386b5a71
1285,642,82944,6a242012867dc8b837e29b1a8324e93d22fc3f743ff363b5f117270d386b5a71
1286,643,82944,6a242012867dc8b837e29b1a8324e93d22fc3f743ff363b5f117270d386b5a71
1287,643,82944,6a242012867dc8b837e29b1a8324e93d22fc3f743ff363b5f117270d386b5a71
1288,644,82944,6a242012867dc8b837e29b1a8324e93d22fc3f743ff363b5f117270d386b5a71
1289,644,82944,6a242012867dc8b837e29b1a8324e93d22fc3f743ff363b5f117270d386b5a71
1290,645,82944,6a242012867dc8b837e29b1a8324e93d22fc3f743ff363b5f117270d386b5a71
1291,645,82944,6a242012867dc8b837e29b1a8324e93d22fc3f743ff363b5f117270d386b5a71
1292,646,82944,6a242012867dc8b837e29b1a8324e93d22fc3f743ff363b5f117270d386b5a71
1293,646,82944,6a242012867dc8b837e29b1a8324e93d22fc3f743ff363b5f117270d386b5a71
1294,647,82944,6a242012867dc8b837e29b1a8324e93d22fc3f743ff363b5f117270d386b5a71
1295,647,82944,6a242012867dc8b837e29b1a8324e93d22fc3f743ff363b5f117270d386b5a71
1296,648,82944,6a242012867dc8b837e29b1a8324e93d22fc3f743ff363b5f117270d386b5a71
1297,648,82944,6a242012867dc8b837e29b1a8324e93d22fc3f743ff363b5f117270d386b5a71
1298,649,82944,6a242012867dc8b837e29b1a8324e93d22fc3f743ff363b5f117270d386b5a71
1299,649,82944,6a242012867dc8b837e29b1a8324e93d22fc3f743ff363b5f117270d386b5a71
1300,650,82944,6a242012867dc8b837e29b1a8324e93d22fc3f743ff363b5f117270d386b5a71
1301,650,82944,6a242012867dc8b837e29b1a8324e93d22fc3f743ff363b5f117270d386b5a71
1302,651,82944,6a242012867dc8b837e29b1a8324e93d22fc3f743ff363b5f117270d386b5a71
1303,651,82944,6a242012867dc8b837e29b1a8324e93d22fc3f743ff363b5f117270d386b5a71
1304,652,82944,6a242012867dc8b837e29b1a8324e93d22fc3f743ff363b5f117270d386b5a71
1305,652,82944,6a242012867dc8b837e29b1a8324e93d22fc3f743ff363b5f117270d386b5a71
1306,653,82944,6a242012867dc8b837e29b1a8324e93d22fc3f743ff363b5f117270d386b5a71
1307,653,82944,6a242012867dc8b837e29b1a8324e93d22fc3f743ff363b5f117270d386b5a71
1308,654,82944,6a242012867dc8b837e29b1a8324e93d22fc3f743ff363b5f117270d386b5a71
1309,654,82944,6a242012867dc8b837e29b1a8324e93d22fc3f743ff363b5f117270d386b5a71
1310,655,82944,6a242012867dc8b837e29b1a8324e93d22fc3f743ff363b5f117270d386b5a71
1311,655,82944,6a242012867dc8b837e29b1a8324e93d22fc3f743ff363b5f117270d386b5a71
1312,656,82944,6a242012867dc8b837e29b1a8324e93d22fc3f743ff363b5f117270d386b5a71
1313,656,82944,6a242012867dc8b837e29b1a8324e93d22fc3f743ff363b5f117270d386b5a71
1314,657,82944,6a242012867dc8b837e29b1a8324e93d22fc3f743ff363b5f117270d386b5a71
1315,657,82944,6a242012867dc8b837e29b1a8324e93d22fc3f743ff363b5f117270d386b5a71
1316,658,82944,6a242012867dc8b837e29b1a8324e93d22fc3f743ff363b5f117270d386b5a71
1317,658,82944,6a242012867dc8b837e29b1a8324e93d22fc3f743ff363b5f117270d386b5a71
1318,659,82944,6a242012867dc8b837e29b1a8324e93d22fc3f743ff363b5f117270d386b5a71
1319,659,82944,6a242012867dc8b837e29b1a8324e93d22fc3f743ff363b5f117270d386b5a71
1320,660,82944,6a242012867dc8b837e29b1a8324e93d22fc3f743ff363b5f117270d386b5a71
1321,660,82944,6a242012867dc8b837e29b1a8324e93d22fc3f743ff363b5f117270d386b5a71
1322,661,82944,6a242012867dc8b837e29b1a8324e93d22fc3f743ff363b5f117270d386b5a71
1323,661,82944,6a242012867dc8b837e29b1a8324e93d22fc3f743ff363b5f117270d386b5a71
1324,662,82944,6a242012867dc8b837e29b1a8324e93d22fc3f743ff363b5f117270d386b5a71
1325,662,82944,6a242012867dc8b837e29b1a8324e93d22fc3f743ff363b5f117270d386b5a71
1326,663,82944,6a242012867dc8b837e29b1a8324e93d22fc3f743ff363b5f117270d386b5a71
1327,663,82944,6a242012867dc8b837e29b1a8324e93d22fc3f743ff363b5f117270d386b5a71
1328,664,82944,6a242012867dc8b837e29b1a8324e93d22fc3f743ff363b5f117270d386b5a71
1329,664,82944,6a242012867dc8b837e29b1a8324e93d22fc3f743ff363b5f117270d386b5a71
1330,665,82944,6a242012867dc8b837e29b1a8324e93d22fc3f743ff363b5f117270d386b5a71
1331,665,82944,6a242012867dc8b837e29b1a8324e93d22fc3f743ff363b5f117270d386b5a71
1332,666,82944,6a242012867dc8b837e29b1a8324e93d22fc3f743ff363b5f117270d386b5a71
1333,666,82944,6a242012867dc8b837e29b1a8324e93d22fc3f743ff363b5f117270d386b5a71
1334,667,82944,6a242012867dc8b837e29b1a8324e93d22fc3f743ff363b5f117270d386b5a71
1335,667,82944,6a242012867dc8b837e29b1a8324e93d22fc3f743ff363b5f117270d386b5a71
1336,668,82944,6a242012867dc8b837e29b1a8324e93d22fc3f743ff363b5f117270d386b5a71
1337,668,82944,6a242012867dc8b837e29b1a8324e93d22fc3f743ff363b5f117270d386b5a71
1338,669,82944,6a242012867dc8b837e29b1a8324e93d22fc3f743ff363b5f117270d386b5a71
1339,669,82944,6a242012867dc8b837e29b1a8324e93d22fc3f743ff363b5f117270d386b5a71
1340,670,82944,6a242012867dc8b837e29b1a8324e93d22fc3f743ff363b5f117270d386b5a71
1341,670,82944,6a242012867dc8b837e29b1a8324e93d22fc3f743ff363b5f117270d386b5a71
1342,671,82944,6a242012867dc8b837e29b1a8324e93d22fc3f743ff363b5f117270d386b5a71
1343,671,82944,6a242012867dc8b837e29b1a8324e93d22fc3f743ff363b5f117270d386b5a71
1344,672,82944,6a242012867dc8b837e29b1a8324e93d22fc3f743ff363b5f117270d386b5a71
1345,672,82944,6a242012867dc8b837e29b1a8324e93d22fc3f743ff363b5f117270d386b5a71
1346,673,82944,6a242012867dc8b837e29b1a8324e93d22fc3f743ff363b5f117270d386b5a71
1347,673,82944,6a242012867dc8b837e29b1a8324e93d22fc3f743ff363b5f117270d386b5a71
1348,674,82944,6a242012867dc8b837e29b1a8324e93d22fc3f743ff363b5f117270d386b5a71
1349,674,82944,6a242012867dc8b837e29b1a8324e93d22fc3f743ff363b5f117270d386b5a71
1350,675,82944,6a242012867dc8b837e29b1a8324e93d22fc3f743ff363b5f117270d386b5a71
1351,675,82944,6a242012867dc8b837e29b1a8324e93d22fc3f743ff363b5f117270d386b5a71
1352,676,82944,6a242012867dc8b837e29b1a8324e93d22fc3f743ff363b5f117270d386b5a71
1353,676,82944,6a242012867dc8b837e29b1a8324e93d22fc3f743ff363b5f117270d386b5a71
1354,677,82944,6a242012867dc8b837e29b1a8324e93d22fc3f743ff363b5f117270d386b5a71
1355,677,82944,6a242012867dc8b837e29b1a8324e93d22fc3f743ff363b5f117270d386b5a71
1356,678,82944,6a242012867dc8b837e29b1a8324e93d22fc3f743ff363b5f117270d386b5a71
1357,678,82944,6a242012867dc8b837e29b1a8324e93d22fc3f743ff363b5f117270d386b5a71
1358,679,82944,6a242012867dc8b837e29b1a8324e93d22fc3f743ff363b5f117270d386b5a71
1359,679,82944,6a242012867dc8b837e29b1a8324e93d22fc3f743ff363b5f117270d386b5a71
1360,680,82944,6a242012867dc8b837e29b1a8324e93d22fc3f743ff363b5f117270d386b5a71
1361,680,82944,6a242012867dc8b837e29b1a8324e93d22fc3f743ff363b5f117270d386b5a71
1362,681,82944,6a242012867dc8b837e29b1a8324e93d22fc3f743ff363b5f117270d386b5a71
1363,681,82944,6a242012867dc8b837e29b1a8324e93d22fc3f743ff363b5f117270d386b5a71
1364,682,82944,6a242012867dc8b837e29b1a8324e93d22fc3f743ff363b5f117270d386b5a71
1365,682,82944,6a242012867dc8b837e29b1a8324e93d22fc3f743ff363b5f117270d386b5a71
1366,683,82944,6a242012867dc8b837e29b1a8324e93d22fc3f743ff363b5f117270d386b5a71
1367,683,82944,6a242012867dc8b837e29b1a8324e93d22fc3f743ff363b5f117270d386b5a71
1368,684,82944,6a242012867dc8b837e29b1a8324e93d22fc3f743ff363b5f117270d386b5a71
1369,684,82944,6a242012867dc8b837e29b1a8324e93d22fc3f743ff363b5f117270d386b5a71
1370,685,82944,6a242012867dc8b837e29b1a8324e93d22fc3f743ff363b5f117270d386b5a71
1371,685,82944,6a242012867dc8b837e29b1a8324e93d22fc3f743ff363b5f117270d386b5a71
1372,686,82944,6a242012867dc8b837e29b1a8324e93d22fc3f743ff363b5f117270d386b5a71
1373,686,82944,6a242012867dc8b837e29b1a8324e93d22fc3f743ff363b5f117270d386b5a71
1374,687,82944,6a242012867dc8b837e29b1a8324e93d22fc3f743ff363b5f117270d386b5a71
1375,687,82944,6a242012867dc8b837e29b1a8324e93d22fc3f743ff363b5f117270d386b5a71
1376,688,82944,6a242012867dc8b837e29b1a8324e93d22fc3f743ff363b5f117270d386b5a71
1377,688,82944,6a242012867dc8b837e29b1a8324e93d22fc3f743ff363b5f117270d386b5a71
1378,689,82944,6a242012867dc8b837e29b1a8324e93d22fc3f743ff363b5f117270d386b5a71
1379,689,82944,6a242012867dc8b837e29b1a8324e93d22fc3f743ff363b5f117270d386b5a71
1380,690,82944,6a242012867dc8b837e29b1a8324e93d22fc3f743ff363b5f117270d386b5a71
1381,690,82944,6a242012867dc8b837e29b1a8324e93d22fc3f743ff363b5f117270d386b5a71
1382,691,82944,6a242012867dc8b837e29b1a8324e93d22fc3f743ff363b5f117270d386b5a71
1383,691,82944,6a242012867dc8b837e29b1a8324e93d22fc3f743ff363b5f117270d386b5a71
1384,692,82944,6a242012867dc8b837e29b1a8324e93d22fc3f743ff363b5f117270d386b5a71
1385,692,82944,6a242012867dc8b837e29b1a8324e93d22fc3f743ff363b5f117270d386b5a71
1386,693,82944,6a242012867dc8b837e29b1a8324e93d22fc3f743ff363b5f117270d386b5a71
1387,693,82944,6a242012867dc8b837e29b1a8324e93d22fc3f743ff363b5f117270d386b5a71
1388,694,82944,6a242012867dc8b837e29b1a8324e93d22fc3f743ff363b5f117270d386b5a71
1389,694,82944,6a242012867dc8b837e29b1a8324e93d22fc3f743ff363b5f117270d386b5a71
1390,695,82944,6a242012867dc8b837e29b1a8324e93d22fc3f743ff363b5f117270d386b5a71
1391,695,82944,6a242012867dc8b837e29b1a8324e93d22fc3f743ff363b5f117270d386b5a71
1392,696,82944,6a242012867dc8b837e29b1a8324e93d22fc3f743ff363b5f117270d386b5a71
1393,696,82944,6a242012867dc8b837e29b1a8324e93d22fc3f743ff363b5f117270d386b5a71
1394,697,82944,6a242012867dc8b837e29b1a8324e93d22fc3f743ff363b5f117270d386b5a71
1395,697,82944,6a242012867dc8b837e29b1a8324e93d22fc3f743ff363b5f117270d386b5a71
1396,698,82944,6a242012867dc8b837e29b1a8324e93d22fc3f743ff363b5f117270d386b5a71
1397,698,82944,6a242012867dc8b837e29b1a8324e93d22fc3f743ff363b5f117270d386b5a71
1398,699,82944,6a242012867dc8b837e29b1a8324e93d22fc3f743ff363b5f117270d386b5a71
1399,699,82944,6a242012867dc8b837e29b1a8324e93d22fc3f743ff363b5f117270d386b5a71
1400,700,82944,6a242012867dc8b837e29b1a8324e93d22fc3f743ff363b5f117270d386b5a71
1401,700,82944,6a242012867dc8b837e29b1a8324e93d22fc3f743ff363b5f117270d386b5a71
1402,701,82944,6a242012867dc8b837e29b1a8324e93d22fc3f743ff363b5f117270d386b5a71
1403,701,82944,6a242012867dc8b837e29b1a8324e93d22fc3f743ff363b5f117270d386b5a71
1404,702,82944,6a242012867dc8b837e29b1a8324e93d22fc3f743ff363b5f117270d386b5a71
1405,702,82944,6a242012867dc8b837e29b1a8324e93d22fc3f743ff363b5f117270d386b5a71
1406,703,82944,6a242012867dc8b837e29b1a8324e93d22fc3f743ff363b5f117270d386b5a71
1407,703,82944,6a242012867dc8b837e29b1a8324e93d22fc3f743ff363b5f117270d386b5a71
1408,704,82944,6a242012867dc8b837e29b1a8324e93d22fc3f743ff363b5f117270d386b5a71
1409,704,82944,6a242012867dc8b837e29b1a8324e93d22fc3f743ff363b5f117270d386b5a71
1410,705,82944,6a242012867dc8b837e29b1a8324e93d22fc3f743ff363b5f117270d386b5a71
1411,705,82944,6a242012867dc8b837e29b1a8324e93d22fc3f743ff363b5f117270d386b5a71
1412,706,82944,6a242012867dc8b837e29b1a8324e93d22fc3f743ff363b5f117270d386b5a71
1413,706,82944,6a242012867dc8b837e29b1a8324e93d22fc3f743ff363b5f117270d386b5a71
1414,707,82944,6a242012867dc8b837e29b1a8324e93d22fc3f743ff363b5f117270d386b5a71
1415,707,82944,6a242012867dc8b837e29b1a8324e93d22fc3f743ff363b5f117270d386b5a71
1416,708,82944,6a242012867dc8b837e29b1a8324e93d22fc3f743ff363b5f117270d386b5a71
1417,708,82944,6a242012867dc8b837e29b1a8324e93d22fc3f743ff363b5f117270d386b5a71
1418,709,82944,6a242012867dc8b837e29b1a8324e93d22fc3f743ff363b5f117270d386b5a71
1419,709,82944,6a242012867dc8b837e29b1a8324e93d22fc3f743ff363b5f117270d386b5a71
1420,710,82944,6a242012867dc8b837e29b1a8324e93d22fc3f743ff363b5f117270d386b5a71
1421,710,82944,6a242012867dc8b837e29b1a8324e93d22fc3f743ff363b5f117270d386b5a71
1422,711,82944,6a242012867dc8b837e29b1a8324e93d22fc3f743ff363b5f117270d386b5a71
1423,711,82944,6a242012867dc8b837e29b1a8324e93d22fc3f743ff363b5f117270d386b5a71
1424,712,82944,6a242012867dc8b837e29b1a8324e93d22fc3f743ff363b5f117270d386b5a71
1425,712,82944,6a242012867dc8b837e29b1a8324e93d22fc3f743ff363b5f117270d386b5a71
1426,713,82944,6a242012867dc8b837e29b1a8324e93d22fc3f743ff363b5f117270d386b5a71
1427,713,82944,6a242012867dc8b837e29b1a8324e93d22fc3f743ff363b5f117270d386b5a71
1428,714,82944,6a242012867dc8b837e29b1a8324e93d22fc3f743ff363b5f117270d386b5a71
1429,714,82944,6a242012867dc8b837e29b1a8324e93d22fc3f743ff363b5f117270d386b5a71
1430,715,82944,6a242012867dc8b837e29b1a8324e93d22fc3f743ff363b5f117270d386b5a71
1431,715,82944,6a242012867dc8b837e29b1a8324e93d22fc3f743ff363b5f117270d386b5a71
1432,716,82944,6a242012867dc8b837e29b1a8324e93d22fc3f743ff363b5f117270d386b5a71
1433,716,82944,6a242012867dc8b837e29b1a8324e93d22fc3f743ff363b5f117270d386b5a71
1434,717,82944,6a242012867dc8b837e29b1a8324e93d22fc3f743ff363b5f117270d386b5a71
1435,717,82944,6a242012867dc8b837e29b1a8324e93d22fc3f743ff363b5f117270d386b5a71
1436,718,82944,6a242012867dc8b837e29b1a8324e93d22fc3f743ff363b5f117270d386b5a71
1437,718,82944,6a242012867dc8b837e29b1a8324e93d22fc3f743ff363b5f117270d386b5a71
1438,719,82944,6a242012867dc8b837e29b1a8324e93d22fc3f743ff363b5f117270d386b5a71
1439,719,82944,6a242012867dc8b837e29b1a8324e93d22fc3f743ff363b5f117270d386b5a71
1440,720,82944,6a242012867dc8b837e29b1a8324e93d22fc3f743ff363b5f117270d386b5a71
1441,720,82944,6a242012867dc8b837e29b1a8324e93d22fc3f743ff363b5f117270d386b5a71
1442,721,82944,6a242012867dc8b837e29b1a8324e93d22fc3f743ff363b5f117270d386b5a71
1443,721,82944,6a242012867dc8b837e29b1a8324e93d22fc3f743ff363b5f117270d386b5a71
1444,722,82944,6a242012867dc8b837e29b1a8324e93d22fc3f743ff363b5f117270d386b5a71
1445,722,82944,6a242012867dc8b837e29b1a8324e93d22fc3f743ff363b5f117270d386b5a71
1446,723,82944,6a242012867dc8b837e29b1a8324e93d22fc3f743ff363b5f117270d386b5a71
1447,723,82944,6a242012867dc8b837e29b1a8324e93d22fc3f743ff363b5f117270d386b5a71
1448,724,82944,6a242012867dc8b837e29b1a8324e93d22fc3f743ff363b5f117270d386b5a71
1449,724,82944,6a242012867dc8b837e29b1a8324e93d22fc3f743ff363b5f117270d386b5a71
1450,725,82944,6a242012867dc8b837e29b1a8324e93d22fc3f743ff363b5f117270d386b5a71
1451,725,82944,6a242012867dc8b837e29b1a8324e93d22fc3f743ff363b5f117270d386b5a71
1452,726,82944,6a242012867dc8b837e29b1a8324e93d22fc3f743ff363b5f117270d386b5a71
1453,726,82944,6a242012867dc8b837e29b1a8324e93d22fc3f743ff363b5f117270d386b5a71
1454,727,82944,6a242012867dc8b837e29b1a8324e93d22fc3f743ff363b5f117270d386b5a71
1455,727,82944,6a242012867dc8b837e29b1a8324e93d22fc3f743ff363b5f117270d386b5a71
1456,728,82944,6a242012867dc8b837e29b1a8324e93d22fc3f743ff363b5f117270d386b5a71
1457,728,82944,6a242012867dc8b837e29b1a8324e93d22fc3f743ff363b5f117270d386b5a71
1458,729,82944,6a242012867dc8b837e29b1a8324e93d22fc3f743ff363b5f117270d386b5a71
1459,729,82944,6a242012867dc8b837e29b1a8324e93d22fc3f743ff363b5f117270d386b5a71
1460,730,82944,6a242012867dc8b837e29b1a8324e93d22fc3f743ff363b5f117270d386b5a71
1461,730,82944,6a242012867dc8b837e29b1a8324e93d22fc3f743ff363b5f117270d386b5a71
1462,731,82944,6a242012867dc8b837e29b1a8324e93d22fc3f743ff363b5f117270d386b5a71
1463,731,82944,6a242012867dc8b837e29b1a8324e93d22fc3f743ff363b5f117270d386b5a71
1464,732,82944,6a242012867dc8b837e29b1a8324e93d22fc3f743ff363b5f117270d386b5a71
1465,732,82944,6a242012867dc8b837e29b1a8324e93d22fc3f743ff363b5f117270d386b5a71
1466,733,82944,6a242012867dc8b837e29b1a8324e93d22fc3f743ff363b5f117270d386b5a71
1467,733,82944,6a242012867dc8b837e29b1a8324e93d22fc3f743ff363b5f117270d386b5a71
1468,734,82944,6a242012867dc8b837e29b1a8324e93d22fc3f743ff363b5f117270d386b5a71
1469,734,82944,6a242012867dc8b837e29b1a8324e93d22fc3f743ff363b5f117270d386b5a71
1470,735,82944,6a242012867dc8b837e29b1a8324e93d22fc3f743ff363b5f117270d386b5a71
1471,735,82944,6a242012867dc8b837e29b1a8324e93d22fc3f743ff363b5f117270d386b5a71
1472,736,82944,6a242012867dc8b837e29b1a8324e93d22fc3f743ff363b5f117270d386b5a71
1473,736,82944,6a242012867dc8b837e29b1a8324e93d22fc3f743ff363b5f117270d386b5a71
1474,737,82944,6a242012867dc8b837e29b1a8324e93d22fc3f743ff363b5f117270d386b5a71
1475,737,82944,6a242012867dc8b837e29b1a8324e93d22fc3f743ff363b5f117270d386b5a71
1476,738,82944,6a242012867dc8b837e29b1a8324e93d22fc3f743ff363b5f117270d386b5a71
1477,738,82944,6a242012867dc8b837e29b1a8324e93d22fc3f743ff363b5f117270d386b5a71
1478,739,82944,6a242012867dc8b837e29b1a8324e93d22fc3f743ff363b5f117270d386b5a71
1479,739,82944,6a242012867dc8b837e29b1a8324e93d22fc3f743ff363b5f117270d386b5a71
1480,740,82944,6a242012867dc8b837e29b1a8324e93d22fc3f743ff363b5f117270d386b5a71
1481,740,82944,6a242012867dc8b837e29b1a8324e93d22fc3f743ff363b5f117270d386b5a71
1482,741,82944,6a242012867dc8b837e29b1a8324e93d22fc3f743ff363b5f117270d386b5a71
1483,741,82944,6a242012867dc8b837e29b1a8324e93d22fc3f743ff363b5f117270d386b5a71
1484,742,82944,6a242012867dc8b837e29b1a8324e93d22fc3f743ff363b5f117270d386b5a71
1485,742,82944,6a242012867dc8b837e29b1a8324e93d22fc3f743ff363b5f117270d386b5a71
1486,743,82944,6a242012867dc8b837e29b1a8324e93d22fc3f743ff363b5f117270d386b5a71
1487,743,82944,6a242012867dc8b837e29b1a8324e93d22fc3f743ff363b5f117270d386b5a71
1488,744,82944,6a242012867dc8b837e29b1a8324e93d22fc3f743ff363b5f117270d386b5a71
1489,744,82944,6a242012867dc8b837e29b1a8324e93d22fc3f743ff363b5f117270d386b5a71
1490,745,82944,6a242012867dc8b837e29b1a8324e93d22fc3f743ff363b5f117270d386b5a71
1491,745,82944,6a242012867dc8b837e29b1a8324e93d22fc3f743ff363b5f117270d386b5a71
1492,746,82944,6a242012867dc8b837e29b1a8324e93d22fc3f743ff363b5f117270d386b5a71
1493,746,82944,6a242012867dc8b837e29b1a8324e93d22fc3f743ff363b5f117270d386b5a71
1494,747,82944,6a242012867dc8b837e29b1a8324e93d22fc3f743ff363b5f117270d386b5a71
1495,747,82944,6a242012867dc8b837e29b1a8324e93d22fc3f743ff363b5f117270d386b5a71
1496,748,82944,6a242012867dc8b837e29b1a8324e93d22fc3f743ff363b5f117270d386b5a71
1497,748,82944,6a242012867dc8b837e29b1a8324e93d22fc3f743ff363b5f117270d386b5a71
1498,749,82944,6a242012867dc8b837e29b1a8324e93d22fc3f743ff363b5f117270d386b5a71
1499,749,82944,6a242012867dc8b837e29b1a8324e93d22fc3f743ff363b5f117270d386b5a71
1500,750,82944,6a242012867dc8b837e29b1a8324e93d22fc3f743ff363b5f117270d386b5a71
1501,750,82944,6a242012867dc8b837e29b1a8324e93d22fc3f743ff363b5f117270d386b5a71
1502,751,82944,6a242012867dc8b837e29b1a8324e93d22fc3f743ff363b5f117270d386b5a71
1503,751,82944,6a242012867dc8b837e29b1a8324e93d22fc3f743ff363b5f117270d386b5a71
1504,752,82944,6a242012867dc8b837e29b1a8324e93d22fc3f743ff363b5f117270d386b5a71
1505,752,82944,6a242012867dc8b837e29b1a8324e93d22fc3f743ff363b5f117270d386b5a71
1506,753,82944,6a242012867dc8b837e29b1a8324e93d22fc3f743ff363b5f117270d386b5a71
1507,753,82944,6a242012867dc8b837e29b1a8324e93d22fc3f743ff363b5f117270d386b5a71
1508,754,82944,6a242012867dc8b837e29b1a8324e93d22fc3f743ff363b5f117270d386b5a71
1509,754,82944,6a242012867dc8b837e29b1a8324e93d22fc3f743ff363b5f117270d386b5a71
1510,755,82944,6a242012867dc8b837e29b1a8324e93d22fc3f743ff363b5f117270d386b5a71
1511,755,82944,6a242012867dc8b837e29b1a8324e93d22fc3f743ff363b5f117270d386b5a71
1512,756,82944,6a242012867dc8b837e29b1a8324e93d22fc3f743ff363b5f117270d386b5a71
1513,756,82944,6a242012867dc8b837e29b1a8324e93d22fc3f743ff363b5f117270d386b5a71
1514,757,82944,6a242012867dc8b837e29b1a8324e93d22fc3f743ff363b5f117270d386b5a71
1515,757,82944,6a242012867dc8b837e29b1a8324e93d22fc3f743ff363b5f117270d386b5a71
1516,758,82944,6a242012867dc8b837e29b1a8324e93d22fc3f743ff363b5f117270d386b5a71
1517,758,82944,6a242012867dc8b837e29b1a8324e93d22fc3f743ff363b5f117270d386b5a71
1518,759,82944,6a242012867dc8b837e29b1a8324e93d22fc3f743ff363b5f117270d386b5a71
1519,759,82944,6a242012867dc8b837e29b1a8324e93d22fc3f743ff363b5f117270d386b5a71
1520,760,82944,6a242012867dc8b837e29b1a8324e93d22fc3f743ff363b5f117270d386b5a71
1521,760,82944,6a242012867dc8b837e29b1a8324e93d22fc3f743ff363b5f117270d386b5a71
1522,761,82944,6a242012867dc8b837e29b1a8324e93d22fc3f743ff363b5f117270d386b5a71
1523,761,82944,6a242012867dc8b837e29b1a8324e93d22fc3f743ff363b5f117270d386b5a71
1524,762,82944,6a242012867dc8b837e29b1a8324e93d22fc3f743ff363b5f117270d386b5a71
1525,762,82944,6a242012867dc8b837e29b1a8324e93d22fc3f743ff363b5f117270d386b5a71
1526,763,82944,6a242012867dc8b837e29b1a8324e93d22fc3f743ff363b5f117270d386b5a71
1527,763,82944,6a242012867dc8b837e29b1a8324e93d22fc3f743ff363b5f117270d386b5a71
1528,764,82944,6a242012867dc8b837e29b1a8324e93d22fc3f743ff363b5f117270d386b5a71
1529,764,82944,6a242012867dc8b837e29b1a8324e93d22fc3f743ff363b5f117270d386b5a71
1530,765,82944,6a242012867dc8b837e29b1a8324e93d22fc3f743ff363b5f117270d386b5a71
1531,765,82944,6a242012867dc8b837e29b1a8324e93d22fc3f743ff363b5f117270d386b5a71
1532,766,82944,6a242012867dc8b837e29b1a8324e93d22fc3f743ff363b5f117270d386b5a71
1533,766,82944,6a242012867dc8b837e29b1a8324e93d22fc3f743ff363b5f117270d386b5a71
1534,767,82944,6a242012867dc8b837e29b1a8324e93d22fc3f743ff363b5f117270d386b5a71
1535,767,82944,6a242012867dc8b837e29b1a8324e93d22fc3f743ff363b5f117270d386b5a71
1536,768,82944,6a242012867dc8b837e29b1a8324e93d22fc3f743ff363b5f117270d386b5a71
1537,768,82944,6a242012867dc8b837e29b1a8324e93d22fc3f743ff363b5f117270d386b5a71
1538,769,82944,6a242012867dc8b837e29b1a8324e93d22fc3f743ff363b5f117270d386b5a71
1539,769,82944,6a242012867dc8b837e29b1a8324e93d22fc3f743ff363b5f117270d386b5a71
1540,770,82944,6a242012867dc8b837e29b1a8324e93d22fc3f743ff363b5f117270d386b5a71
1541,770,82944,6a242012867dc8b837e29b1a8324e93d22fc3f743ff363b5f117270d386b5a71
1542,771,82944,6a242012867dc8b837e29b1a8324e93d22fc3f743ff363b5f117270d386b5a71
1543,771,82944,6a242012867dc8b837e29b1a8324e93d22fc3f743ff363b5f117270d386b5a71
1544,772,82944,6a242012867dc8b837e29b1a8324e93d22fc3f743ff363b5f117270d386b5a71
1545,772,82944,6a242012867dc8b837e29b1a8324e93d22fc3f743ff363b5f117270d386b5a71
1546,773,82944,6a242012867dc8b837e29b1a8324e93d22fc3f743ff363b5f117270d386b5a71
1547,773,82944,6a242012867dc8b837e29b1a8324e93d22fc3f743ff363b5f117270d386b5a71
1548,774,82944,6a242012867dc8b837e29b1a8324e93d22fc3f743ff363b5f117270d386b5a71
1549,774,82944,6a242012867dc8b837e29b1a8324e93d22fc3f743ff363b5f117270d386b5a71
1550,775,82944,6a242012867dc8b837e29b1a8324e93d22fc3f743ff363b5f117270d386b5a71
1551,775,82944,6a242012867dc8b837e29b1a8324e93d22fc3f743ff363b5f117270d386b5a71
1552,776,82944,6a242012867dc8b837e29b1a8324e93d22fc3f743ff363b5f117270d386b5a71
1553,776,82944,6a242012867dc8b837e29b1a8324e93d22fc3f743ff363b5f117270d386b5a71
1554,777,82944,6a242012867dc8b837e29b1a8324e93d22fc3f743ff363b5f117270d386b5a71
1555,777,82944,6a242012867dc8b837e29b1a8324e93d22fc3f743ff363b5f117270d386b5a71
1556,778,82944,6a242012867dc8b837e29b1a8324e93d22fc3f743ff363b5f117270d386b5a71
1557,778,82944,6a242012867dc8b837e29b1a8324e93d22fc3f743ff363b5f117270d386b5a71
1558,779,82944,6a242012867dc8b837e29b1a8324e93d22fc3f743ff363b5f117270d386b5a71
1559,779,82944,6a242012867dc8b837e29b1a8324e93d22fc3f743ff363b5f117270d386b5a71
1560,780,82944,6a242012867dc8b837e29b1a8324e93d22fc3f743ff363b5f117270d386b5a71
1561,780,82944,6a242012867dc8b837e29b1a8324e93d22fc3f743ff363b5f117270d386b5a71
1562,781,82944,6a242012867dc8b837e29b1a8324e93d22fc3f743ff363b5f117270d386b5a71
1563,781,82944,6a242012867dc8b837e29b1a8324e93d22fc3f743ff363b5f117270d386b5a71
1564,782,82944,6a242012867dc8b837e29b1a8324e93d22fc3f743ff363b5f117270d386b5a71
1565,782,82944,6a242012867dc8b837e29b1a8324e93d22fc3f743ff363b5f117270d386b5a71
1566,783,82944,6a242012867dc8b837e29b1a8324e93d22fc3f743ff363b5f117270d386b5a71
1567,783,82944,6a242012867dc8b837e29b1a8324e93d22fc3f743ff363b5f117270d386b5a71
1568,784,82944,6a242012867dc8b837e29b1a8324e93d22fc3f743ff363b5f117270d386b5a71
1569,784,82944,6a242012867dc8b837e29b1a8324e93d22fc3f743ff363b5f117270d386b5a71
1570,785,82944,6a242012867dc8b837e29b1a8324e93d22fc3f743ff363b5f117270d386b5a71
1571,785,82944,6a242012867dc8b837e29b1a8324e93d22fc3f743ff363b5f117270d386b5a71
1572,786,82944,6a242012867dc8b837e29b1a8324e93d22fc3f743ff363b5f117270d386b5a71
1573,786,82944,6a242012867dc8b837e29b1a8324e93d22fc3f743ff363b5f117270d386b5a71
1574,787,82944,6a242012867dc8b837e29b1a8324e93d22fc3f743ff363b5f117270d386b5a71
1575,787,82944,6a242012867dc8b837e29b1a8324e93d22fc3f743ff363b5f117270d386b5a71
1576,788,82944,6a242012867dc8b837e29b1a8324e93d22fc3f743ff363b5f117270d386b5a71
1577,788,82944,6a242012867dc8b837e29b1a8324e93d22fc3f743ff363b5f117270d386b5a71
1578,789,82944,6a242012867dc8b837e29b1a8324e93d22fc3f743ff363b5f117270d386b5a71
1579,789,82944,6a242012867dc8b837e29b1a8324e93d22fc3f743ff363b5f117270d386b5a71
1580,790,82944,6a242012867dc8b837e29b1a8324e93d22fc3f743ff363b5f117270d386b5a71
1581,790,82944,6a242012867dc8b837e29b1a8324e93d22fc3f743ff363b5f117270d386b5a71
1582,791,82944,6a242012867dc8b837e29b1a8324e93d22fc3f743ff363b5f117270d386b5a71
1583,791,82944,6a242012867dc8b837e29b1a8324e93d22fc3f743ff363b5f117270d386b5a71
1584,792,82944,6a242012867dc8b837e29b1a8324e93d22fc3f743ff363b5f117270d386b5a71
1585,792,82944,6a242012867dc8b837e29b1a8324e93d22fc3f743ff363b5f117270d386b5a71
1586,793,82944,6a242012867dc8b837e29b1a8324e93d22fc3f743ff363b5f117270d386b5a71
1587,793,82944,6a242012867dc8b837e29b1a8324e93d22fc3f743ff363b5f117270d386b5a71
1588,794,82944,6a242012867dc8b837e29b1a8324e93d22fc3f743ff363b5f117270d386b5a71
1589,794,82944,6a242012867dc8b837e29b1a8324e93d22fc3f743ff363b5f117270d386b5a71
1590,795,82944,6a242012867dc8b837e29b1a8324e93d22fc3f743ff363b5f117270d386b5a71
1591,795,82944,6a242012867dc8b837e29b1a8324e93d22fc3f743ff363b5f117270d386b5a71
1592,796,82944,6a242012867dc8b837e29b1a8324e93d22fc3f743ff363b5f117270d386b5a71
1593,796,82944,6a242012867dc8b837e29b1a8324e93d22fc3f743ff363b5f117270d386b5a71
1594,797,82944,6a242012867dc8b837e29b1a8324e93d22fc3f743ff363b5f117270d386b5a71
1595,797,82944,6a242012867dc8b837e29b1a8324e93d22fc3f743ff363b5f117270d386b5a71
1596,798,82944,6a242012867dc8b837e29b1a8324e93d22fc3f743ff363b5f117270d386b5a71
1597,798,82944,6a242012867dc8b837e29b1a8324e93d22fc3f743ff363b5f117270d386b5a71
1598,799,82944,6a242012867dc8b837e29b1a8324e93d22fc3f743ff363b5f117270d386b5a71
1599,799,82944,6a242012867dc8b837e29b1a8324e93d22fc3f743ff363b5f117270d386b5a71
1600,800,82944,6a242012867dc8b837e29b1a8324e93d22fc3f743ff363b5f117270d386b5a71
1601,800,82944,6a242012867dc8b837e29b1a8324e93d22fc3f743ff363b5f117270d386b5a71
1602,801,82944,6a242012867dc8b837e29b1a8324e93d22fc3f743ff363b5f117270d386b5a71
1603,801,82944,6a242012867dc8b837e29b1a8324e93d22fc3f743ff363b5f117270d386b5a71
1604,802,82944,6a242012867dc8b837e29b1a8324e93d22fc3f743ff363b5f117270d386b5a71
1605,802,82944,6a242012867dc8b837e29b1a8324e93d22fc3f743ff363b5f117270d386b5a71
1606,803,82944,6a242012867dc8b837e29b1a8324e93d22fc3f743ff363b5f117270d386b5a71
1607,803,82944,6a242012867dc8b837e29b1a8324e93d22fc3f743ff363b5f117270d386b5a71
1608,804,82944,6a242012867dc8b837e29b1a8324e93d22fc3f743ff363b5f117270d386b5a71
1609,804,82944,6a242012867dc8b837e29b1a8324e93d22fc3f743ff363b5f117270d386b5a71
1610,805,82944,6a242012867dc8b837e29b1a8324e93d22fc3f743ff363b5f117270d386b5a71
1611,805,82944,6a242012867dc8b837e29b1a8324e93d22fc3f743ff363b5f117270d386b5a71
1612,806,82944,6a242012867dc8b837e29b1a8324e93d22fc3f743ff363b5f117270d386b5a71
1613,806,82944,6a242012867dc8b837e29b1a8324e93d22fc3f743ff363b5f117270d386b5a71
1614,807,82944,6a242012867dc8b837e29b1a8324e93d22fc3f743ff363b5f117270d386b5a71
1615,807,82944,6a242012867dc8b837e29b1a8324e93d22fc3f743ff363b5f117270d386b5a71
1616,808,82944,6a242012867dc8b837e29b1a8324e93d22fc3f743ff363b5f117270d386b5a71
1617,808,82944,6a242012867dc8b837e29b1a8324e93d22fc3f743ff363b5f117270d386b5a71
1618,809,82944,6a242012867dc8b837e29b1a8324e93d22fc3f743ff363b5f117270d386b5a71
1619,809,82944,6a242012867dc8b837e29b1a8324e93d22fc3f743ff363b5f117270d386b5a71
1620,810,82944,6a242012867dc8b837e29b1a8324e93d22fc3f743ff363b5f117270d386b5a71
1621,810,82944,6a242012867dc8b837e29b1a8324e93d22fc3f743ff363b5f117270d386b5a71
1622,811,82944,6a242012867dc8b837e29b1a8324e93d22fc3f743ff363b5f117270d386b5a71
1623,811,82944,6a242012867dc8b837e29b1a8324e93d22fc3f743ff363b5f117270d386b5a71
1624,812,82944,6a242012867dc8b837e29b1a8324e93d22fc3f743ff363b5f117270d386b5a71
1625,812,82944,6a242012867dc8b837e29b1a8324e93d22fc3f743ff363b5f117270d386b5a71
1626,813,82944,6a242012867dc8b837e29b1a8324e93d22fc3f743ff363b5f117270d386b5a71
1627,813,82944,6a242012867dc8b837e29b1a8324e93d22fc3f743ff363b5f117270d386b5a71
1628,814,82944,6a242012867dc8b837e29b1a8324e93d22fc3f743ff363b5f117270d386b5a71
1629,814,82944,6a242012867dc8b837e29b1a8324e93d22fc3f743ff363b5f117270d386b5a71
1630,815,82944,6a242012867dc8b837e29b1a8324e93d22fc3f743ff363b5f117270d386b5a71
1631,815,82944,6a242012867dc8b837e29b1a8324e93d22fc3f743ff363b5f117270d386b5a71
1632,816,82944,6a242012867dc8b837e29b1a8324e93d22fc3f743ff363b5f117270d386b5a71
1633,816,82944,6a242012867dc8b837e29b1a8324e93d22fc3f743ff363b5f117270d386b5a71
1634,817,82944,6a242012867dc8b837e29b1a8324e93d22fc3f743ff363b5f117270d386b5a71
1635,817,82944,6a242012867dc8b837e29b1a8324e93d22fc3f743ff363b5f117270d386b5a71
1636,818,82944,6a242012867dc8b837e29b1a8324e93d22fc3f743ff363b5f117270d386b5a71
1637,818,82944,6a242012867dc8b837e29b1a8324e93d22fc3f743ff363b5f117270d386b5a71
1638,819,82944,6a242012867dc8b837e29b1a8324e93d22fc3f743ff363b5f117270d386b5a71
1639,819,82944,6a242012867dc8b837e29b1a8324e93d22fc3f743ff363b5f117270d386b5a71
1640,820,82944,6a242012867dc8b837e29b1a8324e93d22fc3f743ff363b5f117270d386b5a71
1641,820,82944,6a242012867dc8b837e29b1a8324e93d22fc3f743ff363b5f117270d386b5a71
1642,821,82944,6a242012867dc8b837e29b1a8324e93d22fc3f743ff363b5f117270d386b5a71
1643,821,82944,6a242012867dc8b837e29b1a8324e93d22fc3f743ff363b5f117270d386b5a71
1644,822,82944,6a242012867dc8b837e29b1a8324e93d22fc3f743ff363b5f117270d386b5a71
1645,822,82944,6a242012867dc8b837e29b1a8324e93d22fc3f743ff363b5f117270d386b5a71
1646,823,82944,6a242012867dc8b837e29b1a8324e93d22fc3f743ff363b5f117270d386b5a71
1647,823,82944,6a242012867dc8b837e29b1a8324e93d22fc3f743ff363b5f117270d386b5a71
1648,824,82944,6a242012867dc8b837e29b1a8324e93d22fc3f743ff363b5f117270d386b5a71
1649,824,82944,6a242012867dc8b837e29b1a8324e93d22fc3f743ff363b5f117270d386b5a71
1650,825,82944,6a242012867dc8b837e29b1a8324e93d22fc3f743ff363b5f117270d386b5a71
1651,825,82944,6a242012867dc8b837e29b1a8324e93d22fc3f743ff363b5f117270d386b5a71
1652,826,82944,6a242012867dc8b837e29b1a8324e93d22fc3f743ff363b5f117270d386b5a71
1653,826,82944,6a242012867dc8b837e29b1a8324e93d22fc3f743ff363b5f117270d386b5a71
1654,827,82944,6a242012867dc8b837e29b1a8324e93d22fc3f743ff363b5f117270d386b5a71
1655,827,82944,6a242012867dc8b837e29b1a8324e93d22fc3f743ff363b5f117270d386b5a71
1656,828,82944,6a242012867dc8b837e29b1a8324e93d22fc3f743ff363b5f117270d386b5a71
1657,828,82944,6a242012867dc8b837e29b1a8324e93d22fc3f743ff363b5f117270d386b5a71
1658,829,82944,6a242012867dc8b837e29b1a8324e93d22fc3f743ff363b5f117270d386b5a71
1659,829,82944,6a242012867dc8b837e29b1a8324e93d22fc3f743ff363b5f117270d386b5a71
1660,830,82944,6a242012867dc8b837e29b1a8324e93d22fc3f743ff363b5f117270d386b5a71
1661,830,82944,6a242012867dc8b837e29b1a8324e93d22fc3f743ff363b5f117270d386b5a71
1662,831,82944,6a242012867dc8b837e29b1a8324e93d22fc3f743ff363b5f117270d386b5a71
1663,831,82944,6a242012867dc8b837e29b1a8324e93d22fc3f743ff363b5f117270d386b5a71
1664,832,82944,6a242012867dc8b837e29b1a8324e93d22fc3f743ff363b5f117270d386b5a71
1665,832,82944,6a242012867dc8b837e29b1a8324e93d22fc3f743ff363b5f117270d386b5a71
1666,833,82944,6a242012867dc8b837e29b1a8324e93d22fc3f743ff363b5f117270d386b5a71
1667,833,82944,6a242012867dc8b837e29b1a8324e93d22fc3f743ff363b5f117270d386b5a71
1668,834,82944,6a242012867dc8b837e29b1a8324e93d22fc3f743ff363b5f117270d386b5a71
1669,834,82944,6a242012867dc8b837e29b1a8324e93d22fc3f743ff363b5f117270d386b5a71
1670,835,82944,6a242012867dc8b837e29b1a8324e93d22fc3f743ff363b5f117270d386b5a71
1671,835,82944,6a242012867dc8b837e29b1a8324e93d22fc3f743ff363b5f117270d386b5a71
1672,836,82944,6a242012867dc8b837e29b1a8324e93d22fc3f743ff363b5f117270d386b5a71
1673,836,82944,6a242012867dc8b837e29b1a8324e93d22fc3f743ff363b5f117270d386b5a71
1674,837,82944,6a242012867dc8b837e29b1a8324e93d22fc3f743ff363b5f117270d386b5a71
1675,837,82944,6a242012867dc8b837e29b1a8324e93d22fc3f743ff363b5f117270d386b5a71
1676,838,82944,6a242012867dc8b837e29b1a8324e93d22fc3f743ff363b5f117270d386b5a71
1677,838,82944,6a242012867dc8b837e29b1a8324e93d22fc3f743ff363b5f117270d386b5a71
1678,839,82944,6a242012867dc8b837e29b1a8324e93d22fc3f743ff363b5f117270d386b5a71
1679,839,82944,6a242012867dc8b837e29b1a8324e93d22fc3f743ff363b5f117270d386b5a71
1680,840,82944,6a242012867dc8b837e29b1a8324e93d22fc3f743ff363b5f117270d386b5a71
1681,840,82944,6a242012867dc8b837e29b1a8324e93d22fc3f743ff363b5f117270d386b5a71
1682,841,82944,6a242012867dc8b837e29b1a8324e93d22fc3f743ff363b5f117270d386b5a71
1683,841,82944,6a242012867dc8b837e29b1a8324e93d22fc3f743ff363b5f117270d386b5a71
1684,842,82944,6a242012867dc8b837e29b1a8324e93d22fc3f743ff363b5f117270d386b5a71
1685,842,82944,6a242012867dc8b837e29b1a8324e93d22fc3f743ff363b5f117270d386b5a71
1686,843,82944,6a242012867dc8b837e29b1a8324e93d22fc3f743ff363b5f117270d386b5a71
1687,843,82944,6a242012867dc8b837e29b1a8324e93d22fc3f743ff363b5f117270d386b5a71
1688,844,82944,6a242012867dc8b837e29b1a8324e93d22fc3f743ff363b5f117270d386b5a71
1689,844,82944,6a242012867dc8b837e29b1a8324e93d22fc3f743ff363b5f117270d386b5a71
1690,845,82944,6a242012867dc8b837e29b1a8324e93d22fc3f743ff363b5f117270d386b5a71
1691,845,82944,6a242012867dc8b837e29b1a8324e93d22fc3f743ff363b5f117270d386b5a71
1692,846,82944,6a242012867dc8b837e29b1a8324e93d22fc3f743ff363b5f117270d386b5a71
1693,846,82944,6a242012867dc8b837e29b1a8324e93d22fc3f743ff363b5f117270d386b5a71
1694,847,82944,6a242012867dc8b837e29b1a8324e93d22fc3f743ff363b5f117270d386b5a71
1695,847,82944,6a242012867dc8b837e29b1a8324e93d22fc3f743ff363b5f117270d386b5a71
1696,848,82944,6a242012867dc8b837e29b1a8324e93d22fc3f743ff363b5f117270d386b5a71
1697,848,82944,6a242012867dc8b837e29b1a8324e93d22fc3f743ff363b5f117270d386b5a71
1698,849,82944,6a242012867dc8b837e29b1a8324e93d22fc3f743ff363b5f117270d386b5a71
1699,849,82944,6a242012867dc8b837e29b1a8324e93d22fc3f743ff363b5f117270d386b5a71
1700,850,82944,6a242012867dc8b837e29b1a8324e93d22fc3f743ff363b5f117270d386b5a71
1701,850,82944,6a242012867dc8b837e29b1a8324e93d22fc3f743ff363b5f117270d386b5a71
1702,851,82944,6a242012867dc8b837e29b1a8324e93d22fc3f743ff363b5f117270d386b5a71
1703,851,82944,6a242012867dc8b837e29b1a8324e93d22fc3f743ff363b5f117270d386b5a71
1704,852,82944,6a242012867dc8b837e29b1a8324e93d22fc3f743ff363b5f117270d386b5a71
1705,852,82944,6a242012867dc8b837e29b1a8324e93d22fc3f743ff363b5f117270d386b5a71
1706,853,82944,6a242012867dc8b837e29b1a8324e93d22fc3f743ff363b5f117270d386b5a71
1707,853,82944,6a242012867dc8b837e29b1a8324e93d22fc3f743ff363b5f117270d386b5a71
1708,854,82944,6a242012867dc8b837e29b1a8324e93d22fc3f743ff363b5f117270d386b5a71
1709,854,82944,6a242012867dc8b837e29b1a8324e93d22fc3f743ff363b5f117270d386b5a71
1710,855,82944,6a242012867dc8b837e29b1a8324e93d22fc3f743ff363b5f117270d386b5a71
1711,855,82944,6a242012867dc8b837e29b1a8324e93d22fc3f743ff363b5f117270d386b5a71
1712,856,82944,6a242012867dc8b837e29b1a8324e93d22fc3f743ff363b5f117270d386b5a71
1713,856,82944,6a242012867dc8b837e29b1a8324e93d22fc3f743ff363b5f117270d386b5a71
1714,857,82944,6a242012867dc8b837e29b1a8324e93d22fc3f743ff363b5f117270d386b5a71
1715,857,82944,6a242012867dc8b837e29b1a8324e93d22fc3f743ff363b5f117270d386b5a71
1716,858,82944,6a242012867dc8b837e29b1a8324e93d22fc3f743ff363b5f117270d386b5a71
1717,858,82944,6a242012867dc8b837e29b1a8324e93d22fc3f743ff363b5f117270d386b5a71
1718,859,82944,6a242012867dc8b837e29b1a8324e93d22fc3f743ff363b5f117270d386b5a71
1719,859,82944,6a242012867dc8b837e29b1a8324e93d22fc3f743ff363b5f117270d386b5a71
1720,860,82944,6a242012867dc8b837e29b1a8324e93d22fc3f743ff363b5f117270d386b5a71
1721,860,82944,6a242012867dc8b837e29b1a8324e93d22fc3f743ff363b5f117270d386b5a71
1722,861,82944,6a242012867dc8b837e29b1a8324e93d22fc3f743ff363b5f117270d386b5a71
1723,861,82944,6a242012867dc8b837e29b1a8324e93d22fc3f743ff363b5f117270d386b5a71
1724,862,82944,6a242012867dc8b837e29b1a8324e93d22fc3f743ff363b5f117270d386b5a71
1725,862,82944,6a242012867dc8b837e29b1a8324e93d22fc3f743ff363b5f117270d386b5a71
1726,863,82944,6a242012867dc8b837e29b1a8324e93d22fc3f743ff363b5f117270d386b5a71
1727,863,82944,6a242012867dc8b837e29b1a8324e93d22fc3f743ff363b5f117270d386b5a71
1728,864,82944,6a242012867dc8b837e29b1a8324e93d22fc3f743ff363b5f117270d386b5a71
1729,864,82944,6a242012867dc8b837e29b1a8324e93d22fc3f743ff363b5f117270d386b5a71
1730,865,82944,6a242012867dc8b837e29b1a8324e93d22fc3f743ff363b5f117270d386b5a71
1731,865,82944,6a242012867dc8b837e29b1a8324e93d22fc3f743ff363b5f117270d386b5a71
1732,866,82944,6a242012867dc8b837e29b1a8324e93d22fc3f743ff363b5f117270d386b5a71
1733,866,82944,6a242012867dc8b837e29b1a8324e93d22fc3f743ff363b5f117270d386b5a71
1734,867,82944,6a242012867dc8b837e29b1a8324e93d22fc3f743ff363b5f117270d386b5a71
1735,867,82944,6a242012867dc8b837e29b1a8324e93d22fc3f743ff363b5f117270d386b5a71
1736,868,82944,6a242012867dc8b837e29b1a8324e93d22fc3f743ff363b5f117270d386b5a71
1737,868,82944,6a242012867dc8b837e29b1a8324e93d22fc3f743ff363b5f117270d386b5a71
1738,869,82944,6a242012867dc8b837e29b1a8324e93d22fc3f743ff363b5f117270d386b5a71
1739,869,82944,6a242012867dc8b837e29b1a8324e93d22fc3f743ff363b5f117270d386b5a71
1740,870,82944,6a242012867dc8b837e29b1a8324e93d22fc3f743ff363b5f117270d386b5a71
1741,870,82944,6a242012867dc8b837e29b1a8324e93d22fc3f743ff363b5f117270d386b5a71
1742,871,82944,6a242012867dc8b837e29b1a8324e93d22fc3f743ff363b5f117270d386b5a71
1743,871,82944,6a242012867dc8b837e29b1a8324e93d22fc3f743ff363b5f117270d386b5a71
1744,872,82944,6a242012867dc8b837e29b1a8324e93d22fc3f743ff363b5f117270d386b5a71
1745,872,82944,6a242012867dc8b837e29b1a8324e93d22fc3f743ff363b5f117270d386b5a71
1746,873,82944,6a242012867dc8b837e29b1a8324e93d22fc3f743ff363b5f117270d386b5a71
1747,873,82944,6a242012867dc8b837e29b1a8324e93d22fc3f743ff363b5f117270d386b5a71
1748,874,82944,6a242012867dc8b837e29b1a8324e93d22fc3f743ff363b5f117270d386b5a71
1749,874,82944,6a242012867dc8b837e29b1a8324e93d22fc3f743ff363b5f117270d386b5a71
1750,875,82944,6a242012867dc8b837e29b1a8324e93d22fc3f743ff363b5f117270d386b5a71
1751,875,82944,6a242012867dc8b837e29b1a8324e93d22fc3f743ff363b5f117270d386b5a71
1752,876,82944,6a242012867dc8b837e29b1a8324e93d22fc3f743ff363b5f117270d386b5a71
1753,876,82944,6a242012867dc8b837e29b1a8324e93d22fc3f743ff363b5f117270d386b5a71
1754,877,82944,6a242012867dc8b837e29b1a8324e93d22fc3f743ff363b5f117270d386b5a71
1755,877,82944,6a242012867dc8b837e29b1a8324e93d22fc3f743ff363b5f117270d386b5a71
1756,878,82944,6a242012867dc8b837e29b1a8324e93d22fc3f743ff363b5f117270d386b5a71
1757,878,82944,6a242012867dc8b837e29b1a8324e93d22fc3f743ff363b5f117270d386b5a71
1758,879,82944,6a242012867dc8b837e29b1a8324e93d22fc3f743ff363b5f117270d386b5a71
1759,879,82944,6a242012867dc8b837e29b1a8324e93d22fc3f743ff363b5f117270d386b5a71
1760,880,82944,6a242012867dc8b837e29b1a8324e93d22fc3f743ff363b5f117270d386b5a71
1761,880,82944,6a242012867dc8b837e29b1a8324e93d22fc3f743ff363b5f117270d386b5a71
1762,881,82944,6a242012867dc8b837e29b1a8324e93d22fc3f743ff363b5f117270d386b5a71
1763,881,82944,6a242012867dc8b837e29b1a8324e93d22fc3f743ff363b5f117270d386b5a71
1764,882,82944,6a242012867dc8b837e29b1a8324e93d22fc3f743ff363b5f117270d386b5a71
1765,882,82944,6a242012867dc8b837e29b1a8324e93d22fc3f743ff363b5f117270d386b5a71
1766,883,82944,6a242012867dc8b837e29b1a8324e93d22fc3f743ff363b5f117270d386b5a71
1767,883,82944,6a242012867dc8b837e29b1a8324e93d22fc3f743ff363b5f117270d386b5a71
1768,884,82944,6a242012867dc8b837e29b1a8324e93d22fc3f743ff363b5f117270d386b5a71
1769,884,82944,6a242012867dc8b837e29b1a8324e93d22fc3f743ff363b5f117270d386b5a71
1770,885,82944,6a242012867dc8b837e29b1a8324e93d22fc3f743ff363b5f117270d386b5a71
1771,885,82944,6a242012867dc8b837e29b1a8324e93d22fc3f743ff363b5f117270d386b5a71
1772,886,82944,6a242012867dc8b837e29b1a8324e93d22fc3f743ff363b5f117270d386b5a71
1773,886,82944,6a242012867dc8b837e29b1a8324e93d22fc3f743ff363b5f117270d386b5a71
1774,887,82944,6a242012867dc8b837e29b1a8324e93d22fc3f743ff363b5f117270d386b5a71
1775,887,82944,6a242012867dc8b837e29b1a8324e93d22fc3f743ff363b5f117270d386b5a71
1776,888,82944,6a242012867dc8b837e29b1a8324e93d22fc3f743ff363b5f117270d386b5a71
1777,888,82944,6a242012867dc8b837e29b1a8324e93d22fc3f743ff363b5f117270d386b5a71
1778,889,82944,6a242012867dc8b837e29b1a8324e93d22fc3f743ff363b5f117270d386b5a71
1779,889,82944,6a242012867dc8b837e29b1a8324e93d22fc3f743ff363b5f117270d386b5a71
1780,890,82944,6a242012867dc8b837e29b1a8324e93d22fc3f743ff363b5f117270d386b5a71
1781,890,82944,6a242012867dc8b837e29b1a8324e93d22fc3f743ff363b5f117270d386b5a71
1782,891,82944,6a242012867dc8b837e29b1a8324e93d22fc3f743ff363b5f117270d386b5a71
1783,891,82944,6a242012867dc8b837e29b1a8324e93d22fc3f743ff363b5f117270d386b5a71
1784,892,82944,6a242012867dc8b837e29b1a8324e93d22fc3f743ff363b5f117270d386b5a71
1785,892,82944,6a242012867dc8b837e29b1a8324e93d22fc3f743ff363b5f117270d386b5a71
1786,893,82944,6a242012867dc8b837e29b1a8324e93d22fc3f743ff363b5f117270d386b5a71
1787,893,82944,6a242012867dc8b837e29b1a8324e93d22fc3f743ff363b5f117270d386b5a71
1788,894,82944,6a242012867dc8b837e29b1a8324e93d22fc3f743ff363b5f117270d386b5a71
1789,894,82944,6a242012867dc8b837e29b1a8324e93d22fc3f743ff363b5f117270d386b5a71
1790,895,82944,6a242012867dc8b837e29b1a8324e93d22fc3f743ff363b5f117270d386b5a71
1791,895,82944,6a242012867dc8b837e29b1a8324e93d22fc3f743ff363b5f117270d386b5a71
1792,896,82944,6a242012867dc8b837e29b1a8324e93d22fc3f743ff363b5f117270d386b5a71
1793,896,82944,6a242012867dc8b837e29b1a8324e93d22fc3f743ff363b5f117270d386b5a71
1794,897,82944,6a242012867dc8b837e29b1a8324e93d22fc3f743ff363b5f117270d386b5a71
1795,897,82944,6a242012867dc8b837e29b1a8324e93d22fc3f743ff363b5f117270d386b5a71
1796,898,82944,6a242012867dc8b837e29b1a8324e93d22fc3f743ff363b5f117270d386b5a71
1797,898,82944,6a242012867dc8b837e29b1a8324e93d22fc3f743ff363b5f117270d386b5a71
1798,899,82944,6a242012867dc8b837e29b1a8324e93d22fc3f743ff363b5f117270d386b5a71
1799,899,82944,6a242012867dc8b837e29b1a8324e93d22fc3f743ff363b5f117270d386b5a71
1800,900,82944,6a242012867dc8b837e29b1a8324e93d22fc3f743ff363b5f117270d386b5a71
1801,900,82944,6a242012867dc8b837e29b1a8324e93d22fc3f743ff363b5f117270d386b5a71
1802,901,82944,6a242012867dc8b837e29b1a8324e93d22fc3f743ff363b5f117270d386b5a71
1803,901,82944,6a242012867dc8b837e29b1a8324e93d22fc3f743ff363b5f117270d386b5a71
1804,902,82944,6a242012867dc8b837e29b1a8324e93d22fc3f743ff363b5f117270d386b5a71
1805,902,82944,6a242012867dc8b837e29b1a8324e93d22fc3f743ff363b5f117270d386b5a71
1806,903,82944,6a242012867dc8b837e29b1a8324e93d22fc3f743ff363b5f117270d386b5a71
1807,903,82944,6a242012867dc8b837e29b1a8324e93d22fc3f743ff363b5f117270d386b5a71
1808,904,82944,6a242012867dc8b837e29b1a8324e93d22fc3f743ff363b5f117270d386b5a71
1809,904,82944,6a242012867dc8b837e29b1a8324e93d22fc3f743ff363b5f117270d386b5a71
1810,905,82944,6a242012867dc8b837e29b1a8324e93d22fc3f743ff363b5f117270d386b5a71
1811,905,82944,6a242012867dc8b837e29b1a8324e93d22fc3f743ff363b5f117270d386b5a71
1812,906,82944,6a242012867dc8b837e29b1a8324e93d22fc3f743ff363b5f117270d386b5a71
1813,906,82944,6a242012867dc8b837e29b1a8324e93d22fc3f743ff363b5f117270d386b5a71
1814,907,82944,6a242012867dc8b837e29b1a8324e93d22fc3f743ff363b5f117270d386b5a71
1815,907,82944,6a242012867dc8b837e29b1a8324e93d22fc3f743ff363b5f117270d386b5a71
1816,908,82944,6a242012867dc8b837e29b1a8324e93d22fc3f743ff363b5f117270d386b5a71
1817,908,82944,6a242012867dc8b837e29b1a8324e93d22fc3f743ff363b5f117270d386b5a71
1818,909,82944,6a242012867dc8b837e29b1a8324e93d22fc3f743ff363b5f117270d386b5a71
1819,909,82944,6a242012867dc8b837e29b1a8324e93d22fc3f743ff363b5f117270d386b5a71
1820,910,82944,6a242012867dc8b837e29b1a8324e93d22fc3f743ff363b5f117270d386b5a71
1821,910,82944,6a242012867dc8b837e29b1a8324e93d22fc3f743ff363b5f117270d386b5a71
1822,911,82944,6a242012867dc8b837e29b1a8324e93d22fc3f743ff363b5f117270d386b5a71
1823,911,82944,6a242012867dc8b837e29b1a8324e93d22fc3f743ff363b5f117270d386b5a71
1824,912,82944,6a242012867dc8b837e29b1a8324e93d22fc3f743ff363b5f117270d386b5a71
1825,912,82944,6a242012867dc8b837e29b1a8324e93d22fc3f743ff363b5f117270d386b5a71
1826,913,82944,6a242012867dc8b837e29b1a8324e93d22fc3f743ff363b5f117270d386b5a71
1827,913,82944,6a242012867dc8b837e29b1a8324e93d22fc3f743ff363b5f117270d386b5a71
1828,914,82944,6a242012867dc8b837e29b1a8324e93d22fc3f743ff363b5f117270d386b5a71
1829,914,82944,6a242012867dc8b837e29b1a8324e93d22fc3f743ff363b5f117270d386b5a71
1830,915,82944,6a242012867dc8b837e29b1a8324e93d22fc3f743ff363b5f117270d386b5a71
1831,915,82944,6a242012867dc8b837e29b1a8324e93d22fc3f743ff363b5f117270d386b5a71
1832,916,82944,6a242012867dc8b837e29b1a8324e93d22fc3f743ff363b5f117270d386b5a71
1833,916,82944,6a242012867dc8b837e29b1a8324e93d22fc3f743ff363b5f117270d386b5a71
1834,917,82944,6a242012867dc8b837e29b1a8324e93d22fc3f743ff363b5f117270d386b5a71
1835,917,82944,6a242012867dc8b837e29b1a8324e93d22fc3f743ff363b5f117270d386b5a71
1836,918,82944,6a242012867dc8b837e29b1a8324e93d22fc3f743ff363b5f117270d386b5a71
1837,918,82944,6a242012867dc8b837e29b1a8324e93d22fc3f743ff363b5f117270d386b5a71
1838,919,82944,6a242012867dc8b837e29b1a8324e93d22fc3f743ff363b5f117270d386b5a71
1839,919,82944,6a242012867dc8b837e29b1a8324e93d22fc3f743ff363b5f117270d386b5a71
1840,920,82944,6a242012867dc8b837e29b1a8324e93d22fc3f743ff363b5f117270d386b5a71
1841,920,82944,6a242012867dc8b837e29b1a8324e93d22fc3f743ff363b5f117270d386b5a71
1842,921,82944,6a242012867dc8b837e29b1a8324e93d22fc3f743ff363b5f117270d386b5a71
1843,921,82944,6a242012867dc8b837e29b1a8324e93d22fc3f743ff363b5f117270d386b5a71
1844,922,82944,6a242012867dc8b837e29b1a8324e93d22fc3f743ff363b5f117270d386b5a71
1845,922,82944,6a242012867dc8b837e29b1a8324e93d22fc3f743ff363b5f117270d386b5a71
1846,923,82944,6a242012867dc8b837e29b1a8324e93d22fc3f743ff363b5f117270d386b5a71
1847,923,82944,6a242012867dc8b837e29b1a8324e93d22fc3f743ff363b5f117270d386b5a71
1848,924,82944,6a242012867dc8b837e29b1a8324e93d22fc3f743ff363b5f117270d386b5a71
1849,924,82944,6a242012867dc8b837e29b1a8324e93d22fc3f743ff363b5f117270d386b5a71
1850,925,82944,6a242012867dc8b837e29b1a8324e93d22fc3f743ff363b5f117270d386b5a71
1851,925,82944,6a242012867dc8b837e29b1a8324e93d22fc3f743ff363b5f117270d386b5a71
1852,926,82944,6a242012867dc8b837e29b1a8324e93d22fc3f743ff363b5f117270d386b5a71
1853,926,82944,6a242012867dc8b837e29b1a8324e93d22fc3f743ff363b5f117270d386b5a71
1854,927,82944,6a242012867dc8b837e29b1a8324e93d22fc3f743ff363b5f117270d386b5a71
1855,927,82944,6a242012867dc8b837e29b1a8324e93d22fc3f743ff363b5f117270d386b5a71
1856,928,82944,6a242012867dc8b837e29b1a8324e93d22fc3f743ff363b5f117270d386b5a71
1857,928,82944,6a242012867dc8b837e29b1a8324e93d22fc3f743ff363b5f117270d386b5a71
1858,929,82944,6a242012867dc8b837e29b1a8324e93d22fc3f743ff363b5f117270d386b5a71
1859,929,82944,6a242012867dc8b837e29b1a8324e93d22fc3f743ff363b5f117270d386b5a71
1860,930,82944,6a242012867dc8b837e29b1a8324e93d22fc3f743ff363b5f117270d386b5a71
1861,930,82944,6a242012867dc8b837e29b1a8324e93d22fc3f743ff363b5f117270d386b5a71
1862,931,82944,6a242012867dc8b837e29b1a8324e93d22fc3f743ff363b5f117270d386b5a71
1863,931,82944,6a242012867dc8b837e29b1a8324e93d22fc3f743ff363b5f117270d386b5a71
1864,932,82944,6a242012867dc8b837e29b1a8324e93d22fc3f743ff363b5f117270d386b5a71
1865,932,82944,6a242012867dc8b837e29b1a8324e93d22fc3f743ff363b5f117270d386b5a71
1866,933,82944,6a242012867dc8b837e29b1a8324e93d22fc3f743ff363b5f117270d386b5a71
1867,933,82944,6a242012867dc8b837e29b1a8324e93d22fc3f743ff363b5f117270d386b5a71
1868,934,82944,6a242012867dc8b837e29b1a8324e93d22fc3f743ff363b5f117270d386b5a71
1869,934,82944,6a242012867dc8b837e29b1a8324e93d22fc3f743ff363b5f117270d386b5a71
1870,935,82944,6a242012867dc8b837e29b1a8324e93d22fc3f743ff363b5f117270d386b5a71
1871,935,82944,6a242012867dc8b837e29b1a8324e93d22fc3f743ff363b5f117270d386b5a71
1872,936,82944,6a242012867dc8b837e29b1a8324e93d22fc3f743ff363b5f117270d386b5a71
1873,936,82944,6a242012867dc8b837e29b1a8324e93d22fc3f743ff363b5f117270d386b5a71
1874,937,82944,6a242012867dc8b837e29b1a8324e93d22fc3f743ff363b5f117270d386b5a71
1875,937,82944,6a242012867dc8b837e29b1a8324e93d22fc3f743ff363b5f117270d386b5a71
1876,938,82944,6a242012867dc8b837e29b1a8324e93d22fc3f743ff363b5f117270d386b5a71
1877,938,82944,6a242012867dc8b837e29b1a8324e93d22fc3f743ff363b5f117270d386b5a71
1878,939,82944,6a242012867dc8b837e29b1a8324e93d22fc3f743ff363b5f117270d386b5a71
1879,939,82944,6a242012867dc8b837e29b1a8324e93d22fc3f743ff363b5f117270d386b5a71
1880,940,82944,6a242012867dc8b837e29b1a8324e93d22fc3f743ff363b5f117270d386b5a71
1881,940,82944,6a242012867dc8b837e29b1a8324e93d22fc3f743ff363b5f117270d386b5a71
1882,941,82944,6a242012867dc8b837e29b1a8324e93d22fc3f743ff363b5f117270d386b5a71
1883,941,82944,6a242012867dc8b837e29b1a8324e93d22fc3f743ff363b5f117270d386b5a71
1884,942,82944,6a242012867dc8b837e29b1a8324e93d22fc3f743ff363b5f117270d386b5a71
1885,942,82944,6a242012867dc8b837e29b1a8324e93d22fc3f743ff363b5f117270d386b5a71
1886,943,82944,6a242012867dc8b837e29b1a8324e93d22fc3f743ff363b5f117270d386b5a71
1887,943,82944,6a242012867dc8b837e29b1a8324e93d22fc3f743ff363b5f117270d386b5a71
1888,944,82944,6a242012867dc8b837e29b1a8324e93d22fc3f743ff363b5f117270d386b5a71
1889,944,82944,6a242012867dc8b837e29b1a8324e93d22fc3f743ff363b5f117270d386b5a71
1890,945,82944,6a242012867dc8b837e29b1a8324e93d22fc3f743ff363b5f117270d386b5a71
1891,945,82944,6a242012867dc8b837e29b1a8324e93d22fc3f743ff363b5f117270d386b5a71
1892,946,82944,6a242012867dc8b837e29b1a8324e93d22fc3f743ff363b5f117270d386b5a71
1893,946,82944,6a242012867dc8b837e29b1a8324e93d22fc3f743ff363b5f117270d386b5a71
1894,947,82944,6a242012867dc8b837e29b1a8324e93d22fc3f743ff363b5f117270d386b5a71
1895,947,82944,6a242012867dc8b837e29b1a8324e93d22fc3f743ff363b5f117270d386b5a71
1896,948,82944,6a242012867dc8b837e29b1a8324e93d22fc3f743ff363b5f117270d386b5a71
1897,948,82944,6a242012867dc8b837e29b1a8324e93d22fc3f743ff363b5f117270d386b5a71
1898,949,82944,6a242012867dc8b837e29b1a8324e93d22fc3f743ff363b5f117270d386b5a71
1899,949,82944,6a242012867dc8b837e29b1a8324e93d22fc3f743ff363b5f117270d386b5a71
1900,950,82944,6a242012867dc8b837e29b1a8324e93d22fc3f743ff363b5f117270d386b5a71
1901,950,82944,6a242012867dc8b837e29b1a8324e93d22fc3f743ff363b5f117270d386b5a71
1902,951,82944,6a242012867dc8b837e29b1a8324e93d22fc3f743ff363b5f117270d386b5a71
1903,951,82944,6a242012867dc8b837e29b1a8324e93d22fc3f743ff363b5f117270d386b5a71
1904,952,82944,6a242012867dc8b837e29b1a8324e93d22fc3f743ff363b5f117270d386b5a71
1905,952,82944,6a242012867dc8b837e29b1a8324e93d22fc3f743ff363b5f117270d386b5a71
1906,953,82944,6a242012867dc8b837e29b1a8324e93d22fc3f743ff363b5f117270d386b5a71
1907,953,82944,6a242012867dc8b837e29b1a8324e93d22fc3f743ff363b5f117270d386b5a71
1908,954,82944,6a242012867dc8b837e29b1a8324e93d22fc3f743ff363b5f117270d386b5a71
1909,954,82944,6a242012867dc8b837e29b1a8324e93d22fc3f743ff363b5f117270d386b5a71
1910,955,82944,6a242012867dc8b837e29b1a8324e93d22fc3f743ff363b5f117270d386b5a71
1911,955,82944,6a242012867dc8b837e29b1a8324e93d22fc3f743ff363b5f117270d386b5a71
1912,956,82944,6a242012867dc8b837e29b1a8324e93d22fc3f743ff363b5f117270d386b5a71
1913,956,82944,6a242012867dc8b837e29b1a8324e93d22fc3f743ff363b5f117270d386b5a71
1914,957,82944,6a242012867dc8b837e29b1a8324e93d22fc3f743ff363b5f117270d386b5a71
1915,957,82944,6a242012867dc8b837e29b1a8324e93d22fc3f743ff363b5f117270d386b5a71
1916,958,82944,6a242012867dc8b837e29b1a8324e93d22fc3f743ff363b5f117270d386b5a71
1917,958,82944,6a242012867dc8b837e29b1a8324e93d22fc3f743ff363b5f117270d386b5a71
1918,959,82944,6a242012867dc8b837e29b1a8324e93d22fc3f743ff363b5f117270d386b5a71
1919,959,82944,6a242012867dc8b837e29b1a8324e93d22fc3f743ff363b5f117270d386b5a71
1920,960,82944,6a242012867dc8b837e29b1a8324e93d22fc3f743ff363b5f117270d386b5a71
1921,960,82944,6a242012867dc8b837e29b1a8324e93d22fc3f743ff363b5f117270d386b5a71
1922,961,82944,6a242012867dc8b837e29b1a8324e93d22fc3f743ff363b5f117270d386b5a71
1923,961,82944,6a242012867dc8b837e29b1a8324e93d22fc3f743ff363b5f117270d386b5a71
1924,962,82944,6a242012867dc8b837e29b1a8324e93d22fc3f743ff363b5f117270d386b5a71
1925,962,82944,6a242012867dc8b837e29b1a8324e93d22fc3f743ff363b5f117270d386b5a71
1926,963,82944,6a242012867dc8b837e29b1a8324e93d22fc3f743ff363b5f117270d386b5a71
1927,963,82944,6a242012867dc8b837e29b1a8324e93d22fc3f743ff363b5f117270d386b5a71
1928,964,82944,6a242012867dc8b837e29b1a8324e93d22fc3f743ff363b5f117270d386b5a71
1929,964,82944,6a242012867dc8b837e29b1a8324e93d22fc3f743ff363b5f117270d386b5a71
1930,965,82944,6a242012867dc8b837e29b1a8324e93d22fc3f743ff363b5f117270d386b5a71
1931,965,82944,6a242012867dc8b837e29b1a8324e93d22fc3f743ff363b5f117270d386b5a71
1932,966,82944,6a242012867dc8b837e29b1a8324e93d22fc3f743ff363b5f117270d386b5a71
1933,966,82944,6a242012867dc8b837e29b1a8324e93d22fc3f743ff363b5f117270d386b5a71
1934,967,82944,6a242012867dc8b837e29b1a8324e93d22fc3f743ff363b5f117270d386b5a71
1935,967,82944,6a242012867dc8b837e29b1a8324e93d22fc3f743ff363b5f117270d386b5a71
1936,968,82944,6a242012867dc8b837e29b1a8324e93d22fc3f743ff363b5f117270d386b5a71
1937,968,82944,6a242012867dc8b837e29b1a8324e93d22fc3f743ff363b5f117270d386b5a71
1938,969,82944,6a242012867dc8b837e29b1a8324e93d22fc3f743ff363b5f117270d386b5a71
1939,969,82944,6a242012867dc8b837e29b1a8324e93d22fc3f743ff363b5f117270d386b5a71
1940,970,82944,6a242012867dc8b837e29b1a8324e93d22fc3f743ff363b5f117270d386b5a71
1941,970,82944,6a242012867dc8b837e29b1a8324e93d22fc3f743ff363b5f117270d386b5a71
1942,971,82944,6a242012867dc8b837e29b1a8324e93d22fc3f743ff363b5f117270d386b5a71
1943,971,82944,6a242012867dc8b837e29b1a8324e93d22fc3f743ff363b5f117270d386b5a71
1944,972,82944,6a242012867dc8b837e29b1a8324e93d22fc3f743ff363b5f117270d386b5a71
1945,972,82944,6a242012867dc8b837e29b1a8324e93d22fc3f743ff363b5f117270d386b5a71
1946,973,82944,6a242012867dc8b837e29b1a8324e93d22fc3f743ff363b5f117270d386b5a71
1947,973,82944,6a242012867dc8b837e29b1a8324e93d22fc3f743ff363b5f117270d386b5a71
1948,974,82944,6a242012867dc8b837e29b1a8324e93d22fc3f743ff363b5f117270d386b5a71
1949,974,82944,6a242012867dc8b837e29b1a8324e93d22fc3f743ff363b5f117270d386b5a71
1950,975,82944,6a242012867dc8b837e29b1a8324e93d22fc3f743ff363b5f117270d386b5a71
1951,975,82944,6a242012867dc8b837e29b1a8324e93d22fc3f743ff363b5f117270d386b5a71
1952,976,82944,6a242012867dc8b837e29b1a8324e93d22fc3f743ff363b5f117270d386b5a71
1953,976,82944,6a242012867dc8b837e29b1a8324e93d22fc3f743ff363b5f117270d386b5a71
1954,977,82944,6a242012867dc8b837e29b1a8324e93d22fc3f743ff363b5f117270d386b5a71
1955,977,82944,6a242012867dc8b837e29b1a8324e93d22fc3f743ff363b5f117270d386b5a71
1956,978,82944,6a242012867dc8b837e29b1a8324e93d22fc3f743ff363b5f117270d386b5a71
1957,978,82944,6a242012867dc8b837e29b1a8324e93d22fc3f743ff363b5f117270d386b5a71
1958,979,82944,6a242012867dc8b837e29b1a8324e93d22fc3f743ff363b5f117270d386b5a71
1959,979,82944,6a242012867dc8b837e29b1a8324e93d22fc3f743ff363b5f117270d386b5a71
1960,980,82944,6a242012867dc8b837e29b1a8324e93d22fc3f743ff363b5f117270d386b5a71
1961,980,82944,6a242012867dc8b837e29b1a8324e93d22fc3f743ff363b5f117270d386b5a71
1962,981,82944,6a242012867dc8b837e29b1a8324e93d22fc3f743ff363b5f117270d386b5a71
1963,981,82944,6a242012867dc8b837e29b1a8324e93d22fc3f743ff363b5f117270d386b5a71
1964,982,82944,6a242012867dc8b837e29b1a8324e93d22fc3f743ff363b5f117270d386b5a71
1965,982,82944,6a242012867dc8b837e29b1a8324e93d22fc3f743ff363b5f117270d386b5a71
1966,983,82944,6a242012867dc8b837e29b1a8324e93d22fc3f743ff363b5f117270d386b5a71
1967,983,82944,6a242012867dc8b837e29b1a8324e93d22fc3f743ff363b5f117270d386b5a71
1968,984,82944,6a242012867dc8b837e29b1a8324e93d22fc3f743ff363b5f117270d386b5a71
1969,984,82944,6a242012867dc8b837e29b1a8324e93d22fc3f743ff363b5f117270d386b5a71
1970,985,82944,6a242012867dc8b837e29b1a8324e93d22fc3f743ff363b5f117270d386b5a71
1971,985,82944,6a242012867dc8b837e29b1a8324e93d22fc3f743ff363b5f117270d386b5a71
1972,986,82944,6a242012867dc8b837e29b1a8324e93d22fc3f743ff363b5f117270d386b5a71
1973,986,82944,6a242012867dc8b837e29b1a8324e93d22fc3f743ff363b5f117270d386b5a71
1974,987,82944,6a242012867dc8b837e29b1a8324e93d22fc3f743ff363b5f117270d386b5a71
1975,987,82944,6a242012867dc8b837e29b1a8324e93d22fc3f743ff363b5f117270d386b5a71
1976,988,82944,6a242012867dc8b837e29b1a8324e93d22fc3f743ff363b5f117270d386b5a71
1977,988,82944,6a242012867dc8b837e29b1a8324e93d22fc3f743ff363b5f117270d386b5a71
1978,989,82944,6a242012867dc8b837e29b1a8324e93d22fc3f743ff363b5f117270d386b5a71
1979,989,82944,6a242012867dc8b837e29b1a8324e93d22fc3f743ff363b5f117270d386b5a71
1980,990,82944,6a242012867dc8b837e29b1a8324e93d22fc3f743ff363b5f117270d386b5a71
1981,990,82944,6a242012867dc8b837e29b1a8324e93d22fc3f743ff363b5f117270d386b5a71
1982,991,82944,6a242012867dc8b837e29b1a8324e93d22fc3f743ff363b5f117270d386b5a71
1983,991,82944,6a242012867dc8b837e29b1a8324e93d22fc3f743ff363b5f117270d386b5a71
1984,992,82944,6a242012867dc8b837e29b1a8324e93d22fc3f743ff363b5f117270d386b5a71
1985,992,82944,6a242012867dc8b837e29b1a8324e93d22fc3f743ff363b5f117270d386b5a71
1986,993,82944,6a242012867dc8b837e29b1a8324e93d22fc3f743ff363b5f117270d386b5a71
1987,993,82944,6a242012867dc8b837e29b1a8324e93d22fc3f743ff363b5f117270d386b5a71
1988,994,82944,6a242012867dc8b837e29b1a8324e93d22fc3f743ff363b5f117270d386b5a71
1989,994,82944,6a242012867dc8b837e29b1a8324e93d22fc3f743ff363b5f117270d386b5a71
1990,995,82944,6a242012867dc8b837e29b1a8324e93d22fc3f743ff363b5f117270d386b5a71
1991,995,82944,6a242012867dc8b837e29b1a8324e93d22fc3f743ff363b5f117270d386b5a71
1992,996,82944,6a242012867dc8b837e29b1a8324e93d22fc3f743ff363b5f117270d386b5a71
1993,996,82944,6a242012867dc8b837e29b1a8324e93d22fc3f743ff363b5f117270d386b5a71
1994,997,82944,6a242012867dc8b837e29b1a8324e93d22fc3f743ff363b5f117270d386b5a71
1995,997,82944,6a242012867dc8b837e29b1a8324e93d22fc3f743ff363b5f117270d386b5a71
1996,998,82944,6a242012867dc8b837e29b1a8324e93d22fc3f743ff363b5f117270d386b5a71
1997,998,82944,6a242012867dc8b837e29b1a8324e93d22fc3f743ff363b5f117270d386b5a71
1998,999,82944,6a242012867dc8b837e29b1a8324e93d22fc3f743ff363b5f117270d386b5a71
1999,999,82944,6a242012867dc8b837e29b1a8324e93d22fc3f743ff363b5f117270d386b5a71
2000,1000,82944,6a242012867dc8b837e29b1a8324e93d22fc3f743ff363b5f117270d386b5a71
2001,1000,82944,6a242012867dc8b837e29b1a8324e93d22fc3f743ff363b5f117270d386b5a71
2002,1001,82944,6a242012867dc8b837e29b1a8324e93d22fc3f743ff363b5f117270d386b5a71
2003,1001,82944,6a242012867dc8b837e29b1a8324e93d22fc3f743ff363b5f117270d386b5a71
2004,1002,82944,6a242012867dc8b837e29b1a8324e93d22fc3f743ff363b5f117270d386b5a71
2005,1002,82944,6a242012867dc8b837e29b1a8324e93d22fc3f743ff363b5f117270d386b5a71
2006,1003,82944,6a242012867dc8b837e29b1a8324e93d22fc3f743ff363b5f117270d386b5a71
2007,1003,82944,6a242012867dc8b837e29b1a8324e93d22fc3f743ff363b5f117270d386b5a71
2008,1004,82944,6a242012867dc8b837e29b1a8324e93d22fc3f743ff363b5f117270d386b5a71
2009,1004,82944,6a242012867dc8b837e29b1a8324e93d22fc3f743ff363b5f117270d386b5a71
2010,1005,82944,6a242012867dc8b837e29b1a8324e93d22fc3f743ff363b5f117270d386b5a71
2011,1005,82944,6a242012867dc8b837e29b1a8324e93d22fc3f743ff363b5f117270d386b5a71
2012,1006,82944,6a242012867dc8b837e29b1a8324e93d22fc3f743ff363b5f117270d386b5a71
2013,1006,82944,6a242012867dc8b837e29b1a8324e93d22fc3f743ff363b5f117270d386b5a71
2014,1007,82944,6a242012867dc8b837e29b1a8324e93d22fc3f743ff363b5f117270d386b5a71
2015,1007,82944,6a242012867dc8b837e29b1a8324e93d22fc3f743ff363b5f117270d386b5a71
2016,1008,82944,6a242012867dc8b837e29b1a8324e93d22fc3f743ff363b5f117270d386b5a71
2017,1008,82944,6a242012867dc8b837e29b1a8324e93d22fc3f743ff363b5f117270d386b5a71
2018,1009,82944,6a242012867dc8b837e29b1a8324e93d22fc3f743ff363b5f117270d386b5a71
2019,1009,82944,6a242012867dc8b837e29b1a8324e93d22fc3f743ff363b5f117270d386b5a71
2020,1010,82944,6a242012867dc8b837e29b1a8324e93d22fc3f743ff363b5f117270d386b5a71
2021,1010,82944,6a242012867dc8b837e29b1a8324e93d22fc3f743ff363b5f117270d386b5a71
2022,1011,82944,6a242012867dc8b837e29b1a8324e93d22fc3f743ff363b5f117270d386b5a71
2023,1011,82944,6a242012867dc8b837e29b1a8324e93d22fc3f743ff363b5f117270d386b5a71
2024,1012,82944,6a242012867dc8b837e29b1a8324e93d22fc3f743ff363b5f117270d386b5a71
2025,1012,82944,6a242012867dc8b837e29b1a8324e93d22fc3f743ff363b5f117270d386b5a71
2026,1013,82944,6a242012867dc8b837e29b1a8324e93d22fc3f743ff363b5f117270d386b5a71
2027,1013,82944,6a242012867dc8b837e29b1a8324e93d22fc3f743ff363b5f117270d386b5a71
2028,1014,82944,6a242012867dc8b837e29b1a8324e93d22fc3f743ff363b5f117270d386b5a71
2029,1014,82944,6a242012867dc8b837e29b1a8324e93d22fc3f743ff363b5f117270d386b5a71
2030,1015,82944,6a242012867dc8b837e29b1a8324e93d22fc3f743ff363b5f117270d386b5a71
2031,1015,82944,6a242012867dc8b837e29b1a8324e93d22fc3f743ff363b5f117270d386b5a71
2032,1016,82944,6a242012867dc8b837e29b1a8324e93d22fc3f743ff363b5f117270d386b5a71
2033,1016,82944,6a242012867dc8b837e29b1a8324e93d22fc3f743ff363b5f117270d386b5a71
2034,1017,82944,6a242012867dc8b837e29b1a8324e93d22fc3f743ff363b5f117270d386b5a71
2035,1017,82944,6a242012867dc8b837e29b1a8324e93d22fc3f743ff363b5f117270d386b5a71
2036,1018,82944,6a242012867dc8b837e29b1a8324e93d22fc3f743ff363b5f117270d386b5a71
2037,1018,82944,6a242012867dc8b837e29b1a8324e93d22fc3f743ff363b5f117270d386b5a71
2038,1019,82944,6a242012867dc8b837e29b1a8324e93d22fc3f743ff363b5f117270d386b5a71
2039,1019,82944,6a242012867dc8b837e29b1a8324e93d22fc3f743ff363b5f117270d386b5a71
2040,1020,82944,6a242012867dc8b837e29b1a8324e93d22fc3f743ff363b5f117270d386b5a71
2041,1020,82944,6a242012867dc8b837e29b1a8324e93d22fc3f743ff363b5f117270d386b5a71
2042,1021,82944,6a242012867dc8b837e29b1a8324e93d22fc3f743ff363b5f117270d386b5a71
2043,1021,82944,6a242012867dc8b837e29b1a8324e93d22fc3f743ff363b5f117270d386b5a71
2044,1022,82944,6a242012867dc8b837e29b1a8324e93d22fc3f743ff363b5f117270d386b5a71
2045,1022,82944,6a242012867dc8b837e29b1a8324e93d22fc3f743ff363b5f117270d386b5a71
2046,1023,82944,6a242012867dc8b837e29b1a8324e93d22fc3f743ff363b5f117270d386b5a71
2047,1023,82944,6a242012867dc8b837e29b1a8324e93d22fc3f743ff363b5f117270d386b5a71
2048,1024,82944,6a242012867dc8b837e29b1a8324e93d22fc3f743ff363b5f117270d386b5a71
2049,1024,82944,6a242012867dc8b837e29b1a8324e93d22fc3f743ff363b5f117270d386b5a71
2050,1025,82944,6a242012867dc8b837e29b1a8324e93d22fc3f743ff363b5f117270d386b5a71
2051,1025,82944,6a242012867dc8b837e29b1a8324e93d22fc3f743ff363b5f117270d386b5a71
2052,1026,82944,6a242012867dc8b837e29b1a8324e93d22fc3f743ff363b5f117270d386b5a71
2053,1026,82944,6a242012867dc8b837e29b1a8324e93d22fc3f743ff363b5f117270d386b5a71
2054,1027,82944,6a242012867dc8b837e29b1a8324e93d22fc3f743ff363b5f117270d386b5a71
2055,1027,82944,6a242012867dc8b837e29b1a8324e93d22fc3f743ff363b5f117270d386b5a71
2056,1028,82944,6a242012867dc8b837e29b1a8324e93d22fc3f743ff363b5f117270d386b5a71
2057,1028,82944,6a242012867dc8b837e29b1a8324e93d22fc3f743ff363b5f117270d386b5a71
2058,1029,82944,6a242012867dc8b837e29b1a8324e93d22fc3f743ff363b5f117270d386b5a71
2059,1029,82944,6a242012867dc8b837e29b1a8324e93d22fc3f743ff363b5f117270d386b5a71
2060,1030,82944,6a242012867dc8b837e29b1a8324e93d22fc3f743ff363b5f117270d386b5a71
2061,1030,82944,6a242012867dc8b837e29b1a8324e93d22fc3f743ff363b5f117270d386b5a71
2062,1031,82944,6a242012867dc8b837e29b1a8324e93d22fc3f743ff363b5f117270d386b5a71
2063,1031,82944,6a242012867dc8b837e29b1a8324e93d22fc3f743ff363b5f117270d386b5a71
2064,1032,82944,6a242012867dc8b837e29b1a8324e93d22fc3f743ff363b5f117270d386b5a71
2065,1032,82944,6a242012867dc8b837e29b1a8324e93d22fc3f743ff363b5f117270d386b5a71
2066,1033,82944,6a242012867dc8b837e29b1a8324e93d22fc3f743ff363b5f117270d386b5a71
2067,1033,82944,6a242012867dc8b837e29b1a8324e93d22fc3f743ff363b5f117270d386b5a71
2068,1034,82944,6a242012867dc8b837e29b1a8324e93d22fc3f743ff363b5f117270d386b5a71
2069,1034,82944,6a242012867dc8b837e29b1a8324e93d22fc3f743ff363b5f117270d386b5a71
2070,1035,82944,6a242012867dc8b837e29b1a8324e93d22fc3f743ff363b5f117270d386b5a71
2071,1035,82944,6a242012867dc8b837e29b1a8324e93d22fc3f743ff363b5f117270d386b5a71
2072,1036,82944,6a242012867dc8b837e29b1a8324e93d22fc3f743ff363b5f117270d386b5a71
2073,1036,82944,6a242012867dc8b837e29b1a8324e93d22fc3f743ff363b5f117270d386b5a71
2074,1037,82944,6a242012867dc8b837e29b1a8324e93d22fc3f743ff363b5f117270d386b5a71
2075,1037,82944,6a242012867dc8b837e29b1a8324e93d22fc3f743ff363b5f117270d386b5a71
2076,1038,82944,6a242012867dc8b837e29b1a8324e93d22fc3f743ff363b5f117270d386b5a71
2077,1038,82944,6a242012867dc8b837e29b1a8324e93d22fc3f743ff363b5f117270d386b5a71
2078,1039,82944,6a242012867dc8b837e29b1a8324e93d22fc3f743ff363b5f117270d386b5a71
2079,1039,82944,6a242012867dc8b837e29b1a8324e93d22fc3f743ff363b5f117270d386b5a71
2080,1040,82944,6a242012867dc8b837e29b1a8324e93d22fc3f743ff363b5f117270d386b5a71
2081,1040,82944,6a242012867dc8b837e29b1a8324e93d22fc3f743ff363b5f117270d386b5a71
2082,1041,82944,6a242012867dc8b837e29b1a8324e93d22fc3f743ff363b5f117270d386b5a71
2083,1041,82944,6a242012867dc8b837e29b1a8324e93d22fc3f743ff363b5f117270d386b5a71
2084,1042,82944,6a242012867dc8b837e29b1a8324e93d22fc3f743ff363b5f117270d386b5a71
2085,1042,82944,6a242012867dc8b837e29b1a8324e93d22fc3f743ff363b5f117270d386b5a71
2086,1043,82944,6a242012867dc8b837e29b1a8324e93d22fc3f743ff363b5f117270d386b5a71
2087,1043,82944,6a242012867dc8b837e29b1a8324e93d22fc3f743ff363b5f117270d386b5a71
2088,1044,82944,6a242012867dc8b837e29b1a8324e93d22fc3f743ff363b5f117270d386b5a71
2089,1044,82944,6a242012867dc8b837e29b1a8324e93d22fc3f743ff363b5f117270d386b5a71
2090,1045,82944,6a242012867dc8b837e29b1a8324e93d22fc3f743ff363b5f117270d386b5a71
2091,1045,82944,6a242012867dc8b837e29b1a8324e93d22fc3f743ff363b5f117270d386b5a71
2092,1046,82944,6a242012867dc8b837e29b1a8324e93d22fc3f743ff363b5f117270d386b5a71
2093,1046,82944,6a242012867dc8b837e29b1a8324e93d22fc3f743ff363b5f117270d386b5a71
2094,1047,82944,6a242012867dc8b837e29b1a8324e93d22fc3f743ff363b5f117270d386b5a71
2095,1047,82944,6a242012867dc8b837e29b1a8324e93d22fc3f743ff363b5f117270d386b5a71
2096,1048,82944,6a242012867dc8b837e29b1a8324e93d22fc3f743ff363b5f117270d386b5a71
2097,1048,82944,6a242012867dc8b837e29b1a8324e93d22fc3f743ff363b5f117270d386b5a71
2098,1049,82944,6a242012867dc8b837e29b1a8324e93d22fc3f743ff363b5f117270d386b5a71
2099,1049,82944,6a242012867dc8b837e29b1a8324e93d22fc3f743ff363b5f117270d386b5a71
2100,1050,82944,6a242012867dc8b837e29b1a8324e93d22fc3f743ff363b5f117270d386b5a71
2101,1050,82944,6a242012867dc8b837e29b1a8324e93d22fc3f743ff363b5f117270d386b5a71
2102,1051,82944,6a242012867dc8b837e29b1a8324e93d22fc3f743ff363b5f117270d386b5a71
2103,1051,82944,6a242012867dc8b837e29b1a8324e93d22fc3f743ff363b5f117270d386b5a71
2104,1052,82944,6a242012867dc8b837e29b1a8324e93d22fc3f743ff363b5f117270d386b5a71
2105,1052,82944,6a242012867dc8b837e29b1a8324e93d22fc3f743ff363b5f117270d386b5a71
2106,1053,82944,6a242012867dc8b837e29b1a8324e93d22fc3f743ff363b5f117270d386b5a71
2107,1053,82944,6a242012867dc8b837e29b1a8324e93d22fc3f743ff363b5f117270d386b5a71
2108,1054,82944,6a242012867dc8b837e29b1a8324e93d22fc3f743ff363b5f117270d386b5a71
2109,1054,82944,6a242012867dc8b837e29b1a8324e93d22fc3f743ff363b5f117270d386b5a71
2110,1055,82944,6a242012867dc8b837e29b1a8324e93d22fc3f743ff363b5f117270d386b5a71
2111,1055,82944,6a242012867dc8b837e29b1a8324e93d22fc3f743ff363b5f117270d386b5a71
2112,1056,82944,6a242012867dc8b837e29b1a8324e93d22fc3f743ff363b5f117270d386b5a71
2113,1056,82944,6a242012867dc8b837e29b1a8324e93d22fc3f743ff363b5f117270d386b5a71
2114,1057,82944,6a242012867dc8b837e29b1a8324e93d22fc3f743ff363b5f117270d386b5a71
2115,1057,82944,6a242012867dc8b837e29b1a8324e93d22fc3f743ff363b5f117270d386b5a71
2116,1058,82944,6a242012867dc8b837e29b1a8324e93d22fc3f743ff363b5f117270d386b5a71
2117,1058,82944,6a242012867dc8b837e29b1a8324e93d22fc3f743ff363b5f117270d386b5a71
2118,1059,82944,6a242012867dc8b837e29b1a8324e93d22fc3f743ff363b5f117270d386b5a71
2119,1059,82944,6a242012867dc8b837e29b1a8324e93d22fc3f743ff363b5f117270d386b5a71
2120,1060,82944,6a242012867dc8b837e29b1a8324e93d22fc3f743ff363b5f117270d386b5a71
2121,1060,82944,6a242012867dc8b837e29b1a8324e93d22fc3f743ff363b5f117270d386b5a71
2122,1061,82944,6a242012867dc8b837e29b1a8324e93d22fc3f743ff363b5f117270d386b5a71
2123,1061,82944,6a242012867dc8b837e29b1a8324e93d22fc3f743ff363b5f117270d386b5a71
2124,1062,82944,6a242012867dc8b837e29b1a8324e93d22fc3f743ff363b5f117270d386b5a71
2125,1062,82944,6a242012867dc8b837e29b1a8324e93d22fc3f743ff363b5f117270d386b5a71
2126,1063,82944,6a242012867dc8b837e29b1a8324e93d22fc3f743ff363b5f117270d386b5a71
2127,1063,82944,6a242012867dc8b837e29b1a8324e93d22fc3f743ff363b5f117270d386b5a71
2128,1064,82944,6a242012867dc8b837e29b1a8324e93d22fc3f743ff363b5f117270d386b5a71
2129,1064,82944,6a242012867dc8b837e29b1a8324e93d22fc3f743ff363b5f117270d386b5a71
2130,1065,82944,6a242012867dc8b837e29b1a8324e93d22fc3f743ff363b5f117270d386b5a71
2131,1065,82944,6a242012867dc8b837e29b1a8324e93d22fc3f743ff363b5f117270d386b5a71
2132,1066,82944,6a242012867dc8b837e29b1a8324e93d22fc3f743ff363b5f117270d386b5a71
2133,1066,82944,6a242012867dc8b837e29b1a8324e93d22fc3f743ff363b5f117270d386b5a71
2134,1067,82944,6a242012867dc8b837e29b1a8324e93d22fc3f743ff363b5f117270d386b5a71
2135,1067,82944,6a242012867dc8b837e29b1a8324e93d22fc3f743ff363b5f117270d386b5a71
2136,1068,82944,6a242012867dc8b837e29b1a8324e93d22fc3f743ff363b5f117270d386b5a71
2137,1068,82944,6a242012867dc8b837e29b1a8324e93d22fc3f743ff363b5f117270d386b5a71
2138,1069,82944,6a242012867dc8b837e29b1a8324e93d22fc3f743ff363b5f117270d386b5a71
2139,1069,82944,6a242012867dc8b837e29b1a8324e93d22fc3f743ff363b5f117270d386b5a71
2140,1070,82944,6a242012867dc8b837e29b1a8324e93d22fc3f743ff363b5f117270d386b5a71
2141,1070,82944,6a242012867dc8b837e29b1a8324e93d22fc3f743ff363b5f117270d386b5a71
2142,1071,82944,6a242012867dc8b837e29b1a8324e93d22fc3f743ff363b5f117270d386b5a71
2143,1071,82944,6a242012867dc8b837e29b1a8324e93d22fc3f743ff363b5f117270d386b5a71
2144,1072,82944,6a242012867dc8b837e29b1a8324e93d22fc3f743ff363b5f117270d386b5a71
2145,1072,82944,6a242012867dc8b837e29b1a8324e93d22fc3f743ff363b5f117270d386b5a71
2146,1073,82944,6a242012867dc8b837e29b1a8324e93d22fc3f743ff363b5f117270d386b5a71
2147,1073,82944,6a242012867dc8b837e29b1a8324e93d22fc3f743ff363b5f117270d386b5a71
2148,1074,82944,6a242012867dc8b837e29b1a8324e93d22fc3f743ff363b5f117270d386b5a71
2149,1074,82944,6a242012867dc8b837e29b1a8324e93d22fc3f743ff363b5f117270d386b5a71
2150,1075,82944,6a242012867dc8b837e29b1a8324e93d22fc3f743ff363b5f117270d386b5a71
2151,1075,82944,6a242012867dc8b837e29b1a8324e93d22fc3f743ff363b5f117270d386b5a71
2152,1076,82944,6a242012867dc8b837e29b1a8324e93d22fc3f743ff363b5f117270d386b5a71
2153,1076,82944,6a242012867dc8b837e29b1a8324e93d22fc3f743ff363b5f117270d386b5a71
2154,1077,82944,6a242012867dc8b837e29b1a8324e93d22fc3f743ff363b5f117270d386b5a71
2155,1077,82944,6a242012867dc8b837e29b1a8324e93d22fc3f743ff363b5f117270d386b5a71
2156,1078,82944,6a242012867dc8b837e29b1a8324e93d22fc3f743ff363b5f117270d386b5a71
2157,1078,82944,6a242012867dc8b837e29b1a8324e93d22fc3f743ff363b5f117270d386b5a71
2158,1079,82944,6a242012867dc8b837e29b1a8324e93d22fc3f743ff363b5f117270d386b5a71
2159,1079,82944,6a242012867dc8b837e29b1a8324e93d22fc3f743ff363b5f117270d386b5a71
2160,1080,82944,6a242012867dc8b837e29b1a8324e93d22fc3f743ff363b5f117270d386b5a71
2161,1080,82944,6a242012867dc8b837e29b1a8324e93d22fc3f743ff363b5f117270d386b5a71
2162,1081,82944,6a242012867dc8b837e29b1a8324e93d22fc3f743ff363b5f117270d386b5a71
2163,1081,82944,6a242012867dc8b837e29b1a8324e93d22fc3f743ff363b5f117270d386b5a71
2164,1082,82944,6a242012867dc8b837e29b1a8324e93d22fc3f743ff363b5f117270d386b5a71
2165,1082,82944,6a242012867dc8b837e29b1a8324e93d22fc3f743ff363b5f117270d386b5a71
2166,1083,82944,6a242012867dc8b837e29b1a8324e93d22fc3f743ff363b5f117270d386b5a71
2167,1083,82944,6a242012867dc8b837e29b1a8324e93d22fc3f743ff363b5f117270d386b5a71
2168,1084,82944,6a242012867dc8b837e29b1a8324e93d22fc3f743ff363b5f117270d386b5a71
2169,1084,82944,6a242012867dc8b837e29b1a8324e93d22fc3f743ff363b5f117270d386b5a71
2170,1085,82944,6a242012867dc8b837e29b1a8324e93d22fc3f743ff363b5f117270d386b5a71
2171,1085,82944,6a242012867dc8b837e29b1a8324e93d22fc3f743ff363b5f117270d386b5a71
2172,1086,82944,6a242012867dc8b837e29b1a8324e93d22fc3f743ff363b5f117270d386b5a71
2173,1086,82944,6a242012867dc8b837e29b1a8324e93d22fc3f743ff363b5f117270d386b5a71
2174,1087,82944,6a242012867dc8b837e29b1a8324e93d22fc3f743ff363b5f117270d386b5a71
2175,1087,82944,6a242012867dc8b837e29b1a8324e93d22fc3f743ff363b5f117270d386b5a71
2176,1088,82944,6a242012867dc8b837e29b1a8324e93d22fc3f743ff363b5f117270d386b5a71
2177,1088,82944,6a242012867dc8b837e29b1a8324e93d22fc3f743ff363b5f117270d386b5a71
2178,1089,82944,6a242012867dc8b837e29b1a8324e93d22fc3f743ff363b5f117270d386b5a71
2179,1089,82944,6a242012867dc8b837e29b1a8324e93d22fc3f743ff363b5f117270d386b5a71
2180,1090,82944,6a242012867dc8b837e29b1a8324e93d22fc3f743ff363b5f117270d386b5a71
2181,1090,82944,6a242012867dc8b837e29b1a8324e93d22fc3f743ff363b5f117270d386b5a71
2182,1091,82944,6a242012867dc8b837e29b1a8324e93d22fc3f743ff363b5f117270d386b5a71
2183,1091,82944,6a242012867dc8b837e29b1a8324e93d22fc3f743ff363b5f117270d386b5a71
2184,1092,82944,6a242012867dc8b837e29b1a8324e93d22fc3f743ff363b5f117270d386b5a71
2185,1092,82944,6a242012867dc8b837e29b1a8324e93d22fc3f743ff363b5f117270d386b5a71
2186,1093,82944,6a242012867dc8b837e29b1a8324e93d22fc3f743ff363b5f117270d386b5a71
2187,1093,82944,6a242012867dc8b837e29b1a8324e93d22fc3f743ff363b5f117270d386b5a71
2188,1094,82944,6a242012867dc8b837e29b1a8324e93d22fc3f743ff363b5f117270d386b5a71
2189,1094,82944,6a242012867dc8b837e29b1a8324e93d22fc3f743ff363b5f117270d386b5a71
2190,1095,82944,6a242012867dc8b837e29b1a8324e93d22fc3f743ff363b5f117270d386b5a71
2191,1095,82944,6a242012867dc8b837e29b1a8324e93d22fc3f743ff363b5f117270d386b5a71
2192,1096,82944,6a242012867dc8b837e29b1a8324e93d22fc3f743ff363b5f117270d386b5a71
2193,1096,82944,6a242012867dc8b837e29b1a8324e93d22fc3f743ff363b5f117270d386b5a71
2194,1097,82944,6a242012867dc8b837e29b1a8324e93d22fc3f743ff363b5f117270d386b5a71
2195,1097,82944,6a242012867dc8b837e29b1a8324e93d22fc3f743ff363b5f117270d386b5a71
2196,1098,82944,6a242012867dc8b837e29b1a8324e93d22fc3f743ff363b5f117270d386b5a71
2197,1098,82944,6a242012867dc8b837e29b1a8324e93d22fc3f743ff363b5f117270d386b5a71
2198,1099,82944,6a242012867dc8b837e29b1a8324e93d22fc3f743ff363b5f117270d386b5a71
2199,1099,82944,6a242012867dc8b837e29b1a8324e93d22fc3f743ff363b5f117270d386b5a71
2200,1100,82944,6a242012867dc8b837e29b1a8324e93d22fc3f743ff363b5f117270d386b5a71
2201,1100,82944,6a242012867dc8b837e29b1a8324e93d22fc3f743ff363b5f117270d386b5a71
2202,1101,82944,6a242012867dc8b837e29b1a8324e93d22fc3f743ff363b5f117270d386b5a71
2203,1101,82944,6a242012867dc8b837e29b1a8324e93d22fc3f743ff363b5f117270d386b5a71
2204,1102,82944,6a242012867dc8b837e29b1a8324e93d22fc3f743ff363b5f117270d386b5a71
2205,1102,82944,6a242012867dc8b837e29b1a8324e93d22fc3f743ff363b5f117270d386b5a71
2206,1103,82944,6a242012867dc8b837e29b1a8324e93d22fc3f743ff363b5f117270d386b5a71
2207,1103,82944,6a242012867dc8b837e29b1a8324e93d22fc3f743ff363b5f117270d386b5a71
2208,1104,82944,6a242012867dc8b837e29b1a8324e93d22fc3f743ff363b5f117270d386b5a71
2209,1104,82944,6a242012867dc8b837e29b1a8324e93d22fc3f743ff363b5f117270d386b5a71
2210,1105,82944,6a242012867dc8b837e29b1a8324e93d22fc3f743ff363b5f117270d386b5a71
2211,1105,82944,6a242012867dc8b837e29b1a8324e93d22fc3f743ff363b5f117270d386b5a71
2212,1106,82944,6a242012867dc8b837e29b1a8324e93d22fc3f743ff363b5f117270d386b5a71
2213,1106,82944,6a242012867dc8b837e29b1a8324e93d22fc3f743ff363b5f117270d386b5a71
2214,1107,82944,6a242012867dc8b837e29b1a8324e93d22fc3f743ff363b5f117270d386b5a71
2215,1107,82944,6a242012867dc8b837e29b1a8324e93d22fc3f743ff363b5f117270d386b5a71
2216,1108,82944,6a242012867dc8b837e29b1a8324e93d22fc3f743ff363b5f117270d386b5a71
2217,1108,82944,6a242012867dc8b837e29b1a8324e93d22fc3f743ff363b5f117270d386b5a71
2218,1109,82944,6a242012867dc8b837e29b1a8324e93d22fc3f743ff363b5f117270d386b5a71
2219,1109,82944,6a242012867dc8b837e29b1a8324e93d22fc3f743ff363b5f117270d386b5a71
2220,1110,82944,6a242012867dc8b837e29b1a8324e93d22fc3f743ff363b5f117270d386b5a71
2221,1110,82944,6a242012867dc8b837e29b1a8324e93d22fc3f743ff363b5f117270d386b5a71
2222,1111,82944,6a242012867dc8b837e29b1a8324e93d22fc3f743ff363b5f117270d386b5a71
2223,1111,82944,6a242012867dc8b837e29b1a8324e93d22fc3f743ff363b5f117270d386b5a71
2224,1112,82944,6a242012867dc8b837e29b1a8324e93d22fc3f743ff363b5f117270d386b5a71
2225,1112,82944,6a242012867dc8b837e29b1a8324e93d22fc3f743ff363b5f117270d386b5a71
2226,1113,82944,6a242012867dc8b837e29b1a8324e93d22fc3f743ff363b5f117270d386b5a71
2227,1113,82944,6a242012867dc8b837e29b1a8324e93d22fc3f743ff363b5f117270d386b5a71
2228,1114,82944,6a242012867dc8b837e29b1a8324e93d22fc3f743ff363b5f117270d386b5a71
2229,1114,82944,6a242012867dc8b837e29b1a8324e93d22fc3f743ff363b5f117270d386b5a71
2230,1115,82944,6a242012867dc8b837e29b1a8324e93d22fc3f743ff363b5f117270d386b5a71
2231,1115,82944,6a242012867dc8b837e29b1a8324e93d22fc3f743ff363b5f117270d386b5a71
2232,1116,82944,6a242012867dc8b837e29b1a8324e93d22fc3f743ff363b5f117270d386b5a71
2233,1116,82944,6a242012867dc8b837e29b1a8324e93d22fc3f743ff363b5f117270d386b5a71
2234,1117,82944,6a242012867dc8b837e29b1a8324e93d22fc3f743ff363b5f117270d386b5a71
2235,1117,82944,6a242012867dc8b837e29b1a8324e93d22fc3f743ff363b5f117270d386b5a71
2236,1118,82944,6a242012867dc8b837e29b1a8324e93d22fc3f743ff363b5f117270d386b5a71
2237,1118,82944,6a242012867dc8b837e29b1a8324e93d22fc3f743ff363b5f117270d386b5a71
2238,1119,82944,6a242012867dc8b837e29b1a8324e93d22fc3f743ff363b5f117270d386b5a71
2239,1119,82944,6a242012867dc8b837e29b1a8324e93d22fc3f743ff363b5f117270d386b5a71
2240,1120,82944,6a242012867dc8b837e29b1a8324e93d22fc3f743ff363b5f117270d386b5a71
2241,1120,82944,6a242012867dc8b837e29b1a8324e93d22fc3f743ff363b5f117270d386b5a71
2242,1121,82944,6a242012867dc8b837e29b1a8324e93d22fc3f743ff363b5f117270d386b5a71
2243,1121,82944,6a242012867dc8b837e29b1a8324e93d22fc3f743ff363b5f117270d386b5a71
2244,1122,82944,6a242012867dc8b837e29b1a8324e93d22fc3f743ff363b5f117270d386b5a71
2245,1122,82944,6a242012867dc8b837e29b1a8324e93d22fc3f743ff363b5f117270d386b5a71
2246,1123,82944,6a242012867dc8b837e29b1a8324e93d22fc3f743ff363b5f117270d386b5a71
2247,1123,82944,6a242012867dc8b837e29b1a8324e93d22fc3f743ff363b5f117270d386b5a71
2248,1124,82944,6a242012867dc8b837e29b1a8324e93d22fc3f743ff363b5f117270d386b5a71
2249,1124,82944,6a242012867dc8b837e29b1a8324e93d22fc3f743ff363b5f117270d386b5a71
2250,1125,82944,6a242012867dc8b837e29b1a8324e93d22fc3f743ff363b5f117270d386b5a71
2251,1125,82944,6a242012867dc8b837e29b1a8324e93d22fc3f743ff363b5f117270d386b5a71
2252,1126,82944,6a242012867dc8b837e29b1a8324e93d22fc3f743ff363b5f117270d386b5a71
2253,1126,82944,6a242012867dc8b837e29b1a8324e93d22fc3f743ff363b5f117270d386b5a71
2254,1127,82944,6a242012867dc8b837e29b1a8324e93d22fc3f743ff363b5f117270d386b5a71
2255,1127,82944,6a242012867dc8b837e29b1a8324e93d22fc3f743ff363b5f117270d386b5a71
2256,1128,82944,6a242012867dc8b837e29b1a8324e93d22fc3f743ff363b5f117270d386b5a71
2257,1128,82944,6a242012867dc8b837e29b1a8324e93d22fc3f743ff363b5f117270d386b5a71
2258,1129,82944,6a242012867dc8b837e29b1a8324e93d22fc3f743ff363b5f117270d386b5a71
2259,1129,82944,6a242012867dc8b837e29b1a8324e93d22fc3f743ff363b5f117270d386b5a71
2260,1130,82944,6a242012867dc8b837e29b1a8324e93d22fc3f743ff363b5f117270d386b5a71
2261,1130,82944,6a242012867dc8b837e29b1a8324e93d22fc3f743ff363b5f117270d386b5a71
2262,1131,82944,6a242012867dc8b837e29b1a8324e93d22fc3f743ff363b5f117270d386b5a71
2263,1131,82944,6a242012867dc8b837e29b1a8324e93d22fc3f743ff363b5f117270d386b5a71
2264,1132,82944,6a242012867dc8b837e29b1a8324e93d22fc3f743ff363b5f117270d386b5a71
2265,1132,82944,6a242012867dc8b837e29b1a8324e93d22fc3f743ff363b5f117270d386b5a71
2266,1133,82944,6a242012867dc8b837e29b1a8324e93d22fc3f743ff363b5f117270d386b5a71
2267,1133,82944,6a242012867dc8b837e29b1a8324e93d22fc3f743ff363b5f117270d386b5a71
2268,1134,82944,6a242012867dc8b837e29b1a8324e93d22fc3f743ff363b5f117270d386b5a71
2269,1134,82944,6a242012867dc8b837e29b1a8324e93d22fc3f743ff363b5f117270d386b5a71
2270,1135,82944,6a242012867dc8b837e29b1a8324e93d22fc3f743ff363b5f117270d386b5a71
2271,1135,82944,6a242012867dc8b837e29b1a8324e93d22fc3f743ff363b5f117270d386b5a71
2272,1136,82944,6a242012867dc8b837e29b1a8324e93d22fc3f743ff363b5f117270d386b5a71
2273,1136,82944,6a242012867dc8b837e29b1a8324e93d22fc3f743ff363b5f117270d386b5a71
2274,1137,82944,6a242012867dc8b837e29b1a8324e93d22fc3f743ff363b5f117270d386b5a71
2275,1137,82944,6a242012867dc8b837e29b1a8324e93d22fc3f743ff363b5f117270d386b5a71
2276,1138,82944,6a242012867dc8b837e29b1a8324e93d22fc3f743ff363b5f117270d386b5a71
2277,1138,82944,6a242012867dc8b837e29b1a8324e93d22fc3f743ff363b5f117270d386b5a71
2278,1139,82944,6a242012867dc8b837e29b1a8324e93d22fc3f743ff363b5f117270d386b5a71
2279,1139,82944,6a242012867dc8b837e29b1a8324e93d22fc3f743ff363b5f117270d386b5a71
2280,1140,82944,6a242012867dc8b837e29b1a8324e93d22fc3f743ff363b5f117270d386b5a71
2281,1140,82944,6a242012867dc8b837e29b1a8324e93d22fc3f743ff363b5f117270d386b5a71
2282,1141,82944,6a242012867dc8b837e29b1a8324e93d22fc3f743ff363b5f117270d386b5a71
2283,1141,82944,6a242012867dc8b837e29b1a8324e93d22fc3f743ff363b5f117270d386b5a71
2284,1142,82944,6a242012867dc8b837e29b1a8324e93d22fc3f743ff363b5f117270d386b5a71
2285,1142,82944,6a242012867dc8b837e29b1a8324e93d22fc3f743ff363b5f117270d386b5a71
2286,1143,82944,6a242012867dc8b837e29b1a8324e93d22fc3f743ff363b5f117270d386b5a71
2287,1143,82944,6a242012867dc8b837e29b1a8324e93d22fc3f743ff363b5f117270d386b5a71
2288,1144,82944,6a242012867dc8b837e29b1a8324e93d22fc3f743ff363b5f117270d386b5a71
2289,1144,82944,6a242012867dc8b837e29b1a8324e93d22fc3f743ff363b5f117270d386b5a71
2290,1145,82944,6a242012867dc8b837e29b1a8324e93d22fc3f743ff363b5f117270d386b5a71
2291,1145,82944,6a242012867dc8b837e29b1a8324e93d22fc3f743ff363b5f117270d386b5a71
2292,1146,82944,6a242012867dc8b837e29b1a8324e93d22fc3f743ff363b5f117270d386b5a71
2293,1146,82944,6a242012867dc8b837e29b1a8324e93d22fc3f743ff363b5f117270d386b5a71
2294,1147,82944,6a242012867dc8b837e29b1a8324e93d22fc3f743ff363b5f117270d386b5a71
2295,1147,82944,6a242012867dc8b837e29b1a8324e93d22fc3f743ff363b5f117270d386b5a71
2296,1148,82944,6a242012867dc8b837e29b1a8324e93d22fc3f743ff363b5f117270d386b5a71
2297,1148,82944,6a242012867dc8b837e29b1a8324e93d22fc3f743ff363b5f117270d386b5a71
2298,1149,82944,6a242012867dc8b837e29b1a8324e93d22fc3f743ff363b5f117270d386b5a71
2299,1149,82944,6a242012867dc8b837e29b1a8324e93d22fc3f743ff363b5f117270d386b5a71
2300,1150,82944,6a242012867dc8b837e29b1a8324e93d22fc3f743ff363b5f117270d386b5a71
2301,1150,82944,6a242012867dc8b837e29b1a8324e93d22fc3f743ff363b5f117270d386b5a71
2302,1151,82944,6a242012867dc8b837e29b1a8324e93d22fc3f743ff363b5f117270d386b5a71
2303,1151,82944,6a242012867dc8b837e29b1a8324e93d22fc3f743ff363b5f117270d386b5a71
2304,1152,82944,6a242012867dc8b837e29b1a8324e93d22fc3f743ff363b5f117270d386b5a71
2305,1152,82944,6a242012867dc8b837e29b1a8324e93d22fc3f743ff363b5f117270d386b5a71
2306,1153,82944,6a242012867dc8b837e29b1a8324e93d22fc3f743ff363b5f117270d386b5a71
2307,1153,82944,6a242012867dc8b837e29b1a8324e93d22fc3f743ff363b5f117270d386b5a71
2308,1154,82944,6a242012867dc8b837e29b1a8324e93d22fc3f743ff363b5f117270d386b5a71
2309,1154,82944,6a242012867dc8b837e29b1a8324e93d22fc3f743ff363b5f117270d386b5a71
2310,1155,82944,6a242012867dc8b837e29b1a8324e93d22fc3f743ff363b5f117270d386b5a71
2311,1155,82944,6a242012867dc8b837e29b1a8324e93d22fc3f743ff363b5f117270d386b5a71
2312,1156,82944,6a242012867dc8b837e29b1a8324e93d22fc3f743ff363b5f117270d386b5a71
2313,1156,82944,6a242012867dc8b837e29b1a8324e93d22fc3f743ff363b5f117270d386b5a71
2314,1157,82944,6a242012867dc8b837e29b1a8324e93d22fc3f743ff363b5f117270d386b5a71
2315,1157,82944,6a242012867dc8b837e29b1a8324e93d22fc3f743ff363b5f117270d386b5a71
2316,1158,82944,6a242012867dc8b837e29b1a8324e93d22fc3f743ff363b5f117270d386b5a71
2317,1158,82944,6a242012867dc8b837e29b1a8324e93d22fc3f743ff363b5f117270d386b5a71
2318,1159,82944,6a242012867dc8b837e29b1a8324e93d22fc3f743ff363b5f117270d386b5a71
2319,1159,82944,6a242012867dc8b837e29b1a8324e93d22fc3f743ff363b5f117270d386b5a71
2320,1160,82944,6a242012867dc8b837e29b1a8324e93d22fc3f743ff363b5f117270d386b5a71
2321,1160,82944,6a242012867dc8b837e29b1a8324e93d22fc3f743ff363b5f117270d386b5a71
2322,1161,82944,6a242012867dc8b837e29b1a8324e93d22fc3f743ff363b5f117270d386b5a71
2323,1161,82944,6a242012867dc8b837e29b1a8324e93d22fc3f743ff363b5f117270d386b5a71
2324,1162,82944,6a242012867dc8b837e29b1a8324e93d22fc3f743ff363b5f117270d386b5a71
2325,1162,82944,6a242012867dc8b837e29b1a8324e93d22fc3f743ff363b5f117270d386b5a71
2326,1163,82944,6a242012867dc8b837e29b1a8324e93d22fc3f743ff363b5f117270d386b5a71
2327,1163,82944,6a242012867dc8b837e29b1a8324e93d22fc3f743ff363b5f117270d386b5a71
2328,1164,82944,6a242012867dc8b837e29b1a8324e93d22fc3f743ff363b5f117270d386b5a71
2329,1164,82944,6a242012867dc8b837e29b1a8324e93d22fc3f743ff363b5f117270d386b5a71
2330,1165,82944,6a242012867dc8b837e29b1a8324e93d22fc3f743ff363b5f117270d386b5a71
2331,1165,82944,6a242012867dc8b837e29b1a8324e93d22fc3f743ff363b5f117270d386b5a71
2332,1166,82944,6a242012867dc8b837e29b1a8324e93d22fc3f743ff363b5f117270d386b5a71
2333,1166,82944,6a242012867dc8b837e29b1a8324e93d22fc3f743ff363b5f117270d386b5a71
2334,1167,82944,6a242012867dc8b837e29b1a8324e93d22fc3f743ff363b5f117270d386b5a71
2335,1167,82944,6a242012867dc8b837e29b1a8324e93d22fc3f743ff363b5f117270d386b5a71
2336,1168,82944,6a242012867dc8b837e29b1a8324e93d22fc3f743ff363b5f117270d386b5a71
2337,1168,82944,6a242012867dc8b837e29b1a8324e93d22fc3f743ff363b5f117270d386b5a71
2338,1169,82944,6a242012867dc8b837e29b1a8324e93d22fc3f743ff363b5f117270d386b5a71
2339,1169,82944,6a242012867dc8b837e29b1a8324e93d22fc3f743ff363b5f117270d386b5a71
2340,1170,82944,6a242012867dc8b837e29b1a8324e93d22fc3f743ff363b5f117270d386b5a71
2341,1170,82944,6a242012867dc8b837e29b1a8324e93d22fc3f743ff363b5f117270d386b5a71
2342,1171,82944,6a242012867dc8b837e29b1a8324e93d22fc3f743ff363b5f117270d386b5a71
2343,1171,82944,6a242012867dc8b837e29b1a8324e93d22fc3f743ff363b5f117270d386b5a71
2344,1172,82944,6a242012867dc8b837e29b1a8324e93d22fc3f743ff363b5f117270d386b5a71
2345,1172,82944,6a242012867dc8b837e29b1a8324e93d22fc3f743ff363b5f117270d386b5a71
2346,1173,82944,6a242012867dc8b837e29b1a8324e93d22fc3f743ff363b5f117270d386b5a71
2347,1173,82944,6a242012867dc8b837e29b1a8324e93d22fc3f743ff363b5f117270d386b5a71
2348,1174,82944,6a242012867dc8b837e29b1a8324e93d22fc3f743ff363b5f117270d386b5a71
2349,1174,82944,6a242012867dc8b837e29b1a8324e93d22fc3f743ff363b5f117270d386b5a71
2350,1175,82944,6a242012867dc8b837e29b1a8324e93d22fc3f743ff363b5f117270d386b5a71
2351,1175,82944,6a242012867dc8b837e29b1a8324e93d22fc3f743ff363b5f117270d386b5a71
2352,1176,82944,6a242012867dc8b837e29b1a8324e93d22fc3f743ff363b5f117270d386b5a71
2353,1176,82944,6a242012867dc8b837e29b1a8324e93d22fc3f743ff363b5f117270d386b5a71
2354,1177,82944,6a242012867dc8b837e29b1a8324e93d22fc3f743ff363b5f117270d386b5a71
2355,1177,82944,6a242012867dc8b837e29b1a8324e93d22fc3f743ff363b5f117270d386b5a71
2356,1178,82944,6a242012867dc8b837e29b1a8324e93d22fc3f743ff363b5f117270d386b5a71
2357,1178,82944,6a242012867dc8b837e29b1a8324e93d22fc3f743ff363b5f117270d386b5a71
2358,1179,82944,6a242012867dc8b837e29b1a8324e93d22fc3f743ff363b5f117270d386b5a71
2359,1179,82944,6a242012867dc8b837e29b1a8324e93d22fc3f743ff363b5f117270d386b5a71
2360,1180,82944,6a242012867dc8b837e29b1a8324e93d22fc3f743ff363b5f117270d386b5a71
2361,1180,82944,6a242012867dc8b837e29b1a8324e93d22fc3f743ff363b5f117270d386b5a71
2362,1181,82944,6a242012867dc8b837e29b1a8324e93d22fc3f743ff363b5f117270d386b5a71
2363,1181,82944,6a242012867dc8b837e29b1a8324e93d22fc3f743ff363b5f117270d386b5a71
2364,1182,82944,6a242012867dc8b837e29b1a8324e93d22fc3f743ff363b5f117270d386b5a71
2365,1182,82944,6a242012867dc8b837e29b1a8324e93d22fc3f743ff363b5f117270d386b5a71
2366,1183,82944,6a242012867dc8b837e29b1a8324e93d22fc3f743ff363b5f117270d386b5a71
2367,1183,82944,6a242012867dc8b837e29b1a8324e93d22fc3f743ff363b5f117270d386b5a71
2368,1184,82944,6a242012867dc8b837e29b1a8324e93d22fc3f743ff363b5f117270d386b5a71
2369,1184,82944,6a242012867dc8b837e29b1a8324e93d22fc3f743ff363b5f117270d386b5a71
2370,1185,82944,6a242012867dc8b837e29b1a8324e93d22fc3f743ff363b5f117270d386b5a71
2371,1185,82944,6a242012867dc8b837e29b1a8324e93d22fc3f743ff363b5f117270d386b5a71
2372,1186,82944,6a242012867dc8b837e29b1a8324e93d22fc3f743ff363b5f117270d386b5a71
2373,1186,82944,6a242012867dc8b837e29b1a8324e93d22fc3f743ff363b5f117270d386b5a71
2374,1187,82944,6a242012867dc8b837e29b1a8324e93d22fc3f743ff363b5f117270d386b5a71
2375,1187,82944,6a242012867dc8b837e29b1a8324e93d22fc3f743ff363b5f117270d386b5a71
2376,1188,82944,6a242012867dc8b837e29b1a8324e93d22fc3f743ff363b5f117270d386b5a71
2377,1188,82944,6a242012867dc8b837e29b1a8324e93d22fc3f743ff363b5f117270d386b5a71
2378,1189,82944,6a242012867dc8b837e29b1a8324e93d22fc3f743ff363b5f117270d386b5a71
2379,1189,82944,6a242012867dc8b837e29b1a8324e93d22fc3f743ff363b5f117270d386b5a71
2380,1190,82944,6a242012867dc8b837e29b1a8324e93d22fc3f743ff363b5f117270d386b5a71
2381,1190,82944,6a242012867dc8b837e29b1a8324e93d22fc3f743ff363b5f117270d386b5a71
2382,1191,82944,6a242012867dc8b837e29b1a8324e93d22fc3f743ff363b5f117270d386b5a71
2383,1191,82944,6a242012867dc8b837e29b1a8324e93d22fc3f743ff363b5f117270d386b5a71
2384,1192,82944,6a242012867dc8b837e29b1a8324e93d22fc3f743ff363b5f117270d386b5a71
2385,1192,82944,6a242012867dc8b837e29b1a8324e93d22fc3f743ff363b5f117270d386b5a71
2386,1193,82944,6a242012867dc8b837e29b1a8324e93d22fc3f743ff363b5f117270d386b5a71
2387,1193,82944,6a242012867dc8b837e29b1a8324e93d22fc3f743ff363b5f117270d386b5a71
2388,1194,82944,6a242012867dc8b837e29b1a8324e93d22fc3f743ff363b5f117270d386b5a71
2389,1194,82944,6a242012867dc8b837e29b1a8324e93d22fc3f743ff363b5f117270d386b5a71
2390,1195,82944,6a242012867dc8b837e29b1a8324e93d22fc3f743ff363b5f117270d386b5a71
2391,1195,82944,6a242012867dc8b837e29b1a8324e93d22fc3f743ff363b5f117270d386b5a71
2392,1196,82944,6a242012867dc8b837e29b1a8324e93d22fc3f743ff363b5f117270d386b5a71
2393,1196,82944,6a242012867dc8b837e29b1a8324e93d22fc3f743ff363b5f117270d386b5a71
2394,1197,82944,6a242012867dc8b837e29b1a8324e93d22fc3f743ff363b5f117270d386b5a71
2395,1197,82944,6a242012867dc8b837e29b1a8324e93d22fc3f743ff363b5f117270d386b5a71
2396,1198,82944,6a242012867dc8b837e29b1a8324e93d22fc3f743ff363b5f117270d386b5a71
2397,1198,82944,6a242012867dc8b837e29b1a8324e93d22fc3f743ff363b5f117270d386b5a71
2398,1199,82944,6a242012867dc8b837e29b1a8324e93d22fc3f743ff363b5f117270d386b5a71
2399,1199,82944,6a242012867dc8b837e29b1a8324e93d22fc3f743ff363b5f117270d386b5a71
2400,1200,82944,6a242012867dc8b837e29b1a8324e93d22fc3f743ff363b5f117270d386b5a71
2401,1200,82944,6a242012867dc8b837e29b1a8324e93d22fc3f743ff363b5f117270d386b5a71
2402,1201,82944,6a242012867dc8b837e29b1a8324e93d22fc3f743ff363b5f117270d386b5a71
2403,1201,82944,6a242012867dc8b837e29b1a8324e93d22fc3f743ff363b5f117270d386b5a71
2404,1202,82944,6a242012867dc8b837e29b1a8324e93d22fc3f743ff363b5f117270d386b5a71
2405,1202,82944,6a242012867dc8b837e29b1a8324e93d22fc3f743ff363b5f117270d386b5a71
2406,1203,82944,6a242012867dc8b837e29b1a8324e93d22fc3f743ff363b5f117270d386b5a71
2407,1203,82944,6a242012867dc8b837e29b1a8324e93d22fc3f743ff363b5f117270d386b5a71
2408,1204,82944,6a242012867dc8b837e29b1a8324e93d22fc3f743ff363b5f117270d386b5a71
2409,1204,82944,6a242012867dc8b837e29b1a8324e93d22fc3f743ff363b5f117270d386b5a71
2410,1205,82944,6a242012867dc8b837e29b1a8324e93d22fc3f743ff363b5f117270d386b5a71
2411,1205,82944,6a242012867dc8b837e29b1a8324e93d22fc3f743ff363b5f117270d386b5a71
2412,1206,82944,6a242012867dc8b837e29b1a8324e93d22fc3f743ff363b5f117270d386b5a71
2413,1206,82944,6a242012867dc8b837e29b1a8324e93d22fc3f743ff363b5f117270d386b5a71
2414,1207,82944,6a242012867dc8b837e29b1a8324e93d22fc3f743ff363b5f117270d386b5a71
2415,1207,82944,6a242012867dc8b837e29b1a8324e93d22fc3f743ff363b5f117270d386b5a71
2416,1208,82944,6a242012867dc8b837e29b1a8324e93d22fc3f743ff363b5f117270d386b5a71
2417,1208,82944,6a242012867dc8b837e29b1a8324e93d22fc3f743ff363b5f117270d386b5a71
2418,1209,82944,6a242012867dc8b837e29b1a8324e93d22fc3f743ff363b5f117270d386b5a71
2419,1209,82944,6a242012867dc8b837e29b1a8324e93d22fc3f743ff363b5f117270d386b5a71
2420,1210,82944,6a242012867dc8b837e29b1a8324e93d22fc3f743ff363b5f117270d386b5a71
2421,1210,82944,6a242012867dc8b837e29b1a8324e93d22fc3f743ff363b5f117270d386b5a71
2422,1211,82944,6a242012867dc8b837e29b1a8324e93d22fc3f743ff363b5f117270d386b5a71
2423,1211,82944,6a242012867dc8b837e29b1a8324e93d22fc3f743ff363b5f117270d386b5a71
2424,1212,82944,6a242012867dc8b837e29b1a8324e93d22fc3f743ff363b5f117270d386b5a71
2425,1212,82944,6a242012867dc8b837e29b1a8324e93d22fc3f743ff363b5f117270d386b5a71
2426,1213,82944,6a242012867dc8b837e29b1a8324e93d22fc3f743ff363b5f117270d386b5a71
2427,1213,82944,6a242012867dc8b837e29b1a8324e93d22fc3f743ff363b5f117270d386b5a71
2428,1214,82944,6a242012867dc8b837e29b1a8324e93d22fc3f743ff363b5f117270d386b5a71
2429,1214,82944,6a242012867dc8b837e29b1a8324e93d22fc3f743ff363b5f117270d386b5a71
2430,1215,82944,6a242012867dc8b837e29b1a8324e93d22fc3f743ff363b5f117270d386b5a71
2431,1215,82944,6a242012867dc8b837e29b1a8324e93d22fc3f743ff363b5f117270d386b5a71
2432,1216,82944,6a242012867dc8b837e29b1a8324e93d22fc3f743ff363b5f117270d386b5a71
2433,1216,82944,6a242012867dc8b837e29b1a8324e93d22fc3f743ff363b5f117270d386b5a71
2434,1217,82944,6a242012867dc8b837e29b1a8324e93d22fc3f743ff363b5f117270d386b5a71
2435,1217,82944,6a242012867dc8b837e29b1a8324e93d22fc3f743ff363b5f117270d386b5a71
2436,1218,82944,6a242012867dc8b837e29b1a8324e93d22fc3f743ff363b5f117270d386b5a71
2437,1218,82944,6a242012867dc8b837e29b1a8324e93d22fc3f743ff363b5f117270d386b5a71
2438,1219,82944,6a242012867dc8b837e29b1a8324e93d22fc3f743ff363b5f117270d386b5a71
2439,1219,82944,6a242012867dc8b837e29b1a8324e93d22fc3f743ff363b5f117270d386b5a71
2440,1220,82944,6a242012867dc8b837e29b1a8324e93d22fc3f743ff363b5f117270d386b5a71
2441,1220,82944,6a242012867dc8b837e29b1a8324e93d22fc3f743ff363b5f117270d386b5a71
2442,1221,82944,6a242012867dc8b837e29b1a8324e93d22fc3f743ff363b5f117270d386b5a71
2443,1221,82944,6a242012867dc8b837e29b1a8324e93d22fc3f743ff363b5f117270d386b5a71
2444,1222,82944,6a242012867dc8b837e29b1a8324e93d22fc3f743ff363b5f117270d386b5a71
2445,1222,82944,6a242012867dc8b837e29b1a8324e93d22fc3f743ff363b5f117270d386b5a71
2446,1223,82944,6a242012867dc8b837e29b1a8324e93d22fc3f743ff363b5f117270d386b5a71
2447,1223,82944,6a242012867dc8b837e29b1a8324e93d22fc3f743ff363b5f117270d386b5a71
2448,1224,82944,6a242012867dc8b837e29b1a8324e93d22fc3f743ff363b5f117270d386b5a71
2449,1224,82944,6a242012867dc8b837e29b1a8324e93d22fc3f743ff363b5f117270d386b5a71
2450,1225,82944,6a242012867dc8b837e29b1a8324e93d22fc3f743ff363b5f117270d386b5a71
2451,1225,82944,6a242012867dc8b837e29b1a8324e93d22fc3f743ff363b5f117270d386b5a71
2452,1226,82944,6a242012867dc8b837e29b1a8324e93d22fc3f743ff363b5f117270d386b5a71
2453,1226,82944,6a242012867dc8b837e29b1a8324e93d22fc3f743ff363b5f117270d386b5a71
2454,1227,82944,6a242012867dc8b837e29b1a8324e93d22fc3f743ff363b5f117270d386b5a71
2455,1227,82944,6a242012867dc8b837e29b1a8324e93d22fc3f743ff363b5f117270d386b5a71
2456,1228,82944,6a242012867dc8b837e29b1a8324e93d22fc3f743ff363b5f117270d386b5a71
2457,1228,82944,6a242012867dc8b837e29b1a8324e93d22fc3f743ff363b5f117270d386b5a71
2458,1229,82944,6a242012867dc8b837e29b1a8324e93d22fc3f743ff363b5f117270d386b5a71
2459,1229,82944,6a242012867dc8b837e29b1a8324e93d22fc3f743ff363b5f117270d386b5a71
2460,1230,82944,6a242012867dc8b837e29b1a8324e93d22fc3f743ff363b5f117270d386b5a71
2461,1230,82944,6a242012867dc8b837e29b1a8324e93d22fc3f743ff363b5f117270d386b5a71
2462,1231,82944,6a242012867dc8b837e29b1a8324e93d22fc3f743ff363b5f117270d386b5a71
2463,1231,82944,6a242012867dc8b837e29b1a8324e93d22fc3f743ff363b5f117270d386b5a71
2464,1232,82944,6a242012867dc8b837e29b1a8324e93d22fc3f743ff363b5f117270d386b5a71
2465,1232,82944,6a242012867dc8b837e29b1a8324e93d22fc3f743ff363b5f117270d386b5a71
2466,1233,82944,6a242012867dc8b837e29b1a8324e93d22fc3f743ff363b5f117270d386b5a71
2467,1233,82944,6a242012867dc8b837e29b1a8324e93d22fc3f743ff363b5f117270d386b5a71
2468,1234,82944,6a242012867dc8b837e29b1a8324e93d22fc3f743ff363b5f117270d386b5a71
2469,1234,82944,6a242012867dc8b837e29b1a8324e93d22fc3f743ff363b5f117270d386b5a71
2470,1235,82944,6a242012867dc8b837e29b1a8324e93d22fc3f743ff363b5f117270d386b5a71
2471,1235,82944,6a242012867dc8b837e29b1a8324e93d22fc3f743ff363b5f117270d386b5a71
2472,1236,82944,6a242012867dc8b837e29b1a8324e93d22fc3f743ff363b5f117270d386b5a71
2473,1236,82944,6a242012867dc8b837e29b1a8324e93d22fc3f743ff363b5f117270d386b5a71
2474,1237,82944,6a242012867dc8b837e29b1a8324e93d22fc3f743ff363b5f117270d386b5a71
2475,1237,82944,6a242012867dc8b837e29b1a8324e93d22fc3f743ff363b5f117270d386b5a71
2476,1238,82944,6a242012867dc8b837e29b1a8324e93d22fc3f743ff363b5f117270d386b5a71
2477,1238,82944,6a242012867dc8b837e29b1a8324e93d22fc3f743ff363b5f117270d386b5a71
2478,1239,82944,6a242012867dc8b837e29b1a8324e93d22fc3f743ff363b5f117270d386b5a71
2479,1239,82944,6a242012867dc8b837e29b1a8324e93d22fc3f743ff363b5f117270d386b5a71
2480,1240,82944,6a242012867dc8b837e29b1a8324e93d22fc3f743ff363b5f117270d386b5a71
2481,1240,82944,6a242012867dc8b837e29b1a8324e93d22fc3f743ff363b5f117270d386b5a71
2482,1241,82944,6a242012867dc8b837e29b1a8324e93d22fc3f743ff363b5f117270d386b5a71
2483,1241,82944,6a242012867dc8b837e29b1a8324e93d22fc3f743ff363b5f117270d386b5a71
2484,1242,82944,6a242012867dc8b837e29b1a8324e93d22fc3f743ff363b5f117270d386b5a71
2485,1242,82944,6a242012867dc8b837e29b1a8324e93d22fc3f743ff363b5f117270d386b5a71
2486,1243,82944,6a242012867dc8b837e29b1a8324e93d22fc3f743ff363b5f117270d386b5a71
2487,1243,82944,6a242012867dc8b837e29b1a8324e93d22fc3f743ff363b5f117270d386b5a71
2488,1244,82944,6a242012867dc8b837e29b1a8324e93d22fc3f743ff363b5f117270d386b5a71
2489,1244,82944,6a242012867dc8b837e29b1a8324e93d22fc3f743ff363b5f117270d386b5a71
2490,1245,82944,6a242012867dc8b837e29b1a8324e93d22fc3f743ff363b5f117270d386b5a71
2491,1245,82944,6a242012867dc8b837e29b1a8324e93d22fc3f743ff363b5f117270d386b5a71
2492,1246,82944,6a242012867dc8b837e29b1a8324e93d22fc3f743ff363b5f117270d386b5a71
2493,1246,82944,6a242012867dc8b837e29b1a8324e93d22fc3f743ff363b5f117270d386b5a71
2494,1247,82944,6a242012867dc8b837e29b1a8324e93d22fc3f743ff363b5f117270d386b5a71
2495,1247,82944,6a242012867dc8b837e29b1a8324e93d22fc3f743ff363b5f117270d386b5a71
2496,1248,82944,6a242012867dc8b837e29b1a8324e93d22fc3f743ff363b5f117270d386b5a71
2497,1248,82944,6a242012867dc8b837e29b1a8324e93d22fc3f743ff363b5f117270d386b5a71
2498,1249,82944,6a242012867dc8b837e29b1a8324e93d22fc3f743ff363b5f117270d386b5a71
2499,1249,82944,6a242012867dc8b837e29b1a8324e93d22fc3f743ff363b5f117270d386b5a71
2500,1250,82944,6a242012867dc8b837e29b1a8324e93d22fc3f743ff363b5f117270d386b5a71
2501,1250,82944,6a242012867dc8b837e29b1a8324e93d22fc3f743ff363b5f117270d386b5a71
2502,1251,82944,6a242012867dc8b837e29b1a8324e93d22fc3f743ff363b5f117270d386b5a71
2503,1251,82944,6a242012867dc8b837e29b1a8324e93d22fc3f743ff363b5f117270d386b5a71
2504,1252,82944,6a242012867dc8b837e29b1a8324e93d22fc3f743ff363b5f117270d386b5a71
2505,1252,82944,6a242012867dc8b837e29b1a8324e93d22fc3f743ff363b5f117270d386b5a71
2506,1253,82944,6a242012867dc8b837e29b1a8324e93d22fc3f743ff363b5f117270d386b5a71
2507,1253,82944,6a242012867dc8b837e29b1a8324e93d22fc3f743ff363b5f117270d386b5a71
2508,1254,82944,6a242012867dc8b837e29b1a8324e93d22fc3f743ff363b5f117270d386b5a71
2509,1254,82944,6a242012867dc8b837e29b1a8324e93d22fc3f743ff363b5f117270d386b5a71
2510,1255,82944,6a242012867dc8b837e29b1a8324e93d22fc3f743ff363b5f117270d386b5a71
2511,1255,82944,6a242012867dc8b837e29b1a8324e93d22fc3f743ff363b5f117270d386b5a71
2512,1256,82944,6a242012867dc8b837e29b1a8324e93d22fc3f743ff363b5f117270d386b5a71
2513,1256,82944,6a242012867dc8b837e29b1a8324e93d22fc3f743ff363b5f117270d386b5a71
2514,1257,82944,6a242012867dc8b837e29b1a8324e93d22fc3f743ff363b5f117270d386b5a71
2515,1257,82944,6a242012867dc8b837e29b1a8324e93d22fc3f743ff363b5f117270d386b5a71
2516,1258,82944,6a242012867dc8b837e29b1a8324e93d22fc3f743ff363b5f117270d386b5a71
2517,1258,82944,6a242012867dc8b837e29b1a8324e93d22fc3f743ff363b5f117270d386b5a71
2518,1259,82944,6a242012867dc8b837e29b1a8324e93d22fc3f743ff363b5f117270d386b5a71
2519,1259,82944,6a242012867dc8b837e29b1a8324e93d22fc3f743ff363b5f117270d386b5a71
2520,1260,82944,6a242012867dc8b837e29b1a8324e93d22fc3f743ff363b5f117270d386b5a71
2521,1260,82944,6a242012867dc8b837e29b1a8324e93d22fc3f743ff363b5f117270d386b5a71
2522,1261,82944,6a242012867dc8b837e29b1a8324e93d22fc3f743ff363b5f117270d386b5a71
2523,1261,82944,6a242012867dc8b837e29b1a8324e93d22fc3f743ff363b5f117270d386b5a71
2524,1262,82944,6a242012867dc8b837e29b1a8324e93d22fc3f743ff363b5f117270d386b5a71
2525,1262,82944,6a242012867dc8b837e29b1a8324e93d22fc3f743ff363b5f117270d386b5a71
2526,1263,82944,6a242012867dc8b837e29b1a8324e93d22fc3f743ff363b5f117270d386b5a71
2527,1263,82944,6a242012867dc8b837e29b1a8324e93d22fc3f743ff363b5f117270d386b5a71
2528,1264,82944,6a242012867dc8b837e29b1a8324e93d22fc3f743ff363b5f117270d386b5a71
2529,1264,82944,6a242012867dc8b837e29b1a8324e93d22fc3f743ff363b5f117270d386b5a71
2530,1265,82944,6a242012867dc8b837e29b1a8324e93d22fc3f743ff363b5f117270d386b5a71
2531,1265,82944,6a242012867dc8b837e29b1a8324e93d22fc3f743ff363b5f117270d386b5a71
2532,1266,82944,6a242012867dc8b837e29b1a8324e93d22fc3f743ff363b5f117270d386b5a71
2533,1266,82944,6a242012867dc8b837e29b1a8324e93d22fc3f743ff363b5f117270d386b5a71
2534,1267,82944,6a242012867dc8b837e29b1a8324e93d22fc3f743ff363b5f117270d386b5a71
2535,1267,82944,6a242012867dc8b837e29b1a8324e93d22fc3f743ff363b5f117270d386b5a71
2536,1268,82944,6a242012867dc8b837e29b1a8324e93d22fc3f743ff363b5f117270d386b5a71
2537,1268,82944,6a242012867dc8b837e29b1a8324e93d22fc3f743ff363b5f117270d386b5a71
2538,1269,82944,6a242012867dc8b837e29b1a8324e93d22fc3f743ff363b5f117270d386b5a71
2539,1269,82944,6a242012867dc8b837e29b1a8324e93d22fc3f743ff363b5f117270d386b5a71
2540,1270,82944,6a242012867dc8b837e29b1a8324e93d22fc3f743ff363b5f117270d386b5a71
2541,1270,82944,6a242012867dc8b837e29b1a8324e93d22fc3f743ff363b5f117270d386b5a71
2542,1271,82944,6a242012867dc8b837e29b1a8324e93d22fc3f743ff363b5f117270d386b5a71
2543,1271,82944,6a242012867dc8b837e29b1a8324e93d22fc3f743ff363b5f117270d386b5a71
2544,1272,82944,6a242012867dc8b837e29b1a8324e93d22fc3f743ff363b5f117270d386b5a71
2545,1272,82944,6a242012867dc8b837e29b1a8324e93d22fc3f743ff363b5f117270d386b5a71
2546,1273,82944,6a242012867dc8b837e29b1a8324e93d22fc3f743ff363b5f117270d386b5a71
2547,1273,82944,6a242012867dc8b837e29b1a8324e93d22fc3f743ff363b5f117270d386b5a71
2548,1274,82944,6a242012867dc8b837e29b1a8324e93d22fc3f743ff363b5f117270d386b5a71
2549,1274,82944,6a242012867dc8b837e29b1a8324e93d22fc3f743ff363b5f117270d386b5a71
2550,1275,82944,6a242012867dc8b837e29b1a8324e93d22fc3f743ff363b5f117270d386b5a71
2551,1275,82944,6a242012867dc8b837e29b1a8324e93d22fc3f743ff363b5f117270d386b5a71
2552,1276,82944,6a242012867dc8b837e29b1a8324e93d22fc3f743ff363b5f117270d386b5a71
2553,1276,82944,6a242012867dc8b837e29b1a8324e93d22fc3f743ff363b5f117270d386b5a71
2554,1277,82944,6a242012867dc8b837e29b1a8324e93d22fc3f743ff363b5f117270d386b5a71
2555,1277,82944,6a242012867dc8b837e29b1a8324e93d22fc3f743ff363b5f117270d386b5a71
2556,1278,82944,6a242012867dc8b837e29b1a8324e93d22fc3f743ff363b5f117270d386b5a71
2557,1278,82944,6a242012867dc8b837e29b1a8324e93d22fc3f743ff363b5f117270d386b5a71
2558,1279,82944,6a242012867dc8b837e29b1a8324e93d22fc3f743ff363b5f117270d386b5a71
2559,1279,82944,6a242012867dc8b837e29b1a8324e93d22fc3f743ff363b5f117270d386b5a71
2560,1280,82944,6a242012867dc8b837e29b1a8324e93d22fc3f743ff363b5f117270d386b5a71
2561,1280,82944,6a242012867dc8b837e29b1a8324e93d22fc3f743ff363b5f117270d386b5a71
2562,1281,82944,6a242012867dc8b837e29b1a8324e93d22fc3f743ff363b5f117270d386b5a71
2563,1281,82944,6a242012867dc8b837e29b1a8324e93d22fc3f743ff363b5f117270d386b5a71
2564,1282,82944,6a242012867dc8b837e29b1a8324e93d22fc3f743ff363b5f117270d386b5a71
2565,1282,82944,6a242012867dc8b837e29b1a8324e93d22fc3f743ff363b5f117270d386b5a71
2566,1283,82944,6a242012867dc8b837e29b1a8324e93d22fc3f743ff363b5f117270d386b5a71
2567,1283,82944,6a242012867dc8b837e29b1a8324e93d22fc3f743ff363b5f117270d386b5a71
2568,1284,82944,6a242012867dc8b837e29b1a8324e93d22fc3f743ff363b5f117270d386b5a71
2569,1284,82944,6a242012867dc8b837e29b1a8324e93d22fc3f743ff363b5f117270d386b5a71
2570,1285,82944,6a242012867dc8b837e29b1a8324e93d22fc3f743ff363b5f117270d386b5a71
2571,1285,82944,6a242012867dc8b837e29b1a8324e93d22fc3f743ff363b5f117270d386b5a71
2572,1286,82944,6a242012867dc8b837e29b1a8324e93d22fc3f743ff363b5f117270d386b5a71
2573,1286,82944,6a242012867dc8b837e29b1a8324e93d22fc3f743ff363b5f117270d386b5a71
2574,1287,82944,6a242012867dc8b837e29b1a8324e93d22fc3f743ff363b5f117270d386b5a71
2575,1287,82944,6a242012867dc8b837e29b1a8324e93d22fc3f743ff363b5f117270d386b5a71
2576,1288,82944,6a242012867dc8b837e29b1a8324e93d22fc3f743ff363b5f117270d386b5a71
2577,1288,82944,6a242012867dc8b837e29b1a8324e93d22fc3f743ff363b5f117270d386b5a71
2578,1289,82944,6a242012867dc8b837e29b1a8324e93d22fc3f743ff363b5f117270d386b5a71
2579,1289,82944,6a242012867dc8b837e29b1a8324e93d22fc3f743ff363b5f117270d386b5a71
2580,1290,82944,6a242012867dc8b837e29b1a8324e93d22fc3f743ff363b5f117270d386b5a71
2581,1290,82944,6a242012867dc8b837e29b1a8324e93d22fc3f743ff363b5f117270d386b5a71
2582,1291,82944,6a242012867dc8b837e29b1a8324e93d22fc3f743ff363b5f117270d386b5a71
2583,1291,82944,6a242012867dc8b837e29b1a8324e93d22fc3f743ff363b5f117270d386b5a71
2584,1292,82944,6a242012867dc8b837e29b1a8324e93d22fc3f743ff363b5f117270d386b5a71
2585,1292,82944,6a242012867dc8b837e29b1a8324e93d22fc3f743ff363b5f117270d386b5a71
2586,1293,82944,6a242012867dc8b837e29b1a8324e93d22fc3f743ff363b5f117270d386b5a71
2587,1293,82944,6a242012867dc8b837e29b1a8324e93d22fc3f743ff363b5f117270d386b5a71
2588,1294,82944,6a242012867dc8b837e29b1a8324e93d22fc3f743ff363b5f117270d386b5a71
2589,1294,82944,6a242012867dc8b837e29b1a8324e93d22fc3f743ff363b5f117270d386b5a71
2590,1295,82944,6a242012867dc8b837e29b1a8324e93d22fc3f743ff363b5f117270d386b5a71
2591,1295,82944,6a242012867dc8b837e29b1a8324e93d22fc3f743ff363b5f117270d386b5a71
2592,1296,82944,6a242012867dc8b837e29b1a8324e93d22fc3f743ff363b5f117270d386b5a71
2593,1296,82944,6a242012867dc8b837e29b1a8324e93d22fc3f743ff363b5f117270d386b5a71
2594,1297,82944,6a242012867dc8b837e29b1a8324e93d22fc3f743ff363b5f117270d386b5a71
2595,1297,82944,6a242012867dc8b837e29b1a8324e93d22fc3f743ff363b5f117270d386b5a71
2596,1298,82944,6a242012867dc8b837e29b1a8324e93d22fc3f743ff363b5f117270d386b5a71
2597,1298,82944,6a242012867dc8b837e29b1a8324e93d22fc3f743ff363b5f117270d386b5a71
2598,1299,82944,6a242012867dc8b837e29b1a8324e93d22fc3f743ff363b5f117270d386b5a71
2599,1299,82944,6a242012867dc8b837e29b1a8324e93d22fc3f743ff363b5f117270d386b5a71
2600,1300,82944,6a242012867dc8b837e29b1a8324e93d22fc3f743ff363b5f117270d386b5a71
2601,1300,82944,6a242012867dc8b837e29b1a8324e93d22fc3f743ff363b5f117270d386b5a71
2602,1301,82944,6a242012867dc8b837e29b1a8324e93d22fc3f743ff363b5f117270d386b5a71
2603,1301,82944,6a242012867dc8b837e29b1a8324e93d22fc3f743ff363b5f117270d386b5a71
2604,1302,82944,6a242012867dc8b837e29b1a8324e93d22fc3f743ff363b5f117270d386b5a71
2605,1302,82944,6a242012867dc8b837e29b1a8324e93d22fc3f743ff363b5f117270d386b5a71
2606,1303,82944,6a242012867dc8b837e29b1a8324e93d22fc3f743ff363b5f117270d386b5a71
2607,1303,82944,6a242012867dc8b837e29b1a8324e93d22fc3f743ff363b5f117270d386b5a71
2608,1304,82944,6a242012867dc8b837e29b1a8324e93d22fc3f743ff363b5f117270d386b5a71
2609,1304,82944,6a242012867dc8b837e29b1a8324e93d22fc3f743ff363b5f117270d386b5a71
2610,1305,82944,6a242012867dc8b837e29b1a8324e93d22fc3f743ff363b5f117270d386b5a71
2611,1305,82944,6a242012867dc8b837e29b1a8324e93d22fc3f743ff363b5f117270d386b5a71
2612,1306,82944,6a242012867dc8b837e29b1a8324e93d22fc3f743ff363b5f117270d386b5a71
2613,1306,82944,6a242012867dc8b837e29b1a8324e93d22fc3f743ff363b5f117270d386b5a71
2614,1307,82944,6a242012867dc8b837e29b1a8324e93d22fc3f743ff363b5f117270d386b5a71
2615,1307,82944,6a242012867dc8b837e29b1a8324e93d22fc3f743ff363b5f117270d386b5a71
2616,1308,82944,6a242012867dc8b837e29b1a8324e93d22fc3f743ff363b5f117270d386b5a71
2617,1308,82944,6a242012867dc8b837e29b1a8324e93d22fc3f743ff363b5f117270d386b5a71
2618,1309,82944,6a242012867dc8b837e29b1a8324e93d22fc3f743ff363b5f117270d386b5a71
2619,1309,82944,6a242012867dc8b837e29b1a8324e93d22fc3f743ff363b5f117270d386b5a71
2620,1310,82944,6a242012867dc8b837e29b1a8324e93d22fc3f743ff363b5f117270d386b5a71
2621,1310,82944,6a242012867dc8b837e29b1a8324e93d22fc3f743ff363b5f117270d386b5a71
2622,1311,82944,6a242012867dc8b837e29b1a8324e93d22fc3f743ff363b5f117270d386b5a71
2623,1311,82944,6a242012867dc8b837e29b1a8324e93d22fc3f743ff363b5f117270d386b5a71
2624,1312,82944,6a242012867dc8b837e29b1a8324e93d22fc3f743ff363b5f117270d386b5a71
2625,1312,82944,6a242012867dc8b837e29b1a8324e93d22fc3f743ff363b5f117270d386b5a71
2626,1313,82944,6a242012867dc8b837e29b1a8324e93d22fc3f743ff363b5f117270d386b5a71
2627,1313,82944,6a242012867dc8b837e29b1a8324e93d22fc3f743ff363b5f117270d386b5a71
2628,1314,82944,6a242012867dc8b837e29b1a8324e93d22fc3f743ff363b5f117270d386b5a71
2629,1314,82944,6a242012867dc8b837e29b1a8324e93d22fc3f743ff363b5f117270d386b5a71
2630,1315,82944,6a242012867dc8b837e29b1a8324e93d22fc3f743ff363b5f117270d386b5a71
2631,1315,82944,6a242012867dc8b837e29b1a8324e93d22fc3f743ff363b5f117270d386b5a71
2632,1316,82944,6a242012867dc8b837e29b1a8324e93d22fc3f743ff363b5f117270d386b5a71
2633,1316,82944,6a242012867dc8b837e29b1a8324e93d22fc3f743ff363b5f117270d386b5a71
2634,1317,82944,6a242012867dc8b837e29b1a8324e93d22fc3f743ff363b5f117270d386b5a71
2635,1317,82944,6a242012867dc8b837e29b1a8324e93d22fc3f743ff363b5f117270d386b5a71
2636,1318,82944,6a242012867dc8b837e29b1a8324e93d22fc3f743ff363b5f117270d386b5a71
2637,1318,82944,6a242012867dc8b837e29b1a8324e93d22fc3f743ff363b5f117270d386b5a71
2638,1319,82944,6a242012867dc8b837e29b1a8324e93d22fc3f743ff363b5f117270d386b5a71
2639,1319,82944,6a242012867dc8b837e29b1a8324e93d22fc3f743ff363b5f117270d386b5a71
2640,1320,82944,6a242012867dc8b837e29b1a8324e93d22fc3f743ff363b5f117270d386b5a71
2641,1320,82944,6a242012867dc8b837e29b1a8324e93d22fc3f743ff363b5f117270d386b5a71
2642,1321,82944,6a242012867dc8b837e29b1a8324e93d22fc3f743ff363b5f117270d386b5a71
2643,1321,82944,6a242012867dc8b837e29b1a8324e93d22fc3f743ff363b5f117270d386b5a71
2644,1322,82944,6a242012867dc8b837e29b1a8324e93d22fc3f743ff363b5f117270d386b5a71
2645,1322,82944,6a242012867dc8b837e29b1a8324e93d22fc3f743ff363b5f117270d386b5a71
2646,1323,82944,6a242012867dc8b837e29b1a8324e93d22fc3f743ff363b5f117270d386b5a71
2647,1323,82944,6a242012867dc8b837e29b1a8324e93d22fc3f743ff363b5f117270d386b5a71
2648,1324,82944,6a242012867dc8b837e29b1a8324e93d22fc3f743ff363b5f117270d386b5a71
2649,1324,82944,6a242012867dc8b837e29b1a8324e93d22fc3f743ff363b5f117270d386b5a71
2650,1325,82944,6a242012867dc8b837e29b1a8324e93d22fc3f743ff363b5f117270d386b5a71
2651,1325,82944,6a242012867dc8b837e29b1a8324e93d22fc3f743ff363b5f117270d386b5a71
2652,1326,82944,6a242012867dc8b837e29b1a8324e93d22fc3f743ff363b5f117270d386b5a71
2653,1326,82944,6a242012867dc8b837e29b1a8324e93d22fc3f743ff363b5f117270d386b5a71
2654,1327,82944,6a242012867dc8b837e29b1a8324e93d22fc3f743ff363b5f117270d386b5a71
2655,1327,82944,6a242012867dc8b837e29b1a8324e93d22fc3f743ff363b5f117270d386b5a71
2656,1328,82944,6a242012867dc8b837e29b1a8324e93d22fc3f743ff363b5f117270d386b5a71
2657,1328,82944,6a242012867dc8b837e29b1a8324e93d22fc3f743ff363b5f117270d386b5a71
2658,1329,82944,6a242012867dc8b837e29b1a8324e93d22fc3f743ff363b5f117270d386b5a71
2659,1329,82944,6a242012867dc8b837e29b1a8324e93d22fc3f743ff363b5f117270d386b5a71
2660,1330,82944,6a242012867dc8b837e29b1a8324e93d22fc3f743ff363b5f117270d386b5a71
2661,1330,82944,6a242012867dc8b837e29b1a8324e93d22fc3f743ff363b5f117270d386b5a71
2662,1331,82944,6a242012867dc8b837e29b1a8324e93d22fc3f743ff363b5f117270d386b5a71
2663,1331,82944,6a242012867dc8b837e29b1a8324e93d22fc3f743ff363b5f117270d386b5a71
2664,1332,82944,6a242012867dc8b837e29b1a8324e93d22fc3f743ff363b5f117270d386b5a71
2665,1332,82944,6a242012867dc8b837e29b1a8324e93d22fc3f743ff363b5f117270d386b5a71
2666,1333,82944,6a242012867dc8b837e29b1a8324e93d22fc3f743ff363b5f117270d386b5a71
2667,1333,82944,6a242012867dc8b837e29b1a8324e93d22fc3f743ff363b5f117270d386b5a71
2668,1334,82944,6a242012867dc8b837e29b1a8324e93d22fc3f743ff363b5f117270d386b5a71
2669,1334,82944,6a242012867dc8b837e29b1a8324e93d22fc3f743ff363b5f117270d386b5a71
2670,1335,82944,6a242012867dc8b837e29b1a8324e93d22fc3f743ff363b5f117270d386b5a71
2671,1335,82944,6a242012867dc8b837e29b1a8324e93d22fc3f743ff363b5f117270d386b5a71
2672,1336,82944,6a242012867dc8b837e29b1a8324e93d22fc3f743ff363b5f117270d386b5a71
2673,1336,82944,6a242012867dc8b837e29b1a8324e93d22fc3f743ff363b5f117270d386b5a71
2674,1337,82944,6a242012867dc8b837e29b1a8324e93d22fc3f743ff363b5f117270d386b5a71
2675,1337,82944,6a242012867dc8b837e29b1a8324e93d22fc3f743ff363b5f117270d386b5a71
2676,1338,82944,6a242012867dc8b837e29b1a8324e93d22fc3f743ff363b5f117270d386b5a71
2677,1338,82944,6a242012867dc8b837e29b1a8324e93d22fc3f743ff363b5f117270d386b5a71
2678,1339,82944,6a242012867dc8b837e29b1a8324e93d22fc3f743ff363b5f117270d386b5a71
2679,1339,82944,6a242012867dc8b837e29b1a8324e93d22fc3f743ff363b5f117270d386b5a71
2680,1340,82944,6a242012867dc8b837e29b1a8324e93d22fc3f743ff363b5f117270d386b5a71
2681,1340,82944,6a242012867dc8b837e29b1a8324e93d22fc3f743ff363b5f117270d386b5a71
2682,1341,82944,6a242012867dc8b837e29b1a8324e93d22fc3f743ff363b5f117270d386b5a71
2683,1341,82944,6a242012867dc8b837e29b1a8324e93d22fc3f743ff363b5f117270d386b5a71
2684,1342,82944,6a242012867dc8b837e29b1a8324e93d22fc3f743ff363b5f117270d386b5a71
2685,1342,82944,6a242012867dc8b837e29b1a8324e93d22fc3f743ff363b5f117270d386b5a71
2686,1343,82944,6a242012867dc8b837e29b1a8324e93d22fc3f743ff363b5f117270d386b5a71
2687,1343,82944,6a242012867dc8b837e29b1a8324e93d22fc3f743ff363b5f117270d386b5a71
2688,1344,82944,6a242012867dc8b837e29b1a8324e93d22fc3f743ff363b5f117270d386b5a71
2689,1344,82944,6a242012867dc8b837e29b1a8324e93d22fc3f743ff363b5f117270d386b5a71
2690,1345,82944,6a242012867dc8b837e29b1a8324e93d22fc3f743ff363b5f117270d386b5a71
2691,1345,82944,6a242012867dc8b837e29b1a8324e93d22fc3f743ff363b5f117270d386b5a71
2692,1346,82944,6a242012867dc8b837e29b1a8324e93d22fc3f743ff363b5f117270d386b5a71
2693,1346,82944,6a242012867dc8b837e29b1a8324e93d22fc3f743ff363b5f117270d386b5a71
2694,1347,82944,6a242012867dc8b837e29b1a8324e93d22fc3f743ff363b5f117270d386b5a71
2695,1347,82944,6a242012867dc8b837e29b1a8324e93d22fc3f743ff363b5f117270d386b5a71
2696,1348,82944,6a242012867dc8b837e29b1a8324e93d22fc3f743ff363b5f117270d386b5a71
2697,1348,82944,6a242012867dc8b837e29b1a8324e93d22fc3f743ff363b5f117270d386b5a71
2698,1349,82944,6a242012867dc8b837e29b1a8324e93d22fc3f743ff363b5f117270d386b5a71
2699,1349,82944,6a242012867dc8b837e29b1a8324e93d22fc3f743ff363b5f117270d386b5a71
2700,1350,82944,6a242012867dc8b837e29b1a8324e93d22fc3f743ff363b5f117270d386b5a71
2701,1350,82944,6a242012867dc8b837e29b1a8324e93d22fc3f743ff363b5f117270d386b5a71
2702,1351,82944,6a242012867dc8b837e29b1a8324e93d22fc3f743ff363b5f117270d386b5a71
2703,1351,82944,6a242012867dc8b837e29b1a8324e93d22fc3f743ff363b5f117270d386b5a71
2704,1352,82944,6a242012867dc8b837e29b1a8324e93d22fc3f743ff363b5f117270d386b5a71
2705,1352,82944,6a242012867dc8b837e29b1a8324e93d22fc3f743ff363b5f117270d386b5a71
2706,1353,82944,6a242012867dc8b837e29b1a8324e93d22fc3f743ff363b5f117270d386b5a71
2707,1353,82944,6a242012867dc8b837e29b1a8324e93d22fc3f743ff363b5f117270d386b5a71
2708,1354,82944,6a242012867dc8b837e29b1a8324e93d22fc3f743ff363b5f117270d386b5a71
2709,1354,82944,6a242012867dc8b837e29b1a8324e93d22fc3f743ff363b5f117270d386b5a71
2710,1355,82944,6a242012867dc8b837e29b1a8324e93d22fc3f743ff363b5f117270d386b5a71
2711,1355,82944,6a242012867dc8b837e29b1a8324e93d22fc3f743ff363b5f117270d386b5a71
2712,1356,82944,6a242012867dc8b837e29b1a8324e93d22fc3f743ff363b5f117270d386b5a71
2713,1356,82944,6a242012867dc8b837e29b1a8324e93d22fc3f743ff363b5f117270d386b5a71
2714,1357,82944,6a242012867dc8b837e29b1a8324e93d22fc3f743ff363b5f117270d386b5a71
2715,1357,82944,6a242012867dc8b837e29b1a8324e93d22fc3f743ff363b5f117270d386b5a71
2716,1358,82944,6a242012867dc8b837e29b1a8324e93d22fc3f743ff363b5f117270d386b5a71
2717,1358,82944,6a242012867dc8b837e29b1a8324e93d22fc3f743ff363b5f117270d386b5a71
2718,1359,82944,6a242012867dc8b837e29b1a8324e93d22fc3f743ff363b5f117270d386b5a71
2719,1359,82944,6a242012867dc8b837e29b1a8324e93d22fc3f743ff363b5f117270d386b5a71
2720,1360,82944,6a242012867dc8b837e29b1a8324e93d22fc3f743ff363b5f117270d386b5a71
2721,1360,82944,6a242012867dc8b837e29b1a8324e93d22fc3f743ff363b5f117270d386b5a71
2722,1361,82944,6a242012867dc8b837e29b1a8324e93d22fc3f743ff363b5f117270d386b5a71
2723,1361,82944,6a242012867dc8b837e29b1a8324e93d22fc3f743ff363b5f117270d386b5a71
2724,1362,82944,6a242012867dc8b837e29b1a8324e93d22fc3f743ff363b5f117270d386b5a71
2725,1362,82944,6a242012867dc8b837e29b1a8324e93d22fc3f743ff363b5f117270d386b5a71
2726,1363,82944,6a242012867dc8b837e29b1a8324e93d22fc3f743ff363b5f117270d386b5a71
2727,1363,82944,6a242012867dc8b837e29b1a8324e93d22fc3f743ff363b5f117270d386b5a71
2728,1364,82944,6a242012867dc8b837e29b1a8324e93d22fc3f743ff363b5f117270d386b5a71
2729,1364,82944,6a242012867dc8b837e29b1a8324e93d22fc3f743ff363b5f117270d386b5a71
2730,1365,82944,6a242012867dc8b837e29b1a8324e93d22fc3f743ff363b5f117270d386b5a71
2731,1365,82944,6a242012867dc8b837e29b1a8324e93d22fc3f743ff363b5f117270d386b5a71
2732,1366,82944,6a242012867dc8b837e29b1a8324e93d22fc3f743ff363b5f117270d386b5a71
2733,1366,82944,6a242012867dc8b837e29b1a8324e93d22fc3f743ff363b5f117270d386b5a71
2734,1367,82944,6a242012867dc8b837e29b1a8324e93d22fc3f743ff363b5f117270d386b5a71
2735,1367,82944,6a242012867dc8b837e29b1a8324e93d22fc3f743ff363b5f117270d386b5a71
2736,1368,82944,6a242012867dc8b837e29b1a8324e93d22fc3f743ff363b5f117270d386b5a71
2737,1368,82944,6a242012867dc8b837e29b1a8324e93d22fc3f743ff363b5f117270d386b5a71
2738,1369,82944,6a242012867dc8b837e29b1a8324e93d22fc3f743ff363b5f117270d386b5a71
2739,1369,82944,6a242012867dc8b837e29b1a8324e93d22fc3f743ff363b5f117270d386b5a71
2740,1370,82944,6a242012867dc8b837e29b1a8324e93d22fc3f743ff363b5f117270d386b5a71
2741,1370,82944,6a242012867dc8b837e29b1a8324e93d22fc3f743ff363b5f117270d386b5a71
2742,1371,82944,6a242012867dc8b837e29b1a8324e93d22fc3f743ff363b5f117270d386b5a71
2743,1371,82944,6a242012867dc8b837e29b1a8324e93d22fc3f743ff363b5f117270d386b5a71
2744,1372,82944,6a242012867dc8b837e29b1a8324e93d22fc3f743ff363b5f117270d386b5a71
2745,1372,82944,6a242012867dc8b837e29b1a8324e93d22fc3f743ff363b5f117270d386b5a71
2746,1373,82944,6a242012867dc8b837e29b1a8324e93d22fc3f743ff363b5f117270d386b5a71
2747,1373,82944,6a242012867dc8b837e29b1a8324e93d22fc3f743ff363b5f117270d386b5a71
2748,1374,82944,6a242012867dc8b837e29b1a8324e93d22fc3f743ff363b5f117270d386b5a71
2749,1374,82944,6a242012867dc8b837e29b1a8324e93d22fc3f743ff363b5f117270d386b5a71
2750,1375,82944,6a242012867dc8b837e29b1a8324e93d22fc3f743ff363b5f117270d386b5a71
2751,1375,82944,6a242012867dc8b837e29b1a8324e93d22fc3f743ff363b5f117270d386b5a71
2752,1376,82944,6a242012867dc8b837e29b1a8324e93d22fc3f743ff363b5f117270d386b5a71
2753,1376,82944,6a242012867dc8b837e29b1a8324e93d22fc3f743ff363b5f117270d386b5a71
2754,1377,82944,6a242012867dc8b837e29b1a8324e93d22fc3f743ff363b5f117270d386b5a71
2755,1377,82944,6a242012867dc8b837e29b1a8324e93d22fc3f743ff363b5f117270d386b5a71
2756,1378,82944,6a242012867dc8b837e29b1a8324e93d22fc3f743ff363b5f117270d386b5a71
2757,1378,82944,6a242012867dc8b837e29b1a8324e93d22fc3f743ff363b5f117270d386b5a71
2758,1379,82944,6a242012867dc8b837e29b1a8324e93d22fc3f743ff363b5f117270d386b5a71
2759,1379,82944,6a242012867dc8b837e29b1a8324e93d22fc3f743ff363b5f117270d386b5a71
2760,1380,82944,6a242012867dc8b837e29b1a8324e93d22fc3f743ff363b5f117270d386b5a71
2761,1380,82944,6a242012867dc8b837e29b1a8324e93d22fc3f743ff363b5f117270d386b5a71
2762,1381,82944,6a242012867dc8b837e29b1a8324e93d22fc3f743ff363b5f117270d386b5a71
2763,1381,82944,6a242012867dc8b837e29b1a8324e93d22fc3f743ff363b5f117270d386b5a71
2764,1382,82944,6a242012867dc8b837e29b1a8324e93d22fc3f743ff363b5f117270d386b5a71
2765,1382,82944,6a242012867dc8b837e29b1a8324e93d22fc3f743ff363b5f117270d386b5a71
2766,1383,82944,6a242012867dc8b837e29b1a8324e93d22fc3f743ff363b5f117270d386b5a71
2767,1383,82944,6a242012867dc8b837e29b1a8324e93d22fc3f743ff363b5f117270d386b5a71
2768,1384,82944,6a242012867dc8b837e29b1a8324e93d22fc3f743ff363b5f117270d386b5a71
2769,1384,82944,6a242012867dc8b837e29b1a8324e93d22fc3f743ff363b5f117270d386b5a71
2770,1385,82944,6a242012867dc8b837e29b1a8324e93d22fc3f743ff363b5f117270d386b5a71
2771,1385,82944,6a242012867dc8b837e29b1a8324e93d22fc3f743ff363b5f117270d386b5a71
2772,1386,82944,6a242012867dc8b837e29b1a8324e93d22fc3f743ff363b5f117270d386b5a71
2773,1386,82944,6a242012867dc8b837e29b1a8324e93d22fc3f743ff363b5f117270d386b5a71
2774,1387,82944,6a242012867dc8b837e29b1a8324e93d22fc3f743ff363b5f117270d386b5a71
2775,1387,82944,6a242012867dc8b837e29b1a8324e93d22fc3f743ff363b5f117270d386b5a71
2776,1388,82944,6a242012867dc8b837e29b1a8324e93d22fc3f743ff363b5f117270d386b5a71
2777,1388,82944,6a242012867dc8b837e29b1a8324e93d22fc3f743ff363b5f117270d386b5a71
2778,1389,82944,6a242012867dc8b837e29b1a8324e93d22fc3f743ff363b5f117270d386b5a71
2779,1389,82944,6a242012867dc8b837e29b1a8324e93d22fc3f743ff363b5f117270d386b5a71
2780,1390,82944,6a242012867dc8b837e29b1a8324e93d22fc3f743ff363b5f117270d386b5a71
2781,1390,82944,6a242012867dc8b837e29b1a8324e93d22fc3f743ff363b5f117270d386b5a71
2782,1391,82944,6a242012867dc8b837e29b1a8324e93d22fc3f743ff363b5f117270d386b5a71
2783,1391,82944,6a242012867dc8b837e29b1a8324e93d22fc3f743ff363b5f117270d386b5a71
2784,1392,82944,6a242012867dc8b837e29b1a8324e93d22fc3f743ff363b5f117270d386b5a71
2785,1392,82944,6a242012867dc8b837e29b1a8324e93d22fc3f743ff363b5f117270d386b5a71
2786,1393,82944,6a242012867dc8b837e29b1a8324e93d22fc3f743ff363b5f117270d386b5a71
2787,1393,82944,6a242012867dc8b837e29b1a8324e93d22fc3f743ff363b5f117270d386b5a71
2788,1394,82944,6a242012867dc8b837e29b1a8324e93d22fc3f743ff363b5f117270d386b5a71
2789,1394,82944,6a242012867dc8b837e29b1a8324e93d22fc3f743ff363b5f117270d386b5a71
2790,1395,82944,6a242012867dc8b837e29b1a8324e93d22fc3f743ff363b5f117270d386b5a71
2791,1395,82944,6a242012867dc8b837e29b1a8324e93d22fc3f743ff363b5f117270d386b5a71
2792,1396,82944,6a242012867dc8b837e29b1a8324e93d22fc3f743ff363b5f117270d386b5a71
2793,1396,82944,6a242012867dc8b837e29b1a8324e93d22fc3f743ff363b5f117270d386b5a71
2794,1397,82944,6a242012867dc8b837e29b1a8324e93d22fc3f743ff363b5f117270d386b5a71
2795,1397,82944,6a242012867dc8b837e29b1a8324e93d22fc3f743ff363b5f117270d386b5a71
2796,1398,82944,6a242012867dc8b837e29b1a8324e93d22fc3f743ff363b5f117270d386b5a71
2797,1398,82944,6a242012867dc8b837e29b1a8324e93d22fc3f743ff363b5f117270d386b5a71
2798,1399,82944,6a242012867dc8b837e29b1a8324e93d22fc3f743ff363b5f117270d386b5a71
2799,1399,82944,6a242012867dc8b837e29b1a8324e93d22fc3f743ff363b5f117270d386b5a71
2800,1400,82944,6a242012867dc8b837e29b1a8324e93d22fc3f743ff363b5f117270d386b5a71
2801,1400,82944,6a242012867dc8b837e29b1a8324e93d22fc3f743ff363b5f117270d386b5a71
2802,1401,82944,6a242012867dc8b837e29b1a8324e93d22fc3f743ff363b5f117270d386b5a71
2803,1401,82944,6a242012867dc8b837e29b1a8324e93d22fc3f743ff363b5f117270d386b5a71
2804,1402,82944,6a242012867dc8b837e29b1a8324e93d22fc3f743ff363b5f117270d386b5a71
2805,1402,82944,6a242012867dc8b837e29b1a8324e93d22fc3f743ff363b5f117270d386b5a71
2806,1403,82944,6a242012867dc8b837e29b1a8324e93d22fc3f743ff363b5f117270d386b5a71
2807,1403,82944,6a242012867dc8b837e29b1a8324e93d22fc3f743ff363b5f117270d386b5a71
2808,1404,82944,6a242012867dc8b837e29b1a8324e93d22fc3f743ff363b5f117270d386b5a71
2809,1404,82944,6a242012867dc8b837e29b1a8324e93d22fc3f743ff363b5f117270d386b5a71
2810,1405,82944,6a242012867dc8b837e29b1a8324e93d22fc3f743ff363b5f117270d386b5a71
2811,1405,82944,6a242012867dc8b837e29b1a8324e93d22fc3f743ff363b5f117270d386b5a71
2812,1406,82944,6a242012867dc8b837e29b1a8324e93d22fc3f743ff363b5f117270d386b5a71
2813,1406,82944,6a242012867dc8b837e29b1a8324e93d22fc3f743ff363b5f117270d386b5a71
2814,1407,82944,6a242012867dc8b837e29b1a8324e93d22fc3f743ff363b5f117270d386b5a71
2815,1407,82944,6a242012867dc8b837e29b1a8324e93d22fc3f743ff363b5f117270d386b5a71
2816,1408,82944,6a242012867dc8b837e29b1a8324e93d22fc3f743ff363b5f117270d386b5a71
2817,1408,82944,6a242012867dc8b837e29b1a8324e93d22fc3f743ff363b5f117270d386b5a71
2818,1409,82944,6a242012867dc8b837e29b1a8324e93d22fc3f743ff363b5f117270d386b5a71
2819,1409,82944,6a242012867dc8b837e29b1a8324e93d22fc3f743ff363b5f117270d386b5a71
2820,1410,82944,6a242012867dc8b837e29b1a8324e93d22fc3f743ff363b5f117270d386b5a71
2821,1410,82944,6a242012867dc8b837e29b1a8324e93d22fc3f743ff363b5f117270d386b5a71
2822,1411,82944,6a242012867dc8b837e29b1a8324e93d22fc3f743ff363b5f117270d386b5a71
2823,1411,82944,6a242012867dc8b837e29b1a8324e93d22fc3f743ff363b5f117270d386b5a71
2824,1412,82944,6a242012867dc8b837e29b1a8324e93d22fc3f743ff363b5f117270d386b5a71
2825,1412,82944,6a242012867dc8b837e29b1a8324e93d22fc3f743ff363b5f117270d386b5a71
2826,1413,82944,6a242012867dc8b837e29b1a8324e93d22fc3f743ff363b5f117270d386b5a71
2827,1413,82944,6a242012867dc8b837e29b1a8324e93d22fc3f743ff363b5f117270d386b5a71
2828,1414,82944,6a242012867dc8b837e29b1a8324e93d22fc3f743ff363b5f117270d386b5a71
2829,1414,82944,6a242012867dc8b837e29b1a8324e93d22fc3f743ff363b5f117270d386b5a71
2830,1415,82944,6a242012867dc8b837e29b1a8324e93d22fc3f743ff363b5f117270d386b5a71
2831,1415,82944,6a242012867dc8b837e29b1a8324e93d22fc3f743ff363b5f117270d386b5a71
2832,1416,82944,6a242012867dc8b837e29b1a8324e93d22fc3f743ff363b5f117270d386b5a71
2833,1416,82944,6a242012867dc8b837e29b1a8324e93d22fc3f743ff363b5f117270d386b5a71
2834,1417,82944,6a242012867dc8b837e29b1a8324e93d22fc3f743ff363b5f117270d386b5a71
2835,1417,82944,6a242012867dc8b837e29b1a8324e93d22fc3f743ff363b5f117270d386b5a71
2836,1418,82944,6a242012867dc8b837e29b1a8324e93d22fc3f743ff363b5f117270d386b5a71
2837,1418,82944,6a242012867dc8b837e29b1a8324e93d22fc3f743ff363b5f117270d386b5a71
2838,1419,82944,6a242012867dc8b837e29b1a8324e93d22fc3f743ff363b5f117270d386b5a71
2839,1419,82944,6a242012867dc8b837e29b1a8324e93d22fc3f743ff363b5f117270d386b5a71
2840,1420,82944,6a242012867dc8b837e29b1a8324e93d22fc3f743ff363b5f117270d386b5a71
2841,1420,82944,6a242012867dc8b837e29b1a8324e93d22fc3f743ff363b5f117270d386b5a71
2842,1421,82944,6a242012867dc8b837e29b1a8324e93d22fc3f743ff363b5f117270d386b5a71
2843,1421,82944,6a242012867dc8b837e29b1a8324e93d22fc3f743ff363b5f117270d386b5a71
2844,1422,82944,6a242012867dc8b837e29b1a8324e93d22fc3f743ff363b5f117270d386b5a71
2845,1422,82944,6a242012867dc8b837e29b1a8324e93d22fc3f743ff363b5f117270d386b5a71
2846,1423,82944,6a242012867dc8b837e29b1a8324e93d22fc3f743ff363b5f117270d386b5a71
2847,1423,82944,6a242012867dc8b837e29b1a8324e93d22fc3f743ff363b5f117270d386b5a71
2848,1424,82944,6a242012867dc8b837e29b1a8324e93d22fc3f743ff363b5f117270d386b5a71
2849,1424,82944,6a242012867dc8b837e29b1a8324e93d22fc3f743ff363b5f117270d386b5a71
2850,1425,82944,6a242012867dc8b837e29b1a8324e93d22fc3f743ff363b5f117270d386b5a71
2851,1425,82944,6a242012867dc8b837e29b1a8324e93d22fc3f743ff363b5f117270d386b5a71
2852,1426,82944,6a242012867dc8b837e29b1a8324e93d22fc3f743ff363b5f117270d386b5a71
2853,1426,82944,6a242012867dc8b837e29b1a8324e93d22fc3f743ff363b5f117270d386b5a71
2854,1427,82944,6a242012867dc8b837e29b1a8324e93d22fc3f743ff363b5f117270d386b5a71
2855,1427,82944,6a242012867dc8b837e29b1a8324e93d22fc3f743ff363b5f117270d386b5a71
2856,1428,82944,6a242012867dc8b837e29b1a8324e93d22fc3f743ff363b5f117270d386b5a71
2857,1428,82944,6a242012867dc8b837e29b1a8324e93d22fc3f743ff363b5f117270d386b5a71
2858,1429,82944,6a242012867dc8b837e29b1a8324e93d22fc3f743ff363b5f117270d386b5a71
2859,1429,82944,6a242012867dc8b837e29b1a8324e93d22fc3f743ff363b5f117270d386b5a71
2860,1430,82944,6a242012867dc8b837e29b1a8324e93d22fc3f743ff363b5f117270d386b5a71
2861,1430,82944,6a242012867dc8b837e29b1a8324e93d22fc3f743ff363b5f117270d386b5a71
2862,1431,82944,6a242012867dc8b837e29b1a8324e93d22fc3f743ff363b5f117270d386b5a71
2863,1431,82944,6a242012867dc8b837e29b1a8324e93d22fc3f743ff363b5f117270d386b5a71
2864,1432,82944,6a242012867dc8b837e29b1a8324e93d22fc3f743ff363b5f117270d386b5a71
2865,1432,82944,6a242012867dc8b837e29b1a8324e93d22fc3f743ff363b5f117270d386b5a71
2866,1433,82944,6a242012867dc8b837e29b1a8324e93d22fc3f743ff363b5f117270d386b5a71
2867,1433,82944,6a242012867dc8b837e29b1a8324e93d22fc3f743ff363b5f117270d386b5a71
2868,1434,82944,6a242012867dc8b837e29b1a8324e93d22fc3f743ff363b5f117270d386b5a71
2869,1434,82944,6a242012867dc8b837e29b1a8324e93d22fc3f743ff363b5f117270d386b5a71
2870,1435,82944,6a242012867dc8b837e29b1a8324e93d22fc3f743ff363b5f117270d386b5a71
2871,1435,82944,6a242012867dc8b837e29b1a8324e93d22fc3f743ff363b5f117270d386b5a71
2872,1436,82944,6a242012867dc8b837e29b1a8324e93d22fc3f743ff363b5f117270d386b5a71
2873,1436,82944,6a242012867dc8b837e29b1a8324e93d22fc3f743ff363b5f117270d386b5a71
2874,1437,82944,6a242012867dc8b837e29b1a8324e93d22fc3f743ff363b5f117270d386b5a71
2875,1437,82944,6a242012867dc8b837e29b1a8324e93d22fc3f743ff363b5f117270d386b5a71
2876,1438,82944,6a242012867dc8b837e29b1a8324e93d22fc3f743ff363b5f117270d386b5a71
2877,1438,82944,6a242012867dc8b837e29b1a8324e93d22fc3f743ff363b5f117270d386b5a71
2878,1439,82944,6a242012867dc8b837e29b1a8324e93d22fc3f743ff363b5f117270d386b5a71
2879,1439,82944,6a242012867dc8b837e29b1a8324e93d22fc3f743ff363b5f117270d386b5a71
2880,1440,82944,6a242012867dc8b837e29b1a8324e93d22fc3f743ff363b5f117270d386b5a71
2881,1440,82944,6a242012867dc8b837e29b1a8324e93d22fc3f743ff363b5f117270d386b5a71
2882,1441,82944,6a242012867dc8b837e29b1a8324e93d22fc3f743ff363b5f117270d386b5a71
2883,1441,82944,6a242012867dc8b837e29b1a8324e93d22fc3f743ff363b5f117270d386b5a71
2884,1442,82944,6a242012867dc8b837e29b1a8324e93d22fc3f743ff363b5f117270d386b5a71
2885,1442,82944,6a242012867dc8b837e29b1a8324e93d22fc3f743ff363b5f117270d386b5a71
2886,1443,82944,6a242012867dc8b837e29b1a8324e93d22fc3f743ff363b5f117270d386b5a71
2887,1443,82944,6a242012867dc8b837e29b1a8324e93d22fc3f743ff363b5f117270d386b5a71
2888,1444,82944,6a242012867dc8b837e29b1a8324e93d22fc3f743ff363b5f117270d386b5a71
2889,1444,82944,6a242012867dc8b837e29b1a8324e93d22fc3f743ff363b5f117270d386b5a71
2890,1445,82944,6a242012867dc8b837e29b1a8324e93d22fc3f743ff363b5f117270d386b5a71
2891,1445,82944,6a242012867dc8b837e29b1a8324e93d22fc3f743ff363b5f117270d386b5a71
2892,1446,82944,6a242012867dc8b837e29b1a8324e93d22fc3f743ff363b5f117270d386b5a71
2893,1446,82944,6a242012867dc8b837e29b1a8324e93d22fc3f743ff363b5f117270d386b5a71
2894,1447,82944,6a242012867dc8b837e29b1a8324e93d22fc3f743ff363b5f117270d386b5a71
2895,1447,82944,6a242012867dc8b837e29b1a8324e93d22fc3f743ff363b5f117270d386b5a71
2896,1448,82944,6a242012867dc8b837e29b1a8324e93d22fc3f743ff363b5f117270d386b5a71
2897,1448,82944,6a242012867dc8b837e29b1a8324e93d22fc3f743ff363b5f117270d386b5a71
2898,1449,82944,6a242012867dc8b837e29b1a8324e93d22fc3f743ff363b5f117270d386b5a71
2899,1449,82944,6a242012867dc8b837e29b1a8324e93d22fc3f743ff363b5f117270d386b5a71
2900,1450,82944,6a242012867dc8b837e29b1a8324e93d22fc3f743ff363b5f117270d386b5a71
2901,1450,82944,6a242012867dc8b837e29b1a8324e93d22fc3f743ff363b5f117270d386b5a71
2902,1451,82944,6a242012867dc8b837e29b1a8324e93d22fc3f743ff363b5f117270d386b5a71
2903,1451,82944,6a242012867dc8b837e29b1a8324e93d22fc3f743ff363b5f117270d386b5a71
2904,1452,82944,6a242012867dc8b837e29b1a8324e93d22fc3f743ff363b5f117270d386b5a71
2905,1452,82944,6a242012867dc8b837e29b1a8324e93d22fc3f743ff363b5f117270d386b5a71
2906,1453,82944,6a242012867dc8b837e29b1a8324e93d22fc3f743ff363b5f117270d386b5a71
2907,1453,82944,6a242012867dc8b837e29b1a8324e93d22fc3f743ff363b5f117270d386b5a71
2908,1454,82944,6a242012867dc8b837e29b1a8324e93d22fc3f743ff363b5f117270d386b5a71
2909,1454,82944,6a242012867dc8b837e29b1a8324e93d22fc3f743ff363b5f117270d386b5a71
2910,1455,82944,6a242012867dc8b837e29b1a8324e93d22fc3f743ff363b5f117270d386b5a71
2911,1455,82944,6a242012867dc8b837e29b1a8324e93d22fc3f743ff363b5f117270d386b5a71
2912,1456,82944,6a242012867dc8b837e29b1a8324e93d22fc3f743ff363b5f117270d386b5a71
2913,1456,82944,6a242012867dc8b837e29b1a8324e93d22fc3f743ff363b5f117270d386b5a71
2914,1457,82944,6a242012867dc8b837e29b1a8324e93d22fc3f743ff363b5f117270d386b5a71
2915,1457,82944,6a242012867dc8b837e29b1a8324e93d22fc3f743ff363b5f117270d386b5a71
2916,1458,82944,6a242012867dc8b837e29b1a8324e93d22fc3f743ff363b5f117270d386b5a71
2917,1458,82944,6a242012867dc8b837e29b1a8324e93d22fc3f743ff363b5f117270d386b5a71
2918,1459,82944,6a242012867dc8b837e29b1a8324e93d22fc3f743ff363b5f117270d386b5a71
2919,1459,82944,6a242012867dc8b837e29b1a8324e93d22fc3f743ff363b5f117270d386b5a71
2920,1460,82944,6a242012867dc8b837e29b1a8324e93d22fc3f743ff363b5f117270d386b5a71
2921,1460,82944,6a242012867dc8b837e29b1a8324e93d22fc3f743ff363b5f117270d386b5a71
2922,1461,82944,6a242012867dc8b837e29b1a8324e93d22fc3f743ff363b5f117270d386b5a71
2923,1461,82944,6a242012867dc8b837e29b1a8324e93d22fc3f743ff363b5f117270d386b5a71
2924,1462,82944,6a242012867dc8b837e29b1a8324e93d22fc3f743ff363b5f117270d386b5a71
2925,1462,82944,6a242012867dc8b837e29b1a8324e93d22fc3f743ff363b5f117270d386b5a71
2926,1463,82944,6a242012867dc8b837e29b1a8324e93d22fc3f743ff363b5f117270d386b5a71
2927,1463,82944,6a242012867dc8b837e29b1a8324e93d22fc3f743ff363b5f117270d386b5a71
2928,1464,82944,6a242012867dc8b837e29b1a8324e93d22fc3f743ff363b5f117270d386b5a71
2929,1464,82944,6a242012867dc8b837e29b1a8324e93d22fc3f743ff363b5f117270d386b5a71
2930,1465,82944,6a242012867dc8b837e29b1a8324e93d22fc3f743ff363b5f117270d386b5a71
2931,1465,82944,6a242012867dc8b837e29b1a8324e93d22fc3f743ff363b5f117270d386b5a71
2932,1466,82944,6a242012867dc8b837e29b1a8324e93d22fc3f743ff363b5f117270d386b5a71
2933,1466,82944,6a242012867dc8b837e29b1a8324e93d22fc3f743ff363b5f117270d386b5a71
2934,1467,82944,6a242012867dc8b837e29b1a8324e93d22fc3f743ff363b5f117270d386b5a71
2935,1467,82944,6a242012867dc8b837e29b1a8324e93d22fc3f743ff363b5f117270d386b5a71
2936,1468,82944,6a242012867dc8b837e29b1a8324e93d22fc3f743ff363b5f117270d386b5a71
2937,1468,82944,6a242012867dc8b837e29b1a8324e93d22fc3f743ff363b5f117270d386b5a71
2938,1469,82944,6a242012867dc8b837e29b1a8324e93d22fc3f743ff363b5f117270d386b5a71
2939,1469,82944,6a242012867dc8b837e29b1a8324e93d22fc3f743ff363b5f117270d386b5a71
2940,1470,82944,6a242012867dc8b837e29b1a8324e93d22fc3f743ff363b5f117270d386b5a71
2941,1470,82944,6a242012867dc8b837e29b1a8324e93d22fc3f743ff363b5f117270d386b5a71
2942,1471,82944,6a242012867dc8b837e29b1a8324e93d22fc3f743ff363b5f117270d386b5a71
2943,1471,82944,6a242012867dc8b837e29b1a8324e93d22fc3f743ff363b5f117270d386b5a71
2944,1472,82944,6a242012867dc8b837e29b1a8324e93d22fc3f743ff363b5f117270d386b5a71
2945,1472,82944,6a242012867dc8b837e29b1a8324e93d22fc3f743ff363b5f117270d386b5a71
2946,1473,82944,6a242012867dc8b837e29b1a8324e93d22fc3f743ff363b5f117270d386b5a71
2947,1473,82944,6a242012867dc8b837e29b1a8324e93d22fc3f743ff363b5f117270d386b5a71
2948,1474,82944,6a242012867dc8b837e29b1a8324e93d22fc3f743ff363b5f117270d386b5a71
2949,1474,82944,6a242012867dc8b837e29b1a8324e93d22fc3f743ff363b5f117270d386b5a71
2950,1475,82944,6a242012867dc8b837e29b1a8324e93d22fc3f743ff363b5f117270d386b5a71
2951,1475,82944,6a242012867dc8b837e29b1a8324e93d22fc3f743ff363b5f117270d386b5a71
2952,1476,82944,6a242012867dc8b837e29b1a8324e93d22fc3f743ff363b5f117270d386b5a71
2953,1476,82944,6a242012867dc8b837e29b1a8324e93d22fc3f743ff363b5f117270d386b5a71
2954,1477,82944,6a242012867dc8b837e29b1a8324e93d22fc3f743ff363b5f117270d386b5a71
2955,1477,82944,6a242012867dc8b837e29b1a8324e93d22fc3f743ff363b5f117270d386b5a71
2956,1478,82944,6a242012867dc8b837e29b1a8324e93d22fc3f743ff363b5f117270d386b5a71
2957,1478,82944,6a242012867dc8b837e29b1a8324e93d22fc3f743ff363b5f117270d386b5a71
2958,1479,82944,6a242012867dc8b837e29b1a8324e93d22fc3f743ff363b5f117270d386b5a71
2959,1479,82944,6a242012867dc8b837e29b1a8324e93d22fc3f743ff363b5f117270d386b5a71
2960,1480,82944,6a242012867dc8b837e29b1a8324e93d22fc3f743ff363b5f117270d386b5a71
2961,1480,82944,6a242012867dc8b837e29b1a8324e93d22fc3f743ff363b5f117270d386b5a71
2962,1481,82944,6a242012867dc8b837e29b1a8324e93d22fc3f743ff363b5f117270d386b5a71
2963,1481,82944,6a242012867dc8b837e29b1a8324e93d22fc3f743ff363b5f117270d386b5a71
2964,1482,82944,6a242012867dc8b837e29b1a8324e93d22fc3f743ff363b5f117270d386b5a71
2965,1482,82944,6a242012867dc8b837e29b1a8324e93d22fc3f743ff363b5f117270d386b5a71
2966,1483,82944,6a242012867dc8b837e29b1a8324e93d22fc3f743ff363b5f117270d386b5a71
2967,1483,82944,6a242012867dc8b837e29b1a8324e93d22fc3f743ff363b5f117270d386b5a71
2968,1484,82944,6a242012867dc8b837e29b1a8324e93d22fc3f743ff363b5f117270d386b5a71
2969,1484,82944,6a242012867dc8b837e29b1a8324e93d22fc3f743ff363b5f117270d386b5a71
2970,1485,82944,6a242012867dc8b837e29b1a8324e93d22fc3f743ff363b5f117270d386b5a71
2971,1485,82944,6a242012867dc8b837e29b1a8324e93d22fc3f743ff363b5f117270d386b5a71
2972,1486,82944,6a242012867dc8b837e29b1a8324e93d22fc3f743ff363b5f117270d386b5a71
2973,1486,82944,6a242012867dc8b837e29b1a8324e93d22fc3f743ff363b5f117270d386b5a71
2974,1487,82944,6a242012867dc8b837e29b1a8324e93d22fc3f743ff363b5f117270d386b5a71
2975,1487,82944,6a242012867dc8b837e29b1a8324e93d22fc3f743ff363b5f117270d386b5a71
2976,1488,82944,6a242012867dc8b837e29b1a8324e93d22fc3f743ff363b5f117270d386b5a71
2977,1488,82944,6a242012867dc8b837e29b1a8324e93d22fc3f743ff363b5f117270d386b5a71
2978,1489,82944,6a242012867dc8b837e29b1a8324e93d22fc3f743ff363b5f117270d386b5a71
2979,1489,82944,6a242012867dc8b837e29b1a8324e93d22fc3f743ff363b5f117270d386b5a71
2980,1490,82944,6a242012867dc8b837e29b1a8324e93d22fc3f743ff363b5f117270d386b5a71
2981,1490,82944,6a242012867dc8b837e29b1a8324e93d22fc3f743ff363b5f117270d386b5a71
2982,1491,82944,6a242012867dc8b837e29b1a8324e93d22fc3f743ff363b5f117270d386b5a71
2983,1491,82944,6a242012867dc8b837e29b1a8324e93d22fc3f743ff363b5f117270d386b5a71
2984,1492,82944,6a242012867dc8b837e29b1a8324e93d22fc3f743ff363b5f117270d386b5a71
2985,1492,82944,6a242012867dc8b837e29b1a8324e93d22fc3f743ff363b5f117270d386b5a71
2986,1493,82944,6a242012867dc8b837e29b1a8324e93d22fc3f743ff363b5f117270d386b5a71
2987,1493,82944,6a242012867dc8b837e29b1a8324e93d22fc3f743ff363b5f117270d386b5a71
2988,1494,82944,6a242012867dc8b837e29b1a8324e93d22fc3f743ff363b5f117270d386b5a71
2989,1494,82944,6a242012867dc8b837e29b1a8324e93d22fc3f743ff363b5f117270d386b5a71
2990,1495,82944,6a242012867dc8b837e29b1a8324e93d22fc3f743ff363b5f117270d386b5a71
2991,1495,82944,6a242012867dc8b837e29b1a8324e93d22fc3f743ff363b5f117270d386b5a71
2992,1496,82944,6a242012867dc8b837e29b1a8324e93d22fc3f743ff363b5f117270d386b5a71
2993,1496,82944,6a242012867dc8b837e29b1a8324e93d22fc3f743ff363b5f117270d386b5a71
2994,1497,82944,6a242012867dc8b837e29b1a8324e93d22fc3f743ff363b5f117270d386b5a71
2995,1497,82944,6a242012867dc8b837e29b1a8324e93d22fc3f743ff363b5f117270d386b5a71
2996,1498,82944,6a242012867dc8b837e29b1a8324e93d22fc3f743ff363b5f117270d386b5a71
2997,1498,82944,6a242012867dc8b837e29b1a8324e93d22fc3f743ff363b5f117270d386b5a71
2998,1499,82944,6a242012867dc8b837e29b1a8324e93d22fc3f743ff363b5f117270d386b5a71
2999,1499,82944,6a242012867dc8b837e29b1a8324e93d22fc3f743ff363b5f117270d386b5a71
3000,1500,82944,6a242012867dc8b837e29b1a8324e93d22fc3f743ff363b5f117270d386b5a71
3001,1500,82944,6a242012867dc8b837e29b1a8324e93d22fc3f743ff363b5f117270d386b5a71
3002,1501,82944,6a242012867dc8b837e29b1a8324e93d22fc3f743ff363b5f117270d386b5a71
3003,1501,82944,6a242012867dc8b837e29b1a8324e93d22fc3f743ff363b5f117270d386b5a71
3004,1502,82944,6a242012867dc8b837e29b1a8324e93d22fc3f743ff363b5f117270d386b5a71
3005,1502,82944,6a242012867dc8b837e29b1a8324e93d22fc3f743ff363b5f117270d386b5a71
3006,1503,82944,6a242012867dc8b837e29b1a8324e93d22fc3f743ff363b5f117270d386b5a71
3007,1503,82944,6a242012867dc8b837e29b1a8324e93d22fc3f743ff363b5f117270d386b5a71
3008,1504,82944,6a242012867dc8b837e29b1a8324e93d22fc3f743ff363b5f117270d386b5a71
3009,1504,82944,6a242012867dc8b837e29b1a8324e93d22fc3f743ff363b5f117270d386b5a71
3010,1505,82944,6a242012867dc8b837e29b1a8324e93d22fc3f743ff363b5f117270d386b5a71
3011,1505,82944,6a242012867dc8b837e29b1a8324e93d22fc3f743ff363b5f117270d386b5a71
3012,1506,82944,6a242012867dc8b837e29b1a8324e93d22fc3f743ff363b5f117270d386b5a71
3013,1506,82944,6a242012867dc8b837e29b1a8324e93d22fc3f743ff363b5f117270d386b5a71
3014,1507,82944,6a242012867dc8b837e29b1a8324e93d22fc3f743ff363b5f117270d386b5a71
3015,1507,82944,6a242012867dc8b837e29b1a8324e93d22fc3f743ff363b5f117270d386b5a71
3016,1508,82944,6a242012867dc8b837e29b1a8324e93d22fc3f743ff363b5f117270d386b5a71
3017,1508,82944,6a242012867dc8b837e29b1a8324e93d22fc3f743ff363b5f117270d386b5a71
3018,1509,82944,6a242012867dc8b837e29b1a8324e93d22fc3f743ff363b5f117270d386b5a71
3019,1509,82944,6a242012867dc8b837e29b1a8324e93d22fc3f743ff363b5f117270d386b5a71
3020,1510,82944,6a242012867dc8b837e29b1a8324e93d22fc3f743ff363b5f117270d386b5a71
3021,1510,82944,6a242012867dc8b837e29b1a8324e93d22fc3f743ff363b5f117270d386b5a71
3022,1511,82944,6a242012867dc8b837e29b1a8324e93d22fc3f743ff363b5f117270d386b5a71
3023,1511,82944,6a242012867dc8b837e29b1a8324e93d22fc3f743ff363b5f117270d386b5a71
3024,1512,82944,6a242012867dc8b837e29b1a8324e93d22fc3f743ff363b5f117270d386b5a71
3025,1512,82944,6a242012867dc8b837e29b1a8324e93d22fc3f743ff363b5f117270d386b5a71
3026,1513,82944,6a242012867dc8b837e29b1a8324e93d22fc3f743ff363b5f117270d386b5a71
3027,1513,82944,6a242012867dc8b837e29b1a8324e93d22fc3f743ff363b5f117270d386b5a71
3028,1514,82944,6a242012867dc8b837e29b1a8324e93d22fc3f743ff363b5f117270d386b5a71
3029,1514,82944,6a242012867dc8b837e29b1a8324e93d22fc3f743ff363b5f117270d386b5a71
3030,1515,82944,6a242012867dc8b837e29b1a8324e93d22fc3f743ff363b5f117270d386b5a71
3031,1515,82944,6a242012867dc8b837e29b1a8324e93d22fc3f743ff363b5f117270d386b5a71
3032,1516,82944,6a242012867dc8b837e29b1a8324e93d22fc3f743ff363b5f117270d386b5a71
3033,1516,82944,6a242012867dc8b837e29b1a8324e93d22fc3f743ff363b5f117270d386b5a71
3034,1517,82944,6a242012867dc8b837e29b1a8324e93d22fc3f743ff363b5f117270d386b5a71
3035,1517,82944,6a242012867dc8b837e29b1a8324e93d22fc3f743ff363b5f117270d386b5a71
3036,1518,82944,6a242012867dc8b837e29b1a8324e93d22fc3f743ff363b5f117270d386b5a71
3037,1518,82944,6a242012867dc8b837e29b1a8324e93d22fc3f743ff363b5f117270d386b5a71
3038,1519,82944,6a242012867dc8b837e29b1a8324e93d22fc3f743ff363b5f117270d386b5a71
3039,1519,82944,6a242012867dc8b837e29b1a8324e93d22fc3f743ff363b5f117270d386b5a71
3040,1520,82944,6a242012867dc8b837e29b1a8324e93d22fc3f743ff363b5f117270d386b5a71
3041,1520,82944,6a242012867dc8b837e29b1a8324e93d22fc3f743ff363b5f117270d386b5a71
3042,1521,82944,6a242012867dc8b837e29b1a8324e93d22fc3f743ff363b5f117270d386b5a71
3043,1521,82944,6a242012867dc8b837e29b1a8324e93d22fc3f743ff363b5f117270d386b5a71
3044,1522,82944,6a242012867dc8b837e29b1a8324e93d22fc3f743ff363b5f117270d386b5a71
3045,1522,82944,6a242012867dc8b837e29b1a8324e93d22fc3f743ff363b5f117270d386b5a71
3046,1523,82944,6a242012867dc8b837e29b1a8324e93d22fc3f743ff363b5f117270d386b5a71
3047,1523,82944,6a242012867dc8b837e29b1a8324e93d22fc3f743ff363b5f117270d386b5a71
3048,1524,82944,6a242012867dc8b837e29b1a8324e93d22fc3f743ff363b5f117270d386b5a71
3049,1524,82944,6a242012867dc8b837e29b1a8324e93d22fc3f743ff363b5f117270d386b5a71
3050,1525,82944,6a242012867dc8b837e29b1a8324e93d22fc3f743ff363b5f117270d386b5a71
3051,1525,82944,6a242012867dc8b837e29b1a8324e93d22fc3f743ff363b5f117270d386b5a71
3052,1526,82944,6a242012867dc8b837e29b1a8324e93d22fc3f743ff363b5f117270d386b5a71
3053,1526,82944,6a242012867dc8b837e29b1a8324e93d22fc3f743ff363b5f117270d386b5a71
3054,1527,82944,6a242012867dc8b837e29b1a8324e93d22fc3f743ff363b5f117270d386b5a71
3055,1527,82944,6a242012867dc8b837e29b1a8324e93d22fc3f743ff363b5f117270d386b5a71
3056,1528,82944,6a242012867dc8b837e29b1a8324e93d22fc3f743ff363b5f117270d386b5a71
3057,1528,82944,6a242012867dc8b837e29b1a8324e93d22fc3f743ff363b5f117270d386b5a71
3058,1529,82944,6a242012867dc8b837e29b1a8324e93d22fc3f743ff363b5f117270d386b5a71
3059,1529,82944,6a242012867dc8b837e29b1a8324e93d22fc3f743ff363b5f117270d386b5a71
3060,1530,82944,6a242012867dc8b837e29b1a8324e93d22fc3f743ff363b5f117270d386b5a71
3061,1530,82944,6a242012867dc8b837e29b1a8324e93d22fc3f743ff363b5f117270d386b5a71
3062,1531,82944,6a242012867dc8b837e29b1a8324e93d22fc3f743ff363b5f117270d386b5a71
3063,1531,82944,6a242012867dc8b837e29b1a8324e93d22fc3f743ff363b5f117270d386b5a71
3064,1532,82944,6a242012867dc8b837e29b1a8324e93d22fc3f743ff363b5f117270d386b5a71
3065,1532,82944,6a242012867dc8b837e29b1a8324e93d22fc3f743ff363b5f117270d386b5a71
3066,1533,82944,6a242012867dc8b837e29b1a8324e93d22fc3f743ff363b5f117270d386b5a71
3067,1533,82944,6a242012867dc8b837e29b1a8324e93d22fc3f743ff363b5f117270d386b5a71
3068,1534,82944,6a242012867dc8b837e29b1a8324e93d22fc3f743ff363b5f117270d386b5a71
3069,1534,82944,6a242012867dc8b837e29b1a8324e93d22fc3f743ff363b5f117270d386b5a71
3070,1535,82944,6a242012867dc8b837e29b1a8324e93d22fc3f743ff363b5f117270d386b5a71
3071,1535,82944,6a242012867dc8b837e29b1a8324e93d22fc3f743ff363b5f117270d386b5a71
3072,1536,82944,6a242012867dc8b837e29b1a8324e93d22fc3f743ff363b5f117270d386b5a71
3073,1536,82944,6a242012867dc8b837e29b1a8324e93d22fc3f743ff363b5f117270d386b5a71
3074,1537,82944,6a242012867dc8b837e29b1a8324e93d22fc3f743ff363b5f117270d386b5a71
3075,1537,82944,6a242012867dc8b837e29b1a8324e93d22fc3f743ff363b5f117270d386b5a71
3076,1538,82944,6a242012867dc8b837e29b1a8324e93d22fc3f743ff363b5f117270d386b5a71
3077,1538,82944,6a242012867dc8b837e29b1a8324e93d22fc3f743ff363b5f117270d386b5a71
3078,1539,82944,6a242012867dc8b837e29b1a8324e93d22fc3f743ff363b5f117270d386b5a71
3079,1539,82944,6a242012867dc8b837e29b1a8324e93d22fc3f743ff363b5f117270d386b5a71
3080,1540,82944,6a242012867dc8b837e29b1a8324e93d22fc3f743ff363b5f117270d386b5a71
3081,1540,82944,6a242012867dc8b837e29b1a8324e93d22fc3f743ff363b5f117270d386b5a71
3082,1541,82944,6a242012867dc8b837e29b1a8324e93d22fc3f743ff363b5f117270d386b5a71
3083,1541,82944,6a242012867dc8b837e29b1a8324e93d22fc3f743ff363b5f117270d386b5a71
3084,1542,82944,6a242012867dc8b837e29b1a8324e93d22fc3f743ff363b5f117270d386b5a71
3085,1542,82944,6a242012867dc8b837e29b1a8324e93d22fc3f743ff363b5f117270d386b5a71
3086,1543,82944,6a242012867dc8b837e29b1a8324e93d22fc3f743ff363b5f117270d386b5a71
3087,1543,82944,6a242012867dc8b837e29b1a8324e93d22fc3f743ff363b5f117270d386b5a71
3088,1544,82944,6a242012867dc8b837e29b1a8324e93d22fc3f743ff363b5f117270d386b5a71
3089,1544,82944,6a242012867dc8b837e29b1a8324e93d22fc3f743ff363b5f117270d386b5a71
3090,1545,82944,6a242012867dc8b837e29b1a8324e93d22fc3f743ff363b5f117270d386b5a71
3091,1545,82944,6a242012867dc8b837e29b1a8324e93d22fc3f743ff363b5f117270d386b5a71
3092,1546,82944,6a242012867dc8b837e29b1a8324e93d22fc3f743ff363b5f117270d386b5a71
3093,1546,82944,6a242012867dc8b837e29b1a8324e93d22fc3f743ff363b5f117270d386b5a71
3094,1547,82944,6a242012867dc8b837e29b1a8324e93d22fc3f743ff363b5f117270d386b5a71
3095,1547,82944,6a242012867dc8b837e29b1a8324e93d22fc3f743ff363b5f117270d386b5a71
3096,1548,82944,6a242012867dc8b837e29b1a8324e93d22fc3f743ff363b5f117270d386b5a71
3097,1548,82944,6a242012867dc8b837e29b1a8324e93d22fc3f743ff363b5f117270d386b5a71
3098,1549,82944,6a242012867dc8b837e29b1a8324e93d22fc3f743ff363b5f117270d386b5a71
3099,1549,82944,6a242012867dc8b837e29b1a8324e93d22fc3f743ff363b5f117270d386b5a71
3100,1550,82944,6a242012867dc8b837e29b1a8324e93d22fc3f743ff363b5f117270d386b5a71
3101,1550,82944,6a242012867dc8b837e29b1a8324e93d22fc3f743ff363b5f117270d386b5a71
3102,1551,82944,6a242012867dc8b837e29b1a8324e93d22fc3f743ff363b5f117270d386b5a71
3103,1551,82944,6a242012867dc8b837e29b1a8324e93d22fc3f743ff363b5f117270d386b5a71
3104,1552,82944,6a242012867dc8b837e29b1a8324e93d22fc3f743ff363b5f117270d386b5a71
3105,1552,82944,6a242012867dc8b837e29b1a8324e93d22fc3f743ff363b5f117270d386b5a71
3106,1553,82944,6a242012867dc8b837e29b1a8324e93d22fc3f743ff363b5f117270d386b5a71
3107,1553,82944,6a242012867dc8b837e29b1a8324e93d22fc3f743ff363b5f117270d386b5a71
3108,1554,82944,6a242012867dc8b837e29b1a8324e93d22fc3f743ff363b5f117270d386b5a71
3109,1554,82944,6a242012867dc8b837e29b1a8324e93d22fc3f743ff363b5f117270d386b5a71
3110,1555,82944,6a242012867dc8b837e29b1a8324e93d22fc3f743ff363b5f117270d386b5a71
3111,1555,82944,6a242012867dc8b837e29b1a8324e93d22fc3f743ff363b5f117270d386b5a71
3112,1556,82944,6a242012867dc8b837e29b1a8324e93d22fc3f743ff363b5f117270d386b5a71
3113,1556,82944,6a242012867dc8b837e29b1a8324e93d22fc3f743ff363b5f117270d386b5a71
3114,1557,82944,6a242012867dc8b837e29b1a8324e93d22fc3f743ff363b5f117270d386b5a71
3115,1557,82944,6a242012867dc8b837e29b1a8324e93d22fc3f743ff363b5f117270d386b5a71
3116,1558,82944,6a242012867dc8b837e29b1a8324e93d22fc3f743ff363b5f117270d386b5a71
3117,1558,82944,6a242012867dc8b837e29b1a8324e93d22fc3f743ff363b5f117270d386b5a71
3118,1559,82944,6a242012867dc8b837e29b1a8324e93d22fc3f743ff363b5f117270d386b5a71
3119,1559,82944,6a242012867dc8b837e29b1a8324e93d22fc3f743ff363b5f117270d386b5a71
3120,1560,82944,6a242012867dc8b837e29b1a8324e93d22fc3f743ff363b5f117270d386b5a71
3121,1560,82944,6a242012867dc8b837e29b1a8324e93d22fc3f743ff363b5f117270d386b5a71
3122,1561,82944,6a242012867dc8b837e29b1a8324e93d22fc3f743ff363b5f117270d386b5a71
3123,1561,82944,6a242012867dc8b837e29b1a8324e93d22fc3f743ff363b5f117270d386b5a71
3124,1562,82944,6a242012867dc8b837e29b1a8324e93d22fc3f743ff363b5f117270d386b5a71
3125,1562,82944,6a242012867dc8b837e29b1a8324e93d22fc3f743ff363b5f117270d386b5a71
3126,1563,82944,6a242012867dc8b837e29b1a8324e93d22fc3f743ff363b5f117270d386b5a71
3127,1563,82944,6a242012867dc8b837e29b1a8324e93d22fc3f743ff363b5f117270d386b5a71
3128,1564,82944,6a242012867dc8b837e29b1a8324e93d22fc3f743ff363b5f117270d386b5a71
3129,1564,82944,6a242012867dc8b837e29b1a8324e93d22fc3f743ff363b5f117270d386b5a71
3130,1565,82944,6a242012867dc8b837e29b1a8324e93d22fc3f743ff363b5f117270d386b5a71
3131,1565,82944,6a242012867dc8b837e29b1a8324e93d22fc3f743ff363b5f117270d386b5a71
3132,1566,82944,6a242012867dc8b837e29b1a8324e93d22fc3f743ff363b5f117270d386b5a71
3133,1566,82944,6a242012867dc8b837e29b1a8324e93d22fc3f743ff363b5f117270d386b5a71
3134,1567,82944,6a242012867dc8b837e29b1a8324e93d22fc3f743ff363b5f117270d386b5a71
3135,1567,82944,6a242012867dc8b837e29b1a8324e93d22fc3f743ff363b5f117270d386b5a71
3136,1568,82944,6a242012867dc8b837e29b1a8324e93d22fc3f743ff363b5f117270d386b5a71
3137,1568,82944,6a242012867dc8b837e29b1a8324e93d22fc3f743ff363b5f117270d386b5a71
3138,1569,82944,6a242012867dc8b837e29b1a8324e93d22fc3f743ff363b5f117270d386b5a71
3139,1569,82944,6a242012867dc8b837e29b1a8324e93d22fc3f743ff363b5f117270d386b5a71
3140,1570,82944,6a242012867dc8b837e29b1a8324e93d22fc3f743ff363b5f117270d386b5a71
3141,1570,82944,6a242012867dc8b837e29b1a8324e93d22fc3f743ff363b5f117270d386b5a71
3142,1571,82944,6a242012867dc8b837e29b1a8324e93d22fc3f743ff363b5f117270d386b5a71
3143,1571,82944,6a242012867dc8b837e29b1a8324e93d22fc3f743ff363b5f117270d386b5a71
3144,1572,82944,6a242012867dc8b837e29b1a8324e93d22fc3f743ff363b5f117270d386b5a71
3145,1572,82944,6a242012867dc8b837e29b1a8324e93d22fc3f743ff363b5f117270d386b5a71
3146,1573,82944,6a242012867dc8b837e29b1a8324e93d22fc3f743ff363b5f117270d386b5a71
3147,1573,82944,6a242012867dc8b837e29b1a8324e93d22fc3f743ff363b5f117270d386b5a71
3148,1574,82944,6a242012867dc8b837e29b1a8324e93d22fc3f743ff363b5f117270d386b5a71
3149,1574,82944,6a242012867dc8b837e29b1a8324e93d22fc3f743ff363b5f117270d386b5a71
3150,1575,82944,6a242012867dc8b837e29b1a8324e93d22fc3f743ff363b5f117270d386b5a71
3151,1575,82944,6a242012867dc8b837e29b1a8324e93d22fc3f743ff363b5f117270d386b5a71
3152,1576,82944,6a242012867dc8b837e29b1a8324e93d22fc3f743ff363b5f117270d386b5a71
3153,1576,82944,6a242012867dc8b837e29b1a8324e93d22fc3f743ff363b5f117270d386b5a71
3154,1577,82944,6a242012867dc8b837e29b1a8324e93d22fc3f743ff363b5f117270d386b5a71
3155,1577,82944,6a242012867dc8b837e29b1a8324e93d22fc3f743ff363b5f117270d386b5a71
3156,1578,82944,6a242012867dc8b837e29b1a8324e93d22fc3f743ff363b5f117270d386b5a71
3157,1578,82944,6a242012867dc8b837e29b1a8324e93d22fc3f743ff363b5f117270d386b5a71
3158,1579,82944,6a242012867dc8b837e29b1a8324e93d22fc3f743ff363b5f117270d386b5a71
3159,1579,82944,6a242012867dc8b837e29b1a8324e93d22fc3f743ff363b5f117270d386b5a71
3160,1580,82944,6a242012867dc8b837e29b1a8324e93d22fc3f743ff363b5f117270d386b5a71
3161,1580,82944,6a242012867dc8b837e29b1a8324e93d22fc3f743ff363b5f117270d386b5a71
3162,1581,82944,6a242012867dc8b837e29b1a8324e93d22fc3f743ff363b5f117270d386b5a71
3163,1581,82944,6a242012867dc8b837e29b1a8324e93d22fc3f743ff363b5f117270d386b5a71
3164,1582,82944,6a242012867dc8b837e29b1a8324e93d22fc3f743ff363b5f117270d386b5a71
3165,1582,82944,6a242012867dc8b837e29b1a8324e93d22fc3f743ff363b5f117270d386b5a71
3166,1583,82944,6a242012867dc8b837e29b1a8324e93d22fc3f743ff363b5f117270d386b5a71
3167,1583,82944,6a242012867dc8b837e29b1a8324e93d22fc3f743ff363b5f117270d386b5a71
3168,1584,82944,6a242012867dc8b837e29b1a8324e93d22fc3f743ff363b5f117270d386b5a71
3169,1584,82944,6a242012867dc8b837e29b1a8324e93d22fc3f743ff363b5f117270d386b5a71
3170,1585,82944,6a242012867dc8b837e29b1a8324e93d22fc3f743ff363b5f117270d386b5a71
3171,1585,82944,6a242012867dc8b837e29b1a8324e93d22fc3f743ff363b5f117270d386b5a71
3172,1586,82944,6a242012867dc8b837e29b1a8324e93d22fc3f743ff363b5f117270d386b5a71
3173,1586,82944,6a242012867dc8b837e29b1a8324e93d22fc3f743ff363b5f117270d386b5a71
3174,1587,82944,6a242012867dc8b837e29b1a8324e93d22fc3f743ff363b5f117270d386b5a71
3175,1587,82944,6a242012867dc8b837e29b1a8324e93d22fc3f743ff363b5f117270d386b5a71
3176,1588,82944,6a242012867dc8b837e29b1a8324e93d22fc3f743ff363b5f117270d386b5a71
3177,1588,82944,6a242012867dc8b837e29b1a8324e93d22fc3f743ff363b5f117270d386b5a71
3178,1589,82944,6a242012867dc8b837e29b1a8324e93d22fc3f743ff363b5f117270d386b5a71
3179,1589,82944,6a242012867dc8b837e29b1a8324e93d22fc3f743ff363b5f117270d386b5a71
3180,1590,82944,6a242012867dc8b837e29b1a8324e93d22fc3f743ff363b5f117270d386b5a71
3181,1590,82944,6a242012867dc8b837e29b1a8324e93d22fc3f743ff363b5f117270d386b5a71
3182,1591,82944,6a242012867dc8b837e29b1a8324e93d22fc3f743ff363b5f117270d386b5a71
3183,1591,82944,6a242012867dc8b837e29b1a8324e93d22fc3f743ff363b5f117270d386b5a71
3184,1592,82944,6a242012867dc8b837e29b1a8324e93d22fc3f743ff363b5f117270d386b5a71
3185,1592,82944,6a242012867dc8b837e29b1a8324e93d22fc3f743ff363b5f117270d386b5a71
3186,1593,82944,6a242012867dc8b837e29b1a8324e93d22fc3f743ff363b5f117270d386b5a71
3187,1593,82944,6a242012867dc8b837e29b1a8324e93d22fc3f743ff363b5f117270d386b5a71
3188,1594,82944,6a242012867dc8b837e29b1a8324e93d22fc3f743ff363b5f117270d386b5a71
3189,1594,82944,6a242012867dc8b837e29b1a8324e93d22fc3f743ff363b5f117270d386b5a71
3190,1595,82944,6a242012867dc8b837e29b1a8324e93d22fc3f743ff363b5f117270d386b5a71
3191,1595,82944,6a242012867dc8b837e29b1a8324e93d22fc3f743ff363b5f117270d386b5a71
3192,1596,82944,6a242012867dc8b837e29b1a8324e93d22fc3f743ff363b5f117270d386b5a71
3193,1596,82944,6a242012867dc8b837e29b1a8324e93d22fc3f743ff363b5f117270d386b5a71
3194,1597,82944,6a242012867dc8b837e29b1a8324e93d22fc3f743ff363b5f117270d386b5a71
3195,1597,82944,6a242012867dc8b837e29b1a8324e93d22fc3f743ff363b5f117270d386b5a71
3196,1598,82944,6a242012867dc8b837e29b1a8324e93d22fc3f743ff363b5f117270d386b5a71
3197,1598,82944,6a242012867dc8b837e29b1a8324e93d22fc3f743ff363b5f117270d386b5a71
3198,1599,82944,6a242012867dc8b837e29b1a8324e93d22fc3f743ff363b5f117270d386b5a71
3199,1599,82944,6a242012867dc8b837e29b1a8324e93d22fc3f743ff363b5f117270d386b5a71
3200,1600,82944,6a242012867dc8b837e29b1a8324e93d22fc3f743ff363b5f117270d386b5a71
3201,1600,82944,6a242012867dc8b837e29b1a8324e93d22fc3f743ff363b5f117270d386b5a71
3202,1601,82944,6a242012867dc8b837e29b1a8324e93d22fc3f743ff363b5f117270d386b5a71
3203,1601,82944,6a242012867dc8b837e29b1a8324e93d22fc3f743ff363b5f117270d386b5a71
3204,1602,82944,6a242012867dc8b837e29b1a8324e93d22fc3f743ff363b5f117270d386b5a71
3205,1602,82944,6a242012867dc8b837e29b1a8324e93d22fc3f743ff363b5f117270d386b5a71
3206,1603,82944,6a242012867dc8b837e29b1a8324e93d22fc3f743ff363b5f117270d386b5a71
3207,1603,82944,6a242012867dc8b837e29b1a8324e93d22fc3f743ff363b5f117270d386b5a71
3208,1604,82944,6a242012867dc8b837e29b1a8324e93d22fc3f743ff363b5f117270d386b5a71
3209,1604,82944,6a242012867dc8b837e29b1a8324e93d22fc3f743ff363b5f117270d386b5a71
3210,1605,82944,6a242012867dc8b837e29b1a8324e93d22fc3f743ff363b5f117270d386b5a71
3211,1605,82944,6a242012867dc8b837e29b1a8324e93d22fc3f743ff363b5f117270d386b5a71
3212,1606,82944,6a242012867dc8b837e29b1a8324e93d22fc3f743ff363b5f117270d386b5a71
3213,1606,82944,6a242012867dc8b837e29b1a8324e93d22fc3f743ff363b5f117270d386b5a71
3214,1607,82944,6a242012867dc8b837e29b1a8324e93d22fc3f743ff363b5f117270d386b5a71
3215,1607,82944,6a242012867dc8b837e29b1a8324e93d22fc3f743ff363b5f117270d386b5a71
3216,1608,82944,6a242012867dc8b837e29b1a8324e93d22fc3f743ff363b5f117270d386b5a71
3217,1608,82944,6a242012867dc8b837e29b1a8324e93d22fc3f743ff363b5f117270d386b5a71
3218,1609,82944,6a242012867dc8b837e29b1a8324e93d22fc3f743ff363b5f117270d386b5a71
3219,1609,82944,6a242012867dc8b837e29b1a8324e93d22fc3f743ff363b5f117270d386b5a71
3220,1610,82944,6a242012867dc8b837e29b1a8324e93d22fc3f743ff363b5f117270d386b5a71
3221,1610,82944,6a242012867dc8b837e29b1a8324e93d22fc3f743ff363b5f117270d386b5a71
3222,1611,82944,6a242012867dc8b837e29b1a8324e93d22fc3f743ff363b5f117270d386b5a71
3223,1611,82944,6a242012867dc8b837e29b1a8324e93d22fc3f743ff363b5f117270d386b5a71
3224,1612,82944,6a242012867dc8b837e29b1a8324e93d22fc3f743ff363b5f117270d386b5a71
3225,1612,82944,6a242012867dc8b837e29b1a8324e93d22fc3f743ff363b5f117270d386b5a71
3226,1613,82944,6a242012867dc8b837e29b1a8324e93d22fc3f743ff363b5f117270d386b5a71
3227,1613,82944,6a242012867dc8b837e29b1a8324e93d22fc3f743ff363b5f117270d386b5a71
3228,1614,82944,6a242012867dc8b837e29b1a8324e93d22fc3f743ff363b5f117270d386b5a71
3229,1614,82944,6a242012867dc8b837e29b1a8324e93d22fc3f743ff363b5f117270d386b5a71
3230,1615,82944,6a242012867dc8b837e29b1a8324e93d22fc3f743ff363b5f117270d386b5a71
3231,1615,82944,6a242012867dc8b837e29b1a8324e93d22fc3f743ff363b5f117270d386b5a71
3232,1616,82944,6a242012867dc8b837e29b1a8324e93d22fc3f743ff363b5f117270d386b5a71
3233,1616,82944,6a242012867dc8b837e29b1a8324e93d22fc3f743ff363b5f117270d386b5a71
3234,1617,82944,6a242012867dc8b837e29b1a8324e93d22fc3f743ff363b5f117270d386b5a71
3235,1617,82944,6a242012867dc8b837e29b1a8324e93d22fc3f743ff363b5f117270d386b5a71
3236,1618,82944,6a242012867dc8b837e29b1a8324e93d22fc3f743ff363b5f117270d386b5a71
3237,1618,82944,6a242012867dc8b837e29b1a8324e93d22fc3f743ff363b5f117270d386b5a71
3238,1619,82944,6a242012867dc8b837e29b1a8324e93d22fc3f743ff363b5f117270d386b5a71
3239,1619,82944,6a242012867dc8b837e29b1a8324e93d22fc3f743ff363b5f117270d386b5a71
3240,1620,82944,6a242012867dc8b837e29b1a8324e93d22fc3f743ff363b5f117270d386b5a71
3241,1620,82944,6a242012867dc8b837e29b1a8324e93d22fc3f743ff363b5f117270d386b5a71
3242,1621,82944,6a242012867dc8b837e29b1a8324e93d22fc3f743ff363b5f117270d386b5a71
3243,1621,82944,6a242012867dc8b837e29b1a8324e93d22fc3f743ff363b5f117270d386b5a71
3244,1622,82944,6a242012867dc8b837e29b1a8324e93d22fc3f743ff363b5f117270d386b5a71
3245,1622,82944,6a242012867dc8b837e29b1a8324e93d22fc3f743ff363b5f117270d386b5a71
3246,1623,82944,6a242012867dc8b837e29b1a8324e93d22fc3f743ff363b5f117270d386b5a71
3247,1623,82944,6a242012867dc8b837e29b1a8324e93d22fc3f743ff363b5f117270d386b5a71
3248,1624,82944,6a242012867dc8b837e29b1a8324e93d22fc3f743ff363b5f117270d386b5a71
3249,1624,82944,6a242012867dc8b837e29b1a8324e93d22fc3f743ff363b5f117270d386b5a71
3250,1625,82944,6a242012867dc8b837e29b1a8324e93d22fc3f743ff363b5f117270d386b5a71
3251,1625,82944,6a242012867dc8b837e29b1a8324e93d22fc3f743ff363b5f117270d386b5a71
3252,1626,82944,6a242012867dc8b837e29b1a8324e93d22fc3f743ff363b5f117270d386b5a71
3253,1626,82944,6a242012867dc8b837e29b1a8324e93d22fc3f743ff363b5f117270d386b5a71
3254,1627,82944,6a242012867dc8b837e29b1a8324e93d22fc3f743ff363b5f117270d386b5a71
3255,1627,82944,6a242012867dc8b837e29b1a8324e93d22fc3f743ff363b5f117270d386b5a71
3256,1628,82944,6a242012867dc8b837e29b1a8324e93d22fc3f743ff363b5f117270d386b5a71
3257,1628,82944,6a242012867dc8b837e29b1a8324e93d22fc3f743ff363b5f117270d386b5a71
3258,1629,82944,6a242012867dc8b837e29b1a8324e93d22fc3f743ff363b5f117270d386b5a71
3259,1629,82944,6a242012867dc8b837e29b1a8324e93d22fc3f743ff363b5f117270d386b5a71
3260,1630,82944,6a242012867dc8b837e29b1a8324e93d22fc3f743ff363b5f117270d386b5a71
3261,1630,82944,6a242012867dc8b837e29b1a8324e93d22fc3f743ff363b5f117270d386b5a71
3262,1631,82944,6a242012867dc8b837e29b1a8324e93d22fc3f743ff363b5f117270d386b5a71
3263,1631,82944,6a242012867dc8b837e29b1a8324e93d22fc3f743ff363b5f117270d386b5a71
3264,1632,82944,6a242012867dc8b837e29b1a8324e93d22fc3f743ff363b5f117270d386b5a71
3265,1632,82944,6a242012867dc8b837e29b1a8324e93d22fc3f743ff363b5f117270d386b5a71
3266,1633,82944,6a242012867dc8b837e29b1a8324e93d22fc3f743ff363b5f117270d386b5a71
3267,1633,82944,6a242012867dc8b837e29b1a8324e93d22fc3f743ff363b5f117270d386b5a71
3268,1634,82944,6a242012867dc8b837e29b1a8324e93d22fc3f743ff363b5f117270d386b5a71
3269,1634,82944,6a242012867dc8b837e29b1a8324e93d22fc3f743ff363b5f117270d386b5a71
3270,1635,82944,6a242012867dc8b837e29b1a8324e93d22fc3f743ff363b5f117270d386b5a71
3271,1635,82944,6a242012867dc8b837e29b1a8324e93d22fc3f743ff363b5f117270d386b5a71
3272,1636,82944,6a242012867dc8b837e29b1a8324e93d22fc3f743ff363b5f117270d386b5a71
3273,1636,82944,6a242012867dc8b837e29b1a8324e93d22fc3f743ff363b5f117270d386b5a71
3274,1637,82944,6a242012867dc8b837e29b1a8324e93d22fc3f743ff363b5f117270d386b5a71
3275,1637,82944,6a242012867dc8b837e29b1a8324e93d22fc3f743ff363b5f117270d386b5a71
3276,1638,82944,6a242012867dc8b837e29b1a8324e93d22fc3f743ff363b5f117270d386b5a71
3277,1638,82944,6a242012867dc8b837e29b1a8324e93d22fc3f743ff363b5f117270d386b5a71
3278,1639,82944,6a242012867dc8b837e29b1a8324e93d22fc3f743ff363b5f117270d386b5a71
3279,1639,82944,6a242012867dc8b837e29b1a8324e93d22fc3f743ff363b5f117270d386b5a71
3280,1640,82944,6a242012867dc8b837e29b1a8324e93d22fc3f743ff363b5f117270d386b5a71
3281,1640,82944,6a242012867dc8b837e29b1a8324e93d22fc3f743ff363b5f117270d386b5a71
3282,1641,82944,6a242012867dc8b837e29b1a8324e93d22fc3f743ff363b5f117270d386b5a71
3283,1641,82944,6a242012867dc8b837e29b1a8324e93d22fc3f743ff363b5f117270d386b5a71
3284,1642,82944,6a242012867dc8b837e29b1a8324e93d22fc3f743ff363b5f117270d386b5a71
3285,1642,82944,6a242012867dc8b837e29b1a8324e93d22fc3f743ff363b5f117270d386b5a71
3286,1643,82944,6a242012867dc8b837e29b1a8324e93d22fc3f743ff363b5f117270d386b5a71
3287,1643,82944,6a242012867dc8b837e29b1a8324e93d22fc3f743ff363b5f117270d386b5a71
3288,1644,82944,6a242012867dc8b837e29b1a8324e93d22fc3f743ff363b5f117270d386b5a71
3289,1644,82944,6a242012867dc8b837e29b1a8324e93d22fc3f743ff363b5f117270d386b5a71
3290,1645,82944,6a242012867dc8b837e29b1a8324e93d22fc3f743ff363b5f117270d386b5a71
3291,1645,82944,6a242012867dc8b837e29b1a8324e93d22fc3f743ff363b5f117270d386b5a71
3292,1646,82944,6a242012867dc8b837e29b1a8324e93d22fc3f743ff363b5f117270d386b5a71
3293,1646,82944,6a242012867dc8b837e29b1a8324e93d22fc3f743ff363b5f117270d386b5a71
3294,1647,82944,6a242012867dc8b837e29b1a8324e93d22fc3f743ff363b5f117270d386b5a71
3295,1647,82944,6a242012867dc8b837e29b1a8324e93d22fc3f743ff363b5f117270d386b5a71
3296,1648,82944,6a242012867dc8b837e29b1a8324e93d22fc3f743ff363b5f117270d386b5a71
3297,1648,82944,6a242012867dc8b837e29b1a8324e93d22fc3f743ff363b5f117270d386b5a71
3298,1649,82944,6a242012867dc8b837e29b1a8324e93d22fc3f743ff363b5f117270d386b5a71
3299,1649,82944,6a242012867dc8b837e29b1a8324e93d22fc3f743ff363b5f117270d386b5a71
3300,1650,82944,6a242012867dc8b837e29b1a8324e93d22fc3f743ff363b5f117270d386b5a71
3301,1650,82944,6a242012867dc8b837e29b1a8324e93d22fc3f743ff363b5f117270d386b5a71
3302,1651,82944,6a242012867dc8b837e29b1a8324e93d22fc3f743ff363b5f117270d386b5a71
3303,1651,82944,6a242012867dc8b837e29b1a8324e93d22fc3f743ff363b5f117270d386b5a71
3304,1652,82944,6a242012867dc8b837e29b1a8324e93d22fc3f743ff363b5f117270d386b5a71
3305,1652,82944,6a242012867dc8b837e29b1a8324e93d22fc3f743ff363b5f117270d386b5a71
3306,1653,82944,6a242012867dc8b837e29b1a8324e93d22fc3f743ff363b5f117270d386b5a71
3307,1653,82944,6a242012867dc8b837e29b1a8324e93d22fc3f743ff363b5f117270d386b5a71
3308,1654,82944,6a242012867dc8b837e29b1a8324e93d22fc3f743ff363b5f117270d386b5a71
3309,1654,82944,6a242012867dc8b837e29b1a8324e93d22fc3f743ff363b5f117270d386b5a71
3310,1655,82944,6a242012867dc8b837e29b1a8324e93d22fc3f743ff363b5f117270d386b5a71
3311,1655,82944,6a242012867dc8b837e29b1a8324e93d22fc3f743ff363b5f117270d386b5a71
3312,1656,82944,6a242012867dc8b837e29b1a8324e93d22fc3f743ff363b5f117270d386b5a71
3313,1656,82944,6a242012867dc8b837e29b1a8324e93d22fc3f743ff363b5f117270d386b5a71
3314,1657,82944,6a242012867dc8b837e29b1a8324e93d22fc3f743ff363b5f117270d386b5a71
3315,1657,82944,6a242012867dc8b837e29b1a8324e93d22fc3f743ff363b5f117270d386b5a71
3316,1658,82944,6a242012867dc8b837e29b1a8324e93d22fc3f743ff363b5f117270d386b5a71
3317,1658,82944,6a242012867dc8b837e29b1a8324e93d22fc3f743ff363b5f117270d386b5a71
3318,1659,82944,6a242012867dc8b837e29b1a8324e93d22fc3f743ff363b5f117270d386b5a71
3319,1659,82944,6a242012867dc8b837e29b1a8324e93d22fc3f743ff363b5f117270d386b5a71
3320,1660,82944,6a242012867dc8b837e29b1a8324e93d22fc3f743ff363b5f117270d386b5a71
3321,1660,82944,6a242012867dc8b837e29b1a8324e93d22fc3f743ff363b5f117270d386b5a71
3322,1661,82944,6a242012867dc8b837e29b1a8324e93d22fc3f743ff363b5f117270d386b5a71
3323,1661,82944,6a242012867dc8b837e29b1a8324e93d22fc3f743ff363b5f117270d386b5a71
3324,1662,82944,6a242012867dc8b837e29b1a8324e93d22fc3f743ff363b5f117270d386b5a71
3325,1662,82944,6a242012867dc8b837e29b1a8324e93d22fc3f743ff363b5f117270d386b5a71
3326,1663,82944,6a242012867dc8b837e29b1a8324e93d22fc3f743ff363b5f117270d386b5a71
3327,1663,82944,6a242012867dc8b837e29b1a8324e93d22fc3f743ff363b5f117270d386b5a71
3328,1664,82944,6a242012867dc8b837e29b1a8324e93d22fc3f743ff363b5f117270d386b5a71
3329,1664,82944,6a242012867dc8b837e29b1a8324e93d22fc3f743ff363b5f117270d386b5a71
3330,1665,82944,6a242012867dc8b837e29b1a8324e93d22fc3f743ff363b5f117270d386b5a71
3331,1665,82944,6a242012867dc8b837e29b1a8324e93d22fc3f743ff363b5f117270d386b5a71
3332,1666,82944,6a242012867dc8b837e29b1a8324e93d22fc3f743ff363b5f117270d386b5a71
3333,1666,82944,6a242012867dc8b837e29b1a8324e93d22fc3f743ff363b5f117270d386b5a71
3334,1667,82944,6a242012867dc8b837e29b1a8324e93d22fc3f743ff363b5f117270d386b5a71
3335,1667,82944,6a242012867dc8b837e29b1a8324e93d22fc3f743ff363b5f117270d386b5a71
3336,1668,82944,6a242012867dc8b837e29b1a8324e93d22fc3f743ff363b5f117270d386b5a71
3337,1668,82944,6a242012867dc8b837e29b1a8324e93d22fc3f743ff363b5f117270d386b5a71
3338,1669,82944,6a242012867dc8b837e29b1a8324e93d22fc3f743ff363b5f117270d386b5a71
3339,1669,82944,6a242012867dc8b837e29b1a8324e93d22fc3f743ff363b5f117270d386b5a71
3340,1670,82944,6a242012867dc8b837e29b1a8324e93d22fc3f743ff363b5f117270d386b5a71
3341,1670,82944,6a242012867dc8b837e29b1a8324e93d22fc3f743ff363b5f117270d386b5a71
3342,1671,82944,6a242012867dc8b837e29b1a8324e93d22fc3f743ff363b5f117270d386b5a71
3343,1671,82944,6a242012867dc8b837e29b1a8324e93d22fc3f743ff363b5f117270d386b5a71
3344,1672,82944,6a242012867dc8b837e29b1a8324e93d22fc3f743ff363b5f117270d386b5a71
3345,1672,82944,6a242012867dc8b837e29b1a8324e93d22fc3f743ff363b5f117270d386b5a71
3346,1673,82944,6a242012867dc8b837e29b1a8324e93d22fc3f743ff363b5f117270d386b5a71
3347,1673,82944,6a242012867dc8b837e29b1a8324e93d22fc3f743ff363b5f117270d386b5a71
3348,1674,82944,6a242012867dc8b837e29b1a8324e93d22fc3f743ff363b5f117270d386b5a71
3349,1674,82944,6a242012867dc8b837e29b1a8324e93d22fc3f743ff363b5f117270d386b5a71
3350,1675,82944,6a242012867dc8b837e29b1a8324e93d22fc3f743ff363b5f117270d386b5a71
3351,1675,82944,6a242012867dc8b837e29b1a8324e93d22fc3f743ff363b5f117270d386b5a71
3352,1676,82944,6a242012867dc8b837e29b1a8324e93d22fc3f743ff363b5f117270d386b5a71
3353,1676,82944,6a242012867dc8b837e29b1a8324e93d22fc3f743ff363b5f117270d386b5a71
3354,1677,82944,6a242012867dc8b837e29b1a8324e93d22fc3f743ff363b5f117270d386b5a71
3355,1677,82944,6a242012867dc8b837e29b1a8324e93d22fc3f743ff363b5f117270d386b5a71
3356,1678,82944,6a242012867dc8b837e29b1a8324e93d22fc3f743ff363b5f117270d386b5a71
3357,1678,82944,6a242012867dc8b837e29b1a8324e93d22fc3f743ff363b5f117270d386b5a71
3358,1679,82944,6a242012867dc8b837e29b1a8324e93d22fc3f743ff363b5f117270d386b5a71
3359,1679,82944,6a242012867dc8b837e29b1a8324e93d22fc3f743ff363b5f117270d386b5a71
3360,1680,82944,6a242012867dc8b837e29b1a8324e93d22fc3f743ff363b5f117270d386b5a71
3361,1680,82944,6a242012867dc8b837e29b1a8324e93d22fc3f743ff363b5f117270d386b5a71
3362,1681,82944,6a242012867dc8b837e29b1a8324e93d22fc3f743ff363b5f117270d386b5a71
3363,1681,82944,6a242012867dc8b837e29b1a8324e93d22fc3f743ff363b5f117270d386b5a71
3364,1682,82944,6a242012867dc8b837e29b1a8324e93d22fc3f743ff363b5f117270d386b5a71
3365,1682,82944,6a242012867dc8b837e29b1a8324e93d22fc3f743ff363b5f117270d386b5a71
3366,1683,82944,6a242012867dc8b837e29b1a8324e93d22fc3f743ff363b5f117270d386b5a71
3367,1683,82944,6a242012867dc8b837e29b1a8324e93d22fc3f743ff363b5f117270d386b5a71
3368,1684,82944,6a242012867dc8b837e29b1a8324e93d22fc3f743ff363b5f117270d386b5a71
3369,1684,82944,6a242012867dc8b837e29b1a8324e93d22fc3f743ff363b5f117270d386b5a71
3370,1685,82944,6a242012867dc8b837e29b1a8324e93d22fc3f743ff363b5f117270d386b5a71
3371,1685,82944,6a242012867dc8b837e29b1a8324e93d22fc3f743ff363b5f117270d386b5a71
3372,1686,82944,6a242012867dc8b837e29b1a8324e93d22fc3f743ff363b5f117270d386b5a71
3373,1686,82944,6a242012867dc8b837e29b1a8324e93d22fc3f743ff363b5f117270d386b5a71
3374,1687,82944,6a242012867dc8b837e29b1a8324e93d22fc3f743ff363b5f117270d386b5a71
3375,1687,82944,6a242012867dc8b837e29b1a8324e93d22fc3f743ff363b5f117270d386b5a71
3376,1688,82944,6a242012867dc8b837e29b1a8324e93d22fc3f743ff363b5f117270d386b5a71
3377,1688,82944,6a242012867dc8b837e29b1a8324e93d22fc3f743ff363b5f117270d386b5a71
3378,1689,82944,6a242012867dc8b837e29b1a8324e93d22fc3f743ff363b5f117270d386b5a71
3379,1689,82944,6a242012867dc8b837e29b1a8324e93d22fc3f743ff363b5f117270d386b5a71
3380,1690,82944,6a242012867dc8b837e29b1a8324e93d22fc3f743ff363b5f117270d386b5a71
3381,1690,82944,6a242012867dc8b837e29b1a8324e93d22fc3f743ff363b5f117270d386b5a71
3382,1691,82944,6a242012867dc8b837e29b1a8324e93d22fc3f743ff363b5f117270d386b5a71
3383,1691,82944,6a242012867dc8b837e29b1a8324e93d22fc3f743ff363b5f117270d386b5a71
3384,1692,82944,6a242012867dc8b837e29b1a8324e93d22fc3f743ff363b5f117270d386b5a71
3385,1692,82944,6a242012867dc8b837e29b1a8324e93d22fc3f743ff363b5f117270d386b5a71
3386,1693,82944,6a242012867dc8b837e29b1a8324e93d22fc3f743ff363b5f117270d386b5a71
3387,1693,82944,6a242012867dc8b837e29b1a8324e93d22fc3f743ff363b5f117270d386b5a71
3388,1694,82944,6a242012867dc8b837e29b1a8324e93d22fc3f743ff363b5f117270d386b5a71
3389,1694,82944,6a242012867dc8b837e29b1a8324e93d22fc3f743ff363b5f117270d386b5a71
3390,1695,82944,6a242012867dc8b837e29b1a8324e93d22fc3f743ff363b5f117270d386b5a71
3391,1695,82944,6a242012867dc8b837e29b1a8324e93d22fc3f743ff363b5f117270d386b5a71
3392,1696,82944,6a242012867dc8b837e29b1a8324e93d22fc3f743ff363b5f117270d386b5a71
3393,1696,82944,6a242012867dc8b837e29b1a8324e93d22fc3f743ff363b5f117270d386b5a71
3394,1697,82944,6a242012867dc8b837e29b1a8324e93d22fc3f743ff363b5f117270d386b5a71
3395,1697,82944,6a242012867dc8b837e29b1a8324e93d22fc3f743ff363b5f117270d386b5a71
3396,1698,82944,6a242012867dc8b837e29b1a8324e93d22fc3f743ff363b5f117270d386b5a71
3397,1698,82944,6a242012867dc8b837e29b1a8324e93d22fc3f743ff363b5f117270d386b5a71
3398,1699,82944,6a242012867dc8b837e29b1a8324e93d22fc3f743ff363b5f117270d386b5a71
3399,1699,82944,6a242012867dc8b837e29b1a8324e93d22fc3f743ff363b5f117270d386b5a71
3400,1700,82944,6a242012867dc8b837e29b1a8324e93d22fc3f743ff363b5f117270d386b5a71
3401,1700,82944,6a242012867dc8b837e29b1a8324e93d22fc3f743ff363b5f117270d386b5a71
3402,1701,82944,6a242012867dc8b837e29b1a8324e93d22fc3f743ff363b5f117270d386b5a71
3403,1701,82944,6a242012867dc8b837e29b1a8324e93d22fc3f743ff363b5f117270d386b5a71
3404,1702,82944,6a242012867dc8b837e29b1a8324e93d22fc3f743ff363b5f117270d386b5a71
3405,1702,82944,6a242012867dc8b837e29b1a8324e93d22fc3f743ff363b5f117270d386b5a71
3406,1703,82944,6a242012867dc8b837e29b1a8324e93d22fc3f743ff363b5f117270d386b5a71
3407,1703,82944,6a242012867dc8b837e29b1a8324e93d22fc3f743ff363b5f117270d386b5a71
3408,1704,82944,6a242012867dc8b837e29b1a8324e93d22fc3f743ff363b5f117270d386b5a71
3409,1704,82944,6a242012867dc8b837e29b1a8324e93d22fc3f743ff363b5f117270d386b5a71
3410,1705,82944,6a242012867dc8b837e29b1a8324e93d22fc3f743ff363b5f117270d386b5a71
3411,1705,82944,6a242012867dc8b837e29b1a8324e93d22fc3f743ff363b5f117270d386b5a71
3412,1706,82944,6a242012867dc8b837e29b1a8324e93d22fc3f743ff363b5f117270d386b5a71
3413,1706,82944,6a242012867dc8b837e29b1a8324e93d22fc3f743ff363b5f117270d386b5a71
3414,1707,82944,6a242012867dc8b837e29b1a8324e93d22fc3f743ff363b5f117270d386b5a71
3415,1707,82944,6a242012867dc8b837e29b1a8324e93d22fc3f743ff363b5f117270d386b5a71
3416,1708,82944,6a242012867dc8b837e29b1a8324e93d22fc3f743ff363b5f117270d386b5a71
3417,1708,82944,6a242012867dc8b837e29b1a8324e93d22fc3f743ff363b5f117270d386b5a71
3418,1709,82944,6a242012867dc8b837e29b1a8324e93d22fc3f743ff363b5f117270d386b5a71
3419,1709,82944,6a242012867dc8b837e29b1a8324e93d22fc3f743ff363b5f117270d386b5a71
3420,1710,82944,6a242012867dc8b837e29b1a8324e93d22fc3f743ff363b5f117270d386b5a71
3421,1710,82944,6a242012867dc8b837e29b1a8324e93d22fc3f743ff363b5f117270d386b5a71
3422,1711,82944,6a242012867dc8b837e29b1a8324e93d22fc3f743ff363b5f117270d386b5a71
3423,1711,82944,6a242012867dc8b837e29b1a8324e93d22fc3f743ff363b5f117270d386b5a71
3424,1712,82944,6a242012867dc8b837e29b1a8324e93d22fc3f743ff363b5f117270d386b5a71
3425,1712,82944,6a242012867dc8b837e29b1a8324e93d22fc3f743ff363b5f117270d386b5a71
3426,1713,82944,6a242012867dc8b837e29b1a8324e93d22fc3f743ff363b5f117270d386b5a71
3427,1713,82944,6a242012867dc8b837e29b1a8324e93d22fc3f743ff363b5f117270d386b5a71
3428,1714,82944,6a242012867dc8b837e29b1a8324e93d22fc3f743ff363b5f117270d386b5a71
3429,1714,82944,6a242012867dc8b837e29b1a8324e93d22fc3f743ff363b5f117270d386b5a71
3430,1715,82944,6a242012867dc8b837e29b1a8324e93d22fc3f743ff363b5f117270d386b5a71
3431,1715,82944,6a242012867dc8b837e29b1a8324e93d22fc3f743ff363b5f117270d386b5a71
3432,1716,82944,6a242012867dc8b837e29b1a8324e93d22fc3f743ff363b5f117270d386b5a71
3433,1716,82944,6a242012867dc8b837e29b1a8324e93d22fc3f743ff363b5f117270d386b5a71
3434,1717,82944,6a242012867dc8b837e29b1a8324e93d22fc3f743ff363b5f117270d386b5a71
3435,1717,82944,6a242012867dc8b837e29b1a8324e93d22fc3f743ff363b5f117270d386b5a71
3436,1718,82944,6a242012867dc8b837e29b1a8324e93d22fc3f743ff363b5f117270d386b5a71
3437,1718,82944,6a242012867dc8b837e29b1a8324e93d22fc3f743ff363b5f117270d386b5a71
3438,1719,82944,6a242012867dc8b837e29b1a8324e93d22fc3f743ff363b5f117270d386b5a71
3439,1719,82944,6a242012867dc8b837e29b1a8324e93d22fc3f743ff363b5f117270d386b5a71
3440,1720,82944,6a242012867dc8b837e29b1a8324e93d22fc3f743ff363b5f117270d386b5a71
3441,1720,82944,6a242012867dc8b837e29b1a8324e93d22fc3f743ff363b5f117270d386b5a71
3442,1721,82944,6a242012867dc8b837e29b1a8324e93d22fc3f743ff363b5f117270d386b5a71
3443,1721,82944,6a242012867dc8b837e29b1a8324e93d22fc3f743ff363b5f117270d386b5a71
3444,1722,82944,6a242012867dc8b837e29b1a8324e93d22fc3f743ff363b5f117270d386b5a71
3445,1722,82944,6a242012867dc8b837e29b1a8324e93d22fc3f743ff363b5f117270d386b5a71
3446,1723,82944,6a242012867dc8b837e29b1a8324e93d22fc3f743ff363b5f117270d386b5a71
3447,1723,82944,6a242012867dc8b837e29b1a8324e93d22fc3f743ff363b5f117270d386b5a71
3448,1724,82944,6a242012867dc8b837e29b1a8324e93d22fc3f743ff363b5f117270d386b5a71
3449,1724,82944,6a242012867dc8b837e29b1a8324e93d22fc3f743ff363b5f117270d386b5a71
3450,1725,82944,6a242012867dc8b837e29b1a8324e93d22fc3f743ff363b5f117270d386b5a71
3451,1725,82944,6a242012867dc8b837e29b1a8324e93d22fc3f743ff363b5f117270d386b5a71
3452,1726,82944,6a242012867dc8b837e29b1a8324e93d22fc3f743ff363b5f117270d386b5a71
3453,1726,82944,6a242012867dc8b837e29b1a8324e93d22fc3f743ff363b5f117270d386b5a71
3454,1727,82944,6a242012867dc8b837e29b1a8324e93d22fc3f743ff363b5f117270d386b5a71
3455,1727,82944,6a242012867dc8b837e29b1a8324e93d22fc3f743ff363b5f117270d386b5a71
3456,1728,82944,6a242012867dc8b837e29b1a8324e93d22fc3f743ff363b5f117270d386b5a71
3457,1728,82944,6a242012867dc8b837e29b1a8324e93d22fc3f743ff363b5f117270d386b5a71
3458,1729,82944,6a242012867dc8b837e29b1a8324e93d22fc3f743ff363b5f117270d386b5a71
3459,1729,82944,6a242012867dc8b837e29b1a8324e93d22fc3f743ff363b5f117270d386b5a71
3460,1730,82944,6a242012867dc8b837e29b1a8324e93d22fc3f743ff363b5f117270d386b5a71
3461,1730,82944,6a242012867dc8b837e29b1a8324e93d22fc3f743ff363b5f117270d386b5a71
3462,1731,82944,6a242012867dc8b837e29b1a8324e93d22fc3f743ff363b5f117270d386b5a71
3463,1731,82944,6a242012867dc8b837e29b1a8324e93d22fc3f743ff363b5f117270d386b5a71
3464,1732,82944,6a242012867dc8b837e29b1a8324e93d22fc3f743ff363b5f117270d386b5a71
3465,1732,82944,6a242012867dc8b837e29b1a8324e93d22fc3f743ff363b5f117270d386b5a71
3466,1733,82944,6a242012867dc8b837e29b1a8324e93d22fc3f743ff363b5f117270d386b5a71
3467,1733,82944,6a242012867dc8b837e29b1a8324e93d22fc3f743ff363b5f117270d386b5a71
3468,1734,82944,6a242012867dc8b837e29b1a8324e93d22fc3f743ff363b5f117270d386b5a71
3469,1734,82944,6a242012867dc8b837e29b1a8324e93d22fc3f743ff363b5f117270d386b5a71
3470,1735,82944,6a242012867dc8b837e29b1a8324e93d22fc3f743ff363b5f117270d386b5a71
3471,1735,82944,6a242012867dc8b837e29b1a8324e93d22fc3f743ff363b5f117270d386b5a71
3472,1736,82944,6a242012867dc8b837e29b1a8324e93d22fc3f743ff363b5f117270d386b5a71
3473,1736,82944,6a242012867dc8b837e29b1a8324e93d22fc3f743ff363b5f117270d386b5a71
3474,1737,82944,6a242012867dc8b837e29b1a8324e93d22fc3f743ff363b5f117270d386b5a71
3475,1737,82944,6a242012867dc8b837e29b1a8324e93d22fc3f743ff363b5f117270d386b5a71
3476,1738,82944,6a242012867dc8b837e29b1a8324e93d22fc3f743ff363b5f117270d386b5a71
3477,1738,82944,6a242012867dc8b837e29b1a8324e93d22fc3f743ff363b5f117270d386b5a71
3478,1739,82944,6a242012867dc8b837e29b1a8324e93d22fc3f743ff363b5f117270d386b5a71
3479,1739,82944,6a242012867dc8b837e29b1a8324e93d22fc3f743ff363b5f117270d386b5a71
3480,1740,82944,6a242012867dc8b837e29b1a8324e93d22fc3f743ff363b5f117270d386b5a71
3481,1740,82944,6a242012867dc8b837e29b1a8324e93d22fc3f743ff363b5f117270d386b5a71
3482,1741,82944,6a242012867dc8b837e29b1a8324e93d22fc3f743ff363b5f117270d386b5a71
3483,1741,82944,6a242012867dc8b837e29b1a8324e93d22fc3f743ff363b5f117270d386b5a71
3484,1742,82944,6a242012867dc8b837e29b1a8324e93d22fc3f743ff363b5f117270d386b5a71
3485,1742,82944,6a242012867dc8b837e29b1a8324e93d22fc3f743ff363b5f117270d386b5a71
3486,1743,82944,6a242012867dc8b837e29b1a8324e93d22fc3f743ff363b5f117270d386b5a71
3487,1743,82944,6a242012867dc8b837e29b1a8324e93d22fc3f743ff363b5f117270d386b5a71
3488,1744,82944,6a242012867dc8b837e29b1a8324e93d22fc3f743ff363b5f117270d386b5a71
3489,1744,82944,6a242012867dc8b837e29b1a8324e93d22fc3f743ff363b5f117270d386b5a71
3490,1745,82944,6a242012867dc8b837e29b1a8324e93d22fc3f743ff363b5f117270d386b5a71
3491,1745,82944,6a242012867dc8b837e29b1a8324e93d22fc3f743ff363b5f117270d386b5a71
3492,1746,82944,6a242012867dc8b837e29b1a8324e93d22fc3f743ff363b5f117270d386b5a71
3493,1746,82944,6a242012867dc8b837e29b1a8324e93d22fc3f743ff363b5f117270d386b5a71
3494,1747,82944,6a242012867dc8b837e29b1a8324e93d22fc3f743ff363b5f117270d386b5a71
3495,1747,82944,6a242012867dc8b837e29b1a8324e93d22fc3f743ff363b5f117270d386b5a71
3496,1748,82944,6a242012867dc8b837e29b1a8324e93d22fc3f743ff363b5f117270d386b5a71
3497,1748,82944,6a242012867dc8b837e29b1a8324e93d22fc3f743ff363b5f117270d386b5a71
3498,1749,82944,6a242012867dc8b837e29b1a8324e93d22fc3f743ff363b5f117270d386b5a71
3499,1749,82944,6a242012867dc8b837e29b1a8324e93d22fc3f743ff363b5f117270d386b5a71
3500,1750,82944,6a242012867dc8b837e29b1a8324e93d22fc3f743ff363b5f117270d386b5a71
3501,1750,82944,6a242012867dc8b837e29b1a8324e93d22fc3f743ff363b5f117270d386b5a71
3502,1751,82944,6a242012867dc8b837e29b1a8324e93d22fc3f743ff363b5f117270d386b5a71
3503,1751,82944,6a242012867dc8b837e29b1a8324e93d22fc3f743ff363b5f117270d386b5a71
3504,1752,82944,6a242012867dc8b837e29b1a8324e93d22fc3f743ff363b5f117270d386b5a71
3505,1752,82944,6a242012867dc8b837e29b1a8324e93d22fc3f743ff363b5f117270d386b5a71
3506,1753,82944,6a242012867dc8b837e29b1a8324e93d22fc3f743ff363b5f117270d386b5a71
3507,1753,82944,6a242012867dc8b837e29b1a8324e93d22fc3f743ff363b5f117270d386b5a71
3508,1754,82944,6a242012867dc8b837e29b1a8324e93d22fc3f743ff363b5f117270d386b5a71
3509,1754,82944,6a242012867dc8b837e29b1a8324e93d22fc3f743ff363b5f117270d386b5a71
3510,1755,82944,6a242012867dc8b837e29b1a8324e93d22fc3f743ff363b5f117270d386b5a71
3511,1755,82944,6a242012867dc8b837e29b1a8324e93d22fc3f743ff363b5f117270d386b5a71
3512,1756,82944,6a242012867dc8b837e29b1a8324e93d22fc3f743ff363b5f117270d386b5a71
3513,1756,82944,6a242012867dc8b837e29b1a8324e93d22fc3f743ff363b5f117270d386b5a71
3514,1757,82944,6a242012867dc8b837e29b1a8324e93d22fc3f743ff363b5f117270d386b5a71
3515,1757,82944,6a242012867dc8b837e29b1a8324e93d22fc3f743ff363b5f117270d386b5a71
3516,1758,82944,6a242012867dc8b837e29b1a8324e93d22fc3f743ff363b5f117270d386b5a71
3517,1758,82944,6a242012867dc8b837e29b1a8324e93d22fc3f743ff363b5f117270d386b5a71
3518,1759,82944,6a242012867dc8b837e29b1a8324e93d22fc3f743ff363b5f117270d386b5a71
3519,1759,82944,6a242012867dc8b837e29b1a8324e93d22fc3f743ff363b5f117270d386b5a71
3520,1760,82944,6a242012867dc8b837e29b1a8324e93d22fc3f743ff363b5f117270d386b5a71
3521,1760,82944,6a242012867dc8b837e29b1a8324e93d22fc3f743ff363b5f117270d386b5a71
3522,1761,82944,6a242012867dc8b837e29b1a8324e93d22fc3f743ff363b5f117270d386b5a71
3523,1761,82944,6a242012867dc8b837e29b1a8324e93d22fc3f743ff363b5f117270d386b5a71
3524,1762,82944,6a242012867dc8b837e29b1a8324e93d22fc3f743ff363b5f117270d386b5a71
3525,1762,82944,6a242012867dc8b837e29b1a8324e93d22fc3f743ff363b5f117270d386b5a71
3526,1763,82944,6a242012867dc8b837e29b1a8324e93d22fc3f743ff363b5f117270d386b5a71
3527,1763,82944,6a242012867dc8b837e29b1a8324e93d22fc3f743ff363b5f117270d386b5a71
3528,1764,82944,6a242012867dc8b837e29b1a8324e93d22fc3f743ff363b5f117270d386b5a71
3529,1764,82944,6a242012867dc8b837e29b1a8324e93d22fc3f743ff363b5f117270d386b5a71
3530,1765,82944,6a242012867dc8b837e29b1a8324e93d22fc3f743ff363b5f117270d386b5a71
3531,1765,82944,6a242012867dc8b837e29b1a8324e93d22fc3f743ff363b5f117270d386b5a71
3532,1766,82944,6a242012867dc8b837e29b1a8324e93d22fc3f743ff363b5f117270d386b5a71
3533,1766,82944,6a242012867dc8b837e29b1a8324e93d22fc3f743ff363b5f117270d386b5a71
3534,1767,82944,6a242012867dc8b837e29b1a8324e93d22fc3f743ff363b5f117270d386b5a71
3535,1767,82944,6a242012867dc8b837e29b1a8324e93d22fc3f743ff363b5f117270d386b5a71
3536,1768,82944,6a242012867dc8b837e29b1a8324e93d22fc3f743ff363b5f117270d386b5a71
3537,1768,82944,6a242012867dc8b837e29b1a8324e93d22fc3f743ff363b5f117270d386b5a71
3538,1769,82944,6a242012867dc8b837e29b1a8324e93d22fc3f743ff363b5f117270d386b5a71
3539,1769,82944,6a242012867dc8b837e29b1a8324e93d22fc3f743ff363b5f117270d386b5a71
3540,1770,82944,6a242012867dc8b837e29b1a8324e93d22fc3f743ff363b5f117270d386b5a71
3541,1770,82944,6a242012867dc8b837e29b1a8324e93d22fc3f743ff363b5f117270d386b5a71
3542,1771,82944,6a242012867dc8b837e29b1a8324e93d22fc3f743ff363b5f117270d386b5a71
3543,1771,82944,6a242012867dc8b837e29b1a8324e93d22fc3f743ff363b5f117270d386b5a71
3544,1772,82944,6a242012867dc8b837e29b1a8324e93d22fc3f743ff363b5f117270d386b5a71
3545,1772,82944,6a242012867dc8b837e29b1a8324e93d22fc3f743ff363b5f117270d386b5a71
3546,1773,82944,6a242012867dc8b837e29b1a8324e93d22fc3f743ff363b5f117270d386b5a71
3547,1773,82944,6a242012867dc8b837e29b1a8324e93d22fc3f743ff363b5f117270d386b5a71
3548,1774,82944,6a242012867dc8b837e29b1a8324e93d22fc3f743ff363b5f117270d386b5a71
3549,1774,82944,6a242012867dc8b837e29b1a8324e93d22fc3f743ff363b5f117270d386b5a71
3550,1775,82944,6a242012867dc8b837e29b1a8324e93d22fc3f743ff363b5f117270d386b5a71
3551,1775,82944,6a242012867dc8b837e29b1a8324e93d22fc3f743ff363b5f117270d386b5a71
3552,1776,82944,6a242012867dc8b837e29b1a8324e93d22fc3f743ff363b5f117270d386b5a71
3553,1776,82944,6a242012867dc8b837e29b1a8324e93d22fc3f743ff363b5f117270d386b5a71
3554,1777,82944,6a242012867dc8b837e29b1a8324e93d22fc3f743ff363b5f117270d386b5a71
3555,1777,82944,6a242012867dc8b837e29b1a8324e93d22fc3f743ff363b5f117270d386b5a71
3556,1778,82944,6a242012867dc8b837e29b1a8324e93d22fc3f743ff363b5f117270d386b5a71
3557,1778,82944,6a242012867dc8b837e29b1a8324e93d22fc3f743ff363b5f117270d386b5a71
3558,1779,82944,6a242012867dc8b837e29b1a8324e93d22fc3f743ff363b5f117270d386b5a71
3559,1779,82944,6a242012867dc8b837e29b1a8324e93d22fc3f743ff363b5f117270d386b5a71
3560,1780,82944,6a242012867dc8b837e29b1a8324e93d22fc3f743ff363b5f117270d386b5a71
3561,1780,82944,6a242012867dc8b837e29b1a8324e93d22fc3f743ff363b5f117270d386b5a71
3562,1781,82944,6a242012867dc8b837e29b1a8324e93d22fc3f743ff363b5f117270d386b5a71
3563,1781,82944,6a242012867dc8b837e29b1a8324e93d22fc3f743ff363b5f117270d386b5a71
3564,1782,82944,6a242012867dc8b837e29b1a8324e93d22fc3f743ff363b5f117270d386b5a71
3565,1782,82944,6a242012867dc8b837e29b1a8324e93d22fc3f743ff363b5f117270d386b5a71
3566,1783,82944,6a242012867dc8b837e29b1a8324e93d22fc3f743ff363b5f117270d386b5a71
3567,1783,82944,6a242012867dc8b837e29b1a8324e93d22fc3f743ff363b5f117270d386b5a71
3568,1784,82944,6a242012867dc8b837e29b1a8324e93d22fc3f743ff363b5f117270d386b5a71
3569,1784,82944,6a242012867dc8b837e29b1a8324e93d22fc3f743ff363b5f117270d386b5a71
3570,1785,82944,6a242012867dc8b837e29b1a8324e93d22fc3f743ff363b5f117270d386b5a71
3571,1785,82944,6a242012867dc8b837e29b1a8324e93d22fc3f743ff363b5f117270d386b5a71
3572,1786,82944,6a242012867dc8b837e29b1a8324e93d22fc3f743ff363b5f117270d386b5a71
3573,1786,82944,6a242012867dc8b837e29b1a8324e93d22fc3f743ff363b5f117270d386b5a71
3574,1787,82944,6a242012867dc8b837e29b1a8324e93d22fc3f743ff363b5f117270d386b5a71
3575,1787,82944,6a242012867dc8b837e29b1a8324e93d22fc3f743ff363b5f117270d386b5a71
3576,1788,82944,6a242012867dc8b837e29b1a8324e93d22fc3f743ff363b5f117270d386b5a71
3577,1788,82944,6a242012867dc8b837e29b1a8324e93d22fc3f743ff363b5f117270d386b5a71
3578,1789,82944,6a242012867dc8b837e29b1a8324e93d22fc3f743ff363b5f117270d386b5a71
3579,1789,82944,6a242012867dc8b837e29b1a8324e93d22fc3f743ff363b5f117270d386b5a71
3580,1790,82944,6a242012867dc8b837e29b1a8324e93d22fc3f743ff363b5f117270d386b5a71
3581,1790,82944,6a242012867dc8b837e29b1a8324e93d22fc3f743ff363b5f117270d386b5a71
3582,1791,82944,6a242012867dc8b837e29b1a8324e93d22fc3f743ff363b5f117270d386b5a71
3583,1791,82944,6a242012867dc8b837e29b1a8324e93d22fc3f743ff363b5f117270d386b5a71
3584,1792,82944,6a242012867dc8b837e29b1a8324e93d22fc3f743ff363b5f117270d386b5a71
3585,1792,82944,6a242012867dc8b837e29b1a8324e93d22fc3f743ff363b5f117270d386b5a71
3586,1793,82944,6a242012867dc8b837e29b1a8324e93d22fc3f743ff363b5f117270d386b5a71
3587,1793,82944,6a242012867dc8b837e29b1a8324e93d22fc3f743ff363b5f117270d386b5a71
3588,1794,82944,6a242012867dc8b837e29b1a8324e93d22fc3f743ff363b5f117270d386b5a71
3589,1794,82944,6a242012867dc8b837e29b1a8324e93d22fc3f743ff363b5f117270d386b5a71
3590,1795,82944,6a242012867dc8b837e29b1a8324e93d22fc3f743ff363b5f117270d386b5a71
3591,1795,82944,6a242012867dc8b837e29b1a8324e93d22fc3f743ff363b5f117270d386b5a71
3592,1796,82944,6a242012867dc8b837e29b1a8324e93d22fc3f743ff363b5f117270d386b5a71
3593,1796,82944,6a242012867dc8b837e29b1a8324e93d22fc3f743ff363b5f117270d386b5a71
3594,1797,82944,6a242012867dc8b837e29b1a8324e93d22fc3f743ff363b5f117270d386b5a71
3595,1797,82944,6a242012867dc8b837e29b1a8324e93d22fc3f743ff363b5f117270d386b5a71
3596,1798,82944,6a242012867dc8b837e29b1a8324e93d22fc3f743ff363b5f117270d386b5a71
3597,1798,82944,6a242012867dc8b837e29b1a8324e93d22fc3f743ff363b5f117270d386b5a71
3598,1799,82944,6a242012867dc8b837e29b1a8324e93d22fc3f743ff363b5f117270d386b5a71
3599,1799,82944,6a242012867dc8b837e29b1a8324e93d22fc3f743ff363b5f117270d386b5a71
3600,1800,82944,6a242012867dc8b837e29b1a8324e93d22fc3f743ff363b5f117270d386b5a71
3601,1800,82944,6a242012867dc8b837e29b1a8324e93d22fc3f743ff363b5f117270d386b5a71
3602,1801,82944,6a242012867dc8b837e29b1a8324e93d22fc3f743ff363b5f117270d386b5a71
3603,1801,82944,6a242012867dc8b837e29b1a8324e93d22fc3f743ff363b5f117270d386b5a71
3604,1802,82944,6a242012867dc8b837e29b1a8324e93d22fc3f743ff363b5f117270d386b5a71
3605,1802,82944,6a242012867dc8b837e29b1a8324e93d22fc3f743ff363b5f117270d386b5a71
3606,1803,82944,6a242012867dc8b837e29b1a8324e93d22fc3f743ff363b5f117270d386b5a71
3607,1803,82944,6a242012867dc8b837e29b1a8324e93d22fc3f743ff363b5f117270d386b5a71
3608,1804,82944,6a242012867dc8b837e29b1a8324e93d22fc3f743ff363b5f117270d386b5a71
3609,1804,82944,6a242012867dc8b837e29b1a8324e93d22fc3f743ff363b5f117270d386b5a71
3610,1805,82944,6a242012867dc8b837e29b1a8324e93d22fc3f743ff363b5f117270d386b5a71
3611,1805,82944,6a242012867dc8b837e29b1a8324e93d22fc3f743ff363b5f117270d386b5a71
3612,1806,82944,6a242012867dc8b837e29b1a8324e93d22fc3f743ff363b5f117270d386b5a71
3613,1806,82944,6a242012867dc8b837e29b1a8324e93d22fc3f743ff363b5f117270d386b5a71
3614,1807,82944,6a242012867dc8b837e29b1a8324e93d22fc3f743ff363b5f117270d386b5a71
3615,1807,82944,6a242012867dc8b837e29b1a8324e93d22fc3f743ff363b5f117270d386b5a71
3616,1808,82944,6a242012867dc8b837e29b1a8324e93d22fc3f743ff363b5f117270d386b5a71
3617,1808,82944,6a242012867dc8b837e29b1a8324e93d22fc3f743ff363b5f117270d386b5a71
3618,1809,82944,6a242012867dc8b837e29b1a8324e93d22fc3f743ff363b5f117270d386b5a71
3619,1809,82944,6a242012867dc8b837e29b1a8324e93d22fc3f743ff363b5f117270d386b5a71
3620,1810,82944,6a242012867dc8b837e29b1a8324e93d22fc3f743ff363b5f117270d386b5a71
3621,1810,82944,6a242012867dc8b837e29b1a8324e93d22fc3f743ff363b5f117270d386b5a71
3622,1811,82944,6a242012867dc8b837e29b1a8324e93d22fc3f743ff363b5f117270d386b5a71
3623,1811,82944,6a242012867dc8b837e29b1a8324e93d22fc3f743ff363b5f117270d386b5a71
3624,1812,82944,6a242012867dc8b837e29b1a8324e93d22fc3f743ff363b5f117270d386b5a71
3625,1812,82944,6a242012867dc8b837e29b1a8324e93d22fc3f743ff363b5f117270d386b5a71
3626,1813,82944,6a242012867dc8b837e29b1a8324e93d22fc3f743ff363b5f117270d386b5a71
3627,1813,82944,6a242012867dc8b837e29b1a8324e93d22fc3f743ff363b5f117270d386b5a71
3628,1814,82944,6a242012867dc8b837e29b1a8324e93d22fc3f743ff363b5f117270d386b5a71
3629,1814,82944,6a242012867dc8b837e29b1a8324e93d22fc3f743ff363b5f117270d386b5a71
3630,1815,82944,6a242012867dc8b837e29b1a8324e93d22fc3f743ff363b5f117270d386b5a71
3631,1815,82944,6a242012867dc8b837e29b1a8324e93d22fc3f743ff363b5f117270d386b5a71
3632,1816,82944,6a242012867dc8b837e29b1a8324e93d22fc3f743ff363b5f117270d386b5a71
3633,1816,82944,6a242012867dc8b837e29b1a8324e93d22fc3f743ff363b5f117270d386b5a71
3634,1817,82944,6a242012867dc8b837e29b1a8324e93d22fc3f743ff363b5f117270d386b5a71
3635,1817,82944,6a242012867dc8b837e29b1a8324e93d22fc3f743ff363b5f117270d386b5a71
3636,1818,82944,6a242012867dc8b837e29b1a8324e93d22fc3f743ff363b5f117270d386b5a71
3637,1818,82944,6a242012867dc8b837e29b1a8324e93d22fc3f743ff363b5f117270d386b5a71
3638,1819,82944,6a242012867dc8b837e29b1a8324e93d22fc3f743ff363b5f117270d386b5a71
3639,1819,82944,6a242012867dc8b837e29b1a8324e93d22fc3f743ff363b5f117270d386b5a71
3640,1820,82944,6a242012867dc8b837e29b1a8324e93d22fc3f743ff363b5f117270d386b5a71
3641,1820,82944,6a242012867dc8b837e29b1a8324e93d22fc3f743ff363b5f117270d386b5a71
3642,1821,82944,6a242012867dc8b837e29b1a8324e93d22fc3f743ff363b5f117270d386b5a71
3643,1821,82944,6a242012867dc8b837e29b1a8324e93d22fc3f743ff363b5f117270d386b5a71
3644,1822,82944,6a242012867dc8b837e29b1a8324e93d22fc3f743ff363b5f117270d386b5a71
3645,1822,82944,6a242012867dc8b837e29b1a8324e93d22fc3f743ff363b5f117270d386b5a71
3646,1823,82944,6a242012867dc8b837e29b1a8324e93d22fc3f743ff363b5f117270d386b5a71
3647,1823,82944,6a242012867dc8b837e29b1a8324e93d22fc3f743ff363b5f117270d386b5a71
3648,1824,82944,6a242012867dc8b837e29b1a8324e93d22fc3f743ff363b5f117270d386b5a71
3649,1824,82944,6a242012867dc8b837e29b1a8324e93d22fc3f743ff363b5f117270d386b5a71
3650,1825,82944,6a242012867dc8b837e29b1a8324e93d22fc3f743ff363b5f117270d386b5a71
3651,1825,82944,6a242012867dc8b837e29b1a8324e93d22fc3f743ff363b5f117270d386b5a71
3652,1826,82944,6a242012867dc8b837e29b1a8324e93d22fc3f743ff363b5f117270d386b5a71
3653,1826,82944,6a242012867dc8b837e29b1a8324e93d22fc3f743ff363b5f117270d386b5a71
3654,1827,82944,6a242012867dc8b837e29b1a8324e93d22fc3f743ff363b5f117270d386b5a71
3655,1827,82944,6a242012867dc8b837e29b1a8324e93d22fc3f743ff363b5f117270d386b5a71
3656,1828,82944,6a242012867dc8b837e29b1a8324e93d22fc3f743ff363b5f117270d386b5a71
3657,1828,82944,6a242012867dc8b837e29b1a8324e93d22fc3f743ff363b5f117270d386b5a71
3658,1829,82944,6a242012867dc8b837e29b1a8324e93d22fc3f743ff363b5f117270d386b5a71
3659,1829,82944,6a242012867dc8b837e29b1a8324e93d22fc3f743ff363b5f117270d386b5a71
3660,1830,82944,6a242012867dc8b837e29b1a8324e93d22fc3f743ff363b5f117270d386b5a71
3661,1830,82944,6a242012867dc8b837e29b1a8324e93d22fc3f743ff363b5f117270d386b5a71
3662,1831,82944,6a242012867dc8b837e29b1a8324e93d22fc3f743ff363b5f117270d386b5a71
3663,1831,82944,6a242012867dc8b837e29b1a8324e93d22fc3f743ff363b5f117270d386b5a71
3664,1832,82944,6a242012867dc8b837e29b1a8324e93d22fc3f743ff363b5f117270d386b5a71
3665,1832,82944,6a242012867dc8b837e29b1a8324e93d22fc3f743ff363b5f117270d386b5a71
3666,1833,82944,6a242012867dc8b837e29b1a8324e93d22fc3f743ff363b5f117270d386b5a71
3667,1833,82944,6a242012867dc8b837e29b1a8324e93d22fc3f743ff363b5f117270d386b5a71
3668,1834,82944,6a242012867dc8b837e29b1a8324e93d22fc3f743ff363b5f117270d386b5a71
3669,1834,82944,6a242012867dc8b837e29b1a8324e93d22fc3f743ff363b5f117270d386b5a71
3670,1835,82944,6a242012867dc8b837e29b1a8324e93d22fc3f743ff363b5f117270d386b5a71
3671,1835,82944,6a242012867dc8b837e29b1a8324e93d22fc3f743ff363b5f117270d386b5a71
3672,1836,82944,6a242012867dc8b837e29b1a8324e93d22fc3f743ff363b5f117270d386b5a71
3673,1836,82944,6a242012867dc8b837e29b1a8324e93d22fc3f743ff363b5f117270d386b5a71
3674,1837,82944,6a242012867dc8b837e29b1a8324e93d22fc3f743ff363b5f117270d386b5a71
3675,1837,82944,6a242012867dc8b837e29b1a8324e93d22fc3f743ff363b5f117270d386b5a71
3676,1838,82944,6a242012867dc8b837e29b1a8324e93d22fc3f743ff363b5f117270d386b5a71
3677,1838,82944,6a242012867dc8b837e29b1a8324e93d22fc3f743ff363b5f117270d386b5a71
3678,1839,82944,6a242012867dc8b837e29b1a8324e93d22fc3f743ff363b5f117270d386b5a71
3679,1839,82944,6a242012867dc8b837e29b1a8324e93d22fc3f743ff363b5f117270d386b5a71
3680,1840,82944,6a242012867dc8b837e29b1a8324e93d22fc3f743ff363b5f117270d386b5a71
3681,1840,82944,6a242012867dc8b837e29b1a8324e93d22fc3f743ff363b5f117270d386b5a71
3682,1841,82944,6a242012867dc8b837e29b1a8324e93d22fc3f743ff363b5f117270d386b5a71
3683,1841,82944,6a242012867dc8b837e29b1a8324e93d22fc3f743ff363b5f117270d386b5a71
3684,1842,82944,6a242012867dc8b837e29b1a8324e93d22fc3f743ff363b5f117270d386b5a71
3685,1842,82944,6a242012867dc8b837e29b1a8324e93d22fc3f743ff363b5f117270d386b5a71
3686,1843,82944,6a242012867dc8b837e29b1a8324e93d22fc3f743ff363b5f117270d386b5a71
3687,1843,82944,6a242012867dc8b837e29b1a8324e93d22fc3f743ff363b5f117270d386b5a71
3688,1844,82944,6a242012867dc8b837e29b1a8324e93d22fc3f743ff363b5f117270d386b5a71
3689,1844,82944,6a242012867dc8b837e29b1a8324e93d22fc3f743ff363b5f117270d386b5a71
3690,1845,82944,6a242012867dc8b837e29b1a8324e93d22fc3f743ff363b5f117270d386b5a71
3691,1845,82944,6a242012867dc8b837e29b1a8324e93d22fc3f743ff363b5f117270d386b5a71
3692,1846,82944,6a242012867dc8b837e29b1a8324e93d22fc3f743ff363b5f117270d386b5a71
3693,1846,82944,6a242012867dc8b837e29b1a8324e93d22fc3f743ff363b5f117270d386b5a71
3694,1847,82944,6a242012867dc8b837e29b1a8324e93d22fc3f743ff363b5f117270d386b5a71
3695,1847,82944,6a242012867dc8b837e29b1a8324e93d22fc3f743ff363b5f117270d386b5a71
3696,1848,82944,6a242012867dc8b837e29b1a8324e93d22fc3f743ff363b5f117270d386b5a71
3697,1848,82944,6a242012867dc8b837e29b1a8324e93d22fc3f743ff363b5f117270d386b5a71
3698,1849,82944,6a242012867dc8b837e29b1a8324e93d22fc3f743ff363b5f117270d386b5a71
3699,1849,82944,6a242012867dc8b837e29b1a8324e93d22fc3f743ff363b5f117270d386b5a71
3700,1850,82944,6a242012867dc8b837e29b1a8324e93d22fc3f743ff363b5f117270d386b5a71
3701,1850,82944,6a242012867dc8b837e29b1a8324e93d22fc3f743ff363b5f117270d386b5a71
3702,1851,82944,6a242012867dc8b837e29b1a8324e93d22fc3f743ff363b5f117270d386b5a71
3703,1851,82944,6a242012867dc8b837e29b1a8324e93d22fc3f743ff363b5f117270d386b5a71
3704,1852,82944,6a242012867dc8b837e29b1a8324e93d22fc3f743ff363b5f117270d386b5a71
3705,1852,82944,6a242012867dc8b837e29b1a8324e93d22fc3f743ff363b5f117270d386b5a71
3706,1853,82944,6a242012867dc8b837e29b1a8324e93d22fc3f743ff363b5f117270d386b5a71
3707,1853,82944,6a242012867dc8b837e29b1a8324e93d22fc3f743ff363b5f117270d386b5a71
3708,1854,82944,6a242012867dc8b837e29b1a8324e93d22fc3f743ff363b5f117270d386b5a71
3709,1854,82944,6a242012867dc8b837e29b1a8324e93d22fc3f743ff363b5f117270d386b5a71
3710,1855,82944,6a242012867dc8b837e29b1a8324e93d22fc3f743ff363b5f117270d386b5a71
3711,1855,82944,6a242012867dc8b837e29b1a8324e93d22fc3f743ff363b5f117270d386b5a71
3712,1856,82944,6a242012867dc8b837e29b1a8324e93d22fc3f743ff363b5f117270d386b5a71
3713,1856,82944,6a242012867dc8b837e29b1a8324e93d22fc3f743ff363b5f117270d386b5a71
3714,1857,82944,6a242012867dc8b837e29b1a8324e93d22fc3f743ff363b5f117270d386b5a71
3715,1857,82944,6a242012867dc8b837e29b1a8324e93d22fc3f743ff363b5f117270d386b5a71
3716,1858,82944,6a242012867dc8b837e29b1a8324e93d22fc3f743ff363b5f117270d386b5a71
3717,1858,82944,6a242012867dc8b837e29b1a8324e93d22fc3f743ff363b5f117270d386b5a71
3718,1859,82944,6a242012867dc8b837e29b1a8324e93d22fc3f743ff363b5f117270d386b5a71
3719,1859,82944,6a242012867dc8b837e29b1a8324e93d22fc3f743ff363b5f117270d386b5a71
3720,1860,82944,6a242012867dc8b837e29b1a8324e93d22fc3f743ff363b5f117270d386b5a71
3721,1860,82944,6a242012867dc8b837e29b1a8324e93d22fc3f743ff363b5f117270d386b5a71
3722,1861,82944,6a242012867dc8b837e29b1a8324e93d22fc3f743ff363b5f117270d386b5a71
3723,1861,82944,6a242012867dc8b837e29b1a8324e93d22fc3f743ff363b5f117270d386b5a71
3724,1862,82944,6a242012867dc8b837e29b1a8324e93d22fc3f743ff363b5f117270d386b5a71
3725,1862,82944,6a242012867dc8b837e29b1a8324e93d22fc3f743ff363b5f117270d386b5a71
3726,1863,82944,6a242012867dc8b837e29b1a8324e93d22fc3f743ff363b5f117270d386b5a71
3727,1863,82944,6a242012867dc8b837e29b1a8324e93d22fc3f743ff363b5f117270d386b5a71
3728,1864,82944,6a242012867dc8b837e29b1a8324e93d22fc3f743ff363b5f117270d386b5a71
3729,1864,82944,6a242012867dc8b837e29b1a8324e93d22fc3f743ff363b5f117270d386b5a71
3730,1865,82944,6a242012867dc8b837e29b1a8324e93d22fc3f743ff363b5f117270d386b5a71
3731,1865,82944,6a242012867dc8b837e29b1a8324e93d22fc3f743ff363b5f117270d386b5a71
3732,1866,82944,6a242012867dc8b837e29b1a8324e93d22fc3f743ff363b5f117270d386b5a71
3733,1866,82944,6a242012867dc8b837e29b1a8324e93d22fc3f743ff363b5f117270d386b5a71
3734,1867,82944,6a242012867dc8b837e29b1a8324e93d22fc3f743ff363b5f117270d386b5a71
3735,1867,82944,6a242012867dc8b837e29b1a8324e93d22fc3f743ff363b5f117270d386b5a71
3736,1868,82944,6a242012867dc8b837e29b1a8324e93d22fc3f743ff363b5f117270d386b5a71
3737,1868,82944,6a242012867dc8b837e29b1a8324e93d22fc3f743ff363b5f117270d386b5a71
3738,1869,82944,6a242012867dc8b837e29b1a8324e93d22fc3f743ff363b5f117270d386b5a71
3739,1869,82944,6a242012867dc8b837e29b1a8324e93d22fc3f743ff363b5f117270d386b5a71
3740,1870,82944,6a242012867dc8b837e29b1a8324e93d22fc3f743ff363b5f117270d386b5a71
3741,1870,82944,6a242012867dc8b837e29b1a8324e93d22fc3f743ff363b5f117270d386b5a71
3742,1871,82944,6a242012867dc8b837e29b1a8324e93d22fc3f743ff363b5f117270d386b5a71
3743,1871,82944,6a242012867dc8b837e29b1a8324e93d22fc3f743ff363b5f117270d386b5a71
3744,1872,82944,6a242012867dc8b837e29b1a8324e93d22fc3f743ff363b5f117270d386b5a71
3745,1872,82944,6a242012867dc8b837e29b1a8324e93d22fc3f743ff363b5f117270d386b5a71
3746,1873,82944,6a242012867dc8b837e29b1a8324e93d22fc3f743ff363b5f117270d386b5a71
3747,1873,82944,6a242012867dc8b837e29b1a8324e93d22fc3f743ff363b5f117270d386b5a71
3748,1874,82944,6a242012867dc8b837e29b1a8324e93d22fc3f743ff363b5f117270d386b5a71
3749,1874,82944,6a242012867dc8b837e29b1a8324e93d22fc3f743ff363b5f117270d386b5a71
3750,1875,82944,6a242012867dc8b837e29b1a8324e93d22fc3f743ff363b5f117270d386b5a71
3751,1875,82944,6a242012867dc8b837e29b1a8324e93d22fc3f743ff363b5f117270d386b5a71
3752,1876,82944,6a242012867dc8b837e29b1a8324e93d22fc3f743ff363b5f117270d386b5a71
3753,1876,82944,6a242012867dc8b837e29b1a8324e93d22fc3f743ff363b5f117270d386b5a71
3754,1877,82944,6a242012867dc8b837e29b1a8324e93d22fc3f743ff363b5f117270d386b5a71
3755,1877,82944,6a242012867dc8b837e29b1a8324e93d22fc3f743ff363b5f117270d386b5a71
3756,1878,82944,6a242012867dc8b837e29b1a8324e93d22fc3f743ff363b5f117270d386b5a71
3757,1878,82944,6a242012867dc8b837e29b1a8324e93d22fc3f743ff363b5f117270d386b5a71
3758,1879,82944,6a242012867dc8b837e29b1a8324e93d22fc3f743ff363b5f117270d386b5a71
3759,1879,82944,6a242012867dc8b837e29b1a8324e93d22fc3f743ff363b5f117270d386b5a71
3760,1880,82944,6a242012867dc8b837e29b1a8324e93d22fc3f743ff363b5f117270d386b5a71
3761,1880,82944,6a242012867dc8b837e29b1a8324e93d22fc3f743ff363b5f117270d386b5a71
3762,1881,82944,6a242012867dc8b837e29b1a8324e93d22fc3f743ff363b5f117270d386b5a71
3763,1881,82944,6a242012867dc8b837e29b1a8324e93d22fc3f743ff363b5f117270d386b5a71
3764,1882,82944,6a242012867dc8b837e29b1a8324e93d22fc3f743ff363b5f117270d386b5a71
3765,1882,82944,6a242012867dc8b837e29b1a8324e93d22fc3f743ff363b5f117270d386b5a71
3766,1883,82944,6a242012867dc8b837e29b1a8324e93d22fc3f743ff363b5f117270d386b5a71
3767,1883,82944,6a242012867dc8b837e29b1a8324e93d22fc3f743ff363b5f117270d386b5a71
3768,1884,82944,6a242012867dc8b837e29b1a8324e93d22fc3f743ff363b5f117270d386b5a71
3769,1884,82944,6a242012867dc8b837e29b1a8324e93d22fc3f743ff363b5f117270d386b5a71
3770,1885,82944,6a242012867dc8b837e29b1a8324e93d22fc3f743ff363b5f117270d386b5a71
3771,1885,82944,6a242012867dc8b837e29b1a8324e93d22fc3f743ff363b5f117270d386b5a71
3772,1886,82944,6a242012867dc8b837e29b1a8324e93d22fc3f743ff363b5f117270d386b5a71
3773,1886,82944,6a242012867dc8b837e29b1a8324e93d22fc3f743ff363b5f117270d386b5a71
3774,1887,82944,6a242012867dc8b837e29b1a8324e93d22fc3f743ff363b5f117270d386b5a71
3775,1887,82944,6a242012867dc8b837e29b1a8324e93d22fc3f743ff363b5f117270d386b5a71
3776,1888,82944,6a242012867dc8b837e29b1a8324e93d22fc3f743ff363b5f117270d386b5a71
3777,1888,82944,6a242012867dc8b837e29b1a8324e93d22fc3f743ff363b5f117270d386b5a71
3778,1889,82944,6a242012867dc8b837e29b1a8324e93d22fc3f743ff363b5f117270d386b5a71
3779,1889,82944,6a242012867dc8b837e29b1a8324e93d22fc3f743ff363b5f117270d386b5a71
3780,1890,82944,6a242012867dc8b837e29b1a8324e93d22fc3f743ff363b5f117270d386b5a71
3781,1890,82944,6a242012867dc8b837e29b1a8324e93d22fc3f743ff363b5f117270d386b5a71
3782,1891,82944,6a242012867dc8b837e29b1a8324e93d22fc3f743ff363b5f117270d386b5a71
3783,1891,82944,6a242012867dc8b837e29b1a8324e93d22fc3f743ff363b5f117270d386b5a71
3784,1892,82944,6a242012867dc8b837e29b1a8324e93d22fc3f743ff363b5f117270d386b5a71
3785,1892,82944,6a242012867dc8b837e29b1a8324e93d22fc3f743ff363b5f117270d386b5a71
3786,1893,82944,6a242012867dc8b837e29b1a8324e93d22fc3f743ff363b5f117270d386b5a71
3787,1893,82944,6a242012867dc8b837e29b1a8324e93d22fc3f743ff363b5f117270d386b5a71
3788,1894,82944,6a242012867dc8b837e29b1a8324e93d22fc3f743ff363b5f117270d386b5a71
3789,1894,82944,6a242012867dc8b837e29b1a8324e93d22fc3f743ff363b5f117270d386b5a71
3790,1895,82944,6a242012867dc8b837e29b1a8324e93d22fc3f743ff363b5f117270d386b5a71
3791,1895,82944,6a242012867dc8b837e29b1a8324e93d22fc3f743ff363b5f117270d386b5a71
3792,1896,82944,6a242012867dc8b837e29b1a8324e93d22fc3f743ff363b5f117270d386b5a71
3793,1896,82944,6a242012867dc8b837e29b1a8324e93d22fc3f743ff363b5f117270d386b5a71
3794,1897,82944,6a242012867dc8b837e29b1a8324e93d22fc3f743ff363b5f117270d386b5a71
3795,1897,82944,6a242012867dc8b837e29b1a8324e93d22fc3f743ff363b5f117270d386b5a71
3796,1898,82944,6a242012867dc8b837e29b1a8324e93d22fc3f743ff363b5f117270d386b5a71
3797,1898,82944,6a242012867dc8b837e29b1a8324e93d22fc3f743ff363b5f117270d386b5a71
3798,1899,82944,6a242012867dc8b837e29b1a8324e93d22fc3f743ff363b5f117270d386b5a71
3799,1899,82944,6a242012867dc8b837e29b1a8324e93d22fc3f743ff363b5f117270d386b5a71
3800,1900,82944,6a242012867dc8b837e29b1a8324e93d22fc3f743ff363b5f117270d386b5a71
3801,1900,82944,6a242012867dc8b837e29b1a8324e93d22fc3f743ff363b5f117270d386b5a71
3802,1901,82944,6a242012867dc8b837e29b1a8324e93d22fc3f743ff363b5f117270d386b5a71
3803,1901,82944,6a242012867dc8b837e29b1a8324e93d22fc3f743ff363b5f117270d386b5a71
3804,1902,82944,6a242012867dc8b837e29b1a8324e93d22fc3f743ff363b5f117270d386b5a71
3805,1902,82944,6a242012867dc8b837e29b1a8324e93d22fc3f743ff363b5f117270d386b5a71
3806,1903,82944,6a242012867dc8b837e29b1a8324e93d22fc3f743ff363b5f117270d386b5a71
3807,1903,82944,6a242012867dc8b837e29b1a8324e93d22fc3f743ff363b5f117270d386b5a71
3808,1904,82944,6a242012867dc8b837e29b1a8324e93d22fc3f743ff363b5f117270d386b5a71
3809,1904,82944,6a242012867dc8b837e29b1a8324e93d22fc3f743ff363b5f117270d386b5a71
3810,1905,82944,6a242012867dc8b837e29b1a8324e93d22fc3f743ff363b5f117270d386b5a71
3811,1905,82944,6a242012867dc8b837e29b1a8324e93d22fc3f743ff363b5f117270d386b5a71
3812,1906,82944,6a242012867dc8b837e29b1a8324e93d22fc3f743ff363b5f117270d386b5a71
3813,1906,82944,6a242012867dc8b837e29b1a8324e93d22fc3f743ff363b5f117270d386b5a71
3814,1907,82944,6a242012867dc8b837e29b1a8324e93d22fc3f743ff363b5f117270d386b5a71
3815,1907,82944,6a242012867dc8b837e29b1a8324e93d22fc3f743ff363b5f117270d386b5a71
3816,1908,82944,6a242012867dc8b837e29b1a8324e93d22fc3f743ff363b5f117270d386b5a71
3817,1908,82944,6a242012867dc8b837e29b1a8324e93d22fc3f743ff363b5f117270d386b5a71
3818,1909,82944,6a242012867dc8b837e29b1a8324e93d22fc3f743ff363b5f117270d386b5a71
3819,1909,82944,6a242012867dc8b837e29b1a8324e93d22fc3f743ff363b5f117270d386b5a71
3820,1910,82944,6a242012867dc8b837e29b1a8324e93d22fc3f743ff363b5f117270d386b5a71
3821,1910,82944,6a242012867dc8b837e29b1a8324e93d22fc3f743ff363b5f117270d386b5a71
3822,1911,82944,6a242012867dc8b837e29b1a8324e93d22fc3f743ff363b5f117270d386b5a71
3823,1911,82944,6a242012867dc8b837e29b1a8324e93d22fc3f743ff363b5f117270d386b5a71
3824,1912,82944,6a242012867dc8b837e29b1a8324e93d22fc3f743ff363b5f117270d386b5a71
3825,1912,82944,6a242012867dc8b837e29b1a8324e93d22fc3f743ff363b5f117270d386b5a71
3826,1913,82944,6a242012867dc8b837e29b1a8324e93d22fc3f743ff363b5f117270d386b5a71
3827,1913,82944,6a242012867dc8b837e29b1a8324e93d22fc3f743ff363b5f117270d386b5a71
3828,1914,82944,6a242012867dc8b837e29b1a8324e93d22fc3f743ff363b5f117270d386b5a71
3829,1914,82944,6a242012867dc8b837e29b1a8324e93d22fc3f743ff363b5f117270d386b5a71
3830,1915,82944,6a242012867dc8b837e29b1a8324e93d22fc3f743ff363b5f117270d386b5a71
3831,1915,82944,6a242012867dc8b837e29b1a8324e93d22fc3f743ff363b5f117270d386b5a71
3832,1916,82944,6a242012867dc8b837e29b1a8324e93d22fc3f743ff363b5f117270d386b5a71
3833,1916,82944,6a242012867dc8b837e29b1a8324e93d22fc3f743ff363b5f117270d386b5a71
3834,1917,82944,6a242012867dc8b837e29b1a8324e93d22fc3f743ff363b5f117270d386b5a71
3835,1917,82944,6a242012867dc8b837e29b1a8324e93d22fc3f743ff363b5f117270d386b5a71
3836,1918,82944,6a242012867dc8b837e29b1a8324e93d22fc3f743ff363b5f117270d386b5a71
3837,1918,82944,6a242012867dc8b837e29b1a8324e93d22fc3f743ff363b5f117270d386b5a71
3838,1919,82944,6a242012867dc8b837e29b1a8324e93d22fc3f743ff363b5f117270d386b5a71
3839,1919,82944,6a242012867dc8b837e29b1a8324e93d22fc3f743ff363b5f117270d386b5a71
3840,1920,82944,6a242012867dc8b837e29b1a8324e93d22fc3f743ff363b5f117270d386b5a71
3841,1920,82944,6a242012867dc8b837e29b1a8324e93d22fc3f743ff363b5f117270d386b5a71
3842,1921,82944,6a242012867dc8b837e29b1a8324e93d22fc3f743ff363b5f117270d386b5a71
3843,1921,82944,6a242012867dc8b837e29b1a8324e93d22fc3f743ff363b5f117270d386b5a71
3844,1922,82944,6a242012867dc8b837e29b1a8324e93d22fc3f743ff363b5f117270d386b5a71
3845,1922,82944,6a242012867dc8b837e29b1a8324e93d22fc3f743ff363b5f117270d386b5a71
3846,1923,82944,6a242012867dc8b837e29b1a8324e93d22fc3f743ff363b5f117270d386b5a71
3847,1923,82944,6a242012867dc8b837e29b1a8324e93d22fc3f743ff363b5f117270d386b5a71
3848,1924,82944,6a242012867dc8b837e29b1a8324e93d22fc3f743ff363b5f117270d386b5a71
3849,1924,82944,6a242012867dc8b837e29b1a8324e93d22fc3f743ff363b5f117270d386b5a71
3850,1925,82944,6a242012867dc8b837e29b1a8324e93d22fc3f743ff363b5f117270d386b5a71
3851,1925,82944,6a242012867dc8b837e29b1a8324e93d22fc3f743ff363b5f117270d386b5a71
3852,1926,82944,6a242012867dc8b837e29b1a8324e93d22fc3f743ff363b5f117270d386b5a71
3853,1926,82944,6a242012867dc8b837e29b1a8324e93d22fc3f743ff363b5f117270d386b5a71
3854,1927,82944,6a242012867dc8b837e29b1a8324e93d22fc3f743ff363b5f117270d386b5a71
3855,1927,82944,6a242012867dc8b837e29b1a8324e93d22fc3f743ff363b5f117270d386b5a71
3856,1928,82944,6a242012867dc8b837e29b1a8324e93d22fc3f743ff363b5f117270d386b5a71
3857,1928,82944,6a242012867dc8b837e29b1a8324e93d22fc3f743ff363b5f117270d386b5a71
3858,1929,82944,6a242012867dc8b837e29b1a8324e93d22fc3f743ff363b5f117270d386b5a71
3859,1929,82944,6a242012867dc8b837e29b1a8324e93d22fc3f743ff363b5f117270d386b5a71
3860,1930,82944,6a242012867dc8b837e29b1a8324e93d22fc3f743ff363b5f117270d386b5a71
3861,1930,82944,6a242012867dc8b837e29b1a8324e93d22fc3f743ff363b5f117270d386b5a71
3862,1931,82944,6a242012867dc8b837e29b1a8324e93d22fc3f743ff363b5f117270d386b5a71
3863,1931,82944,6a242012867dc8b837e29b1a8324e93d22fc3f743ff363b5f117270d386b5a71
3864,1932,82944,6a242012867dc8b837e29b1a8324e93d22fc3f743ff363b5f117270d386b5a71
3865,1932,82944,6a242012867dc8b837e29b1a8324e93d22fc3f743ff363b5f117270d386b5a71
3866,1933,82944,6a242012867dc8b837e29b1a8324e93d22fc3f743ff363b5f117270d386b5a71
3867,1933,82944,6a242012867dc8b837e29b1a8324e93d22fc3f743ff363b5f117270d386b5a71
3868,1934,82944,6a242012867dc8b837e29b1a8324e93d22fc3f743ff363b5f117270d386b5a71
3869,1934,82944,6a242012867dc8b837e29b1a8324e93d22fc3f743ff363b5f117270d386b5a71
3870,1935,82944,6a242012867dc8b837e29b1a8324e93d22fc3f743ff363b5f117270d386b5a71
3871,1935,82944,6a242012867dc8b837e29b1a8324e93d22fc3f743ff363b5f117270d386b5a71
3872,1936,82944,6a242012867dc8b837e29b1a8324e93d22fc3f743ff363b5f117270d386b5a71
3873,1936,82944,6a242012867dc8b837e29b1a8324e93d22fc3f743ff363b5f117270d386b5a71
3874,1937,82944,6a242012867dc8b837e29b1a8324e93d22fc3f743ff363b5f117270d386b5a71
3875,1937,82944,6a242012867dc8b837e29b1a8324e93d22fc3f743ff363b5f117270d386b5a71
3876,1938,82944,6a242012867dc8b837e29b1a8324e93d22fc3f743ff363b5f117270d386b5a71
3877,1938,82944,6a242012867dc8b837e29b1a8324e93d22fc3f743ff363b5f117270d386b5a71
3878,1939,82944,6a242012867dc8b837e29b1a8324e93d22fc3f743ff363b5f117270d386b5a71
3879,1939,82944,6a242012867dc8b837e29b1a8324e93d22fc3f743ff363b5f117270d386b5a71
3880,1940,82944,6a242012867dc8b837e29b1a8324e93d22fc3f743ff363b5f117270d386b5a71
3881,1940,82944,6a242012867dc8b837e29b1a8324e93d22fc3f743ff363b5f117270d386b5a71
3882,1941,82944,6a242012867dc8b837e29b1a8324e93d22fc3f743ff363b5f117270d386b5a71
3883,1941,82944,6a242012867dc8b837e29b1a8324e93d22fc3f743ff363b5f117270d386b5a71
3884,1942,82944,6a242012867dc8b837e29b1a8324e93d22fc3f743ff363b5f117270d386b5a71
3885,1942,82944,6a242012867dc8b837e29b1a8324e93d22fc3f743ff363b5f117270d386b5a71
3886,1943,82944,6a242012867dc8b837e29b1a8324e93d22fc3f743ff363b5f117270d386b5a71
3887,1943,82944,6a242012867dc8b837e29b1a8324e93d22fc3f743ff363b5f117270d386b5a71
3888,1944,82944,6a242012867dc8b837e29b1a8324e93d22fc3f743ff363b5f117270d386b5a71
3889,1944,82944,6a242012867dc8b837e29b1a8324e93d22fc3f743ff363b5f117270d386b5a71
3890,1945,82944,6a242012867dc8b837e29b1a8324e93d22fc3f743ff363b5f117270d386b5a71
3891,1945,82944,6a242012867dc8b837e29b1a8324e93d22fc3f743ff363b5f117270d386b5a71
3892,1946,82944,6a242012867dc8b837e29b1a8324e93d22fc3f743ff363b5f117270d386b5a71
3893,1946,82944,6a242012867dc8b837e29b1a8324e93d22fc3f743ff363b5f117270d386b5a71
3894,1947,82944,6a242012867dc8b837e29b1a8324e93d22fc3f743ff363b5f117270d386b5a71
3895,1947,82944,6a242012867dc8b837e29b1a8324e93d22fc3f743ff363b5f117270d386b5a71
3896,1948,82944,6a242012867dc8b837e29b1a8324e93d22fc3f743ff363b5f117270d386b5a71
3897,1948,82944,6a242012867dc8b837e29b1a8324e93d22fc3f743ff363b5f117270d386b5a71
3898,1949,82944,6a242012867dc8b837e29b1a8324e93d22fc3f743ff363b5f117270d386b5a71
3899,1949,82944,6a242012867dc8b837e29b1a8324e93d22fc3f743ff363b5f117270d386b5a71
3900,1950,82944,6a242012867dc8b837e29b1a8324e93d22fc3f743ff363b5f117270d386b5a71
3901,1950,82944,6a242012867dc8b837e29b1a8324e93d22fc3f743ff363b5f117270d386b5a71
3902,1951,82944,6a242012867dc8b837e29b1a8324e93d22fc3f743ff363b5f117270d386b5a71
3903,1951,82944,6a242012867dc8b837e29b1a8324e93d22fc3f743ff363b5f117270d386b5a71
3904,1952,82944,6a242012867dc8b837e29b1a8324e93d22fc3f743ff363b5f117270d386b5a71
3905,1952,82944,6a242012867dc8b837e29b1a8324e93d22fc3f743ff363b5f117270d386b5a71
3906,1953,82944,6a242012867dc8b837e29b1a8324e93d22fc3f743ff363b5f117270d386b5a71
3907,1953,82944,6a242012867dc8b837e29b1a8324e93d22fc3f743ff363b5f117270d386b5a71
3908,1954,82944,6a242012867dc8b837e29b1a8324e93d22fc3f743ff363b5f117270d386b5a71
3909,1954,82944,6a242012867dc8b837e29b1a8324e93d22fc3f743ff363b5f117270d386b5a71
3910,1955,82944,6a242012867dc8b837e29b1a8324e93d22fc3f743ff363b5f117270d386b5a71
3911,1955,82944,6a242012867dc8b837e29b1a8324e93d22fc3f743ff363b5f117270d386b5a71
3912,1956,82944,6a242012867dc8b837e29b1a8324e93d22fc3f743ff363b5f117270d386b5a71
3913,1956,82944,6a242012867dc8b837e29b1a8324e93d22fc3f743ff363b5f117270d386b5a71
3914,1957,82944,6a242012867dc8b837e29b1a8324e93d22fc3f743ff363b5f117270d386b5a71
3915,1957,82944,6a242012867dc8b837e29b1a8324e93d22fc3f743ff363b5f117270d386b5a71
3916,1958,82944,6a242012867dc8b837e29b1a8324e93d22fc3f743ff363b5f117270d386b5a71
3917,1958,82944,6a242012867dc8b837e29b1a8324e93d22fc3f743ff363b5f117270d386b5a71
3918,1959,82944,6a242012867dc8b837e29b1a8324e93d22fc3f743ff363b5f117270d386b5a71
3919,1959,82944,6a242012867dc8b837e29b1a8324e93d22fc3f743ff363b5f117270d386b5a71
3920,1960,82944,6a242012867dc8b837e29b1a8324e93d22fc3f743ff363b5f117270d386b5a71
3921,1960,82944,6a242012867dc8b837e29b1a8324e93d22fc3f743ff363b5f117270d386b5a71
3922,1961,82944,6a242012867dc8b837e29b1a8324e93d22fc3f743ff363b5f117270d386b5a71
3923,1961,82944,6a242012867dc8b837e29b1a8324e93d22fc3f743ff363b5f117270d386b5a71
3924,1962,82944,6a242012867dc8b837e29b1a8324e93d22fc3f743ff363b5f117270d386b5a71
3925,1962,82944,6a242012867dc8b837e29b1a8324e93d22fc3f743ff363b5f117270d386b5a71
3926,1963,82944,6a242012867dc8b837e29b1a8324e93d22fc3f743ff363b5f117270d386b5a71
3927,1963,82944,6a242012867dc8b837e29b1a8324e93d22fc3f743ff363b5f117270d386b5a71
3928,1964,82944,6a242012867dc8b837e29b1a8324e93d22fc3f743ff363b5f117270d386b5a71
3929,1964,82944,6a242012867dc8b837e29b1a8324e93d22fc3f743ff363b5f117270d386b5a71
3930,1965,82944,6a242012867dc8b837e29b1a8324e93d22fc3f743ff363b5f117270d386b5a71
3931,1965,82944,6a242012867dc8b837e29b1a8324e93d22fc3f743ff363b5f117270d386b5a71
3932,1966,82944,6a242012867dc8b837e29b1a8324e93d22fc3f743ff363b5f117270d386b5a71
3933,1966,82944,6a242012867dc8b837e29b1a8324e93d22fc3f743ff363b5f117270d386b5a71
3934,1967,82944,6a242012867dc8b837e29b1a8324e93d22fc3f743ff363b5f117270d386b5a71
3935,1967,82944,6a242012867dc8b837e29b1a8324e93d22fc3f743ff363b5f117270d386b5a71
3936,1968,82944,6a242012867dc8b837e29b1a8324e93d22fc3f743ff363b5f117270d386b5a71
3937,1968,82944,6a242012867dc8b837e29b1a8324e93d22fc3f743ff363b5f117270d386b5a71
3938,1969,82944,6a242012867dc8b837e29b1a8324e93d22fc3f743ff363b5f117270d386b5a71
3939,1969,82944,6a242012867dc8b837e29b1a8324e93d22fc3f743ff363b5f117270d386b5a71
3940,1970,82944,6a242012867dc8b837e29b1a8324e93d22fc3f743ff363b5f117270d386b5a71
3941,1970,82944,6a242012867dc8b837e29b1a8324e93d22fc3f743ff363b5f117270d386b5a71
3942,1971,82944,6a242012867dc8b837e29b1a8324e93d22fc3f743ff363b5f117270d386b5a71
3943,1971,82944,6a242012867dc8b837e29b1a8324e93d22fc3f743ff363b5f117270d386b5a71
3944,1972,82944,6a242012867dc8b837e29b1a8324e93d22fc3f743ff363b5f117270d386b5a71
3945,1972,82944,6a242012867dc8b837e29b1a8324e93d22fc3f743ff363b5f117270d386b5a71
3946,1973,82944,6a242012867dc8b837e29b1a8324e93d22fc3f743ff363b5f117270d386b5a71
3947,1973,82944,6a242012867dc8b837e29b1a8324e93d22fc3f743ff363b5f117270d386b5a71
3948,1974,82944,6a242012867dc8b837e29b1a8324e93d22fc3f743ff363b5f117270d386b5a71
3949,1974,82944,6a242012867dc8b837e29b1a8324e93d22fc3f743ff363b5f117270d386b5a71
3950,1975,82944,6a242012867dc8b837e29b1a8324e93d22fc3f743ff363b5f117270d386b5a71
3951,1975,82944,6a242012867dc8b837e29b1a8324e93d22fc3f743ff363b5f117270d386b5a71
3952,1976,82944,6a242012867dc8b837e29b1a8324e93d22fc3f743ff363b5f117270d386b5a71
3953,1976,82944,6a242012867dc8b837e29b1a8324e93d22fc3f743ff363b5f117270d386b5a71
3954,1977,82944,6a242012867dc8b837e29b1a8324e93d22fc3f743ff363b5f117270d386b5a71
3955,1977,82944,6a242012867dc8b837e29b1a8324e93d22fc3f743ff363b5f117270d386b5a71
3956,1978,82944,6a242012867dc8b837e29b1a8324e93d22fc3f743ff363b5f117270d386b5a71
3957,1978,82944,6a242012867dc8b837e29b1a8324e93d22fc3f743ff363b5f117270d386b5a71
3958,1979,82944,6a242012867dc8b837e29b1a8324e93d22fc3f743ff363b5f117270d386b5a71
3959,1979,82944,6a242012867dc8b837e29b1a8324e93d22fc3f743ff363b5f117270d386b5a71
3960,1980,82944,6a242012867dc8b837e29b1a8324e93d22fc3f743ff363b5f117270d386b5a71
3961,1980,82944,6a242012867dc8b837e29b1a8324e93d22fc3f743ff363b5f117270d386b5a71
3962,1981,82944,6a242012867dc8b837e29b1a8324e93d22fc3f743ff363b5f117270d386b5a71
3963,1981,82944,6a242012867dc8b837e29b1a8324e93d22fc3f743ff363b5f117270d386b5a71
3964,1982,82944,6a242012867dc8b837e29b1a8324e93d22fc3f743ff363b5f117270d386b5a71
3965,1982,82944,6a242012867dc8b837e29b1a8324e93d22fc3f743ff363b5f117270d386b5a71
3966,1983,82944,6a242012867dc8b837e29b1a8324e93d22fc3f743ff363b5f117270d386b5a71
3967,1983,82944,6a242012867dc8b837e29b1a8324e93d22fc3f743ff363b5f117270d386b5a71
3968,1984,82944,6a242012867dc8b837e29b1a8324e93d22fc3f743ff363b5f117270d386b5a71
3969,1984,82944,6a242012867dc8b837e29b1a8324e93d22fc3f743ff363b5f117270d386b5a71
3970,1985,82944,6a242012867dc8b837e29b1a8324e93d22fc3f743ff363b5f117270d386b5a71
3971,1985,82944,6a242012867dc8b837e29b1a8324e93d22fc3f743ff363b5f117270d386b5a71
3972,1986,82944,6a242012867dc8b837e29b1a8324e93d22fc3f743ff363b5f117270d386b5a71
3973,1986,82944,6a242012867dc8b837e29b1a8324e93d22fc3f743ff363b5f117270d386b5a71
3974,1987,82944,6a242012867dc8b837e29b1a8324e93d22fc3f743ff363b5f117270d386b5a71
3975,1987,82944,6a242012867dc8b837e29b1a8324e93d22fc3f743ff363b5f117270d386b5a71
3976,1988,82944,6a242012867dc8b837e29b1a8324e93d22fc3f743ff363b5f117270d386b5a71
3977,1988,82944,6a242012867dc8b837e29b1a8324e93d22fc3f743ff363b5f117270d386b5a71
3978,1989,82944,6a242012867dc8b837e29b1a8324e93d22fc3f743ff363b5f117270d386b5a71
3979,1989,82944,6a242012867dc8b837e29b1a8324e93d22fc3f743ff363b5f117270d386b5a71
3980,1990,82944,6a242012867dc8b837e29b1a8324e93d22fc3f743ff363b5f117270d386b5a71
3981,1990,82944,6a242012867dc8b837e29b1a8324e93d22fc3f743ff363b5f117270d386b5a71
3982,1991,82944,6a242012867dc8b837e29b1a8324e93d22fc3f743ff363b5f117270d386b5a71
3983,1991,82944,6a242012867dc8b837e29b1a8324e93d22fc3f743ff363b5f117270d386b5a71
3984,1992,82944,6a242012867dc8b837e29b1a8324e93d22fc3f743ff363b5f117270d386b5a71
3985,1992,82944,6a242012867dc8b837e29b1a8324e93d22fc3f743ff363b5f117270d386b5a71
3986,1993,82944,6a242012867dc8b837e29b1a8324e93d22fc3f743ff363b5f117270d386b5a71
3987,1993,82944,6a242012867dc8b837e29b1a8324e93d22fc3f743ff363b5f117270d386b5a71
3988,1994,82944,6a242012867dc8b837e29b1a8324e93d22fc3f743ff363b5f117270d386b5a71
3989,1994,82944,6a242012867dc8b837e29b1a8324e93d22fc3f743ff363b5f117270d386b5a71
3990,1995,82944,6a242012867dc8b837e29b1a8324e93d22fc3f743ff363b5f117270d386b5a71
3991,1995,82944,6a242012867dc8b837e29b1a8324e93d22fc3f743ff363b5f117270d386b5a71
3992,1996,82944,6a242012867dc8b837e29b1a8324e93d22fc3f743ff363b5f117270d386b5a71
3993,1996,82944,6a242012867dc8b837e29b1a8324e93d22fc3f743ff363b5f117270d386b5a71
3994,1997,82944,6a242012867dc8b837e29b1a8324e93d22fc3f743ff363b5f117270d386b5a71
3995,1997,82944,6a242012867dc8b837e29b1a8324e93d22fc3f743ff363b5f117270d386b5a71
3996,1998,82944,6a242012867dc8b837e29b1a8324e93d22fc3f743ff363b5f117270d386b5a71
3997,1998,82944,6a242012867dc8b837e29b1a8324e93d22fc3f743ff363b5f117270d386b5a71
3998,1999,82944,6a242012867dc8b837e29b1a8324e93d22fc3f743ff363b5f117270d386b5a71
3999,1999,82944,6a242012867dc8b837e29b1a8324e93d22fc3f743ff363b5f117270d386b5a71
4000,2000,82944,6a242012867dc8b837e29b1a8324e93d22fc3f743ff363b5f117270d386b5a71
4001,2000,82944,6a242012867dc8b837e29b1a8324e93d22fc3f743ff363b5f117270d386b5a71
