step,retired_old_survivor_count,retired_old_survivor_bytes,same_slot_multigeneration_count,maximum_retired_generations_in_one_slot,retired_slot_count,gc_count_generation_0,gc_count_generation_1,gc_count_generation_2,gc_collections_generation_0,gc_collections_generation_1,gc_collections_generation_2,gc_collected_generation_0,gc_collected_generation_1,gc_collected_generation_2,manual_gc_collected_objects,manual_gc_wall_seconds,current_rss_bytes,live_current_tensor_bytes,edge_count,step_wall_seconds
1,0,0,0,0,0,483,3,6,311,28,2,6139,466,10,0,0.0,236208128,4112416,82944,0.02277112501906231
2,0,0,0,0,0,38,4,6,312,28,2,6438,466,10,0,0.0,241876992,4112416,82944,0.022052708023693413
3,3,2654208,0,1,3,323,4,6,312,28,2,6438,466,10,0,0.0,243286016,4112416,82944,0.022465959016699344
4,13,8011776,3,2,13,636,4,6,312,28,2,6438,466,10,0,0.0,246972416,4112416,82944,0.022235042008105665
5,7,2703360,0,1,7,154,5,6,313,28,2,6871,466,10,0,0.0,247021568,4112416,82944,0.02310099999886006
6,15,8028160,5,2,13,424,5,6,313,28,2,6871,466,10,0,0.0,247037952,4112416,82944,0.02274416701402515
7,25,13385728,13,3,13,19,6,6,314,28,2,7316,466,10,0,0.0,254427136,4112416,82944,0.021907375019509345
8,12,5373952,5,2,10,245,6,6,314,28,2,7316,466,10,0,0.0,254427136,4112416,82944,0.022226708009839058
9,22,10731520,10,3,13,532,6,6,314,28,2,7316,466,10,0,0.0,254476288,4112416,82944,0.022435749997384846
10,9,2719744,2,2,10,37,7,6,315,28,2,7765,466,10,0,0.0,254525440,4112416,82944,0.02184891700744629
11,12,5373952,5,2,10,279,7,6,315,28,2,7765,466,10,0,0.0,254525440,4112416,82944,0.0224352499935776
12,22,10731520,10,3,13,564,7,6,315,28,2,7765,466,10,0,0.0,256573440,4112416,82944,0.02295845898333937
13,14,5390336,8,3,10,37,8,6,316,28,2,8195,466,10,0,0.0,260947968,4112416,82944,0.022436791041400284
14,17,8044544,8,3,10,297,8,6,316,28,2,8195,466,10,0,0.0,260964352,4112416,82944,0.022337000002153218
15,27,13402112,10,4,13,585,8,6,316,28,2,8195,466,10,0,0.0,261046272,4112416,82944,0.021984082995913923
16,14,5390336,8,3,10,37,9,6,317,28,2,8678,466,10,0,0.0,262389760,4112416,82944,0.021617332997266203
17,17,8044544,8,3,10,281,9,6,317,28,2,8678,466,10,0,0.0,262389760,4112416,82944,0.02243462495971471
18,27,13402112,10,4,13,568,9,6,317,28,2,8678,466,10,0,0.0,263127040,4112416,82944,0.021738542011007667
19,17,8044544,8,3,10,37,10,6,318,28,2,9158,466,10,0,0.0,263143424,4112416,82944,0.02175358298700303
20,20,10698752,8,4,10,275,10,6,318,28,2,9158,466,10,0,0.0,263159808,4112416,82944,0.021588249946944416
21,30,16056320,10,5,13,562,10,6,318,28,2,9158,466,10,0,0.0,263225344,4112416,82944,0.02115004201186821
22,20,10698752,8,4,10,37,11,6,319,28,2,9639,466,10,0,0.0,266911744,4112416,82944,0.024798042024485767
23,23,13352960,8,5,10,281,11,6,319,28,2,9639,466,10,0,0.0,266911744,4112416,82944,0.02368579199537635
24,33,18710528,10,6,13,567,11,6,319,28,2,9639,466,10,0,0.0,266944512,4112416,82944,0.021861875022295862
25,0,0,0,0,0,74,0,0,319,29,3,9639,1096,76,66,0.021344250009860843,266944512,4112416,82944,0.021912166033871472
26,3,2654208,0,1,3,270,0,0,319,29,3,9639,1096,76,0,0.0,266944512,4112416,82944,0.023159416974522173
27,13,8011776,3,2,13,555,0,0,319,29,3,9639,1096,76,0,0.0,266944512,4112416,82944,0.02294120896840468
28,0,0,0,0,0,37,1,0,320,29,3,10069,1096,76,0,0.0,266944512,4112416,82944,0.022461207991000265
29,3,2654208,0,1,3,259,1,0,320,29,3,10069,1096,76,0,0.0,266944512,4112416,82944,0.02269391604932025
30,13,8011776,3,2,13,541,1,0,320,29,3,10069,1096,76,0,0.0,266944512,4112416,82944,0.02249041700270027
31,0,0,0,0,0,37,2,0,321,29,3,10565,1096,76,0,0.0,266944512,4112416,82944,0.022141291003208607
32,3,2654208,0,1,3,274,2,0,321,29,3,10565,1096,76,0,0.0,266944512,4112416,82944,0.022479999985080212
33,13,8011776,3,2,13,559,2,0,321,29,3,10565,1096,76,0,0.0,266960896,4112416,82944,0.02206479199230671
34,4,49152,0,1,4,37,3,0,322,29,3,11031,1096,76,0,0.0,266960896,4112416,82944,0.022051959007512778
35,7,2703360,0,1,7,278,3,0,322,29,3,11031,1096,76,0,0.0,266960896,4112416,82944,0.02264050004305318
36,17,8060928,7,2,13,565,3,0,322,29,3,11031,1096,76,0,0.0,266960896,4112416,82944,0.022236667049583048
37,4,49152,0,1,4,37,4,0,323,29,3,11513,1096,76,0,0.0,266977280,4112416,82944,0.02214849996380508
38,7,2703360,0,1,7,278,4,0,323,29,3,11513,1096,76,0,0.0,266977280,4112416,82944,0.023510708997491747
39,17,8060928,7,2,13,564,4,0,323,29,3,11513,1096,76,0,0.0,267026432,4112416,82944,0.02294966601766646
40,4,49152,0,1,4,37,5,0,324,29,3,11994,1096,76,0,0.0,267042816,4112416,82944,0.022420458029955626
41,7,2703360,0,1,7,281,5,0,324,29,3,11994,1096,76,0,0.0,267042816,4112416,82944,0.021969916997477412
42,17,8060928,7,2,13,567,5,0,324,29,3,11994,1096,76,0,0.0,267091968,4112416,82944,0.021439499978441745
43,4,49152,0,1,4,37,6,0,325,29,3,12479,1096,76,0,0.0,268419072,4112416,82944,0.02239391702460125
44,7,2703360,0,1,7,275,6,0,325,29,3,12479,1096,76,0,0.0,268419072,4112416,82944,0.022949041973333806
45,17,8060928,7,2,13,561,6,0,325,29,3,12479,1096,76,0,0.0,268451840,4112416,82944,0.022052208019886166
46,4,49152,0,1,4,37,7,0,326,29,3,12966,1096,76,0,0.0,268468224,4112416,82944,0.02205920801497996
47,7,2703360,0,1,7,270,7,0,326,29,3,12966,1096,76,0,0.0,268468224,4112416,82944,0.022662833973299712
48,17,8060928,7,2,13,556,7,0,326,29,3,12966,1096,76,0,0.0,268517376,4112416,82944,0.02217433397891
49,4,49152,0,1,4,37,8,0,327,29,3,13464,1096,76,0,0.0,268533760,4112416,82944,0.022279708995483816
50,0,0,0,0,0,74,0,0,327,29,4,13464,1096,326,250,0.01884758402593434,268550144,4112416,82944,0.022472332988400012
51,3,2654208,0,1,3,270,0,0,327,29,4,13464,1096,326,0,0.0,269893632,4112416,82944,0.02433991600992158
52,13,8011776,3,2,13,555,0,0,327,29,4,13464,1096,326,0,0.0,269910016,4112416,82944,0.02250979095697403
53,0,0,0,0,0,37,1,0,328,29,4,13895,1096,326,0,0.0,269910016,4112416,82944,0.02293808403192088
54,3,2654208,0,1,3,259,1,0,328,29,4,13895,1096,326,0,0.0,269910016,4112416,82944,0.022840958030428737
55,13,8011776,3,2,13,484,1,0,328,29,4,13895,1096,326,0,0.0,269910016,4112416,82944,0.02283791603986174
56,0,0,0,0,0,37,2,0,329,29,4,14448,1096,326,0,0.0,269910016,4112416,82944,0.022505000000819564
57,3,2654208,0,1,3,259,2,0,329,29,4,14448,1096,326,0,0.0,269926400,4112416,82944,0.023440833028871566
58,13,8011776,3,2,13,510,2,0,329,29,4,14448,1096,326,0,0.0,269926400,4112416,82944,0.023275000043213367
59,0,0,0,0,0,37,3,0,330,29,4,14946,1096,326,0,0.0,269926400,4112416,82944,0.02231391699751839
60,3,2654208,0,1,3,259,3,0,330,29,4,14946,1096,326,0,0.0,269926400,4112416,82944,0.023712375026661903
61,13,8011776,3,2,13,534,3,0,330,29,4,14946,1096,326,0,0.0,269926400,4112416,82944,0.022455124999396503
62,0,0,0,0,0,37,4,0,331,29,4,15403,1096,326,0,0.0,269942784,4112416,82944,0.022066333040129393
63,3,2654208,0,1,3,274,4,0,331,29,4,15403,1096,326,0,0.0,269942784,4112416,82944,0.023458790965378284
64,13,8011776,3,2,13,560,4,0,331,29,4,15403,1096,326,0,0.0,269959168,4112416,82944,0.02275004202965647
65,5,2670592,0,1,8,37,5,0,332,29,4,15836,1096,326,0,0.0,269959168,4112416,82944,0.02244899998186156
66,8,5324800,3,2,8,291,5,0,332,29,4,15836,1096,326,0,0.0,269991936,4112416,82944,0.02225470799021423
67,18,10682368,8,3,13,579,5,0,332,29,4,15836,1096,326,0,0.0,270024704,4112416,82944,0.022249292000196874
68,5,2670592,0,1,8,37,6,0,333,29,4,16318,1096,326,0,0.0,270057472,4112416,82944,0.02234683302231133
69,8,5324800,3,2,8,279,6,0,333,29,4,16318,1096,326,0,0.0,270057472,4112416,82944,0.022702125017531216
70,18,10682368,8,3,13,566,6,0,333,29,4,16318,1096,326,0,0.0,270090240,4112416,82944,0.02191987499827519
71,8,5324800,6,2,8,37,7,0,334,29,4,16804,1096,326,0,0.0,271450112,4112416,82944,0.022218165977392346
72,11,7979008,6,3,8,274,7,0,334,29,4,16804,1096,326,0,0.0,271450112,4112416,82944,0.022967875003814697
73,21,13336576,8,4,13,560,7,0,334,29,4,16804,1096,326,0,0.0,271499264,4112416,82944,0.022771459014620632
74,8,5324800,6,2,8,37,8,0,335,29,4,17287,1096,326,0,0.0,271515648,4112416,82944,0.02232220902806148
75,0,0,0,0,0,74,0,0,335,29,5,17287,1096,613,287,0.019044124986976385,271515648,4112416,82944,0.022511749994009733
76,3,2654208,0,1,3,270,0,0,335,29,5,17287,1096,613,0,0.0,271515648,4112416,82944,0.025271665945183486
77,13,8011776,3,2,13,555,0,0,335,29,5,17287,1096,613,0,0.0,271876096,4112416,82944,0.023668334004469216
78,0,0,0,0,0,37,1,0,336,29,5,17720,1096,613,0,0.0,271876096,4112416,82944,0.02326891600387171
79,3,2654208,0,1,3,259,1,0,336,29,5,17720,1096,613,0,0.0,271876096,4112416,82944,0.023572542006149888
80,13,8011776,3,2,13,484,1,0,336,29,5,17720,1096,613,0,0.0,271876096,4112416,82944,0.023269500001333654
81,0,0,0,0,0,37,2,0,337,29,5,18270,1096,613,0,0.0,271892480,4112416,82944,0.022538917022757232
82,3,2654208,0,1,3,259,2,0,337,29,5,18270,1096,613,0,0.0,272596992,4112416,82944,0.023540458001662046
83,13,8011776,3,2,13,516,2,0,337,29,5,18270,1096,613,0,0.0,272596992,4112416,82944,0.02256216702517122
84,0,0,0,0,0,37,3,0,338,29,5,18727,1096,613,0,0.0,273924096,4112416,82944,0.02296758402371779
85,3,2654208,0,1,3,261,3,0,338,29,5,18727,1096,613,0,0.0,273940480,4112416,82944,0.02298087498638779
86,13,8011776,3,2,13,546,3,0,338,29,5,18727,1096,613,0,0.0,273940480,4112416,82944,0.022229083988349885
87,5,2670592,0,1,8,37,4,0,339,29,5,19167,1096,613,0,0.0,273940480,4112416,82944,0.023540417023468763
88,8,5324800,3,2,8,291,4,0,339,29,5,19167,1096,613,0,0.0,273940480,4112416,82944,0.02295295801013708
89,18,10682368,8,3,13,578,4,0,339,29,5,19167,1096,613,0,0.0,274644992,4112416,82944,0.02315137500409037
90,9,2719744,2,2,10,37,5,0,340,29,5,19628,1096,613,0,0.0,274644992,4112416,82944,0.022321624972391874
91,12,5373952,5,2,10,287,5,0,340,29,5,19628,1096,613,0,0.0,274644992,4112416,82944,0.02253245795145631
92,22,10731520,10,3,13,575,5,0,340,29,5,19628,1096,613,0,0.0,275349504,4112416,82944,0.023056874983012676
93,12,5373952,8,2,10,37,6,0,341,29,5,20108,1096,613,0,0.0,275365888,4112416,82944,0.022914959001354873
94,15,8028160,8,3,10,277,6,0,341,29,5,20108,1096,613,0,0.0,275709952,4112416,82944,0.023300750006455928
95,25,13385728,10,4,13,564,6,0,341,29,5,20108,1096,613,0,0.0,275742720,4112416,82944,0.022633624961599708
96,15,8028160,8,3,10,37,7,0,342,29,5,20594,1096,613,0,0.0,275759104,4112416,82944,0.022756999998819083
97,18,10682368,8,4,10,273,7,0,342,29,5,20594,1096,613,0,0.0,275759104,4112416,82944,0.023375292017590255
98,28,16039936,10,5,13,559,7,0,342,29,5,20594,1096,613,0,0.0,275791872,4112416,82944,0.022360666014719754
99,15,8028160,8,3,10,37,8,0,343,29,5,21084,1096,613,0,0.0,275824640,4112416,82944,0.022679457964841276
100,0,0,0,0,0,74,0,0,343,29,6,21084,1096,945,332,0.020103708025999367,275841024,4112416,82944,0.021943083964288235
101,3,2654208,0,1,3,270,0,0,343,29,6,21084,1096,945,0,0.0,275857408,4112416,82944,0.02422779198968783
102,13,8011776,3,2,13,555,0,0,343,29,6,21084,1096,945,0,0.0,275857408,4112416,82944,0.022631666040979326
103,0,0,0,0,0,37,1,0,344,29,6,21516,1096,945,0,0.0,275857408,4112416,82944,0.023064083012286574
104,3,2654208,0,1,3,259,1,0,344,29,6,21516,1096,945,0,0.0,275857408,4112416,82944,0.022739582986105233
105,13,8011776,3,2,13,484,1,0,344,29,6,21516,1096,945,0,0.0,275857408,4112416,82944,0.02265254099620506
106,0,0,0,0,0,37,2,0,345,29,6,22074,1096,945,0,0.0,275857408,4112416,82944,0.02294637495651841
107,3,2654208,0,1,3,259,2,0,345,29,6,22074,1096,945,0,0.0,275857408,4112416,82944,0.023274582985322922
108,13,8011776,3,2,13,503,2,0,345,29,6,22074,1096,945,0,0.0,275857408,4112416,82944,0.02290987502783537
109,0,0,0,0,0,37,3,0,346,29,6,22573,1096,945,0,0.0,275857408,4112416,82944,0.022306416009087116
110,3,2654208,0,1,3,259,3,0,346,29,6,22573,1096,945,0,0.0,275857408,4112416,82944,0.02338249998865649
111,13,8011776,3,2,13,528,3,0,346,29,6,22573,1096,945,0,0.0,275857408,4112416,82944,0.022588416992221028
112,0,0,0,0,0,37,4,0,347,29,6,23030,1096,945,0,0.0,275857408,4112416,82944,0.02221408300101757
113,3,2654208,0,1,3,272,4,0,347,29,6,23030,1096,945,0,0.0,275857408,4112416,82944,0.023480583040509373
114,13,8011776,3,2,13,557,4,0,347,29,6,23030,1096,945,0,0.0,275873792,4112416,82944,0.02231333398958668
115,5,2670592,0,1,8,37,5,0,348,29,6,23463,1096,945,0,0.0,275873792,4112416,82944,0.021822208014782518
116,8,5324800,3,2,8,291,5,0,348,29,6,23463,1096,945,0,0.0,275873792,4112416,82944,0.023750333988573402
117,18,10682368,8,3,13,579,5,0,348,29,6,23463,1096,945,0,0.0,275906560,4112416,82944,0.022314166009891778
118,5,2670592,0,1,8,37,6,0,349,29,6,23948,1096,945,0,0.0,275906560,4112416,82944,0.022970582998823375
119,8,5324800,3,2,8,275,6,0,349,29,6,23948,1096,945,0,0.0,275922944,4112416,82944,0.022274999995715916
120,18,10682368,8,3,13,562,6,0,349,29,6,23948,1096,945,0,0.0,275972096,4112416,82944,0.022109333018306643
121,8,5324800,6,2,8,37,7,0,350,29,6,24439,1096,945,0,0.0,275988480,4112416,82944,0.02156062499852851
122,11,7979008,6,3,8,266,7,0,350,29,6,24439,1096,945,0,0.0,275988480,4112416,82944,0.02168366697151214
123,21,13336576,8,4,13,552,7,0,350,29,6,24439,1096,945,0,0.0,276037632,4112416,82944,0.02201175002846867
124,8,5324800,6,2,8,37,8,0,351,29,6,24939,1096,945,0,0.0,276070400,4112416,82944,0.021747459017205983
125,0,0,0,0,0,74,0,0,351,29,7,24939,1096,1234,289,0.019403458980377764,276070400,4112416,82944,0.021723416983149946
126,3,2654208,0,1,3,270,0,0,351,29,7,24939,1096,1234,0,0.0,276086784,4112416,82944,0.02479449997190386
127,13,8011776,3,2,13,555,0,0,351,29,7,24939,1096,1234,0,0.0,276086784,4112416,82944,0.022689832956530154
128,0,0,0,0,0,37,1,0,352,29,7,25371,1096,1234,0,0.0,276086784,4112416,82944,0.022234541014768183
129,3,2654208,0,1,3,259,1,0,352,29,7,25371,1096,1234,0,0.0,276086784,4112416,82944,0.023069499991834164
130,13,8011776,3,2,13,484,1,0,352,29,7,25371,1096,1234,0,0.0,276086784,4112416,82944,0.023117416014429182
131,0,0,0,0,0,37,2,0,353,29,7,25929,1096,1234,0,0.0,276086784,4112416,82944,0.022699041001033038
132,3,2654208,0,1,3,259,2,0,353,29,7,25929,1096,1234,0,0.0,276086784,4112416,82944,0.022744459041859955
133,13,8011776,3,2,13,496,2,0,353,29,7,25929,1096,1234,0,0.0,276086784,4112416,82944,0.023243832984007895
134,0,0,0,0,0,37,3,0,354,29,7,26428,1096,1234,0,0.0,276086784,4112416,82944,0.022160874970722944
135,3,2654208,0,1,3,259,3,0,354,29,7,26428,1096,1234,0,0.0,276086784,4112416,82944,0.023616791993845254
136,13,8011776,3,2,13,528,3,0,354,29,7,26428,1096,1234,0,0.0,276086784,4112416,82944,0.02254679100587964
137,0,0,0,0,0,37,4,0,355,29,7,26885,1096,1234,0,0.0,276086784,4112416,82944,0.022377540997695178
138,3,2654208,0,1,3,271,4,0,355,29,7,26885,1096,1234,0,0.0,276086784,4112416,82944,0.02315445803105831
139,13,8011776,3,2,13,556,4,0,355,29,7,26885,1096,1234,0,0.0,276086784,4112416,82944,0.022914250032044947
140,5,2670592,0,1,8,37,5,0,356,29,7,27326,1096,1234,0,0.0,276119552,4112416,82944,0.02290537499357015
141,8,5324800,3,2,8,291,5,0,356,29,7,27326,1096,1234,0,0.0,276119552,4112416,82944,0.022062333999201655
142,18,10682368,8,3,13,579,5,0,356,29,7,27326,1096,1234,0,0.0,276152320,4112416,82944,0.02241925004636869
143,5,2670592,0,1,8,37,6,0,357,29,7,27810,1096,1234,0,0.0,276152320,4112416,82944,0.0258343750028871
144,8,5324800,3,2,8,276,6,0,357,29,7,27810,1096,1234,0,0.0,276152320,4112416,82944,0.023556125001050532
145,18,10682368,8,3,13,563,6,0,357,29,7,27810,1096,1234,0,0.0,276185088,4112416,82944,0.022199541970621794
146,8,5324800,6,2,8,37,7,0,358,29,7,28297,1096,1234,0,0.0,276201472,4112416,82944,0.022149208991322666
147,11,7979008,6,3,8,271,7,0,358,29,7,28297,1096,1234,0,0.0,276217856,4112416,82944,0.02267149998806417
148,21,13336576,8,4,13,557,7,0,358,29,7,28297,1096,1234,0,0.0,276234240,4112416,82944,0.022529250010848045
149,8,5324800,6,2,8,37,8,0,359,29,7,28787,1096,1234,0,0.0,276234240,4112416,82944,0.022802459017839283
150,0,0,0,0,0,74,0,0,359,29,8,28787,1096,1522,288,0.019911541021429002,276234240,4112416,82944,0.022222792031243443
151,3,2654208,0,1,3,270,0,0,359,29,8,28787,1096,1522,0,0.0,276234240,4112416,82944,0.024151791003532708
152,13,8011776,3,2,13,555,0,0,359,29,8,28787,1096,1522,0,0.0,276234240,4112416,82944,0.02221695799380541
153,0,0,0,0,0,37,1,0,360,29,8,29218,1096,1522,0,0.0,276234240,4112416,82944,0.022008625033777207
154,3,2654208,0,1,3,259,1,0,360,29,8,29218,1096,1522,0,0.0,276234240,4112416,82944,0.02277700003469363
155,13,8011776,3,2,13,484,1,0,360,29,8,29218,1096,1522,0,0.0,276234240,4112416,82944,0.022406708972994238
156,0,0,0,0,0,37,2,0,361,29,8,29776,1096,1522,0,0.0,276234240,4112416,82944,0.022846125008072704
157,3,2654208,0,1,3,259,2,0,361,29,8,29776,1096,1522,0,0.0,276234240,4112416,82944,0.022683707997202873
158,13,8011776,3,2,13,497,2,0,361,29,8,29776,1096,1522,0,0.0,276234240,4112416,82944,0.022685332980472594
159,0,0,0,0,0,37,3,0,362,29,8,30272,1096,1522,0,0.0,276250624,4112416,82944,0.02259354095440358
160,3,2654208,0,1,3,259,3,0,362,29,8,30272,1096,1522,0,0.0,276250624,4112416,82944,0.023123959021177143
161,13,8011776,3,2,13,532,3,0,362,29,8,30272,1096,1522,0,0.0,276267008,4112416,82944,0.022680916998069733
162,0,0,0,0,0,37,4,0,363,29,8,30729,1096,1522,0,0.0,276267008,4112416,82944,0.022444583009928465
163,3,2654208,0,1,3,277,4,0,363,29,8,30729,1096,1522,0,0.0,276267008,4112416,82944,0.0233859580475837
164,13,8011776,3,2,13,562,4,0,363,29,8,30729,1096,1522,0,0.0,276283392,4112416,82944,0.022470458992756903
165,5,2670592,0,1,8,37,5,0,364,29,8,31162,1096,1522,0,0.0,276283392,4112416,82944,0.02143375005107373
166,8,5324800,3,2,8,290,5,0,364,29,8,31162,1096,1522,0,0.0,276348928,4112416,82944,0.022925666999071836
167,18,10682368,8,3,13,578,5,0,364,29,8,31162,1096,1522,0,0.0,276348928,4112416,82944,0.022519332997035235
168,5,2670592,0,1,8,37,6,0,365,29,8,31645,1096,1522,0,0.0,276348928,4112416,82944,0.02255383401643485
169,8,5324800,3,2,8,277,6,0,365,29,8,31645,1096,1522,0,0.0,276381696,4112416,82944,0.022974667022936046
170,18,10682368,8,3,13,564,6,0,365,29,8,31645,1096,1522,0,0.0,276430848,4112416,82944,0.021948124980553985
171,8,5324800,6,2,8,37,7,0,366,29,8,32135,1096,1522,0,0.0,276447232,4112416,82944,0.02176629099994898
172,11,7979008,6,3,8,267,7,0,366,29,8,32135,1096,1522,0,0.0,276447232,4112416,82944,0.021927583031356335
173,21,13336576,8,4,13,553,7,0,366,29,8,32135,1096,1522,0,0.0,276463616,4112416,82944,0.022631958010606468
174,8,5324800,6,2,8,37,8,0,367,29,8,32630,1096,1522,0,0.0,276496384,4112416,82944,0.02284254098776728
175,0,0,0,0,0,74,0,0,367,29,9,32630,1096,1808,286,0.019484250049572438,276496384,4112416,82944,0.022213334043044597
176,3,2654208,0,1,3,270,0,0,367,29,9,32630,1096,1808,0,0.0,276496384,4112416,82944,0.023945625056512654
177,13,8011776,3,2,13,555,0,0,367,29,9,32630,1096,1808,0,0.0,276496384,4112416,82944,0.0224305409938097
178,0,0,0,0,0,37,1,0,368,29,9,33063,1096,1808,0,0.0,276496384,4112416,82944,0.022363541007507592
179,3,2654208,0,1,3,259,1,0,368,29,9,33063,1096,1808,0,0.0,276496384,4112416,82944,0.022121667047031224
180,13,8011776,3,2,13,484,1,0,368,29,9,33063,1096,1808,0,0.0,276496384,4112416,82944,0.0222678339923732
181,0,0,0,0,0,37,2,0,369,29,9,33620,1096,1808,0,0.0,276496384,4112416,82944,0.022007416002452374
182,3,2654208,0,1,3,259,2,0,369,29,9,33620,1096,1808,0,0.0,276496384,4112416,82944,0.022615541995037347
183,13,8011776,3,2,13,481,2,0,369,29,9,33620,1096,1808,0,0.0,276496384,4112416,82944,0.02283074997831136
184,0,0,0,0,0,37,3,0,370,29,9,34117,1096,1808,0,0.0,276496384,4112416,82944,0.022190416988451034
185,3,2654208,0,1,3,259,3,0,370,29,9,34117,1096,1808,0,0.0,276496384,4112416,82944,0.02276495803380385
186,13,8011776,3,2,13,531,3,0,370,29,9,34117,1096,1808,0,0.0,276512768,4112416,82944,0.02256983396364376
187,0,0,0,0,0,37,4,0,371,29,9,34573,1096,1808,0,0.0,276512768,4112416,82944,0.02229187497869134
188,3,2654208,0,1,3,272,4,0,371,29,9,34573,1096,1808,0,0.0,276512768,4112416,82944,0.023134500021114945
189,13,8011776,3,2,13,557,4,0,371,29,9,34573,1096,1808,0,0.0,276512768,4112416,82944,0.022384166019037366
190,5,2670592,0,1,8,37,5,0,372,29,9,35005,1096,1808,0,0.0,276512768,4112416,82944,0.02258175000315532
191,8,5324800,3,2,8,291,5,0,372,29,9,35005,1096,1808,0,0.0,276529152,4112416,82944,0.0223344590049237
192,18,10682368,8,3,13,579,5,0,372,29,9,35005,1096,1808,0,0.0,276594688,4112416,82944,0.021858709049411118
193,5,2670592,0,1,8,37,6,0,373,29,9,35490,1096,1808,0,0.0,276594688,4112416,82944,0.022268208966124803
194,8,5324800,3,2,8,276,6,0,373,29,9,35490,1096,1808,0,0.0,276594688,4112416,82944,0.022447124996688217
195,18,10682368,8,3,13,563,6,0,373,29,9,35490,1096,1808,0,0.0,276611072,4112416,82944,0.022017000010237098
196,8,5324800,6,2,8,37,7,0,374,29,9,35977,1096,1808,0,0.0,276627456,4112416,82944,0.021796667017042637
197,11,7979008,6,3,8,270,7,0,374,29,9,35977,1096,1808,0,0.0,276643840,4112416,82944,0.02217333298176527
198,21,13336576,8,4,13,556,7,0,374,29,9,35977,1096,1808,0,0.0,276676608,4112416,82944,0.0227642499958165
199,8,5324800,6,2,8,37,8,0,375,29,9,36475,1096,1808,0,0.0,276676608,4112416,82944,0.022511249990202487
200,0,0,0,0,0,74,0,0,375,29,10,36475,1096,2096,288,0.019915707991458476,276692992,4112416,82944,0.02232608397025615
201,3,2654208,0,1,3,270,0,0,375,29,10,36475,1096,2096,0,0.0,276692992,4112416,82944,0.023944833024870604
202,13,8011776,3,2,13,555,0,0,375,29,10,36475,1096,2096,0,0.0,276692992,4112416,82944,0.022533832991030067
203,0,0,0,0,0,37,1,0,376,29,10,36908,1096,2096,0,0.0,276692992,4112416,82944,0.022204042004887015
204,3,2654208,0,1,3,259,1,0,376,29,10,36908,1096,2096,0,0.0,276692992,4112416,82944,0.023445958038792014
205,13,8011776,3,2,13,484,1,0,376,29,10,36908,1096,2096,0,0.0,276692992,4112416,82944,0.02249400003347546
206,0,0,0,0,0,37,2,0,377,29,10,37465,1096,2096,0,0.0,276692992,4112416,82944,0.022248041990678757
207,3,2654208,0,1,3,259,2,0,377,29,10,37465,1096,2096,0,0.0,276692992,4112416,82944,0.024107250035740435
208,13,8011776,3,2,13,485,2,0,377,29,10,37465,1096,2096,0,0.0,276692992,4112416,82944,0.022886666003614664
209,0,0,0,0,0,37,3,0,378,29,10,37964,1096,2096,0,0.0,276692992,4112416,82944,0.02305850002449006
210,3,2654208,0,1,3,259,3,0,378,29,10,37964,1096,2096,0,0.0,276692992,4112416,82944,0.022468833019956946
211,13,8011776,3,2,13,529,3,0,378,29,10,37964,1096,2096,0,0.0,276692992,4112416,82944,0.022422957990784198
212,0,0,0,0,0,37,4,0,379,29,10,38418,1096,2096,0,0.0,276709376,4112416,82944,0.02268200000980869
213,3,2654208,0,1,3,280,4,0,379,29,10,38418,1096,2096,0,0.0,276709376,4112416,82944,0.0230612910236232
214,13,8011776,3,2,13,565,4,0,379,29,10,38418,1096,2096,0,0.0,276725760,4112416,82944,0.022767125046811998
215,5,2670592,0,1,8,37,5,0,380,29,10,38849,1096,2096,0,0.0,276742144,4112416,82944,0.022155000013299286
216,8,5324800,3,2,8,293,5,0,380,29,10,38849,1096,2096,0,0.0,276742144,4112416,82944,0.022065582976210862
217,18,10682368,8,3,13,581,5,0,380,29,10,38849,1096,2096,0,0.0,276774912,4112416,82944,0.022046250000130385
218,5,2670592,0,1,8,37,6,0,381,29,10,39326,1096,2096,0,0.0,279445504,4112416,82944,0.021799833979457617
219,8,5324800,3,2,8,283,6,0,381,29,10,39326,1096,2096,0,0.0,279445504,4112416,82944,0.022368042031303048
220,18,10682368,8,3,13,570,6,0,381,29,10,39326,1096,2096,0,0.0,279478272,4112416,82944,0.021972874994389713
221,8,5324800,6,2,8,37,7,0,382,29,10,39809,1096,2096,0,0.0,279494656,4112416,82944,0.021721457946114242
222,11,7979008,6,3,8,273,7,0,382,29,10,39809,1096,2096,0,0.0,279494656,4112416,82944,0.022425832983572036
223,21,13336576,8,4,13,560,7,0,382,29,10,39809,1096,2096,0,0.0,279527424,4112416,82944,0.021532875020056963
224,11,7979008,6,3,8,37,8,0,383,29,10,40294,1096,2096,0,0.0,279543808,4112416,82944,0.022026624996215105
225,0,0,0,0,0,74,0,0,383,29,11,40294,1096,2403,307,0.02001016598660499,279560192,4112416,82944,0.02224125002976507
226,3,2654208,0,1,3,270,0,0,383,29,11,40294,1096,2403,0,0.0,279560192,4112416,82944,0.02388812502613291
227,13,8011776,3,2,13,555,0,0,383,29,11,40294,1096,2403,0,0.0,279560192,4112416,82944,0.022236625023651868
228,0,0,0,0,0,37,1,0,384,29,11,40727,1096,2403,0,0.0,279560192,4112416,82944,0.02246912504779175
229,3,2654208,0,1,3,259,1,0,384,29,11,40727,1096,2403,0,0.0,279560192,4112416,82944,0.02280829200753942
230,13,8011776,3,2,13,484,1,0,384,29,11,40727,1096,2403,0,0.0,279560192,4112416,82944,0.02229854103643447
231,0,0,0,0,0,37,2,0,385,29,11,41285,1096,2403,0,0.0,279560192,4112416,82944,0.0236937910085544
232,3,2654208,0,1,3,259,2,0,385,29,11,41285,1096,2403,0,0.0,279560192,4112416,82944,0.023558375018183142
233,13,8011776,3,2,13,487,2,0,385,29,11,41285,1096,2403,0,0.0,279560192,4112416,82944,0.02269041701219976
234,0,0,0,0,0,37,3,0,386,29,11,41785,1096,2403,0,0.0,279560192,4112416,82944,0.02217049995670095
235,3,2654208,0,1,3,259,3,0,386,29,11,41785,1096,2403,0,0.0,279560192,4112416,82944,0.02244116604560986
236,13,8011776,3,2,13,528,3,0,386,29,11,41785,1096,2403,0,0.0,279560192,4112416,82944,0.023228334030136466
237,0,0,0,0,0,37,4,0,387,29,11,42242,1096,2403,0,0.0,279560192,4112416,82944,0.022954957967158407
238,3,2654208,0,1,3,271,4,0,387,29,11,42242,1096,2403,0,0.0,279576576,4112416,82944,0.02385554095963016
239,13,8011776,3,2,13,556,4,0,387,29,11,42242,1096,2403,0,0.0,279625728,4112416,82944,0.022547040949575603
240,5,2670592,0,1,8,37,5,0,388,29,11,42684,1096,2403,0,0.0,279625728,4112416,82944,0.023467375023756176
241,8,5324800,3,2,8,291,5,0,388,29,11,42684,1096,2403,0,0.0,279658496,4112416,82944,0.02264662500238046
242,18,10682368,8,3,13,579,5,0,388,29,11,42684,1096,2403,0,0.0,279674880,4112416,82944,0.022460500011220574
243,5,2670592,0,1,8,37,6,0,389,29,11,43169,1096,2403,0,0.0,279674880,4112416,82944,0.0224654579651542
244,8,5324800,3,2,8,275,6,0,389,29,11,43169,1096,2403,0,0.0,279707648,4112416,82944,0.022722416033502668
245,18,10682368,8,3,13,562,6,0,389,29,11,43169,1096,2403,0,0.0,279740416,4112416,82944,0.02268516703043133
246,8,5324800,6,2,8,37,7,0,390,29,11,43660,1096,2403,0,0.0,279740416,4112416,82944,0.022534457966685295
247,11,7979008,6,3,8,266,7,0,390,29,11,43660,1096,2403,0,0.0,279756800,4112416,82944,0.02330775000154972
248,21,13336576,8,4,13,552,7,0,390,29,11,43660,1096,2403,0,0.0,279789568,4112416,82944,0.022672166989650577
249,8,5324800,6,2,8,37,8,0,391,29,11,44160,1096,2403,0,0.0,279822336,4112416,82944,0.024828833003994077
250,0,0,0,0,0,74,0,0,391,29,12,44160,1096,2691,288,0.02070154104148969,279822336,4112416,82944,0.02278325002407655
251,3,2654208,0,1,3,270,0,0,391,29,12,44160,1096,2691,0,0.0,279822336,4112416,82944,0.024374250031542033
252,13,8011776,3,2,13,555,0,0,391,29,12,44160,1096,2691,0,0.0,279822336,4112416,82944,0.02372362499590963
253,0,0,0,0,0,37,1,0,392,29,12,44593,1096,2691,0,0.0,279822336,4112416,82944,0.02306079101981595
254,3,2654208,0,1,3,259,1,0,392,29,12,44593,1096,2691,0,0.0,279822336,4112416,82944,0.023613833007402718
255,13,8011776,3,2,13,484,1,0,392,29,12,44593,1096,2691,0,0.0,279822336,4112416,82944,0.023769957944750786
256,0,0,0,0,0,37,2,0,393,29,12,45151,1096,2691,0,0.0,279822336,4112416,82944,0.023560166999232024
257,3,2654208,0,1,3,259,2,0,393,29,12,45151,1096,2691,0,0.0,279822336,4112416,82944,0.024523833009880036
258,13,8011776,3,2,13,481,2,0,393,29,12,45151,1096,2691,0,0.0,279822336,4112416,82944,0.02286108396947384
259,0,0,0,0,0,37,3,0,394,29,12,45651,1096,2691,0,0.0,279822336,4112416,82944,0.02319820795673877
260,3,2654208,0,1,3,259,3,0,394,29,12,45651,1096,2691,0,0.0,279822336,4112416,82944,0.022980417008511722
261,13,8011776,3,2,13,527,3,0,394,29,12,45651,1096,2691,0,0.0,279822336,4112416,82944,0.023127791995648295
262,0,0,0,0,0,37,4,0,395,29,12,46108,1096,2691,0,0.0,279822336,4112416,82944,0.025770415959414095
263,3,2654208,0,1,3,273,4,0,395,29,12,46108,1096,2691,0,0.0,280559616,4112416,82944,0.025206208985764533
264,13,8011776,3,2,13,558,4,0,395,29,12,46108,1096,2691,0,0.0,280576000,4112416,82944,0.022584040998481214
265,5,2670592,0,1,8,37,5,0,396,29,12,46541,1096,2691,0,0.0,280592384,4112416,82944,0.02319912501843646
266,8,5324800,3,2,8,290,5,0,396,29,12,46541,1096,2691,0,0.0,280592384,4112416,82944,0.02260362502420321
267,18,10682368,8,3,13,578,5,0,396,29,12,46541,1096,2691,0,0.0,280641536,4112416,82944,0.02315416600322351
268,5,2670592,0,1,8,37,6,0,397,29,12,47026,1096,2691,0,0.0,280641536,4112416,82944,0.022448458010330796
269,8,5324800,3,2,8,275,6,0,397,29,12,47026,1096,2691,0,0.0,281296896,4112416,82944,0.02285708300769329
270,18,10682368,8,3,13,562,6,0,397,29,12,47026,1096,2691,0,0.0,281313280,4112416,82944,0.022423499962314963
271,8,5324800,6,2,8,37,7,0,398,29,12,47517,1096,2691,0,0.0,281329664,4112416,82944,0.022427249990869313
272,11,7979008,6,3,8,266,7,0,398,29,12,47517,1096,2691,0,0.0,281362432,4112416,82944,0.02338895801221952
273,21,13336576,8,4,13,552,7,0,398,29,12,47517,1096,2691,0,0.0,281378816,4112416,82944,0.022234750038478523
274,8,5324800,6,2,8,37,8,0,399,29,12,48015,1096,2691,0,0.0,281395200,4112416,82944,0.022418292006477714
275,0,0,0,0,0,74,0,0,399,29,13,48015,1096,2977,286,0.02136804099427536,281395200,4112416,82944,0.022014749993104488
276,3,2654208,0,1,3,270,0,0,399,29,13,48015,1096,2977,0,0.0,281395200,4112416,82944,0.025144332961644977
277,13,8011776,3,2,13,555,0,0,399,29,13,48015,1096,2977,0,0.0,281395200,4112416,82944,0.022580708959139884
278,0,0,0,0,0,37,1,0,400,29,13,48446,1096,2977,0,0.0,281395200,4112416,82944,0.02294791699387133
279,3,2654208,0,1,3,259,1,0,400,29,13,48446,1096,2977,0,0.0,281395200,4112416,82944,0.023077207966707647
280,13,8011776,3,2,13,484,1,0,400,29,13,48446,1096,2977,0,0.0,281395200,4112416,82944,0.0231913750176318
281,0,0,0,0,0,37,2,0,401,29,13,49004,1096,2977,0,0.0,281411584,4112416,82944,0.022684499970637262
282,3,2654208,0,1,3,259,2,0,401,29,13,49004,1096,2977,0,0.0,281411584,4112416,82944,0.022817375021986663
283,13,8011776,3,2,13,481,2,0,401,29,13,49004,1096,2977,0,0.0,281411584,4112416,82944,0.022807499975897372
284,0,0,0,0,0,37,3,0,402,29,13,49504,1096,2977,0,0.0,281411584,4112416,82944,0.022596584050916135
285,3,2654208,0,1,3,259,3,0,402,29,13,49504,1096,2977,0,0.0,281411584,4112416,82944,0.023488249978981912
286,13,8011776,3,2,13,527,3,0,402,29,13,49504,1096,2977,0,0.0,281411584,4112416,82944,0.022119833040051162
287,0,0,0,0,0,37,4,0,403,29,13,49961,1096,2977,0,0.0,281411584,4112416,82944,0.02284137497190386
288,3,2654208,0,1,3,273,4,0,403,29,13,49961,1096,2977,0,0.0,281411584,4112416,82944,0.022772916010580957
289,13,8011776,3,2,13,558,4,0,403,29,13,49961,1096,2977,0,0.0,281427968,4112416,82944,0.022164791997056454
290,5,2670592,0,1,8,37,5,0,404,29,13,50394,1096,2977,0,0.0,281444352,4112416,82944,0.021911250019911677
291,8,5324800,3,2,8,290,5,0,404,29,13,50394,1096,2977,0,0.0,281460736,4112416,82944,0.022675624990370125
292,18,10682368,8,3,13,578,5,0,404,29,13,50394,1096,2977,0,0.0,281493504,4112416,82944,0.02284349995898083
293,5,2670592,0,1,8,37,6,0,405,29,13,50879,1096,2977,0,0.0,281493504,4112416,82944,0.021632499992847443
294,8,5324800,3,2,8,275,6,0,405,29,13,50879,1096,2977,0,0.0,281509888,4112416,82944,0.02223808300914243
295,18,10682368,8,3,13,562,6,0,405,29,13,50879,1096,2977,0,0.0,281542656,4112416,82944,0.02197395800612867
296,8,5324800,6,2,8,37,7,0,406,29,13,51369,1096,2977,0,0.0,281542656,4112416,82944,0.021902208973187953
297,11,7979008,6,3,8,267,7,0,406,29,13,51369,1096,2977,0,0.0,281542656,4112416,82944,0.02271599997766316
298,21,13336576,8,4,13,553,7,0,406,29,13,51369,1096,2977,0,0.0,281591808,4112416,82944,0.02198379096807912
299,8,5324800,6,2,8,37,8,0,407,29,13,51868,1096,2977,0,0.0,281624576,4112416,82944,0.02212433301610872
300,0,0,0,0,0,74,0,0,407,29,14,51868,1096,3265,288,0.020256207964848727,281624576,4112416,82944,0.022045457968488336
301,3,2654208,0,1,3,270,0,0,407,29,14,51868,1096,3265,0,0.0,281624576,4112416,82944,0.024392332998104393
302,13,8011776,3,2,13,555,0,0,407,29,14,51868,1096,3265,0,0.0,281624576,4112416,82944,0.022035290952771902
303,0,0,0,0,0,37,1,0,408,29,14,52301,1096,3265,0,0.0,281624576,4112416,82944,0.02238629199564457
304,3,2654208,0,1,3,259,1,0,408,29,14,52301,1096,3265,0,0.0,281624576,4112416,82944,0.023293874983210117
305,13,8011776,3,2,13,484,1,0,408,29,14,52301,1096,3265,0,0.0,281624576,4112416,82944,0.023068790964316577
306,0,0,0,0,0,37,2,0,409,29,14,52858,1096,3265,0,0.0,281624576,4112416,82944,0.02231454197317362
307,3,2654208,0,1,3,259,2,0,409,29,14,52858,1096,3265,0,0.0,281624576,4112416,82944,0.022661832976154983
308,13,8011776,3,2,13,481,2,0,409,29,14,52858,1096,3265,0,0.0,281624576,4112416,82944,0.022903958975803107
309,0,0,0,0,0,37,3,0,410,29,14,53358,1096,3265,0,0.0,281624576,4112416,82944,0.022136167041026056
310,3,2654208,0,1,3,259,3,0,410,29,14,53358,1096,3265,0,0.0,281624576,4112416,82944,0.023402834020089358
311,13,8011776,3,2,13,528,3,0,410,29,14,53358,1096,3265,0,0.0,281624576,4112416,82944,0.022396458021830767
312,0,0,0,0,0,37,4,0,411,29,14,53815,1096,3265,0,0.0,281624576,4112416,82944,0.02244833396980539
313,3,2654208,0,1,3,272,4,0,411,29,14,53815,1096,3265,0,0.0,281640960,4112416,82944,0.023094208969268948
314,13,8011776,3,2,13,557,4,0,411,29,14,53815,1096,3265,0,0.0,281673728,4112416,82944,0.022878792020492256
315,5,2670592,0,1,8,37,5,0,412,29,14,54248,1096,3265,0,0.0,281673728,4112416,82944,0.023037375009153038
316,8,5324800,3,2,8,290,5,0,412,29,14,54248,1096,3265,0,0.0,281673728,4112416,82944,0.022418874956201762
317,18,10682368,8,3,13,578,5,0,412,29,14,54248,1096,3265,0,0.0,281690112,4112416,82944,0.022735291975550354
318,5,2670592,0,1,8,37,6,0,413,29,14,54732,1096,3265,0,0.0,281739264,4112416,82944,0.022100166999734938
319,8,5324800,3,2,8,276,6,0,413,29,14,54732,1096,3265,0,0.0,281772032,4112416,82944,0.022172291995957494
320,18,10682368,8,3,13,563,6,0,413,29,14,54732,1096,3265,0,0.0,281772032,4112416,82944,0.02217520901467651
321,8,5324800,6,2,8,37,7,0,414,29,14,55222,1096,3265,0,0.0,281772032,4112416,82944,0.02184754202608019
322,11,7979008,6,3,8,267,7,0,414,29,14,55222,1096,3265,0,0.0,281772032,4112416,82944,0.022704374976456165
323,21,13336576,8,4,13,553,7,0,414,29,14,55222,1096,3265,0,0.0,281804800,4112416,82944,0.02180962503189221
324,8,5324800,6,2,8,37,8,0,415,29,14,55719,1096,3265,0,0.0,281853952,4112416,82944,0.021726291975937784
325,0,0,0,0,0,74,0,0,415,29,15,55719,1096,3554,289,0.02093066700035706,281870336,4112416,82944,0.022580166987609118
326,3,2654208,0,1,3,270,0,0,415,29,15,55719,1096,3554,0,0.0,281870336,4112416,82944,0.025113416952081025
327,13,8011776,3,2,13,555,0,0,415,29,15,55719,1096,3554,0,0.0,281870336,4112416,82944,0.0222133329953067
328,0,0,0,0,0,37,1,0,416,29,15,56152,1096,3554,0,0.0,281870336,4112416,82944,0.02267904201289639
329,3,2654208,0,1,3,259,1,0,416,29,15,56152,1096,3554,0,0.0,281870336,4112416,82944,0.022356165980454534
330,13,8011776,3,2,13,484,1,0,416,29,15,56152,1096,3554,0,0.0,281870336,4112416,82944,0.02280708303442225
331,0,0,0,0,0,37,2,0,417,29,15,56710,1096,3554,0,0.0,281870336,4112416,82944,0.02219533297466114
332,3,2654208,0,1,3,259,2,0,417,29,15,56710,1096,3554,0,0.0,281870336,4112416,82944,0.022967916971538216
333,13,8011776,3,2,13,481,2,0,417,29,15,56710,1096,3554,0,0.0,281870336,4112416,82944,0.02277400001185015
334,0,0,0,0,0,37,3,0,418,29,15,57210,1096,3554,0,0.0,281870336,4112416,82944,0.021882458007894456
335,3,2654208,0,1,3,259,3,0,418,29,15,57210,1096,3554,0,0.0,281870336,4112416,82944,0.023557665990665555
336,13,8011776,3,2,13,527,3,0,418,29,15,57210,1096,3554,0,0.0,281870336,4112416,82944,0.022807665984146297
337,0,0,0,0,0,37,4,0,419,29,15,57667,1096,3554,0,0.0,281870336,4112416,82944,0.022568250016774982
338,3,2654208,0,1,3,271,4,0,419,29,15,57667,1096,3554,0,0.0,281870336,4112416,82944,0.022943667019717395
339,13,8011776,3,2,13,556,4,0,419,29,15,57667,1096,3554,0,0.0,281886720,4112416,82944,0.0219991669873707
340,5,2670592,0,1,8,37,5,0,420,29,15,58109,1096,3554,0,0.0,281886720,4112416,82944,0.02222029201220721
341,8,5324800,3,2,8,290,5,0,420,29,15,58109,1096,3554,0,0.0,281886720,4112416,82944,0.02263000002130866
342,18,10682368,8,3,13,578,5,0,420,29,15,58109,1096,3554,0,0.0,281935872,4112416,82944,0.022578082978725433
343,5,2670592,0,1,8,37,6,0,421,29,15,58594,1096,3554,0,0.0,281935872,4112416,82944,0.022082999988924712
344,8,5324800,3,2,8,275,6,0,421,29,15,58594,1096,3554,0,0.0,281935872,4112416,82944,0.022485041990876198
345,18,10682368,8,3,13,562,6,0,421,29,15,58594,1096,3554,0,0.0,281968640,4112416,82944,0.02210966602433473
346,8,5324800,6,2,8,37,7,0,422,29,15,59082,1096,3554,0,0.0,281985024,4112416,82944,0.02140362502541393
347,11,7979008,6,3,8,269,7,0,422,29,15,59082,1096,3554,0,0.0,282001408,4112416,82944,0.022495249984785914
348,21,13336576,8,4,13,555,7,0,422,29,15,59082,1096,3554,0,0.0,282017792,4112416,82944,0.021773667016532272
349,8,5324800,6,2,8,37,8,0,423,29,15,59582,1096,3554,0,0.0,282034176,4112416,82944,0.021289374970365316
350,0,0,0,0,0,74,0,0,423,29,16,59582,1096,3843,289,0.020673041988629848,282034176,4112416,82944,0.022110624995548278
351,3,2654208,0,1,3,270,0,0,423,29,16,59582,1096,3843,0,0.0,282034176,4112416,82944,0.023909415991511196
352,13,8011776,3,2,13,555,0,0,423,29,16,59582,1096,3843,0,0.0,282034176,4112416,82944,0.022719250002410263
353,0,0,0,0,0,37,1,0,424,29,16,60015,1096,3843,0,0.0,282034176,4112416,82944,0.022578875010367483
354,3,2654208,0,1,3,259,1,0,424,29,16,60015,1096,3843,0,0.0,282034176,4112416,82944,0.0235552919912152
355,13,8011776,3,2,13,484,1,0,424,29,16,60015,1096,3843,0,0.0,282034176,4112416,82944,0.022623833967372775
356,0,0,0,0,0,37,2,0,425,29,16,60572,1096,3843,0,0.0,282034176,4112416,82944,0.022282416990492493
357,3,2654208,0,1,3,259,2,0,425,29,16,60572,1096,3843,0,0.0,282034176,4112416,82944,0.022761667030863464
358,13,8011776,3,2,13,481,2,0,425,29,16,60572,1096,3843,0,0.0,282034176,4112416,82944,0.02281112497439608
359,23,13369344,13,3,13,37,3,0,426,29,16,61095,1096,3843,0,0.0,282050560,4112416,82944,0.02213800000026822
360,3,2654208,0,1,3,259,3,0,426,29,16,61095,1096,3843,0,0.0,282050560,4112416,82944,0.023328332987148315
361,13,8011776,3,2,13,530,3,0,426,29,16,61095,1096,3843,0,0.0,282050560,4112416,82944,0.02230491698719561
362,0,0,0,0,0,37,4,0,427,29,16,61551,1096,3843,0,0.0,282050560,4112416,82944,0.0223932089866139
363,3,2654208,0,1,3,273,4,0,427,29,16,61551,1096,3843,0,0.0,282050560,4112416,82944,0.0226452499628067
364,13,8011776,3,2,13,558,4,0,427,29,16,61551,1096,3843,0,0.0,282066944,4112416,82944,0.021826042036991566
365,5,2670592,0,1,8,37,5,0,428,29,16,61981,1096,3843,0,0.0,282099712,4112416,82944,0.02283358300337568
366,8,5324800,3,2,8,294,5,0,428,29,16,61981,1096,3843,0,0.0,282116096,4112416,82944,0.022210124996490777
367,18,10682368,8,3,13,582,5,0,428,29,16,61981,1096,3843,0,0.0,282132480,4112416,82944,0.022565208026207983
368,5,2670592,0,1,8,37,6,0,429,29,16,62466,1096,3843,0,0.0,282132480,4112416,82944,0.022510666982270777
369,8,5324800,3,2,8,278,6,0,429,29,16,62466,1096,3843,0,0.0,282132480,4112416,82944,0.02265183295821771
370,18,10682368,8,3,13,565,6,0,429,29,16,62466,1096,3843,0,0.0,282198016,4112416,82944,0.022458916006144136
371,8,5324800,6,2,8,37,7,0,430,29,16,62957,1096,3843,0,0.0,282198016,4112416,82944,0.022210291994269937
372,11,7979008,6,3,8,266,7,0,430,29,16,62957,1096,3843,0,0.0,282214400,4112416,82944,0.021985666011460125
373,21,13336576,8,4,13,552,7,0,430,29,16,62957,1096,3843,0,0.0,282230784,4112416,82944,0.021513999963644892
374,8,5324800,6,2,8,37,8,0,431,29,16,63456,1096,3843,0,0.0,282247168,4112416,82944,0.022392457991372794
375,0,0,0,0,0,74,0,0,431,29,17,63456,1096,4132,289,0.020556500006932765,282263552,4112416,82944,0.02222770801745355
376,3,2654208,0,1,3,270,0,0,431,29,17,63456,1096,4132,0,0.0,282263552,4112416,82944,0.023421207966748625
377,13,8011776,3,2,13,555,0,0,431,29,17,63456,1096,4132,0,0.0,282263552,4112416,82944,0.02235991699853912
378,0,0,0,0,0,37,1,0,432,29,17,63887,1096,4132,0,0.0,282263552,4112416,82944,0.022222625033464283
379,3,2654208,0,1,3,259,1,0,432,29,17,63887,1096,4132,0,0.0,282263552,4112416,82944,0.022604665951803327
380,13,8011776,3,2,13,484,1,0,432,29,17,63887,1096,4132,0,0.0,282263552,4112416,82944,0.027121582999825478
381,0,0,0,0,0,37,2,0,433,29,17,64444,1096,4132,0,0.0,282263552,4112416,82944,0.02279520797310397
382,3,2654208,0,1,3,259,2,0,433,29,17,64444,1096,4132,0,0.0,282935296,4112416,82944,0.023008709016721696
383,13,8011776,3,2,13,481,2,0,433,29,17,64444,1096,4132,0,0.0,282935296,4112416,82944,0.02196133299730718
384,0,0,0,0,0,37,3,0,434,29,17,64936,1096,4132,0,0.0,282935296,4112416,82944,0.022060542018152773
385,3,2654208,0,1,3,259,3,0,434,29,17,64936,1096,4132,0,0.0,282935296,4112416,82944,0.022508207999635488
386,13,8011776,3,2,13,542,3,0,434,29,17,64936,1096,4132,0,0.0,282951680,4112416,82944,0.022255791001953185
387,0,0,0,0,0,37,4,0,435,29,17,65378,1096,4132,0,0.0,282951680,4112416,82944,0.02206233300967142
388,3,2654208,0,1,3,290,4,0,435,29,17,65378,1096,4132,0,0.0,282951680,4112416,82944,0.02259766700444743
389,13,8011776,3,2,13,577,4,0,435,29,17,65378,1096,4132,0,0.0,282984448,4112416,82944,0.022441499982960522
390,4,49152,0,1,4,37,5,0,436,29,17,65838,1096,4132,0,0.0,282984448,4112416,82944,0.021951416973024607
391,7,2703360,0,1,7,287,5,0,436,29,17,65838,1096,4132,0,0.0,282984448,4112416,82944,0.022320249991025776
392,17,8060928,7,2,13,575,5,0,436,29,17,65838,1096,4132,0,0.0,283017216,4112416,82944,0.022163250017911196
393,7,2703360,0,1,10,37,6,0,437,29,17,66321,1096,4132,0,0.0,283049984,4112416,82944,0.021421541983727366
394,10,5357568,3,2,10,274,6,0,437,29,17,66321,1096,4132,0,0.0,283066368,4112416,82944,0.02371212496655062
395,20,10715136,10,3,13,561,6,0,437,29,17,66321,1096,4132,0,0.0,283066368,4112416,82944,0.022428875032346696
396,10,5357568,6,2,10,37,7,0,438,29,17,66804,1096,4132,0,0.0,283066368,4112416,82944,0.022311875014565885
397,13,8011776,6,3,10,280,7,0,438,29,17,66804,1096,4132,0,0.0,283066368,4112416,82944,0.02286225004354492
398,23,13369344,10,4,13,566,7,0,438,29,17,66804,1096,4132,0,0.0,283148288,4112416,82944,0.02234337496338412
399,10,5357568,6,2,10,37,8,0,439,29,17,67293,1096,4132,0,0.0,283164672,4112416,82944,0.023216166999191046
400,0,0,0,0,0,74,0,0,439,29,18,67293,1096,4423,291,0.021735332964453846,283164672,4112416,82944,0.02281304105417803
401,3,2654208,0,1,3,270,0,0,439,29,18,67293,1096,4423,0,0.0,283164672,4112416,82944,0.02391620894195512
402,13,8011776,3,2,13,555,0,0,439,29,18,67293,1096,4423,0,0.0,283181056,4112416,82944,0.023704999999608845
403,0,0,0,0,0,37,1,0,440,29,18,67725,1096,4423,0,0.0,283181056,4112416,82944,0.02308516699122265
404,3,2654208,0,1,3,259,1,0,440,29,18,67725,1096,4423,0,0.0,283181056,4112416,82944,0.02360141696408391
405,13,8011776,3,2,13,484,1,0,440,29,18,67725,1096,4423,0,0.0,283181056,4112416,82944,0.022415417013689876
406,0,0,0,0,0,37,2,0,441,29,18,68280,1096,4423,0,0.0,283181056,4112416,82944,0.022748625022359192
407,3,2654208,0,1,3,259,2,0,441,29,18,68280,1096,4423,0,0.0,283181056,4112416,82944,0.022209791000932455
408,13,8011776,3,2,13,481,2,0,441,29,18,68280,1096,4423,0,0.0,283181056,4112416,82944,0.022556457959581167
409,0,0,0,0,0,37,3,0,442,29,18,68776,1096,4423,0,0.0,283181056,4112416,82944,0.023135041003115475
410,3,2654208,0,1,3,259,3,0,442,29,18,68776,1096,4423,0,0.0,283181056,4112416,82944,0.023813749954570085
411,13,8011776,3,2,13,531,3,0,442,29,18,68776,1096,4423,0,0.0,283197440,4112416,82944,0.029149083013180643
412,0,0,0,0,0,37,4,0,443,29,18,69233,1096,4423,0,0.0,283197440,4112416,82944,0.02261350001208484
413,3,2654208,0,1,3,272,4,0,443,29,18,69233,1096,4423,0,0.0,283197440,4112416,82944,0.022781541978474706
414,13,8011776,3,2,13,557,4,0,443,29,18,69233,1096,4423,0,0.0,283213824,4112416,82944,0.023413791961502284
415,5,2670592,0,1,8,37,5,0,444,29,18,69664,1096,4423,0,0.0,283213824,4112416,82944,0.022418708016630262
416,8,5324800,3,2,8,293,5,0,444,29,18,69664,1096,4423,0,0.0,283230208,4112416,82944,0.023482082993723452
417,18,10682368,8,3,13,581,5,0,444,29,18,69664,1096,4423,0,0.0,283295744,4112416,82944,0.022710999997798353
418,5,2670592,0,1,8,37,6,0,445,29,18,70145,1096,4423,0,0.0,284622848,4112416,82944,0.022676500026136637
419,8,5324800,3,2,8,279,6,0,445,29,18,70145,1096,4423,0,0.0,284622848,4112416,82944,0.023105082975234836
420,18,10682368,8,3,13,566,6,0,445,29,18,70145,1096,4423,0,0.0,284639232,4112416,82944,0.02224454196402803
421,8,5324800,6,2,8,37,7,0,446,29,18,70633,1096,4423,0,0.0,284639232,4112416,82944,0.02253333298722282
422,11,7979008,6,3,8,272,7,0,446,29,18,70633,1096,4423,0,0.0,284655616,4112416,82944,0.022342625015880913
423,21,13336576,8,4,13,558,7,0,446,29,18,70633,1096,4423,0,0.0,284704768,4112416,82944,0.022470374999102205
424,8,5324800,6,2,8,37,8,0,447,29,18,71120,1096,4423,0,0.0,284721152,4112416,82944,0.022133167018182576
425,0,0,0,0,0,74,0,0,447,29,19,71120,1096,4712,289,0.021557042025960982,284721152,4112416,82944,0.023533625004347414
426,3,2654208,0,1,3,270,0,0,447,29,19,71120,1096,4712,0,0.0,284721152,4112416,82944,0.02405175002058968
427,13,8011776,3,2,13,555,0,0,447,29,19,71120,1096,4712,0,0.0,284721152,4112416,82944,0.02229475002968684
428,0,0,0,0,0,37,1,0,448,29,19,71553,1096,4712,0,0.0,284721152,4112416,82944,0.02214545803144574
429,3,2654208,0,1,3,259,1,0,448,29,19,71553,1096,4712,0,0.0,284721152,4112416,82944,0.022609916981309652
430,13,8011776,3,2,13,484,1,0,448,29,19,71553,1096,4712,0,0.0,284721152,4112416,82944,0.022622624994255602
431,0,0,0,0,0,37,2,0,449,29,19,72111,1096,4712,0,0.0,284721152,4112416,82944,0.023572708014398813
432,3,2654208,0,1,3,259,2,0,449,29,19,72111,1096,4712,0,0.0,284721152,4112416,82944,0.02282908296911046
433,13,8011776,3,2,13,481,2,0,449,29,19,72111,1096,4712,0,0.0,284721152,4112416,82944,0.02347137499600649
434,0,0,0,0,0,37,3,0,450,29,19,72609,1096,4712,0,0.0,284721152,4112416,82944,0.022037540969904512
435,3,2654208,0,1,3,259,3,0,450,29,19,72609,1096,4712,0,0.0,284721152,4112416,82944,0.023335875011980534
436,13,8011776,3,2,13,529,3,0,450,29,19,72609,1096,4712,0,0.0,284721152,4112416,82944,0.02242295804899186
437,0,0,0,0,0,37,4,0,451,29,19,73066,1096,4712,0,0.0,284721152,4112416,82944,0.022444457979872823
438,3,2654208,0,1,3,273,4,0,451,29,19,73066,1096,4712,0,0.0,284721152,4112416,82944,0.022919084003660828
439,13,8011776,3,2,13,558,4,0,451,29,19,73066,1096,4712,0,0.0,284770304,4112416,82944,0.022463375004008412
440,5,2670592,0,1,8,37,5,0,452,29,19,73499,1096,4712,0,0.0,284786688,4112416,82944,0.022395916981622577
441,8,5324800,3,2,8,290,5,0,452,29,19,73499,1096,4712,0,0.0,284786688,4112416,82944,0.022298291034530848
442,18,10682368,8,3,13,578,5,0,452,29,19,73499,1096,4712,0,0.0,284819456,4112416,82944,0.023190709005575627
443,5,2670592,0,1,8,37,6,0,453,29,19,73984,1096,4712,0,0.0,284819456,4112416,82944,0.02234141598455608
444,8,5324800,3,2,8,275,6,0,453,29,19,73984,1096,4712,0,0.0,284819456,4112416,82944,0.022707832977175713
445,18,10682368,8,3,13,562,6,0,453,29,19,73984,1096,4712,0,0.0,284868608,4112416,82944,0.023191166983451694
446,8,5324800,6,2,8,37,7,0,454,29,19,74475,1096,4712,0,0.0,284868608,4112416,82944,0.021150958025828004
447,11,7979008,6,3,8,267,7,0,454,29,19,74475,1096,4712,0,0.0,284868608,4112416,82944,0.02216866600792855
448,21,13336576,8,4,13,553,7,0,454,29,19,74475,1096,4712,0,0.0,284917760,4112416,82944,0.021892499993555248
449,8,5324800,6,2,8,37,8,0,455,29,19,74975,1096,4712,0,0.0,284917760,4112416,82944,0.022777250036597252
450,0,0,0,0,0,74,0,0,455,29,20,74975,1096,5001,289,0.020717417006380856,284934144,4112416,82944,0.021964874991681427
451,3,2654208,0,1,3,270,0,0,455,29,20,74975,1096,5001,0,0.0,284934144,4112416,82944,0.024283249978907406
452,13,8011776,3,2,13,555,0,0,455,29,20,74975,1096,5001,0,0.0,284934144,4112416,82944,0.023636500001884997
453,0,0,0,0,0,37,1,0,456,29,20,75408,1096,5001,0,0.0,284934144,4112416,82944,0.022624375007580966
454,3,2654208,0,1,3,259,1,0,456,29,20,75408,1096,5001,0,0.0,284934144,4112416,82944,0.022808999987319112
455,13,8011776,3,2,13,484,1,0,456,29,20,75408,1096,5001,0,0.0,284934144,4112416,82944,0.022604750003665686
456,0,0,0,0,0,37,2,0,457,29,20,75966,1096,5001,0,0.0,284934144,4112416,82944,0.022395332984160632
457,3,2654208,0,1,3,259,2,0,457,29,20,75966,1096,5001,0,0.0,284934144,4112416,82944,0.022813916963059455
458,13,8011776,3,2,13,481,2,0,457,29,20,75966,1096,5001,0,0.0,284934144,4112416,82944,0.02240666700527072
459,0,0,0,0,0,37,3,0,458,29,20,76466,1096,5001,0,0.0,284950528,4112416,82944,0.02223629195941612
460,3,2654208,0,1,3,259,3,0,458,29,20,76466,1096,5001,0,0.0,284950528,4112416,82944,0.022548665991052985
461,13,8011776,3,2,13,527,3,0,458,29,20,76466,1096,5001,0,0.0,284950528,4112416,82944,0.022473541961517185
462,0,0,0,0,0,37,4,0,459,29,20,76923,1096,5001,0,0.0,284950528,4112416,82944,0.022609375009778887
463,3,2654208,0,1,3,271,4,0,459,29,20,76923,1096,5001,0,0.0,284950528,4112416,82944,0.023434916976839304
464,13,8011776,3,2,13,556,4,0,459,29,20,76923,1096,5001,0,0.0,284966912,4112416,82944,0.02292124996893108
465,5,2670592,0,1,8,37,5,0,460,29,20,77365,1096,5001,0,0.0,284983296,4112416,82944,0.02207708405330777
466,8,5324800,3,2,8,290,5,0,460,29,20,77365,1096,5001,0,0.0,284983296,4112416,82944,0.022760000021662563
467,18,10682368,8,3,13,578,5,0,460,29,20,77365,1096,5001,0,0.0,285016064,4112416,82944,0.022185707988683134
468,5,2670592,0,1,8,37,6,0,461,29,20,77849,1096,5001,0,0.0,285048832,4112416,82944,0.022349750041030347
469,8,5324800,3,2,8,276,6,0,461,29,20,77849,1096,5001,0,0.0,285048832,4112416,82944,0.0227204579859972
470,18,10682368,8,3,13,563,6,0,461,29,20,77849,1096,5001,0,0.0,285065216,4112416,82944,0.022153500001877546
471,8,5324800,6,2,8,37,7,0,462,29,20,78339,1096,5001,0,0.0,285065216,4112416,82944,0.022266209009103477
472,11,7979008,6,3,8,267,7,0,462,29,20,78339,1096,5001,0,0.0,285065216,4112416,82944,0.02291966596385464
473,21,13336576,8,4,13,553,7,0,462,29,20,78339,1096,5001,0,0.0,285130752,4112416,82944,0.022657458030153066
474,8,5324800,6,2,8,37,8,0,463,29,20,78839,1096,5001,0,0.0,285130752,4112416,82944,0.022450125019531697
475,0,0,0,0,0,74,0,0,463,29,21,78839,1096,5290,289,0.020801792037673295,285130752,4112416,82944,0.02301079098833725
476,3,2654208,0,1,3,270,0,0,463,29,21,78839,1096,5290,0,0.0,285130752,4112416,82944,0.02381925005465746
477,13,8011776,3,2,13,555,0,0,463,29,21,78839,1096,5290,0,0.0,285130752,4112416,82944,0.022410833975300193
478,0,0,0,0,0,37,1,0,464,29,21,79272,1096,5290,0,0.0,285130752,4112416,82944,0.022825540974736214
479,3,2654208,0,1,3,259,1,0,464,29,21,79272,1096,5290,0,0.0,285130752,4112416,82944,0.02245633298298344
480,13,8011776,3,2,13,484,1,0,464,29,21,79272,1096,5290,0,0.0,285130752,4112416,82944,0.023416665964759886
481,0,0,0,0,0,37,2,0,465,29,21,79830,1096,5290,0,0.0,285147136,4112416,82944,0.022430083015933633
482,3,2654208,0,1,3,259,2,0,465,29,21,79830,1096,5290,0,0.0,285147136,4112416,82944,0.023316250008065253
483,13,8011776,3,2,13,481,2,0,465,29,21,79830,1096,5290,0,0.0,285147136,4112416,82944,0.022369875048752874
484,0,0,0,0,0,37,3,0,466,29,21,80329,1096,5290,0,0.0,285147136,4112416,82944,0.022260208963416517
485,3,2654208,0,1,3,259,3,0,466,29,21,80329,1096,5290,0,0.0,285147136,4112416,82944,0.022965791984461248
486,13,8011776,3,2,13,528,3,0,466,29,21,80329,1096,5290,0,0.0,285147136,4112416,82944,0.022512959025334567
487,0,0,0,0,0,37,4,0,467,29,21,80785,1096,5290,0,0.0,285147136,4112416,82944,0.023066042049322277
488,3,2654208,0,1,3,272,4,0,467,29,21,80785,1096,5290,0,0.0,285147136,4112416,82944,0.022129499993752688
489,13,8011776,3,2,13,557,4,0,467,29,21,80785,1096,5290,0,0.0,285163520,4112416,82944,0.022550833993591368
490,5,2670592,0,1,8,37,5,0,468,29,21,81218,1096,5290,0,0.0,285163520,4112416,82944,0.02191391703672707
491,8,5324800,3,2,8,290,5,0,468,29,21,81218,1096,5290,0,0.0,285196288,4112416,82944,0.02315841696690768
492,18,10682368,8,3,13,578,5,0,468,29,21,81218,1096,5290,0,0.0,285229056,4112416,82944,0.022317791997920722
493,5,2670592,0,1,8,37,6,0,469,29,21,81703,1096,5290,0,0.0,285229056,4112416,82944,0.022006875020451844
494,8,5324800,3,2,8,275,6,0,469,29,21,81703,1096,5290,0,0.0,285229056,4112416,82944,0.022279541997704655
495,18,10682368,8,3,13,562,6,0,469,29,21,81703,1096,5290,0,0.0,285261824,4112416,82944,0.02206191699951887
496,8,5324800,6,2,8,37,7,0,470,29,21,82193,1096,5290,0,0.0,285278208,4112416,82944,0.021836542000528425
497,11,7979008,6,3,8,267,7,0,470,29,21,82193,1096,5290,0,0.0,285310976,4112416,82944,0.024415374966338277
498,21,13336576,8,4,13,553,7,0,470,29,21,82193,1096,5290,0,0.0,285343744,4112416,82944,0.023489958024583757
499,8,5324800,6,2,8,37,8,0,471,29,21,82693,1096,5290,0,0.0,285343744,4112416,82944,0.02157070901012048
500,0,0,0,0,0,74,0,0,471,29,22,82693,1096,5579,289,0.02107762498781085,285343744,4112416,82944,0.022560584009625018
501,3,2654208,0,1,3,270,0,0,471,29,22,82693,1096,5579,0,0.0,285343744,4112416,82944,0.024947917030658573
502,13,8011776,3,2,13,555,0,0,471,29,22,82693,1096,5579,0,0.0,285343744,4112416,82944,0.022380749986041337
503,0,0,0,0,0,37,1,0,472,29,22,83120,1096,5579,0,0.0,285343744,4112416,82944,0.02178004098823294
504,3,2654208,0,1,3,259,1,0,472,29,22,83120,1096,5579,0,0.0,285343744,4112416,82944,0.023403208004310727
505,13,8011776,3,2,13,484,1,0,472,29,22,83120,1096,5579,0,0.0,285343744,4112416,82944,0.02211629197699949
506,0,0,0,0,0,37,2,0,473,29,22,83678,1096,5579,0,0.0,285343744,4112416,82944,0.022655499982647598
507,3,2654208,0,1,3,259,2,0,473,29,22,83678,1096,5579,0,0.0,285343744,4112416,82944,0.023271082958672196
508,13,8011776,3,2,13,481,2,0,473,29,22,83678,1096,5579,0,0.0,285343744,4112416,82944,0.022839041950646788
509,0,0,0,0,0,37,3,0,474,29,22,84173,1096,5579,0,0.0,285343744,4112416,82944,0.022451666998676956
510,3,2654208,0,1,3,259,3,0,474,29,22,84173,1096,5579,0,0.0,285343744,4112416,82944,0.022897583956364542
511,13,8011776,3,2,13,534,3,0,474,29,22,84173,1096,5579,0,0.0,285343744,4112416,82944,0.021931959025096148
512,0,0,0,0,0,37,4,0,475,29,22,84629,1096,5579,0,0.0,285343744,4112416,82944,0.021668957953806967
513,3,2654208,0,1,3,274,4,0,475,29,22,84629,1096,5579,0,0.0,285343744,4112416,82944,0.022487292008008808
514,13,8011776,3,2,13,559,4,0,475,29,22,84629,1096,5579,0,0.0,285376512,4112416,82944,0.02228887501405552
515,5,2670592,0,1,8,37,5,0,476,29,22,85062,1096,5579,0,0.0,285392896,4112416,82944,0.02238533296622336
516,8,5324800,3,2,8,292,5,0,476,29,22,85062,1096,5579,0,0.0,285392896,4112416,82944,0.022231915965676308
517,18,10682368,8,3,13,580,5,0,476,29,22,85062,1096,5579,0,0.0,285409280,4112416,82944,0.022156084014568478
518,5,2670592,0,1,8,37,6,0,477,29,22,85547,1096,5579,0,0.0,285425664,4112416,82944,0.022172499971929938
519,8,5324800,3,2,8,275,6,0,477,29,22,85547,1096,5579,0,0.0,285458432,4112416,82944,0.021976292016915977
520,18,10682368,8,3,13,562,6,0,477,29,22,85547,1096,5579,0,0.0,285491200,4112416,82944,0.022446082963142544
521,8,5324800,6,2,8,37,7,0,478,29,22,86034,1096,5579,0,0.0,285491200,4112416,82944,0.02170187496813014
522,11,7979008,6,3,8,272,7,0,478,29,22,86034,1096,5579,0,0.0,285491200,4112416,82944,0.02183316700393334
523,21,13336576,8,4,13,558,7,0,478,29,22,86034,1096,5579,0,0.0,286867456,4112416,82944,0.021502249990589917
524,8,5324800,6,2,8,37,8,0,479,29,22,86524,1096,5579,0,0.0,286883840,4112416,82944,0.022302250028587878
525,0,0,0,0,0,74,0,0,479,29,23,86524,1096,5867,288,0.021967790962662548,286900224,4112416,82944,0.022444874979555607
526,3,2654208,0,1,3,270,0,0,479,29,23,86524,1096,5867,0,0.0,286900224,4112416,82944,0.023946458008140326
527,13,8011776,3,2,13,555,0,0,479,29,23,86524,1096,5867,0,0.0,286900224,4112416,82944,0.022412125021219254
528,0,0,0,0,0,37,1,0,480,29,23,86955,1096,5867,0,0.0,286900224,4112416,82944,0.022730875003617257
529,3,2654208,0,1,3,259,1,0,480,29,23,86955,1096,5867,0,0.0,286900224,4112416,82944,0.022874916961882263
530,13,8011776,3,2,13,484,1,0,480,29,23,86955,1096,5867,0,0.0,286900224,4112416,82944,0.022464541951194406
531,0,0,0,0,0,37,2,0,481,29,23,87512,1096,5867,0,0.0,286916608,4112416,82944,0.02215745800640434
532,3,2654208,0,1,3,259,2,0,481,29,23,87512,1096,5867,0,0.0,286916608,4112416,82944,0.023408957989886403
533,13,8011776,3,2,13,481,2,0,481,29,23,87512,1096,5867,0,0.0,286916608,4112416,82944,0.02267291594762355
534,0,0,0,0,0,37,3,0,482,29,23,88009,1096,5867,0,0.0,286932992,4112416,82944,0.02272120799170807
535,3,2654208,0,1,3,259,3,0,482,29,23,88009,1096,5867,0,0.0,286932992,4112416,82944,0.022870082990266383
536,13,8011776,3,2,13,531,3,0,482,29,23,88009,1096,5867,0,0.0,286932992,4112416,82944,0.022579541022423655
537,0,0,0,0,0,37,4,0,483,29,23,88466,1096,5867,0,0.0,286932992,4112416,82944,0.0225062079844065
538,3,2654208,0,1,3,271,4,0,483,29,23,88466,1096,5867,0,0.0,286932992,4112416,82944,0.022553417016752064
539,13,8011776,3,2,13,556,4,0,483,29,23,88466,1096,5867,0,0.0,286949376,4112416,82944,0.02233250002609566
540,5,2670592,0,1,8,37,5,0,484,29,23,88908,1096,5867,0,0.0,286949376,4112416,82944,0.022501499974168837
541,8,5324800,3,2,8,290,5,0,484,29,23,88908,1096,5867,0,0.0,286949376,4112416,82944,0.021984125021845102
542,18,10682368,8,3,13,578,5,0,484,29,23,88908,1096,5867,0,0.0,286982144,4112416,82944,0.02193041704595089
543,5,2670592,0,1,8,37,6,0,485,29,23,89392,1096,5867,0,0.0,286998528,4112416,82944,0.02243079204345122
544,8,5324800,3,2,8,280,6,0,485,29,23,89392,1096,5867,0,0.0,287064064,4112416,82944,0.025471291970461607
545,18,10682368,8,3,13,567,6,0,485,29,23,89392,1096,5867,0,0.0,287080448,4112416,82944,0.026012708025518805
546,8,5324800,6,2,8,37,7,0,486,29,23,89877,1096,5867,0,0.0,287080448,4112416,82944,0.022235666983760893
547,11,7979008,6,3,8,272,7,0,486,29,23,89877,1096,5867,0,0.0,287080448,4112416,82944,0.022231250011827797
548,21,13336576,8,4,13,558,7,0,486,29,23,89877,1096,5867,0,0.0,287129600,4112416,82944,0.02212845900794491
549,8,5324800,6,2,8,37,8,0,487,29,23,90367,1096,5867,0,0.0,287834112,4112416,82944,0.028628000000026077
550,0,0,0,0,0,74,0,0,487,29,24,90367,1096,6156,289,0.07992866699350998,287834112,4112416,82944,0.029065500013530254
551,3,2654208,0,1,3,270,0,0,487,29,24,90367,1096,6156,0,0.0,287834112,4112416,82944,0.027553832973353565
552,13,8011776,3,2,13,555,0,0,487,29,24,90367,1096,6156,0,0.0,287850496,4112416,82944,0.028814832970965654
553,0,0,0,0,0,37,1,0,488,29,24,90799,1096,6156,0,0.0,287850496,4112416,82944,0.023268209013622254
554,3,2654208,0,1,3,259,1,0,488,29,24,90799,1096,6156,0,0.0,287850496,4112416,82944,0.023886792012490332
555,13,8011776,3,2,13,484,1,0,488,29,24,90799,1096,6156,0,0.0,287850496,4112416,82944,0.023445250000804663
556,0,0,0,0,0,37,2,0,489,29,24,91351,1096,6156,0,0.0,287850496,4112416,82944,0.02872283401666209
557,3,2654208,0,1,3,259,2,0,489,29,24,91351,1096,6156,0,0.0,287850496,4112416,82944,0.03061516600428149
558,13,8011776,3,2,13,481,2,0,489,29,24,91351,1096,6156,0,0.0,289849344,4112416,82944,0.028545333014335483
559,0,0,0,0,0,37,3,0,490,29,24,91849,1096,6156,0,0.0,293273600,4112416,82944,0.029956916987430304
560,3,2654208,0,1,3,259,3,0,490,29,24,91849,1096,6156,0,0.0,293961728,4112416,82944,0.03148374997545034
561,13,8011776,3,2,13,531,3,0,490,29,24,91849,1096,6156,0,0.0,293961728,4112416,82944,0.027836166962515563
562,0,0,0,0,0,37,4,0,491,29,24,92306,1096,6156,0,0.0,295944192,4112416,82944,0.030196166946552694
563,3,2654208,0,1,3,271,4,0,491,29,24,92306,1096,6156,0,0.0,295944192,4112416,82944,0.023781583993695676
564,13,8011776,3,2,13,556,4,0,491,29,24,92306,1096,6156,0,0.0,295960576,4112416,82944,0.02407616702839732
565,5,2670592,0,1,8,37,5,0,492,29,24,92748,1096,6156,0,0.0,295960576,4112416,82944,0.02283154195174575
566,8,5324800,3,2,8,290,5,0,492,29,24,92748,1096,6156,0,0.0,295976960,4112416,82944,0.023653500014916062
567,18,10682368,8,3,13,578,5,0,492,29,24,92748,1096,6156,0,0.0,295993344,4112416,82944,0.02277320803841576
568,5,2670592,0,1,8,37,6,0,493,29,24,93232,1096,6156,0,0.0,296009728,4112416,82944,0.024812125018797815
569,8,5324800,3,2,8,276,6,0,493,29,24,93232,1096,6156,0,0.0,296009728,4112416,82944,0.02663595898775384
570,18,10682368,8,3,13,563,6,0,493,29,24,93232,1096,6156,0,0.0,296058880,4112416,82944,0.02752208395395428
571,8,5324800,6,2,8,37,7,0,494,29,24,93723,1096,6156,0,0.0,296075264,4112416,82944,0.023589458025526255
572,11,7979008,6,3,8,266,7,0,494,29,24,93723,1096,6156,0,0.0,296075264,4112416,82944,0.02277412504190579
573,21,13336576,8,4,13,552,7,0,494,29,24,93723,1096,6156,0,0.0,296091648,4112416,82944,0.024363707983866334
574,8,5324800,6,2,8,37,8,0,495,29,24,94222,1096,6156,0,0.0,296091648,4112416,82944,0.025864666036795825
575,0,0,0,0,0,74,0,0,495,29,25,94222,1096,6445,289,0.02359470899682492,296091648,4112416,82944,0.023386667016893625
576,3,2654208,0,1,3,270,0,0,495,29,25,94222,1096,6445,0,0.0,296091648,4112416,82944,0.03120399999897927
577,13,8011776,3,2,13,555,0,0,495,29,25,94222,1096,6445,0,0.0,296091648,4112416,82944,0.023350875009782612
578,0,0,0,0,0,37,1,0,496,29,25,94652,1096,6445,0,0.0,296091648,4112416,82944,0.023520082992035896
579,3,2654208,0,1,3,259,1,0,496,29,25,94652,1096,6445,0,0.0,296124416,4112416,82944,0.026038166950456798
580,13,8011776,3,2,13,484,1,0,496,29,25,94652,1096,6445,0,0.0,296124416,4112416,82944,0.023769374995026737
581,0,0,0,0,0,37,2,0,497,29,25,95209,1096,6445,0,0.0,296124416,4112416,82944,0.023590249998960644
582,3,2654208,0,1,3,259,2,0,497,29,25,95209,1096,6445,0,0.0,296124416,4112416,82944,0.024053125001955777
583,13,8011776,3,2,13,481,2,0,497,29,25,95209,1096,6445,0,0.0,296124416,4112416,82944,0.023367582994978875
584,0,0,0,0,0,37,3,0,498,29,25,95708,1096,6445,0,0.0,296124416,4112416,82944,0.022415334009565413
585,3,2654208,0,1,3,259,3,0,498,29,25,95708,1096,6445,0,0.0,296124416,4112416,82944,0.024007666972465813
586,13,8011776,3,2,13,529,3,0,498,29,25,95708,1096,6445,0,0.0,296124416,4112416,82944,0.025059291045181453
587,0,0,0,0,0,37,4,0,499,29,25,96165,1096,6445,0,0.0,296124416,4112416,82944,0.025087000045459718
588,3,2654208,0,1,3,271,4,0,499,29,25,96165,1096,6445,0,0.0,296124416,4112416,82944,0.023876291990745813
589,13,8011776,3,2,13,556,4,0,499,29,25,96165,1096,6445,0,0.0,296157184,4112416,82944,0.023711750051006675
590,5,2670592,0,1,8,37,5,0,500,29,25,96607,1096,6445,0,0.0,296189952,4112416,82944,0.023117082950193435
591,8,5324800,3,2,8,290,5,0,500,29,25,96607,1096,6445,0,0.0,296206336,4112416,82944,0.023532000021077693
592,18,10682368,8,3,13,578,5,0,500,29,25,96607,1096,6445,0,0.0,296206336,4112416,82944,0.02612650004448369
593,5,2670592,0,1,8,37,6,0,501,29,25,97092,1096,6445,0,0.0,296206336,4112416,82944,0.023354958975687623
594,8,5324800,3,2,8,275,6,0,501,29,25,97092,1096,6445,0,0.0,296222720,4112416,82944,0.02847645798465237
595,18,10682368,8,3,13,562,6,0,501,29,25,97092,1096,6445,0,0.0,296271872,4112416,82944,0.02787595900008455
596,8,5324800,6,2,8,37,7,0,502,29,25,97583,1096,6445,0,0.0,296271872,4112416,82944,0.022709624958224595
597,11,7979008,6,3,8,266,7,0,502,29,25,97583,1096,6445,0,0.0,296288256,4112416,82944,0.024878000025637448
598,21,13336576,8,4,13,552,7,0,502,29,25,97583,1096,6445,0,0.0,296321024,4112416,82944,0.024816832970827818
599,8,5324800,6,2,8,37,8,0,503,29,25,98083,1096,6445,0,0.0,296337408,4112416,82944,0.023402958002407104
600,0,0,0,0,0,74,0,0,503,29,26,98083,1096,6734,289,0.026621334021911025,296353792,4112416,82944,0.02822608401766047
601,3,2654208,0,1,3,270,0,0,503,29,26,98083,1096,6734,0,0.0,296353792,4112416,82944,0.02436008397489786
602,13,8011776,3,2,13,555,0,0,503,29,26,98083,1096,6734,0,0.0,296353792,4112416,82944,0.02523587504401803
603,0,0,0,0,0,37,1,0,504,29,26,98516,1096,6734,0,0.0,296353792,4112416,82944,0.025439208024181426
604,3,2654208,0,1,3,259,1,0,504,29,26,98516,1096,6734,0,0.0,296353792,4112416,82944,0.023739749973174185
605,13,8011776,3,2,13,484,1,0,504,29,26,98516,1096,6734,0,0.0,296353792,4112416,82944,0.02364533400395885
606,0,0,0,0,0,37,2,0,505,29,26,99071,1096,6734,0,0.0,296370176,4112416,82944,0.02249333303188905
607,3,2654208,0,1,3,259,2,0,505,29,26,99071,1096,6734,0,0.0,296370176,4112416,82944,0.02343091700458899
608,13,8011776,3,2,13,481,2,0,505,29,26,99071,1096,6734,0,0.0,296370176,4112416,82944,0.022615791007410735
609,23,13369344,13,3,13,22,3,0,506,29,26,99598,1096,6734,0,0.0,296370176,4112416,82944,0.022464999987278134
610,3,2654208,0,1,3,244,3,0,506,29,26,99598,1096,6734,0,0.0,296370176,4112416,82944,0.023162790981587023
611,13,8011776,3,2,13,514,3,0,506,29,26,99598,1096,6734,0,0.0,296370176,4112416,82944,0.022653624997474253
612,0,0,0,0,0,37,4,0,507,29,26,100045,1096,6734,0,0.0,296370176,4112416,82944,0.023019457992631942
613,3,2654208,0,1,3,263,4,0,507,29,26,100045,1096,6734,0,0.0,296370176,4112416,82944,0.023196374997496605
614,13,8011776,3,2,13,548,4,0,507,29,26,100045,1096,6734,0,0.0,296386560,4112416,82944,0.022872917004860938
615,5,2670592,0,1,8,37,5,0,508,29,26,100487,1096,6734,0,0.0,296402944,4112416,82944,0.023350958013907075
616,8,5324800,3,2,8,290,5,0,508,29,26,100487,1096,6734,0,0.0,296402944,4112416,82944,0.023354041972197592
617,18,10682368,8,3,13,577,5,0,508,29,26,100487,1096,6734,0,0.0,296452096,4112416,82944,0.024135124986059964
618,9,2719744,2,2,10,37,6,0,509,29,26,100949,1096,6734,0,0.0,296452096,4112416,82944,0.026675625005736947
619,12,5373952,5,2,10,284,6,0,509,29,26,100949,1096,6734,0,0.0,296452096,4112416,82944,0.024641541007440537
620,22,10731520,10,3,13,572,6,0,509,29,26,100949,1096,6734,0,0.0,296484864,4112416,82944,0.023343749984633178
621,12,5373952,8,2,10,37,7,0,510,29,26,101434,1096,6734,0,0.0,296484864,4112416,82944,0.023606915958225727
622,15,8028160,8,3,10,271,7,0,510,29,26,101434,1096,6734,0,0.0,296501248,4112416,82944,0.023565083043649793
623,25,13385728,10,4,13,558,7,0,510,29,26,101434,1096,6734,0,0.0,296566784,4112416,82944,0.023689749999903142
624,15,8028160,8,3,10,37,8,0,511,29,26,101924,1096,6734,0,0.0,296566784,4112416,82944,0.023596249986439943
625,0,0,0,0,0,74,0,0,511,29,27,101924,1096,7067,333,0.021979958983138204,296566784,4112416,82944,0.023068125010468066
626,3,2654208,0,1,3,270,0,0,511,29,27,101924,1096,7067,0,0.0,296566784,4112416,82944,0.02377637499012053
627,13,8011776,3,2,13,555,0,0,511,29,27,101924,1096,7067,0,0.0,296566784,4112416,82944,0.023972750001121312
628,0,0,0,0,0,37,1,0,512,29,27,102357,1096,7067,0,0.0,296566784,4112416,82944,0.02220829197904095
629,3,2654208,0,1,3,259,1,0,512,29,27,102357,1096,7067,0,0.0,296566784,4112416,82944,0.02295145799871534
630,13,8011776,3,2,13,484,1,0,512,29,27,102357,1096,7067,0,0.0,296566784,4112416,82944,0.023007209005299956
631,0,0,0,0,0,37,2,0,513,29,27,102914,1096,7067,0,0.0,296566784,4112416,82944,0.022784417029470205
632,3,2654208,0,1,3,259,2,0,513,29,27,102914,1096,7067,0,0.0,296566784,4112416,82944,0.023103750019799918
633,13,8011776,3,2,13,481,2,0,513,29,27,102914,1096,7067,0,0.0,296566784,4112416,82944,0.022666333010420203
634,0,0,0,0,0,37,3,0,514,29,27,103414,1096,7067,0,0.0,296566784,4112416,82944,0.022603207966312766
635,3,2654208,0,1,3,259,3,0,514,29,27,103414,1096,7067,0,0.0,296566784,4112416,82944,0.023233083018567413
636,13,8011776,3,2,13,527,3,0,514,29,27,103414,1096,7067,0,0.0,296566784,4112416,82944,0.022687082993797958
637,0,0,0,0,0,37,4,0,515,29,27,103871,1096,7067,0,0.0,296566784,4112416,82944,0.022089334030169994
638,3,2654208,0,1,3,272,4,0,515,29,27,103871,1096,7067,0,0.0,296566784,4112416,82944,0.023623583023436368
639,13,8011776,3,2,13,557,4,0,515,29,27,103871,1096,7067,0,0.0,296583168,4112416,82944,0.02369133400497958
640,5,2670592,0,1,8,37,5,0,516,29,27,104304,1096,7067,0,0.0,296615936,4112416,82944,0.022773292032070458
641,8,5324800,3,2,8,290,5,0,516,29,27,104304,1096,7067,0,0.0,296632320,4112416,82944,0.02326145797269419
642,18,10682368,8,3,13,578,5,0,516,29,27,104304,1096,7067,0,0.0,296648704,4112416,82944,0.022552666952833533
643,5,2670592,0,1,8,37,6,0,517,29,27,104788,1096,7067,0,0.0,296648704,4112416,82944,0.022292166016995907
644,8,5324800,3,2,8,276,6,0,517,29,27,104788,1096,7067,0,0.0,296665088,4112416,82944,0.023126334010157734
645,18,10682368,8,3,13,563,6,0,517,29,27,104788,1096,7067,0,0.0,296697856,4112416,82944,0.022386084019672126
646,8,5324800,6,2,8,37,7,0,518,29,27,105279,1096,7067,0,0.0,296730624,4112416,82944,0.02188141702208668
647,11,7979008,6,3,8,266,7,0,518,29,27,105279,1096,7067,0,0.0,296730624,4112416,82944,0.02272854099282995
648,21,13336576,8,4,13,552,7,0,518,29,27,105279,1096,7067,0,0.0,296730624,4112416,82944,0.022201540996320546
649,8,5324800,6,2,8,37,8,0,519,29,27,105779,1096,7067,0,0.0,296763392,4112416,82944,0.022075332992244512
650,0,0,0,0,0,74,0,0,519,29,28,105779,1096,7354,287,0.021747875027358532,296763392,4112416,82944,0.023301083012484014
651,3,2654208,0,1,3,270,0,0,519,29,28,105779,1096,7354,0,0.0,297762816,4112416,82944,0.02484141697641462
652,13,8011776,3,2,13,555,0,0,519,29,28,105779,1096,7354,0,0.0,297779200,4112416,82944,0.022799207945354283
653,0,0,0,0,0,37,1,0,520,29,28,106212,1096,7354,0,0.0,297779200,4112416,82944,0.02272304199868813
654,3,2654208,0,1,3,259,1,0,520,29,28,106212,1096,7354,0,0.0,297779200,4112416,82944,0.023281666974071413
655,13,8011776,3,2,13,484,1,0,520,29,28,106212,1096,7354,0,0.0,297779200,4112416,82944,0.022814417025074363
656,0,0,0,0,0,37,2,0,521,29,28,106768,1096,7354,0,0.0,297779200,4112416,82944,0.02214254200225696
657,3,2654208,0,1,3,259,2,0,521,29,28,106768,1096,7354,0,0.0,297779200,4112416,82944,0.02284799999324605
658,13,8011776,3,2,13,481,2,0,521,29,28,106768,1096,7354,0,0.0,297779200,4112416,82944,0.021988250024151057
659,23,13369344,13,3,13,22,3,0,522,29,28,107297,1096,7354,0,0.0,297779200,4112416,82944,0.022144499991554767
660,3,2654208,0,1,3,244,3,0,522,29,28,107297,1096,7354,0,0.0,297779200,4112416,82944,0.023281291010789573
661,13,8011776,3,2,13,511,3,0,522,29,28,107297,1096,7354,0,0.0,297779200,4112416,82944,0.02273025002796203
662,0,0,0,0,0,37,4,0,523,29,28,107747,1096,7354,0,0.0,297779200,4112416,82944,0.022221249993890524
663,3,2654208,0,1,3,259,4,0,523,29,28,107747,1096,7354,0,0.0,297795584,4112416,82944,0.02359525003703311
664,13,8011776,3,2,13,543,4,0,523,29,28,107747,1096,7354,0,0.0,297795584,4112416,82944,0.02226699999300763
665,5,2670592,0,1,8,37,5,0,524,29,28,108189,1096,7354,0,0.0,297795584,4112416,82944,0.022739999985788018
666,8,5324800,3,2,8,287,5,0,524,29,28,108189,1096,7354,0,0.0,297828352,4112416,82944,0.02291225001681596
667,18,10682368,8,3,13,574,5,0,524,29,28,108189,1096,7354,0,0.0,297844736,4112416,82944,0.023031749995425344
668,9,2719744,2,2,10,37,6,0,525,29,28,108651,1096,7354,0,0.0,297844736,4112416,82944,0.022597040981054306
669,12,5373952,5,2,10,282,6,0,525,29,28,108651,1096,7354,0,0.0,297861120,4112416,82944,0.022376000008080155
670,22,10731520,10,3,13,570,6,0,525,29,28,108651,1096,7354,0,0.0,297910272,4112416,82944,0.022483583015855402
671,12,5373952,8,2,10,37,7,0,526,29,28,109135,1096,7354,0,0.0,297926656,4112416,82944,0.022455333964899182
672,15,8028160,8,3,10,271,7,0,526,29,28,109135,1096,7354,0,0.0,297926656,4112416,82944,0.022383457981050014
673,25,13385728,10,4,13,558,7,0,526,29,28,109135,1096,7354,0,0.0,297926656,4112416,82944,0.021996374998707324
674,15,8028160,8,3,10,37,8,0,527,29,28,109618,1096,7354,0,0.0,297992192,4112416,82944,0.022702916990965605
675,0,0,0,0,0,74,0,0,527,29,29,109618,1096,7683,329,0.021916666999459267,297992192,4112416,82944,0.0242175409803167
676,3,2654208,0,1,3,270,0,0,527,29,29,109618,1096,7683,0,0.0,297992192,4112416,82944,0.023548875004053116
677,13,8011776,3,2,13,555,0,0,527,29,29,109618,1096,7683,0,0.0,297992192,4112416,82944,0.023093792027793825
678,0,0,0,0,0,37,1,0,528,29,29,110051,1096,7683,0,0.0,298008576,4112416,82944,0.022534958028700203
679,3,2654208,0,1,3,259,1,0,528,29,29,110051,1096,7683,0,0.0,298008576,4112416,82944,0.0226948750205338
680,13,8011776,3,2,13,484,1,0,528,29,29,110051,1096,7683,0,0.0,298008576,4112416,82944,0.022426666982937604
681,0,0,0,0,0,37,2,0,529,29,29,110609,1096,7683,0,0.0,298024960,4112416,82944,0.022524500032886863
682,3,2654208,0,1,3,259,2,0,529,29,29,110609,1096,7683,0,0.0,298024960,4112416,82944,0.023357999976724386
683,13,8011776,3,2,13,481,2,0,529,29,29,110609,1096,7683,0,0.0,298024960,4112416,82944,0.02290400001220405
684,23,13369344,13,3,13,37,3,0,530,29,29,111132,1096,7683,0,0.0,298024960,4112416,82944,0.02181408304022625
685,3,2654208,0,1,3,259,3,0,530,29,29,111132,1096,7683,0,0.0,298024960,4112416,82944,0.023091792012564838
686,13,8011776,3,2,13,529,3,0,530,29,29,111132,1096,7683,0,0.0,298024960,4112416,82944,0.021955750009510666
687,0,0,0,0,0,37,4,0,531,29,29,111586,1096,7683,0,0.0,298024960,4112416,82944,0.02234179200604558
688,3,2654208,0,1,3,277,4,0,531,29,29,111586,1096,7683,0,0.0,298024960,4112416,82944,0.023358749982435256
689,13,8011776,3,2,13,562,4,0,531,29,29,111586,1096,7683,0,0.0,298024960,4112416,82944,0.02320108300773427
690,5,2670592,0,1,8,37,5,0,532,29,29,112018,1096,7683,0,0.0,298024960,4112416,82944,0.022724499984178692
691,8,5324800,3,2,8,295,5,0,532,29,29,112018,1096,7683,0,0.0,298057728,4112416,82944,0.024552374961785972
692,18,10682368,8,3,13,583,5,0,532,29,29,112018,1096,7683,0,0.0,298090496,4112416,82944,0.02274691703496501
693,5,2670592,0,1,8,37,6,0,533,29,29,112501,1096,7683,0,0.0,298106880,4112416,82944,0.02287887502461672
694,8,5324800,3,2,8,279,6,0,533,29,29,112501,1096,7683,0,0.0,298106880,4112416,82944,0.022941957984585315
695,18,10682368,8,3,13,566,6,0,533,29,29,112501,1096,7683,0,0.0,298123264,4112416,82944,0.0227416250272654
696,8,5324800,6,2,8,37,7,0,534,29,29,112988,1096,7683,0,0.0,298123264,4112416,82944,0.022444457979872823
697,11,7979008,6,3,8,273,7,0,534,29,29,112988,1096,7683,0,0.0,298172416,4112416,82944,0.02288112504174933
698,21,13336576,8,4,13,559,7,0,534,29,29,112988,1096,7683,0,0.0,298188800,4112416,82944,0.022373415995389223
699,8,5324800,6,2,8,37,8,0,535,29,29,113472,1096,7683,0,0.0,298188800,4112416,82944,0.022214208031073213
700,0,0,0,0,0,74,0,0,535,29,30,113472,1096,7972,289,0.02191900002071634,298188800,4112416,82944,0.022219708014745265
701,3,2654208,0,1,3,270,0,0,535,29,30,113472,1096,7972,0,0.0,298188800,4112416,82944,0.023983791994396597
702,13,8011776,3,2,13,555,0,0,535,29,30,113472,1096,7972,0,0.0,298188800,4112416,82944,0.022884499980136752
703,0,0,0,0,0,37,1,0,536,29,30,113905,1096,7972,0,0.0,298188800,4112416,82944,0.022831958020105958
704,3,2654208,0,1,3,259,1,0,536,29,30,113905,1096,7972,0,0.0,298188800,4112416,82944,0.02391129097668454
705,13,8011776,3,2,13,484,1,0,536,29,30,113905,1096,7972,0,0.0,298188800,4112416,82944,0.02364729199325666
706,0,0,0,0,0,37,2,0,537,29,30,114461,1096,7972,0,0.0,298188800,4112416,82944,0.023940915998537093
707,3,2654208,0,1,3,259,2,0,537,29,30,114461,1096,7972,0,0.0,298188800,4112416,82944,0.023080042039509863
708,13,8011776,3,2,13,481,2,0,537,29,30,114461,1096,7972,0,0.0,298188800,4112416,82944,0.022822416969574988
709,0,0,0,0,0,37,3,0,538,29,30,114960,1096,7972,0,0.0,298188800,4112416,82944,0.022600832977332175
710,3,2654208,0,1,3,259,3,0,538,29,30,114960,1096,7972,0,0.0,298188800,4112416,82944,0.023767209029756486
711,13,8011776,3,2,13,529,3,0,538,29,30,114960,1096,7972,0,0.0,298205184,4112416,82944,0.022855166986119002
712,0,0,0,0,0,37,4,0,539,29,30,115415,1096,7972,0,0.0,298205184,4112416,82944,0.022658833011519164
713,3,2654208,0,1,3,274,4,0,539,29,30,115415,1096,7972,0,0.0,298205184,4112416,82944,0.023136167030315846
714,13,8011776,3,2,13,559,4,0,539,29,30,115415,1096,7972,0,0.0,298205184,4112416,82944,0.02231908298563212
715,5,2670592,0,1,8,37,5,0,540,29,30,115848,1096,7972,0,0.0,298221568,4112416,82944,0.022619458963163197
716,8,5324800,3,2,8,290,5,0,540,29,30,115848,1096,7972,0,0.0,298237952,4112416,82944,0.02616262499941513
717,18,10682368,8,3,13,578,5,0,540,29,30,115848,1096,7972,0,0.0,298287104,4112416,82944,0.022508250025566667
718,5,2670592,0,1,8,37,6,0,541,29,30,116330,1096,7972,0,0.0,298287104,4112416,82944,0.022751833021175116
719,8,5324800,3,2,8,278,6,0,541,29,30,116330,1096,7972,0,0.0,298303488,4112416,82944,0.022697417007293552
720,18,10682368,8,3,13,565,6,0,541,29,30,116330,1096,7972,0,0.0,298336256,4112416,82944,0.022342832991853356
721,8,5324800,6,2,8,37,7,0,542,29,30,116820,1096,7972,0,0.0,298352640,4112416,82944,0.02213649998884648
722,11,7979008,6,3,8,267,7,0,542,29,30,116820,1096,7972,0,0.0,298352640,4112416,82944,0.022613125038333237
723,21,13336576,8,4,13,553,7,0,542,29,30,116820,1096,7972,0,0.0,298385408,4112416,82944,0.021733042027335614
724,8,5324800,6,2,8,37,8,0,543,29,30,117319,1096,7972,0,0.0,298385408,4112416,82944,0.022806541994214058
725,0,0,0,0,0,74,0,0,543,29,31,117319,1096,8259,287,0.021859834028873593,298385408,4112416,82944,0.02184516697889194
726,3,2654208,0,1,3,270,0,0,543,29,31,117319,1096,8259,0,0.0,298385408,4112416,82944,0.023924542008899152
727,13,8011776,3,2,13,555,0,0,543,29,31,117319,1096,8259,0,0.0,298385408,4112416,82944,0.0238192499964498
728,0,0,0,0,0,37,1,0,544,29,31,117752,1096,8259,0,0.0,298385408,4112416,82944,0.023357167025096714
729,3,2654208,0,1,3,259,1,0,544,29,31,117752,1096,8259,0,0.0,298385408,4112416,82944,0.024633207998704165
730,13,8011776,3,2,13,484,1,0,544,29,31,117752,1096,8259,0,0.0,298385408,4112416,82944,0.02275929198367521
731,0,0,0,0,0,37,2,0,545,29,31,118306,1096,8259,0,0.0,298385408,4112416,82944,0.022564124956261367
732,3,2654208,0,1,3,259,2,0,545,29,31,118306,1096,8259,0,0.0,298385408,4112416,82944,0.023375375021714717
733,13,8011776,3,2,13,481,2,0,545,29,31,118306,1096,8259,0,0.0,298385408,4112416,82944,0.02296425000531599
734,0,0,0,0,0,37,3,0,546,29,31,118804,1096,8259,0,0.0,298385408,4112416,82944,0.022940333001315594
735,3,2654208,0,1,3,259,3,0,546,29,31,118804,1096,8259,0,0.0,298385408,4112416,82944,0.022848374966997653
736,13,8011776,3,2,13,529,3,0,546,29,31,118804,1096,8259,0,0.0,298401792,4112416,82944,0.02255150000564754
737,0,0,0,0,0,37,4,0,547,29,31,119261,1096,8259,0,0.0,298401792,4112416,82944,0.02203599998028949
738,3,2654208,0,1,3,271,4,0,547,29,31,119261,1096,8259,0,0.0,298418176,4112416,82944,0.026841834012884647
739,13,8011776,3,2,13,556,4,0,547,29,31,119261,1096,8259,0,0.0,298418176,4112416,82944,0.02266175003023818
740,5,2670592,0,1,8,37,5,0,548,29,31,119703,1096,8259,0,0.0,298418176,4112416,82944,0.022390624973922968
741,8,5324800,3,2,8,290,5,0,548,29,31,119703,1096,8259,0,0.0,298434560,4112416,82944,0.022139833017718047
742,18,10682368,8,3,13,578,5,0,548,29,31,119703,1096,8259,0,0.0,298467328,4112416,82944,0.02263391698943451
743,5,2670592,0,1,8,37,6,0,549,29,31,120188,1096,8259,0,0.0,298500096,4112416,82944,0.022015374968759716
744,8,5324800,3,2,8,276,6,0,549,29,31,120188,1096,8259,0,0.0,298500096,4112416,82944,0.023052999982610345
745,18,10682368,8,3,13,563,6,0,549,29,31,120188,1096,8259,0,0.0,298532864,4112416,82944,0.022281832993030548
746,8,5324800,6,2,8,37,7,0,550,29,31,120678,1096,8259,0,0.0,298532864,4112416,82944,0.02186479198280722
747,11,7979008,6,3,8,267,7,0,550,29,31,120678,1096,8259,0,0.0,298532864,4112416,82944,0.021923791035078466
748,21,13336576,8,4,13,553,7,0,550,29,31,120678,1096,8259,0,0.0,298565632,4112416,82944,0.021726000006310642
749,8,5324800,6,2,8,37,8,0,551,29,31,121178,1096,8259,0,0.0,298631168,4112416,82944,0.022178082959726453
750,0,0,0,0,0,74,0,0,551,29,32,121178,1096,8548,289,0.022359666996635497,298631168,4112416,82944,0.02256120799575001
751,3,2654208,0,1,3,270,0,0,551,29,32,121178,1096,8548,0,0.0,298631168,4112416,82944,0.023968750028871
752,13,8011776,3,2,13,555,0,0,551,29,32,121178,1096,8548,0,0.0,298631168,4112416,82944,0.023022291949018836
753,0,0,0,0,0,37,1,0,552,29,32,121611,1096,8548,0,0.0,298631168,4112416,82944,0.022355624998454005
754,3,2654208,0,1,3,259,1,0,552,29,32,121611,1096,8548,0,0.0,298631168,4112416,82944,0.023167333041783422
755,13,8011776,3,2,13,484,1,0,552,29,32,121611,1096,8548,0,0.0,298631168,4112416,82944,0.021852875011973083
756,0,0,0,0,0,37,2,0,553,29,32,122169,1096,8548,0,0.0,298631168,4112416,82944,0.02224500000011176
757,3,2654208,0,1,3,259,2,0,553,29,32,122169,1096,8548,0,0.0,298631168,4112416,82944,0.02289049996761605
758,13,8011776,3,2,13,481,2,0,553,29,32,122169,1096,8548,0,0.0,298631168,4112416,82944,0.02262699999846518
759,23,13369344,13,3,13,25,3,0,554,29,32,122701,1096,8548,0,0.0,298647552,4112416,82944,0.022233541996683925
760,3,2654208,0,1,3,247,3,0,554,29,32,122701,1096,8548,0,0.0,298647552,4112416,82944,0.023097708995919675
761,13,8011776,3,2,13,512,3,0,554,29,32,122701,1096,8548,0,0.0,298647552,4112416,82944,0.022369334008544683
762,0,0,0,0,0,37,4,0,555,29,32,123151,1096,8548,0,0.0,298663936,4112416,82944,0.02257566701155156
763,3,2654208,0,1,3,259,4,0,555,29,32,123151,1096,8548,0,0.0,298663936,4112416,82944,0.022418542008381337
764,13,8011776,3,2,13,544,4,0,555,29,32,123151,1096,8548,0,0.0,298663936,4112416,82944,0.023275708022993058
765,5,2670592,0,1,8,37,5,0,556,29,32,123592,1096,8548,0,0.0,298663936,4112416,82944,0.02243854198604822
766,8,5324800,3,2,8,291,5,0,556,29,32,123592,1096,8548,0,0.0,298663936,4112416,82944,0.023688332992605865
767,18,10682368,8,3,13,578,5,0,556,29,32,123592,1096,8548,0,0.0,298713088,4112416,82944,0.022432332974858582
768,9,2719744,2,2,10,37,6,0,557,29,32,124053,1096,8548,0,0.0,298713088,4112416,82944,0.02312091604107991
769,12,5373952,5,2,10,285,6,0,557,29,32,124053,1096,8548,0,0.0,298729472,4112416,82944,0.022766958049032837
770,22,10731520,10,3,13,573,6,0,557,29,32,124053,1096,8548,0,0.0,298762240,4112416,82944,0.022237792029045522
771,12,5373952,8,2,10,37,7,0,558,29,32,124536,1096,8548,0,0.0,298762240,4112416,82944,0.021726334001868963
772,15,8028160,8,3,10,275,7,0,558,29,32,124536,1096,8548,0,0.0,298778624,4112416,82944,0.02246391703374684
773,25,13385728,10,4,13,562,7,0,558,29,32,124536,1096,8548,0,0.0,298811392,4112416,82944,0.021693874965421855
774,15,8028160,8,3,10,37,8,0,559,29,32,125027,1096,8548,0,0.0,298811392,4112416,82944,0.022373292013071477
775,0,0,0,0,0,74,0,0,559,29,33,125027,1096,8880,332,0.022080584021750838,298811392,4112416,82944,0.022284874983597547
776,3,2654208,0,1,3,270,0,0,559,29,33,125027,1096,8880,0,0.0,298811392,4112416,82944,0.023980666999705136
777,13,8011776,3,2,13,555,0,0,559,29,33,125027,1096,8880,0,0.0,298811392,4112416,82944,0.023352625023107976
778,0,0,0,0,0,37,1,0,560,29,33,125459,1096,8880,0,0.0,298811392,4112416,82944,0.02269412501482293
779,3,2654208,0,1,3,259,1,0,560,29,33,125459,1096,8880,0,0.0,298811392,4112416,82944,0.023170750006102026
780,13,8011776,3,2,13,484,1,0,560,29,33,125459,1096,8880,0,0.0,298811392,4112416,82944,0.022761125001125038
781,0,0,0,0,0,37,2,0,561,29,33,126012,1096,8880,0,0.0,298811392,4112416,82944,0.02314837498124689
782,3,2654208,0,1,3,259,2,0,561,29,33,126012,1096,8880,0,0.0,298811392,4112416,82944,0.022917874972335994
783,13,8011776,3,2,13,481,2,0,561,29,33,126012,1096,8880,0,0.0,298811392,4112416,82944,0.023517042049206793
784,0,0,0,0,0,37,3,0,562,29,33,126510,1096,8880,0,0.0,298811392,4112416,82944,0.022335916990414262
785,3,2654208,0,1,3,259,3,0,562,29,33,126510,1096,8880,0,0.0,298811392,4112416,82944,0.02403433294966817
786,13,8011776,3,2,13,530,3,0,562,29,33,126510,1096,8880,0,0.0,298811392,4112416,82944,0.022599541989620775
787,0,0,0,0,0,37,4,0,563,29,33,126967,1096,8880,0,0.0,298827776,4112416,82944,0.022836791002191603
788,3,2654208,0,1,3,274,4,0,563,29,33,126967,1096,8880,0,0.0,298827776,4112416,82944,0.02376491599716246
789,13,8011776,3,2,13,559,4,0,563,29,33,126967,1096,8880,0,0.0,298827776,4112416,82944,0.022827499953564256
790,5,2670592,0,1,8,37,5,0,564,29,33,127400,1096,8880,0,0.0,298844160,4112416,82944,0.022806708002462983
791,8,5324800,3,2,8,290,5,0,564,29,33,127400,1096,8880,0,0.0,298860544,4112416,82944,0.022395625011995435
792,18,10682368,8,3,13,578,5,0,564,29,33,127400,1096,8880,0,0.0,298909696,4112416,82944,0.022704124974552542
793,5,2670592,0,1,8,37,6,0,565,29,33,127883,1096,8880,0,0.0,298909696,4112416,82944,0.02262179204262793
794,8,5324800,3,2,8,277,6,0,565,29,33,127883,1096,8880,0,0.0,298909696,4112416,82944,0.02302158297970891
795,18,10682368,8,3,13,564,6,0,565,29,33,127883,1096,8880,0,0.0,298926080,4112416,82944,0.022363749973010272
796,8,5324800,6,2,8,37,7,0,566,29,33,128369,1096,8880,0,0.0,298975232,4112416,82944,0.022402958013117313
797,11,7979008,6,3,8,273,7,0,566,29,33,128369,1096,8880,0,0.0,298975232,4112416,82944,0.022053082997445017
798,21,13336576,8,4,13,559,7,0,566,29,33,128369,1096,8880,0,0.0,298991616,4112416,82944,0.022302583034615964
799,8,5324800,6,2,8,37,8,0,567,29,33,128856,1096,8880,0,0.0,298991616,4112416,82944,0.02215333399362862
800,0,0,0,0,0,74,0,0,567,29,34,128856,1096,9163,283,0.02233712503220886,299040768,4112416,82944,0.02219295798568055
801,3,2654208,0,1,3,270,0,0,567,29,34,128856,1096,9163,0,0.0,299040768,4112416,82944,0.024119457986671478
802,13,8011776,3,2,13,555,0,0,567,29,34,128856,1096,9163,0,0.0,299040768,4112416,82944,0.022476291982457042
803,0,0,0,0,0,37,1,0,568,29,34,129289,1096,9163,0,0.0,299040768,4112416,82944,0.02240666694706306
804,3,2654208,0,1,3,259,1,0,568,29,34,129289,1096,9163,0,0.0,299040768,4112416,82944,0.022748249990399927
805,13,8011776,3,2,13,484,1,0,568,29,34,129289,1096,9163,0,0.0,299040768,4112416,82944,0.022768416965845972
806,0,0,0,0,0,37,2,0,569,29,34,129843,1096,9163,0,0.0,299040768,4112416,82944,0.022522415965795517
807,3,2654208,0,1,3,259,2,0,569,29,34,129843,1096,9163,0,0.0,299040768,4112416,82944,0.022806958004366606
808,13,8011776,3,2,13,481,2,0,569,29,34,129843,1096,9163,0,0.0,299040768,4112416,82944,0.022933040978386998
809,0,0,0,0,0,37,3,0,570,29,34,130341,1096,9163,0,0.0,299040768,4112416,82944,0.022318458009976894
810,3,2654208,0,1,3,259,3,0,570,29,34,130341,1096,9163,0,0.0,299040768,4112416,82944,0.022896208974998444
811,13,8011776,3,2,13,530,3,0,570,29,34,130341,1096,9163,0,0.0,299040768,4112416,82944,0.022728041978552938
812,0,0,0,0,0,37,4,0,571,29,34,130797,1096,9163,0,0.0,299057152,4112416,82944,0.02255445800255984
813,3,2654208,0,1,3,272,4,0,571,29,34,130797,1096,9163,0,0.0,299057152,4112416,82944,0.023160832992289215
814,13,8011776,3,2,13,557,4,0,571,29,34,130797,1096,9163,0,0.0,299057152,4112416,82944,0.02194791700458154
815,5,2670592,0,1,8,37,5,0,572,29,34,131230,1096,9163,0,0.0,299057152,4112416,82944,0.022180749976541847
816,8,5324800,3,2,8,293,5,0,572,29,34,131230,1096,9163,0,0.0,299073536,4112416,82944,0.02241783298086375
817,18,10682368,8,3,13,581,5,0,572,29,34,131230,1096,9163,0,0.0,299122688,4112416,82944,0.02190941700246185
818,5,2670592,0,1,8,37,6,0,573,29,34,131714,1096,9163,0,0.0,299139072,4112416,82944,0.02232570794876665
819,8,5324800,3,2,8,278,6,0,573,29,34,131714,1096,9163,0,0.0,299139072,4112416,82944,0.02286024997010827
820,18,10682368,8,3,13,565,6,0,573,29,34,131714,1096,9163,0,0.0,299155456,4112416,82944,0.02218829101184383
821,8,5324800,6,2,8,37,7,0,574,29,34,132204,1096,9163,0,0.0,299188224,4112416,82944,0.021597540995571762
822,11,7979008,6,3,8,267,7,0,574,29,34,132204,1096,9163,0,0.0,299188224,4112416,82944,0.022091958031523973
823,21,13336576,8,4,13,553,7,0,574,29,34,132204,1096,9163,0,0.0,299237376,4112416,82944,0.021524458017665893
824,8,5324800,6,2,8,37,8,0,575,29,34,132704,1096,9163,0,0.0,299253760,4112416,82944,0.02221858303528279
825,0,0,0,0,0,74,0,0,575,29,35,132704,1096,9451,288,0.022203583037480712,299253760,4112416,82944,0.022412916994653642
826,3,2654208,0,1,3,270,0,0,575,29,35,132704,1096,9451,0,0.0,299253760,4112416,82944,0.02410249999957159
827,13,8011776,3,2,13,555,0,0,575,29,35,132704,1096,9451,0,0.0,299253760,4112416,82944,0.02458241698332131
828,0,0,0,0,0,37,1,0,576,29,35,133137,1096,9451,0,0.0,299253760,4112416,82944,0.02479975001187995
829,3,2654208,0,1,3,259,1,0,576,29,35,133137,1096,9451,0,0.0,299253760,4112416,82944,0.022998000029474497
830,13,8011776,3,2,13,484,1,0,576,29,35,133137,1096,9451,0,0.0,299253760,4112416,82944,0.0228984160348773
831,0,0,0,0,0,37,2,0,577,29,35,133693,1096,9451,0,0.0,299253760,4112416,82944,0.022910708968993276
832,3,2654208,0,1,3,259,2,0,577,29,35,133693,1096,9451,0,0.0,299253760,4112416,82944,0.02353416697587818
833,13,8011776,3,2,13,481,2,0,577,29,35,133693,1096,9451,0,0.0,299253760,4112416,82944,0.022543625032994896
834,23,13369344,13,3,13,22,3,0,578,29,35,134225,1096,9451,0,0.0,299253760,4112416,82944,0.022790874994825572
835,3,2654208,0,1,3,244,3,0,578,29,35,134225,1096,9451,0,0.0,299253760,4112416,82944,0.022628957987762988
836,13,8011776,3,2,13,510,3,0,578,29,35,134225,1096,9451,0,0.0,299253760,4112416,82944,0.022630833031143993
837,0,0,0,0,0,37,4,0,579,29,35,134717,1096,9451,0,0.0,299270144,4112416,82944,0.022197915997821838
838,3,2654208,0,1,3,259,4,0,579,29,35,134717,1096,9451,0,0.0,299270144,4112416,82944,0.023037292005028576
839,13,8011776,3,2,13,529,4,0,579,29,35,134717,1096,9451,0,0.0,299286528,4112416,82944,0.021843249967787415
840,0,0,0,0,0,37,5,0,580,29,35,135174,1096,9451,0,0.0,299286528,4112416,82944,0.02234837500145659
841,3,2654208,0,1,3,273,5,0,580,29,35,135174,1096,9451,0,0.0,299302912,4112416,82944,0.02386620797915384
842,13,8011776,3,2,13,558,5,0,580,29,35,135174,1096,9451,0,0.0,299319296,4112416,82944,0.023334541998337954
843,5,2670592,0,1,8,37,6,0,581,29,35,135607,1096,9451,0,0.0,299335680,4112416,82944,0.02244041598169133
844,8,5324800,3,2,8,290,6,0,581,29,35,135607,1096,9451,0,0.0,299368448,4112416,82944,0.02257850003661588
845,18,10682368,8,3,13,578,6,0,581,29,35,135607,1096,9451,0,0.0,299368448,4112416,82944,0.022280040953774005
846,5,2670592,0,1,8,37,7,0,582,29,35,136092,1096,9451,0,0.0,299368448,4112416,82944,0.022565666993614286
847,8,5324800,3,2,8,276,7,0,582,29,35,136092,1096,9451,0,0.0,299384832,4112416,82944,0.022543583007063717
848,18,10682368,8,3,13,563,7,0,582,29,35,136092,1096,9451,0,0.0,299433984,4112416,82944,0.02259954100009054
849,8,5324800,6,2,8,37,8,0,583,29,35,136582,1096,9451,0,0.0,299450368,4112416,82944,0.02201870799763128
850,0,0,0,0,0,74,0,0,583,29,36,136582,1096,9740,289,0.022356625006068498,299450368,4112416,82944,0.022546665975824
851,3,2654208,0,1,3,270,0,0,583,29,36,136582,1096,9740,0,0.0,299450368,4112416,82944,0.024752333003561944
852,13,8011776,3,2,13,555,0,0,583,29,36,136582,1096,9740,0,0.0,299450368,4112416,82944,0.02314612502232194
853,0,0,0,0,0,37,1,0,584,29,36,137015,1096,9740,0,0.0,299450368,4112416,82944,0.02287316700676456
854,3,2654208,0,1,3,259,1,0,584,29,36,137015,1096,9740,0,0.0,299450368,4112416,82944,0.02388583403080702
855,13,8011776,3,2,13,484,1,0,584,29,36,137015,1096,9740,0,0.0,299450368,4112416,82944,0.022850041976198554
856,0,0,0,0,0,37,2,0,585,29,36,137572,1096,9740,0,0.0,299450368,4112416,82944,0.023160250042565167
857,3,2654208,0,1,3,259,2,0,585,29,36,137572,1096,9740,0,0.0,299450368,4112416,82944,0.02366479195188731
858,13,8011776,3,2,13,481,2,0,585,29,36,137572,1096,9740,0,0.0,299450368,4112416,82944,0.022647916979622096
859,0,0,0,0,0,37,3,0,586,29,36,138069,1096,9740,0,0.0,299450368,4112416,82944,0.022873624984640628
860,3,2654208,0,1,3,259,3,0,586,29,36,138069,1096,9740,0,0.0,299450368,4112416,82944,0.022434917045757174
861,13,8011776,3,2,13,530,3,0,586,29,36,138069,1096,9740,0,0.0,299450368,4112416,82944,0.022957000008318573
862,0,0,0,0,0,37,4,0,587,29,36,138526,1096,9740,0,0.0,299450368,4112416,82944,0.02182924997759983
863,3,2654208,0,1,3,271,4,0,587,29,36,138526,1096,9740,0,0.0,299450368,4112416,82944,0.02358008304145187
864,13,8011776,3,2,13,556,4,0,587,29,36,138526,1096,9740,0,0.0,299483136,4112416,82944,0.022630958002991974
865,5,2670592,0,1,8,37,5,0,588,29,36,138968,1096,9740,0,0.0,299483136,4112416,82944,0.022589625034015626
866,8,5324800,3,2,8,290,5,0,588,29,36,138968,1096,9740,0,0.0,299483136,4112416,82944,0.022906750033143908
867,18,10682368,8,3,13,578,5,0,588,29,36,138968,1096,9740,0,0.0,299515904,4112416,82944,0.0224654579651542
868,5,2670592,0,1,8,37,6,0,589,29,36,139453,1096,9740,0,0.0,299515904,4112416,82944,0.022128499986138195
869,8,5324800,3,2,8,275,6,0,589,29,36,139453,1096,9740,0,0.0,299532288,4112416,82944,0.023298499989323318
870,18,10682368,8,3,13,562,6,0,589,29,36,139453,1096,9740,0,0.0,299565056,4112416,82944,0.02288800000678748
871,8,5324800,6,2,8,37,7,0,590,29,36,139944,1096,9740,0,0.0,299565056,4112416,82944,0.022551833011675626
872,11,7979008,6,3,8,266,7,0,590,29,36,139944,1096,9740,0,0.0,299581440,4112416,82944,0.02244354202412069
873,21,13336576,8,4,13,552,7,0,590,29,36,139944,1096,9740,0,0.0,299614208,4112416,82944,0.02268662501592189
874,8,5324800,6,2,8,37,8,0,591,29,36,140443,1096,9740,0,0.0,299630592,4112416,82944,0.021894540986977518
875,0,0,0,0,0,74,0,0,591,29,37,140443,1096,10027,287,0.022745458991266787,299646976,4112416,82944,0.02339362498605624
876,3,2654208,0,1,3,270,0,0,591,29,37,140443,1096,10027,0,0.0,299646976,4112416,82944,0.024716458981856704
877,13,8011776,3,2,13,555,0,0,591,29,37,140443,1096,10027,0,0.0,299646976,4112416,82944,0.022887791972607374
878,0,0,0,0,0,37,1,0,592,29,37,140876,1096,10027,0,0.0,299646976,4112416,82944,0.02308974997140467
879,3,2654208,0,1,3,259,1,0,592,29,37,140876,1096,10027,0,0.0,299646976,4112416,82944,0.02295541699277237
880,13,8011776,3,2,13,484,1,0,592,29,37,140876,1096,10027,0,0.0,299646976,4112416,82944,0.02270141604822129
881,0,0,0,0,0,37,2,0,593,29,37,141434,1096,10027,0,0.0,299663360,4112416,82944,0.02273500000592321
882,3,2654208,0,1,3,259,2,0,593,29,37,141434,1096,10027,0,0.0,299663360,4112416,82944,0.02344437502324581
883,13,8011776,3,2,13,481,2,0,593,29,37,141434,1096,10027,0,0.0,299663360,4112416,82944,0.023112791997846216
884,0,0,0,0,0,37,3,0,594,29,37,141933,1096,10027,0,0.0,299663360,4112416,82944,0.022506209032144397
885,3,2654208,0,1,3,259,3,0,594,29,37,141933,1096,10027,0,0.0,299663360,4112416,82944,0.023651041032280773
886,13,8011776,3,2,13,528,3,0,594,29,37,141933,1096,10027,0,0.0,299663360,4112416,82944,0.023153790971264243
887,0,0,0,0,0,37,4,0,595,29,37,142390,1096,10027,0,0.0,299663360,4112416,82944,0.0227974159643054
888,3,2654208,0,1,3,271,4,0,595,29,37,142390,1096,10027,0,0.0,299663360,4112416,82944,0.022812083014287055
889,13,8011776,3,2,13,556,4,0,595,29,37,142390,1096,10027,0,0.0,299679744,4112416,82944,0.02298529096879065
890,5,2670592,0,1,8,37,5,0,596,29,37,142832,1096,10027,0,0.0,299696128,4112416,82944,0.02265558298677206
891,8,5324800,3,2,8,290,5,0,596,29,37,142832,1096,10027,0,0.0,299712512,4112416,82944,0.023172874993178993
892,18,10682368,8,3,13,578,5,0,596,29,37,142832,1096,10027,0,0.0,299728896,4112416,82944,0.022537541983183473
893,5,2670592,0,1,8,37,6,0,597,29,37,143316,1096,10027,0,0.0,299745280,4112416,82944,0.022956915956456214
894,8,5324800,3,2,8,276,6,0,597,29,37,143316,1096,10027,0,0.0,299761664,4112416,82944,0.02286079101031646
895,18,10682368,8,3,13,563,6,0,597,29,37,143316,1096,10027,0,0.0,299794432,4112416,82944,0.023116125026717782
896,8,5324800,6,2,8,37,7,0,598,29,37,143807,1096,10027,0,0.0,299810816,4112416,82944,0.022490874980576336
897,11,7979008,6,3,8,266,7,0,598,29,37,143807,1096,10027,0,0.0,299810816,4112416,82944,0.022999292006716132
898,21,13336576,8,4,13,552,7,0,598,29,37,143807,1096,10027,0,0.0,299843584,4112416,82944,0.022218499972950667
899,8,5324800,6,2,8,37,8,0,599,29,37,144307,1096,10027,0,0.0,299843584,4112416,82944,0.022216125042177737
900,0,0,0,0,0,74,0,0,599,29,38,144307,1096,10316,289,0.022641625022515655,299843584,4112416,82944,0.02277108299313113
901,3,2654208,0,1,3,270,0,0,599,29,38,144307,1096,10316,0,0.0,299843584,4112416,82944,0.02417529100785032
902,13,8011776,3,2,13,555,0,0,599,29,38,144307,1096,10316,0,0.0,299843584,4112416,82944,0.02228304202435538
903,0,0,0,0,0,37,1,0,600,29,38,144740,1096,10316,0,0.0,299843584,4112416,82944,0.02239825000287965
904,3,2654208,0,1,3,259,1,0,600,29,38,144740,1096,10316,0,0.0,299843584,4112416,82944,0.022830334026366472
905,13,8011776,3,2,13,484,1,0,600,29,38,144740,1096,10316,0,0.0,299843584,4112416,82944,0.02314308297354728
906,0,0,0,0,0,37,2,0,601,29,38,145297,1096,10316,0,0.0,299843584,4112416,82944,0.022264958010055125
907,3,2654208,0,1,3,259,2,0,601,29,38,145297,1096,10316,0,0.0,299843584,4112416,82944,0.023972958035301417
908,13,8011776,3,2,13,481,2,0,601,29,38,145297,1096,10316,0,0.0,299843584,4112416,82944,0.022702957969158888
909,23,13369344,13,3,13,19,3,0,602,29,38,145829,1096,10316,0,0.0,299843584,4112416,82944,0.02296220901189372
910,3,2654208,0,1,3,241,3,0,602,29,38,145829,1096,10316,0,0.0,299843584,4112416,82944,0.022995582956355065
911,13,8011776,3,2,13,504,3,0,602,29,38,145829,1096,10316,0,0.0,299843584,4112416,82944,0.023348749964497983
912,0,0,0,0,0,37,4,0,603,29,38,146322,1096,10316,0,0.0,299843584,4112416,82944,0.022265749983489513
913,3,2654208,0,1,3,259,4,0,603,29,38,146322,1096,10316,0,0.0,299843584,4112416,82944,0.0227943750214763
914,13,8011776,3,2,13,528,4,0,603,29,38,146322,1096,10316,0,0.0,299859968,4112416,82944,0.022573625028599054
915,0,0,0,0,0,37,5,0,604,29,38,146779,1096,10316,0,0.0,299876352,4112416,82944,0.02209262497490272
916,3,2654208,0,1,3,271,5,0,604,29,38,146779,1096,10316,0,0.0,299892736,4112416,82944,0.02289700001711026
917,13,8011776,3,2,13,556,5,0,604,29,38,146779,1096,10316,0,0.0,299925504,4112416,82944,0.02253991598263383
918,5,2670592,0,1,8,37,6,0,605,29,38,147221,1096,10316,0,0.0,299925504,4112416,82944,0.023148624983150512
919,8,5324800,3,2,8,290,6,0,605,29,38,147221,1096,10316,0,0.0,299941888,4112416,82944,0.022323000011965632
920,18,10682368,8,3,13,578,6,0,605,29,38,147221,1096,10316,0,0.0,299991040,4112416,82944,0.022085333010181785
921,5,2670592,0,1,8,37,7,0,606,29,38,147706,1096,10316,0,0.0,300007424,4112416,82944,0.02211149997310713
922,8,5324800,3,2,8,275,7,0,606,29,38,147706,1096,10316,0,0.0,300007424,4112416,82944,0.02291970798978582
923,18,10682368,8,3,13,562,7,0,606,29,38,147706,1096,10316,0,0.0,300056576,4112416,82944,0.023578000022098422
924,8,5324800,6,2,8,37,8,0,607,29,38,148197,1096,10316,0,0.0,300056576,4112416,82944,0.023173833033069968
925,0,0,0,0,0,74,0,0,607,29,39,148197,1096,10605,289,0.02261408302001655,300072960,4112416,82944,0.02243224997073412
926,3,2654208,0,1,3,270,0,0,607,29,39,148197,1096,10605,0,0.0,300072960,4112416,82944,0.0241243340424262
927,13,8011776,3,2,13,555,0,0,607,29,39,148197,1096,10605,0,0.0,300072960,4112416,82944,0.02281770802801475
928,0,0,0,0,0,37,1,0,608,29,39,148630,1096,10605,0,0.0,300072960,4112416,82944,0.022394916974008083
929,3,2654208,0,1,3,259,1,0,608,29,39,148630,1096,10605,0,0.0,300072960,4112416,82944,0.023268083052244037
930,13,8011776,3,2,13,484,1,0,608,29,39,148630,1096,10605,0,0.0,300072960,4112416,82944,0.02282833302160725
931,0,0,0,0,0,37,2,0,609,29,39,149188,1096,10605,0,0.0,300072960,4112416,82944,0.022469333023764193
932,3,2654208,0,1,3,259,2,0,609,29,39,149188,1096,10605,0,0.0,300072960,4112416,82944,0.022803250001743436
933,13,8011776,3,2,13,481,2,0,609,29,39,149188,1096,10605,0,0.0,300072960,4112416,82944,0.02250925003318116
934,23,13369344,13,3,13,22,3,0,610,29,39,149719,1096,10605,0,0.0,300072960,4112416,82944,0.02226024999981746
935,3,2654208,0,1,3,244,3,0,610,29,39,149719,1096,10605,0,0.0,300072960,4112416,82944,0.023038792016450316
936,13,8011776,3,2,13,510,3,0,610,29,39,149719,1096,10605,0,0.0,300072960,4112416,82944,0.02231149998260662
937,0,0,0,0,0,37,4,0,611,29,39,150212,1096,10605,0,0.0,300072960,4112416,82944,0.023849250050261617
938,3,2654208,0,1,3,259,4,0,611,29,39,150212,1096,10605,0,0.0,300089344,4112416,82944,0.02536366699496284
939,13,8011776,3,2,13,528,4,0,611,29,39,150212,1096,10605,0,0.0,300089344,4112416,82944,0.022683334012981504
940,0,0,0,0,0,37,5,0,612,29,39,150669,1096,10605,0,0.0,300105728,4112416,82944,0.022318542003631592
941,3,2654208,0,1,3,273,5,0,612,29,39,150669,1096,10605,0,0.0,300105728,4112416,82944,0.023481042007915676
942,13,8011776,3,2,13,558,5,0,612,29,39,150669,1096,10605,0,0.0,300122112,4112416,82944,0.023181208001915365
943,5,2670592,0,1,8,37,6,0,613,29,39,151102,1096,10605,0,0.0,300138496,4112416,82944,0.022714124992489815
944,8,5324800,3,2,8,290,6,0,613,29,39,151102,1096,10605,0,0.0,300171264,4112416,82944,0.02237720903940499
945,18,10682368,8,3,13,578,6,0,613,29,39,151102,1096,10605,0,0.0,300187648,4112416,82944,0.02223837497876957
946,5,2670592,0,1,8,37,7,0,614,29,39,151586,1096,10605,0,0.0,300204032,4112416,82944,0.022135292005259544
947,8,5324800,3,2,8,276,7,0,614,29,39,151586,1096,10605,0,0.0,300220416,4112416,82944,0.022815167030785233
948,18,10682368,8,3,13,563,7,0,614,29,39,151586,1096,10605,0,0.0,300236800,4112416,82944,0.02209724998101592
949,8,5324800,6,2,8,37,8,0,615,29,39,152077,1096,10605,0,0.0,300269568,4112416,82944,0.02231529197888449
950,0,0,0,0,0,74,0,0,615,29,40,152077,1096,10894,289,0.022995500010438263,300285952,4112416,82944,0.022498874983284622
951,3,2654208,0,1,3,270,0,0,615,29,40,152077,1096,10894,0,0.0,300285952,4112416,82944,0.024468749994412065
952,13,8011776,3,2,13,555,0,0,615,29,40,152077,1096,10894,0,0.0,300285952,4112416,82944,0.022999083972536027
953,0,0,0,0,0,37,1,0,616,29,40,152510,1096,10894,0,0.0,300285952,4112416,82944,0.022065250028390437
954,3,2654208,0,1,3,259,1,0,616,29,40,152510,1096,10894,0,0.0,300285952,4112416,82944,0.023246792028658092
955,13,8011776,3,2,13,484,1,0,616,29,40,152510,1096,10894,0,0.0,300285952,4112416,82944,0.02251974999671802
956,0,0,0,0,0,37,2,0,617,29,40,153066,1096,10894,0,0.0,300285952,4112416,82944,0.022252374968957156
957,3,2654208,0,1,3,259,2,0,617,29,40,153066,1096,10894,0,0.0,300285952,4112416,82944,0.022930707957129925
958,13,8011776,3,2,13,481,2,0,617,29,40,153066,1096,10894,0,0.0,300285952,4112416,82944,0.022667874989565462
959,23,13369344,13,3,13,37,3,0,618,29,40,153591,1096,10894,0,0.0,300302336,4112416,82944,0.022354207991156727
960,3,2654208,0,1,3,259,3,0,618,29,40,153591,1096,10894,0,0.0,300302336,4112416,82944,0.023272457998245955
961,13,8011776,3,2,13,527,3,0,618,29,40,153591,1096,10894,0,0.0,300302336,4112416,82944,0.023165459046140313
962,0,0,0,0,0,37,4,0,619,29,40,154048,1096,10894,0,0.0,300302336,4112416,82944,0.022179833031259477
963,3,2654208,0,1,3,271,4,0,619,29,40,154048,1096,10894,0,0.0,300302336,4112416,82944,0.022632083971984684
964,13,8011776,3,2,13,556,4,0,619,29,40,154048,1096,10894,0,0.0,300302336,4112416,82944,0.022832540969830006
965,5,2670592,0,1,8,37,5,0,620,29,40,154490,1096,10894,0,0.0,300318720,4112416,82944,0.022509458009153605
966,8,5324800,3,2,8,290,5,0,620,29,40,154490,1096,10894,0,0.0,300335104,4112416,82944,0.023138417047448456
967,18,10682368,8,3,13,578,5,0,620,29,40,154490,1096,10894,0,0.0,300367872,4112416,82944,0.02226087497547269
968,5,2670592,0,1,8,37,6,0,621,29,40,154975,1096,10894,0,0.0,300384256,4112416,82944,0.02231833297992125
969,8,5324800,3,2,8,275,6,0,621,29,40,154975,1096,10894,0,0.0,300384256,4112416,82944,0.022797416022513062
970,18,10682368,8,3,13,562,6,0,621,29,40,154975,1096,10894,0,0.0,300417024,4112416,82944,0.02213616599328816
971,8,5324800,6,2,8,37,7,0,622,29,40,155466,1096,10894,0,0.0,300433408,4112416,82944,0.022126250027213246
972,11,7979008,6,3,8,266,7,0,622,29,40,155466,1096,10894,0,0.0,300433408,4112416,82944,0.022420499997679144
973,21,13336576,8,4,13,552,7,0,622,29,40,155466,1096,10894,0,0.0,300466176,4112416,82944,0.022551333997398615
974,8,5324800,6,2,8,37,8,0,623,29,40,155966,1096,10894,0,0.0,300482560,4112416,82944,0.02215837495168671
975,0,0,0,0,0,74,0,0,623,29,41,155966,1096,11183,289,0.02267837501130998,300482560,4112416,82944,0.022375917003955692
976,3,2654208,0,1,3,270,0,0,623,29,41,155966,1096,11183,0,0.0,300482560,4112416,82944,0.02406629198230803
977,13,8011776,3,2,13,555,0,0,623,29,41,155966,1096,11183,0,0.0,300482560,4112416,82944,0.02253424999071285
978,0,0,0,0,0,37,1,0,624,29,41,156399,1096,11183,0,0.0,300482560,4112416,82944,0.022001959034241736
979,3,2654208,0,1,3,259,1,0,624,29,41,156399,1096,11183,0,0.0,300482560,4112416,82944,0.022545249958056957
980,13,8011776,3,2,13,484,1,0,624,29,41,156399,1096,11183,0,0.0,300482560,4112416,82944,0.022340958006680012
981,0,0,0,0,0,37,2,0,625,29,41,156955,1096,11183,0,0.0,300482560,4112416,82944,0.02215237496420741
982,3,2654208,0,1,3,259,2,0,625,29,41,156955,1096,11183,0,0.0,300482560,4112416,82944,0.0234784169588238
983,13,8011776,3,2,13,481,2,0,625,29,41,156955,1096,11183,0,0.0,300482560,4112416,82944,0.023139124969020486
984,23,13369344,13,3,13,19,3,0,626,29,41,157487,1096,11183,0,0.0,300482560,4112416,82944,0.022664459014777094
985,3,2654208,0,1,3,241,3,0,626,29,41,157487,1096,11183,0,0.0,300482560,4112416,82944,0.02319641603389755
986,13,8011776,3,2,13,503,3,0,626,29,41,157487,1096,11183,0,0.0,300482560,4112416,82944,0.022676166030578315
987,0,0,0,0,0,37,4,0,627,29,41,157980,1096,11183,0,0.0,300482560,4112416,82944,0.024650875013321638
988,3,2654208,0,1,3,259,4,0,627,29,41,157980,1096,11183,0,0.0,300482560,4112416,82944,0.023667666013352573
989,13,8011776,3,2,13,528,4,0,627,29,41,157980,1096,11183,0,0.0,300482560,4112416,82944,0.02329879201715812
990,0,0,0,0,0,37,5,0,628,29,41,158437,1096,11183,0,0.0,300498944,4112416,82944,0.022174666984938085
991,3,2654208,0,1,3,274,5,0,628,29,41,158437,1096,11183,0,0.0,300515328,4112416,82944,0.023038332990836352
992,13,8011776,3,2,13,559,5,0,628,29,41,158437,1096,11183,0,0.0,300548096,4112416,82944,0.02267916704295203
993,5,2670592,0,1,8,37,6,0,629,29,41,158869,1096,11183,0,0.0,300564480,4112416,82944,0.022338915965519845
994,8,5324800,3,2,8,291,6,0,629,29,41,158869,1096,11183,0,0.0,300564480,4112416,82944,0.02254100004211068
995,18,10682368,8,3,13,579,6,0,629,29,41,158869,1096,11183,0,0.0,300597248,4112416,82944,0.022690833953674883
996,5,2670592,0,1,8,37,7,0,630,29,41,159354,1096,11183,0,0.0,300630016,4112416,82944,0.022480749990791082
997,8,5324800,3,2,8,275,7,0,630,29,41,159354,1096,11183,0,0.0,300630016,4112416,82944,0.022965958050917834
998,18,10682368,8,3,13,562,7,0,630,29,41,159354,1096,11183,0,0.0,300662784,4112416,82944,0.02335962501820177
999,8,5324800,6,2,8,37,8,0,631,29,41,159843,1096,11183,0,0.0,300662784,4112416,82944,0.02258537500165403
1000,0,0,0,0,0,74,0,0,631,29,42,159843,1096,11472,289,0.022914249973837286,300679168,4112416,82944,0.022897500020917505
1001,3,2654208,0,1,3,270,0,0,631,29,42,159843,1096,11472,0,0.0,300679168,4112416,82944,0.025525125034619123
1002,13,8011776,3,2,13,555,0,0,631,29,42,159843,1096,11472,0,0.0,300679168,4112416,82944,0.02317033300641924
1003,0,0,0,0,0,37,1,0,632,29,42,160276,1096,11472,0,0.0,300679168,4112416,82944,0.022954832995310426
1004,3,2654208,0,1,3,259,1,0,632,29,42,160276,1096,11472,0,0.0,300679168,4112416,82944,0.023030375014059246
1005,13,8011776,3,2,13,484,1,0,632,29,42,160276,1096,11472,0,0.0,300679168,4112416,82944,0.022245582949835807
1006,0,0,0,0,0,37,2,0,633,29,42,160834,1096,11472,0,0.0,300679168,4112416,82944,0.02239466703031212
1007,3,2654208,0,1,3,259,2,0,633,29,42,160834,1096,11472,0,0.0,300679168,4112416,82944,0.02316591702401638
1008,13,8011776,3,2,13,481,2,0,633,29,42,160834,1096,11472,0,0.0,300679168,4112416,82944,0.023388292000163347
1009,23,13369344,13,3,13,19,3,0,634,29,42,161366,1096,11472,0,0.0,300679168,4112416,82944,0.02237820898881182
1010,3,2654208,0,1,3,241,3,0,634,29,42,161366,1096,11472,0,0.0,300679168,4112416,82944,0.023723333957605064
1011,13,8011776,3,2,13,504,3,0,634,29,42,161366,1096,11472,0,0.0,300679168,4112416,82944,0.023149791988544166
1012,0,0,0,0,0,37,4,0,635,29,42,161859,1096,11472,0,0.0,300695552,4112416,82944,0.02254145801998675
1013,3,2654208,0,1,3,259,4,0,635,29,42,161859,1096,11472,0,0.0,300695552,4112416,82944,0.022248207998927683
1014,13,8011776,3,2,13,528,4,0,635,29,42,161859,1096,11472,0,0.0,300711936,4112416,82944,0.02251633402192965
1015,0,0,0,0,0,37,5,0,636,29,42,162316,1096,11472,0,0.0,300728320,4112416,82944,0.022429124976042658
1016,3,2654208,0,1,3,271,5,0,636,29,42,162316,1096,11472,0,0.0,300728320,4112416,82944,0.022546374995727092
1017,13,8011776,3,2,13,556,5,0,636,29,42,162316,1096,11472,0,0.0,300761088,4112416,82944,0.02229770802659914
1018,5,2670592,0,1,8,37,6,0,637,29,42,162758,1096,11472,0,0.0,300761088,4112416,82944,0.022341375006362796
1019,8,5324800,3,2,8,290,6,0,637,29,42,162758,1096,11472,0,0.0,300793856,4112416,82944,0.02330399997299537
1020,18,10682368,8,3,13,578,6,0,637,29,42,162758,1096,11472,0,0.0,300810240,4112416,82944,0.02242766704875976
1021,5,2670592,0,1,8,37,7,0,638,29,42,163243,1096,11472,0,0.0,300826624,4112416,82944,0.022213249991182238
1022,8,5324800,3,2,8,275,7,0,638,29,42,163243,1096,11472,0,0.0,300826624,4112416,82944,0.022552874987013638
1023,18,10682368,8,3,13,562,7,0,638,29,42,163243,1096,11472,0,0.0,300875776,4112416,82944,0.022563708014786243
1024,8,5324800,6,2,8,37,8,0,639,29,42,163733,1096,11472,0,0.0,300892160,4112416,82944,0.0228445419925265
1025,0,0,0,0,0,74,0,0,639,29,43,163733,1096,11761,289,0.024007665982935578,300892160,4112416,82944,0.023534332984127104
1026,3,2654208,0,1,3,270,0,0,639,29,43,163733,1096,11761,0,0.0,300892160,4112416,82944,0.024016582989133894
1027,13,8011776,3,2,13,555,0,0,639,29,43,163733,1096,11761,0,0.0,300892160,4112416,82944,0.023432500020135194
1028,0,0,0,0,0,37,1,0,640,29,43,164166,1096,11761,0,0.0,300892160,4112416,82944,0.0227642499958165
1029,3,2654208,0,1,3,259,1,0,640,29,43,164166,1096,11761,0,0.0,300892160,4112416,82944,0.02300670900149271
1030,13,8011776,3,2,13,484,1,0,640,29,43,164166,1096,11761,0,0.0,300892160,4112416,82944,0.022397207969333977
1031,0,0,0,0,0,37,2,0,641,29,43,164724,1096,11761,0,0.0,300892160,4112416,82944,0.022668208985123783
1032,3,2654208,0,1,3,259,2,0,641,29,43,164724,1096,11761,0,0.0,300892160,4112416,82944,0.02329279197147116
1033,13,8011776,3,2,13,481,2,0,641,29,43,164724,1096,11761,0,0.0,300892160,4112416,82944,0.022950542042963207
1034,23,13369344,13,3,13,37,3,0,642,29,43,165249,1096,11761,0,0.0,300892160,4112416,82944,0.02286624995758757
1035,3,2654208,0,1,3,259,3,0,642,29,43,165249,1096,11761,0,0.0,300892160,4112416,82944,0.022949541045818478
1036,13,8011776,3,2,13,527,3,0,642,29,43,165249,1096,11761,0,0.0,300892160,4112416,82944,0.023006249975878745
1037,0,0,0,0,0,37,4,0,643,29,43,165706,1096,11761,0,0.0,300908544,4112416,82944,0.02224516699789092
1038,3,2654208,0,1,3,272,4,0,643,29,43,165706,1096,11761,0,0.0,300908544,4112416,82944,0.023207832942716777
1039,13,8011776,3,2,13,557,4,0,643,29,43,165706,1096,11761,0,0.0,300941312,4112416,82944,0.02255004196194932
1040,5,2670592,0,1,8,37,5,0,644,29,43,166139,1096,11761,0,0.0,300941312,4112416,82944,0.023203958000522107
1041,8,5324800,3,2,8,290,5,0,644,29,43,166139,1096,11761,0,0.0,300941312,4112416,82944,0.02295987500110641
1042,18,10682368,8,3,13,578,5,0,644,29,43,166139,1096,11761,0,0.0,300990464,4112416,82944,0.022551417001523077
1043,5,2670592,0,1,8,37,6,0,645,29,43,166624,1096,11761,0,0.0,301006848,4112416,82944,0.02248662494821474
1044,8,5324800,3,2,8,275,6,0,645,29,43,166624,1096,11761,0,0.0,301006848,4112416,82944,0.022613625042140484
1045,18,10682368,8,3,13,562,6,0,645,29,43,166624,1096,11761,0,0.0,301023232,4112416,82944,0.021796459041070193
1046,8,5324800,6,2,8,37,7,0,646,29,43,167115,1096,11761,0,0.0,301039616,4112416,82944,0.022221374965738505
1047,11,7979008,6,3,8,266,7,0,646,29,43,167115,1096,11761,0,0.0,301039616,4112416,82944,0.023312499979510903
1048,21,13336576,8,4,13,552,7,0,646,29,43,167115,1096,11761,0,0.0,301088768,4112416,82944,0.024782083986792713
1049,8,5324800,6,2,8,37,8,0,647,29,43,167615,1096,11761,0,0.0,301105152,4112416,82944,0.022379749978426844
1050,0,0,0,0,0,74,0,0,647,29,44,167615,1096,12050,289,0.023027333023492247,301105152,4112416,82944,0.022339416958857328
1051,3,2654208,0,1,3,270,0,0,647,29,44,167615,1096,12050,0,0.0,301105152,4112416,82944,0.024590000044554472
1052,13,8011776,3,2,13,555,0,0,647,29,44,167615,1096,12050,0,0.0,301105152,4112416,82944,0.022730875003617257
1053,0,0,0,0,0,37,1,0,648,29,44,168048,1096,12050,0,0.0,301105152,4112416,82944,0.02277320803841576
1054,3,2654208,0,1,3,259,1,0,648,29,44,168048,1096,12050,0,0.0,301105152,4112416,82944,0.02360520901856944
1055,13,8011776,3,2,13,484,1,0,648,29,44,168048,1096,12050,0,0.0,301105152,4112416,82944,0.02260049997130409
1056,0,0,0,0,0,37,2,0,649,29,44,168606,1096,12050,0,0.0,301105152,4112416,82944,0.021791749983094633
1057,3,2654208,0,1,3,259,2,0,649,29,44,168606,1096,12050,0,0.0,301105152,4112416,82944,0.023193583998363465
1058,13,8011776,3,2,13,481,2,0,649,29,44,168606,1096,12050,0,0.0,301105152,4112416,82944,0.022196625010110438
1059,23,13369344,13,3,13,22,3,0,650,29,44,169138,1096,12050,0,0.0,301105152,4112416,82944,0.022727834002580494
1060,3,2654208,0,1,3,244,3,0,650,29,44,169138,1096,12050,0,0.0,301105152,4112416,82944,0.023230125021655113
1061,13,8011776,3,2,13,508,3,0,650,29,44,169138,1096,12050,0,0.0,301105152,4112416,82944,0.023292750003747642
1062,0,0,0,0,0,37,4,0,651,29,44,169631,1096,12050,0,0.0,301105152,4112416,82944,0.022568417014554143
1063,3,2654208,0,1,3,259,4,0,651,29,44,169631,1096,12050,0,0.0,301105152,4112416,82944,0.022863375023007393
1064,13,8011776,3,2,13,528,4,0,651,29,44,169631,1096,12050,0,0.0,301121536,4112416,82944,0.022622916963882744
1065,0,0,0,0,0,37,5,0,652,29,44,170088,1096,12050,0,0.0,301137920,4112416,82944,0.02238145802402869
1066,3,2654208,0,1,3,271,5,0,652,29,44,170088,1096,12050,0,0.0,301137920,4112416,82944,0.023054499994032085
1067,13,8011776,3,2,13,556,5,0,652,29,44,170088,1096,12050,0,0.0,301154304,4112416,82944,0.02309133403468877
1068,5,2670592,0,1,8,37,6,0,653,29,44,170530,1096,12050,0,0.0,301170688,4112416,82944,0.022857833944726735
1069,8,5324800,3,2,8,290,6,0,653,29,44,170530,1096,12050,0,0.0,301170688,4112416,82944,0.0232879159739241
1070,18,10682368,8,3,13,578,6,0,653,29,44,170530,1096,12050,0,0.0,301203456,4112416,82944,0.02249033295083791
1071,5,2670592,0,1,8,37,7,0,654,29,44,171015,1096,12050,0,0.0,301236224,4112416,82944,0.02159366599516943
1072,8,5324800,3,2,8,275,7,0,654,29,44,171015,1096,12050,0,0.0,301252608,4112416,82944,0.023149374988861382
1073,18,10682368,8,3,13,562,7,0,654,29,44,171015,1096,12050,0,0.0,301268992,4112416,82944,0.021946624969132245
1074,8,5324800,6,2,8,37,8,0,655,29,44,171506,1096,12050,0,0.0,301268992,4112416,82944,0.022303709003608674
1075,0,0,0,0,0,74,0,0,655,29,45,171506,1096,12339,289,0.02357108297292143,301268992,4112416,82944,0.022771625022869557
1076,3,2654208,0,1,3,270,0,0,655,29,45,171506,1096,12339,0,0.0,301268992,4112416,82944,0.024339624971617013
1077,13,8011776,3,2,13,555,0,0,655,29,45,171506,1096,12339,0,0.0,301268992,4112416,82944,0.022920124989468604
1078,0,0,0,0,0,37,1,0,656,29,45,171939,1096,12339,0,0.0,301268992,4112416,82944,0.02499358303612098
1079,3,2654208,0,1,3,259,1,0,656,29,45,171939,1096,12339,0,0.0,301268992,4112416,82944,0.023912457982078195
1080,13,8011776,3,2,13,484,1,0,656,29,45,171939,1096,12339,0,0.0,301268992,4112416,82944,0.02297133399406448
1081,0,0,0,0,0,37,2,0,657,29,45,172494,1096,12339,0,0.0,301285376,4112416,82944,0.02214841597015038
1082,3,2654208,0,1,3,259,2,0,657,29,45,172494,1096,12339,0,0.0,301285376,4112416,82944,0.023106332984752953
1083,13,8011776,3,2,13,481,2,0,657,29,45,172494,1096,12339,0,0.0,301285376,4112416,82944,0.02318908297456801
1084,23,13369344,13,3,13,25,3,0,658,29,45,173026,1096,12339,0,0.0,301285376,4112416,82944,0.02238999999826774
1085,3,2654208,0,1,3,247,3,0,658,29,45,173026,1096,12339,0,0.0,301285376,4112416,82944,0.023655875003896654
1086,13,8011776,3,2,13,512,3,0,658,29,45,173026,1096,12339,0,0.0,301285376,4112416,82944,0.02259958302602172
1087,0,0,0,0,0,37,4,0,659,29,45,173476,1096,12339,0,0.0,301285376,4112416,82944,0.02310624998062849
1088,3,2654208,0,1,3,259,4,0,659,29,45,173476,1096,12339,0,0.0,301301760,4112416,82944,0.02341279201209545
1089,13,8011776,3,2,13,544,4,0,659,29,45,173476,1096,12339,0,0.0,301318144,4112416,82944,0.02316870802314952
1090,5,2670592,0,1,8,37,5,0,660,29,45,173918,1096,12339,0,0.0,301334528,4112416,82944,0.022871249995660037
1091,8,5324800,3,2,8,289,5,0,660,29,45,173918,1096,12339,0,0.0,301367296,4112416,82944,0.02237958402838558
1092,18,10682368,8,3,13,576,5,0,660,29,45,173918,1096,12339,0,0.0,301367296,4112416,82944,0.022402415983378887
1093,9,2719744,2,2,10,37,6,0,661,29,45,174379,1096,12339,0,0.0,301383680,4112416,82944,0.022606833023019135
1094,12,5373952,5,2,10,284,6,0,661,29,45,174379,1096,12339,0,0.0,301400064,4112416,82944,0.022097541019320488
1095,22,10731520,10,3,13,572,6,0,661,29,45,174379,1096,12339,0,0.0,301449216,4112416,82944,0.021600916981697083
1096,12,5373952,8,2,10,37,7,0,662,29,45,174861,1096,12339,0,0.0,301449216,4112416,82944,0.022330790990963578
1097,15,8028160,8,3,10,274,7,0,662,29,45,174861,1096,12339,0,0.0,301449216,4112416,82944,0.022235166979953647
1098,25,13385728,10,4,13,561,7,0,662,29,45,174861,1096,12339,0,0.0,301465600,4112416,82944,0.022683207993395627
1099,15,8028160,8,3,10,37,8,0,663,29,45,175352,1096,12339,0,0.0,301498368,4112416,82944,0.02208404103294015
1100,0,0,0,0,0,74,0,0,663,29,46,175352,1096,12672,333,0.02330175001407042,301498368,4112416,82944,0.021966958011034876
1101,3,2654208,0,1,3,270,0,0,663,29,46,175352,1096,12672,0,0.0,301498368,4112416,82944,0.024024125013966113
1102,13,8011776,3,2,13,555,0,0,663,29,46,175352,1096,12672,0,0.0,302825472,4112416,82944,0.02310612500878051
1103,0,0,0,0,0,37,1,0,664,29,46,175785,1096,12672,0,0.0,302825472,4112416,82944,0.021893083001486957
1104,3,2654208,0,1,3,259,1,0,664,29,46,175785,1096,12672,0,0.0,302825472,4112416,82944,0.02369100000942126
1105,13,8011776,3,2,13,484,1,0,664,29,46,175785,1096,12672,0,0.0,302825472,4112416,82944,0.022709749988280237
1106,0,0,0,0,0,37,2,0,665,29,46,176334,1096,12672,0,0.0,302825472,4112416,82944,0.02269854099722579
1107,3,2654208,0,1,3,259,2,0,665,29,46,176334,1096,12672,0,0.0,302825472,4112416,82944,0.022237374971155077
1108,13,8011776,3,2,13,481,2,0,665,29,46,176334,1096,12672,0,0.0,302825472,4112416,82944,0.022651624982245266
1109,0,0,0,0,0,37,3,0,666,29,46,176829,1096,12672,0,0.0,302825472,4112416,82944,0.02246616705087945
1110,3,2654208,0,1,3,259,3,0,666,29,46,176829,1096,12672,0,0.0,302825472,4112416,82944,0.0232338749920018
1111,13,8011776,3,2,13,534,3,0,666,29,46,176829,1096,12672,0,0.0,302841856,4112416,82944,0.022752750024665147
1112,0,0,0,0,0,37,4,0,667,29,46,177285,1096,12672,0,0.0,302841856,4112416,82944,0.022260666999500245
1113,3,2654208,0,1,3,276,4,0,667,29,46,177285,1096,12672,0,0.0,302841856,4112416,82944,0.023560959030874074
1114,13,8011776,3,2,13,561,4,0,667,29,46,177285,1096,12672,0,0.0,302858240,4112416,82944,0.022524749976582825
1115,5,2670592,0,1,8,37,5,0,668,29,46,177717,1096,12672,0,0.0,302858240,4112416,82944,0.02319616702152416
1116,8,5324800,3,2,8,292,5,0,668,29,46,177717,1096,12672,0,0.0,302874624,4112416,82944,0.023056624981109053
1117,18,10682368,8,3,13,580,5,0,668,29,46,177717,1096,12672,0,0.0,302907392,4112416,82944,0.02251899999100715
1118,5,2670592,0,1,8,37,6,0,669,29,46,178201,1096,12672,0,0.0,302940160,4112416,82944,0.022419333981815726
1119,8,5324800,3,2,8,277,6,0,669,29,46,178201,1096,12672,0,0.0,302956544,4112416,82944,0.023077915946487337
1120,18,10682368,8,3,13,564,6,0,669,29,46,178201,1096,12672,0,0.0,302972928,4112416,82944,0.02298250002786517
1121,8,5324800,6,2,8,37,7,0,670,29,46,178685,1096,12672,0,0.0,302972928,4112416,82944,0.022698250017128885
1122,11,7979008,6,3,8,274,7,0,670,29,46,178685,1096,12672,0,0.0,302989312,4112416,82944,0.023108166991733015
1123,21,13336576,8,4,13,560,7,0,670,29,46,178685,1096,12672,0,0.0,303054848,4112416,82944,0.02243904198985547
1124,8,5324800,6,2,8,37,8,0,671,29,46,179175,1096,12672,0,0.0,303054848,4112416,82944,0.023067958012688905
1125,0,0,0,0,0,74,0,0,671,29,47,179175,1096,12958,286,0.023438834003172815,303054848,4112416,82944,0.02273220900679007
1126,3,2654208,0,1,3,270,0,0,671,29,47,179175,1096,12958,0,0.0,303054848,4112416,82944,0.02411887503694743
1127,13,8011776,3,2,13,555,0,0,671,29,47,179175,1096,12958,0,0.0,303054848,4112416,82944,0.023637416015844792
1128,0,0,0,0,0,37,1,0,672,29,47,179607,1096,12958,0,0.0,303054848,4112416,82944,0.02266341698123142
1129,3,2654208,0,1,3,259,1,0,672,29,47,179607,1096,12958,0,0.0,303054848,4112416,82944,0.022861167031805962
1130,13,8011776,3,2,13,484,1,0,672,29,47,179607,1096,12958,0,0.0,303054848,4112416,82944,0.022950374986976385
1131,0,0,0,0,0,37,2,0,673,29,47,180160,1096,12958,0,0.0,303054848,4112416,82944,0.023688415996730328
1132,3,2654208,0,1,3,259,2,0,673,29,47,180160,1096,12958,0,0.0,303054848,4112416,82944,0.02332887501688674
1133,13,8011776,3,2,13,481,2,0,673,29,47,180160,1096,12958,0,0.0,303054848,4112416,82944,0.022542207967489958
1134,23,13369344,13,3,13,22,3,0,674,29,47,180692,1096,12958,0,0.0,303054848,4112416,82944,0.022063917014747858
1135,3,2654208,0,1,3,244,3,0,674,29,47,180692,1096,12958,0,0.0,303054848,4112416,82944,0.023379624995868653
1136,13,8011776,3,2,13,508,3,0,674,29,47,180692,1096,12958,0,0.0,303054848,4112416,82944,0.022727000003214926
1137,0,0,0,0,0,37,4,0,675,29,47,181185,1096,12958,0,0.0,303054848,4112416,82944,0.022560249955859035
1138,3,2654208,0,1,3,259,4,0,675,29,47,181185,1096,12958,0,0.0,303054848,4112416,82944,0.02334304101532325
1139,13,8011776,3,2,13,528,4,0,675,29,47,181185,1096,12958,0,0.0,303071232,4112416,82944,0.022608667029999197
1140,0,0,0,0,0,37,5,0,676,29,47,181642,1096,12958,0,0.0,303087616,4112416,82944,0.02251733298180625
1141,3,2654208,0,1,3,271,5,0,676,29,47,181642,1096,12958,0,0.0,303087616,4112416,82944,0.02396141702774912
1142,13,8011776,3,2,13,556,5,0,676,29,47,181642,1096,12958,0,0.0,303120384,4112416,82944,0.022810458031017333
1143,5,2670592,0,1,8,37,6,0,677,29,47,182084,1096,12958,0,0.0,303136768,4112416,82944,0.0222451250301674
1144,8,5324800,3,2,8,290,6,0,677,29,47,182084,1096,12958,0,0.0,303136768,4112416,82944,0.02270158298779279
1145,18,10682368,8,3,13,578,6,0,677,29,47,182084,1096,12958,0,0.0,303169536,4112416,82944,0.021786416007671505
1146,5,2670592,0,1,8,37,7,0,678,29,47,182569,1096,12958,0,0.0,303185920,4112416,82944,0.02249466598732397
1147,8,5324800,3,2,8,275,7,0,678,29,47,182569,1096,12958,0,0.0,303202304,4112416,82944,0.023300375032704324
1148,18,10682368,8,3,13,562,7,0,678,29,47,182569,1096,12958,0,0.0,303235072,4112416,82944,0.023061457963194698
1149,8,5324800,6,2,8,37,8,0,679,29,47,183060,1096,12958,0,0.0,303235072,4112416,82944,0.022115959029179066
1150,0,0,0,0,0,74,0,0,679,29,48,183060,1096,13247,289,0.023676916025578976,303235072,4112416,82944,0.02251416601939127
1151,3,2654208,0,1,3,270,0,0,679,29,48,183060,1096,13247,0,0.0,303235072,4112416,82944,0.024941959010902792
1152,13,8011776,3,2,13,555,0,0,679,29,48,183060,1096,13247,0,0.0,303235072,4112416,82944,0.022812916024122387
1153,0,0,0,0,0,37,1,0,680,29,48,183493,1096,13247,0,0.0,303235072,4112416,82944,0.022698250017128885
1154,3,2654208,0,1,3,259,1,0,680,29,48,183493,1096,13247,0,0.0,303235072,4112416,82944,0.02308008400723338
1155,13,8011776,3,2,13,484,1,0,680,29,48,183493,1096,13247,0,0.0,303235072,4112416,82944,0.02500366698950529
1156,0,0,0,0,0,37,2,0,681,29,48,184050,1096,13247,0,0.0,303235072,4112416,82944,0.02393700001994148
1157,3,2654208,0,1,3,259,2,0,681,29,48,184050,1096,13247,0,0.0,303235072,4112416,82944,0.02326008299132809
1158,13,8011776,3,2,13,481,2,0,681,29,48,184050,1096,13247,0,0.0,303235072,4112416,82944,0.02218558400636539
1159,23,13369344,13,3,13,18,3,0,682,29,48,184582,1096,13247,0,0.0,303251456,4112416,82944,0.022675958985928446
1160,3,2654208,0,1,3,240,3,0,682,29,48,184582,1096,13247,0,0.0,303251456,4112416,82944,0.023019209038466215
1161,13,8011776,3,2,13,502,3,0,682,29,48,184582,1096,13247,0,0.0,303251456,4112416,82944,0.022566124971490353
1162,0,0,0,0,0,37,4,0,683,29,48,185075,1096,13247,0,0.0,303251456,4112416,82944,0.022527042019646615
1163,3,2654208,0,1,3,259,4,0,683,29,48,185075,1096,13247,0,0.0,303267840,4112416,82944,0.02337112504756078
1164,13,8011776,3,2,13,528,4,0,683,29,48,185075,1096,13247,0,0.0,303267840,4112416,82944,0.02254249999532476
1165,0,0,0,0,0,37,5,0,684,29,48,185532,1096,13247,0,0.0,303284224,4112416,82944,0.022176833997946233
1166,3,2654208,0,1,3,272,5,0,684,29,48,185532,1096,13247,0,0.0,303284224,4112416,82944,0.02360104100080207
1167,13,8011776,3,2,13,557,5,0,684,29,48,185532,1096,13247,0,0.0,303316992,4112416,82944,0.022858707990963012
1168,5,2670592,0,1,8,37,6,0,685,29,48,185965,1096,13247,0,0.0,303333376,4112416,82944,0.023627958027645946
1169,8,5324800,3,2,8,290,6,0,685,29,48,185965,1096,13247,0,0.0,303333376,4112416,82944,0.023674124968238175
1170,18,10682368,8,3,13,578,6,0,685,29,48,185965,1096,13247,0,0.0,303382528,4112416,82944,0.022547082975506783
1171,5,2670592,0,1,8,37,7,0,686,29,48,186449,1096,13247,0,0.0,303382528,4112416,82944,0.02280408301157877
1172,8,5324800,3,2,8,276,7,0,686,29,48,186449,1096,13247,0,0.0,303382528,4112416,82944,0.022827334003522992
1173,18,10682368,8,3,13,563,7,0,686,29,48,186449,1096,13247,0,0.0,303398912,4112416,82944,0.022767249960452318
1174,8,5324800,6,2,8,37,8,0,687,29,48,186936,1096,13247,0,0.0,303431680,4112416,82944,0.021909791976213455
1175,0,0,0,0,0,74,0,0,687,29,49,186936,1096,13536,289,0.023425832972861826,303431680,4112416,82944,0.02261945797363296
1176,3,2654208,0,1,3,270,0,0,687,29,49,186936,1096,13536,0,0.0,303431680,4112416,82944,0.024747832969296724
1177,13,8011776,3,2,13,555,0,0,687,29,49,186936,1096,13536,0,0.0,303431680,4112416,82944,0.0227642499958165
1178,0,0,0,0,0,37,1,0,688,29,49,187369,1096,13536,0,0.0,303431680,4112416,82944,0.022151750046759844
1179,3,2654208,0,1,3,259,1,0,688,29,49,187369,1096,13536,0,0.0,303431680,4112416,82944,0.024093457963317633
1180,13,8011776,3,2,13,484,1,0,688,29,49,187369,1096,13536,0,0.0,303431680,4112416,82944,0.022172999975737184
1181,0,0,0,0,0,37,2,0,689,29,49,187927,1096,13536,0,0.0,303431680,4112416,82944,0.022630250023212284
1182,3,2654208,0,1,3,259,2,0,689,29,49,187927,1096,13536,0,0.0,303431680,4112416,82944,0.02398166700731963
1183,13,8011776,3,2,13,481,2,0,689,29,49,187927,1096,13536,0,0.0,303431680,4112416,82944,0.02283387497300282
1184,23,13369344,13,3,13,18,3,0,690,29,49,188459,1096,13536,0,0.0,303448064,4112416,82944,0.023280374996829778
1185,3,2654208,0,1,3,240,3,0,690,29,49,188459,1096,13536,0,0.0,303448064,4112416,82944,0.023171834007371217
1186,13,8011776,3,2,13,501,3,0,690,29,49,188459,1096,13536,0,0.0,303448064,4112416,82944,0.02269708295352757
1187,0,0,0,0,0,37,4,0,691,29,49,188952,1096,13536,0,0.0,303448064,4112416,82944,0.022440165979787707
1188,3,2654208,0,1,3,259,4,0,691,29,49,188952,1096,13536,0,0.0,303448064,4112416,82944,0.023075916978996247
1189,13,8011776,3,2,13,528,4,0,691,29,49,188952,1096,13536,0,0.0,303448064,4112416,82944,0.022457332990597934
1190,0,0,0,0,0,37,5,0,692,29,49,189409,1096,13536,0,0.0,303480832,4112416,82944,0.022193957993295044
1191,3,2654208,0,1,3,271,5,0,692,29,49,189409,1096,13536,0,0.0,303480832,4112416,82944,0.023798791982699186
1192,13,8011776,3,2,13,556,5,0,692,29,49,189409,1096,13536,0,0.0,303513600,4112416,82944,0.022848207969218493
1193,5,2670592,0,1,8,37,6,0,693,29,49,189851,1096,13536,0,0.0,303513600,4112416,82944,0.023306209011934698
1194,8,5324800,3,2,8,290,6,0,693,29,49,189851,1096,13536,0,0.0,303529984,4112416,82944,0.022936249966733158
1195,18,10682368,8,3,13,578,6,0,693,29,49,189851,1096,13536,0,0.0,303579136,4112416,82944,0.02231504098745063
1196,5,2670592,0,1,8,37,7,0,694,29,49,190336,1096,13536,0,0.0,303579136,4112416,82944,0.02228454197756946
1197,8,5324800,3,2,8,275,7,0,694,29,49,190336,1096,13536,0,0.0,303611904,4112416,82944,0.023494584020227194
1198,18,10682368,8,3,13,562,7,0,694,29,49,190336,1096,13536,0,0.0,303628288,4112416,82944,0.023444499995093793
1199,8,5324800,6,2,8,37,8,0,695,29,49,190824,1096,13536,0,0.0,303644672,4112416,82944,0.02270912501262501
1200,0,0,0,0,0,74,0,0,695,29,50,190824,1096,13825,289,0.02361370896687731,303661056,4112416,82944,0.022783500025980175
1201,3,2654208,0,1,3,270,0,0,695,29,50,190824,1096,13825,0,0.0,303661056,4112416,82944,0.024035084003116935
1202,13,8011776,3,2,13,555,0,0,695,29,50,190824,1096,13825,0,0.0,303661056,4112416,82944,0.0227808749768883
1203,0,0,0,0,0,37,1,0,696,29,50,191257,1096,13825,0,0.0,303661056,4112416,82944,0.022431917022913694
1204,3,2654208,0,1,3,259,1,0,696,29,50,191257,1096,13825,0,0.0,303661056,4112416,82944,0.0232776670018211
1205,13,8011776,3,2,13,484,1,0,696,29,50,191257,1096,13825,0,0.0,303661056,4112416,82944,0.022856540977954865
1206,0,0,0,0,0,37,2,0,697,29,50,191815,1096,13825,0,0.0,303661056,4112416,82944,0.02284604194574058
1207,3,2654208,0,1,3,259,2,0,697,29,50,191815,1096,13825,0,0.0,303661056,4112416,82944,0.024760791973676533
1208,13,8011776,3,2,13,481,2,0,697,29,50,191815,1096,13825,0,0.0,303661056,4112416,82944,0.023867584008257836
1209,23,13369344,13,3,13,18,3,0,698,29,50,192347,1096,13825,0,0.0,303661056,4112416,82944,0.022463916044216603
1210,3,2654208,0,1,3,240,3,0,698,29,50,192347,1096,13825,0,0.0,303661056,4112416,82944,0.023080749961081892
1211,13,8011776,3,2,13,502,3,0,698,29,50,192347,1096,13825,0,0.0,303661056,4112416,82944,0.023433999973349273
1212,0,0,0,0,0,37,4,0,699,29,50,192840,1096,13825,0,0.0,303677440,4112416,82944,0.02316808298928663
1213,3,2654208,0,1,3,259,4,0,699,29,50,192840,1096,13825,0,0.0,303677440,4112416,82944,0.023063791973982006
1214,13,8011776,3,2,13,528,4,0,699,29,50,192840,1096,13825,0,0.0,303677440,4112416,82944,0.022944124997593462
1215,0,0,0,0,0,37,5,0,700,29,50,193297,1096,13825,0,0.0,303693824,4112416,82944,0.022408625052776188
1216,3,2654208,0,1,3,271,5,0,700,29,50,193297,1096,13825,0,0.0,303693824,4112416,82944,0.022929375001695007
1217,13,8011776,3,2,13,556,5,0,700,29,50,193297,1096,13825,0,0.0,303726592,4112416,82944,0.02235387498512864
1218,5,2670592,0,1,8,37,6,0,701,29,50,193739,1096,13825,0,0.0,303726592,4112416,82944,0.022204458015039563
1219,8,5324800,3,2,8,290,6,0,701,29,50,193739,1096,13825,0,0.0,303742976,4112416,82944,0.022977708955295384
1220,18,10682368,8,3,13,578,6,0,701,29,50,193739,1096,13825,0,0.0,303775744,4112416,82944,0.022077499947045
1221,5,2670592,0,1,8,37,7,0,702,29,50,194224,1096,13825,0,0.0,303792128,4112416,82944,0.022348334023263305
1222,8,5324800,3,2,8,275,7,0,702,29,50,194224,1096,13825,0,0.0,303792128,4112416,82944,0.022789375041611493
1223,18,10682368,8,3,13,562,7,0,702,29,50,194224,1096,13825,0,0.0,303824896,4112416,82944,0.02304958301829174
1224,8,5324800,6,2,8,37,8,0,703,29,50,194715,1096,13825,0,0.0,303841280,4112416,82944,0.02247970801545307
1225,0,0,0,0,0,74,0,0,703,29,51,194715,1096,14114,289,0.02375316701363772,303857664,4112416,82944,0.022873292036820203
1226,3,2654208,0,1,3,270,0,0,703,29,51,194715,1096,14114,0,0.0,303857664,4112416,82944,0.02392270800191909
1227,13,8011776,3,2,13,555,0,0,703,29,51,194715,1096,14114,0,0.0,303857664,4112416,82944,0.022962459013797343
1228,0,0,0,0,0,37,1,0,704,29,51,195148,1096,14114,0,0.0,303857664,4112416,82944,0.0230948330136016
1229,3,2654208,0,1,3,259,1,0,704,29,51,195148,1096,14114,0,0.0,303857664,4112416,82944,0.023096667020581663
1230,13,8011776,3,2,13,484,1,0,704,29,51,195148,1096,14114,0,0.0,303857664,4112416,82944,0.022770209005102515
1231,0,0,0,0,0,37,2,0,705,29,51,195706,1096,14114,0,0.0,303857664,4112416,82944,0.021928792004473507
1232,3,2654208,0,1,3,259,2,0,705,29,51,195706,1096,14114,0,0.0,303857664,4112416,82944,0.023158332973252982
1233,13,8011776,3,2,13,481,2,0,705,29,51,195706,1096,14114,0,0.0,303857664,4112416,82944,0.02255229203728959
1234,23,13369344,13,3,13,18,3,0,706,29,51,196238,1096,14114,0,0.0,303857664,4112416,82944,0.022367292025592178
1235,3,2654208,0,1,3,240,3,0,706,29,51,196238,1096,14114,0,0.0,303857664,4112416,82944,0.02283933397848159
1236,13,8011776,3,2,13,502,3,0,706,29,51,196238,1096,14114,0,0.0,303857664,4112416,82944,0.022531749971676618
1237,0,0,0,0,0,37,4,0,707,29,51,196731,1096,14114,0,0.0,303874048,4112416,82944,0.022497416997794062
1238,3,2654208,0,1,3,259,4,0,707,29,51,196731,1096,14114,0,0.0,303874048,4112416,82944,0.023134541988838464
1239,13,8011776,3,2,13,528,4,0,707,29,51,196731,1096,14114,0,0.0,303890432,4112416,82944,0.02301091601839289
1240,0,0,0,0,0,37,5,0,708,29,51,197188,1096,14114,0,0.0,303890432,4112416,82944,0.022779042017646134
1241,3,2654208,0,1,3,271,5,0,708,29,51,197188,1096,14114,0,0.0,303890432,4112416,82944,0.02372812497196719
1242,13,8011776,3,2,13,556,5,0,708,29,51,197188,1096,14114,0,0.0,303906816,4112416,82944,0.023215874971356243
1243,5,2670592,0,1,8,37,6,0,709,29,51,197630,1096,14114,0,0.0,303955968,4112416,82944,0.022163499961607158
1244,8,5324800,3,2,8,290,6,0,709,29,51,197630,1096,14114,0,0.0,303955968,4112416,82944,0.022923749987967312
1245,18,10682368,8,3,13,578,6,0,709,29,51,197630,1096,14114,0,0.0,303972352,4112416,82944,0.022204082983080298
1246,5,2670592,0,1,8,37,7,0,710,29,51,198115,1096,14114,0,0.0,303972352,4112416,82944,0.022735790989827365
1247,8,5324800,3,2,8,275,7,0,710,29,51,198115,1096,14114,0,0.0,303972352,4112416,82944,0.022825040970928967
1248,18,10682368,8,3,13,562,7,0,710,29,51,198115,1096,14114,0,0.0,304037888,4112416,82944,0.023069667047820985
1249,8,5324800,6,2,8,37,8,0,711,29,51,198604,1096,14114,0,0.0,304054272,4112416,82944,0.023191042011603713
1250,0,0,0,0,0,74,0,0,711,29,52,198604,1096,14403,289,0.024058082955889404,304054272,4112416,82944,0.023203209042549133
1251,3,2654208,0,1,3,270,0,0,711,29,52,198604,1096,14403,0,0.0,304054272,4112416,82944,0.026338041992858052
1252,13,8011776,3,2,13,555,0,0,711,29,52,198604,1096,14403,0,0.0,304054272,4112416,82944,0.024337165988981724
1253,0,0,0,0,0,37,1,0,712,29,52,199037,1096,14403,0,0.0,304054272,4112416,82944,0.023245499993208796
1254,3,2654208,0,1,3,259,1,0,712,29,52,199037,1096,14403,0,0.0,304054272,4112416,82944,0.02365649997955188
1255,13,8011776,3,2,13,484,1,0,712,29,52,199037,1096,14403,0,0.0,304054272,4112416,82944,0.022608541999943554
1256,0,0,0,0,0,37,2,0,713,29,52,199595,1096,14403,0,0.0,304070656,4112416,82944,0.022443125024437904
1257,3,2654208,0,1,3,259,2,0,713,29,52,199595,1096,14403,0,0.0,304070656,4112416,82944,0.02298087498638779
1258,13,8011776,3,2,13,481,2,0,713,29,52,199595,1096,14403,0,0.0,304070656,4112416,82944,0.0228563750279136
1259,23,13369344,13,3,13,18,3,0,714,29,52,200126,1096,14403,0,0.0,304070656,4112416,82944,0.022483916953206062
1260,3,2654208,0,1,3,240,3,0,714,29,52,200126,1096,14403,0,0.0,304070656,4112416,82944,0.023292333004064858
1261,13,8011776,3,2,13,503,3,0,714,29,52,200126,1096,14403,0,0.0,304070656,4112416,82944,0.022510791022796184
1262,0,0,0,0,0,37,4,0,715,29,52,200619,1096,14403,0,0.0,304070656,4112416,82944,0.025078165985178202
1263,3,2654208,0,1,3,259,4,0,715,29,52,200619,1096,14403,0,0.0,304070656,4112416,82944,0.024602958001196384
1264,13,8011776,3,2,13,528,4,0,715,29,52,200619,1096,14403,0,0.0,304087040,4112416,82944,0.022946208016946912
1265,0,0,0,0,0,37,5,0,716,29,52,201076,1096,14403,0,0.0,304087040,4112416,82944,0.022952582978177816
1266,3,2654208,0,1,3,271,5,0,716,29,52,201076,1096,14403,0,0.0,304103424,4112416,82944,0.02292179095093161
1267,13,8011776,3,2,13,556,5,0,716,29,52,201076,1096,14403,0,0.0,304136192,4112416,82944,0.022831125010270625
1268,5,2670592,0,1,8,37,6,0,717,29,52,201518,1096,14403,0,0.0,304152576,4112416,82944,0.023146290972363204
1269,8,5324800,3,2,8,290,6,0,717,29,52,201518,1096,14403,0,0.0,304168960,4112416,82944,0.022409875004086643
1270,18,10682368,8,3,13,578,6,0,717,29,52,201518,1096,14403,0,0.0,304201728,4112416,82944,0.02210858400212601
1271,5,2670592,0,1,8,37,7,0,718,29,52,202003,1096,14403,0,0.0,304201728,4112416,82944,0.022142959001939744
1272,8,5324800,3,2,8,275,7,0,718,29,52,202003,1096,14403,0,0.0,304218112,4112416,82944,0.022240250022150576
1273,18,10682368,8,3,13,562,7,0,718,29,52,202003,1096,14403,0,0.0,304234496,4112416,82944,0.02243074995931238
1274,8,5324800,6,2,8,37,8,0,719,29,52,202494,1096,14403,0,0.0,304250880,4112416,82944,0.02191466698423028
1275,0,0,0,0,0,74,0,0,719,29,53,202494,1096,14692,289,0.02575516700744629,304250880,4112416,82944,0.02269429201260209
1276,3,2654208,0,1,3,270,0,0,719,29,53,202494,1096,14692,0,0.0,304250880,4112416,82944,0.024276459007523954
1277,13,8011776,3,2,13,555,0,0,719,29,53,202494,1096,14692,0,0.0,304250880,4112416,82944,0.023660042032133788
1278,0,0,0,0,0,37,1,0,720,29,53,202927,1096,14692,0,0.0,304250880,4112416,82944,0.02275166701292619
1279,3,2654208,0,1,3,259,1,0,720,29,53,202927,1096,14692,0,0.0,304250880,4112416,82944,0.022584416961763054
1280,13,8011776,3,2,13,484,1,0,720,29,53,202927,1096,14692,0,0.0,304250880,4112416,82944,0.022546166030224413
1281,0,0,0,0,0,37,2,0,721,29,53,203484,1096,14692,0,0.0,304267264,4112416,82944,0.02238158299587667
1282,3,2654208,0,1,3,259,2,0,721,29,53,203484,1096,14692,0,0.0,304267264,4112416,82944,0.02366462501231581
1283,13,8011776,3,2,13,481,2,0,721,29,53,203484,1096,14692,0,0.0,304267264,4112416,82944,0.023254250001627952
1284,23,13369344,13,3,13,19,3,0,722,29,53,204016,1096,14692,0,0.0,304267264,4112416,82944,0.023105208994820714
1285,3,2654208,0,1,3,241,3,0,722,29,53,204016,1096,14692,0,0.0,304267264,4112416,82944,0.02344512497074902
1286,13,8011776,3,2,13,504,3,0,722,29,53,204016,1096,14692,0,0.0,304267264,4112416,82944,0.02262166701257229
1287,0,0,0,0,0,37,4,0,723,29,53,204509,1096,14692,0,0.0,304267264,4112416,82944,0.02245629101525992
1288,3,2654208,0,1,3,259,4,0,723,29,53,204509,1096,14692,0,0.0,304267264,4112416,82944,0.022710541961714625
1289,13,8011776,3,2,13,528,4,0,723,29,53,204509,1096,14692,0,0.0,304283648,4112416,82944,0.022892708017025143
1290,0,0,0,0,0,37,5,0,724,29,53,204966,1096,14692,0,0.0,304300032,4112416,82944,0.022393374994862825
1291,3,2654208,0,1,3,272,5,0,724,29,53,204966,1096,14692,0,0.0,304316416,4112416,82944,0.02454458305146545
1292,13,8011776,3,2,13,557,5,0,724,29,53,204966,1096,14692,0,0.0,304332800,4112416,82944,0.02350620797369629
1293,5,2670592,0,1,8,37,6,0,725,29,53,205399,1096,14692,0,0.0,304332800,4112416,82944,0.02287962503032759
1294,8,5324800,3,2,8,290,6,0,725,29,53,205399,1096,14692,0,0.0,304332800,4112416,82944,0.023291208024602383
1295,18,10682368,8,3,13,578,6,0,725,29,53,205399,1096,14692,0,0.0,304398336,4112416,82944,0.022648165991995484
1296,5,2670592,0,1,8,37,7,0,726,29,53,205884,1096,14692,0,0.0,304398336,4112416,82944,0.02289145899703726
1297,8,5324800,3,2,8,277,7,0,726,29,53,205884,1096,14692,0,0.0,304398336,4112416,82944,0.022647709003649652
1298,18,10682368,8,3,13,564,7,0,726,29,53,205884,1096,14692,0,0.0,304431104,4112416,82944,0.02274258399847895
1299,8,5324800,6,2,8,37,8,0,727,29,53,206375,1096,14692,0,0.0,304447488,4112416,82944,0.022849125030916184
1300,0,0,0,0,0,74,0,0,727,29,54,206375,1096,14981,289,0.024313249974511564,304463872,4112416,82944,0.022097165987361223
1301,3,2654208,0,1,3,270,0,0,727,29,54,206375,1096,14981,0,0.0,304463872,4112416,82944,0.024686541000846773
1302,13,8011776,3,2,13,555,0,0,727,29,54,206375,1096,14981,0,0.0,304463872,4112416,82944,0.023239375033881515
1303,0,0,0,0,0,37,1,0,728,29,54,206808,1096,14981,0,0.0,304463872,4112416,82944,0.02350999996997416
1304,3,2654208,0,1,3,259,1,0,728,29,54,206808,1096,14981,0,0.0,304463872,4112416,82944,0.023007416049949825
1305,13,8011776,3,2,13,484,1,0,728,29,54,206808,1096,14981,0,0.0,304463872,4112416,82944,0.022918000002391636
1306,0,0,0,0,0,37,2,0,729,29,54,207362,1096,14981,0,0.0,304463872,4112416,82944,0.022709874960128218
1307,3,2654208,0,1,3,259,2,0,729,29,54,207362,1096,14981,0,0.0,304463872,4112416,82944,0.022828999964985996
1308,13,8011776,3,2,13,481,2,0,729,29,54,207362,1096,14981,0,0.0,304463872,4112416,82944,0.02313708298606798
1309,23,13369344,13,3,13,22,3,0,730,29,54,207894,1096,14981,0,0.0,304463872,4112416,82944,0.02238383301300928
1310,3,2654208,0,1,3,244,3,0,730,29,54,207894,1096,14981,0,0.0,304463872,4112416,82944,0.024533041985705495
1311,13,8011776,3,2,13,508,3,0,730,29,54,207894,1096,14981,0,0.0,304463872,4112416,82944,0.023212082975078374
1312,0,0,0,0,0,37,4,0,731,29,54,208387,1096,14981,0,0.0,304463872,4112416,82944,0.02242162497714162
1313,3,2654208,0,1,3,259,4,0,731,29,54,208387,1096,14981,0,0.0,304463872,4112416,82944,0.023248957993928343
1314,13,8011776,3,2,13,528,4,0,731,29,54,208387,1096,14981,0,0.0,304463872,4112416,82944,0.023018334002699703
1315,0,0,0,0,0,37,5,0,732,29,54,208844,1096,14981,0,0.0,304480256,4112416,82944,0.02275733300484717
1316,3,2654208,0,1,3,271,5,0,732,29,54,208844,1096,14981,0,0.0,304480256,4112416,82944,0.0226120000006631
1317,13,8011776,3,2,13,556,5,0,732,29,54,208844,1096,14981,0,0.0,304496640,4112416,82944,0.02238516602665186
1318,5,2670592,0,1,8,37,6,0,733,29,54,209286,1096,14981,0,0.0,304529408,4112416,82944,0.02258399996208027
1319,8,5324800,3,2,8,290,6,0,733,29,54,209286,1096,14981,0,0.0,304562176,4112416,82944,0.023263915965799242
1320,18,10682368,8,3,13,578,6,0,733,29,54,209286,1096,14981,0,0.0,304578560,4112416,82944,0.022927832964342088
1321,5,2670592,0,1,8,37,7,0,734,29,54,209771,1096,14981,0,0.0,304578560,4112416,82944,0.022219999984372407
1322,8,5324800,3,2,8,275,7,0,734,29,54,209771,1096,14981,0,0.0,304611328,4112416,82944,0.022670375008601695
1323,18,10682368,8,3,13,562,7,0,734,29,54,209771,1096,14981,0,0.0,304660480,4112416,82944,0.022097542008850724
1324,8,5324800,6,2,8,37,8,0,735,29,54,210262,1096,14981,0,0.0,304676864,4112416,82944,0.022103834024164826
1325,0,0,0,0,0,74,0,0,735,29,55,210262,1096,15269,288,0.02459912496851757,304676864,4112416,82944,0.022080916969571263
1326,3,2654208,0,1,3,270,0,0,735,29,55,210262,1096,15269,0,0.0,304676864,4112416,82944,0.024045999976806343
1327,13,8011776,3,2,13,555,0,0,735,29,55,210262,1096,15269,0,0.0,304676864,4112416,82944,0.02218312496552244
1328,0,0,0,0,0,37,1,0,736,29,55,210695,1096,15269,0,0.0,304676864,4112416,82944,0.02201412501744926
1329,3,2654208,0,1,3,259,1,0,736,29,55,210695,1096,15269,0,0.0,304676864,4112416,82944,0.023558415996376425
1330,13,8011776,3,2,13,484,1,0,736,29,55,210695,1096,15269,0,0.0,304676864,4112416,82944,0.0222872500307858
1331,0,0,0,0,0,37,2,0,737,29,55,211252,1096,15269,0,0.0,304693248,4112416,82944,0.02214325004024431
1332,3,2654208,0,1,3,259,2,0,737,29,55,211252,1096,15269,0,0.0,304693248,4112416,82944,0.0236607079859823
1333,13,8011776,3,2,13,481,2,0,737,29,55,211252,1096,15269,0,0.0,304693248,4112416,82944,0.023609791009221226
1334,23,13369344,13,3,13,22,3,0,738,29,55,211784,1096,15269,0,0.0,304693248,4112416,82944,0.02327616699039936
1335,3,2654208,0,1,3,244,3,0,738,29,55,211784,1096,15269,0,0.0,304693248,4112416,82944,0.02313745894934982
1336,13,8011776,3,2,13,508,3,0,738,29,55,211784,1096,15269,0,0.0,304693248,4112416,82944,0.023287874995730817
1337,0,0,0,0,0,37,4,0,739,29,55,212277,1096,15269,0,0.0,304693248,4112416,82944,0.02251300000352785
1338,3,2654208,0,1,3,259,4,0,739,29,55,212277,1096,15269,0,0.0,304693248,4112416,82944,0.02314291597576812
1339,13,8011776,3,2,13,529,4,0,739,29,55,212277,1096,15269,0,0.0,304693248,4112416,82944,0.022539249970577657
1340,0,0,0,0,0,37,5,0,740,29,55,212734,1096,15269,0,0.0,304693248,4112416,82944,0.022249958012253046
1341,3,2654208,0,1,3,271,5,0,740,29,55,212734,1096,15269,0,0.0,304709632,4112416,82944,0.023410124995280057
1342,13,8011776,3,2,13,556,5,0,740,29,55,212734,1096,15269,0,0.0,304758784,4112416,82944,0.02229125000303611
1343,5,2670592,0,1,8,37,6,0,741,29,55,213173,1096,15269,0,0.0,304758784,4112416,82944,0.02282904100138694
1344,8,5324800,3,2,8,297,6,0,741,29,55,213173,1096,15269,0,0.0,304775168,4112416,82944,0.02289395802654326
1345,18,10682368,8,3,13,585,6,0,741,29,55,213173,1096,15269,0,0.0,304791552,4112416,82944,0.022731749981176108
1346,5,2670592,0,1,8,37,7,0,742,29,55,213652,1096,15269,0,0.0,304807936,4112416,82944,0.023029333038721234
1347,8,5324800,3,2,8,282,7,0,742,29,55,213652,1096,15269,0,0.0,304824320,4112416,82944,0.021888250019401312
1348,18,10682368,8,3,13,569,7,0,742,29,55,213652,1096,15269,0,0.0,304857088,4112416,82944,0.02269304101355374
1349,8,5324800,6,2,8,37,8,0,743,29,55,214134,1096,15269,0,0.0,304857088,4112416,82944,0.022592791996430606
1350,0,0,0,0,0,74,0,0,743,29,56,214134,1096,15568,299,0.02417712495662272,304857088,4112416,82944,0.022046040976420045
1351,3,2654208,0,1,3,270,0,0,743,29,56,214134,1096,15568,0,0.0,304857088,4112416,82944,0.024681041948497295
1352,13,8011776,3,2,13,555,0,0,743,29,56,214134,1096,15568,0,0.0,304857088,4112416,82944,0.022976249980274588
1353,0,0,0,0,0,37,1,0,744,29,56,214567,1096,15568,0,0.0,304857088,4112416,82944,0.022247707995120436
1354,3,2654208,0,1,3,259,1,0,744,29,56,214567,1096,15568,0,0.0,304857088,4112416,82944,0.02328141697216779
1355,13,8011776,3,2,13,484,1,0,744,29,56,214567,1096,15568,0,0.0,304857088,4112416,82944,0.022733040968887508
1356,0,0,0,0,0,37,2,0,745,29,56,215125,1096,15568,0,0.0,304857088,4112416,82944,0.02168295899173245
1357,3,2654208,0,1,3,259,2,0,745,29,56,215125,1096,15568,0,0.0,304857088,4112416,82944,0.022954625019337982
1358,13,8011776,3,2,13,481,2,0,745,29,56,215125,1096,15568,0,0.0,304857088,4112416,82944,0.02271458401810378
1359,23,13369344,13,3,13,22,3,0,746,29,56,215657,1096,15568,0,0.0,304873472,4112416,82944,0.023388125002384186
1360,3,2654208,0,1,3,244,3,0,746,29,56,215657,1096,15568,0,0.0,304873472,4112416,82944,0.023049917013850063
1361,13,8011776,3,2,13,508,3,0,746,29,56,215657,1096,15568,0,0.0,304889856,4112416,82944,0.022862458019517362
1362,0,0,0,0,0,37,4,0,747,29,56,216150,1096,15568,0,0.0,304889856,4112416,82944,0.023324500012677163
1363,3,2654208,0,1,3,259,4,0,747,29,56,216150,1096,15568,0,0.0,304889856,4112416,82944,0.023043875000439584
1364,13,8011776,3,2,13,528,4,0,747,29,56,216150,1096,15568,0,0.0,304906240,4112416,82944,0.02308779099257663
1365,0,0,0,0,0,37,5,0,748,29,56,216607,1096,15568,0,0.0,304906240,4112416,82944,0.022406000003684312
1366,3,2654208,0,1,3,272,5,0,748,29,56,216607,1096,15568,0,0.0,304906240,4112416,82944,0.023444332997314632
1367,13,8011776,3,2,13,557,5,0,748,29,56,216607,1096,15568,0,0.0,304939008,4112416,82944,0.022985416988376528
1368,5,2670592,0,1,8,37,6,0,749,29,56,217040,1096,15568,0,0.0,304939008,4112416,82944,0.021924667002167553
1369,8,5324800,3,2,8,290,6,0,749,29,56,217040,1096,15568,0,0.0,304988160,4112416,82944,0.02677087497431785
1370,18,10682368,8,3,13,578,6,0,749,29,56,217040,1096,15568,0,0.0,305020928,4112416,82944,0.02290516602806747
1371,5,2670592,0,1,8,37,7,0,750,29,56,217525,1096,15568,0,0.0,305020928,4112416,82944,0.022279165976215154
1372,8,5324800,3,2,8,275,7,0,750,29,56,217525,1096,15568,0,0.0,305020928,4112416,82944,0.023284624970983714
1373,18,10682368,8,3,13,562,7,0,750,29,56,217525,1096,15568,0,0.0,305020928,4112416,82944,0.023439165961463004
1374,8,5324800,6,2,8,37,8,0,751,29,56,218016,1096,15568,0,0.0,305070080,4112416,82944,0.022320042015053332
1375,0,0,0,0,0,74,0,0,751,29,57,218016,1096,15857,289,0.024197665974497795,305086464,4112416,82944,0.022434583981521428
1376,3,2654208,0,1,3,270,0,0,751,29,57,218016,1096,15857,0,0.0,305086464,4112416,82944,0.024245082982815802
1377,13,8011776,3,2,13,555,0,0,751,29,57,218016,1096,15857,0,0.0,305086464,4112416,82944,0.028038834047038108
1378,0,0,0,0,0,37,1,0,752,29,57,218449,1096,15857,0,0.0,305086464,4112416,82944,0.03993554197950289
1379,3,2654208,0,1,3,259,1,0,752,29,57,218449,1096,15857,0,0.0,305102848,4112416,82944,0.037177583028096706
1380,13,8011776,3,2,13,484,1,0,752,29,57,218449,1096,15857,0,0.0,305102848,4112416,82944,0.054979207983706146
1381,0,0,0,0,0,37,2,0,753,29,57,219005,1096,15857,0,0.0,305102848,4112416,82944,0.03377525001997128
1382,3,2654208,0,1,3,259,2,0,753,29,57,219005,1096,15857,0,0.0,305102848,4112416,82944,0.03488450002623722
1383,13,8011776,3,2,13,481,2,0,753,29,57,219005,1096,15857,0,0.0,305807360,4112416,82944,0.047249583003576845
1384,23,13369344,13,3,13,18,3,0,754,29,57,219536,1096,15857,0,0.0,305807360,4112416,82944,0.03965508297551423
1385,3,2654208,0,1,3,240,3,0,754,29,57,219536,1096,15857,0,0.0,305807360,4112416,82944,0.035787625005468726
1386,13,8011776,3,2,13,503,3,0,754,29,57,219536,1096,15857,0,0.0,305807360,4112416,82944,0.03129087499110028
1387,0,0,0,0,0,37,4,0,755,29,57,220028,1096,15857,0,0.0,305823744,4112416,82944,0.025278749992139637
1388,3,2654208,0,1,3,259,4,0,755,29,57,220028,1096,15857,0,0.0,305823744,4112416,82944,0.025335374986752868
1389,13,8011776,3,2,13,529,4,0,755,29,57,220028,1096,15857,0,0.0,305823744,4112416,82944,0.024540624988730997
1390,0,0,0,0,0,37,5,0,756,29,57,220484,1096,15857,0,0.0,305840128,4112416,82944,0.024500792031176388
1391,3,2654208,0,1,3,275,5,0,756,29,57,220484,1096,15857,0,0.0,305840128,4112416,82944,0.024247625027783215
1392,13,8011776,3,2,13,560,5,0,756,29,57,220484,1096,15857,0,0.0,305889280,4112416,82944,0.037211582995951176
1393,5,2670592,0,1,8,37,6,0,757,29,57,220917,1096,15857,0,0.0,305905664,4112416,82944,0.023917792015708983
1394,8,5324800,3,2,8,293,6,0,757,29,57,220917,1096,15857,0,0.0,305905664,4112416,82944,0.0235008749878034
1395,18,10682368,8,3,13,581,6,0,757,29,57,220917,1096,15857,0,0.0,305954816,4112416,82944,0.02320945804240182
1396,5,2670592,0,1,8,37,7,0,758,29,57,221395,1096,15857,0,0.0,305971200,4112416,82944,0.023663792002480477
1397,8,5324800,3,2,8,282,7,0,758,29,57,221395,1096,15857,0,0.0,305971200,4112416,82944,0.022301666031125933
1398,18,10682368,8,3,13,569,7,0,758,29,57,221395,1096,15857,0,0.0,306003968,4112416,82944,0.022536583011969924
1399,8,5324800,6,2,8,37,8,0,759,29,57,221877,1096,15857,0,0.0,306020352,4112416,82944,0.023147083004005253
1400,0,0,0,0,0,74,0,0,759,29,58,221877,1096,16161,304,0.025104249943979084,306020352,4112416,82944,0.022371958009898663
1401,3,2654208,0,1,3,270,0,0,759,29,58,221877,1096,16161,0,0.0,306020352,4112416,82944,0.02395137498388067
1402,13,8011776,3,2,13,555,0,0,759,29,58,221877,1096,16161,0,0.0,306020352,4112416,82944,0.022672916005831212
1403,0,0,0,0,0,37,1,0,760,29,58,222308,1096,16161,0,0.0,306036736,4112416,82944,0.022333667031489313
1404,3,2654208,0,1,3,259,1,0,760,29,58,222308,1096,16161,0,0.0,306036736,4112416,82944,0.023379083024337888
1405,13,8011776,3,2,13,484,1,0,760,29,58,222308,1096,16161,0,0.0,306036736,4112416,82944,0.023116666998248547
1406,0,0,0,0,0,37,2,0,761,29,58,222865,1096,16161,0,0.0,306036736,4112416,82944,0.022280750039499253
1407,3,2654208,0,1,3,259,2,0,761,29,58,222865,1096,16161,0,0.0,306036736,4112416,82944,0.023475916008464992
1408,13,8011776,3,2,13,481,2,0,761,29,58,222865,1096,16161,0,0.0,306036736,4112416,82944,0.023749542015139014
1409,0,0,0,0,0,37,3,0,762,29,58,223364,1096,16161,0,0.0,306036736,4112416,82944,0.023253458028193563
1410,3,2654208,0,1,3,259,3,0,762,29,58,223364,1096,16161,0,0.0,306036736,4112416,82944,0.023423750011716038
1411,13,8011776,3,2,13,529,3,0,762,29,58,223364,1096,16161,0,0.0,306036736,4112416,82944,0.02286595804616809
1412,0,0,0,0,0,37,4,0,763,29,58,223821,1096,16161,0,0.0,306053120,4112416,82944,0.022434832993894815
1413,3,2654208,0,1,3,271,4,0,763,29,58,223821,1096,16161,0,0.0,306053120,4112416,82944,0.023499707982409745
1414,13,8011776,3,2,13,556,4,0,763,29,58,223821,1096,16161,0,0.0,306069504,4112416,82944,0.023197458998765796
1415,5,2670592,0,1,8,37,5,0,764,29,58,224263,1096,16161,0,0.0,306069504,4112416,82944,0.02255966601660475
1416,8,5324800,3,2,8,290,5,0,764,29,58,224263,1096,16161,0,0.0,306102272,4112416,82944,0.022998500033281744
1417,18,10682368,8,3,13,578,5,0,764,29,58,224263,1096,16161,0,0.0,306135040,4112416,82944,0.022420625027734786
1418,5,2670592,0,1,8,37,6,0,765,29,58,224745,1096,16161,0,0.0,306135040,4112416,82944,0.024057375034317374
1419,8,5324800,3,2,8,279,6,0,765,29,58,224745,1096,16161,0,0.0,306135040,4112416,82944,0.023233291984070092
1420,18,10682368,8,3,13,566,6,0,765,29,58,224745,1096,16161,0,0.0,306151424,4112416,82944,0.023059875005856156
1421,8,5324800,6,2,8,37,7,0,766,29,58,225236,1096,16161,0,0.0,306184192,4112416,82944,0.022691958001814783
1422,11,7979008,6,3,8,266,7,0,766,29,58,225236,1096,16161,0,0.0,306200576,4112416,82944,0.02268799999728799
1423,21,13336576,8,4,13,552,7,0,766,29,58,225236,1096,16161,0,0.0,306216960,4112416,82944,0.022411332989577204
1424,8,5324800,6,2,8,37,8,0,767,29,58,225734,1096,16161,0,0.0,306216960,4112416,82944,0.022303208999801427
1425,0,0,0,0,0,74,0,0,767,29,59,225734,1096,16450,289,0.024939791997894645,306216960,4112416,82944,0.02352112502558157
1426,3,2654208,0,1,3,270,0,0,767,29,59,225734,1096,16450,0,0.0,306216960,4112416,82944,0.02461329201469198
1427,13,8011776,3,2,13,555,0,0,767,29,59,225734,1096,16450,0,0.0,306216960,4112416,82944,0.022741833003237844
1428,0,0,0,0,0,37,1,0,768,29,59,226167,1096,16450,0,0.0,306216960,4112416,82944,0.022644874989055097
1429,3,2654208,0,1,3,259,1,0,768,29,59,226167,1096,16450,0,0.0,306216960,4112416,82944,0.02253100002417341
1430,13,8011776,3,2,13,484,1,0,768,29,59,226167,1096,16450,0,0.0,306216960,4112416,82944,0.02205108298221603
1431,0,0,0,0,0,37,2,0,769,29,59,226723,1096,16450,0,0.0,306216960,4112416,82944,0.021591000026091933
1432,3,2654208,0,1,3,259,2,0,769,29,59,226723,1096,16450,0,0.0,306216960,4112416,82944,0.023114582989364862
1433,13,8011776,3,2,13,481,2,0,769,29,59,226723,1096,16450,0,0.0,306216960,4112416,82944,0.022670999984256923
1434,23,13369344,13,3,13,22,3,0,770,29,59,227254,1096,16450,0,0.0,306216960,4112416,82944,0.02194175001932308
1435,3,2654208,0,1,3,244,3,0,770,29,59,227254,1096,16450,0,0.0,306216960,4112416,82944,0.022899249976035208
1436,13,8011776,3,2,13,509,3,0,770,29,59,227254,1096,16450,0,0.0,306216960,4112416,82944,0.02260679198661819
1437,0,0,0,0,0,37,4,0,771,29,59,227747,1096,16450,0,0.0,306233344,4112416,82944,0.021756624977570027
1438,3,2654208,0,1,3,259,4,0,771,29,59,227747,1096,16450,0,0.0,306233344,4112416,82944,0.0226842500269413
1439,13,8011776,3,2,13,528,4,0,771,29,59,227747,1096,16450,0,0.0,306266112,4112416,82944,0.022036290960386395
1440,0,0,0,0,0,37,5,0,772,29,59,228204,1096,16450,0,0.0,306282496,4112416,82944,0.02229950000764802
1441,3,2654208,0,1,3,271,5,0,772,29,59,228204,1096,16450,0,0.0,306282496,4112416,82944,0.023025416012387723
1442,13,8011776,3,2,13,556,5,0,772,29,59,228204,1096,16450,0,0.0,306315264,4112416,82944,0.02211899997200817
1443,5,2670592,0,1,8,37,6,0,773,29,59,228646,1096,16450,0,0.0,306331648,4112416,82944,0.022376291977707297
1444,8,5324800,3,2,8,292,6,0,773,29,59,228646,1096,16450,0,0.0,306348032,4112416,82944,0.022925790981389582
1445,18,10682368,8,3,13,580,6,0,773,29,59,228646,1096,16450,0,0.0,306380800,4112416,82944,0.021955041971523315
1446,5,2670592,0,1,8,37,7,0,774,29,59,229130,1096,16450,0,0.0,306380800,4112416,82944,0.022150958015117794
1447,8,5324800,3,2,8,276,7,0,774,29,59,229130,1096,16450,0,0.0,306397184,4112416,82944,0.02248949999921024
1448,18,10682368,8,3,13,563,7,0,774,29,59,229130,1096,16450,0,0.0,306429952,4112416,82944,0.021517207962460816
1449,8,5324800,6,2,8,37,8,0,775,29,59,229618,1096,16450,0,0.0,306446336,4112416,82944,0.021928416972514242
1450,0,0,0,0,0,74,0,0,775,29,60,229618,1096,16739,289,0.02374704199610278,306446336,4112416,82944,0.021952542010694742
1451,3,2654208,0,1,3,270,0,0,775,29,60,229618,1096,16739,0,0.0,306446336,4112416,82944,0.023520124959759414
1452,13,8011776,3,2,13,555,0,0,775,29,60,229618,1096,16739,0,0.0,306446336,4112416,82944,0.022099916997831315
1453,0,0,0,0,0,37,1,0,776,29,60,230049,1096,16739,0,0.0,306446336,4112416,82944,0.022337417001836002
1454,3,2654208,0,1,3,259,1,0,776,29,60,230049,1096,16739,0,0.0,306446336,4112416,82944,0.022290959022939205
1455,13,8011776,3,2,13,484,1,0,776,29,60,230049,1096,16739,0,0.0,306446336,4112416,82944,0.02207170898327604
1456,0,0,0,0,0,37,2,0,777,29,60,230601,1096,16739,0,0.0,306446336,4112416,82944,0.02196420804830268
1457,3,2654208,0,1,3,259,2,0,777,29,60,230601,1096,16739,0,0.0,306446336,4112416,82944,0.022486250032670796
1458,13,8011776,3,2,13,481,2,0,777,29,60,230601,1096,16739,0,0.0,306446336,4112416,82944,0.021961458027362823
1459,23,13369344,13,3,13,37,3,0,778,29,60,231123,1096,16739,0,0.0,306446336,4112416,82944,0.021664667001459748
1460,3,2654208,0,1,3,259,3,0,778,29,60,231123,1096,16739,0,0.0,306446336,4112416,82944,0.022101374983321875
1461,13,8011776,3,2,13,538,3,0,778,29,60,231123,1096,16739,0,0.0,306446336,4112416,82944,0.022239542042370886
1462,0,0,0,0,0,37,4,0,779,29,60,231564,1096,16739,0,0.0,306446336,4112416,82944,0.021648750000167638
1463,3,2654208,0,1,3,287,4,0,779,29,60,231564,1096,16739,0,0.0,306446336,4112416,82944,0.022694915998727083
1464,13,8011776,3,2,13,574,4,0,779,29,60,231564,1096,16739,0,0.0,306462720,4112416,82944,0.021451500011608005
1465,4,49152,0,1,4,37,5,0,780,29,60,232021,1096,16739,0,0.0,306479104,4112416,82944,0.021825416013598442
1466,7,2703360,0,1,7,289,5,0,780,29,60,232021,1096,16739,0,0.0,306495488,4112416,82944,0.02230529097141698
1467,17,8060928,7,2,13,577,5,0,780,29,60,232021,1096,16739,0,0.0,306528256,4112416,82944,0.022987458971329033
1468,7,2703360,0,1,10,37,6,0,781,29,60,232501,1096,16739,0,0.0,306528256,4112416,82944,0.025425833009649068
1469,10,5357568,3,2,10,283,6,0,781,29,60,232501,1096,16739,0,0.0,306544640,4112416,82944,0.022960375004913658
1470,20,10715136,10,3,13,570,6,0,781,29,60,232501,1096,16739,0,0.0,306577408,4112416,82944,0.022649166989140213
1471,10,5357568,6,2,10,37,7,0,782,29,60,232983,1096,16739,0,0.0,306577408,4112416,82944,0.021854291029740125
1472,13,8011776,6,3,10,272,7,0,782,29,60,232983,1096,16739,0,0.0,306577408,4112416,82944,0.022233999974559993
1473,23,13369344,10,4,13,559,7,0,782,29,60,232983,1096,16739,0,0.0,306626560,4112416,82944,0.02175229199929163
1474,13,8011776,6,3,10,37,8,0,783,29,60,233470,1096,16739,0,0.0,306659328,4112416,82944,0.02132208301918581
1475,0,0,0,0,0,74,0,0,783,29,61,233470,1096,17050,311,0.023831750033423305,306659328,4112416,82944,0.022071041050367057
1476,3,2654208,0,1,3,270,0,0,783,29,61,233470,1096,17050,0,0.0,306659328,4112416,82944,0.02381570899160579
1477,13,8011776,3,2,13,555,0,0,783,29,61,233470,1096,17050,0,0.0,306659328,4112416,82944,0.02221429196652025
1478,0,0,0,0,0,37,1,0,784,29,61,233903,1096,17050,0,0.0,306659328,4112416,82944,0.021977083990350366
1479,3,2654208,0,1,3,259,1,0,784,29,61,233903,1096,17050,0,0.0,306659328,4112416,82944,0.023261249996721745
1480,13,8011776,3,2,13,484,1,0,784,29,61,233903,1096,17050,0,0.0,306659328,4112416,82944,0.02258891600649804
1481,0,0,0,0,0,37,2,0,785,29,61,234461,1096,17050,0,0.0,306675712,4112416,82944,0.022259792021941394
1482,3,2654208,0,1,3,259,2,0,785,29,61,234461,1096,17050,0,0.0,306675712,4112416,82944,0.02263149997452274
1483,13,8011776,3,2,13,481,2,0,785,29,61,234461,1096,17050,0,0.0,306675712,4112416,82944,0.022334499983116984
1484,23,13369344,13,3,13,18,3,0,786,29,61,234993,1096,17050,0,0.0,306675712,4112416,82944,0.022077083005569875
1485,3,2654208,0,1,3,240,3,0,786,29,61,234993,1096,17050,0,0.0,306675712,4112416,82944,0.02234999998472631
1486,13,8011776,3,2,13,501,3,0,786,29,61,234993,1096,17050,0,0.0,306675712,4112416,82944,0.022039417002815753
1487,0,0,0,0,0,37,4,0,787,29,61,235484,1096,17050,0,0.0,306675712,4112416,82944,0.022025790996849537
1488,3,2654208,0,1,3,259,4,0,787,29,61,235484,1096,17050,0,0.0,306675712,4112416,82944,0.023179040988907218
1489,13,8011776,3,2,13,530,4,0,787,29,61,235484,1096,17050,0,0.0,306692096,4112416,82944,0.02204654098022729
1490,0,0,0,0,0,37,5,0,788,29,61,235940,1096,17050,0,0.0,306708480,4112416,82944,0.021932374977041036
1491,3,2654208,0,1,3,274,5,0,788,29,61,235940,1096,17050,0,0.0,306708480,4112416,82944,0.022740542015526444
1492,13,8011776,3,2,13,559,5,0,788,29,61,235940,1096,17050,0,0.0,306724864,4112416,82944,0.022625625017099082
1493,5,2670592,0,1,8,37,6,0,789,29,61,236372,1096,17050,0,0.0,306741248,4112416,82944,0.021883208013605326
1494,8,5324800,3,2,8,292,6,0,789,29,61,236372,1096,17050,0,0.0,306757632,4112416,82944,0.02271145803388208
1495,18,10682368,8,3,13,580,6,0,789,29,61,236372,1096,17050,0,0.0,306790400,4112416,82944,0.021881666034460068
1496,5,2670592,0,1,8,37,7,0,790,29,61,236857,1096,17050,0,0.0,306806784,4112416,82944,0.021738999988883734
1497,8,5324800,3,2,8,277,7,0,790,29,61,236857,1096,17050,0,0.0,306806784,4112416,82944,0.02241575001971796
1498,18,10682368,8,3,13,564,7,0,790,29,61,236857,1096,17050,0,0.0,306839552,4112416,82944,0.02191333402879536
1499,8,5324800,6,2,8,37,8,0,791,29,61,237345,1096,17050,0,0.0,306839552,4112416,82944,0.02236608398379758
1500,0,0,0,0,0,74,0,0,791,29,62,237345,1096,17337,287,0.023626165988389403,306855936,4112416,82944,0.021948250010609627
1501,3,2654208,0,1,3,270,0,0,791,29,62,237345,1096,17337,0,0.0,306855936,4112416,82944,0.02349416702054441
1502,13,8011776,3,2,13,555,0,0,791,29,62,237345,1096,17337,0,0.0,306855936,4112416,82944,0.022082999988924712
1503,0,0,0,0,0,37,1,0,792,29,62,237778,1096,17337,0,0.0,306855936,4112416,82944,0.02208045800216496
1504,3,2654208,0,1,3,259,1,0,792,29,62,237778,1096,17337,0,0.0,306855936,4112416,82944,0.022162374982144684
1505,13,8011776,3,2,13,484,1,0,792,29,62,237778,1096,17337,0,0.0,306855936,4112416,82944,0.022129916993435472
1506,0,0,0,0,0,37,2,0,793,29,62,238335,1096,17337,0,0.0,306855936,4112416,82944,0.021817333006765693
1507,3,2654208,0,1,3,259,2,0,793,29,62,238335,1096,17337,0,0.0,306855936,4112416,82944,0.0230391250224784
1508,13,8011776,3,2,13,481,2,0,793,29,62,238335,1096,17337,0,0.0,306855936,4112416,82944,0.022206000052392483
1509,23,13369344,13,3,13,18,3,0,794,29,62,238867,1096,17337,0,0.0,306855936,4112416,82944,0.022369916026946157
1510,3,2654208,0,1,3,240,3,0,794,29,62,238867,1096,17337,0,0.0,306855936,4112416,82944,0.022866709041409194
1511,13,8011776,3,2,13,501,3,0,794,29,62,238867,1096,17337,0,0.0,306855936,4112416,82944,0.022214374970644712
1512,0,0,0,0,0,37,4,0,795,29,62,239359,1096,17337,0,0.0,306855936,4112416,82944,0.021894624980632216
1513,3,2654208,0,1,3,259,4,0,795,29,62,239359,1096,17337,0,0.0,306872320,4112416,82944,0.0228110000025481
1514,13,8011776,3,2,13,529,4,0,795,29,62,239359,1096,17337,0,0.0,306888704,4112416,82944,0.022350332990754396
1515,0,0,0,0,0,37,5,0,796,29,62,239816,1096,17337,0,0.0,306888704,4112416,82944,0.021847875032108277
1516,3,2654208,0,1,3,273,5,0,796,29,62,239816,1096,17337,0,0.0,306888704,4112416,82944,0.022483832959551364
1517,13,8011776,3,2,13,558,5,0,796,29,62,239816,1096,17337,0,0.0,306937856,4112416,82944,0.021987082960549742
1518,5,2670592,0,1,8,37,6,0,797,29,62,240249,1096,17337,0,0.0,306937856,4112416,82944,0.021718750009313226
1519,8,5324800,3,2,8,290,6,0,797,29,62,240249,1096,17337,0,0.0,306970624,4112416,82944,0.022259416000451893
1520,18,10682368,8,3,13,578,6,0,797,29,62,240249,1096,17337,0,0.0,306987008,4112416,82944,0.021933000010903925
1521,5,2670592,0,1,8,37,7,0,798,29,62,240733,1096,17337,0,0.0,306987008,4112416,82944,0.021501290961168706
1522,8,5324800,3,2,8,276,7,0,798,29,62,240733,1096,17337,0,0.0,307019776,4112416,82944,0.022702833986841142
1523,18,10682368,8,3,13,563,7,0,798,29,62,240733,1096,17337,0,0.0,307052544,4112416,82944,0.022200250008609146
1524,8,5324800,6,2,8,37,8,0,799,29,62,241224,1096,17337,0,0.0,307068928,4112416,82944,0.022022582998033613
1525,0,0,0,0,0,74,0,0,799,29,63,241224,1096,17626,289,0.02361566701438278,307068928,4112416,82944,0.02204904198879376
1526,3,2654208,0,1,3,270,0,0,799,29,63,241224,1096,17626,0,0.0,307068928,4112416,82944,0.02411266602575779
1527,13,8011776,3,2,13,555,0,0,799,29,63,241224,1096,17626,0,0.0,307068928,4112416,82944,0.022338040987960994
1528,0,0,0,0,0,37,1,0,800,29,63,241657,1096,17626,0,0.0,307068928,4112416,82944,0.021671583992429078
1529,3,2654208,0,1,3,259,1,0,800,29,63,241657,1096,17626,0,0.0,307068928,4112416,82944,0.022958166024181992
1530,13,8011776,3,2,13,484,1,0,800,29,63,241657,1096,17626,0,0.0,307068928,4112416,82944,0.022405042022000998
1531,0,0,0,0,0,37,2,0,801,29,63,242212,1096,17626,0,0.0,307068928,4112416,82944,0.022078125039115548
1532,3,2654208,0,1,3,259,2,0,801,29,63,242212,1096,17626,0,0.0,307068928,4112416,82944,0.021740625030361116
1533,13,8011776,3,2,13,481,2,0,801,29,63,242212,1096,17626,0,0.0,307068928,4112416,82944,0.021695875038858503
1534,23,13369344,13,3,13,18,3,0,802,29,63,242744,1096,17626,0,0.0,307068928,4112416,82944,0.021573667007032782
1535,3,2654208,0,1,3,240,3,0,802,29,63,242744,1096,17626,0,0.0,307068928,4112416,82944,0.022475375037174672
1536,13,8011776,3,2,13,503,3,0,802,29,63,242744,1096,17626,0,0.0,307068928,4112416,82944,0.021898791019339114
1537,0,0,0,0,0,37,4,0,803,29,63,243237,1096,17626,0,0.0,307068928,4112416,82944,0.021941083017736673
1538,3,2654208,0,1,3,259,4,0,803,29,63,243237,1096,17626,0,0.0,307068928,4112416,82944,0.022983417031355202
1539,13,8011776,3,2,13,528,4,0,803,29,63,243237,1096,17626,0,0.0,307068928,4112416,82944,0.022467375034466386
1540,0,0,0,0,0,37,5,0,804,29,63,243694,1096,17626,0,0.0,307085312,4112416,82944,0.02180191600928083
1541,3,2654208,0,1,3,271,5,0,804,29,63,243694,1096,17626,0,0.0,307085312,4112416,82944,0.022591042041312903
1542,13,8011776,3,2,13,556,5,0,804,29,63,243694,1096,17626,0,0.0,307150848,4112416,82944,0.022064457996748388
1543,5,2670592,0,1,8,37,6,0,805,29,63,244136,1096,17626,0,0.0,307150848,4112416,82944,0.021409665991086513
1544,8,5324800,3,2,8,290,6,0,805,29,63,244136,1096,17626,0,0.0,307150848,4112416,82944,0.022866583021823317
1545,18,10682368,8,3,13,578,6,0,805,29,63,244136,1096,17626,0,0.0,307183616,4112416,82944,0.022001334000378847
1546,5,2670592,0,1,8,37,7,0,806,29,63,244620,1096,17626,0,0.0,307200000,4112416,82944,0.02169412502553314
1547,8,5324800,3,2,8,276,7,0,806,29,63,244620,1096,17626,0,0.0,307216384,4112416,82944,0.02132433297811076
1548,18,10682368,8,3,13,563,7,0,806,29,63,244620,1096,17626,0,0.0,307249152,4112416,82944,0.02161508396966383
1549,8,5324800,6,2,8,37,8,0,807,29,63,245110,1096,17626,0,0.0,307265536,4112416,82944,0.021597249957267195
1550,0,0,0,0,0,74,0,0,807,29,64,245110,1096,17915,289,0.02352108299965039,307265536,4112416,82944,0.021636708988808095
1551,3,2654208,0,1,3,270,0,0,807,29,64,245110,1096,17915,0,0.0,307265536,4112416,82944,0.0233077920274809
1552,13,8011776,3,2,13,555,0,0,807,29,64,245110,1096,17915,0,0.0,307265536,4112416,82944,0.022909375024028122
1553,0,0,0,0,0,37,1,0,808,29,64,245543,1096,17915,0,0.0,307265536,4112416,82944,0.022040916024707258
1554,3,2654208,0,1,3,259,1,0,808,29,64,245543,1096,17915,0,0.0,307265536,4112416,82944,0.022578249976504594
1555,13,8011776,3,2,13,484,1,0,808,29,64,245543,1096,17915,0,0.0,307265536,4112416,82944,0.021753666980657727
1556,0,0,0,0,0,37,2,0,809,29,64,246101,1096,17915,0,0.0,307265536,4112416,82944,0.02150641696061939
1557,3,2654208,0,1,3,259,2,0,809,29,64,246101,1096,17915,0,0.0,307265536,4112416,82944,0.02213649998884648
1558,13,8011776,3,2,13,481,2,0,809,29,64,246101,1096,17915,0,0.0,307265536,4112416,82944,0.021430666034575552
1559,23,13369344,13,3,13,18,3,0,810,29,64,246633,1096,17915,0,0.0,307281920,4112416,82944,0.022015249996911734
1560,3,2654208,0,1,3,240,3,0,810,29,64,246633,1096,17915,0,0.0,307281920,4112416,82944,0.022720541979651898
1561,13,8011776,3,2,13,502,3,0,810,29,64,246633,1096,17915,0,0.0,307281920,4112416,82944,0.02226712496485561
1562,0,0,0,0,0,37,4,0,811,29,64,247126,1096,17915,0,0.0,307281920,4112416,82944,0.02204662497388199
1563,3,2654208,0,1,3,259,4,0,811,29,64,247126,1096,17915,0,0.0,307281920,4112416,82944,0.022711041965521872
1564,13,8011776,3,2,13,528,4,0,811,29,64,247126,1096,17915,0,0.0,307281920,4112416,82944,0.0220382499974221
1565,0,0,0,0,0,37,5,0,812,29,64,247583,1096,17915,0,0.0,307314688,4112416,82944,0.02193991601234302
1566,3,2654208,0,1,3,271,5,0,812,29,64,247583,1096,17915,0,0.0,307314688,4112416,82944,0.02235599997220561
1567,13,8011776,3,2,13,556,5,0,812,29,64,247583,1096,17915,0,0.0,307331072,4112416,82944,0.021991749992594123
1568,5,2670592,0,1,8,37,6,0,813,29,64,248025,1096,17915,0,0.0,307331072,4112416,82944,0.02186770795378834
1569,8,5324800,3,2,8,290,6,0,813,29,64,248025,1096,17915,0,0.0,307363840,4112416,82944,0.02195612498326227
1570,18,10682368,8,3,13,578,6,0,813,29,64,248025,1096,17915,0,0.0,307412992,4112416,82944,0.021454667032230645
1571,5,2670592,0,1,8,37,7,0,814,29,64,248508,1096,17915,0,0.0,307412992,4112416,82944,0.021998082986101508
1572,8,5324800,3,2,8,277,7,0,814,29,64,248508,1096,17915,0,0.0,307412992,4112416,82944,0.022296791954431683
1573,18,10682368,8,3,13,564,7,0,814,29,64,248508,1096,17915,0,0.0,307462144,4112416,82944,0.021883958019316196
1574,8,5324800,6,2,8,37,8,0,815,29,64,248997,1096,17915,0,0.0,307478528,4112416,82944,0.02138187497621402
1575,0,0,0,0,0,74,0,0,815,29,65,248997,1096,18204,289,0.027288332988973707,307478528,4112416,82944,0.022536917007528245
1576,3,2654208,0,1,3,270,0,0,815,29,65,248997,1096,18204,0,0.0,307478528,4112416,82944,0.023919624974951148
1577,13,8011776,3,2,13,555,0,0,815,29,65,248997,1096,18204,0,0.0,307478528,4112416,82944,0.022042625001631677
1578,0,0,0,0,0,37,1,0,816,29,65,249430,1096,18204,0,0.0,307478528,4112416,82944,0.021927583031356335
1579,3,2654208,0,1,3,259,1,0,816,29,65,249430,1096,18204,0,0.0,307478528,4112416,82944,0.022240999969653785
1580,13,8011776,3,2,13,484,1,0,816,29,65,249430,1096,18204,0,0.0,307478528,4112416,82944,0.022770458017475903
1581,0,0,0,0,0,37,2,0,817,29,65,249987,1096,18204,0,0.0,307478528,4112416,82944,0.021556624968070537
1582,3,2654208,0,1,3,259,2,0,817,29,65,249987,1096,18204,0,0.0,307478528,4112416,82944,0.022892166045494378
1583,13,8011776,3,2,13,481,2,0,817,29,65,249987,1096,18204,0,0.0,307478528,4112416,82944,0.022247083019465208
1584,23,13369344,13,3,13,18,3,0,818,29,65,250519,1096,18204,0,0.0,307478528,4112416,82944,0.022234959003981203
1585,3,2654208,0,1,3,240,3,0,818,29,65,250519,1096,18204,0,0.0,307478528,4112416,82944,0.021954790980089456
1586,13,8011776,3,2,13,500,3,0,818,29,65,250519,1096,18204,0,0.0,307478528,4112416,82944,0.021326374961063266
1587,0,0,0,0,0,37,4,0,819,29,65,251012,1096,18204,0,0.0,307494912,4112416,82944,0.02138549997471273
1588,3,2654208,0,1,3,259,4,0,819,29,65,251012,1096,18204,0,0.0,307511296,4112416,82944,0.02261124999495223
1589,13,8011776,3,2,13,528,4,0,819,29,65,251012,1096,18204,0,0.0,307511296,4112416,82944,0.02219658298417926
1590,0,0,0,0,0,37,5,0,820,29,65,251469,1096,18204,0,0.0,307511296,4112416,82944,0.021904041001107544
1591,3,2654208,0,1,3,278,5,0,820,29,65,251469,1096,18204,0,0.0,307511296,4112416,82944,0.02176362497266382
1592,13,8011776,3,2,13,563,5,0,820,29,65,251469,1096,18204,0,0.0,307527680,4112416,82944,0.021574499958660454
1593,5,2670592,0,1,8,37,6,0,821,29,65,251902,1096,18204,0,0.0,307544064,4112416,82944,0.021431125001981854
1594,8,5324800,3,2,8,290,6,0,821,29,65,251902,1096,18204,0,0.0,307560448,4112416,82944,0.02221429202472791
1595,18,10682368,8,3,13,578,6,0,821,29,65,251902,1096,18204,0,0.0,307609600,4112416,82944,0.021826124982908368
1596,5,2670592,0,1,8,37,7,0,822,29,65,252385,1096,18204,0,0.0,307609600,4112416,82944,0.021686874970328063
1597,8,5324800,3,2,8,279,7,0,822,29,65,252385,1096,18204,0,0.0,307609600,4112416,82944,0.02237695804797113
1598,18,10682368,8,3,13,566,7,0,822,29,65,252385,1096,18204,0,0.0,307625984,4112416,82944,0.02100079203955829
1599,8,5324800,6,2,8,37,8,0,823,29,65,252874,1096,18204,0,0.0,307642368,4112416,82944,0.02133433398557827
1600,0,0,0,0,0,74,0,0,823,29,66,252874,1096,18491,287,0.023721791978459805,307658752,4112416,82944,0.021616625017486513
1601,3,2654208,0,1,3,270,0,0,823,29,66,252874,1096,18491,0,0.0,307658752,4112416,82944,0.02392287499969825
1602,13,8011776,3,2,13,555,0,0,823,29,66,252874,1096,18491,0,0.0,307658752,4112416,82944,0.022755874961148947
1603,0,0,0,0,0,37,1,0,824,29,66,253305,1096,18491,0,0.0,307658752,4112416,82944,0.02197637502104044
1604,3,2654208,0,1,3,259,1,0,824,29,66,253305,1096,18491,0,0.0,307658752,4112416,82944,0.02310329204192385
1605,13,8011776,3,2,13,484,1,0,824,29,66,253305,1096,18491,0,0.0,307658752,4112416,82944,0.022510249982587993
1606,0,0,0,0,0,37,2,0,825,29,66,253862,1096,18491,0,0.0,307658752,4112416,82944,0.02194920799229294
1607,3,2654208,0,1,3,259,2,0,825,29,66,253862,1096,18491,0,0.0,307658752,4112416,82944,0.02231354103423655
1608,13,8011776,3,2,13,481,2,0,825,29,66,253862,1096,18491,0,0.0,307658752,4112416,82944,0.022429707983974367
1609,23,13369344,13,3,13,19,3,0,826,29,66,254393,1096,18491,0,0.0,307658752,4112416,82944,0.021723916986957192
1610,3,2654208,0,1,3,241,3,0,826,29,66,254393,1096,18491,0,0.0,307658752,4112416,82944,0.022301459044683725
1611,13,8011776,3,2,13,505,3,0,826,29,66,254393,1096,18491,0,0.0,307658752,4112416,82944,0.021858958003576845
1612,0,0,0,0,0,37,4,0,827,29,66,254886,1096,18491,0,0.0,307675136,4112416,82944,0.02237641700776294
1613,3,2654208,0,1,3,259,4,0,827,29,66,254886,1096,18491,0,0.0,307675136,4112416,82944,0.022284124977886677
1614,13,8011776,3,2,13,528,4,0,827,29,66,254886,1096,18491,0,0.0,307675136,4112416,82944,0.02203154197195545
1615,0,0,0,0,0,37,5,0,828,29,66,255343,1096,18491,0,0.0,307691520,4112416,82944,0.021993457979988307
1616,3,2654208,0,1,3,271,5,0,828,29,66,255343,1096,18491,0,0.0,307707904,4112416,82944,0.022634625027421862
1617,13,8011776,3,2,13,556,5,0,828,29,66,255343,1096,18491,0,0.0,307757056,4112416,82944,0.022456000035163015
1618,5,2670592,0,1,8,37,6,0,829,29,66,255783,1096,18491,0,0.0,307757056,4112416,82944,0.022449166979640722
1619,8,5324800,3,2,8,293,6,0,829,29,66,255783,1096,18491,0,0.0,307773440,4112416,82944,0.021970832953229547
1620,18,10682368,8,3,13,581,6,0,829,29,66,255783,1096,18491,0,0.0,307789824,4112416,82944,0.022164999973028898
1621,5,2670592,0,1,8,37,7,0,830,29,66,256265,1096,18491,0,0.0,307822592,4112416,82944,0.021641750005073845
1622,8,5324800,3,2,8,278,7,0,830,29,66,256265,1096,18491,0,0.0,307855360,4112416,82944,0.022157332976348698
1623,18,10682368,8,3,13,565,7,0,830,29,66,256265,1096,18491,0,0.0,307855360,4112416,82944,0.022098375018686056
1624,8,5324800,6,2,8,37,8,0,831,29,66,256752,1096,18491,0,0.0,307855360,4112416,82944,0.021659624995663762
1625,0,0,0,0,0,74,0,0,831,29,67,256752,1096,18779,288,0.023672499984968454,307871744,4112416,82944,0.02179370797239244
1626,3,2654208,0,1,3,270,0,0,831,29,67,256752,1096,18779,0,0.0,307871744,4112416,82944,0.02348329097731039
1627,13,8011776,3,2,13,555,0,0,831,29,67,256752,1096,18779,0,0.0,307871744,4112416,82944,0.022207707981579006
1628,0,0,0,0,0,37,1,0,832,29,67,257182,1096,18779,0,0.0,307871744,4112416,82944,0.02190033398801461
1629,3,2654208,0,1,3,259,1,0,832,29,67,257182,1096,18779,0,0.0,307871744,4112416,82944,0.02266045898431912
1630,13,8011776,3,2,13,484,1,0,832,29,67,257182,1096,18779,0,0.0,307871744,4112416,82944,0.022021958022378385
1631,0,0,0,0,0,37,2,0,833,29,67,257738,1096,18779,0,0.0,307871744,4112416,82944,0.022216582961846143
1632,3,2654208,0,1,3,259,2,0,833,29,67,257738,1096,18779,0,0.0,307871744,4112416,82944,0.022434708022046834
1633,13,8011776,3,2,13,481,2,0,833,29,67,257738,1096,18779,0,0.0,307871744,4112416,82944,0.022045708959922194
1634,23,13369344,13,3,13,25,3,0,834,29,67,258270,1096,18779,0,0.0,307871744,4112416,82944,0.02199408400338143
1635,3,2654208,0,1,3,247,3,0,834,29,67,258270,1096,18779,0,0.0,307871744,4112416,82944,0.022618459013756365
1636,13,8011776,3,2,13,512,3,0,834,29,67,258270,1096,18779,0,0.0,307871744,4112416,82944,0.02200875000562519
1637,0,0,0,0,0,37,4,0,835,29,67,258720,1096,18779,0,0.0,307888128,4112416,82944,0.021744208002928644
1638,3,2654208,0,1,3,259,4,0,835,29,67,258720,1096,18779,0,0.0,307888128,4112416,82944,0.022259041026700288
1639,13,8011776,3,2,13,544,4,0,835,29,67,258720,1096,18779,0,0.0,307904512,4112416,82944,0.02247287501813844
1640,5,2670592,0,1,8,37,5,0,836,29,67,259162,1096,18779,0,0.0,307920896,4112416,82944,0.021966958011034876
1641,8,5324800,3,2,8,289,5,0,836,29,67,259162,1096,18779,0,0.0,307953664,4112416,82944,0.022126124997157604
1642,18,10682368,8,3,13,576,5,0,836,29,67,259162,1096,18779,0,0.0,307986432,4112416,82944,0.022077291971072555
1643,9,2719744,2,2,10,37,6,0,837,29,67,259624,1096,18779,0,0.0,307986432,4112416,82944,0.021621832973323762
1644,12,5373952,5,2,10,282,6,0,837,29,67,259624,1096,18779,0,0.0,307986432,4112416,82944,0.02239741600351408
1645,22,10731520,10,3,13,570,6,0,837,29,67,259624,1096,18779,0,0.0,308035584,4112416,82944,0.021702040976379067
1646,12,5373952,8,2,10,37,7,0,838,29,67,260108,1096,18779,0,0.0,308051968,4112416,82944,0.02198237500851974
1647,15,8028160,8,3,10,271,7,0,838,29,67,260108,1096,18779,0,0.0,308051968,4112416,82944,0.021492291998583823
1648,25,13385728,10,4,13,558,7,0,838,29,67,260108,1096,18779,0,0.0,308068352,4112416,82944,0.021056249970570207
1649,15,8028160,8,3,10,37,8,0,839,29,67,260596,1096,18779,0,0.0,308084736,4112416,82944,0.02094854199094698
1650,0,0,0,0,0,74,0,0,839,29,68,260596,1096,19111,332,0.0241168339853175,308101120,4112416,82944,0.021339708007872105
1651,3,2654208,0,1,3,270,0,0,839,29,68,260596,1096,19111,0,0.0,308101120,4112416,82944,0.023628957977052778
1652,13,8011776,3,2,13,555,0,0,839,29,68,260596,1096,19111,0,0.0,308101120,4112416,82944,0.02232483302941546
1653,0,0,0,0,0,37,1,0,840,29,68,261029,1096,19111,0,0.0,308101120,4112416,82944,0.02224958298029378
1654,3,2654208,0,1,3,259,1,0,840,29,68,261029,1096,19111,0,0.0,308101120,4112416,82944,0.021787916019093245
1655,13,8011776,3,2,13,484,1,0,840,29,68,261029,1096,19111,0,0.0,308101120,4112416,82944,0.022161416010931134
1656,0,0,0,0,0,37,2,0,841,29,68,261586,1096,19111,0,0.0,308101120,4112416,82944,0.021540457964874804
1657,3,2654208,0,1,3,259,2,0,841,29,68,261586,1096,19111,0,0.0,308101120,4112416,82944,0.022567416017409414
1658,13,8011776,3,2,13,481,2,0,841,29,68,261586,1096,19111,0,0.0,308101120,4112416,82944,0.02177445898996666
1659,23,13369344,13,3,13,19,3,0,842,29,68,262116,1096,19111,0,0.0,308101120,4112416,82944,0.021873999969102442
1660,3,2654208,0,1,3,241,3,0,842,29,68,262116,1096,19111,0,0.0,308101120,4112416,82944,0.02294704201631248
1661,13,8011776,3,2,13,503,3,0,842,29,68,262116,1096,19111,0,0.0,308101120,4112416,82944,0.021344499953556806
1662,0,0,0,0,0,37,4,0,843,29,68,262609,1096,19111,0,0.0,308101120,4112416,82944,0.02140904200496152
1663,3,2654208,0,1,3,259,4,0,843,29,68,262609,1096,19111,0,0.0,308101120,4112416,82944,0.022327625018078834
1664,13,8011776,3,2,13,528,4,0,843,29,68,262609,1096,19111,0,0.0,308117504,4112416,82944,0.0215294579975307
1665,0,0,0,0,0,37,5,0,844,29,68,263066,1096,19111,0,0.0,308117504,4112416,82944,0.021576665982138366
1666,3,2654208,0,1,3,271,5,0,844,29,68,263066,1096,19111,0,0.0,308117504,4112416,82944,0.021572874975390732
1667,13,8011776,3,2,13,556,5,0,844,29,68,263066,1096,19111,0,0.0,308133888,4112416,82944,0.02108604199020192
1668,5,2670592,0,1,8,37,6,0,845,29,68,263508,1096,19111,0,0.0,308183040,4112416,82944,0.021381457976531237
1669,8,5324800,3,2,8,291,6,0,845,29,68,263508,1096,19111,0,0.0,308183040,4112416,82944,0.022490124974865466
1670,18,10682368,8,3,13,579,6,0,845,29,68,263508,1096,19111,0,0.0,308199424,4112416,82944,0.021917334001045674
1671,5,2670592,0,1,8,37,7,0,846,29,68,263992,1096,19111,0,0.0,308199424,4112416,82944,0.021474000008311123
1672,8,5324800,3,2,8,276,7,0,846,29,68,263992,1096,19111,0,0.0,308215808,4112416,82944,0.022345874982420355
1673,18,10682368,8,3,13,563,7,0,846,29,68,263992,1096,19111,0,0.0,308264960,4112416,82944,0.021891499985940754
1674,8,5324800,6,2,8,37,8,0,847,29,68,264481,1096,19111,0,0.0,308281344,4112416,82944,0.02131204103352502
1675,0,0,0,0,0,74,0,0,847,29,69,264481,1096,19399,288,0.023675416014157236,308281344,4112416,82944,0.02202191698597744
1676,3,2654208,0,1,3,270,0,0,847,29,69,264481,1096,19399,0,0.0,308281344,4112416,82944,0.022987124975770712
1677,13,8011776,3,2,13,555,0,0,847,29,69,264481,1096,19399,0,0.0,308281344,4112416,82944,0.02131245902273804
1678,0,0,0,0,0,37,1,0,848,29,69,264914,1096,19399,0,0.0,308281344,4112416,82944,0.02165429200977087
1679,3,2654208,0,1,3,259,1,0,848,29,69,264914,1096,19399,0,0.0,308281344,4112416,82944,0.022192750009708107
1680,13,8011776,3,2,13,484,1,0,848,29,69,264914,1096,19399,0,0.0,308281344,4112416,82944,0.021757750015240163
1681,0,0,0,0,0,37,2,0,849,29,69,265471,1096,19399,0,0.0,308297728,4112416,82944,0.022721291985362768
1682,3,2654208,0,1,3,259,2,0,849,29,69,265471,1096,19399,0,0.0,308297728,4112416,82944,0.024777375045232475
1683,13,8011776,3,2,13,481,2,0,849,29,69,265471,1096,19399,0,0.0,308297728,4112416,82944,0.022031917003914714
1684,23,13369344,13,3,13,19,3,0,850,29,69,265999,1096,19399,0,0.0,308297728,4112416,82944,0.02210158295929432
1685,3,2654208,0,1,3,241,3,0,850,29,69,265999,1096,19399,0,0.0,308297728,4112416,82944,0.021873207995668054
1686,13,8011776,3,2,13,508,3,0,850,29,69,265999,1096,19399,0,0.0,308297728,4112416,82944,0.021892207965720445
1687,0,0,0,0,0,37,4,0,851,29,69,266492,1096,19399,0,0.0,308297728,4112416,82944,0.021535250009037554
1688,3,2654208,0,1,3,259,4,0,851,29,69,266492,1096,19399,0,0.0,308297728,4112416,82944,0.02324058295926079
1689,13,8011776,3,2,13,528,4,0,851,29,69,266492,1096,19399,0,0.0,308314112,4112416,82944,0.022205958957783878
1690,0,0,0,0,0,37,5,0,852,29,69,266949,1096,19399,0,0.0,308314112,4112416,82944,0.02236941596493125
1691,3,2654208,0,1,3,273,5,0,852,29,69,266949,1096,19399,0,0.0,308346880,4112416,82944,0.02261479099979624
1692,13,8011776,3,2,13,558,5,0,852,29,69,266949,1096,19399,0,0.0,308363264,4112416,82944,0.021437583025544882
1693,5,2670592,0,1,8,37,6,0,853,29,69,267382,1096,19399,0,0.0,308379648,4112416,82944,0.02082379098283127
1694,8,5324800,3,2,8,291,6,0,853,29,69,267382,1096,19399,0,0.0,308379648,4112416,82944,0.022416999971028417
1695,18,10682368,8,3,13,579,6,0,853,29,69,267382,1096,19399,0,0.0,308412416,4112416,82944,0.021858665975742042
1696,5,2670592,0,1,8,37,7,0,854,29,69,267865,1096,19399,0,0.0,308412416,4112416,82944,0.0217695829924196
1697,8,5324800,3,2,8,277,7,0,854,29,69,267865,1096,19399,0,0.0,308428800,4112416,82944,0.02226087497547269
1698,18,10682368,8,3,13,564,7,0,854,29,69,267865,1096,19399,0,0.0,308494336,4112416,82944,0.02199466701131314
1699,8,5324800,6,2,8,37,8,0,855,29,69,268354,1096,19399,0,0.0,308494336,4112416,82944,0.02232454199111089
1700,0,0,0,0,0,74,0,0,855,29,70,268354,1096,19688,289,0.02411516703432426,308494336,4112416,82944,0.021737542003393173
1701,3,2654208,0,1,3,270,0,0,855,29,70,268354,1096,19688,0,0.0,308494336,4112416,82944,0.023218874994199723
1702,13,8011776,3,2,13,555,0,0,855,29,70,268354,1096,19688,0,0.0,308494336,4112416,82944,0.022360584000125527
1703,0,0,0,0,0,37,1,0,856,29,70,268786,1096,19688,0,0.0,308494336,4112416,82944,0.02267450001090765
1704,3,2654208,0,1,3,259,1,0,856,29,70,268786,1096,19688,0,0.0,308494336,4112416,82944,0.02241691603558138
1705,13,8011776,3,2,13,484,1,0,856,29,70,268786,1096,19688,0,0.0,308494336,4112416,82944,0.0220202500349842
1706,0,0,0,0,0,37,2,0,857,29,70,269342,1096,19688,0,0.0,308494336,4112416,82944,0.022008083993569016
1707,3,2654208,0,1,3,259,2,0,857,29,70,269342,1096,19688,0,0.0,308494336,4112416,82944,0.022809957969002426
1708,13,8011776,3,2,13,481,2,0,857,29,70,269342,1096,19688,0,0.0,308494336,4112416,82944,0.02217487501911819
1709,0,0,0,0,0,37,3,0,858,29,70,269842,1096,19688,0,0.0,308494336,4112416,82944,0.021764041972346604
1710,3,2654208,0,1,3,259,3,0,858,29,70,269842,1096,19688,0,0.0,308494336,4112416,82944,0.022324666962958872
1711,13,8011776,3,2,13,527,3,0,858,29,70,269842,1096,19688,0,0.0,308494336,4112416,82944,0.022323707991745323
1712,0,0,0,0,0,37,4,0,859,29,70,270299,1096,19688,0,0.0,308494336,4112416,82944,0.02178083301987499
1713,3,2654208,0,1,3,271,4,0,859,29,70,270299,1096,19688,0,0.0,308494336,4112416,82944,0.022304208017885685
1714,13,8011776,3,2,13,556,4,0,859,29,70,270299,1096,19688,0,0.0,308527104,4112416,82944,0.021760292001999915
1715,5,2670592,0,1,8,37,5,0,860,29,70,270741,1096,19688,0,0.0,308543488,4112416,82944,0.021504667005501688
1716,8,5324800,3,2,8,290,5,0,860,29,70,270741,1096,19688,0,0.0,308559872,4112416,82944,0.02179450000403449
1717,18,10682368,8,3,13,578,5,0,860,29,70,270741,1096,19688,0,0.0,308576256,4112416,82944,0.02218245796393603
1718,5,2670592,0,1,8,37,6,0,861,29,70,271226,1096,19688,0,0.0,308592640,4112416,82944,0.021514791005756706
1719,8,5324800,3,2,8,275,6,0,861,29,70,271226,1096,19688,0,0.0,308609024,4112416,82944,0.02231070795096457
1720,18,10682368,8,3,13,562,6,0,861,29,70,271226,1096,19688,0,0.0,308641792,4112416,82944,0.021650791983120143
1721,8,5324800,6,2,8,37,7,0,862,29,70,271717,1096,19688,0,0.0,308658176,4112416,82944,0.02164991694735363
1722,11,7979008,6,3,8,266,7,0,862,29,70,271717,1096,19688,0,0.0,308658176,4112416,82944,0.022514959040563554
1723,21,13336576,8,4,13,552,7,0,862,29,70,271717,1096,19688,0,0.0,308690944,4112416,82944,0.022161917004268616
1724,8,5324800,6,2,8,37,8,0,863,29,70,272215,1096,19688,0,0.0,308690944,4112416,82944,0.02182329195784405
1725,0,0,0,0,0,74,0,0,863,29,71,272215,1096,19977,289,0.024785041983705014,308707328,4112416,82944,0.02174816600745544
1726,3,2654208,0,1,3,270,0,0,863,29,71,272215,1096,19977,0,0.0,308707328,4112416,82944,0.02345841599162668
1727,13,8011776,3,2,13,555,0,0,863,29,71,272215,1096,19977,0,0.0,308707328,4112416,82944,0.02220591699006036
1728,0,0,0,0,0,37,1,0,864,29,71,272648,1096,19977,0,0.0,308707328,4112416,82944,0.021799332986120135
1729,3,2654208,0,1,3,259,1,0,864,29,71,272648,1096,19977,0,0.0,308707328,4112416,82944,0.022142041998449713
1730,13,8011776,3,2,13,484,1,0,864,29,71,272648,1096,19977,0,0.0,308707328,4112416,82944,0.021840333996806294
1731,0,0,0,0,0,37,2,0,865,29,71,273206,1096,19977,0,0.0,308707328,4112416,82944,0.021584584028460085
1732,3,2654208,0,1,3,259,2,0,865,29,71,273206,1096,19977,0,0.0,308707328,4112416,82944,0.02196829201420769
1733,13,8011776,3,2,13,481,2,0,865,29,71,273206,1096,19977,0,0.0,308707328,4112416,82944,0.02189500001259148
1734,23,13369344,13,3,13,22,3,0,866,29,71,273738,1096,19977,0,0.0,308707328,4112416,82944,0.02163454203400761
1735,3,2654208,0,1,3,244,3,0,866,29,71,273738,1096,19977,0,0.0,308707328,4112416,82944,0.022227290959563106
1736,13,8011776,3,2,13,508,3,0,866,29,71,273738,1096,19977,0,0.0,308707328,4112416,82944,0.02178158302558586
1737,0,0,0,0,0,37,4,0,867,29,71,274231,1096,19977,0,0.0,308707328,4112416,82944,0.021816249995026737
1738,3,2654208,0,1,3,259,4,0,867,29,71,274231,1096,19977,0,0.0,308707328,4112416,82944,0.02291541697923094
1739,13,8011776,3,2,13,528,4,0,867,29,71,274231,1096,19977,0,0.0,308707328,4112416,82944,0.021729167026933283
1740,0,0,0,0,0,37,5,0,868,29,71,274688,1096,19977,0,0.0,308740096,4112416,82944,0.02165091602364555
1741,3,2654208,0,1,3,271,5,0,868,29,71,274688,1096,19977,0,0.0,308740096,4112416,82944,0.023054500052239746
1742,13,8011776,3,2,13,556,5,0,868,29,71,274688,1096,19977,0,0.0,308756480,4112416,82944,0.021853125013876706
1743,5,2670592,0,1,8,37,6,0,869,29,71,275130,1096,19977,0,0.0,308772864,4112416,82944,0.02137516700895503
1744,8,5324800,3,2,8,290,6,0,869,29,71,275130,1096,19977,0,0.0,308789248,4112416,82944,0.02333187498152256
1745,18,10682368,8,3,13,578,6,0,869,29,71,275130,1096,19977,0,0.0,308822016,4112416,82944,0.021974375005811453
1746,5,2670592,0,1,8,37,7,0,870,29,71,275615,1096,19977,0,0.0,308822016,4112416,82944,0.021849334007129073
1747,8,5324800,3,2,8,275,7,0,870,29,71,275615,1096,19977,0,0.0,308822016,4112416,82944,0.022591374989133328
1748,18,10682368,8,3,13,562,7,0,870,29,71,275615,1096,19977,0,0.0,308887552,4112416,82944,0.021720832970459014
1749,8,5324800,6,2,8,37,8,0,871,29,71,276105,1096,19977,0,0.0,308903936,4112416,82944,0.021720208053011447
1750,0,0,0,0,0,74,0,0,871,29,72,276105,1096,20266,289,0.027056374994572252,308953088,4112416,82944,0.03168375004315749
1751,3,2654208,0,1,3,270,0,0,871,29,72,276105,1096,20266,0,0.0,308953088,4112416,82944,0.024065875040832907
1752,13,8011776,3,2,13,555,0,0,871,29,72,276105,1096,20266,0,0.0,308953088,4112416,82944,0.02219379204325378
1753,0,0,0,0,0,37,1,0,872,29,72,276538,1096,20266,0,0.0,308953088,4112416,82944,0.021636250021401793
1754,3,2654208,0,1,3,259,1,0,872,29,72,276538,1096,20266,0,0.0,308953088,4112416,82944,0.022825624968390912
1755,13,8011776,3,2,13,484,1,0,872,29,72,276538,1096,20266,0,0.0,308953088,4112416,82944,0.02182558400090784
1756,0,0,0,0,0,37,2,0,873,29,72,277096,1096,20266,0,0.0,308953088,4112416,82944,0.02202470798511058
1757,3,2654208,0,1,3,259,2,0,873,29,72,277096,1096,20266,0,0.0,308953088,4112416,82944,0.022963166993577033
1758,13,8011776,3,2,13,481,2,0,873,29,72,277096,1096,20266,0,0.0,308953088,4112416,82944,0.02220649999799207
1759,0,0,0,0,0,37,3,0,874,29,72,277596,1096,20266,0,0.0,308953088,4112416,82944,0.021901874977629632
1760,3,2654208,0,1,3,259,3,0,874,29,72,277596,1096,20266,0,0.0,308953088,4112416,82944,0.022870082990266383
1761,13,8011776,3,2,13,527,3,0,874,29,72,277596,1096,20266,0,0.0,308953088,4112416,82944,0.022439374995883554
1762,0,0,0,0,0,37,4,0,875,29,72,278053,1096,20266,0,0.0,308953088,4112416,82944,0.02219433302525431
1763,3,2654208,0,1,3,271,4,0,875,29,72,278053,1096,20266,0,0.0,308953088,4112416,82944,0.022904457990080118
1764,13,8011776,3,2,13,556,4,0,875,29,72,278053,1096,20266,0,0.0,308969472,4112416,82944,0.02228945802198723
1765,5,2670592,0,1,8,37,5,0,876,29,72,278495,1096,20266,0,0.0,308985856,4112416,82944,0.021643957996275276
1766,8,5324800,3,2,8,290,5,0,876,29,72,278495,1096,20266,0,0.0,309002240,4112416,82944,0.021519208035897464
1767,18,10682368,8,3,13,578,5,0,876,29,72,278495,1096,20266,0,0.0,309035008,4112416,82944,0.0213772080023773
1768,5,2670592,0,1,8,37,6,0,877,29,72,278980,1096,20266,0,0.0,309035008,4112416,82944,0.021463333046995103
1769,8,5324800,3,2,8,275,6,0,877,29,72,278980,1096,20266,0,0.0,309051392,4112416,82944,0.022247290995437652
1770,18,10682368,8,3,13,562,6,0,877,29,72,278980,1096,20266,0,0.0,309067776,4112416,82944,0.02180295903235674
1771,8,5324800,6,2,8,37,7,0,878,29,72,279471,1096,20266,0,0.0,309084160,4112416,82944,0.021650292037520558
1772,11,7979008,6,3,8,266,7,0,878,29,72,279471,1096,20266,0,0.0,309100544,4112416,82944,0.02164749999064952
1773,21,13336576,8,4,13,552,7,0,878,29,72,279471,1096,20266,0,0.0,309149696,4112416,82944,0.021532958024181426
1774,8,5324800,6,2,8,37,8,0,879,29,72,279971,1096,20266,0,0.0,309166080,4112416,82944,0.022321166994515806
1775,0,0,0,0,0,74,0,0,879,29,73,279971,1096,20555,289,0.02490837505320087,309166080,4112416,82944,0.021384583960752934
1776,3,2654208,0,1,3,270,0,0,879,29,73,279971,1096,20555,0,0.0,309166080,4112416,82944,0.023440042044967413
1777,13,8011776,3,2,13,555,0,0,879,29,73,279971,1096,20555,0,0.0,309166080,4112416,82944,0.02184200001647696
1778,0,0,0,0,0,37,1,0,880,29,73,280404,1096,20555,0,0.0,309166080,4112416,82944,0.0216458750073798
1779,3,2654208,0,1,3,259,1,0,880,29,73,280404,1096,20555,0,0.0,309166080,4112416,82944,0.023082165978848934
1780,13,8011776,3,2,13,484,1,0,880,29,73,280404,1096,20555,0,0.0,309166080,4112416,82944,0.022135208011604846
1781,0,0,0,0,0,37,2,0,881,29,73,280961,1096,20555,0,0.0,309166080,4112416,82944,0.022016250004526228
1782,3,2654208,0,1,3,259,2,0,881,29,73,280961,1096,20555,0,0.0,309166080,4112416,82944,0.022444291971623898
1783,13,8011776,3,2,13,481,2,0,881,29,73,280961,1096,20555,0,0.0,309166080,4112416,82944,0.021117958007380366
1784,0,0,0,0,0,37,3,0,882,29,73,281460,1096,20555,0,0.0,309166080,4112416,82944,0.02107166702626273
1785,3,2654208,0,1,3,259,3,0,882,29,73,281460,1096,20555,0,0.0,309166080,4112416,82944,0.022804334003012627
1786,13,8011776,3,2,13,528,3,0,882,29,73,281460,1096,20555,0,0.0,309166080,4112416,82944,0.022371041006408632
1787,0,0,0,0,0,37,4,0,883,29,73,281917,1096,20555,0,0.0,309166080,4112416,82944,0.024400750000495464
1788,3,2654208,0,1,3,272,4,0,883,29,73,281917,1096,20555,0,0.0,309166080,4112416,82944,0.022421375033445656
1789,13,8011776,3,2,13,557,4,0,883,29,73,281917,1096,20555,0,0.0,309182464,4112416,82944,0.021876499988138676
1790,5,2670592,0,1,8,37,5,0,884,29,73,282350,1096,20555,0,0.0,309198848,4112416,82944,0.021613791992422193
1791,8,5324800,3,2,8,290,5,0,884,29,73,282350,1096,20555,0,0.0,309198848,4112416,82944,0.02180254098493606
1792,18,10682368,8,3,13,578,5,0,884,29,73,282350,1096,20555,0,0.0,309215232,4112416,82944,0.021710333006922156
1793,5,2670592,0,1,8,37,6,0,885,29,73,282834,1096,20555,0,0.0,309215232,4112416,82944,0.02156870800536126
1794,8,5324800,3,2,8,276,6,0,885,29,73,282834,1096,20555,0,0.0,309231616,4112416,82944,0.022325375000946224
1795,18,10682368,8,3,13,563,6,0,885,29,73,282834,1096,20555,0,0.0,309280768,4112416,82944,0.021557083004154265
1796,8,5324800,6,2,8,37,7,0,886,29,73,283323,1096,20555,0,0.0,309297152,4112416,82944,0.02176195802167058
1797,11,7979008,6,3,8,268,7,0,886,29,73,283323,1096,20555,0,0.0,309297152,4112416,82944,0.021796915971208364
1798,21,13336576,8,4,13,554,7,0,886,29,73,283323,1096,20555,0,0.0,309297152,4112416,82944,0.021083500003442168
1799,8,5324800,6,2,8,37,8,0,887,29,73,283821,1096,20555,0,0.0,309313536,4112416,82944,0.021571666991803795
1800,0,0,0,0,0,74,0,0,887,29,74,283821,1096,20842,287,0.024334374989848584,309346304,4112416,82944,0.022154207981657237
1801,3,2654208,0,1,3,270,0,0,887,29,74,283821,1096,20842,0,0.0,309346304,4112416,82944,0.02285187499364838
1802,13,8011776,3,2,13,555,0,0,887,29,74,283821,1096,20842,0,0.0,309346304,4112416,82944,0.02219608298037201
1803,0,0,0,0,0,37,1,0,888,29,74,284254,1096,20842,0,0.0,309346304,4112416,82944,0.021158666990231723
1804,3,2654208,0,1,3,259,1,0,888,29,74,284254,1096,20842,0,0.0,309346304,4112416,82944,0.022981250018347055
1805,13,8011776,3,2,13,484,1,0,888,29,74,284254,1096,20842,0,0.0,309346304,4112416,82944,0.02218220802024007
1806,0,0,0,0,0,37,2,0,889,29,74,284811,1096,20842,0,0.0,309346304,4112416,82944,0.021790500031784177
1807,3,2654208,0,1,3,259,2,0,889,29,74,284811,1096,20842,0,0.0,309346304,4112416,82944,0.022119583969470114
1808,13,8011776,3,2,13,481,2,0,889,29,74,284811,1096,20842,0,0.0,309346304,4112416,82944,0.021769000042695552
1809,23,13369344,13,3,13,19,3,0,890,29,74,285343,1096,20842,0,0.0,309346304,4112416,82944,0.02182308305054903
1810,3,2654208,0,1,3,241,3,0,890,29,74,285343,1096,20842,0,0.0,309346304,4112416,82944,0.023148417007178068
1811,13,8011776,3,2,13,503,3,0,890,29,74,285343,1096,20842,0,0.0,309362688,4112416,82944,0.021629000024404377
1812,0,0,0,0,0,37,4,0,891,29,74,285836,1096,20842,0,0.0,309362688,4112416,82944,0.02142029203241691
1813,3,2654208,0,1,3,259,4,0,891,29,74,285836,1096,20842,0,0.0,309362688,4112416,82944,0.02335662499535829
1814,13,8011776,3,2,13,528,4,0,891,29,74,285836,1096,20842,0,0.0,309362688,4112416,82944,0.022361167008057237
1815,0,0,0,0,0,37,5,0,892,29,74,286292,1096,20842,0,0.0,309379072,4112416,82944,0.02249779098201543
1816,3,2654208,0,1,3,275,5,0,892,29,74,286292,1096,20842,0,0.0,309379072,4112416,82944,0.02210549998562783
1817,13,8011776,3,2,13,560,5,0,892,29,74,286292,1096,20842,0,0.0,309411840,4112416,82944,0.022038042021449655
1818,5,2670592,0,1,8,37,6,0,893,29,74,286725,1096,20842,0,0.0,309428224,4112416,82944,0.021686542022507638
1819,8,5324800,3,2,8,291,6,0,893,29,74,286725,1096,20842,0,0.0,309428224,4112416,82944,0.02192433300660923
1820,18,10682368,8,3,13,579,6,0,893,29,74,286725,1096,20842,0,0.0,309493760,4112416,82944,0.022183583991136402
1821,5,2670592,0,1,8,37,7,0,894,29,74,287208,1096,20842,0,0.0,309493760,4112416,82944,0.022295250033494085
1822,8,5324800,3,2,8,278,7,0,894,29,74,287208,1096,20842,0,0.0,309493760,4112416,82944,0.022445374983362854
1823,18,10682368,8,3,13,565,7,0,894,29,74,287208,1096,20842,0,0.0,309526528,4112416,82944,0.021729332976974547
1824,8,5324800,6,2,8,37,8,0,895,29,74,287697,1096,20842,0,0.0,309526528,4112416,82944,0.021557416999712586
1825,0,0,0,0,0,74,0,0,895,29,75,287697,1096,21131,289,0.024818791018333286,309526528,4112416,82944,0.021914749988354743
1826,3,2654208,0,1,3,270,0,0,895,29,75,287697,1096,21131,0,0.0,309526528,4112416,82944,0.023560750007163733
1827,13,8011776,3,2,13,555,0,0,895,29,75,287697,1096,21131,0,0.0,309526528,4112416,82944,0.02231470902916044
1828,0,0,0,0,0,37,1,0,896,29,75,288130,1096,21131,0,0.0,309526528,4112416,82944,0.021587415947578847
1829,3,2654208,0,1,3,259,1,0,896,29,75,288130,1096,21131,0,0.0,309526528,4112416,82944,0.02216200000839308
1830,13,8011776,3,2,13,484,1,0,896,29,75,288130,1096,21131,0,0.0,309526528,4112416,82944,0.02172720798989758
1831,0,0,0,0,0,37,2,0,897,29,75,288683,1096,21131,0,0.0,309526528,4112416,82944,0.021512540988624096
1832,3,2654208,0,1,3,259,2,0,897,29,75,288683,1096,21131,0,0.0,309526528,4112416,82944,0.022377749963197857
1833,13,8011776,3,2,13,481,2,0,897,29,75,288683,1096,21131,0,0.0,309526528,4112416,82944,0.021247875003609806
1834,23,13369344,13,3,13,19,3,0,898,29,75,289215,1096,21131,0,0.0,309526528,4112416,82944,0.02133970899740234
1835,3,2654208,0,1,3,241,3,0,898,29,75,289215,1096,21131,0,0.0,309526528,4112416,82944,0.02196366694988683
1836,13,8011776,3,2,13,504,3,0,898,29,75,289215,1096,21131,0,0.0,309542912,4112416,82944,0.021540332993026823
1837,0,0,0,0,0,37,4,0,899,29,75,289706,1096,21131,0,0.0,309559296,4112416,82944,0.02132674999302253
1838,3,2654208,0,1,3,259,4,0,899,29,75,289706,1096,21131,0,0.0,309559296,4112416,82944,0.022464832989498973
1839,13,8011776,3,2,13,530,4,0,899,29,75,289706,1096,21131,0,0.0,309592064,4112416,82944,0.0216718339943327
1840,0,0,0,0,0,37,5,0,900,29,75,290163,1096,21131,0,0.0,309592064,4112416,82944,0.022033999965060502
1841,3,2654208,0,1,3,271,5,0,900,29,75,290163,1096,21131,0,0.0,309608448,4112416,82944,0.022247958986554295
1842,13,8011776,3,2,13,556,5,0,900,29,75,290163,1096,21131,0,0.0,309657600,4112416,82944,0.021324625005945563
1843,5,2670592,0,1,8,37,6,0,901,29,75,290605,1096,21131,0,0.0,309657600,4112416,82944,0.021350417053326964
1844,8,5324800,3,2,8,290,6,0,901,29,75,290605,1096,21131,0,0.0,309673984,4112416,82944,0.021696791984140873
1845,18,10682368,8,3,13,578,6,0,901,29,75,290605,1096,21131,0,0.0,309690368,4112416,82944,0.02165879198582843
1846,5,2670592,0,1,8,37,7,0,902,29,75,291089,1096,21131,0,0.0,309723136,4112416,82944,0.021730625012423843
1847,8,5324800,3,2,8,277,7,0,902,29,75,291089,1096,21131,0,0.0,309739520,4112416,82944,0.02144945797044784
1848,18,10682368,8,3,13,564,7,0,902,29,75,291089,1096,21131,0,0.0,309755904,4112416,82944,0.02140658296411857
1849,8,5324800,6,2,8,37,8,0,903,29,75,291579,1096,21131,0,0.0,309755904,4112416,82944,0.021096041018608958
1850,0,0,0,0,0,74,0,0,903,29,76,291579,1096,21419,288,0.02524937503039837,309755904,4112416,82944,0.02176308399066329
1851,3,2654208,0,1,3,270,0,0,903,29,76,291579,1096,21419,0,0.0,309755904,4112416,82944,0.023290624958463013
1852,13,8011776,3,2,13,555,0,0,903,29,76,291579,1096,21419,0,0.0,309755904,4112416,82944,0.022333792003337294
1853,0,0,0,0,0,37,1,0,904,29,76,292012,1096,21419,0,0.0,309755904,4112416,82944,0.02196945797186345
1854,3,2654208,0,1,3,259,1,0,904,29,76,292012,1096,21419,0,0.0,309755904,4112416,82944,0.02188587497221306
1855,13,8011776,3,2,13,484,1,0,904,29,76,292012,1096,21419,0,0.0,309755904,4112416,82944,0.021706667030230165
1856,0,0,0,0,0,37,2,0,905,29,76,292567,1096,21419,0,0.0,309755904,4112416,82944,0.021597040991764516
1857,3,2654208,0,1,3,259,2,0,905,29,76,292567,1096,21419,0,0.0,309755904,4112416,82944,0.021600332984235138
1858,13,8011776,3,2,13,481,2,0,905,29,76,292567,1096,21419,0,0.0,309755904,4112416,82944,0.02119479200337082
1859,23,13369344,13,3,13,18,3,0,906,29,76,293099,1096,21419,0,0.0,309755904,4112416,82944,0.02138254203600809
1860,3,2654208,0,1,3,240,3,0,906,29,76,293099,1096,21419,0,0.0,309755904,4112416,82944,0.02195670804940164
1861,13,8011776,3,2,13,502,3,0,906,29,76,293099,1096,21419,0,0.0,309755904,4112416,82944,0.02188658301020041
1862,0,0,0,0,0,37,4,0,907,29,76,293592,1096,21419,0,0.0,309772288,4112416,82944,0.021673457988072187
1863,3,2654208,0,1,3,259,4,0,907,29,76,293592,1096,21419,0,0.0,309772288,4112416,82944,0.02290475001791492
1864,13,8011776,3,2,13,528,4,0,907,29,76,293592,1096,21419,0,0.0,309788672,4112416,82944,0.021684125007595867
1865,0,0,0,0,0,37,5,0,908,29,76,294049,1096,21419,0,0.0,309788672,4112416,82944,0.02140754199353978
1866,3,2654208,0,1,3,271,5,0,908,29,76,294049,1096,21419,0,0.0,309788672,4112416,82944,0.021891624957788736
1867,13,8011776,3,2,13,556,5,0,908,29,76,294049,1096,21419,0,0.0,309821440,4112416,82944,0.021750250016339123
1868,5,2670592,0,1,8,37,6,0,909,29,76,294491,1096,21419,0,0.0,309854208,4112416,82944,0.02217725000809878
1869,8,5324800,3,2,8,290,6,0,909,29,76,294491,1096,21419,0,0.0,309870592,4112416,82944,0.022250999987591058
1870,18,10682368,8,3,13,578,6,0,909,29,76,294491,1096,21419,0,0.0,309870592,4112416,82944,0.021927125053480268
1871,5,2670592,0,1,8,37,7,0,910,29,76,294975,1096,21419,0,0.0,309870592,4112416,82944,0.021467125043272972
1872,8,5324800,3,2,8,276,7,0,910,29,76,294975,1096,21419,0,0.0,309870592,4112416,82944,0.021879791049286723
1873,18,10682368,8,3,13,563,7,0,910,29,76,294975,1096,21419,0,0.0,309936128,4112416,82944,0.021209124999586493
1874,8,5324800,6,2,8,37,8,0,911,29,76,295466,1096,21419,0,0.0,309952512,4112416,82944,0.021203375014010817
1875,0,0,0,0,0,74,0,0,911,29,77,295466,1096,21707,288,0.024932707950938493,309952512,4112416,82944,0.021928915986791253
1876,3,2654208,0,1,3,270,0,0,911,29,77,295466,1096,21707,0,0.0,311427072,4112416,82944,0.02356629096902907
1877,13,8011776,3,2,13,555,0,0,911,29,77,295466,1096,21707,0,0.0,311427072,4112416,82944,0.022067666985094547
1878,0,0,0,0,0,37,1,0,912,29,77,295899,1096,21707,0,0.0,311427072,4112416,82944,0.021678666991647333
1879,3,2654208,0,1,3,259,1,0,912,29,77,295899,1096,21707,0,0.0,311427072,4112416,82944,0.022919541981536895
1880,13,8011776,3,2,13,484,1,0,912,29,77,295899,1096,21707,0,0.0,311427072,4112416,82944,0.02288304199464619
1881,0,0,0,0,0,37,2,0,913,29,77,296457,1096,21707,0,0.0,311443456,4112416,82944,0.0221619579824619
1882,3,2654208,0,1,3,259,2,0,913,29,77,296457,1096,21707,0,0.0,311443456,4112416,82944,0.02260125003522262
1883,13,8011776,3,2,13,481,2,0,913,29,77,296457,1096,21707,0,0.0,311443456,4112416,82944,0.022498333011753857
1884,0,0,0,0,0,37,3,0,914,29,77,296956,1096,21707,0,0.0,311443456,4112416,82944,0.022402833041269332
1885,3,2654208,0,1,3,259,3,0,914,29,77,296956,1096,21707,0,0.0,311443456,4112416,82944,0.022409209050238132
1886,13,8011776,3,2,13,529,3,0,914,29,77,296956,1096,21707,0,0.0,311443456,4112416,82944,0.02137333294376731
1887,0,0,0,0,0,37,4,0,915,29,77,297413,1096,21707,0,0.0,311443456,4112416,82944,0.02151300001423806
1888,3,2654208,0,1,3,272,4,0,915,29,77,297413,1096,21707,0,0.0,311443456,4112416,82944,0.02258920803433284
1889,13,8011776,3,2,13,557,4,0,915,29,77,297413,1096,21707,0,0.0,311459840,4112416,82944,0.02157558302860707
1890,5,2670592,0,1,8,37,5,0,916,29,77,297846,1096,21707,0,0.0,311459840,4112416,82944,0.021593709010630846
1891,8,5324800,3,2,8,290,5,0,916,29,77,297846,1096,21707,0,0.0,311459840,4112416,82944,0.021765833953395486
1892,18,10682368,8,3,13,578,5,0,916,29,77,297846,1096,21707,0,0.0,311525376,4112416,82944,0.02138808398740366
1893,5,2670592,0,1,8,37,6,0,917,29,77,298330,1096,21707,0,0.0,311541760,4112416,82944,0.024934624962043017
1894,8,5324800,3,2,8,276,6,0,917,29,77,298330,1096,21707,0,0.0,311541760,4112416,82944,0.02322766702855006
1895,18,10682368,8,3,13,563,6,0,917,29,77,298330,1096,21707,0,0.0,311558144,4112416,82944,0.02207970799645409
1896,8,5324800,6,2,8,37,7,0,918,29,77,298819,1096,21707,0,0.0,311558144,4112416,82944,0.021736124996095896
1897,11,7979008,6,3,8,268,7,0,918,29,77,298819,1096,21707,0,0.0,311574528,4112416,82944,0.022064250020775944
1898,21,13336576,8,4,13,554,7,0,918,29,77,298819,1096,21707,0,0.0,311623680,4112416,82944,0.02176995895570144
1899,8,5324800,6,2,8,37,8,0,919,29,77,299318,1096,21707,0,0.0,311640064,4112416,82944,0.02170774998376146
1900,0,0,0,0,0,74,0,0,919,29,78,299318,1096,21996,289,0.025453042006120086,311640064,4112416,82944,0.02275283297058195
1901,3,2654208,0,1,3,270,0,0,919,29,78,299318,1096,21996,0,0.0,311640064,4112416,82944,0.023819292022380978
1902,13,8011776,3,2,13,555,0,0,919,29,78,299318,1096,21996,0,0.0,311640064,4112416,82944,0.02238029200816527
1903,0,0,0,0,0,37,1,0,920,29,78,299751,1096,21996,0,0.0,311640064,4112416,82944,0.022089375008363277
1904,3,2654208,0,1,3,259,1,0,920,29,78,299751,1096,21996,0,0.0,311640064,4112416,82944,0.022406125033739954
1905,13,8011776,3,2,13,484,1,0,920,29,78,299751,1096,21996,0,0.0,311640064,4112416,82944,0.021609292016364634
1906,0,0,0,0,0,37,2,0,921,29,78,300309,1096,21996,0,0.0,311640064,4112416,82944,0.021634958044160157
1907,3,2654208,0,1,3,259,2,0,921,29,78,300309,1096,21996,0,0.0,311640064,4112416,82944,0.022316624992527068
1908,13,8011776,3,2,13,481,2,0,921,29,78,300309,1096,21996,0,0.0,311640064,4112416,82944,0.02199391700560227
1909,23,13369344,13,3,13,18,3,0,922,29,78,300841,1096,21996,0,0.0,311656448,4112416,82944,0.022144332993775606
1910,3,2654208,0,1,3,240,3,0,922,29,78,300841,1096,21996,0,0.0,311656448,4112416,82944,0.022006375016644597
1911,13,8011776,3,2,13,501,3,0,922,29,78,300841,1096,21996,0,0.0,311656448,4112416,82944,0.021698374999687076
1912,0,0,0,0,0,37,4,0,923,29,78,301334,1096,21996,0,0.0,311656448,4112416,82944,0.02160008397186175
1913,3,2654208,0,1,3,259,4,0,923,29,78,301334,1096,21996,0,0.0,311656448,4112416,82944,0.022818292025476694
1914,13,8011776,3,2,13,528,4,0,923,29,78,301334,1096,21996,0,0.0,311672832,4112416,82944,0.02249049994861707
1915,0,0,0,0,0,37,5,0,924,29,78,301791,1096,21996,0,0.0,311689216,4112416,82944,0.022359417052939534
1916,3,2654208,0,1,3,272,5,0,924,29,78,301791,1096,21996,0,0.0,311705600,4112416,82944,0.022844457998871803
1917,13,8011776,3,2,13,557,5,0,924,29,78,301791,1096,21996,0,0.0,311705600,4112416,82944,0.021841624984517694
1918,5,2670592,0,1,8,37,6,0,925,29,78,302224,1096,21996,0,0.0,311705600,4112416,82944,0.022177457984071225
1919,8,5324800,3,2,8,290,6,0,925,29,78,302224,1096,21996,0,0.0,311754752,4112416,82944,0.022359207971021533
1920,18,10682368,8,3,13,578,6,0,925,29,78,302224,1096,21996,0,0.0,311787520,4112416,82944,0.021971457987092435
1921,5,2670592,0,1,8,37,7,0,926,29,78,302708,1096,21996,0,0.0,311803904,4112416,82944,0.022064458986278623
1922,8,5324800,3,2,8,276,7,0,926,29,78,302708,1096,21996,0,0.0,311803904,4112416,82944,0.02223537495592609
1923,18,10682368,8,3,13,563,7,0,926,29,78,302708,1096,21996,0,0.0,311836672,4112416,82944,0.02219145797425881
1924,8,5324800,6,2,8,37,8,0,927,29,78,303197,1096,21996,0,0.0,311853056,4112416,82944,0.022020000033080578
1925,0,0,0,0,0,74,0,0,927,29,79,303197,1096,22285,289,0.02553529100259766,311853056,4112416,82944,0.02199108398053795
1926,3,2654208,0,1,3,270,0,0,927,29,79,303197,1096,22285,0,0.0,311853056,4112416,82944,0.02349337498890236
1927,13,8011776,3,2,13,555,0,0,927,29,79,303197,1096,22285,0,0.0,311853056,4112416,82944,0.0219520409591496
1928,0,0,0,0,0,37,1,0,928,29,79,303630,1096,22285,0,0.0,311853056,4112416,82944,0.02232816704781726
1929,3,2654208,0,1,3,259,1,0,928,29,79,303630,1096,22285,0,0.0,311853056,4112416,82944,0.022128208947833627
1930,13,8011776,3,2,13,484,1,0,928,29,79,303630,1096,22285,0,0.0,311853056,4112416,82944,0.02173558302456513
1931,0,0,0,0,0,37,2,0,929,29,79,304187,1096,22285,0,0.0,311853056,4112416,82944,0.02172645804239437
1932,3,2654208,0,1,3,259,2,0,929,29,79,304187,1096,22285,0,0.0,311853056,4112416,82944,0.021542416012380272
1933,13,8011776,3,2,13,481,2,0,929,29,79,304187,1096,22285,0,0.0,311853056,4112416,82944,0.021269167016725987
1934,23,13369344,13,3,13,19,3,0,930,29,79,304714,1096,22285,0,0.0,311853056,4112416,82944,0.021598958992399275
1935,3,2654208,0,1,3,241,3,0,930,29,79,304714,1096,22285,0,0.0,311853056,4112416,82944,0.022265959007199854
1936,13,8011776,3,2,13,506,3,0,930,29,79,304714,1096,22285,0,0.0,311853056,4112416,82944,0.021782832976896316
1937,0,0,0,0,0,37,4,0,931,29,79,305207,1096,22285,0,0.0,311853056,4112416,82944,0.02172545896610245
1938,3,2654208,0,1,3,259,4,0,931,29,79,305207,1096,22285,0,0.0,311902208,4112416,82944,0.02276133297709748
1939,13,8011776,3,2,13,528,4,0,931,29,79,305207,1096,22285,0,0.0,311902208,4112416,82944,0.022640999988652766
1940,0,0,0,0,0,37,5,0,932,29,79,305664,1096,22285,0,0.0,311918592,4112416,82944,0.021925084001850337
1941,3,2654208,0,1,3,271,5,0,932,29,79,305664,1096,22285,0,0.0,311918592,4112416,82944,0.022826457978226244
1942,13,8011776,3,2,13,556,5,0,932,29,79,305664,1096,22285,0,0.0,311934976,4112416,82944,0.021997125004418194
1943,5,2670592,0,1,8,37,6,0,933,29,79,306106,1096,22285,0,0.0,311934976,4112416,82944,0.021926875051576644
1944,8,5324800,3,2,8,290,6,0,933,29,79,306106,1096,22285,0,0.0,311984128,4112416,82944,0.022875917027704418
1945,18,10682368,8,3,13,578,6,0,933,29,79,306106,1096,22285,0,0.0,312000512,4112416,82944,0.022351416992023587
1946,5,2670592,0,1,8,37,7,0,934,29,79,306591,1096,22285,0,0.0,312000512,4112416,82944,0.02198175003286451
1947,8,5324800,3,2,8,275,7,0,934,29,79,306591,1096,22285,0,0.0,312016896,4112416,82944,0.022474124969448894
1948,18,10682368,8,3,13,562,7,0,934,29,79,306591,1096,22285,0,0.0,312049664,4112416,82944,0.022567416017409414
1949,8,5324800,6,2,8,37,8,0,935,29,79,307082,1096,22285,0,0.0,312098816,4112416,82944,0.022687916993163526
1950,0,0,0,0,0,74,0,0,935,29,80,307082,1096,22573,288,0.02520037500653416,312098816,4112416,82944,0.02195554197533056
1951,3,2654208,0,1,3,270,0,0,935,29,80,307082,1096,22573,0,0.0,312098816,4112416,82944,0.02336408302653581
1952,13,8011776,3,2,13,555,0,0,935,29,80,307082,1096,22573,0,0.0,312098816,4112416,82944,0.022044750046916306
1953,0,0,0,0,0,37,1,0,936,29,80,307515,1096,22573,0,0.0,312098816,4112416,82944,0.02146104199346155
1954,3,2654208,0,1,3,259,1,0,936,29,80,307515,1096,22573,0,0.0,312098816,4112416,82944,0.02205095801036805
1955,13,8011776,3,2,13,484,1,0,936,29,80,307515,1096,22573,0,0.0,312098816,4112416,82944,0.021434957976453006
1956,0,0,0,0,0,37,2,0,937,29,80,308073,1096,22573,0,0.0,312098816,4112416,82944,0.021832750004250556
1957,3,2654208,0,1,3,259,2,0,937,29,80,308073,1096,22573,0,0.0,312098816,4112416,82944,0.022893791960086673
1958,13,8011776,3,2,13,481,2,0,937,29,80,308073,1096,22573,0,0.0,312098816,4112416,82944,0.022118750028312206
1959,23,13369344,13,3,13,18,3,0,938,29,80,308605,1096,22573,0,0.0,312115200,4112416,82944,0.021619416016619653
1960,3,2654208,0,1,3,240,3,0,938,29,80,308605,1096,22573,0,0.0,312115200,4112416,82944,0.021920291997957975
1961,13,8011776,3,2,13,501,3,0,938,29,80,308605,1096,22573,0,0.0,312115200,4112416,82944,0.022077750007156283
1962,0,0,0,0,0,37,4,0,939,29,80,309098,1096,22573,0,0.0,312115200,4112416,82944,0.022153957979753613
1963,3,2654208,0,1,3,259,4,0,939,29,80,309098,1096,22573,0,0.0,312115200,4112416,82944,0.022602083976380527
1964,13,8011776,3,2,13,528,4,0,939,29,80,309098,1096,22573,0,0.0,312115200,4112416,82944,0.022483125037979335
1965,0,0,0,0,0,37,5,0,940,29,80,309555,1096,22573,0,0.0,312115200,4112416,82944,0.022268166998401284
1966,3,2654208,0,1,3,271,5,0,940,29,80,309555,1096,22573,0,0.0,312115200,4112416,82944,0.022089874953962862
1967,13,8011776,3,2,13,556,5,0,940,29,80,309555,1096,22573,0,0.0,312164352,4112416,82944,0.021951167029328644
1968,5,2670592,0,1,8,37,6,0,941,29,80,309997,1096,22573,0,0.0,312180736,4112416,82944,0.021982582984492183
1969,8,5324800,3,2,8,290,6,0,941,29,80,309997,1096,22573,0,0.0,312180736,4112416,82944,0.022059458016883582
1970,18,10682368,8,3,13,578,6,0,941,29,80,309997,1096,22573,0,0.0,312213504,4112416,82944,0.02170099999057129
1971,5,2670592,0,1,8,37,7,0,942,29,80,310482,1096,22573,0,0.0,312213504,4112416,82944,0.02160891698440537
1972,8,5324800,3,2,8,275,7,0,942,29,80,310482,1096,22573,0,0.0,312229888,4112416,82944,0.022255124989897013
1973,18,10682368,8,3,13,562,7,0,942,29,80,310482,1096,22573,0,0.0,312262656,4112416,82944,0.02211070799967274
1974,8,5324800,6,2,8,37,8,0,943,29,80,310973,1096,22573,0,0.0,312262656,4112416,82944,0.021872333018109202
1975,0,0,0,0,0,74,0,0,943,29,81,310973,1096,22862,289,0.02497766603482887,312262656,4112416,82944,0.02231595799094066
1976,3,2654208,0,1,3,270,0,0,943,29,81,310973,1096,22862,0,0.0,312262656,4112416,82944,0.023595916049089283
1977,13,8011776,3,2,13,555,0,0,943,29,81,310973,1096,22862,0,0.0,312262656,4112416,82944,0.022125374991446733
1978,0,0,0,0,0,37,1,0,944,29,81,311406,1096,22862,0,0.0,312262656,4112416,82944,0.02197170798899606
1979,3,2654208,0,1,3,259,1,0,944,29,81,311406,1096,22862,0,0.0,312262656,4112416,82944,0.022758874983992428
1980,13,8011776,3,2,13,484,1,0,944,29,81,311406,1096,22862,0,0.0,312262656,4112416,82944,0.022682166018057615
1981,0,0,0,0,0,37,2,0,945,29,81,311963,1096,22862,0,0.0,312279040,4112416,82944,0.02217595896217972
1982,3,2654208,0,1,3,259,2,0,945,29,81,311963,1096,22862,0,0.0,312279040,4112416,82944,0.02381608303403482
1983,13,8011776,3,2,13,481,2,0,945,29,81,311963,1096,22862,0,0.0,312279040,4112416,82944,0.022244416002649814
1984,23,13369344,13,3,13,19,3,0,946,29,81,312495,1096,22862,0,0.0,312279040,4112416,82944,0.02184737502830103
1985,3,2654208,0,1,3,241,3,0,946,29,81,312495,1096,22862,0,0.0,312279040,4112416,82944,0.02247675001854077
1986,13,8011776,3,2,13,504,3,0,946,29,81,312495,1096,22862,0,0.0,312279040,4112416,82944,0.021738165989518166
1987,0,0,0,0,0,37,4,0,947,29,81,312988,1096,22862,0,0.0,312295424,4112416,82944,0.022145707975141704
1988,3,2654208,0,1,3,259,4,0,947,29,81,312988,1096,22862,0,0.0,312295424,4112416,82944,0.022363334021065384
1989,13,8011776,3,2,13,528,4,0,947,29,81,312988,1096,22862,0,0.0,312295424,4112416,82944,0.02138012502109632
1990,0,0,0,0,0,37,5,0,948,29,81,313445,1096,22862,0,0.0,312311808,4112416,82944,0.02142608299618587
1991,3,2654208,0,1,3,271,5,0,948,29,81,313445,1096,22862,0,0.0,312311808,4112416,82944,0.021975417039357126
1992,13,8011776,3,2,13,556,5,0,948,29,81,313445,1096,22862,0,0.0,312360960,4112416,82944,0.022087707999162376
1993,5,2670592,0,1,8,37,6,0,949,29,81,313887,1096,22862,0,0.0,312360960,4112416,82944,0.02182387502398342
1994,8,5324800,3,2,8,290,6,0,949,29,81,313887,1096,22862,0,0.0,312377344,4112416,82944,0.022377374989446253
1995,18,10682368,8,3,13,578,6,0,949,29,81,313887,1096,22862,0,0.0,312426496,4112416,82944,0.02177970902994275
1996,5,2670592,0,1,8,37,7,0,950,29,81,314372,1096,22862,0,0.0,312442880,4112416,82944,0.023001666006166488
1997,8,5324800,3,2,8,275,7,0,950,29,81,314372,1096,22862,0,0.0,312442880,4112416,82944,0.025477083981968462
1998,18,10682368,8,3,13,562,7,0,950,29,81,314372,1096,22862,0,0.0,312442880,4112416,82944,0.022010040993336588
1999,8,5324800,6,2,8,37,8,0,951,29,81,314863,1096,22862,0,0.0,312442880,4112416,82944,0.02347374998498708
2000,0,0,0,0,0,74,0,0,951,29,82,314863,1096,23148,286,0.025375291996169835,312459264,4112416,82944,0.02199058298720047
