step,retired_old_survivor_count,retired_old_survivor_bytes,same_slot_multigeneration_count,maximum_retired_generations_in_one_slot,retired_slot_count,gc_count_generation_0,gc_count_generation_1,gc_count_generation_2,gc_collections_generation_0,gc_collections_generation_1,gc_collections_generation_2,gc_collected_generation_0,gc_collected_generation_1,gc_collected_generation_2,manual_gc_collected_objects,manual_gc_wall_seconds,current_rss_bytes,live_current_tensor_bytes,edge_count,step_wall_seconds
1,0,0,0,0,0,514,1,6,309,28,2,6139,466,10,0,0.0,236044288,4112416,82944,0.022321708034723997
2,13,8011776,0,1,13,900,1,6,309,28,2,6139,466,10,0,0.0,242221056,4112416,82944,0.022209707996807992
3,23,13369344,13,2,13,1252,1,6,309,28,2,6139,466,10,0,0.0,249643008,4112416,82944,0.021948665962554514
4,33,18726912,13,3,13,1604,1,6,309,28,2,6139,466,10,0,0.0,252788736,4112416,82944,0.022173333971295506
5,43,24084480,13,4,13,1956,1,6,309,28,2,6139,466,10,0,0.0,259719168,4112416,82944,0.022908000042662024
6,53,29442048,13,5,13,2307,1,6,309,28,2,6139,466,10,0,0.0,265535488,4112416,82944,0.022169959032908082
7,63,34799616,13,6,13,2658,1,6,309,28,2,6139,466,10,0,0.0,271679488,4112416,82944,0.02262395800789818
8,73,40157184,13,7,13,3009,1,6,309,28,2,6139,466,10,0,0.0,276529152,4112416,82944,0.022234582982491702
9,83,45514752,13,8,13,3360,1,6,309,28,2,6139,466,10,0,0.0,282017792,4112416,82944,0.022031958040315658
10,93,50872320,13,9,13,3711,1,6,309,28,2,6139,466,10,0,0.0,286851072,4112416,82944,0.0226090420037508
11,103,56229888,13,10,13,4062,1,6,309,28,2,6139,466,10,0,0.0,295010304,4112416,82944,0.021746499987784773
12,113,61587456,13,11,13,4413,1,6,309,28,2,6139,466,10,0,0.0,301137920,4112416,82944,0.02242479199776426
13,123,66945024,13,12,13,4764,1,6,309,28,2,6139,466,10,0,0.0,306348032,4112416,82944,0.021749917010311037
14,133,72302592,13,13,13,5115,1,6,309,28,2,6139,466,10,0,0.0,313278464,4112416,82944,0.021754999994300306
15,143,77660160,13,14,13,5466,1,6,309,28,2,6139,466,10,0,0.0,316112896,4112416,82944,0.021743499964941293
16,153,83017728,13,15,13,5817,1,6,309,28,2,6139,466,10,0,0.0,322715648,4112416,82944,0.022466417052783072
17,163,88375296,13,16,13,6168,1,6,309,28,2,6139,466,10,0,0.0,328253440,4112416,82944,0.02194100001361221
18,173,93732864,13,17,13,6520,1,6,309,28,2,6139,466,10,0,0.0,334577664,4112416,82944,0.022612917004153132
19,183,99090432,13,18,13,6875,1,6,309,28,2,6139,466,10,0,0.0,342032384,4112416,82944,0.022400167013984174
20,193,104448000,13,19,13,7230,1,6,309,28,2,6139,466,10,0,0.0,346882048,4112416,82944,0.02207462501246482
21,203,109805568,13,20,13,7585,1,6,309,28,2,6139,466,10,0,0.0,354467840,4112416,82944,0.022375333996023983
22,213,115163136,13,21,13,7940,1,6,309,28,2,6139,466,10,0,0.0,361414656,4112416,82944,0.02209845802281052
23,223,120520704,13,22,13,8295,1,6,309,28,2,6139,466,10,0,0.0,364953600,4112416,82944,0.021835833962541074
24,233,125878272,13,23,13,8650,1,6,309,28,2,6139,466,10,0,0.0,371179520,4112416,82944,0.022330874984618276
25,243,131235840,13,24,13,9005,1,6,309,28,2,6139,466,10,0,0.0,376684544,4112416,82944,0.021905916975811124
26,253,136593408,13,25,13,10017,1,6,309,28,2,6139,466,10,0,0.0,382517248,4112416,82944,0.022284416016191244
27,263,141950976,13,26,13,10243,1,6,309,28,2,6139,466,10,0,0.0,389382144,4112416,82944,0.02168383402749896
28,273,147308544,13,27,13,10469,1,6,309,28,2,6139,466,10,0,0.0,396918784,4112416,82944,0.022304832993540913
29,283,152666112,13,28,13,10695,1,6,309,28,2,6139,466,10,0,0.0,399753216,4112416,82944,0.02147224999498576
30,293,158023680,13,29,13,10921,1,6,309,28,2,6139,466,10,0,0.0,408961024,4112416,82944,0.021446249971631914
31,303,163381248,13,30,13,11179,1,6,309,28,2,6139,466,10,0,0.0,416399360,4112416,82944,0.025057208025828004
32,313,168738816,13,31,13,11493,1,6,309,28,2,6139,466,10,0,0.0,419282944,4112416,82944,0.021854959020856768
33,323,174096384,13,32,13,11848,1,6,309,28,2,6139,466,10,0,0.0,424706048,4112416,82944,0.021876500046346337
34,333,179453952,13,33,13,12203,1,6,309,28,2,6139,466,10,0,0.0,430325760,4112416,82944,0.02113662497140467
35,343,184811520,13,34,13,12558,1,6,309,28,2,6139,466,10,0,0.0,435847168,4112416,82944,0.021366665954701602
36,353,190169088,13,35,13,12913,1,6,309,28,2,6139,466,10,0,0.0,438829056,4112416,82944,0.021685624960809946
37,363,195526656,13,36,13,13268,1,6,309,28,2,6139,466,10,0,0.0,445038592,4112416,82944,0.021577375009655952
38,373,200884224,13,37,13,13623,1,6,309,28,2,6139,466,10,0,0.0,453885952,4112416,82944,0.021468541002832353
39,383,206241792,13,38,13,13978,1,6,309,28,2,6139,466,10,0,0.0,455491584,4112416,82944,0.021545791998505592
40,393,211599360,13,39,13,14333,1,6,309,28,2,6139,466,10,0,0.0,463011840,4112416,82944,0.021606207999866456
41,403,216956928,13,40,13,14688,1,6,309,28,2,6139,466,10,0,0.0,469139456,4112416,82944,0.021427833999041468
42,413,222314496,13,41,13,15043,1,6,309,28,2,6139,466,10,0,0.0,474005504,4112416,82944,0.022246250009629875
43,423,227672064,13,42,13,15398,1,6,309,28,2,6139,466,10,0,0.0,479985664,4112416,82944,0.021608749986626208
44,433,233029632,13,43,13,15753,1,6,309,28,2,6139,466,10,0,0.0,487473152,4112416,82944,0.02140529203461483
45,443,238387200,13,44,13,16108,1,6,309,28,2,6139,466,10,0,0.0,494469120,4112416,82944,0.021534833998885006
46,453,243744768,13,45,13,16463,1,6,309,28,2,6139,466,10,0,0.0,497385472,4112416,82944,0.02117441699374467
47,463,249102336,13,46,13,16818,1,6,309,28,2,6139,466,10,0,0.0,504905728,4112416,82944,0.021102166967466474
48,473,254459904,13,47,13,17173,1,6,309,28,2,6139,466,10,0,0.0,507101184,4112416,82944,0.021256292006000876
49,483,259817472,13,48,13,17528,1,6,309,28,2,6139,466,10,0,0.0,512081920,4112416,82944,0.02255545899970457
50,493,265175040,13,49,13,17883,1,6,309,28,2,6139,466,10,0,0.0,519618560,4112416,82944,0.021303499990608543
51,503,270532608,13,50,13,19593,1,6,309,28,2,6139,466,10,0,0.0,524451840,4112416,82944,0.02157329098554328
52,513,275890176,13,51,13,19819,1,6,309,28,2,6139,466,10,0,0.0,533282816,4112416,82944,0.021385749976616353
53,523,281247744,13,52,13,20045,1,6,309,28,2,6139,466,10,0,0.0,538116096,4112416,82944,0.02162162499735132
54,533,286605312,13,53,13,20271,1,6,309,28,2,6139,466,10,0,0.0,542916608,4112416,82944,0.02124958299100399
55,543,291962880,13,54,13,20497,1,6,309,28,2,6139,466,10,0,0.0,550387712,4112416,82944,0.021286292001605034
56,553,297320448,13,55,13,20723,1,6,309,28,2,6139,466,10,0,0.0,556548096,4112416,82944,0.02133795799454674
57,563,302678016,13,56,13,20955,1,6,309,28,2,6139,466,10,0,0.0,561397760,4112416,82944,0.021093707997351885
58,573,308035584,13,57,13,21193,1,6,309,28,2,6139,466,10,0,0.0,567001088,4112416,82944,0.021260582958348095
59,583,313393152,13,58,13,21431,1,6,309,28,2,6139,466,10,0,0.0,573259776,4112416,82944,0.022483041044324636
60,593,318750720,13,59,13,21669,1,6,309,28,2,6139,466,10,0,0.0,579452928,4112416,82944,0.02131166699109599
61,603,324108288,13,60,13,21907,1,6,309,28,2,6139,466,10,0,0.0,585662464,4112416,82944,0.021336083998903632
62,613,329465856,13,61,13,22205,1,6,309,28,2,6139,466,10,0,0.0,587808768,4112416,82944,0.02151087496895343
63,623,334823424,13,62,13,22506,1,6,309,28,2,6139,466,10,0,0.0,595345408,4112416,82944,0.021425959013868123
64,633,340180992,13,63,13,22854,1,6,309,28,2,6139,466,10,0,0.0,602193920,4112416,82944,0.021135082992259413
65,643,345538560,13,64,13,23209,1,6,309,28,2,6139,466,10,0,0.0,605847552,4112416,82944,0.021685582993086427
66,653,350896128,13,65,13,23564,1,6,309,28,2,6139,466,10,0,0.0,613400576,4112416,82944,0.021524916985072196
67,663,356253696,13,66,13,23919,1,6,309,28,2,6139,466,10,0,0.0,620281856,4112416,82944,0.021400458994321525
68,673,361611264,13,67,13,24274,1,6,309,28,2,6139,466,10,0,0.0,627130368,4112416,82944,0.021752708998974413
69,683,366968832,13,68,13,24629,1,6,309,28,2,6139,466,10,0,0.0,630112256,4112416,82944,0.021146167011465877
70,693,372326400,13,69,13,24984,1,6,309,28,2,6139,466,10,0,0.0,634454016,4112416,82944,0.02134637499693781
71,703,377683968,13,70,13,25339,1,6,309,28,2,6139,466,10,0,0.0,642629632,4112416,82944,0.021541499998420477
72,713,383041536,13,71,13,25694,1,6,309,28,2,6139,466,10,0,0.0,648855552,4112416,82944,0.021145540988072753
73,723,388399104,13,72,13,26049,1,6,309,28,2,6139,466,10,0,0.0,654442496,4112416,82944,0.02112887502880767
74,733,393756672,13,73,13,26404,1,6,309,28,2,6139,466,10,0,0.0,659390464,4112416,82944,0.021405457984656096
75,743,399114240,13,74,13,26759,1,6,309,28,2,6139,466,10,0,0.0,663535616,4112416,82944,0.020835834031458944
76,753,404471808,13,75,13,29169,1,6,309,28,2,6139,466,10,0,0.0,672825344,4112416,82944,0.02181649999693036
77,763,409829376,13,76,13,29395,1,6,309,28,2,6139,466,10,0,0.0,675643392,4112416,82944,0.02098908298648894
78,773,415186944,13,77,13,29621,1,6,309,28,2,6139,466,10,0,0.0,681934848,4112416,82944,0.021210458013229072
79,783,420544512,13,78,13,29847,1,6,309,28,2,6139,466,10,0,0.0,686702592,4112416,82944,0.021134541020728648
80,793,425902080,13,79,13,30073,1,6,309,28,2,6139,466,10,0,0.0,692879360,4112416,82944,0.02114141604397446
81,803,431259648,13,80,13,30299,1,6,309,28,2,6139,466,10,0,0.0,699056128,4112416,82944,0.02139683300629258
82,813,436617216,13,81,13,30531,1,6,309,28,2,6139,466,10,0,0.0,702578688,4112416,82944,0.02116508298786357
83,823,441974784,13,82,13,30769,1,6,309,28,2,6139,466,10,0,0.0,708116480,4112416,82944,0.021010749973356724
84,833,447332352,13,83,13,31007,1,6,309,28,2,6139,466,10,0,0.0,714375168,4112416,82944,0.02128879097290337
85,843,452689920,13,84,13,31245,1,6,309,28,2,6139,466,10,0,0.0,719224832,4112416,82944,0.020947416953276843
86,853,458047488,13,85,13,31483,1,6,309,28,2,6139,466,10,0,0.0,724090880,4112416,82944,0.022537290991749614
87,863,463405056,13,86,13,31721,1,6,309,28,2,6139,466,10,0,0.0,730906624,4112416,82944,0.022777499980293214
88,873,468762624,13,87,13,31959,1,6,309,28,2,6139,466,10,0,0.0,737722368,4112416,82944,0.02137570799095556
89,883,474120192,13,88,13,32197,1,6,309,28,2,6139,466,10,0,0.0,741916672,4112416,82944,0.021256875013932586
90,893,479477760,13,89,13,32435,1,6,309,28,2,6139,466,10,0,0.0,748109824,4112416,82944,0.02119483397109434
91,903,484835328,13,90,13,32673,1,6,309,28,2,6139,466,10,0,0.0,754302976,4112416,82944,0.02133441698970273
92,913,490192896,13,91,13,32936,1,6,309,28,2,6139,466,10,0,0.0,759087104,4112416,82944,0.021465041965711862
93,923,495550464,13,92,13,33237,1,6,309,28,2,6139,466,10,0,0.0,763920384,4112416,82944,0.02111908298684284
94,933,500908032,13,93,13,33538,1,6,309,28,2,6139,466,10,0,0.0,770228224,4112416,82944,0.021463666984345764
95,943,506265600,13,94,13,33860,1,6,309,28,2,6139,466,10,0,0.0,776994816,4112416,82944,0.021201750030741096
96,953,511623168,13,95,13,34215,1,6,309,28,2,6139,466,10,0,0.0,784564224,4112416,82944,0.02130608295556158
97,963,516980736,13,96,13,34570,1,6,309,28,2,6139,466,10,0,0.0,790102016,4112416,82944,0.02100587502354756
98,973,522338304,13,97,13,34925,1,6,309,28,2,6139,466,10,0,0.0,793657344,4112416,82944,0.021547667041886598
99,983,527695872,13,98,13,35280,1,6,309,28,2,6139,466,10,0,0.0,798572544,4112416,82944,0.02106283395551145
100,993,533053440,13,99,13,35635,1,6,309,28,2,6139,466,10,0,0.0,803422208,4112416,82944,0.02110245800577104
101,1003,538411008,13,100,13,38745,1,6,309,28,2,6139,466,10,0,0.0,811302912,4112416,82944,0.022141124994959682
102,1013,543768576,13,101,13,38971,1,6,309,28,2,6139,466,10,0,0.0,816136192,4112416,82944,0.02136966702528298
103,1023,549126144,13,102,13,39197,1,6,309,28,2,6139,466,10,0,0.0,820985856,4112416,82944,0.02146412496222183
104,1033,554483712,13,103,13,39423,1,6,309,28,2,6139,466,10,0,0.0,826474496,4112416,82944,0.021125415980350226
105,1043,559841280,13,104,13,39649,1,6,309,28,2,6139,466,10,0,0.0,834043904,4112416,82944,0.02141654200386256
106,1053,565198848,13,105,13,39875,1,6,309,28,2,6139,466,10,0,0.0,842235904,4112416,82944,0.021487166988663375
107,1063,570556416,13,106,13,40107,1,6,309,28,2,6139,466,10,0,0.0,846381056,4112416,82944,0.021290874981787056
108,1073,575913984,13,107,13,40345,1,6,309,28,2,6139,466,10,0,0.0,851869696,4112416,82944,0.021185291989240795
109,1083,581271552,13,108,13,40583,1,6,309,28,2,6139,466,10,0,0.0,856752128,4112416,82944,0.021388957975432277
110,1093,586629120,13,109,13,40821,1,6,309,28,2,6139,466,10,0,0.0,862208000,4112416,82944,0.021273957972880453
111,1103,591986688,13,110,13,41059,1,6,309,28,2,6139,466,10,0,0.0,869138432,4112416,82944,0.021439332980662584
112,1113,597344256,13,111,13,41297,1,6,309,28,2,6139,466,10,0,0.0,877281280,4112416,82944,0.021283917012624443
113,1123,602701824,13,112,13,41535,1,6,309,28,2,6139,466,10,0,0.0,880082944,4112416,82944,0.02145333302905783
114,1133,608059392,13,113,13,41773,1,6,309,28,2,6139,466,10,0,0.0,888913920,4112416,82944,0.021386792010162026
115,1143,613416960,13,114,13,42011,1,6,309,28,2,6139,466,10,0,0.0,893075456,4112416,82944,0.021036374964751303
116,1153,618774528,13,115,13,42249,1,6,309,28,2,6139,466,10,0,0.0,898056192,4112416,82944,0.02140829199925065
117,1163,624132096,13,116,13,42487,1,6,309,28,2,6139,466,10,0,0.0,901562368,4112416,82944,0.02121133398031816
118,1173,629489664,13,117,13,42725,1,6,309,28,2,6139,466,10,0,0.0,909115392,4112416,82944,0.02123616699827835
119,1183,634847232,13,118,13,42963,1,6,309,28,2,6139,466,10,0,0.0,914587648,4112416,82944,0.02141558303264901
120,1193,640204800,13,119,13,43201,1,6,309,28,2,6139,466,10,0,0.0,918732800,4112416,82944,0.020995625003706664
121,1203,645562368,13,120,13,43439,1,6,309,28,2,6139,466,10,0,0.0,922845184,4112416,82944,0.02093445899663493
122,1213,650919936,13,121,13,43677,1,6,309,28,2,6139,466,10,0,0.0,931020800,4112416,82944,0.021613458986394107
123,1223,656277504,13,122,13,43968,1,6,309,28,2,6139,466,10,0,0.0,935231488,4112416,82944,0.02126687503186986
124,1233,661635072,13,123,13,44269,1,6,309,28,2,6139,466,10,0,0.0,941506560,4112416,82944,0.021505250013433397
125,1243,666992640,13,124,13,44570,1,6,309,28,2,6139,466,10,0,0.0,945176576,4112416,82944,0.021024374989792705
126,1253,672350208,13,125,13,48321,1,6,309,28,2,6139,466,10,0,0.0,955269120,4112416,82944,0.02168524998705834
127,1263,677707776,13,126,13,48547,1,6,309,28,2,6139,466,10,0,0.0,962756608,4112416,82944,0.021306916954927146
128,1273,683065344,13,127,13,48773,1,6,309,28,2,6139,466,10,0,0.0,964984832,4112416,82944,0.020959417044650763
129,1283,688422912,13,128,13,48999,1,6,309,28,2,6139,466,10,0,0.0,973750272,4112416,82944,0.02114162500947714
130,1293,693780480,13,129,13,49225,1,6,309,28,2,6139,466,10,0,0.0,977272832,4112416,82944,0.021375207987148315
131,1303,699138048,13,130,13,49451,1,6,309,28,2,6139,466,10,0,0.0,983416832,4112416,82944,0.020861249999143183
132,1313,704495616,13,131,13,49683,1,6,309,28,2,6139,466,10,0,0.0,990986240,4112416,82944,0.021363292005844414
133,1323,709853184,13,132,13,49915,1,6,309,28,2,6139,466,10,0,0.0,995147776,4112416,82944,0.021609417046420276
134,1333,715210752,13,133,13,50138,1,6,309,28,2,6139,466,10,0,0.0,999555072,4112416,82944,0.021131667017471045
135,1343,720568320,13,134,13,50361,1,6,309,28,2,6139,466,10,0,0.0,1007173632,4112416,82944,0.021254374994896352
136,1353,725925888,13,135,13,50584,1,6,309,28,2,6139,466,10,0,0.0,1012711424,4112416,82944,0.02143237501149997
137,1363,731283456,13,136,13,50807,1,6,309,28,2,6139,466,10,0,0.0,1016250368,4112416,82944,0.020889665989670902
138,1373,736641024,13,137,13,51030,1,6,309,28,2,6139,466,10,0,0.0,1022345216,4112416,82944,0.021359417005442083
139,1383,741998592,13,138,13,51253,1,6,309,28,2,6139,466,10,0,0.0,1027014656,4112416,82944,0.021208457998000085
140,1393,747356160,13,139,13,51476,1,6,309,28,2,6139,466,10,0,0.0,1033142272,4112416,82944,0.021012915996834636
141,1403,752713728,13,140,13,51699,1,6,309,28,2,6139,466,10,0,0.0,1039941632,4112416,82944,0.02125637501012534
142,1413,758071296,13,141,13,51922,1,6,309,28,2,6139,466,10,0,0.0,1042710528,4112416,82944,0.021138458978384733
143,1423,763428864,13,142,13,52145,1,6,309,28,2,6139,466,10,0,0.0,1049526272,4112416,82944,0.02130566700361669
144,1433,768786432,13,143,13,52368,1,6,309,28,2,6139,466,10,0,0.0,1056456704,4112416,82944,0.021939250000286847
145,1443,774144000,13,144,13,52591,1,6,309,28,2,6139,466,10,0,0.0,1061928960,4112416,82944,0.021089499990921468
146,1453,779501568,13,145,13,52814,1,6,309,28,2,6139,466,10,0,0.0,1066696704,4112416,82944,0.021218915993813425
147,1463,784859136,13,146,13,53037,1,6,309,28,2,6139,466,10,0,0.0,1074298880,4112416,82944,0.02138862502761185
148,1473,790216704,13,147,13,53260,1,6,309,28,2,6139,466,10,0,0.0,1081098240,4112416,82944,0.021039500017650425
149,1483,795574272,13,148,13,53483,1,6,309,28,2,6139,466,10,0,0.0,1085325312,4112416,82944,0.021872624987736344
150,1493,800931840,13,149,13,53706,1,6,309,28,2,6139,466,10,0,0.0,1090830336,4112416,82944,0.021667166030965745
151,1503,806289408,13,150,13,57384,1,6,309,28,2,6139,466,10,0,0.0,1098104832,4112416,82944,0.02154562500072643
152,1513,811646976,13,151,13,57595,1,6,309,28,2,6139,466,10,0,0.0,1101561856,4112416,82944,0.021691208996344358
153,1523,817004544,13,152,13,57806,1,6,309,28,2,6139,466,10,0,0.0,1109114880,4112416,82944,0.021392875001765788
154,1533,822362112,13,153,13,58017,1,6,309,28,2,6139,466,10,0,0.0,1115324416,4112416,82944,0.02158699999563396
155,1543,827719680,13,154,13,58228,1,6,309,28,2,6139,466,10,0,0.0,1119453184,4112416,82944,0.021094625000841916
156,1553,833077248,13,155,13,58439,1,6,309,28,2,6139,466,10,0,0.0,1124270080,4112416,82944,0.020998875028453767
157,1563,838434816,13,156,13,58656,1,6,309,28,2,6139,466,10,0,0.0,1129758720,4112416,82944,0.02105566702084616
158,1573,843792384,13,157,13,58879,1,6,309,28,2,6139,466,10,0,0.0,1139900416,4112416,82944,0.023336874961387366
159,1583,849149952,13,158,13,59102,1,6,309,28,2,6139,466,10,0,0.0,1144176640,4112416,82944,0.023918582999613136
160,1593,854507520,13,159,13,59325,1,6,309,28,2,6139,466,10,0,0.0,1151008768,4112416,82944,0.021450583008117974
161,1603,859865088,13,160,13,59548,1,6,309,28,2,6139,466,10,0,0.0,1155825664,4112416,82944,0.021243874973151833
162,1613,865222656,13,161,13,59771,1,6,309,28,2,6139,466,10,0,0.0,1160970240,4112416,82944,0.021247875003609806
163,1623,870580224,13,162,13,59994,1,6,309,28,2,6139,466,10,0,0.0,1165901824,4112416,82944,0.02105350000783801
164,1633,875937792,13,163,13,60217,1,6,309,28,2,6139,466,10,0,0.0,1170718720,4112416,82944,0.02137175004463643
165,1643,881295360,13,164,13,60440,1,6,309,28,2,6139,466,10,0,0.0,1178943488,4112416,82944,0.02134433400351554
166,1653,886652928,13,165,13,60663,1,6,309,28,2,6139,466,10,0,0.0,1181859840,4112416,82944,0.021049291011877358
167,1663,892010496,13,166,13,60886,1,6,309,28,2,6139,466,10,0,0.0,1187446784,4112416,82944,0.021430374996270984
168,1673,897368064,13,167,13,61109,1,6,309,28,2,6139,466,10,0,0.0,1191018496,4112416,82944,0.02092191600240767
169,1683,902725632,13,168,13,61332,1,6,309,28,2,6139,466,10,0,0.0,1197899776,4112416,82944,0.021424125006888062
170,1693,908083200,13,169,13,61555,1,6,309,28,2,6139,466,10,0,0.0,1206419456,4112416,82944,0.021136458031833172
171,1703,913440768,13,170,13,61778,1,6,309,28,2,6139,466,10,0,0.0,1212628992,4112416,82944,0.02113891701446846
172,1713,918798336,13,171,13,62001,1,6,309,28,2,6139,466,10,0,0.0,1218215936,4112416,82944,0.021453166962601244
173,1723,924155904,13,172,13,62224,1,6,309,28,2,6139,466,10,0,0.0,1225064448,4112416,82944,0.021071165974717587
174,1733,929513472,13,173,13,62447,1,6,309,28,2,6139,466,10,0,0.0,1231273984,4112416,82944,0.02123912499519065
175,1743,934871040,13,174,13,62670,1,6,309,28,2,6139,466,10,0,0.0,1232846848,4112416,82944,0.02296629099873826
176,1753,940228608,13,175,13,65885,1,6,309,28,2,6139,466,10,0,0.0,1240956928,4112416,82944,0.02251237496966496
177,1763,945586176,13,176,13,66096,1,6,309,28,2,6139,466,10,0,0.0,1246543872,4112416,82944,0.02163704199483618
178,1773,950943744,13,177,13,66307,1,6,309,28,2,6139,466,10,0,0.0,1251442688,4112416,82944,0.02162908302852884
179,1783,956301312,13,178,13,66518,1,6,309,28,2,6139,466,10,0,0.0,1258274816,4112416,82944,0.02159379201475531
180,1793,961658880,13,179,13,66729,1,6,309,28,2,6139,466,10,0,0.0,1262403584,4112416,82944,0.021327291964553297
181,1803,967016448,13,180,13,66940,1,6,309,28,2,6139,466,10,0,0.0,1269366784,4112416,82944,0.021767292055301368
182,1813,972374016,13,181,13,67157,1,6,309,28,2,6139,466,10,0,0.0,1276821504,4112416,82944,0.02154012501705438
183,1823,977731584,13,182,13,67380,1,6,309,28,2,6139,466,10,0,0.0,1281769472,4112416,82944,0.022243875020649284
184,1833,983089152,13,183,13,67603,1,6,309,28,2,6139,466,10,0,0.0,1287225344,4112416,82944,0.021595750004053116
185,1843,988446720,13,184,13,67826,1,6,309,28,2,6139,466,10,0,0.0,1292763136,4112416,82944,0.021688791050110012
186,1853,993804288,13,185,13,68049,1,6,309,28,2,6139,466,10,0,0.0,1298284544,4112416,82944,0.02180358301848173
187,1863,999161856,13,186,13,68272,1,6,309,28,2,6139,466,10,0,0.0,1303904256,4112416,82944,0.021703582955524325
188,1873,1004519424,13,187,13,68495,1,6,309,28,2,6139,466,10,0,0.0,1307983872,4112416,82944,0.021773750020656735
189,1883,1009876992,13,188,13,68718,1,6,309,28,2,6139,466,10,0,0.0,1314144256,4112416,82944,0.022211417031940073
190,1893,1015234560,13,189,13,68941,1,6,309,28,2,6139,466,10,0,0.0,1321664512,4112416,82944,0.022328958031721413
191,1903,1020592128,13,190,13,69164,1,6,309,28,2,6139,466,10,0,0.0,1324466176,4112416,82944,0.021447167033329606
192,1913,1025949696,13,191,13,69387,1,6,309,28,2,6139,466,10,0,0.0,1329201152,4112416,82944,0.021619084000121802
193,1923,1031307264,13,192,13,69610,1,6,309,28,2,6139,466,10,0,0.0,1336180736,4112416,82944,0.021627250011079013
194,1933,1036664832,13,193,13,69833,1,6,309,28,2,6139,466,10,0,0.0,1341718528,4112416,82944,0.02155208302428946
195,1943,1042022400,13,194,13,70056,1,6,309,28,2,6139,466,10,0,0.0,1347960832,4112416,82944,0.022207834001164883
196,1953,1047379968,13,195,13,70279,1,6,309,28,2,6139,466,10,0,0.0,1352105984,4112416,82944,0.021431416040286422
197,1963,1052737536,13,196,13,70502,1,6,309,28,2,6139,466,10,0,0.0,1356890112,4112416,82944,0.021940916019957513
198,1973,1058095104,13,197,13,70725,1,6,309,28,2,6139,466,10,0,0.0,1363689472,4112416,82944,0.021708708023652434
199,1983,1063452672,13,198,13,70948,1,6,309,28,2,6139,466,10,0,0.0,1368539136,4112416,82944,0.02155991701874882
200,1993,1068810240,13,199,13,71171,1,6,309,28,2,6139,466,10,0,0.0,1375354880,4112416,82944,0.021527790988329798
201,2003,1074167808,13,200,13,74386,1,6,309,28,2,6139,466,10,0,0.0,1383268352,4112416,82944,0.02249729202594608
202,2013,1079525376,13,201,13,74597,1,6,309,28,2,6139,466,10,0,0.0,1388183552,4112416,82944,0.021543417009525
203,2023,1084882944,13,202,13,74808,1,6,309,28,2,6139,466,10,0,0.0,1392361472,4112416,82944,0.021504375035874546
204,2033,1090240512,13,203,13,75019,1,6,309,28,2,6139,466,10,0,0.0,1398439936,4112416,82944,0.021087334025651217
205,2043,1095598080,13,204,13,75230,1,6,309,28,2,6139,466,10,0,0.0,1404633088,4112416,82944,0.021637167024891824
206,2053,1100955648,13,205,13,75441,1,6,309,28,2,6139,466,10,0,0.0,1413447680,4112416,82944,0.02199833298800513
207,2063,1106313216,13,206,13,75658,1,6,309,28,2,6139,466,10,0,0.0,1420918784,4112416,82944,0.02141787501750514
208,2073,1111670784,13,207,13,75881,1,6,309,28,2,6139,466,10,0,0.0,1423753216,4112416,82944,0.021955124975647777
209,2083,1117028352,13,208,13,76104,1,6,309,28,2,6139,466,10,0,0.0,1429962752,4112416,82944,0.021562375011853874
210,2093,1122385920,13,209,13,76327,1,6,309,28,2,6139,466,10,0,0.0,1436794880,4112416,82944,0.021572416997514665
211,2103,1127743488,13,210,13,76550,1,6,309,28,2,6139,466,10,0,0.0,1441644544,4112416,82944,0.021306290989741683
212,2113,1133101056,13,211,13,76773,1,6,309,28,2,6139,466,10,0,0.0,1444528128,4112416,82944,0.021316208003554493
213,2123,1138458624,13,212,13,76996,1,6,309,28,2,6139,466,10,0,0.0,1452687360,4112416,82944,0.022264125000219792
214,2133,1143816192,13,213,13,77219,1,6,309,28,2,6139,466,10,0,0.0,1456209920,4112416,82944,0.021788082958664745
215,2143,1149173760,13,214,13,77442,1,6,309,28,2,6139,466,10,0,0.0,1463009280,4112416,82944,0.02232491603353992
216,2153,1154531328,13,215,13,77665,1,6,309,28,2,6139,466,10,0,0.0,1469153280,4112416,82944,0.021269874996505678
217,2163,1159888896,13,216,13,77888,1,6,309,28,2,6139,466,10,0,0.0,1474068480,4112416,82944,0.02143320901086554
218,2173,1165246464,13,217,13,78111,1,6,309,28,2,6139,466,10,0,0.0,1476296704,4112416,82944,0.021070415969006717
219,2183,1170604032,13,218,13,78334,1,6,309,28,2,6139,466,10,0,0.0,1481768960,4112416,82944,0.021188249986153096
220,2193,1175961600,13,219,13,78557,1,6,309,28,2,6139,466,10,0,0.0,1490649088,4112416,82944,0.02139016700675711
221,2203,1181319168,13,220,13,78780,1,6,309,28,2,6139,466,10,0,0.0,1495597056,4112416,82944,0.021111208014190197
222,2213,1186676736,13,221,13,79002,1,6,309,28,2,6139,466,10,0,0.0,1499758592,4112416,82944,0.02129954198608175
223,2223,1192034304,13,222,13,79216,1,6,309,28,2,6139,466,10,0,0.0,1506623488,4112416,82944,0.02135433303192258
224,2233,1197391872,13,223,13,79430,1,6,309,28,2,6139,466,10,0,0.0,1514782720,4112416,82944,0.021552334015723318
225,2243,1202749440,13,224,13,79644,1,6,309,28,2,6139,466,10,0,0.0,1518272512,4112416,82944,0.021162500022910535
226,2253,1208107008,13,225,13,82850,1,6,309,28,2,6139,466,10,0,0.0,1525776384,4112416,82944,0.02187225001398474
227,2263,1213464576,13,226,13,83052,1,6,309,28,2,6139,466,10,0,0.0,1531936768,4112416,82944,0.021211584040429443
228,2273,1218822144,13,227,13,83254,1,6,309,28,2,6139,466,10,0,0.0,1533526016,4112416,82944,0.0216067919973284
229,2283,1224179712,13,228,13,83456,1,6,309,28,2,6139,466,10,0,0.0,1541128192,4112416,82944,0.021569750038906932
230,2293,1229537280,13,229,13,83658,1,6,309,28,2,6139,466,10,0,0.0,1549926400,4112416,82944,0.021481749950908124
231,2303,1234894848,13,230,13,83860,1,6,309,28,2,6139,466,10,0,0.0,1554825216,4112416,82944,0.021416625007987022
232,2313,1240252416,13,231,13,84068,1,6,309,28,2,6139,466,10,0,0.0,1557544960,4112416,82944,0.021136292023584247
233,2323,1245609984,13,232,13,84282,1,6,309,28,2,6139,466,10,0,0.0,1566326784,4112416,82944,0.021211208018939942
234,2333,1250967552,13,233,13,84496,1,6,309,28,2,6139,466,10,0,0.0,1570553856,4112416,82944,0.02120004198513925
235,2343,1256325120,13,234,13,84710,1,6,309,28,2,6139,466,10,0,0.0,1576042496,4112416,82944,0.021474584005773067
236,2353,1261682688,13,235,13,84924,1,6,309,28,2,6139,466,10,0,0.0,1581563904,4112416,82944,0.02097049995791167
237,2363,1267040256,13,236,13,85138,1,6,309,28,2,6139,466,10,0,0.0,1589116928,4112416,82944,0.021555000043008476
238,2373,1272397824,13,237,13,85352,1,6,309,28,2,6139,466,10,0,0.0,1595228160,4112416,82944,0.02145320799900219
239,2383,1277755392,13,238,13,85566,1,6,309,28,2,6139,466,10,0,0.0,1597407232,4112416,82944,0.021168457984458655
240,2393,1283112960,13,239,13,85780,1,6,309,28,2,6139,466,10,0,0.0,1603682304,4112416,82944,0.021202792006079108
241,2403,1288470528,13,240,13,85994,1,6,309,28,2,6139,466,10,0,0.0,1611350016,4112416,82944,0.021048458002042025
242,2413,1293828096,13,241,13,86208,1,6,309,28,2,6139,466,10,0,0.0,1617575936,4112416,82944,0.02150637499289587
243,2423,1299185664,13,242,13,86422,1,6,309,28,2,6139,466,10,0,0.0,1620475904,4112416,82944,0.02106916601769626
244,2433,1304543232,13,243,13,86636,1,6,309,28,2,6139,466,10,0,0.0,1625980928,4112416,82944,0.020967125019524246
245,2443,1309900800,13,244,13,86850,1,6,309,28,2,6139,466,10,0,0.0,1634140160,4112416,82944,0.021190374973230064
246,2453,1315258368,13,245,13,87064,1,6,309,28,2,6139,466,10,0,0.0,1640366080,4112416,82944,0.021173791959881783
247,2463,1320615936,13,246,13,87278,1,6,309,28,2,6139,466,10,0,0.0,1644658688,4112416,82944,0.02128704101778567
248,2473,1325973504,13,247,13,87492,1,6,309,28,2,6139,466,10,0,0.0,1649524736,4112416,82944,0.021014500001911074
249,2483,1331331072,13,248,13,87706,1,6,309,28,2,6139,466,10,0,0.0,1656389632,4112416,82944,0.021529916964937
250,2493,1336688640,13,249,13,87920,1,6,309,28,2,6139,466,10,0,0.0,1661943808,4112416,82944,0.02126762503758073
251,2503,1342046208,13,250,13,91126,1,6,309,28,2,6139,466,10,0,0.0,1667596288,4112416,82944,0.021889750030823052
252,2513,1347403776,13,251,13,91328,1,6,309,28,2,6139,466,10,0,0.0,1671741440,4112416,82944,0.021483916963916272
253,2523,1352761344,13,252,13,91530,1,6,309,28,2,6139,466,10,0,0.0,1677246464,4112416,82944,0.02130758296698332
254,2533,1358118912,13,253,13,91732,1,6,309,28,2,6139,466,10,0,0.0,1684684800,4112416,82944,0.021410625020507723
255,2543,1363476480,13,254,13,91934,1,6,309,28,2,6139,466,10,0,0.0,1688289280,4112416,82944,0.021106625034008175
256,2553,1368834048,13,255,13,92136,1,6,309,28,2,6139,466,10,0,0.0,1693548544,4112416,82944,0.02123837504768744
257,2563,1374191616,13,256,13,92344,1,6,309,28,2,6139,466,10,0,0.0,1700331520,4112416,82944,0.021447875013109297
258,2573,1379549184,13,257,13,92558,1,6,309,28,2,6139,466,10,0,0.0,1706590208,4112416,82944,0.02104887500172481
259,2583,1384906752,13,258,13,92772,1,6,309,28,2,6139,466,10,0,0.0,1712013312,4112416,82944,0.021462292002979666
260,2593,1390264320,13,259,13,92986,1,6,309,28,2,6139,466,10,0,0.0,1716862976,4112416,82944,0.021085958986077458
261,2603,1395621888,13,260,13,93200,1,6,309,28,2,6139,466,10,0,0.0,1725644800,4112416,82944,0.021171792002860457
262,2613,1400979456,13,261,13,93414,1,6,309,28,2,6139,466,10,0,0.0,1733148672,4112416,82944,0.021907709015067667
263,2623,1406337024,13,262,13,93628,1,6,309,28,2,6139,466,10,0,0.0,1736032256,4112416,82944,0.021568625001236796
264,2633,1411694592,13,263,13,93842,1,6,309,28,2,6139,466,10,0,0.0,1740308480,4112416,82944,0.021106208965647966
265,2643,1417052160,13,264,13,94056,1,6,309,28,2,6139,466,10,0,0.0,1745190912,4112416,82944,0.021357292018365115
266,2653,1422409728,13,265,13,94270,1,6,309,28,2,6139,466,10,0,0.0,1752055808,4112416,82944,0.021162749966606498
267,2663,1427767296,13,266,13,94484,1,6,309,28,2,6139,466,10,0,0.0,1758904320,4112416,82944,0.021214167005382478
268,2673,1433124864,13,267,13,94698,1,6,309,28,2,6139,466,10,0,0.0,1762476032,4112416,82944,0.02185354201355949
269,2683,1438482432,13,268,13,94912,1,6,309,28,2,6139,466,10,0,0.0,1769259008,4112416,82944,0.021126917039509863
270,2693,1443840000,13,269,13,95126,1,6,309,28,2,6139,466,10,0,0.0,1775960064,4112416,82944,0.0217817920492962
271,2703,1449197568,13,270,13,95340,1,6,309,28,2,6139,466,10,0,0.0,1780891648,4112416,82944,0.02126237499760464
272,2713,1454555136,13,271,13,95554,1,6,309,28,2,6139,466,10,0,0.0,1788461056,4112416,82944,0.02168120798887685
273,2723,1459912704,13,272,13,95768,1,6,309,28,2,6139,466,10,0,0.0,1793245184,4112416,82944,0.021443334000650793
274,2733,1465270272,13,273,13,95982,1,6,309,28,2,6139,466,10,0,0.0,1797242880,4112416,82944,0.02114104200154543
275,2743,1470627840,13,274,13,96196,1,6,309,28,2,6139,466,10,0,0.0,1802698752,4112416,82944,0.021137167001143098
276,2753,1475985408,13,275,13,99402,1,6,309,28,2,6139,466,10,0,0.0,1809760256,4112416,82944,0.02222716697724536
277,2763,1481342976,13,276,13,99604,1,6,309,28,2,6139,466,10,0,0.0,1814921216,4112416,82944,0.02162083302391693
278,2773,1486700544,13,277,13,99806,1,6,309,28,2,6139,466,10,0,0.0,1817821184,4112416,82944,0.020908207981847227
279,2783,1492058112,13,278,13,100008,1,6,309,28,2,6139,466,10,0,0.0,1827438592,4112416,82944,0.02134170796489343
280,2793,1497415680,13,279,13,100210,1,6,309,28,2,6139,466,10,0,0.0,1831714816,4112416,82944,0.021066959016025066
281,2803,1502773248,13,280,13,100412,1,6,309,28,2,6139,466,10,0,0.0,1837924352,4112416,82944,0.021104041021317244
282,2813,1508130816,13,281,13,100620,1,6,309,28,2,6139,466,10,0,0.0,1843363840,4112416,82944,0.021139167016372085
283,2823,1513488384,13,282,13,100834,1,6,309,28,2,6139,466,10,0,0.0,1850851328,4112416,82944,0.020962624985259026
284,2833,1518845952,13,283,13,101048,1,6,309,28,2,6139,466,10,0,0.0,1855684608,4112416,82944,0.021216958004515618
285,2843,1524203520,13,284,13,101262,1,6,309,28,2,6139,466,10,0,0.0,1859272704,4112416,82944,0.020832125039305538
286,2853,1529561088,13,285,13,101476,1,6,309,28,2,6139,466,10,0,0.0,1866792960,4112416,82944,0.021484458004124463
287,2863,1534918656,13,286,13,101690,1,6,309,28,2,6139,466,10,0,0.0,1872347136,4112416,82944,0.021195167035330087
288,2873,1540276224,13,287,13,101904,1,6,309,28,2,6139,466,10,0,0.0,1877311488,4112416,82944,0.021270417026244104
289,2883,1545633792,13,288,13,102118,1,6,309,28,2,6139,466,10,0,0.0,1884127232,4112416,82944,0.021334582997951657
290,2893,1550991360,13,289,13,102332,1,6,309,28,2,6139,466,10,0,0.0,1892368384,4112416,82944,0.021439582982566208
291,2903,1556348928,13,290,13,102546,1,6,309,28,2,6139,466,10,0,0.0,1897857024,4112416,82944,0.021247000026050955
292,2913,1561706496,13,291,13,102760,1,6,309,28,2,6139,466,10,0,0.0,1901395968,4112416,82944,0.021478582988493145
293,2923,1567064064,13,292,13,102974,1,6,309,28,2,6139,466,10,0,0.0,1906311168,4112416,82944,0.021191291976720095
294,2933,1572421632,13,293,13,103188,1,6,309,28,2,6139,466,10,0,0.0,1911881728,4112416,82944,0.021159625030122697
295,2943,1577779200,13,294,13,103402,1,6,309,28,2,6139,466,10,0,0.0,1916813312,4112416,82944,0.02108604199020192
296,2953,1583136768,13,295,13,103616,1,6,309,28,2,6139,466,10,0,0.0,1924317184,4112416,82944,0.02106879197526723
297,2963,1588494336,13,296,13,103830,1,6,309,28,2,6139,466,10,0,0.0,1931214848,4112416,82944,0.021323416964150965
298,2973,1593851904,13,297,13,104044,1,6,309,28,2,6139,466,10,0,0.0,1934114816,4112416,82944,0.02105487504741177
299,2983,1599209472,13,298,13,104258,1,6,309,28,2,6139,466,10,0,0.0,1940373504,4112416,82944,0.021368750021792948
300,2993,1604567040,13,299,13,104472,1,6,309,28,2,6139,466,10,0,0.0,1944535040,4112416,82944,0.021174541965592653
301,3003,1609924608,13,300,13,107678,1,6,309,28,2,6139,466,10,0,0.0,1951318016,4112416,82944,0.022170750016812235
302,3013,1615282176,13,301,13,107880,1,6,309,28,2,6139,466,10,0,0.0,1956839424,4112416,82944,0.021367665962316096
303,3023,1620639744,13,302,13,108082,1,6,309,28,2,6139,466,10,0,0.0,1963802624,4112416,82944,0.02135237498441711
304,3033,1625997312,13,303,13,108284,1,6,309,28,2,6139,466,10,0,0.0,1969881088,4112416,82944,0.020916583016514778
305,3043,1631354880,13,304,13,108486,1,6,309,28,2,6139,466,10,0,0.0,1978171392,4112416,82944,0.020021667005494237
306,3053,1636712448,13,305,13,108688,1,6,309,28,2,6139,466,10,0,0.0,1984348160,4112416,82944,0.020354041014797986
307,3063,1642070016,13,306,13,108896,1,6,309,28,2,6139,466,10,0,0.0,1987215360,4112416,82944,0.020195749995764345
308,3073,1647427584,13,307,13,109110,1,6,309,28,2,6139,466,10,0,0.0,1995849728,4112416,82944,0.019896125013474375
309,3083,1652785152,13,308,13,109324,1,6,309,28,2,6139,466,10,0,0.0,1999994880,4112416,82944,0.019574500038288534
310,3093,1658142720,13,309,13,109538,1,6,309,28,2,6139,466,10,0,0.0,2006810624,4112416,82944,0.019548874988686293
311,3103,1663500288,13,310,13,109752,1,6,309,28,2,6139,466,10,0,0.0,2012856320,4112416,82944,0.01929891703184694
312,3113,1668857856,13,311,13,109966,1,6,309,28,2,6139,466,10,0,0.0,2019999744,4112416,82944,0.019688041997142136
313,3123,1674215424,13,312,13,110180,1,6,309,28,2,6139,466,10,0,0.0,2021572608,4112416,82944,0.02006541599985212
314,3133,1679572992,13,313,13,110394,1,6,309,28,2,6139,466,10,0,0.0,2027044864,4112416,82944,0.019618499965872616
315,3143,1684930560,13,314,13,110608,1,6,309,28,2,6139,466,10,0,0.0,2030977024,4112416,82944,0.019879584026057273
316,3153,1690288128,13,315,13,110822,1,6,309,28,2,6139,466,10,0,0.0,2038333440,4112416,82944,0.02034654200542718
317,3163,1695645696,13,316,13,111036,1,6,309,28,2,6139,466,10,0,0.0,2045247488,4112416,82944,0.020411917008459568
318,3173,1701003264,13,317,13,111250,1,6,309,28,2,6139,466,10,0,0.0,2051309568,4112416,82944,0.020230416033882648
319,3183,1706360832,13,318,13,111464,1,6,309,28,2,6139,466,10,0,0.0,2056912896,4112416,82944,0.021999791963025928
320,3193,1711718400,13,319,13,111678,1,6,309,28,2,6139,466,10,0,0.0,2061910016,4112416,82944,0.02119687496451661
321,3203,1717075968,13,320,13,111892,1,6,309,28,2,6139,466,10,0,0.0,2067365888,4112416,82944,0.021100665966514498
322,3213,1722433536,13,321,13,112106,1,6,309,28,2,6139,466,10,0,0.0,2074886144,4112416,82944,0.021593625016976148
323,3223,1727791104,13,322,13,112320,1,6,309,28,2,6139,466,10,0,0.0,2080325632,4112416,82944,0.021172125008888543
324,3233,1733148672,13,323,13,112534,1,6,309,28,2,6139,466,10,0,0.0,2086535168,4112416,82944,0.021336791978683323
325,3243,1738506240,13,324,13,112748,1,6,309,28,2,6139,466,10,0,0.0,2089418752,4112416,82944,0.021030416013672948
326,3253,1743863808,13,325,13,115954,1,6,309,28,2,6139,466,10,0,0.0,2096513024,4112416,82944,0.02167745801853016
327,3263,1749221376,13,326,13,116156,1,6,309,28,2,6139,466,10,0,0.0,2104016896,4112416,82944,0.021221957984380424
328,3273,1754578944,13,327,13,116358,1,6,309,28,2,6139,466,10,0,0.0,2109456384,4112416,82944,0.023378082958515733
329,3283,1759936512,13,328,13,116560,1,6,309,28,2,6139,466,10,0,0.0,2115485696,4112416,82944,0.02138762501999736
330,3293,1765294080,13,329,13,116762,1,6,309,28,2,6139,466,10,0,0.0,2122235904,4112416,82944,0.021829582983627915
331,3303,1770651648,13,330,13,116964,1,6,309,28,2,6139,466,10,0,0.0,2124693504,4112416,82944,0.021602416993118823
332,3313,1776009216,13,331,13,117172,1,6,309,28,2,6139,466,10,0,0.0,2132492288,4112416,82944,0.0217139589949511
333,3323,1781366784,13,332,13,117386,1,6,309,28,2,6139,466,10,0,0.0,2138587136,4112416,82944,0.020483666041400284
334,3333,1786724352,13,333,13,117600,1,6,309,28,2,6139,466,10,0,0.0,2143404032,4112416,82944,0.021431792003568262
335,3343,1792081920,13,334,13,117814,1,6,309,28,2,6139,466,10,0,0.0,2150875136,4112416,82944,0.021769208018667996
336,3353,1797439488,13,335,13,118028,1,6,309,28,2,6139,466,10,0,0.0,2154823680,4112416,82944,0.02157425001496449
337,3363,1802797056,13,336,13,118242,1,6,309,28,2,6139,466,10,0,0.0,2160246784,4112416,82944,0.021544082963373512
338,3373,1808154624,13,337,13,118456,1,6,309,28,2,6139,466,10,0,0.0,2168438784,4112416,82944,0.021954750001896173
339,3383,1813512192,13,338,13,118670,1,6,309,28,2,6139,466,10,0,0.0,2172633088,4112416,82944,0.02205562498420477
340,3393,1818869760,13,339,13,118884,1,6,309,28,2,6139,466,10,0,0.0,2178744320,4112416,82944,0.021651417016983032
341,3403,1824227328,13,340,13,119098,1,6,309,28,2,6139,466,10,0,0.0,2184396800,4112416,82944,0.02225262502906844
342,3413,1829584896,13,341,13,119312,1,6,309,28,2,6139,466,10,0,0.0,2189246464,4112416,82944,0.021273625025060028
343,3423,1834942464,13,342,13,119526,1,6,309,28,2,6139,466,10,0,0.0,2194685952,4112416,82944,0.022225249966140836
344,3433,1840300032,13,343,13,119740,1,6,309,28,2,6139,466,10,0,0.0,2200141824,4112416,82944,0.021795667009428144
345,3443,1845657600,13,344,13,119954,1,6,309,28,2,6139,466,10,0,0.0,2206351360,4112416,82944,0.021703624981455505
346,3453,1851015168,13,345,13,120168,1,6,309,28,2,6139,466,10,0,0.0,2211135488,4112416,82944,0.021700583049096167
347,3463,1856372736,13,346,13,120382,1,6,309,28,2,6139,466,10,0,0.0,2218033152,4112416,82944,0.02181341702817008
348,3473,1861730304,13,347,13,120596,1,6,309,28,2,6139,466,10,0,0.0,2224193536,4112416,82944,0.0214584160130471
349,3483,1867087872,13,348,13,120810,1,6,309,28,2,6139,466,10,0,0.0,2228666368,4112416,82944,0.021768624952528626
350,3493,1872445440,13,349,13,121024,1,6,309,28,2,6139,466,10,0,0.0,2232745984,4112416,82944,0.021572666009888053
351,3503,1877803008,13,350,13,124230,1,6,309,28,2,6139,466,10,0,0.0,2240413696,4112416,82944,0.022371583036147058
352,3513,1883160576,13,351,13,124432,1,6,309,28,2,6139,466,10,0,0.0,2247835648,4112416,82944,0.021856541046872735
353,3523,1888518144,13,352,13,124634,1,6,309,28,2,6139,466,10,0,0.0,2251243520,4112416,82944,0.021569708012975752
354,3533,1893875712,13,353,13,124836,1,6,309,28,2,6139,466,10,0,0.0,2256764928,4112416,82944,0.021816792024765164
355,3543,1899233280,13,354,13,125038,1,6,309,28,2,6139,466,10,0,0.0,2264219648,4112416,82944,0.021498040994629264
356,3553,1904590848,13,355,13,125240,1,6,309,28,2,6139,466,10,0,0.0,2269970432,4112416,82944,0.021619540988467634
357,3563,1909948416,13,356,13,125448,1,6,309,28,2,6139,466,10,0,0.0,2276048896,4112416,82944,0.021587166003882885
358,3573,1915305984,13,357,13,125662,1,6,309,28,2,6139,466,10,0,0.0,2280407040,4112416,82944,0.021396500000264496
359,3583,1920663552,13,358,13,125876,1,6,309,28,2,6139,466,10,0,0.0,2285109248,4112416,82944,0.021466167003381997
360,3593,1926021120,13,359,13,126090,1,6,309,28,2,6139,466,10,0,0.0,2290057216,4112416,82944,0.021619125036522746
361,3603,1931378688,13,360,13,126304,1,6,309,28,2,6139,466,10,0,0.0,2295496704,4112416,82944,0.021627667010761797
362,3613,1936736256,13,361,13,126518,1,6,309,28,2,6139,466,10,0,0.0,2301050880,4112416,82944,0.021428250009194016
363,3623,1942093824,13,362,13,126732,1,6,309,28,2,6139,466,10,0,0.0,2307997696,4112416,82944,0.0213743339991197
364,3633,1947451392,13,363,13,126946,1,6,309,28,2,6139,466,10,0,0.0,2316107776,4112416,82944,0.02137841598596424
365,3643,1952808960,13,364,13,127160,1,6,309,28,2,6139,466,10,0,0.0,2322956288,4112416,82944,0.024825917033012956
366,3653,1958166528,13,365,13,127374,1,6,309,28,2,6139,466,10,0,0.0,2329051136,4112416,82944,0.020795666030608118
367,3663,1963524096,13,366,13,127588,1,6,309,28,2,6139,466,10,0,0.0,2333900800,4112416,82944,0.020847040985245258
368,3673,1968881664,13,367,13,127802,1,6,309,28,2,6139,466,10,0,0.0,2339291136,4112416,82944,0.02079233300173655
369,3683,1974239232,13,368,13,128016,1,6,309,28,2,6139,466,10,0,0.0,2345795584,4112416,82944,0.02069862501230091
370,3693,1979596800,13,369,13,128230,1,6,309,28,2,6139,466,10,0,0.0,2349236224,4112416,82944,0.020259250013623387
371,3703,1984954368,13,370,13,128444,1,6,309,28,2,6139,466,10,0,0.0,2353938432,4112416,82944,0.021192917018197477
372,3713,1990311936,13,371,13,128658,1,6,309,28,2,6139,466,10,0,0.0,2361409536,4112416,82944,0.023032290977425873
373,3723,1995669504,13,372,13,128872,1,6,309,28,2,6139,466,10,0,0.0,2367750144,4112416,82944,0.02309037500526756
374,3733,2001027072,13,373,13,129086,1,6,309,28,2,6139,466,10,0,0.0,2373386240,4112416,82944,0.022894666995853186
375,3743,2006384640,13,374,13,129300,1,6,309,28,2,6139,466,10,0,0.0,2381529088,4112416,82944,0.021428874984849244
376,3753,2011742208,13,375,13,132506,1,6,309,28,2,6139,466,10,0,0.0,2386624512,4112416,82944,0.022181417036335915
377,3763,2017099776,13,376,13,132708,1,6,309,28,2,6139,466,10,0,0.0,2390753280,4112416,82944,0.02152433298761025
378,3773,2022457344,13,377,13,132910,1,6,309,28,2,6139,466,10,0,0.0,2396340224,4112416,82944,0.021545791998505592
379,3783,2027814912,13,378,13,133112,1,6,309,28,2,6139,466,10,0,0.0,2399911936,4112416,82944,0.02143012499436736
380,3793,2033172480,13,379,13,133314,1,6,309,28,2,6139,466,10,0,0.0,2406809600,4112416,82944,0.021536041982471943
381,3803,2038530048,13,380,13,133516,1,6,309,28,2,6139,466,10,0,0.0,2411642880,4112416,82944,0.02136299997800961
382,3813,2043887616,13,381,13,133724,1,6,309,28,2,6139,466,10,0,0.0,2417164288,4112416,82944,0.021955667005386204
383,3823,2049245184,13,382,13,133938,1,6,309,28,2,6139,466,10,0,0.0,2421538816,4112416,82944,0.021283958049025387
384,3833,2054602752,13,383,13,134152,1,6,309,28,2,6139,466,10,0,0.0,2429059072,4112416,82944,0.021883832989260554
385,3843,2059960320,13,384,13,134366,1,6,309,28,2,6139,466,10,0,0.0,2433220608,4112416,82944,0.021251583006232977
386,3853,2065317888,13,385,13,134580,1,6,309,28,2,6139,466,10,0,0.0,2440790016,4112416,82944,0.021392499969806522
387,3863,2070675456,13,386,13,134794,1,6,309,28,2,6139,466,10,0,0.0,2448031744,4112416,82944,0.023748042003717273
388,3873,2076033024,13,387,13,135008,1,6,309,28,2,6139,466,10,0,0.0,2452946944,4112416,82944,0.022017707990016788
389,3883,2081390592,13,388,13,135222,1,6,309,28,2,6139,466,10,0,0.0,2456485888,4112416,82944,0.021336250007152557
390,3893,2086748160,13,389,13,135436,1,6,309,28,2,6139,466,10,0,0.0,2462679040,4112416,82944,0.021216250024735928
391,3903,2092105728,13,390,13,135650,1,6,309,28,2,6139,466,10,0,0.0,2467561472,4112416,82944,0.021601749991532415
392,3913,2097463296,13,391,13,135864,1,6,309,28,2,6139,466,10,0,0.0,2472591360,4112416,82944,0.02124149998417124
393,3923,2102820864,13,392,13,136078,1,6,309,28,2,6139,466,10,0,0.0,2480046080,4112416,82944,0.021596666949335486
394,3933,2108178432,13,393,13,136292,1,6,309,28,2,6139,466,10,0,0.0,2484928512,4112416,82944,0.02121554099721834
395,3943,2113536000,13,394,13,136506,1,6,309,28,2,6139,466,10,0,0.0,2488991744,4112416,82944,0.021605957997962832
396,3953,2118893568,13,395,13,136720,1,6,309,28,2,6139,466,10,0,0.0,2496495616,4112416,82944,0.021218125009909272
397,3963,2124251136,13,396,13,136934,1,6,309,28,2,6139,466,10,0,0.0,2504245248,4112416,82944,0.021404624974820763
398,3973,2129608704,13,397,13,137148,1,6,309,28,2,6139,466,10,0,0.0,2509750272,4112416,82944,0.02136820903979242
399,3983,2134966272,13,398,13,137362,1,6,309,28,2,6139,466,10,0,0.0,2516582400,4112416,82944,0.021243374969344586
400,3993,2140323840,13,399,13,137576,1,6,309,28,2,6139,466,10,0,0.0,2521661440,4112416,82944,0.021199625043664128
401,4003,2145681408,13,400,13,140782,1,6,309,28,2,6139,466,10,0,0.0,2529705984,4112416,82944,0.021985125029459596
402,4013,2151038976,13,401,13,140984,1,6,309,28,2,6139,466,10,0,0.0,2535751680,4112416,82944,0.021407708001788706
403,4023,2156396544,13,402,13,141186,1,6,309,28,2,6139,466,10,0,0.0,2540634112,4112416,82944,0.021217915986198932
404,4033,2161754112,13,403,13,141388,1,6,309,28,2,6139,466,10,0,0.0,2544041984,4112416,82944,0.021286333038005978
405,4043,2167111680,13,404,13,141590,1,6,309,28,2,6139,466,10,0,0.0,2548957184,4112416,82944,0.021366083004977554
406,4053,2172469248,13,405,13,141792,1,6,309,28,2,6139,466,10,0,0.0,2553839616,4112416,82944,0.021379459009040147
407,4063,2177826816,13,406,13,142000,1,6,309,28,2,6139,466,10,0,0.0,2559328256,4112416,82944,0.02145487494999543
408,4073,2183184384,13,407,13,142214,1,6,309,28,2,6139,466,10,0,0.0,2565636096,4112416,82944,0.021168750012293458
409,4083,2188541952,13,408,13,142428,1,6,309,28,2,6139,466,10,0,0.0,2571812864,4112416,82944,0.02219108399003744
410,4093,2193899520,13,409,13,142642,1,6,309,28,2,6139,466,10,0,0.0,2579267584,4112416,82944,0.02117333299247548
411,4103,2199257088,13,410,13,142856,1,6,309,28,2,6139,466,10,0,0.0,2585296896,4112416,82944,0.02127229201141745
412,4113,2204614656,13,411,13,143070,1,6,309,28,2,6139,466,10,0,0.0,2591342592,4112416,82944,0.021437207993585616
413,4123,2209972224,13,412,13,143284,1,6,309,28,2,6139,466,10,0,0.0,2595717120,4112416,82944,0.02098866703454405
414,4133,2215329792,13,413,13,143498,1,6,309,28,2,6139,466,10,0,0.0,2599927808,4112416,82944,0.02109037502668798
415,4143,2220687360,13,414,13,143712,1,6,309,28,2,6139,466,10,0,0.0,2607448064,4112416,82944,0.0218058749451302
416,4153,2226044928,13,415,13,143926,1,6,309,28,2,6139,466,10,0,0.0,2613575680,4112416,82944,0.021492332976777107
417,4163,2231402496,13,416,13,144140,1,6,309,28,2,6139,466,10,0,0.0,2617753600,4112416,82944,0.021350625029299408
418,4173,2236760064,13,417,13,144354,1,6,309,28,2,6139,466,10,0,0.0,2625880064,4112416,82944,0.02201795799192041
419,4183,2242117632,13,418,13,144568,1,6,309,28,2,6139,466,10,0,0.0,2630893568,4112416,82944,0.021284624992404133
420,4193,2247475200,13,419,13,144782,1,6,309,28,2,6139,466,10,0,0.0,2636922880,4112416,82944,0.021590666961856186
421,4203,2252832768,13,420,13,144996,1,6,309,28,2,6139,466,10,0,0.0,2640396288,4112416,82944,0.021206165954936296
422,4213,2258190336,13,421,13,145210,1,6,309,28,2,6139,466,10,0,0.0,2643886080,4112416,82944,0.02133954199962318
423,4223,2263547904,13,422,13,145424,1,6,309,28,2,6139,466,10,0,0.0,2652602368,4112416,82944,0.021264290960971266
424,4233,2268905472,13,423,13,145638,1,6,309,28,2,6139,466,10,0,0.0,2656845824,4112416,82944,0.02108620898798108
425,4243,2274263040,13,424,13,145852,1,6,309,28,2,6139,466,10,0,0.0,2662318080,4112416,82944,0.021883583976887167
426,4253,2279620608,13,425,13,149058,1,6,309,28,2,6139,466,10,0,0.0,2671558656,4112416,82944,0.02192145900335163
427,4263,2284978176,13,426,13,149260,1,6,309,28,2,6139,466,10,0,0.0,2675720192,4112416,82944,0.020990458026062697
428,4273,2290335744,13,427,13,149462,1,6,309,28,2,6139,466,10,0,0.0,2677243904,4112416,82944,0.021120207966305315
429,4283,2295693312,13,428,13,149664,1,6,309,28,2,6139,466,10,0,0.0,2683600896,4112416,82944,0.02084679203107953
430,4293,2301050880,13,429,13,149866,1,6,309,28,2,6139,466,10,0,0.0,2687746048,4112416,82944,0.02094187500188127
431,4303,2306408448,13,430,13,150068,1,6,309,28,2,6139,466,10,0,0.0,2695168000,4112416,82944,0.02126179198967293
432,4313,2311766016,13,431,13,150276,1,6,309,28,2,6139,466,10,0,0.0,2702622720,4112416,82944,0.021288541960529983
433,4323,2317123584,13,432,13,150490,1,6,309,28,2,6139,466,10,0,0.0,2706161664,4112416,82944,0.021088582987431437
434,4333,2322481152,13,433,13,150704,1,6,309,28,2,6139,466,10,0,0.0,2711781376,4112416,82944,0.02123375004157424
435,4343,2327838720,13,434,13,150918,1,6,309,28,2,6139,466,10,0,0.0,2715975680,4112416,82944,0.020983709022402763
436,4353,2333196288,13,435,13,151132,1,6,309,28,2,6139,466,10,0,0.0,2724970496,4112416,82944,0.02155991701874882
437,4363,2338553856,13,436,13,151346,1,6,309,28,2,6139,466,10,0,0.0,2731114496,4112416,82944,0.021733790985308588
438,4373,2343911424,13,437,13,151560,1,6,309,28,2,6139,466,10,0,0.0,2735210496,4112416,82944,0.021256125008221716
439,4383,2349268992,13,438,13,151774,1,6,309,28,2,6139,466,10,0,0.0,2742042624,4112416,82944,0.021878542029298842
440,4393,2354626560,13,439,13,151988,1,6,309,28,2,6139,466,10,0,0.0,2746368000,4112416,82944,0.021160917007364333
441,4403,2359984128,13,440,13,152202,1,6,309,28,2,6139,466,10,0,0.0,2753265664,4112416,82944,0.021135417046025395
442,4413,2365341696,13,441,13,152416,1,6,309,28,2,6139,466,10,0,0.0,2759311360,4112416,82944,0.021461833966895938
443,4423,2370699264,13,442,13,152630,1,6,309,28,2,6139,466,10,0,0.0,2763522048,4112416,82944,0.021140791999641806
444,4433,2376056832,13,443,13,152844,1,6,309,28,2,6139,466,10,0,0.0,2769223680,4112416,82944,0.021384500025305897
445,4443,2381414400,13,444,13,153058,1,6,309,28,2,6139,466,10,0,0.0,2774908928,4112416,82944,0.021530167025048286
446,4453,2386771968,13,445,13,153272,1,6,309,28,2,6139,466,10,0,0.0,2783330304,4112416,82944,0.022582000005058944
447,4463,2392129536,13,446,13,153486,1,6,309,28,2,6139,466,10,0,0.0,2788147200,4112416,82944,0.02124500001082197
448,4473,2397487104,13,447,13,153700,1,6,309,28,2,6139,466,10,0,0.0,2793734144,4112416,82944,0.02132070902734995
449,4483,2402844672,13,448,13,153914,1,6,309,28,2,6139,466,10,0,0.0,2797895680,4112416,82944,0.021252874983474612
450,4493,2408202240,13,449,13,154128,1,6,309,28,2,6139,466,10,0,0.0,2804531200,4112416,82944,0.02143462497042492
451,4503,2413559808,13,450,13,157334,1,6,309,28,2,6139,466,10,0,0.0,2813100032,4112416,82944,0.021923375024925917
452,4513,2418917376,13,451,13,157536,1,6,309,28,2,6139,466,10,0,0.0,2815885312,4112416,82944,0.021460624993778765
453,4523,2424274944,13,452,13,157738,1,6,309,28,2,6139,466,10,0,0.0,2824208384,4112416,82944,0.022055916022509336
454,4533,2429632512,13,453,13,157940,1,6,309,28,2,6139,466,10,0,0.0,2827878400,4112416,82944,0.021374250005465
455,4543,2434990080,13,454,13,158142,1,6,309,28,2,6139,466,10,0,0.0,2834006016,4112416,82944,0.021635750017594546
456,4553,2440347648,13,455,13,158344,1,6,309,28,2,6139,466,10,0,0.0,2841001984,4112416,82944,0.0212881249608472
457,4563,2445705216,13,456,13,158552,1,6,309,28,2,6139,466,10,0,0.0,2846556160,4112416,82944,0.02142766595352441
458,4573,2451062784,13,457,13,158766,1,6,309,28,2,6139,466,10,0,0.0,2852683776,4112416,82944,0.021235540974885225
459,4583,2456420352,13,458,13,158980,1,6,309,28,2,6139,466,10,0,0.0,2856878080,4112416,82944,0.021012832992710173
460,4593,2461777920,13,459,13,159194,1,6,309,28,2,6139,466,10,0,0.0,2860679168,4112416,82944,0.02104720805073157
461,4603,2467135488,13,460,13,159408,1,6,309,28,2,6139,466,10,0,0.0,2867560448,4112416,82944,0.02128887496655807
462,4613,2472493056,13,461,13,159622,1,6,309,28,2,6139,466,10,0,0.0,2874294272,4112416,82944,0.021537708991672844
463,4623,2477850624,13,462,13,159836,1,6,309,28,2,6139,466,10,0,0.0,2879782912,4112416,82944,0.021235209016595036
464,4633,2483208192,13,463,13,160050,1,6,309,28,2,6139,466,10,0,0.0,2885222400,4112416,82944,0.0214890000061132
465,4643,2488565760,13,464,13,160264,1,6,309,28,2,6139,466,10,0,0.0,2887892992,4112416,82944,0.021049500035587698
466,4653,2493923328,13,465,13,160478,1,6,309,28,2,6139,466,10,0,0.0,2894217216,4112416,82944,0.021196916000917554
467,4663,2499280896,13,466,13,160692,1,6,309,28,2,6139,466,10,0,0.0,2898952192,4112416,82944,0.021394165989477187
468,4673,2504638464,13,467,13,160906,1,6,309,28,2,6139,466,10,0,0.0,2905767936,4112416,82944,0.021289790980517864
469,4683,2509996032,13,468,13,161120,1,6,309,28,2,6139,466,10,0,0.0,2911649792,4112416,82944,0.021428291976917535
470,4693,2515353600,13,469,13,161334,1,6,309,28,2,6139,466,10,0,0.0,2919088128,4112416,82944,0.021107250009663403
471,4703,2520711168,13,470,13,161548,1,6,309,28,2,6139,466,10,0,0.0,2926460928,4112416,82944,0.02144154196139425
472,4713,2526068736,13,471,13,161762,1,6,309,28,2,6139,466,10,0,0.0,2927853568,4112416,82944,0.022490291972644627
473,4723,2531426304,13,472,13,161976,1,6,309,28,2,6139,466,10,0,0.0,2934145024,4112416,82944,0.022320375021081418
474,4733,2536783872,13,473,13,162190,1,6,309,28,2,6139,466,10,0,0.0,2939600896,4112416,82944,0.02246612502494827
475,4743,2542141440,13,474,13,162404,1,6,309,28,2,6139,466,10,0,0.0,2944548864,4112416,82944,0.02143687498755753
476,4753,2547499008,13,475,13,165610,1,6,309,28,2,6139,466,10,0,0.0,2950529024,4112416,82944,0.02199670800473541
477,4763,2552856576,13,476,13,165812,1,6,309,28,2,6139,466,10,0,0.0,2958655488,4112416,82944,0.02219225000590086
478,4773,2558214144,13,477,13,166014,1,6,309,28,2,6139,466,10,0,0.0,2964193280,4112416,82944,0.021872124983929098
479,4783,2563571712,13,478,13,166216,1,6,309,28,2,6139,466,10,0,0.0,2969665536,4112416,82944,0.022354334010742605
480,4793,2568929280,13,479,13,166418,1,6,309,28,2,6139,466,10,0,0.0,2975793152,4112416,82944,0.02180208300705999
481,4803,2574286848,13,480,13,166620,1,6,309,28,2,6139,466,10,0,0.0,2983936000,4112416,82944,0.022130874975118786
482,4813,2579644416,13,481,13,166828,1,6,309,28,2,6139,466,10,0,0.0,2989113344,4112416,82944,0.02210608299355954
483,4823,2585001984,13,482,13,167042,1,6,309,28,2,6139,466,10,0,0.0,2995240960,4112416,82944,0.021846082992851734
484,4833,2590359552,13,483,13,167256,1,6,309,28,2,6139,466,10,0,0.0,2999566336,4112416,82944,0.022186583024449646
485,4843,2595717120,13,484,13,167470,1,6,309,28,2,6139,466,10,0,0.0,3003711488,4112416,82944,0.022226625005714595
486,4853,2601074688,13,485,13,167684,1,6,309,28,2,6139,466,10,0,0.0,3009937408,4112416,82944,0.02186850004363805
487,4863,2606432256,13,486,13,167898,1,6,309,28,2,6139,466,10,0,0.0,3015557120,4112416,82944,0.021839666995219886
488,4873,2611789824,13,487,13,168112,1,6,309,28,2,6139,466,10,0,0.0,3020570624,4112416,82944,0.022338790993671864
489,4883,2617147392,13,488,13,168326,1,6,309,28,2,6139,466,10,0,0.0,3025993728,4112416,82944,0.021693125017918646
490,4893,2622504960,13,489,13,168540,1,6,309,28,2,6139,466,10,0,0.0,3031433216,4112416,82944,0.021790541999507695
491,4903,2627862528,13,490,13,168754,1,6,309,28,2,6139,466,10,0,0.0,3038937088,4112416,82944,0.0219414159655571
492,4913,2633220096,13,491,13,168968,1,6,309,28,2,6139,466,10,0,0.0,3045081088,4112416,82944,0.02235991699853912
493,4923,2638577664,13,492,13,169182,1,6,309,28,2,6139,466,10,0,0.0,3053633536,4112416,82944,0.02477158303372562
494,4933,2643935232,13,493,13,169396,1,6,309,28,2,6139,466,10,0,0.0,3053780992,4112416,82944,0.02182758296839893
495,4943,2649292800,13,494,13,169610,1,6,309,28,2,6139,466,10,0,0.0,3061186560,4112416,82944,0.021656209020875394
496,4953,2654650368,13,495,13,169824,1,6,309,28,2,6139,466,10,0,0.0,3066216448,4112416,82944,0.021444457990583032
497,4963,2660007936,13,496,13,170038,1,6,309,28,2,6139,466,10,0,0.0,3071574016,4112416,82944,0.021934541990049183
498,4973,2665365504,13,497,13,170252,1,6,309,28,2,6139,466,10,0,0.0,3076816896,4112416,82944,0.021585292008239776
499,4983,2670723072,13,498,13,170466,1,6,309,28,2,6139,466,10,0,0.0,3082289152,4112416,82944,0.02159083297010511
500,4993,2676080640,13,499,13,170680,1,6,309,28,2,6139,466,10,0,0.0,3087204352,4112416,82944,0.02145504200598225
501,5003,2681438208,13,500,13,173886,1,6,309,28,2,6139,466,10,0,0.0,3095871488,4112416,82944,0.022154166013933718
502,5013,2686795776,13,501,13,174088,1,6,309,28,2,6139,466,10,0,0.0,3103014912,4112416,82944,0.021551250014454126
503,5023,2692153344,13,502,13,174290,1,6,309,28,2,6139,466,10,0,0.0,3107897344,4112416,82944,0.02162249997491017
504,5033,2697510912,13,503,13,174492,1,6,309,28,2,6139,466,10,0,0.0,3112714240,4112416,82944,0.021882458997424692
505,5043,2702868480,13,504,13,174694,1,6,309,28,2,6139,466,10,0,0.0,3120283648,4112416,82944,0.021571499994024634
506,5053,2708226048,13,505,13,174896,1,6,309,28,2,6139,466,10,0,0.0,3125149696,4112416,82944,0.022776124998927116
507,5063,2713583616,13,506,13,175104,1,6,309,28,2,6139,466,10,0,0.0,3131408384,4112416,82944,0.021814499981701374
508,5073,2718941184,13,507,13,175318,1,6,309,28,2,6139,466,10,0,0.0,3136897024,4112416,82944,0.021726290986407548
509,5083,2724298752,13,508,13,175532,1,6,309,28,2,6139,466,10,0,0.0,3142238208,4112416,82944,0.021443790988996625
510,5093,2729656320,13,509,13,175746,1,6,309,28,2,6139,466,10,0,0.0,3145269248,4112416,82944,0.021336834004614502
511,5103,2735013888,13,510,13,175960,1,6,309,28,2,6139,466,10,0,0.0,3151347712,4112416,82944,0.021445250022225082
512,5113,2740371456,13,511,13,176174,1,6,309,28,2,6139,466,10,0,0.0,3155656704,4112416,82944,0.021546625008340925
513,5123,2745729024,13,512,13,176388,1,6,309,28,2,6139,466,10,0,0.0,3162406912,4112416,82944,0.02215679199434817
514,5133,2751086592,13,513,13,176602,1,6,309,28,2,6139,466,10,0,0.0,3167764480,4112416,82944,0.021295542013831437
515,5143,2756444160,13,514,13,176816,1,6,309,28,2,6139,466,10,0,0.0,3173957632,4112416,82944,0.021578292013145983
516,5153,2761801728,13,515,13,177030,1,6,309,28,2,6139,466,10,0,0.0,3180756992,4112416,82944,0.021418790973257273
517,5163,2767159296,13,516,13,177244,1,6,309,28,2,6139,466,10,0,0.0,3188310016,4112416,82944,0.021430291992146522
518,5173,2772516864,13,517,13,177458,1,6,309,28,2,6139,466,10,0,0.0,3193995264,4112416,82944,0.021940415957942605
519,5183,2777874432,13,518,13,177672,1,6,309,28,2,6139,466,10,0,0.0,3198173184,4112416,82944,0.02191004197811708
520,5193,2783232000,13,519,13,177886,1,6,309,28,2,6139,466,10,0,0.0,3205693440,4112416,82944,0.02418541698716581
521,5203,2788589568,13,520,13,178100,1,6,309,28,2,6139,466,10,0,0.0,3210412032,4112416,82944,0.02157874999102205
522,5213,2793947136,13,521,13,178314,1,6,309,28,2,6139,466,10,0,0.0,3213279232,4112416,82944,0.021948790992610157
523,5223,2799304704,13,522,13,178528,1,6,309,28,2,6139,466,10,0,0.0,3222175744,4112416,82944,0.02178920799633488
524,5233,2804662272,13,523,13,178742,1,6,309,28,2,6139,466,10,0,0.0,3225894912,4112416,82944,0.021502084040548652
525,5243,2810019840,13,524,13,178956,1,6,309,28,2,6139,466,10,0,0.0,3230662656,4112416,82944,0.021611583011690527
526,5253,2815377408,13,525,13,182162,1,6,309,28,2,6139,466,10,0,0.0,3239084032,4112416,82944,0.02195895800832659
527,5263,2820734976,13,526,13,182364,1,6,309,28,2,6139,466,10,0,0.0,3244015616,4112416,82944,0.021461250027641654
528,5273,2826092544,13,527,13,182566,1,6,309,28,2,6139,466,10,0,0.0,3250257920,4112416,82944,0.021380749996751547
529,5283,2831450112,13,528,13,182768,1,6,309,28,2,6139,466,10,0,0.0,3256320000,4112416,82944,0.021389000001363456
530,5293,2836807680,13,529,13,182970,1,6,309,28,2,6139,466,10,0,0.0,3260514304,4112416,82944,0.021290415956173092
531,5303,2842165248,13,530,13,183172,1,6,309,28,2,6139,466,10,0,0.0,3267346432,4112416,82944,0.021409374952781945
532,5313,2847522816,13,531,13,183380,1,6,309,28,2,6139,466,10,0,0.0,3271524352,4112416,82944,0.021293875004630536
533,5323,2852880384,13,532,13,183594,1,6,309,28,2,6139,466,10,0,0.0,3277160448,4112416,82944,0.021551291982177645
534,5333,2858237952,13,533,13,183808,1,6,309,28,2,6139,466,10,0,0.0,3280584704,4112416,82944,0.02114324999274686
535,5343,2863595520,13,534,13,184022,1,6,309,28,2,6139,466,10,0,0.0,3289530368,4112416,82944,0.021516915992833674
536,5353,2868953088,13,535,13,184236,1,6,309,28,2,6139,466,10,0,0.0,3292971008,4112416,82944,0.021827291988302022
537,5363,2874310656,13,536,13,184450,1,6,309,28,2,6139,466,10,0,0.0,3297787904,4112416,82944,0.021136833005584776
538,5373,2879668224,13,537,13,184664,1,6,309,28,2,6139,466,10,0,0.0,3304783872,4112416,82944,0.021375958051066846
539,5383,2885025792,13,538,13,184878,1,6,309,28,2,6139,466,10,0,0.0,3309682688,4112416,82944,0.02171312499558553
540,5393,2890383360,13,539,13,185092,1,6,309,28,2,6139,466,10,0,0.0,3316482048,4112416,82944,0.021369083027821034
541,5403,2895740928,13,540,13,185306,1,6,309,28,2,6139,466,10,0,0.0,3322707968,4112416,82944,0.021536415966693312
542,5413,2901098496,13,541,13,185520,1,6,309,28,2,6139,466,10,0,0.0,3327492096,4112416,82944,0.02170920802745968
543,5423,2906456064,13,542,13,185734,1,6,309,28,2,6139,466,10,0,0.0,3332980736,4112416,82944,0.021135249990038574
544,5433,2911813632,13,543,13,185948,1,6,309,28,2,6139,466,10,0,0.0,3338076160,4112416,82944,0.021468000020831823
545,5443,2917171200,13,544,13,186162,1,6,309,28,2,6139,466,10,0,0.0,3344187392,4112416,82944,0.021375709038693458
546,5453,2922528768,13,545,13,186376,1,6,309,28,2,6139,466,10,0,0.0,3351740416,4112416,82944,0.02169208397390321
547,5463,2927886336,13,546,13,186590,1,6,309,28,2,6139,466,10,0,0.0,3355869184,4112416,82944,0.022074875014368445
548,5473,2933243904,13,547,13,186804,1,6,309,28,2,6139,466,10,0,0.0,3361292288,4112416,82944,0.021518499997910112
549,5483,2938601472,13,548,13,187018,1,6,309,28,2,6139,466,10,0,0.0,3367485440,4112416,82944,0.02156662498600781
550,5493,2943959040,13,549,13,187232,1,6,309,28,2,6139,466,10,0,0.0,3370893312,4112416,82944,0.021582000015769154
551,5503,2949316608,13,550,13,190438,1,6,309,28,2,6139,466,10,0,0.0,3380133888,4112416,82944,0.022653667023405433
552,5513,2954674176,13,551,13,190640,1,6,309,28,2,6139,466,10,0,0.0,3385589760,4112416,82944,0.02134550001937896
553,5523,2960031744,13,552,13,190842,1,6,309,28,2,6139,466,10,0,0.0,3391848448,4112416,82944,0.02147804095875472
554,5533,2965389312,13,553,13,191044,1,6,309,28,2,6139,466,10,0,0.0,3395895296,4112416,82944,0.021833249949850142
555,5543,2970746880,13,554,13,191246,1,6,309,28,2,6139,466,10,0,0.0,3398795264,4112416,82944,0.02113483299035579
556,5553,2976104448,13,555,13,191448,1,6,309,28,2,6139,466,10,0,0.0,3405905920,4112416,82944,0.02136983402306214
557,5563,2981462016,13,556,13,191656,1,6,309,28,2,6139,466,10,0,0.0,3414032384,4112416,82944,0.02175825001904741
558,5573,2986819584,13,557,13,191870,1,6,309,28,2,6139,466,10,0,0.0,3418456064,4112416,82944,0.02117391600040719
559,5583,2992177152,13,558,13,192084,1,6,309,28,2,6139,466,10,0,0.0,3424534528,4112416,82944,0.021460208983626217
560,5593,2997534720,13,559,13,192298,1,6,309,28,2,6139,466,10,0,0.0,3429335040,4112416,82944,0.021312750002834946
561,5603,3002892288,13,560,13,192512,1,6,309,28,2,6139,466,10,0,0.0,3437248512,4112416,82944,0.02131220803130418
562,5613,3008249856,13,561,13,192726,1,6,309,28,2,6139,466,10,0,0.0,3439345664,4112416,82944,0.021180916985031217
563,5623,3013607424,13,562,13,192940,1,6,309,28,2,6139,466,10,0,0.0,3446767616,4112416,82944,0.02135895797982812
564,5633,3018964992,13,563,13,193154,1,6,309,28,2,6139,466,10,0,0.0,3452436480,4112416,82944,0.02135674998862669
565,5643,3024322560,13,564,13,193368,1,6,309,28,2,6139,466,10,0,0.0,3457138688,4112416,82944,0.021586166985798627
566,5653,3029680128,13,565,13,193582,1,6,309,28,2,6139,466,10,0,0.0,3463856128,4112416,82944,0.021382374980021268
567,5663,3035037696,13,566,13,193796,1,6,309,28,2,6139,466,10,0,0.0,3468607488,4112416,82944,0.02149720798479393
568,5673,3040395264,13,567,13,194010,1,6,309,28,2,6139,466,10,0,0.0,3474800640,4112416,82944,0.0215672500198707
569,5683,3045752832,13,568,13,194224,1,6,309,28,2,6139,466,10,0,0.0,3480174592,4112416,82944,0.021223750023636967
570,5693,3051110400,13,569,13,194438,1,6,309,28,2,6139,466,10,0,0.0,3485368320,4112416,82944,0.021244458039291203
571,5703,3056467968,13,570,13,194652,1,6,309,28,2,6139,466,10,0,0.0,3492298752,4112416,82944,0.02155758300796151
572,5713,3061825536,13,571,13,194866,1,6,309,28,2,6139,466,10,0,0.0,3497721856,4112416,82944,0.02137795800808817
573,5723,3067183104,13,572,13,195080,1,6,309,28,2,6139,466,10,0,0.0,3501899776,4112416,82944,0.021438917028717697
574,5733,3072540672,13,573,13,195294,1,6,309,28,2,6139,466,10,0,0.0,3510059008,4112416,82944,0.02187770901946351
575,5743,3077898240,13,574,13,195508,1,6,309,28,2,6139,466,10,0,0.0,3516186624,4112416,82944,0.02112079202197492
576,5753,3083255808,13,575,13,198714,1,6,309,28,2,6139,466,10,0,0.0,3522625536,4112416,82944,0.021903541986830533
577,5763,3088613376,13,576,13,198916,1,6,309,28,2,6139,466,10,0,0.0,3528769536,4112416,82944,0.021418332995381206
578,5773,3093970944,13,577,13,199118,1,6,309,28,2,6139,466,10,0,0.0,3536273408,4112416,82944,0.022243250044994056
579,5783,3099328512,13,578,13,199320,1,6,309,28,2,6139,466,10,0,0.0,3539648512,4112416,82944,0.021109042048919946
580,5793,3104686080,13,579,13,199522,1,6,309,28,2,6139,466,10,0,0.0,3549773824,4112416,82944,0.021681249956600368
581,5803,3110043648,13,580,13,199724,1,6,309,28,2,6139,466,10,0,0.0,3553198080,4112416,82944,0.021629499970003963
582,5813,3115401216,13,581,13,199932,1,6,309,28,2,6139,466,10,0,0.0,3557982208,4112416,82944,0.021217375004198402
583,5823,3120758784,13,582,13,200146,1,6,309,28,2,6139,466,10,0,0.0,3560816640,4112416,82944,0.021731457964051515
584,5833,3126116352,13,583,13,200360,1,6,309,28,2,6139,466,10,0,0.0,3569664000,4112416,82944,0.022024207981303334
585,5843,3131473920,13,584,13,200574,1,6,309,28,2,6139,466,10,0,0.0,3573235712,4112416,82944,0.021337959042284638
586,5853,3136831488,13,585,13,200788,1,6,309,28,2,6139,466,10,0,0.0,3580739584,4112416,82944,0.021565208036918193
587,5863,3142189056,13,586,13,201002,1,6,309,28,2,6139,466,10,0,0.0,3584884736,4112416,82944,0.021793332998640835
588,5873,3147546624,13,587,13,201216,1,6,309,28,2,6139,466,10,0,0.0,3591110656,4112416,82944,0.021453917026519775
589,5883,3152904192,13,588,13,201430,1,6,309,28,2,6139,466,10,0,0.0,3595714560,4112416,82944,0.021187292004469782
590,5893,3158261760,13,589,13,201644,1,6,309,28,2,6139,466,10,0,0.0,3602661376,4112416,82944,0.021556207968387753
591,5903,3163619328,13,590,13,201858,1,6,309,28,2,6139,466,10,0,0.0,3609575424,4112416,82944,0.023167125007603317
592,5913,3168976896,13,591,13,202072,1,6,309,28,2,6139,466,10,0,0.0,3610345472,4112416,82944,0.02271616697544232
593,5923,3174334464,13,592,13,202286,1,6,309,28,2,6139,466,10,0,0.0,3618488320,4112416,82944,0.021575083024799824
594,5933,3179692032,13,593,13,202500,1,6,309,28,2,6139,466,10,0,0.0,3622649856,4112416,82944,0.021753542008809745
595,5943,3185049600,13,594,13,202714,1,6,309,28,2,6139,466,10,0,0.0,3628105728,4112416,82944,0.02118716697441414
596,5953,3190407168,13,595,13,202928,1,6,309,28,2,6139,466,10,0,0.0,3632955392,4112416,82944,0.02126479201251641
597,5963,3195764736,13,596,13,203142,1,6,309,28,2,6139,466,10,0,0.0,3640524800,4112416,82944,0.02168570802314207
598,5973,3201122304,13,597,13,203356,1,6,309,28,2,6139,466,10,0,0.0,3646636032,4112416,82944,0.02128845901461318
599,5983,3206479872,13,598,13,203570,1,6,309,28,2,6139,466,10,0,0.0,3652648960,4112416,82944,0.02146704198094085
600,5993,3211837440,13,599,13,203784,1,6,309,28,2,6139,466,10,0,0.0,3657990144,4112416,82944,0.021670249989256263
601,6003,3217195008,13,600,13,206990,1,6,309,28,2,6139,466,10,0,0.0,3664838656,4112416,82944,0.023007707961369306
602,6013,3222552576,13,601,13,207192,1,6,309,28,2,6139,466,10,0,0.0,3670212608,4112416,82944,0.022647875011898577
603,6023,3227910144,13,602,13,207394,1,6,309,28,2,6139,466,10,0,0.0,3672391680,4112416,82944,0.02175699995132163
604,6033,3233267712,13,603,13,207596,1,6,309,28,2,6139,466,10,0,0.0,3680223232,4112416,82944,0.021730249980464578
605,6043,3238625280,13,604,13,207798,1,6,309,28,2,6139,466,10,0,0.0,3685777408,4112416,82944,0.02181562501937151
606,6053,3243982848,13,605,13,208000,1,6,309,28,2,6139,466,10,0,0.0,3691921408,4112416,82944,0.021642500010784715
607,6063,3249340416,13,606,13,208208,1,6,309,28,2,6139,466,10,0,0.0,3698720768,4112416,82944,0.021567707997746766
608,6073,3254697984,13,607,13,208422,1,6,309,28,2,6139,466,10,0,0.0,3701489664,4112416,82944,0.02163066598586738
609,6083,3260055552,13,608,13,208636,1,6,309,28,2,6139,466,10,0,0.0,3707813888,4112416,82944,0.021959625009912997
610,6093,3265413120,13,609,13,208850,1,6,309,28,2,6139,466,10,0,0.0,3714629632,4112416,82944,0.021670084039215
611,6103,3270770688,13,610,13,209064,1,6,309,28,2,6139,466,10,0,0.0,3720675328,4112416,82944,0.022731500037480146
612,6113,3276128256,13,611,13,209278,1,6,309,28,2,6139,466,10,0,0.0,3726229504,4112416,82944,0.02185970899881795
613,6123,3281485824,13,612,13,209492,1,6,309,28,2,6139,466,10,0,0.0,3731390464,4112416,82944,0.02214474999345839
614,6133,3286843392,13,613,13,209706,1,6,309,28,2,6139,466,10,0,0.0,3737010176,4112416,82944,0.02148287498857826
615,6143,3292200960,13,614,13,209920,1,6,309,28,2,6139,466,10,0,0.0,3740549120,4112416,82944,0.021920375002082437
616,6153,3297558528,13,615,13,210134,1,6,309,28,2,6139,466,10,0,0.0,3746807808,4112416,82944,0.022914750035852194
617,6163,3302916096,13,616,13,210348,1,6,309,28,2,6139,466,10,0,0.0,3753623552,4112416,82944,0.02220266603399068
618,6173,3308273664,13,617,13,210562,1,6,309,28,2,6139,466,10,0,0.0,3761061888,4112416,82944,0.021901250001974404
619,6183,3313631232,13,618,13,210776,1,6,309,28,2,6139,466,10,0,0.0,3765862400,4112416,82944,0.02183133299695328
620,6193,3318988800,13,619,13,210990,1,6,309,28,2,6139,466,10,0,0.0,3771318272,4112416,82944,0.02218329202150926
621,6203,3324346368,13,620,13,211204,1,6,309,28,2,6139,466,10,0,0.0,3776086016,4112416,82944,0.02186637499835342
622,6213,3329703936,13,621,13,211418,1,6,309,28,2,6139,466,10,0,0.0,3783606272,4112416,82944,0.021549333003349602
623,6223,3335061504,13,622,13,211632,1,6,309,28,2,6139,466,10,0,0.0,3788079104,4112416,82944,0.021449499996379018
624,6233,3340419072,13,623,13,211846,1,6,309,28,2,6139,466,10,0,0.0,3793633280,4112416,82944,0.022204082983080298
625,6243,3345776640,13,624,13,212060,1,6,309,28,2,6139,466,10,0,0.0,3799777280,4112416,82944,0.021655666991136968
626,6253,3351134208,13,625,13,215266,1,6,309,28,2,6139,466,10,0,0.0,3805593600,4112416,82944,0.022277999960351735
627,6263,3356491776,13,626,13,215468,1,6,309,28,2,6139,466,10,0,0.0,3812098048,4112416,82944,0.022102458984591067
628,6273,3361849344,13,627,13,215670,1,6,309,28,2,6139,466,10,0,0.0,3816128512,4112416,82944,0.022857374977320433
629,6283,3367206912,13,628,13,215872,1,6,309,28,2,6139,466,10,0,0.0,3824320512,4112416,82944,0.021813999977894127
630,6293,3372564480,13,629,13,216074,1,6,309,28,2,6139,466,10,0,0.0,3829088256,4112416,82944,0.021614041994325817
631,6303,3377922048,13,630,13,216276,1,6,309,28,2,6139,466,10,0,0.0,3835248640,4112416,82944,0.02188591699814424
632,6313,3383279616,13,631,13,216484,1,6,309,28,2,6139,466,10,0,0.0,3838656512,4112416,82944,0.02108079200843349
633,6323,3388637184,13,632,13,216698,1,6,309,28,2,6139,466,10,0,0.0,3846979584,4112416,82944,0.022025083017069846
634,6333,3393994752,13,633,13,216912,1,6,309,28,2,6139,466,10,0,0.0,3852435456,4112416,82944,0.022231291979551315
635,6343,3399352320,13,634,13,217126,1,6,309,28,2,6139,466,10,0,0.0,3857563648,4112416,82944,0.02193637500749901
636,6353,3404709888,13,635,13,217340,1,6,309,28,2,6139,466,10,0,0.0,3863085056,4112416,82944,0.021438041992951185
637,6363,3410067456,13,636,13,217554,1,6,309,28,2,6139,466,10,0,0.0,3867197440,4112416,82944,0.021355916978791356
638,6373,3415425024,13,637,13,217768,1,6,309,28,2,6139,466,10,0,0.0,3871948800,4112416,82944,0.021414417016785592
639,6383,3420782592,13,638,13,217982,1,6,309,28,2,6139,466,10,0,0.0,3878780928,4112416,82944,0.021402458020020276
640,6393,3426140160,13,639,13,218196,1,6,309,28,2,6139,466,10,0,0.0,3885547520,4112416,82944,0.021235499996691942
641,6403,3431497728,13,640,13,218410,1,6,309,28,2,6139,466,10,0,0.0,3889627136,4112416,82944,0.02141799998935312
642,6413,3436855296,13,641,13,218624,1,6,309,28,2,6139,466,10,0,0.0,3899703296,4112416,82944,0.021747207967564464
643,6423,3442212864,13,642,13,218838,1,6,309,28,2,6139,466,10,0,0.0,3901227008,4112416,82944,0.02135612501297146
644,6433,3447570432,13,643,13,219052,1,6,309,28,2,6139,466,10,0,0.0,3906699264,4112416,82944,0.02167212503263727
645,6443,3452928000,13,644,13,219266,1,6,309,28,2,6139,466,10,0,0.0,3916267520,4112416,82944,0.021619167004246265
646,6453,3458285568,13,645,13,219480,1,6,309,28,2,6139,466,10,0,0.0,3919462400,4112416,82944,0.021205166005529463
647,6463,3463643136,13,646,13,219694,1,6,309,28,2,6139,466,10,0,0.0,3922952192,4112416,82944,0.021376041986513883
648,6473,3469000704,13,647,13,219908,1,6,309,28,2,6139,466,10,0,0.0,3930046464,4112416,82944,0.021846499992534518
649,6483,3474358272,13,648,13,220122,1,6,309,28,2,6139,466,10,0,0.0,3934748672,4112416,82944,0.021351790986955166
650,6493,3479715840,13,649,13,220336,1,6,309,28,2,6139,466,10,0,0.0,3941564416,4112416,82944,0.021569999982602894
651,6503,3485073408,13,650,13,223542,1,6,309,28,2,6139,466,10,0,0.0,3945267200,4112416,82944,0.022563041013199836
652,6513,3490430976,13,651,13,223744,1,6,309,28,2,6139,466,10,0,0.0,3953983488,4112416,82944,0.021271665988024324
653,6523,3495788544,13,652,13,223946,1,6,309,28,2,6139,466,10,0,0.0,3957014528,4112416,82944,0.021238667017314583
654,6533,3501146112,13,653,13,224148,1,6,309,28,2,6139,466,10,0,0.0,3965288448,4112416,82944,0.021521540998946875
655,6543,3506503680,13,654,13,224350,1,6,309,28,2,6139,466,10,0,0.0,3971399680,4112416,82944,0.021579791966360062
656,6553,3511861248,13,655,13,224552,1,6,309,28,2,6139,466,10,0,0.0,3977494528,4112416,82944,0.02144358301302418
657,6563,3517218816,13,656,13,224760,1,6,309,28,2,6139,466,10,0,0.0,3983130624,4112416,82944,0.02131833299063146
658,6573,3522576384,13,657,13,224974,1,6,309,28,2,6139,466,10,0,0.0,3987931136,4112416,82944,0.021536750020459294
659,6583,3527933952,13,658,13,225188,1,6,309,28,2,6139,466,10,0,0.0,3994746880,4112416,82944,0.021342874970287085
660,6593,3533291520,13,659,13,225402,1,6,309,28,2,6139,466,10,0,0.0,4002381824,4112416,82944,0.02133366698399186
661,6603,3538649088,13,660,13,225616,1,6,309,28,2,6139,466,10,0,0.0,4006576128,4112416,82944,0.02161574998172
662,6613,3544006656,13,661,13,225830,1,6,309,28,2,6139,466,10,0,0.0,4009443328,4112416,82944,0.021329374983906746
663,6623,3549364224,13,662,13,226044,1,6,309,28,2,6139,466,10,0,0.0,4016209920,4112416,82944,0.021292917022947222
664,6633,3554721792,13,663,13,226258,1,6,309,28,2,6139,466,10,0,0.0,4020355072,4112416,82944,0.021238124987576157
665,6643,3560079360,13,664,13,226472,1,6,309,28,2,6139,466,10,0,0.0,4025171968,4112416,82944,0.021427375031635165
666,6653,3565436928,13,665,13,226684,1,6,309,28,2,6139,466,10,0,0.0,4032659456,4112416,82944,0.02142683300189674
667,6663,3570794496,13,666,13,226895,1,6,309,28,2,6139,466,10,0,0.0,4038295552,4112416,82944,0.02145412500249222
668,6673,3576152064,13,667,13,227106,1,6,309,28,2,6139,466,10,0,0.0,4046192640,4112416,82944,0.021603000001050532
669,6683,3581509632,13,668,13,227317,1,6,309,28,2,6139,466,10,0,0.0,4049043456,4112416,82944,0.021429791988339275
670,6693,3586867200,13,669,13,227528,1,6,309,28,2,6139,466,10,0,0.0,4054630400,4112416,82944,0.021465249999891967
671,6703,3592224768,13,670,13,227739,1,6,309,28,2,6139,466,10,0,0.0,4059594752,4112416,82944,0.021325958019588143
672,6713,3597582336,13,671,13,227950,1,6,309,28,2,6139,466,10,0,0.0,4065034240,4112416,82944,0.02162625000346452
673,6723,3602939904,13,672,13,228161,1,6,309,28,2,6139,466,10,0,0.0,4070555648,4112416,82944,0.021141292003449053
674,6733,3608297472,13,673,13,228372,1,6,309,28,2,6139,466,10,0,0.0,4079271936,4112416,82944,0.021593415993265808
675,6743,3613655040,13,674,13,228583,1,6,309,28,2,6139,466,10,0,0.0,4084203520,4112416,82944,0.021650500013493
676,6753,3619012608,13,675,13,231786,1,6,309,28,2,6139,466,10,0,0.0,4091527168,4112416,82944,0.023614458041265607
677,6763,3624370176,13,676,13,231985,1,6,309,28,2,6139,466,10,0,0.0,4097228800,4112416,82944,0.02227583300555125
678,6773,3629727744,13,677,13,232184,1,6,309,28,2,6139,466,10,0,0.0,4101406720,4112416,82944,0.021439542004372925
679,6783,3635085312,13,678,13,232383,1,6,309,28,2,6139,466,10,0,0.0,4106256384,4112416,82944,0.021443334000650793
680,6793,3640442880,13,679,13,232582,1,6,309,28,2,6139,466,10,0,0.0,4113743872,4112416,82944,0.02184058300917968
681,6803,3645800448,13,680,13,232781,1,6,309,28,2,6139,466,10,0,0.0,4117184512,4112416,82944,0.021739541029091924
682,6813,3651158016,13,681,13,232986,1,6,309,28,2,6139,466,10,0,0.0,4124819456,4112416,82944,0.02146858297055587
683,6823,3656515584,13,682,13,233197,1,6,309,28,2,6139,466,10,0,0.0,4136435712,4112416,82944,0.027294291998259723
684,6833,3661873152,13,683,13,233408,1,6,309,28,2,6139,466,10,0,0.0,4140630016,4112416,82944,0.028169750003144145
685,6843,3667230720,13,684,13,233619,1,6,309,28,2,6139,466,10,0,0.0,4145463296,4112416,82944,0.023187916027382016
686,6853,3672588288,13,685,13,233830,1,6,309,28,2,6139,466,10,0,0.0,4145627136,4112416,82944,0.021733250003308058
687,6863,3677945856,13,686,13,234041,1,6,309,28,2,6139,466,10,0,0.0,4152999936,4112416,82944,0.021533999999519438
688,6873,3683303424,13,687,13,234252,1,6,309,28,2,6139,466,10,0,0.0,4160028672,4112416,82944,0.0222660829895176
689,6883,3688660992,13,688,13,234463,1,6,309,28,2,6139,466,10,0,0.0,4166107136,4112416,82944,0.02220129204215482
690,6893,3694018560,13,689,13,234674,1,6,309,28,2,6139,466,10,0,0.0,4175577088,4112416,82944,0.021928666974417865
691,6903,3699376128,13,690,13,234885,1,6,309,28,2,6139,466,10,0,0.0,4181196800,4112416,82944,0.021498500020243227
692,6913,3704733696,13,691,13,235096,1,6,309,28,2,6139,466,10,0,0.0,4184047616,4112416,82944,0.021409750042948872
693,6923,3710091264,13,692,13,235307,1,6,309,28,2,6139,466,10,0,0.0,4189077504,4112416,82944,0.02151295798830688
694,6933,3715448832,13,693,13,235518,1,6,309,28,2,6139,466,10,0,0.0,4193796096,4112416,82944,0.02147729101125151
695,6943,3720806400,13,694,13,235729,1,6,309,28,2,6139,466,10,0,0.0,4199350272,4112416,82944,0.02183237497229129
696,6953,3726163968,13,695,13,235940,1,6,309,28,2,6139,466,10,0,0.0,4206166016,4112416,82944,0.06614145799539983
697,6963,3731521536,13,696,13,236151,1,6,309,28,2,6139,466,10,0,0.0,4214390784,4112416,82944,0.027430707996245474
698,6973,3736879104,13,697,13,236362,1,6,309,28,2,6139,466,10,0,0.0,4217995264,4112416,82944,0.02367079199757427
699,6983,3742236672,13,698,13,236573,1,6,309,28,2,6139,466,10,0,0.0,4224221184,4112416,82944,0.023879999993368983
700,6993,3747594240,13,699,13,236784,1,6,309,28,2,6139,466,10,0,0.0,4227022848,4112416,82944,0.0225019589997828
701,7003,3752951808,13,700,13,239987,1,6,309,28,2,6139,466,10,0,0.0,4238655488,4112416,82944,0.029332707985304296
702,7013,3758309376,13,701,13,240186,1,6,309,28,2,6139,466,10,0,0.0,4244832256,4112416,82944,0.027547250036150217
703,7023,3763666944,13,702,13,240385,1,6,309,28,2,6139,466,10,0,0.0,4248256512,4112416,82944,0.029186957981437445
704,7033,3769024512,13,703,13,240584,1,6,309,28,2,6139,466,10,0,0.0,4254662656,4112416,82944,0.028840000042691827
705,7043,3774382080,13,704,13,240783,1,6,309,28,2,6139,466,10,0,0.0,4258856960,4112416,82944,0.022493334021419287
706,7053,3779739648,13,705,13,240982,1,6,309,28,2,6139,466,10,0,0.0,4263591936,4112416,82944,0.02252420800505206
707,7063,3785097216,13,706,13,241187,1,6,309,28,2,6139,466,10,0,0.0,4268490752,4112416,82944,0.022419916989747435
708,7073,3790454784,13,707,13,241398,1,6,309,28,2,6139,466,10,0,0.0,4275273728,4112416,82944,0.022439833031967282
709,7083,3795812352,13,708,13,241609,1,6,309,28,2,6139,466,10,0,0.0,4280762368,4112416,82944,0.022257166972849518
710,7093,3801169920,13,709,13,241820,1,6,309,28,2,6139,466,10,0,0.0,4285005824,4112416,82944,0.02158112498000264
711,7103,3806527488,13,710,13,242031,1,6,309,28,2,6139,466,10,0,0.0,4292395008,4112416,82944,0.02182341698789969
712,7113,3811885056,13,711,13,242242,1,6,309,28,2,6139,466,10,0,0.0,4297949184,4112416,82944,0.0219569590408355
713,7123,3817242624,13,712,13,242453,1,6,309,28,2,6139,466,10,0,0.0,4303421440,4112416,82944,0.021253917017020285
714,7133,3822600192,13,713,13,242664,1,6,309,28,2,6139,466,10,0,0.0,4308238336,4112416,82944,0.02140958304516971
715,7143,3827957760,13,714,13,242875,1,6,309,28,2,6139,466,10,0,0.0,4315136000,4112416,82944,0.02168212499236688
716,7153,3833315328,13,715,13,243086,1,6,309,28,2,6139,466,10,0,0.0,4318134272,4112416,82944,0.02162529097404331
717,7163,3838672896,13,716,13,243297,1,6,309,28,2,6139,466,10,0,0.0,4324261888,4112416,82944,0.021754375018645078
718,7173,3844030464,13,717,13,243508,1,6,309,28,2,6139,466,10,0,0.0,4331290624,4112416,82944,0.02133412502007559
719,7183,3849388032,13,718,13,243719,1,6,309,28,2,6139,466,10,0,0.0,4339269632,4112416,82944,0.021503541967831552
720,7193,3854745600,13,719,13,243930,1,6,309,28,2,6139,466,10,0,0.0,4342857728,4112416,82944,0.02153429202735424
721,7203,3860103168,13,720,13,244141,1,6,309,28,2,6139,466,10,0,0.0,4349755392,4112416,82944,0.02168433298356831
722,7213,3865460736,13,721,13,244352,1,6,309,28,2,6139,466,10,0,0.0,4353916928,4112416,82944,0.021326165995560586
723,7223,3870818304,13,722,13,244563,1,6,309,28,2,6139,466,10,0,0.0,4360798208,4112416,82944,0.02143079205416143
724,7233,3876175872,13,723,13,244774,1,6,309,28,2,6139,466,10,0,0.0,4366336000,4112416,82944,0.022432124998886138
725,7243,3881533440,13,724,13,244985,1,6,309,28,2,6139,466,10,0,0.0,4370448384,4112416,82944,0.022515166958328336
726,7253,3886891008,13,725,13,248188,1,6,309,28,2,6139,466,10,0,0.0,4379000832,4112416,82944,0.022589000000152737
727,7263,3892248576,13,726,13,248387,1,6,309,28,2,6139,466,10,0,0.0,4383293440,4112416,82944,0.022385167016182095
728,7273,3897606144,13,727,13,248586,1,6,309,28,2,6139,466,10,0,0.0,4390092800,4112416,82944,0.022012875007931143
729,7283,3902963712,13,728,13,248785,1,6,309,28,2,6139,466,10,0,0.0,4394975232,4112416,82944,0.021857332962099463
730,7293,3908321280,13,729,13,248984,1,6,309,28,2,6139,466,10,0,0.0,4401201152,4112416,82944,0.021960665995720774
731,7303,3913678848,13,730,13,249183,1,6,309,28,2,6139,466,10,0,0.0,4406018048,4112416,82944,0.02182937500765547
732,7313,3919036416,13,731,13,249388,1,6,309,28,2,6139,466,10,0,0.0,4412178432,4112416,82944,0.021948750014416873
733,7323,3924393984,13,732,13,249599,1,6,309,28,2,6139,466,10,0,0.0,4417273856,4112416,82944,0.02211658301530406
734,7333,3929751552,13,733,13,249810,1,6,309,28,2,6139,466,10,0,0.0,4423434240,4112416,82944,0.021714875008910894
735,7343,3935109120,13,734,13,250021,1,6,309,28,2,6139,466,10,0,0.0,4430856192,4112416,82944,0.021776624955236912
736,7353,3940466688,13,735,13,250232,1,6,309,28,2,6139,466,10,0,0.0,4433657856,4112416,82944,0.021646249981131405
737,7363,3945824256,13,736,13,250443,1,6,309,28,2,6139,466,10,0,0.0,4437950464,4112416,82944,0.021758834016509354
738,7373,3951181824,13,737,13,250654,1,6,309,28,2,6139,466,10,0,0.0,4446126080,4112416,82944,0.022682083013933152
739,7383,3956539392,13,738,13,250865,1,6,309,28,2,6139,466,10,0,0.0,4450959360,4112416,82944,0.02196454198565334
740,7393,3961896960,13,739,13,251076,1,6,309,28,2,6139,466,10,0,0.0,4455727104,4112416,82944,0.021692666981834918
741,7403,3967254528,13,740,13,251287,1,6,309,28,2,6139,466,10,0,0.0,4463902720,4112416,82944,0.02191895799478516
742,7413,3972612096,13,741,13,251498,1,6,309,28,2,6139,466,10,0,0.0,4467507200,4112416,82944,0.021543500013649464
743,7423,3977969664,13,742,13,251709,1,6,309,28,2,6139,466,10,0,0.0,4472258560,4112416,82944,0.02201895898906514
744,7433,3983327232,13,743,13,251920,1,6,309,28,2,6139,466,10,0,0.0,4477632512,4112416,82944,0.02203754201764241
745,7443,3988684800,13,744,13,252131,1,6,309,28,2,6139,466,10,0,0.0,4483858432,4112416,82944,0.021713541995268315
746,7453,3994042368,13,745,13,252342,1,6,309,28,2,6139,466,10,0,0.0,4490592256,4112416,82944,0.021518499997910112
747,7463,3999399936,13,746,13,252553,1,6,309,28,2,6139,466,10,0,0.0,4494049280,4112416,82944,0.021619334002025425
748,7473,4004757504,13,747,13,252764,1,6,309,28,2,6139,466,10,0,0.0,4499554304,4112416,82944,0.022193957993295044
749,7483,4010115072,13,748,13,252975,1,6,309,28,2,6139,466,10,0,0.0,4509564928,4112416,82944,0.022096625005360693
750,7493,4015472640,13,749,13,253186,1,6,309,28,2,6139,466,10,0,0.0,4512645120,4112416,82944,0.021769499988295138
751,7503,4020830208,13,750,13,256389,1,6,309,28,2,6139,466,10,0,0.0,4522328064,4112416,82944,0.023219749971758574
752,7513,4026187776,13,751,13,256588,1,6,309,28,2,6139,466,10,0,0.0,4525735936,4112416,82944,0.022059832990635186
753,7523,4031545344,13,752,13,256787,1,6,309,28,2,6139,466,10,0,0.0,4532453376,4112416,82944,0.02190529101062566
754,7533,4036902912,13,753,13,256986,1,6,309,28,2,6139,466,10,0,0.0,4539482112,4112416,82944,0.02144887496251613
755,7543,4042260480,13,754,13,257185,1,6,309,28,2,6139,466,10,0,0.0,4546428928,4112416,82944,0.021635667013470083
756,7553,4047618048,13,755,13,257384,1,6,309,28,2,6139,466,10,0,0.0,4549935104,4112416,82944,0.021449416992254555
757,7563,4052975616,13,756,13,257589,1,6,309,28,2,6139,466,10,0,0.0,4558077952,4112416,82944,0.022062459029257298
758,7573,4058333184,13,757,13,257800,1,6,309,28,2,6139,466,10,0,0.0,4560928768,4112416,82944,0.021321834006812423
759,7583,4063690752,13,758,13,258011,1,6,309,28,2,6139,466,10,0,0.0,4564254720,4112416,82944,0.021515917032957077
760,7593,4069048320,13,759,13,258222,1,6,309,28,2,6139,466,10,0,0.0,4570546176,4112416,82944,0.022592166962567717
761,7603,4074405888,13,760,13,258433,1,6,309,28,2,6139,466,10,0,0.0,4574642176,4112416,82944,0.02186733396956697
762,7613,4079763456,13,761,13,258644,1,6,309,28,2,6139,466,10,0,0.0,4584407040,4112416,82944,0.021981165977194905
763,7623,4085121024,13,762,13,258855,1,6,309,28,2,6139,466,10,0,0.0,4590600192,4112416,82944,0.021489333012141287
764,7633,4090478592,13,763,13,259066,1,6,309,28,2,6139,466,10,0,0.0,4598120448,4112416,82944,0.021556041028816253
765,7643,4095836160,13,764,13,259277,1,6,309,28,2,6139,466,10,0,0.0,4602445824,4112416,82944,0.02158162504201755
766,7653,4101193728,13,765,13,259488,1,6,309,28,2,6139,466,10,0,0.0,4610621440,4112416,82944,0.021837375010363758
767,7663,4106551296,13,766,13,259699,1,6,309,28,2,6139,466,10,0,0.0,4610752512,4112416,82944,0.021519417001400143
768,7673,4111908864,13,767,13,259910,1,6,309,28,2,6139,466,10,0,0.0,4618108928,4112416,82944,0.02159066597232595
769,7683,4117266432,13,768,13,260121,1,6,309,28,2,6139,466,10,0,0.0,4622893056,4112416,82944,0.021481500007212162
770,7693,4122624000,13,769,13,260332,1,6,309,28,2,6139,466,10,0,0.0,4623810560,4112416,82944,0.021423041995149106
771,7703,4127981568,13,770,13,260543,1,6,309,28,2,6139,466,10,0,0.0,4633329664,4112416,82944,0.021615915989968926
772,7713,4133339136,13,771,13,260754,1,6,309,28,2,6139,466,10,0,0.0,4643504128,4112416,82944,0.02475362498080358
773,7723,4138696704,13,772,13,260965,1,6,309,28,2,6139,466,10,0,0.0,4646535168,4112416,82944,0.022916541958693415
774,7733,4144054272,13,773,13,261176,1,6,309,28,2,6139,466,10,0,0.0,4650598400,4112416,82944,0.021486375015228987
775,7743,4149411840,13,774,13,261387,1,6,309,28,2,6139,466,10,0,0.0,4655366144,4112416,82944,0.021456292015500367
776,7753,4154769408,13,775,13,264590,1,6,309,28,2,6139,466,10,0,0.0,4663787520,4112416,82944,0.02250216598622501
777,7763,4160126976,13,776,13,264789,1,6,309,28,2,6139,466,10,0,0.0,4668801024,4112416,82944,0.02172904199687764
778,7773,4165484544,13,777,13,264988,1,6,309,28,2,6139,466,10,0,0.0,4675190784,4112416,82944,0.021433416986837983
779,7783,4170842112,13,778,13,265187,1,6,309,28,2,6139,466,10,0,0.0,4681940992,4112416,82944,0.02135016699321568
780,7793,4176199680,13,779,13,265386,1,6,309,28,2,6139,466,10,0,0.0,4686741504,4112416,82944,0.021376707998570055
781,7803,4181557248,13,780,13,265585,1,6,309,28,2,6139,466,10,0,0.0,4692901888,4112416,82944,0.02197795797837898
782,7813,4186914816,13,781,13,265790,1,6,309,28,2,6139,466,10,0,0.0,4697047040,4112416,82944,0.021964540996123105
783,7823,4192272384,13,782,13,266001,1,6,309,28,2,6139,466,10,0,0.0,4704075776,4112416,82944,0.021529874997213483
784,7833,4197629952,13,783,13,266212,1,6,309,28,2,6139,466,10,0,0.0,4710187008,4112416,82944,0.02157500002067536
785,7843,4202987520,13,784,13,266423,1,6,309,28,2,6139,466,10,0,0.0,4712923136,4112416,82944,0.02144741697702557
786,7853,4208345088,13,785,13,266634,1,6,309,28,2,6139,466,10,0,0.0,4721278976,4112416,82944,0.021366083004977554
787,7863,4213702656,13,786,13,266845,1,6,309,28,2,6139,466,10,0,0.0,4727341056,4112416,82944,0.021678709017578512
788,7873,4219060224,13,787,13,267056,1,6,309,28,2,6139,466,10,0,0.0,4731486208,4112416,82944,0.02121566701680422
789,7883,4224417792,13,788,13,267267,1,6,309,28,2,6139,466,10,0,0.0,4736204800,4112416,82944,0.021431041008327156
790,7893,4229775360,13,789,13,267478,1,6,309,28,2,6139,466,10,0,0.0,4743151616,4112416,82944,0.021741790988016874
791,7903,4235132928,13,790,13,267689,1,6,309,28,2,6139,466,10,0,0.0,4748378112,4112416,82944,0.02170854201540351
792,7913,4240490496,13,791,13,267900,1,6,309,28,2,6139,466,10,0,0.0,4753244160,4112416,82944,0.02171795896720141
793,7923,4245848064,13,792,13,268111,1,6,309,28,2,6139,466,10,0,0.0,4758601728,4112416,82944,0.02154845796758309
794,7933,4251205632,13,793,13,268322,1,6,309,28,2,6139,466,10,0,0.0,4764811264,4112416,82944,0.022061874973587692
795,7943,4256563200,13,794,13,268533,1,6,309,28,2,6139,466,10,0,0.0,4769595392,4112416,82944,0.02150104200700298
796,7953,4261920768,13,795,13,268744,1,6,309,28,2,6139,466,10,0,0.0,4777656320,4112416,82944,0.021746083977632225
797,7963,4267278336,13,796,13,268955,1,6,309,28,2,6139,466,10,0,0.0,4778786816,4112416,82944,0.021485625009518117
798,7973,4272635904,13,797,13,269166,1,6,309,28,2,6139,466,10,0,0.0,4786225152,4112416,82944,0.02168645802885294
799,7983,4277993472,13,798,13,269377,1,6,309,28,2,6139,466,10,0,0.0,4792336384,4112416,82944,0.021512457984499633
800,7993,4283351040,13,799,13,269588,1,6,309,28,2,6139,466,10,0,0.0,4797054976,4112416,82944,0.02129512495594099
801,8003,4288708608,13,800,13,272791,1,6,309,28,2,6139,466,10,0,0.0,4805705728,4112416,82944,0.023705083003733307
802,8013,4294066176,13,801,13,272990,1,6,309,28,2,6139,466,10,0,0.0,4809555968,4112416,82944,0.02168883301783353
803,8023,4299423744,13,802,13,273189,1,6,309,28,2,6139,466,10,0,0.0,4815732736,4112416,82944,0.021499833033885807
804,8033,4304781312,13,803,13,273388,1,6,309,28,2,6139,466,10,0,0.0,4825088000,4112416,82944,0.02162658399902284
805,8043,4310138880,13,804,13,273587,1,6,309,28,2,6139,466,10,0,0.0,4827168768,4112416,82944,0.021103749983012676
806,8053,4315496448,13,805,13,273786,1,6,309,28,2,6139,466,10,0,0.0,4833411072,4112416,82944,0.021509457961656153
807,8063,4320854016,13,806,13,273991,1,6,309,28,2,6139,466,10,0,0.0,4837588992,4112416,82944,0.021455500042065978
808,8073,4326211584,13,807,13,274202,1,6,309,28,2,6139,466,10,0,0.0,4846387200,4112416,82944,0.021850999968592077
809,8083,4331569152,13,808,13,274413,1,6,309,28,2,6139,466,10,0,0.0,4851335168,4112416,82944,0.021398500015493482
810,8093,4336926720,13,809,13,274624,1,6,309,28,2,6139,466,10,0,0.0,4855857152,4112416,82944,0.021271832985803485
811,8103,4342284288,13,810,13,274835,1,6,309,28,2,6139,466,10,0,0.0,4860755968,4112416,82944,0.021404209022875875
812,8113,4347641856,13,811,13,275046,1,6,309,28,2,6139,466,10,0,0.0,4866981888,4112416,82944,0.021755959023721516
813,8123,4352999424,13,812,13,275257,1,6,309,28,2,6139,466,10,0,0.0,4873879552,4112416,82944,0.021827500022482127
814,8133,4358356992,13,813,13,275468,1,6,309,28,2,6139,466,10,0,0.0,4877991936,4112416,82944,0.021535125037189573
815,8143,4363714560,13,814,13,275679,1,6,309,28,2,6139,466,10,0,0.0,4884938752,4112416,82944,0.021636040997691453
816,8153,4369072128,13,815,13,275890,1,6,309,28,2,6139,466,10,0,0.0,4889788416,4112416,82944,0.02139579103095457
817,8163,4374429696,13,816,13,276101,1,6,309,28,2,6139,466,10,0,0.0,4894703616,4112416,82944,0.021270249970257282
818,8173,4379787264,13,817,13,276312,1,6,309,28,2,6139,466,10,0,0.0,4902223872,4112416,82944,0.02156904200091958
819,8183,4385144832,13,818,13,276523,1,6,309,28,2,6139,466,10,0,0.0,4905189376,4112416,82944,0.02194416703423485
820,8193,4390502400,13,819,13,276734,1,6,309,28,2,6139,466,10,0,0.0,4911972352,4112416,82944,0.02175899996655062
821,8203,4395859968,13,820,13,276945,1,6,309,28,2,6139,466,10,0,0.0,4917362688,4112416,82944,0.021513207990210503
822,8213,4401217536,13,821,13,277156,1,6,309,28,2,6139,466,10,0,0.0,4922834944,4112416,82944,0.0207991250208579
823,8223,4406575104,13,822,13,277367,1,6,309,28,2,6139,466,10,0,0.0,4929437696,4112416,82944,0.021730749984271824
824,8233,4411932672,13,823,13,277578,1,6,309,28,2,6139,466,10,0,0.0,4935565312,4112416,82944,0.021764416014775634
825,8243,4417290240,13,824,13,277789,1,6,309,28,2,6139,466,10,0,0.0,4939874304,4112416,82944,0.02187341602984816
826,8253,4422647808,13,825,13,280992,1,6,309,28,2,6139,466,10,0,0.0,4947427328,4112416,82944,0.02265054202871397
827,8263,4428005376,13,826,13,281191,1,6,309,28,2,6139,466,10,0,0.0,4951048192,4112416,82944,0.021613624994643033
828,8273,4433362944,13,827,13,281390,1,6,309,28,2,6139,466,10,0,0.0,4959911936,4112416,82944,0.02160587499383837
829,8283,4438720512,13,828,13,281589,1,6,309,28,2,6139,466,10,0,0.0,4964057088,4112416,82944,0.02175070799421519
830,8293,4444078080,13,829,13,281788,1,6,309,28,2,6139,466,10,0,0.0,4967448576,4112416,82944,0.02148791600484401
831,8303,4449435648,13,830,13,281987,1,6,309,28,2,6139,466,10,0,0.0,4973838336,4112416,82944,0.021479791030287743
832,8313,4454793216,13,831,13,282192,1,6,309,28,2,6139,466,10,0,0.0,4979261440,4112416,82944,0.021527917007915676
833,8323,4460150784,13,832,13,282403,1,6,309,28,2,6139,466,10,0,0.0,4984094720,4112416,82944,0.021530083031393588
834,8333,4465508352,13,833,13,282614,1,6,309,28,2,6139,466,10,0,0.0,4991008768,4112416,82944,0.02117050002561882
835,8343,4470865920,13,834,13,282825,1,6,309,28,2,6139,466,10,0,0.0,4996481024,4112416,82944,0.02148287498857826
836,8353,4476223488,13,835,13,283036,1,6,309,28,2,6139,466,10,0,0.0,5002575872,4112416,82944,0.02465550001943484
837,8363,4481581056,13,836,13,283247,1,6,309,28,2,6139,466,10,0,0.0,5006147584,4112416,82944,0.02141183300409466
838,8373,4486938624,13,837,13,283458,1,6,309,28,2,6139,466,10,0,0.0,5013864448,4112416,82944,0.02176904195221141
839,8383,4492296192,13,838,13,283669,1,6,309,28,2,6139,466,10,0,0.0,5017059328,4112416,82944,0.02148449997184798
840,8393,4497653760,13,839,13,283880,1,6,309,28,2,6139,466,10,0,0.0,5023842304,4112416,82944,0.02161170798353851
841,8403,4503011328,13,840,13,284091,1,6,309,28,2,6139,466,10,0,0.0,5029298176,4112416,82944,0.02278699999442324
842,8413,4508368896,13,841,13,284302,1,6,309,28,2,6139,466,10,0,0.0,5035491328,4112416,82944,0.022143166977912188
843,8423,4513726464,13,842,13,284513,1,6,309,28,2,6139,466,10,0,0.0,5040996352,4112416,82944,0.021722833975218236
844,8433,4519084032,13,843,13,284724,1,6,309,28,2,6139,466,10,0,0.0,5047058432,4112416,82944,0.021741541975643486
845,8443,4524441600,13,844,13,284935,1,6,309,28,2,6139,466,10,0,0.0,5053120512,4112416,82944,0.021730874956119806
846,8453,4529799168,13,845,13,285146,1,6,309,28,2,6139,466,10,0,0.0,5058887680,4112416,82944,0.021764000004623085
847,8463,4535156736,13,846,13,285357,1,6,309,28,2,6139,466,10,0,0.0,5065244672,4112416,82944,0.021877540973946452
848,8473,4540514304,13,847,13,285568,1,6,309,28,2,6139,466,10,0,0.0,5072666624,4112416,82944,0.022802999999839813
849,8483,4545871872,13,848,13,285779,1,6,309,28,2,6139,466,10,0,0.0,5078237184,4112416,82944,0.022330000007059425
850,8493,4551229440,13,849,13,285990,1,6,309,28,2,6139,466,10,0,0.0,5081694208,4112416,82944,0.02217020798707381
851,8503,4556587008,13,850,13,289193,1,6,309,28,2,6139,466,10,0,0.0,5089181696,4112416,82944,0.0231356670265086
852,8513,4561944576,13,851,13,289392,1,6,309,28,2,6139,466,10,0,0.0,5095456768,4112416,82944,0.022232874995097518
853,8523,4567302144,13,852,13,289591,1,6,309,28,2,6139,466,10,0,0.0,5101568000,4112416,82944,0.022107458964455873
854,8533,4572659712,13,853,13,289790,1,6,309,28,2,6139,466,10,0,0.0,5107597312,4112416,82944,0.02197695802897215
855,8543,4578017280,13,854,13,289989,1,6,309,28,2,6139,466,10,0,0.0,5110988800,4112416,82944,0.021594874968286604
856,8553,4583374848,13,855,13,290188,1,6,309,28,2,6139,466,10,0,0.0,5115920384,4112416,82944,0.021507417026441544
857,8563,4588732416,13,856,13,290393,1,6,309,28,2,6139,466,10,0,0.0,5126717440,4112416,82944,0.025824999960605055
858,8573,4594089984,13,857,13,290604,1,6,309,28,2,6139,466,10,0,0.0,5130862592,4112416,82944,0.02214741602074355
859,8583,4599447552,13,858,13,290815,1,6,309,28,2,6139,466,10,0,0.0,5135695872,4112416,82944,0.021604500012472272
860,8593,4604805120,13,859,13,291026,1,6,309,28,2,6139,466,10,0,0.0,5140709376,4112416,82944,0.02173016598680988
861,8603,4610162688,13,860,13,291237,1,6,309,28,2,6139,466,10,0,0.0,5147525120,4112416,82944,0.022179167019203305
862,8613,4615520256,13,861,13,291448,1,6,309,28,2,6139,466,10,0,0.0,5153177600,4112416,82944,0.022076708963140845
863,8623,4620877824,13,862,13,291659,1,6,309,28,2,6139,466,10,0,0.0,5160566784,4112416,82944,0.022326292004436255
864,8633,4626235392,13,863,13,291870,1,6,309,28,2,6139,466,10,0,0.0,5166759936,4112416,82944,0.02199408400338143
865,8643,4631592960,13,864,13,292081,1,6,309,28,2,6139,466,10,0,0.0,5170167808,4112416,82944,0.02167166699655354
866,8653,4636950528,13,865,13,292292,1,6,309,28,2,6139,466,10,0,0.0,5175787520,4112416,82944,0.02195975003996864
867,8663,4642308096,13,866,13,292503,1,6,309,28,2,6139,466,10,0,0.0,5180555264,4112416,82944,0.021129250002559274
868,8673,4647665664,13,867,13,292714,1,6,309,28,2,6139,466,10,0,0.0,5187223552,4112416,82944,0.021679666999261826
869,8683,4653023232,13,868,13,292925,1,6,309,28,2,6139,466,10,0,0.0,5192056832,4112416,82944,0.022444833011832088
870,8693,4658380800,13,869,13,293136,1,6,309,28,2,6139,466,10,0,0.0,5197512704,4112416,82944,0.022125750023406
871,8703,4663738368,13,870,13,293347,1,6,309,28,2,6139,466,10,0,0.0,5202771968,4112416,82944,0.021815499989315867
872,8713,4669095936,13,871,13,293558,1,6,309,28,2,6139,466,10,0,0.0,5210996736,4112416,82944,0.022122666996438056
873,8723,4674453504,13,872,13,293769,1,6,309,28,2,6139,466,10,0,0.0,5215191040,4112416,82944,0.02172366698505357
874,8733,4679811072,13,873,13,293980,1,6,309,28,2,6139,466,10,0,0.0,5220630528,4112416,82944,0.021641500003170222
875,8743,4685168640,13,874,13,294191,1,6,309,28,2,6139,466,10,0,0.0,5224775680,4112416,82944,0.02145804197061807
876,8753,4690526208,13,875,13,297394,1,6,309,28,2,6139,466,10,0,0.0,5234032640,4112416,82944,0.02224749996094033
877,8763,4695883776,13,876,13,297593,1,6,309,28,2,6139,466,10,0,0.0,5239390208,4112416,82944,0.021543540991842747
878,8773,4701241344,13,877,13,297792,1,6,309,28,2,6139,466,10,0,0.0,5243420672,4112416,82944,0.02215166698442772
879,8783,4706598912,13,878,13,297991,1,6,309,28,2,6139,466,10,0,0.0,5250482176,4112416,82944,0.02174324996303767
880,8793,4711956480,13,879,13,298190,1,6,309,28,2,6139,466,10,0,0.0,5253922816,4112416,82944,0.02170779200969264
881,8803,4717314048,13,880,13,298389,1,6,309,28,2,6139,466,10,0,0.0,5260066816,4112416,82944,0.021860541950445622
882,8813,4722671616,13,881,13,298594,1,6,309,28,2,6139,466,10,0,0.0,5266259968,4112416,82944,0.022080915980041027
883,8823,4728029184,13,882,13,298805,1,6,309,28,2,6139,466,10,0,0.0,5274533888,4112416,82944,0.02197845804039389
884,8833,4733386752,13,883,13,299016,1,6,309,28,2,6139,466,10,0,0.0,5278007296,4112416,82944,0.02140137495007366
885,8843,4738744320,13,884,13,299227,1,6,309,28,2,6139,466,10,0,0.0,5282136064,4112416,82944,0.02130775002297014
886,8853,4744101888,13,885,13,299438,1,6,309,28,2,6139,466,10,0,0.0,5288443904,4112416,82944,0.021576082974206656
887,8863,4749459456,13,886,13,299649,1,6,309,28,2,6139,466,10,0,0.0,5293342720,4112416,82944,0.0214979579905048
888,8873,4754817024,13,887,13,299860,1,6,309,28,2,6139,466,10,0,0.0,5298733056,4112416,82944,0.021434416994452477
889,8883,4760174592,13,888,13,300071,1,6,309,28,2,6139,466,10,0,0.0,5305827328,4112416,82944,0.021634166012518108
890,8893,4765532160,13,889,13,300282,1,6,309,28,2,6139,466,10,0,0.0,5309972480,4112416,82944,0.02197395800612867
891,8903,4770889728,13,890,13,300493,1,6,309,28,2,6139,466,10,0,0.0,5317459968,4112416,82944,0.021794040978420526
892,8913,4776247296,13,891,13,300704,1,6,309,28,2,6139,466,10,0,0.0,5320212480,4112416,82944,0.021308124996721745
893,8923,4781604864,13,892,13,300915,1,6,309,28,2,6139,466,10,0,0.0,5326651392,4112416,82944,0.02141841599950567
894,8933,4786962432,13,893,13,301126,1,6,309,28,2,6139,466,10,0,0.0,5334106112,4112416,82944,0.021524582989513874
895,8943,4792320000,13,894,13,301337,1,6,309,28,2,6139,466,10,0,0.0,5336268800,4112416,82944,0.0214345000567846
896,8953,4797677568,13,895,13,301548,1,6,309,28,2,6139,466,10,0,0.0,5344641024,4112416,82944,0.02162937499815598
897,8963,4803035136,13,896,13,301759,1,6,309,28,2,6139,466,10,0,0.0,5350047744,4112416,82944,0.021929832990281284
898,8973,4808392704,13,897,13,301970,1,6,309,28,2,6139,466,10,0,0.0,5355028480,4112416,82944,0.021929082984570414
899,8983,4813750272,13,898,13,302181,1,6,309,28,2,6139,466,10,0,0.0,5363089408,4112416,82944,0.022034625057131052
900,8993,4819107840,13,899,13,302392,1,6,309,28,2,6139,466,10,0,0.0,5365858304,4112416,82944,0.021548540971707553
901,9003,4824465408,13,900,13,305595,1,6,309,28,2,6139,466,10,0,0.0,5374459904,4112416,82944,0.02235808299155906
902,9013,4829822976,13,901,13,305794,1,6,309,28,2,6139,466,10,0,0.0,5379276800,4112416,82944,0.023192332999315113
903,9023,4835180544,13,902,13,305993,1,6,309,28,2,6139,466,10,0,0.0,5387960320,4112416,82944,0.022177000006195158
904,9033,4840538112,13,903,13,306192,1,6,309,28,2,6139,466,10,0,0.0,5390729216,4112416,82944,0.021737541013862938
905,9043,4845895680,13,904,13,306391,1,6,309,28,2,6139,466,10,0,0.0,5398822912,4112416,82944,0.02183433301979676
906,9053,4851253248,13,905,13,306590,1,6,309,28,2,6139,466,10,0,0.0,5404229632,4112416,82944,0.021912791999056935
907,9063,4856610816,13,906,13,306795,1,6,309,28,2,6139,466,10,0,0.0,5407637504,4112416,82944,0.021562500041909516
908,9073,4861968384,13,907,13,307006,1,6,309,28,2,6139,466,10,0,0.0,5413404672,4112416,82944,0.021724083984736353
909,9083,4867325952,13,908,13,307217,1,6,309,28,2,6139,466,10,0,0.0,5419483136,4112416,82944,0.021792916988488287
910,9093,4872683520,13,909,13,307428,1,6,309,28,2,6139,466,10,0,0.0,5423693824,4112416,82944,0.021708707965444773
911,9103,4878041088,13,910,13,307639,1,6,309,28,2,6139,466,10,0,0.0,5427249152,4112416,82944,0.021414916962385178
912,9113,4883398656,13,911,13,307850,1,6,309,28,2,6139,466,10,0,0.0,5434802176,4112416,82944,0.02189970895415172
913,9123,4888756224,13,912,13,308061,1,6,309,28,2,6139,466,10,0,0.0,5442371584,4112416,82944,0.022068082995247096
914,9133,4894113792,13,913,13,308272,1,6,309,28,2,6139,466,10,0,0.0,5446221824,4112416,82944,0.02157433400861919
915,9143,4899471360,13,914,13,308483,1,6,309,28,2,6139,466,10,0,0.0,5450481664,4112416,82944,0.021226125012617558
916,9153,4904828928,13,915,13,308694,1,6,309,28,2,6139,466,10,0,0.0,5459951616,4112416,82944,0.02176887495443225
917,9163,4910186496,13,916,13,308905,1,6,309,28,2,6139,466,10,0,0.0,5464817664,4112416,82944,0.021397124975919724
918,9173,4915544064,13,917,13,309116,1,6,309,28,2,6139,466,10,0,0.0,5468274688,4112416,82944,0.021511125029064715
919,9183,4920901632,13,918,13,309327,1,6,309,28,2,6139,466,10,0,0.0,5473927168,4112416,82944,0.021465166995767504
920,9193,4926259200,13,919,13,309538,1,6,309,28,2,6139,466,10,0,0.0,5478105088,4112416,82944,0.021399500023107976
921,9203,4931616768,13,920,13,309749,1,6,309,28,2,6139,466,10,0,0.0,5485756416,4112416,82944,0.02161366696236655
922,9213,4936974336,13,921,13,309960,1,6,309,28,2,6139,466,10,0,0.0,5491884032,4112416,82944,0.021844625007361174
923,9223,4942331904,13,922,13,310171,1,6,309,28,2,6139,466,10,0,0.0,5498634240,4112416,82944,0.02169937500730157
924,9233,4947689472,13,923,13,310382,1,6,309,28,2,6139,466,10,0,0.0,5502205952,4112416,82944,0.021376249962486327
925,9243,4953047040,13,924,13,310593,1,6,309,28,2,6139,466,10,0,0.0,5508481024,4112416,82944,0.02151670795865357
926,9253,4958404608,13,925,13,313796,1,6,309,28,2,6139,466,10,0,0.0,5515952128,4112416,82944,0.02235454198671505
927,9263,4963762176,13,926,13,313995,1,6,309,28,2,6139,466,10,0,0.0,5521375232,4112416,82944,0.021742541051935405
928,9273,4969119744,13,927,13,314194,1,6,309,28,2,6139,466,10,0,0.0,5526257664,4112416,82944,0.021782458992674947
929,9283,4974477312,13,928,13,314393,1,6,309,28,2,6139,466,10,0,0.0,5531942912,4112416,82944,0.021368834015447646
930,9293,4979834880,13,929,13,314592,1,6,309,28,2,6139,466,10,0,0.0,5538840576,4112416,82944,0.02224737498909235
931,9303,4985192448,13,930,13,314791,1,6,309,28,2,6139,466,10,0,0.0,5543018496,4112416,82944,0.021423000027425587
932,9313,4990550016,13,931,13,314996,1,6,309,28,2,6139,466,10,0,0.0,5548064768,4112416,82944,0.021616999991238117
933,9323,4995907584,13,932,13,315207,1,6,309,28,2,6139,466,10,0,0.0,5553504256,4112416,82944,0.02139012498082593
934,9333,5001265152,13,933,13,315418,1,6,309,28,2,6139,466,10,0,0.0,5560369152,4112416,82944,0.0217169169918634
935,9343,5006622720,13,934,13,315629,1,6,309,28,2,6139,466,10,0,0.0,5564448768,4112416,82944,0.021822167036589235
936,9353,5011980288,13,935,13,315840,1,6,309,28,2,6139,466,10,0,0.0,5571313664,4112416,82944,0.021895040990784764
937,9363,5017337856,13,936,13,316051,1,6,309,28,2,6139,466,10,0,0.0,5574967296,4112416,82944,0.021721708006225526
938,9373,5022695424,13,937,13,316262,1,6,309,28,2,6139,466,10,0,0.0,5581897728,4112416,82944,0.021959791949484497
939,9383,5028052992,13,938,13,316473,1,6,309,28,2,6139,466,10,0,0.0,5587386368,4112416,82944,0.02203204104444012
940,9393,5033410560,13,939,13,316684,1,6,309,28,2,6139,466,10,0,0.0,5592940544,4112416,82944,0.02192033303435892
941,9403,5038768128,13,940,13,316895,1,6,309,28,2,6139,466,10,0,0.0,5599723520,4112416,82944,0.02346383297117427
942,9413,5044125696,13,941,13,317106,1,6,309,28,2,6139,466,10,0,0.0,5605900288,4112416,82944,0.023262625036295503
943,9423,5049483264,13,942,13,317317,1,6,309,28,2,6139,466,10,0,0.0,5613404160,4112416,82944,0.022203999978955835
944,9433,5054840832,13,943,13,317528,1,6,309,28,2,6139,466,10,0,0.0,5616959488,4112416,82944,0.021902083011809736
945,9443,5060198400,13,944,13,317739,1,6,309,28,2,6139,466,10,0,0.0,5621776384,4112416,82944,0.021900749998167157
946,9453,5065555968,13,945,13,317950,1,6,309,28,2,6139,466,10,0,0.0,5628116992,4112416,82944,0.02181125001516193
947,9463,5070913536,13,946,13,318161,1,6,309,28,2,6139,466,10,0,0.0,5632196608,4112416,82944,0.021496874978765845
948,9473,5076271104,13,947,13,318372,1,6,309,28,2,6139,466,10,0,0.0,5637619712,4112416,82944,0.02142541599459946
949,9483,5081628672,13,948,13,318583,1,6,309,28,2,6139,466,10,0,0.0,5644353536,4112416,82944,0.02153483300935477
950,9493,5086986240,13,949,13,318794,1,6,309,28,2,6139,466,10,0,0.0,5650055168,4112416,82944,0.02154770802007988
951,9503,5092343808,13,950,13,321997,1,6,309,28,2,6139,466,10,0,0.0,5660999680,4112416,82944,0.02297191700199619
952,9513,5097701376,13,951,13,322196,1,6,309,28,2,6139,466,10,0,0.0,5664030720,4112416,82944,0.02216283301822841
953,9523,5103058944,13,952,13,322395,1,6,309,28,2,6139,466,10,0,0.0,5666750464,4112416,82944,0.02195245900657028
954,9533,5108416512,13,953,13,322594,1,6,309,28,2,6139,466,10,0,0.0,5671665664,4112416,82944,0.022336416004691273
955,9543,5113774080,13,954,13,322793,1,6,309,28,2,6139,466,10,0,0.0,5678694400,4112416,82944,0.022295915987342596
956,9553,5119131648,13,955,13,322992,1,6,309,28,2,6139,466,10,0,0.0,5684199424,4112416,82944,0.022250458016060293
957,9563,5124489216,13,956,13,323197,1,6,309,28,2,6139,466,10,0,0.0,5690933248,4112416,82944,0.023035750025883317
958,9573,5129846784,13,957,13,323408,1,6,309,28,2,6139,466,10,0,0.0,5696077824,4112416,82944,0.02361695800209418
959,9583,5135204352,13,958,13,323619,1,6,309,28,2,6139,466,10,0,0.0,5700222976,4112416,82944,0.022442458022851497
960,9593,5140561920,13,959,13,323830,1,6,309,28,2,6139,466,10,0,0.0,5706350592,4112416,82944,0.022269500012043864
961,9603,5145919488,13,960,13,324041,1,6,309,28,2,6139,466,10,0,0.0,5713920000,4112416,82944,0.022620457981247455
962,9613,5151277056,13,961,13,324252,1,6,309,28,2,6139,466,10,0,0.0,5719425024,4112416,82944,0.02280887501547113
963,9623,5156634624,13,962,13,324463,1,6,309,28,2,6139,466,10,0,0.0,5724192768,4112416,82944,0.022432749974541366
964,9633,5161992192,13,963,13,324674,1,6,309,28,2,6139,466,10,0,0.0,5729615872,4112416,82944,0.022555875009857118
965,9643,5167349760,13,964,13,324885,1,6,309,28,2,6139,466,10,0,0.0,5734498304,4112416,82944,0.0225015829782933
966,9653,5172707328,13,965,13,325096,1,6,309,28,2,6139,466,10,0,0.0,5739905024,4112416,82944,0.022646416968200356
967,9663,5178064896,13,966,13,325307,1,6,309,28,2,6139,466,10,0,0.0,5747359744,4112416,82944,0.02229116699891165
968,9673,5183422464,13,967,13,325518,1,6,309,28,2,6139,466,10,0,0.0,5750439936,4112416,82944,0.022419959015678614
969,9683,5188780032,13,968,13,325729,1,6,309,28,2,6139,466,10,0,0.0,5757911040,4112416,82944,0.02241470798617229
970,9693,5194137600,13,969,13,325940,1,6,309,28,2,6139,466,10,0,0.0,5761433600,4112416,82944,0.022263457998633385
971,9703,5199495168,13,970,13,326151,1,6,309,28,2,6139,466,10,0,0.0,5766938624,4112416,82944,0.022264375002123415
972,9713,5204852736,13,971,13,326362,1,6,309,28,2,6139,466,10,0,0.0,5774344192,4112416,82944,0.022103708004578948
973,9723,5210210304,13,972,13,326573,1,6,309,28,2,6139,466,10,0,0.0,5777211392,4112416,82944,0.021796333021484315
974,9733,5215567872,13,973,13,326784,1,6,309,28,2,6139,466,10,0,0.0,5783306240,4112416,82944,0.021612958051264286
975,9743,5220925440,13,974,13,326995,1,6,309,28,2,6139,466,10,0,0.0,5789024256,4112416,82944,0.021821666974574327
976,9753,5226283008,13,975,13,330198,1,6,309,28,2,6139,466,10,0,0.0,5800067072,4112416,82944,0.023371292045339942
977,9763,5231640576,13,976,13,330397,1,6,309,28,2,6139,466,10,0,0.0,5804851200,4112416,82944,0.02204729098593816
978,9773,5236998144,13,977,13,330596,1,6,309,28,2,6139,466,10,0,0.0,5808209920,4112416,82944,0.021786707977298647
979,9783,5242355712,13,978,13,330795,1,6,309,28,2,6139,466,10,0,0.0,5812912128,4112416,82944,0.02152870799181983
980,9793,5247713280,13,979,13,330994,1,6,309,28,2,6139,466,10,0,0.0,5817925632,4112416,82944,0.021957999968435615
981,9803,5253070848,13,980,13,331193,1,6,309,28,2,6139,466,10,0,0.0,5822889984,4112416,82944,0.022302625002339482
982,9813,5258428416,13,981,13,331398,1,6,309,28,2,6139,466,10,0,0.0,5828984832,4112416,82944,0.02629462501499802
983,9823,5263785984,13,982,13,331609,1,6,309,28,2,6139,466,10,0,0.0,5833867264,4112416,82944,0.02673312503611669
984,9833,5269143552,13,983,13,331820,1,6,309,28,2,6139,466,10,0,0.0,5841305600,4112416,82944,0.027145750005729496
985,9843,5274501120,13,984,13,332031,1,6,309,28,2,6139,466,10,0,0.0,5847842816,4112416,82944,0.026401165989227593
986,9853,5279858688,13,985,13,332242,1,6,309,28,2,6139,466,10,0,0.0,5852807168,4112416,82944,0.026523667038418353
987,9863,5285216256,13,986,13,332453,1,6,309,28,2,6139,466,10,0,0.0,5860409344,4112416,82944,0.023162333003710955
988,9873,5290573824,13,987,13,332664,1,6,309,28,2,6139,466,10,0,0.0,5864554496,4112416,82944,0.021561959001701325
989,9883,5295931392,13,988,13,332875,1,6,309,28,2,6139,466,10,0,0.0,5871419392,4112416,82944,0.02178387501044199
990,9893,5301288960,13,989,13,333086,1,6,309,28,2,6139,466,10,0,0.0,5876137984,4112416,82944,0.0215038750320673
991,9903,5306646528,13,990,13,333297,1,6,309,28,2,6139,466,10,0,0.0,5882265600,4112416,82944,0.021725540980696678
992,9913,5312004096,13,991,13,333508,1,6,309,28,2,6139,466,10,0,0.0,5887082496,4112416,82944,0.021681457990780473
993,9923,5317361664,13,992,13,333719,1,6,309,28,2,6139,466,10,0,0.0,5892767744,4112416,82944,0.021727000013925135
994,9933,5322719232,13,993,13,333930,1,6,309,28,2,6139,466,10,0,0.0,5899075584,4112416,82944,0.0216925410204567
995,9943,5328076800,13,994,13,334141,1,6,309,28,2,6139,466,10,0,0.0,5905793024,4112416,82944,0.021880541986320168
996,9953,5333434368,13,995,13,334352,1,6,309,28,2,6139,466,10,0,0.0,5910036480,4112416,82944,0.021381290978752077
997,9963,5338791936,13,996,13,334563,1,6,309,28,2,6139,466,10,0,0.0,5914165248,4112416,82944,0.02202383300755173
998,9973,5344149504,13,997,13,334774,1,6,309,28,2,6139,466,10,0,0.0,5921636352,4112416,82944,0.02207970799645409
999,9983,5349507072,13,998,13,334985,1,6,309,28,2,6139,466,10,0,0.0,5925306368,4112416,82944,0.02164245897438377
1000,9993,5354864640,13,999,13,335196,1,6,309,28,2,6139,466,10,0,0.0,5933514752,4112416,82944,0.02203895797720179
1001,10003,5360222208,13,1000,13,338399,1,6,309,28,2,6139,466,10,0,0.0,5943721984,4112416,82944,0.022067249985411763
1002,10013,5365579776,13,1001,13,338598,1,6,309,28,2,6139,466,10,0,0.0,5948964864,4112416,82944,0.02164145902497694
1003,10023,5370937344,13,1002,13,338797,1,6,309,28,2,6139,466,10,0,0.0,5955747840,4112416,82944,0.022037042013835162
1004,10033,5376294912,13,1003,13,338996,1,6,309,28,2,6139,466,10,0,0.0,5960056832,4112416,82944,0.021819041983690113
1005,10043,5381652480,13,1004,13,339195,1,6,309,28,2,6139,466,10,0,0.0,5962235904,4112416,82944,0.02149341703625396
1006,10053,5387010048,13,1005,13,339394,1,6,309,28,2,6139,466,10,0,0.0,5969575936,4112416,82944,0.02147929201601073
1007,10063,5392367616,13,1006,13,339599,1,6,309,28,2,6139,466,10,0,0.0,5975359488,4112416,82944,0.02191612496972084
1008,10073,5397725184,13,1007,13,339810,1,6,309,28,2,6139,466,10,0,0.0,5981454336,4112416,82944,0.021532999991904944
1009,10083,5403082752,13,1008,13,340021,1,6,309,28,2,6139,466,10,0,0.0,5987598336,4112416,82944,0.021554749982897192
1010,10093,5408440320,13,1009,13,340232,1,6,309,28,2,6139,466,10,0,0.0,5993709568,4112416,82944,0.022028791019693017
1011,10103,5413797888,13,1010,13,340443,1,6,309,28,2,6139,466,10,0,0.0,5999345664,4112416,82944,0.02147433301433921
1012,10113,5419155456,13,1011,13,340654,1,6,309,28,2,6139,466,10,0,0.0,6005014528,4112416,82944,0.02173274999950081
1013,10123,5424513024,13,1012,13,340865,1,6,309,28,2,6139,466,10,0,0.0,6009782272,4112416,82944,0.02152904198737815
1014,10133,5429870592,13,1013,13,341076,1,6,309,28,2,6139,466,10,0,0.0,6013911040,4112416,82944,0.02138158300658688
1015,10143,5435228160,13,1014,13,341287,1,6,309,28,2,6139,466,10,0,0.0,6018646016,4112416,82944,0.021727666025981307
1016,10153,5440585728,13,1015,13,341498,1,6,309,28,2,6139,466,10,0,0.0,6026788864,4112416,82944,0.021938583988230675
1017,10163,5445943296,13,1016,13,341709,1,6,309,28,2,6139,466,10,0,0.0,6030327808,4112416,82944,0.021408542001154274
1018,10173,5451300864,13,1017,13,341920,1,6,309,28,2,6139,466,10,0,0.0,6036865024,4112416,82944,0.02178983303019777
1019,10183,5456658432,13,1018,13,342131,1,6,309,28,2,6139,466,10,0,0.0,6043025408,4112416,82944,0.0217003749567084
1020,10193,5462016000,13,1019,13,342342,1,6,309,28,2,6139,466,10,0,0.0,6047825920,4112416,82944,0.02162566699553281
1021,10203,5467373568,13,1020,13,342553,1,6,309,28,2,6139,466,10,0,0.0,6054592512,4112416,82944,0.023029792006127536
1022,10213,5472731136,13,1021,13,342764,1,6,309,28,2,6139,466,10,0,0.0,6059327488,4112416,82944,0.022512333001941442
1023,10223,5478088704,13,1022,13,342975,1,6,309,28,2,6139,466,10,0,0.0,6066192384,4112416,82944,0.021356041019316763
1024,10233,5483446272,13,1023,13,343186,1,6,309,28,2,6139,466,10,0,0.0,6070894592,4112416,82944,0.021606250025797635
1025,10243,5488803840,13,1024,13,343397,1,6,309,28,2,6139,466,10,0,0.0,6077759488,4112416,82944,0.021681874990463257
1026,10253,5494161408,13,1025,13,346600,1,6,309,28,2,6139,466,10,0,0.0,6087327744,4112416,82944,0.022060499992221594
1027,10263,5499518976,13,1026,13,346799,1,6,309,28,2,6139,466,10,0,0.0,6089768960,4112416,82944,0.02135279099456966
1028,10273,5504876544,13,1027,13,346998,1,6,309,28,2,6139,466,10,0,0.0,6096568320,4112416,82944,0.021437374991364777
1029,10283,5510234112,13,1028,13,347197,1,6,309,28,2,6139,466,10,0,0.0,6102827008,4112416,82944,0.021922499989159405
1030,10293,5515591680,13,1029,13,347396,1,6,309,28,2,6139,466,10,0,0.0,6105006080,4112416,82944,0.021493749984074384
1031,10303,5520949248,13,1030,13,347595,1,6,309,28,2,6139,466,10,0,0.0,6111281152,4112416,82944,0.02185575000476092
1032,10313,5526306816,13,1031,13,347800,1,6,309,28,2,6139,466,10,0,0.0,6118916096,4112416,82944,0.02165562502341345
1033,10323,5531664384,13,1032,13,348011,1,6,309,28,2,6139,466,10,0,0.0,6124339200,4112416,82944,0.022004666971042752
1034,10333,5537021952,13,1033,13,348222,1,6,309,28,2,6139,466,10,0,0.0,6126649344,4112416,82944,0.02138704201206565
1035,10343,5542379520,13,1034,13,348433,1,6,309,28,2,6139,466,10,0,0.0,6134071296,4112416,82944,0.02197841601446271
1036,10353,5547737088,13,1035,13,348644,1,6,309,28,2,6139,466,10,0,0.0,6140198912,4112416,82944,0.02164500002982095
1037,10363,5553094656,13,1036,13,348855,1,6,309,28,2,6139,466,10,0,0.0,6147129344,4112416,82944,0.022670624952297658
1038,10373,5558452224,13,1037,13,349066,1,6,309,28,2,6139,466,10,0,0.0,6151192576,4112416,82944,0.021517459012102336
1039,10383,5563809792,13,1038,13,349277,1,6,309,28,2,6139,466,10,0,0.0,6157926400,4112416,82944,0.022263667022343725
1040,10393,5569167360,13,1039,13,349488,1,6,309,28,2,6139,466,10,0,0.0,6161350656,4112416,82944,0.021421417011879385
1041,10403,5574524928,13,1040,13,349699,1,6,309,28,2,6139,466,10,0,0.0,6165512192,4112416,82944,0.022032042033970356
1042,10413,5579882496,13,1041,13,349910,1,6,309,28,2,6139,466,10,0,0.0,6174031872,4112416,82944,0.022144875023514032
1043,10423,5585240064,13,1042,13,350121,1,6,309,28,2,6139,466,10,0,0.0,6178799616,4112416,82944,0.02157487504882738
1044,10433,5590597632,13,1043,13,350332,1,6,309,28,2,6139,466,10,0,0.0,6185943040,4112416,82944,0.02227604202926159
1045,10443,5595955200,13,1044,13,350543,1,6,309,28,2,6139,466,10,0,0.0,6190039040,4112416,82944,0.02176500001223758
1046,10453,5601312768,13,1045,13,350754,1,6,309,28,2,6139,466,10,0,0.0,6171246592,4112416,82944,0.021708459011279047
1047,10463,5606670336,13,1046,13,350965,1,6,309,28,2,6139,466,10,0,0.0,6175916032,4112416,82944,0.021624332992359996
1048,10473,5612027904,13,1047,13,351176,1,6,309,28,2,6139,466,10,0,0.0,6165331968,4112416,82944,0.021734583016950637
1049,10483,5617385472,13,1048,13,351387,1,6,309,28,2,6139,466,10,0,0.0,6172524544,4112416,82944,0.021741125034168363
1050,10493,5622743040,13,1049,13,351598,1,6,309,28,2,6139,466,10,0,0.0,6158024704,4112416,82944,0.02182166703278199
1051,10503,5628100608,13,1050,13,354801,1,6,309,28,2,6139,466,10,0,0.0,6161383424,4112416,82944,0.022436374973040074
1052,10513,5633458176,13,1051,13,355000,1,6,309,28,2,6139,466,10,0,0.0,6154207232,4112416,82944,0.025321208056993783
1053,10523,5638815744,13,1052,13,355199,1,6,309,28,2,6139,466,10,0,0.0,6155681792,4112416,82944,0.021993957983795553
1054,10533,5644173312,13,1053,13,355398,1,6,309,28,2,6139,466,10,0,0.0,6159122432,4112416,82944,0.02158162498380989
1055,10543,5649530880,13,1054,13,355597,1,6,309,28,2,6139,466,10,0,0.0,6162710528,4112416,82944,0.0238178750150837
1056,10553,5654888448,13,1055,13,355796,1,6,309,28,2,6139,466,10,0,0.0,6153764864,4112416,82944,0.022377500019501895
1057,10563,5660246016,13,1056,13,356001,1,6,309,28,2,6139,466,10,0,0.0,6157205504,4112416,82944,0.02216724999016151
1058,10573,5665603584,13,1057,13,356212,1,6,309,28,2,6139,466,10,0,0.0,6140231680,4112416,82944,0.022203125001396984
1059,10583,5670961152,13,1058,13,356423,1,6,309,28,2,6139,466,10,0,0.0,6130860032,4112416,82944,0.022339875053148717
1060,10593,5676318720,13,1059,13,356634,1,6,309,28,2,6139,466,10,0,0.0,6134415360,4112416,82944,0.021954708034172654
1061,10603,5681676288,13,1060,13,356845,1,6,309,28,2,6139,466,10,0,0.0,6118195200,4112416,82944,0.022304875019472092
1062,10613,5687033856,13,1061,13,357056,1,6,309,28,2,6139,466,10,0,0.0,6125666304,4112416,82944,0.022136083047371358
1063,10623,5692391424,13,1062,13,357267,1,6,309,28,2,6139,466,10,0,0.0,6129057792,4112416,82944,0.02210779202869162
1064,10633,5697748992,13,1063,13,357478,1,6,309,28,2,6139,466,10,0,0.0,6110298112,4112416,82944,0.022442999994382262
1065,10643,5703106560,13,1064,13,357689,1,6,309,28,2,6139,466,10,0,0.0,6119178240,4112416,82944,0.022711750003509223
1066,10653,5708464128,13,1065,13,357900,1,6,309,28,2,6139,466,10,0,0.0,6098747392,4112416,82944,0.022236832999624312
1067,10663,5713821696,13,1066,13,358111,1,6,309,28,2,6139,466,10,0,0.0,6105612288,4112416,82944,0.023303500027395785
1068,10673,5719179264,13,1067,13,358322,1,6,309,28,2,6139,466,10,0,0.0,6086901760,4112416,82944,0.022689750010613352
1069,10683,5724536832,13,1068,13,358533,1,6,309,28,2,6139,466,10,0,0.0,6091063296,4112416,82944,0.02217725000809878
1070,10693,5729894400,13,1069,13,358744,1,6,309,28,2,6139,466,10,0,0.0,6096666624,4112416,82944,0.022234958014450967
1071,10703,5735251968,13,1070,13,358955,1,6,309,28,2,6139,466,10,0,0.0,6068912128,4112416,82944,0.022543750004842877
1072,10713,5740609536,13,1071,13,359166,1,6,309,28,2,6139,466,10,0,0.0,6073663488,4112416,82944,0.021786375029478222
1073,10723,5745967104,13,1072,13,359377,1,6,309,28,2,6139,466,10,0,0.0,6079430656,4112416,82944,0.021852791018318385
1074,10733,5751324672,13,1073,13,359588,1,6,309,28,2,6139,466,10,0,0.0,6082183168,4112416,82944,0.021867458010092378
1075,10743,5756682240,13,1074,13,359799,1,6,309,28,2,6139,466,10,0,0.0,6059819008,4112416,82944,0.02244229195639491
1076,10753,5762039808,13,1075,13,363002,1,6,309,28,2,6139,466,10,0,0.0,6068224000,4112416,82944,0.022699458000715822
1077,10763,5767397376,13,1076,13,363201,1,6,309,28,2,6139,466,10,0,0.0,6056706048,4112416,82944,0.022696625033859164
1078,10773,5772754944,13,1077,13,363400,1,6,309,28,2,6139,466,10,0,0.0,6060228608,4112416,82944,0.02190474997041747
1079,10783,5778112512,13,1078,13,363599,1,6,309,28,2,6139,466,10,0,0.0,6049054720,4112416,82944,0.022420083987526596
1080,10793,5783470080,13,1079,13,363798,1,6,309,28,2,6139,466,10,0,0.0,6042746880,4112416,82944,0.022579708020202816
1081,10803,5788827648,13,1080,13,363997,1,6,309,28,2,6139,466,10,0,0.0,6035800064,4112416,82944,0.02210258401464671
1082,10813,5794185216,13,1081,13,364202,1,6,309,28,2,6139,466,10,0,0.0,6042288128,4112416,82944,0.022067208017688245
1083,10823,5799542784,13,1082,13,364413,1,6,309,28,2,6139,466,10,0,0.0,6019055616,4112416,82944,0.022118624998256564
1084,10833,5804900352,13,1083,13,364624,1,6,309,28,2,6139,466,10,0,0.0,6023725056,4112416,82944,0.021791167033370584
1085,10843,5810257920,13,1084,13,364835,1,6,309,28,2,6139,466,10,0,0.0,6021185536,4112416,82944,0.021800292015541345
1086,10853,5815615488,13,1085,13,365046,1,6,309,28,2,6139,466,10,0,0.0,6005817344,4112416,82944,0.022374332998879254
1087,10863,5820973056,13,1086,13,365257,1,6,309,28,2,6139,466,10,0,0.0,6012125184,4112416,82944,0.021701582998503
1088,10873,5826330624,13,1087,13,365468,1,6,309,28,2,6139,466,10,0,0.0,6014271488,4112416,82944,0.022283750004135072
1089,10883,5831688192,13,1088,13,365679,1,6,309,28,2,6139,466,10,0,0.0,5995020288,4112416,82944,0.02229262498440221
1090,10893,5837045760,13,1089,13,365890,1,6,309,28,2,6139,466,10,0,0.0,5999788032,4112416,82944,0.022187541995663196
1091,10903,5842403328,13,1090,13,366101,1,6,309,28,2,6139,466,10,0,0.0,5977817088,4112416,82944,0.022008416999597102
1092,10913,5847760896,13,1091,13,366312,1,6,309,28,2,6139,466,10,0,0.0,5982633984,4112416,82944,0.02210966602433473
1093,10923,5853118464,13,1092,13,366523,1,6,309,28,2,6139,466,10,0,0.0,5969887232,4112416,82944,0.022142665984574705
1094,10933,5858476032,13,1093,13,366734,1,6,309,28,2,6139,466,10,0,0.0,5975359488,4112416,82944,0.021855292026884854
1095,10943,5863833600,13,1094,13,366945,1,6,309,28,2,6139,466,10,0,0.0,5966462976,4112416,82944,0.021750541985966265
1096,10953,5869191168,13,1095,13,367156,1,6,309,28,2,6139,466,10,0,0.0,5967396864,4112416,82944,0.021828124998137355
1097,10963,5874548736,13,1096,13,367367,1,6,309,28,2,6139,466,10,0,0.0,5971116032,4112416,82944,0.02168149995850399
1098,10973,5879906304,13,1097,13,367578,1,6,309,28,2,6139,466,10,0,0.0,5948030976,4112416,82944,0.02503666700795293
1099,10983,5885263872,13,1098,13,367789,1,6,309,28,2,6139,466,10,0,0.0,5956272128,4112416,82944,0.02423300000373274
1100,10993,5890621440,13,1099,13,368000,1,6,309,28,2,6139,466,10,0,0.0,5932154880,4112416,82944,0.022271958994679153
1101,11003,5895979008,13,1100,13,371203,1,6,309,28,2,6139,466,10,0,0.0,5943459840,4112416,82944,0.02218091703252867
1102,11013,5901336576,13,1101,13,371402,1,6,309,28,2,6139,466,10,0,0.0,5919260672,4112416,82944,0.02196754200849682
1103,11023,5906694144,13,1102,13,371601,1,6,309,28,2,6139,466,10,0,0.0,5921406976,4112416,82944,0.021644458989612758
1104,11033,5912051712,13,1103,13,371800,1,6,309,28,2,6139,466,10,0,0.0,5926895616,4112416,82944,0.021589375042822212
1105,11043,5917409280,13,1104,13,371999,1,6,309,28,2,6139,466,10,0,0.0,5910396928,4112416,82944,0.021981665981002152
1106,11053,5922766848,13,1105,13,372198,1,6,309,28,2,6139,466,10,0,0.0,5915000832,4112416,82944,0.021762709016911685
1107,11063,5928124416,13,1106,13,372403,1,6,309,28,2,6139,466,10,0,0.0,5921177600,4112416,82944,0.021670958027243614
1108,11073,5933481984,13,1107,13,372614,1,6,309,28,2,6139,466,10,0,0.0,5925109760,4112416,82944,0.021628041984513402
1109,11083,5938839552,13,1108,13,372825,1,6,309,28,2,6139,466,10,0,0.0,5890818048,4112416,82944,0.021855333994608372
1110,11093,5944197120,13,1109,13,373036,1,6,309,28,2,6139,466,10,0,0.0,5895651328,4112416,82944,0.022005749982781708
1111,11103,5949554688,13,1110,13,373247,1,6,309,28,2,6139,466,10,0,0.0,5901287424,4112416,82944,0.02199395897332579
1112,11113,5954912256,13,1111,13,373458,1,6,309,28,2,6139,466,10,0,0.0,5906022400,4112416,82944,0.021788916958030313
1113,11123,5960269824,13,1112,13,373669,1,6,309,28,2,6139,466,10,0,0.0,5911674880,4112416,82944,0.02255220798542723
1114,11133,5965627392,13,1113,13,373880,1,6,309,28,2,6139,466,10,0,0.0,5905104896,4112416,82944,0.022209082962945104
1115,11143,5970984960,13,1114,13,374091,1,6,309,28,2,6139,466,10,0,0.0,5908496384,4112416,82944,0.0216671249945648
1116,11153,5976342528,13,1115,13,374302,1,6,309,28,2,6139,466,10,0,0.0,5897781248,4112416,82944,0.02165487501770258
1117,11163,5981700096,13,1116,13,374513,1,6,309,28,2,6139,466,10,0,0.0,5875744768,4112416,82944,0.0223310409928672
1118,11173,5987057664,13,1117,13,374724,1,6,309,28,2,6139,466,10,0,0.0,5879119872,4112416,82944,0.021674167015589774
1119,11183,5992415232,13,1118,13,374935,1,6,309,28,2,6139,466,10,0,0.0,5884805120,4112416,82944,0.021683541999664158
1120,11193,5997772800,13,1119,13,375146,1,6,309,28,2,6139,466,10,0,0.0,5867814912,4112416,82944,0.02186249999795109
1121,11203,6003130368,13,1120,13,375357,1,6,309,28,2,6139,466,10,0,0.0,5870649344,4112416,82944,0.021725500002503395
1122,11213,6008487936,13,1121,13,375568,1,6,309,28,2,6139,466,10,0,0.0,5875482624,4112416,82944,0.02169541601324454
1123,11223,6013845504,13,1122,13,375779,1,6,309,28,2,6139,466,10,0,0.0,5852495872,4112416,82944,0.022013625013642013
1124,11233,6019203072,13,1123,13,375990,1,6,309,28,2,6139,466,10,0,0.0,5853970432,4112416,82944,0.02155354100978002
1125,11243,6024560640,13,1124,13,376201,1,6,309,28,2,6139,466,10,0,0.0,5860098048,4112416,82944,0.021881000022403896
1126,11253,6029918208,13,1125,13,379404,1,6,309,28,2,6139,466,10,0,0.0,5838176256,4112416,82944,0.02247858402552083
1127,11263,6035275776,13,1126,13,379603,1,6,309,28,2,6139,466,10,0,0.0,5845106688,4112416,82944,0.021733666013460606
1128,11273,6040633344,13,1127,13,379802,1,6,309,28,2,6139,466,10,0,0.0,5850480640,4112416,82944,0.021775542001705617
1129,11283,6045990912,13,1128,13,380001,1,6,309,28,2,6139,466,10,0,0.0,5831114752,4112416,82944,0.021968457964248955
1130,11293,6051348480,13,1129,13,380200,1,6,309,28,2,6139,466,10,0,0.0,5837160448,4112416,82944,0.02170245803426951
1131,11303,6056706048,13,1130,13,380399,1,6,309,28,2,6139,466,10,0,0.0,5815156736,4112416,82944,0.022138709027785808
1132,11313,6062063616,13,1131,13,380604,1,6,309,28,2,6139,466,10,0,0.0,5817892864,4112416,82944,0.022011208988260478
1133,11323,6067421184,13,1132,13,380815,1,6,309,28,2,6139,466,10,0,0.0,5824479232,4112416,82944,0.02206624997779727
1134,11333,6072778752,13,1133,13,381026,1,6,309,28,2,6139,466,10,0,0.0,5797281792,4112416,82944,0.022173917037434876
1135,11343,6078136320,13,1134,13,381237,1,6,309,28,2,6139,466,10,0,0.0,5802098688,4112416,82944,0.021703583013731986
1136,11353,6083493888,13,1135,13,381448,1,6,309,28,2,6139,466,10,0,0.0,5791973376,4112416,82944,0.022213666001334786
1137,11363,6088851456,13,1136,13,381659,1,6,309,28,2,6139,466,10,0,0.0,5793382400,4112416,82944,0.021432415989693254
1138,11373,6094209024,13,1137,13,381870,1,6,309,28,2,6139,466,10,0,0.0,5800755200,4112416,82944,0.0217441669665277
1139,11383,6099566592,13,1138,13,382081,1,6,309,28,2,6139,466,10,0,0.0,5779734528,4112416,82944,0.02234929200494662
1140,11393,6104924160,13,1139,13,382292,1,6,309,28,2,6139,466,10,0,0.0,5785894912,4112416,82944,0.02172816701931879
1141,11403,6110281728,13,1140,13,382503,1,6,309,28,2,6139,466,10,0,0.0,5767348224,4112416,82944,0.022064290998969227
1142,11413,6115639296,13,1141,13,382714,1,6,309,28,2,6139,466,10,0,0.0,5770133504,4112416,82944,0.02157949999673292
1143,11423,6120996864,13,1142,13,382925,1,6,309,28,2,6139,466,10,0,0.0,5753241600,4112416,82944,0.022132541052997112
1144,11433,6126354432,13,1143,13,383136,1,6,309,28,2,6139,466,10,0,0.0,5759123456,4112416,82944,0.022001042030751705
1145,11443,6131712000,13,1144,13,383347,1,6,309,28,2,6139,466,10,0,0.0,5763203072,4112416,82944,0.021919541992247105
1146,11453,6137069568,13,1145,13,383558,1,6,309,28,2,6139,466,10,0,0.0,5744181248,4112416,82944,0.022513333009555936
1147,11463,6142427136,13,1146,13,383769,1,6,309,28,2,6139,466,10,0,0.0,5748965376,4112416,82944,0.0219086249708198
1148,11473,6147784704,13,1147,13,383980,1,6,309,28,2,6139,466,10,0,0.0,5722292224,4112416,82944,0.021386332984548062
1149,11483,6153142272,13,1148,13,384191,1,6,309,28,2,6139,466,10,0,0.0,5727780864,4112416,82944,0.02182774996617809
1150,11493,6158499840,13,1149,13,384402,1,6,309,28,2,6139,466,10,0,0.0,5732597760,4112416,82944,0.021475834015291184
1151,11503,6163857408,13,1150,13,387605,1,6,309,28,2,6139,466,10,0,0.0,5717065728,4112416,82944,0.022761625004932284
1152,11513,6169214976,13,1151,13,387804,1,6,309,28,2,6139,466,10,0,0.0,5723160576,4112416,82944,0.021593292010948062
1153,11523,6174572544,13,1152,13,388003,1,6,309,28,2,6139,466,10,0,0.0,5704794112,4112416,82944,0.022936708002816886
1154,11533,6179930112,13,1153,13,388202,1,6,309,28,2,6139,466,10,0,0.0,5710512128,4112416,82944,0.021584125002846122
1155,11543,6185287680,13,1154,13,388401,1,6,309,28,2,6139,466,10,0,0.0,5693865984,4112416,82944,0.021809500001836568
1156,11553,6190645248,13,1155,13,388600,1,6,309,28,2,6139,466,10,0,0.0,5669535744,4112416,82944,0.02148191601736471
1157,11563,6196002816,13,1156,13,388805,1,6,309,28,2,6139,466,10,0,0.0,5674762240,4112416,82944,0.022712290985509753
1158,11573,6201360384,13,1157,13,389016,1,6,309,28,2,6139,466,10,0,0.0,5680234496,4112416,82944,0.022892292006872594
1159,11583,6206717952,13,1158,13,389227,1,6,309,28,2,6139,466,10,0,0.0,5656346624,4112416,82944,0.02244795800652355
1160,11593,6212075520,13,1159,13,389438,1,6,309,28,2,6139,466,10,0,0.0,5661016064,4112416,82944,0.02209708298323676
1161,11603,6217433088,13,1160,13,389649,1,6,309,28,2,6139,466,10,0,0.0,5650595840,4112416,82944,0.02210158301750198
1162,11613,6222790656,13,1161,13,389860,1,6,309,28,2,6139,466,10,0,0.0,5656707072,4112416,82944,0.022100750007666647
1163,11623,6228148224,13,1162,13,390071,1,6,309,28,2,6139,466,10,0,0.0,5639405568,4112416,82944,0.022015958034899086
1164,11633,6233505792,13,1163,13,390282,1,6,309,28,2,6139,466,10,0,0.0,5642829824,4112416,82944,0.022741208027582616
1165,11643,6238863360,13,1164,13,390493,1,6,309,28,2,6139,466,10,0,0.0,5649465344,4112416,82944,0.02324129198677838
1166,11653,6244220928,13,1165,13,390704,1,6,309,28,2,6139,466,10,0,0.0,5627379712,4112416,82944,0.0224003330222331
1167,11663,6249578496,13,1166,13,390915,1,6,309,28,2,6139,466,10,0,0.0,5632983040,4112416,82944,0.02227537502767518
1168,11673,6254936064,13,1167,13,391126,1,6,309,28,2,6139,466,10,0,0.0,5615386624,4112416,82944,0.022396082989871502
1169,11683,6260293632,13,1168,13,391337,1,6,309,28,2,6139,466,10,0,0.0,5623218176,4112416,82944,0.02243483398342505
1170,11693,6265651200,13,1169,13,391548,1,6,309,28,2,6139,466,10,0,0.0,5603000320,4112416,82944,0.022919790993910283
1171,11703,6271008768,13,1170,13,391759,1,6,309,28,2,6139,466,10,0,0.0,5605982208,4112416,82944,0.0226027499884367
1172,11713,6276366336,13,1171,13,391970,1,6,309,28,2,6139,466,10,0,0.0,5611454464,4112416,82944,0.02212304197018966
1173,11723,6281723904,13,1172,13,392181,1,6,309,28,2,6139,466,10,0,0.0,5591433216,4112416,82944,0.021953542018309236
1174,11733,6287081472,13,1173,13,392392,1,6,309,28,2,6139,466,10,0,0.0,5597134848,4112416,82944,0.025589374999981374
1175,11743,6292439040,13,1174,13,392603,1,6,309,28,2,6139,466,10,0,0.0,5579046912,4112416,82944,0.022926250007003546
1176,11753,6297796608,13,1175,13,395806,1,6,309,28,2,6139,466,10,0,0.0,5589221376,4112416,82944,0.023083416977897286
1177,11763,6303154176,13,1176,13,396005,1,6,309,28,2,6139,466,10,0,0.0,5561909248,4112416,82944,0.022569750028196722
1178,11773,6308511744,13,1177,13,396204,1,6,309,28,2,6139,466,10,0,0.0,5565415424,4112416,82944,0.021555333049036562
1179,11783,6313869312,13,1178,13,396403,1,6,309,28,2,6139,466,10,0,0.0,5570904064,4112416,82944,0.02168824995169416
1180,11793,6319226880,13,1179,13,396602,1,6,309,28,2,6139,466,10,0,0.0,5550587904,4112416,82944,0.021642791980411857
1181,11803,6324584448,13,1180,13,396801,1,6,309,28,2,6139,466,10,0,0.0,5554044928,4112416,82944,0.022325041005387902
1182,11813,6329942016,13,1181,13,397006,1,6,309,28,2,6139,466,10,0,0.0,5561122816,4112416,82944,0.022715000028256327
1183,11823,6335299584,13,1182,13,397217,1,6,309,28,2,6139,466,10,0,0.0,5540331520,4112416,82944,0.022411667043343186
1184,11833,6340657152,13,1183,13,397428,1,6,309,28,2,6139,466,10,0,0.0,5543100416,4112416,82944,0.021484749973751605
1185,11843,6346014720,13,1184,13,397639,1,6,309,28,2,6139,466,10,0,0.0,5549195264,4112416,82944,0.021630709001328796
1186,11853,6351372288,13,1185,13,397850,1,6,309,28,2,6139,466,10,0,0.0,5530288128,4112416,82944,0.02190979104489088
1187,11863,6356729856,13,1186,13,398061,1,6,309,28,2,6139,466,10,0,0.0,5514428416,4112416,82944,0.02172591700218618
1188,11873,6362087424,13,1187,13,398272,1,6,309,28,2,6139,466,10,0,0.0,5522128896,4112416,82944,0.02201841596979648
1189,11883,6367444992,13,1188,13,398483,1,6,309,28,2,6139,466,10,0,0.0,5502697472,4112416,82944,0.021716416988056153
1190,11893,6372802560,13,1189,13,398694,1,6,309,28,2,6139,466,10,0,0.0,5507956736,4112416,82944,0.022029667044989765
1191,11903,6378160128,13,1190,13,398905,1,6,309,28,2,6139,466,10,0,0.0,5514149888,4112416,82944,0.0221334170200862
1192,11913,6383517696,13,1191,13,399116,1,6,309,28,2,6139,466,10,0,0.0,5489459200,4112416,82944,0.02217141696019098
1193,11923,6388875264,13,1192,13,399327,1,6,309,28,2,6139,466,10,0,0.0,5497503744,4112416,82944,0.021666791988536716
1194,11933,6394232832,13,1193,13,399538,1,6,309,28,2,6139,466,10,0,0.0,5502943232,4112416,82944,0.021524249983485788
1195,11943,6399590400,13,1194,13,399749,1,6,309,28,2,6139,466,10,0,0.0,5477646336,4112416,82944,0.022053792024962604
1196,11953,6404947968,13,1195,13,399960,1,6,309,28,2,6139,466,10,0,0.0,5482807296,4112416,82944,0.021665874985046685
1197,11963,6410305536,13,1196,13,400171,1,6,309,28,2,6139,466,10,0,0.0,5488951296,4112416,82944,0.021832750004250556
1198,11973,6415663104,13,1197,13,400382,1,6,309,28,2,6139,466,10,0,0.0,5463310336,4112416,82944,0.02165491704363376
1199,11983,6421020672,13,1198,13,400593,1,6,309,28,2,6139,466,10,0,0.0,5467455488,4112416,82944,0.021850874996744096
1200,11993,6426378240,13,1199,13,400804,1,6,309,28,2,6139,466,10,0,0.0,5473239040,4112416,82944,0.02184529200894758
1201,12003,6431735808,13,1200,13,404007,1,6,309,28,2,6139,466,10,0,0.0,5462163456,4112416,82944,0.02215237502241507
1202,12013,6437093376,13,1201,13,404206,1,6,309,28,2,6139,466,10,0,0.0,5438455808,4112416,82944,0.02194383298046887
1203,12023,6442450944,13,1202,13,404405,1,6,309,28,2,6139,466,10,0,0.0,5440552960,4112416,82944,0.021730874956119806
1204,12033,6447808512,13,1203,13,404604,1,6,309,28,2,6139,466,10,0,0.0,5445173248,4112416,82944,0.02176295901881531
1205,12043,6453166080,13,1204,13,404803,1,6,309,28,2,6139,466,10,0,0.0,5425315840,4112416,82944,0.022516250028274953
1206,12053,6458523648,13,1205,13,405002,1,6,309,28,2,6139,466,10,0,0.0,5432082432,4112416,82944,0.022120165987871587
1207,12063,6463881216,13,1206,13,405207,1,6,309,28,2,6139,466,10,0,0.0,5436227584,4112416,82944,0.021455208014231175
1208,12073,6469238784,13,1207,13,405418,1,6,309,28,2,6139,466,10,0,0.0,5418123264,4112416,82944,0.02196004195138812
1209,12083,6474596352,13,1208,13,405629,1,6,309,28,2,6139,466,10,0,0.0,5424447488,4112416,82944,0.021570874960161746
1210,12093,6479953920,13,1209,13,405840,1,6,309,28,2,6139,466,10,0,0.0,5394841600,4112416,82944,0.021852915990166366
1211,12103,6485311488,13,1210,13,406051,1,6,309,28,2,6139,466,10,0,0.0,5400936448,4112416,82944,0.021530124999117106
1212,12113,6490669056,13,1211,13,406262,1,6,309,28,2,6139,466,10,0,0.0,5405130752,4112416,82944,0.022258499986492097
1213,12123,6496026624,13,1212,13,406473,1,6,309,28,2,6139,466,10,0,0.0,5378523136,4112416,82944,0.022408250020816922
1214,12133,6501384192,13,1213,13,406684,1,6,309,28,2,6139,466,10,0,0.0,5383290880,4112416,82944,0.021593249985016882
1215,12143,6506741760,13,1214,13,406895,1,6,309,28,2,6139,466,10,0,0.0,5391368192,4112416,82944,0.021678457967936993
1216,12153,6512099328,13,1215,13,407106,1,6,309,28,2,6139,466,10,0,0.0,5361811456,4112416,82944,0.022636500012595206
1217,12163,6517456896,13,1216,13,407317,1,6,309,28,2,6139,466,10,0,0.0,5365661696,4112416,82944,0.021703625039663166
1218,12173,6522814464,13,1217,13,407528,1,6,309,28,2,6139,466,10,0,0.0,5369708544,4112416,82944,0.021728499967139214
1219,12183,6528172032,13,1218,13,407739,1,6,309,28,2,6139,466,10,0,0.0,5376425984,4112416,82944,0.02194545796373859
1220,12193,6533529600,13,1219,13,407950,1,6,309,28,2,6139,466,10,0,0.0,5350670336,4112416,82944,0.0222754169953987
1221,12203,6538887168,13,1220,13,408161,1,6,309,28,2,6139,466,10,0,0.0,5354340352,4112416,82944,0.02172350004548207
1222,12213,6544244736,13,1221,13,408372,1,6,309,28,2,6139,466,10,0,0.0,5363056640,4112416,82944,0.021840209024958313
1223,12223,6549602304,13,1222,13,408583,1,6,309,28,2,6139,466,10,0,0.0,5338775552,4112416,82944,0.0221095840097405
1224,12233,6554959872,13,1223,13,408794,1,6,309,28,2,6139,466,10,0,0.0,5343674368,4112416,82944,0.021552916965447366
1225,12243,6560317440,13,1224,13,409005,1,6,309,28,2,6139,466,10,0,0.0,5324505088,4112416,82944,0.022041291987989098
1226,12253,6565675008,13,1225,13,412208,1,6,309,28,2,6139,466,10,0,0.0,5325258752,4112416,82944,0.022193084005266428
1227,12263,6571032576,13,1226,13,412407,1,6,309,28,2,6139,466,10,0,0.0,5308350464,4112416,82944,0.021968417044263333
1228,12273,6576390144,13,1227,13,412606,1,6,309,28,2,6139,466,10,0,0.0,5311741952,4112416,82944,0.02152366697555408
1229,12283,6581747712,13,1228,13,412805,1,6,309,28,2,6139,466,10,0,0.0,5317754880,4112416,82944,0.021990333043504506
1230,12293,6587105280,13,1229,13,413004,1,6,309,28,2,6139,466,10,0,0.0,5321195520,4112416,82944,0.021614458004478365
1231,12303,6592462848,13,1230,13,413203,1,6,309,28,2,6139,466,10,0,0.0,5301518336,4112416,82944,0.022540749981999397
1232,12313,6597820416,13,1231,13,413408,1,6,309,28,2,6139,466,10,0,0.0,5306941440,4112416,82944,0.02169579203473404
1233,12323,6603177984,13,1232,13,413619,1,6,309,28,2,6139,466,10,0,0.0,5267537920,4112416,82944,0.022410624951589853
1234,12333,6608535552,13,1233,13,413830,1,6,309,28,2,6139,466,10,0,0.0,5272354816,4112416,82944,0.021951334027107805
1235,12343,6613893120,13,1234,13,414041,1,6,309,28,2,6139,466,10,0,0.0,5278384128,4112416,82944,0.02152737497817725
1236,12353,6619250688,13,1235,13,414252,1,6,309,28,2,6139,466,10,0,0.0,5286608896,4112416,82944,0.022240958001930267
1237,12363,6624608256,13,1236,13,414463,1,6,309,28,2,6139,466,10,0,0.0,5256888320,4112416,82944,0.0270101249916479
1238,12373,6629965824,13,1237,13,414674,1,6,309,28,2,6139,466,10,0,0.0,5261049856,4112416,82944,0.021843333961442113
1239,12383,6635323392,13,1238,13,414885,1,6,309,28,2,6139,466,10,0,0.0,5251760128,4112416,82944,0.021830958023201674
1240,12393,6640680960,13,1239,13,415096,1,6,309,28,2,6139,466,10,0,0.0,5252153344,4112416,82944,0.02214549999916926
1241,12403,6646038528,13,1240,13,415307,1,6,309,28,2,6139,466,10,0,0.0,5257084928,4112416,82944,0.021512334002181888
1242,12413,6651396096,13,1241,13,415518,1,6,309,28,2,6139,466,10,0,0.0,5237981184,4112416,82944,0.02190854196669534
1243,12423,6656753664,13,1242,13,415729,1,6,309,28,2,6139,466,10,0,0.0,5244174336,4112416,82944,0.022083166986703873
1244,12433,6662111232,13,1243,13,415940,1,6,309,28,2,6139,466,10,0,0.0,5248663552,4112416,82944,0.02189054200425744
1245,12443,6667468800,13,1244,13,416151,1,6,309,28,2,6139,466,10,0,0.0,5215305728,4112416,82944,0.0222932500182651
1246,12453,6672826368,13,1245,13,416362,1,6,309,28,2,6139,466,10,0,0.0,5222137856,4112416,82944,0.02438945899484679
1247,12463,6678183936,13,1246,13,416573,1,6,309,28,2,6139,466,10,0,0.0,5224939520,4112416,82944,0.022369957994669676
1248,12473,6683541504,13,1247,13,416784,1,6,309,28,2,6139,466,10,0,0.0,5208850432,4112416,82944,0.022215499950107187
1249,12483,6688899072,13,1248,13,416995,1,6,309,28,2,6139,466,10,0,0.0,5215617024,4112416,82944,0.021729334024712443
1250,12493,6694256640,13,1249,13,417206,1,6,309,28,2,6139,466,10,0,0.0,5219827712,4112416,82944,0.02170179202221334
1251,12503,6699614208,13,1250,13,420409,1,6,309,28,2,6139,466,10,0,0.0,5185306624,4112416,82944,0.02227929199580103
1252,12513,6704971776,13,1251,13,420608,1,6,309,28,2,6139,466,10,0,0.0,5189419008,4112416,82944,0.02166620799107477
1253,12523,6710329344,13,1252,13,420807,1,6,309,28,2,6139,466,10,0,0.0,5196283904,4112416,82944,0.022675166022963822
1254,12533,6715686912,13,1253,13,421006,1,6,309,28,2,6139,466,10,0,0.0,5172068352,4112416,82944,0.022850750014185905
1255,12543,6721044480,13,1254,13,421205,1,6,309,28,2,6139,466,10,0,0.0,5176868864,4112416,82944,0.02208116604015231
1256,12553,6726402048,13,1255,13,421404,1,6,309,28,2,6139,466,10,0,0.0,5181849600,4112416,82944,0.022034291992895305
1257,12563,6731759616,13,1256,13,421609,1,6,309,28,2,6139,466,10,0,0.0,5158518784,4112416,82944,0.02221729198936373
1258,12573,6737117184,13,1257,13,421820,1,6,309,28,2,6139,466,10,0,0.0,5167529984,4112416,82944,0.022400666028261185
1259,12583,6742474752,13,1258,13,422031,1,6,309,28,2,6139,466,10,0,0.0,5169643520,4112416,82944,0.0228050829609856
1260,12593,6747832320,13,1259,13,422242,1,6,309,28,2,6139,466,10,0,0.0,5137416192,4112416,82944,0.022510624956339598
1261,12603,6753189888,13,1260,13,422453,1,6,309,28,2,6139,466,10,0,0.0,5144150016,4112416,82944,0.022256875003222376
1262,12613,6758547456,13,1261,13,422664,1,6,309,28,2,6139,466,10,0,0.0,5148475392,4112416,82944,0.022014749993104488
1263,12623,6763905024,13,1262,13,422875,1,6,309,28,2,6139,466,10,0,0.0,5119934464,4112416,82944,0.022893625020515174
1264,12633,6769262592,13,1263,13,423086,1,6,309,28,2,6139,466,10,0,0.0,5123588096,4112416,82944,0.022251666989177465
1265,12643,6774620160,13,1264,13,423297,1,6,309,28,2,6139,466,10,0,0.0,5128355840,4112416,82944,0.0221393330139108
1266,12653,6779977728,13,1265,13,423508,1,6,309,28,2,6139,466,10,0,0.0,5135073280,4112416,82944,0.02198987500742078
1267,12663,6785335296,13,1266,13,423719,1,6,309,28,2,6139,466,10,0,0.0,5109055488,4112416,82944,0.022704500006511807
1268,12673,6790692864,13,1267,13,423930,1,6,309,28,2,6139,466,10,0,0.0,5115838464,4112416,82944,0.022396374959498644
1269,12683,6796050432,13,1268,13,424141,1,6,309,28,2,6139,466,10,0,0.0,5122785280,4112416,82944,0.022111375001259148
1270,12693,6801408000,13,1269,13,424352,1,6,309,28,2,6139,466,10,0,0.0,5091540992,4112416,82944,0.022148042044136673
1271,12703,6806765568,13,1270,13,424563,1,6,309,28,2,6139,466,10,0,0.0,5098553344,4112416,82944,0.02194249996682629
1272,12713,6812123136,13,1271,13,424774,1,6,309,28,2,6139,466,10,0,0.0,5105369088,4112416,82944,0.022387416975107044
1273,12723,6817480704,13,1272,13,424985,1,6,309,28,2,6139,466,10,0,0.0,5088182272,4112416,82944,0.022177583014126867
1274,12733,6822838272,13,1273,13,425196,1,6,309,28,2,6139,466,10,0,0.0,5092474880,4112416,82944,0.02189004101091996
1275,12743,6828195840,13,1274,13,425407,1,6,309,28,2,6139,466,10,0,0.0,5077532672,4112416,82944,0.022481874970253557
1276,12753,6833553408,13,1275,13,428610,1,6,309,28,2,6139,466,10,0,0.0,5068832768,4112416,82944,0.025933791999705136
1277,12763,6838910976,13,1276,13,428809,1,6,309,28,2,6139,466,10,0,0.0,5071798272,4112416,82944,0.022407458978705108
1278,12773,6844268544,13,1277,13,429008,1,6,309,28,2,6139,466,10,0,0.0,5075238912,4112416,82944,0.02185041701886803
1279,12783,6849626112,13,1278,13,429207,1,6,309,28,2,6139,466,10,0,0.0,5052383232,4112416,82944,0.022088208992499858
1280,12793,6854983680,13,1279,13,429406,1,6,309,28,2,6139,466,10,0,0.0,5056626688,4112416,82944,0.021594749996438622
1281,12803,6860341248,13,1280,13,429605,1,6,309,28,2,6139,466,10,0,0.0,5061459968,4112416,82944,0.021621334017254412
1282,12813,6865698816,13,1281,13,429810,1,6,309,28,2,6139,466,10,0,0.0,5052940288,4112416,82944,0.021948249952401966
1283,12823,6871056384,13,1282,13,430021,1,6,309,28,2,6139,466,10,0,0.0,5059854336,4112416,82944,0.022194874996785074
1284,12833,6876413952,13,1283,13,430232,1,6,309,28,2,6139,466,10,0,0.0,5051449344,4112416,82944,0.021987249958328903
1285,12843,6881771520,13,1284,13,430443,1,6,309,28,2,6139,466,10,0,0.0,5058215936,4112416,82944,0.021832542028278112
1286,12853,6887129088,13,1285,13,430654,1,6,309,28,2,6139,466,10,0,0.0,5063688192,4112416,82944,0.02182008296949789
1287,12863,6892486656,13,1286,13,430865,1,6,309,28,2,6139,466,10,0,0.0,5065883648,4112416,82944,0.022095167019870132
1288,12873,6897844224,13,1287,13,431076,1,6,309,28,2,6139,466,10,0,0.0,5072617472,4112416,82944,0.022262250015046448
1289,12883,6903201792,13,1288,13,431287,1,6,309,28,2,6139,466,10,0,0.0,5077401600,4112416,82944,0.021704624989069998
1290,12893,6908559360,13,1289,13,431498,1,6,309,28,2,6139,466,10,0,0.0,5071519744,4112416,82944,0.021801540977321565
1291,12903,6913916928,13,1290,13,431709,1,6,309,28,2,6139,466,10,0,0.0,5080334336,4112416,82944,0.021767917030956596
1292,12913,6919274496,13,1291,13,431920,1,6,309,28,2,6139,466,10,0,0.0,5048467456,4112416,82944,0.02209208399290219
1293,12923,6924632064,13,1292,13,432131,1,6,309,28,2,6139,466,10,0,0.0,5052153856,4112416,82944,0.021998500043991953
1294,12933,6929989632,13,1293,13,432342,1,6,309,28,2,6139,466,10,0,0.0,5058363392,4112416,82944,0.02151295798830688
1295,12943,6935347200,13,1294,13,432553,1,6,309,28,2,6139,466,10,0,0.0,5063786496,4112416,82944,0.02169575000880286
1296,12953,6940704768,13,1295,13,432764,1,6,309,28,2,6139,466,10,0,0.0,5033902080,4112416,82944,0.022059625014662743
1297,12963,6946062336,13,1296,13,432975,1,6,309,28,2,6139,466,10,0,0.0,5041504256,4112416,82944,0.02148979197954759
1298,12973,6951419904,13,1297,13,433186,1,6,309,28,2,6139,466,10,0,0.0,5047025664,4112416,82944,0.021979874989483505
1299,12983,6956777472,13,1298,13,433397,1,6,309,28,2,6139,466,10,0,0.0,5023219712,4112416,82944,0.022066542005632073
1300,12993,6962135040,13,1299,13,433608,1,6,309,28,2,6139,466,10,0,0.0,5028020224,4112416,82944,0.02155304199550301
1301,13003,6967492608,13,1300,13,436811,1,6,309,28,2,6139,466,10,0,0.0,5005295616,4112416,82944,0.022102166956756264
1302,13013,6972850176,13,1301,13,437010,1,6,309,28,2,6139,466,10,0,0.0,5010178048,4112416,82944,0.021615665988065302
1303,13023,6978207744,13,1302,13,437209,1,6,309,28,2,6139,466,10,0,0.0,5012963328,4112416,82944,0.021721249970141798
1304,13033,6983565312,13,1303,13,437408,1,6,309,28,2,6139,466,10,0,0.0,4989812736,4112416,82944,0.022171207994688302
1305,13043,6988922880,13,1304,13,437607,1,6,309,28,2,6139,466,10,0,0.0,4997054464,4112416,82944,0.02205858298111707
1306,13053,6994280448,13,1305,13,437806,1,6,309,28,2,6139,466,10,0,0.0,5003231232,4112416,82944,0.022116417007055134
1307,13063,6999638016,13,1306,13,438011,1,6,309,28,2,6139,466,10,0,0.0,4977115136,4112416,82944,0.021964834013488144
1308,13073,7004995584,13,1307,13,438222,1,6,309,28,2,6139,466,10,0,0.0,4983226368,4112416,82944,0.02197333303047344
1309,13083,7010353152,13,1308,13,438433,1,6,309,28,2,6139,466,10,0,0.0,4990074880,4112416,82944,0.021814667037688196
1310,13093,7015710720,13,1309,13,438644,1,6,309,28,2,6139,466,10,0,0.0,4961648640,4112416,82944,0.02280887495726347
1311,13103,7021068288,13,1310,13,438855,1,6,309,28,2,6139,466,10,0,0.0,4969086976,4112416,82944,0.021936957957223058
1312,13113,7026425856,13,1311,13,439066,1,6,309,28,2,6139,466,10,0,0.0,4944609280,4112416,82944,0.022027875005733222
1313,13123,7031783424,13,1312,13,439277,1,6,309,28,2,6139,466,10,0,0.0,4950769664,4112416,82944,0.02200945804361254
1314,13133,7037140992,13,1313,13,439488,1,6,309,28,2,6139,466,10,0,0.0,4953489408,4112416,82944,0.02179750002687797
1315,13143,7042498560,13,1314,13,439699,1,6,309,28,2,6139,466,10,0,0.0,4925210624,4112416,82944,0.022025458049029112
1316,13153,7047856128,13,1315,13,439910,1,6,309,28,2,6139,466,10,0,0.0,4932894720,4112416,82944,0.024501541978679597
1317,13163,7053213696,13,1316,13,440121,1,6,309,28,2,6139,466,10,0,0.0,4934369280,4112416,82944,0.022680416994262487
1318,13173,7058571264,13,1317,13,440332,1,6,309,28,2,6139,466,10,0,0.0,4907581440,4112416,82944,0.021840917004738003
1319,13183,7063928832,13,1318,13,440543,1,6,309,28,2,6139,466,10,0,0.0,4911742976,4112416,82944,0.021510499995201826
1320,13193,7069286400,13,1319,13,440754,1,6,309,28,2,6139,466,10,0,0.0,4919377920,4112416,82944,0.021924791974015534
1321,13203,7074643968,13,1320,13,440965,1,6,309,28,2,6139,466,10,0,0.0,4896686080,4112416,82944,0.022153500001877546
1322,13213,7080001536,13,1321,13,441176,1,6,309,28,2,6139,466,10,0,0.0,4903944192,4112416,82944,0.0219068750157021
1323,13223,7085359104,13,1322,13,441387,1,6,309,28,2,6139,466,10,0,0.0,4906762240,4112416,82944,0.02177695801947266
1324,13233,7090716672,13,1323,13,441598,1,6,309,28,2,6139,466,10,0,0.0,4890279936,4112416,82944,0.02211695903679356
1325,13243,7096074240,13,1324,13,441809,1,6,309,28,2,6139,466,10,0,0.0,4895834112,4112416,82944,0.021586625021882355
1326,13253,7101431808,13,1325,13,445012,1,6,309,28,2,6139,466,10,0,0.0,4884660224,4112416,82944,0.022296917042694986
1327,13263,7106789376,13,1326,13,445211,1,6,309,28,2,6139,466,10,0,0.0,4888543232,4112416,82944,0.021857541985809803
1328,13273,7112146944,13,1327,13,445410,1,6,309,28,2,6139,466,10,0,0.0,4894605312,4112416,82944,0.022086708981078118
1329,13283,7117504512,13,1328,13,445609,1,6,309,28,2,6139,466,10,0,0.0,4900143104,4112416,82944,0.02193337498465553
1330,13293,7122862080,13,1329,13,445808,1,6,309,28,2,6139,466,10,0,0.0,4903862272,4112416,82944,0.02180899999802932
1331,13303,7128219648,13,1330,13,446007,1,6,309,28,2,6139,466,10,0,0.0,4909383680,4112416,82944,0.021896250022109598
1332,13313,7133577216,13,1331,13,446212,1,6,309,28,2,6139,466,10,0,0.0,4914905088,4112416,82944,0.021730209002271295
1333,13323,7138934784,13,1332,13,446423,1,6,309,28,2,6139,466,10,0,0.0,4921049088,4112416,82944,0.021926124987658113
1334,13333,7144292352,13,1333,13,446634,1,6,309,28,2,6139,466,10,0,0.0,4895506432,4112416,82944,0.02210070803994313
1335,13343,7149649920,13,1334,13,446845,1,6,309,28,2,6139,466,10,0,0.0,4900241408,4112416,82944,0.022132957994472235
1336,13353,7155007488,13,1335,13,447056,1,6,309,28,2,6139,466,10,0,0.0,4907466752,4112416,82944,0.02218083303887397
1337,13363,7160365056,13,1336,13,447267,1,6,309,28,2,6139,466,10,0,0.0,4880154624,4112416,82944,0.02372662501875311
1338,13373,7165722624,13,1337,13,447478,1,6,309,28,2,6139,466,10,0,0.0,4884938752,4112416,82944,0.022009708976838738
1339,13383,7171080192,13,1338,13,447689,1,6,309,28,2,6139,466,10,0,0.0,4890099712,4112416,82944,0.02190704201348126
1340,13393,7176437760,13,1339,13,447900,1,6,309,28,2,6139,466,10,0,0.0,4894883840,4112416,82944,0.021703541977331042
1341,13403,7181795328,13,1340,13,448111,1,6,309,28,2,6139,466,10,0,0.0,4879777792,4112416,82944,0.022101790993474424
1342,13413,7187152896,13,1341,13,448322,1,6,309,28,2,6139,466,10,0,0.0,4865736704,4112416,82944,0.02176970796426758
1343,13423,7192510464,13,1342,13,448533,1,6,309,28,2,6139,466,10,0,0.0,4870602752,4112416,82944,0.021774958993773907
1344,13433,7197868032,13,1343,13,448744,1,6,309,28,2,6139,466,10,0,0.0,4854611968,4112416,82944,0.022198707971256226
1345,13443,7203225600,13,1344,13,448955,1,6,309,28,2,6139,466,10,0,0.0,4858724352,4112416,82944,0.021759208000730723
1346,13453,7208583168,13,1345,13,449166,1,6,309,28,2,6139,466,10,0,0.0,4863393792,4112416,82944,0.021699084027204663
1347,13463,7213940736,13,1346,13,449377,1,6,309,28,2,6139,466,10,0,0.0,4830380032,4112416,82944,0.022012915986124426
1348,13473,7219298304,13,1347,13,449588,1,6,309,28,2,6139,466,10,0,0.0,4840849408,4112416,82944,0.022077917004935443
1349,13483,7224655872,13,1348,13,449799,1,6,309,28,2,6139,466,10,0,0.0,4844371968,4112416,82944,0.023198333976324648
1350,13493,7230013440,13,1349,13,450010,1,6,309,28,2,6139,466,10,0,0.0,4821417984,4112416,82944,0.022183042019605637
1351,13503,7235371008,13,1350,13,453213,1,6,309,28,2,6139,466,10,0,0.0,4832657408,4112416,82944,0.023309707990847528
1352,13513,7240728576,13,1351,13,453412,1,6,309,28,2,6139,466,10,0,0.0,4810145792,4112416,82944,0.02264599996851757
1353,13523,7246086144,13,1352,13,453611,1,6,309,28,2,6139,466,10,0,0.0,4814241792,4112416,82944,0.02206629200372845
1354,13533,7251443712,13,1353,13,453810,1,6,309,28,2,6139,466,10,0,0.0,4791943168,4112416,82944,0.022408624994568527
1355,13543,7256801280,13,1354,13,454009,1,6,309,28,2,6139,466,10,0,0.0,4794679296,4112416,82944,0.02275133301736787
1356,13553,7262158848,13,1355,13,454208,1,6,309,28,2,6139,466,10,0,0.0,4801183744,4112416,82944,0.021856708044651896
1357,13563,7267516416,13,1356,13,454413,1,6,309,28,2,6139,466,10,0,0.0,4805853184,4112416,82944,0.021716624964028597
1358,13573,7272873984,13,1357,13,454624,1,6,309,28,2,6139,466,10,0,0.0,4786274304,4112416,82944,0.022972124977968633
1359,13583,7278231552,13,1358,13,454835,1,6,309,28,2,6139,466,10,0,0.0,4792532992,4112416,82944,0.0221920830081217
1360,13593,7283589120,13,1359,13,455046,1,6,309,28,2,6139,466,10,0,0.0,4768432128,4112416,82944,0.022256291995290667
1361,13603,7288946688,13,1360,13,455257,1,6,309,28,2,6139,466,10,0,0.0,4774494208,4112416,82944,0.02273412502836436
1362,13613,7294304256,13,1361,13,455468,1,6,309,28,2,6139,466,10,0,0.0,4779261952,4112416,82944,0.02206704195123166
1363,13623,7299661824,13,1362,13,455679,1,6,309,28,2,6139,466,10,0,0.0,4761616384,4112416,82944,0.02236879098927602
1364,13633,7305019392,13,1363,13,455890,1,6,309,28,2,6139,466,10,0,0.0,4766449664,4112416,82944,0.021976999996695668
1365,13643,7310376960,13,1364,13,456101,1,6,309,28,2,6139,466,10,0,0.0,4737843200,4112416,82944,0.022387041011825204
1366,13653,7315734528,13,1365,13,456312,1,6,309,28,2,6139,466,10,0,0.0,4742610944,4112416,82944,0.022102250019088387
1367,13663,7321092096,13,1366,13,456523,1,6,309,28,2,6139,466,10,0,0.0,4748607488,4112416,82944,0.021938207966741174
1368,13673,7326449664,13,1367,13,456734,1,6,309,28,2,6139,466,10,0,0.0,4733206528,4112416,82944,0.022734416997991502
1369,13683,7331807232,13,1368,13,456945,1,6,309,28,2,6139,466,10,0,0.0,4738662400,4112416,82944,0.022027458995580673
1370,13693,7337164800,13,1369,13,457156,1,6,309,28,2,6139,466,10,0,0.0,4708401152,4112416,82944,0.02201470802538097
1371,13703,7342522368,13,1370,13,457367,1,6,309,28,2,6139,466,10,0,0.0,4711825408,4112416,82944,0.02254012500634417
1372,13713,7347879936,13,1371,13,457578,1,6,309,28,2,6139,466,10,0,0.0,4717559808,4112416,82944,0.022708665987011045
1373,13723,7353237504,13,1372,13,457789,1,6,309,28,2,6139,466,10,0,0.0,4721704960,4112416,82944,0.021794957981910557
1374,13733,7358595072,13,1373,13,458000,1,6,309,28,2,6139,466,10,0,0.0,4691902464,4112416,82944,0.021954790980089456
1375,13743,7363952640,13,1374,13,458211,1,6,309,28,2,6139,466,10,0,0.0,4698832896,4112416,82944,0.02216875000158325
1376,13753,7369310208,13,1375,13,461414,1,6,309,28,2,6139,466,10,0,0.0,4708597760,4112416,82944,0.021914999990258366
1377,13763,7374667776,13,1376,13,461613,1,6,309,28,2,6139,466,10,0,0.0,4681367552,4112416,82944,0.02220033301273361
1378,13773,7380025344,13,1377,13,461812,1,6,309,28,2,6139,466,10,0,0.0,4684972032,4112416,82944,0.02165820903610438
1379,13783,7385382912,13,1378,13,462011,1,6,309,28,2,6139,466,10,0,0.0,4690821120,4112416,82944,0.022111875005066395
1380,13793,7390740480,13,1379,13,462210,1,6,309,28,2,6139,466,10,0,0.0,4668604416,4112416,82944,0.02233820903347805
1381,13803,7396098048,13,1380,13,462409,1,6,309,28,2,6139,466,10,0,0.0,4675682304,4112416,82944,0.02203745796578005
1382,13813,7401455616,13,1381,13,462614,1,6,309,28,2,6139,466,10,0,0.0,4679106560,4112416,82944,0.021816957974806428
1383,13823,7406813184,13,1382,13,462825,1,6,309,28,2,6139,466,10,0,0.0,4656480256,4112416,82944,0.023425416031386703
1384,13833,7412170752,13,1383,13,463036,1,6,309,28,2,6139,466,10,0,0.0,4660543488,4112416,82944,0.021966375003103167
1385,13843,7417528320,13,1384,13,463247,1,6,309,28,2,6139,466,10,0,0.0,4635361280,4112416,82944,0.022154459031298757
1386,13853,7422885888,13,1385,13,463458,1,6,309,28,2,6139,466,10,0,0.0,4642324480,4112416,82944,0.021824040974024683
1387,13863,7428243456,13,1386,13,463669,1,6,309,28,2,6139,466,10,0,0.0,4645240832,4112416,82944,0.021676999982446432
1388,13873,7433601024,13,1387,13,463880,1,6,309,28,2,6139,466,10,0,0.0,4650663936,4112416,82944,0.021648333000484854
1389,13883,7438958592,13,1388,13,464091,1,6,309,28,2,6139,466,10,0,0.0,4624777216,4112416,82944,0.022274916991591454
1390,13893,7444316160,13,1389,13,464302,1,6,309,28,2,6139,466,10,0,0.0,4630380544,4112416,82944,0.021933791984338313
1391,13903,7449673728,13,1390,13,464513,1,6,309,28,2,6139,466,10,0,0.0,4604411904,4112416,82944,0.02192604204174131
1392,13913,7455031296,13,1391,13,464724,1,6,309,28,2,6139,466,10,0,0.0,4607852544,4112416,82944,0.021881334017962217
1393,13923,7460388864,13,1392,13,464935,1,6,309,28,2,6139,466,10,0,0.0,4613472256,4112416,82944,0.021947083005215973
1394,13933,7465746432,13,1393,13,465146,1,6,309,28,2,6139,466,10,0,0.0,4583079936,4112416,82944,0.022597167000640184
1395,13943,7471104000,13,1394,13,465357,1,6,309,28,2,6139,466,10,0,0.0,4587896832,4112416,82944,0.02169795800000429
1396,13953,7476461568,13,1395,13,465568,1,6,309,28,2,6139,466,10,0,0.0,4591321088,4112416,82944,0.021499875001609325
1397,13963,7481819136,13,1396,13,465779,1,6,309,28,2,6139,466,10,0,0.0,4598054912,4112416,82944,0.02211366599658504
1398,13973,7487176704,13,1397,13,465990,1,6,309,28,2,6139,466,10,0,0.0,4572250112,4112416,82944,0.02211433299817145
1399,13983,7492534272,13,1398,13,466201,1,6,309,28,2,6139,466,10,0,0.0,4576329728,4112416,82944,0.021567291987594217
1400,13993,7497891840,13,1399,13,466412,1,6,309,28,2,6139,466,10,0,0.0,4581801984,4112416,82944,0.02308737498242408
1401,14003,7503249408,13,1400,13,469615,1,6,309,28,2,6139,466,10,0,0.0,4540678144,4112416,82944,0.023203874996397644
1402,14013,7508606976,13,1401,13,469814,1,6,309,28,2,6139,466,10,0,0.0,4544806912,4112416,82944,0.02180512499762699
1403,14023,7513964544,13,1402,13,470013,1,6,309,28,2,6139,466,10,0,0.0,4547723264,4112416,82944,0.022001832956448197
1404,14033,7519322112,13,1403,13,470212,1,6,309,28,2,6139,466,10,0,0.0,4531453952,4112416,82944,0.022637334011960775
1405,14043,7524679680,13,1404,13,470411,1,6,309,28,2,6139,466,10,0,0.0,4501536768,4112416,82944,0.02253241598373279
1406,14053,7530037248,13,1405,13,470610,1,6,309,28,2,6139,466,10,0,0.0,4507074560,4112416,82944,0.021907499991357327
1407,14063,7535394816,13,1406,13,470815,1,6,309,28,2,6139,466,10,0,0.0,4510613504,4112416,82944,0.021866332972422242
1408,14073,7540752384,13,1407,13,471026,1,6,309,28,2,6139,466,10,0,0.0,4517412864,4112416,82944,0.022292040986940265
1409,14083,7546109952,13,1408,13,471237,1,6,309,28,2,6139,466,10,0,0.0,4488101888,4112416,82944,0.022204709006473422
1410,14093,7551467520,13,1409,13,471448,1,6,309,28,2,6139,466,10,0,0.0,4494196736,4112416,82944,0.0218524580122903
1411,14103,7556825088,13,1410,13,471659,1,6,309,28,2,6139,466,10,0,0.0,4499718144,4112416,82944,0.022233666037209332
1412,14113,7562182656,13,1411,13,471870,1,6,309,28,2,6139,466,10,0,0.0,4504354816,4112416,82944,0.02191675000358373
1413,14123,7567540224,13,1412,13,472081,1,6,309,28,2,6139,466,10,0,0.0,4477157376,4112416,82944,0.02222816599532962
1414,14133,7572897792,13,1413,13,472292,1,6,309,28,2,6139,466,10,0,0.0,4481859584,4112416,82944,0.021664624975528568
1415,14143,7578255360,13,1414,13,472503,1,6,309,28,2,6139,466,10,0,0.0,4459085824,4112416,82944,0.022694540966767818
1416,14153,7583612928,13,1415,13,472714,1,6,309,28,2,6139,466,10,0,0.0,4463263744,4112416,82944,0.022066625009756535
1417,14163,7588970496,13,1416,13,472925,1,6,309,28,2,6139,466,10,0,0.0,4467064832,4112416,82944,0.02166637498885393
1418,14173,7594328064,13,1417,13,473136,1,6,309,28,2,6139,466,10,0,0.0,4442226688,4112416,82944,0.02253487496636808
1419,14183,7599685632,13,1418,13,473347,1,6,309,28,2,6139,466,10,0,0.0,4446388224,4112416,82944,0.02166179200867191
1420,14193,7605043200,13,1419,13,473558,1,6,309,28,2,6139,466,10,0,0.0,4425531392,4112416,82944,0.022184875037055463
1421,14203,7610400768,13,1420,13,473769,1,6,309,28,2,6139,466,10,0,0.0,4431151104,4112416,82944,0.021688417007680982
1422,14213,7615758336,13,1421,13,473980,1,6,309,28,2,6139,466,10,0,0.0,4417323008,4112416,82944,0.023164792044553906
1423,14223,7621115904,13,1422,13,474191,1,6,309,28,2,6139,466,10,0,0.0,4421419008,4112416,82944,0.021654542011674494
1424,14233,7626473472,13,1423,13,474402,1,6,309,28,2,6139,466,10,0,0.0,4426891264,4112416,82944,0.021740583004429936
1425,14243,7631831040,13,1424,13,474613,1,6,309,28,2,6139,466,10,0,0.0,4402413568,4112416,82944,0.02217370900325477
1426,14253,7637188608,13,1425,13,477816,1,6,309,28,2,6139,466,10,0,0.0,4389765120,4112416,82944,0.02266633399995044
1427,14263,7642546176,13,1426,13,478015,1,6,309,28,2,6139,466,10,0,0.0,4395253760,4112416,82944,0.021848332951776683
1428,14273,7647903744,13,1427,13,478214,1,6,309,28,2,6139,466,10,0,0.0,4378427392,4112416,82944,0.022143874957691878
1429,14283,7653261312,13,1428,13,478413,1,6,309,28,2,6139,466,10,0,0.0,4383883264,4112416,82944,0.02208383398829028
1430,14293,7658618880,13,1429,13,478612,1,6,309,28,2,6139,466,10,0,0.0,4387930112,4112416,82944,0.021804958989378065
1431,14303,7663976448,13,1430,13,478811,1,6,309,28,2,6139,466,10,0,0.0,4358733824,4112416,82944,0.02166162501089275
1432,14313,7669334016,13,1431,13,479016,1,6,309,28,2,6139,466,10,0,0.0,4363583488,4112416,82944,0.021899583050981164
1433,14323,7674691584,13,1432,13,479227,1,6,309,28,2,6139,466,10,0,0.0,4369989632,4112416,82944,0.021966665983200073
1434,14333,7680049152,13,1433,13,479438,1,6,309,28,2,6139,466,10,0,0.0,4374134784,4112416,82944,0.021779083996079862
1435,14343,7685406720,13,1434,13,479649,1,6,309,28,2,6139,466,10,0,0.0,4379770880,4112416,82944,0.021736291993875057
1436,14353,7690764288,13,1435,13,479860,1,6,309,28,2,6139,466,10,0,0.0,4332503040,4112416,82944,0.024801792053040117
1437,14363,7696121856,13,1436,13,480071,1,6,309,28,2,6139,466,10,0,0.0,4337467392,4112416,82944,0.022361041978001595
1438,14373,7701479424,13,1437,13,480282,1,6,309,28,2,6139,466,10,0,0.0,4342972416,4112416,82944,0.022610624961089343
1439,14383,7706836992,13,1438,13,480493,1,6,309,28,2,6139,466,10,0,0.0,4317478912,4112416,82944,0.02246791700599715
1440,14393,7712194560,13,1439,13,480704,1,6,309,28,2,6139,466,10,0,0.0,4321705984,4112416,82944,0.02210845798254013
1441,14403,7717552128,13,1440,13,480915,1,6,309,28,2,6139,466,10,0,0.0,4327342080,4112416,82944,0.02266495901858434
1442,14413,7722909696,13,1441,13,481126,1,6,309,28,2,6139,466,10,0,0.0,4333420544,4112416,82944,0.02202158299041912
1443,14423,7728267264,13,1442,13,481337,1,6,309,28,2,6139,466,10,0,0.0,4309860352,4112416,82944,0.026106624980457127
1444,14433,7733624832,13,1443,13,481548,1,6,309,28,2,6139,466,10,0,0.0,4317446144,4112416,82944,0.02224737498909235
1445,14443,7738982400,13,1444,13,481759,1,6,309,28,2,6139,466,10,0,0.0,4292837376,4112416,82944,0.02260191598907113
1446,14453,7744339968,13,1445,13,481970,1,6,309,28,2,6139,466,10,0,0.0,4298932224,4112416,82944,0.022919708979316056
1447,14463,7749697536,13,1446,13,482181,1,6,309,28,2,6139,466,10,0,0.0,4287152128,4112416,82944,0.022277708048932254
1448,14473,7755055104,13,1447,13,482392,1,6,309,28,2,6139,466,10,0,0.0,4290002944,4112416,82944,0.023143458005506545
1449,14483,7760412672,13,1448,13,482603,1,6,309,28,2,6139,466,10,0,0.0,4295409664,4112416,82944,0.02220212499378249
1450,14493,7765770240,13,1449,13,482814,1,6,309,28,2,6139,466,10,0,0.0,4264116224,4112416,82944,0.022487833979539573
1451,14503,7771127808,13,1450,13,486017,1,6,309,28,2,6139,466,10,0,0.0,4273684480,4112416,82944,0.022846915991976857
1452,14513,7776485376,13,1451,13,486216,1,6,309,28,2,6139,466,10,0,0.0,4277223424,4112416,82944,0.02220441697863862
1453,14523,7781842944,13,1452,13,486415,1,6,309,28,2,6139,466,10,0,0.0,4243324928,4112416,82944,0.022357750043738633
1454,14533,7787200512,13,1453,13,486614,1,6,309,28,2,6139,466,10,0,0.0,4248485888,4112416,82944,0.02274620800744742
1455,14543,7792558080,13,1454,13,486813,1,6,309,28,2,6139,466,10,0,0.0,4252680192,4112416,82944,0.02198987500742078
1456,14553,7797915648,13,1455,13,487012,1,6,309,28,2,6139,466,10,0,0.0,4257497088,4112416,82944,0.021938124962616712
1457,14563,7803273216,13,1456,13,487217,1,6,309,28,2,6139,466,10,0,0.0,4237721600,4112416,82944,0.023604750051163137
1458,14573,7808630784,13,1457,13,487428,1,6,309,28,2,6139,466,10,0,0.0,4243865600,4112416,82944,0.022184957982972264
1459,14583,7813988352,13,1458,13,487639,1,6,309,28,2,6139,466,10,0,0.0,4212129792,4112416,82944,0.022182458022143692
1460,14593,7819345920,13,1459,13,487850,1,6,309,28,2,6139,466,10,0,0.0,4218814464,4112416,82944,0.02187991701066494
1461,14603,7824703488,13,1460,13,488061,1,6,309,28,2,6139,466,10,0,0.0,4222844928,4112416,82944,0.02161637501558289
1462,14613,7830061056,13,1461,13,488272,1,6,309,28,2,6139,466,10,0,0.0,4227629056,4112416,82944,0.02178958401782438
1463,14623,7835418624,13,1462,13,488483,1,6,309,28,2,6139,466,10,0,0.0,4212178944,4112416,82944,0.02237500000046566
1464,14633,7840776192,13,1463,13,488694,1,6,309,28,2,6139,466,10,0,0.0,4216078336,4112416,82944,0.02183391700964421
1465,14643,7846133760,13,1464,13,488905,1,6,309,28,2,6139,466,10,0,0.0,4187815936,4112416,82944,0.022266749991104007
1466,14653,7851491328,13,1465,13,489116,1,6,309,28,2,6139,466,10,0,0.0,4192583680,4112416,82944,0.02201329101808369
1467,14663,7856848896,13,1466,13,489327,1,6,309,28,2,6139,466,10,0,0.0,4198645760,4112416,82944,0.02221745898714289
1468,14673,7862206464,13,1467,13,489538,1,6,309,28,2,6139,466,10,0,0.0,4177788928,4112416,82944,0.022926207981072366
1469,14683,7867564032,13,1468,13,489749,1,6,309,28,2,6139,466,10,0,0.0,4180000768,4112416,82944,0.021796250017359853
1470,14693,7872921600,13,1469,13,489960,1,6,309,28,2,6139,466,10,0,0.0,4186849280,4112416,82944,0.021806125005241483
1471,14703,7878279168,13,1470,13,490171,1,6,309,28,2,6139,466,10,0,0.0,4170498048,4112416,82944,0.02239316701889038
1472,14713,7883636736,13,1471,13,490382,1,6,309,28,2,6139,466,10,0,0.0,4174577664,4112416,82944,0.02182558400090784
1473,14723,7888994304,13,1472,13,490593,1,6,309,28,2,6139,466,10,0,0.0,4178132992,4112416,82944,0.021667499968316406
1474,14733,7894351872,13,1473,13,490804,1,6,309,28,2,6139,466,10,0,0.0,4167794688,4112416,82944,0.022183625027537346
1475,14743,7899709440,13,1474,13,491015,1,6,309,28,2,6139,466,10,0,0.0,4175462400,4112416,82944,0.02176583302207291
1476,14753,7905067008,13,1475,13,494218,1,6,309,28,2,6139,466,10,0,0.0,4161159168,4112416,82944,0.02201112499460578
1477,14763,7910424576,13,1476,13,494417,1,6,309,28,2,6139,466,10,0,0.0,4165287936,4112416,82944,0.022007084044162184
1478,14773,7915782144,13,1477,13,494616,1,6,309,28,2,6139,466,10,0,0.0,4138762240,4112416,82944,0.02219766698544845
1479,14783,7921139712,13,1478,13,494815,1,6,309,28,2,6139,466,10,0,0.0,4144889856,4112416,82944,0.021941874991171062
1480,14793,7926497280,13,1479,13,495014,1,6,309,28,2,6139,466,10,0,0.0,4150968320,4112416,82944,0.02201670903014019
1481,14803,7931854848,13,1480,13,495213,1,6,309,28,2,6139,466,10,0,0.0,4131831808,4112416,82944,0.021913791017141193
1482,14813,7937212416,13,1481,13,495418,1,6,309,28,2,6139,466,10,0,0.0,4138745856,4112416,82944,0.021828957949765027
1483,14823,7942569984,13,1482,13,495629,1,6,309,28,2,6139,466,10,0,0.0,4119347200,4112416,82944,0.02224670903524384
1484,14833,7947927552,13,1483,13,495840,1,6,309,28,2,6139,466,10,0,0.0,4124737536,4112416,82944,0.021619874984025955
1485,14843,7953285120,13,1484,13,496051,1,6,309,28,2,6139,466,10,0,0.0,4129456128,4112416,82944,0.02213558304356411
1486,14853,7958642688,13,1485,13,496262,1,6,309,28,2,6139,466,10,0,0.0,4095803392,4112416,82944,0.02263229200616479
1487,14863,7964000256,13,1486,13,496473,1,6,309,28,2,6139,466,10,0,0.0,4102045696,4112416,82944,0.02177950000623241
1488,14873,7969357824,13,1487,13,496684,1,6,309,28,2,6139,466,10,0,0.0,4107534336,4112416,82944,0.02182787499623373
1489,14883,7974715392,13,1488,13,496895,1,6,309,28,2,6139,466,10,0,0.0,4087201792,4112416,82944,0.02289258304517716
1490,14893,7980072960,13,1489,13,497106,1,6,309,28,2,6139,466,10,0,0.0,4091396096,4112416,82944,0.022104958014097065
1491,14903,7985430528,13,1490,13,497317,1,6,309,28,2,6139,466,10,0,0.0,4097490944,4112416,82944,0.021837125008460134
1492,14913,7990788096,13,1491,13,497528,1,6,309,28,2,6139,466,10,0,0.0,4079124480,4112416,82944,0.022397374967113137
1493,14923,7996145664,13,1492,13,497739,1,6,309,28,2,6139,466,10,0,0.0,4086251520,4112416,82944,0.021640958031639457
1494,14933,8001503232,13,1493,13,497950,1,6,309,28,2,6139,466,10,0,0.0,4088987648,4112416,82944,0.021795624983496964
1495,14943,8006860800,13,1494,13,498161,1,6,309,28,2,6139,466,10,0,0.0,4065558528,4112416,82944,0.02254174998961389
1496,14953,8012218368,13,1495,13,498372,1,6,309,28,2,6139,466,10,0,0.0,4071161856,4112416,82944,0.021846416988410056
1497,14963,8017575936,13,1496,13,498583,1,6,309,28,2,6139,466,10,0,0.0,4053975040,4112416,82944,0.02197562495712191
1498,14973,8022933504,13,1497,13,498794,1,6,309,28,2,6139,466,10,0,0.0,4058890240,4112416,82944,0.021815332991536707
1499,14983,8028291072,13,1498,13,499005,1,6,309,28,2,6139,466,10,0,0.0,4042162176,4112416,82944,0.02185095800086856
1500,14993,8033648640,13,1499,13,499216,1,6,309,28,2,6139,466,10,0,0.0,4047618048,4112416,82944,0.021920708008110523
1501,15003,8039006208,13,1500,13,502419,1,6,309,28,2,6139,466,10,0,0.0,4037246976,4112416,82944,0.02267316699726507
1502,15013,8044363776,13,1501,13,502618,1,6,309,28,2,6139,466,10,0,0.0,4041080832,4112416,82944,0.02176887495443225
1503,15023,8049721344,13,1502,13,502817,1,6,309,28,2,6139,466,10,0,0.0,4045193216,4112416,82944,0.02183837495977059
1504,15033,8055078912,13,1503,13,503016,1,6,309,28,2,6139,466,10,0,0.0,4020699136,4112416,82944,0.022204292006790638
1505,15043,8060436480,13,1504,13,503215,1,6,309,28,2,6139,466,10,0,0.0,4025499648,4112416,82944,0.0215885829529725
1506,15053,8065794048,13,1505,13,503414,1,6,309,28,2,6139,466,10,0,0.0,4009476096,4112416,82944,0.021987375046592206
1507,15063,8071151616,13,1506,13,503619,1,6,309,28,2,6139,466,10,0,0.0,4012851200,4112416,82944,0.02203583298251033
1508,15073,8076509184,13,1507,13,503830,1,6,309,28,2,6139,466,10,0,0.0,4019732480,4112416,82944,0.023374499985948205
1509,15083,8081866752,13,1508,13,504041,1,6,309,28,2,6139,466,10,0,0.0,3987963904,4112416,82944,0.022634040971752256
1510,15093,8087224320,13,1509,13,504252,1,6,309,28,2,6139,466,10,0,0.0,3996696576,4112416,82944,0.022329750005155802
1511,15103,8092581888,13,1510,13,504463,1,6,309,28,2,6139,466,10,0,0.0,4000448512,4112416,82944,0.0219310829997994
1512,15113,8097939456,13,1511,13,504674,1,6,309,28,2,6139,466,10,0,0.0,3976183808,4112416,82944,0.02207545901183039
1513,15123,8103297024,13,1512,13,504885,1,6,309,28,2,6139,466,10,0,0.0,3978985472,4112416,82944,0.021949624991975725
1514,15133,8108654592,13,1513,13,505096,1,6,309,28,2,6139,466,10,0,0.0,3985113088,4112416,82944,0.021967834036331624
1515,15143,8114012160,13,1514,13,505307,1,6,309,28,2,6139,466,10,0,0.0,3955146752,4112416,82944,0.022674874984659255
1516,15153,8119369728,13,1515,13,505518,1,6,309,28,2,6139,466,10,0,0.0,3960864768,4112416,82944,0.02577341697178781
1517,15163,8124727296,13,1516,13,505729,1,6,309,28,2,6139,466,10,0,0.0,3966369792,4112416,82944,0.021858500025700778
1518,15173,8130084864,13,1517,13,505940,1,6,309,28,2,6139,466,10,0,0.0,3971940352,4112416,82944,0.021991249988786876
1519,15183,8135442432,13,1518,13,506151,1,6,309,28,2,6139,466,10,0,0.0,3952394240,4112416,82944,0.022294916969258338
1520,15193,8140800000,13,1519,13,506362,1,6,309,28,2,6139,466,10,0,0.0,3957178368,4112416,82944,0.021696874988265336
1521,15203,8146157568,13,1520,13,506573,1,6,309,28,2,6139,466,10,0,0.0,3946708992,4112416,82944,0.02222254202933982
1522,15213,8151515136,13,1521,13,506784,1,6,309,28,2,6139,466,10,0,0.0,3950247936,4112416,82944,0.021884082991164178
1523,15223,8156872704,13,1522,13,506995,1,6,309,28,2,6139,466,10,0,0.0,3955802112,4112416,82944,0.0219719170127064
1524,15233,8162230272,13,1523,13,507206,1,6,309,28,2,6139,466,10,0,0.0,3945644032,4112416,82944,0.02222629199968651
1525,15243,8167587840,13,1524,13,507417,1,6,309,28,2,6139,466,10,0,0.0,3934109696,4112416,82944,0.023323459026869386
1526,15253,8172945408,13,1525,13,510620,1,6,309,28,2,6139,466,10,0,0.0,3917103104,4112416,82944,0.022918542032130063
1527,15263,8178302976,13,1526,13,510819,1,6,309,28,2,6139,466,10,0,0.0,3920560128,4112416,82944,0.022842290985863656
1528,15273,8183660544,13,1527,13,511018,1,6,309,28,2,6139,466,10,0,0.0,3925377024,4112416,82944,0.022725542017724365
1529,15283,8189018112,13,1528,13,511217,1,6,309,28,2,6139,466,10,0,0.0,3930193920,4112416,82944,0.022430457989685237
1530,15293,8194375680,13,1529,13,511416,1,6,309,28,2,6139,466,10,0,0.0,3910156288,4112416,82944,0.022925625031348318
1531,15303,8199733248,13,1530,13,511615,1,6,309,28,2,6139,466,10,0,0.0,3914924032,4112416,82944,0.022166041017044336
1532,15313,8205090816,13,1531,13,511820,1,6,309,28,2,6139,466,10,0,0.0,3904782336,4112416,82944,0.022719667002093047
1533,15323,8210448384,13,1532,13,512031,1,6,309,28,2,6139,466,10,0,0.0,3897868288,4112416,82944,0.022298083000350744
1534,15333,8215805952,13,1533,13,512242,1,6,309,28,2,6139,466,10,0,0.0,3905011712,4112416,82944,0.022229750000406057
1535,15343,8221163520,13,1534,13,512453,1,6,309,28,2,6139,466,10,0,0.0,3877879808,4112416,82944,0.022713291982654482
1536,15353,8226521088,13,1535,13,512664,1,6,309,28,2,6139,466,10,0,0.0,3882008576,4112416,82944,0.022121791960671544
1537,15363,8231878656,13,1536,13,512875,1,6,309,28,2,6139,466,10,0,0.0,3887497216,4112416,82944,0.02255504101049155
1538,15373,8237236224,13,1537,13,513086,1,6,309,28,2,6139,466,10,0,0.0,3861430272,4112416,82944,0.026678208028897643
1539,15383,8242593792,13,1538,13,513297,1,6,309,28,2,6139,466,10,0,0.0,3866148864,4112416,82944,0.02257349999854341
1540,15393,8247951360,13,1539,13,513508,1,6,309,28,2,6139,466,10,0,0.0,3870572544,4112416,82944,0.022058499976992607
1541,15403,8253308928,13,1540,13,513719,1,6,309,28,2,6139,466,10,0,0.0,3875422208,4112416,82944,0.022339791990816593
1542,15413,8258666496,13,1541,13,513930,1,6,309,28,2,6139,466,10,0,0.0,3857301504,4112416,82944,0.02246462501352653
1543,15423,8264024064,13,1542,13,514141,1,6,309,28,2,6139,466,10,0,0.0,3838328832,4112416,82944,0.022409708006307483
1544,15433,8269381632,13,1543,13,514352,1,6,309,28,2,6139,466,10,0,0.0,3839508480,4112416,82944,0.021856624982319772
1545,15443,8274739200,13,1544,13,514563,1,6,309,28,2,6139,466,10,0,0.0,3847553024,4112416,82944,0.02227354096248746
1546,15453,8280096768,13,1545,13,514774,1,6,309,28,2,6139,466,10,0,0.0,3830677504,4112416,82944,0.02278991596540436
1547,15463,8285454336,13,1546,13,514985,1,6,309,28,2,6139,466,10,0,0.0,3834920960,4112416,82944,0.022222124971449375
1548,15473,8290811904,13,1547,13,515196,1,6,309,28,2,6139,466,10,0,0.0,3840376832,4112416,82944,0.02196304203243926
1549,15483,8296169472,13,1548,13,515407,1,6,309,28,2,6139,466,10,0,0.0,3825549312,4112416,82944,0.022032624983694404
1550,15493,8301527040,13,1549,13,515618,1,6,309,28,2,6139,466,10,0,0.0,3830284288,4112416,82944,0.02200670901220292
1551,15503,8306884608,13,1550,13,518821,1,6,309,28,2,6139,466,10,0,0.0,3705651200,4112416,82944,0.022909209015779197
1552,15513,8312242176,13,1551,13,519020,1,6,309,28,2,6139,466,10,0,0.0,3710353408,4112416,82944,0.02209195902105421
1553,15523,8317599744,13,1552,13,519219,1,6,309,28,2,6139,466,10,0,0.0,3714531328,4112416,82944,0.021926874993368983
1554,15533,8322957312,13,1553,13,519418,1,6,309,28,2,6139,466,10,0,0.0,3692953600,4112416,82944,0.022184915957041085
1555,15543,8328314880,13,1554,13,519617,1,6,309,28,2,6139,466,10,0,0.0,3699834880,4112416,82944,0.022077583998907357
1556,15553,8333672448,13,1555,13,519816,1,6,309,28,2,6139,466,10,0,0.0,3683139584,4112416,82944,0.02145574998576194
1557,15563,8339030016,13,1556,13,520021,1,6,309,28,2,6139,466,10,0,0.0,3689742336,4112416,82944,0.02194566698744893
1558,15573,8344387584,13,1557,13,520232,1,6,309,28,2,6139,466,10,0,0.0,3693821952,4112416,82944,0.021918874990660697
1559,15583,8349745152,13,1558,13,520443,1,6,309,28,2,6139,466,10,0,0.0,3670556672,4112416,82944,0.021976999996695668
1560,15593,8355102720,13,1559,13,520654,1,6,309,28,2,6139,466,10,0,0.0,3675979776,4112416,82944,0.021860582986846566
1561,15603,8360460288,13,1560,13,520865,1,6,309,28,2,6139,466,10,0,0.0,3652239360,4112416,82944,0.02211141597945243
1562,15613,8365817856,13,1561,13,521076,1,6,309,28,2,6139,466,10,0,0.0,3657252864,4112416,82944,0.02177875000052154
1563,15623,8371175424,13,1562,13,521287,1,6,309,28,2,6139,466,10,0,0.0,3664035840,4112416,82944,0.022366708028130233
1564,15633,8376532992,13,1563,13,521498,1,6,309,28,2,6139,466,10,0,0.0,3637460992,4112416,82944,0.02183854201575741
1565,15643,8381890560,13,1564,13,521709,1,6,309,28,2,6139,466,10,0,0.0,3642900480,4112416,82944,0.021851499972399324
1566,15653,8387248128,13,1565,13,521920,1,6,309,28,2,6139,466,10,0,0.0,3647209472,4112416,82944,0.022046542027965188
1567,15663,8392605696,13,1566,13,522131,1,6,309,28,2,6139,466,10,0,0.0,3629039616,4112416,82944,0.022456749982666224
1568,15673,8397963264,13,1567,13,522342,1,6,309,28,2,6139,466,10,0,0.0,3632545792,4112416,82944,0.022069874976295978
1569,15683,8403320832,13,1568,13,522553,1,6,309,28,2,6139,466,10,0,0.0,3639607296,4112416,82944,0.022012832981999964
1570,15693,8408678400,13,1569,13,522764,1,6,309,28,2,6139,466,10,0,0.0,3622502400,4112416,82944,0.0223144160117954
1571,15703,8414035968,13,1570,13,522975,1,6,309,28,2,6139,466,10,0,0.0,3627974656,4112416,82944,0.02178191696293652
1572,15713,8419393536,13,1571,13,523186,1,6,309,28,2,6139,466,10,0,0.0,3631595520,4112416,82944,0.022234375006519258
1573,15723,8424751104,13,1572,13,523397,1,6,309,28,2,6139,466,10,0,0.0,3611361280,4112416,82944,0.02260558301350102
1574,15733,8430108672,13,1573,13,523608,1,6,309,28,2,6139,466,10,0,0.0,3618193408,4112416,82944,0.021745334030129015
1575,15743,8435466240,13,1574,13,523819,1,6,309,28,2,6139,466,10,0,0.0,3588325376,4112416,82944,0.022332124994136393
1576,15753,8440823808,13,1575,13,527022,1,6,309,28,2,6139,466,10,0,0.0,3600220160,4112416,82944,0.02236349997110665
1577,15763,8446181376,13,1576,13,527221,1,6,309,28,2,6139,466,10,0,0.0,3584655360,4112416,82944,0.022375832952093333
1578,15773,8451538944,13,1577,13,527420,1,6,309,28,2,6139,466,10,0,0.0,3588096000,4112416,82944,0.02265433402499184
1579,15783,8456896512,13,1578,13,527619,1,6,309,28,2,6139,466,10,0,0.0,3592388608,4112416,82944,0.02223520795814693
1580,15793,8462254080,13,1579,13,527818,1,6,309,28,2,6139,466,10,0,0.0,3567583232,4112416,82944,0.021887041977606714
1581,15803,8467611648,13,1580,13,528017,1,6,309,28,2,6139,466,10,0,0.0,3575431168,4112416,82944,0.022352874977514148
1582,15813,8472969216,13,1581,13,528222,1,6,309,28,2,6139,466,10,0,0.0,3577577472,4112416,82944,0.021507584024220705
1583,15823,8478326784,13,1582,13,528433,1,6,309,28,2,6139,466,10,0,0.0,3561193472,4112416,82944,0.022311832988634706
1584,15833,8483684352,13,1583,13,528644,1,6,309,28,2,6139,466,10,0,0.0,3566632960,4112416,82944,0.0216791249695234
1585,15843,8489041920,13,1584,13,528855,1,6,309,28,2,6139,466,10,0,0.0,3568713728,4112416,82944,0.021739916992373765
1586,15853,8494399488,13,1585,13,529066,1,6,309,28,2,6139,466,10,0,0.0,3545088000,4112416,82944,0.022685791016556323
1587,15863,8499757056,13,1586,13,529277,1,6,309,28,2,6139,466,10,0,0.0,3549184000,4112416,82944,0.02206483401823789
1588,15873,8505114624,13,1587,13,529488,1,6,309,28,2,6139,466,10,0,0.0,3537944576,4112416,82944,0.022238416015170515
1589,15883,8510472192,13,1588,13,529699,1,6,309,28,2,6139,466,10,0,0.0,3544219648,4112416,82944,0.02190170797985047
1590,15893,8515829760,13,1589,13,529910,1,6,309,28,2,6139,466,10,0,0.0,3524919296,4112416,82944,0.02205629099626094
1591,15903,8521187328,13,1590,13,530121,1,6,309,28,2,6139,466,10,0,0.0,3530309632,4112416,82944,0.02194270899053663
1592,15913,8526544896,13,1591,13,530332,1,6,309,28,2,6139,466,10,0,0.0,3523477504,4112416,82944,0.022365459008142352
1593,15923,8531902464,13,1592,13,530543,1,6,309,28,2,6139,466,10,0,0.0,3528687616,4112416,82944,0.02264599996851757
1594,15933,8537260032,13,1593,13,530754,1,6,309,28,2,6139,466,10,0,0.0,3497607168,4112416,82944,0.021912500029429793
1595,15943,8542617600,13,1594,13,530965,1,6,309,28,2,6139,466,10,0,0.0,3503030272,4112416,82944,0.02237879199674353
1596,15953,8547975168,13,1595,13,531176,1,6,309,28,2,6139,466,10,0,0.0,3507126272,4112416,82944,0.022394875006284565
1597,15963,8553332736,13,1596,13,531387,1,6,309,28,2,6139,466,10,0,0.0,3510894592,4112416,82944,0.022282458026893437
1598,15973,8558690304,13,1597,13,531598,1,6,309,28,2,6139,466,10,0,0.0,3482959872,4112416,82944,0.02202233299612999
1599,15983,8564047872,13,1598,13,531809,1,6,309,28,2,6139,466,10,0,0.0,3489480704,4112416,82944,0.021999415999744087
1600,15993,8569405440,13,1599,13,532020,1,6,309,28,2,6139,466,10,0,0.0,3495624704,4112416,82944,0.021824125025887042
1601,16003,8574763008,13,1600,13,535223,1,6,309,28,2,6139,466,10,0,0.0,3488350208,4112416,82944,0.022638791997451335
1602,16013,8580120576,13,1601,13,535422,1,6,309,28,2,6139,466,10,0,0.0,3467182080,4112416,82944,0.022099082998465747
1603,16023,8585478144,13,1602,13,535621,1,6,309,28,2,6139,466,10,0,0.0,3470688256,4112416,82944,0.022081125003751367
1604,16033,8590835712,13,1603,13,535820,1,6,309,28,2,6139,466,10,0,0.0,3476766720,4112416,82944,0.02181720797671005
1605,16043,8596193280,13,1604,13,536019,1,6,309,28,2,6139,466,10,0,0.0,3478372352,4112416,82944,0.0218797079869546
1606,16053,8601550848,13,1605,13,536218,1,6,309,28,2,6139,466,10,0,0.0,3459055616,4112416,82944,0.023291791963856667
1607,16063,8606908416,13,1606,13,536423,1,6,309,28,2,6139,466,10,0,0.0,3445424128,4112416,82944,0.023011250013951212
1608,16073,8612265984,13,1607,13,536634,1,6,309,28,2,6139,466,10,0,0.0,3449765888,4112416,82944,0.022370874998159707
1609,16083,8617623552,13,1608,13,536845,1,6,309,28,2,6139,466,10,0,0.0,3452567552,4112416,82944,0.022629167011473328
1610,16093,8622981120,13,1609,13,537056,1,6,309,28,2,6139,466,10,0,0.0,3426320384,4112416,82944,0.02257154101971537
1611,16103,8628338688,13,1610,13,537267,1,6,309,28,2,6139,466,10,0,0.0,3434381312,4112416,82944,0.02275462500983849
1612,16113,8633696256,13,1611,13,537478,1,6,309,28,2,6139,466,10,0,0.0,3438673920,4112416,82944,0.022019041003659368
1613,16123,8639053824,13,1612,13,537689,1,6,309,28,2,6139,466,10,0,0.0,3419406336,4112416,82944,0.022905458987224847
1614,16133,8644411392,13,1613,13,537900,1,6,309,28,2,6139,466,10,0,0.0,3424157696,4112416,82944,0.022317167022265494
1615,16143,8649768960,13,1614,13,538111,1,6,309,28,2,6139,466,10,0,0.0,3428876288,4112416,82944,0.022467208036687225
1616,16153,8655126528,13,1615,13,538322,1,6,309,28,2,6139,466,10,0,0.0,3411247104,4112416,82944,0.023150875000283122
1617,16163,8660484096,13,1616,13,538533,1,6,309,28,2,6139,466,10,0,0.0,3414179840,4112416,82944,0.02289337496040389
1618,16173,8665841664,13,1617,13,538744,1,6,309,28,2,6139,466,10,0,0.0,3396911104,4112416,82944,0.02251066599274054
1619,16183,8671199232,13,1618,13,538955,1,6,309,28,2,6139,466,10,0,0.0,3402973184,4112416,82944,0.022973624989390373
1620,16193,8676556800,13,1619,13,539166,1,6,309,28,2,6139,466,10,0,0.0,3389669376,4112416,82944,0.022338207985740155
1621,16203,8681914368,13,1620,13,539377,1,6,309,28,2,6139,466,10,0,0.0,3393339392,4112416,82944,0.022429541975725442
1622,16213,8687271936,13,1621,13,539588,1,6,309,28,2,6139,466,10,0,0.0,3400892416,4112416,82944,0.022170000011101365
1623,16223,8692629504,13,1622,13,539799,1,6,309,28,2,6139,466,10,0,0.0,3386900480,4112416,82944,0.023009874974377453
1624,16233,8697987072,13,1623,13,540010,1,6,309,28,2,6139,466,10,0,0.0,3391389696,4112416,82944,0.02211554197128862
1625,16243,8703344640,13,1624,13,540221,1,6,309,28,2,6139,466,10,0,0.0,3373596672,4112416,82944,0.022873541980516165
1626,16253,8708702208,13,1625,13,543424,1,6,309,28,2,6139,466,10,0,0.0,3358244864,4112416,82944,0.023706584004685283
1627,16263,8714059776,13,1626,13,543623,1,6,309,28,2,6139,466,10,0,0.0,3362947072,4112416,82944,0.022077958041336387
1628,16273,8719417344,13,1627,13,543822,1,6,309,28,2,6139,466,10,0,0.0,3365027840,4112416,82944,0.02167833299608901
1629,16283,8724774912,13,1628,13,544021,1,6,309,28,2,6139,466,10,0,0.0,3371106304,4112416,82944,0.02204366703517735
1630,16293,8730132480,13,1629,13,544220,1,6,309,28,2,6139,466,10,0,0.0,3350822912,4112416,82944,0.022507250017952174
1631,16303,8735490048,13,1630,13,544419,1,6,309,28,2,6139,466,10,0,0.0,3359571968,4112416,82944,0.021889999974519014
1632,16313,8740847616,13,1631,13,544624,1,6,309,28,2,6139,466,10,0,0.0,3342008320,4112416,82944,0.02296333300182596
1633,16323,8746205184,13,1632,13,544835,1,6,309,28,2,6139,466,10,0,0.0,3346448384,4112416,82944,0.021841084002517164
1634,16333,8751562752,13,1633,13,545046,1,6,309,28,2,6139,466,10,0,0.0,3337977856,4112416,82944,0.022663709009066224
1635,16343,8756920320,13,1634,13,545257,1,6,309,28,2,6139,466,10,0,0.0,3326345216,4112416,82944,0.02176754199899733
1636,16353,8762277888,13,1635,13,545468,1,6,309,28,2,6139,466,10,0,0.0,3331801088,4112416,82944,0.02259225002489984
1637,16363,8767635456,13,1636,13,545679,1,6,309,28,2,6139,466,10,0,0.0,3318677504,4112416,82944,0.022081084025558084
1638,16373,8772993024,13,1637,13,545890,1,6,309,28,2,6139,466,10,0,0.0,3322085376,4112416,82944,0.02217724994989112
1639,16383,8778350592,13,1638,13,546101,1,6,309,28,2,6139,466,10,0,0.0,3306340352,4112416,82944,0.022050083032809198
1640,16393,8783708160,13,1639,13,546312,1,6,309,28,2,6139,466,10,0,0.0,3310141440,4112416,82944,0.021794958040118217
1641,16403,8789065728,13,1640,13,546523,1,6,309,28,2,6139,466,10,0,0.0,3315613696,4112416,82944,0.021800916991196573
1642,16413,8794423296,13,1641,13,546734,1,6,309,28,2,6139,466,10,0,0.0,3300573184,4112416,82944,0.02588320802897215
1643,16423,8799780864,13,1642,13,546945,1,6,309,28,2,6139,466,10,0,0.0,3305963520,4112416,82944,0.021703624981455505
1644,16433,8805138432,13,1643,13,547156,1,6,309,28,2,6139,466,10,0,0.0,3290710016,4112416,82944,0.022380500042345375
1645,16443,8810496000,13,1644,13,547367,1,6,309,28,2,6139,466,10,0,0.0,3295559680,4112416,82944,0.021789167018141598
1646,16453,8815853568,13,1645,13,547578,1,6,309,28,2,6139,466,10,0,0.0,3287646208,4112416,82944,0.021559582964982837
1647,16463,8821211136,13,1646,13,547789,1,6,309,28,2,6139,466,10,0,0.0,3290529792,4112416,82944,0.021568583033513278
1648,16473,8826568704,13,1647,13,548000,1,6,309,28,2,6139,466,10,0,0.0,3269115904,4112416,82944,0.021929792012088
1649,16483,8831926272,13,1648,13,548211,1,6,309,28,2,6139,466,10,0,0.0,3275866112,4112416,82944,0.021677749988157302
1650,16493,8837283840,13,1649,13,548422,1,6,309,28,2,6139,466,10,0,0.0,3257122816,4112416,82944,0.022245957981795073
1651,16503,8842641408,13,1650,13,551625,1,6,309,28,2,6139,466,10,0,0.0,3263315968,4112416,82944,0.022260583995375782
1652,16513,8847998976,13,1651,13,551824,1,6,309,28,2,6139,466,10,0,0.0,3245342720,4112416,82944,0.02239687502151355
1653,16523,8853356544,13,1652,13,552023,1,6,309,28,2,6139,466,10,0,0.0,3251617792,4112416,82944,0.022205417044460773
1654,16533,8858714112,13,1653,13,552222,1,6,309,28,2,6139,466,10,0,0.0,3231842304,4112416,82944,0.02226087497547269
1655,16543,8864071680,13,1654,13,552421,1,6,309,28,2,6139,466,10,0,0.0,3236069376,4112416,82944,0.0216110409819521
1656,16553,8869429248,13,1655,13,552620,1,6,309,28,2,6139,466,10,0,0.0,3227156480,4112416,82944,0.022803375031799078
1657,16563,8874786816,13,1656,13,552825,1,6,309,28,2,6139,466,10,0,0.0,3219472384,4112416,82944,0.022365207958500832
1658,16573,8880144384,13,1657,13,553036,1,6,309,28,2,6139,466,10,0,0.0,3222880256,4112416,82944,0.0221228749724105
1659,16583,8885501952,13,1658,13,553247,1,6,309,28,2,6139,466,10,0,0.0,3227680768,4112416,82944,0.022105208016000688
1660,16593,8890859520,13,1659,13,553458,1,6,309,28,2,6139,466,10,0,0.0,3214147584,4112416,82944,0.02217325003584847
1661,16603,8896217088,13,1660,13,553669,1,6,309,28,2,6139,466,10,0,0.0,3223109632,4112416,82944,0.0217998749576509
1662,16613,8901574656,13,1661,13,553880,1,6,309,28,2,6139,466,10,0,0.0,3206496256,4112416,82944,0.022097749984823167
1663,16623,8906932224,13,1662,13,554091,1,6,309,28,2,6139,466,10,0,0.0,3210493952,4112416,82944,0.021753833978436887
1664,16633,8912289792,13,1663,13,554302,1,6,309,28,2,6139,466,10,0,0.0,3208413184,4112416,82944,0.02213579200906679
1665,16643,8917647360,13,1664,13,554513,1,6,309,28,2,6139,466,10,0,0.0,3215884288,4112416,82944,0.021946166001725942
1666,16653,8923004928,13,1665,13,554724,1,6,309,28,2,6139,466,10,0,0.0,3214753792,4112416,82944,0.022307125036604702
1667,16663,8928362496,13,1666,13,554935,1,6,309,28,2,6139,466,10,0,0.0,3217866752,4112416,82944,0.021613667020574212
1668,16673,8933720064,13,1667,13,555146,1,6,309,28,2,6139,466,10,0,0.0,3218636800,4112416,82944,0.02230233297450468
1669,16683,8939077632,13,1668,13,555357,1,6,309,28,2,6139,466,10,0,0.0,3219341312,4112416,82944,0.021854666993021965
1670,16693,8944435200,13,1669,13,555568,1,6,309,28,2,6139,466,10,0,0.0,3226173440,4112416,82944,0.022427458025049418
1671,16703,8949792768,13,1670,13,555779,1,6,309,28,2,6139,466,10,0,0.0,3231629312,4112416,82944,0.021915125020314008
1672,16713,8955150336,13,1671,13,555990,1,6,309,28,2,6139,466,10,0,0.0,3227860992,4112416,82944,0.022675750020425767
1673,16723,8960507904,13,1672,13,556201,1,6,309,28,2,6139,466,10,0,0.0,3234693120,4112416,82944,0.02191079198382795
1674,16733,8965865472,13,1673,13,556412,1,6,309,28,2,6139,466,10,0,0.0,3240755200,4112416,82944,0.022372999985236675
1675,16743,8971223040,13,1674,13,556623,1,6,309,28,2,6139,466,10,0,0.0,3245899776,4112416,82944,0.021887457987759262
1676,16753,8976580608,13,1675,13,559826,1,6,309,28,2,6139,466,10,0,0.0,3258171392,4112416,82944,0.022713458980433643
1677,16763,8981938176,13,1676,13,560025,1,6,309,28,2,6139,466,10,0,0.0,3260923904,4112416,82944,0.022289166983682662
1678,16773,8987295744,13,1677,13,560224,1,6,309,28,2,6139,466,10,0,0.0,3257745408,4112416,82944,0.022690500016324222
1679,16783,8992653312,13,1678,13,560423,1,6,309,28,2,6139,466,10,0,0.0,3261120512,4112416,82944,0.021755750000011176
1680,16793,8998010880,13,1679,13,560622,1,6,309,28,2,6139,466,10,0,0.0,3265396736,4112416,82944,0.02208679198520258
1681,16803,9003368448,13,1680,13,560821,1,6,309,28,2,6139,466,10,0,0.0,3261218816,4112416,82944,0.022195665980689228
1682,16813,9008726016,13,1681,13,561026,1,6,309,28,2,6139,466,10,0,0.0,3265970176,4112416,82944,0.02204845898086205
1683,16823,9014083584,13,1682,13,561237,1,6,309,28,2,6139,466,10,0,0.0,3255664640,4112416,82944,0.02220645803026855
1684,16833,9019441152,13,1683,13,561448,1,6,309,28,2,6139,466,10,0,0.0,3259138048,4112416,82944,0.022087582969106734
1685,16843,9024798720,13,1684,13,561659,1,6,309,28,2,6139,466,10,0,0.0,3264561152,4112416,82944,0.021638792008161545
1686,16853,9030156288,13,1685,13,561870,1,6,309,28,2,6139,466,10,0,0.0,3252535296,4112416,82944,0.02225183299742639
1687,16863,9035513856,13,1686,13,562081,1,6,309,28,2,6139,466,10,0,0.0,3258744832,4112416,82944,0.02184441703138873
1688,16873,9040871424,13,1687,13,562292,1,6,309,28,2,6139,466,10,0,0.0,3243753472,4112416,82944,0.022168375027831644
1689,16883,9046228992,13,1688,13,562503,1,6,309,28,2,6139,466,10,0,0.0,3248504832,4112416,82944,0.021832333004567772
1690,16893,9051586560,13,1689,13,562714,1,6,309,28,2,6139,466,10,0,0.0,3247063040,4112416,82944,0.02395066700410098
1691,16903,9056944128,13,1690,13,562925,1,6,309,28,2,6139,466,10,0,0.0,3252092928,4112416,82944,0.022428957978263497
1692,16913,9062301696,13,1691,13,563136,1,6,309,28,2,6139,466,10,0,0.0,3258580992,4112416,82944,0.022955625026952475
1693,16923,9067659264,13,1692,13,563347,1,6,309,28,2,6139,466,10,0,0.0,3262185472,4112416,82944,0.02215000003343448
1694,16933,9073016832,13,1693,13,563558,1,6,309,28,2,6139,466,10,0,0.0,3268378624,4112416,82944,0.02246320800622925
1695,16943,9078374400,13,1694,13,563769,1,6,309,28,2,6139,466,10,0,0.0,3264479232,4112416,82944,0.022405040974263102
1696,16953,9083731968,13,1695,13,563980,1,6,309,28,2,6139,466,10,0,0.0,3264954368,4112416,82944,0.02250966598512605
1697,16963,9089089536,13,1696,13,564191,1,6,309,28,2,6139,466,10,0,0.0,3263397888,4112416,82944,0.022924042015802115
1698,16973,9094447104,13,1697,13,564402,1,6,309,28,2,6139,466,10,0,0.0,3259842560,4112416,82944,0.02236970904050395
1699,16983,9099804672,13,1698,13,564613,1,6,309,28,2,6139,466,10,0,0.0,3265904640,4112416,82944,0.023308750009164214
1700,16993,9105162240,13,1699,13,564824,1,6,309,28,2,6139,466,10,0,0.0,3258843136,4112416,82944,0.022409916040487587
1701,17003,9110519808,13,1700,13,568027,1,6,309,28,2,6139,466,10,0,0.0,3260694528,4112416,82944,0.023410791996866465
1702,17013,9115877376,13,1701,13,568226,1,6,309,28,2,6139,466,10,0,0.0,3264692224,4112416,82944,0.02309475000947714
1703,17023,9121234944,13,1702,13,568425,1,6,309,28,2,6139,466,10,0,0.0,3266363392,4112416,82944,0.021945917047560215
1704,17033,9126592512,13,1703,13,568624,1,6,309,28,2,6139,466,10,0,0.0,3269197824,4112416,82944,0.02217595902038738
1705,17043,9131950080,13,1704,13,568823,1,6,309,28,2,6139,466,10,0,0.0,3273261056,4112416,82944,0.022000166005454957
1706,17053,9137307648,13,1705,13,569022,1,6,309,28,2,6139,466,10,0,0.0,3255664640,4112416,82944,0.022802542021963745
1707,17063,9142665216,13,1706,13,569227,1,6,309,28,2,6139,466,10,0,0.0,3261841408,4112416,82944,0.0220216250163503
1708,17073,9148022784,13,1707,13,569438,1,6,309,28,2,6139,466,10,0,0.0,3251519488,4112416,82944,0.022814500029198825
1709,17083,9153380352,13,1708,13,569649,1,6,309,28,2,6139,466,10,0,0.0,3254386688,4112416,82944,0.023232499952428043
1710,17093,9158737920,13,1709,13,569860,1,6,309,28,2,6139,466,10,0,0.0,3261153280,4112416,82944,0.022337457980029285
1711,17103,9164095488,13,1710,13,570071,1,6,309,28,2,6139,466,10,0,0.0,3262709760,4112416,82944,0.02203266602009535
1712,17113,9169453056,13,1711,13,570282,1,6,309,28,2,6139,466,10,0,0.0,3252764672,4112416,82944,0.022640166978817433
1713,17123,9174810624,13,1712,13,570493,1,6,309,28,2,6139,466,10,0,0.0,3254845440,4112416,82944,0.021714875008910894
1714,17133,9180168192,13,1713,13,570704,1,6,309,28,2,6139,466,10,0,0.0,3263021056,4112416,82944,0.02205041697015986
1715,17143,9185525760,13,1714,13,570915,1,6,309,28,2,6139,466,10,0,0.0,3256238080,4112416,82944,0.02367166697513312
1716,17153,9190883328,13,1715,13,571126,1,6,309,28,2,6139,466,10,0,0.0,3261038592,4112416,82944,0.02178720902884379
1717,17163,9196240896,13,1716,13,571337,1,6,309,28,2,6139,466,10,0,0.0,3261448192,4112416,82944,0.022259083983954042
1718,17173,9201598464,13,1717,13,571548,1,6,309,28,2,6139,466,10,0,0.0,3265544192,4112416,82944,0.022247415967285633
1719,17183,9206956032,13,1718,13,571759,1,6,309,28,2,6139,466,10,0,0.0,3251240960,4112416,82944,0.022157749976031482
1720,17193,9212313600,13,1719,13,571970,1,6,309,28,2,6139,466,10,0,0.0,3257139200,4112416,82944,0.022255874995607883
1721,17203,9217671168,13,1720,13,572181,1,6,309,28,2,6139,466,10,0,0.0,3252027392,4112416,82944,0.02254516602260992
1722,17213,9223028736,13,1721,13,572392,1,6,309,28,2,6139,466,10,0,0.0,3254812672,4112416,82944,0.021973124996293336
1723,17223,9228386304,13,1722,13,572603,1,6,309,28,2,6139,466,10,0,0.0,3250094080,4112416,82944,0.022071124985814095
1724,17233,9233743872,13,1723,13,572814,1,6,309,28,2,6139,466,10,0,0.0,3246669824,4112416,82944,0.022445957991294563
1725,17243,9239101440,13,1724,13,573025,1,6,309,28,2,6139,466,10,0,0.0,3254878208,4112416,82944,0.021841208974365145
1726,17253,9244459008,13,1725,13,576228,1,6,309,28,2,6139,466,10,0,0.0,3233972224,4112416,82944,0.022352625033818185
1727,17263,9249816576,13,1726,13,576427,1,6,309,28,2,6139,466,10,0,0.0,3238117376,4112416,82944,0.021904041001107544
1728,17273,9255174144,13,1727,13,576626,1,6,309,28,2,6139,466,10,0,0.0,3229958144,4112416,82944,0.02236266597174108
1729,17283,9260531712,13,1728,13,576825,1,6,309,28,2,6139,466,10,0,0.0,3233710080,4112416,82944,0.0221423750044778
1730,17293,9265889280,13,1729,13,577024,1,6,309,28,2,6139,466,10,0,0.0,3220848640,4112416,82944,0.022942540992517024
1731,17303,9271246848,13,1730,13,577223,1,6,309,28,2,6139,466,10,0,0.0,3224354816,4112416,82944,0.02204070898005739
1732,17313,9276604416,13,1731,13,577428,1,6,309,28,2,6139,466,10,0,0.0,3226107904,4112416,82944,0.022074291948229074
1733,17323,9281961984,13,1732,13,577639,1,6,309,28,2,6139,466,10,0,0.0,3225354240,4112416,82944,0.02234550000866875
1734,17333,9287319552,13,1733,13,577850,1,6,309,28,2,6139,466,10,0,0.0,3213688832,4112416,82944,0.022963207971770316
1735,17343,9292677120,13,1734,13,578061,1,6,309,28,2,6139,466,10,0,0.0,3218505728,4112416,82944,0.021860583045054227
1736,17353,9298034688,13,1735,13,578272,1,6,309,28,2,6139,466,10,0,0.0,3222618112,4112416,82944,0.022015166992787272
1737,17363,9303392256,13,1736,13,578483,1,6,309,28,2,6139,466,10,0,0.0,3219881984,4112416,82944,0.022208584006875753
1738,17373,9308749824,13,1737,13,578694,1,6,309,28,2,6139,466,10,0,0.0,3217276928,4112416,82944,0.021994000009726733
1739,17383,9314107392,13,1738,13,578905,1,6,309,28,2,6139,466,10,0,0.0,3223339008,4112416,82944,0.02214487496530637
1740,17393,9319464960,13,1739,13,579116,1,6,309,28,2,6139,466,10,0,0.0,3211591680,4112416,82944,0.022183375025633723
1741,17403,9324822528,13,1740,13,579327,1,6,309,28,2,6139,466,10,0,0.0,3217080320,4112416,82944,0.02227225003298372
1742,17413,9330180096,13,1741,13,579538,1,6,309,28,2,6139,466,10,0,0.0,3215720448,4112416,82944,0.022302708006463945
1743,17423,9335537664,13,1742,13,579749,1,6,309,28,2,6139,466,10,0,0.0,3221143552,4112416,82944,0.022147000010591
1744,17433,9340895232,13,1743,13,579960,1,6,309,28,2,6139,466,10,0,0.0,3218423808,4112416,82944,0.022111208993010223
1745,17443,9346252800,13,1744,13,580171,1,6,309,28,2,6139,466,10,0,0.0,3224567808,4112416,82944,0.022001249948516488
1746,17453,9351610368,13,1745,13,580382,1,6,309,28,2,6139,466,10,0,0.0,3220291584,4112416,82944,0.02208808297291398
1747,17463,9356967936,13,1746,13,580593,1,6,309,28,2,6139,466,10,0,0.0,3226435584,4112416,82944,0.021744375000707805
1748,17473,9362325504,13,1747,13,580804,1,6,309,28,2,6139,466,10,0,0.0,3220602880,4112416,82944,0.022084125026594847
1749,17483,9367683072,13,1748,13,581015,1,6,309,28,2,6139,466,10,0,0.0,3226714112,4112416,82944,0.021720916964113712
1750,17493,9373040640,13,1749,13,581226,1,6,309,28,2,6139,466,10,0,0.0,3226107904,4112416,82944,0.022176667000167072
1751,17503,9378398208,13,1750,13,584429,1,6,309,28,2,6139,466,10,0,0.0,3235807232,4112416,82944,0.022396458021830767
1752,17513,9383755776,13,1751,13,584628,1,6,309,28,2,6139,466,10,0,0.0,3241476096,4112416,82944,0.022256458003539592
1753,17523,9389113344,13,1752,13,584827,1,6,309,28,2,6139,466,10,0,0.0,3229614080,4112416,82944,0.022813832969404757
1754,17533,9394470912,13,1753,13,585026,1,6,309,28,2,6139,466,10,0,0.0,3234807808,4112416,82944,0.021988832973875105
1755,17543,9399828480,13,1754,13,585225,1,6,309,28,2,6139,466,10,0,0.0,3227467776,4112416,82944,0.022249874949920923
1756,17553,9405186048,13,1755,13,585424,1,6,309,28,2,6139,466,10,0,0.0,3231055872,4112416,82944,0.02296745899366215
1757,17563,9410543616,13,1756,13,585629,1,6,309,28,2,6139,466,10,0,0.0,3235823616,4112416,82944,0.02223970799241215
1758,17573,9415901184,13,1757,13,585840,1,6,309,28,2,6139,466,10,0,0.0,3231023104,4112416,82944,0.022375542030204087
1759,17583,9421258752,13,1758,13,586051,1,6,309,28,2,6139,466,10,0,0.0,3235905536,4112416,82944,0.021981417026836425
1760,17593,9426616320,13,1759,13,586262,1,6,309,28,2,6139,466,10,0,0.0,3228712960,4112416,82944,0.022436500003095716
1761,17603,9431973888,13,1760,13,586473,1,6,309,28,2,6139,466,10,0,0.0,3233415168,4112416,82944,0.022051458014175296
1762,17613,9437331456,13,1761,13,586684,1,6,309,28,2,6139,466,10,0,0.0,3230695424,4112416,82944,0.02500408299965784
1763,17623,9442689024,13,1762,13,586895,1,6,309,28,2,6139,466,10,0,0.0,3238313984,4112416,82944,0.022780707979109138
1764,17633,9448046592,13,1763,13,587106,1,6,309,28,2,6139,466,10,0,0.0,3238739968,4112416,82944,0.021870709024369717
1765,17643,9453404160,13,1764,13,587317,1,6,309,28,2,6139,466,10,0,0.0,3245506560,4112416,82944,0.02225616603391245
1766,17653,9458761728,13,1765,13,587528,1,6,309,28,2,6139,466,10,0,0.0,3231973376,4112416,82944,0.02218679100042209
1767,17663,9464119296,13,1766,13,587739,1,6,309,28,2,6139,466,10,0,0.0,3238854656,4112416,82944,0.022403166978619993
1768,17673,9469476864,13,1767,13,587950,1,6,309,28,2,6139,466,10,0,0.0,3243737088,4112416,82944,0.021726333012338728
1769,17683,9474834432,13,1768,13,588161,1,6,309,28,2,6139,466,10,0,0.0,3251879936,4112416,82944,0.022434165992308408
1770,17693,9480192000,13,1769,13,588372,1,6,309,28,2,6139,466,10,0,0.0,3256680448,4112416,82944,0.021895874990150332
1771,17703,9485549568,13,1770,13,588583,1,6,309,28,2,6139,466,10,0,0.0,3260088320,4112416,82944,0.022495750046800822
1772,17713,9490907136,13,1771,13,588794,1,6,309,28,2,6139,466,10,0,0.0,3262742528,4112416,82944,0.0228836250025779
1773,17723,9496264704,13,1772,13,589005,1,6,309,28,2,6139,466,10,0,0.0,3267526656,4112416,82944,0.02205429202876985
1774,17733,9501622272,13,1773,13,589216,1,6,309,28,2,6139,466,10,0,0.0,3273605120,4112416,82944,0.023116500000469387
1775,17743,9506979840,13,1774,13,589427,1,6,309,28,2,6139,466,10,0,0.0,3280584704,4112416,82944,0.022397374967113137
1776,17753,9512337408,13,1775,13,592630,1,6,309,28,2,6139,466,10,0,0.0,3287023616,4112416,82944,0.023140374978538603
1777,17763,9517694976,13,1776,13,592829,1,6,309,28,2,6139,466,10,0,0.0,3289694208,4112416,82944,0.02220891701290384
1778,17773,9523052544,13,1777,13,593028,1,6,309,28,2,6139,466,10,0,0.0,3281420288,4112416,82944,0.02278454095358029
1779,17783,9528410112,13,1778,13,593227,1,6,309,28,2,6139,466,10,0,0.0,3283501056,4112416,82944,0.022861665987875313
1780,17793,9533767680,13,1779,13,593426,1,6,309,28,2,6139,466,10,0,0.0,3288367104,4112416,82944,0.02234004100318998
1781,17803,9539125248,13,1780,13,593625,1,6,309,28,2,6139,466,10,0,0.0,3288711168,4112416,82944,0.022321625030599535
1782,17813,9544482816,13,1781,13,593830,1,6,309,28,2,6139,466,10,0,0.0,3296362496,4112416,82944,0.022564291022717953
1783,17823,9549840384,13,1782,13,594041,1,6,309,28,2,6139,466,10,0,0.0,3297165312,4112416,82944,0.02273850003257394
1784,17833,9555197952,13,1783,13,594252,1,6,309,28,2,6139,466,10,0,0.0,3301179392,4112416,82944,0.02271133300382644
1785,17843,9560555520,13,1784,13,594463,1,6,309,28,2,6139,466,10,0,0.0,3305881600,4112416,82944,0.022008375031873584
1786,17853,9565913088,13,1785,13,594674,1,6,309,28,2,6139,466,10,0,0.0,3309436928,4112416,82944,0.02218166703823954
1787,17863,9571270656,13,1786,13,594885,1,6,309,28,2,6139,466,10,0,0.0,3315499008,4112416,82944,0.022827334003522992
1788,17873,9576628224,13,1787,13,595096,1,6,309,28,2,6139,466,10,0,0.0,3320299520,4112416,82944,0.022037749993614852
1789,17883,9581985792,13,1788,13,595307,1,6,309,28,2,6139,466,10,0,0.0,3322298368,4112416,82944,0.023398624965921044
1790,17893,9587343360,13,1789,13,595518,1,6,309,28,2,6139,466,10,0,0.0,3324100608,4112416,82944,0.02307804097654298
1791,17903,9592700928,13,1790,13,595729,1,6,309,28,2,6139,466,10,0,0.0,3330162688,4112416,82944,0.021787500008940697
1792,17913,9598058496,13,1791,13,595940,1,6,309,28,2,6139,466,10,0,0.0,3337666560,4112416,82944,0.022264832979999483
1793,17923,9603416064,13,1792,13,596151,1,6,309,28,2,6139,466,10,0,0.0,3334258688,4112416,82944,0.02218216599430889
1794,17933,9608773632,13,1793,13,596362,1,6,309,28,2,6139,466,10,0,0.0,3343073280,4112416,82944,0.022021375014446676
1795,17943,9614131200,13,1794,13,596573,1,6,309,28,2,6139,466,10,0,0.0,3346251776,4112416,82944,0.02267695899354294
1796,17953,9619488768,13,1795,13,596784,1,6,309,28,2,6139,466,10,0,0.0,3351003136,4112416,82944,0.02198683301685378
1797,17963,9624846336,13,1796,13,596995,1,6,309,28,2,6139,466,10,0,0.0,3356459008,4112416,82944,0.022423374990466982
1798,17973,9630203904,13,1797,13,597206,1,6,309,28,2,6139,466,10,0,0.0,3361193984,4112416,82944,0.022002667014021426
1799,17983,9635561472,13,1798,13,597417,1,6,309,28,2,6139,466,10,0,0.0,3359244288,4112416,82944,0.022716499981470406
1800,17993,9640919040,13,1799,13,597628,1,6,309,28,2,6139,466,10,0,0.0,3356196864,4112416,82944,0.02212604199303314
1801,18003,9646276608,13,1800,13,600831,1,6,309,28,2,6139,466,10,0,0.0,3355901952,4112416,82944,0.022520959028042853
1802,18013,9651634176,13,1801,13,601030,1,6,309,28,2,6139,466,10,0,0.0,3361308672,4112416,82944,0.021867082978133112
1803,18023,9656991744,13,1802,13,601229,1,6,309,28,2,6139,466,10,0,0.0,3363241984,4112416,82944,0.02235591597855091
1804,18033,9662349312,13,1803,13,601428,1,6,309,28,2,6139,466,10,0,0.0,3369975808,4112416,82944,0.02206270897295326
1805,18043,9667706880,13,1804,13,601627,1,6,309,28,2,6139,466,10,0,0.0,3374874624,4112416,82944,0.02209637494524941
1806,18053,9673064448,13,1805,13,601826,1,6,309,28,2,6139,466,10,0,0.0,3378331648,4112416,82944,0.02213325002230704
1807,18063,9678422016,13,1806,13,602031,1,6,309,28,2,6139,466,10,0,0.0,3382378496,4112416,82944,0.021809708967339247
1808,18073,9683779584,13,1807,13,602242,1,6,309,28,2,6139,466,10,0,0.0,3387211776,4112416,82944,0.02243779198033735
1809,18083,9689137152,13,1808,13,602453,1,6,309,28,2,6139,466,10,0,0.0,3391012864,4112416,82944,0.02232795802410692
1810,18093,9694494720,13,1809,13,602664,1,6,309,28,2,6139,466,10,0,0.0,3396517888,4112416,82944,0.02233937499113381
1811,18103,9699852288,13,1810,13,602875,1,6,309,28,2,6139,466,10,0,0.0,3402711040,4112416,82944,0.02236833400093019
1812,18113,9705209856,13,1811,13,603086,1,6,309,28,2,6139,466,10,0,0.0,3408953344,4112416,82944,0.02200299996184185
1813,18123,9710567424,13,1812,13,603297,1,6,309,28,2,6139,466,10,0,0.0,3402088448,4112416,82944,0.023092999996151775
1814,18133,9715924992,13,1813,13,603508,1,6,309,28,2,6139,466,10,0,0.0,3406184448,4112416,82944,0.02198695798870176
1815,18143,9721282560,13,1814,13,603719,1,6,309,28,2,6139,466,10,0,0.0,3412721664,4112416,82944,0.021842290996573865
1816,18153,9726640128,13,1815,13,603930,1,6,309,28,2,6139,466,10,0,0.0,3417554944,4112416,82944,0.022496749996207654
1817,18163,9731997696,13,1816,13,604141,1,6,309,28,2,6139,466,10,0,0.0,3426009088,4112416,82944,0.022148791991639882
1818,18173,9737355264,13,1817,13,604352,1,6,309,28,2,6139,466,10,0,0.0,3429548032,4112416,82944,0.02219366596546024
1819,18183,9742712832,13,1818,13,604563,1,6,309,28,2,6139,466,10,0,0.0,3433562112,4112416,82944,0.022076332999859005
1820,18193,9748070400,13,1819,13,604774,1,6,309,28,2,6139,466,10,0,0.0,3439017984,4112416,82944,0.022040042036678642
1821,18203,9753427968,13,1820,13,604985,1,6,309,28,2,6139,466,10,0,0.0,3444604928,4112416,82944,0.021941584011074156
1822,18213,9758785536,13,1821,13,605196,1,6,309,28,2,6139,466,10,0,0.0,3447554048,4112416,82944,0.024436833045911044
1823,18223,9764143104,13,1822,13,605407,1,6,309,28,2,6139,466,10,0,0.0,3452272640,4112416,82944,0.02208887500455603
1824,18233,9769500672,13,1823,13,605618,1,6,309,28,2,6139,466,10,0,0.0,3456598016,4112416,82944,0.022051792009733617
1825,18243,9774858240,13,1824,13,605829,1,6,309,28,2,6139,466,10,0,0.0,3463446528,4112416,82944,0.022083584044594318
1826,18253,9780215808,13,1825,13,609032,1,6,309,28,2,6139,466,10,0,0.0,3474948096,4112416,82944,0.022150042001158
1827,18263,9785573376,13,1826,13,609231,1,6,309,28,2,6139,466,10,0,0.0,3472015360,4112416,82944,0.022720707987900823
1828,18273,9790930944,13,1827,13,609430,1,6,309,28,2,6139,466,10,0,0.0,3476094976,4112416,82944,0.022064416960347444
1829,18283,9796288512,13,1828,13,609629,1,6,309,28,2,6139,466,10,0,0.0,3479502848,4112416,82944,0.02211404195986688
1830,18293,9801646080,13,1829,13,609828,1,6,309,28,2,6139,466,10,0,0.0,3483533312,4112416,82944,0.022135165985673666
1831,18303,9807003648,13,1830,13,610027,1,6,309,28,2,6139,466,10,0,0.0,3485024256,4112416,82944,0.022361749957781285
1832,18313,9812361216,13,1831,13,610232,1,6,309,28,2,6139,466,10,0,0.0,3490873344,4112416,82944,0.022031417000107467
1833,18323,9817718784,13,1832,13,610443,1,6,309,28,2,6139,466,10,0,0.0,3497738240,4112416,82944,0.02228425000794232
1834,18333,9823076352,13,1833,13,610654,1,6,309,28,2,6139,466,10,0,0.0,3482992640,4112416,82944,0.022139334003441036
1835,18343,9828433920,13,1834,13,610865,1,6,309,28,2,6139,466,10,0,0.0,3489824768,4112416,82944,0.022667165962047875
1836,18353,9833791488,13,1835,13,611076,1,6,309,28,2,6139,466,10,0,0.0,3495624704,4112416,82944,0.02250700001604855
1837,18363,9839149056,13,1836,13,611287,1,6,309,28,2,6139,466,10,0,0.0,3501817856,4112416,82944,0.02186270896345377
1838,18373,9844506624,13,1837,13,611498,1,6,309,28,2,6139,466,10,0,0.0,3506094080,4112416,82944,0.02173483301885426
1839,18383,9849864192,13,1838,13,611709,1,6,309,28,2,6139,466,10,0,0.0,3498967040,4112416,82944,0.02269166603218764
1840,18393,9855221760,13,1839,13,611920,1,6,309,28,2,6139,466,10,0,0.0,3503734784,4112416,82944,0.02204495796468109
1841,18403,9860579328,13,1840,13,612131,1,6,309,28,2,6139,466,10,0,0.0,3503177728,4112416,82944,0.022227458946872503
1842,18413,9865936896,13,1841,13,612342,1,6,309,28,2,6139,466,10,0,0.0,3512188928,4112416,82944,0.021991917048580945
1843,18423,9871294464,13,1842,13,612553,1,6,309,28,2,6139,466,10,0,0.0,3515973632,4112416,82944,0.02178758301306516
1844,18433,9876652032,13,1843,13,612764,1,6,309,28,2,6139,466,10,0,0.0,3517267968,4112416,82944,0.022325083962641656
1845,18443,9882009600,13,1844,13,612975,1,6,309,28,2,6139,466,10,0,0.0,3521347584,4112416,82944,0.022010833024978638
1846,18453,9887367168,13,1845,13,613186,1,6,309,28,2,6139,466,10,0,0.0,3528687616,4112416,82944,0.021932916017249227
1847,18463,9892724736,13,1846,13,613397,1,6,309,28,2,6139,466,10,0,0.0,3524935680,4112416,82944,0.022419166984036565
1848,18473,9898082304,13,1847,13,613608,1,6,309,28,2,6139,466,10,0,0.0,3527655424,4112416,82944,0.021824790979735553
1849,18483,9903439872,13,1848,13,613819,1,6,309,28,2,6139,466,10,0,0.0,3517726720,4112416,82944,0.02561316598439589
1850,18493,9908797440,13,1849,13,614030,1,6,309,28,2,6139,466,10,0,0.0,3521855488,4112416,82944,0.022919292037840933
1851,18503,9914155008,13,1850,13,617233,1,6,309,28,2,6139,466,10,0,0.0,3527720960,4112416,82944,0.022928958002012223
1852,18513,9919512576,13,1851,13,617432,1,6,309,28,2,6139,466,10,0,0.0,3523837952,4112416,82944,0.022786833986174315
1853,18523,9924870144,13,1852,13,617631,1,6,309,28,2,6139,466,10,0,0.0,3527688192,4112416,82944,0.023323750006966293
1854,18533,9930227712,13,1853,13,617830,1,6,309,28,2,6139,466,10,0,0.0,3524624384,4112416,82944,0.022954958956688643
1855,18543,9935585280,13,1854,13,618029,1,6,309,28,2,6139,466,10,0,0.0,3528720384,4112416,82944,0.022375417000148445
1856,18553,9940942848,13,1855,13,618228,1,6,309,28,2,6139,466,10,0,0.0,3535044608,4112416,82944,0.022524959000293165
1857,18563,9946300416,13,1856,13,618433,1,6,309,28,2,6139,466,10,0,0.0,3539189760,4112416,82944,0.022393833030946553
1858,18573,9951657984,13,1857,13,618644,1,6,309,28,2,6139,466,10,0,0.0,3545464832,4112416,82944,0.02219529199646786
1859,18583,9957015552,13,1858,13,618855,1,6,309,28,2,6139,466,10,0,0.0,3547578368,4112416,82944,0.02225541602820158
1860,18593,9962373120,13,1859,13,619066,1,6,309,28,2,6139,466,10,0,0.0,3551608832,4112416,82944,0.02322104200720787
1861,18603,9967730688,13,1860,13,619277,1,6,309,28,2,6139,466,10,0,0.0,3555655680,4112416,82944,0.022229750000406057
1862,18613,9973088256,13,1861,13,619488,1,6,309,28,2,6139,466,10,0,0.0,3560521728,4112416,82944,0.022358708025421947
1863,18623,9978445824,13,1862,13,619699,1,6,309,28,2,6139,466,10,0,0.0,3568320512,4112416,82944,0.02274849999230355
1864,18633,9983803392,13,1863,13,619910,1,6,309,28,2,6139,466,10,0,0.0,3572678656,4112416,82944,0.022354832966811955
1865,18643,9989160960,13,1864,13,620121,1,6,309,28,2,6139,466,10,0,0.0,3572596736,4112416,82944,0.02248512505320832
1866,18653,9994518528,13,1865,13,620332,1,6,309,28,2,6139,466,10,0,0.0,3578331136,4112416,82944,0.022315000009257346
1867,18663,9999876096,13,1866,13,620543,1,6,309,28,2,6139,466,10,0,0.0,3578642432,4112416,82944,0.022754082980100065
1868,18673,10005233664,13,1867,13,620754,1,6,309,28,2,6139,466,10,0,0.0,3582672896,4112416,82944,0.022190082992892712
1869,18683,10010591232,13,1868,13,620965,1,6,309,28,2,6139,466,10,0,0.0,3585654784,4112416,82944,0.022454374993685633
1870,18693,10015948800,13,1869,13,621176,1,6,309,28,2,6139,466,10,0,0.0,3591077888,4112416,82944,0.021936875011306256
1871,18703,10021306368,13,1870,13,621387,1,6,309,28,2,6139,466,10,0,0.0,3595976704,4112416,82944,0.022009917011018842
1872,18713,10026663936,13,1871,13,621598,1,6,309,28,2,6139,466,10,0,0.0,3596025856,4112416,82944,0.022844291990622878
1873,18723,10032021504,13,1872,13,621809,1,6,309,28,2,6139,466,10,0,0.0,3594780672,4112416,82944,0.022154167003463954
1874,18733,10037379072,13,1873,13,622020,1,6,309,28,2,6139,466,10,0,0.0,3601547264,4112416,82944,0.022085541975684464
1875,18743,10042736640,13,1874,13,622231,1,6,309,28,2,6139,466,10,0,0.0,3598712832,4112416,82944,0.022510083043016493
1876,18753,10048094208,13,1875,13,625434,1,6,309,28,2,6139,466,10,0,0.0,3612164096,4112416,82944,0.023781249998137355
1877,18763,10053451776,13,1876,13,625633,1,6,309,28,2,6139,466,10,0,0.0,3614212096,4112416,82944,0.022278625052422285
1878,18773,10058809344,13,1877,13,625832,1,6,309,28,2,6139,466,10,0,0.0,3616817152,4112416,82944,0.021836332976818085
1879,18783,10064166912,13,1878,13,626031,1,6,309,28,2,6139,466,10,0,0.0,3620323328,4112416,82944,0.022120832989457995
1880,18793,10069524480,13,1879,13,626230,1,6,309,28,2,6139,466,10,0,0.0,3611099136,4112416,82944,0.021976959018502384
1881,18803,10074882048,13,1880,13,626429,1,6,309,28,2,6139,466,10,0,0.0,3617275904,4112416,82944,0.022212041018065065
1882,18813,10080239616,13,1881,13,626634,1,6,309,28,2,6139,466,10,0,0.0,3608363008,4112416,82944,0.022249208006542176
1883,18823,10085597184,13,1882,13,626845,1,6,309,28,2,6139,466,10,0,0.0,3611590656,4112416,82944,0.0218389579677023
1884,18833,10090954752,13,1883,13,627056,1,6,309,28,2,6139,466,10,0,0.0,3602464768,4112416,82944,0.0223462920403108
1885,18843,10096312320,13,1884,13,627267,1,6,309,28,2,6139,466,10,0,0.0,3606478848,4112416,82944,0.02215454203542322
1886,18853,10101669888,13,1885,13,627478,1,6,309,28,2,6139,466,10,0,0.0,3596075008,4112416,82944,0.024542667029891163
1887,18863,10107027456,13,1886,13,627689,1,6,309,28,2,6139,466,10,0,0.0,3600777216,4112416,82944,0.021860500040929765
1888,18873,10112385024,13,1887,13,627900,1,6,309,28,2,6139,466,10,0,0.0,3603693568,4112416,82944,0.022079292044509202
1889,18883,10117742592,13,1888,13,628111,1,6,309,28,2,6139,466,10,0,0.0,3611197440,4112416,82944,0.021900499996263534
1890,18893,10123100160,13,1889,13,628322,1,6,309,28,2,6139,466,10,0,0.0,3615358976,4112416,82944,0.02277566702105105
1891,18903,10128457728,13,1890,13,628533,1,6,309,28,2,6139,466,10,0,0.0,3614212096,4112416,82944,0.022526541026309133
1892,18913,10133815296,13,1891,13,628744,1,6,309,28,2,6139,466,10,0,0.0,3619061760,4112416,82944,0.021913291013333946
1893,18923,10139172864,13,1892,13,628955,1,6,309,28,2,6139,466,10,0,0.0,3610804224,4112416,82944,0.022348124999552965
1894,18933,10144530432,13,1893,13,629166,1,6,309,28,2,6139,466,10,0,0.0,3617767424,4112416,82944,0.0222766250371933
1895,18943,10149888000,13,1894,13,629377,1,6,309,28,2,6139,466,10,0,0.0,3617030144,4112416,82944,0.02197933301795274
1896,18953,10155245568,13,1895,13,629588,1,6,309,28,2,6139,466,10,0,0.0,3625631744,4112416,82944,0.02223900001263246
1897,18963,10160603136,13,1896,13,629799,1,6,309,28,2,6139,466,10,0,0.0,3628466176,4112416,82944,0.022216916957404464
1898,18973,10165960704,13,1897,13,630010,1,6,309,28,2,6139,466,10,0,0.0,3614588928,4112416,82944,0.022241708997171372
1899,18983,10171318272,13,1898,13,630221,1,6,309,28,2,6139,466,10,0,0.0,3619553280,4112416,82944,0.021986042032949626
1900,18993,10176675840,13,1899,13,630432,1,6,309,28,2,6139,466,10,0,0.0,3623141376,4112416,82944,0.021722165984101593
1901,19003,10182033408,13,1900,13,633635,1,6,309,28,2,6139,466,10,0,0.0,3616358400,4112416,82944,0.022132957994472235
1902,19013,10187390976,13,1901,13,633834,1,6,309,28,2,6139,466,10,0,0.0,3619143680,4112416,82944,0.021805583033710718
1903,19023,10192748544,13,1902,13,634033,1,6,309,28,2,6139,466,10,0,0.0,3603300352,4112416,82944,0.022738584026228637
1904,19033,10198106112,13,1903,13,634232,1,6,309,28,2,6139,466,10,0,0.0,3610443776,4112416,82944,0.022121665999293327
1905,19043,10203463680,13,1904,13,634431,1,6,309,28,2,6139,466,10,0,0.0,3613261824,4112416,82944,0.02179895801236853
1906,19053,10208821248,13,1905,13,634630,1,6,309,28,2,6139,466,10,0,0.0,3611426816,4112416,82944,0.022587832994759083
1907,19063,10214178816,13,1906,13,634835,1,6,309,28,2,6139,466,10,0,0.0,3617734656,4112416,82944,0.021926417015492916
1908,19073,10219536384,13,1907,13,635046,1,6,309,28,2,6139,466,10,0,0.0,3605987328,4112416,82944,0.023082542000338435
1909,19083,10224893952,13,1908,13,635257,1,6,309,28,2,6139,466,10,0,0.0,3590275072,4112416,82944,0.02252354205120355
1910,19093,10230251520,13,1909,13,635468,1,6,309,28,2,6139,466,10,0,0.0,3592355840,4112416,82944,0.021915499994065613
1911,19103,10235609088,13,1910,13,635679,1,6,309,28,2,6139,466,10,0,0.0,3598417920,4112416,82944,0.022047707985620946
1912,19113,10240966656,13,1911,13,635890,1,6,309,28,2,6139,466,10,0,0.0,3585310720,4112416,82944,0.022471125004813075
1913,19123,10246324224,13,1912,13,636101,1,6,309,28,2,6139,466,10,0,0.0,3590209536,4112416,82944,0.022351540974341333
1914,19133,10251681792,13,1913,13,636312,1,6,309,28,2,6139,466,10,0,0.0,3578085376,4112416,82944,0.022126082971226424
1915,19143,10257039360,13,1914,13,636523,1,6,309,28,2,6139,466,10,0,0.0,3575726080,4112416,82944,0.022014542017132044
1916,19153,10262396928,13,1915,13,636734,1,6,309,28,2,6139,466,10,0,0.0,3580542976,4112416,82944,0.021796624991111457
1917,19163,10267754496,13,1916,13,636945,1,6,309,28,2,6139,466,10,0,0.0,3564437504,4112416,82944,0.02197870798408985
1918,19173,10273112064,13,1917,13,637156,1,6,309,28,2,6139,466,10,0,0.0,3567828992,4112416,82944,0.02187154203420505
1919,19183,10278469632,13,1918,13,637367,1,6,309,28,2,6139,466,10,0,0.0,3559784448,4112416,82944,0.022142208006698638
1920,19193,10283827200,13,1919,13,637578,1,6,309,28,2,6139,466,10,0,0.0,3563962368,4112416,82944,0.021611667005345225
1921,19203,10289184768,13,1920,13,637789,1,6,309,28,2,6139,466,10,0,0.0,3558211584,4112416,82944,0.022228125017136335
1922,19213,10294542336,13,1921,13,638000,1,6,309,28,2,6139,466,10,0,0.0,3563356160,4112416,82944,0.022052916989196092
1923,19223,10299899904,13,1922,13,638211,1,6,309,28,2,6139,466,10,0,0.0,3568812032,4112416,82944,0.021827082964591682
1924,19233,10305257472,13,1923,13,638422,1,6,309,28,2,6139,466,10,0,0.0,3551870976,4112416,82944,0.022133916965685785
1925,19243,10310615040,13,1924,13,638633,1,6,309,28,2,6139,466,10,0,0.0,3527376896,4112416,82944,0.024263458035420626
1926,19253,10315972608,13,1925,13,641836,1,6,309,28,2,6139,466,10,0,0.0,3509272576,4112416,82944,0.022789375041611493
1927,19263,10321330176,13,1926,13,642035,1,6,309,28,2,6139,466,10,0,0.0,3509747712,4112416,82944,0.022930792008992285
1928,19273,10326687744,13,1927,13,642234,1,6,309,28,2,6139,466,10,0,0.0,3516891136,4112416,82944,0.02209049998782575
1929,19283,10332045312,13,1928,13,642433,1,6,309,28,2,6139,466,10,0,0.0,3506962432,4112416,82944,0.022662125003989786
1930,19293,10337402880,13,1929,13,642632,1,6,309,28,2,6139,466,10,0,0.0,3495591936,4112416,82944,0.022833458031527698
1931,19303,10342760448,13,1930,13,642831,1,6,309,28,2,6139,466,10,0,0.0,3499638784,4112416,82944,0.02264670899603516
1932,19313,10348118016,13,1931,13,643036,1,6,309,28,2,6139,466,10,0,0.0,3505127424,4112416,82944,0.022676291991956532
1933,19323,10353475584,13,1932,13,643247,1,6,309,28,2,6139,466,10,0,0.0,3484073984,4112416,82944,0.022752624994609505
1934,19333,10358833152,13,1933,13,643458,1,6,309,28,2,6139,466,10,0,0.0,3463839744,4112416,82944,0.023339416016824543
1935,19343,10364190720,13,1934,13,643669,1,6,309,28,2,6139,466,10,0,0.0,3442458624,4112416,82944,0.0229725000099279
1936,19353,10369548288,13,1935,13,643880,1,6,309,28,2,6139,466,10,0,0.0,3446554624,4112416,82944,0.022669708007015288
1937,19363,10374905856,13,1936,13,644091,1,6,309,28,2,6139,466,10,0,0.0,3435528192,4112416,82944,0.022397999942768365
1938,19373,10380263424,13,1937,13,644302,1,6,309,28,2,6139,466,10,0,0.0,3442409472,4112416,82944,0.022255833027884364
1939,19383,10385620992,13,1938,13,644513,1,6,309,28,2,6139,466,10,0,0.0,3429974016,4112416,82944,0.022527292021550238
1940,19393,10390978560,13,1939,13,644724,1,6,309,28,2,6139,466,10,0,0.0,3436085248,4112416,82944,0.02263904199935496
1941,19403,10396336128,13,1940,13,644935,1,6,309,28,2,6139,466,10,0,0.0,3421503488,4112416,82944,0.02241637499537319
1942,19413,10401693696,13,1941,13,645146,1,6,309,28,2,6139,466,10,0,0.0,3425681408,4112416,82944,0.022818000055849552
1943,19423,10407051264,13,1942,13,645357,1,6,309,28,2,6139,466,10,0,0.0,3427778560,4112416,82944,0.02246270899195224
1944,19433,10412408832,13,1943,13,645568,1,6,309,28,2,6139,466,10,0,0.0,3416424448,4112416,82944,0.02238099998794496
1945,19443,10417766400,13,1944,13,645779,1,6,309,28,2,6139,466,10,0,0.0,3424108544,4112416,82944,0.022039208037313074
1946,19453,10423123968,13,1945,13,645990,1,6,309,28,2,6139,466,10,0,0.0,3406249984,4112416,82944,0.022578875010367483
1947,19463,10428481536,13,1946,13,646201,1,6,309,28,2,6139,466,10,0,0.0,3412131840,4112416,82944,0.02181787497829646
1948,19473,10433839104,13,1947,13,646412,1,6,309,28,2,6139,466,10,0,0.0,3387293696,4112416,82944,0.02278191695222631
1949,19483,10439196672,13,1948,13,646623,1,6,309,28,2,6139,466,10,0,0.0,3390832640,4112416,82944,0.02190808398881927
1950,19493,10444554240,13,1949,13,646834,1,6,309,28,2,6139,466,10,0,0.0,3396911104,4112416,82944,0.02196983399335295
1951,19503,10449911808,13,1950,13,650037,1,6,309,28,2,6139,466,10,0,0.0,3393912832,4112416,82944,0.022269500012043864
1952,19513,10455269376,13,1951,13,650236,1,6,309,28,2,6139,466,10,0,0.0,3375169536,4112416,82944,0.02208754204912111
1953,19523,10460626944,13,1952,13,650435,1,6,309,28,2,6139,466,10,0,0.0,3379249152,4112416,82944,0.021923749998677522
1954,19533,10465984512,13,1953,13,650634,1,6,309,28,2,6139,466,10,0,0.0,3384131584,4112416,82944,0.022347874997649342
1955,19543,10471342080,13,1954,13,650833,1,6,309,28,2,6139,466,10,0,0.0,3387424768,4112416,82944,0.0218830420053564
1956,19553,10476699648,13,1955,13,651032,1,6,309,28,2,6139,466,10,0,0.0,3382149120,4112416,82944,0.02199983299942687
1957,19563,10482057216,13,1956,13,651237,1,6,309,28,2,6139,466,10,0,0.0,3364929536,4112416,82944,0.02237124997191131
1958,19573,10487414784,13,1957,13,651448,1,6,309,28,2,6139,466,10,0,0.0,3371663360,4112416,82944,0.02197712502675131
1959,19583,10492772352,13,1958,13,651659,1,6,309,28,2,6139,466,10,0,0.0,3339337728,4112416,82944,0.0221652920008637
1960,19593,10498129920,13,1959,13,651870,1,6,309,28,2,6139,466,10,0,0.0,3344039936,4112416,82944,0.022237042023334652
1961,19603,10503487488,13,1960,13,652081,1,6,309,28,2,6139,466,10,0,0.0,3348758528,4112416,82944,0.02232137497048825
1962,19613,10508845056,13,1961,13,652292,1,6,309,28,2,6139,466,10,0,0.0,3353231360,4112416,82944,0.0217576670111157
1963,19623,10514202624,13,1962,13,652503,1,6,309,28,2,6139,466,10,0,0.0,3354214400,4112416,82944,0.02189654199173674
1964,19633,10519560192,13,1963,13,652714,1,6,309,28,2,6139,466,10,0,0.0,3360030720,4112416,82944,0.022152499994263053
1965,19643,10524917760,13,1964,13,652925,1,6,309,28,2,6139,466,10,0,0.0,3343794176,4112416,82944,0.022976083972025663
1966,19653,10530275328,13,1965,13,653136,1,6,309,28,2,6139,466,10,0,0.0,3348086784,4112416,82944,0.02218324999557808
1967,19663,10535632896,13,1966,13,653347,1,6,309,28,2,6139,466,10,0,0.0,3334275072,4112416,82944,0.022405499999877065
1968,19673,10540990464,13,1967,13,653558,1,6,309,28,2,6139,466,10,0,0.0,3315859456,4112416,82944,0.022621167008765042
1969,19683,10546348032,13,1968,13,653769,1,6,309,28,2,6139,466,10,0,0.0,3320135680,4112416,82944,0.021899999992456287
1970,19693,10551705600,13,1969,13,653980,1,6,309,28,2,6139,466,10,0,0.0,3316498432,4112416,82944,0.022204125009011477
1971,19703,10557063168,13,1970,13,654191,1,6,309,28,2,6139,466,10,0,0.0,3320233984,4112416,82944,0.0220821249531582
1972,19713,10562420736,13,1971,13,654402,1,6,309,28,2,6139,466,10,0,0.0,3327623168,4112416,82944,0.02231299999402836
1973,19723,10567778304,13,1972,13,654613,1,6,309,28,2,6139,466,10,0,0.0,3328851968,4112416,82944,0.022308000014163554
1974,19733,10573135872,13,1973,13,654824,1,6,309,28,2,6139,466,10,0,0.0,3332243456,4112416,82944,0.021835041989106685
1975,19743,10578493440,13,1974,13,655035,1,6,309,28,2,6139,466,10,0,0.0,3319840768,4112416,82944,0.022177750011906028
1976,19753,10583851008,13,1975,13,658238,1,6,309,28,2,6139,466,10,0,0.0,3311222784,4112416,82944,0.02240029099630192
1977,19763,10589208576,13,1976,13,658437,1,6,309,28,2,6139,466,10,0,0.0,3313958912,4112416,82944,0.021897749975323677
1978,19773,10594566144,13,1977,13,658636,1,6,309,28,2,6139,466,10,0,0.0,3316482048,4112416,82944,0.022687832999508828
1979,19783,10599923712,13,1978,13,658835,1,6,309,28,2,6139,466,10,0,0.0,3296460800,4112416,82944,0.025793874985538423
1980,19793,10605281280,13,1979,13,659034,1,6,309,28,2,6139,466,10,0,0.0,3300360192,4112416,82944,0.021831749996636063
1981,19803,10610638848,13,1980,13,659233,1,6,309,28,2,6139,466,10,0,0.0,3274457088,4112416,82944,0.021949084009975195
1982,19813,10615996416,13,1981,13,659438,1,6,309,28,2,6139,466,10,0,0.0,3276750848,4112416,82944,0.022565999999642372
1983,19823,10621353984,13,1982,13,659649,1,6,309,28,2,6139,466,10,0,0.0,3280486400,4112416,82944,0.02228370902594179
1984,19833,10626711552,13,1983,13,659860,1,6,309,28,2,6139,466,10,0,0.0,3289399296,4112416,82944,0.02198924997355789
1985,19843,10632069120,13,1984,13,660071,1,6,309,28,2,6139,466,10,0,0.0,3273801728,4112416,82944,0.02238191699143499
1986,19853,10637426688,13,1985,13,660282,1,6,309,28,2,6139,466,10,0,0.0,3281092608,4112416,82944,0.022087707999162376
1987,19863,10642784256,13,1986,13,660493,1,6,309,28,2,6139,466,10,0,0.0,3285860352,4112416,82944,0.022376874985639006
1988,19873,10648141824,13,1987,13,660704,1,6,309,28,2,6139,466,10,0,0.0,3270770688,4112416,82944,0.022284291975665838
1989,19883,10653499392,13,1988,13,660915,1,6,309,28,2,6139,466,10,0,0.0,3277537280,4112416,82944,0.02183149999473244
1990,19893,10658856960,13,1989,13,661126,1,6,309,28,2,6139,466,10,0,0.0,3259400192,4112416,82944,0.021904333028942347
1991,19903,10664214528,13,1990,13,661337,1,6,309,28,2,6139,466,10,0,0.0,3220340736,4112416,82944,0.02365104202181101
1992,19913,10669572096,13,1991,13,661548,1,6,309,28,2,6139,466,10,0,0.0,3224502272,4112416,82944,0.022123124974314123
1993,19923,10674929664,13,1992,13,661759,1,6,309,28,2,6139,466,10,0,0.0,3228467200,4112416,82944,0.021943166968412697
1994,19933,10680287232,13,1993,13,661970,1,6,309,28,2,6139,466,10,0,0.0,3211493376,4112416,82944,0.023528958030510694
1995,19943,10685644800,13,1994,13,662181,1,6,309,28,2,6139,466,10,0,0.0,3217752064,4112416,82944,0.02198925003176555
1996,19953,10691002368,13,1995,13,662392,1,6,309,28,2,6139,466,10,0,0.0,3196698624,4112416,82944,0.022578708012588322
1997,19963,10696359936,13,1996,13,662603,1,6,309,28,2,6139,466,10,0,0.0,3200761856,4112416,82944,0.02182120899669826
1998,19973,10701717504,13,1997,13,662813,1,6,309,28,2,6139,466,10,0,0.0,3121676288,4112416,82944,0.022065875004045665
1999,19983,10707075072,13,1998,13,663023,1,6,309,28,2,6139,466,10,0,0.0,3128737792,4112416,82944,0.022434416983742267
2000,19993,10712432640,13,1999,13,663232,1,6,309,28,2,6139,466,10,0,0.0,3136110592,4112416,82944,0.02234849997330457
