step,retired_old_survivor_count,retired_old_survivor_bytes,same_slot_multigeneration_count,maximum_retired_generations_in_one_slot,retired_slot_count,gc_count_generation_0,gc_count_generation_1,gc_count_generation_2,gc_collections_generation_0,gc_collections_generation_1,gc_collections_generation_2,gc_collected_generation_0,gc_collected_generation_1,gc_collected_generation_2,manual_gc_collected_objects,manual_gc_wall_seconds,current_rss_bytes,live_current_tensor_bytes,edge_count,step_wall_seconds
1,0,0,0,0,0,483,3,6,311,28,2,6139,466,10,0,0.0,235159552,4112416,82944,0.022038916999008507
2,0,0,0,0,0,38,4,6,312,28,2,6438,466,10,0,0.0,244563968,4112416,82944,0.021496000001206994
3,3,2654208,0,1,3,323,4,6,312,28,2,6438,466,10,0,0.0,249413632,4112416,82944,0.02531904203351587
4,13,8011776,3,2,13,636,4,6,312,28,2,6438,466,10,0,0.0,250789888,4112416,82944,0.02332120796199888
5,7,2703360,0,1,7,154,5,6,313,28,2,6866,466,10,0,0.0,250822656,4112416,82944,0.022083875024691224
6,15,8028160,5,2,13,429,5,6,313,28,2,6866,466,10,0,0.0,253542400,4112416,82944,0.021636083023622632
7,25,13385728,13,3,13,18,6,6,314,28,2,7314,466,10,0,0.0,254263296,4112416,82944,0.021225165983196348
8,12,5373952,5,2,10,242,6,6,314,28,2,7314,466,10,0,0.0,254279680,4112416,82944,0.022440041007939726
9,22,10731520,10,3,13,529,6,6,314,28,2,7314,466,10,0,0.0,255672320,4112416,82944,0.02204891701694578
10,9,2719744,2,2,10,37,7,6,315,28,2,7759,466,10,0,0.0,256475136,4112416,82944,0.02141487499466166
11,12,5373952,5,2,10,284,7,6,315,28,2,7759,466,10,0,0.0,256475136,4112416,82944,0.021360207989346236
12,22,10731520,10,3,13,569,7,6,315,28,2,7759,466,10,0,0.0,256524288,4112416,82944,0.02134958398528397
13,14,5390336,8,3,10,37,8,6,316,28,2,8182,466,10,0,0.0,256540672,4112416,82944,0.021294000034686178
14,17,8044544,8,3,10,303,8,6,316,28,2,8182,466,10,0,0.0,256622592,4112416,82944,0.021362582978326827
15,27,13402112,10,4,13,592,8,6,316,28,2,8182,466,10,0,0.0,256704512,4112416,82944,0.021046874986495823
16,17,8044544,8,3,10,43,9,6,317,28,2,8648,466,10,0,0.0,260718592,4112416,82944,0.021059208025690168
17,20,10698752,8,4,10,299,9,6,317,28,2,8648,466,10,0,0.0,262111232,4112416,82944,0.021109708992298692
18,30,16056320,10,5,13,586,9,6,317,28,2,8648,466,10,0,0.0,262144000,4112416,82944,0.021569709002505988
19,17,8044544,8,3,10,38,10,6,318,28,2,9129,466,10,0,0.0,264257536,4112416,82944,0.021707250038161874
20,20,10698752,8,4,10,290,10,6,318,28,2,9129,466,10,0,0.0,264257536,4112416,82944,0.02177870797459036
21,30,16056320,10,5,13,576,10,6,318,28,2,9129,466,10,0,0.0,264323072,4112416,82944,0.021277291991282254
22,17,8044544,8,3,10,37,11,6,319,28,2,9624,466,10,0,0.0,265027584,4112416,82944,0.02134999999543652
23,20,10698752,8,4,10,282,11,6,319,28,2,9624,466,10,0,0.0,265027584,4112416,82944,0.021394332987256348
24,30,16056320,10,5,13,568,11,6,319,28,2,9624,466,10,0,0.0,265060352,4112416,82944,0.020948124991264194
25,0,0,0,0,0,37,0,7,319,29,2,9624,1092,10,0,0.0,265093120,4112416,82944,0.021668915986083448
26,3,2654208,0,1,3,222,0,7,319,29,2,9624,1092,10,0,0.0,265109504,4112416,82944,0.022069750004447997
27,13,8011776,3,2,13,444,0,7,319,29,2,9624,1092,10,0,0.0,265109504,4112416,82944,0.021462125005200505
28,23,13369344,13,3,13,0,1,7,320,29,2,10210,1092,10,0,0.0,265109504,4112416,82944,0.021807000041007996
29,6,5308416,3,2,6,222,1,7,320,29,2,10210,1092,10,0,0.0,265109504,4112416,82944,0.021940667007584125
30,16,10665984,6,3,13,444,1,7,320,29,2,10210,1092,10,0,0.0,265125888,4112416,82944,0.021840000001247972
31,26,16023552,13,4,13,0,2,7,321,29,2,10720,1092,10,0,0.0,265125888,4112416,82944,0.022027458995580673
32,6,5308416,3,2,6,222,2,7,321,29,2,10720,1092,10,0,0.0,265125888,4112416,82944,0.02267516596475616
33,16,10665984,6,3,13,490,2,7,321,29,2,10720,1092,10,0,0.0,265125888,4112416,82944,0.021486125013325363
34,3,2654208,0,1,6,37,3,7,322,29,2,11191,1092,10,0,0.0,265125888,4112416,82944,0.021594166988506913
35,6,5308416,3,2,6,263,3,7,322,29,2,11191,1092,10,0,0.0,265158656,4112416,82944,0.02178016596008092
36,16,10665984,6,3,13,548,3,7,322,29,2,11191,1092,10,0,0.0,265175040,4112416,82944,0.021638625010382384
37,3,2654208,0,1,6,37,4,7,323,29,2,11629,1092,10,0,0.0,265175040,4112416,82944,0.021382000006269664
38,6,5308416,3,2,6,299,4,7,323,29,2,11629,1092,10,0,0.0,265191424,4112416,82944,0.022054375032894313
39,16,10665984,6,3,13,586,4,7,323,29,2,11629,1092,10,0,0.0,265224192,4112416,82944,0.022049167018849403
40,7,2703360,0,1,10,38,5,7,324,29,2,12078,1092,10,0,0.0,265240576,4112416,82944,0.021750084008090198
41,10,5357568,3,2,10,296,5,7,324,29,2,12078,1092,10,0,0.0,265240576,4112416,82944,0.023696749994996935
42,20,10715136,10,3,13,584,5,7,324,29,2,12078,1092,10,0,0.0,271351808,4112416,82944,0.030223542009480298
43,7,2703360,0,1,10,37,6,7,325,29,2,12571,1092,10,0,0.0,272007168,4112416,82944,0.022756417049095035
44,10,5357568,3,2,10,283,6,7,325,29,2,12571,1092,10,0,0.0,272007168,4112416,82944,0.02400441700592637
45,20,10715136,10,3,13,569,6,7,325,29,2,12571,1092,10,0,0.0,272039936,4112416,82944,0.023114166979212314
46,10,5357568,6,2,10,37,7,7,326,29,2,13051,1092,10,0,0.0,272072704,4112416,82944,0.022454499965533614
47,13,8011776,6,3,10,274,7,7,326,29,2,13051,1092,10,0,0.0,272089088,4112416,82944,0.02231987501727417
48,23,13369344,10,4,13,561,7,7,326,29,2,13051,1092,10,0,0.0,272105472,4112416,82944,0.02188899996690452
49,13,8011776,6,3,10,37,8,7,327,29,2,13533,1092,10,0,0.0,275447808,4112416,82944,0.02239054098026827
50,16,10665984,6,4,10,280,8,7,327,29,2,13533,1092,10,0,0.0,275464192,4112416,82944,0.022379790956620127
51,26,16023552,10,5,13,222,8,7,327,29,2,13533,1092,10,0,0.0,275513344,4112416,82944,0.022192540985997766
52,36,21381120,13,6,13,444,8,7,327,29,2,13533,1092,10,0,0.0,275513344,4112416,82944,0.021564292022958398
53,46,26738688,13,7,13,666,8,7,327,29,2,13533,1092,10,0,0.0,276856832,4112416,82944,0.021422833029646426
54,16,10665984,6,4,10,188,9,7,328,29,2,14331,1092,10,0,0.0,276889600,4112416,82944,0.0248712080065161
55,26,16023552,10,5,13,410,9,7,328,29,2,14331,1092,10,0,0.0,276889600,4112416,82944,0.022999666980467737
56,36,21381120,13,6,13,632,9,7,328,29,2,14331,1092,10,0,0.0,276889600,4112416,82944,0.023029542004223913
57,16,10665984,6,4,10,80,10,7,329,29,2,14864,1092,10,0,0.0,276889600,4112416,82944,0.02338549995329231
58,22,15974400,6,5,13,302,10,7,329,29,2,14864,1092,10,0,0.0,276905984,4112416,82944,0.021884874964598566
59,32,21331968,13,6,13,577,10,7,329,29,2,14864,1092,10,0,0.0,276905984,4112416,82944,0.02182366600027308
60,16,10665984,6,4,10,37,11,7,330,29,2,15395,1092,10,0,0.0,276922368,4112416,82944,0.02159758296329528
61,19,13320192,6,5,10,280,11,7,330,29,2,15395,1092,10,0,0.0,276922368,4112416,82944,0.02636583399726078
62,29,18677760,10,6,13,565,11,7,330,29,2,15395,1092,10,0,0.0,276955136,4112416,82944,0.022811500006355345
63,3,2654208,0,1,6,37,0,8,330,30,2,15395,1699,10,0,0.0,276955136,4112416,82944,0.02219604200217873
64,6,5308416,3,2,6,265,0,8,330,30,2,15395,1699,10,0,0.0,276955136,4112416,82944,0.026238333026412874
65,16,10665984,6,3,13,550,0,8,330,30,2,15395,1699,10,0,0.0,276955136,4112416,82944,0.02321333298459649
66,3,2654208,0,1,6,37,1,8,331,30,2,15893,1699,10,0,0.0,276987904,4112416,82944,0.022128582990262657
67,6,5308416,3,2,6,271,1,8,331,30,2,15893,1699,10,0,0.0,277004288,4112416,82944,0.022483292035758495
68,16,10665984,6,3,13,556,1,8,331,30,2,15893,1699,10,0,0.0,277037056,4112416,82944,0.022636375040747225
69,7,2703360,0,1,10,37,2,8,332,30,2,16367,1699,10,0,0.0,277037056,4112416,82944,0.021377708995714784
70,10,5357568,3,2,10,282,2,8,332,30,2,16367,1699,10,0,0.0,277037056,4112416,82944,0.022148207994177938
71,20,10715136,10,3,13,569,2,8,332,30,2,16367,1699,10,0,0.0,277102592,4112416,82944,0.021533624967560172
72,7,2703360,0,1,10,37,3,8,333,30,2,16847,1699,10,0,0.0,277118976,4112416,82944,0.021437083021737635
73,10,5357568,3,2,10,273,3,8,333,30,2,16847,1699,10,0,0.0,277118976,4112416,82944,0.021642207982949913
74,20,10715136,10,3,13,560,3,8,333,30,2,16847,1699,10,0,0.0,277118976,4112416,82944,0.021846708026714623
75,10,5357568,6,2,10,37,4,8,334,30,2,17331,1699,10,0,0.0,277135360,4112416,82944,0.02196716598700732
76,13,8011776,6,3,10,222,4,8,334,30,2,17331,1699,10,0,0.0,277151744,4112416,82944,0.023142457997892052
77,23,13369344,10,4,13,444,4,8,334,30,2,17331,1699,10,0,0.0,277151744,4112416,82944,0.022781040985137224
78,33,18726912,13,5,13,673,4,8,334,30,2,17331,1699,10,0,0.0,277250048,4112416,82944,0.025026916002389044
79,13,8011776,6,3,10,196,5,8,335,30,2,17943,1699,10,0,0.0,277250048,4112416,82944,0.022629457991570234
80,23,13369344,10,4,13,418,5,8,335,30,2,17943,1699,10,0,0.0,277250048,4112416,82944,0.022251332993619144
81,33,18726912,13,5,13,642,5,8,335,30,2,17943,1699,10,0,0.0,278577152,4112416,82944,0.022254458046518266
82,14,8019968,7,3,10,154,6,8,336,30,2,18486,1699,10,0,0.0,278577152,4112416,82944,0.02645924995886162
83,22,13344768,8,4,13,376,6,8,336,30,2,18486,1699,10,0,0.0,278577152,4112416,82944,0.023468917002901435
84,32,18702336,13,5,13,628,6,8,336,30,2,18486,1699,10,0,0.0,278593536,4112416,82944,0.02338683296693489
85,16,8036352,8,3,10,80,7,8,337,30,2,19007,1699,10,0,0.0,278593536,4112416,82944,0.023743624973576516
86,22,13344768,8,4,13,330,7,8,337,30,2,19007,1699,10,0,0.0,278593536,4112416,82944,0.023832500039134175
87,32,18702336,13,5,13,618,7,8,337,30,2,19007,1699,10,0,0.0,283328512,4112416,82944,0.025099500024225563
88,16,8036352,8,3,10,77,8,8,338,30,2,19531,1699,10,0,0.0,283361280,4112416,82944,0.023975917021743953
89,22,13344768,8,4,13,321,8,8,338,30,2,19531,1699,10,0,0.0,283377664,4112416,82944,0.024367791949771345
90,32,18702336,13,5,13,609,8,8,338,30,2,19531,1699,10,0,0.0,283394048,4112416,82944,0.024999333021696657
91,16,8036352,8,3,10,66,9,8,339,30,2,20048,1699,10,0,0.0,283410432,4112416,82944,0.023732208006549627
92,22,13344768,8,4,13,320,9,8,339,30,2,20048,1699,10,0,0.0,283426816,4112416,82944,0.022194207995198667
93,32,18702336,13,5,13,607,9,8,339,30,2,20048,1699,10,0,0.0,283475968,4112416,82944,0.022414457984268665
94,16,8036352,8,3,10,64,10,8,340,30,2,20557,1699,10,0,0.0,283475968,4112416,82944,0.022946833982132375
95,22,13344768,8,4,13,313,10,8,340,30,2,20557,1699,10,0,0.0,283492352,4112416,82944,0.023043665976729244
96,32,18702336,13,5,13,600,10,8,340,30,2,20557,1699,10,0,0.0,283492352,4112416,82944,0.02188416599528864
97,16,8036352,8,3,10,64,11,8,341,30,2,21058,1699,10,0,0.0,283508736,4112416,82944,0.02177879196824506
98,22,13344768,8,4,13,316,11,8,341,30,2,21058,1699,10,0,0.0,283541504,4112416,82944,0.021229374979157
99,32,18702336,13,5,13,603,11,8,341,30,2,21058,1699,10,0,0.0,283590656,4112416,82944,0.021086999971885234
100,3,2654208,0,1,6,64,0,9,341,31,2,21058,2300,10,0,0.0,284262400,4112416,82944,0.021888916031457484
101,9,7962624,3,2,9,222,0,9,341,31,2,21058,2300,10,0,0.0,284278784,4112416,82944,0.022877749986946583
102,19,13320192,9,3,13,444,0,9,341,31,2,21058,2300,10,0,0.0,284278784,4112416,82944,0.022162624984048307
103,29,18677760,13,4,13,0,1,9,342,31,2,21682,2300,10,0,0.0,284278784,4112416,82944,0.021484208991751075
104,6,5308416,3,2,6,222,1,9,342,31,2,21682,2300,10,0,0.0,284278784,4112416,82944,0.022083416988607496
105,16,10665984,6,3,13,444,1,9,342,31,2,21682,2300,10,0,0.0,284278784,4112416,82944,0.02168287499807775
106,26,16023552,13,4,13,671,1,9,342,31,2,21682,2300,10,0,0.0,284278784,4112416,82944,0.021568208991084248
107,6,5308416,3,2,6,194,2,9,343,31,2,22226,2300,10,0,0.0,284278784,4112416,82944,0.023455082962755114
108,16,10665984,6,3,13,416,2,9,343,31,2,22226,2300,10,0,0.0,284950528,4112416,82944,0.02410520799458027
109,26,16023552,13,4,13,669,2,9,343,31,2,22226,2300,10,0,0.0,284950528,4112416,82944,0.024896833987440914
110,6,5308416,3,2,6,194,3,9,344,31,2,22745,2300,10,0,0.0,284950528,4112416,82944,0.02283183397958055
111,16,10665984,6,3,13,443,3,9,344,31,2,22745,2300,10,0,0.0,284950528,4112416,82944,0.02218475000699982
112,26,16023552,13,4,13,18,4,9,345,31,2,23231,2300,10,0,0.0,284966912,4112416,82944,0.022113415994681418
113,6,5308416,3,2,6,240,4,9,345,31,2,23231,2300,10,0,0.0,284983296,4112416,82944,0.02263299998594448
114,16,10665984,6,3,13,511,4,9,345,31,2,23231,2300,10,0,0.0,285016064,4112416,82944,0.022005833045113832
115,3,2654208,0,1,6,37,5,9,346,31,2,23680,2300,10,0,0.0,285032448,4112416,82944,0.02169316599611193
116,6,5308416,3,2,6,262,5,9,346,31,2,23680,2300,10,0,0.0,285032448,4112416,82944,0.0221062499913387
117,16,10665984,6,3,13,547,5,9,346,31,2,23680,2300,10,0,0.0,285048832,4112416,82944,0.021875542006455362
118,8,5324800,6,2,8,37,6,9,347,31,2,24122,2300,10,0,0.0,285065216,4112416,82944,0.021989500033669174
119,11,7979008,6,3,8,290,6,9,347,31,2,24122,2300,10,0,0.0,285097984,4112416,82944,0.02171883301343769
120,21,13336576,8,4,13,577,6,9,347,31,2,24122,2300,10,0,0.0,285163520,4112416,82944,0.02168808301212266
121,12,5373952,8,2,10,37,7,9,348,31,2,24583,2300,10,0,0.0,285163520,4112416,82944,0.021692165988497436
122,15,8028160,8,3,10,286,7,9,348,31,2,24583,2300,10,0,0.0,285163520,4112416,82944,0.0218180000083521
123,25,13385728,10,4,13,574,7,9,348,31,2,24583,2300,10,0,0.0,285196288,4112416,82944,0.02228720800485462
124,15,8028160,8,3,10,37,8,9,349,31,2,25064,2300,10,0,0.0,285229056,4112416,82944,0.021603333007078618
125,18,10682368,8,4,10,278,8,9,349,31,2,25064,2300,10,0,0.0,285229056,4112416,82944,0.021932374977041036
126,28,16039936,10,5,13,222,8,9,349,31,2,25064,2300,10,0,0.0,285261824,4112416,82944,0.022344249999150634
127,38,21397504,13,6,13,444,8,9,349,31,2,25064,2300,10,0,0.0,286588928,4112416,82944,0.021696834010072052
128,48,26755072,13,7,13,666,8,9,349,31,2,25064,2300,10,0,0.0,286605312,4112416,82944,0.021314790996257216
129,21,13336576,8,5,10,188,9,9,350,31,2,25878,2300,10,0,0.0,286638080,4112416,82944,0.024684375035576522
130,31,18694144,10,6,13,410,9,9,350,31,2,25878,2300,10,0,0.0,286638080,4112416,82944,0.023706958978436887
131,41,24051712,13,7,13,632,9,9,350,31,2,25878,2300,10,0,0.0,287965184,4112416,82944,0.022470791009254754
132,21,13336576,8,5,10,80,10,9,351,31,2,26414,2300,10,0,0.0,287965184,4112416,82944,0.02164604200515896
133,27,18644992,8,6,13,296,10,9,351,31,2,26414,2300,10,0,0.0,287981568,4112416,82944,0.021907666989136487
134,37,24002560,13,7,13,503,10,9,351,31,2,26414,2300,10,0,0.0,287981568,4112416,82944,0.020983959024306387
135,21,13336576,8,5,10,22,11,9,352,31,2,27024,2300,10,0,0.0,287981568,4112416,82944,0.021228875033557415
136,24,15990784,8,6,10,229,11,9,352,31,2,27024,2300,10,0,0.0,287981568,4112416,82944,0.020954957988578826
137,34,21348352,10,7,13,460,11,9,352,31,2,27024,2300,10,0,0.0,287997952,4112416,82944,0.021184500015806407
138,44,26705920,13,8,13,22,0,10,352,32,2,27024,2968,10,0,0.0,290029568,4112416,82944,0.02086391596822068
139,6,5308416,3,2,6,229,0,10,352,32,2,27024,2968,10,0,0.0,290045952,4112416,82944,0.021426916995551437
140,16,10665984,6,3,13,462,0,10,352,32,2,27024,2968,10,0,0.0,290045952,4112416,82944,0.0214810409815982
141,3,2654208,0,1,6,22,1,10,353,32,2,27516,2968,10,0,0.0,290045952,4112416,82944,0.02162779198260978
142,6,5308416,3,2,6,229,1,10,353,32,2,27516,2968,10,0,0.0,290045952,4112416,82944,0.022001124976668507
143,16,10665984,6,3,13,490,1,10,353,32,2,27516,2968,10,0,0.0,290045952,4112416,82944,0.022579041018616408
144,3,2654208,0,1,6,22,2,10,354,32,2,28008,2968,10,0,0.0,290095104,4112416,82944,0.021826624986715615
145,6,5308416,3,2,6,229,2,10,354,32,2,28008,2968,10,0,0.0,290095104,4112416,82944,0.02204499999061227
146,16,10665984,6,3,13,494,2,10,354,32,2,28008,2968,10,0,0.0,290127872,4112416,82944,0.02197658398654312
147,3,2654208,0,1,6,22,3,10,355,32,2,28504,2968,10,0,0.0,290127872,4112416,82944,0.021273208025377244
148,6,5308416,3,2,6,229,3,10,355,32,2,28504,2968,10,0,0.0,290127872,4112416,82944,0.02166637498885393
149,16,10665984,6,3,13,492,3,10,355,32,2,28504,2968,10,0,0.0,290144256,4112416,82944,0.02157862501917407
150,3,2654208,0,1,6,22,4,10,356,32,2,29000,2968,10,0,0.0,290193408,4112416,82944,0.021861957968212664
151,6,5308416,3,2,6,207,4,10,356,32,2,29000,2968,10,0,0.0,290209792,4112416,82944,0.027402000036090612
152,16,10665984,6,3,13,414,4,10,356,32,2,29000,2968,10,0,0.0,290209792,4112416,82944,0.025621332984883338
153,26,16023552,13,4,13,632,4,10,356,32,2,29000,2968,10,0,0.0,290209792,4112416,82944,0.022552541980985552
154,3,2654208,0,1,6,69,5,10,357,32,2,29599,2968,10,0,0.0,290209792,4112416,82944,0.0224006250500679
155,9,7962624,3,2,9,276,5,10,357,32,2,29599,2968,10,0,0.0,290209792,4112416,82944,0.021687250002287328
156,19,13320192,9,3,13,483,5,10,357,32,2,29599,2968,10,0,0.0,290209792,4112416,82944,0.021944208012428135
157,29,18677760,13,4,13,8,6,10,358,32,2,30235,2968,10,0,0.0,290209792,4112416,82944,0.021592291013803333
158,6,5308416,3,2,6,215,6,10,358,32,2,30235,2968,10,0,0.0,290209792,4112416,82944,0.022584083955734968
159,16,10665984,6,3,13,422,6,10,358,32,2,30235,2968,10,0,0.0,290226176,4112416,82944,0.023402958002407104
160,26,16023552,13,4,13,654,6,10,358,32,2,30235,2968,10,0,0.0,290226176,4112416,82944,0.022444750007707626
161,6,5308416,3,2,6,165,7,10,359,32,2,30801,2968,10,0,0.0,290226176,4112416,82944,0.022460834006778896
162,16,10665984,6,3,13,394,7,10,359,32,2,30801,2968,10,0,0.0,290242560,4112416,82944,0.020417624968104064
163,26,16023552,13,4,13,0,8,10,360,32,2,31275,2968,10,0,0.0,290258944,4112416,82944,0.021875875012483448
164,6,5308416,3,2,6,207,8,10,360,32,2,31275,2968,10,0,0.0,290258944,4112416,82944,0.022059250040911138
165,16,10665984,6,3,13,450,8,10,360,32,2,31275,2968,10,0,0.0,290291712,4112416,82944,0.02202237502206117
166,26,16023552,13,4,13,22,9,10,361,32,2,31779,2968,10,0,0.0,290308096,4112416,82944,0.021808375022374094
167,6,5308416,3,2,6,229,9,10,361,32,2,31779,2968,10,0,0.0,290324480,4112416,82944,0.021599415980745107
168,16,10665984,6,3,13,494,9,10,361,32,2,31779,2968,10,0,0.0,290340864,4112416,82944,0.021448042010888457
169,3,2654208,0,1,6,22,10,10,362,32,2,32272,2968,10,0,0.0,290340864,4112416,82944,0.021491624996997416
170,6,5308416,3,2,6,229,10,10,362,32,2,32272,2968,10,0,0.0,290340864,4112416,82944,0.02225366694619879
171,16,10665984,6,3,13,492,10,10,362,32,2,32272,2968,10,0,0.0,290406400,4112416,82944,0.022097209002822638
172,3,2654208,0,1,6,22,11,10,363,32,2,32771,2968,10,0,0.0,290406400,4112416,82944,0.0216760000330396
173,6,5308416,3,2,6,229,11,10,363,32,2,32771,2968,10,0,0.0,290422784,4112416,82944,0.02225862501654774
174,16,10665984,6,3,13,485,11,10,363,32,2,32771,2968,10,0,0.0,290439168,4112416,82944,0.02148891700198874
175,3,2654208,0,1,6,22,0,11,363,33,2,32771,3481,10,0,0.0,290455552,4112416,82944,0.021356416982598603
176,6,5308416,3,2,6,207,0,11,363,33,2,32771,3481,10,0,0.0,290455552,4112416,82944,0.02243616699706763
177,16,10665984,6,3,13,414,0,11,363,33,2,32771,3481,10,0,0.0,290455552,4112416,82944,0.02159087499603629
178,26,16023552,13,4,13,632,0,11,363,33,2,32771,3481,10,0,0.0,290455552,4112416,82944,0.02124966698465869
179,0,0,0,0,0,203,0,0,363,33,3,32771,3481,655,0,0.0,290471936,4112416,82944,0.04153570899507031
180,6,5308416,0,1,6,548,0,0,363,33,3,32771,3481,655,0,0.0,290471936,4112416,82944,0.022502625011838973
181,0,0,0,0,0,37,1,0,364,33,3,33119,3481,655,0,0.0,290471936,4112416,82944,0.022027375001925975
182,3,2654208,0,1,3,310,1,0,364,33,3,33119,3481,655,0,0.0,290471936,4112416,82944,0.022036415990442038
183,13,8011776,3,2,13,619,1,0,364,33,3,33119,3481,655,0,0.0,290471936,4112416,82944,0.02186866698320955
184,3,2654208,0,1,6,80,2,0,365,33,3,33576,3481,655,0,0.0,290471936,4112416,82944,0.022091290971729904
185,9,7962624,3,2,9,339,2,0,365,33,3,33576,3481,655,0,0.0,290471936,4112416,82944,0.02155895798932761
186,19,13320192,9,3,13,629,2,0,365,33,3,33576,3481,655,0,0.0,290471936,4112416,82944,0.02141433401266113
187,3,2654208,0,1,6,80,3,0,366,33,3,34093,3481,655,0,0.0,290471936,4112416,82944,0.021920584025792778
188,9,7962624,3,2,9,335,3,0,366,33,3,34093,3481,655,0,0.0,290471936,4112416,82944,0.02203595801256597
189,19,13320192,9,3,13,623,3,0,366,33,3,34093,3481,655,0,0.0,290471936,4112416,82944,0.021579750056844205
190,3,2654208,0,1,6,80,4,0,367,33,3,34616,3481,655,0,0.0,290471936,4112416,82944,0.022010083019267768
191,9,7962624,3,2,9,326,4,0,367,33,3,34616,3481,655,0,0.0,290471936,4112416,82944,0.021580583008471876
192,19,13320192,9,3,13,614,4,0,367,33,3,34616,3481,655,0,0.0,290471936,4112416,82944,0.021550624980591238
193,3,2654208,0,1,6,76,5,0,368,33,3,35135,3481,655,0,0.0,290471936,4112416,82944,0.02194341702852398
194,9,7962624,3,2,9,322,5,0,368,33,3,35135,3481,655,0,0.0,290471936,4112416,82944,0.021990458015352488
195,19,13320192,9,3,13,610,5,0,368,33,3,35135,3481,655,0,0.0,290488320,4112416,82944,0.021681415964849293
196,3,2654208,0,1,6,66,6,0,369,33,3,35657,3481,655,0,0.0,290488320,4112416,82944,0.021940374979749322
197,9,7962624,3,2,9,311,6,0,369,33,3,35657,3481,655,0,0.0,290488320,4112416,82944,0.02213208400644362
198,19,13320192,9,3,13,598,6,0,369,33,3,35657,3481,655,0,0.0,290504704,4112416,82944,0.021487874968443066
199,3,2654208,0,1,6,64,7,0,370,33,3,36171,3481,655,0,0.0,290521088,4112416,82944,0.021566459035966545
200,9,7962624,3,2,9,311,7,0,370,33,3,36171,3481,655,0,0.0,290521088,4112416,82944,0.02142845804337412
201,19,13320192,9,3,13,222,7,0,370,33,3,36171,3481,655,0,0.0,290537472,4112416,82944,0.02221874997485429
202,29,18677760,13,4,13,446,7,0,370,33,3,36171,3481,655,0,0.0,290537472,4112416,82944,0.02127454202855006
203,39,24035328,13,5,13,672,7,0,370,33,3,36171,3481,655,0,0.0,291897344,4112416,82944,0.02132104098564014
204,6,5308416,3,2,6,194,8,0,371,33,3,37006,3481,655,0,0.0,291897344,4112416,82944,0.021858666965272278
205,16,10665984,6,3,13,416,8,0,371,33,3,37006,3481,655,0,0.0,291897344,4112416,82944,0.021722332981880754
206,26,16023552,13,4,13,638,8,0,371,33,3,37006,3481,655,0,0.0,291897344,4112416,82944,0.021683665981981903
207,3,2654208,0,1,6,84,9,0,372,33,3,37555,3481,655,0,0.0,292585472,4112416,82944,0.026754041959065944
208,9,7962624,3,2,9,306,9,0,372,33,3,37555,3481,655,0,0.0,292585472,4112416,82944,0.028538250015117228
209,19,13320192,9,3,13,537,9,0,372,33,3,37555,3481,655,0,0.0,292601856,4112416,82944,0.030515666992869228
210,3,2654208,0,1,6,37,10,0,373,33,3,38125,3481,655,0,0.0,292651008,4112416,82944,0.030015791999176145
211,6,5308416,3,2,6,259,10,0,373,33,3,38125,3481,655,0,0.0,293322752,4112416,82944,0.029037625005003065
212,16,10665984,6,3,13,534,10,0,373,33,3,38125,3481,655,0,0.0,293322752,4112416,82944,0.02588720800122246
213,8,5324800,6,2,8,37,11,0,374,33,3,38581,3481,655,0,0.0,293322752,4112416,82944,0.02390837500570342
214,11,7979008,6,3,8,278,11,0,374,33,3,38581,3481,655,0,0.0,293322752,4112416,82944,0.022640375012997538
215,21,13336576,8,4,13,563,11,0,374,33,3,38581,3481,655,0,0.0,293339136,4112416,82944,0.023148167005274445
216,0,0,0,0,0,37,0,1,374,34,3,38581,4031,655,0,0.0,293355520,4112416,82944,0.026992541970685124
217,3,2654208,0,1,3,260,0,1,374,34,3,38581,4031,655,0,0.0,293355520,4112416,82944,0.02293775003636256
218,13,8011776,3,2,13,545,0,1,374,34,3,38581,4031,655,0,0.0,293388288,4112416,82944,0.022029041952919215
219,0,0,0,0,0,37,1,1,375,34,3,39081,4031,655,0,0.0,293404672,4112416,82944,0.022320292016956955
220,3,2654208,0,1,3,265,1,1,375,34,3,39081,4031,655,0,0.0,293404672,4112416,82944,0.02437562495470047
221,13,8011776,3,2,13,550,1,1,375,34,3,39081,4031,655,0,0.0,293421056,4112416,82944,0.0247645839699544
222,4,49152,0,1,4,37,2,1,376,34,3,39558,4031,655,0,0.0,293437440,4112416,82944,0.02375733299413696
223,7,2703360,0,1,7,274,2,1,376,34,3,39558,4031,655,0,0.0,293437440,4112416,82944,0.024821207975037396
224,17,8060928,7,2,13,560,2,1,376,34,3,39558,4031,655,0,0.0,293486592,4112416,82944,0.023664292006287724
225,8,98304,4,2,4,37,3,1,377,34,3,40025,4031,655,0,0.0,293486592,4112416,82944,0.024931500025559217
226,11,2752512,4,2,7,222,3,1,377,34,3,40025,4031,655,0,0.0,294387712,4112416,82944,0.027765250008087605
227,21,8110080,7,3,13,444,3,1,377,34,3,40025,4031,655,0,0.0,294387712,4112416,82944,0.025602457986678928
228,31,13467648,13,4,13,0,4,1,378,34,3,40622,4031,655,0,0.0,294387712,4112416,82944,0.0240928340354003
229,11,2752512,4,2,7,222,4,1,378,34,3,40622,4031,655,0,0.0,294387712,4112416,82944,0.024417084001470357
230,21,8110080,7,3,13,444,4,1,378,34,3,40622,4031,655,0,0.0,294387712,4112416,82944,0.024852207978256047
231,31,13467648,13,4,13,673,4,1,378,34,3,40622,4031,655,0,0.0,294387712,4112416,82944,0.025415166979655623
232,11,2752512,4,2,7,196,5,1,379,34,3,41169,4031,655,0,0.0,294387712,4112416,82944,0.024987584038171917
233,21,8110080,7,3,13,418,5,1,379,34,3,41169,4031,655,0,0.0,294404096,4112416,82944,0.02603279205504805
234,31,13467648,13,4,13,644,5,1,379,34,3,41169,4031,655,0,0.0,294404096,4112416,82944,0.025016542000230402
235,12,2760704,4,3,7,155,6,1,380,34,3,41715,4031,655,0,0.0,294404096,4112416,82944,0.025654833007138222
236,20,8085504,7,4,13,397,6,1,380,34,3,41715,4031,655,0,0.0,294404096,4112416,82944,0.024382166971918195
237,30,13443072,13,5,13,0,7,1,381,34,3,42177,4031,655,0,0.0,294436864,4112416,82944,0.023407667002175003
238,17,5431296,7,4,10,222,7,1,381,34,3,42177,4031,655,0,0.0,294436864,4112416,82944,0.024515917000826448
239,27,10788864,10,5,13,480,7,1,381,34,3,42177,4031,655,0,0.0,294469632,4112416,82944,0.023895249993074685
240,14,2777088,4,4,10,37,8,1,382,34,3,42663,4031,655,0,0.0,294469632,4112416,82944,0.025987750035710633
241,17,5431296,7,4,10,259,8,1,382,34,3,42663,4031,655,0,0.0,294486016,4112416,82944,0.025693874980788678
242,27,10788864,10,5,13,529,8,1,382,34,3,42663,4031,655,0,0.0,294535168,4112416,82944,0.024476708029396832
243,14,2777088,4,4,10,37,9,1,383,34,3,43118,4031,655,0,0.0,294551552,4112416,82944,0.023891374992672354
244,17,5431296,7,4,10,275,9,1,383,34,3,43118,4031,655,0,0.0,294551552,4112416,82944,0.02431075001368299
245,27,10788864,10,5,13,560,9,1,383,34,3,43118,4031,655,0,0.0,294567936,4112416,82944,0.022242499981075525
246,19,5447680,10,5,10,37,10,1,384,34,3,43551,4031,655,0,0.0,294600704,4112416,82944,0.022280334029346704
247,22,8101888,10,5,10,290,10,1,384,34,3,43551,4031,655,0,0.0,294600704,4112416,82944,0.026087958016432822
248,32,13459456,10,6,13,578,10,1,384,34,3,43551,4031,655,0,0.0,294617088,4112416,82944,0.022539250028785318
249,19,5447680,10,5,10,37,11,1,385,34,3,44035,4031,655,0,0.0,294666240,4112416,82944,0.02318700001342222
250,22,8101888,10,5,10,276,11,1,385,34,3,44035,4031,655,0,0.0,294682624,4112416,82944,0.023003250011242926
251,32,13459456,10,6,13,222,11,1,385,34,3,44035,4031,655,0,0.0,294731776,4112416,82944,0.022759375046007335
252,42,18817024,13,7,13,444,11,1,385,34,3,44035,4031,655,0,0.0,294731776,4112416,82944,0.02167858398752287
253,52,24174592,13,8,13,667,11,1,385,34,3,44035,4031,655,0,0.0,294731776,4112416,82944,0.021306167007423937
254,3,2654208,0,1,3,189,0,2,385,35,3,44035,5004,655,0,0.0,294731776,4112416,82944,0.02322170796105638
255,13,8011776,3,2,13,411,0,2,385,35,3,44035,5004,655,0,0.0,294748160,4112416,82944,0.02235987497260794
256,23,13369344,13,3,13,633,0,2,385,35,3,44035,5004,655,0,0.0,294748160,4112416,82944,0.022264499973971397
257,3,2654208,0,1,6,80,1,2,386,35,3,44573,5004,655,0,0.0,294748160,4112416,82944,0.02223070798208937
258,9,7962624,3,2,9,302,1,2,386,35,3,44573,5004,655,0,0.0,294780928,4112416,82944,0.02171300002373755
259,19,13320192,9,3,13,524,1,2,386,35,3,44573,5004,655,0,0.0,294780928,4112416,82944,0.021949124988168478
260,3,2654208,0,1,6,37,2,2,387,35,3,45184,5004,655,0,0.0,294813696,4112416,82944,0.0219158330000937
261,6,5308416,3,2,6,259,2,2,387,35,3,45184,5004,655,0,0.0,294813696,4112416,82944,0.021985915955156088
262,16,10665984,6,3,13,485,2,2,387,35,3,45184,5004,655,0,0.0,294813696,4112416,82944,0.023190165986306965
263,3,2654208,0,1,6,37,3,2,388,35,3,45675,5004,655,0,0.0,294813696,4112416,82944,0.024245000036899
264,6,5308416,3,2,6,259,3,2,388,35,3,45675,5004,655,0,0.0,294813696,4112416,82944,0.024667999998200685
265,16,10665984,6,3,13,537,3,2,388,35,3,45675,5004,655,0,0.0,294846464,4112416,82944,0.023986958025489002
266,3,2654208,0,1,6,37,4,2,389,35,3,46131,5004,655,0,0.0,294846464,4112416,82944,0.023798624984920025
267,6,5308416,3,2,6,275,4,2,389,35,3,46131,5004,655,0,0.0,294846464,4112416,82944,0.023232625040691346
268,16,10665984,6,3,13,560,4,2,389,35,3,46131,5004,655,0,0.0,294862848,4112416,82944,0.02430745802121237
269,8,5324800,6,2,8,37,5,2,390,35,3,46564,5004,655,0,0.0,294879232,4112416,82944,0.023211791994981468
270,11,7979008,6,3,8,291,5,2,390,35,3,46564,5004,655,0,0.0,294928384,4112416,82944,0.024095917004160583
271,21,13336576,8,4,13,579,5,2,390,35,3,46564,5004,655,0,0.0,294944768,4112416,82944,0.02376091602491215
272,8,5324800,6,2,8,37,6,2,391,35,3,47045,5004,655,0,0.0,294961152,4112416,82944,0.024433584010694176
273,11,7979008,6,3,8,279,6,2,391,35,3,47045,5004,655,0,0.0,294961152,4112416,82944,0.02404216700233519
274,21,13336576,8,4,13,566,6,2,391,35,3,47045,5004,655,0,0.0,294993920,4112416,82944,0.023709542001597583
275,11,7979008,6,3,8,37,7,2,392,35,3,47532,5004,655,0,0.0,295026688,4112416,82944,0.02332604199182242
276,14,10633216,6,4,8,222,7,2,392,35,3,47532,5004,655,0,0.0,295026688,4112416,82944,0.024606582999695092
277,24,15990784,8,5,13,444,7,2,392,35,3,47532,5004,655,0,0.0,295026688,4112416,82944,0.023593165969941765
278,34,21348352,13,6,13,668,7,2,392,35,3,47532,5004,655,0,0.0,295043072,4112416,82944,0.02245037502143532
279,14,10633216,6,4,8,194,8,2,393,35,3,48154,5004,655,0,0.0,295043072,4112416,82944,0.022110249963589013
280,24,15990784,8,5,13,416,8,2,393,35,3,48154,5004,655,0,0.0,295043072,4112416,82944,0.02255154197337106
281,34,21348352,13,6,13,638,8,2,393,35,3,48154,5004,655,0,0.0,295043072,4112416,82944,0.02424704097211361
282,14,10633216,6,4,8,153,9,2,394,35,3,48700,5004,655,0,0.0,295043072,4112416,82944,0.021484375
283,22,15958016,8,5,11,375,9,2,394,35,3,48700,5004,655,0,0.0,295043072,4112416,82944,0.02171695901779458
284,32,21315584,11,6,13,601,9,2,394,35,3,48700,5004,655,0,0.0,295059456,4112416,82944,0.021625957975629717
285,16,10649600,8,4,8,64,10,2,395,35,3,49224,5004,655,0,0.0,295059456,4112416,82944,0.021980666962917894
286,22,15958016,8,5,11,298,10,2,395,35,3,49224,5004,655,0,0.0,295059456,4112416,82944,0.021837416978087276
287,32,21315584,11,6,13,585,10,2,395,35,3,49224,5004,655,0,0.0,295075840,4112416,82944,0.021359790989663452
288,16,10649600,8,4,8,37,11,2,396,35,3,49746,5004,655,0,0.0,295075840,4112416,82944,0.021422999969217926
289,19,13303808,8,5,8,275,11,2,396,35,3,49746,5004,655,0,0.0,295075840,4112416,82944,0.021658207988366485
290,29,18661376,8,6,13,560,11,2,396,35,3,49746,5004,655,0,0.0,295108608,4112416,82944,0.02177487500011921
291,3,2654208,0,1,6,37,0,3,396,36,3,49746,5610,655,0,0.0,295141376,4112416,82944,0.021786833996884525
292,6,5308416,3,2,6,260,0,3,396,36,3,49746,5610,655,0,0.0,295141376,4112416,82944,0.022057749971281737
293,16,10665984,6,3,13,545,0,3,396,36,3,49746,5610,655,0,0.0,295141376,4112416,82944,0.021671125025022775
294,3,2654208,0,1,6,37,1,3,397,36,3,50242,5610,655,0,0.0,295157760,4112416,82944,0.021685542014893144
295,6,5308416,3,2,6,270,1,3,397,36,3,50242,5610,655,0,0.0,295157760,4112416,82944,0.0214619169710204
296,16,10665984,6,3,13,555,1,3,397,36,3,50242,5610,655,0,0.0,295239680,4112416,82944,0.022205415996722877
297,7,2703360,0,1,10,37,2,3,398,36,3,50715,5610,655,0,0.0,295239680,4112416,82944,0.021666166954673827
298,10,5357568,3,2,10,281,2,3,398,36,3,50715,5610,655,0,0.0,295239680,4112416,82944,0.022424832975957543
299,20,10715136,10,3,13,568,2,3,398,36,3,50715,5610,655,0,0.0,295239680,4112416,82944,0.023696042015217245
300,11,2752512,4,2,10,37,3,3,399,36,3,51174,5610,655,0,0.0,295256064,4112416,82944,0.023195499961730093
301,14,5406720,7,2,10,222,3,3,399,36,3,51174,5610,655,0,0.0,295272448,4112416,82944,0.025901374989189208
302,24,10764288,10,3,13,444,3,3,399,36,3,51174,5610,655,0,0.0,295272448,4112416,82944,0.02521637495374307
303,34,16121856,13,4,13,672,3,3,399,36,3,51174,5610,655,0,0.0,295272448,4112416,82944,0.023405292013194412
304,17,8060928,10,3,10,195,4,3,400,36,3,51792,5610,655,0,0.0,295272448,4112416,82944,0.02364199998555705
305,27,13418496,10,4,13,417,4,3,400,36,3,51792,5610,655,0,0.0,295272448,4112416,82944,0.023466958024073392
306,37,18776064,13,5,13,641,4,3,400,36,3,51792,5610,655,0,0.0,295272448,4112416,82944,0.022921166964806616
307,18,8069120,10,3,10,154,5,3,401,36,3,52330,5610,655,0,0.0,295272448,4112416,82944,0.02250550000462681
308,26,13393920,10,4,13,376,5,3,401,36,3,52330,5610,655,0,0.0,295272448,4112416,82944,0.0220365829882212
309,36,18751488,13,5,13,602,5,3,401,36,3,52330,5610,655,0,0.0,295288832,4112416,82944,0.021527416014578193
310,20,8085504,10,4,10,64,6,3,402,36,3,52852,5610,655,0,0.0,295288832,4112416,82944,0.02169708296423778
311,26,13393920,10,4,13,303,6,3,402,36,3,52852,5610,655,0,0.0,295288832,4112416,82944,0.021270415978506207
312,36,18751488,13,5,13,577,6,3,402,36,3,52852,5610,655,0,0.0,295305216,4112416,82944,0.025768666004296392
313,20,8085504,10,4,10,22,7,3,403,36,3,53372,5610,655,0,0.0,295305216,4112416,82944,0.022813583025708795
314,23,10739712,10,4,10,253,7,3,403,36,3,53372,5610,655,0,0.0,295321600,4112416,82944,0.022155832964926958
315,33,16097280,10,5,13,523,7,3,403,36,3,53372,5610,655,0,0.0,295387136,4112416,82944,0.022019124997314066
316,23,10739712,10,4,10,22,8,3,404,36,3,53882,5610,655,0,0.0,295387136,4112416,82944,0.02101258299080655
317,26,13393920,10,5,10,229,8,3,404,36,3,53882,5610,655,0,0.0,295403520,4112416,82944,0.02174616599222645
318,36,18751488,10,6,13,496,8,3,404,36,3,53882,5610,655,0,0.0,295403520,4112416,82944,0.021452167013194412
319,28,13410304,10,5,10,22,9,3,405,36,3,54378,5610,655,0,0.0,295501824,4112416,82944,0.021539249981287867
320,31,16064512,10,6,10,229,9,3,405,36,3,54378,5610,655,0,0.0,295501824,4112416,82944,0.021512791980057955
321,41,21422080,10,7,13,490,9,3,405,36,3,54378,5610,655,0,0.0,295534592,4112416,82944,0.021055542048998177
322,28,13410304,10,5,10,22,10,3,406,36,3,54876,5610,655,0,0.0,295534592,4112416,82944,0.02108875004341826
323,31,16064512,10,6,10,229,10,3,406,36,3,54876,5610,655,0,0.0,295550976,4112416,82944,0.02127108402783051
324,41,21422080,10,7,13,484,10,3,406,36,3,54876,5610,655,0,0.0,295583744,4112416,82944,0.02079654100816697
325,28,13410304,10,5,10,22,11,3,407,36,3,55366,5610,655,0,0.0,295583744,4112416,82944,0.020922207972034812
326,31,16064512,10,6,10,207,11,3,407,36,3,55366,5610,655,0,0.0,295616512,4112416,82944,0.021375874988734722
327,41,21422080,10,7,13,414,11,3,407,36,3,55366,5610,655,0,0.0,295616512,4112416,82944,0.020996207953430712
328,51,26779648,13,8,13,621,11,3,407,36,3,55366,5610,655,0,0.0,295632896,4112416,82944,0.020820874953642488
329,3,2654208,0,1,6,62,0,4,407,37,3,55366,6390,655,0,0.0,295632896,4112416,82944,0.02208875003270805
330,9,7962624,3,2,9,269,0,4,407,37,3,55366,6390,655,0,0.0,295632896,4112416,82944,0.021429624990560114
331,19,13320192,9,3,13,476,0,4,407,37,3,55366,6390,655,0,0.0,295632896,4112416,82944,0.021037542028352618
332,29,18677760,13,4,13,0,1,4,408,37,3,56011,6390,655,0,0.0,295632896,4112416,82944,0.02106858405750245
333,6,5308416,3,2,6,207,1,4,408,37,3,56011,6390,655,0,0.0,295632896,4112416,82944,0.021571749995928258
334,16,10665984,6,3,13,414,1,4,408,37,3,56011,6390,655,0,0.0,295632896,4112416,82944,0.021300667023751885
335,26,16023552,13,4,13,637,1,4,408,37,3,56011,6390,655,0,0.0,295632896,4112416,82944,0.021054042037576437
336,3,2654208,0,1,6,69,2,4,409,37,3,56596,6390,655,0,0.0,295632896,4112416,82944,0.021945708023849875
337,9,7962624,3,2,9,292,2,4,409,37,3,56596,6390,655,0,0.0,295649280,4112416,82944,0.021720209042541683
338,19,13320192,9,3,13,562,2,4,409,37,3,56596,6390,655,0,0.0,295649280,4112416,82944,0.02117666701087728
339,3,2654208,0,1,6,22,3,4,410,37,3,57140,6390,655,0,0.0,295665664,4112416,82944,0.02144570800010115
340,6,5308416,3,2,6,239,3,4,410,37,3,57140,6390,655,0,0.0,295665664,4112416,82944,0.021765166020486504
341,16,10665984,6,3,13,509,3,4,410,37,3,57140,6390,655,0,0.0,295665664,4112416,82944,0.0218345420435071
342,3,2654208,0,1,6,22,4,4,411,37,3,57645,6390,655,0,0.0,295747584,4112416,82944,0.021860417036805302
343,6,5308416,3,2,6,229,4,4,411,37,3,57645,6390,655,0,0.0,295747584,4112416,82944,0.02172125002834946
344,16,10665984,6,3,13,487,4,4,411,37,3,57645,6390,655,0,0.0,295763968,4112416,82944,0.02153954200912267
345,8,5324800,6,2,8,22,5,4,412,37,3,58138,6390,655,0,0.0,295763968,4112416,82944,0.021427041036076844
346,11,7979008,6,3,8,229,5,4,412,37,3,58138,6390,655,0,0.0,295763968,4112416,82944,0.02266158297425136
347,21,13336576,8,4,13,489,5,4,412,37,3,58138,6390,655,0,0.0,295796736,4112416,82944,0.021540375018958002
348,8,5324800,6,2,8,22,6,4,413,37,3,58635,6390,655,0,0.0,295845888,4112416,82944,0.023314249992836267
349,11,7979008,6,3,8,229,6,4,413,37,3,58635,6390,655,0,0.0,295845888,4112416,82944,0.021635749959386885
350,21,13336576,8,4,13,486,6,4,413,37,3,58635,6390,655,0,0.0,295845888,4112416,82944,0.02120975003344938
351,31,18694144,13,5,13,207,6,4,413,37,3,58635,6390,655,0,0.0,295895040,4112416,82944,0.021841833018697798
352,41,24051712,13,6,13,414,6,4,413,37,3,58635,6390,655,0,0.0,295895040,4112416,82944,0.021456083049997687
353,51,29409280,13,7,13,624,6,4,413,37,3,58635,6390,655,0,0.0,297926656,4112416,82944,0.02119245898211375
354,8,5324800,6,2,8,62,7,4,414,37,3,59604,6390,655,0,0.0,298614784,4112416,82944,0.0220522090094164
355,14,10633216,6,3,11,269,7,4,414,37,3,59604,6390,655,0,0.0,298614784,4112416,82944,0.02170516602927819
356,24,15990784,11,4,13,476,7,4,414,37,3,59604,6390,655,0,0.0,298614784,4112416,82944,0.021572124969679862
357,34,21348352,13,5,13,0,8,4,415,37,3,60252,6390,655,0,0.0,298631168,4112416,82944,0.021657333010807633
358,11,7979008,6,3,8,207,8,4,415,37,3,60252,6390,655,0,0.0,298631168,4112416,82944,0.02193499996792525
359,21,13336576,8,4,13,414,8,4,415,37,3,60252,6390,655,0,0.0,298647552,4112416,82944,0.021432290959637612
360,31,18694144,13,5,13,621,8,4,415,37,3,60252,6390,655,0,0.0,298647552,4112416,82944,0.021182540978770703
361,8,5324800,6,2,8,61,9,4,416,37,3,60837,6390,655,0,0.0,298647552,4112416,82944,0.021973167022224516
362,14,10633216,6,3,11,268,9,4,416,37,3,60837,6390,655,0,0.0,298647552,4112416,82944,0.022380458016414195
363,24,15990784,11,4,13,512,9,4,416,37,3,60837,6390,655,0,0.0,298663936,4112416,82944,0.02161574998172
364,8,5324800,6,2,8,22,10,4,417,37,3,61439,6390,655,0,0.0,298696704,4112416,82944,0.02122187498025596
365,11,7979008,6,3,8,229,10,4,417,37,3,61439,6390,655,0,0.0,298696704,4112416,82944,0.02169645798858255
366,21,13336576,8,4,13,467,10,4,417,37,3,61439,6390,655,0,0.0,298713088,4112416,82944,0.022245042026042938
367,8,5324800,6,2,8,22,11,4,418,37,3,61938,6390,655,0,0.0,298713088,4112416,82944,0.02157570800045505
368,11,7979008,6,3,8,229,11,4,418,37,3,61938,6390,655,0,0.0,298713088,4112416,82944,0.022009875043295324
369,21,13336576,8,4,13,485,11,4,418,37,3,61938,6390,655,0,0.0,298762240,4112416,82944,0.021439083036966622
370,3,2654208,0,1,6,22,0,5,418,38,3,61938,6950,655,0,0.0,298778624,4112416,82944,0.021387999993748963
371,6,5308416,3,2,6,229,0,5,418,38,3,61938,6950,655,0,0.0,298778624,4112416,82944,0.021681167010683566
372,16,10665984,6,3,13,468,0,5,418,38,3,61938,6950,655,0,0.0,298795008,4112416,82944,0.02161645796149969
373,3,2654208,0,1,6,22,1,5,419,38,3,62434,6950,655,0,0.0,298795008,4112416,82944,0.021224458003416657
374,6,5308416,3,2,6,229,1,5,419,38,3,62434,6950,655,0,0.0,298811392,4112416,82944,0.022667500015813857
375,16,10665984,6,3,13,488,1,5,419,38,3,62434,6950,655,0,0.0,298844160,4112416,82944,0.02220058295642957
376,26,16023552,13,4,13,207,1,5,419,38,3,62434,6950,655,0,0.0,298876928,4112416,82944,0.022340540948789567
377,36,21381120,13,5,13,414,1,5,419,38,3,62434,6950,655,0,0.0,298876928,4112416,82944,0.021550250006839633
378,46,26738688,13,6,13,621,1,5,419,38,3,62434,6950,655,0,0.0,298876928,4112416,82944,0.021289333002641797
379,3,2654208,0,1,6,61,2,5,420,38,3,63405,6950,655,0,0.0,298876928,4112416,82944,0.022168041963595897
380,9,7962624,3,2,9,268,2,5,420,38,3,63405,6950,655,0,0.0,298876928,4112416,82944,0.021915875026024878
381,19,13320192,9,3,13,475,2,5,420,38,3,63405,6950,655,0,0.0,298876928,4112416,82944,0.021468124992679805
382,29,18677760,13,4,13,0,3,5,421,38,3,64052,6950,655,0,0.0,298876928,4112416,82944,0.02147087501361966
383,6,5308416,3,2,6,207,3,5,421,38,3,64052,6950,655,0,0.0,298876928,4112416,82944,0.021623291017021984
384,16,10665984,6,3,13,414,3,5,421,38,3,64052,6950,655,0,0.0,298876928,4112416,82944,0.021328500006347895
385,26,16023552,13,4,13,621,3,5,421,38,3,64052,6950,655,0,0.0,298876928,4112416,82944,0.02128945797448978
386,3,2654208,0,1,6,61,4,5,422,38,3,64638,6950,655,0,0.0,298893312,4112416,82944,0.021792333049234003
387,9,7962624,3,2,9,277,4,5,422,38,3,64638,6950,655,0,0.0,298893312,4112416,82944,0.021466334001161158
388,19,13320192,9,3,13,547,4,5,422,38,3,64638,6950,655,0,0.0,298893312,4112416,82944,0.02123516600113362
389,3,2654208,0,1,6,22,5,5,423,38,3,65184,6950,655,0,0.0,298926080,4112416,82944,0.021680166013538837
390,6,5308416,3,2,6,235,5,5,423,38,3,65184,6950,655,0,0.0,298926080,4112416,82944,0.02157108305254951
391,16,10665984,6,3,13,505,5,5,423,38,3,65184,6950,655,0,0.0,298975232,4112416,82944,0.021661459002643824
392,7,2703360,0,1,10,22,6,5,424,38,3,65719,6950,655,0,0.0,298975232,4112416,82944,0.02172437496483326
393,10,5357568,3,2,10,229,6,5,424,38,3,65719,6950,655,0,0.0,298975232,4112416,82944,0.02203229203587398
394,20,10715136,10,3,13,468,6,5,424,38,3,65719,6950,655,0,0.0,298975232,4112416,82944,0.0217092499951832
395,7,2703360,0,1,10,22,7,5,425,38,3,66219,6950,655,0,0.0,299024384,4112416,82944,0.021700541023164988
396,10,5357568,3,2,10,229,7,5,425,38,3,66219,6950,655,0,0.0,299040768,4112416,82944,0.02207229204941541
397,20,10715136,10,3,13,483,7,5,425,38,3,66219,6950,655,0,0.0,299073536,4112416,82944,0.021844665985554457
398,7,2703360,0,1,10,22,8,5,426,38,3,66718,6950,655,0,0.0,299073536,4112416,82944,0.02213429199764505
399,10,5357568,3,2,10,229,8,5,426,38,3,66718,6950,655,0,0.0,299089920,4112416,82944,0.02213250001659617
400,20,10715136,10,3,13,483,8,5,426,38,3,66718,6950,655,0,0.0,299106304,4112416,82944,0.021530792000703514
401,30,16072704,13,4,13,202,8,5,426,38,3,66718,6950,655,0,0.0,299155456,4112416,82944,0.021947957982774824
402,40,21430272,13,5,13,400,8,5,426,38,3,66718,6950,655,0,0.0,299155456,4112416,82944,0.02119404199765995
403,50,26787840,13,6,13,598,8,5,426,38,3,66718,6950,655,0,0.0,299155456,4112416,82944,0.02118766598869115
404,7,2703360,0,1,10,20,9,5,427,38,3,67701,6950,655,0,0.0,299155456,4112416,82944,0.021151166001800448
405,10,5357568,3,2,10,218,9,5,427,38,3,67701,6950,655,0,0.0,299155456,4112416,82944,0.021547375014051795
406,20,10715136,10,3,13,416,9,5,427,38,3,67701,6950,655,0,0.0,299155456,4112416,82944,0.021306917013134807
407,30,16072704,13,4,13,614,9,5,427,38,3,67701,6950,655,0,0.0,299171840,4112416,82944,0.02040604199282825
408,10,5357568,6,2,10,43,10,5,428,38,3,68350,6950,655,0,0.0,299171840,4112416,82944,0.021781165967695415
409,16,10665984,6,3,13,241,10,5,428,38,3,68350,6950,655,0,0.0,299171840,4112416,82944,0.02104841696564108
410,26,16023552,13,4,13,439,10,5,428,38,3,68350,6950,655,0,0.0,299171840,4112416,82944,0.02106637501856312
411,36,21381120,13,5,13,0,11,5,429,38,3,68975,6950,655,0,0.0,299188224,4112416,82944,0.021017541992478073
412,13,8011776,6,3,10,198,11,5,429,38,3,68975,6950,655,0,0.0,299188224,4112416,82944,0.021486125013325363
413,23,13369344,10,4,13,412,11,5,429,38,3,68975,6950,655,0,0.0,299188224,4112416,82944,0.02121637499658391
414,33,18726912,13,5,13,0,0,6,429,39,3,68975,7537,655,0,0.0,299204608,4112416,82944,0.02142004104098305
415,6,5308416,3,2,6,198,0,6,429,39,3,68975,7537,655,0,0.0,299204608,4112416,82944,0.021552000020164996
416,16,10665984,6,3,13,415,0,6,429,39,3,68975,7537,655,0,0.0,299204608,4112416,82944,0.021787083998788148
417,26,16023552,13,4,13,0,1,6,430,39,3,69498,7537,655,0,0.0,299253760,4112416,82944,0.021617625025101006
418,6,5308416,3,2,6,198,1,6,430,39,3,69498,7537,655,0,0.0,299253760,4112416,82944,0.02155679202405736
419,16,10665984,6,3,13,426,1,6,430,39,3,69498,7537,655,0,0.0,299253760,4112416,82944,0.021473375032655895
420,26,16023552,13,4,13,0,2,6,431,39,3,70022,7537,655,0,0.0,299286528,4112416,82944,0.021121750003658235
421,6,5308416,3,2,6,198,2,6,431,39,3,70022,7537,655,0,0.0,299286528,4112416,82944,0.02215970796532929
422,16,10665984,6,3,13,430,2,6,431,39,3,70022,7537,655,0,0.0,299319296,4112416,82944,0.022390457976143807
423,26,16023552,13,4,13,0,3,6,432,39,3,70541,7537,655,0,0.0,299352064,4112416,82944,0.02226162503939122
424,6,5308416,3,2,6,198,3,6,432,39,3,70541,7537,655,0,0.0,299352064,4112416,82944,0.021474042034242302
425,16,10665984,6,3,13,435,3,6,432,39,3,70541,7537,655,0,0.0,299368448,4112416,82944,0.02167833299608901
426,26,16023552,13,4,13,198,3,6,432,39,3,70541,7537,655,0,0.0,299384832,4112416,82944,0.022273458016570657
427,36,21381120,13,5,13,396,3,6,432,39,3,70541,7537,655,0,0.0,299384832,4112416,82944,0.02140366699313745
428,46,26738688,13,6,13,594,3,6,432,39,3,70541,7537,655,0,0.0,299401216,4112416,82944,0.021388125023804605
429,3,2654208,0,1,6,20,4,6,433,39,3,71517,7537,655,0,0.0,300728320,4112416,82944,0.020929292018990964
430,6,5308416,3,2,6,218,4,6,433,39,3,71517,7537,655,0,0.0,300728320,4112416,82944,0.02218645898392424
431,16,10665984,6,3,13,416,4,6,433,39,3,71517,7537,655,0,0.0,300728320,4112416,82944,0.021648375026416034
432,26,16023552,13,4,13,614,4,6,433,39,3,71517,7537,655,0,0.0,300728320,4112416,82944,0.022086917015258223
433,6,5308416,6,2,6,43,5,6,434,39,3,72166,7537,655,0,0.0,300728320,4112416,82944,0.022034041001461446
434,12,10616832,6,3,9,241,5,6,434,39,3,72166,7537,655,0,0.0,300728320,4112416,82944,0.021419458033051342
435,22,15974400,9,4,13,439,5,6,434,39,3,72166,7537,655,0,0.0,300728320,4112416,82944,0.02156991697847843
436,32,21331968,13,5,13,0,6,6,435,39,3,72797,7537,655,0,0.0,300728320,4112416,82944,0.02131012501195073
437,9,7962624,6,3,6,198,6,6,435,39,3,72797,7537,655,0,0.0,300744704,4112416,82944,0.021453458000905812
438,19,13320192,6,4,13,405,6,6,435,39,3,72797,7537,655,0,0.0,300744704,4112416,82944,0.021465874975547194
439,29,18677760,13,5,13,0,7,6,436,39,3,73322,7537,655,0,0.0,300793856,4112416,82944,0.021025875001214445
440,9,7962624,6,3,6,198,7,6,436,39,3,73322,7537,655,0,0.0,300793856,4112416,82944,0.021748832950834185
441,19,13320192,6,4,13,418,7,6,436,39,3,73322,7537,655,0,0.0,300793856,4112416,82944,0.021628957998473197
442,29,18677760,13,5,13,0,8,6,437,39,3,73839,7537,655,0,0.0,300810240,4112416,82944,0.02190324995899573
443,9,7962624,6,3,6,198,8,6,437,39,3,73839,7537,655,0,0.0,300826624,4112416,82944,0.021552624995820224
444,19,13320192,6,4,13,431,8,6,437,39,3,73839,7537,655,0,0.0,300843008,4112416,82944,0.021380166988819838
445,29,18677760,13,5,13,0,9,6,438,39,3,74364,7537,655,0,0.0,300875776,4112416,82944,0.021432582987472415
446,9,7962624,6,3,6,198,9,6,438,39,3,74364,7537,655,0,0.0,300875776,4112416,82944,0.02130245801527053
447,19,13320192,6,4,13,428,9,6,438,39,3,74364,7537,655,0,0.0,300875776,4112416,82944,0.0213814580347389
448,29,18677760,13,5,13,0,10,6,439,39,3,74886,7537,655,0,0.0,300908544,4112416,82944,0.021234708023257554
449,9,7962624,6,3,6,198,10,6,439,39,3,74886,7537,655,0,0.0,300908544,4112416,82944,0.021971500013023615
450,19,13320192,6,4,13,430,10,6,439,39,3,74886,7537,655,0,0.0,300941312,4112416,82944,0.02152750000823289
451,29,18677760,13,5,13,198,10,6,439,39,3,74886,7537,655,0,0.0,300974080,4112416,82944,0.022059874958358705
452,39,24035328,13,6,13,396,10,6,439,39,3,74886,7537,655,0,0.0,300974080,4112416,82944,0.021283874986693263
453,49,29392896,13,7,13,594,10,6,439,39,3,74886,7537,655,0,0.0,300974080,4112416,82944,0.021221584000159055
454,6,5308416,6,2,6,20,11,6,440,39,3,75853,7537,655,0,0.0,300990464,4112416,82944,0.021291374985594302
455,9,7962624,6,3,6,218,11,6,440,39,3,75853,7537,655,0,0.0,300990464,4112416,82944,0.022064916032832116
456,19,13320192,6,4,13,416,11,6,440,39,3,75853,7537,655,0,0.0,300990464,4112416,82944,0.022119250032119453
457,29,18677760,13,5,13,614,11,6,440,39,3,75853,7537,655,0,0.0,300990464,4112416,82944,0.02104750002035871
458,3,2654208,0,1,6,43,0,7,440,40,3,75853,8242,655,0,0.0,300990464,4112416,82944,0.021859959000721574
459,9,7962624,3,2,9,241,0,7,440,40,3,75853,8242,655,0,0.0,300990464,4112416,82944,0.021922499989159405
460,19,13320192,9,3,13,442,0,7,440,40,3,75853,8242,655,0,0.0,300990464,4112416,82944,0.021691749978344887
461,29,18677760,13,4,13,1,1,7,441,40,3,76477,8242,655,0,0.0,300990464,4112416,82944,0.021499624999705702
462,6,5308416,3,2,6,199,1,7,441,40,3,76477,8242,655,0,0.0,300990464,4112416,82944,0.02230570901883766
463,16,10665984,6,3,13,411,1,7,441,40,3,76477,8242,655,0,0.0,301023232,4112416,82944,0.02181108301738277
464,26,16023552,13,4,13,0,2,7,442,40,3,77007,8242,655,0,0.0,301039616,4112416,82944,0.021790625003632158
465,6,5308416,3,2,6,198,2,7,442,40,3,77007,8242,655,0,0.0,301039616,4112416,82944,0.02187150000827387
466,16,10665984,6,3,13,422,2,7,442,40,3,77007,8242,655,0,0.0,301039616,4112416,82944,0.021530875004827976
467,26,16023552,13,4,13,0,3,7,443,40,3,77531,8242,655,0,0.0,301056000,4112416,82944,0.021020915999542922
468,6,5308416,3,2,6,198,3,7,443,40,3,77531,8242,655,0,0.0,301056000,4112416,82944,0.021715832990594208
469,16,10665984,6,3,13,426,3,7,443,40,3,77531,8242,655,0,0.0,301105152,4112416,82944,0.02183833299204707
470,26,16023552,13,4,13,0,4,7,444,40,3,78054,8242,655,0,0.0,301121536,4112416,82944,0.021724042017012835
471,6,5308416,3,2,6,198,4,7,444,40,3,78054,8242,655,0,0.0,301121536,4112416,82944,0.021808749996125698
472,16,10665984,6,3,13,428,4,7,444,40,3,78054,8242,655,0,0.0,301121536,4112416,82944,0.021790291008073837
473,26,16023552,13,4,13,0,5,7,445,40,3,78576,8242,655,0,0.0,301121536,4112416,82944,0.021132374997250736
474,6,5308416,3,2,6,198,5,7,445,40,3,78576,8242,655,0,0.0,301137920,4112416,82944,0.022086540993768722
475,16,10665984,6,3,13,430,5,7,445,40,3,78576,8242,655,0,0.0,301203456,4112416,82944,0.02145729202311486
476,26,16023552,13,4,13,198,5,7,445,40,3,78576,8242,655,0,0.0,302333952,4112416,82944,0.021735708985943347
477,36,21381120,13,5,13,396,5,7,445,40,3,78576,8242,655,0,0.0,302350336,4112416,82944,0.021490707993507385
478,46,26738688,13,6,13,594,5,7,445,40,3,78576,8242,655,0,0.0,302350336,4112416,82944,0.021250624966342002
479,3,2654208,0,1,6,20,6,7,446,40,3,79551,8242,655,0,0.0,302350336,4112416,82944,0.021242875023745
480,6,5308416,3,2,6,218,6,7,446,40,3,79551,8242,655,0,0.0,302350336,4112416,82944,0.021873332967516035
481,16,10665984,6,3,13,416,6,7,446,40,3,79551,8242,655,0,0.0,302350336,4112416,82944,0.021752625005319715
482,26,16023552,13,4,13,614,6,7,446,40,3,79551,8242,655,0,0.0,302350336,4112416,82944,0.021091541973873973
483,6,5308416,6,2,6,43,7,7,447,40,3,80202,8242,655,0,0.0,302350336,4112416,82944,0.0219807910034433
484,12,10616832,6,3,9,241,7,7,447,40,3,80202,8242,655,0,0.0,302350336,4112416,82944,0.02143820800120011
485,22,15974400,9,4,13,439,7,7,447,40,3,80202,8242,655,0,0.0,302350336,4112416,82944,0.02130333404056728
486,32,21331968,13,5,13,0,8,7,448,40,3,80831,8242,655,0,0.0,302350336,4112416,82944,0.021531499980483204
487,9,7962624,6,3,6,198,8,7,448,40,3,80831,8242,655,0,0.0,302350336,4112416,82944,0.02167629200266674
488,19,13320192,6,4,13,399,8,7,448,40,3,80831,8242,655,0,0.0,302350336,4112416,82944,0.021176417008973658
489,29,18677760,13,5,13,662,8,7,448,40,3,80831,8242,655,0,0.0,302366720,4112416,82944,0.021278125001117587
490,9,7962624,6,3,6,165,9,7,449,40,3,81381,8242,655,0,0.0,302383104,4112416,82944,0.02153666701633483
491,19,13320192,6,4,13,388,9,7,449,40,3,81381,8242,655,0,0.0,302383104,4112416,82944,0.021425125014502555
492,29,18677760,13,5,13,651,9,7,449,40,3,81381,8242,655,0,0.0,302415872,4112416,82944,0.0211796669755131
493,12,10616832,6,4,6,152,10,7,450,40,3,81905,8242,655,0,0.0,302415872,4112416,82944,0.021427333005703986
494,22,15974400,6,5,13,372,10,7,450,40,3,81905,8242,655,0,0.0,302415872,4112416,82944,0.021636957942973822
495,32,21331968,13,6,13,638,10,7,450,40,3,81905,8242,655,0,0.0,302465024,4112416,82944,0.021427416999358684
496,13,8011776,6,3,10,66,11,7,451,40,3,82431,8242,655,0,0.0,302465024,4112416,82944,0.02184070902876556
497,19,13320192,6,4,13,295,11,7,451,40,3,82431,8242,655,0,0.0,302465024,4112416,82944,0.021271042001899332
498,29,18677760,13,5,13,559,11,7,451,40,3,82431,8242,655,0,0.0,302514176,4112416,82944,0.021249083045404404
499,3,2654208,0,1,6,20,0,8,451,41,3,82431,8850,655,0,0.0,302514176,4112416,82944,0.021159457974135876
500,6,5308416,3,2,6,225,0,8,451,41,3,82431,8850,655,0,0.0,302530560,4112416,82944,0.022423750022426248
501,16,10665984,6,3,13,198,0,8,451,41,3,82431,8850,655,0,0.0,302546944,4112416,82944,0.02688779099844396
502,26,16023552,13,4,13,396,0,8,451,41,3,82431,8850,655,0,0.0,302546944,4112416,82944,0.022156207996886224
503,36,21381120,13,5,13,594,0,8,451,41,3,82431,8850,655,0,0.0,302546944,4112416,82944,0.02191987499827519
504,7,2703360,0,1,10,20,1,8,452,41,3,83266,8850,655,0,0.0,303890432,4112416,82944,0.021356499986723065
505,10,5357568,3,2,10,218,1,8,452,41,3,83266,8850,655,0,0.0,303890432,4112416,82944,0.02177470800234005
506,20,10715136,10,3,13,416,1,8,452,41,3,83266,8850,655,0,0.0,303890432,4112416,82944,0.02117725001880899
507,30,16072704,13,4,13,614,1,8,452,41,3,83266,8850,655,0,0.0,303890432,4112416,82944,0.021321583015378565
508,10,5357568,6,2,10,45,2,8,453,41,3,83923,8850,655,0,0.0,303890432,4112416,82944,0.021597124985419214
509,16,10665984,6,3,13,243,2,8,453,41,3,83923,8850,655,0,0.0,303890432,4112416,82944,0.02193333295872435
510,26,16023552,13,4,13,476,2,8,453,41,3,83923,8850,655,0,0.0,303890432,4112416,82944,0.021642417006660253
511,10,5357568,6,2,10,13,3,8,454,41,3,84523,8850,655,0,0.0,303890432,4112416,82944,0.021795334003400058
512,13,8011776,6,3,10,211,3,8,454,41,3,84523,8850,655,0,0.0,303890432,4112416,82944,0.021793708961922675
513,23,13369344,10,4,13,429,3,8,454,41,3,84523,8850,655,0,0.0,303890432,4112416,82944,0.0209483330254443
514,33,18726912,13,5,13,0,4,8,455,41,3,85062,8850,655,0,0.0,303906816,4112416,82944,0.02131154201924801
515,13,8011776,6,3,10,198,4,8,455,41,3,85062,8850,655,0,0.0,303906816,4112416,82944,0.021898709004744887
516,23,13369344,10,4,13,424,4,8,455,41,3,85062,8850,655,0,0.0,303939584,4112416,82944,0.02164158399682492
517,33,18726912,13,5,13,0,5,8,456,41,3,85587,8850,655,0,0.0,303955968,4112416,82944,0.021656458033248782
518,13,8011776,6,3,10,198,5,8,456,41,3,85587,8850,655,0,0.0,303955968,4112416,82944,0.02196883299620822
519,23,13369344,10,4,13,426,5,8,456,41,3,85587,8850,655,0,0.0,303972352,4112416,82944,0.02118162502301857
520,33,18726912,13,5,13,0,6,8,457,41,3,86102,8850,655,0,0.0,304005120,4112416,82944,0.02119829203002155
521,13,8011776,6,3,10,198,6,8,457,41,3,86102,8850,655,0,0.0,304021504,4112416,82944,0.021541125024668872
522,23,13369344,10,4,13,438,6,8,457,41,3,86102,8850,655,0,0.0,304037888,4112416,82944,0.02132641599746421
523,33,18726912,13,5,13,1,7,8,458,41,3,86615,8850,655,0,0.0,304070656,4112416,82944,0.02137274999404326
524,13,8011776,6,3,10,199,7,8,458,41,3,86615,8850,655,0,0.0,304070656,4112416,82944,0.02187816600780934
525,23,13369344,10,4,13,444,7,8,458,41,3,86615,8850,655,0,0.0,304070656,4112416,82944,0.02108500001486391
526,33,18726912,13,5,13,198,7,8,458,41,3,86615,8850,655,0,0.0,304103424,4112416,82944,0.02191245899302885
527,43,24084480,13,6,13,396,7,8,458,41,3,86615,8850,655,0,0.0,304103424,4112416,82944,0.021296833991073072
528,53,29442048,13,7,13,594,7,8,458,41,3,86615,8850,655,0,0.0,304103424,4112416,82944,0.021668208006303757
529,10,5357568,6,2,10,20,8,8,459,41,3,87595,8850,655,0,0.0,304119808,4112416,82944,0.021490042039658874
530,13,8011776,6,3,10,218,8,8,459,41,3,87595,8850,655,0,0.0,304119808,4112416,82944,0.02201129199238494
531,23,13369344,10,4,13,416,8,8,459,41,3,87595,8850,655,0,0.0,304136192,4112416,82944,0.021400249970611185
532,33,18726912,13,5,13,614,8,8,459,41,3,87595,8850,655,0,0.0,304136192,4112416,82944,0.02124979201471433
533,13,8011776,6,3,10,43,9,8,460,41,3,88250,8850,655,0,0.0,304136192,4112416,82944,0.021658166020642966
534,19,13320192,6,4,13,241,9,8,460,41,3,88250,8850,655,0,0.0,304136192,4112416,82944,0.021116250019986182
535,29,18677760,13,5,13,439,9,8,460,41,3,88250,8850,655,0,0.0,304152576,4112416,82944,0.021420584002044052
536,39,24035328,13,6,13,0,10,8,461,41,3,88880,8850,655,0,0.0,304201728,4112416,82944,0.02132941596210003
537,16,10665984,6,4,10,198,10,8,461,41,3,88880,8850,655,0,0.0,304201728,4112416,82944,0.021809500001836568
538,26,16023552,10,5,13,403,10,8,461,41,3,88880,8850,655,0,0.0,304201728,4112416,82944,0.02129937498830259
539,36,21381120,13,6,13,0,11,8,462,41,3,89403,8850,655,0,0.0,304218112,4112416,82944,0.020940874994266778
540,16,10665984,6,4,10,198,11,8,462,41,3,89403,8850,655,0,0.0,304218112,4112416,82944,0.02156449999893084
541,26,16023552,10,5,13,420,11,8,462,41,3,89403,8850,655,0,0.0,304234496,4112416,82944,0.021677915996406227
542,36,21381120,13,6,13,0,0,9,462,42,3,89403,9439,655,0,0.0,304283648,4112416,82944,0.021471999993082136
543,10,5357568,3,2,10,198,0,9,462,42,3,89403,9439,655,0,0.0,304283648,4112416,82944,0.02213183301500976
544,20,10715136,10,3,13,421,0,9,462,42,3,89403,9439,655,0,0.0,304283648,4112416,82944,0.022003541991580278
545,30,16072704,13,4,13,0,1,9,463,42,3,89927,9439,655,0,0.0,304283648,4112416,82944,0.02190320799127221
546,10,5357568,3,2,10,198,1,9,463,42,3,89927,9439,655,0,0.0,304283648,4112416,82944,0.022016834001988173
547,20,10715136,10,3,13,431,1,9,463,42,3,89927,9439,655,0,0.0,304283648,4112416,82944,0.021489207982085645
548,30,16072704,13,4,13,0,2,9,464,42,3,90449,9439,655,0,0.0,304365568,4112416,82944,0.021670458023436368
549,10,5357568,3,2,10,198,2,9,464,42,3,90449,9439,655,0,0.0,304365568,4112416,82944,0.021787624980788678
550,20,10715136,10,3,13,436,2,9,464,42,3,90449,9439,655,0,0.0,304365568,4112416,82944,0.021783166972454637
551,30,16072704,13,4,13,198,2,9,464,42,3,90449,9439,655,0,0.0,304398336,4112416,82944,0.02212070900714025
552,40,21430272,13,5,13,396,2,9,464,42,3,90449,9439,655,0,0.0,304398336,4112416,82944,0.021316291007678956
553,50,26787840,13,6,13,594,2,9,464,42,3,90449,9439,655,0,0.0,304398336,4112416,82944,0.021344834007322788
554,7,2703360,0,1,10,20,3,9,465,42,3,91421,9439,655,0,0.0,304398336,4112416,82944,0.02123695897171274
555,10,5357568,3,2,10,218,3,9,465,42,3,91421,9439,655,0,0.0,304398336,4112416,82944,0.022194915974978358
556,20,10715136,10,3,13,416,3,9,465,42,3,91421,9439,655,0,0.0,304398336,4112416,82944,0.021935124997980893
557,30,16072704,13,4,13,614,3,9,465,42,3,91421,9439,655,0,0.0,304398336,4112416,82944,0.021745708014350384
558,10,5357568,6,2,10,43,4,9,466,42,3,92079,9439,655,0,0.0,304398336,4112416,82944,0.021664207975845784
559,16,10665984,6,3,13,241,4,9,466,42,3,92079,9439,655,0,0.0,304398336,4112416,82944,0.021991541958414018
560,26,16023552,13,4,13,439,4,9,466,42,3,92079,9439,655,0,0.0,304398336,4112416,82944,0.02169800002593547
561,36,21381120,13,5,13,0,5,9,467,42,3,92714,9439,655,0,0.0,304398336,4112416,82944,0.021428124979138374
562,13,8011776,6,3,10,198,5,9,467,42,3,92714,9439,655,0,0.0,304398336,4112416,82944,0.02173245802987367
563,23,13369344,10,4,13,396,5,9,467,42,3,92714,9439,655,0,0.0,304398336,4112416,82944,0.021563167043495923
564,33,18726912,13,5,13,654,5,9,467,42,3,92714,9439,655,0,0.0,304447488,4112416,82944,0.021650084003340453
565,13,8011776,6,3,10,153,6,9,468,42,3,93282,9439,655,0,0.0,304447488,4112416,82944,0.02148137503536418
566,23,13369344,10,4,13,372,6,9,468,42,3,93282,9439,655,0,0.0,304447488,4112416,82944,0.021377499972004443
567,33,18726912,13,5,13,633,6,9,468,42,3,93282,9439,655,0,0.0,304447488,4112416,82944,0.02115975000197068
568,14,5406720,10,2,10,59,7,9,469,42,3,93810,9439,655,0,0.0,304463872,4112416,82944,0.02190545795019716
569,20,10715136,10,3,13,282,7,9,469,42,3,93810,9439,655,0,0.0,304480256,4112416,82944,0.021731834043748677
570,30,16072704,13,4,13,546,7,9,469,42,3,93810,9439,655,0,0.0,304513024,4112416,82944,0.021582166955340654
571,14,5406720,10,2,10,20,8,9,470,42,3,94365,9439,655,0,0.0,304513024,4112416,82944,0.021745166974142194
572,17,8060928,10,3,10,221,8,9,470,42,3,94365,9439,655,0,0.0,304513024,4112416,82944,0.02239583298796788
573,27,13418496,10,4,13,482,8,9,470,42,3,94365,9439,655,0,0.0,304562176,4112416,82944,0.02181895897956565
574,18,5455872,10,3,10,13,9,9,471,42,3,94890,9439,655,0,0.0,304578560,4112416,82944,0.02192354097496718
575,21,8110080,10,3,10,211,9,9,471,42,3,94890,9439,655,0,0.0,304578560,4112416,82944,0.021463166980538517
576,31,13467648,10,4,13,198,9,9,471,42,3,94890,9439,655,0,0.0,304594944,4112416,82944,0.022258915996644646
577,41,18825216,13,5,13,396,9,9,471,42,3,94890,9439,655,0,0.0,304594944,4112416,82944,0.02108450001105666
578,51,24182784,13,6,13,594,9,9,471,42,3,94890,9439,655,0,0.0,304594944,4112416,82944,0.02149516699137166
579,18,5455872,10,3,10,20,10,9,472,42,3,95687,9439,655,0,0.0,304594944,4112416,82944,0.021291624987497926
580,21,8110080,10,3,10,218,10,9,472,42,3,95687,9439,655,0,0.0,304594944,4112416,82944,0.021730625012423843
581,31,13467648,10,4,13,416,10,9,472,42,3,95687,9439,655,0,0.0,304594944,4112416,82944,0.02134229097282514
582,41,18825216,13,5,13,614,10,9,472,42,3,95687,9439,655,0,0.0,304594944,4112416,82944,0.020950375008396804
583,21,8110080,10,3,10,43,11,9,473,42,3,96331,9439,655,0,0.0,304594944,4112416,82944,0.021817165950778872
584,27,13418496,10,4,13,241,11,9,473,42,3,96331,9439,655,0,0.0,304594944,4112416,82944,0.021071958995889872
585,37,18776064,13,5,13,492,11,9,473,42,3,96331,9439,655,0,0.0,304594944,4112416,82944,0.021102707949467003
586,7,2703360,0,1,10,13,0,10,473,43,3,96331,10128,655,0,0.0,304627712,4112416,82944,0.021148708008695394
587,10,5357568,3,2,10,211,0,10,473,43,3,96331,10128,655,0,0.0,304627712,4112416,82944,0.021694458031561226
588,20,10715136,10,3,13,428,0,10,473,43,3,96331,10128,655,0,0.0,304627712,4112416,82944,0.020970334007870406
589,30,16072704,13,4,13,0,1,10,474,43,3,96868,10128,655,0,0.0,304660480,4112416,82944,0.021393541945144534
590,10,5357568,3,2,10,198,1,10,474,43,3,96868,10128,655,0,0.0,304660480,4112416,82944,0.02166266698623076
591,20,10715136,10,3,13,427,1,10,474,43,3,96868,10128,655,0,0.0,304660480,4112416,82944,0.021632291027344763
592,30,16072704,13,4,13,0,2,10,475,43,3,97388,10128,655,0,0.0,304693248,4112416,82944,0.0216552090132609
593,10,5357568,3,2,10,198,2,10,475,43,3,97388,10128,655,0,0.0,304693248,4112416,82944,0.021712707995902747
594,20,10715136,10,3,13,434,2,10,475,43,3,97388,10128,655,0,0.0,304709632,4112416,82944,0.021318083978258073
595,30,16072704,13,4,13,1,3,10,476,43,3,97905,10128,655,0,0.0,304726016,4112416,82944,0.021155541006010026
596,10,5357568,3,2,10,199,3,10,476,43,3,97905,10128,655,0,0.0,304726016,4112416,82944,0.021959332982078195
597,20,10715136,10,3,13,438,3,10,476,43,3,97905,10128,655,0,0.0,304742400,4112416,82944,0.02149725001072511
598,30,16072704,13,4,13,1,4,10,477,43,3,98427,10128,655,0,0.0,304775168,4112416,82944,0.021629917027894408
599,10,5357568,3,2,10,199,4,10,477,43,3,98427,10128,655,0,0.0,304791552,4112416,82944,0.021636582969222218
600,20,10715136,10,3,13,440,4,10,477,43,3,98427,10128,655,0,0.0,304807936,4112416,82944,0.021932333998847753
601,30,16072704,13,4,13,198,4,10,477,43,3,98427,10128,655,0,0.0,304971776,4112416,82944,0.02232183300657198
602,40,21430272,13,5,13,396,4,10,477,43,3,98427,10128,655,0,0.0,304971776,4112416,82944,0.021951125003397465
603,50,26787840,13,6,13,594,4,10,477,43,3,98427,10128,655,0,0.0,304971776,4112416,82944,0.021562915993854403
604,7,2703360,0,1,10,20,5,10,478,43,3,99398,10128,655,0,0.0,305037312,4112416,82944,0.021281500055920333
605,10,5357568,3,2,10,218,5,10,478,43,3,99398,10128,655,0,0.0,305037312,4112416,82944,0.022099625028204173
606,20,10715136,10,3,13,416,5,10,478,43,3,99398,10128,655,0,0.0,305037312,4112416,82944,0.021545874944422394
607,30,16072704,13,4,13,614,5,10,478,43,3,99398,10128,655,0,0.0,305037312,4112416,82944,0.021129250002559274
608,10,5357568,6,2,10,43,6,10,479,43,3,100049,10128,655,0,0.0,305037312,4112416,82944,0.021991249988786876
609,16,10665984,6,3,13,241,6,10,479,43,3,100049,10128,655,0,0.0,305037312,4112416,82944,0.021411499998066574
610,26,16023552,13,4,13,439,6,10,479,43,3,100049,10128,655,0,0.0,305037312,4112416,82944,0.02094979101093486
611,36,21381120,13,5,13,0,7,10,480,43,3,100680,10128,655,0,0.0,305037312,4112416,82944,0.020959416986443102
612,13,8011776,6,3,10,198,7,10,480,43,3,100680,10128,655,0,0.0,305037312,4112416,82944,0.021539625013247132
613,23,13369344,10,4,13,402,7,10,480,43,3,100680,10128,655,0,0.0,305037312,4112416,82944,0.021242624963633716
614,33,18726912,13,5,13,663,7,10,480,43,3,100680,10128,655,0,0.0,305037312,4112416,82944,0.021845208015292883
615,13,8011776,6,3,10,165,8,10,481,43,3,101236,10128,655,0,0.0,305053696,4112416,82944,0.02183599997079
616,23,13369344,10,4,13,381,8,10,481,43,3,101236,10128,655,0,0.0,305070080,4112416,82944,0.021581333014182746
617,33,18726912,13,5,13,644,8,10,481,43,3,101236,10128,655,0,0.0,305102848,4112416,82944,0.02134020801167935
618,16,10665984,6,4,10,132,9,10,482,43,3,101767,10128,655,0,0.0,305102848,4112416,82944,0.022044124954845756
619,24,15990784,8,5,13,352,9,10,482,43,3,101767,10128,655,0,0.0,305102848,4112416,82944,0.021209500031545758
620,34,21348352,13,6,13,618,9,10,482,43,3,101767,10128,655,0,0.0,305135616,4112416,82944,0.021368500019889325
621,18,10682368,8,4,10,55,10,10,483,43,3,102291,10128,655,0,0.0,305152000,4112416,82944,0.02183362504001707
622,24,15990784,8,5,13,276,10,10,483,43,3,102291,10128,655,0,0.0,305152000,4112416,82944,0.02142312499927357
623,34,21348352,13,6,13,540,10,10,483,43,3,102291,10128,655,0,0.0,305184768,4112416,82944,0.021492332976777107
624,18,10682368,8,4,10,20,11,10,484,43,3,102839,10128,655,0,0.0,305184768,4112416,82944,0.021303332992829382
625,21,13336576,8,5,10,220,11,10,484,43,3,102839,10128,655,0,0.0,305201152,4112416,82944,0.021438041992951185
626,31,18694144,10,6,13,198,11,10,484,43,3,102839,10128,655,0,0.0,305250304,4112416,82944,0.023386332963127643
627,41,24051712,13,7,13,396,11,10,484,43,3,102839,10128,655,0,0.0,305250304,4112416,82944,0.02124600001843646
628,51,29409280,13,8,13,594,11,10,484,43,3,102839,10128,655,0,0.0,305250304,4112416,82944,0.02109870797721669
629,7,2703360,0,1,10,20,0,11,484,44,3,102839,11069,655,0,0.0,305250304,4112416,82944,0.021147666033357382
630,10,5357568,3,2,10,218,0,11,484,44,3,102839,11069,655,0,0.0,305250304,4112416,82944,0.022065458993893117
631,20,10715136,10,3,13,416,0,11,484,44,3,102839,11069,655,0,0.0,305250304,4112416,82944,0.02141220902558416
632,30,16072704,13,4,13,614,0,11,484,44,3,102839,11069,655,0,0.0,305250304,4112416,82944,0.021455584035720676
633,10,5357568,6,2,10,43,1,11,485,44,3,103496,11069,655,0,0.0,305250304,4112416,82944,0.021800708025693893
634,16,10665984,6,3,13,241,1,11,485,44,3,103496,11069,655,0,0.0,305250304,4112416,82944,0.021692208014428616
635,26,16023552,13,4,13,439,1,11,485,44,3,103496,11069,655,0,0.0,305250304,4112416,82944,0.021073084033560008
636,36,21381120,13,5,13,0,2,11,486,44,3,104131,11069,655,0,0.0,305250304,4112416,82944,0.021156165981665254
637,13,8011776,6,3,10,198,2,11,486,44,3,104131,11069,655,0,0.0,305250304,4112416,82944,0.021649124973919243
638,23,13369344,10,4,13,402,2,11,486,44,3,104131,11069,655,0,0.0,305250304,4112416,82944,0.02139820804586634
639,33,18726912,13,5,13,0,3,11,487,44,3,104656,11069,655,0,0.0,305283072,4112416,82944,0.021138957992661744
640,13,8011776,6,3,10,198,3,11,487,44,3,104656,11069,655,0,0.0,305299456,4112416,82944,0.021599791012704372
641,23,13369344,10,4,13,422,3,11,487,44,3,104656,11069,655,0,0.0,305315840,4112416,82944,0.021122957987245172
642,33,18726912,13,5,13,0,4,11,488,44,3,105176,11069,655,0,0.0,305332224,4112416,82944,0.021173625020310283
643,13,8011776,6,3,10,198,4,11,488,44,3,105176,11069,655,0,0.0,305332224,4112416,82944,0.021920083032455295
644,23,13369344,10,4,13,430,4,11,488,44,3,105176,11069,655,0,0.0,305332224,4112416,82944,0.021546833973843604
645,33,18726912,13,5,13,0,5,11,489,44,3,105700,11069,655,0,0.0,305381376,4112416,82944,0.02100062498357147
646,13,8011776,6,3,10,198,5,11,489,44,3,105700,11069,655,0,0.0,305381376,4112416,82944,0.021746708953287452
647,23,13369344,10,4,13,428,5,11,489,44,3,105700,11069,655,0,0.0,305397760,4112416,82944,0.021234125015325844
648,33,18726912,13,5,13,0,6,11,490,44,3,106225,11069,655,0,0.0,305414144,4112416,82944,0.02135766705032438
649,13,8011776,6,3,10,198,6,11,490,44,3,106225,11069,655,0,0.0,305414144,4112416,82944,0.021564083988778293
650,23,13369344,10,4,13,427,6,11,490,44,3,106225,11069,655,0,0.0,305414144,4112416,82944,0.02186762500787154
651,33,18726912,13,5,13,198,6,11,490,44,3,106225,11069,655,0,0.0,305758208,4112416,82944,0.02241937496000901
652,43,24084480,13,6,13,396,6,11,490,44,3,106225,11069,655,0,0.0,305758208,4112416,82944,0.02142541599459946
653,53,29442048,13,7,13,594,6,11,490,44,3,106225,11069,655,0,0.0,305758208,4112416,82944,0.021644832973834127
654,10,5357568,6,2,10,20,7,11,491,44,3,107202,11069,655,0,0.0,305758208,4112416,82944,0.021594541962258518
655,13,8011776,6,3,10,218,7,11,491,44,3,107202,11069,655,0,0.0,305758208,4112416,82944,0.022080166032537818
656,23,13369344,10,4,13,416,7,11,491,44,3,107202,11069,655,0,0.0,305774592,4112416,82944,0.02168808301212266
657,33,18726912,13,5,13,614,7,11,491,44,3,107202,11069,655,0,0.0,305790976,4112416,82944,0.021220457972958684
658,13,8011776,6,3,10,43,8,11,492,44,3,107858,11069,655,0,0.0,305790976,4112416,82944,0.02197870798408985
659,19,13320192,6,4,13,241,8,11,492,44,3,107858,11069,655,0,0.0,305790976,4112416,82944,0.022019334021024406
660,29,18677760,13,5,13,439,8,11,492,44,3,107858,11069,655,0,0.0,305790976,4112416,82944,0.021252040984109044
661,39,24035328,13,6,13,658,8,11,492,44,3,107858,11069,655,0,0.0,305823744,4112416,82944,0.021221624978352338
662,16,10665984,6,4,10,154,9,11,493,44,3,108539,11069,655,0,0.0,305823744,4112416,82944,0.02142687502782792
663,26,16023552,10,5,13,352,9,11,493,44,3,108539,11069,655,0,0.0,305823744,4112416,82944,0.021111083042342216
664,36,21381120,13,6,13,602,9,11,493,44,3,108539,11069,655,0,0.0,305823744,4112416,82944,0.021221250004600734
665,17,8060928,10,3,10,20,10,11,494,44,3,109077,11069,655,0,0.0,305823744,4112416,82944,0.02103020902723074
666,20,10715136,10,4,10,233,10,11,494,44,3,109077,11069,655,0,0.0,305823744,4112416,82944,0.021716999995987862
667,30,16072704,10,5,13,494,10,11,494,44,3,109077,11069,655,0,0.0,305856512,4112416,82944,0.021260499954223633
668,17,8060928,10,3,10,13,11,11,495,44,3,109649,11069,655,0,0.0,305889280,4112416,82944,0.021550333010964096
669,20,10715136,10,4,10,211,11,11,495,44,3,109649,11069,655,0,0.0,305889280,4112416,82944,0.02151483402121812
670,30,16072704,10,5,13,434,11,11,495,44,3,109649,11069,655,0,0.0,305889280,4112416,82944,0.021538332977797836
671,40,21430272,13,6,13,0,0,12,495,45,3,109649,11666,655,0,0.0,305905664,4112416,82944,0.02132212498690933
672,13,8011776,6,3,10,198,0,12,495,45,3,109649,11666,655,0,0.0,305905664,4112416,82944,0.02165091596543789
673,23,13369344,10,4,13,425,0,12,495,45,3,109649,11666,655,0,0.0,305905664,4112416,82944,0.021305333997588605
674,33,18726912,13,5,13,0,1,12,496,45,3,110173,11666,655,0,0.0,305971200,4112416,82944,0.02163312502671033
675,13,8011776,6,3,10,198,1,12,496,45,3,110173,11666,655,0,0.0,305971200,4112416,82944,0.021841125038918108
676,23,13369344,10,4,13,198,1,12,496,45,3,110173,11666,655,0,0.0,305987584,4112416,82944,0.022320540971122682
677,33,18726912,13,5,13,396,1,12,496,45,3,110173,11666,655,0,0.0,305987584,4112416,82944,0.02159987500635907
678,43,24084480,13,6,13,594,1,12,496,45,3,110173,11666,655,0,0.0,306020352,4112416,82944,0.021853582991752774
679,10,5357568,6,2,10,20,2,12,497,45,3,110961,11666,655,0,0.0,308035584,4112416,82944,0.021838749991729856
680,13,8011776,6,3,10,218,2,12,497,45,3,110961,11666,655,0,0.0,308035584,4112416,82944,0.021815125015564263
681,23,13369344,10,4,13,416,2,12,497,45,3,110961,11666,655,0,0.0,308035584,4112416,82944,0.021675000025425106
682,33,18726912,13,5,13,614,2,12,497,45,3,110961,11666,655,0,0.0,308035584,4112416,82944,0.02136966702528298
683,13,8011776,6,3,10,45,3,12,498,45,3,111617,11666,655,0,0.0,308035584,4112416,82944,0.02211908297613263
684,19,13320192,6,4,13,243,3,12,498,45,3,111617,11666,655,0,0.0,308035584,4112416,82944,0.021842957998160273
685,29,18677760,13,5,13,457,3,12,498,45,3,111617,11666,655,0,0.0,308035584,4112416,82944,0.021322790998965502
686,39,24035328,13,6,13,1,4,12,499,45,3,112245,11666,655,0,0.0,308035584,4112416,82944,0.0215251250192523
687,16,10665984,6,4,10,199,4,12,499,45,3,112245,11666,655,0,0.0,308035584,4112416,82944,0.021315624995622784
688,26,16023552,10,5,13,417,4,12,499,45,3,112245,11666,655,0,0.0,308051968,4112416,82944,0.021330791001673788
689,36,21381120,13,6,13,0,5,12,500,45,3,112768,11666,655,0,0.0,308084736,4112416,82944,0.02129279199289158
690,16,10665984,6,4,10,198,5,12,500,45,3,112768,11666,655,0,0.0,308084736,4112416,82944,0.021530792000703514
691,26,16023552,10,5,13,430,5,12,500,45,3,112768,11666,655,0,0.0,308101120,4112416,82944,0.0213696249993518
692,36,21381120,13,6,13,0,6,12,501,45,3,113293,11666,655,0,0.0,308101120,4112416,82944,0.021600749983917922
693,16,10665984,6,4,10,198,6,12,501,45,3,113293,11666,655,0,0.0,308117504,4112416,82944,0.02199162502074614
694,26,16023552,10,5,13,427,6,12,501,45,3,113293,11666,655,0,0.0,308133888,4112416,82944,0.02209654200123623
695,36,21381120,13,6,13,0,7,12,502,45,3,113818,11666,655,0,0.0,308166656,4112416,82944,0.021420624980237335
696,16,10665984,6,4,10,198,7,12,502,45,3,113818,11666,655,0,0.0,308166656,4112416,82944,0.021457375027239323
697,26,16023552,10,5,13,426,7,12,502,45,3,113818,11666,655,0,0.0,308183040,4112416,82944,0.020911166036967188
698,36,21381120,13,6,13,0,8,12,503,45,3,114343,11666,655,0,0.0,308215808,4112416,82944,0.021123957994859666
699,16,10665984,6,4,10,198,8,12,503,45,3,114343,11666,655,0,0.0,308215808,4112416,82944,0.021788540994748473
700,26,16023552,10,5,13,426,8,12,503,45,3,114343,11666,655,0,0.0,308215808,4112416,82944,0.021534958970732987
701,36,21381120,13,6,13,198,8,12,503,45,3,114343,11666,655,0,0.0,308281344,4112416,82944,0.021734374982770532
702,46,26738688,13,7,13,396,8,12,503,45,3,114343,11666,655,0,0.0,308281344,4112416,82944,0.02131558395922184
703,56,32096256,13,8,13,594,8,12,503,45,3,114343,11666,655,0,0.0,308281344,4112416,82944,0.02136720798444003
704,13,8011776,6,3,10,20,9,12,504,45,3,115316,11666,655,0,0.0,309608448,4112416,82944,0.0211476250551641
705,16,10665984,6,4,10,218,9,12,504,45,3,115316,11666,655,0,0.0,309608448,4112416,82944,0.021940708975307643
706,26,16023552,10,5,13,416,9,12,504,45,3,115316,11666,655,0,0.0,309608448,4112416,82944,0.021429166954476386
707,36,21381120,13,6,13,614,9,12,504,45,3,115316,11666,655,0,0.0,309608448,4112416,82944,0.021586749993730336
708,16,10665984,6,4,10,43,10,12,505,45,3,115972,11666,655,0,0.0,309608448,4112416,82944,0.021946874971035868
709,22,15974400,6,5,13,241,10,12,505,45,3,115972,11666,655,0,0.0,309608448,4112416,82944,0.021400458994321525
710,32,21331968,13,6,13,439,10,12,505,45,3,115972,11666,655,0,0.0,309608448,4112416,82944,0.021637041005305946
711,42,26689536,13,7,13,0,11,12,506,45,3,116602,11666,655,0,0.0,309608448,4112416,82944,0.021081249986309558
712,19,13320192,6,5,10,198,11,12,506,45,3,116602,11666,655,0,0.0,309608448,4112416,82944,0.021275457984302193
713,29,18677760,10,6,13,400,11,12,506,45,3,116602,11666,655,0,0.0,309608448,4112416,82944,0.020842625002842396
714,39,24035328,13,7,13,661,11,12,506,45,3,116602,11666,655,0,0.0,309657600,4112416,82944,0.020951708022039384
715,13,8011776,6,3,10,157,0,13,506,46,3,116602,12293,655,0,0.0,309657600,4112416,82944,0.022129875025711954
716,23,13369344,10,4,13,369,0,13,506,46,3,116602,12293,655,0,0.0,309657600,4112416,82944,0.021493833046406507
717,33,18726912,13,5,13,630,0,13,506,46,3,116602,12293,655,0,0.0,309657600,4112416,82944,0.0214223749935627
718,10,5357568,6,2,10,56,1,13,507,46,3,117141,12293,655,0,0.0,309657600,4112416,82944,0.022163374989759177
719,16,10665984,6,3,13,273,1,13,507,46,3,117141,12293,655,0,0.0,309673984,4112416,82944,0.022187040944118053
720,26,16023552,13,4,13,537,1,13,507,46,3,117141,12293,655,0,0.0,309706752,4112416,82944,0.021363750041928142
721,10,5357568,6,2,10,20,2,13,508,46,3,117708,12293,655,0,0.0,309723136,4112416,82944,0.021142874960787594
722,13,8011776,6,3,10,218,2,13,508,46,3,117708,12293,655,0,0.0,309723136,4112416,82944,0.021439417032524943
723,23,13369344,10,4,13,466,2,13,508,46,3,117708,12293,655,0,0.0,309739520,4112416,82944,0.021694499999284744
724,15,8028160,8,3,10,15,3,13,509,46,3,118208,12293,655,0,0.0,309772288,4112416,82944,0.021440249984152615
725,18,10682368,8,4,10,213,3,13,509,46,3,118208,12293,655,0,0.0,309772288,4112416,82944,0.021989542001392692
726,28,16039936,10,5,13,198,3,13,509,46,3,118208,12293,655,0,0.0,309805056,4112416,82944,0.02206925000064075
727,38,21397504,13,6,13,396,3,13,509,46,3,118208,12293,655,0,0.0,309805056,4112416,82944,0.021449874970130622
728,48,26755072,13,7,13,594,3,13,509,46,3,118208,12293,655,0,0.0,309805056,4112416,82944,0.02109333302360028
729,15,8028160,8,3,10,20,4,13,510,46,3,119006,12293,655,0,0.0,309805056,4112416,82944,0.021311125019565225
730,18,10682368,8,4,10,218,4,13,510,46,3,119006,12293,655,0,0.0,309805056,4112416,82944,0.021489832957740873
731,28,16039936,10,5,13,416,4,13,510,46,3,119006,12293,655,0,0.0,309805056,4112416,82944,0.02176670904736966
732,38,21397504,13,6,13,614,4,13,510,46,3,119006,12293,655,0,0.0,309805056,4112416,82944,0.021523999981582165
733,18,10682368,8,4,10,43,5,13,511,46,3,119664,12293,655,0,0.0,309805056,4112416,82944,0.021638209000229836
734,24,15990784,8,5,13,241,5,13,511,46,3,119664,12293,655,0,0.0,309805056,4112416,82944,0.020994124992284924
735,34,21348352,13,6,13,439,5,13,511,46,3,119664,12293,655,0,0.0,309805056,4112416,82944,0.020831417001318187
736,44,26705920,13,7,13,0,6,13,512,46,3,120299,12293,655,0,0.0,309821440,4112416,82944,0.0207945000147447
737,21,13336576,8,5,10,198,6,13,512,46,3,120299,12293,655,0,0.0,309821440,4112416,82944,0.021323291992302984
738,31,18694144,10,6,13,399,6,13,512,46,3,120299,12293,655,0,0.0,309821440,4112416,82944,0.02122925000730902
739,41,24051712,13,7,13,0,7,13,513,46,3,120824,12293,655,0,0.0,309854208,4112416,82944,0.02111695904750377
740,21,13336576,8,5,10,198,7,13,513,46,3,120824,12293,655,0,0.0,309870592,4112416,82944,0.021826290991157293
741,31,18694144,10,6,13,418,7,13,513,46,3,120824,12293,655,0,0.0,309886976,4112416,82944,0.02169491699896753
742,41,24051712,13,7,13,0,8,13,514,46,3,121349,12293,655,0,0.0,309903360,4112416,82944,0.02138470800127834
743,21,13336576,8,5,10,198,8,13,514,46,3,121349,12293,655,0,0.0,309903360,4112416,82944,0.021374624979216605
744,31,18694144,10,6,13,427,8,13,514,46,3,121349,12293,655,0,0.0,309903360,4112416,82944,0.02108525001676753
745,41,24051712,13,7,13,0,9,13,515,46,3,121873,12293,655,0,0.0,309952512,4112416,82944,0.021343375032301992
746,21,13336576,8,5,10,198,9,13,515,46,3,121873,12293,655,0,0.0,309952512,4112416,82944,0.021349415997974575
747,31,18694144,10,6,13,432,9,13,515,46,3,121873,12293,655,0,0.0,309968896,4112416,82944,0.021494374959729612
748,41,24051712,13,7,13,0,10,13,516,46,3,122396,12293,655,0,0.0,309985280,4112416,82944,0.021272582991514355
749,21,13336576,8,5,10,198,10,13,516,46,3,122396,12293,655,0,0.0,310001664,4112416,82944,0.022385999967809767
750,31,18694144,10,6,13,431,10,13,516,46,3,122396,12293,655,0,0.0,310034432,4112416,82944,0.024417374981567264
751,41,24051712,13,7,13,198,10,13,516,46,3,122396,12293,655,0,0.0,310083584,4112416,82944,0.021989959001075476
752,51,29409280,13,8,13,396,10,13,516,46,3,122396,12293,655,0,0.0,310083584,4112416,82944,0.021305250003933907
753,61,34766848,13,9,13,594,10,13,516,46,3,122396,12293,655,0,0.0,310083584,4112416,82944,0.02123945899074897
754,18,10682368,8,4,10,20,11,13,517,46,3,123368,12293,655,0,0.0,310083584,4112416,82944,0.02137633302481845
755,21,13336576,8,5,10,218,11,13,517,46,3,123368,12293,655,0,0.0,310083584,4112416,82944,0.021608749986626208
756,31,18694144,10,6,13,416,11,13,517,46,3,123368,12293,655,0,0.0,310083584,4112416,82944,0.021434082998894155
757,41,24051712,13,7,13,614,11,13,517,46,3,123368,12293,655,0,0.0,310083584,4112416,82944,0.021497457986697555
758,10,5357568,6,2,10,43,0,14,517,47,3,123368,13044,655,0,0.0,310083584,4112416,82944,0.02232137502869591
759,16,10665984,6,3,13,241,0,14,517,47,3,123368,13044,655,0,0.0,310083584,4112416,82944,0.021566207986325026
760,26,16023552,13,4,13,439,0,14,517,47,3,123368,13044,655,0,0.0,310083584,4112416,82944,0.021438041992951185
761,36,21381120,13,5,13,662,0,14,517,47,3,123368,13044,655,0,0.0,310083584,4112416,82944,0.02088741702027619
762,13,8011776,6,3,10,157,1,14,518,47,3,124036,13044,655,0,0.0,310083584,4112416,82944,0.022247707995120436
763,23,13369344,10,4,13,355,1,14,518,47,3,124036,13044,655,0,0.0,310083584,4112416,82944,0.021794750005938113
764,33,18726912,13,5,13,610,1,14,518,47,3,124036,13044,655,0,0.0,310083584,4112416,82944,0.02182700001867488
765,10,5357568,6,2,10,43,2,14,519,47,3,124575,13044,655,0,0.0,310099968,4112416,82944,0.022318792005535215
766,16,10665984,6,3,13,260,2,14,519,47,3,124575,13044,655,0,0.0,310099968,4112416,82944,0.022019124997314066
767,26,16023552,13,4,13,521,2,14,519,47,3,124575,13044,655,0,0.0,310116352,4112416,82944,0.021821875008754432
768,10,5357568,6,2,10,13,3,14,520,47,3,125168,13044,655,0,0.0,310132736,4112416,82944,0.02184670901624486
769,13,8011776,6,3,10,211,3,14,520,47,3,125168,13044,655,0,0.0,310132736,4112416,82944,0.021868792013265193
770,23,13369344,10,4,13,431,3,14,520,47,3,125168,13044,655,0,0.0,310165504,4112416,82944,0.021399584016762674
771,33,18726912,13,5,13,0,4,14,521,47,3,125704,13044,655,0,0.0,310198272,4112416,82944,0.021376791992224753
772,13,8011776,6,3,10,198,4,14,521,47,3,125704,13044,655,0,0.0,310198272,4112416,82944,0.021636499965097755
773,23,13369344,10,4,13,426,4,14,521,47,3,125704,13044,655,0,0.0,310198272,4112416,82944,0.021511083003133535
774,33,18726912,13,5,13,0,5,14,522,47,3,126227,13044,655,0,0.0,310247424,4112416,82944,0.021256207954138517
775,13,8011776,6,3,10,198,5,14,522,47,3,126227,13044,655,0,0.0,310247424,4112416,82944,0.021855250000953674
776,23,13369344,10,4,13,198,5,14,522,47,3,126227,13044,655,0,0.0,310247424,4112416,82944,0.021945000044070184
777,33,18726912,13,5,13,396,5,14,522,47,3,126227,13044,655,0,0.0,310247424,4112416,82944,0.022745959053281695
778,43,24084480,13,6,13,594,5,14,522,47,3,126227,13044,655,0,0.0,310247424,4112416,82944,0.021531583042815328
779,10,5357568,6,2,10,20,6,14,523,47,3,127016,13044,655,0,0.0,310247424,4112416,82944,0.02209820901043713
780,13,8011776,6,3,10,218,6,14,523,47,3,127016,13044,655,0,0.0,310247424,4112416,82944,0.02188029099488631
781,23,13369344,10,4,13,416,6,14,523,47,3,127016,13044,655,0,0.0,310247424,4112416,82944,0.02119691699044779
782,33,18726912,13,5,13,614,6,14,523,47,3,127016,13044,655,0,0.0,310247424,4112416,82944,0.021583374997135252
783,13,8011776,6,3,10,45,7,14,524,47,3,127673,13044,655,0,0.0,310247424,4112416,82944,0.022113458020612597
784,19,13320192,6,4,13,243,7,14,524,47,3,127673,13044,655,0,0.0,310247424,4112416,82944,0.02146162500139326
785,29,18677760,13,5,13,441,7,14,524,47,3,127673,13044,655,0,0.0,310247424,4112416,82944,0.021101999969687313
786,39,24035328,13,6,13,0,8,14,525,47,3,128312,13044,655,0,0.0,310263808,4112416,82944,0.021037166996393353
787,16,10665984,6,4,10,198,8,14,525,47,3,128312,13044,655,0,0.0,310263808,4112416,82944,0.02149349998217076
788,26,16023552,10,5,13,400,8,14,525,47,3,128312,13044,655,0,0.0,310263808,4112416,82944,0.021084250009153038
789,36,21381120,13,6,13,0,9,14,526,47,3,128837,13044,655,0,0.0,310280192,4112416,82944,0.02142087498214096
790,16,10665984,6,4,10,198,9,14,526,47,3,128837,13044,655,0,0.0,310280192,4112416,82944,0.02168433304177597
791,26,16023552,10,5,13,419,9,14,526,47,3,128837,13044,655,0,0.0,310296576,4112416,82944,0.02150554198306054
792,36,21381120,13,6,13,0,10,14,527,47,3,129360,13044,655,0,0.0,310329344,4112416,82944,0.020941583963576704
793,16,10665984,6,4,10,198,10,14,527,47,3,129360,13044,655,0,0.0,310329344,4112416,82944,0.02166904101613909
794,26,16023552,10,5,13,427,10,14,527,47,3,129360,13044,655,0,0.0,310329344,4112416,82944,0.021616458019707352
795,36,21381120,13,6,13,0,11,14,528,47,3,129884,13044,655,0,0.0,310378496,4112416,82944,0.0212335410178639
796,16,10665984,6,4,10,198,11,14,528,47,3,129884,13044,655,0,0.0,310378496,4112416,82944,0.021407000022009015
797,26,16023552,10,5,13,427,11,14,528,47,3,129884,13044,655,0,0.0,310394880,4112416,82944,0.021719374984968454
798,36,21381120,13,6,13,0,0,15,528,48,3,129884,13612,655,0,0.0,310411264,4112416,82944,0.021450541040394455
799,13,8011776,6,3,10,198,0,15,528,48,3,129884,13612,655,0,0.0,310411264,4112416,82944,0.022244082996621728
800,23,13369344,10,4,13,426,0,15,528,48,3,129884,13612,655,0,0.0,310411264,4112416,82944,0.02170254202792421
801,33,18726912,13,5,13,198,0,15,528,48,3,129884,13612,655,0,0.0,310476800,4112416,82944,0.022353500011377037
802,43,24084480,13,6,13,396,0,15,528,48,3,129884,13612,655,0,0.0,310476800,4112416,82944,0.02207975002238527
803,53,29442048,13,7,13,594,0,15,528,48,3,129884,13612,655,0,0.0,310476800,4112416,82944,0.022280332981608808
804,10,5357568,6,2,10,20,1,15,529,48,3,130859,13612,655,0,0.0,311853056,4112416,82944,0.02223970799241215
805,13,8011776,6,3,10,218,1,15,529,48,3,130859,13612,655,0,0.0,311853056,4112416,82944,0.022700458008330315
806,23,13369344,10,4,13,416,1,15,529,48,3,130859,13612,655,0,0.0,311853056,4112416,82944,0.022414000006392598
807,33,18726912,13,5,13,614,1,15,529,48,3,130859,13612,655,0,0.0,311869440,4112416,82944,0.02234337496338412
808,13,8011776,6,3,10,43,2,15,530,48,3,131515,13612,655,0,0.0,311869440,4112416,82944,0.02259133302140981
809,19,13320192,6,4,13,241,2,15,530,48,3,131515,13612,655,0,0.0,311869440,4112416,82944,0.02260454196948558
810,29,18677760,13,5,13,439,2,15,530,48,3,131515,13612,655,0,0.0,311869440,4112416,82944,0.02239075000397861
811,39,24035328,13,6,13,0,3,15,531,48,3,132149,13612,655,0,0.0,311885824,4112416,82944,0.022570875007659197
812,16,10665984,6,4,10,198,3,15,531,48,3,132149,13612,655,0,0.0,311885824,4112416,82944,0.022845041996333748
813,26,16023552,10,5,13,396,3,15,531,48,3,132149,13612,655,0,0.0,311885824,4112416,82944,0.022040874988306314
814,36,21381120,13,6,13,653,3,15,531,48,3,132149,13612,655,0,0.0,311902208,4112416,82944,0.022293167014140636
815,16,10665984,6,4,10,152,4,15,532,48,3,132720,13612,655,0,0.0,311902208,4112416,82944,0.02213116700295359
816,26,16023552,10,5,13,367,4,15,532,48,3,132720,13612,655,0,0.0,311918592,4112416,82944,0.0221860830206424
817,36,21381120,13,6,13,628,4,15,532,48,3,132720,13612,655,0,0.0,311951360,4112416,82944,0.021780540992040187
818,17,8060928,10,3,10,59,5,15,533,48,3,133252,13612,655,0,0.0,311967744,4112416,82944,0.022566917003132403
819,23,13369344,10,4,13,277,5,15,533,48,3,133252,13612,655,0,0.0,311967744,4112416,82944,0.02226795896422118
820,33,18726912,13,5,13,541,5,15,533,48,3,133252,13612,655,0,0.0,311984128,4112416,82944,0.021591208002064377
821,17,8060928,10,3,10,20,6,15,534,48,3,133804,13612,655,0,0.0,312033280,4112416,82944,0.02175879100104794
822,20,10715136,10,4,10,218,6,15,534,48,3,133804,13612,655,0,0.0,312033280,4112416,82944,0.022322709031868726
823,30,16072704,10,5,13,476,6,15,534,48,3,133804,13612,655,0,0.0,312049664,4112416,82944,0.0214406669838354
824,21,8110080,10,3,10,13,7,15,535,48,3,134337,13612,655,0,0.0,312082432,4112416,82944,0.0213652920210734
825,24,10764288,10,4,10,211,7,15,535,48,3,134337,13612,655,0,0.0,312082432,4112416,82944,0.021868249983526766
826,34,16121856,10,5,13,198,7,15,535,48,3,134337,13612,655,0,0.0,312115200,4112416,82944,0.02157479099696502
827,44,21479424,13,6,13,396,7,15,535,48,3,134337,13612,655,0,0.0,312115200,4112416,82944,0.021213790983892977
828,54,26836992,13,7,13,594,7,15,535,48,3,134337,13612,655,0,0.0,312115200,4112416,82944,0.022150250035338104
829,21,8110080,10,3,10,20,8,15,536,48,3,135140,13612,655,0,0.0,312115200,4112416,82944,0.02172845898894593
830,24,10764288,10,4,10,218,8,15,536,48,3,135140,13612,655,0,0.0,312115200,4112416,82944,0.021779291972052306
831,34,16121856,10,5,13,416,8,15,536,48,3,135140,13612,655,0,0.0,312115200,4112416,82944,0.021852000034414232
832,44,21479424,13,6,13,614,8,15,536,48,3,135140,13612,655,0,0.0,312115200,4112416,82944,0.021171625005081296
833,24,10764288,10,4,10,43,9,15,537,48,3,135798,13612,655,0,0.0,312115200,4112416,82944,0.02164975000778213
834,30,16072704,10,5,13,241,9,15,537,48,3,135798,13612,655,0,0.0,312115200,4112416,82944,0.021345207991544157
835,40,21430272,13,6,13,455,9,15,537,48,3,135798,13612,655,0,0.0,312115200,4112416,82944,0.02108358294935897
836,50,26787840,13,7,13,1,10,15,538,48,3,136423,13612,655,0,0.0,312115200,4112416,82944,0.021353250020183623
837,27,13418496,10,5,10,199,10,15,538,48,3,136423,13612,655,0,0.0,312115200,4112416,82944,0.021605207992251962
838,37,18776064,10,6,13,415,10,15,538,48,3,136423,13612,655,0,0.0,312115200,4112416,82944,0.021395874966401607
839,47,24133632,13,7,13,0,11,15,539,48,3,136955,13612,655,0,0.0,312131584,4112416,82944,0.021376750024501234
840,27,13418496,10,5,10,198,11,15,539,48,3,136955,13612,655,0,0.0,312131584,4112416,82944,0.021366541972383857
841,37,18776064,10,6,13,421,11,15,539,48,3,136955,13612,655,0,0.0,312164352,4112416,82944,0.02156062499852851
842,47,24133632,13,7,13,0,0,16,539,49,3,136955,14239,655,0,0.0,312197120,4112416,82944,0.02138841600390151
843,13,8011776,6,3,10,198,0,16,539,49,3,136955,14239,655,0,0.0,312197120,4112416,82944,0.021866625000257045
844,23,13369344,10,4,13,414,0,16,539,49,3,136955,14239,655,0,0.0,312213504,4112416,82944,0.021769375016447157
845,33,18726912,13,5,13,0,1,16,540,49,3,137480,14239,655,0,0.0,312213504,4112416,82944,0.021625416004098952
846,13,8011776,6,3,10,195,1,16,540,49,3,137480,14239,655,0,0.0,312213504,4112416,82944,0.021986707986798137
847,23,13369344,10,4,13,415,1,16,540,49,3,137480,14239,655,0,0.0,312246272,4112416,82944,0.02187979203881696
848,33,18726912,13,5,13,0,2,16,541,49,3,138003,14239,655,0,0.0,312262656,4112416,82944,0.021626958972774446
849,13,8011776,6,3,10,195,2,16,541,49,3,138003,14239,655,0,0.0,312279040,4112416,82944,0.02207674999954179
850,23,13369344,10,4,13,418,2,16,541,49,3,138003,14239,655,0,0.0,312279040,4112416,82944,0.021687124972231686
851,33,18726912,13,5,13,195,2,16,541,49,3,138003,14239,655,0,0.0,312311808,4112416,82944,0.02223954099463299
852,43,24084480,13,6,13,390,2,16,541,49,3,138003,14239,655,0,0.0,312311808,4112416,82944,0.02169441699516028
853,53,29442048,13,7,13,585,2,16,541,49,3,138003,14239,655,0,0.0,312311808,4112416,82944,0.021693665999919176
854,10,5357568,6,2,10,19,3,16,542,49,3,138985,14239,655,0,0.0,312311808,4112416,82944,0.021721542056184262
855,13,8011776,6,3,10,214,3,16,542,49,3,138985,14239,655,0,0.0,312311808,4112416,82944,0.021840124973095953
856,23,13369344,10,4,13,409,3,16,542,49,3,138985,14239,655,0,0.0,312311808,4112416,82944,0.021600874955765903
857,33,18726912,13,5,13,604,3,16,542,49,3,138985,14239,655,0,0.0,312311808,4112416,82944,0.021133791946340352
858,10,5357568,6,2,10,19,4,16,543,49,3,139647,14239,655,0,0.0,312311808,4112416,82944,0.021085957996547222
859,13,8011776,6,3,10,214,4,16,543,49,3,139647,14239,655,0,0.0,312311808,4112416,82944,0.021714875008910894
860,23,13369344,10,4,13,409,4,16,543,49,3,139647,14239,655,0,0.0,312311808,4112416,82944,0.021695417002774775
861,33,18726912,13,5,13,617,4,16,543,49,3,139647,14239,655,0,0.0,312311808,4112416,82944,0.02155704196775332
862,10,5357568,6,2,10,41,5,16,544,49,3,140320,14239,655,0,0.0,312311808,4112416,82944,0.022234041010960937
863,16,10665984,6,3,13,236,5,16,544,49,3,140320,14239,655,0,0.0,312311808,4112416,82944,0.022395666979718953
864,26,16023552,13,4,13,481,5,16,544,49,3,140320,14239,655,0,0.0,312311808,4112416,82944,0.022055167006328702
865,10,5357568,6,2,10,12,6,16,545,49,3,140916,14239,655,0,0.0,312328192,4112416,82944,0.0222963749547489
866,13,8011776,6,3,10,207,6,16,545,49,3,140916,14239,655,0,0.0,312328192,4112416,82944,0.023382625018712133
867,23,13369344,10,4,13,423,6,16,545,49,3,140916,14239,655,0,0.0,312344576,4112416,82944,0.023853583028540015
868,33,18726912,13,5,13,0,7,16,546,49,3,141455,14239,655,0,0.0,312377344,4112416,82944,0.025689417030662298
869,13,8011776,6,3,10,195,7,16,546,49,3,141455,14239,655,0,0.0,312377344,4112416,82944,0.02647845901083201
870,23,13369344,10,4,13,416,7,16,546,49,3,141455,14239,655,0,0.0,312377344,4112416,82944,0.029428542009554803
871,33,18726912,13,5,13,0,8,16,547,49,3,141973,14239,655,0,0.0,312410112,4112416,82944,0.024251999973785132
872,13,8011776,6,3,10,195,8,16,547,49,3,141973,14239,655,0,0.0,312410112,4112416,82944,0.027054708974901587
873,23,13369344,10,4,13,423,8,16,547,49,3,141973,14239,655,0,0.0,312442880,4112416,82944,0.02766300004441291
874,33,18726912,13,5,13,0,9,16,548,49,3,142498,14239,655,0,0.0,312459264,4112416,82944,0.026212083990685642
875,13,8011776,6,3,10,195,9,16,548,49,3,142498,14239,655,0,0.0,312459264,4112416,82944,0.02545329200802371
876,23,13369344,10,4,13,195,9,16,548,49,3,142498,14239,655,0,0.0,312475648,4112416,82944,0.025940457999240607
877,33,18726912,13,5,13,390,9,16,548,49,3,142498,14239,655,0,0.0,312475648,4112416,82944,0.028910082997754216
878,43,24084480,13,6,13,585,9,16,548,49,3,142498,14239,655,0,0.0,312492032,4112416,82944,0.024319833959452808
879,10,5357568,6,2,10,19,10,16,549,49,3,143289,14239,655,0,0.0,312492032,4112416,82944,0.022439458000008017
880,13,8011776,6,3,10,214,10,16,549,49,3,143289,14239,655,0,0.0,312492032,4112416,82944,0.023565083974972367
881,23,13369344,10,4,13,409,10,16,549,49,3,143289,14239,655,0,0.0,312492032,4112416,82944,0.02242241700878367
882,33,18726912,13,5,13,604,10,16,549,49,3,143289,14239,655,0,0.0,312492032,4112416,82944,0.0228428749833256
883,10,5357568,6,2,10,19,11,16,550,49,3,143947,14239,655,0,0.0,312492032,4112416,82944,0.022594749985728413
884,13,8011776,6,3,10,214,11,16,550,49,3,143947,14239,655,0,0.0,312492032,4112416,82944,0.022172708995640278
885,23,13369344,10,4,13,419,11,16,550,49,3,143947,14239,655,0,0.0,312492032,4112416,82944,0.021797208988573402
886,33,18726912,13,5,13,0,0,17,550,50,3,143947,14872,655,0,0.0,312492032,4112416,82944,0.022009874985087663
887,13,8011776,6,3,10,195,0,17,550,50,3,143947,14872,655,0,0.0,312492032,4112416,82944,0.02255616703769192
888,23,13369344,10,4,13,390,0,17,550,50,3,143947,14872,655,0,0.0,312492032,4112416,82944,0.02263691701227799
889,33,18726912,13,5,13,654,0,17,550,50,3,143947,14872,655,0,0.0,312541184,4112416,82944,0.0223855419899337
890,13,8011776,6,3,10,151,1,17,551,50,3,144518,14872,655,0,0.0,312557568,4112416,82944,0.022827250009868294
891,23,13369344,10,4,13,363,1,17,551,50,3,144518,14872,655,0,0.0,312557568,4112416,82944,0.03074216702952981
892,33,18726912,13,5,13,621,1,17,551,50,3,144518,14872,655,0,0.0,312623104,4112416,82944,0.030398208007682115
893,14,5406720,10,2,10,54,2,17,552,50,3,145049,14872,655,0,0.0,312655872,4112416,82944,0.028161249996628612
894,20,10715136,10,3,13,271,2,17,552,50,3,145049,14872,655,0,0.0,313999360,4112416,82944,0.02847424999345094
895,30,16072704,13,4,13,532,2,17,552,50,3,145049,14872,655,0,0.0,314048512,4112416,82944,0.028723000024911016
896,14,5406720,10,2,10,19,3,17,553,50,3,145616,14872,655,0,0.0,314064896,4112416,82944,0.030884708976373076
897,17,8060928,10,3,10,214,3,17,553,50,3,145616,14872,655,0,0.0,314064896,4112416,82944,0.027764708967879415
898,27,13418496,10,4,13,460,3,17,553,50,3,145616,14872,655,0,0.0,314081280,4112416,82944,0.024857499985955656
899,37,18776064,13,5,13,1,4,17,554,50,3,146146,14872,655,0,0.0,314081280,4112416,82944,0.024000832985620946
900,22,10731520,10,4,10,196,4,17,554,50,3,146146,14872,655,0,0.0,314081280,4112416,82944,0.02477508399169892
901,32,16089088,10,5,13,195,4,17,554,50,3,146146,14872,655,0,0.0,314130432,4112416,82944,0.02494483400369063
902,42,21446656,13,6,13,390,4,17,554,50,3,146146,14872,655,0,0.0,314130432,4112416,82944,0.025476790964603424
903,52,26804224,13,7,13,585,4,17,554,50,3,146146,14872,655,0,0.0,314130432,4112416,82944,0.028230125026311725
904,19,8077312,10,3,10,19,5,17,555,50,3,146947,14872,655,0,0.0,314130432,4112416,82944,0.025236957997549325
905,22,10731520,10,4,10,214,5,17,555,50,3,146947,14872,655,0,0.0,314130432,4112416,82944,0.024033666006289423
906,32,16089088,10,5,13,409,5,17,555,50,3,146947,14872,655,0,0.0,314130432,4112416,82944,0.023845624993555248
907,42,21446656,13,6,13,604,5,17,555,50,3,146947,14872,655,0,0.0,314130432,4112416,82944,0.025114834017585963
908,19,8077312,10,3,10,19,6,17,556,50,3,147608,14872,655,0,0.0,314130432,4112416,82944,0.024172833014745265
909,22,10731520,10,4,10,214,6,17,556,50,3,147608,14872,655,0,0.0,314130432,4112416,82944,0.023521083989180624
910,32,16089088,10,5,13,420,6,17,556,50,3,147608,14872,655,0,0.0,314130432,4112416,82944,0.02499829197768122
911,42,21446656,13,6,13,0,7,17,557,50,3,148220,14872,655,0,0.0,314146816,4112416,82944,0.023525458003859967
912,22,10731520,10,4,10,195,7,17,557,50,3,148220,14872,655,0,0.0,314146816,4112416,82944,0.024616167007479817
913,32,16089088,10,5,13,390,7,17,557,50,3,148220,14872,655,0,0.0,314146816,4112416,82944,0.024172792036551982
914,42,21446656,13,6,13,650,7,17,557,50,3,148220,14872,655,0,0.0,314163200,4112416,82944,0.023924124951008707
915,22,10731520,10,4,10,149,8,17,558,50,3,148792,14872,655,0,0.0,314163200,4112416,82944,0.024413874954916537
916,32,16089088,10,5,13,362,8,17,558,50,3,148792,14872,655,0,0.0,314163200,4112416,82944,0.024114791012834758
917,42,21446656,13,6,13,620,8,17,558,50,3,148792,14872,655,0,0.0,314195968,4112416,82944,0.023987833003047854
918,23,8126464,10,4,10,54,9,17,559,50,3,149320,14872,655,0,0.0,314212352,4112416,82944,0.024009416985791177
919,29,13434880,10,4,13,273,9,17,559,50,3,149320,14872,655,0,0.0,314228736,4112416,82944,0.0237831249833107
920,39,18792448,13,5,13,534,9,17,559,50,3,149320,14872,655,0,0.0,314261504,4112416,82944,0.02420216699829325
921,23,8126464,10,4,10,19,10,17,560,50,3,149886,14872,655,0,0.0,314261504,4112416,82944,0.023526416043750942
922,26,10780672,10,4,10,214,10,17,560,50,3,149886,14872,655,0,0.0,314261504,4112416,82944,0.024377416004426777
923,36,16138240,10,5,13,460,10,17,560,50,3,149886,14872,655,0,0.0,314294272,4112416,82944,0.023314042016863823
924,46,21495808,13,6,13,2,11,17,561,50,3,150417,14872,655,0,0.0,314327040,4112416,82944,0.022373666986823082
925,31,13451264,10,5,10,197,11,17,561,50,3,150417,14872,655,0,0.0,314327040,4112416,82944,0.02271079202182591
926,41,18808832,10,6,13,195,11,17,561,50,3,150417,14872,655,0,0.0,314343424,4112416,82944,0.022477167018223554
927,51,24166400,13,7,13,390,11,17,561,50,3,150417,14872,655,0,0.0,314343424,4112416,82944,0.022201167012099177
928,61,29523968,13,8,13,585,11,17,561,50,3,150417,14872,655,0,0.0,314408960,4112416,82944,0.021796374989207834
929,10,5357568,6,2,10,19,0,18,561,51,3,150417,15804,655,0,0.0,314474496,4112416,82944,0.021647041954565793
930,13,8011776,6,3,10,214,0,18,561,51,3,150417,15804,655,0,0.0,314474496,4112416,82944,0.022234665986616164
931,23,13369344,10,4,13,409,0,18,561,51,3,150417,15804,655,0,0.0,314474496,4112416,82944,0.022309584019239992
932,33,18726912,13,5,13,604,0,18,561,51,3,150417,15804,655,0,0.0,314474496,4112416,82944,0.021652041003108025
933,10,5357568,6,2,10,19,1,18,562,51,3,151077,15804,655,0,0.0,314474496,4112416,82944,0.021394790965132415
934,13,8011776,6,3,10,214,1,18,562,51,3,151077,15804,655,0,0.0,314474496,4112416,82944,0.022481333988253027
935,23,13369344,10,4,13,409,1,18,562,51,3,151077,15804,655,0,0.0,314474496,4112416,82944,0.022410749981645495
936,33,18726912,13,5,13,651,1,18,562,51,3,151077,15804,655,0,0.0,314474496,4112416,82944,0.022308249957859516
937,13,8011776,6,3,10,149,2,18,563,51,3,151728,15804,655,0,0.0,314474496,4112416,82944,0.022731458011548966
938,23,13369344,10,4,13,344,2,18,563,51,3,151728,15804,655,0,0.0,314474496,4112416,82944,0.02796416700584814
939,33,18726912,13,5,13,599,2,18,563,51,3,151728,15804,655,0,0.0,314474496,4112416,82944,0.02542745805112645
940,14,5406720,10,2,10,19,3,18,564,51,3,152266,15804,655,0,0.0,314490880,4112416,82944,0.022505042026750743
941,17,8060928,10,3,10,229,3,18,564,51,3,152266,15804,655,0,0.0,314507264,4112416,82944,0.02231825003400445
942,27,13418496,10,4,13,487,3,18,564,51,3,152266,15804,655,0,0.0,314540032,4112416,82944,0.022329166997224092
943,14,5406720,10,2,10,12,4,18,565,51,3,152839,15804,655,0,0.0,314540032,4112416,82944,0.02213520900113508
944,17,8060928,10,3,10,207,4,18,565,51,3,152839,15804,655,0,0.0,314540032,4112416,82944,0.022609791019931436
945,27,13418496,10,4,13,423,4,18,565,51,3,152839,15804,655,0,0.0,314540032,4112416,82944,0.02211133303353563
946,37,18776064,13,5,13,0,5,18,566,51,3,153378,15804,655,0,0.0,314589184,4112416,82944,0.021899416984524578
947,17,8060928,10,3,10,195,5,18,566,51,3,153378,15804,655,0,0.0,314605568,4112416,82944,0.022017624985892326
948,27,13418496,10,4,13,416,5,18,566,51,3,153378,15804,655,0,0.0,314605568,4112416,82944,0.022003832971677184
949,37,18776064,13,5,13,0,6,18,567,51,3,153901,15804,655,0,0.0,314621952,4112416,82944,0.02152599999681115
950,17,8060928,10,3,10,195,6,18,567,51,3,153901,15804,655,0,0.0,314621952,4112416,82944,0.022401082969736308
951,27,13418496,10,4,13,195,6,18,567,51,3,153901,15804,655,0,0.0,314638336,4112416,82944,0.02648795797722414
952,37,18776064,13,5,13,390,6,18,567,51,3,153901,15804,655,0,0.0,314638336,4112416,82944,0.026201167027466
953,47,24133632,13,6,13,585,6,18,567,51,3,153901,15804,655,0,0.0,314638336,4112416,82944,0.027391707990318537
954,14,5406720,10,2,10,19,7,18,568,51,3,154694,15804,655,0,0.0,314638336,4112416,82944,0.026892916997894645
955,17,8060928,10,3,10,214,7,18,568,51,3,154694,15804,655,0,0.0,314638336,4112416,82944,0.026857667020522058
956,27,13418496,10,4,13,409,7,18,568,51,3,154694,15804,655,0,0.0,314638336,4112416,82944,0.024242207990027964
957,37,18776064,13,5,13,604,7,18,568,51,3,154694,15804,655,0,0.0,314638336,4112416,82944,0.021773666027002037
958,14,5406720,10,2,10,19,8,18,569,51,3,155355,15804,655,0,0.0,314638336,4112416,82944,0.021487624966539443
959,17,8060928,10,3,10,214,8,18,569,51,3,155355,15804,655,0,0.0,314638336,4112416,82944,0.022084083000663668
960,27,13418496,10,4,13,409,8,18,569,51,3,155355,15804,655,0,0.0,314638336,4112416,82944,0.021631790965329856
961,37,18776064,13,5,13,0,9,18,570,51,3,155964,15804,655,0,0.0,314638336,4112416,82944,0.021768084028735757
962,17,8060928,10,3,10,195,9,18,570,51,3,155964,15804,655,0,0.0,314638336,4112416,82944,0.02235454198671505
963,27,13418496,10,4,13,390,9,18,570,51,3,155964,15804,655,0,0.0,314638336,4112416,82944,0.021851541998330504
964,37,18776064,13,5,13,653,9,18,570,51,3,155964,15804,655,0,0.0,314703872,4112416,82944,0.022197665995918214
965,17,8060928,10,3,10,151,10,18,571,51,3,156536,15804,655,0,0.0,314703872,4112416,82944,0.021883999987039715
966,27,13418496,10,4,13,362,10,18,571,51,3,156536,15804,655,0,0.0,314720256,4112416,82944,0.023299291962757707
967,37,18776064,13,5,13,620,10,18,571,51,3,156536,15804,655,0,0.0,314736640,4112416,82944,0.024356291978619993
968,18,5455872,10,3,10,54,11,18,572,51,3,157068,15804,655,0,0.0,314753024,4112416,82944,0.027134917036164552
969,24,10764288,10,3,13,269,11,18,572,51,3,157068,15804,655,0,0.0,314753024,4112416,82944,0.026789291005115956
970,34,16121856,13,4,13,530,11,18,572,51,3,157068,15804,655,0,0.0,314785792,4112416,82944,0.02524275000905618
971,10,5357568,6,2,10,19,0,19,572,52,3,157068,16404,655,0,0.0,314818560,4112416,82944,0.024486042035277933
972,13,8011776,6,3,10,214,0,19,572,52,3,157068,16404,655,0,0.0,314818560,4112416,82944,0.027319165994413197
973,23,13369344,10,4,13,456,0,19,572,52,3,157068,16404,655,0,0.0,314818560,4112416,82944,0.02403299999423325
974,33,18726912,13,5,13,1,1,19,573,52,3,157600,16404,655,0,0.0,314851328,4112416,82944,0.022229291032999754
975,18,10682368,8,4,10,196,1,19,573,52,3,157600,16404,655,0,0.0,314851328,4112416,82944,0.022729374992195517
976,28,16039936,10,5,13,195,1,19,573,52,3,157600,16404,655,0,0.0,314884096,4112416,82944,0.022932125022634864
977,38,21397504,13,6,13,390,1,19,573,52,3,157600,16404,655,0,0.0,314884096,4112416,82944,0.024960957991424948
978,48,26755072,13,7,13,585,1,19,573,52,3,157600,16404,655,0,0.0,314884096,4112416,82944,0.02266416698694229
979,15,8028160,8,3,10,19,2,19,574,52,3,158394,16404,655,0,0.0,314884096,4112416,82944,0.022412000049371272
980,18,10682368,8,4,10,214,2,19,574,52,3,158394,16404,655,0,0.0,314884096,4112416,82944,0.02183770900592208
981,28,16039936,10,5,13,409,2,19,574,52,3,158394,16404,655,0,0.0,314884096,4112416,82944,0.025172416993882507
982,38,21397504,13,6,13,604,2,19,574,52,3,158394,16404,655,0,0.0,314884096,4112416,82944,0.02298987499671057
983,15,8028160,8,3,10,19,3,19,575,52,3,159047,16404,655,0,0.0,314884096,4112416,82944,0.022829833964351565
984,18,10682368,8,4,10,214,3,19,575,52,3,159047,16404,655,0,0.0,314884096,4112416,82944,0.023328249983023852
985,28,16039936,10,5,13,435,3,19,575,52,3,159047,16404,655,0,0.0,314884096,4112416,82944,0.022461457992903888
986,38,21397504,13,6,13,0,4,19,576,52,3,159652,16404,655,0,0.0,314884096,4112416,82944,0.022369374986737967
987,18,10682368,8,4,10,195,4,19,576,52,3,159652,16404,655,0,0.0,314884096,4112416,82944,0.023556832980830222
988,28,16039936,10,5,13,402,4,19,576,52,3,159652,16404,655,0,0.0,314884096,4112416,82944,0.02262541704112664
989,38,21397504,13,6,13,0,5,19,577,52,3,160176,16404,655,0,0.0,314916864,4112416,82944,0.021906749985646456
990,18,10682368,8,4,10,195,5,19,577,52,3,160176,16404,655,0,0.0,314916864,4112416,82944,0.02220587502233684
991,28,16039936,10,5,13,413,5,19,577,52,3,160176,16404,655,0,0.0,314916864,4112416,82944,0.02239879098488018
992,38,21397504,13,6,13,0,6,19,578,52,3,160698,16404,655,0,0.0,314933248,4112416,82944,0.02187749999575317
993,18,10682368,8,4,10,195,6,19,578,52,3,160698,16404,655,0,0.0,314949632,4112416,82944,0.022212957963347435
994,28,16039936,10,5,13,421,6,19,578,52,3,160698,16404,655,0,0.0,314982400,4112416,82944,0.022015207970980555
995,38,21397504,13,6,13,0,7,19,579,52,3,161221,16404,655,0,0.0,314998784,4112416,82944,0.02175825001904741
996,18,10682368,8,4,10,195,7,19,579,52,3,161221,16404,655,0,0.0,314998784,4112416,82944,0.021443374978844076
997,28,16039936,10,5,13,419,7,19,579,52,3,161221,16404,655,0,0.0,314998784,4112416,82944,0.0209441669867374
998,38,21397504,13,6,13,0,8,19,580,52,3,161743,16404,655,0,0.0,315047936,4112416,82944,0.021333625016268343
999,18,10682368,8,4,10,195,8,19,580,52,3,161743,16404,655,0,0.0,315064320,4112416,82944,0.02190770796732977
1000,28,16039936,10,5,13,423,8,19,580,52,3,161743,16404,655,0,0.0,315080704,4112416,82944,0.021584291011095047
1001,38,21397504,13,6,13,195,8,19,580,52,3,161743,16404,655,0,0.0,315113472,4112416,82944,0.02192979195388034
1002,48,26755072,13,7,13,390,8,19,580,52,3,161743,16404,655,0,0.0,315113472,4112416,82944,0.05508975003613159
1003,58,32112640,13,8,13,585,8,19,580,52,3,161743,16404,655,0,0.0,315113472,4112416,82944,0.028354500012937933
1004,15,8028160,8,3,10,19,9,19,581,52,3,162720,16404,655,0,0.0,315129856,4112416,82944,0.023431791982147843
1005,18,10682368,8,4,10,214,9,19,581,52,3,162720,16404,655,0,0.0,315129856,4112416,82944,0.023740957956761122
1006,28,16039936,10,5,13,409,9,19,581,52,3,162720,16404,655,0,0.0,315129856,4112416,82944,0.022838125005364418
1007,38,21397504,13,6,13,604,9,19,581,52,3,162720,16404,655,0,0.0,315129856,4112416,82944,0.022357249981723726
1008,15,8028160,8,3,10,19,10,19,582,52,3,163384,16404,655,0,0.0,315129856,4112416,82944,0.022963874973356724
1009,18,10682368,8,4,10,214,10,19,582,52,3,163384,16404,655,0,0.0,315129856,4112416,82944,0.022539791010785848
1010,28,16039936,10,5,13,409,10,19,582,52,3,163384,16404,655,0,0.0,315129856,4112416,82944,0.022009666019584984
1011,38,21397504,13,6,13,635,10,19,582,52,3,163384,16404,655,0,0.0,315129856,4112416,82944,0.021981083031278104
1012,15,8028160,8,3,10,57,11,19,583,52,3,164056,16404,655,0,0.0,315129856,4112416,82944,0.022108250006567687
1013,21,13336576,8,4,13,252,11,19,583,52,3,164056,16404,655,0,0.0,315129856,4112416,82944,0.021728624997194856
1014,31,18694144,13,5,13,498,11,19,583,52,3,164056,16404,655,0,0.0,315129856,4112416,82944,0.021821375004947186
1015,15,8028160,8,3,10,12,0,20,583,53,3,164056,17015,655,0,0.0,315146240,4112416,82944,0.022038541035726666
1016,18,10682368,8,4,10,207,0,20,583,53,3,164056,17015,655,0,0.0,315162624,4112416,82944,0.022857958974782377
1017,28,16039936,10,5,13,424,0,20,583,53,3,164056,17015,655,0,0.0,315162624,4112416,82944,0.026154583028983325
1018,38,21397504,13,6,13,0,1,20,584,53,3,164593,17015,655,0,0.0,315179008,4112416,82944,0.027590790996327996
1019,18,10682368,8,4,10,195,1,20,584,53,3,164593,17015,655,0,0.0,315179008,4112416,82944,0.02740654197987169
1020,28,16039936,10,5,13,416,1,20,584,53,3,164593,17015,655,0,0.0,315195392,4112416,82944,0.025591708021238446
1021,38,21397504,13,6,13,0,2,20,585,53,3,165118,17015,655,0,0.0,315228160,4112416,82944,0.026190000004135072
1022,18,10682368,8,4,10,195,2,20,585,53,3,165118,17015,655,0,0.0,315244544,4112416,82944,0.02757983299670741
1023,28,16039936,10,5,13,415,2,20,585,53,3,165118,17015,655,0,0.0,315244544,4112416,82944,0.024849082983564585
1024,38,21397504,13,6,13,0,3,20,586,53,3,165643,17015,655,0,0.0,315260928,4112416,82944,0.023382082988973707
1025,18,10682368,8,4,10,195,3,20,586,53,3,165643,17015,655,0,0.0,315260928,4112416,82944,0.02364366705296561
1026,28,16039936,10,5,13,195,3,20,586,53,3,165643,17015,655,0,0.0,316030976,4112416,82944,0.04497020796407014
1027,38,21397504,13,6,13,390,3,20,586,53,3,165643,17015,655,0,0.0,316030976,4112416,82944,0.02251504099695012
1028,48,26755072,13,7,13,585,3,20,586,53,3,165643,17015,655,0,0.0,316030976,4112416,82944,0.021857290994375944
1029,15,8028160,8,3,10,19,4,20,587,53,3,166431,17015,655,0,0.0,316047360,4112416,82944,0.022762916050851345
1030,18,10682368,8,4,10,214,4,20,587,53,3,166431,17015,655,0,0.0,316047360,4112416,82944,0.025224999990314245
1031,28,16039936,10,5,13,409,4,20,587,53,3,166431,17015,655,0,0.0,316047360,4112416,82944,0.021686375024728477
1032,38,21397504,13,6,13,604,4,20,587,53,3,166431,17015,655,0,0.0,316047360,4112416,82944,0.021699415985494852
1033,15,8028160,8,3,10,19,5,20,588,53,3,167091,17015,655,0,0.0,316047360,4112416,82944,0.021516249980777502
1034,18,10682368,8,4,10,214,5,20,588,53,3,167091,17015,655,0,0.0,316047360,4112416,82944,0.022029333980754018
1035,28,16039936,10,5,13,415,5,20,588,53,3,167091,17015,655,0,0.0,316047360,4112416,82944,0.022163458983413875
1036,38,21397504,13,6,13,0,6,20,589,53,3,167699,17015,655,0,0.0,316047360,4112416,82944,0.027916957973502576
1037,18,10682368,8,4,10,195,6,20,589,53,3,167699,17015,655,0,0.0,316047360,4112416,82944,0.02320666698506102
1038,28,16039936,10,5,13,391,6,20,589,53,3,167699,17015,655,0,0.0,316047360,4112416,82944,0.022168583003804088
1039,38,21397504,13,6,13,655,6,20,589,53,3,167699,17015,655,0,0.0,316112896,4112416,82944,0.021168000006582588
1040,18,10682368,8,4,10,154,7,20,590,53,3,168258,17015,655,0,0.0,316112896,4112416,82944,0.02222816599532962
1041,28,16039936,10,5,13,372,7,20,590,53,3,168258,17015,655,0,0.0,316129280,4112416,82944,0.02197095804149285
1042,38,21397504,13,6,13,630,7,20,590,53,3,168258,17015,655,0,0.0,316129280,4112416,82944,0.021562791953328997
1043,15,8028160,8,3,10,57,8,20,591,53,3,168796,17015,655,0,0.0,316129280,4112416,82944,0.022789500013459474
1044,21,13336576,8,4,13,272,8,20,591,53,3,168796,17015,655,0,0.0,316129280,4112416,82944,0.028646874998230487
1045,31,18694144,13,5,13,533,8,20,591,53,3,168796,17015,655,0,0.0,316178432,4112416,82944,0.023299666005186737
1046,15,8028160,8,3,10,19,9,20,592,53,3,169364,17015,655,0,0.0,316194816,4112416,82944,0.02341175003675744
1047,18,10682368,8,4,10,214,9,20,592,53,3,169364,17015,655,0,0.0,316194816,4112416,82944,0.023742749996017665
1048,28,16039936,10,5,13,459,9,20,592,53,3,169364,17015,655,0,0.0,316211200,4112416,82944,0.023210874991491437
1049,38,21397504,13,6,13,2,10,20,593,53,3,169895,17015,655,0,0.0,316227584,4112416,82944,0.022830334026366472
1050,23,13352960,8,5,10,197,10,20,593,53,3,169895,17015,655,0,0.0,316243968,4112416,82944,0.023014375008642673
1051,33,18710528,10,6,13,195,10,20,593,53,3,169895,17015,655,0,0.0,316293120,4112416,82944,0.02253620798001066
1052,43,24068096,13,7,13,390,10,20,593,53,3,169895,17015,655,0,0.0,316293120,4112416,82944,0.021770666993688792
1053,53,29425664,13,8,13,585,10,20,593,53,3,169895,17015,655,0,0.0,316293120,4112416,82944,0.022183625027537346
1054,20,10698752,8,4,10,19,11,20,594,53,3,170696,17015,655,0,0.0,316309504,4112416,82944,0.02187966596102342
1055,23,13352960,8,5,10,214,11,20,594,53,3,170696,17015,655,0,0.0,316309504,4112416,82944,0.0223280829959549
1056,33,18710528,10,6,13,409,11,20,594,53,3,170696,17015,655,0,0.0,316309504,4112416,82944,0.021892041026148945
1057,43,24068096,13,7,13,604,11,20,594,53,3,170696,17015,655,0,0.0,316309504,4112416,82944,0.022009959036950022
1058,15,8028160,8,3,10,19,0,21,594,54,3,170696,17734,655,0,0.0,316309504,4112416,82944,0.021725458034779876
1059,18,10682368,8,4,10,214,0,21,594,54,3,170696,17734,655,0,0.0,316309504,4112416,82944,0.021973416965920478
1060,28,16039936,10,5,13,409,0,21,594,54,3,170696,17734,655,0,0.0,316309504,4112416,82944,0.021796624991111457
1061,38,21397504,13,6,13,652,0,21,594,54,3,170696,17734,655,0,0.0,316309504,4112416,82944,0.02184670901624486
1062,18,10682368,8,4,10,149,1,21,595,54,3,171354,17734,655,0,0.0,316309504,4112416,82944,0.021869792020879686
1063,28,16039936,10,5,13,344,1,21,595,54,3,171354,17734,655,0,0.0,316309504,4112416,82944,0.022455957951024175
1064,38,21397504,13,6,13,595,1,21,595,54,3,171354,17734,655,0,0.0,316325888,4112416,82944,0.02202845801366493
1065,19,8077312,10,3,10,19,2,21,596,54,3,171899,17734,655,0,0.0,316325888,4112416,82944,0.022064374992623925
1066,22,10731520,10,4,10,231,2,21,596,54,3,171899,17734,655,0,0.0,316325888,4112416,82944,0.022139209031593055
1067,32,16089088,10,5,13,489,2,21,596,54,3,171899,17734,655,0,0.0,316358656,4112416,82944,0.02283379196887836
1068,22,10731520,10,4,10,12,3,21,597,54,3,172453,17734,655,0,0.0,316391424,4112416,82944,0.02446916699409485
1069,25,13385728,10,5,10,207,3,21,597,54,3,172453,17734,655,0,0.0,316391424,4112416,82944,0.022839625016786158
1070,35,18743296,10,6,13,429,3,21,597,54,3,172453,17734,655,0,0.0,316391424,4112416,82944,0.022392042039427906
1071,45,24100864,13,7,13,0,4,21,598,54,3,172992,17734,655,0,0.0,316424192,4112416,82944,0.021356792014557868
1072,25,13385728,10,5,10,195,4,21,598,54,3,172992,17734,655,0,0.0,316424192,4112416,82944,0.021592792007140815
1073,35,18743296,10,6,13,418,4,21,598,54,3,172992,17734,655,0,0.0,316440576,4112416,82944,0.027824874967336655
1074,45,24100864,13,7,13,0,5,21,599,54,3,173516,17734,655,0,0.0,316473344,4112416,82944,0.025847791985142976
1075,25,13385728,10,5,10,195,5,21,599,54,3,173516,17734,655,0,0.0,316473344,4112416,82944,0.02279991703107953
1076,35,18743296,10,6,13,195,5,21,599,54,3,173516,17734,655,0,0.0,316506112,4112416,82944,0.022577458003070205
1077,45,24100864,13,7,13,390,5,21,599,54,3,173516,17734,655,0,0.0,316506112,4112416,82944,0.021692375012207776
1078,55,29458432,13,8,13,585,5,21,599,54,3,173516,17734,655,0,0.0,316506112,4112416,82944,0.021561625006143004
1079,22,10731520,10,4,10,19,6,21,600,54,3,174311,17734,655,0,0.0,316506112,4112416,82944,0.02141783299157396
1080,25,13385728,10,5,10,214,6,21,600,54,3,174311,17734,655,0,0.0,316506112,4112416,82944,0.023146749997977167
1081,35,18743296,10,6,13,409,6,21,600,54,3,174311,17734,655,0,0.0,316506112,4112416,82944,0.021605667017865926
1082,45,24100864,13,7,13,604,6,21,600,54,3,174311,17734,655,0,0.0,316506112,4112416,82944,0.021414457994978875
1083,22,10731520,10,4,10,19,7,21,601,54,3,174973,17734,655,0,0.0,316506112,4112416,82944,0.02183608297491446
1084,25,13385728,10,5,10,214,7,21,601,54,3,174973,17734,655,0,0.0,316506112,4112416,82944,0.02205791702726856
1085,35,18743296,10,6,13,413,7,21,601,54,3,174973,17734,655,0,0.0,316506112,4112416,82944,0.024554250005166978
1086,45,24100864,13,7,13,0,8,21,602,54,3,175582,17734,655,0,0.0,316506112,4112416,82944,0.02715645800344646
1087,25,13385728,10,5,10,195,8,21,602,54,3,175582,17734,655,0,0.0,316506112,4112416,82944,0.03098495799349621
1088,35,18743296,10,6,13,390,8,21,602,54,3,175582,17734,655,0,0.0,316506112,4112416,82944,0.0259415420005098
1089,45,24100864,13,7,13,648,8,21,602,54,3,175582,17734,655,0,0.0,316538880,4112416,82944,0.023282291018404067
1090,25,13385728,10,5,10,149,9,21,603,54,3,176154,17734,655,0,0.0,316555264,4112416,82944,0.023423209029715508
1091,35,18743296,10,6,13,360,9,21,603,54,3,176154,17734,655,0,0.0,316555264,4112416,82944,0.026196707971394062
1092,45,24100864,13,7,13,618,9,21,603,54,3,176154,17734,655,0,0.0,316571648,4112416,82944,0.0226239999756217
1093,26,10780672,10,4,10,53,10,21,604,54,3,176686,17734,655,0,0.0,316571648,4112416,82944,0.02200749999610707
1094,32,16089088,10,5,13,268,10,21,604,54,3,176686,17734,655,0,0.0,316571648,4112416,82944,0.021800583985168487
1095,42,21446656,13,6,13,529,10,21,604,54,3,176686,17734,655,0,0.0,316588032,4112416,82944,0.021396249998360872
1096,26,10780672,10,4,10,19,11,21,605,54,3,177251,17734,655,0,0.0,316637184,4112416,82944,0.021834792045410722
1097,29,13434880,10,5,10,214,11,21,605,54,3,177251,17734,655,0,0.0,316637184,4112416,82944,0.022885207959916443
1098,39,18792448,10,6,13,460,11,21,605,54,3,177251,17734,655,0,0.0,316669952,4112416,82944,0.0232322919764556
1099,49,24150016,13,7,13,0,0,22,605,55,3,177251,18370,655,0,0.0,316702720,4112416,82944,0.022656124958302826
1100,18,10682368,8,4,10,195,0,22,605,55,3,177251,18370,655,0,0.0,316702720,4112416,82944,0.023025834001600742
1101,28,16039936,10,5,13,195,0,22,605,55,3,177251,18370,655,0,0.0,316719104,4112416,82944,0.02553250000346452
1102,38,21397504,13,6,13,390,0,22,605,55,3,177251,18370,655,0,0.0,316719104,4112416,82944,0.033978458028286695
1103,48,26755072,13,7,13,585,0,22,605,55,3,177251,18370,655,0,0.0,316719104,4112416,82944,0.027624041948001832
1104,15,8028160,8,3,10,19,1,22,606,55,3,178049,18370,655,0,0.0,316719104,4112416,82944,0.02228287496836856
1105,18,10682368,8,4,10,214,1,22,606,55,3,178049,18370,655,0,0.0,316719104,4112416,82944,0.022839583980385214
1106,28,16039936,10,5,13,409,1,22,606,55,3,178049,18370,655,0,0.0,316719104,4112416,82944,0.02274233294883743
1107,38,21397504,13,6,13,604,1,22,606,55,3,178049,18370,655,0,0.0,316719104,4112416,82944,0.02263504103757441
1108,15,8028160,8,3,10,19,2,22,607,55,3,178706,18370,655,0,0.0,316719104,4112416,82944,0.02223445801064372
1109,18,10682368,8,4,10,214,2,22,607,55,3,178706,18370,655,0,0.0,316719104,4112416,82944,0.022685834032017738
1110,28,16039936,10,5,13,409,2,22,607,55,3,178706,18370,655,0,0.0,316719104,4112416,82944,0.022292917012237012
1111,38,21397504,13,6,13,0,3,22,608,55,3,179317,18370,655,0,0.0,316719104,4112416,82944,0.022098457964602858
1112,18,10682368,8,4,10,195,3,22,608,55,3,179317,18370,655,0,0.0,316719104,4112416,82944,0.022970082995016128
1113,28,16039936,10,5,13,390,3,22,608,55,3,179317,18370,655,0,0.0,316735488,4112416,82944,0.022648791957180947
1114,38,21397504,13,6,13,653,3,22,608,55,3,179317,18370,655,0,0.0,316768256,4112416,82944,0.022276459028944373
1115,18,10682368,8,4,10,151,4,22,609,55,3,179888,18370,655,0,0.0,316768256,4112416,82944,0.02254624996567145
1116,28,16039936,10,5,13,363,4,22,609,55,3,179888,18370,655,0,0.0,316768256,4112416,82944,0.022133209044113755
1117,38,21397504,13,6,13,621,4,22,609,55,3,179888,18370,655,0,0.0,316784640,4112416,82944,0.022721709043253213
1118,19,8077312,10,3,10,54,5,22,610,55,3,180420,18370,655,0,0.0,316784640,4112416,82944,0.022889250016305596
1119,25,13385728,10,4,13,269,5,22,610,55,3,180420,18370,655,0,0.0,316817408,4112416,82944,0.022769332979805768
1120,35,18743296,13,5,13,530,5,22,610,55,3,180420,18370,655,0,0.0,316866560,4112416,82944,0.02196124999318272
1121,19,8077312,10,3,10,19,6,22,611,55,3,180987,18370,655,0,0.0,316866560,4112416,82944,0.022204708016943187
1122,22,10731520,10,4,10,214,6,22,611,55,3,180987,18370,655,0,0.0,316866560,4112416,82944,0.06812212499789894
1123,32,16089088,10,5,13,458,6,22,611,55,3,180987,18370,655,0,0.0,316882944,4112416,82944,0.026551124989055097
1124,42,21446656,13,6,13,1,7,22,612,55,3,181518,18370,655,0,0.0,316915712,4112416,82944,0.022793666983488947
1125,27,13402112,10,5,10,196,7,22,612,55,3,181518,18370,655,0,0.0,316915712,4112416,82944,0.023127624997869134
1126,37,18759680,10,6,13,195,7,22,612,55,3,181518,18370,655,0,0.0,316964864,4112416,82944,0.02283450000686571
1127,47,24117248,13,7,13,390,7,22,612,55,3,181518,18370,655,0,0.0,316964864,4112416,82944,0.022194791003130376
1128,57,29474816,13,8,13,585,7,22,612,55,3,181518,18370,655,0,0.0,316964864,4112416,82944,0.0220037919934839
1129,24,10747904,10,4,10,19,8,22,613,55,3,182318,18370,655,0,0.0,316964864,4112416,82944,0.022147667012177408
1130,27,13402112,10,5,10,214,8,22,613,55,3,182318,18370,655,0,0.0,316964864,4112416,82944,0.022284833015874028
1131,37,18759680,10,6,13,409,8,22,613,55,3,182318,18370,655,0,0.0,316964864,4112416,82944,0.02251824998529628
1132,47,24117248,13,7,13,604,8,22,613,55,3,182318,18370,655,0,0.0,316964864,4112416,82944,0.022590290987864137
1133,24,10747904,10,4,10,19,9,22,614,55,3,182981,18370,655,0,0.0,316964864,4112416,82944,0.02553329197689891
1134,27,13402112,10,5,10,214,9,22,614,55,3,182981,18370,655,0,0.0,316964864,4112416,82944,0.028810791962314397
1135,37,18759680,10,6,13,409,9,22,614,55,3,182981,18370,655,0,0.0,316964864,4112416,82944,0.024630416999571025
1136,47,24117248,13,7,13,661,9,22,614,55,3,182981,18370,655,0,0.0,316981248,4112416,82944,0.024836916010826826
1137,27,13402112,10,5,10,154,10,22,615,55,3,183629,18370,655,0,0.0,316981248,4112416,82944,0.024674792017322034
1138,37,18759680,10,6,13,349,10,22,615,55,3,183629,18370,655,0,0.0,316981248,4112416,82944,0.022973583021666855
1139,47,24117248,13,7,13,601,10,22,615,55,3,183629,18370,655,0,0.0,317014016,4112416,82944,0.022365332988556474
1140,24,10747904,10,4,10,19,11,22,616,55,3,184174,18370,655,0,0.0,317030400,4112416,82944,0.02218337496742606
1141,27,13402112,10,5,10,227,11,22,616,55,3,184174,18370,655,0,0.0,317030400,4112416,82944,0.02137199998833239
1142,37,18759680,10,6,13,485,11,22,616,55,3,184174,18370,655,0,0.0,317063168,4112416,82944,0.021774708991870284
1143,15,8028160,8,3,10,12,0,23,616,56,3,184174,19019,655,0,0.0,317063168,4112416,82944,0.021977707976475358
1144,18,10682368,8,4,10,207,0,23,616,56,3,184174,19019,655,0,0.0,317063168,4112416,82944,0.023402166028972715
1145,28,16039936,10,5,13,407,0,23,616,56,3,184174,19019,655,0,0.0,317063168,4112416,82944,0.022633249987848103
1146,38,21397504,13,6,13,0,1,23,617,56,3,184713,19019,655,0,0.0,317095936,4112416,82944,0.02504575002240017
1147,18,10682368,8,4,10,195,1,23,617,56,3,184713,19019,655,0,0.0,317095936,4112416,82944,0.024260165984742343
1148,28,16039936,10,5,13,411,1,23,617,56,3,184713,19019,655,0,0.0,317112320,4112416,82944,0.023068792012054473
1149,38,21397504,13,6,13,0,2,23,618,56,3,185236,19019,655,0,0.0,317145088,4112416,82944,0.023010625038295984
1150,18,10682368,8,4,10,195,2,23,618,56,3,185236,19019,655,0,0.0,317145088,4112416,82944,0.023004749964457005
1151,28,16039936,10,5,13,195,2,23,618,56,3,185236,19019,655,0,0.0,317177856,4112416,82944,0.02346308302367106
1152,38,21397504,13,6,13,390,2,23,618,56,3,185236,19019,655,0,0.0,317177856,4112416,82944,0.023700332967564464
1153,48,26755072,13,7,13,585,2,23,618,56,3,185236,19019,655,0,0.0,317177856,4112416,82944,0.022305749997030944
1154,15,8028160,8,3,10,19,3,23,619,56,3,186029,19019,655,0,0.0,317177856,4112416,82944,0.022128041018731892
1155,18,10682368,8,4,10,214,3,23,619,56,3,186029,19019,655,0,0.0,317177856,4112416,82944,0.022758624982088804
1156,28,16039936,10,5,13,409,3,23,619,56,3,186029,19019,655,0,0.0,317177856,4112416,82944,0.022324457997456193
1157,38,21397504,13,6,13,604,3,23,619,56,3,186029,19019,655,0,0.0,317177856,4112416,82944,0.022539749974384904
1158,15,8028160,8,3,10,19,4,23,620,56,3,186692,19019,655,0,0.0,317177856,4112416,82944,0.022262750018853694
1159,18,10682368,8,4,10,214,4,23,620,56,3,186692,19019,655,0,0.0,317177856,4112416,82944,0.023343583045061678
1160,28,16039936,10,5,13,409,4,23,620,56,3,186692,19019,655,0,0.0,317177856,4112416,82944,0.022659791982732713
1161,38,21397504,13,6,13,660,4,23,620,56,3,186692,19019,655,0,0.0,317177856,4112416,82944,0.02311524999095127
1162,18,10682368,8,4,10,154,5,23,621,56,3,187340,19019,655,0,0.0,317177856,4112416,82944,0.023149084008764476
1163,28,16039936,10,5,13,349,5,23,621,56,3,187340,19019,655,0,0.0,317177856,4112416,82944,0.02318000001832843
1164,38,21397504,13,6,13,598,5,23,621,56,3,187340,19019,655,0,0.0,317177856,4112416,82944,0.02259754203259945
1165,15,8028160,8,3,10,19,6,23,622,56,3,187884,19019,655,0,0.0,317194240,4112416,82944,0.02219612500630319
1166,18,10682368,8,4,10,228,6,23,622,56,3,187884,19019,655,0,0.0,317194240,4112416,82944,0.025260291004087776
1167,28,16039936,10,5,13,486,6,23,622,56,3,187884,19019,655,0,0.0,317243392,4112416,82944,0.02400933299213648
1168,15,8028160,8,3,10,12,7,23,623,56,3,188456,19019,655,0,0.0,317259776,4112416,82944,0.026040583034045994
1169,18,10682368,8,4,10,207,7,23,623,56,3,188456,19019,655,0,0.0,317259776,4112416,82944,0.025308166979812086
1170,28,16039936,10,5,13,424,7,23,623,56,3,188456,19019,655,0,0.0,318586880,4112416,82944,0.02316662500379607
1171,38,21397504,13,6,13,0,8,23,624,56,3,188995,19019,655,0,0.0,318619648,4112416,82944,0.02353491703979671
1172,18,10682368,8,4,10,195,8,23,624,56,3,188995,19019,655,0,0.0,318619648,4112416,82944,0.02440412499709055
1173,28,16039936,10,5,13,417,8,23,624,56,3,188995,19019,655,0,0.0,318652416,4112416,82944,0.023683374980464578
1174,38,21397504,13,6,13,0,9,23,625,56,3,189520,19019,655,0,0.0,318652416,4112416,82944,0.024326334008947015
1175,18,10682368,8,4,10,195,9,23,625,56,3,189520,19019,655,0,0.0,318652416,4112416,82944,0.024375916982535273
1176,28,16039936,10,5,13,195,9,23,625,56,3,189520,19019,655,0,0.0,318685184,4112416,82944,0.025527415971737355
1177,38,21397504,13,6,13,390,9,23,625,56,3,189520,19019,655,0,0.0,318685184,4112416,82944,0.022721500019542873
1178,48,26755072,13,7,13,585,9,23,625,56,3,189520,19019,655,0,0.0,318685184,4112416,82944,0.021960375015623868
1179,15,8028160,8,3,10,19,10,23,626,56,3,190315,19019,655,0,0.0,318685184,4112416,82944,0.023807582969311625
1180,18,10682368,8,4,10,214,10,23,626,56,3,190315,19019,655,0,0.0,318685184,4112416,82944,0.02398420899407938
1181,28,16039936,10,5,13,409,10,23,626,56,3,190315,19019,655,0,0.0,318685184,4112416,82944,0.024740207998547703
1182,38,21397504,13,6,13,604,10,23,626,56,3,190315,19019,655,0,0.0,318685184,4112416,82944,0.02423608402023092
1183,15,8028160,8,3,10,19,11,23,627,56,3,190978,19019,655,0,0.0,318685184,4112416,82944,0.024330624961294234
1184,18,10682368,8,4,10,214,11,23,627,56,3,190978,19019,655,0,0.0,318701568,4112416,82944,0.0244155420223251
1185,28,16039936,10,5,13,409,11,23,627,56,3,190978,19019,655,0,0.0,318701568,4112416,82944,0.024255959026049823
1186,38,21397504,13,6,13,651,11,23,627,56,3,190978,19019,655,0,0.0,318717952,4112416,82944,0.023277957981918007
1187,18,10682368,8,4,10,149,0,24,627,57,3,190978,19699,655,0,0.0,318717952,4112416,82944,0.024447917006909847
1188,28,16039936,10,5,13,344,0,24,627,57,3,190978,19699,655,0,0.0,318734336,4112416,82944,0.025552583043463528
1189,38,21397504,13,6,13,593,0,24,627,57,3,190978,19699,655,0,0.0,318734336,4112416,82944,0.02441270899726078
1190,19,8077312,10,3,10,19,1,24,628,57,3,191525,19699,655,0,0.0,318750720,4112416,82944,0.025163041020277888
1191,22,10731520,10,4,10,228,1,24,628,57,3,191525,19699,655,0,0.0,318750720,4112416,82944,0.02610162500059232
1192,32,16089088,10,5,13,486,1,24,628,57,3,191525,19699,655,0,0.0,318767104,4112416,82944,0.023701915983110666
1193,22,10731520,10,4,10,12,2,24,629,57,3,192083,19699,655,0,0.0,318799872,4112416,82944,0.02300795802148059
1194,25,13385728,10,5,10,207,2,24,629,57,3,192083,19699,655,0,0.0,318816256,4112416,82944,0.02657966600963846
1195,35,18743296,10,6,13,427,2,24,629,57,3,192083,19699,655,0,0.0,318816256,4112416,82944,0.02228229201864451
1196,45,24100864,13,7,13,0,3,24,630,57,3,192622,19699,655,0,0.0,318849024,4112416,82944,0.026993000006768852
1197,25,13385728,10,5,10,195,3,24,630,57,3,192622,19699,655,0,0.0,318849024,4112416,82944,0.02369349997024983
1198,35,18743296,10,6,13,418,3,24,630,57,3,192622,19699,655,0,0.0,318849024,4112416,82944,0.02294987498316914
1199,45,24100864,13,7,13,0,4,24,631,57,3,193147,19699,655,0,0.0,318881792,4112416,82944,0.02278308302629739
1200,25,13385728,10,5,10,195,4,24,631,57,3,193147,19699,655,0,0.0,318898176,4112416,82944,0.02276983397314325
1201,35,18743296,10,6,13,195,4,24,631,57,3,193147,19699,655,0,0.0,318930944,4112416,82944,0.023191167041659355
1202,45,24100864,13,7,13,390,4,24,631,57,3,193147,19699,655,0,0.0,318930944,4112416,82944,0.024264833016786724
1203,55,29458432,13,8,13,585,4,24,631,57,3,193147,19699,655,0,0.0,318930944,4112416,82944,0.022585540951695293
1204,22,10731520,10,4,10,19,5,24,632,57,3,193941,19699,655,0,0.0,318930944,4112416,82944,0.022408374992664903
1205,25,13385728,10,5,10,214,5,24,632,57,3,193941,19699,655,0,0.0,318930944,4112416,82944,0.022360208036843687
1206,35,18743296,10,6,13,409,5,24,632,57,3,193941,19699,655,0,0.0,318930944,4112416,82944,0.021651791990734637
1207,45,24100864,13,7,13,604,5,24,632,57,3,193941,19699,655,0,0.0,318930944,4112416,82944,0.02227762498660013
1208,22,10731520,10,4,10,19,6,24,633,57,3,194599,19699,655,0,0.0,318930944,4112416,82944,0.022035500034689903
1209,25,13385728,10,5,10,214,6,24,633,57,3,194599,19699,655,0,0.0,318930944,4112416,82944,0.02362174994777888
1210,35,18743296,10,6,13,417,6,24,633,57,3,194599,19699,655,0,0.0,318930944,4112416,82944,0.023269457975402474
1211,45,24100864,13,7,13,0,7,24,634,57,3,195208,19699,655,0,0.0,318947328,4112416,82944,0.02311974996700883
1212,25,13385728,10,5,10,195,7,24,634,57,3,195208,19699,655,0,0.0,318947328,4112416,82944,0.022507667017634958
1213,35,18743296,10,6,13,390,7,24,634,57,3,195208,19699,655,0,0.0,318947328,4112416,82944,0.022025750018656254
1214,45,24100864,13,7,13,649,7,24,634,57,3,195208,19699,655,0,0.0,318947328,4112416,82944,0.021825333999004215
1215,25,13385728,10,5,10,149,8,24,635,57,3,195779,19699,655,0,0.0,318947328,4112416,82944,0.022617709008045495
1216,35,18743296,10,6,13,361,8,24,635,57,3,195779,19699,655,0,0.0,318963712,4112416,82944,0.022066332981921732
1217,45,24100864,13,7,13,619,8,24,635,57,3,195779,19699,655,0,0.0,318980096,4112416,82944,0.0215642909752205
1218,26,10780672,10,4,10,53,9,24,636,57,3,196307,19699,655,0,0.0,318996480,4112416,82944,0.022828625049442053
1219,32,16089088,10,5,13,272,9,24,636,57,3,196307,19699,655,0,0.0,318996480,4112416,82944,0.022750083007849753
1220,42,21446656,13,6,13,533,9,24,636,57,3,196307,19699,655,0,0.0,319029248,4112416,82944,0.023607750015798956
1221,26,10780672,10,4,10,19,10,24,637,57,3,196870,19699,655,0,0.0,319029248,4112416,82944,0.022947542020119727
1222,29,13434880,10,5,10,214,10,24,637,57,3,196870,19699,655,0,0.0,319045632,4112416,82944,0.022437833016738296
1223,39,18792448,10,6,13,462,10,24,637,57,3,196870,19699,655,0,0.0,319062016,4112416,82944,0.022728915966581553
1224,49,24150016,13,7,13,14,11,24,638,57,3,197394,19699,655,0,0.0,319111168,4112416,82944,0.023103415966033936
1225,34,16105472,10,6,10,209,11,24,638,57,3,197394,19699,655,0,0.0,319111168,4112416,82944,0.023530167003627867
1226,44,21463040,10,7,13,195,11,24,638,57,3,197394,19699,655,0,0.0,319160320,4112416,82944,0.023578874999657273
1227,54,26820608,13,8,13,390,11,24,638,57,3,197394,19699,655,0,0.0,319160320,4112416,82944,0.022677917033433914
1228,64,32178176,13,9,13,585,11,24,638,57,3,197394,19699,655,0,0.0,319160320,4112416,82944,0.022664125019218773
1229,19,8077312,10,3,10,19,0,25,638,58,3,197394,20605,655,0,0.0,320503808,4112416,82944,0.022390165948309004
1230,22,10731520,10,4,10,214,0,25,638,58,3,197394,20605,655,0,0.0,320503808,4112416,82944,0.02298345899907872
1231,32,16089088,10,5,13,409,0,25,638,58,3,197394,20605,655,0,0.0,320503808,4112416,82944,0.02229945798171684
1232,42,21446656,13,6,13,604,0,25,638,58,3,197394,20605,655,0,0.0,320503808,4112416,82944,0.02196887496393174
1233,19,8077312,10,3,10,19,1,25,639,58,3,198055,20605,655,0,0.0,320503808,4112416,82944,0.022425125003792346
1234,22,10731520,10,4,10,214,1,25,639,58,3,198055,20605,655,0,0.0,320503808,4112416,82944,0.022814208001364022
1235,32,16089088,10,5,13,409,1,25,639,58,3,198055,20605,655,0,0.0,320503808,4112416,82944,0.02266195899574086
1236,42,21446656,13,6,13,626,1,25,639,58,3,198055,20605,655,0,0.0,320503808,4112416,82944,0.022454916965216398
1237,19,8077312,10,3,10,54,2,25,640,58,3,198725,20605,655,0,0.0,320503808,4112416,82944,0.022686249983962625
1238,25,13385728,10,4,13,249,2,25,640,58,3,198725,20605,655,0,0.0,320503808,4112416,82944,0.02289483300410211
1239,35,18743296,13,5,13,498,2,25,640,58,3,198725,20605,655,0,0.0,320536576,4112416,82944,0.022335499990731478
1240,19,8077312,10,3,10,12,3,25,641,58,3,199334,20605,655,0,0.0,320536576,4112416,82944,0.02285337500507012
1241,22,10731520,10,4,10,207,3,25,641,58,3,199334,20605,655,0,0.0,320536576,4112416,82944,0.023267125012353063
1242,32,16089088,10,5,13,424,3,25,641,58,3,199334,20605,655,0,0.0,320536576,4112416,82944,0.022636207984760404
1243,42,21446656,13,6,13,0,4,25,642,58,3,199870,20605,655,0,0.0,320569344,4112416,82944,0.021925250010099262
1244,22,10731520,10,4,10,195,4,25,642,58,3,199870,20605,655,0,0.0,320569344,4112416,82944,0.022997334017418325
1245,32,16089088,10,5,13,418,4,25,642,58,3,199870,20605,655,0,0.0,320602112,4112416,82944,0.02296904200920835
1246,42,21446656,13,6,13,0,5,25,643,58,3,200391,20605,655,0,0.0,320618496,4112416,82944,0.02361712499987334
1247,22,10731520,10,4,10,195,5,25,643,58,3,200391,20605,655,0,0.0,320618496,4112416,82944,0.02296437497716397
1248,32,16089088,10,5,13,420,5,25,643,58,3,200391,20605,655,0,0.0,320618496,4112416,82944,0.023150665976572782
1249,42,21446656,13,6,13,0,6,25,644,58,3,200916,20605,655,0,0.0,320651264,4112416,82944,0.023209125036373734
1250,22,10731520,10,4,10,195,6,25,644,58,3,200916,20605,655,0,0.0,320651264,4112416,82944,0.02312874997733161
1251,32,16089088,10,5,13,195,6,25,644,58,3,200916,20605,655,0,0.0,320667648,4112416,82944,0.022923082986380905
1252,42,21446656,13,6,13,390,6,25,644,58,3,200916,20605,655,0,0.0,320667648,4112416,82944,0.022784542001318187
1253,52,26804224,13,7,13,585,6,25,644,58,3,200916,20605,655,0,0.0,320667648,4112416,82944,0.02235679200384766
1254,19,8077312,10,3,10,19,7,25,645,58,3,201708,20605,655,0,0.0,320667648,4112416,82944,0.02252137497998774
1255,22,10731520,10,4,10,214,7,25,645,58,3,201708,20605,655,0,0.0,320667648,4112416,82944,0.02326541702495888
1256,32,16089088,10,5,13,409,7,25,645,58,3,201708,20605,655,0,0.0,320667648,4112416,82944,0.022553082962986082
1257,42,21446656,13,6,13,604,7,25,645,58,3,201708,20605,655,0,0.0,320684032,4112416,82944,0.022882791003212333
1258,19,8077312,10,3,10,19,8,25,646,58,3,202370,20605,655,0,0.0,320684032,4112416,82944,0.022434166981838644
1259,22,10731520,10,4,10,214,8,25,646,58,3,202370,20605,655,0,0.0,320684032,4112416,82944,0.022598000010475516
1260,32,16089088,10,5,13,409,8,25,646,58,3,202370,20605,655,0,0.0,320684032,4112416,82944,0.022323167009744793
1261,42,21446656,13,6,13,0,9,25,647,58,3,202980,20605,655,0,0.0,320684032,4112416,82944,0.0226664170040749
1262,22,10731520,10,4,10,195,9,25,647,58,3,202980,20605,655,0,0.0,320684032,4112416,82944,0.022715291008353233
1263,32,16089088,10,5,13,390,9,25,647,58,3,202980,20605,655,0,0.0,320684032,4112416,82944,0.02225637499941513
1264,42,21446656,13,6,13,648,9,25,647,58,3,202980,20605,655,0,0.0,320716800,4112416,82944,0.022604458034038544
1265,22,10731520,10,4,10,149,10,25,648,58,3,203548,20605,655,0,0.0,320716800,4112416,82944,0.022974624997004867
1266,32,16089088,10,5,13,367,10,25,648,58,3,203548,20605,655,0,0.0,320733184,4112416,82944,0.023079166014213115
1267,42,21446656,13,6,13,625,10,25,648,58,3,203548,20605,655,0,0.0,320765952,4112416,82944,0.0225967500009574
1268,23,8126464,10,4,10,54,11,25,649,58,3,204080,20605,655,0,0.0,320798720,4112416,82944,0.022567457985132933
1269,29,13434880,10,4,13,269,11,25,649,58,3,204080,20605,655,0,0.0,320798720,4112416,82944,0.02270470798248425
1270,39,18792448,13,5,13,530,11,25,649,58,3,204080,20605,655,0,0.0,320798720,4112416,82944,0.022258666984271258
1271,19,8077312,10,3,10,19,0,26,649,59,3,204080,21189,655,0,0.0,320831488,4112416,82944,0.022816166980192065
1272,22,10731520,10,4,10,214,0,26,649,59,3,204080,21189,655,0,0.0,320831488,4112416,82944,0.02285033295629546
1273,32,16089088,10,5,13,462,0,26,649,59,3,204080,21189,655,0,0.0,320847872,4112416,82944,0.022671999991871417
1274,42,21446656,13,6,13,14,1,26,650,59,3,204605,21189,655,0,0.0,320897024,4112416,82944,0.02261879196157679
1275,27,13402112,10,5,10,209,1,26,650,59,3,204605,21189,655,0,0.0,320897024,4112416,82944,0.022742625034879893
1276,37,18759680,10,6,13,195,1,26,650,59,3,204605,21189,655,0,0.0,320929792,4112416,82944,0.023031207965686917
1277,47,24117248,13,7,13,390,1,26,650,59,3,204605,21189,655,0,0.0,320929792,4112416,82944,0.02226641704328358
1278,57,29474816,13,8,13,585,1,26,650,59,3,204605,21189,655,0,0.0,320929792,4112416,82944,0.0227341249701567
1279,24,10747904,10,4,10,19,2,26,651,59,3,205414,21189,655,0,0.0,320929792,4112416,82944,0.022014625021256506
1280,27,13402112,10,5,10,214,2,26,651,59,3,205414,21189,655,0,0.0,320929792,4112416,82944,0.022849374974612147
1281,37,18759680,10,6,13,409,2,26,651,59,3,205414,21189,655,0,0.0,320929792,4112416,82944,0.022108625038526952
1282,47,24117248,13,7,13,604,2,26,651,59,3,205414,21189,655,0,0.0,320929792,4112416,82944,0.021607458009384573
1283,24,10747904,10,4,10,19,3,26,652,59,3,206078,21189,655,0,0.0,320929792,4112416,82944,0.022968208009842783
1284,27,13402112,10,5,10,214,3,26,652,59,3,206078,21189,655,0,0.0,320929792,4112416,82944,0.023038582992739975
1285,37,18759680,10,6,13,409,3,26,652,59,3,206078,21189,655,0,0.0,320929792,4112416,82944,0.022650500002782792
1286,47,24117248,13,7,13,651,3,26,652,59,3,206078,21189,655,0,0.0,320929792,4112416,82944,0.02223695901921019
1287,27,13402112,10,5,10,149,4,26,653,59,3,206734,21189,655,0,0.0,320929792,4112416,82944,0.022277125041000545
1288,37,18759680,10,6,13,344,4,26,653,59,3,206734,21189,655,0,0.0,320929792,4112416,82944,0.02260662498883903
1289,47,24117248,13,7,13,594,4,26,653,59,3,206734,21189,655,0,0.0,320946176,4112416,82944,0.022403000039048493
1290,28,10797056,10,5,10,19,5,26,654,59,3,207280,21189,655,0,0.0,320946176,4112416,82944,0.022274875023867935
1291,31,13451264,10,5,10,230,5,26,654,59,3,207280,21189,655,0,0.0,320962560,4112416,82944,0.02233108301879838
1292,41,18808832,10,6,13,488,5,26,654,59,3,207280,21189,655,0,0.0,320978944,4112416,82944,0.022277040989138186
1293,31,13451264,10,5,10,12,6,26,655,59,3,207835,21189,655,0,0.0,320995328,4112416,82944,0.02267162495991215
1294,34,16105472,10,6,10,207,6,26,655,59,3,207835,21189,655,0,0.0,320995328,4112416,82944,0.023143834026996046
1295,44,21463040,10,7,13,427,6,26,655,59,3,207835,21189,655,0,0.0,321011712,4112416,82944,0.02207858394831419
1296,54,26820608,13,8,13,0,7,26,656,59,3,208374,21189,655,0,0.0,321044480,4112416,82944,0.022202415973879397
1297,34,16105472,10,6,10,195,7,26,656,59,3,208374,21189,655,0,0.0,321044480,4112416,82944,0.022571499983314425
1298,44,21463040,10,7,13,417,7,26,656,59,3,208374,21189,655,0,0.0,321060864,4112416,82944,0.022237291967030615
1299,54,26820608,13,8,13,0,8,26,657,59,3,208899,21189,655,0,0.0,321093632,4112416,82944,0.022668666031677276
1300,34,16105472,10,6,10,195,8,26,657,59,3,208899,21189,655,0,0.0,321093632,4112416,82944,0.022266666986979544
1301,44,21463040,10,7,13,195,8,26,657,59,3,208899,21189,655,0,0.0,321142784,4112416,82944,0.023140000004786998
1302,54,26820608,13,8,13,390,8,26,657,59,3,208899,21189,655,0,0.0,321142784,4112416,82944,0.02312195801641792
1303,64,32178176,13,9,13,585,8,26,657,59,3,208899,21189,655,0,0.0,321142784,4112416,82944,0.021859208995010704
1304,31,13451264,10,5,10,19,9,26,658,59,3,209694,21189,655,0,0.0,323158016,4112416,82944,0.025522165989968926
1305,34,16105472,10,6,10,214,9,26,658,59,3,209694,21189,655,0,0.0,323174400,4112416,82944,0.023795874963980168
1306,44,21463040,10,7,13,409,9,26,658,59,3,209694,21189,655,0,0.0,323174400,4112416,82944,0.022215957986190915
1307,54,26820608,13,8,13,604,9,26,658,59,3,209694,21189,655,0,0.0,323174400,4112416,82944,0.021703541046008468
1308,31,13451264,10,5,10,19,10,26,659,59,3,210356,21189,655,0,0.0,323174400,4112416,82944,0.02152362500783056
1309,34,16105472,10,6,10,214,10,26,659,59,3,210356,21189,655,0,0.0,323174400,4112416,82944,0.02224283298710361
1310,44,21463040,10,7,13,409,10,26,659,59,3,210356,21189,655,0,0.0,323174400,4112416,82944,0.022320166986901313
1311,54,26820608,13,8,13,0,11,26,660,59,3,210967,21189,655,0,0.0,323174400,4112416,82944,0.022553207993041724
1312,34,16105472,10,6,10,195,11,26,660,59,3,210967,21189,655,0,0.0,323174400,4112416,82944,0.02266987500479445
1313,44,21463040,10,7,13,390,11,26,660,59,3,210967,21189,655,0,0.0,323174400,4112416,82944,0.022148957999888808
1314,54,26820608,13,8,13,644,11,26,660,59,3,210967,21189,655,0,0.0,323207168,4112416,82944,0.02221033303067088
1315,27,13402112,10,5,10,130,0,27,660,60,3,210967,21822,655,0,0.0,323207168,4112416,82944,0.022386415977962315
1316,35,18726912,10,6,13,342,0,27,660,60,3,210967,21822,655,0,0.0,323207168,4112416,82944,0.02271829202072695
1317,45,24084480,13,7,13,600,0,27,660,60,3,210967,21822,655,0,0.0,323223552,4112416,82944,0.022043749981094152
1318,29,13418496,10,5,10,19,1,27,661,60,3,211494,21822,655,0,0.0,323239936,4112416,82944,0.02230474998941645
1319,32,16072704,10,6,10,233,1,27,661,60,3,211494,21822,655,0,0.0,323256320,4112416,82944,0.0223430409678258
1320,42,21430272,10,7,13,491,1,27,661,60,3,211494,21822,655,0,0.0,323289088,4112416,82944,0.022373708023224026
1321,29,13418496,10,5,10,12,2,27,662,60,3,212066,21822,655,0,0.0,323289088,4112416,82944,0.022215999953914434
1322,32,16072704,10,6,10,207,2,27,662,60,3,212066,21822,655,0,0.0,323289088,4112416,82944,0.022260166006162763
1323,42,21430272,10,7,13,424,2,27,662,60,3,212066,21822,655,0,0.0,323321856,4112416,82944,0.022390833008103073
1324,52,26787840,13,8,13,0,3,27,663,60,3,212603,21822,655,0,0.0,323354624,4112416,82944,0.021904332970734686
1325,32,16072704,10,6,10,195,3,27,663,60,3,212603,21822,655,0,0.0,323354624,4112416,82944,0.022406250005587935
1326,42,21430272,10,7,13,195,3,27,663,60,3,212603,21822,655,0,0.0,323403776,4112416,82944,0.02241266699275002
1327,52,26787840,13,8,13,390,3,27,663,60,3,212603,21822,655,0,0.0,323403776,4112416,82944,0.022182125016115606
1328,62,32145408,13,9,13,585,3,27,663,60,3,212603,21822,655,0,0.0,323403776,4112416,82944,0.02223845897242427
1329,29,13418496,10,5,10,19,4,27,664,60,3,213398,21822,655,0,0.0,323420160,4112416,82944,0.022345792036503553
1330,32,16072704,10,6,10,214,4,27,664,60,3,213398,21822,655,0,0.0,323420160,4112416,82944,0.02370233298279345
1331,42,21430272,10,7,13,409,4,27,664,60,3,213398,21822,655,0,0.0,323420160,4112416,82944,0.02199537499109283
1332,52,26787840,13,8,13,604,4,27,664,60,3,213398,21822,655,0,0.0,323420160,4112416,82944,0.021613583026919514
1333,29,13418496,10,5,10,19,5,27,665,60,3,214060,21822,655,0,0.0,323420160,4112416,82944,0.021927624999079853
1334,32,16072704,10,6,10,214,5,27,665,60,3,214060,21822,655,0,0.0,323420160,4112416,82944,0.02230791701003909
1335,42,21430272,10,7,13,409,5,27,665,60,3,214060,21822,655,0,0.0,323420160,4112416,82944,0.022771709016524255
1336,52,26787840,13,8,13,643,5,27,665,60,3,214060,21822,655,0,0.0,323420160,4112416,82944,0.021561292000114918
1337,29,13418496,10,5,10,61,6,27,666,60,3,214733,21822,655,0,0.0,323420160,4112416,82944,0.022258957964368165
1338,35,18726912,10,6,13,256,6,27,666,60,3,214733,21822,655,0,0.0,323420160,4112416,82944,0.021912333962973207
1339,45,24084480,13,7,13,501,6,27,666,60,3,214733,21822,655,0,0.0,323420160,4112416,82944,0.022039917006623
1340,29,13418496,10,5,10,12,7,27,667,60,3,215346,21822,655,0,0.0,323436544,4112416,82944,0.021834249957464635
1341,32,16072704,10,6,10,207,7,27,667,60,3,215346,21822,655,0,0.0,323436544,4112416,82944,0.02223541698185727
1342,42,21430272,10,7,13,425,7,27,667,60,3,215346,21822,655,0,0.0,323436544,4112416,82944,0.022068208025302738
1343,52,26787840,13,8,13,0,8,27,668,60,3,215884,21822,655,0,0.0,323485696,4112416,82944,0.022154625039547682
1344,32,16072704,10,6,10,195,8,27,668,60,3,215884,21822,655,0,0.0,323485696,4112416,82944,0.022830082976724952
1345,42,21430272,10,7,13,415,8,27,668,60,3,215884,21822,655,0,0.0,323485696,4112416,82944,0.02206145803211257
1346,52,26787840,13,8,13,0,9,27,669,60,3,216409,21822,655,0,0.0,323518464,4112416,82944,0.02211108402116224
1347,32,16072704,10,6,10,195,9,27,669,60,3,216409,21822,655,0,0.0,323518464,4112416,82944,0.02206462499452755
1348,42,21430272,10,7,13,416,9,27,669,60,3,216409,21822,655,0,0.0,323534848,4112416,82944,0.021957541001029313
1349,52,26787840,13,8,13,0,10,27,670,60,3,216934,21822,655,0,0.0,323567616,4112416,82944,0.021481666015461087
1350,32,16072704,10,6,10,195,10,27,670,60,3,216934,21822,655,0,0.0,323567616,4112416,82944,0.021838959015440196
1351,42,21430272,10,7,13,195,10,27,670,60,3,216934,21822,655,0,0.0,323633152,4112416,82944,0.02240424999035895
1352,52,26787840,13,8,13,390,10,27,670,60,3,216934,21822,655,0,0.0,323633152,4112416,82944,0.021906291018240154
1353,62,32145408,13,9,13,585,10,27,670,60,3,216934,21822,655,0,0.0,323633152,4112416,82944,0.023976791999302804
1354,29,13418496,10,5,10,19,11,27,671,60,3,217729,21822,655,0,0.0,323633152,4112416,82944,0.024409458972513676
1355,32,16072704,10,6,10,214,11,27,671,60,3,217729,21822,655,0,0.0,323633152,4112416,82944,0.022160166990943253
1356,42,21430272,10,7,13,409,11,27,671,60,3,217729,21822,655,0,0.0,323633152,4112416,82944,0.022531291004270315
1357,52,26787840,13,8,13,604,11,27,671,60,3,217729,21822,655,0,0.0,323633152,4112416,82944,0.02217991603538394
1358,29,13418496,10,5,10,19,0,28,671,61,3,217729,22507,655,0,0.0,323633152,4112416,82944,0.02377154096029699
1359,32,16072704,10,6,10,214,0,28,671,61,3,217729,22507,655,0,0.0,323633152,4112416,82944,0.02234416699502617
1360,42,21430272,10,7,13,409,0,28,671,61,3,217729,22507,655,0,0.0,323633152,4112416,82944,0.02169191703433171
1361,52,26787840,13,8,13,638,0,28,671,61,3,217729,22507,655,0,0.0,323633152,4112416,82944,0.02209937496809289
1362,0,0,0,0,0,201,0,0,671,61,4,217729,22507,1533,0,0.0,323633152,4112416,82944,0.04981329198926687
1363,6,5308416,0,1,6,546,0,0,671,61,4,217729,22507,1533,0,0.0,323633152,4112416,82944,0.023354207980446517
1364,0,0,0,0,0,37,1,0,672,61,4,218081,22507,1533,0,0.0,323633152,4112416,82944,0.02272137504769489
1365,3,2654208,0,1,3,300,1,0,672,61,4,218081,22507,1533,0,0.0,323633152,4112416,82944,0.023359249986242503
1366,13,8011776,3,2,13,608,1,0,672,61,4,218081,22507,1533,0,0.0,323633152,4112416,82944,0.023914750025141984
1367,3,2654208,0,1,6,76,2,0,673,61,4,218549,22507,1533,0,0.0,323633152,4112416,82944,0.02281079103704542
1368,9,7962624,3,2,9,323,2,0,673,61,4,218549,22507,1533,0,0.0,323633152,4112416,82944,0.022665458964183927
1369,19,13320192,9,3,13,613,2,0,673,61,4,218549,22507,1533,0,0.0,323633152,4112416,82944,0.023039499996230006
1370,3,2654208,0,1,6,76,3,0,674,61,4,219070,22507,1533,0,0.0,323633152,4112416,82944,0.022881499957293272
1371,9,7962624,3,2,9,323,3,0,674,61,4,219070,22507,1533,0,0.0,323633152,4112416,82944,0.022416041989345104
1372,19,13320192,9,3,13,611,3,0,674,61,4,219070,22507,1533,0,0.0,323633152,4112416,82944,0.023707541986368597
1373,3,2654208,0,1,6,66,4,0,675,61,4,219591,22507,1533,0,0.0,323633152,4112416,82944,0.02271733299130574
1374,9,7962624,3,2,9,310,4,0,675,61,4,219591,22507,1533,0,0.0,323633152,4112416,82944,0.024192709010094404
1375,19,13320192,9,3,13,597,4,0,675,61,4,219591,22507,1533,0,0.0,323633152,4112416,82944,0.023096249962691218
1376,29,18677760,13,4,13,271,4,0,675,61,4,219591,22507,1533,0,0.0,323633152,4112416,82944,0.023436082992702723
1377,39,24035328,13,5,13,551,4,0,675,61,4,219591,22507,1533,0,0.0,323633152,4112416,82944,0.022790541988797486
1378,3,2654208,0,1,6,37,5,0,676,61,4,220505,22507,1533,0,0.0,323633152,4112416,82944,0.02302929200232029
1379,6,5308416,3,2,6,259,5,0,676,61,4,220505,22507,1533,0,0.0,323633152,4112416,82944,0.022575500013772398
1380,16,10665984,6,3,13,481,5,0,676,61,4,220505,22507,1533,0,0.0,323633152,4112416,82944,0.02268495800672099
1381,26,16023552,13,4,13,6,6,0,677,61,4,221075,22507,1533,0,0.0,323633152,4112416,82944,0.02234495896846056
1382,10,5357568,3,2,10,228,6,0,677,61,4,221075,22507,1533,0,0.0,323633152,4112416,82944,0.022934417007490993
1383,20,10715136,10,3,13,450,6,0,677,61,4,221075,22507,1533,0,0.0,323633152,4112416,82944,0.02285937499254942
1384,30,16072704,13,4,13,672,6,0,677,61,4,221075,22507,1533,0,0.0,323633152,4112416,82944,0.02272079198155552
1385,10,5357568,3,2,10,194,7,0,678,61,4,221626,22507,1533,0,0.0,323633152,4112416,82944,0.022589874977711588
1386,20,10715136,10,3,13,416,7,0,678,61,4,221626,22507,1533,0,0.0,323633152,4112416,82944,0.02304733300115913
1387,30,16072704,13,4,13,638,7,0,678,61,4,221626,22507,1533,0,0.0,323633152,4112416,82944,0.022971084050368518
1388,7,2703360,0,1,10,84,8,0,679,61,4,222179,22507,1533,0,0.0,323633152,4112416,82944,0.02324595901882276
1389,13,8011776,3,2,13,312,8,0,679,61,4,222179,22507,1533,0,0.0,323633152,4112416,82944,0.022180666972417384
1390,23,13369344,13,3,13,597,8,0,679,61,4,222179,22507,1533,0,0.0,323633152,4112416,82944,0.022865458973683417
1391,7,2703360,0,1,10,41,9,0,680,61,4,222705,22507,1533,0,0.0,323633152,4112416,82944,0.022598500014282763
1392,10,5357568,3,2,10,283,9,0,680,61,4,222705,22507,1533,0,0.0,323633152,4112416,82944,0.023346791975200176
1393,20,10715136,10,3,13,568,9,0,680,61,4,222705,22507,1533,0,0.0,323633152,4112416,82944,0.023825500044040382
1394,7,2703360,0,1,10,37,10,0,681,61,4,223198,22507,1533,0,0.0,323633152,4112416,82944,0.023026542039588094
1395,10,5357568,3,2,10,273,10,0,681,61,4,223198,22507,1533,0,0.0,323633152,4112416,82944,0.02377562498440966
1396,20,10715136,10,3,13,559,10,0,681,61,4,223198,22507,1533,0,0.0,323633152,4112416,82944,0.023449166037607938
1397,10,5357568,6,2,10,37,11,0,682,61,4,223688,22507,1533,0,0.0,323633152,4112416,82944,0.02260516700334847
1398,13,8011776,6,3,10,268,11,0,682,61,4,223688,22507,1533,0,0.0,323633152,4112416,82944,0.02323450002586469
1399,23,13369344,10,4,13,554,11,0,682,61,4,223688,22507,1533,0,0.0,323633152,4112416,82944,0.022459832951426506
1400,0,0,0,0,0,37,0,1,682,62,4,223688,23094,1533,0,0.0,323633152,4112416,82944,0.02260137494886294
1401,3,2654208,0,1,3,222,0,1,682,62,4,223688,23094,1533,0,0.0,323633152,4112416,82944,0.024138040957041085
1402,13,8011776,3,2,13,444,0,1,682,62,4,223688,23094,1533,0,0.0,323633152,4112416,82944,0.023503332980908453
1403,23,13369344,13,3,13,0,1,1,683,62,4,224251,23094,1533,0,0.0,323633152,4112416,82944,0.02256650000344962
1404,7,2703360,0,1,7,222,1,1,683,62,4,224251,23094,1533,0,0.0,323633152,4112416,82944,0.02297858300153166
1405,17,8060928,7,2,13,444,1,1,683,62,4,224251,23094,1533,0,0.0,323633152,4112416,82944,0.022716500039678067
1406,27,13418496,13,3,13,0,2,1,684,62,4,224771,23094,1533,0,0.0,323633152,4112416,82944,0.022478291008155793
1407,7,2703360,0,1,7,222,2,1,684,62,4,224771,23094,1533,0,0.0,323633152,4112416,82944,0.02343358303187415
1408,17,8060928,7,2,13,444,2,1,684,62,4,224771,23094,1533,0,0.0,323633152,4112416,82944,0.022680874972138554
1409,27,13418496,13,3,13,0,3,1,685,62,4,225292,23094,1533,0,0.0,323633152,4112416,82944,0.022884000034537166
1410,7,2703360,0,1,7,222,3,1,685,62,4,225292,23094,1533,0,0.0,323633152,4112416,82944,0.023492833017371595
1411,17,8060928,7,2,13,450,3,1,685,62,4,225292,23094,1533,0,0.0,323633152,4112416,82944,0.023305834038183093
1412,27,13418496,13,3,13,22,4,1,686,62,4,225807,23094,1533,0,0.0,323633152,4112416,82944,0.023419415985699743
1413,7,2703360,0,1,7,244,4,1,686,62,4,225807,23094,1533,0,0.0,323633152,4112416,82944,0.024694291001651436
1414,17,8060928,7,2,13,516,4,1,686,62,4,225807,23094,1533,0,0.0,323633152,4112416,82944,0.024835499993059784
1415,4,49152,0,1,4,37,5,1,687,62,4,226257,23094,1533,0,0.0,323633152,4112416,82944,0.023266915988642722
1416,7,2703360,0,1,7,267,5,1,687,62,4,226257,23094,1533,0,0.0,323633152,4112416,82944,0.02344354201341048
1417,17,8060928,7,2,13,552,5,1,687,62,4,226257,23094,1533,0,0.0,323633152,4112416,82944,0.023382749990560114
1418,9,2719744,2,2,10,37,6,1,688,62,4,226697,23094,1533,0,0.0,323633152,4112416,82944,0.022324167017359287
1419,12,5373952,5,2,10,292,6,1,688,62,4,226697,23094,1533,0,0.0,323633152,4112416,82944,0.02249170799041167
1420,22,10731520,10,3,13,579,6,1,688,62,4,226697,23094,1533,0,0.0,323633152,4112416,82944,0.022330457984935492
1421,13,2768896,4,3,10,37,7,1,689,62,4,227159,23094,1533,0,0.0,323665920,4112416,82944,0.022545292042195797
1422,16,5423104,7,3,10,284,7,1,689,62,4,227159,23094,1533,0,0.0,323665920,4112416,82944,0.022504292021039873
1423,26,10780672,10,4,13,572,7,1,689,62,4,227159,23094,1533,0,0.0,323682304,4112416,82944,0.02262162498664111
1424,16,5423104,10,3,10,37,8,1,690,62,4,227642,23094,1533,0,0.0,323682304,4112416,82944,0.02272587502375245
1425,19,8077312,10,3,10,278,8,1,690,62,4,227642,23094,1533,0,0.0,323682304,4112416,82944,0.022891415981575847
1426,29,13434880,10,4,13,222,8,1,690,62,4,227642,23094,1533,0,0.0,323715072,4112416,82944,0.02345329202944413
1427,39,18792448,13,5,13,444,8,1,690,62,4,227642,23094,1533,0,0.0,323715072,4112416,82944,0.0229560419684276
1428,49,24150016,13,6,13,666,8,1,690,62,4,227642,23094,1533,0,0.0,323731456,4112416,82944,0.023178666015155613
1429,22,10731520,10,4,10,188,9,1,691,62,4,228454,23094,1533,0,0.0,323731456,4112416,82944,0.02251145802438259
1430,32,16089088,10,5,13,410,9,1,691,62,4,228454,23094,1533,0,0.0,323731456,4112416,82944,0.022938916983548552
1431,42,21446656,13,6,13,632,9,1,691,62,4,228454,23094,1533,0,0.0,323731456,4112416,82944,0.023407666012644768
1432,22,10731520,10,4,10,80,10,1,692,62,4,228990,23094,1533,0,0.0,323731456,4112416,82944,0.0222238750429824
1433,28,16039936,10,5,13,302,10,1,692,62,4,228990,23094,1533,0,0.0,323731456,4112416,82944,0.022181708016432822
1434,38,21397504,13,6,13,524,10,1,692,62,4,228990,23094,1533,0,0.0,323731456,4112416,82944,0.021887834009248763
1435,22,10731520,10,4,10,37,11,1,693,62,4,229599,23094,1533,0,0.0,323747840,4112416,82944,0.02225412498228252
1436,25,13385728,10,5,10,259,11,1,693,62,4,229599,23094,1533,0,0.0,323747840,4112416,82944,0.022204749984666705
1437,35,18743296,10,6,13,507,11,1,693,62,4,229599,23094,1533,0,0.0,323747840,4112416,82944,0.02223212504759431
1438,4,49152,0,1,4,37,0,2,693,63,4,229599,23734,1533,0,0.0,323764224,4112416,82944,0.0230753340292722
1439,7,2703360,0,1,7,259,0,2,693,63,4,229599,23734,1533,0,0.0,323764224,4112416,82944,0.02353250002488494
1440,17,8060928,7,2,13,510,0,2,693,63,4,229599,23734,1533,0,0.0,323764224,4112416,82944,0.023056833946611732
1441,4,49152,0,1,4,37,1,2,694,63,4,230098,23734,1533,0,0.0,323780608,4112416,82944,0.023454333015251905
1442,7,2703360,0,1,7,259,1,2,694,63,4,230098,23734,1533,0,0.0,323780608,4112416,82944,0.02299058303469792
1443,17,8060928,7,2,13,528,1,2,694,63,4,230098,23734,1533,0,0.0,323796992,4112416,82944,0.023107290966436267
1444,4,49152,0,1,4,37,2,2,695,63,4,230554,23734,1533,0,0.0,323813376,4112416,82944,0.0235025419970043
1445,7,2703360,0,1,7,273,2,2,695,63,4,230554,23734,1533,0,0.0,323813376,4112416,82944,0.0227191669982858
1446,17,8060928,7,2,13,558,2,2,695,63,4,230554,23734,1533,0,0.0,323829760,4112416,82944,0.02273470797808841
1447,9,2719744,2,2,10,37,3,2,696,63,4,230983,23734,1533,0,0.0,323846144,4112416,82944,0.022516999975778162
1448,12,5373952,5,2,10,297,3,2,696,63,4,230983,23734,1533,0,0.0,323862528,4112416,82944,0.02273433399386704
1449,22,10731520,10,3,13,585,3,2,696,63,4,230983,23734,1533,0,0.0,323878912,4112416,82944,0.023117167002055794
1450,9,2719744,2,2,10,37,4,2,697,63,4,231464,23734,1533,0,0.0,323878912,4112416,82944,0.02242695802124217
1451,12,5373952,5,2,10,222,4,2,697,63,4,231464,23734,1533,0,0.0,323928064,4112416,82944,0.022920374991372228
1452,22,10731520,10,3,13,444,4,2,697,63,4,231464,23734,1533,0,0.0,323928064,4112416,82944,0.022158167033921927
1453,32,16089088,13,4,13,670,4,2,697,63,4,231464,23734,1533,0,0.0,323928064,4112416,82944,0.022257042001001537
1454,15,8028160,8,3,10,194,5,2,698,63,4,232085,23734,1533,0,0.0,323928064,4112416,82944,0.022628874983638525
1455,25,13385728,10,4,13,416,5,2,698,63,4,232085,23734,1533,0,0.0,323928064,4112416,82944,0.02251166698988527
1456,35,18743296,13,5,13,639,5,2,698,63,4,232085,23734,1533,0,0.0,323928064,4112416,82944,0.022112332982942462
1457,15,8028160,8,3,10,153,6,2,699,63,4,232631,23734,1533,0,0.0,323928064,4112416,82944,0.022720000008121133
1458,23,13352960,8,4,13,375,6,2,699,63,4,232631,23734,1533,0,0.0,323928064,4112416,82944,0.02179012499982491
1459,33,18710528,13,5,13,601,6,2,699,63,4,232631,23734,1533,0,0.0,323928064,4112416,82944,0.022456916980445385
1460,17,8044544,8,3,10,64,7,2,700,63,4,233152,23734,1533,0,0.0,323928064,4112416,82944,0.022662000032141805
1461,23,13352960,8,4,13,298,7,2,700,63,4,233152,23734,1533,0,0.0,323928064,4112416,82944,0.02217054198263213
1462,33,18710528,13,5,13,585,7,2,700,63,4,233152,23734,1533,0,0.0,323960832,4112416,82944,0.022103041992522776
1463,17,8044544,8,3,10,37,8,2,701,63,4,233672,23734,1533,0,0.0,323960832,4112416,82944,0.022093082952778786
1464,20,10698752,8,4,10,278,8,2,701,63,4,233672,23734,1533,0,0.0,323960832,4112416,82944,0.022449583979323506
1465,30,16056320,10,5,13,563,8,2,701,63,4,233672,23734,1533,0,0.0,323977216,4112416,82944,0.022278291988186538
1466,20,10698752,8,4,10,37,9,2,702,63,4,234158,23734,1533,0,0.0,324026368,4112416,82944,0.022522583953104913
1467,23,13352960,8,5,10,273,9,2,702,63,4,234158,23734,1533,0,0.0,324026368,4112416,82944,0.022461290995124727
1468,33,18710528,10,6,13,559,9,2,702,63,4,234158,23734,1533,0,0.0,324026368,4112416,82944,0.021900583989918232
1469,20,10698752,8,4,10,37,10,2,703,63,4,234646,23734,1533,0,0.0,324042752,4112416,82944,0.022339291987009346
1470,23,13352960,8,5,10,275,10,2,703,63,4,234646,23734,1533,0,0.0,324042752,4112416,82944,0.02209199999924749
1471,33,18710528,10,6,13,561,10,2,703,63,4,234646,23734,1533,0,0.0,324091904,4112416,82944,0.022976082982495427
1472,20,10698752,8,4,10,37,11,2,704,63,4,235133,23734,1533,0,0.0,324108288,4112416,82944,0.02198154100915417
1473,23,13352960,8,5,10,274,11,2,704,63,4,235133,23734,1533,0,0.0,324124672,4112416,82944,0.02269787498516962
1474,33,18710528,10,6,13,560,11,2,704,63,4,235133,23734,1533,0,0.0,324141056,4112416,82944,0.022374624968506396
1475,4,49152,0,1,4,37,0,3,704,64,4,235133,24348,1533,0,0.0,324157440,4112416,82944,0.02260545897297561
1476,7,2703360,0,1,7,222,0,3,704,64,4,235133,24348,1533,0,0.0,324173824,4112416,82944,0.02376195800025016
1477,17,8060928,7,2,13,444,0,3,704,64,4,235133,24348,1533,0,0.0,324173824,4112416,82944,0.02305862499633804
1478,27,13418496,13,3,13,0,1,3,705,64,4,235722,24348,1533,0,0.0,324173824,4112416,82944,0.02210537501377985
1479,7,2703360,0,1,7,222,1,3,705,64,4,235722,24348,1533,0,0.0,324173824,4112416,82944,0.023096875054761767
1480,17,8060928,7,2,13,444,1,3,705,64,4,235722,24348,1533,0,0.0,324173824,4112416,82944,0.02324479096569121
1481,27,13418496,13,3,13,673,1,3,705,64,4,235722,24348,1533,0,0.0,324173824,4112416,82944,0.022701208014041185
1482,7,2703360,0,1,7,196,2,3,706,64,4,236270,24348,1533,0,0.0,324173824,4112416,82944,0.0236351250205189
1483,17,8060928,7,2,13,418,2,3,706,64,4,236270,24348,1533,0,0.0,324173824,4112416,82944,0.022848541964776814
1484,27,13418496,13,3,13,644,2,3,706,64,4,236270,24348,1533,0,0.0,324173824,4112416,82944,0.023341041000094265
1485,8,2711552,1,2,7,155,3,3,707,64,4,236815,24348,1533,0,0.0,324173824,4112416,82944,0.02327841700753197
1486,16,8036352,5,3,13,377,3,3,707,64,4,236815,24348,1533,0,0.0,324173824,4112416,82944,0.02233562496257946
1487,26,13393920,13,4,13,646,3,3,707,64,4,236815,24348,1533,0,0.0,324190208,4112416,82944,0.022630082967225462
1488,13,5382144,5,3,10,174,4,3,708,64,4,237326,24348,1533,0,0.0,324190208,4112416,82944,0.022588875028304756
1489,23,10739712,10,4,13,421,4,3,708,64,4,237326,24348,1533,0,0.0,324222976,4112416,82944,0.02251824998529628
1490,33,16097280,13,5,13,2,5,3,709,64,4,237791,24348,1533,0,0.0,324239360,4112416,82944,0.0227131670108065
1491,17,5431296,7,4,10,224,5,3,709,64,4,237791,24348,1533,0,0.0,324239360,4112416,82944,0.022756041958928108
1492,27,10788864,10,5,13,495,5,3,709,64,4,237791,24348,1533,0,0.0,324239360,4112416,82944,0.02238629199564457
1493,14,2777088,4,4,10,37,6,3,710,64,4,238271,24348,1533,0,0.0,324272128,4112416,82944,0.02219583297846839
1494,17,5431296,7,4,10,259,6,3,710,64,4,238271,24348,1533,0,0.0,324272128,4112416,82944,0.022678250039462
1495,27,10788864,10,5,13,522,6,3,710,64,4,238271,24348,1533,0,0.0,324304896,4112416,82944,0.02304437500424683
1496,14,2777088,4,4,10,22,7,3,711,64,4,238726,24348,1533,0,0.0,324321280,4112416,82944,0.022304082987830043
1497,17,5431296,7,4,10,239,7,3,711,64,4,238726,24348,1533,0,0.0,324321280,4112416,82944,0.022952375002205372
1498,27,10788864,10,5,13,509,7,3,711,64,4,238726,24348,1533,0,0.0,324337664,4112416,82944,0.02252200001385063
1499,19,5447680,10,5,10,22,8,3,712,64,4,239183,24348,1533,0,0.0,324386816,4112416,82944,0.02170416695298627
1500,22,8101888,10,5,10,230,8,3,712,64,4,239183,24348,1533,0,0.0,324403200,4112416,82944,0.029357000021263957
1501,32,13459456,10,6,13,207,8,3,712,64,4,239183,24348,1533,0,0.0,324435968,4112416,82944,0.02408083400223404
1502,42,18817024,13,7,13,414,8,3,712,64,4,239183,24348,1533,0,0.0,324435968,4112416,82944,0.02335241698892787
1503,52,24174592,13,8,13,621,8,3,712,64,4,239183,24348,1533,0,0.0,324452352,4112416,82944,0.02246120903873816
1504,24,8118272,10,6,10,62,9,3,713,64,4,239970,24348,1533,0,0.0,324452352,4112416,82944,0.02290754101704806
1505,30,13426688,10,6,13,269,9,3,713,64,4,239970,24348,1533,0,0.0,324452352,4112416,82944,0.022733042016625404
1506,40,18784256,13,7,13,476,9,3,713,64,4,239970,24348,1533,0,0.0,324452352,4112416,82944,0.022130166995339096
1507,50,24141824,13,8,13,0,10,3,714,64,4,240617,24348,1533,0,0.0,324452352,4112416,82944,0.022441750043071806
1508,27,10772480,10,6,10,207,10,3,714,64,4,240617,24348,1533,0,0.0,324452352,4112416,82944,0.02217862498946488
1509,37,16130048,10,7,13,414,10,3,714,64,4,240617,24348,1533,0,0.0,324452352,4112416,82944,0.022473082994110882
1510,47,21487616,13,8,13,635,10,3,714,64,4,240617,24348,1533,0,0.0,324452352,4112416,82944,0.021528166020289063
1511,24,8118272,10,6,10,65,11,3,715,64,4,241201,24348,1533,0,0.0,324452352,4112416,82944,0.023552624974399805
1512,30,13426688,10,6,13,288,11,3,715,64,4,241201,24348,1533,0,0.0,324452352,4112416,82944,0.022221790975891054
1513,40,18784256,13,7,13,558,11,3,715,64,4,241201,24348,1533,0,0.0,324468736,4112416,82944,0.02198591601336375
1514,4,49152,0,1,4,22,0,4,715,65,4,241201,25031,1533,0,0.0,324485120,4112416,82944,0.02266066602896899
1515,7,2703360,0,1,7,229,0,4,715,65,4,241201,25031,1533,0,0.0,324485120,4112416,82944,0.022900333045981824
1516,17,8060928,7,2,13,472,0,4,715,65,4,241201,25031,1533,0,0.0,324501504,4112416,82944,0.023000916989985853
1517,8,98304,4,2,4,22,1,4,716,65,4,241733,25031,1533,0,0.0,324517888,4112416,82944,0.023835166008211672
1518,11,2752512,4,2,7,229,1,4,716,65,4,241733,25031,1533,0,0.0,324517888,4112416,82944,0.022771625022869557
1519,21,8110080,7,3,13,475,1,4,716,65,4,241733,25031,1533,0,0.0,324534272,4112416,82944,0.022718624968547374
1520,8,98304,4,2,4,22,2,4,717,65,4,242230,25031,1533,0,0.0,324567040,4112416,82944,0.02321116701932624
1521,11,2752512,4,2,7,229,2,4,717,65,4,242230,25031,1533,0,0.0,324583424,4112416,82944,0.023112333030439913
1522,21,8110080,7,3,13,487,2,4,717,65,4,242230,25031,1533,0,0.0,324599808,4112416,82944,0.025194999994710088
1523,8,98304,4,2,4,22,3,4,718,65,4,242729,25031,1533,0,0.0,324616192,4112416,82944,0.025332042016088963
1524,11,2752512,4,2,7,229,3,4,718,65,4,242729,25031,1533,0,0.0,324616192,4112416,82944,0.023461374978069216
1525,21,8110080,7,3,13,483,3,4,718,65,4,242729,25031,1533,0,0.0,324616192,4112416,82944,0.02329949999693781
1526,31,13467648,13,4,13,207,3,4,718,65,4,242729,25031,1533,0,0.0,324665344,4112416,82944,0.023653124982956797
1527,41,18825216,13,5,13,414,3,4,718,65,4,242729,25031,1533,0,0.0,324665344,4112416,82944,0.02318325004307553
1528,51,24182784,13,6,13,621,3,4,718,65,4,242729,25031,1533,0,0.0,324665344,4112416,82944,0.022865750011987984
1529,8,98304,4,2,4,62,4,4,719,65,4,243700,25031,1533,0,0.0,324665344,4112416,82944,0.02499604201875627
1530,14,5406720,4,2,10,269,4,4,719,65,4,243700,25031,1533,0,0.0,324665344,4112416,82944,0.023763750039506704
1531,24,10764288,10,3,13,476,4,4,719,65,4,243700,25031,1533,0,0.0,324665344,4112416,82944,0.022940625029150397
1532,34,16121856,13,4,13,0,5,4,720,65,4,244347,25031,1533,0,0.0,324665344,4112416,82944,0.02273354202043265
1533,11,2752512,4,2,7,207,5,4,720,65,4,244347,25031,1533,0,0.0,324665344,4112416,82944,0.024378999951295555
1534,21,8110080,7,3,13,414,5,4,720,65,4,244347,25031,1533,0,0.0,324665344,4112416,82944,0.022977499989792705
1535,31,13467648,13,4,13,621,5,4,720,65,4,244347,25031,1533,0,0.0,324665344,4112416,82944,0.022691625053994358
1536,8,98304,4,2,4,61,6,4,721,65,4,244933,25031,1533,0,0.0,324665344,4112416,82944,0.023527209006715566
1537,14,5406720,4,2,10,268,6,4,721,65,4,244933,25031,1533,0,0.0,324665344,4112416,82944,0.02400425000814721
1538,24,10764288,10,3,13,514,6,4,721,65,4,244933,25031,1533,0,0.0,324665344,4112416,82944,0.024029499967582524
1539,8,98304,4,2,4,22,7,4,722,65,4,245543,25031,1533,0,0.0,324681728,4112416,82944,0.0231220000423491
1540,11,2752512,4,2,7,229,7,4,722,65,4,245543,25031,1533,0,0.0,324681728,4112416,82944,0.022843833023216575
1541,21,8110080,7,3,13,457,7,4,722,65,4,245543,25031,1533,0,0.0,324698112,4112416,82944,0.02321866701822728
1542,31,13467648,13,4,13,22,8,4,723,65,4,246067,25031,1533,0,0.0,324730880,4112416,82944,0.023055917001329362
1543,11,2752512,4,2,7,229,8,4,723,65,4,246067,25031,1533,0,0.0,324730880,4112416,82944,0.023535375017672777
1544,21,8110080,7,3,13,484,8,4,723,65,4,246067,25031,1533,0,0.0,324747264,4112416,82944,0.02326237497618422
1545,8,98304,4,2,4,22,9,4,724,65,4,246567,25031,1533,0,0.0,324763648,4112416,82944,0.022799541999120265
1546,11,2752512,4,2,7,229,9,4,724,65,4,246567,25031,1533,0,0.0,324763648,4112416,82944,0.02492962498217821
1547,21,8110080,7,3,13,483,9,4,724,65,4,246567,25031,1533,0,0.0,324796416,4112416,82944,0.023031707969494164
1548,8,98304,4,2,4,22,10,4,725,65,4,247064,25031,1533,0,0.0,324845568,4112416,82944,0.022540042002219707
1549,11,2752512,4,2,7,229,10,4,725,65,4,247064,25031,1533,0,0.0,324845568,4112416,82944,0.0223645840305835
1550,21,8110080,7,3,13,485,10,4,725,65,4,247064,25031,1533,0,0.0,324845568,4112416,82944,0.02267958305310458
1551,31,13467648,13,4,13,207,10,4,725,65,4,247064,25031,1533,0,0.0,324894720,4112416,82944,0.024424458970315754
1552,41,18825216,13,5,13,414,10,4,725,65,4,247064,25031,1533,0,0.0,324894720,4112416,82944,0.02341858297586441
1553,51,24182784,13,6,13,621,10,4,725,65,4,247064,25031,1533,0,0.0,324894720,4112416,82944,0.022739582986105233
1554,8,98304,4,2,4,61,11,4,726,65,4,248034,25031,1533,0,0.0,324894720,4112416,82944,0.024162209010683
1555,14,5406720,4,2,10,268,11,4,726,65,4,248034,25031,1533,0,0.0,324894720,4112416,82944,0.0231823330395855
1556,24,10764288,10,3,13,475,11,4,726,65,4,248034,25031,1533,0,0.0,324894720,4112416,82944,0.022303375008050352
1557,34,16121856,13,4,13,0,0,5,726,66,4,248034,25679,1533,0,0.0,324894720,4112416,82944,0.02312129200436175
1558,11,2752512,4,2,7,207,0,5,726,66,4,248034,25679,1533,0,0.0,324894720,4112416,82944,0.023223166004754603
1559,21,8110080,7,3,13,414,0,5,726,66,4,248034,25679,1533,0,0.0,324894720,4112416,82944,0.022991417034063488
1560,31,13467648,13,4,13,621,0,5,726,66,4,248034,25679,1533,0,0.0,324894720,4112416,82944,0.022196624951902777
1561,8,98304,4,2,4,61,1,5,727,66,4,248617,25679,1533,0,0.0,324894720,4112416,82944,0.022926083009224385
1562,14,5406720,4,2,10,272,1,5,727,66,4,248617,25679,1533,0,0.0,324894720,4112416,82944,0.024145917035639286
1563,24,10764288,10,3,13,542,1,5,727,66,4,248617,25679,1533,0,0.0,324927488,4112416,82944,0.02291362499818206
1564,8,98304,4,2,4,22,2,5,728,66,4,249182,25679,1533,0,0.0,324927488,4112416,82944,0.02246683300472796
1565,11,2752512,4,2,7,229,2,5,728,66,4,249182,25679,1533,0,0.0,324927488,4112416,82944,0.023733625013846904
1566,21,8110080,7,3,13,495,2,5,728,66,4,249182,25679,1533,0,0.0,324927488,4112416,82944,0.02266229101223871
1567,13,2768896,4,3,10,22,3,5,729,66,4,249679,25679,1533,0,0.0,324960256,4112416,82944,0.022573082998860627
1568,16,5423104,7,3,10,229,3,5,729,66,4,249679,25679,1533,0,0.0,324976640,4112416,82944,0.022661500028334558
1569,26,10780672,10,4,13,490,3,5,729,66,4,249679,25679,1533,0,0.0,325009408,4112416,82944,0.02278937498340383
1570,13,2768896,4,3,10,22,4,5,730,66,4,250174,25679,1533,0,0.0,325009408,4112416,82944,0.022277666023001075
1571,16,5423104,7,3,10,229,4,5,730,66,4,250174,25679,1533,0,0.0,325009408,4112416,82944,0.022423958987928927
1572,26,10780672,10,4,13,492,4,5,730,66,4,250174,25679,1533,0,0.0,325009408,4112416,82944,0.02232720801839605
1573,13,2768896,4,3,10,22,5,5,731,66,4,250667,25679,1533,0,0.0,325058560,4112416,82944,0.02241933299228549
1574,16,5423104,7,3,10,229,5,5,731,66,4,250667,25679,1533,0,0.0,325058560,4112416,82944,0.02346616704016924
1575,26,10780672,10,4,13,492,5,5,731,66,4,250667,25679,1533,0,0.0,325091328,4112416,82944,0.023329166986513883
1576,36,16138240,13,5,13,241,5,5,731,66,4,250667,25679,1533,0,0.0,325124096,4112416,82944,0.023240833019372076
1577,46,21495808,13,6,13,448,5,5,731,66,4,250667,25679,1533,0,0.0,325124096,4112416,82944,0.023136541014537215
1578,56,26853376,13,7,13,655,5,5,731,66,4,250667,25679,1533,0,0.0,325140480,4112416,82944,0.023076499986927956
1579,16,5423104,7,3,10,161,6,5,732,66,4,251619,25679,1533,0,0.0,325140480,4112416,82944,0.022517999983392656
1580,26,10780672,10,4,13,368,6,5,732,66,4,251619,25679,1533,0,0.0,325140480,4112416,82944,0.02224212500732392
1581,36,16138240,13,5,13,575,6,5,732,66,4,251619,25679,1533,0,0.0,325140480,4112416,82944,0.02263154200045392
1582,17,2818048,4,4,10,22,7,5,733,66,4,252177,25679,1533,0,0.0,325140480,4112416,82944,0.0220067499903962
1583,20,5472256,7,4,10,229,7,5,733,66,4,252177,25679,1533,0,0.0,325140480,4112416,82944,0.02255091699771583
1584,30,10829824,10,5,13,431,7,5,733,66,4,252177,25679,1533,0,0.0,325140480,4112416,82944,0.022800916980486363
1585,40,16187392,13,6,13,646,7,5,733,66,4,252177,25679,1533,0,0.0,325140480,4112416,82944,0.02199837495572865
1586,24,5521408,7,5,10,132,8,5,734,66,4,252799,25679,1533,0,0.0,325140480,4112416,82944,0.022788042027968913
1587,32,10846208,10,6,13,338,8,5,734,66,4,252799,25679,1533,0,0.0,325140480,4112416,82944,0.02302104199770838
1588,42,16203776,13,7,13,599,8,5,734,66,4,252799,25679,1533,0,0.0,325173248,4112416,82944,0.022308917017653584
1589,26,5537792,10,6,10,20,9,5,735,66,4,253330,25679,1533,0,0.0,325206016,4112416,82944,0.023299916996620595
1590,29,8192000,10,6,10,234,9,5,735,66,4,253330,25679,1533,0,0.0,325206016,4112416,82944,0.022413333994336426
1591,39,13549568,10,7,13,495,9,5,735,66,4,253330,25679,1533,0,0.0,325222400,4112416,82944,0.02259087498532608
1592,26,5537792,10,6,10,20,10,5,736,66,4,253901,25679,1533,0,0.0,325238784,4112416,82944,0.0227399580180645
1593,29,8192000,10,6,10,218,10,5,736,66,4,253901,25679,1533,0,0.0,325238784,4112416,82944,0.022888459032401443
1594,39,13549568,10,7,13,441,10,5,736,66,4,253901,25679,1533,0,0.0,325271552,4112416,82944,0.02250912500312552
1595,49,18907136,13,8,13,8,11,5,737,66,4,254432,25679,1533,0,0.0,325304320,4112416,82944,0.0222423339728266
1596,29,8192000,10,6,10,206,11,5,737,66,4,254432,25679,1533,0,0.0,325304320,4112416,82944,0.02251983404858038
1597,39,13549568,10,7,13,443,11,5,737,66,4,254432,25679,1533,0,0.0,325304320,4112416,82944,0.022464083041995764
1598,49,18907136,13,8,13,8,0,6,737,67,4,254432,26328,1533,0,0.0,325337088,4112416,82944,0.022558042022865266
1599,11,2752512,4,2,7,206,0,6,737,67,4,254432,26328,1533,0,0.0,325337088,4112416,82944,0.02391141705447808
1600,21,8110080,7,3,13,424,0,6,737,67,4,254432,26328,1533,0,0.0,325337088,4112416,82944,0.02355579100549221
1601,31,13467648,13,4,13,198,0,6,737,67,4,254432,26328,1533,0,0.0,325386240,4112416,82944,0.023968250025063753
1602,41,18825216,13,5,13,396,0,6,737,67,4,254432,26328,1533,0,0.0,325386240,4112416,82944,0.022988416021689773
1603,51,24182784,13,6,13,594,0,6,737,67,4,254432,26328,1533,0,0.0,325386240,4112416,82944,0.02384112501749769
1604,8,98304,4,2,4,20,1,6,738,67,4,255413,26328,1533,0,0.0,325386240,4112416,82944,0.02351162495324388
1605,11,2752512,4,2,7,218,1,6,738,67,4,255413,26328,1533,0,0.0,325386240,4112416,82944,0.022837791999336332
1606,21,8110080,7,3,13,416,1,6,738,67,4,255413,26328,1533,0,0.0,325386240,4112416,82944,0.023141416953876615
1607,31,13467648,13,4,13,614,1,6,738,67,4,255413,26328,1533,0,0.0,325386240,4112416,82944,0.02271545899566263
1608,11,2752512,4,2,10,43,2,6,739,67,4,256071,26328,1533,0,0.0,325386240,4112416,82944,0.022883124998770654
1609,17,8060928,7,2,13,241,2,6,739,67,4,256071,26328,1533,0,0.0,325386240,4112416,82944,0.022435874969232827
1610,27,13418496,13,3,13,439,2,6,739,67,4,256071,26328,1533,0,0.0,325386240,4112416,82944,0.02215166698442772
1611,37,18776064,13,4,13,0,3,6,740,67,4,256700,26328,1533,0,0.0,325402624,4112416,82944,0.021937582991085947
1612,14,5406720,7,2,10,198,3,6,740,67,4,256700,26328,1533,0,0.0,325402624,4112416,82944,0.02265133400214836
1613,24,10764288,10,3,13,408,3,6,740,67,4,256700,26328,1533,0,0.0,325419008,4112416,82944,0.022288208012469113
1614,34,16121856,13,4,13,0,4,6,741,67,4,257219,26328,1533,0,0.0,325419008,4112416,82944,0.021977540978696197
1615,14,5406720,7,2,10,198,4,6,741,67,4,257219,26328,1533,0,0.0,325435392,4112416,82944,0.02238341694464907
1616,24,10764288,10,3,13,427,4,6,741,67,4,257219,26328,1533,0,0.0,325435392,4112416,82944,0.02257775003090501
1617,34,16121856,13,4,13,0,5,6,742,67,4,257740,26328,1533,0,0.0,325468160,4112416,82944,0.022479416977148503
1618,14,5406720,7,2,10,198,5,6,742,67,4,257740,26328,1533,0,0.0,325484544,4112416,82944,0.022694042010698467
1619,24,10764288,10,3,13,434,5,6,742,67,4,257740,26328,1533,0,0.0,325500928,4112416,82944,0.02277733403025195
1620,34,16121856,13,4,13,7,6,6,743,67,4,258252,26328,1533,0,0.0,325517312,4112416,82944,0.02184679202036932
1621,14,5406720,7,2,10,205,6,6,743,67,4,258252,26328,1533,0,0.0,325533696,4112416,82944,0.02249800000572577
1622,24,10764288,10,3,13,450,6,6,743,67,4,258252,26328,1533,0,0.0,325566464,4112416,82944,0.02239883301081136
1623,34,16121856,13,4,13,1,7,6,744,67,4,258777,26328,1533,0,0.0,325566464,4112416,82944,0.02327299996977672
1624,14,5406720,7,2,10,199,7,6,744,67,4,258777,26328,1533,0,0.0,325566464,4112416,82944,0.022775209043174982
1625,24,10764288,10,3,13,439,7,6,744,67,4,258777,26328,1533,0,0.0,325582848,4112416,82944,0.02244749997043982
1626,34,16121856,13,4,13,198,7,6,744,67,4,258777,26328,1533,0,0.0,325632000,4112416,82944,0.02319420804269612
1627,44,21479424,13,5,13,396,7,6,744,67,4,258777,26328,1533,0,0.0,325632000,4112416,82944,0.022718209016602486
1628,54,26836992,13,6,13,594,7,6,744,67,4,258777,26328,1533,0,0.0,325632000,4112416,82944,0.023714000009931624
1629,11,2752512,4,2,10,20,8,6,745,67,4,259759,26328,1533,0,0.0,325632000,4112416,82944,0.029749499983154237
1630,14,5406720,7,2,10,218,8,6,745,67,4,259759,26328,1533,0,0.0,325632000,4112416,82944,0.027578292007092386
1631,24,10764288,10,3,13,416,8,6,745,67,4,259759,26328,1533,0,0.0,325632000,4112416,82944,0.028624792001210153
1632,34,16121856,13,4,13,614,8,6,745,67,4,259759,26328,1533,0,0.0,325632000,4112416,82944,0.02610375004587695
1633,14,5406720,10,2,10,43,9,6,746,67,4,260416,26328,1533,0,0.0,325632000,4112416,82944,0.025555000000167638
1634,20,10715136,10,3,13,241,9,6,746,67,4,260416,26328,1533,0,0.0,325632000,4112416,82944,0.024983084003906697
1635,30,16072704,13,4,13,439,9,6,746,67,4,260416,26328,1533,0,0.0,325632000,4112416,82944,0.023150166030973196
1636,40,21430272,13,5,13,0,10,6,747,67,4,261050,26328,1533,0,0.0,325632000,4112416,82944,0.02198016701731831
1637,17,8060928,10,3,10,198,10,6,747,67,4,261050,26328,1533,0,0.0,325632000,4112416,82944,0.02217508398462087
1638,27,13418496,10,4,13,396,10,6,747,67,4,261050,26328,1533,0,0.0,325632000,4112416,82944,0.022614957997575402
1639,37,18776064,13,5,13,657,10,6,747,67,4,261050,26328,1533,0,0.0,325648384,4112416,82944,0.022008583997376263
1640,17,8060928,10,3,10,154,11,6,748,67,4,261620,26328,1533,0,0.0,325648384,4112416,82944,0.022890167019795626
1641,27,13418496,10,4,13,370,11,6,748,67,4,261620,26328,1533,0,0.0,325681152,4112416,82944,0.023046749993227422
1642,37,18776064,13,5,13,631,11,6,748,67,4,261620,26328,1533,0,0.0,325713920,4112416,82944,0.024034208967350423
1643,8,98304,4,2,4,59,0,7,748,68,4,261620,26931,1533,0,0.0,325713920,4112416,82944,0.02712154103210196
1644,14,5406720,4,2,10,274,0,7,748,68,4,261620,26931,1533,0,0.0,325713920,4112416,82944,0.028299666999373585
1645,24,10764288,10,3,13,536,0,7,748,68,4,261620,26931,1533,0,0.0,325713920,4112416,82944,0.026959999988321215
1646,8,98304,4,2,4,20,1,7,749,68,4,262190,26931,1533,0,0.0,325713920,4112416,82944,0.02593991602770984
1647,11,2752512,4,2,7,218,1,7,749,68,4,262190,26931,1533,0,0.0,325713920,4112416,82944,0.025135084055364132
1648,21,8110080,7,3,13,465,1,7,749,68,4,262190,26931,1533,0,0.0,325763072,4112416,82944,0.024610458000097424
1649,31,13467648,13,4,13,15,2,7,750,68,4,262715,26931,1533,0,0.0,325763072,4112416,82944,0.024909416970331222
1650,16,5423104,7,3,10,213,2,7,750,68,4,262715,26931,1533,0,0.0,325763072,4112416,82944,0.024527624947950244
1651,26,10780672,10,4,13,198,2,7,750,68,4,262715,26931,1533,0,0.0,325779456,4112416,82944,0.02630450000287965
1652,36,16138240,13,5,13,396,2,7,750,68,4,262715,26931,1533,0,0.0,325779456,4112416,82944,0.029171166010200977
1653,46,21495808,13,6,13,594,2,7,750,68,4,262715,26931,1533,0,0.0,325795840,4112416,82944,0.025148916989564896
1654,13,2768896,4,3,10,20,3,7,751,68,4,263518,26931,1533,0,0.0,325795840,4112416,82944,0.025300582987256348
1655,16,5423104,7,3,10,218,3,7,751,68,4,263518,26931,1533,0,0.0,325795840,4112416,82944,0.02645387500524521
1656,26,10780672,10,4,13,416,3,7,751,68,4,263518,26931,1533,0,0.0,325795840,4112416,82944,0.025962708052247763
1657,36,16138240,13,5,13,614,3,7,751,68,4,263518,26931,1533,0,0.0,325795840,4112416,82944,0.026648374972864985
1658,16,5423104,10,3,10,43,4,7,752,68,4,264176,26931,1533,0,0.0,325795840,4112416,82944,0.02527433302020654
1659,22,10731520,10,3,13,241,4,7,752,68,4,264176,26931,1533,0,0.0,325795840,4112416,82944,0.024352332984562963
1660,32,16089088,13,4,13,448,4,7,752,68,4,264176,26931,1533,0,0.0,325795840,4112416,82944,0.02381008304655552
1661,42,21446656,13,5,13,1,5,7,753,68,4,264803,26931,1533,0,0.0,325812224,4112416,82944,0.02366179198725149
1662,19,8077312,10,3,10,199,5,7,753,68,4,264803,26931,1533,0,0.0,325828608,4112416,82944,0.023431833018548787
1663,29,13434880,10,4,13,413,5,7,753,68,4,264803,26931,1533,0,0.0,325828608,4112416,82944,0.023183083976618946
1664,39,18792448,13,5,13,0,6,7,754,68,4,265334,26931,1533,0,0.0,325861376,4112416,82944,0.02383020898560062
1665,19,8077312,10,3,10,198,6,7,754,68,4,265334,26931,1533,0,0.0,325861376,4112416,82944,0.023316667007748038
1666,29,13434880,10,4,13,421,6,7,754,68,4,265334,26931,1533,0,0.0,325877760,4112416,82944,0.02297333301976323
1667,39,18792448,13,5,13,0,7,7,755,68,4,265859,26931,1533,0,0.0,325894144,4112416,82944,0.02306458301609382
1668,19,8077312,10,3,10,198,7,7,755,68,4,265859,26931,1533,0,0.0,325910528,4112416,82944,0.023207499994896352
1669,29,13434880,10,4,13,424,7,7,755,68,4,265859,26931,1533,0,0.0,325910528,4112416,82944,0.022883041005115956
1670,39,18792448,13,5,13,0,8,7,756,68,4,266384,26931,1533,0,0.0,325943296,4112416,82944,0.02339149999897927
1671,19,8077312,10,3,10,198,8,7,756,68,4,266384,26931,1533,0,0.0,325943296,4112416,82944,0.023116666008718312
1672,29,13434880,10,4,13,426,8,7,756,68,4,266384,26931,1533,0,0.0,325959680,4112416,82944,0.023385334003251046
1673,39,18792448,13,5,13,0,9,7,757,68,4,266909,26931,1533,0,0.0,325992448,4112416,82944,0.023147874977439642
1674,19,8077312,10,3,10,198,9,7,757,68,4,266909,26931,1533,0,0.0,325992448,4112416,82944,0.02310016698902473
1675,29,13434880,10,4,13,426,9,7,757,68,4,266909,26931,1533,0,0.0,325992448,4112416,82944,0.023006416973657906
1676,39,18792448,13,5,13,198,9,7,757,68,4,266909,26931,1533,0,0.0,326057984,4112416,82944,0.023839832982048392
1677,49,24150016,13,6,13,396,9,7,757,68,4,266909,26931,1533,0,0.0,326057984,4112416,82944,0.02414916700217873
1678,59,29507584,13,7,13,594,9,7,757,68,4,266909,26931,1533,0,0.0,326057984,4112416,82944,0.02379299997119233
1679,16,5423104,10,3,10,20,10,7,758,68,4,267885,26931,1533,0,0.0,326057984,4112416,82944,0.02287674997933209
1680,19,8077312,10,3,10,218,10,7,758,68,4,267885,26931,1533,0,0.0,326057984,4112416,82944,0.023272708000149578
1681,29,13434880,10,4,13,416,10,7,758,68,4,267885,26931,1533,0,0.0,326057984,4112416,82944,0.023414041032083333
1682,39,18792448,13,5,13,614,10,7,758,68,4,267885,26931,1533,0,0.0,326057984,4112416,82944,0.022312707966193557
1683,19,8077312,10,3,10,43,11,7,759,68,4,268542,26931,1533,0,0.0,326057984,4112416,82944,0.02407433302141726
1684,25,13385728,10,4,13,241,11,7,759,68,4,268542,26931,1533,0,0.0,326057984,4112416,82944,0.02267883304739371
1685,35,18743296,13,5,13,439,11,7,759,68,4,268542,26931,1533,0,0.0,326057984,4112416,82944,0.023516083019785583
1686,45,24100864,13,6,13,0,0,8,759,69,4,268542,27664,1533,0,0.0,326074368,4112416,82944,0.023126042040530592
1687,11,2752512,4,2,7,198,0,8,759,69,4,268542,27664,1533,0,0.0,326074368,4112416,82944,0.024254250049125403
1688,21,8110080,7,3,13,396,0,8,759,69,4,268542,27664,1533,0,0.0,326074368,4112416,82944,0.022966374992392957
1689,31,13467648,13,4,13,636,0,8,759,69,4,268542,27664,1533,0,0.0,326074368,4112416,82944,0.023127832973841578
1690,8,98304,4,2,4,59,1,8,760,69,4,269128,27664,1533,0,0.0,326074368,4112416,82944,0.02463662496302277
1691,14,5406720,4,2,10,271,1,8,760,69,4,269128,27664,1533,0,0.0,326074368,4112416,82944,0.023846875003073364
1692,24,10764288,10,3,13,532,1,8,760,69,4,269128,27664,1533,0,0.0,326074368,4112416,82944,0.02330775000154972
1693,8,98304,4,2,4,17,2,8,761,69,4,269697,27664,1533,0,0.0,326123520,4112416,82944,0.023638541984837502
1694,11,2752512,4,2,7,215,2,8,761,69,4,269697,27664,1533,0,0.0,326123520,4112416,82944,0.023315457976423204
1695,21,8110080,7,3,13,454,2,8,761,69,4,269697,27664,1533,0,0.0,326139904,4112416,82944,0.0230388329946436
1696,31,13467648,13,4,13,1,3,8,762,69,4,270228,27664,1533,0,0.0,326139904,4112416,82944,0.023603166977409273
1697,16,5423104,7,3,10,199,3,8,762,69,4,270228,27664,1533,0,0.0,326139904,4112416,82944,0.0232878330280073
1698,26,10780672,10,4,13,438,3,8,762,69,4,270228,27664,1533,0,0.0,326189056,4112416,82944,0.023323000001255423
1699,36,16138240,13,5,13,1,4,8,763,69,4,270752,27664,1533,0,0.0,326221824,4112416,82944,0.02375583298271522
1700,16,5423104,7,3,10,199,4,8,763,69,4,270752,27664,1533,0,0.0,326221824,4112416,82944,0.022717582993209362
1701,26,10780672,10,4,13,198,4,8,763,69,4,270752,27664,1533,0,0.0,326238208,4112416,82944,0.02447820798261091
1702,36,16138240,13,5,13,396,4,8,763,69,4,270752,27664,1533,0,0.0,326238208,4112416,82944,0.023175167036242783
1703,46,21495808,13,6,13,594,4,8,763,69,4,270752,27664,1533,0,0.0,326254592,4112416,82944,0.022934208973310888
1704,13,2768896,4,3,10,20,5,8,764,69,4,271548,27664,1533,0,0.0,326254592,4112416,82944,0.023340500018093735
1705,16,5423104,7,3,10,218,5,8,764,69,4,271548,27664,1533,0,0.0,326254592,4112416,82944,0.022900958021637052
1706,26,10780672,10,4,13,416,5,8,764,69,4,271548,27664,1533,0,0.0,326254592,4112416,82944,0.022669291007332504
1707,36,16138240,13,5,13,614,5,8,764,69,4,271548,27664,1533,0,0.0,326254592,4112416,82944,0.023658166988752782
1708,16,5423104,10,3,10,43,6,8,765,69,4,272206,27664,1533,0,0.0,326254592,4112416,82944,0.023069457965902984
1709,22,10731520,10,3,13,241,6,8,765,69,4,272206,27664,1533,0,0.0,326254592,4112416,82944,0.022618165996391326
1710,32,16089088,13,4,13,458,6,8,765,69,4,272206,27664,1533,0,0.0,326254592,4112416,82944,0.022673667001072317
1711,42,21446656,13,5,13,1,7,8,766,69,4,272833,27664,1533,0,0.0,326270976,4112416,82944,0.023623207991477102
1712,19,8077312,10,3,10,199,7,8,766,69,4,272833,27664,1533,0,0.0,326270976,4112416,82944,0.026565875043161213
1713,29,13434880,10,4,13,415,7,8,766,69,4,272833,27664,1533,0,0.0,326270976,4112416,82944,0.02688112499890849
1714,39,18792448,13,5,13,0,8,8,767,69,4,273364,27664,1533,0,0.0,326303744,4112416,82944,0.02539491601055488
1715,19,8077312,10,3,10,198,8,8,767,69,4,273364,27664,1533,0,0.0,326303744,4112416,82944,0.02530458301771432
1716,29,13434880,10,4,13,423,8,8,767,69,4,273364,27664,1533,0,0.0,326303744,4112416,82944,0.024873249989468604
1717,39,18792448,13,5,13,0,9,8,768,69,4,273889,27664,1533,0,0.0,326336512,4112416,82944,0.023932332987897098
1718,19,8077312,10,3,10,198,9,8,768,69,4,273889,27664,1533,0,0.0,326336512,4112416,82944,0.024161624955013394
1719,29,13434880,10,4,13,425,9,8,768,69,4,273889,27664,1533,0,0.0,326385664,4112416,82944,0.025023083959240466
1720,39,18792448,13,5,13,0,10,8,769,69,4,274413,27664,1533,0,0.0,326402048,4112416,82944,0.024875583010725677
1721,19,8077312,10,3,10,198,10,8,769,69,4,274413,27664,1533,0,0.0,326402048,4112416,82944,0.02491066697984934
1722,29,13434880,10,4,13,427,10,8,769,69,4,274413,27664,1533,0,0.0,326402048,4112416,82944,0.024372417014092207
1723,39,18792448,13,5,13,0,11,8,770,69,4,274938,27664,1533,0,0.0,326451200,4112416,82944,0.02518166700610891
1724,19,8077312,10,3,10,198,11,8,770,69,4,274938,27664,1533,0,0.0,326451200,4112416,82944,0.025312207988463342
1725,29,13434880,10,4,13,427,11,8,770,69,4,274938,27664,1533,0,0.0,326483968,4112416,82944,0.024681333976332098
1726,39,18792448,13,5,13,198,11,8,770,69,4,274938,27664,1533,0,0.0,326549504,4112416,82944,0.025621417036745697
1727,49,24150016,13,6,13,396,11,8,770,69,4,274938,27664,1533,0,0.0,326549504,4112416,82944,0.02508220897288993
1728,59,29507584,13,7,13,594,11,8,770,69,4,274938,27664,1533,0,0.0,326549504,4112416,82944,0.025870541983749717
1729,8,98304,4,2,4,20,0,9,770,70,4,274938,28718,1533,0,0.0,326549504,4112416,82944,0.028000833000987768
1730,11,2752512,4,2,7,218,0,9,770,70,4,274938,28718,1533,0,0.0,326549504,4112416,82944,0.02562825003406033
1731,21,8110080,7,3,13,416,0,9,770,70,4,274938,28718,1533,0,0.0,326549504,4112416,82944,0.024033499998040497
1732,31,13467648,13,4,13,614,0,9,770,70,4,274938,28718,1533,0,0.0,326549504,4112416,82944,0.023286209034267813
1733,11,2752512,4,2,10,43,1,9,771,70,4,275595,28718,1533,0,0.0,326549504,4112416,82944,0.023394250019919127
1734,17,8060928,7,2,13,241,1,9,771,70,4,275595,28718,1533,0,0.0,326549504,4112416,82944,0.02274195896461606
1735,27,13418496,13,3,13,439,1,9,771,70,4,275595,28718,1533,0,0.0,326549504,4112416,82944,0.022900499985553324
1736,37,18776064,13,4,13,0,2,9,772,70,4,276229,28718,1533,0,0.0,326549504,4112416,82944,0.022357708017807454
1737,14,5406720,7,2,10,198,2,9,772,70,4,276229,28718,1533,0,0.0,326549504,4112416,82944,0.022810457972809672
1738,24,10764288,10,3,13,396,2,9,772,70,4,276229,28718,1533,0,0.0,326549504,4112416,82944,0.022779082995839417
1739,34,16121856,13,4,13,652,2,9,772,70,4,276229,28718,1533,0,0.0,326549504,4112416,82944,0.022811375034507364
1740,14,5406720,7,2,10,152,3,9,773,70,4,276801,28718,1533,0,0.0,326565888,4112416,82944,0.022769416973460466
1741,24,10764288,10,3,13,366,3,9,773,70,4,276801,28718,1533,0,0.0,326565888,4112416,82944,0.022881624987348914
1742,34,16121856,13,4,13,627,3,9,773,70,4,276801,28718,1533,0,0.0,326565888,4112416,82944,0.023138875025324523
1743,15,2801664,4,3,10,56,4,9,774,70,4,277333,28718,1533,0,0.0,326565888,4112416,82944,0.023257166030816734
1744,21,8110080,7,3,13,274,4,9,774,70,4,277333,28718,1533,0,0.0,326565888,4112416,82944,0.023908416973426938
1745,31,13467648,13,4,13,535,4,9,774,70,4,277333,28718,1533,0,0.0,326615040,4112416,82944,0.02563749998807907
1746,15,2801664,4,3,10,20,5,9,775,70,4,277899,28718,1533,0,0.0,326631424,4112416,82944,0.02449620800325647
1747,18,5455872,7,3,10,218,5,9,775,70,4,277899,28718,1533,0,0.0,326631424,4112416,82944,0.025803999975323677
1748,28,10813440,10,4,13,466,5,9,775,70,4,277899,28718,1533,0,0.0,326631424,4112416,82944,0.025440917001105845
1749,20,5472256,10,4,10,15,6,9,776,70,4,278398,28718,1533,0,0.0,326664192,4112416,82944,0.025438083976041526
1750,23,8126464,10,4,10,213,6,9,776,70,4,278398,28718,1533,0,0.0,326664192,4112416,82944,0.02519091696012765
1751,33,13484032,10,5,13,198,6,9,776,70,4,278398,28718,1533,0,0.0,326713344,4112416,82944,0.023747249972075224
1752,43,18841600,13,6,13,396,6,9,776,70,4,278398,28718,1533,0,0.0,326713344,4112416,82944,0.022632499982137233
1753,53,24199168,13,7,13,594,6,9,776,70,4,278398,28718,1533,0,0.0,326713344,4112416,82944,0.02254116698168218
1754,20,5472256,10,4,10,20,7,9,777,70,4,279201,28718,1533,0,0.0,326713344,4112416,82944,0.02270641695940867
1755,23,8126464,10,4,10,218,7,9,777,70,4,279201,28718,1533,0,0.0,326713344,4112416,82944,0.022280541015788913
1756,33,13484032,10,5,13,416,7,9,777,70,4,279201,28718,1533,0,0.0,326713344,4112416,82944,0.022343042015563697
1757,43,18841600,13,6,13,614,7,9,777,70,4,279201,28718,1533,0,0.0,326713344,4112416,82944,0.022975333034992218
1758,23,8126464,10,4,10,43,8,9,778,70,4,279859,28718,1533,0,0.0,326713344,4112416,82944,0.02245191700058058
1759,29,13434880,10,4,13,241,8,9,778,70,4,279859,28718,1533,0,0.0,326713344,4112416,82944,0.022218375001102686
1760,39,18792448,13,5,13,439,8,9,778,70,4,279859,28718,1533,0,0.0,326713344,4112416,82944,0.021862082998268306
1761,49,24150016,13,6,13,0,9,9,779,70,4,280493,28718,1533,0,0.0,326713344,4112416,82944,0.022083875024691224
1762,26,10780672,10,4,10,198,9,9,779,70,4,280493,28718,1533,0,0.0,326713344,4112416,82944,0.022424291993957013
1763,36,16138240,10,5,13,399,9,9,779,70,4,280493,28718,1533,0,0.0,326729728,4112416,82944,0.022200665960554034
1764,46,21495808,13,6,13,0,10,9,780,70,4,281018,28718,1533,0,0.0,326778880,4112416,82944,0.022514791053254157
1765,26,10780672,10,4,10,198,10,9,780,70,4,281018,28718,1533,0,0.0,326778880,4112416,82944,0.022085957985837013
1766,36,16138240,10,5,13,417,10,9,780,70,4,281018,28718,1533,0,0.0,326795264,4112416,82944,0.022198082995601
1767,46,21495808,13,6,13,0,11,9,781,70,4,281543,28718,1533,0,0.0,326811648,4112416,82944,0.02236483304295689
1768,26,10780672,10,4,10,198,11,9,781,70,4,281543,28718,1533,0,0.0,326811648,4112416,82944,0.022184083005413413
1769,36,16138240,10,5,13,423,11,9,781,70,4,281543,28718,1533,0,0.0,326828032,4112416,82944,0.02221691602608189
1770,46,21495808,13,6,13,0,0,10,781,71,4,281543,29339,1533,0,0.0,326828032,4112416,82944,0.022238457982894033
1771,14,5406720,7,2,10,198,0,10,781,71,4,281543,29339,1533,0,0.0,326828032,4112416,82944,0.0227943750214763
1772,24,10764288,10,3,13,409,0,10,781,71,4,281543,29339,1533,0,0.0,326860800,4112416,82944,0.02322820801055059
1773,34,16121856,13,4,13,0,1,10,782,71,4,282068,29339,1533,0,0.0,326860800,4112416,82944,0.0226661249762401
1774,14,5406720,7,2,10,198,1,10,782,71,4,282068,29339,1533,0,0.0,326860800,4112416,82944,0.02257274999283254
1775,24,10764288,10,3,13,421,1,10,782,71,4,282068,29339,1533,0,0.0,326877184,4112416,82944,0.022696624975651503
1776,34,16121856,13,4,13,198,1,10,782,71,4,282068,29339,1533,0,0.0,326926336,4112416,82944,0.022936458990443498
1777,44,21479424,13,5,13,396,1,10,782,71,4,282068,29339,1533,0,0.0,326926336,4112416,82944,0.022367666999343783
1778,54,26836992,13,6,13,594,1,10,782,71,4,282068,29339,1533,0,0.0,326926336,4112416,82944,0.024297166033647954
1779,11,2752512,4,2,10,20,2,10,783,71,4,283045,29339,1533,0,0.0,326926336,4112416,82944,0.023451584042049944
1780,14,5406720,7,2,10,218,2,10,783,71,4,283045,29339,1533,0,0.0,326926336,4112416,82944,0.023039290972519666
1781,24,10764288,10,3,13,416,2,10,783,71,4,283045,29339,1533,0,0.0,326926336,4112416,82944,0.022703458031173795
1782,34,16121856,13,4,13,614,2,10,783,71,4,283045,29339,1533,0,0.0,326926336,4112416,82944,0.022617915994487703
1783,14,5406720,10,2,10,43,3,10,784,71,4,283703,29339,1533,0,0.0,326926336,4112416,82944,0.023270249948836863
1784,20,10715136,10,3,13,241,3,10,784,71,4,283703,29339,1533,0,0.0,326926336,4112416,82944,0.022140374989248812
1785,30,16072704,13,4,13,439,3,10,784,71,4,283703,29339,1533,0,0.0,326926336,4112416,82944,0.022592749970499426
1786,40,21430272,13,5,13,657,3,10,784,71,4,283703,29339,1533,0,0.0,326926336,4112416,82944,0.021974332979880273
1787,17,8060928,10,3,10,154,4,10,785,71,4,284385,29339,1533,0,0.0,326942720,4112416,82944,0.02287808299297467
1788,27,13418496,10,4,13,352,4,10,785,71,4,284385,29339,1533,0,0.0,326942720,4112416,82944,0.021984542021527886
1789,37,18776064,13,5,13,601,4,10,785,71,4,284385,29339,1533,0,0.0,326975488,4112416,82944,0.021785291959531605
1790,18,5455872,10,3,10,20,5,10,786,71,4,284917,29339,1533,0,0.0,326975488,4112416,82944,0.02191670797765255
1791,21,8110080,10,3,10,240,5,10,786,71,4,284917,29339,1533,0,0.0,326975488,4112416,82944,0.022920124989468604
1792,31,13467648,10,4,13,501,5,10,786,71,4,284917,29339,1533,0,0.0,327024640,4112416,82944,0.02256141696125269
1793,18,5455872,10,3,10,13,6,10,787,71,4,285490,29339,1533,0,0.0,327041024,4112416,82944,0.02328983403276652
1794,21,8110080,10,3,10,211,6,10,787,71,4,285490,29339,1533,0,0.0,327041024,4112416,82944,0.02251762500964105
1795,31,13467648,10,4,13,430,6,10,787,71,4,285490,29339,1533,0,0.0,327057408,4112416,82944,0.022927708050701767
1796,41,18825216,13,5,13,0,7,10,788,71,4,286029,29339,1533,0,0.0,327057408,4112416,82944,0.022834041970781982
1797,21,8110080,10,3,10,198,7,10,788,71,4,286029,29339,1533,0,0.0,327057408,4112416,82944,0.02203616697806865
1798,31,13467648,10,4,13,425,7,10,788,71,4,286029,29339,1533,0,0.0,327073792,4112416,82944,0.021950541995465755
1799,41,18825216,13,5,13,0,8,10,789,71,4,286554,29339,1533,0,0.0,327139328,4112416,82944,0.022631833038758487
1800,21,8110080,10,3,10,198,8,10,789,71,4,286554,29339,1533,0,0.0,327139328,4112416,82944,0.022123209026176482
1801,31,13467648,10,4,13,198,8,10,789,71,4,286554,29339,1533,0,0.0,327155712,4112416,82944,0.023170625034254044
1802,41,18825216,13,5,13,396,8,10,789,71,4,286554,29339,1533,0,0.0,327155712,4112416,82944,0.022951040999032557
1803,51,24182784,13,6,13,594,8,10,789,71,4,286554,29339,1533,0,0.0,327155712,4112416,82944,0.02477479202207178
1804,18,5455872,10,3,10,20,9,10,790,71,4,287343,29339,1533,0,0.0,327155712,4112416,82944,0.024286707979626954
1805,21,8110080,10,3,10,218,9,10,790,71,4,287343,29339,1533,0,0.0,327155712,4112416,82944,0.024341874988749623
1806,31,13467648,10,4,13,416,9,10,790,71,4,287343,29339,1533,0,0.0,327155712,4112416,82944,0.02434870897559449
1807,41,18825216,13,5,13,614,9,10,790,71,4,287343,29339,1533,0,0.0,327155712,4112416,82944,0.024901583034079522
1808,21,8110080,10,3,10,43,10,10,791,71,4,288001,29339,1533,0,0.0,327155712,4112416,82944,0.02339454198954627
1809,27,13418496,10,4,13,241,10,10,791,71,4,288001,29339,1533,0,0.0,327155712,4112416,82944,0.021657916018739343
1810,37,18776064,13,5,13,440,10,10,791,71,4,288001,29339,1533,0,0.0,327155712,4112416,82944,0.02238541597034782
1811,47,24133632,13,6,13,1,11,10,792,71,4,288629,29339,1533,0,0.0,327155712,4112416,82944,0.022336916998028755
1812,24,10764288,10,4,10,199,11,10,792,71,4,288629,29339,1533,0,0.0,327155712,4112416,82944,0.022743290988728404
1813,34,16121856,10,5,13,408,11,10,792,71,4,288629,29339,1533,0,0.0,327172096,4112416,82944,0.023518666974268854
1814,44,21479424,13,6,13,0,0,11,792,72,4,288629,29950,1533,0,0.0,327188480,4112416,82944,0.02249404101166874
1815,14,5406720,7,2,10,198,0,11,792,72,4,288629,29950,1533,0,0.0,327188480,4112416,82944,0.022903750010300428
1816,24,10764288,10,3,13,416,0,11,792,72,4,288629,29950,1533,0,0.0,327188480,4112416,82944,0.022527875029481947
1817,34,16121856,13,4,13,0,1,11,793,72,4,289154,29950,1533,0,0.0,327188480,4112416,82944,0.022494375007227063
1818,14,5406720,7,2,10,198,1,11,793,72,4,289154,29950,1533,0,0.0,327204864,4112416,82944,0.022547291009686887
1819,24,10764288,10,3,13,422,1,11,793,72,4,289154,29950,1533,0,0.0,327221248,4112416,82944,0.022959458001423627
1820,34,16121856,13,4,13,0,2,11,794,72,4,289679,29950,1533,0,0.0,327254016,4112416,82944,0.023059541010297835
1821,14,5406720,7,2,10,198,2,11,794,72,4,289679,29950,1533,0,0.0,327254016,4112416,82944,0.022497833997476846
1822,24,10764288,10,3,13,425,2,11,794,72,4,289679,29950,1533,0,0.0,327254016,4112416,82944,0.023650457966141403
1823,34,16121856,13,4,13,0,3,11,795,72,4,290204,29950,1533,0,0.0,327270400,4112416,82944,0.02297116699628532
1824,14,5406720,7,2,10,198,3,11,795,72,4,290204,29950,1533,0,0.0,327286784,4112416,82944,0.02280558302300051
1825,24,10764288,10,3,13,426,3,11,795,72,4,290204,29950,1533,0,0.0,327303168,4112416,82944,0.023063375032506883
1826,34,16121856,13,4,13,198,3,11,795,72,4,290204,29950,1533,0,0.0,327352320,4112416,82944,0.022951708000618964
1827,44,21479424,13,5,13,396,3,11,795,72,4,290204,29950,1533,0,0.0,327352320,4112416,82944,0.023249334015417844
1828,54,26836992,13,6,13,594,3,11,795,72,4,290204,29950,1533,0,0.0,327352320,4112416,82944,0.02270158298779279
1829,11,2752512,4,2,10,20,4,11,796,72,4,291181,29950,1533,0,0.0,327352320,4112416,82944,0.022310291999019682
1830,14,5406720,7,2,10,218,4,11,796,72,4,291181,29950,1533,0,0.0,327352320,4112416,82944,0.022642291034571826
1831,24,10764288,10,3,13,416,4,11,796,72,4,291181,29950,1533,0,0.0,327352320,4112416,82944,0.022169083007611334
1832,34,16121856,13,4,13,614,4,11,796,72,4,291181,29950,1533,0,0.0,327352320,4112416,82944,0.02213050000136718
1833,14,5406720,10,2,10,43,5,11,797,72,4,291839,29950,1533,0,0.0,327352320,4112416,82944,0.024674167041666806
1834,20,10715136,10,3,13,241,5,11,797,72,4,291839,29950,1533,0,0.0,327352320,4112416,82944,0.023637291975319386
1835,30,16072704,13,4,13,439,5,11,797,72,4,291839,29950,1533,0,0.0,327352320,4112416,82944,0.022388541023246944
1836,40,21430272,13,5,13,647,5,11,797,72,4,291839,29950,1533,0,0.0,327368704,4112416,82944,0.022140333021525294
1837,17,8060928,10,3,10,132,6,11,798,72,4,292528,29950,1533,0,0.0,327368704,4112416,82944,0.022386708005797118
1838,25,13385728,10,4,13,330,6,11,798,72,4,292528,29950,1533,0,0.0,327368704,4112416,82944,0.022637334011960775
1839,35,18743296,13,5,13,578,6,11,798,72,4,292528,29950,1533,0,0.0,327434240,4112416,82944,0.022103541006799787
1840,19,8077312,10,3,10,20,7,11,799,72,4,293074,29950,1533,0,0.0,327434240,4112416,82944,0.022086541983298957
1841,22,10731520,10,4,10,223,7,11,799,72,4,293074,29950,1533,0,0.0,327434240,4112416,82944,0.02243154199095443
1842,32,16089088,10,5,13,484,7,11,799,72,4,293074,29950,1533,0,0.0,327450624,4112416,82944,0.02206925000064075
1843,19,8077312,10,3,10,13,8,11,800,72,4,293631,29950,1533,0,0.0,327450624,4112416,82944,0.02282470796490088
1844,22,10731520,10,4,10,211,8,11,800,72,4,293631,29950,1533,0,0.0,327450624,4112416,82944,0.022362957999575883
1845,32,16089088,10,5,13,433,8,11,800,72,4,293631,29950,1533,0,0.0,327483392,4112416,82944,0.02230329200392589
1846,42,21446656,13,6,13,0,9,11,801,72,4,294170,29950,1533,0,0.0,327532544,4112416,82944,0.022665583004709333
1847,22,10731520,10,4,10,198,9,11,801,72,4,294170,29950,1533,0,0.0,327532544,4112416,82944,0.022532375005539507
1848,32,16089088,10,5,13,426,9,11,801,72,4,294170,29950,1533,0,0.0,327532544,4112416,82944,0.022366207966115326
1849,42,21446656,13,6,13,0,10,11,802,72,4,294695,29950,1533,0,0.0,327532544,4112416,82944,0.026225125009659678
1850,22,10731520,10,4,10,198,10,11,802,72,4,294695,29950,1533,0,0.0,327548928,4112416,82944,0.026893958041910082
1851,32,16089088,10,5,13,198,10,11,802,72,4,294695,29950,1533,0,0.0,327565312,4112416,82944,0.023669750022236258
1852,42,21446656,13,6,13,396,10,11,802,72,4,294695,29950,1533,0,0.0,327565312,4112416,82944,0.023001916997600347
1853,52,26804224,13,7,13,594,10,11,802,72,4,294695,29950,1533,0,0.0,327565312,4112416,82944,0.022714874998200685
1854,19,8077312,10,3,10,20,11,11,803,72,4,295483,29950,1533,0,0.0,327565312,4112416,82944,0.02253058401402086
1855,22,10731520,10,4,10,218,11,11,803,72,4,295483,29950,1533,0,0.0,327565312,4112416,82944,0.022948459023609757
1856,32,16089088,10,5,13,416,11,11,803,72,4,295483,29950,1533,0,0.0,327565312,4112416,82944,0.021799249981995672
1857,42,21446656,13,6,13,614,11,11,803,72,4,295483,29950,1533,0,0.0,327565312,4112416,82944,0.023358042002655566
1858,11,2752512,4,2,10,43,0,12,803,73,4,295483,30691,1533,0,0.0,327565312,4112416,82944,0.023110874986741692
1859,17,8060928,7,2,13,241,0,12,803,73,4,295483,30691,1533,0,0.0,327565312,4112416,82944,0.022514583019074053
1860,27,13418496,13,3,13,448,0,12,803,73,4,295483,30691,1533,0,0.0,327565312,4112416,82944,0.022476416954305023
1861,37,18776064,13,4,13,1,1,12,804,73,4,296111,30691,1533,0,0.0,327565312,4112416,82944,0.022710334043949842
1862,14,5406720,7,2,10,199,1,12,804,73,4,296111,30691,1533,0,0.0,327565312,4112416,82944,0.02315033396007493
1863,24,10764288,10,3,13,408,1,12,804,73,4,296111,30691,1533,0,0.0,327565312,4112416,82944,0.02227170905098319
1864,34,16121856,13,4,13,0,2,12,805,73,4,296643,30691,1533,0,0.0,327581696,4112416,82944,0.022919207985978574
1865,14,5406720,7,2,10,198,2,12,805,73,4,296643,30691,1533,0,0.0,327598080,4112416,82944,0.02315445803105831
1866,24,10764288,10,3,13,418,2,12,805,73,4,296643,30691,1533,0,0.0,327614464,4112416,82944,0.02300270803971216
1867,34,16121856,13,4,13,0,3,12,806,73,4,297168,30691,1533,0,0.0,327647232,4112416,82944,0.023245083983056247
1868,14,5406720,7,2,10,198,3,12,806,73,4,297168,30691,1533,0,0.0,327647232,4112416,82944,0.02298083301866427
1869,24,10764288,10,3,13,424,3,12,806,73,4,297168,30691,1533,0,0.0,327647232,4112416,82944,0.02280058298492804
1870,34,16121856,13,4,13,0,4,12,807,73,4,297693,30691,1533,0,0.0,327680000,4112416,82944,0.02328212501015514
1871,14,5406720,7,2,10,198,4,12,807,73,4,297693,30691,1533,0,0.0,327680000,4112416,82944,0.022530583024490625
1872,24,10764288,10,3,13,426,4,12,807,73,4,297693,30691,1533,0,0.0,327696384,4112416,82944,0.022725499991793185
1873,34,16121856,13,4,13,0,5,12,808,73,4,298217,30691,1533,0,0.0,327745536,4112416,82944,0.02272899996023625
1874,14,5406720,7,2,10,198,5,12,808,73,4,298217,30691,1533,0,0.0,327745536,4112416,82944,0.022654666972812265
1875,24,10764288,10,3,13,428,5,12,808,73,4,298217,30691,1533,0,0.0,327745536,4112416,82944,0.022632332984358072
1876,34,16121856,13,4,13,198,5,12,808,73,4,298217,30691,1533,0,0.0,327794688,4112416,82944,0.023183458019047976
1877,44,21479424,13,5,13,396,5,12,808,73,4,298217,30691,1533,0,0.0,327794688,4112416,82944,0.023346457979641855
1878,54,26836992,13,6,13,594,5,12,808,73,4,298217,30691,1533,0,0.0,327794688,4112416,82944,0.02252195798791945
1879,11,2752512,4,2,10,20,6,12,809,73,4,299194,30691,1533,0,0.0,327794688,4112416,82944,0.022588916996028274
1880,14,5406720,7,2,10,218,6,12,809,73,4,299194,30691,1533,0,0.0,327794688,4112416,82944,0.023247874982189387
1881,24,10764288,10,3,13,416,6,12,809,73,4,299194,30691,1533,0,0.0,327794688,4112416,82944,0.0227144579985179
1882,34,16121856,13,4,13,614,6,12,809,73,4,299194,30691,1533,0,0.0,327794688,4112416,82944,0.022591374989133328
1883,14,5406720,10,2,10,43,7,12,810,73,4,299850,30691,1533,0,0.0,327794688,4112416,82944,0.023287709045689553
1884,20,10715136,10,3,13,241,7,12,810,73,4,299850,30691,1533,0,0.0,327794688,4112416,82944,0.022702832997310907
1885,30,16072704,13,4,13,439,7,12,810,73,4,299850,30691,1533,0,0.0,327794688,4112416,82944,0.02233266702387482
1886,40,21430272,13,5,13,655,7,12,810,73,4,299850,30691,1533,0,0.0,327811072,4112416,82944,0.022518792015034705
1887,17,8060928,10,3,10,152,8,12,811,73,4,300529,30691,1533,0,0.0,327811072,4112416,82944,0.02290516596985981
1888,27,13418496,10,4,13,350,8,12,811,73,4,300529,30691,1533,0,0.0,327811072,4112416,82944,0.02309025003341958
1889,37,18776064,13,5,13,603,8,12,811,73,4,300529,30691,1533,0,0.0,327811072,4112416,82944,0.022581249999348074
1890,18,5455872,10,3,10,20,9,12,812,73,4,301067,30691,1533,0,0.0,327811072,4112416,82944,0.02227516600396484
1891,21,8110080,10,3,10,232,9,12,812,73,4,301067,30691,1533,0,0.0,327811072,4112416,82944,0.022904334007762372
1892,31,13467648,10,4,13,493,9,12,812,73,4,301067,30691,1533,0,0.0,327860224,4112416,82944,0.022960916976444423
1893,18,5455872,10,3,10,13,10,12,813,73,4,301638,30691,1533,0,0.0,327892992,4112416,82944,0.022547833970747888
1894,21,8110080,10,3,10,211,10,12,813,73,4,301638,30691,1533,0,0.0,327892992,4112416,82944,0.02266045898431912
1895,31,13467648,10,4,13,434,10,12,813,73,4,301638,30691,1533,0,0.0,327892992,4112416,82944,0.022540499980095774
1896,41,18825216,13,5,13,0,11,12,814,73,4,302176,30691,1533,0,0.0,327892992,4112416,82944,0.02263149997452274
1897,21,8110080,10,3,10,198,11,12,814,73,4,302176,30691,1533,0,0.0,327909376,4112416,82944,0.02345695800613612
1898,31,13467648,10,4,13,427,11,12,814,73,4,302176,30691,1533,0,0.0,327925760,4112416,82944,0.022762416978366673
1899,41,18825216,13,5,13,0,0,13,814,74,4,302176,31274,1533,0,0.0,327974912,4112416,82944,0.022454624995589256
1900,14,5406720,7,2,10,198,0,13,814,74,4,302176,31274,1533,0,0.0,327974912,4112416,82944,0.022838792006950825
1901,24,10764288,10,3,13,198,0,13,814,74,4,302176,31274,1533,0,0.0,327991296,4112416,82944,0.023124458035454154
1902,34,16121856,13,4,13,396,0,13,814,74,4,302176,31274,1533,0,0.0,327991296,4112416,82944,0.02219745801994577
1903,44,21479424,13,5,13,594,0,13,814,74,4,302176,31274,1533,0,0.0,327991296,4112416,82944,0.022335708956234157
1904,11,2752512,4,2,10,20,1,13,815,74,4,302965,31274,1533,0,0.0,327991296,4112416,82944,0.022246000007726252
1905,14,5406720,7,2,10,218,1,13,815,74,4,302965,31274,1533,0,0.0,327991296,4112416,82944,0.022439915977884084
1906,24,10764288,10,3,13,416,1,13,815,74,4,302965,31274,1533,0,0.0,327991296,4112416,82944,0.02198945899726823
1907,34,16121856,13,4,13,614,1,13,815,74,4,302965,31274,1533,0,0.0,327991296,4112416,82944,0.02221404097508639
1908,14,5406720,10,2,10,45,2,13,816,74,4,303622,31274,1533,0,0.0,327991296,4112416,82944,0.02306912501808256
1909,20,10715136,10,3,13,243,2,13,816,74,4,303622,31274,1533,0,0.0,327991296,4112416,82944,0.022673208033666015
1910,30,16072704,13,4,13,441,2,13,816,74,4,303622,31274,1533,0,0.0,327991296,4112416,82944,0.022379041998647153
1911,40,21430272,13,5,13,0,3,13,817,74,4,304260,31274,1533,0,0.0,327991296,4112416,82944,0.0228036250337027
1912,17,8060928,10,3,10,198,3,13,817,74,4,304260,31274,1533,0,0.0,328007680,4112416,82944,0.02265154098859057
1913,27,13418496,10,4,13,402,3,13,817,74,4,304260,31274,1533,0,0.0,328007680,4112416,82944,0.022439332969952375
1914,37,18776064,13,5,13,0,4,13,818,74,4,304785,31274,1533,0,0.0,328024064,4112416,82944,0.022614290995988995
1915,17,8060928,10,3,10,198,4,13,818,74,4,304785,31274,1533,0,0.0,328024064,4112416,82944,0.02263604197651148
1916,27,13418496,10,4,13,419,4,13,818,74,4,304785,31274,1533,0,0.0,328040448,4112416,82944,0.02259920898359269
1917,37,18776064,13,5,13,0,5,13,819,74,4,305310,31274,1533,0,0.0,328073216,4112416,82944,0.022355041990522295
1918,17,8060928,10,3,10,198,5,13,819,74,4,305310,31274,1533,0,0.0,328089600,4112416,82944,0.023175499984063208
1919,27,13418496,10,4,13,424,5,13,819,74,4,305310,31274,1533,0,0.0,328122368,4112416,82944,0.022644708049483597
1920,37,18776064,13,5,13,0,6,13,820,74,4,305835,31274,1533,0,0.0,328138752,4112416,82944,0.022676291991956532
1921,17,8060928,10,3,10,198,6,13,820,74,4,305835,31274,1533,0,0.0,328138752,4112416,82944,0.022570334025658667
1922,27,13418496,10,4,13,425,6,13,820,74,4,305835,31274,1533,0,0.0,328138752,4112416,82944,0.022662416973616928
1923,37,18776064,13,5,13,0,7,13,821,74,4,306360,31274,1533,0,0.0,328171520,4112416,82944,0.02291304199025035
1924,17,8060928,10,3,10,198,7,13,821,74,4,306360,31274,1533,0,0.0,328171520,4112416,82944,0.022256208991166204
1925,27,13418496,10,4,13,426,7,13,821,74,4,306360,31274,1533,0,0.0,328204288,4112416,82944,0.02198141597909853
1926,37,18776064,13,5,13,198,7,13,821,74,4,306360,31274,1533,0,0.0,328237056,4112416,82944,0.02292966697132215
1927,47,24133632,13,6,13,396,7,13,821,74,4,306360,31274,1533,0,0.0,328237056,4112416,82944,0.022153957979753613
1928,57,29491200,13,7,13,594,7,13,821,74,4,306360,31274,1533,0,0.0,328237056,4112416,82944,0.022145167051348835
1929,14,5406720,10,2,10,20,8,13,822,74,4,307336,31274,1533,0,0.0,328237056,4112416,82944,0.022504207969177514
1930,17,8060928,10,3,10,218,8,13,822,74,4,307336,31274,1533,0,0.0,328237056,4112416,82944,0.02309866697760299
1931,27,13418496,10,4,13,416,8,13,822,74,4,307336,31274,1533,0,0.0,328237056,4112416,82944,0.022608958010096103
1932,37,18776064,13,5,13,614,8,13,822,74,4,307336,31274,1533,0,0.0,328237056,4112416,82944,0.022228749992791563
1933,17,8060928,10,3,10,43,9,13,823,74,4,307993,31274,1533,0,0.0,328237056,4112416,82944,0.022686708020046353
1934,23,13369344,10,4,13,241,9,13,823,74,4,307993,31274,1533,0,0.0,328237056,4112416,82944,0.022548125009052455
1935,33,18726912,13,5,13,439,9,13,823,74,4,307993,31274,1533,0,0.0,328237056,4112416,82944,0.022462416032794863
1936,43,24084480,13,6,13,658,9,13,823,74,4,307993,31274,1533,0,0.0,328237056,4112416,82944,0.022479415987618268
1937,20,10715136,10,4,10,154,10,13,824,74,4,308675,31274,1533,0,0.0,328237056,4112416,82944,0.021866665978450328
1938,30,16072704,10,5,13,352,10,13,824,74,4,308675,31274,1533,0,0.0,328237056,4112416,82944,0.02645924995886162
1939,40,21430272,13,6,13,601,10,13,824,74,4,308675,31274,1533,0,0.0,328286208,4112416,82944,0.02264116599690169
1940,21,8110080,10,3,10,20,11,13,825,74,4,309213,31274,1533,0,0.0,328286208,4112416,82944,0.022216582961846143
1941,24,10764288,10,4,10,232,11,13,825,74,4,309213,31274,1533,0,0.0,328286208,4112416,82944,0.022351707972120494
1942,34,16121856,10,5,13,493,11,13,825,74,4,309213,31274,1533,0,0.0,328286208,4112416,82944,0.022739875013940036
1943,11,2752512,4,2,10,13,0,14,825,75,4,309213,31926,1533,0,0.0,328302592,4112416,82944,0.021910834009759128
1944,14,5406720,7,2,10,211,0,14,825,75,4,309213,31926,1533,0,0.0,328318976,4112416,82944,0.02223075000802055
1945,24,10764288,10,3,13,427,0,14,825,75,4,309213,31926,1533,0,0.0,328335360,4112416,82944,0.022842041042167693
1946,34,16121856,13,4,13,0,1,14,826,75,4,309752,31926,1533,0,0.0,328368128,4112416,82944,0.022461874992586672
1947,14,5406720,7,2,10,198,1,14,826,75,4,309752,31926,1533,0,0.0,328368128,4112416,82944,0.022513834002893418
1948,24,10764288,10,3,13,423,1,14,826,75,4,309752,31926,1533,0,0.0,328368128,4112416,82944,0.022697416017763317
1949,34,16121856,13,4,13,0,2,14,827,75,4,310277,31926,1533,0,0.0,328384512,4112416,82944,0.022348750033415854
1950,14,5406720,7,2,10,198,2,14,827,75,4,310277,31926,1533,0,0.0,328384512,4112416,82944,0.022857791977003217
1951,24,10764288,10,3,13,198,2,14,827,75,4,310277,31926,1533,0,0.0,328400896,4112416,82944,0.023155540984589607
1952,34,16121856,13,4,13,396,2,14,827,75,4,310277,31926,1533,0,0.0,328400896,4112416,82944,0.024456125043798238
1953,44,21479424,13,5,13,594,2,14,827,75,4,310277,31926,1533,0,0.0,328400896,4112416,82944,0.023672541952691972
1954,11,2752512,4,2,10,20,3,14,828,75,4,311066,31926,1533,0,0.0,328400896,4112416,82944,0.02333654201356694
1955,14,5406720,7,2,10,218,3,14,828,75,4,311066,31926,1533,0,0.0,328400896,4112416,82944,0.02241262496681884
1956,24,10764288,10,3,13,416,3,14,828,75,4,311066,31926,1533,0,0.0,328400896,4112416,82944,0.023097625002264977
1957,34,16121856,13,4,13,614,3,14,828,75,4,311066,31926,1533,0,0.0,328400896,4112416,82944,0.022376791981514543
1958,14,5406720,10,2,10,45,4,14,829,75,4,311724,31926,1533,0,0.0,328400896,4112416,82944,0.02300812501925975
1959,20,10715136,10,3,13,243,4,14,829,75,4,311724,31926,1533,0,0.0,328417280,4112416,82944,0.02288137504365295
1960,30,16072704,13,4,13,441,4,14,829,75,4,311724,31926,1533,0,0.0,328433664,4112416,82944,0.022626625024713576
1961,40,21430272,13,5,13,1,5,14,830,75,4,312356,31926,1533,0,0.0,328433664,4112416,82944,0.022425540955737233
1962,17,8060928,10,3,10,199,5,14,830,75,4,312356,31926,1533,0,0.0,328433664,4112416,82944,0.0224581669899635
1963,27,13418496,10,4,13,406,5,14,830,75,4,312356,31926,1533,0,0.0,328433664,4112416,82944,0.02229400002397597
1964,37,18776064,13,5,13,0,6,14,831,75,4,312888,31926,1533,0,0.0,328466432,4112416,82944,0.02198162500280887
1965,17,8060928,10,3,10,198,6,14,831,75,4,312888,31926,1533,0,0.0,328482816,4112416,82944,0.022695916995871812
1966,27,13418496,10,4,13,418,6,14,831,75,4,312888,31926,1533,0,0.0,328499200,4112416,82944,0.02244500000961125
1967,37,18776064,13,5,13,0,7,14,832,75,4,313413,31926,1533,0,0.0,328515584,4112416,82944,0.022441499982960522
1968,17,8060928,10,3,10,198,7,14,832,75,4,313413,31926,1533,0,0.0,328515584,4112416,82944,0.02235437504714355
1969,27,13418496,10,4,13,425,7,14,832,75,4,313413,31926,1533,0,0.0,328515584,4112416,82944,0.021980749967042357
1970,37,18776064,13,5,13,0,8,14,833,75,4,313938,31926,1533,0,0.0,328581120,4112416,82944,0.021911832969635725
1971,17,8060928,10,3,10,198,8,14,833,75,4,313938,31926,1533,0,0.0,328581120,4112416,82944,0.0230962079949677
1972,27,13418496,10,4,13,426,8,14,833,75,4,313938,31926,1533,0,0.0,328597504,4112416,82944,0.022982834023423493
1973,37,18776064,13,5,13,0,9,14,834,75,4,314463,31926,1533,0,0.0,328597504,4112416,82944,0.022722375055309385
1974,17,8060928,10,3,10,198,9,14,834,75,4,314463,31926,1533,0,0.0,328597504,4112416,82944,0.02250845800153911
1975,27,13418496,10,4,13,426,9,14,834,75,4,314463,31926,1533,0,0.0,328613888,4112416,82944,0.022301207995042205
1976,37,18776064,13,5,13,198,9,14,834,75,4,314463,31926,1533,0,0.0,328663040,4112416,82944,0.022613334003835917
1977,47,24133632,13,6,13,396,9,14,834,75,4,314463,31926,1533,0,0.0,328663040,4112416,82944,0.022018207993824035
1978,57,29491200,13,7,13,594,9,14,834,75,4,314463,31926,1533,0,0.0,328663040,4112416,82944,0.02185645798454061
1979,14,5406720,10,2,10,20,10,14,835,75,4,315440,31926,1533,0,0.0,328663040,4112416,82944,0.022096959000919014
1980,17,8060928,10,3,10,218,10,14,835,75,4,315440,31926,1533,0,0.0,328663040,4112416,82944,0.02234012499684468
1981,27,13418496,10,4,13,416,10,14,835,75,4,315440,31926,1533,0,0.0,328663040,4112416,82944,0.022364291013218462
1982,37,18776064,13,5,13,614,10,14,835,75,4,315440,31926,1533,0,0.0,328663040,4112416,82944,0.022355750028509647
1983,17,8060928,10,3,10,43,11,14,836,75,4,316095,31926,1533,0,0.0,328663040,4112416,82944,0.022735167003702372
1984,23,13369344,10,4,13,241,11,14,836,75,4,316095,31926,1533,0,0.0,328663040,4112416,82944,0.021670958027243614
1985,33,18726912,13,5,13,439,11,14,836,75,4,316095,31926,1533,0,0.0,328663040,4112416,82944,0.021921582985669374
1986,43,24084480,13,6,13,0,0,15,836,76,4,316095,32619,1533,0,0.0,328695808,4112416,82944,0.022140834014862776
1987,14,5406720,7,2,10,198,0,15,836,76,4,316095,32619,1533,0,0.0,328695808,4112416,82944,0.02247920900117606
1988,24,10764288,10,3,13,396,0,15,836,76,4,316095,32619,1533,0,0.0,328695808,4112416,82944,0.022803416999522597
1989,34,16121856,13,4,13,651,0,15,836,76,4,316095,32619,1533,0,0.0,328695808,4112416,82944,0.02240770898060873
1990,14,5406720,7,2,10,152,1,15,837,76,4,316667,32619,1533,0,0.0,328695808,4112416,82944,0.02250641700811684
1991,24,10764288,10,3,13,366,1,15,837,76,4,316667,32619,1533,0,0.0,328695808,4112416,82944,0.022702082991600037
1992,34,16121856,13,4,13,627,1,15,837,76,4,316667,32619,1533,0,0.0,328744960,4112416,82944,0.02244133298518136
1993,15,2801664,4,3,10,56,2,15,838,76,4,317199,32619,1533,0,0.0,328744960,4112416,82944,0.023174749978352338
1994,21,8110080,7,3,13,274,2,15,838,76,4,317199,32619,1533,0,0.0,328744960,4112416,82944,0.022530457994434983
1995,31,13467648,13,4,13,537,2,15,838,76,4,317199,32619,1533,0,0.0,328744960,4112416,82944,0.022699583030771464
1996,15,2801664,4,3,10,20,3,15,839,76,4,317766,32619,1533,0,0.0,328777728,4112416,82944,0.023010624980088323
1997,18,5455872,7,3,10,218,3,15,839,76,4,317766,32619,1533,0,0.0,328777728,4112416,82944,0.022571792011149228
1998,28,10813440,10,4,13,467,3,15,839,76,4,317766,32619,1533,0,0.0,328810496,4112416,82944,0.023092416988220066
1999,20,5472256,10,4,10,15,4,15,840,76,4,318266,32619,1533,0,0.0,328843264,4112416,82944,0.02324070903705433
2000,23,8126464,10,4,10,213,4,15,840,76,4,318266,32619,1533,0,0.0,328843264,4112416,82944,0.02282620797632262
