panel,row_id,arm,epsilon,relative_error,historical_stable_window_verdict,probe_group,fail,pass,total,horizon
(a),D1|FT_DR1_COMPRESSION_N8|20300401|K1|token_encoder_parameter,D1,0.0001,0.0003246889446144245,False,,,,,
(a),D1|FT_DR1_COMPRESSION_N8|20300401|K1|token_encoder_parameter,D1,3e-05,0.002466097273644037,False,,,,,
(a),D1|FT_DR1_COMPRESSION_N8|20300401|K1|token_encoder_parameter,D1,1e-05,0.00012483863712892988,False,,,,,
(a),D1|FT_DR1_COMPRESSION_N8|20300401|K1|token_encoder_parameter,D1,3e-06,0.056491034224622746,False,,,,,
(a),D1|FT_DR1_COMPRESSION_N8|20300401|K1|coefficient_head_parameter,D1,0.0001,0.00010443627452662646,True,,,,,
(a),D1|FT_DR1_COMPRESSION_N8|20300401|K1|coefficient_head_parameter,D1,3e-05,0.0005416477621132771,True,,,,,
(a),D1|FT_DR1_COMPRESSION_N8|20300401|K1|coefficient_head_parameter,D1,1e-05,0.009275844600546427,True,,,,,
(a),D1|FT_DR1_COMPRESSION_N8|20300401|K1|coefficient_head_parameter,D1,3e-06,0.02317115398802289,True,,,,,
(a),D1|FT_DR1_COMPRESSION_N8|20300401|K1|initial_velocity,D1,0.0001,6.2509546122636e-08,True,,,,,
(a),D1|FT_DR1_COMPRESSION_N8|20300401|K1|initial_velocity,D1,3e-05,6.251860860080142e-08,True,,,,,
(a),D1|FT_DR1_COMPRESSION_N8|20300401|K1|initial_velocity,D1,1e-05,6.252204299258176e-08,True,,,,,
(a),D1|FT_DR1_COMPRESSION_N8|20300401|K1|initial_velocity,D1,3e-06,6.236785904150698e-08,True,,,,,
(a),D1|FT_DR1_COMPRESSION_N8|20300401|K1|initial_density,D1,0.0001,6.649886561939587e-06,True,,,,,
(a),D1|FT_DR1_COMPRESSION_N8|20300401|K1|initial_density,D1,3e-05,6.833806095683821e-06,True,,,,,
(a),D1|FT_DR1_COMPRESSION_N8|20300401|K1|initial_density,D1,1e-05,6.833859232308825e-06,True,,,,,
(a),D1|FT_DR1_COMPRESSION_N8|20300401|K1|initial_density,D1,3e-06,6.833856419896142e-06,True,,,,,
(a),D1|FT_DR1_COMPRESSION_N8|20300401|K2|token_encoder_parameter,D1,0.0001,0.00023020456869146308,False,,,,,
(a),D1|FT_DR1_COMPRESSION_N8|20300401|K2|token_encoder_parameter,D1,3e-05,0.0009965405783971706,False,,,,,
(a),D1|FT_DR1_COMPRESSION_N8|20300401|K2|token_encoder_parameter,D1,1e-05,0.003354633178174568,False,,,,,
(a),D1|FT_DR1_COMPRESSION_N8|20300401|K2|token_encoder_parameter,D1,3e-06,0.015902046864603614,False,,,,,
(a),D1|FT_DR1_COMPRESSION_N8|20300401|K2|coefficient_head_parameter,D1,0.0001,2.196328842570511e-05,True,,,,,
(a),D1|FT_DR1_COMPRESSION_N8|20300401|K2|coefficient_head_parameter,D1,3e-05,0.00031350339722062875,True,,,,,
(a),D1|FT_DR1_COMPRESSION_N8|20300401|K2|coefficient_head_parameter,D1,1e-05,0.0027148745193762694,True,,,,,
(a),D1|FT_DR1_COMPRESSION_N8|20300401|K2|coefficient_head_parameter,D1,3e-06,0.002266803913505589,True,,,,,
(a),D1|FT_DR1_COMPRESSION_N8|20300401|K2|initial_velocity,D1,0.0001,1.1278900138633802e-07,True,,,,,
(a),D1|FT_DR1_COMPRESSION_N8|20300401|K2|initial_velocity,D1,3e-05,1.1278581777549518e-07,True,,,,,
(a),D1|FT_DR1_COMPRESSION_N8|20300401|K2|initial_velocity,D1,1e-05,1.1274119645735177e-07,True,,,,,
(a),D1|FT_DR1_COMPRESSION_N8|20300401|K2|initial_velocity,D1,3e-06,1.1290510668777329e-07,True,,,,,
(a),D1|FT_DR1_COMPRESSION_N8|20300401|K2|initial_density,D1,0.0001,6.036439701629862e-06,True,,,,,
(a),D1|FT_DR1_COMPRESSION_N8|20300401|K2|initial_density,D1,3e-05,6.19174421061878e-06,True,,,,,
(a),D1|FT_DR1_COMPRESSION_N8|20300401|K2|initial_density,D1,1e-05,6.190273524727718e-06,True,,,,,
(a),D1|FT_DR1_COMPRESSION_N8|20300401|K2|initial_density,D1,3e-06,6.190166468694334e-06,True,,,,,
(a),D1|FT_DR1_COMPRESSION_N8|20300401|K4|token_encoder_parameter,D1,0.0001,0.00016018996547421117,True,,,,,
(a),D1|FT_DR1_COMPRESSION_N8|20300401|K4|token_encoder_parameter,D1,3e-05,5.063747832676175e-05,True,,,,,
(a),D1|FT_DR1_COMPRESSION_N8|20300401|K4|token_encoder_parameter,D1,1e-05,0.0010174032722170393,True,,,,,
(a),D1|FT_DR1_COMPRESSION_N8|20300401|K4|token_encoder_parameter,D1,3e-06,0.000742206473812315,True,,,,,
(a),D1|FT_DR1_COMPRESSION_N8|20300401|K4|coefficient_head_parameter,D1,0.0001,1.0960912214000228e-05,True,,,,,
(a),D1|FT_DR1_COMPRESSION_N8|20300401|K4|coefficient_head_parameter,D1,3e-05,9.414258736376961e-05,True,,,,,
(a),D1|FT_DR1_COMPRESSION_N8|20300401|K4|coefficient_head_parameter,D1,1e-05,3.5457556136762655e-05,True,,,,,
(a),D1|FT_DR1_COMPRESSION_N8|20300401|K4|coefficient_head_parameter,D1,3e-06,0.0013525793740612857,True,,,,,
(a),D1|FT_DR1_COMPRESSION_N8|20300401|K4|initial_velocity,D1,0.0001,8.56365645582135e-08,True,,,,,
(a),D1|FT_DR1_COMPRESSION_N8|20300401|K4|initial_velocity,D1,3e-05,8.567134213844913e-08,True,,,,,
(a),D1|FT_DR1_COMPRESSION_N8|20300401|K4|initial_velocity,D1,1e-05,8.562965805752196e-08,True,,,,,
(a),D1|FT_DR1_COMPRESSION_N8|20300401|K4|initial_velocity,D1,3e-06,8.569434303387986e-08,True,,,,,
(a),D1|FT_DR1_COMPRESSION_N8|20300401|K4|initial_density,D1,0.0001,2.1008160756298717e-06,True,,,,,
(a),D1|FT_DR1_COMPRESSION_N8|20300401|K4|initial_density,D1,3e-05,2.068806964647216e-06,True,,,,,
(a),D1|FT_DR1_COMPRESSION_N8|20300401|K4|initial_density,D1,1e-05,2.25849467637596e-06,True,,,,,
(a),D1|FT_DR1_COMPRESSION_N8|20300401|K4|initial_density,D1,3e-06,2.1473618029945515e-06,True,,,,,
(a),D1|FT_DR1_COMPRESSION_N8|20300401|K8|token_encoder_parameter,D1,0.0001,4.750328969814894e-05,True,,,,,
(a),D1|FT_DR1_COMPRESSION_N8|20300401|K8|token_encoder_parameter,D1,3e-05,3.113657070348478e-05,True,,,,,
(a),D1|FT_DR1_COMPRESSION_N8|20300401|K8|token_encoder_parameter,D1,1e-05,0.0008473033331007744,True,,,,,
(a),D1|FT_DR1_COMPRESSION_N8|20300401|K8|token_encoder_parameter,D1,3e-06,0.0005435995023373033,True,,,,,
(a),D1|FT_DR1_COMPRESSION_N8|20300401|K8|coefficient_head_parameter,D1,0.0001,3.0247659551237164e-07,True,,,,,
(a),D1|FT_DR1_COMPRESSION_N8|20300401|K8|coefficient_head_parameter,D1,3e-05,1.3090562288738403e-05,True,,,,,
(a),D1|FT_DR1_COMPRESSION_N8|20300401|K8|coefficient_head_parameter,D1,1e-05,2.374676312229904e-05,True,,,,,
(a),D1|FT_DR1_COMPRESSION_N8|20300401|K8|coefficient_head_parameter,D1,3e-06,0.00024362443350763434,True,,,,,
(a),D1|FT_DR1_COMPRESSION_N8|20300401|K8|initial_velocity,D1,0.0001,1.953709100887574e-07,True,,,,,
(a),D1|FT_DR1_COMPRESSION_N8|20300401|K8|initial_velocity,D1,3e-05,1.9549182956184776e-07,True,,,,,
(a),D1|FT_DR1_COMPRESSION_N8|20300401|K8|initial_velocity,D1,1e-05,1.9536688367434877e-07,True,,,,,
(a),D1|FT_DR1_COMPRESSION_N8|20300401|K8|initial_velocity,D1,3e-06,1.9545801238888185e-07,True,,,,,
(a),D1|FT_DR1_COMPRESSION_N8|20300401|K8|initial_density,D1,0.0001,2.1348768981413068e-05,False,,,,,
(a),D1|FT_DR1_COMPRESSION_N8|20300401|K8|initial_density,D1,3e-05,2.1883854149496087e-05,False,,,,,
(a),D1|FT_DR1_COMPRESSION_N8|20300401|K8|initial_density,D1,1e-05,2.2038532740200117e-05,False,,,,,
(a),D1|FT_DR1_COMPRESSION_N8|20300401|K8|initial_density,D1,3e-06,2.1868443771898573e-05,False,,,,,
(a),D1|FT_DR1_COMPRESSION_N8|20300402|K1|token_encoder_parameter,D1,0.0001,0.003963189047886131,False,,,,,
(a),D1|FT_DR1_COMPRESSION_N8|20300402|K1|token_encoder_parameter,D1,3e-05,0.009487878474248255,False,,,,,
(a),D1|FT_DR1_COMPRESSION_N8|20300402|K1|token_encoder_parameter,D1,1e-05,0.012118162818064606,False,,,,,
(a),D1|FT_DR1_COMPRESSION_N8|20300402|K1|token_encoder_parameter,D1,3e-06,0.03812743706145397,False,,,,,
(a),D1|FT_DR1_COMPRESSION_N8|20300402|K1|coefficient_head_parameter,D1,0.0001,6.938955875814913e-05,True,,,,,
(a),D1|FT_DR1_COMPRESSION_N8|20300402|K1|coefficient_head_parameter,D1,3e-05,0.0002670421224549844,True,,,,,
(a),D1|FT_DR1_COMPRESSION_N8|20300402|K1|coefficient_head_parameter,D1,1e-05,0.00426075893487224,True,,,,,
(a),D1|FT_DR1_COMPRESSION_N8|20300402|K1|coefficient_head_parameter,D1,3e-06,0.010988645545845655,True,,,,,
(a),D1|FT_DR1_COMPRESSION_N8|20300402|K1|initial_velocity,D1,0.0001,4.0096781564819904e-07,True,,,,,
(a),D1|FT_DR1_COMPRESSION_N8|20300402|K1|initial_velocity,D1,3e-05,4.008560718956743e-07,True,,,,,
(a),D1|FT_DR1_COMPRESSION_N8|20300402|K1|initial_velocity,D1,1e-05,4.008574926682248e-07,True,,,,,
(a),D1|FT_DR1_COMPRESSION_N8|20300402|K1|initial_velocity,D1,3e-06,4.0073506700754926e-07,True,,,,,
(a),D1|FT_DR1_COMPRESSION_N8|20300402|K1|initial_density,D1,0.0001,2.4940127425915246e-05,False,,,,,
(a),D1|FT_DR1_COMPRESSION_N8|20300402|K1|initial_density,D1,3e-05,2.4940006109645855e-05,False,,,,,
(a),D1|FT_DR1_COMPRESSION_N8|20300402|K1|initial_density,D1,1e-05,2.4939952590264607e-05,False,,,,,
(a),D1|FT_DR1_COMPRESSION_N8|20300402|K1|initial_density,D1,3e-06,2.494058493408813e-05,False,,,,,
(a),D1|FT_DR1_COMPRESSION_N8|20300402|K2|token_encoder_parameter,D1,0.0001,0.0022280432402242995,True,,,,,
(a),D1|FT_DR1_COMPRESSION_N8|20300402|K2|token_encoder_parameter,D1,3e-05,0.002649964878248175,True,,,,,
(a),D1|FT_DR1_COMPRESSION_N8|20300402|K2|token_encoder_parameter,D1,1e-05,0.011307488726998487,True,,,,,
(a),D1|FT_DR1_COMPRESSION_N8|20300402|K2|token_encoder_parameter,D1,3e-06,0.014268096565012716,True,,,,,
(a),D1|FT_DR1_COMPRESSION_N8|20300402|K2|coefficient_head_parameter,D1,0.0001,7.053688357740608e-05,False,,,,,
(a),D1|FT_DR1_COMPRESSION_N8|20300402|K2|coefficient_head_parameter,D1,3e-05,0.0008844281865223664,False,,,,,
(a),D1|FT_DR1_COMPRESSION_N8|20300402|K2|coefficient_head_parameter,D1,1e-05,0.0009091758416154011,False,,,,,
(a),D1|FT_DR1_COMPRESSION_N8|20300402|K2|coefficient_head_parameter,D1,3e-06,0.004448155722639195,False,,,,,
(a),D1|FT_DR1_COMPRESSION_N8|20300402|K2|initial_velocity,D1,0.0001,2.2239990959752204e-06,True,,,,,
(a),D1|FT_DR1_COMPRESSION_N8|20300402|K2|initial_velocity,D1,3e-05,2.2238134840867196e-06,True,,,,,
(a),D1|FT_DR1_COMPRESSION_N8|20300402|K2|initial_velocity,D1,1e-05,2.2238225457852857e-06,True,,,,,
(a),D1|FT_DR1_COMPRESSION_N8|20300402|K2|initial_velocity,D1,3e-06,2.2236917437893557e-06,True,,,,,
(a),D1|FT_DR1_COMPRESSION_N8|20300402|K2|initial_density,D1,0.0001,2.7925981763859985e-05,False,,,,,
(a),D1|FT_DR1_COMPRESSION_N8|20300402|K2|initial_density,D1,3e-05,2.6878353165425533e-05,False,,,,,
(a),D1|FT_DR1_COMPRESSION_N8|20300402|K2|initial_density,D1,1e-05,2.805124632360471e-05,False,,,,,
(a),D1|FT_DR1_COMPRESSION_N8|20300402|K2|initial_density,D1,3e-06,2.80527497489588e-05,False,,,,,
(a),D1|FT_DR1_COMPRESSION_N8|20300402|K4|token_encoder_parameter,D1,0.0001,0.00021063731407281385,False,,,,,
(a),D1|FT_DR1_COMPRESSION_N8|20300402|K4|token_encoder_parameter,D1,3e-05,0.00037607229435035087,False,,,,,
(a),D1|FT_DR1_COMPRESSION_N8|20300402|K4|token_encoder_parameter,D1,1e-05,0.007242902538134122,False,,,,,
(a),D1|FT_DR1_COMPRESSION_N8|20300402|K4|token_encoder_parameter,D1,3e-06,0.001806133472069278,False,,,,,
(a),D1|FT_DR1_COMPRESSION_N8|20300402|K4|coefficient_head_parameter,D1,0.0001,0.00019100246949905336,True,,,,,
(a),D1|FT_DR1_COMPRESSION_N8|20300402|K4|coefficient_head_parameter,D1,3e-05,0.00041178011539272716,True,,,,,
(a),D1|FT_DR1_COMPRESSION_N8|20300402|K4|coefficient_head_parameter,D1,1e-05,0.0009315665747618506,True,,,,,
(a),D1|FT_DR1_COMPRESSION_N8|20300402|K4|coefficient_head_parameter,D1,3e-06,0.0018249871382521052,True,,,,,
(a),D1|FT_DR1_COMPRESSION_N8|20300402|K4|initial_velocity,D1,0.0001,4.644680675370138e-06,True,,,,,
(a),D1|FT_DR1_COMPRESSION_N8|20300402|K4|initial_velocity,D1,3e-05,4.644322380871328e-06,True,,,,,
(a),D1|FT_DR1_COMPRESSION_N8|20300402|K4|initial_velocity,D1,1e-05,4.6443971321780354e-06,True,,,,,
(a),D1|FT_DR1_COMPRESSION_N8|20300402|K4|initial_velocity,D1,3e-06,4.644227059359435e-06,True,,,,,
(a),D1|FT_DR1_COMPRESSION_N8|20300402|K4|initial_density,D1,0.0001,3.318408754366061e-05,False,,,,,
(a),D1|FT_DR1_COMPRESSION_N8|20300402|K4|initial_density,D1,3e-05,3.7093524565560354e-05,False,,,,,
(a),D1|FT_DR1_COMPRESSION_N8|20300402|K4|initial_density,D1,1e-05,3.8563691573939435e-05,False,,,,,
(a),D1|FT_DR1_COMPRESSION_N8|20300402|K4|initial_density,D1,3e-06,3.8559969061160304e-05,False,,,,,
(a),D1|FT_DR1_COMPRESSION_N8|20300402|K8|token_encoder_parameter,D1,0.0001,0.00017872627283593755,False,,,,,
(a),D1|FT_DR1_COMPRESSION_N8|20300402|K8|token_encoder_parameter,D1,3e-05,0.00045471373964695825,False,,,,,
(a),D1|FT_DR1_COMPRESSION_N8|20300402|K8|token_encoder_parameter,D1,1e-05,0.0011624414854432504,False,,,,,
(a),D1|FT_DR1_COMPRESSION_N8|20300402|K8|token_encoder_parameter,D1,3e-06,0.003013381123368755,False,,,,,
(a),D1|FT_DR1_COMPRESSION_N8|20300402|K8|coefficient_head_parameter,D1,0.0001,1.637371545383116e-05,True,,,,,
(a),D1|FT_DR1_COMPRESSION_N8|20300402|K8|coefficient_head_parameter,D1,3e-05,5.0497794185937806e-05,True,,,,,
(a),D1|FT_DR1_COMPRESSION_N8|20300402|K8|coefficient_head_parameter,D1,1e-05,2.6539632522904677e-05,True,,,,,
(a),D1|FT_DR1_COMPRESSION_N8|20300402|K8|coefficient_head_parameter,D1,3e-06,5.1893940505228045e-05,True,,,,,
(a),D1|FT_DR1_COMPRESSION_N8|20300402|K8|initial_velocity,D1,0.0001,7.384030196055779e-06,True,,,,,
(a),D1|FT_DR1_COMPRESSION_N8|20300402|K8|initial_velocity,D1,3e-05,7.3832469037865034e-06,True,,,,,
(a),D1|FT_DR1_COMPRESSION_N8|20300402|K8|initial_velocity,D1,1e-05,7.383210437212598e-06,True,,,,,
(a),D1|FT_DR1_COMPRESSION_N8|20300402|K8|initial_velocity,D1,3e-06,7.3831701931350015e-06,True,,,,,
(a),D1|FT_DR1_COMPRESSION_N8|20300402|K8|initial_density,D1,0.0001,3.970993651146796e-05,False,,,,,
(a),D1|FT_DR1_COMPRESSION_N8|20300402|K8|initial_density,D1,3e-05,2.8077876682971975e-05,False,,,,,
(a),D1|FT_DR1_COMPRESSION_N8|20300402|K8|initial_density,D1,1e-05,2.5129703675190348e-05,False,,,,,
(a),D1|FT_DR1_COMPRESSION_N8|20300402|K8|initial_density,D1,3e-06,2.513456067114493e-05,False,,,,,
(a),D1|FT_DR1_COMPRESSION_N8|20300403|K1|token_encoder_parameter,D1,0.0001,7.582493821314466e-05,False,,,,,
(a),D1|FT_DR1_COMPRESSION_N8|20300403|K1|token_encoder_parameter,D1,3e-05,0.0005972526479546186,False,,,,,
(a),D1|FT_DR1_COMPRESSION_N8|20300403|K1|token_encoder_parameter,D1,1e-05,0.002078723076501388,False,,,,,
(a),D1|FT_DR1_COMPRESSION_N8|20300403|K1|token_encoder_parameter,D1,3e-06,0.005163085856507463,False,,,,,
(a),D1|FT_DR1_COMPRESSION_N8|20300403|K1|coefficient_head_parameter,D1,0.0001,0.0024565479753620874,False,,,,,
(a),D1|FT_DR1_COMPRESSION_N8|20300403|K1|coefficient_head_parameter,D1,3e-05,0.013451801980939064,False,,,,,
(a),D1|FT_DR1_COMPRESSION_N8|20300403|K1|coefficient_head_parameter,D1,1e-05,0.031723834167035114,False,,,,,
(a),D1|FT_DR1_COMPRESSION_N8|20300403|K1|coefficient_head_parameter,D1,3e-06,0.04530220198653395,False,,,,,
(a),D1|FT_DR1_COMPRESSION_N8|20300403|K1|initial_velocity,D1,0.0001,1.0272232739640308e-06,True,,,,,
(a),D1|FT_DR1_COMPRESSION_N8|20300403|K1|initial_velocity,D1,3e-05,1.0272618025193536e-06,True,,,,,
(a),D1|FT_DR1_COMPRESSION_N8|20300403|K1|initial_velocity,D1,1e-05,1.027026621362946e-06,True,,,,,
(a),D1|FT_DR1_COMPRESSION_N8|20300403|K1|initial_velocity,D1,3e-06,1.0271339298171928e-06,True,,,,,
(a),D1|FT_DR1_COMPRESSION_N8|20300403|K1|initial_density,D1,0.0001,3.1717298365446776e-06,True,,,,,
(a),D1|FT_DR1_COMPRESSION_N8|20300403|K1|initial_density,D1,3e-05,3.3917794199518663e-06,True,,,,,
(a),D1|FT_DR1_COMPRESSION_N8|20300403|K1|initial_density,D1,1e-05,3.3941872462691207e-06,True,,,,,
(a),D1|FT_DR1_COMPRESSION_N8|20300403|K1|initial_density,D1,3e-06,3.400440424119213e-06,True,,,,,
(a),D1|FT_DR1_COMPRESSION_N8|20300403|K2|token_encoder_parameter,D1,0.0001,2.5322129962426128e-05,True,,,,,
(a),D1|FT_DR1_COMPRESSION_N8|20300403|K2|token_encoder_parameter,D1,3e-05,3.2624899254192494e-06,True,,,,,
(a),D1|FT_DR1_COMPRESSION_N8|20300403|K2|token_encoder_parameter,D1,1e-05,0.0003608464845817794,True,,,,,
(a),D1|FT_DR1_COMPRESSION_N8|20300403|K2|token_encoder_parameter,D1,3e-06,0.0002565456015717026,True,,,,,
(a),D1|FT_DR1_COMPRESSION_N8|20300403|K2|coefficient_head_parameter,D1,0.0001,0.0006531854913266898,False,,,,,
(a),D1|FT_DR1_COMPRESSION_N8|20300403|K2|coefficient_head_parameter,D1,3e-05,0.003116578997121246,False,,,,,
(a),D1|FT_DR1_COMPRESSION_N8|20300403|K2|coefficient_head_parameter,D1,1e-05,0.0094590529644496,False,,,,,
(a),D1|FT_DR1_COMPRESSION_N8|20300403|K2|coefficient_head_parameter,D1,3e-06,0.005910859355956505,False,,,,,
(a),D1|FT_DR1_COMPRESSION_N8|20300403|K2|initial_velocity,D1,0.0001,9.120956803327606e-07,True,,,,,
(a),D1|FT_DR1_COMPRESSION_N8|20300403|K2|initial_velocity,D1,3e-05,9.120388661638463e-07,True,,,,,
(a),D1|FT_DR1_COMPRESSION_N8|20300403|K2|initial_velocity,D1,1e-05,9.123745386776662e-07,True,,,,,
(a),D1|FT_DR1_COMPRESSION_N8|20300403|K2|initial_velocity,D1,3e-06,9.122464026648416e-07,True,,,,,
(a),D1|FT_DR1_COMPRESSION_N8|20300403|K2|initial_density,D1,0.0001,2.719299184985355e-06,True,,,,,
(a),D1|FT_DR1_COMPRESSION_N8|20300403|K2|initial_density,D1,3e-05,2.9511845593739966e-06,True,,,,,
(a),D1|FT_DR1_COMPRESSION_N8|20300403|K2|initial_density,D1,1e-05,2.974639488756713e-06,True,,,,,
(a),D1|FT_DR1_COMPRESSION_N8|20300403|K2|initial_density,D1,3e-06,2.9870381841305006e-06,True,,,,,
(a),D1|FT_DR1_COMPRESSION_N8|20300403|K4|token_encoder_parameter,D1,0.0001,2.829590035215038e-06,True,,,,,
(a),D1|FT_DR1_COMPRESSION_N8|20300403|K4|token_encoder_parameter,D1,3e-05,1.755463802275475e-05,True,,,,,
(a),D1|FT_DR1_COMPRESSION_N8|20300403|K4|token_encoder_parameter,D1,1e-05,0.00016916510470707305,True,,,,,
(a),D1|FT_DR1_COMPRESSION_N8|20300403|K4|token_encoder_parameter,D1,3e-06,0.00013072600526967698,True,,,,,
(a),D1|FT_DR1_COMPRESSION_N8|20300403|K4|coefficient_head_parameter,D1,0.0001,4.60745794114843e-05,True,,,,,
(a),D1|FT_DR1_COMPRESSION_N8|20300403|K4|coefficient_head_parameter,D1,3e-05,6.242655143406383e-05,True,,,,,
(a),D1|FT_DR1_COMPRESSION_N8|20300403|K4|coefficient_head_parameter,D1,1e-05,0.0011353413212200503,True,,,,,
(a),D1|FT_DR1_COMPRESSION_N8|20300403|K4|coefficient_head_parameter,D1,3e-06,0.003664533990217683,True,,,,,
(a),D1|FT_DR1_COMPRESSION_N8|20300403|K4|initial_velocity,D1,0.0001,5.445496010497137e-07,True,,,,,
(a),D1|FT_DR1_COMPRESSION_N8|20300403|K4|initial_velocity,D1,3e-05,5.445611550471478e-07,True,,,,,
(a),D1|FT_DR1_COMPRESSION_N8|20300403|K4|initial_velocity,D1,1e-05,5.44855048093312e-07,True,,,,,
(a),D1|FT_DR1_COMPRESSION_N8|20300403|K4|initial_velocity,D1,3e-06,5.454089107532126e-07,True,,,,,
(a),D1|FT_DR1_COMPRESSION_N8|20300403|K4|initial_density,D1,0.0001,1.0515369952418975e-05,False,,,,,
(a),D1|FT_DR1_COMPRESSION_N8|20300403|K4|initial_density,D1,3e-05,1.0399115616745273e-05,False,,,,,
(a),D1|FT_DR1_COMPRESSION_N8|20300403|K4|initial_density,D1,1e-05,1.03484415864492e-05,False,,,,,
(a),D1|FT_DR1_COMPRESSION_N8|20300403|K4|initial_density,D1,3e-06,1.0364679006193446e-05,False,,,,,
(a),D1|FT_DR1_COMPRESSION_N8|20300403|K8|token_encoder_parameter,D1,0.0001,1.8712726447951198e-05,True,,,,,
(a),D1|FT_DR1_COMPRESSION_N8|20300403|K8|token_encoder_parameter,D1,3e-05,4.58413943495484e-05,True,,,,,
(a),D1|FT_DR1_COMPRESSION_N8|20300403|K8|token_encoder_parameter,D1,1e-05,2.2980320577926943e-05,True,,,,,
(a),D1|FT_DR1_COMPRESSION_N8|20300403|K8|token_encoder_parameter,D1,3e-06,0.00019226455957852492,True,,,,,
(a),D1|FT_DR1_COMPRESSION_N8|20300403|K8|coefficient_head_parameter,D1,0.0001,1.045722935577275e-05,True,,,,,
(a),D1|FT_DR1_COMPRESSION_N8|20300403|K8|coefficient_head_parameter,D1,3e-05,1.949396644824211e-05,True,,,,,
(a),D1|FT_DR1_COMPRESSION_N8|20300403|K8|coefficient_head_parameter,D1,1e-05,4.990750502810837e-05,True,,,,,
(a),D1|FT_DR1_COMPRESSION_N8|20300403|K8|coefficient_head_parameter,D1,3e-06,0.0006459878963713379,True,,,,,
(a),D1|FT_DR1_COMPRESSION_N8|20300403|K8|initial_velocity,D1,0.0001,2.0103891380161174e-06,True,,,,,
(a),D1|FT_DR1_COMPRESSION_N8|20300403|K8|initial_velocity,D1,3e-05,2.010155936342547e-06,True,,,,,
(a),D1|FT_DR1_COMPRESSION_N8|20300403|K8|initial_velocity,D1,1e-05,2.0099250577175103e-06,True,,,,,
(a),D1|FT_DR1_COMPRESSION_N8|20300403|K8|initial_velocity,D1,3e-06,2.0095729170841948e-06,True,,,,,
(a),D1|FT_DR1_COMPRESSION_N8|20300403|K8|initial_density,D1,0.0001,5.311055328575251e-06,True,,,,,
(a),D1|FT_DR1_COMPRESSION_N8|20300403|K8|initial_density,D1,3e-05,5.53052583441967e-06,True,,,,,
(a),D1|FT_DR1_COMPRESSION_N8|20300403|K8|initial_density,D1,1e-05,5.57404563613908e-06,True,,,,,
(a),D1|FT_DR1_COMPRESSION_N8|20300403|K8|initial_density,D1,3e-06,5.56710106098681e-06,True,,,,,
(a),D1|FT_DR3_SHEAR_A_N8|20300401|K1|token_encoder_parameter,D1,0.0001,0.017150553719500927,False,,,,,
(a),D1|FT_DR3_SHEAR_A_N8|20300401|K1|token_encoder_parameter,D1,3e-05,0.009098711728535372,False,,,,,
(a),D1|FT_DR3_SHEAR_A_N8|20300401|K1|token_encoder_parameter,D1,1e-05,0.08104888531117455,False,,,,,
(a),D1|FT_DR3_SHEAR_A_N8|20300401|K1|token_encoder_parameter,D1,3e-06,0.9999999996972023,False,,,,,
(a),D1|FT_DR3_SHEAR_A_N8|20300401|K1|coefficient_head_parameter,D1,0.0001,0.018177638674415048,True,,,,,
(a),D1|FT_DR3_SHEAR_A_N8|20300401|K1|coefficient_head_parameter,D1,3e-05,0.03531138189023074,True,,,,,
(a),D1|FT_DR3_SHEAR_A_N8|20300401|K1|coefficient_head_parameter,D1,1e-05,0.06899647998558031,True,,,,,
(a),D1|FT_DR3_SHEAR_A_N8|20300401|K1|coefficient_head_parameter,D1,3e-06,0.17586950635586654,True,,,,,
(a),D1|FT_DR3_SHEAR_A_N8|20300401|K1|initial_velocity,D1,0.0001,1.9327110835290667e-06,True,,,,,
(a),D1|FT_DR3_SHEAR_A_N8|20300401|K1|initial_velocity,D1,3e-05,1.8163253760723568e-06,True,,,,,
(a),D1|FT_DR3_SHEAR_A_N8|20300401|K1|initial_velocity,D1,1e-05,1.816914608837852e-06,True,,,,,
(a),D1|FT_DR3_SHEAR_A_N8|20300401|K1|initial_velocity,D1,3e-06,1.8170716089905835e-06,True,,,,,
(a),D1|FT_DR3_SHEAR_A_N8|20300401|K1|initial_density,D1,0.0001,0.0003257345133565468,False,,,,,
(a),D1|FT_DR3_SHEAR_A_N8|20300401|K1|initial_density,D1,3e-05,0.00033960265854210506,False,,,,,
(a),D1|FT_DR3_SHEAR_A_N8|20300401|K1|initial_density,D1,1e-05,0.0002588549857100818,False,,,,,
(a),D1|FT_DR3_SHEAR_A_N8|20300401|K1|initial_density,D1,3e-06,0.00014669359336335396,False,,,,,
(a),D1|FT_DR3_SHEAR_A_N8|20300401|K2|token_encoder_parameter,D1,0.0001,0.015949280474041715,False,,,,,
(a),D1|FT_DR3_SHEAR_A_N8|20300401|K2|token_encoder_parameter,D1,3e-05,0.041221189273499145,False,,,,,
(a),D1|FT_DR3_SHEAR_A_N8|20300401|K2|token_encoder_parameter,D1,1e-05,0.1524882104305361,False,,,,,
(a),D1|FT_DR3_SHEAR_A_N8|20300401|K2|token_encoder_parameter,D1,3e-06,1.0000000007248164,False,,,,,
(a),D1|FT_DR3_SHEAR_A_N8|20300401|K2|coefficient_head_parameter,D1,0.0001,0.03679325914824796,True,,,,,
(a),D1|FT_DR3_SHEAR_A_N8|20300401|K2|coefficient_head_parameter,D1,3e-05,0.019254006063471295,True,,,,,
(a),D1|FT_DR3_SHEAR_A_N8|20300401|K2|coefficient_head_parameter,D1,1e-05,0.14608802282369268,True,,,,,
(a),D1|FT_DR3_SHEAR_A_N8|20300401|K2|coefficient_head_parameter,D1,3e-06,0.047851749443896294,True,,,,,
(a),D1|FT_DR3_SHEAR_A_N8|20300401|K2|initial_velocity,D1,0.0001,5.604638134357936e-06,True,,,,,
(a),D1|FT_DR3_SHEAR_A_N8|20300401|K2|initial_velocity,D1,3e-05,5.251981215811093e-06,True,,,,,
(a),D1|FT_DR3_SHEAR_A_N8|20300401|K2|initial_velocity,D1,1e-05,5.252358196841235e-06,True,,,,,
(a),D1|FT_DR3_SHEAR_A_N8|20300401|K2|initial_velocity,D1,3e-06,5.2479970794877526e-06,True,,,,,
(a),D1|FT_DR3_SHEAR_A_N8|20300401|K2|initial_density,D1,0.0001,0.00012075674980463558,False,,,,,
(a),D1|FT_DR3_SHEAR_A_N8|20300401|K2|initial_density,D1,3e-05,0.00011869782878544516,False,,,,,
(a),D1|FT_DR3_SHEAR_A_N8|20300401|K2|initial_density,D1,1e-05,8.900778667288914e-05,False,,,,,
(a),D1|FT_DR3_SHEAR_A_N8|20300401|K2|initial_density,D1,3e-06,6.86652432178133e-05,False,,,,,
(a),D1|FT_DR3_SHEAR_A_N8|20300401|K4|token_encoder_parameter,D1,0.0001,0.0026271170259932496,False,,,,,
(a),D1|FT_DR3_SHEAR_A_N8|20300401|K4|token_encoder_parameter,D1,3e-05,0.004287379628964545,False,,,,,
(a),D1|FT_DR3_SHEAR_A_N8|20300401|K4|token_encoder_parameter,D1,1e-05,0.3630228794486964,False,,,,,
(a),D1|FT_DR3_SHEAR_A_N8|20300401|K4|token_encoder_parameter,D1,3e-06,1.0000000007491656,False,,,,,
(a),D1|FT_DR3_SHEAR_A_N8|20300401|K4|coefficient_head_parameter,D1,0.0001,0.0370367328385785,False,,,,,
(a),D1|FT_DR3_SHEAR_A_N8|20300401|K4|coefficient_head_parameter,D1,3e-05,0.06751878489320345,False,,,,,
(a),D1|FT_DR3_SHEAR_A_N8|20300401|K4|coefficient_head_parameter,D1,1e-05,0.0411196799440624,False,,,,,
(a),D1|FT_DR3_SHEAR_A_N8|20300401|K4|coefficient_head_parameter,D1,3e-06,1.0000000012474086,False,,,,,
(a),D1|FT_DR3_SHEAR_A_N8|20300401|K4|initial_velocity,D1,0.0001,5.779088904627174e-06,True,,,,,
(a),D1|FT_DR3_SHEAR_A_N8|20300401|K4|initial_velocity,D1,3e-05,5.514096594214779e-06,True,,,,,
(a),D1|FT_DR3_SHEAR_A_N8|20300401|K4|initial_velocity,D1,1e-05,5.506407867987859e-06,True,,,,,
(a),D1|FT_DR3_SHEAR_A_N8|20300401|K4|initial_velocity,D1,3e-06,5.504706640439507e-06,True,,,,,
(a),D1|FT_DR3_SHEAR_A_N8|20300401|K4|initial_density,D1,0.0001,4.3448432312954344e-05,False,,,,,
(a),D1|FT_DR3_SHEAR_A_N8|20300401|K4|initial_density,D1,3e-05,3.143258132783773e-05,False,,,,,
(a),D1|FT_DR3_SHEAR_A_N8|20300401|K4|initial_density,D1,1e-05,1.18079487823451e-05,False,,,,,
(a),D1|FT_DR3_SHEAR_A_N8|20300401|K4|initial_density,D1,3e-06,5.65122981081509e-06,False,,,,,
(a),D1|FT_DR3_SHEAR_A_N8|20300401|K8|token_encoder_parameter,D1,0.0001,0.029817753748336718,False,,,,,
(a),D1|FT_DR3_SHEAR_A_N8|20300401|K8|token_encoder_parameter,D1,3e-05,0.19620920292946853,False,,,,,
(a),D1|FT_DR3_SHEAR_A_N8|20300401|K8|token_encoder_parameter,D1,1e-05,0.676100297880518,False,,,,,
(a),D1|FT_DR3_SHEAR_A_N8|20300401|K8|token_encoder_parameter,D1,3e-06,1.000000000141708,False,,,,,
(a),D1|FT_DR3_SHEAR_A_N8|20300401|K8|coefficient_head_parameter,D1,0.0001,0.00719295494894343,False,,,,,
(a),D1|FT_DR3_SHEAR_A_N8|20300401|K8|coefficient_head_parameter,D1,3e-05,0.17742822428529473,False,,,,,
(a),D1|FT_DR3_SHEAR_A_N8|20300401|K8|coefficient_head_parameter,D1,1e-05,0.19929161419229638,False,,,,,
(a),D1|FT_DR3_SHEAR_A_N8|20300401|K8|coefficient_head_parameter,D1,3e-06,0.9999999918137599,False,,,,,
(a),D1|FT_DR3_SHEAR_A_N8|20300401|K8|initial_velocity,D1,0.0001,1.0006923744405707e-07,True,,,,,
(a),D1|FT_DR3_SHEAR_A_N8|20300401|K8|initial_velocity,D1,3e-05,8.678608474215345e-08,True,,,,,
(a),D1|FT_DR3_SHEAR_A_N8|20300401|K8|initial_velocity,D1,1e-05,3.19094456583956e-08,True,,,,,
(a),D1|FT_DR3_SHEAR_A_N8|20300401|K8|initial_velocity,D1,3e-06,9.207515661651825e-10,True,,,,,
(a),D1|FT_DR3_SHEAR_A_N8|20300401|K8|initial_density,D1,0.0001,1.635090948124469e-05,True,,,,,
(a),D1|FT_DR3_SHEAR_A_N8|20300401|K8|initial_density,D1,3e-05,8.031844412497888e-06,True,,,,,
(a),D1|FT_DR3_SHEAR_A_N8|20300401|K8|initial_density,D1,1e-05,7.378484457479186e-06,True,,,,,
(a),D1|FT_DR3_SHEAR_A_N8|20300401|K8|initial_density,D1,3e-06,1.5219225398939326e-05,True,,,,,
(a),D1|FT_DR3_SHEAR_A_N8|20300402|K1|token_encoder_parameter,D1,0.0001,0.006095529199241773,True,,,,,
(a),D1|FT_DR3_SHEAR_A_N8|20300402|K1|token_encoder_parameter,D1,3e-05,0.06638724537809104,True,,,,,
(a),D1|FT_DR3_SHEAR_A_N8|20300402|K1|token_encoder_parameter,D1,1e-05,0.12388845582150114,True,,,,,
(a),D1|FT_DR3_SHEAR_A_N8|20300402|K1|token_encoder_parameter,D1,3e-06,0.8536158364910071,True,,,,,
(a),D1|FT_DR3_SHEAR_A_N8|20300402|K1|coefficient_head_parameter,D1,0.0001,0.014686077533552616,True,,,,,
(a),D1|FT_DR3_SHEAR_A_N8|20300402|K1|coefficient_head_parameter,D1,3e-05,0.06639324038205344,True,,,,,
(a),D1|FT_DR3_SHEAR_A_N8|20300402|K1|coefficient_head_parameter,D1,1e-05,0.35244436716564936,True,,,,,
(a),D1|FT_DR3_SHEAR_A_N8|20300402|K1|coefficient_head_parameter,D1,3e-06,0.05931582874750639,True,,,,,
(a),D1|FT_DR3_SHEAR_A_N8|20300402|K1|initial_velocity,D1,0.0001,5.365584928936099e-07,True,,,,,
(a),D1|FT_DR3_SHEAR_A_N8|20300402|K1|initial_velocity,D1,3e-05,5.366028230050216e-07,True,,,,,
(a),D1|FT_DR3_SHEAR_A_N8|20300402|K1|initial_velocity,D1,1e-05,5.3660599024468e-07,True,,,,,
(a),D1|FT_DR3_SHEAR_A_N8|20300402|K1|initial_velocity,D1,3e-06,5.362612228207046e-07,True,,,,,
(a),D1|FT_DR3_SHEAR_A_N8|20300402|K1|initial_density,D1,0.0001,0.0013422173564324794,False,,,,,
(a),D1|FT_DR3_SHEAR_A_N8|20300402|K1|initial_density,D1,3e-05,0.0006086919305328202,False,,,,,
(a),D1|FT_DR3_SHEAR_A_N8|20300402|K1|initial_density,D1,1e-05,0.00040449506272110906,False,,,,,
(a),D1|FT_DR3_SHEAR_A_N8|20300402|K1|initial_density,D1,3e-06,0.00040448608190177666,False,,,,,
(a),D1|FT_DR3_SHEAR_A_N8|20300402|K2|token_encoder_parameter,D1,0.0001,0.008244003724227723,True,,,,,
(a),D1|FT_DR3_SHEAR_A_N8|20300402|K2|token_encoder_parameter,D1,3e-05,0.13996713358129942,True,,,,,
(a),D1|FT_DR3_SHEAR_A_N8|20300402|K2|token_encoder_parameter,D1,1e-05,0.21640971963321787,True,,,,,
(a),D1|FT_DR3_SHEAR_A_N8|20300402|K2|token_encoder_parameter,D1,3e-06,0.631172328713277,True,,,,,
(a),D1|FT_DR3_SHEAR_A_N8|20300402|K2|coefficient_head_parameter,D1,0.0001,0.028171281652002916,True,,,,,
(a),D1|FT_DR3_SHEAR_A_N8|20300402|K2|coefficient_head_parameter,D1,3e-05,0.00018062467316475806,True,,,,,
(a),D1|FT_DR3_SHEAR_A_N8|20300402|K2|coefficient_head_parameter,D1,1e-05,0.26712628652551335,True,,,,,
(a),D1|FT_DR3_SHEAR_A_N8|20300402|K2|coefficient_head_parameter,D1,3e-06,0.9798037449036673,True,,,,,
(a),D1|FT_DR3_SHEAR_A_N8|20300402|K2|initial_velocity,D1,0.0001,1.5411092026080706e-06,True,,,,,
(a),D1|FT_DR3_SHEAR_A_N8|20300402|K2|initial_velocity,D1,3e-05,1.541183875157312e-06,True,,,,,
(a),D1|FT_DR3_SHEAR_A_N8|20300402|K2|initial_velocity,D1,1e-05,1.5412103865512115e-06,True,,,,,
(a),D1|FT_DR3_SHEAR_A_N8|20300402|K2|initial_velocity,D1,3e-06,1.5408463499923252e-06,True,,,,,
(a),D1|FT_DR3_SHEAR_A_N8|20300402|K2|initial_density,D1,0.0001,0.0001291080899119585,False,,,,,
(a),D1|FT_DR3_SHEAR_A_N8|20300402|K2|initial_density,D1,3e-05,8.400389063183989e-06,False,,,,,
(a),D1|FT_DR3_SHEAR_A_N8|20300402|K2|initial_density,D1,1e-05,5.2707661892770114e-05,False,,,,,
(a),D1|FT_DR3_SHEAR_A_N8|20300402|K2|initial_density,D1,3e-06,5.2806552849054014e-05,False,,,,,
(a),D1|FT_DR3_SHEAR_A_N8|20300402|K4|token_encoder_parameter,D1,0.0001,0.021805879346969047,False,,,,,
(a),D1|FT_DR3_SHEAR_A_N8|20300402|K4|token_encoder_parameter,D1,3e-05,0.04300564519241567,False,,,,,
(a),D1|FT_DR3_SHEAR_A_N8|20300402|K4|token_encoder_parameter,D1,1e-05,0.14859619670835467,False,,,,,
(a),D1|FT_DR3_SHEAR_A_N8|20300402|K4|token_encoder_parameter,D1,3e-06,1.0000000012576509,False,,,,,
(a),D1|FT_DR3_SHEAR_A_N8|20300402|K4|coefficient_head_parameter,D1,0.0001,0.036671584872793386,False,,,,,
(a),D1|FT_DR3_SHEAR_A_N8|20300402|K4|coefficient_head_parameter,D1,3e-05,0.02436998584947228,False,,,,,
(a),D1|FT_DR3_SHEAR_A_N8|20300402|K4|coefficient_head_parameter,D1,1e-05,0.6256564918493863,False,,,,,
(a),D1|FT_DR3_SHEAR_A_N8|20300402|K4|coefficient_head_parameter,D1,3e-06,1.0000000283055714,False,,,,,
(a),D1|FT_DR3_SHEAR_A_N8|20300402|K4|initial_velocity,D1,0.0001,2.1562576074891756e-06,True,,,,,
(a),D1|FT_DR3_SHEAR_A_N8|20300402|K4|initial_velocity,D1,3e-05,2.1592503380360716e-06,True,,,,,
(a),D1|FT_DR3_SHEAR_A_N8|20300402|K4|initial_velocity,D1,1e-05,2.1625442549484193e-06,True,,,,,
(a),D1|FT_DR3_SHEAR_A_N8|20300402|K4|initial_velocity,D1,3e-06,2.1630506911958387e-06,True,,,,,
(a),D1|FT_DR3_SHEAR_A_N8|20300402|K4|initial_density,D1,0.0001,7.117901439812301e-05,False,,,,,
(a),D1|FT_DR3_SHEAR_A_N8|20300402|K4|initial_density,D1,3e-05,1.6895784392988713e-05,False,,,,,
(a),D1|FT_DR3_SHEAR_A_N8|20300402|K4|initial_density,D1,1e-05,4.940383440725941e-05,False,,,,,
(a),D1|FT_DR3_SHEAR_A_N8|20300402|K4|initial_density,D1,3e-06,5.3386907130642236e-05,False,,,,,
(a),D1|FT_DR3_SHEAR_A_N8|20300402|K8|token_encoder_parameter,D1,0.0001,0.016842262305315717,True,,,,,
(a),D1|FT_DR3_SHEAR_A_N8|20300402|K8|token_encoder_parameter,D1,3e-05,0.10753066167985899,True,,,,,
(a),D1|FT_DR3_SHEAR_A_N8|20300402|K8|token_encoder_parameter,D1,1e-05,0.40355280740733496,True,,,,,
(a),D1|FT_DR3_SHEAR_A_N8|20300402|K8|token_encoder_parameter,D1,3e-06,0.9881292043744228,True,,,,,
(a),D1|FT_DR3_SHEAR_A_N8|20300402|K8|coefficient_head_parameter,D1,0.0001,0.07521930535863854,True,,,,,
(a),D1|FT_DR3_SHEAR_A_N8|20300402|K8|coefficient_head_parameter,D1,3e-05,0.04415800088705078,True,,,,,
(a),D1|FT_DR3_SHEAR_A_N8|20300402|K8|coefficient_head_parameter,D1,1e-05,0.16621121795983615,True,,,,,
(a),D1|FT_DR3_SHEAR_A_N8|20300402|K8|coefficient_head_parameter,D1,3e-06,0.11481398514801952,True,,,,,
(a),D1|FT_DR3_SHEAR_A_N8|20300402|K8|initial_velocity,D1,0.0001,2.396807178473388e-07,True,,,,,
(a),D1|FT_DR3_SHEAR_A_N8|20300402|K8|initial_velocity,D1,3e-05,2.8777057748100133e-07,True,,,,,
(a),D1|FT_DR3_SHEAR_A_N8|20300402|K8|initial_velocity,D1,1e-05,3.9749680005762655e-07,True,,,,,
(a),D1|FT_DR3_SHEAR_A_N8|20300402|K8|initial_velocity,D1,3e-06,4.3983943778439097e-07,True,,,,,
(a),D1|FT_DR3_SHEAR_A_N8|20300402|K8|initial_density,D1,0.0001,7.008144849925722e-05,False,,,,,
(a),D1|FT_DR3_SHEAR_A_N8|20300402|K8|initial_density,D1,3e-05,5.3636143449686425e-06,False,,,,,
(a),D1|FT_DR3_SHEAR_A_N8|20300402|K8|initial_density,D1,1e-05,1.4310554666736623e-05,False,,,,,
(a),D1|FT_DR3_SHEAR_A_N8|20300402|K8|initial_density,D1,3e-06,1.500245306761284e-05,False,,,,,
(a),D1|FT_DR3_SHEAR_A_N8|20300403|K1|token_encoder_parameter,D1,0.0001,0.00491854963563887,True,,,,,
(a),D1|FT_DR3_SHEAR_A_N8|20300403|K1|token_encoder_parameter,D1,3e-05,0.048253241278980036,True,,,,,
(a),D1|FT_DR3_SHEAR_A_N8|20300403|K1|token_encoder_parameter,D1,1e-05,0.13715500103649006,True,,,,,
(a),D1|FT_DR3_SHEAR_A_N8|20300403|K1|token_encoder_parameter,D1,3e-06,0.3673770563722057,True,,,,,
(a),D1|FT_DR3_SHEAR_A_N8|20300403|K1|coefficient_head_parameter,D1,0.0001,0.01307863234734592,True,,,,,
(a),D1|FT_DR3_SHEAR_A_N8|20300403|K1|coefficient_head_parameter,D1,3e-05,0.018197459576367123,True,,,,,
(a),D1|FT_DR3_SHEAR_A_N8|20300403|K1|coefficient_head_parameter,D1,1e-05,0.3158652781145886,True,,,,,
(a),D1|FT_DR3_SHEAR_A_N8|20300403|K1|coefficient_head_parameter,D1,3e-06,0.3991207981622609,True,,,,,
(a),D1|FT_DR3_SHEAR_A_N8|20300403|K1|initial_velocity,D1,0.0001,2.3830490373070844e-06,True,,,,,
(a),D1|FT_DR3_SHEAR_A_N8|20300403|K1|initial_velocity,D1,3e-05,2.392024206297346e-06,True,,,,,
(a),D1|FT_DR3_SHEAR_A_N8|20300403|K1|initial_velocity,D1,1e-05,2.3920418904584433e-06,True,,,,,
(a),D1|FT_DR3_SHEAR_A_N8|20300403|K1|initial_velocity,D1,3e-06,2.3911094618922647e-06,True,,,,,
(a),D1|FT_DR3_SHEAR_A_N8|20300403|K1|initial_density,D1,0.0001,1.0294274218369113e-05,True,,,,,
(a),D1|FT_DR3_SHEAR_A_N8|20300403|K1|initial_density,D1,3e-05,1.2148252158322716e-06,True,,,,,
(a),D1|FT_DR3_SHEAR_A_N8|20300403|K1|initial_density,D1,1e-05,3.4310817679720285e-07,True,,,,,
(a),D1|FT_DR3_SHEAR_A_N8|20300403|K1|initial_density,D1,3e-06,9.347460222528538e-07,True,,,,,
(a),D1|FT_DR3_SHEAR_A_N8|20300403|K2|token_encoder_parameter,D1,0.0001,0.009768952633098519,True,,,,,
(a),D1|FT_DR3_SHEAR_A_N8|20300403|K2|token_encoder_parameter,D1,3e-05,0.004079878016681967,True,,,,,
(a),D1|FT_DR3_SHEAR_A_N8|20300403|K2|token_encoder_parameter,D1,1e-05,0.03262576781976226,True,,,,,
(a),D1|FT_DR3_SHEAR_A_N8|20300403|K2|token_encoder_parameter,D1,3e-06,0.41635887574896674,True,,,,,
(a),D1|FT_DR3_SHEAR_A_N8|20300403|K2|coefficient_head_parameter,D1,0.0001,0.020566152051537247,True,,,,,
(a),D1|FT_DR3_SHEAR_A_N8|20300403|K2|coefficient_head_parameter,D1,3e-05,0.0009272307009133822,True,,,,,
(a),D1|FT_DR3_SHEAR_A_N8|20300403|K2|coefficient_head_parameter,D1,1e-05,0.4772643086946201,True,,,,,
(a),D1|FT_DR3_SHEAR_A_N8|20300403|K2|coefficient_head_parameter,D1,3e-06,0.4380080907228931,True,,,,,
(a),D1|FT_DR3_SHEAR_A_N8|20300403|K2|initial_velocity,D1,0.0001,2.3644499257950085e-06,True,,,,,
(a),D1|FT_DR3_SHEAR_A_N8|20300403|K2|initial_velocity,D1,3e-05,2.3720324502282856e-06,True,,,,,
(a),D1|FT_DR3_SHEAR_A_N8|20300403|K2|initial_velocity,D1,1e-05,2.37208971473547e-06,True,,,,,
(a),D1|FT_DR3_SHEAR_A_N8|20300403|K2|initial_velocity,D1,3e-06,2.3809535954660698e-06,True,,,,,
(a),D1|FT_DR3_SHEAR_A_N8|20300403|K2|initial_density,D1,0.0001,2.1344758234813817e-06,True,,,,,
(a),D1|FT_DR3_SHEAR_A_N8|20300403|K2|initial_density,D1,3e-05,1.192382502510679e-06,True,,,,,
(a),D1|FT_DR3_SHEAR_A_N8|20300403|K2|initial_density,D1,1e-05,1.9955244906250664e-07,True,,,,,
(a),D1|FT_DR3_SHEAR_A_N8|20300403|K2|initial_density,D1,3e-06,4.34880859627376e-07,True,,,,,
(a),D1|FT_DR3_SHEAR_A_N8|20300403|K4|token_encoder_parameter,D1,0.0001,0.038372654198548545,True,,,,,
(a),D1|FT_DR3_SHEAR_A_N8|20300403|K4|token_encoder_parameter,D1,3e-05,0.14761786379548297,True,,,,,
(a),D1|FT_DR3_SHEAR_A_N8|20300403|K4|token_encoder_parameter,D1,1e-05,0.05176590938036541,True,,,,,
(a),D1|FT_DR3_SHEAR_A_N8|20300403|K4|token_encoder_parameter,D1,3e-06,0.10731542678864966,True,,,,,
(a),D1|FT_DR3_SHEAR_A_N8|20300403|K4|coefficient_head_parameter,D1,0.0001,0.027307054678192784,True,,,,,
(a),D1|FT_DR3_SHEAR_A_N8|20300403|K4|coefficient_head_parameter,D1,3e-05,0.07618672674237531,True,,,,,
(a),D1|FT_DR3_SHEAR_A_N8|20300403|K4|coefficient_head_parameter,D1,1e-05,0.45171597817371856,True,,,,,
(a),D1|FT_DR3_SHEAR_A_N8|20300403|K4|coefficient_head_parameter,D1,3e-06,0.711631423483849,True,,,,,
(a),D1|FT_DR3_SHEAR_A_N8|20300403|K4|initial_velocity,D1,0.0001,4.637172387485966e-06,True,,,,,
(a),D1|FT_DR3_SHEAR_A_N8|20300403|K4|initial_velocity,D1,3e-05,4.651841656132998e-06,True,,,,,
(a),D1|FT_DR3_SHEAR_A_N8|20300403|K4|initial_velocity,D1,1e-05,4.663178315812609e-06,True,,,,,
(a),D1|FT_DR3_SHEAR_A_N8|20300403|K4|initial_velocity,D1,3e-06,4.671267635896725e-06,True,,,,,
(a),D1|FT_DR3_SHEAR_A_N8|20300403|K4|initial_density,D1,0.0001,8.359253451693573e-06,True,,,,,
(a),D1|FT_DR3_SHEAR_A_N8|20300403|K4|initial_density,D1,3e-05,8.102321143689959e-06,True,,,,,
(a),D1|FT_DR3_SHEAR_A_N8|20300403|K4|initial_density,D1,1e-05,5.794793817753269e-06,True,,,,,
(a),D1|FT_DR3_SHEAR_A_N8|20300403|K4|initial_density,D1,3e-06,5.8686976902446605e-06,True,,,,,
(a),D1|FT_DR3_SHEAR_A_N8|20300403|K8|token_encoder_parameter,D1,0.0001,0.04352830528588298,True,,,,,
(a),D1|FT_DR3_SHEAR_A_N8|20300403|K8|token_encoder_parameter,D1,3e-05,0.10285643511639404,True,,,,,
(a),D1|FT_DR3_SHEAR_A_N8|20300403|K8|token_encoder_parameter,D1,1e-05,0.30547298319335725,True,,,,,
(a),D1|FT_DR3_SHEAR_A_N8|20300403|K8|token_encoder_parameter,D1,3e-06,0.3164153876859687,True,,,,,
(a),D1|FT_DR3_SHEAR_A_N8|20300403|K8|coefficient_head_parameter,D1,0.0001,0.05510896593901103,False,,,,,
(a),D1|FT_DR3_SHEAR_A_N8|20300403|K8|coefficient_head_parameter,D1,3e-05,0.10301222454502366,False,,,,,
(a),D1|FT_DR3_SHEAR_A_N8|20300403|K8|coefficient_head_parameter,D1,1e-05,0.8786173550923401,False,,,,,
(a),D1|FT_DR3_SHEAR_A_N8|20300403|K8|coefficient_head_parameter,D1,3e-06,0.9999999784101721,False,,,,,
(a),D1|FT_DR3_SHEAR_A_N8|20300403|K8|initial_velocity,D1,0.0001,2.4956615119085685e-06,True,,,,,
(a),D1|FT_DR3_SHEAR_A_N8|20300403|K8|initial_velocity,D1,3e-05,2.417960316795006e-06,True,,,,,
(a),D1|FT_DR3_SHEAR_A_N8|20300403|K8|initial_velocity,D1,1e-05,2.417051403337264e-06,True,,,,,
(a),D1|FT_DR3_SHEAR_A_N8|20300403|K8|initial_velocity,D1,3e-06,2.41119854575853e-06,True,,,,,
(a),D1|FT_DR3_SHEAR_A_N8|20300403|K8|initial_density,D1,0.0001,9.83763115569985e-06,True,,,,,
(a),D1|FT_DR3_SHEAR_A_N8|20300403|K8|initial_density,D1,3e-05,1.0009343405903567e-05,True,,,,,
(a),D1|FT_DR3_SHEAR_A_N8|20300403|K8|initial_density,D1,1e-05,6.425310959324675e-06,True,,,,,
(a),D1|FT_DR3_SHEAR_A_N8|20300403|K8|initial_density,D1,3e-06,6.590958236816232e-06,True,,,,,
(b),D2|FT_DR1_COUPLED_N8|20300401|K1|gru_parameter,D2,0.0001,0.02570494387296875,True,,,,,
(b),D2|FT_DR1_COUPLED_N8|20300401|K1|gru_parameter,D2,3e-05,0.053387941616613754,True,,,,,
(b),D2|FT_DR1_COUPLED_N8|20300401|K1|gru_parameter,D2,1e-05,0.15985264519338982,True,,,,,
(b),D2|FT_DR1_COUPLED_N8|20300401|K1|gru_parameter,D2,3e-06,0.005843087811484781,True,,,,,
(b),D2|FT_DR1_COUPLED_N8|20300401|K1|coefficient_head_parameter,D2,0.0001,0.008251464195597498,True,,,,,
(b),D2|FT_DR1_COUPLED_N8|20300401|K1|coefficient_head_parameter,D2,3e-05,0.03789048925639397,True,,,,,
(b),D2|FT_DR1_COUPLED_N8|20300401|K1|coefficient_head_parameter,D2,1e-05,0.012004737322310463,True,,,,,
(b),D2|FT_DR1_COUPLED_N8|20300401|K1|coefficient_head_parameter,D2,3e-06,0.7996683203186796,True,,,,,
(b),D2|FT_DR1_COUPLED_N8|20300401|K1|initial_velocity,D2,0.0001,2.351839200662227e-09,True,,,,,
(b),D2|FT_DR1_COUPLED_N8|20300401|K1|initial_velocity,D2,3e-05,5.754474666881193e-08,True,,,,,
(b),D2|FT_DR1_COUPLED_N8|20300401|K1|initial_velocity,D2,1e-05,4.9539499485170633e-08,True,,,,,
(b),D2|FT_DR1_COUPLED_N8|20300401|K1|initial_velocity,D2,3e-06,1.07169978529367e-07,True,,,,,
(b),D2|FT_DR1_COUPLED_N8|20300401|K1|initial_density,D2,0.0001,2.2914386169099926e-06,True,,,,,
(b),D2|FT_DR1_COUPLED_N8|20300401|K1|initial_density,D2,3e-05,2.4460200934983445e-06,True,,,,,
(b),D2|FT_DR1_COUPLED_N8|20300401|K1|initial_density,D2,1e-05,1.6799904386926644e-06,True,,,,,
(b),D2|FT_DR1_COUPLED_N8|20300401|K1|initial_density,D2,3e-06,1.2670521183626727e-06,True,,,,,
(b),D2|FT_DR1_COUPLED_N8|20300401|K1|initial_hidden_state,D2,0.0001,0.6655944655991681,False,,,,,
(b),D2|FT_DR1_COUPLED_N8|20300401|K1|initial_hidden_state,D2,3e-05,0.6961457160118665,False,,,,,
(b),D2|FT_DR1_COUPLED_N8|20300401|K1|initial_hidden_state,D2,1e-05,0.7061428029397115,False,,,,,
(b),D2|FT_DR1_COUPLED_N8|20300401|K1|initial_hidden_state,D2,3e-06,0.6660829009518565,False,,,,,
(b),D2|FT_DR1_COUPLED_N8|20300401|K2|gru_parameter,D2,0.0001,0.03309921611335937,True,,,,,
(b),D2|FT_DR1_COUPLED_N8|20300401|K2|gru_parameter,D2,3e-05,0.001841909664089337,True,,,,,
(b),D2|FT_DR1_COUPLED_N8|20300401|K2|gru_parameter,D2,1e-05,0.23294038697156677,True,,,,,
(b),D2|FT_DR1_COUPLED_N8|20300401|K2|gru_parameter,D2,3e-06,0.5621720182149075,True,,,,,
(b),D2|FT_DR1_COUPLED_N8|20300401|K2|coefficient_head_parameter,D2,0.0001,0.008768064311518135,True,,,,,
(b),D2|FT_DR1_COUPLED_N8|20300401|K2|coefficient_head_parameter,D2,3e-05,0.0143453649700243,True,,,,,
(b),D2|FT_DR1_COUPLED_N8|20300401|K2|coefficient_head_parameter,D2,1e-05,0.09383540941821009,True,,,,,
(b),D2|FT_DR1_COUPLED_N8|20300401|K2|coefficient_head_parameter,D2,3e-06,0.7161980896878563,True,,,,,
(b),D2|FT_DR1_COUPLED_N8|20300401|K2|initial_velocity,D2,0.0001,3.837579536577123e-07,True,,,,,
(b),D2|FT_DR1_COUPLED_N8|20300401|K2|initial_velocity,D2,3e-05,2.707636963682099e-07,True,,,,,
(b),D2|FT_DR1_COUPLED_N8|20300401|K2|initial_velocity,D2,1e-05,2.791809231882268e-07,True,,,,,
(b),D2|FT_DR1_COUPLED_N8|20300401|K2|initial_velocity,D2,3e-06,9.479446100626387e-08,True,,,,,
(b),D2|FT_DR1_COUPLED_N8|20300401|K2|initial_density,D2,0.0001,2.377584314448568e-06,True,,,,,
(b),D2|FT_DR1_COUPLED_N8|20300401|K2|initial_density,D2,3e-05,3.310090445429406e-06,True,,,,,
(b),D2|FT_DR1_COUPLED_N8|20300401|K2|initial_density,D2,1e-05,2.9977444649718386e-06,True,,,,,
(b),D2|FT_DR1_COUPLED_N8|20300401|K2|initial_density,D2,3e-06,2.870427403842917e-06,True,,,,,
(b),D2|FT_DR1_COUPLED_N8|20300401|K2|initial_hidden_state,D2,0.0001,0.44148685050220504,False,,,,,
(b),D2|FT_DR1_COUPLED_N8|20300401|K2|initial_hidden_state,D2,3e-05,0.4574619318178042,False,,,,,
(b),D2|FT_DR1_COUPLED_N8|20300401|K2|initial_hidden_state,D2,1e-05,0.45225741832277855,False,,,,,
(b),D2|FT_DR1_COUPLED_N8|20300401|K2|initial_hidden_state,D2,3e-06,0.4091499821587074,False,,,,,
(b),D2|FT_DR1_COUPLED_N8|20300401|K4|gru_parameter,D2,0.0001,0.04206331863106546,True,,,,,
(b),D2|FT_DR1_COUPLED_N8|20300401|K4|gru_parameter,D2,3e-05,0.07773073730506862,True,,,,,
(b),D2|FT_DR1_COUPLED_N8|20300401|K4|gru_parameter,D2,1e-05,0.08725880190786489,True,,,,,
(b),D2|FT_DR1_COUPLED_N8|20300401|K4|gru_parameter,D2,3e-06,0.25994579937880335,True,,,,,
(b),D2|FT_DR1_COUPLED_N8|20300401|K4|coefficient_head_parameter,D2,0.0001,0.02493113496544492,False,,,,,
(b),D2|FT_DR1_COUPLED_N8|20300401|K4|coefficient_head_parameter,D2,3e-05,0.005462286988031713,False,,,,,
(b),D2|FT_DR1_COUPLED_N8|20300401|K4|coefficient_head_parameter,D2,1e-05,0.21298498099680882,False,,,,,
(b),D2|FT_DR1_COUPLED_N8|20300401|K4|coefficient_head_parameter,D2,3e-06,0.9999999975382761,False,,,,,
(b),D2|FT_DR1_COUPLED_N8|20300401|K4|initial_velocity,D2,0.0001,1.0777687601422783e-06,True,,,,,
(b),D2|FT_DR1_COUPLED_N8|20300401|K4|initial_velocity,D2,3e-05,8.517637623210551e-07,True,,,,,
(b),D2|FT_DR1_COUPLED_N8|20300401|K4|initial_velocity,D2,1e-05,8.232712551455609e-07,True,,,,,
(b),D2|FT_DR1_COUPLED_N8|20300401|K4|initial_velocity,D2,3e-06,3.6561344159392483e-07,True,,,,,
(b),D2|FT_DR1_COUPLED_N8|20300401|K4|initial_density,D2,0.0001,1.4321311812331244e-06,True,,,,,
(b),D2|FT_DR1_COUPLED_N8|20300401|K4|initial_density,D2,3e-05,7.575067856889185e-07,True,,,,,
(b),D2|FT_DR1_COUPLED_N8|20300401|K4|initial_density,D2,1e-05,1.6769247945023415e-06,True,,,,,
(b),D2|FT_DR1_COUPLED_N8|20300401|K4|initial_density,D2,3e-06,2.173543595019054e-07,True,,,,,
(b),D2|FT_DR1_COUPLED_N8|20300401|K4|initial_hidden_state,D2,0.0001,0.26657288822147224,False,,,,,
(b),D2|FT_DR1_COUPLED_N8|20300401|K4|initial_hidden_state,D2,3e-05,0.26410148387148036,False,,,,,
(b),D2|FT_DR1_COUPLED_N8|20300401|K4|initial_hidden_state,D2,1e-05,0.2522315389870014,False,,,,,
(b),D2|FT_DR1_COUPLED_N8|20300401|K4|initial_hidden_state,D2,3e-06,0.2148655891620645,False,,,,,
(b),D2|FT_DR1_COUPLED_N8|20300401|K8|gru_parameter,D2,0.0001,0.035801824148124134,False,,,,,
(b),D2|FT_DR1_COUPLED_N8|20300401|K8|gru_parameter,D2,3e-05,0.0950624813450849,False,,,,,
(b),D2|FT_DR1_COUPLED_N8|20300401|K8|gru_parameter,D2,1e-05,0.34449855579661726,False,,,,,
(b),D2|FT_DR1_COUPLED_N8|20300401|K8|gru_parameter,D2,3e-06,0.9999999999894325,False,,,,,
(b),D2|FT_DR1_COUPLED_N8|20300401|K8|coefficient_head_parameter,D2,0.0001,0.04658711855403601,True,,,,,
(b),D2|FT_DR1_COUPLED_N8|20300401|K8|coefficient_head_parameter,D2,3e-05,0.11756081197414209,True,,,,,
(b),D2|FT_DR1_COUPLED_N8|20300401|K8|coefficient_head_parameter,D2,1e-05,0.025641242649844118,True,,,,,
(b),D2|FT_DR1_COUPLED_N8|20300401|K8|coefficient_head_parameter,D2,3e-06,0.2925421116348312,True,,,,,
(b),D2|FT_DR1_COUPLED_N8|20300401|K8|initial_velocity,D2,0.0001,2.0238335719211444e-06,True,,,,,
(b),D2|FT_DR1_COUPLED_N8|20300401|K8|initial_velocity,D2,3e-05,1.6003149318545324e-06,True,,,,,
(b),D2|FT_DR1_COUPLED_N8|20300401|K8|initial_velocity,D2,1e-05,1.4182504842566167e-06,True,,,,,
(b),D2|FT_DR1_COUPLED_N8|20300401|K8|initial_velocity,D2,3e-06,4.2856995486148484e-07,True,,,,,
(b),D2|FT_DR1_COUPLED_N8|20300401|K8|initial_density,D2,0.0001,1.5491745528009592e-06,True,,,,,
(b),D2|FT_DR1_COUPLED_N8|20300401|K8|initial_density,D2,3e-05,3.5103708969592663e-06,True,,,,,
(b),D2|FT_DR1_COUPLED_N8|20300401|K8|initial_density,D2,1e-05,2.256758239190405e-06,True,,,,,
(b),D2|FT_DR1_COUPLED_N8|20300401|K8|initial_density,D2,3e-06,3.4348000773574715e-06,True,,,,,
(b),D2|FT_DR1_COUPLED_N8|20300401|K8|initial_hidden_state,D2,0.0001,0.20600411149252304,False,,,,,
(b),D2|FT_DR1_COUPLED_N8|20300401|K8|initial_hidden_state,D2,3e-05,0.19987419793239122,False,,,,,
(b),D2|FT_DR1_COUPLED_N8|20300401|K8|initial_hidden_state,D2,1e-05,0.18750947095981943,False,,,,,
(b),D2|FT_DR1_COUPLED_N8|20300401|K8|initial_hidden_state,D2,3e-06,0.15544412006734545,False,,,,,
(b),D2|FT_DR1_COUPLED_N8|20300402|K1|gru_parameter,D2,0.0001,0.013537317894366156,True,,,,,
(b),D2|FT_DR1_COUPLED_N8|20300402|K1|gru_parameter,D2,3e-05,0.04485075492382335,True,,,,,
(b),D2|FT_DR1_COUPLED_N8|20300402|K1|gru_parameter,D2,1e-05,0.23180981992802469,True,,,,,
(b),D2|FT_DR1_COUPLED_N8|20300402|K1|gru_parameter,D2,3e-06,0.022824930515312133,True,,,,,
(b),D2|FT_DR1_COUPLED_N8|20300402|K1|coefficient_head_parameter,D2,0.0001,0.005800837500908075,True,,,,,
(b),D2|FT_DR1_COUPLED_N8|20300402|K1|coefficient_head_parameter,D2,3e-05,0.072057419872044,True,,,,,
(b),D2|FT_DR1_COUPLED_N8|20300402|K1|coefficient_head_parameter,D2,1e-05,0.17764174248731027,True,,,,,
(b),D2|FT_DR1_COUPLED_N8|20300402|K1|coefficient_head_parameter,D2,3e-06,0.0013779380617114773,True,,,,,
(b),D2|FT_DR1_COUPLED_N8|20300402|K1|initial_velocity,D2,0.0001,2.9344422386701423e-06,True,,,,,
(b),D2|FT_DR1_COUPLED_N8|20300402|K1|initial_velocity,D2,3e-05,2.2127641851451135e-06,True,,,,,
(b),D2|FT_DR1_COUPLED_N8|20300402|K1|initial_velocity,D2,1e-05,1.5874147266256049e-06,True,,,,,
(b),D2|FT_DR1_COUPLED_N8|20300402|K1|initial_velocity,D2,3e-06,9.908080001607968e-07,True,,,,,
(b),D2|FT_DR1_COUPLED_N8|20300402|K1|initial_density,D2,0.0001,8.203873309572921e-06,True,,,,,
(b),D2|FT_DR1_COUPLED_N8|20300402|K1|initial_density,D2,3e-05,8.377171316969138e-06,True,,,,,
(b),D2|FT_DR1_COUPLED_N8|20300402|K1|initial_density,D2,1e-05,6.510097943030173e-06,True,,,,,
(b),D2|FT_DR1_COUPLED_N8|20300402|K1|initial_density,D2,3e-06,3.535536798124935e-06,True,,,,,
(b),D2|FT_DR1_COUPLED_N8|20300402|K1|initial_hidden_state,D2,0.0001,0.028054211959735984,False,,,,,
(b),D2|FT_DR1_COUPLED_N8|20300402|K1|initial_hidden_state,D2,3e-05,0.04409722214808731,False,,,,,
(b),D2|FT_DR1_COUPLED_N8|20300402|K1|initial_hidden_state,D2,1e-05,0.003288251850500471,False,,,,,
(b),D2|FT_DR1_COUPLED_N8|20300402|K1|initial_hidden_state,D2,3e-06,0.042056112762281356,False,,,,,
(b),D2|FT_DR1_COUPLED_N8|20300402|K2|gru_parameter,D2,0.0001,0.0449395189353808,False,,,,,
(b),D2|FT_DR1_COUPLED_N8|20300402|K2|gru_parameter,D2,3e-05,0.07409312100305261,False,,,,,
(b),D2|FT_DR1_COUPLED_N8|20300402|K2|gru_parameter,D2,1e-05,0.5599614527452528,False,,,,,
(b),D2|FT_DR1_COUPLED_N8|20300402|K2|gru_parameter,D2,3e-06,1.0000000000314313,False,,,,,
(b),D2|FT_DR1_COUPLED_N8|20300402|K2|coefficient_head_parameter,D2,0.0001,0.0068036984071038345,False,,,,,
(b),D2|FT_DR1_COUPLED_N8|20300402|K2|coefficient_head_parameter,D2,3e-05,0.08675988827318439,False,,,,,
(b),D2|FT_DR1_COUPLED_N8|20300402|K2|coefficient_head_parameter,D2,1e-05,0.49876705446032976,False,,,,,
(b),D2|FT_DR1_COUPLED_N8|20300402|K2|coefficient_head_parameter,D2,3e-06,0.9999999903823655,False,,,,,
(b),D2|FT_DR1_COUPLED_N8|20300402|K2|initial_velocity,D2,0.0001,5.635112782991823e-06,True,,,,,
(b),D2|FT_DR1_COUPLED_N8|20300402|K2|initial_velocity,D2,3e-05,4.131020471154728e-06,True,,,,,
(b),D2|FT_DR1_COUPLED_N8|20300402|K2|initial_velocity,D2,1e-05,2.685771607990847e-06,True,,,,,
(b),D2|FT_DR1_COUPLED_N8|20300402|K2|initial_velocity,D2,3e-06,1.3640610994055535e-06,True,,,,,
(b),D2|FT_DR1_COUPLED_N8|20300402|K2|initial_density,D2,0.0001,1.9038217556206343e-05,False,,,,,
(b),D2|FT_DR1_COUPLED_N8|20300402|K2|initial_density,D2,3e-05,1.9297262932172744e-05,False,,,,,
(b),D2|FT_DR1_COUPLED_N8|20300402|K2|initial_density,D2,1e-05,1.711242530630362e-05,False,,,,,
(b),D2|FT_DR1_COUPLED_N8|20300402|K2|initial_density,D2,3e-06,1.0830750612988843e-05,False,,,,,
(b),D2|FT_DR1_COUPLED_N8|20300402|K2|initial_hidden_state,D2,0.0001,0.15547313446619307,False,,,,,
(b),D2|FT_DR1_COUPLED_N8|20300402|K2|initial_hidden_state,D2,3e-05,0.111996607358171,False,,,,,
(b),D2|FT_DR1_COUPLED_N8|20300402|K2|initial_hidden_state,D2,1e-05,0.09086830807603236,False,,,,,
(b),D2|FT_DR1_COUPLED_N8|20300402|K2|initial_hidden_state,D2,3e-06,0.021902079483545448,False,,,,,
(b),D2|FT_DR1_COUPLED_N8|20300402|K4|gru_parameter,D2,0.0001,0.032685505007390765,False,,,,,
(b),D2|FT_DR1_COUPLED_N8|20300402|K4|gru_parameter,D2,3e-05,0.09920176444455399,False,,,,,
(b),D2|FT_DR1_COUPLED_N8|20300402|K4|gru_parameter,D2,1e-05,0.3980624982543652,False,,,,,
(b),D2|FT_DR1_COUPLED_N8|20300402|K4|gru_parameter,D2,3e-06,1.0000000000643692,False,,,,,
(b),D2|FT_DR1_COUPLED_N8|20300402|K4|coefficient_head_parameter,D2,0.0001,0.04960024869744363,False,,,,,
(b),D2|FT_DR1_COUPLED_N8|20300402|K4|coefficient_head_parameter,D2,3e-05,0.1348030437284568,False,,,,,
(b),D2|FT_DR1_COUPLED_N8|20300402|K4|coefficient_head_parameter,D2,1e-05,0.2861007256565865,False,,,,,
(b),D2|FT_DR1_COUPLED_N8|20300402|K4|coefficient_head_parameter,D2,3e-06,1.000000043772002,False,,,,,
(b),D2|FT_DR1_COUPLED_N8|20300402|K4|initial_velocity,D2,0.0001,1.0278327084916915e-05,True,,,,,
(b),D2|FT_DR1_COUPLED_N8|20300402|K4|initial_velocity,D2,3e-05,7.224826706946505e-06,True,,,,,
(b),D2|FT_DR1_COUPLED_N8|20300402|K4|initial_velocity,D2,1e-05,3.944950658116629e-06,True,,,,,
(b),D2|FT_DR1_COUPLED_N8|20300402|K4|initial_velocity,D2,3e-06,1.345539963384986e-06,True,,,,,
(b),D2|FT_DR1_COUPLED_N8|20300402|K4|initial_density,D2,0.0001,4.172300591793919e-05,False,,,,,
(b),D2|FT_DR1_COUPLED_N8|20300402|K4|initial_density,D2,3e-05,3.496807352854591e-05,False,,,,,
(b),D2|FT_DR1_COUPLED_N8|20300402|K4|initial_density,D2,1e-05,2.5132828883943995e-05,False,,,,,
(b),D2|FT_DR1_COUPLED_N8|20300402|K4|initial_density,D2,3e-06,8.730331968406785e-06,False,,,,,
(b),D2|FT_DR1_COUPLED_N8|20300402|K4|initial_hidden_state,D2,0.0001,0.17281341807597592,False,,,,,
(b),D2|FT_DR1_COUPLED_N8|20300402|K4|initial_hidden_state,D2,3e-05,0.07620235929329511,False,,,,,
(b),D2|FT_DR1_COUPLED_N8|20300402|K4|initial_hidden_state,D2,1e-05,0.024799104924714693,False,,,,,
(b),D2|FT_DR1_COUPLED_N8|20300402|K4|initial_hidden_state,D2,3e-06,0.12164655206806277,False,,,,,
(b),D2|FT_DR1_COUPLED_N8|20300402|K8|gru_parameter,D2,0.0001,0.10797033980562742,False,,,,,
(b),D2|FT_DR1_COUPLED_N8|20300402|K8|gru_parameter,D2,3e-05,0.18361117213041067,False,,,,,
(b),D2|FT_DR1_COUPLED_N8|20300402|K8|gru_parameter,D2,1e-05,0.6325158185706647,False,,,,,
(b),D2|FT_DR1_COUPLED_N8|20300402|K8|gru_parameter,D2,3e-06,0.9999999999449508,False,,,,,
(b),D2|FT_DR1_COUPLED_N8|20300402|K8|coefficient_head_parameter,D2,0.0001,0.06078597084729149,False,,,,,
(b),D2|FT_DR1_COUPLED_N8|20300402|K8|coefficient_head_parameter,D2,3e-05,0.12092363441671786,False,,,,,
(b),D2|FT_DR1_COUPLED_N8|20300402|K8|coefficient_head_parameter,D2,1e-05,0.3428702369290178,False,,,,,
(b),D2|FT_DR1_COUPLED_N8|20300402|K8|coefficient_head_parameter,D2,3e-06,1.0000000087231586,False,,,,,
(b),D2|FT_DR1_COUPLED_N8|20300402|K8|initial_velocity,D2,0.0001,2.1291600582646895e-05,True,,,,,
(b),D2|FT_DR1_COUPLED_N8|20300402|K8|initial_velocity,D2,3e-05,1.537616248619033e-05,True,,,,,
(b),D2|FT_DR1_COUPLED_N8|20300402|K8|initial_velocity,D2,1e-05,8.376786570238807e-06,True,,,,,
(b),D2|FT_DR1_COUPLED_N8|20300402|K8|initial_velocity,D2,3e-06,3.147316522407263e-06,True,,,,,
(b),D2|FT_DR1_COUPLED_N8|20300402|K8|initial_density,D2,0.0001,9.835750961280097e-05,False,,,,,
(b),D2|FT_DR1_COUPLED_N8|20300402|K8|initial_density,D2,3e-05,8.211283325565233e-05,False,,,,,
(b),D2|FT_DR1_COUPLED_N8|20300402|K8|initial_density,D2,1e-05,5.295423514483799e-05,False,,,,,
(b),D2|FT_DR1_COUPLED_N8|20300402|K8|initial_density,D2,3e-06,8.605366760831984e-06,False,,,,,
(b),D2|FT_DR1_COUPLED_N8|20300402|K8|initial_hidden_state,D2,0.0001,0.32350571431722086,False,,,,,
(b),D2|FT_DR1_COUPLED_N8|20300402|K8|initial_hidden_state,D2,3e-05,0.08581872476821586,False,,,,,
(b),D2|FT_DR1_COUPLED_N8|20300402|K8|initial_hidden_state,D2,1e-05,0.06247986433453208,False,,,,,
(b),D2|FT_DR1_COUPLED_N8|20300402|K8|initial_hidden_state,D2,3e-06,0.14646617483949298,False,,,,,
(b),D2|FT_DR1_COUPLED_N8|20300403|K1|gru_parameter,D2,0.0001,0.024034946386053715,True,,,,,
(b),D2|FT_DR1_COUPLED_N8|20300403|K1|gru_parameter,D2,3e-05,0.11517476784646818,True,,,,,
(b),D2|FT_DR1_COUPLED_N8|20300403|K1|gru_parameter,D2,1e-05,0.13822954325321005,True,,,,,
(b),D2|FT_DR1_COUPLED_N8|20300403|K1|gru_parameter,D2,3e-06,0.40777561925657474,True,,,,,
(b),D2|FT_DR1_COUPLED_N8|20300403|K1|coefficient_head_parameter,D2,0.0001,0.00889325308302264,True,,,,,
(b),D2|FT_DR1_COUPLED_N8|20300403|K1|coefficient_head_parameter,D2,3e-05,0.05067374298692134,True,,,,,
(b),D2|FT_DR1_COUPLED_N8|20300403|K1|coefficient_head_parameter,D2,1e-05,0.16031049583246962,True,,,,,
(b),D2|FT_DR1_COUPLED_N8|20300403|K1|coefficient_head_parameter,D2,3e-06,0.003803286398434378,True,,,,,
(b),D2|FT_DR1_COUPLED_N8|20300403|K1|initial_velocity,D2,0.0001,1.611387159412612e-09,True,,,,,
(b),D2|FT_DR1_COUPLED_N8|20300403|K1|initial_velocity,D2,3e-05,9.263954516990925e-11,True,,,,,
(b),D2|FT_DR1_COUPLED_N8|20300403|K1|initial_velocity,D2,1e-05,3.3114110319786914e-09,True,,,,,
(b),D2|FT_DR1_COUPLED_N8|20300403|K1|initial_velocity,D2,3e-06,2.6591051567170036e-09,True,,,,,
(b),D2|FT_DR1_COUPLED_N8|20300403|K1|initial_density,D2,0.0001,8.253152736928664e-07,True,,,,,
(b),D2|FT_DR1_COUPLED_N8|20300403|K1|initial_density,D2,3e-05,3.897657635468919e-06,True,,,,,
(b),D2|FT_DR1_COUPLED_N8|20300403|K1|initial_density,D2,1e-05,3.0219173431798553e-06,True,,,,,
(b),D2|FT_DR1_COUPLED_N8|20300403|K1|initial_density,D2,3e-06,1.206762812653678e-06,True,,,,,
(b),D2|FT_DR1_COUPLED_N8|20300403|K1|initial_hidden_state,D2,0.0001,0.9259267766914885,False,,,,,
(b),D2|FT_DR1_COUPLED_N8|20300403|K1|initial_hidden_state,D2,3e-05,1.0117826193330337,False,,,,,
(b),D2|FT_DR1_COUPLED_N8|20300403|K1|initial_hidden_state,D2,1e-05,1.010906086940809,False,,,,,
(b),D2|FT_DR1_COUPLED_N8|20300403|K1|initial_hidden_state,D2,3e-06,1.0442179503205395,False,,,,,
(b),D2|FT_DR1_COUPLED_N8|20300403|K2|gru_parameter,D2,0.0001,0.027849178260779456,True,,,,,
(b),D2|FT_DR1_COUPLED_N8|20300403|K2|gru_parameter,D2,3e-05,0.16321485980222747,True,,,,,
(b),D2|FT_DR1_COUPLED_N8|20300403|K2|gru_parameter,D2,1e-05,0.14362833810146877,True,,,,,
(b),D2|FT_DR1_COUPLED_N8|20300403|K2|gru_parameter,D2,3e-06,0.5997290630075768,True,,,,,
(b),D2|FT_DR1_COUPLED_N8|20300403|K2|coefficient_head_parameter,D2,0.0001,7.947609423619191e-05,True,,,,,
(b),D2|FT_DR1_COUPLED_N8|20300403|K2|coefficient_head_parameter,D2,3e-05,0.010215824844157178,True,,,,,
(b),D2|FT_DR1_COUPLED_N8|20300403|K2|coefficient_head_parameter,D2,1e-05,0.05557580530158568,True,,,,,
(b),D2|FT_DR1_COUPLED_N8|20300403|K2|coefficient_head_parameter,D2,3e-06,0.5161750095245351,True,,,,,
(b),D2|FT_DR1_COUPLED_N8|20300403|K2|initial_velocity,D2,0.0001,2.1381842821516148e-08,True,,,,,
(b),D2|FT_DR1_COUPLED_N8|20300403|K2|initial_velocity,D2,3e-05,2.1741129912010443e-08,True,,,,,
(b),D2|FT_DR1_COUPLED_N8|20300403|K2|initial_velocity,D2,1e-05,2.802271166074979e-08,True,,,,,
(b),D2|FT_DR1_COUPLED_N8|20300403|K2|initial_velocity,D2,3e-06,2.7947940384935586e-08,True,,,,,
(b),D2|FT_DR1_COUPLED_N8|20300403|K2|initial_density,D2,0.0001,8.560013471323962e-06,True,,,,,
(b),D2|FT_DR1_COUPLED_N8|20300403|K2|initial_density,D2,3e-05,1.099066865250133e-06,True,,,,,
(b),D2|FT_DR1_COUPLED_N8|20300403|K2|initial_density,D2,1e-05,2.559932415403006e-06,True,,,,,
(b),D2|FT_DR1_COUPLED_N8|20300403|K2|initial_density,D2,3e-06,1.3571266410655716e-06,True,,,,,
(b),D2|FT_DR1_COUPLED_N8|20300403|K2|initial_hidden_state,D2,0.0001,0.5908482489970841,False,,,,,
(b),D2|FT_DR1_COUPLED_N8|20300403|K2|initial_hidden_state,D2,3e-05,0.726270732912363,False,,,,,
(b),D2|FT_DR1_COUPLED_N8|20300403|K2|initial_hidden_state,D2,1e-05,0.713370280564045,False,,,,,
(b),D2|FT_DR1_COUPLED_N8|20300403|K2|initial_hidden_state,D2,3e-06,0.43786173023685554,False,,,,,
(b),D2|FT_DR1_COUPLED_N8|20300403|K4|gru_parameter,D2,0.0001,0.02012484356272032,True,,,,,
(b),D2|FT_DR1_COUPLED_N8|20300403|K4|gru_parameter,D2,3e-05,0.04164232673055259,True,,,,,
(b),D2|FT_DR1_COUPLED_N8|20300403|K4|gru_parameter,D2,1e-05,0.02438463831678309,True,,,,,
(b),D2|FT_DR1_COUPLED_N8|20300403|K4|gru_parameter,D2,3e-06,0.0023701450657177127,True,,,,,
(b),D2|FT_DR1_COUPLED_N8|20300403|K4|coefficient_head_parameter,D2,0.0001,0.022301085729301392,True,,,,,
(b),D2|FT_DR1_COUPLED_N8|20300403|K4|coefficient_head_parameter,D2,3e-05,0.042976582057075975,True,,,,,
(b),D2|FT_DR1_COUPLED_N8|20300403|K4|coefficient_head_parameter,D2,1e-05,0.35997247695779383,True,,,,,
(b),D2|FT_DR1_COUPLED_N8|20300403|K4|coefficient_head_parameter,D2,3e-06,0.9272236242024184,True,,,,,
(b),D2|FT_DR1_COUPLED_N8|20300403|K4|initial_velocity,D2,0.0001,8.651252168311756e-08,True,,,,,
(b),D2|FT_DR1_COUPLED_N8|20300403|K4|initial_velocity,D2,3e-05,1.0137067980043667e-07,True,,,,,
(b),D2|FT_DR1_COUPLED_N8|20300403|K4|initial_velocity,D2,1e-05,1.113516446784761e-07,True,,,,,
(b),D2|FT_DR1_COUPLED_N8|20300403|K4|initial_velocity,D2,3e-06,1.1467969197638514e-07,True,,,,,
(b),D2|FT_DR1_COUPLED_N8|20300403|K4|initial_density,D2,0.0001,5.8667532049002944e-05,False,,,,,
(b),D2|FT_DR1_COUPLED_N8|20300403|K4|initial_density,D2,3e-05,6.035476269791296e-05,False,,,,,
(b),D2|FT_DR1_COUPLED_N8|20300403|K4|initial_density,D2,1e-05,6.84709392895098e-05,False,,,,,
(b),D2|FT_DR1_COUPLED_N8|20300403|K4|initial_density,D2,3e-06,3.855315958269948e-05,False,,,,,
(b),D2|FT_DR1_COUPLED_N8|20300403|K4|initial_hidden_state,D2,0.0001,0.6346757463311256,False,,,,,
(b),D2|FT_DR1_COUPLED_N8|20300403|K4|initial_hidden_state,D2,3e-05,0.5952468353335714,False,,,,,
(b),D2|FT_DR1_COUPLED_N8|20300403|K4|initial_hidden_state,D2,1e-05,0.4776767488332702,False,,,,,
(b),D2|FT_DR1_COUPLED_N8|20300403|K4|initial_hidden_state,D2,3e-06,0.2830439589170323,False,,,,,
(b),D2|FT_DR1_COUPLED_N8|20300403|K8|gru_parameter,D2,0.0001,0.017950381323046914,False,,,,,
(b),D2|FT_DR1_COUPLED_N8|20300403|K8|gru_parameter,D2,3e-05,0.05239697133340116,False,,,,,
(b),D2|FT_DR1_COUPLED_N8|20300403|K8|gru_parameter,D2,1e-05,0.07660471539169432,False,,,,,
(b),D2|FT_DR1_COUPLED_N8|20300403|K8|gru_parameter,D2,3e-06,1.0000000000328766,False,,,,,
(b),D2|FT_DR1_COUPLED_N8|20300403|K8|coefficient_head_parameter,D2,0.0001,0.021446962444435048,False,,,,,
(b),D2|FT_DR1_COUPLED_N8|20300403|K8|coefficient_head_parameter,D2,3e-05,0.12301041031321382,False,,,,,
(b),D2|FT_DR1_COUPLED_N8|20300403|K8|coefficient_head_parameter,D2,1e-05,0.7519420972138413,False,,,,,
(b),D2|FT_DR1_COUPLED_N8|20300403|K8|coefficient_head_parameter,D2,3e-06,1.000000041997848,False,,,,,
(b),D2|FT_DR1_COUPLED_N8|20300403|K8|initial_velocity,D2,0.0001,5.669640304045598e-09,True,,,,,
(b),D2|FT_DR1_COUPLED_N8|20300403|K8|initial_velocity,D2,3e-05,1.3960282252001521e-08,True,,,,,
(b),D2|FT_DR1_COUPLED_N8|20300403|K8|initial_velocity,D2,1e-05,5.4363134039472574e-08,True,,,,,
(b),D2|FT_DR1_COUPLED_N8|20300403|K8|initial_velocity,D2,3e-06,5.56822582693353e-08,True,,,,,
(b),D2|FT_DR1_COUPLED_N8|20300403|K8|initial_density,D2,0.0001,0.00010053491715703737,False,,,,,
(b),D2|FT_DR1_COUPLED_N8|20300403|K8|initial_density,D2,3e-05,7.724629919918158e-05,False,,,,,
(b),D2|FT_DR1_COUPLED_N8|20300403|K8|initial_density,D2,1e-05,4.929729295562192e-05,False,,,,,
(b),D2|FT_DR1_COUPLED_N8|20300403|K8|initial_density,D2,3e-06,2.872103388647659e-05,False,,,,,
(b),D2|FT_DR1_COUPLED_N8|20300403|K8|initial_hidden_state,D2,0.0001,0.8886967162913667,False,,,,,
(b),D2|FT_DR1_COUPLED_N8|20300403|K8|initial_hidden_state,D2,3e-05,0.8027540287310989,False,,,,,
(b),D2|FT_DR1_COUPLED_N8|20300403|K8|initial_hidden_state,D2,1e-05,0.6992045923843484,False,,,,,
(b),D2|FT_DR1_COUPLED_N8|20300403|K8|initial_hidden_state,D2,3e-06,0.437177849752515,False,,,,,
(b),D2|FT_DR3_SHEAR_B_N8|20300401|K1|gru_parameter,D2,0.0001,0.00828065231082628,True,,,,,
(b),D2|FT_DR3_SHEAR_B_N8|20300401|K1|gru_parameter,D2,3e-05,0.0586974139544009,True,,,,,
(b),D2|FT_DR3_SHEAR_B_N8|20300401|K1|gru_parameter,D2,1e-05,0.03571134370388918,True,,,,,
(b),D2|FT_DR3_SHEAR_B_N8|20300401|K1|gru_parameter,D2,3e-06,0.001618818984155221,True,,,,,
(b),D2|FT_DR3_SHEAR_B_N8|20300401|K1|coefficient_head_parameter,D2,0.0001,2.2822137669000683e-05,False,,,,,
(b),D2|FT_DR3_SHEAR_B_N8|20300401|K1|coefficient_head_parameter,D2,3e-05,0.0782322655650327,False,,,,,
(b),D2|FT_DR3_SHEAR_B_N8|20300401|K1|coefficient_head_parameter,D2,1e-05,0.0027676166202859434,False,,,,,
(b),D2|FT_DR3_SHEAR_B_N8|20300401|K1|coefficient_head_parameter,D2,3e-06,0.999999959985132,False,,,,,
(b),D2|FT_DR3_SHEAR_B_N8|20300401|K1|initial_velocity,D2,0.0001,8.170046126798902e-08,True,,,,,
(b),D2|FT_DR3_SHEAR_B_N8|20300401|K1|initial_velocity,D2,3e-05,8.163685087357846e-08,True,,,,,
(b),D2|FT_DR3_SHEAR_B_N8|20300401|K1|initial_velocity,D2,1e-05,8.164525031457325e-08,True,,,,,
(b),D2|FT_DR3_SHEAR_B_N8|20300401|K1|initial_velocity,D2,3e-06,8.167145485283063e-08,True,,,,,
(b),D2|FT_DR3_SHEAR_B_N8|20300401|K1|initial_density,D2,0.0001,2.127303473401933e-06,True,,,,,
(b),D2|FT_DR3_SHEAR_B_N8|20300401|K1|initial_density,D2,3e-05,3.154311544613564e-06,True,,,,,
(b),D2|FT_DR3_SHEAR_B_N8|20300401|K1|initial_density,D2,1e-05,3.2914067102469905e-06,True,,,,,
(b),D2|FT_DR3_SHEAR_B_N8|20300401|K1|initial_density,D2,3e-06,3.427058116918614e-06,True,,,,,
(b),D2|FT_DR3_SHEAR_B_N8|20300401|K1|initial_hidden_state,D2,0.0001,0.040656268195483264,False,,,,,
(b),D2|FT_DR3_SHEAR_B_N8|20300401|K1|initial_hidden_state,D2,3e-05,0.03432271001122005,False,,,,,
(b),D2|FT_DR3_SHEAR_B_N8|20300401|K1|initial_hidden_state,D2,1e-05,0.024703764419872196,False,,,,,
(b),D2|FT_DR3_SHEAR_B_N8|20300401|K1|initial_hidden_state,D2,3e-06,0.015316629715573222,False,,,,,
(b),D2|FT_DR3_SHEAR_B_N8|20300401|K2|gru_parameter,D2,0.0001,0.00363235173716017,True,,,,,
(b),D2|FT_DR3_SHEAR_B_N8|20300401|K2|gru_parameter,D2,3e-05,0.14929870615469804,True,,,,,
(b),D2|FT_DR3_SHEAR_B_N8|20300401|K2|gru_parameter,D2,1e-05,0.005949032106470045,True,,,,,
(b),D2|FT_DR3_SHEAR_B_N8|20300401|K2|gru_parameter,D2,3e-06,0.8834563260892303,True,,,,,
(b),D2|FT_DR3_SHEAR_B_N8|20300401|K2|coefficient_head_parameter,D2,0.0001,0.025156814599323778,True,,,,,
(b),D2|FT_DR3_SHEAR_B_N8|20300401|K2|coefficient_head_parameter,D2,3e-05,0.07969926085386926,True,,,,,
(b),D2|FT_DR3_SHEAR_B_N8|20300401|K2|coefficient_head_parameter,D2,1e-05,0.0954317355863726,True,,,,,
(b),D2|FT_DR3_SHEAR_B_N8|20300401|K2|coefficient_head_parameter,D2,3e-06,0.479261753384971,True,,,,,
(b),D2|FT_DR3_SHEAR_B_N8|20300401|K2|initial_velocity,D2,0.0001,1.9934236402548448e-07,True,,,,,
(b),D2|FT_DR3_SHEAR_B_N8|20300401|K2|initial_velocity,D2,3e-05,1.994151842573374e-07,True,,,,,
(b),D2|FT_DR3_SHEAR_B_N8|20300401|K2|initial_velocity,D2,1e-05,1.9943563205939337e-07,True,,,,,
(b),D2|FT_DR3_SHEAR_B_N8|20300401|K2|initial_velocity,D2,3e-06,1.992201146875565e-07,True,,,,,
(b),D2|FT_DR3_SHEAR_B_N8|20300401|K2|initial_density,D2,0.0001,1.4602151725859734e-06,True,,,,,
(b),D2|FT_DR3_SHEAR_B_N8|20300401|K2|initial_density,D2,3e-05,1.122220452421998e-06,True,,,,,
(b),D2|FT_DR3_SHEAR_B_N8|20300401|K2|initial_density,D2,1e-05,1.5431392390555732e-06,True,,,,,
(b),D2|FT_DR3_SHEAR_B_N8|20300401|K2|initial_density,D2,3e-06,1.7990678995669617e-06,True,,,,,
(b),D2|FT_DR3_SHEAR_B_N8|20300401|K2|initial_hidden_state,D2,0.0001,0.03459540637737425,False,,,,,
(b),D2|FT_DR3_SHEAR_B_N8|20300401|K2|initial_hidden_state,D2,3e-05,0.0276517419120936,False,,,,,
(b),D2|FT_DR3_SHEAR_B_N8|20300401|K2|initial_hidden_state,D2,1e-05,0.0186468210090659,False,,,,,
(b),D2|FT_DR3_SHEAR_B_N8|20300401|K2|initial_hidden_state,D2,3e-06,0.01218292451050865,False,,,,,
(b),D2|FT_DR3_SHEAR_B_N8|20300401|K4|gru_parameter,D2,0.0001,0.015347906778755213,True,,,,,
(b),D2|FT_DR3_SHEAR_B_N8|20300401|K4|gru_parameter,D2,3e-05,0.3595224357099085,True,,,,,
(b),D2|FT_DR3_SHEAR_B_N8|20300401|K4|gru_parameter,D2,1e-05,0.16775396669515716,True,,,,,
(b),D2|FT_DR3_SHEAR_B_N8|20300401|K4|gru_parameter,D2,3e-06,0.4615815478896497,True,,,,,
(b),D2|FT_DR3_SHEAR_B_N8|20300401|K4|coefficient_head_parameter,D2,0.0001,0.030903311871222063,False,,,,,
(b),D2|FT_DR3_SHEAR_B_N8|20300401|K4|coefficient_head_parameter,D2,3e-05,0.24407444801263606,False,,,,,
(b),D2|FT_DR3_SHEAR_B_N8|20300401|K4|coefficient_head_parameter,D2,1e-05,0.40273294570649804,False,,,,,
(b),D2|FT_DR3_SHEAR_B_N8|20300401|K4|coefficient_head_parameter,D2,3e-06,0.9999998682980076,False,,,,,
(b),D2|FT_DR3_SHEAR_B_N8|20300401|K4|initial_velocity,D2,0.0001,5.498053570968078e-07,True,,,,,
(b),D2|FT_DR3_SHEAR_B_N8|20300401|K4|initial_velocity,D2,3e-05,5.49712962788356e-07,True,,,,,
(b),D2|FT_DR3_SHEAR_B_N8|20300401|K4|initial_velocity,D2,1e-05,5.497104276055999e-07,True,,,,,
(b),D2|FT_DR3_SHEAR_B_N8|20300401|K4|initial_velocity,D2,3e-06,5.496146244964454e-07,True,,,,,
(b),D2|FT_DR3_SHEAR_B_N8|20300401|K4|initial_density,D2,0.0001,8.03263733497318e-06,True,,,,,
(b),D2|FT_DR3_SHEAR_B_N8|20300401|K4|initial_density,D2,3e-05,1.4401456078012804e-06,True,,,,,
(b),D2|FT_DR3_SHEAR_B_N8|20300401|K4|initial_density,D2,1e-05,2.5789818714208013e-07,True,,,,,
(b),D2|FT_DR3_SHEAR_B_N8|20300401|K4|initial_density,D2,3e-06,7.219988656832222e-08,True,,,,,
(b),D2|FT_DR3_SHEAR_B_N8|20300401|K4|initial_hidden_state,D2,0.0001,0.03435468755259681,False,,,,,
(b),D2|FT_DR3_SHEAR_B_N8|20300401|K4|initial_hidden_state,D2,3e-05,0.02895557649869696,False,,,,,
(b),D2|FT_DR3_SHEAR_B_N8|20300401|K4|initial_hidden_state,D2,1e-05,0.021986038599134436,False,,,,,
(b),D2|FT_DR3_SHEAR_B_N8|20300401|K4|initial_hidden_state,D2,3e-06,0.017404373748937906,False,,,,,
(b),D2|FT_DR3_SHEAR_B_N8|20300401|K8|gru_parameter,D2,0.0001,0.015341122778840914,False,,,,,
(b),D2|FT_DR3_SHEAR_B_N8|20300401|K8|gru_parameter,D2,3e-05,0.24560775767205018,False,,,,,
(b),D2|FT_DR3_SHEAR_B_N8|20300401|K8|gru_parameter,D2,1e-05,0.09276482390113035,False,,,,,
(b),D2|FT_DR3_SHEAR_B_N8|20300401|K8|gru_parameter,D2,3e-06,1.000000000035249,False,,,,,
(b),D2|FT_DR3_SHEAR_B_N8|20300401|K8|coefficient_head_parameter,D2,0.0001,0.05266856323514243,True,,,,,
(b),D2|FT_DR3_SHEAR_B_N8|20300401|K8|coefficient_head_parameter,D2,3e-05,0.26021246808039883,True,,,,,
(b),D2|FT_DR3_SHEAR_B_N8|20300401|K8|coefficient_head_parameter,D2,1e-05,0.1374642467109469,True,,,,,
(b),D2|FT_DR3_SHEAR_B_N8|20300401|K8|coefficient_head_parameter,D2,3e-06,0.05421228075100025,True,,,,,
(b),D2|FT_DR3_SHEAR_B_N8|20300401|K8|initial_velocity,D2,0.0001,5.299038325902346e-07,True,,,,,
(b),D2|FT_DR3_SHEAR_B_N8|20300401|K8|initial_velocity,D2,3e-05,4.818747256457445e-07,True,,,,,
(b),D2|FT_DR3_SHEAR_B_N8|20300401|K8|initial_velocity,D2,1e-05,4.774085624529744e-07,True,,,,,
(b),D2|FT_DR3_SHEAR_B_N8|20300401|K8|initial_velocity,D2,3e-06,4.786867234880154e-07,True,,,,,
(b),D2|FT_DR3_SHEAR_B_N8|20300401|K8|initial_density,D2,0.0001,3.291401608261394e-05,False,,,,,
(b),D2|FT_DR3_SHEAR_B_N8|20300401|K8|initial_density,D2,3e-05,1.4351404623916512e-05,False,,,,,
(b),D2|FT_DR3_SHEAR_B_N8|20300401|K8|initial_density,D2,1e-05,1.0866936446130017e-05,False,,,,,
(b),D2|FT_DR3_SHEAR_B_N8|20300401|K8|initial_density,D2,3e-06,9.629161044704697e-06,False,,,,,
(b),D2|FT_DR3_SHEAR_B_N8|20300401|K8|initial_hidden_state,D2,0.0001,0.03308179407903919,False,,,,,
(b),D2|FT_DR3_SHEAR_B_N8|20300401|K8|initial_hidden_state,D2,3e-05,0.029448363678723374,False,,,,,
(b),D2|FT_DR3_SHEAR_B_N8|20300401|K8|initial_hidden_state,D2,1e-05,0.02393118897798605,False,,,,,
(b),D2|FT_DR3_SHEAR_B_N8|20300401|K8|initial_hidden_state,D2,3e-06,0.020035067010917944,False,,,,,
(b),D2|FT_DR3_SHEAR_B_N8|20300402|K1|gru_parameter,D2,0.0001,0.013784957591440194,True,,,,,
(b),D2|FT_DR3_SHEAR_B_N8|20300402|K1|gru_parameter,D2,3e-05,0.031326527024851836,True,,,,,
(b),D2|FT_DR3_SHEAR_B_N8|20300402|K1|gru_parameter,D2,1e-05,0.011702224225334104,True,,,,,
(b),D2|FT_DR3_SHEAR_B_N8|20300402|K1|gru_parameter,D2,3e-06,0.4304299610181379,True,,,,,
(b),D2|FT_DR3_SHEAR_B_N8|20300402|K1|coefficient_head_parameter,D2,0.0001,0.0023648767462491056,True,,,,,
(b),D2|FT_DR3_SHEAR_B_N8|20300402|K1|coefficient_head_parameter,D2,3e-05,0.11580088597971391,True,,,,,
(b),D2|FT_DR3_SHEAR_B_N8|20300402|K1|coefficient_head_parameter,D2,1e-05,0.12622774562604425,True,,,,,
(b),D2|FT_DR3_SHEAR_B_N8|20300402|K1|coefficient_head_parameter,D2,3e-06,0.02431387991773521,True,,,,,
(b),D2|FT_DR3_SHEAR_B_N8|20300402|K1|initial_velocity,D2,0.0001,1.4458478520299148e-06,True,,,,,
(b),D2|FT_DR3_SHEAR_B_N8|20300402|K1|initial_velocity,D2,3e-05,1.445849952851004e-06,True,,,,,
(b),D2|FT_DR3_SHEAR_B_N8|20300402|K1|initial_velocity,D2,1e-05,1.4459273729680688e-06,True,,,,,
(b),D2|FT_DR3_SHEAR_B_N8|20300402|K1|initial_velocity,D2,3e-06,1.4455727163470395e-06,True,,,,,
(b),D2|FT_DR3_SHEAR_B_N8|20300402|K1|initial_density,D2,0.0001,7.756197636229107e-06,True,,,,,
(b),D2|FT_DR3_SHEAR_B_N8|20300402|K1|initial_density,D2,3e-05,6.248432593010536e-06,True,,,,,
(b),D2|FT_DR3_SHEAR_B_N8|20300402|K1|initial_density,D2,1e-05,4.567797342077849e-06,True,,,,,
(b),D2|FT_DR3_SHEAR_B_N8|20300402|K1|initial_density,D2,3e-06,4.370022710838097e-06,True,,,,,
(b),D2|FT_DR3_SHEAR_B_N8|20300402|K1|initial_hidden_state,D2,0.0001,1.3329881635696974,False,,,,,
(b),D2|FT_DR3_SHEAR_B_N8|20300402|K1|initial_hidden_state,D2,3e-05,1.1601169480650904,False,,,,,
(b),D2|FT_DR3_SHEAR_B_N8|20300402|K1|initial_hidden_state,D2,1e-05,1.000323688137177,False,,,,,
(b),D2|FT_DR3_SHEAR_B_N8|20300402|K1|initial_hidden_state,D2,3e-06,0.9578329658890572,False,,,,,
(b),D2|FT_DR3_SHEAR_B_N8|20300402|K2|gru_parameter,D2,0.0001,0.014854149078663533,True,,,,,
(b),D2|FT_DR3_SHEAR_B_N8|20300402|K2|gru_parameter,D2,3e-05,0.0420420254841911,True,,,,,
(b),D2|FT_DR3_SHEAR_B_N8|20300402|K2|gru_parameter,D2,1e-05,0.011063856897536698,True,,,,,
(b),D2|FT_DR3_SHEAR_B_N8|20300402|K2|gru_parameter,D2,3e-06,0.41799898985098344,True,,,,,
(b),D2|FT_DR3_SHEAR_B_N8|20300402|K2|coefficient_head_parameter,D2,0.0001,0.0015847380860048946,True,,,,,
(b),D2|FT_DR3_SHEAR_B_N8|20300402|K2|coefficient_head_parameter,D2,3e-05,0.12826260783557175,True,,,,,
(b),D2|FT_DR3_SHEAR_B_N8|20300402|K2|coefficient_head_parameter,D2,1e-05,0.1778126169871722,True,,,,,
(b),D2|FT_DR3_SHEAR_B_N8|20300402|K2|coefficient_head_parameter,D2,3e-06,0.4058198798438264,True,,,,,
(b),D2|FT_DR3_SHEAR_B_N8|20300402|K2|initial_velocity,D2,0.0001,1.7371511651948689e-06,True,,,,,
(b),D2|FT_DR3_SHEAR_B_N8|20300402|K2|initial_velocity,D2,3e-05,1.742058527141718e-06,True,,,,,
(b),D2|FT_DR3_SHEAR_B_N8|20300402|K2|initial_velocity,D2,1e-05,1.7407564001210706e-06,True,,,,,
(b),D2|FT_DR3_SHEAR_B_N8|20300402|K2|initial_velocity,D2,3e-06,1.7400901173911453e-06,True,,,,,
(b),D2|FT_DR3_SHEAR_B_N8|20300402|K2|initial_density,D2,0.0001,8.5799818123066e-06,True,,,,,
(b),D2|FT_DR3_SHEAR_B_N8|20300402|K2|initial_density,D2,3e-05,5.1732547099979895e-06,True,,,,,
(b),D2|FT_DR3_SHEAR_B_N8|20300402|K2|initial_density,D2,1e-05,1.7996474419387602e-06,True,,,,,
(b),D2|FT_DR3_SHEAR_B_N8|20300402|K2|initial_density,D2,3e-06,1.8353295490187575e-06,True,,,,,
(b),D2|FT_DR3_SHEAR_B_N8|20300402|K2|initial_hidden_state,D2,0.0001,1.1922483596436415,False,,,,,
(b),D2|FT_DR3_SHEAR_B_N8|20300402|K2|initial_hidden_state,D2,3e-05,1.1765797909948896,False,,,,,
(b),D2|FT_DR3_SHEAR_B_N8|20300402|K2|initial_hidden_state,D2,1e-05,1.1859318745607048,False,,,,,
(b),D2|FT_DR3_SHEAR_B_N8|20300402|K2|initial_hidden_state,D2,3e-06,1.1927442774593329,False,,,,,
(b),D2|FT_DR3_SHEAR_B_N8|20300402|K4|gru_parameter,D2,0.0001,0.016305870428045016,True,,,,,
(b),D2|FT_DR3_SHEAR_B_N8|20300402|K4|gru_parameter,D2,3e-05,0.0745077196823692,True,,,,,
(b),D2|FT_DR3_SHEAR_B_N8|20300402|K4|gru_parameter,D2,1e-05,0.22572024805781515,True,,,,,
(b),D2|FT_DR3_SHEAR_B_N8|20300402|K4|gru_parameter,D2,3e-06,0.24846234334699757,True,,,,,
(b),D2|FT_DR3_SHEAR_B_N8|20300402|K4|coefficient_head_parameter,D2,0.0001,0.001305085276669793,True,,,,,
(b),D2|FT_DR3_SHEAR_B_N8|20300402|K4|coefficient_head_parameter,D2,3e-05,0.1396008267077428,True,,,,,
(b),D2|FT_DR3_SHEAR_B_N8|20300402|K4|coefficient_head_parameter,D2,1e-05,0.2895221602976104,True,,,,,
(b),D2|FT_DR3_SHEAR_B_N8|20300402|K4|coefficient_head_parameter,D2,3e-06,0.010129240278129635,True,,,,,
(b),D2|FT_DR3_SHEAR_B_N8|20300402|K4|initial_velocity,D2,0.0001,2.8153068423256965e-06,True,,,,,
(b),D2|FT_DR3_SHEAR_B_N8|20300402|K4|initial_velocity,D2,3e-05,2.828833081716154e-06,True,,,,,
(b),D2|FT_DR3_SHEAR_B_N8|20300402|K4|initial_velocity,D2,1e-05,2.826396635140786e-06,True,,,,,
(b),D2|FT_DR3_SHEAR_B_N8|20300402|K4|initial_velocity,D2,3e-06,2.8257900130493047e-06,True,,,,,
(b),D2|FT_DR3_SHEAR_B_N8|20300402|K4|initial_density,D2,0.0001,9.445330678865245e-06,False,,,,,
(b),D2|FT_DR3_SHEAR_B_N8|20300402|K4|initial_density,D2,3e-05,1.1553612394297506e-05,False,,,,,
(b),D2|FT_DR3_SHEAR_B_N8|20300402|K4|initial_density,D2,1e-05,1.1095458533221686e-05,False,,,,,
(b),D2|FT_DR3_SHEAR_B_N8|20300402|K4|initial_density,D2,3e-06,1.2489115003226667e-05,False,,,,,
(b),D2|FT_DR3_SHEAR_B_N8|20300402|K4|initial_hidden_state,D2,0.0001,1.4840874335294187,False,,,,,
(b),D2|FT_DR3_SHEAR_B_N8|20300402|K4|initial_hidden_state,D2,3e-05,1.461407360529834,False,,,,,
(b),D2|FT_DR3_SHEAR_B_N8|20300402|K4|initial_hidden_state,D2,1e-05,1.4940497155003445,False,,,,,
(b),D2|FT_DR3_SHEAR_B_N8|20300402|K4|initial_hidden_state,D2,3e-06,1.5176558844523609,False,,,,,
(b),D2|FT_DR3_SHEAR_B_N8|20300402|K8|gru_parameter,D2,0.0001,0.012490868570448052,True,,,,,
(b),D2|FT_DR3_SHEAR_B_N8|20300402|K8|gru_parameter,D2,3e-05,0.1281866669431307,True,,,,,
(b),D2|FT_DR3_SHEAR_B_N8|20300402|K8|gru_parameter,D2,1e-05,0.04565955273241907,True,,,,,
(b),D2|FT_DR3_SHEAR_B_N8|20300402|K8|gru_parameter,D2,3e-06,0.9221500407172785,True,,,,,
(b),D2|FT_DR3_SHEAR_B_N8|20300402|K8|coefficient_head_parameter,D2,0.0001,0.005408915640865626,True,,,,,
(b),D2|FT_DR3_SHEAR_B_N8|20300402|K8|coefficient_head_parameter,D2,3e-05,0.15485103249450435,True,,,,,
(b),D2|FT_DR3_SHEAR_B_N8|20300402|K8|coefficient_head_parameter,D2,1e-05,0.23869297037256987,True,,,,,
(b),D2|FT_DR3_SHEAR_B_N8|20300402|K8|coefficient_head_parameter,D2,3e-06,0.9586463409394954,True,,,,,
(b),D2|FT_DR3_SHEAR_B_N8|20300402|K8|initial_velocity,D2,0.0001,4.902254664643913e-06,True,,,,,
(b),D2|FT_DR3_SHEAR_B_N8|20300402|K8|initial_velocity,D2,3e-05,4.925664560434002e-06,True,,,,,
(b),D2|FT_DR3_SHEAR_B_N8|20300402|K8|initial_velocity,D2,1e-05,4.923622410421974e-06,True,,,,,
(b),D2|FT_DR3_SHEAR_B_N8|20300402|K8|initial_velocity,D2,3e-06,4.925918816051563e-06,True,,,,,
(b),D2|FT_DR3_SHEAR_B_N8|20300402|K8|initial_density,D2,0.0001,8.33657818745847e-06,True,,,,,
(b),D2|FT_DR3_SHEAR_B_N8|20300402|K8|initial_density,D2,3e-05,1.5309061021099113e-06,True,,,,,
(b),D2|FT_DR3_SHEAR_B_N8|20300402|K8|initial_density,D2,1e-05,5.759704739336341e-06,True,,,,,
(b),D2|FT_DR3_SHEAR_B_N8|20300402|K8|initial_density,D2,3e-06,7.201740996433923e-06,True,,,,,
(b),D2|FT_DR3_SHEAR_B_N8|20300402|K8|initial_hidden_state,D2,0.0001,1.115618192011506,False,,,,,
(b),D2|FT_DR3_SHEAR_B_N8|20300402|K8|initial_hidden_state,D2,3e-05,1.1455845385475465,False,,,,,
(b),D2|FT_DR3_SHEAR_B_N8|20300402|K8|initial_hidden_state,D2,1e-05,1.0839160558173795,False,,,,,
(b),D2|FT_DR3_SHEAR_B_N8|20300402|K8|initial_hidden_state,D2,3e-06,1.0494606613561055,False,,,,,
(b),D2|FT_DR3_SHEAR_B_N8|20300403|K1|gru_parameter,D2,0.0001,0.03812145707968866,True,,,,,
(b),D2|FT_DR3_SHEAR_B_N8|20300403|K1|gru_parameter,D2,3e-05,0.045913167541309086,True,,,,,
(b),D2|FT_DR3_SHEAR_B_N8|20300403|K1|gru_parameter,D2,1e-05,0.12009806148383677,True,,,,,
(b),D2|FT_DR3_SHEAR_B_N8|20300403|K1|gru_parameter,D2,3e-06,0.8213444899034175,True,,,,,
(b),D2|FT_DR3_SHEAR_B_N8|20300403|K1|coefficient_head_parameter,D2,0.0001,0.0004942339857681425,True,,,,,
(b),D2|FT_DR3_SHEAR_B_N8|20300403|K1|coefficient_head_parameter,D2,3e-05,0.014913287139149536,True,,,,,
(b),D2|FT_DR3_SHEAR_B_N8|20300403|K1|coefficient_head_parameter,D2,1e-05,0.15051673769325355,True,,,,,
(b),D2|FT_DR3_SHEAR_B_N8|20300403|K1|coefficient_head_parameter,D2,3e-06,0.07772967691766705,True,,,,,
(b),D2|FT_DR3_SHEAR_B_N8|20300403|K1|initial_velocity,D2,0.0001,3.096679243519097e-07,True,,,,,
(b),D2|FT_DR3_SHEAR_B_N8|20300403|K1|initial_velocity,D2,3e-05,3.0959198545488026e-07,True,,,,,
(b),D2|FT_DR3_SHEAR_B_N8|20300403|K1|initial_velocity,D2,1e-05,3.0986735468267996e-07,True,,,,,
(b),D2|FT_DR3_SHEAR_B_N8|20300403|K1|initial_velocity,D2,3e-06,3.101225701072591e-07,True,,,,,
(b),D2|FT_DR3_SHEAR_B_N8|20300403|K1|initial_density,D2,0.0001,7.078833609260845e-08,True,,,,,
(b),D2|FT_DR3_SHEAR_B_N8|20300403|K1|initial_density,D2,3e-05,1.6488490159400668e-07,True,,,,,
(b),D2|FT_DR3_SHEAR_B_N8|20300403|K1|initial_density,D2,1e-05,2.0072302719726617e-07,True,,,,,
(b),D2|FT_DR3_SHEAR_B_N8|20300403|K1|initial_density,D2,3e-06,2.230667474286167e-07,True,,,,,
(b),D2|FT_DR3_SHEAR_B_N8|20300403|K1|initial_hidden_state,D2,0.0001,0.29236787889902005,False,,,,,
(b),D2|FT_DR3_SHEAR_B_N8|20300403|K1|initial_hidden_state,D2,3e-05,0.11932335746202138,False,,,,,
(b),D2|FT_DR3_SHEAR_B_N8|20300403|K1|initial_hidden_state,D2,1e-05,0.12129663510613856,False,,,,,
(b),D2|FT_DR3_SHEAR_B_N8|20300403|K1|initial_hidden_state,D2,3e-06,0.12305590154142375,False,,,,,
(b),D2|FT_DR3_SHEAR_B_N8|20300403|K2|gru_parameter,D2,0.0001,0.02321835092618814,True,,,,,
(b),D2|FT_DR3_SHEAR_B_N8|20300403|K2|gru_parameter,D2,3e-05,0.07230317072226002,True,,,,,
(b),D2|FT_DR3_SHEAR_B_N8|20300403|K2|gru_parameter,D2,1e-05,0.04828834165147097,True,,,,,
(b),D2|FT_DR3_SHEAR_B_N8|20300403|K2|gru_parameter,D2,3e-06,0.02129211380645109,True,,,,,
(b),D2|FT_DR3_SHEAR_B_N8|20300403|K2|coefficient_head_parameter,D2,0.0001,0.0005965810868385111,True,,,,,
(b),D2|FT_DR3_SHEAR_B_N8|20300403|K2|coefficient_head_parameter,D2,3e-05,0.03733107697560167,True,,,,,
(b),D2|FT_DR3_SHEAR_B_N8|20300403|K2|coefficient_head_parameter,D2,1e-05,0.09039049821067578,True,,,,,
(b),D2|FT_DR3_SHEAR_B_N8|20300403|K2|coefficient_head_parameter,D2,3e-06,0.26926170985709585,True,,,,,
(b),D2|FT_DR3_SHEAR_B_N8|20300403|K2|initial_velocity,D2,0.0001,6.949097221827003e-07,True,,,,,
(b),D2|FT_DR3_SHEAR_B_N8|20300403|K2|initial_velocity,D2,3e-05,6.989814779091181e-07,True,,,,,
(b),D2|FT_DR3_SHEAR_B_N8|20300403|K2|initial_velocity,D2,1e-05,7.000760714234085e-07,True,,,,,
(b),D2|FT_DR3_SHEAR_B_N8|20300403|K2|initial_velocity,D2,3e-06,6.993394942770839e-07,True,,,,,
(b),D2|FT_DR3_SHEAR_B_N8|20300403|K2|initial_density,D2,0.0001,1.2108425414049637e-06,True,,,,,
(b),D2|FT_DR3_SHEAR_B_N8|20300403|K2|initial_density,D2,3e-05,1.7002370881637574e-06,True,,,,,
(b),D2|FT_DR3_SHEAR_B_N8|20300403|K2|initial_density,D2,1e-05,1.8486552811395214e-06,True,,,,,
(b),D2|FT_DR3_SHEAR_B_N8|20300403|K2|initial_density,D2,3e-06,1.8522015557053646e-06,True,,,,,
(b),D2|FT_DR3_SHEAR_B_N8|20300403|K2|initial_hidden_state,D2,0.0001,0.2574562627313081,False,,,,,
(b),D2|FT_DR3_SHEAR_B_N8|20300403|K2|initial_hidden_state,D2,3e-05,0.12268388979393431,False,,,,,
(b),D2|FT_DR3_SHEAR_B_N8|20300403|K2|initial_hidden_state,D2,1e-05,0.12809784794664442,False,,,,,
(b),D2|FT_DR3_SHEAR_B_N8|20300403|K2|initial_hidden_state,D2,3e-06,0.130036026157791,False,,,,,
(b),D2|FT_DR3_SHEAR_B_N8|20300403|K4|gru_parameter,D2,0.0001,0.01860636012032392,True,,,,,
(b),D2|FT_DR3_SHEAR_B_N8|20300403|K4|gru_parameter,D2,3e-05,0.023759893820135523,True,,,,,
(b),D2|FT_DR3_SHEAR_B_N8|20300403|K4|gru_parameter,D2,1e-05,0.1198050488508881,True,,,,,
(b),D2|FT_DR3_SHEAR_B_N8|20300403|K4|gru_parameter,D2,3e-06,0.2424642645131707,True,,,,,
(b),D2|FT_DR3_SHEAR_B_N8|20300403|K4|coefficient_head_parameter,D2,0.0001,0.01417114653645037,True,,,,,
(b),D2|FT_DR3_SHEAR_B_N8|20300403|K4|coefficient_head_parameter,D2,3e-05,0.09666155685124288,True,,,,,
(b),D2|FT_DR3_SHEAR_B_N8|20300403|K4|coefficient_head_parameter,D2,1e-05,0.1629848347810576,True,,,,,
(b),D2|FT_DR3_SHEAR_B_N8|20300403|K4|coefficient_head_parameter,D2,3e-06,0.5264343313888601,True,,,,,
(b),D2|FT_DR3_SHEAR_B_N8|20300403|K4|initial_velocity,D2,0.0001,1.710484172532046e-06,True,,,,,
(b),D2|FT_DR3_SHEAR_B_N8|20300403|K4|initial_velocity,D2,3e-05,1.7240650847470446e-06,True,,,,,
(b),D2|FT_DR3_SHEAR_B_N8|20300403|K4|initial_velocity,D2,1e-05,1.7248736304111215e-06,True,,,,,
(b),D2|FT_DR3_SHEAR_B_N8|20300403|K4|initial_velocity,D2,3e-06,1.724736255311578e-06,True,,,,,
(b),D2|FT_DR3_SHEAR_B_N8|20300403|K4|initial_density,D2,0.0001,1.673764661744742e-06,True,,,,,
(b),D2|FT_DR3_SHEAR_B_N8|20300403|K4|initial_density,D2,3e-05,2.242882149994715e-06,True,,,,,
(b),D2|FT_DR3_SHEAR_B_N8|20300403|K4|initial_density,D2,1e-05,2.973059449053206e-06,True,,,,,
(b),D2|FT_DR3_SHEAR_B_N8|20300403|K4|initial_density,D2,3e-06,2.974428367674284e-06,True,,,,,
(b),D2|FT_DR3_SHEAR_B_N8|20300403|K4|initial_hidden_state,D2,0.0001,0.20882371563446875,False,,,,,
(b),D2|FT_DR3_SHEAR_B_N8|20300403|K4|initial_hidden_state,D2,3e-05,0.09640372955189822,False,,,,,
(b),D2|FT_DR3_SHEAR_B_N8|20300403|K4|initial_hidden_state,D2,1e-05,0.10377043454164131,False,,,,,
(b),D2|FT_DR3_SHEAR_B_N8|20300403|K4|initial_hidden_state,D2,3e-06,0.10605660078324358,False,,,,,
(b),D2|FT_DR3_SHEAR_B_N8|20300403|K8|gru_parameter,D2,0.0001,0.008494773542979122,False,,,,,
(b),D2|FT_DR3_SHEAR_B_N8|20300403|K8|gru_parameter,D2,3e-05,0.11420305157349027,False,,,,,
(b),D2|FT_DR3_SHEAR_B_N8|20300403|K8|gru_parameter,D2,1e-05,0.39537804217957884,False,,,,,
(b),D2|FT_DR3_SHEAR_B_N8|20300403|K8|gru_parameter,D2,3e-06,0.9999999999088176,False,,,,,
(b),D2|FT_DR3_SHEAR_B_N8|20300403|K8|coefficient_head_parameter,D2,0.0001,0.003340983074732588,True,,,,,
(b),D2|FT_DR3_SHEAR_B_N8|20300403|K8|coefficient_head_parameter,D2,3e-05,0.22788148074179737,True,,,,,
(b),D2|FT_DR3_SHEAR_B_N8|20300403|K8|coefficient_head_parameter,D2,1e-05,0.03089861954793451,True,,,,,
(b),D2|FT_DR3_SHEAR_B_N8|20300403|K8|coefficient_head_parameter,D2,3e-06,0.34433853562546446,True,,,,,
(b),D2|FT_DR3_SHEAR_B_N8|20300403|K8|initial_velocity,D2,0.0001,3.09670743106323e-06,True,,,,,
(b),D2|FT_DR3_SHEAR_B_N8|20300403|K8|initial_velocity,D2,3e-05,2.9829657183736923e-06,True,,,,,
(b),D2|FT_DR3_SHEAR_B_N8|20300403|K8|initial_velocity,D2,1e-05,3.044838139056066e-06,True,,,,,
(b),D2|FT_DR3_SHEAR_B_N8|20300403|K8|initial_velocity,D2,3e-06,3.277156077619034e-06,True,,,,,
(b),D2|FT_DR3_SHEAR_B_N8|20300403|K8|initial_density,D2,0.0001,5.955815504747189e-06,True,,,,,
(b),D2|FT_DR3_SHEAR_B_N8|20300403|K8|initial_density,D2,3e-05,9.67632518434594e-06,True,,,,,
(b),D2|FT_DR3_SHEAR_B_N8|20300403|K8|initial_density,D2,1e-05,1.1524662902215247e-05,True,,,,,
(b),D2|FT_DR3_SHEAR_B_N8|20300403|K8|initial_density,D2,3e-06,1.0576439039255594e-05,True,,,,,
(b),D2|FT_DR3_SHEAR_B_N8|20300403|K8|initial_hidden_state,D2,0.0001,0.22274162107904322,False,,,,,
(b),D2|FT_DR3_SHEAR_B_N8|20300403|K8|initial_hidden_state,D2,3e-05,0.09649878720250972,False,,,,,
(b),D2|FT_DR3_SHEAR_B_N8|20300403|K8|initial_hidden_state,D2,1e-05,0.1031779010511246,False,,,,,
(b),D2|FT_DR3_SHEAR_B_N8|20300403|K8|initial_hidden_state,D2,3e-06,0.10658787357474946,False,,,,,
(c),D3|FT_DR1_COMPRESSION_N8|20300401|K1|token_encoder_parameter,D3,0.0001,9.952247640181147e-05,True,,,,,
(c),D3|FT_DR1_COMPRESSION_N8|20300401|K1|token_encoder_parameter,D3,3e-05,0.00025283011661579434,True,,,,,
(c),D3|FT_DR1_COMPRESSION_N8|20300401|K1|token_encoder_parameter,D3,1e-05,5.980537892714736e-05,True,,,,,
(c),D3|FT_DR1_COMPRESSION_N8|20300401|K1|token_encoder_parameter,D3,3e-06,0.003077701374572799,True,,,,,
(c),D3|FT_DR1_COMPRESSION_N8|20300401|K1|temporal_attention_query_parameter,D3,0.0001,0.054753277255926124,True,,,,,
(c),D3|FT_DR1_COMPRESSION_N8|20300401|K1|temporal_attention_query_parameter,D3,3e-05,0.007962123184352755,True,,,,,
(c),D3|FT_DR1_COMPRESSION_N8|20300401|K1|temporal_attention_query_parameter,D3,1e-05,0.6051741351729225,True,,,,,
(c),D3|FT_DR1_COMPRESSION_N8|20300401|K1|temporal_attention_query_parameter,D3,3e-06,0.3672720285144815,True,,,,,
(c),D3|FT_DR1_COMPRESSION_N8|20300401|K1|coefficient_head_parameter,D3,0.0001,0.0005146449289997731,True,,,,,
(c),D3|FT_DR1_COMPRESSION_N8|20300401|K1|coefficient_head_parameter,D3,3e-05,0.0023992095985029913,True,,,,,
(c),D3|FT_DR1_COMPRESSION_N8|20300401|K1|coefficient_head_parameter,D3,1e-05,0.002193928565761092,True,,,,,
(c),D3|FT_DR1_COMPRESSION_N8|20300401|K1|coefficient_head_parameter,D3,3e-06,0.008167962788399359,True,,,,,
(c),D3|FT_DR1_COMPRESSION_N8|20300401|K1|initial_velocity,D3,0.0001,2.10833000060817e-07,True,,,,,
(c),D3|FT_DR1_COMPRESSION_N8|20300401|K1|initial_velocity,D3,3e-05,2.1076878907644134e-07,True,,,,,
(c),D3|FT_DR1_COMPRESSION_N8|20300401|K1|initial_velocity,D3,1e-05,2.1072252051428538e-07,True,,,,,
(c),D3|FT_DR1_COMPRESSION_N8|20300401|K1|initial_velocity,D3,3e-06,2.10641965307466e-07,True,,,,,
(c),D3|FT_DR1_COMPRESSION_N8|20300401|K1|initial_density,D3,0.0001,0.0017948375114657288,False,,,,,
(c),D3|FT_DR1_COMPRESSION_N8|20300401|K1|initial_density,D3,3e-05,0.0019331274358534865,False,,,,,
(c),D3|FT_DR1_COMPRESSION_N8|20300401|K1|initial_density,D3,1e-05,0.0019450963204944377,False,,,,,
(c),D3|FT_DR1_COMPRESSION_N8|20300401|K1|initial_density,D3,3e-06,0.001945004328537177,False,,,,,
(c),D3|FT_DR1_COMPRESSION_N8|20300401|K1|historical_token,D3,0.0001,0.260160185568744,False,,,,,
(c),D3|FT_DR1_COMPRESSION_N8|20300401|K1|historical_token,D3,3e-05,0.2602717160334446,False,,,,,
(c),D3|FT_DR1_COMPRESSION_N8|20300401|K1|historical_token,D3,1e-05,0.26027272715653926,False,,,,,
(c),D3|FT_DR1_COMPRESSION_N8|20300401|K1|historical_token,D3,3e-06,0.2602726710739038,False,,,,,
(c),D3|FT_DR1_COMPRESSION_N8|20300401|K2|token_encoder_parameter,D3,0.0001,2.78753839865509e-05,True,,,,,
(c),D3|FT_DR1_COMPRESSION_N8|20300401|K2|token_encoder_parameter,D3,3e-05,3.723584912699739e-05,True,,,,,
(c),D3|FT_DR1_COMPRESSION_N8|20300401|K2|token_encoder_parameter,D3,1e-05,0.000277134241512808,True,,,,,
(c),D3|FT_DR1_COMPRESSION_N8|20300401|K2|token_encoder_parameter,D3,3e-06,0.001768983569532241,True,,,,,
(c),D3|FT_DR1_COMPRESSION_N8|20300401|K2|temporal_attention_query_parameter,D3,0.0001,0.0555945389123217,False,,,,,
(c),D3|FT_DR1_COMPRESSION_N8|20300401|K2|temporal_attention_query_parameter,D3,3e-05,0.05425709290652006,False,,,,,
(c),D3|FT_DR1_COMPRESSION_N8|20300401|K2|temporal_attention_query_parameter,D3,1e-05,0.2841747534041028,False,,,,,
(c),D3|FT_DR1_COMPRESSION_N8|20300401|K2|temporal_attention_query_parameter,D3,3e-06,0.10721747099903829,False,,,,,
(c),D3|FT_DR1_COMPRESSION_N8|20300401|K2|coefficient_head_parameter,D3,0.0001,0.00014819294541307767,True,,,,,
(c),D3|FT_DR1_COMPRESSION_N8|20300401|K2|coefficient_head_parameter,D3,3e-05,0.0005892074281088727,True,,,,,
(c),D3|FT_DR1_COMPRESSION_N8|20300401|K2|coefficient_head_parameter,D3,1e-05,0.00046051099557148947,True,,,,,
(c),D3|FT_DR1_COMPRESSION_N8|20300401|K2|coefficient_head_parameter,D3,3e-06,0.0016355341888295266,True,,,,,
(c),D3|FT_DR1_COMPRESSION_N8|20300401|K2|initial_velocity,D3,0.0001,1.2546723044247128e-06,True,,,,,
(c),D3|FT_DR1_COMPRESSION_N8|20300401|K2|initial_velocity,D3,3e-05,1.2545557674644775e-06,True,,,,,
(c),D3|FT_DR1_COMPRESSION_N8|20300401|K2|initial_velocity,D3,1e-05,1.2545451876621097e-06,True,,,,,
(c),D3|FT_DR1_COMPRESSION_N8|20300401|K2|initial_velocity,D3,3e-06,1.2544488598983793e-06,True,,,,,
(c),D3|FT_DR1_COMPRESSION_N8|20300401|K2|initial_density,D3,0.0001,0.002029906380382026,False,,,,,
(c),D3|FT_DR1_COMPRESSION_N8|20300401|K2|initial_density,D3,3e-05,0.0019075133760998958,False,,,,,
(c),D3|FT_DR1_COMPRESSION_N8|20300401|K2|initial_density,D3,1e-05,0.001915585116334896,False,,,,,
(c),D3|FT_DR1_COMPRESSION_N8|20300401|K2|initial_density,D3,3e-06,0.0019155500810609525,False,,,,,
(c),D3|FT_DR1_COMPRESSION_N8|20300401|K2|historical_token,D3,0.0001,0.2731110232161938,False,,,,,
(c),D3|FT_DR1_COMPRESSION_N8|20300401|K2|historical_token,D3,3e-05,0.2731743373586089,False,,,,,
(c),D3|FT_DR1_COMPRESSION_N8|20300401|K2|historical_token,D3,1e-05,0.2731748850703156,False,,,,,
(c),D3|FT_DR1_COMPRESSION_N8|20300401|K2|historical_token,D3,3e-06,0.27317314770004275,False,,,,,
(c),D3|FT_DR1_COMPRESSION_N8|20300401|K4|token_encoder_parameter,D3,0.0001,1.3191575083501988e-05,True,,,,,
(c),D3|FT_DR1_COMPRESSION_N8|20300401|K4|token_encoder_parameter,D3,3e-05,1.4225308345304041e-05,True,,,,,
(c),D3|FT_DR1_COMPRESSION_N8|20300401|K4|token_encoder_parameter,D3,1e-05,6.095489195288309e-06,True,,,,,
(c),D3|FT_DR1_COMPRESSION_N8|20300401|K4|token_encoder_parameter,D3,3e-06,0.0006111970194573454,True,,,,,
(c),D3|FT_DR1_COMPRESSION_N8|20300401|K4|temporal_attention_query_parameter,D3,0.0001,0.012387157115828586,False,,,,,
(c),D3|FT_DR1_COMPRESSION_N8|20300401|K4|temporal_attention_query_parameter,D3,3e-05,0.0010016358176663076,False,,,,,
(c),D3|FT_DR1_COMPRESSION_N8|20300401|K4|temporal_attention_query_parameter,D3,1e-05,0.18242896694376265,False,,,,,
(c),D3|FT_DR1_COMPRESSION_N8|20300401|K4|temporal_attention_query_parameter,D3,3e-06,0.4374340860872998,False,,,,,
(c),D3|FT_DR1_COMPRESSION_N8|20300401|K4|coefficient_head_parameter,D3,0.0001,0.00010899629144264057,True,,,,,
(c),D3|FT_DR1_COMPRESSION_N8|20300401|K4|coefficient_head_parameter,D3,3e-05,0.0002945233733937983,True,,,,,
(c),D3|FT_DR1_COMPRESSION_N8|20300401|K4|coefficient_head_parameter,D3,1e-05,0.0008746831600366994,True,,,,,
(c),D3|FT_DR1_COMPRESSION_N8|20300401|K4|coefficient_head_parameter,D3,3e-06,0.0009523962302292519,True,,,,,
(c),D3|FT_DR1_COMPRESSION_N8|20300401|K4|initial_velocity,D3,0.0001,6.954863158617282e-07,True,,,,,
(c),D3|FT_DR1_COMPRESSION_N8|20300401|K4|initial_velocity,D3,3e-05,6.950205617732689e-07,True,,,,,
(c),D3|FT_DR1_COMPRESSION_N8|20300401|K4|initial_velocity,D3,1e-05,6.944080366844687e-07,True,,,,,
(c),D3|FT_DR1_COMPRESSION_N8|20300401|K4|initial_velocity,D3,3e-06,6.93676288256762e-07,True,,,,,
(c),D3|FT_DR1_COMPRESSION_N8|20300401|K4|initial_density,D3,0.0001,0.002260006479507929,False,,,,,
(c),D3|FT_DR1_COMPRESSION_N8|20300401|K4|initial_density,D3,3e-05,0.0021757288670771475,False,,,,,
(c),D3|FT_DR1_COMPRESSION_N8|20300401|K4|initial_density,D3,1e-05,0.0021791480068476927,False,,,,,
(c),D3|FT_DR1_COMPRESSION_N8|20300401|K4|initial_density,D3,3e-06,0.0021791079610976026,False,,,,,
(c),D3|FT_DR1_COMPRESSION_N8|20300401|K4|historical_token,D3,0.0001,0.20305691477226076,False,,,,,
(c),D3|FT_DR1_COMPRESSION_N8|20300401|K4|historical_token,D3,3e-05,0.20310224064793245,False,,,,,
(c),D3|FT_DR1_COMPRESSION_N8|20300401|K4|historical_token,D3,1e-05,0.20310314600383517,False,,,,,
(c),D3|FT_DR1_COMPRESSION_N8|20300401|K4|historical_token,D3,3e-06,0.20310199590812733,False,,,,,
(c),D3|FT_DR1_COMPRESSION_N8|20300401|K8|token_encoder_parameter,D3,0.0001,3.5290296878590043e-06,True,,,,,
(c),D3|FT_DR1_COMPRESSION_N8|20300401|K8|token_encoder_parameter,D3,3e-05,2.3265854623749267e-06,True,,,,,
(c),D3|FT_DR1_COMPRESSION_N8|20300401|K8|token_encoder_parameter,D3,1e-05,3.64358953931379e-05,True,,,,,
(c),D3|FT_DR1_COMPRESSION_N8|20300401|K8|token_encoder_parameter,D3,3e-06,0.0002053801141771166,True,,,,,
(c),D3|FT_DR1_COMPRESSION_N8|20300401|K8|temporal_attention_query_parameter,D3,0.0001,3.89750026846742e-05,False,,,,,
(c),D3|FT_DR1_COMPRESSION_N8|20300401|K8|temporal_attention_query_parameter,D3,3e-05,0.02092491840997698,False,,,,,
(c),D3|FT_DR1_COMPRESSION_N8|20300401|K8|temporal_attention_query_parameter,D3,1e-05,0.0043728188430655415,False,,,,,
(c),D3|FT_DR1_COMPRESSION_N8|20300401|K8|temporal_attention_query_parameter,D3,3e-06,0.21194089464294144,False,,,,,
(c),D3|FT_DR1_COMPRESSION_N8|20300401|K8|coefficient_head_parameter,D3,0.0001,7.639558065452925e-07,True,,,,,
(c),D3|FT_DR1_COMPRESSION_N8|20300401|K8|coefficient_head_parameter,D3,3e-05,5.8590078402247835e-05,True,,,,,
(c),D3|FT_DR1_COMPRESSION_N8|20300401|K8|coefficient_head_parameter,D3,1e-05,0.00010313202225968413,True,,,,,
(c),D3|FT_DR1_COMPRESSION_N8|20300401|K8|coefficient_head_parameter,D3,3e-06,0.0005674261428116499,True,,,,,
(c),D3|FT_DR1_COMPRESSION_N8|20300401|K8|initial_velocity,D3,0.0001,8.81430131697813e-07,True,,,,,
(c),D3|FT_DR1_COMPRESSION_N8|20300401|K8|initial_velocity,D3,3e-05,8.984198185858228e-07,True,,,,,
(c),D3|FT_DR1_COMPRESSION_N8|20300401|K8|initial_velocity,D3,1e-05,8.800058529210489e-07,True,,,,,
(c),D3|FT_DR1_COMPRESSION_N8|20300401|K8|initial_velocity,D3,3e-06,8.801130567577186e-07,True,,,,,
(c),D3|FT_DR1_COMPRESSION_N8|20300401|K8|initial_density,D3,0.0001,0.0012190723217756951,False,,,,,
(c),D3|FT_DR1_COMPRESSION_N8|20300401|K8|initial_density,D3,3e-05,0.0009578772431222289,False,,,,,
(c),D3|FT_DR1_COMPRESSION_N8|20300401|K8|initial_density,D3,1e-05,0.0009455084082954692,False,,,,,
(c),D3|FT_DR1_COMPRESSION_N8|20300401|K8|initial_density,D3,3e-06,0.0009425319777376343,False,,,,,
(c),D3|FT_DR1_COMPRESSION_N8|20300401|K8|historical_token,D3,0.0001,0.2247153346660317,False,,,,,
(c),D3|FT_DR1_COMPRESSION_N8|20300401|K8|historical_token,D3,3e-05,0.2247685076317404,False,,,,,
(c),D3|FT_DR1_COMPRESSION_N8|20300401|K8|historical_token,D3,1e-05,0.2247673564756678,False,,,,,
(c),D3|FT_DR1_COMPRESSION_N8|20300401|K8|historical_token,D3,3e-06,0.2247761962345718,False,,,,,
(c),D3|FT_DR1_COMPRESSION_N8|20300402|K1|token_encoder_parameter,D3,0.0001,0.00021188802247596,False,,,,,
(c),D3|FT_DR1_COMPRESSION_N8|20300402|K1|token_encoder_parameter,D3,3e-05,0.0010590168142962004,False,,,,,
(c),D3|FT_DR1_COMPRESSION_N8|20300402|K1|token_encoder_parameter,D3,1e-05,0.0017414603709924488,False,,,,,
(c),D3|FT_DR1_COMPRESSION_N8|20300402|K1|token_encoder_parameter,D3,3e-06,0.006880622094368518,False,,,,,
(c),D3|FT_DR1_COMPRESSION_N8|20300402|K1|temporal_attention_query_parameter,D3,0.0001,0.07440397838872559,True,,,,,
(c),D3|FT_DR1_COMPRESSION_N8|20300402|K1|temporal_attention_query_parameter,D3,3e-05,0.1513777508419851,True,,,,,
(c),D3|FT_DR1_COMPRESSION_N8|20300402|K1|temporal_attention_query_parameter,D3,1e-05,0.1523372814363692,True,,,,,
(c),D3|FT_DR1_COMPRESSION_N8|20300402|K1|temporal_attention_query_parameter,D3,3e-06,0.15219021755661954,True,,,,,
(c),D3|FT_DR1_COMPRESSION_N8|20300402|K1|coefficient_head_parameter,D3,0.0001,0.050821096942729765,False,,,,,
(c),D3|FT_DR1_COMPRESSION_N8|20300402|K1|coefficient_head_parameter,D3,3e-05,0.15265203993291884,False,,,,,
(c),D3|FT_DR1_COMPRESSION_N8|20300402|K1|coefficient_head_parameter,D3,1e-05,0.7542042316601317,False,,,,,
(c),D3|FT_DR1_COMPRESSION_N8|20300402|K1|coefficient_head_parameter,D3,3e-06,0.6819690477471512,False,,,,,
(c),D3|FT_DR1_COMPRESSION_N8|20300402|K1|initial_velocity,D3,0.0001,3.848166313935938e-06,True,,,,,
(c),D3|FT_DR1_COMPRESSION_N8|20300402|K1|initial_velocity,D3,3e-05,3.848192464217503e-06,True,,,,,
(c),D3|FT_DR1_COMPRESSION_N8|20300402|K1|initial_velocity,D3,1e-05,3.848211811403014e-06,True,,,,,
(c),D3|FT_DR1_COMPRESSION_N8|20300402|K1|initial_velocity,D3,3e-06,3.848226530094364e-06,True,,,,,
(c),D3|FT_DR1_COMPRESSION_N8|20300402|K1|initial_density,D3,0.0001,5.890472326124103e-06,True,,,,,
(c),D3|FT_DR1_COMPRESSION_N8|20300402|K1|initial_density,D3,3e-05,5.89038688713676e-06,True,,,,,
(c),D3|FT_DR1_COMPRESSION_N8|20300402|K1|initial_density,D3,1e-05,5.890365790299918e-06,True,,,,,
(c),D3|FT_DR1_COMPRESSION_N8|20300402|K1|initial_density,D3,3e-06,5.890349764899517e-06,True,,,,,
(c),D3|FT_DR1_COMPRESSION_N8|20300402|K1|historical_token,D3,0.0001,1.3317378206045347,True,,,,,
(c),D3|FT_DR1_COMPRESSION_N8|20300402|K1|historical_token,D3,3e-05,1.3317190482678178,True,,,,,
(c),D3|FT_DR1_COMPRESSION_N8|20300402|K1|historical_token,D3,1e-05,1.331722007613916,True,,,,,
(c),D3|FT_DR1_COMPRESSION_N8|20300402|K1|historical_token,D3,3e-06,1.3316687110894943,True,,,,,
(c),D3|FT_DR1_COMPRESSION_N8|20300402|K2|token_encoder_parameter,D3,0.0001,2.1049428544926668e-05,True,,,,,
(c),D3|FT_DR1_COMPRESSION_N8|20300402|K2|token_encoder_parameter,D3,3e-05,0.00023493854384759935,True,,,,,
(c),D3|FT_DR1_COMPRESSION_N8|20300402|K2|token_encoder_parameter,D3,1e-05,0.00014693373199421014,True,,,,,
(c),D3|FT_DR1_COMPRESSION_N8|20300402|K2|token_encoder_parameter,D3,3e-06,0.0024626322007626146,True,,,,,
(c),D3|FT_DR1_COMPRESSION_N8|20300402|K2|temporal_attention_query_parameter,D3,0.0001,0.04714584886458534,False,,,,,
(c),D3|FT_DR1_COMPRESSION_N8|20300402|K2|temporal_attention_query_parameter,D3,3e-05,0.2011213725440178,False,,,,,
(c),D3|FT_DR1_COMPRESSION_N8|20300402|K2|temporal_attention_query_parameter,D3,1e-05,0.419610994284165,False,,,,,
(c),D3|FT_DR1_COMPRESSION_N8|20300402|K2|temporal_attention_query_parameter,D3,3e-06,0.3056877792880499,False,,,,,
(c),D3|FT_DR1_COMPRESSION_N8|20300402|K2|coefficient_head_parameter,D3,0.0001,0.00027804617675756296,False,,,,,
(c),D3|FT_DR1_COMPRESSION_N8|20300402|K2|coefficient_head_parameter,D3,3e-05,0.0013245847284236517,False,,,,,
(c),D3|FT_DR1_COMPRESSION_N8|20300402|K2|coefficient_head_parameter,D3,1e-05,0.003269106702966615,False,,,,,
(c),D3|FT_DR1_COMPRESSION_N8|20300402|K2|coefficient_head_parameter,D3,3e-06,0.023488257675772464,False,,,,,
(c),D3|FT_DR1_COMPRESSION_N8|20300402|K2|initial_velocity,D3,0.0001,3.4229978848468543e-06,True,,,,,
(c),D3|FT_DR1_COMPRESSION_N8|20300402|K2|initial_velocity,D3,3e-05,3.4230478572479824e-06,True,,,,,
(c),D3|FT_DR1_COMPRESSION_N8|20300402|K2|initial_velocity,D3,1e-05,3.4230942804231174e-06,True,,,,,
(c),D3|FT_DR1_COMPRESSION_N8|20300402|K2|initial_velocity,D3,3e-06,3.423010978675226e-06,True,,,,,
(c),D3|FT_DR1_COMPRESSION_N8|20300402|K2|initial_density,D3,0.0001,2.9547670510209618e-05,False,,,,,
(c),D3|FT_DR1_COMPRESSION_N8|20300402|K2|initial_density,D3,3e-05,2.9547500023154646e-05,False,,,,,
(c),D3|FT_DR1_COMPRESSION_N8|20300402|K2|initial_density,D3,1e-05,2.95474643339377e-05,False,,,,,
(c),D3|FT_DR1_COMPRESSION_N8|20300402|K2|initial_density,D3,3e-06,2.9547347782500244e-05,False,,,,,
(c),D3|FT_DR1_COMPRESSION_N8|20300402|K2|historical_token,D3,0.0001,0.6839217392780291,False,,,,,
(c),D3|FT_DR1_COMPRESSION_N8|20300402|K2|historical_token,D3,3e-05,0.683925771335383,False,,,,,
(c),D3|FT_DR1_COMPRESSION_N8|20300402|K2|historical_token,D3,1e-05,0.6839325137421893,False,,,,,
(c),D3|FT_DR1_COMPRESSION_N8|20300402|K2|historical_token,D3,3e-06,0.6839352317742737,False,,,,,
(c),D3|FT_DR1_COMPRESSION_N8|20300402|K4|token_encoder_parameter,D3,0.0001,1.1716729521315953e-05,True,,,,,
(c),D3|FT_DR1_COMPRESSION_N8|20300402|K4|token_encoder_parameter,D3,3e-05,7.779294121181145e-05,True,,,,,
(c),D3|FT_DR1_COMPRESSION_N8|20300402|K4|token_encoder_parameter,D3,1e-05,8.651039482875602e-05,True,,,,,
(c),D3|FT_DR1_COMPRESSION_N8|20300402|K4|token_encoder_parameter,D3,3e-06,0.00043267734467234586,True,,,,,
(c),D3|FT_DR1_COMPRESSION_N8|20300402|K4|temporal_attention_query_parameter,D3,0.0001,0.013498166201393129,False,,,,,
(c),D3|FT_DR1_COMPRESSION_N8|20300402|K4|temporal_attention_query_parameter,D3,3e-05,0.015226112359305162,False,,,,,
(c),D3|FT_DR1_COMPRESSION_N8|20300402|K4|temporal_attention_query_parameter,D3,1e-05,0.07623859568098601,False,,,,,
(c),D3|FT_DR1_COMPRESSION_N8|20300402|K4|temporal_attention_query_parameter,D3,3e-06,0.17716805728714963,False,,,,,
(c),D3|FT_DR1_COMPRESSION_N8|20300402|K4|coefficient_head_parameter,D3,0.0001,2.5597011610713617e-05,True,,,,,
(c),D3|FT_DR1_COMPRESSION_N8|20300402|K4|coefficient_head_parameter,D3,3e-05,1.7257376952284817e-05,True,,,,,
(c),D3|FT_DR1_COMPRESSION_N8|20300402|K4|coefficient_head_parameter,D3,1e-05,0.0009124677393985844,True,,,,,
(c),D3|FT_DR1_COMPRESSION_N8|20300402|K4|coefficient_head_parameter,D3,3e-06,0.002655370740846028,True,,,,,
(c),D3|FT_DR1_COMPRESSION_N8|20300402|K4|initial_velocity,D3,0.0001,3.878568838049616e-06,True,,,,,
(c),D3|FT_DR1_COMPRESSION_N8|20300402|K4|initial_velocity,D3,3e-05,3.878651593665524e-06,True,,,,,
(c),D3|FT_DR1_COMPRESSION_N8|20300402|K4|initial_velocity,D3,1e-05,3.878737313850413e-06,True,,,,,
(c),D3|FT_DR1_COMPRESSION_N8|20300402|K4|initial_velocity,D3,3e-06,3.878621170413898e-06,True,,,,,
(c),D3|FT_DR1_COMPRESSION_N8|20300402|K4|initial_density,D3,0.0001,3.0282959143329788e-05,False,,,,,
(c),D3|FT_DR1_COMPRESSION_N8|20300402|K4|initial_density,D3,3e-05,3.028265773511445e-05,False,,,,,
(c),D3|FT_DR1_COMPRESSION_N8|20300402|K4|initial_density,D3,1e-05,3.0282618206539538e-05,False,,,,,
(c),D3|FT_DR1_COMPRESSION_N8|20300402|K4|initial_density,D3,3e-06,3.0282376461861344e-05,False,,,,,
(c),D3|FT_DR1_COMPRESSION_N8|20300402|K4|historical_token,D3,0.0001,0.6914307540686108,False,,,,,
(c),D3|FT_DR1_COMPRESSION_N8|20300402|K4|historical_token,D3,3e-05,0.691433330124372,False,,,,,
(c),D3|FT_DR1_COMPRESSION_N8|20300402|K4|historical_token,D3,1e-05,0.6914376801730402,False,,,,,
(c),D3|FT_DR1_COMPRESSION_N8|20300402|K4|historical_token,D3,3e-06,0.6914367899494921,False,,,,,
(c),D3|FT_DR1_COMPRESSION_N8|20300402|K8|token_encoder_parameter,D3,0.0001,5.911000665599714e-06,True,,,,,
(c),D3|FT_DR1_COMPRESSION_N8|20300402|K8|token_encoder_parameter,D3,3e-05,4.739348817231917e-05,True,,,,,
(c),D3|FT_DR1_COMPRESSION_N8|20300402|K8|token_encoder_parameter,D3,1e-05,8.155310317426977e-05,True,,,,,
(c),D3|FT_DR1_COMPRESSION_N8|20300402|K8|token_encoder_parameter,D3,3e-06,0.00017522194448675688,True,,,,,
(c),D3|FT_DR1_COMPRESSION_N8|20300402|K8|temporal_attention_query_parameter,D3,0.0001,0.002473741668583129,False,,,,,
(c),D3|FT_DR1_COMPRESSION_N8|20300402|K8|temporal_attention_query_parameter,D3,3e-05,0.0017629940897109066,False,,,,,
(c),D3|FT_DR1_COMPRESSION_N8|20300402|K8|temporal_attention_query_parameter,D3,1e-05,0.06904001739293356,False,,,,,
(c),D3|FT_DR1_COMPRESSION_N8|20300402|K8|temporal_attention_query_parameter,D3,3e-06,0.0677803334854392,False,,,,,
(c),D3|FT_DR1_COMPRESSION_N8|20300402|K8|coefficient_head_parameter,D3,0.0001,4.09400612774918e-06,True,,,,,
(c),D3|FT_DR1_COMPRESSION_N8|20300402|K8|coefficient_head_parameter,D3,3e-05,1.3861068104258822e-05,True,,,,,
(c),D3|FT_DR1_COMPRESSION_N8|20300402|K8|coefficient_head_parameter,D3,1e-05,3.9303458833786205e-05,True,,,,,
(c),D3|FT_DR1_COMPRESSION_N8|20300402|K8|coefficient_head_parameter,D3,3e-06,4.263966476740802e-05,True,,,,,
(c),D3|FT_DR1_COMPRESSION_N8|20300402|K8|initial_velocity,D3,0.0001,1.5680555899023678e-05,False,,,,,
(c),D3|FT_DR1_COMPRESSION_N8|20300402|K8|initial_velocity,D3,3e-05,1.568056892043892e-05,False,,,,,
(c),D3|FT_DR1_COMPRESSION_N8|20300402|K8|initial_velocity,D3,1e-05,1.5680634281152915e-05,False,,,,,
(c),D3|FT_DR1_COMPRESSION_N8|20300402|K8|initial_velocity,D3,3e-06,1.5680527866008837e-05,False,,,,,
(c),D3|FT_DR1_COMPRESSION_N8|20300402|K8|initial_density,D3,0.0001,2.4354042674190124e-05,False,,,,,
(c),D3|FT_DR1_COMPRESSION_N8|20300402|K8|initial_density,D3,3e-05,2.3724559141759767e-05,False,,,,,
(c),D3|FT_DR1_COMPRESSION_N8|20300402|K8|initial_density,D3,1e-05,2.3535508198485214e-05,False,,,,,
(c),D3|FT_DR1_COMPRESSION_N8|20300402|K8|initial_density,D3,3e-06,2.3530003724286016e-05,False,,,,,
(c),D3|FT_DR1_COMPRESSION_N8|20300402|K8|historical_token,D3,0.0001,0.5769862020428752,False,,,,,
(c),D3|FT_DR1_COMPRESSION_N8|20300402|K8|historical_token,D3,3e-05,0.5769893354704025,False,,,,,
(c),D3|FT_DR1_COMPRESSION_N8|20300402|K8|historical_token,D3,1e-05,0.5769972517329826,False,,,,,
(c),D3|FT_DR1_COMPRESSION_N8|20300402|K8|historical_token,D3,3e-06,0.5769947351413698,False,,,,,
(c),D3|FT_DR1_COMPRESSION_N8|20300403|K1|token_encoder_parameter,D3,0.0001,5.179596199802649e-05,False,,,,,
(c),D3|FT_DR1_COMPRESSION_N8|20300403|K1|token_encoder_parameter,D3,3e-05,0.0009921542566541715,False,,,,,
(c),D3|FT_DR1_COMPRESSION_N8|20300403|K1|token_encoder_parameter,D3,1e-05,0.00027051907284427184,False,,,,,
(c),D3|FT_DR1_COMPRESSION_N8|20300403|K1|token_encoder_parameter,D3,3e-06,0.0005002106120313404,False,,,,,
(c),D3|FT_DR1_COMPRESSION_N8|20300403|K1|temporal_attention_query_parameter,D3,0.0001,0.04266980250588959,False,,,,,
(c),D3|FT_DR1_COMPRESSION_N8|20300403|K1|temporal_attention_query_parameter,D3,3e-05,0.02736615116144722,False,,,,,
(c),D3|FT_DR1_COMPRESSION_N8|20300403|K1|temporal_attention_query_parameter,D3,1e-05,0.4514878149711489,False,,,,,
(c),D3|FT_DR1_COMPRESSION_N8|20300403|K1|temporal_attention_query_parameter,D3,3e-06,0.7594215690143525,False,,,,,
(c),D3|FT_DR1_COMPRESSION_N8|20300403|K1|coefficient_head_parameter,D3,0.0001,0.0010077792764667465,False,,,,,
(c),D3|FT_DR1_COMPRESSION_N8|20300403|K1|coefficient_head_parameter,D3,3e-05,0.0038149487442337504,False,,,,,
(c),D3|FT_DR1_COMPRESSION_N8|20300403|K1|coefficient_head_parameter,D3,1e-05,0.0028396141765189287,False,,,,,
(c),D3|FT_DR1_COMPRESSION_N8|20300403|K1|coefficient_head_parameter,D3,3e-06,0.023002184471986382,False,,,,,
(c),D3|FT_DR1_COMPRESSION_N8|20300403|K1|initial_velocity,D3,0.0001,2.4221757280138954e-05,False,,,,,
(c),D3|FT_DR1_COMPRESSION_N8|20300403|K1|initial_velocity,D3,3e-05,2.4221623789209906e-05,False,,,,,
(c),D3|FT_DR1_COMPRESSION_N8|20300403|K1|initial_velocity,D3,1e-05,2.4221536802294195e-05,False,,,,,
(c),D3|FT_DR1_COMPRESSION_N8|20300403|K1|initial_velocity,D3,3e-06,2.422178182609374e-05,False,,,,,
(c),D3|FT_DR1_COMPRESSION_N8|20300403|K1|initial_density,D3,0.0001,4.042282989537422e-05,False,,,,,
(c),D3|FT_DR1_COMPRESSION_N8|20300403|K1|initial_density,D3,3e-05,4.04224062868291e-05,False,,,,,
(c),D3|FT_DR1_COMPRESSION_N8|20300403|K1|initial_density,D3,1e-05,4.042232781231115e-05,False,,,,,
(c),D3|FT_DR1_COMPRESSION_N8|20300403|K1|initial_density,D3,3e-06,4.042243482369273e-05,False,,,,,
(c),D3|FT_DR1_COMPRESSION_N8|20300403|K1|historical_token,D3,0.0001,0.13532690212294363,False,,,,,
(c),D3|FT_DR1_COMPRESSION_N8|20300403|K1|historical_token,D3,3e-05,0.13532689334528983,False,,,,,
(c),D3|FT_DR1_COMPRESSION_N8|20300403|K1|historical_token,D3,1e-05,0.1353266435870341,False,,,,,
(c),D3|FT_DR1_COMPRESSION_N8|20300403|K1|historical_token,D3,3e-06,0.1353257815792519,False,,,,,
(c),D3|FT_DR1_COMPRESSION_N8|20300403|K2|token_encoder_parameter,D3,0.0001,5.1595926741527136e-05,True,,,,,
(c),D3|FT_DR1_COMPRESSION_N8|20300403|K2|token_encoder_parameter,D3,3e-05,0.00040196920596656223,True,,,,,
(c),D3|FT_DR1_COMPRESSION_N8|20300403|K2|token_encoder_parameter,D3,1e-05,3.111689490331848e-05,True,,,,,
(c),D3|FT_DR1_COMPRESSION_N8|20300403|K2|token_encoder_parameter,D3,3e-06,0.00036626258451477335,True,,,,,
(c),D3|FT_DR1_COMPRESSION_N8|20300403|K2|temporal_attention_query_parameter,D3,0.0001,0.014002858507003653,False,,,,,
(c),D3|FT_DR1_COMPRESSION_N8|20300403|K2|temporal_attention_query_parameter,D3,3e-05,0.03091872708916139,False,,,,,
(c),D3|FT_DR1_COMPRESSION_N8|20300403|K2|temporal_attention_query_parameter,D3,1e-05,0.09242937959641973,False,,,,,
(c),D3|FT_DR1_COMPRESSION_N8|20300403|K2|temporal_attention_query_parameter,D3,3e-06,0.5132215619096281,False,,,,,
(c),D3|FT_DR1_COMPRESSION_N8|20300403|K2|coefficient_head_parameter,D3,0.0001,6.969565513731787e-05,True,,,,,
(c),D3|FT_DR1_COMPRESSION_N8|20300403|K2|coefficient_head_parameter,D3,3e-05,0.0005587643604237536,True,,,,,
(c),D3|FT_DR1_COMPRESSION_N8|20300403|K2|coefficient_head_parameter,D3,1e-05,0.0008421737739919127,True,,,,,
(c),D3|FT_DR1_COMPRESSION_N8|20300403|K2|coefficient_head_parameter,D3,3e-06,0.0018496088588376316,True,,,,,
(c),D3|FT_DR1_COMPRESSION_N8|20300403|K2|initial_velocity,D3,0.0001,3.2369015320795916e-05,False,,,,,
(c),D3|FT_DR1_COMPRESSION_N8|20300403|K2|initial_velocity,D3,3e-05,3.2369156336857415e-05,False,,,,,
(c),D3|FT_DR1_COMPRESSION_N8|20300403|K2|initial_velocity,D3,1e-05,3.236901508655284e-05,False,,,,,
(c),D3|FT_DR1_COMPRESSION_N8|20300403|K2|initial_velocity,D3,3e-06,3.2369053231169765e-05,False,,,,,
(c),D3|FT_DR1_COMPRESSION_N8|20300403|K2|initial_density,D3,0.0001,7.264097569075044e-05,False,,,,,
(c),D3|FT_DR1_COMPRESSION_N8|20300403|K2|initial_density,D3,3e-05,6.943892476164584e-05,False,,,,,
(c),D3|FT_DR1_COMPRESSION_N8|20300403|K2|initial_density,D3,1e-05,6.76650862468204e-05,False,,,,,
(c),D3|FT_DR1_COMPRESSION_N8|20300403|K2|initial_density,D3,3e-06,6.756492086364341e-05,False,,,,,
(c),D3|FT_DR1_COMPRESSION_N8|20300403|K2|historical_token,D3,0.0001,0.055922409267809545,False,,,,,
(c),D3|FT_DR1_COMPRESSION_N8|20300403|K2|historical_token,D3,3e-05,0.05500466918375773,False,,,,,
(c),D3|FT_DR1_COMPRESSION_N8|20300403|K2|historical_token,D3,1e-05,0.05498207901158769,False,,,,,
(c),D3|FT_DR1_COMPRESSION_N8|20300403|K2|historical_token,D3,3e-06,0.054980691149776474,False,,,,,
(c),D3|FT_DR1_COMPRESSION_N8|20300403|K4|token_encoder_parameter,D3,0.0001,1.8306585218988765e-05,True,,,,,
(c),D3|FT_DR1_COMPRESSION_N8|20300403|K4|token_encoder_parameter,D3,3e-05,9.34731328124497e-05,True,,,,,
(c),D3|FT_DR1_COMPRESSION_N8|20300403|K4|token_encoder_parameter,D3,1e-05,0.000493683955209415,True,,,,,
(c),D3|FT_DR1_COMPRESSION_N8|20300403|K4|token_encoder_parameter,D3,3e-06,0.0004935595630072146,True,,,,,
(c),D3|FT_DR1_COMPRESSION_N8|20300403|K4|temporal_attention_query_parameter,D3,0.0001,0.0029454466110163356,False,,,,,
(c),D3|FT_DR1_COMPRESSION_N8|20300403|K4|temporal_attention_query_parameter,D3,3e-05,0.01587197380941175,False,,,,,
(c),D3|FT_DR1_COMPRESSION_N8|20300403|K4|temporal_attention_query_parameter,D3,1e-05,0.03225448460902232,False,,,,,
(c),D3|FT_DR1_COMPRESSION_N8|20300403|K4|temporal_attention_query_parameter,D3,3e-06,0.05073687140961367,False,,,,,
(c),D3|FT_DR1_COMPRESSION_N8|20300403|K4|coefficient_head_parameter,D3,0.0001,1.9184751260483284e-05,True,,,,,
(c),D3|FT_DR1_COMPRESSION_N8|20300403|K4|coefficient_head_parameter,D3,3e-05,0.0001504786262354373,True,,,,,
(c),D3|FT_DR1_COMPRESSION_N8|20300403|K4|coefficient_head_parameter,D3,1e-05,0.00010440007714505483,True,,,,,
(c),D3|FT_DR1_COMPRESSION_N8|20300403|K4|coefficient_head_parameter,D3,3e-06,0.0005966944195642877,True,,,,,
(c),D3|FT_DR1_COMPRESSION_N8|20300403|K4|initial_velocity,D3,0.0001,2.13701341321142e-06,True,,,,,
(c),D3|FT_DR1_COMPRESSION_N8|20300403|K4|initial_velocity,D3,3e-05,2.1354335073756384e-06,True,,,,,
(c),D3|FT_DR1_COMPRESSION_N8|20300403|K4|initial_velocity,D3,1e-05,2.1351534249910327e-06,True,,,,,
(c),D3|FT_DR1_COMPRESSION_N8|20300403|K4|initial_velocity,D3,3e-06,2.1344750243644424e-06,True,,,,,
(c),D3|FT_DR1_COMPRESSION_N8|20300403|K4|initial_density,D3,0.0001,8.141309872779811e-05,False,,,,,
(c),D3|FT_DR1_COMPRESSION_N8|20300403|K4|initial_density,D3,3e-05,7.827933556084289e-05,False,,,,,
(c),D3|FT_DR1_COMPRESSION_N8|20300403|K4|initial_density,D3,1e-05,7.675305285067393e-05,False,,,,,
(c),D3|FT_DR1_COMPRESSION_N8|20300403|K4|initial_density,D3,3e-06,7.66146099844879e-05,False,,,,,
(c),D3|FT_DR1_COMPRESSION_N8|20300403|K4|historical_token,D3,0.0001,0.032522911859712296,False,,,,,
(c),D3|FT_DR1_COMPRESSION_N8|20300403|K4|historical_token,D3,3e-05,0.032604409174205484,False,,,,,
(c),D3|FT_DR1_COMPRESSION_N8|20300403|K4|historical_token,D3,1e-05,0.032585625989634104,False,,,,,
(c),D3|FT_DR1_COMPRESSION_N8|20300403|K4|historical_token,D3,3e-06,0.03258505887163557,False,,,,,
(c),D3|FT_DR1_COMPRESSION_N8|20300403|K8|token_encoder_parameter,D3,0.0001,1.7705258951814851e-06,True,,,,,
(c),D3|FT_DR1_COMPRESSION_N8|20300403|K8|token_encoder_parameter,D3,3e-05,1.6519873770511723e-05,True,,,,,
(c),D3|FT_DR1_COMPRESSION_N8|20300403|K8|token_encoder_parameter,D3,1e-05,7.789206742818384e-05,True,,,,,
(c),D3|FT_DR1_COMPRESSION_N8|20300403|K8|token_encoder_parameter,D3,3e-06,8.352190775932013e-05,True,,,,,
(c),D3|FT_DR1_COMPRESSION_N8|20300403|K8|temporal_attention_query_parameter,D3,0.0001,0.0009348691204160153,False,,,,,
(c),D3|FT_DR1_COMPRESSION_N8|20300403|K8|temporal_attention_query_parameter,D3,3e-05,0.0010871493295816772,False,,,,,
(c),D3|FT_DR1_COMPRESSION_N8|20300403|K8|temporal_attention_query_parameter,D3,1e-05,0.0062629350466498635,False,,,,,
(c),D3|FT_DR1_COMPRESSION_N8|20300403|K8|temporal_attention_query_parameter,D3,3e-06,0.07365373347193511,False,,,,,
(c),D3|FT_DR1_COMPRESSION_N8|20300403|K8|coefficient_head_parameter,D3,0.0001,2.301116622208477e-06,True,,,,,
(c),D3|FT_DR1_COMPRESSION_N8|20300403|K8|coefficient_head_parameter,D3,3e-05,1.7952068975511145e-05,True,,,,,
(c),D3|FT_DR1_COMPRESSION_N8|20300403|K8|coefficient_head_parameter,D3,1e-05,2.232150548819856e-06,True,,,,,
(c),D3|FT_DR1_COMPRESSION_N8|20300403|K8|coefficient_head_parameter,D3,3e-06,0.00035465048619618854,True,,,,,
(c),D3|FT_DR1_COMPRESSION_N8|20300403|K8|initial_velocity,D3,0.0001,6.912336688958212e-06,True,,,,,
(c),D3|FT_DR1_COMPRESSION_N8|20300403|K8|initial_velocity,D3,3e-05,6.915745540138165e-06,True,,,,,
(c),D3|FT_DR1_COMPRESSION_N8|20300403|K8|initial_velocity,D3,1e-05,6.916446567301107e-06,True,,,,,
(c),D3|FT_DR1_COMPRESSION_N8|20300403|K8|initial_velocity,D3,3e-06,6.917398510915225e-06,True,,,,,
(c),D3|FT_DR1_COMPRESSION_N8|20300403|K8|initial_density,D3,0.0001,4.269110931242703e-05,False,,,,,
(c),D3|FT_DR1_COMPRESSION_N8|20300403|K8|initial_density,D3,3e-05,4.078088014853952e-05,False,,,,,
(c),D3|FT_DR1_COMPRESSION_N8|20300403|K8|initial_density,D3,1e-05,3.908479985734248e-05,False,,,,,
(c),D3|FT_DR1_COMPRESSION_N8|20300403|K8|initial_density,D3,3e-06,3.886062005142669e-05,False,,,,,
(c),D3|FT_DR1_COMPRESSION_N8|20300403|K8|historical_token,D3,0.0001,0.034429422218344906,False,,,,,
(c),D3|FT_DR1_COMPRESSION_N8|20300403|K8|historical_token,D3,3e-05,0.034497545100109106,False,,,,,
(c),D3|FT_DR1_COMPRESSION_N8|20300403|K8|historical_token,D3,1e-05,0.034477826566612406,False,,,,,
(c),D3|FT_DR1_COMPRESSION_N8|20300403|K8|historical_token,D3,3e-06,0.03447862317897622,False,,,,,
(c),D3|FT_DR3_SHEAR_A_N8|20300401|K1|token_encoder_parameter,D3,0.0001,0.011673725614820791,True,,,,,
(c),D3|FT_DR3_SHEAR_A_N8|20300401|K1|token_encoder_parameter,D3,3e-05,0.04527420893926212,True,,,,,
(c),D3|FT_DR3_SHEAR_A_N8|20300401|K1|token_encoder_parameter,D3,1e-05,0.19397717944272772,True,,,,,
(c),D3|FT_DR3_SHEAR_A_N8|20300401|K1|token_encoder_parameter,D3,3e-06,0.3218668934368201,True,,,,,
(c),D3|FT_DR3_SHEAR_A_N8|20300401|K1|temporal_attention_query_parameter,D3,0.0001,0.01421954565315866,True,,,,,
(c),D3|FT_DR3_SHEAR_A_N8|20300401|K1|temporal_attention_query_parameter,D3,3e-05,0.04882848482057113,True,,,,,
(c),D3|FT_DR3_SHEAR_A_N8|20300401|K1|temporal_attention_query_parameter,D3,1e-05,0.11410650507744607,True,,,,,
(c),D3|FT_DR3_SHEAR_A_N8|20300401|K1|temporal_attention_query_parameter,D3,3e-06,0.571159545105786,True,,,,,
(c),D3|FT_DR3_SHEAR_A_N8|20300401|K1|coefficient_head_parameter,D3,0.0001,0.008209594177183376,True,,,,,
(c),D3|FT_DR3_SHEAR_A_N8|20300401|K1|coefficient_head_parameter,D3,3e-05,0.06060074022117828,True,,,,,
(c),D3|FT_DR3_SHEAR_A_N8|20300401|K1|coefficient_head_parameter,D3,1e-05,0.2261627843583484,True,,,,,
(c),D3|FT_DR3_SHEAR_A_N8|20300401|K1|coefficient_head_parameter,D3,3e-06,0.11943218663109373,True,,,,,
(c),D3|FT_DR3_SHEAR_A_N8|20300401|K1|initial_velocity,D3,0.0001,7.937923592179584e-07,True,,,,,
(c),D3|FT_DR3_SHEAR_A_N8|20300401|K1|initial_velocity,D3,3e-05,1.0860575552048659e-06,True,,,,,
(c),D3|FT_DR3_SHEAR_A_N8|20300401|K1|initial_velocity,D3,1e-05,1.1156884698507567e-06,True,,,,,
(c),D3|FT_DR3_SHEAR_A_N8|20300401|K1|initial_velocity,D3,3e-06,1.1167427270054559e-06,True,,,,,
(c),D3|FT_DR3_SHEAR_A_N8|20300401|K1|initial_density,D3,0.0001,6.642753001003752e-05,False,,,,,
(c),D3|FT_DR3_SHEAR_A_N8|20300401|K1|initial_density,D3,3e-05,8.149958380984139e-05,False,,,,,
(c),D3|FT_DR3_SHEAR_A_N8|20300401|K1|initial_density,D3,1e-05,5.31919252089836e-05,False,,,,,
(c),D3|FT_DR3_SHEAR_A_N8|20300401|K1|initial_density,D3,3e-06,5.2771819539576725e-05,False,,,,,
(c),D3|FT_DR3_SHEAR_A_N8|20300401|K1|historical_token,D3,0.0001,0.006732183377781513,False,,,,,
(c),D3|FT_DR3_SHEAR_A_N8|20300401|K1|historical_token,D3,3e-05,0.01045481957775996,False,,,,,
(c),D3|FT_DR3_SHEAR_A_N8|20300401|K1|historical_token,D3,1e-05,0.0021821729475653873,False,,,,,
(c),D3|FT_DR3_SHEAR_A_N8|20300401|K1|historical_token,D3,3e-06,0.003580358994925775,False,,,,,
(c),D3|FT_DR3_SHEAR_A_N8|20300401|K2|token_encoder_parameter,D3,0.0001,0.018529955406451974,True,,,,,
(c),D3|FT_DR3_SHEAR_A_N8|20300401|K2|token_encoder_parameter,D3,3e-05,0.06508841092251767,True,,,,,
(c),D3|FT_DR3_SHEAR_A_N8|20300401|K2|token_encoder_parameter,D3,1e-05,0.060184085038758356,True,,,,,
(c),D3|FT_DR3_SHEAR_A_N8|20300401|K2|token_encoder_parameter,D3,3e-06,0.5105917173040683,True,,,,,
(c),D3|FT_DR3_SHEAR_A_N8|20300401|K2|temporal_attention_query_parameter,D3,0.0001,0.024012208840370166,True,,,,,
(c),D3|FT_DR3_SHEAR_A_N8|20300401|K2|temporal_attention_query_parameter,D3,3e-05,0.10870416339528427,True,,,,,
(c),D3|FT_DR3_SHEAR_A_N8|20300401|K2|temporal_attention_query_parameter,D3,1e-05,0.30726409286663253,True,,,,,
(c),D3|FT_DR3_SHEAR_A_N8|20300401|K2|temporal_attention_query_parameter,D3,3e-06,0.5135046357758528,True,,,,,
(c),D3|FT_DR3_SHEAR_A_N8|20300401|K2|coefficient_head_parameter,D3,0.0001,0.009737949526711977,True,,,,,
(c),D3|FT_DR3_SHEAR_A_N8|20300401|K2|coefficient_head_parameter,D3,3e-05,0.07489816167769263,True,,,,,
(c),D3|FT_DR3_SHEAR_A_N8|20300401|K2|coefficient_head_parameter,D3,1e-05,0.2209660950337738,True,,,,,
(c),D3|FT_DR3_SHEAR_A_N8|20300401|K2|coefficient_head_parameter,D3,3e-06,0.0004962994365000287,True,,,,,
(c),D3|FT_DR3_SHEAR_A_N8|20300401|K2|initial_velocity,D3,0.0001,6.109797230898682e-06,True,,,,,
(c),D3|FT_DR3_SHEAR_A_N8|20300401|K2|initial_velocity,D3,3e-05,5.575331042588278e-06,True,,,,,
(c),D3|FT_DR3_SHEAR_A_N8|20300401|K2|initial_velocity,D3,1e-05,4.81442908553516e-06,True,,,,,
(c),D3|FT_DR3_SHEAR_A_N8|20300401|K2|initial_velocity,D3,3e-06,3.9844632091255536e-06,True,,,,,
(c),D3|FT_DR3_SHEAR_A_N8|20300401|K2|initial_density,D3,0.0001,6.506351917605548e-05,False,,,,,
(c),D3|FT_DR3_SHEAR_A_N8|20300401|K2|initial_density,D3,3e-05,8.580423239772626e-05,False,,,,,
(c),D3|FT_DR3_SHEAR_A_N8|20300401|K2|initial_density,D3,1e-05,7.540584529658438e-05,False,,,,,
(c),D3|FT_DR3_SHEAR_A_N8|20300401|K2|initial_density,D3,3e-06,6.503062337719063e-05,False,,,,,
(c),D3|FT_DR3_SHEAR_A_N8|20300401|K2|historical_token,D3,0.0001,0.0007718688539736418,False,,,,,
(c),D3|FT_DR3_SHEAR_A_N8|20300401|K2|historical_token,D3,3e-05,0.006160712341320732,False,,,,,
(c),D3|FT_DR3_SHEAR_A_N8|20300401|K2|historical_token,D3,1e-05,0.0020007097707781746,False,,,,,
(c),D3|FT_DR3_SHEAR_A_N8|20300401|K2|historical_token,D3,3e-06,0.0011745539359598162,False,,,,,
(c),D3|FT_DR3_SHEAR_A_N8|20300401|K4|token_encoder_parameter,D3,0.0001,0.01297563690226196,False,,,,,
(c),D3|FT_DR3_SHEAR_A_N8|20300401|K4|token_encoder_parameter,D3,3e-05,0.13476494823663446,False,,,,,
(c),D3|FT_DR3_SHEAR_A_N8|20300401|K4|token_encoder_parameter,D3,1e-05,0.26679779504006307,False,,,,,
(c),D3|FT_DR3_SHEAR_A_N8|20300401|K4|token_encoder_parameter,D3,3e-06,1.0000000049939146,False,,,,,
(c),D3|FT_DR3_SHEAR_A_N8|20300401|K4|temporal_attention_query_parameter,D3,0.0001,0.040778937907203563,True,,,,,
(c),D3|FT_DR3_SHEAR_A_N8|20300401|K4|temporal_attention_query_parameter,D3,3e-05,0.058739582842566695,True,,,,,
(c),D3|FT_DR3_SHEAR_A_N8|20300401|K4|temporal_attention_query_parameter,D3,1e-05,0.7221111430451336,True,,,,,
(c),D3|FT_DR3_SHEAR_A_N8|20300401|K4|temporal_attention_query_parameter,D3,3e-06,0.0895784207872501,True,,,,,
(c),D3|FT_DR3_SHEAR_A_N8|20300401|K4|coefficient_head_parameter,D3,0.0001,0.015921000965019447,True,,,,,
(c),D3|FT_DR3_SHEAR_A_N8|20300401|K4|coefficient_head_parameter,D3,3e-05,0.2834265240866313,True,,,,,
(c),D3|FT_DR3_SHEAR_A_N8|20300401|K4|coefficient_head_parameter,D3,1e-05,0.9133594293312869,True,,,,,
(c),D3|FT_DR3_SHEAR_A_N8|20300401|K4|coefficient_head_parameter,D3,3e-06,0.1667118239218575,True,,,,,
(c),D3|FT_DR3_SHEAR_A_N8|20300401|K4|initial_velocity,D3,0.0001,7.2896096394924586e-06,True,,,,,
(c),D3|FT_DR3_SHEAR_A_N8|20300401|K4|initial_velocity,D3,3e-05,4.70946020655443e-06,True,,,,,
(c),D3|FT_DR3_SHEAR_A_N8|20300401|K4|initial_velocity,D3,1e-05,5.397789651303877e-06,True,,,,,
(c),D3|FT_DR3_SHEAR_A_N8|20300401|K4|initial_velocity,D3,3e-06,6.130760050295724e-06,True,,,,,
(c),D3|FT_DR3_SHEAR_A_N8|20300401|K4|initial_density,D3,0.0001,6.409432538099781e-05,False,,,,,
(c),D3|FT_DR3_SHEAR_A_N8|20300401|K4|initial_density,D3,3e-05,8.583281144097077e-05,False,,,,,
(c),D3|FT_DR3_SHEAR_A_N8|20300401|K4|initial_density,D3,1e-05,0.00010606132619100417,False,,,,,
(c),D3|FT_DR3_SHEAR_A_N8|20300401|K4|initial_density,D3,3e-06,7.727899296242859e-05,False,,,,,
(c),D3|FT_DR3_SHEAR_A_N8|20300401|K4|historical_token,D3,0.0001,0.007417033464713884,False,,,,,
(c),D3|FT_DR3_SHEAR_A_N8|20300401|K4|historical_token,D3,3e-05,0.018180882783317354,False,,,,,
(c),D3|FT_DR3_SHEAR_A_N8|20300401|K4|historical_token,D3,1e-05,0.012041948473558746,False,,,,,
(c),D3|FT_DR3_SHEAR_A_N8|20300401|K4|historical_token,D3,3e-06,0.01257282165013109,False,,,,,
(c),D3|FT_DR3_SHEAR_A_N8|20300401|K8|token_encoder_parameter,D3,0.0001,0.0005362937531475645,True,,,,,
(c),D3|FT_DR3_SHEAR_A_N8|20300401|K8|token_encoder_parameter,D3,3e-05,0.2837272679420769,True,,,,,
(c),D3|FT_DR3_SHEAR_A_N8|20300401|K8|token_encoder_parameter,D3,1e-05,0.16101306076161356,True,,,,,
(c),D3|FT_DR3_SHEAR_A_N8|20300401|K8|token_encoder_parameter,D3,3e-06,0.27896250065912725,True,,,,,
(c),D3|FT_DR3_SHEAR_A_N8|20300401|K8|temporal_attention_query_parameter,D3,0.0001,0.01548149848537525,True,,,,,
(c),D3|FT_DR3_SHEAR_A_N8|20300401|K8|temporal_attention_query_parameter,D3,3e-05,0.11116762204460919,True,,,,,
(c),D3|FT_DR3_SHEAR_A_N8|20300401|K8|temporal_attention_query_parameter,D3,1e-05,0.6512222050649774,True,,,,,
(c),D3|FT_DR3_SHEAR_A_N8|20300401|K8|temporal_attention_query_parameter,D3,3e-06,0.26528948187701956,True,,,,,
(c),D3|FT_DR3_SHEAR_A_N8|20300401|K8|coefficient_head_parameter,D3,0.0001,0.020194690541636834,True,,,,,
(c),D3|FT_DR3_SHEAR_A_N8|20300401|K8|coefficient_head_parameter,D3,3e-05,0.3689160660872272,True,,,,,
(c),D3|FT_DR3_SHEAR_A_N8|20300401|K8|coefficient_head_parameter,D3,1e-05,0.9268041831894268,True,,,,,
(c),D3|FT_DR3_SHEAR_A_N8|20300401|K8|coefficient_head_parameter,D3,3e-06,0.9950657876775504,True,,,,,
(c),D3|FT_DR3_SHEAR_A_N8|20300401|K8|initial_velocity,D3,0.0001,7.783999559913907e-06,True,,,,,
(c),D3|FT_DR3_SHEAR_A_N8|20300401|K8|initial_velocity,D3,3e-05,5.864320556171332e-06,True,,,,,
(c),D3|FT_DR3_SHEAR_A_N8|20300401|K8|initial_velocity,D3,1e-05,7.187883071075407e-06,True,,,,,
(c),D3|FT_DR3_SHEAR_A_N8|20300401|K8|initial_velocity,D3,3e-06,8.104575631008058e-06,True,,,,,
(c),D3|FT_DR3_SHEAR_A_N8|20300401|K8|initial_density,D3,0.0001,9.168927816453463e-05,False,,,,,
(c),D3|FT_DR3_SHEAR_A_N8|20300401|K8|initial_density,D3,3e-05,0.00010641079358927287,False,,,,,
(c),D3|FT_DR3_SHEAR_A_N8|20300401|K8|initial_density,D3,1e-05,0.0001239248828808415,False,,,,,
(c),D3|FT_DR3_SHEAR_A_N8|20300401|K8|initial_density,D3,3e-06,4.602397682878371e-05,False,,,,,
(c),D3|FT_DR3_SHEAR_A_N8|20300401|K8|historical_token,D3,0.0001,0.005840896699925693,False,,,,,
(c),D3|FT_DR3_SHEAR_A_N8|20300401|K8|historical_token,D3,3e-05,0.017623017229361188,False,,,,,
(c),D3|FT_DR3_SHEAR_A_N8|20300401|K8|historical_token,D3,1e-05,0.011404566330817557,False,,,,,
(c),D3|FT_DR3_SHEAR_A_N8|20300401|K8|historical_token,D3,3e-06,0.011945207181797195,False,,,,,
(c),D3|FT_DR3_SHEAR_A_N8|20300402|K1|token_encoder_parameter,D3,0.0001,0.007021200464711816,True,,,,,
(c),D3|FT_DR3_SHEAR_A_N8|20300402|K1|token_encoder_parameter,D3,3e-05,0.10370297204751312,True,,,,,
(c),D3|FT_DR3_SHEAR_A_N8|20300402|K1|token_encoder_parameter,D3,1e-05,0.17641486367499234,True,,,,,
(c),D3|FT_DR3_SHEAR_A_N8|20300402|K1|token_encoder_parameter,D3,3e-06,0.459444028708865,True,,,,,
(c),D3|FT_DR3_SHEAR_A_N8|20300402|K1|temporal_attention_query_parameter,D3,0.0001,0.020611277888480203,True,,,,,
(c),D3|FT_DR3_SHEAR_A_N8|20300402|K1|temporal_attention_query_parameter,D3,3e-05,0.042168177160867175,True,,,,,
(c),D3|FT_DR3_SHEAR_A_N8|20300402|K1|temporal_attention_query_parameter,D3,1e-05,0.012013162462456949,True,,,,,
(c),D3|FT_DR3_SHEAR_A_N8|20300402|K1|temporal_attention_query_parameter,D3,3e-06,0.046819223366029984,True,,,,,
(c),D3|FT_DR3_SHEAR_A_N8|20300402|K1|coefficient_head_parameter,D3,0.0001,0.01227433343841084,True,,,,,
(c),D3|FT_DR3_SHEAR_A_N8|20300402|K1|coefficient_head_parameter,D3,3e-05,0.045308223353929755,True,,,,,
(c),D3|FT_DR3_SHEAR_A_N8|20300402|K1|coefficient_head_parameter,D3,1e-05,0.34297375220047327,True,,,,,
(c),D3|FT_DR3_SHEAR_A_N8|20300402|K1|coefficient_head_parameter,D3,3e-06,0.20161066345823084,True,,,,,
(c),D3|FT_DR3_SHEAR_A_N8|20300402|K1|initial_velocity,D3,0.0001,3.490540518673687e-06,True,,,,,
(c),D3|FT_DR3_SHEAR_A_N8|20300402|K1|initial_velocity,D3,3e-05,3.4905857463519776e-06,True,,,,,
(c),D3|FT_DR3_SHEAR_A_N8|20300402|K1|initial_velocity,D3,1e-05,3.49062950885908e-06,True,,,,,
(c),D3|FT_DR3_SHEAR_A_N8|20300402|K1|initial_velocity,D3,3e-06,3.4906916544544098e-06,True,,,,,
(c),D3|FT_DR3_SHEAR_A_N8|20300402|K1|initial_density,D3,0.0001,6.480530626528996e-05,False,,,,,
(c),D3|FT_DR3_SHEAR_A_N8|20300402|K1|initial_density,D3,3e-05,4.417045737185938e-05,False,,,,,
(c),D3|FT_DR3_SHEAR_A_N8|20300402|K1|initial_density,D3,1e-05,4.319204180233221e-05,False,,,,,
(c),D3|FT_DR3_SHEAR_A_N8|20300402|K1|initial_density,D3,3e-06,4.319246532896648e-05,False,,,,,
(c),D3|FT_DR3_SHEAR_A_N8|20300402|K1|historical_token,D3,0.0001,0.22423346942093905,False,,,,,
(c),D3|FT_DR3_SHEAR_A_N8|20300402|K1|historical_token,D3,3e-05,0.23534000931240157,False,,,,,
(c),D3|FT_DR3_SHEAR_A_N8|20300402|K1|historical_token,D3,1e-05,0.23654620365352214,False,,,,,
(c),D3|FT_DR3_SHEAR_A_N8|20300402|K1|historical_token,D3,3e-06,0.2365475010881288,False,,,,,
(c),D3|FT_DR3_SHEAR_A_N8|20300402|K2|token_encoder_parameter,D3,0.0001,0.0051259527999125525,True,,,,,
(c),D3|FT_DR3_SHEAR_A_N8|20300402|K2|token_encoder_parameter,D3,3e-05,0.15518480789569802,True,,,,,
(c),D3|FT_DR3_SHEAR_A_N8|20300402|K2|token_encoder_parameter,D3,1e-05,0.05428037687321798,True,,,,,
(c),D3|FT_DR3_SHEAR_A_N8|20300402|K2|token_encoder_parameter,D3,3e-06,0.7406065906566481,True,,,,,
(c),D3|FT_DR3_SHEAR_A_N8|20300402|K2|temporal_attention_query_parameter,D3,0.0001,0.002612190607188796,True,,,,,
(c),D3|FT_DR3_SHEAR_A_N8|20300402|K2|temporal_attention_query_parameter,D3,3e-05,0.036242729272551455,True,,,,,
(c),D3|FT_DR3_SHEAR_A_N8|20300402|K2|temporal_attention_query_parameter,D3,1e-05,0.026893066614969596,True,,,,,
(c),D3|FT_DR3_SHEAR_A_N8|20300402|K2|temporal_attention_query_parameter,D3,3e-06,0.14631382281817806,True,,,,,
(c),D3|FT_DR3_SHEAR_A_N8|20300402|K2|coefficient_head_parameter,D3,0.0001,0.03777197253241959,True,,,,,
(c),D3|FT_DR3_SHEAR_A_N8|20300402|K2|coefficient_head_parameter,D3,3e-05,0.004507765874407328,True,,,,,
(c),D3|FT_DR3_SHEAR_A_N8|20300402|K2|coefficient_head_parameter,D3,1e-05,0.4025689702961193,True,,,,,
(c),D3|FT_DR3_SHEAR_A_N8|20300402|K2|coefficient_head_parameter,D3,3e-06,0.3090098770538564,True,,,,,
(c),D3|FT_DR3_SHEAR_A_N8|20300402|K2|initial_velocity,D3,0.0001,7.353666425367728e-06,True,,,,,
(c),D3|FT_DR3_SHEAR_A_N8|20300402|K2|initial_velocity,D3,3e-05,7.353613585754416e-06,True,,,,,
(c),D3|FT_DR3_SHEAR_A_N8|20300402|K2|initial_velocity,D3,1e-05,7.354108309203162e-06,True,,,,,
(c),D3|FT_DR3_SHEAR_A_N8|20300402|K2|initial_velocity,D3,3e-06,7.3549047902982135e-06,True,,,,,
(c),D3|FT_DR3_SHEAR_A_N8|20300402|K2|initial_density,D3,0.0001,5.527822561589333e-05,False,,,,,
(c),D3|FT_DR3_SHEAR_A_N8|20300402|K2|initial_density,D3,3e-05,2.295086344561475e-05,False,,,,,
(c),D3|FT_DR3_SHEAR_A_N8|20300402|K2|initial_density,D3,1e-05,2.129406584871472e-05,False,,,,,
(c),D3|FT_DR3_SHEAR_A_N8|20300402|K2|initial_density,D3,3e-06,2.1293347576664805e-05,False,,,,,
(c),D3|FT_DR3_SHEAR_A_N8|20300402|K2|historical_token,D3,0.0001,0.1817863624782063,False,,,,,
(c),D3|FT_DR3_SHEAR_A_N8|20300402|K2|historical_token,D3,3e-05,0.19382129594118364,False,,,,,
(c),D3|FT_DR3_SHEAR_A_N8|20300402|K2|historical_token,D3,1e-05,0.1951264744093429,False,,,,,
(c),D3|FT_DR3_SHEAR_A_N8|20300402|K2|historical_token,D3,3e-06,0.19513171611169475,False,,,,,
(c),D3|FT_DR3_SHEAR_A_N8|20300402|K4|token_encoder_parameter,D3,0.0001,0.013158060617539288,True,,,,,
(c),D3|FT_DR3_SHEAR_A_N8|20300402|K4|token_encoder_parameter,D3,3e-05,0.05536048464561292,True,,,,,
(c),D3|FT_DR3_SHEAR_A_N8|20300402|K4|token_encoder_parameter,D3,1e-05,0.1984545871062341,True,,,,,
(c),D3|FT_DR3_SHEAR_A_N8|20300402|K4|token_encoder_parameter,D3,3e-06,0.8205902412818806,True,,,,,
(c),D3|FT_DR3_SHEAR_A_N8|20300402|K4|temporal_attention_query_parameter,D3,0.0001,0.017848969030590193,True,,,,,
(c),D3|FT_DR3_SHEAR_A_N8|20300402|K4|temporal_attention_query_parameter,D3,3e-05,0.0030422714479988898,True,,,,,
(c),D3|FT_DR3_SHEAR_A_N8|20300402|K4|temporal_attention_query_parameter,D3,1e-05,0.14636626244284462,True,,,,,
(c),D3|FT_DR3_SHEAR_A_N8|20300402|K4|temporal_attention_query_parameter,D3,3e-06,0.18050427009963024,True,,,,,
(c),D3|FT_DR3_SHEAR_A_N8|20300402|K4|coefficient_head_parameter,D3,0.0001,0.06749634686058621,True,,,,,
(c),D3|FT_DR3_SHEAR_A_N8|20300402|K4|coefficient_head_parameter,D3,3e-05,0.11715213225455341,True,,,,,
(c),D3|FT_DR3_SHEAR_A_N8|20300402|K4|coefficient_head_parameter,D3,1e-05,0.5246963482848379,True,,,,,
(c),D3|FT_DR3_SHEAR_A_N8|20300402|K4|coefficient_head_parameter,D3,3e-06,0.38412370166153315,True,,,,,
(c),D3|FT_DR3_SHEAR_A_N8|20300402|K4|initial_velocity,D3,0.0001,4.547611265265963e-05,False,,,,,
(c),D3|FT_DR3_SHEAR_A_N8|20300402|K4|initial_velocity,D3,3e-05,4.5475662208852736e-05,False,,,,,
(c),D3|FT_DR3_SHEAR_A_N8|20300402|K4|initial_velocity,D3,1e-05,4.547615328650906e-05,False,,,,,
(c),D3|FT_DR3_SHEAR_A_N8|20300402|K4|initial_velocity,D3,3e-06,4.547827101995925e-05,False,,,,,
(c),D3|FT_DR3_SHEAR_A_N8|20300402|K4|initial_density,D3,0.0001,8.594017630570211e-05,False,,,,,
(c),D3|FT_DR3_SHEAR_A_N8|20300402|K4|initial_density,D3,3e-05,4.127963369017126e-05,False,,,,,
(c),D3|FT_DR3_SHEAR_A_N8|20300402|K4|initial_density,D3,1e-05,3.925874097515295e-05,False,,,,,
(c),D3|FT_DR3_SHEAR_A_N8|20300402|K4|initial_density,D3,3e-06,3.925844273605819e-05,False,,,,,
(c),D3|FT_DR3_SHEAR_A_N8|20300402|K4|historical_token,D3,0.0001,0.09877379353061715,False,,,,,
(c),D3|FT_DR3_SHEAR_A_N8|20300402|K4|historical_token,D3,3e-05,0.11550143755075815,False,,,,,
(c),D3|FT_DR3_SHEAR_A_N8|20300402|K4|historical_token,D3,1e-05,0.11696545612890087,False,,,,,
(c),D3|FT_DR3_SHEAR_A_N8|20300402|K4|historical_token,D3,3e-06,0.11696117858372158,False,,,,,
(c),D3|FT_DR3_SHEAR_A_N8|20300402|K8|token_encoder_parameter,D3,0.0001,0.029932056065086997,True,,,,,
(c),D3|FT_DR3_SHEAR_A_N8|20300402|K8|token_encoder_parameter,D3,3e-05,0.027304118387024404,True,,,,,
(c),D3|FT_DR3_SHEAR_A_N8|20300402|K8|token_encoder_parameter,D3,1e-05,0.09291029931074672,True,,,,,
(c),D3|FT_DR3_SHEAR_A_N8|20300402|K8|token_encoder_parameter,D3,3e-06,0.9203445600558514,True,,,,,
(c),D3|FT_DR3_SHEAR_A_N8|20300402|K8|temporal_attention_query_parameter,D3,0.0001,0.07318296709270047,False,,,,,
(c),D3|FT_DR3_SHEAR_A_N8|20300402|K8|temporal_attention_query_parameter,D3,3e-05,0.07093005137254027,False,,,,,
(c),D3|FT_DR3_SHEAR_A_N8|20300402|K8|temporal_attention_query_parameter,D3,1e-05,0.5638331469495098,False,,,,,
(c),D3|FT_DR3_SHEAR_A_N8|20300402|K8|temporal_attention_query_parameter,D3,3e-06,0.9999999998013479,False,,,,,
(c),D3|FT_DR3_SHEAR_A_N8|20300402|K8|coefficient_head_parameter,D3,0.0001,0.050081940625377575,True,,,,,
(c),D3|FT_DR3_SHEAR_A_N8|20300402|K8|coefficient_head_parameter,D3,3e-05,0.050485240041048283,True,,,,,
(c),D3|FT_DR3_SHEAR_A_N8|20300402|K8|coefficient_head_parameter,D3,1e-05,0.3855066008406815,True,,,,,
(c),D3|FT_DR3_SHEAR_A_N8|20300402|K8|coefficient_head_parameter,D3,3e-06,0.5954426874957528,True,,,,,
(c),D3|FT_DR3_SHEAR_A_N8|20300402|K8|initial_velocity,D3,0.0001,6.752785694152433e-05,False,,,,,
(c),D3|FT_DR3_SHEAR_A_N8|20300402|K8|initial_velocity,D3,3e-05,6.808255128952619e-05,False,,,,,
(c),D3|FT_DR3_SHEAR_A_N8|20300402|K8|initial_velocity,D3,1e-05,6.821267116605892e-05,False,,,,,
(c),D3|FT_DR3_SHEAR_A_N8|20300402|K8|initial_velocity,D3,3e-06,6.830200608644695e-05,False,,,,,
(c),D3|FT_DR3_SHEAR_A_N8|20300402|K8|initial_density,D3,0.0001,1.0314112440943258e-05,False,,,,,
(c),D3|FT_DR3_SHEAR_A_N8|20300402|K8|initial_density,D3,3e-05,3.77434937991965e-05,False,,,,,
(c),D3|FT_DR3_SHEAR_A_N8|20300402|K8|initial_density,D3,1e-05,4.123524300574019e-05,False,,,,,
(c),D3|FT_DR3_SHEAR_A_N8|20300402|K8|initial_density,D3,3e-06,4.1500117319414944e-05,False,,,,,
(c),D3|FT_DR3_SHEAR_A_N8|20300402|K8|historical_token,D3,0.0001,0.10999163821680577,False,,,,,
(c),D3|FT_DR3_SHEAR_A_N8|20300402|K8|historical_token,D3,3e-05,0.12898419200194514,False,,,,,
(c),D3|FT_DR3_SHEAR_A_N8|20300402|K8|historical_token,D3,1e-05,0.13063312017411544,False,,,,,
(c),D3|FT_DR3_SHEAR_A_N8|20300402|K8|historical_token,D3,3e-06,0.13063238073231756,False,,,,,
(c),D3|FT_DR3_SHEAR_A_N8|20300403|K1|token_encoder_parameter,D3,0.0001,0.0044412166022278375,True,,,,,
(c),D3|FT_DR3_SHEAR_A_N8|20300403|K1|token_encoder_parameter,D3,3e-05,0.005689032545187102,True,,,,,
(c),D3|FT_DR3_SHEAR_A_N8|20300403|K1|token_encoder_parameter,D3,1e-05,0.14371744519569646,True,,,,,
(c),D3|FT_DR3_SHEAR_A_N8|20300403|K1|token_encoder_parameter,D3,3e-06,0.46250128919313516,True,,,,,
(c),D3|FT_DR3_SHEAR_A_N8|20300403|K1|temporal_attention_query_parameter,D3,0.0001,0.013354087883500988,True,,,,,
(c),D3|FT_DR3_SHEAR_A_N8|20300403|K1|temporal_attention_query_parameter,D3,3e-05,0.0019507472469525256,True,,,,,
(c),D3|FT_DR3_SHEAR_A_N8|20300403|K1|temporal_attention_query_parameter,D3,1e-05,0.2831380238166631,True,,,,,
(c),D3|FT_DR3_SHEAR_A_N8|20300403|K1|temporal_attention_query_parameter,D3,3e-06,0.6791342764187411,True,,,,,
(c),D3|FT_DR3_SHEAR_A_N8|20300403|K1|coefficient_head_parameter,D3,0.0001,0.0027763699678807134,True,,,,,
(c),D3|FT_DR3_SHEAR_A_N8|20300403|K1|coefficient_head_parameter,D3,3e-05,0.0971094095872696,True,,,,,
(c),D3|FT_DR3_SHEAR_A_N8|20300403|K1|coefficient_head_parameter,D3,1e-05,0.19550216266880854,True,,,,,
(c),D3|FT_DR3_SHEAR_A_N8|20300403|K1|coefficient_head_parameter,D3,3e-06,0.6292341163161399,True,,,,,
(c),D3|FT_DR3_SHEAR_A_N8|20300403|K1|initial_velocity,D3,0.0001,3.853890745085563e-06,True,,,,,
(c),D3|FT_DR3_SHEAR_A_N8|20300403|K1|initial_velocity,D3,3e-05,3.849535995544509e-06,True,,,,,
(c),D3|FT_DR3_SHEAR_A_N8|20300403|K1|initial_velocity,D3,1e-05,3.8497439157289455e-06,True,,,,,
(c),D3|FT_DR3_SHEAR_A_N8|20300403|K1|initial_velocity,D3,3e-06,3.8496066628748285e-06,True,,,,,
(c),D3|FT_DR3_SHEAR_A_N8|20300403|K1|initial_density,D3,0.0001,1.2327744224235673e-05,True,,,,,
(c),D3|FT_DR3_SHEAR_A_N8|20300403|K1|initial_density,D3,3e-05,8.962489717832978e-06,True,,,,,
(c),D3|FT_DR3_SHEAR_A_N8|20300403|K1|initial_density,D3,1e-05,8.744313019031581e-06,True,,,,,
(c),D3|FT_DR3_SHEAR_A_N8|20300403|K1|initial_density,D3,3e-06,8.513606130355457e-06,True,,,,,
(c),D3|FT_DR3_SHEAR_A_N8|20300403|K1|historical_token,D3,0.0001,0.04700675765551153,False,,,,,
(c),D3|FT_DR3_SHEAR_A_N8|20300403|K1|historical_token,D3,3e-05,0.04430466493314954,False,,,,,
(c),D3|FT_DR3_SHEAR_A_N8|20300403|K1|historical_token,D3,1e-05,0.044016782062756166,False,,,,,
(c),D3|FT_DR3_SHEAR_A_N8|20300403|K1|historical_token,D3,3e-06,0.045556780715016454,False,,,,,
(c),D3|FT_DR3_SHEAR_A_N8|20300403|K2|token_encoder_parameter,D3,0.0001,0.029412054553858025,True,,,,,
(c),D3|FT_DR3_SHEAR_A_N8|20300403|K2|token_encoder_parameter,D3,3e-05,0.04660859103118188,True,,,,,
(c),D3|FT_DR3_SHEAR_A_N8|20300403|K2|token_encoder_parameter,D3,1e-05,0.36556777058039736,True,,,,,
(c),D3|FT_DR3_SHEAR_A_N8|20300403|K2|token_encoder_parameter,D3,3e-06,0.3211841670394293,True,,,,,
(c),D3|FT_DR3_SHEAR_A_N8|20300403|K2|temporal_attention_query_parameter,D3,0.0001,0.01060371417426305,True,,,,,
(c),D3|FT_DR3_SHEAR_A_N8|20300403|K2|temporal_attention_query_parameter,D3,3e-05,0.07729556752721753,True,,,,,
(c),D3|FT_DR3_SHEAR_A_N8|20300403|K2|temporal_attention_query_parameter,D3,1e-05,0.29105694510217317,True,,,,,
(c),D3|FT_DR3_SHEAR_A_N8|20300403|K2|temporal_attention_query_parameter,D3,3e-06,0.4789213801785382,True,,,,,
(c),D3|FT_DR3_SHEAR_A_N8|20300403|K2|coefficient_head_parameter,D3,0.0001,0.002792508170530936,True,,,,,
(c),D3|FT_DR3_SHEAR_A_N8|20300403|K2|coefficient_head_parameter,D3,3e-05,0.05307348994676027,True,,,,,
(c),D3|FT_DR3_SHEAR_A_N8|20300403|K2|coefficient_head_parameter,D3,1e-05,0.008567485432759526,True,,,,,
(c),D3|FT_DR3_SHEAR_A_N8|20300403|K2|coefficient_head_parameter,D3,3e-06,0.011205778379040951,True,,,,,
(c),D3|FT_DR3_SHEAR_A_N8|20300403|K2|initial_velocity,D3,0.0001,5.953655686739141e-06,True,,,,,
(c),D3|FT_DR3_SHEAR_A_N8|20300403|K2|initial_velocity,D3,3e-05,5.9510028941575295e-06,True,,,,,
(c),D3|FT_DR3_SHEAR_A_N8|20300403|K2|initial_velocity,D3,1e-05,5.9428400372238805e-06,True,,,,,
(c),D3|FT_DR3_SHEAR_A_N8|20300403|K2|initial_velocity,D3,3e-06,5.9427210013514045e-06,True,,,,,
(c),D3|FT_DR3_SHEAR_A_N8|20300403|K2|initial_density,D3,0.0001,2.6265425701197858e-05,False,,,,,
(c),D3|FT_DR3_SHEAR_A_N8|20300403|K2|initial_density,D3,3e-05,1.832236592931437e-05,False,,,,,
(c),D3|FT_DR3_SHEAR_A_N8|20300403|K2|initial_density,D3,1e-05,1.7513870936974415e-05,False,,,,,
(c),D3|FT_DR3_SHEAR_A_N8|20300403|K2|initial_density,D3,3e-06,1.6777030578305562e-05,False,,,,,
(c),D3|FT_DR3_SHEAR_A_N8|20300403|K2|historical_token,D3,0.0001,0.054786214868104886,False,,,,,
(c),D3|FT_DR3_SHEAR_A_N8|20300403|K2|historical_token,D3,3e-05,0.0549391732309506,False,,,,,
(c),D3|FT_DR3_SHEAR_A_N8|20300403|K2|historical_token,D3,1e-05,0.053060908593348256,False,,,,,
(c),D3|FT_DR3_SHEAR_A_N8|20300403|K2|historical_token,D3,3e-06,0.0518263544076918,False,,,,,
(c),D3|FT_DR3_SHEAR_A_N8|20300403|K4|token_encoder_parameter,D3,0.0001,0.034797004991174794,True,,,,,
(c),D3|FT_DR3_SHEAR_A_N8|20300403|K4|token_encoder_parameter,D3,3e-05,0.04901527421898367,True,,,,,
(c),D3|FT_DR3_SHEAR_A_N8|20300403|K4|token_encoder_parameter,D3,1e-05,0.02337414304710837,True,,,,,
(c),D3|FT_DR3_SHEAR_A_N8|20300403|K4|token_encoder_parameter,D3,3e-06,0.7104777048710904,True,,,,,
(c),D3|FT_DR3_SHEAR_A_N8|20300403|K4|temporal_attention_query_parameter,D3,0.0001,0.0058372975795067325,True,,,,,
(c),D3|FT_DR3_SHEAR_A_N8|20300403|K4|temporal_attention_query_parameter,D3,3e-05,0.017218884217541836,True,,,,,
(c),D3|FT_DR3_SHEAR_A_N8|20300403|K4|temporal_attention_query_parameter,D3,1e-05,0.14473671169417546,True,,,,,
(c),D3|FT_DR3_SHEAR_A_N8|20300403|K4|temporal_attention_query_parameter,D3,3e-06,0.7828951341768754,True,,,,,
(c),D3|FT_DR3_SHEAR_A_N8|20300403|K4|coefficient_head_parameter,D3,0.0001,0.015971154181144996,True,,,,,
(c),D3|FT_DR3_SHEAR_A_N8|20300403|K4|coefficient_head_parameter,D3,3e-05,0.18157960432921413,True,,,,,
(c),D3|FT_DR3_SHEAR_A_N8|20300403|K4|coefficient_head_parameter,D3,1e-05,0.047280935898064536,True,,,,,
(c),D3|FT_DR3_SHEAR_A_N8|20300403|K4|coefficient_head_parameter,D3,3e-06,0.10655521737229084,True,,,,,
(c),D3|FT_DR3_SHEAR_A_N8|20300403|K4|initial_velocity,D3,0.0001,6.784340682017967e-07,True,,,,,
(c),D3|FT_DR3_SHEAR_A_N8|20300403|K4|initial_velocity,D3,3e-05,6.792177243535059e-07,True,,,,,
(c),D3|FT_DR3_SHEAR_A_N8|20300403|K4|initial_velocity,D3,1e-05,7.023343432362725e-07,True,,,,,
(c),D3|FT_DR3_SHEAR_A_N8|20300403|K4|initial_velocity,D3,3e-06,7.033500925219334e-07,True,,,,,
(c),D3|FT_DR3_SHEAR_A_N8|20300403|K4|initial_density,D3,0.0001,2.5483449559441156e-05,False,,,,,
(c),D3|FT_DR3_SHEAR_A_N8|20300403|K4|initial_density,D3,3e-05,2.2519738537529315e-05,False,,,,,
(c),D3|FT_DR3_SHEAR_A_N8|20300403|K4|initial_density,D3,1e-05,2.1130892294003604e-05,False,,,,,
(c),D3|FT_DR3_SHEAR_A_N8|20300403|K4|initial_density,D3,3e-06,1.838603963247227e-05,False,,,,,
(c),D3|FT_DR3_SHEAR_A_N8|20300403|K4|historical_token,D3,0.0001,0.1988276984501877,False,,,,,
(c),D3|FT_DR3_SHEAR_A_N8|20300403|K4|historical_token,D3,3e-05,0.1910849737055759,False,,,,,
(c),D3|FT_DR3_SHEAR_A_N8|20300403|K4|historical_token,D3,1e-05,0.18440125701570903,False,,,,,
(c),D3|FT_DR3_SHEAR_A_N8|20300403|K4|historical_token,D3,3e-06,0.18184896687311558,False,,,,,
(c),D3|FT_DR3_SHEAR_A_N8|20300403|K8|token_encoder_parameter,D3,0.0001,0.012996265957289328,False,,,,,
(c),D3|FT_DR3_SHEAR_A_N8|20300403|K8|token_encoder_parameter,D3,3e-05,0.01947452679699371,False,,,,,
(c),D3|FT_DR3_SHEAR_A_N8|20300403|K8|token_encoder_parameter,D3,1e-05,0.07032046209729584,False,,,,,
(c),D3|FT_DR3_SHEAR_A_N8|20300403|K8|token_encoder_parameter,D3,3e-06,0.9999999967707716,False,,,,,
(c),D3|FT_DR3_SHEAR_A_N8|20300403|K8|temporal_attention_query_parameter,D3,0.0001,0.006199563254270498,True,,,,,
(c),D3|FT_DR3_SHEAR_A_N8|20300403|K8|temporal_attention_query_parameter,D3,3e-05,0.01033708469814295,True,,,,,
(c),D3|FT_DR3_SHEAR_A_N8|20300403|K8|temporal_attention_query_parameter,D3,1e-05,0.07671235391807014,True,,,,,
(c),D3|FT_DR3_SHEAR_A_N8|20300403|K8|temporal_attention_query_parameter,D3,3e-06,0.3952104019868669,True,,,,,
(c),D3|FT_DR3_SHEAR_A_N8|20300403|K8|coefficient_head_parameter,D3,0.0001,0.00638612578214584,True,,,,,
(c),D3|FT_DR3_SHEAR_A_N8|20300403|K8|coefficient_head_parameter,D3,3e-05,0.015209708224126234,True,,,,,
(c),D3|FT_DR3_SHEAR_A_N8|20300403|K8|coefficient_head_parameter,D3,1e-05,0.15886416961152572,True,,,,,
(c),D3|FT_DR3_SHEAR_A_N8|20300403|K8|coefficient_head_parameter,D3,3e-06,0.12446715011386902,True,,,,,
(c),D3|FT_DR3_SHEAR_A_N8|20300403|K8|initial_velocity,D3,0.0001,7.94783030256997e-06,True,,,,,
(c),D3|FT_DR3_SHEAR_A_N8|20300403|K8|initial_velocity,D3,3e-05,7.940673475885596e-06,True,,,,,
(c),D3|FT_DR3_SHEAR_A_N8|20300403|K8|initial_velocity,D3,1e-05,7.877956098124069e-06,True,,,,,
(c),D3|FT_DR3_SHEAR_A_N8|20300403|K8|initial_velocity,D3,3e-06,7.879179659342137e-06,True,,,,,
(c),D3|FT_DR3_SHEAR_A_N8|20300403|K8|initial_density,D3,0.0001,1.2664428582043398e-05,False,,,,,
(c),D3|FT_DR3_SHEAR_A_N8|20300403|K8|initial_density,D3,3e-05,1.821440021424613e-05,False,,,,,
(c),D3|FT_DR3_SHEAR_A_N8|20300403|K8|initial_density,D3,1e-05,1.7152458056694962e-05,False,,,,,
(c),D3|FT_DR3_SHEAR_A_N8|20300403|K8|initial_density,D3,3e-06,1.4638137546416581e-05,False,,,,,
(c),D3|FT_DR3_SHEAR_A_N8|20300403|K8|historical_token,D3,0.0001,0.2257687713544473,False,,,,,
(c),D3|FT_DR3_SHEAR_A_N8|20300403|K8|historical_token,D3,3e-05,0.21771810391409505,False,,,,,
(c),D3|FT_DR3_SHEAR_A_N8|20300403|K8|historical_token,D3,1e-05,0.20997186314403632,False,,,,,
(c),D3|FT_DR3_SHEAR_A_N8|20300403|K8|historical_token,D3,3e-06,0.20696483052409573,False,,,,,
d,,,,,,history,47,1,48,
d,,,,,,initial_state,47,97,144,
d,,,,,,parameter,50,118,168,
e,,,,,,,30,60,90,1
e,,,,,,,33,57,90,2
e,,,,,,,39,51,90,4
e,,,,,,,42,48,90,8
