panel,run_id,role,update,Q_def,lineage,stage06_raw_RMSE,stage07_raw_RMSE
d,D1_seed20700711,TRAIN,1,0.9919838491013327,,,
d,D1_seed20700711,TRAIN,2,1.031512443092289,,,
d,D1_seed20700711,TRAIN,3,1.020311344266058,,,
d,D1_seed20700711,TRAIN,4,1.0151365744314853,,,
d,D1_seed20700711,TRAIN,5,1.0277154924743324,,,
d,D1_seed20700711,TRAIN,6,0.9753523021851872,,,
d,D1_seed20700711,TRAIN,7,0.9612680655801578,,,
d,D1_seed20700711,TRAIN,8,1.0076675644067017,,,
d,D1_seed20700711,TRAIN,9,1.0076622189744482,,,
d,D1_seed20700711,TRAIN,10,1.0202779201693344,,,
d,D1_seed20700711,TRAIN,11,1.0151008727746813,,,
d,D1_seed20700711,TRAIN,12,1.027677723099372,,,
d,D1_seed20700711,TRAIN,13,0.9612308708625926,,,
d,D1_seed20700711,TRAIN,14,0.9753031575891193,,,
d,D1_seed20700711,TRAIN,15,0.9919107071591344,,,
d,D1_seed20700711,TRAIN,16,1.0314307622804257,,,
d,D1_seed20700711,TRAIN,17,1.0202197695348656,,,
d,D1_seed20700711,TRAIN,18,1.0075929005944313,,,
d,D1_seed20700711,TRAIN,19,1.031400745260125,,,
d,D1_seed20700711,TRAIN,20,1.0276061929879414,,,
d,D1_seed20700711,TRAIN,21,1.0150082357938313,,,
d,D1_seed20700711,TRAIN,22,0.975223472515106,,,
d,D1_seed20700711,TRAIN,23,0.9611303887737748,,,
d,D1_seed20700711,TRAIN,24,0.9918141655121958,,,
d,D1_seed20700711,TRAIN,25,1.0313275373151658,,,
d,D1_seed20700711,TRAIN,26,1.0275327239226133,,,
d,D1_seed20700711,TRAIN,27,0.9610768896542636,,,
d,D1_seed20700711,TRAIN,28,1.014914513483123,,,
d,D1_seed20700711,TRAIN,29,0.9751290400855189,,,
d,D1_seed20700711,TRAIN,30,0.9917285677525292,,,
d,D1_seed20700711,TRAIN,31,1.0200292375384727,,,
d,D1_seed20700711,TRAIN,32,1.007409753649989,,,
d,D1_seed20700711,TRAIN,33,0.9750647472303382,,,
d,D1_seed20700711,TRAIN,34,1.031185277633932,,,
d,D1_seed20700711,TRAIN,35,1.0273910726579647,,,
d,D1_seed20700711,TRAIN,36,0.9609287126921223,,,
d,D1_seed20700711,TRAIN,37,0.9916071282745061,,,
d,D1_seed20700711,TRAIN,38,1.0198972019807024,,,
d,D1_seed20700711,TRAIN,39,1.007284060734098,,,
d,D1_seed20700711,TRAIN,40,1.0146987500182405,,,
d,D1_seed20700711,TRAIN,41,1.031047314184322,,,
d,D1_seed20700711,TRAIN,42,0.9915059779781311,,,
d,D1_seed20700711,TRAIN,43,1.01463402000209,,,
d,D1_seed20700711,TRAIN,44,1.0071813089341692,,,
d,D1_seed20700711,TRAIN,45,1.01974280539025,,,
d,D1_seed20700711,TRAIN,46,1.0271705054836018,,,
d,D1_seed20700711,TRAIN,47,0.960701730608697,,,
d,D1_seed20700711,TRAIN,48,0.9747655264947868,,,
d,D1_seed20700711,TRAIN,49,0.9913575118075024,,,
d,D1_seed20700711,TRAIN,50,1.0270868206490165,,,
d,D1_seed20700711,TRAIN,51,1.0144604370738208,,,
d,D1_seed20700711,TRAIN,52,1.0070149951975078,,,
d,D1_seed20700711,TRAIN,53,0.9746605237534015,,,
d,D1_seed20700711,TRAIN,54,1.0307654455843656,,,
d,D1_seed20700711,TRAIN,55,1.0195187211376937,,,
d,D1_seed20700711,TRAIN,56,0.9605108571445624,,,
d,D1_seed20700711,TRAIN,57,1.0307004362775658,,,
d,D1_seed20700711,TRAIN,58,0.9745553595356315,,,
d,D1_seed20700711,TRAIN,59,0.9911462573231584,,,
d,D1_seed20700711,TRAIN,60,1.0068490422759628,,,
d,D1_seed20700711,TRAIN,61,0.9604048056814364,,,
d,D1_seed20700711,TRAIN,62,1.019362076681982,,,
d,D1_seed20700711,TRAIN,63,1.0268155501384593,,,
d,D1_seed20700711,TRAIN,64,1.0141796082824606,,,
d,D1_seed20700711,TRAIN,65,0.974408462334552,,,
d,D1_seed20700711,TRAIN,66,1.0192725457730014,,,
d,D1_seed20700711,TRAIN,67,1.0304842671440384,,,
d,D1_seed20700711,TRAIN,68,1.0267109694489465,,,
d,D1_seed20700711,TRAIN,69,1.014071067463077,,,
d,D1_seed20700711,TRAIN,70,0.9909137110094108,,,
d,D1_seed20700711,TRAIN,71,1.006620541682044,,,
d,D1_seed20700711,TRAIN,72,0.9601710541819638,,,
d,D1_seed20700711,TRAIN,73,1.0065790605364702,,,
d,D1_seed20700711,TRAIN,74,0.9742188959802084,,,
d,D1_seed20700711,TRAIN,75,1.0139412762421565,,,
d,D1_seed20700711,TRAIN,76,1.0302893403598128,,,
d,D1_seed20700711,TRAIN,77,0.96006538868549,,,
d,D1_seed20700711,TRAIN,78,1.0265022315138865,,,
d,D1_seed20700711,TRAIN,79,0.9907240306736355,,,
d,D1_seed20700711,TRAIN,80,1.01895896743664,,,
d,D1_seed20700711,TRAIN,81,0.9740722933470812,,,
d,D1_seed20700711,TRAIN,82,1.0189142337446493,,,
d,D1_seed20700711,TRAIN,83,0.9599383478923468,,,
d,D1_seed20700711,TRAIN,84,1.0063515368592577,,,
d,D1_seed20700711,TRAIN,85,1.013725561896045,,,
d,D1_seed20700711,TRAIN,86,1.026335445523705,,,
d,D1_seed20700711,TRAIN,87,0.9905552624773223,,,
d,D1_seed20700711,TRAIN,88,1.0300302318446772,,,
d,D1_seed20700711,TRAIN,89,1.0187575347115168,,,
d,D1_seed20700711,TRAIN,90,1.0299867755715635,,,
d,D1_seed20700711,TRAIN,91,0.9597684682566149,,,
d,D1_seed20700711,TRAIN,92,0.973840850512911,,,
d,D1_seed20700711,TRAIN,93,0.9904281170805553,,,
d,D1_seed20700711,TRAIN,94,1.0061438324908756,,,
d,D1_seed20700711,TRAIN,95,1.013509037170009,,,
d,D1_seed20700711,TRAIN,96,1.026126336511836,,,
d,D1_seed20700711,TRAIN,97,1.0060817279478176,,,
d,D1_seed20700711,TRAIN,98,0.9596200611966499,,,
d,D1_seed20700711,TRAIN,99,1.0185334842697784,,,
d,D1_seed20700711,TRAIN,100,0.9902805850462341,,,
d,D1_seed20700711,TRAIN,101,0.9736520775248975,,,
d,D1_seed20700711,TRAIN,102,1.0297274439044983,,,
d,D1_seed20700711,TRAIN,103,1.0259805267436855,,,
d,D1_seed20700711,TRAIN,104,1.0133150563100666,,,
d,D1_seed20700711,TRAIN,105,0.9594718460475331,,,
d,D1_seed20700711,TRAIN,106,1.0183770763355722,,,
d,D1_seed20700711,TRAIN,107,0.9735260874652342,,,
d,D1_seed20700711,TRAIN,108,1.025876100552899,,,
d,D1_seed20700711,TRAIN,109,1.0295761002955408,,,
d,D1_seed20700711,TRAIN,110,1.0131853166487184,,,
d,D1_seed20700711,TRAIN,111,0.9900482149017046,,,
d,D1_seed20700711,TRAIN,112,1.005770813163996,,,
d,D1_seed20700711,TRAIN,113,0.9900059046568411,,,
d,D1_seed20700711,TRAIN,114,1.005729362660163,,,
d,D1_seed20700711,TRAIN,115,1.0257297715294742,,,
d,D1_seed20700711,TRAIN,116,0.9733368754945909,,,
d,D1_seed20700711,TRAIN,117,0.9592172965322154,,,
d,D1_seed20700711,TRAIN,118,1.0293817666400105,,,
d,D1_seed20700711,TRAIN,119,1.0180865296884825,,,
d,D1_seed20700711,TRAIN,120,1.012969791838387,,,
d,D1_seed20700711,TRAIN,121,1.0180416049005303,,,
d,D1_seed20700711,TRAIN,122,1.0055637128724304,,,
d,D1_seed20700711,TRAIN,123,0.9897947739803398,,,
d,D1_seed20700711,TRAIN,124,1.029251523333617,,,
d,D1_seed20700711,TRAIN,125,0.9590472174402775,,,
d,D1_seed20700711,TRAIN,126,1.012839267929032,,,
d,D1_seed20700711,TRAIN,127,0.9731053472035035,,,
d,D1_seed20700711,TRAIN,128,1.025457954969298,,,
d,D1_seed20700711,TRAIN,129,0.9730633071641102,,,
d,D1_seed20700711,TRAIN,130,1.0178391978415753,,,
d,D1_seed20700711,TRAIN,131,0.9589197757493872,,,
d,D1_seed20700711,TRAIN,132,1.0290781872415908,,,
d,D1_seed20700711,TRAIN,133,1.0253534914827709,,,
d,D1_seed20700711,TRAIN,134,1.0053142371207626,,,
d,D1_seed20700711,TRAIN,135,1.0126445846695582,,,
d,D1_seed20700711,TRAIN,136,0.989519666351141,,,
d,D1_seed20700711,TRAIN,137,0.9728949977991713,,,
d,D1_seed20700711,TRAIN,138,1.0176598856673236,,,
d,D1_seed20700711,TRAIN,139,1.0052104476749826,,,
d,D1_seed20700711,TRAIN,140,1.0125364408794655,,,
d,D1_seed20700711,TRAIN,141,1.0288832112521646,,,
d,D1_seed20700711,TRAIN,142,0.9586859642735305,,,
d,D1_seed20700711,TRAIN,143,0.98937153993637,,,
d,D1_seed20700711,TRAIN,144,1.025123347061419,,,
d,D1_seed20700711,TRAIN,145,0.9893292598288752,,,
d,D1_seed20700711,TRAIN,146,1.017480313714648,,,
d,D1_seed20700711,TRAIN,147,0.9726844511877857,,,
d,D1_seed20700711,TRAIN,148,0.9585584269541989,,,
d,D1_seed20700711,TRAIN,149,1.028709954103687,,,
d,D1_seed20700711,TRAIN,150,1.0049819689643655,,,
d,D1_seed20700711,TRAIN,151,1.0122985300952234,,,
d,D1_seed20700711,TRAIN,152,1.0249560834003595,,,
d,D1_seed20700711,TRAIN,153,1.0286233682543928,,,
d,D1_seed20700711,TRAIN,154,1.004898832875601,,,
d,D1_seed20700711,TRAIN,155,1.0172785089272067,,,
d,D1_seed20700711,TRAIN,156,0.989096288501186,,,
d,D1_seed20700711,TRAIN,157,0.9724736608631334,,,
d,D1_seed20700711,TRAIN,158,1.0248301301285327,,,
d,D1_seed20700711,TRAIN,159,0.9583242475606266,,,
d,D1_seed20700711,TRAIN,160,1.012103442260479,,,
d,D1_seed20700711,TRAIN,161,0.9889903587722828,,,
d,D1_seed20700711,TRAIN,162,0.9582605507956812,,,
d,D1_seed20700711,TRAIN,163,1.0170991469741986,,,
d,D1_seed20700711,TRAIN,164,1.0247047356041343,,,
d,D1_seed20700711,TRAIN,165,1.011995534750164,,,
d,D1_seed20700711,TRAIN,166,0.9722842022592169,,,
d,D1_seed20700711,TRAIN,167,1.0046286308725625,,,
d,D1_seed20700711,TRAIN,168,1.028298256824494,,,
d,D1_seed20700711,TRAIN,169,1.0282765578212172,,,
d,D1_seed20700711,TRAIN,170,0.9721998990554556,,,
d,D1_seed20700711,TRAIN,171,0.958069040682493,,,
d,D1_seed20700711,TRAIN,172,1.0045247175960723,,,
d,D1_seed20700711,TRAIN,173,1.0168749088912945,,,
d,D1_seed20700711,TRAIN,174,1.011800828632255,,,
d,D1_seed20700711,TRAIN,175,1.0244743630516224,,,
d,D1_seed20700711,TRAIN,176,0.9886727192073209,,,
d,D1_seed20700711,TRAIN,177,1.0117356574714165,,,
d,D1_seed20700711,TRAIN,178,1.0280812150042882,,,
d,D1_seed20700711,TRAIN,179,1.0243902714428201,,,
d,D1_seed20700711,TRAIN,180,1.0043579316232658,,,
d,D1_seed20700711,TRAIN,181,0.9719676153314966,,,
d,D1_seed20700711,TRAIN,182,0.9578344387585049,,,
d,D1_seed20700711,TRAIN,183,0.9885240075124316,,,
d,D1_seed20700711,TRAIN,184,1.0166274569531881,,,
d,D1_seed20700711,TRAIN,185,1.0166049845273748,,,
d,D1_seed20700711,TRAIN,186,1.02790737316622,,,
d,D1_seed20700711,TRAIN,187,0.9718409039517915,,,
d,D1_seed20700711,TRAIN,188,0.9577063175721178,,,
d,D1_seed20700711,TRAIN,189,1.0114749869721062,,,
d,D1_seed20700711,TRAIN,190,0.9883751429865337,,,
d,D1_seed20700711,TRAIN,191,1.0241381643644147,,,
d,D1_seed20700711,TRAIN,192,1.0041078280564035,,,
d,D1_seed20700711,TRAIN,193,1.0113882805903154,,,
d,D1_seed20700711,TRAIN,194,1.0240752152241246,,,
d,D1_seed20700711,TRAIN,195,0.9882689925654464,,,
d,D1_seed20700711,TRAIN,196,0.9575356359829753,,,
d,D1_seed20700711,TRAIN,197,0.9716297105463144,,,
d,D1_seed20700711,TRAIN,198,1.0039831900958853,,,
d,D1_seed20700711,TRAIN,199,1.0162904188595383,,,
d,D1_seed20700711,TRAIN,200,1.0276036349282198,,,
d,D1_seed20700711,TRAIN,201,1.011215526759806,,,
d,D1_seed20700711,TRAIN,202,1.0239076433643677,,,
d,D1_seed20700711,TRAIN,203,0.9573865576992866,,,
d,D1_seed20700711,TRAIN,204,0.988078182036954,,,
d,D1_seed20700711,TRAIN,205,1.0161554358295197,,,
d,D1_seed20700711,TRAIN,206,0.971439763491394,,,
d,D1_seed20700711,TRAIN,207,1.0037957584330162,,,
d,D1_seed20700711,TRAIN,208,1.0274296869381985,,,
d,D1_seed20700711,TRAIN,209,1.0237605535028713,,,
d,D1_seed20700711,TRAIN,210,1.0273861477520905,,,
d,D1_seed20700711,TRAIN,211,0.9572155562797837,,,
d,D1_seed20700711,TRAIN,212,1.0109767148313509,,,
d,D1_seed20700711,TRAIN,213,0.9712915594341646,,,
d,D1_seed20700711,TRAIN,214,0.9878654069230499,,,
d,D1_seed20700711,TRAIN,215,1.0159303320618236,,,
d,D1_seed20700711,TRAIN,216,1.0036079487763958,,,
d,D1_seed20700711,TRAIN,217,0.9712069524032372,,,
d,D1_seed20700711,TRAIN,218,0.9570659488113024,,,
d,D1_seed20700711,TRAIN,219,0.9877592372169348,,,
d,D1_seed20700711,TRAIN,220,1.0158181731649345,,,
d,D1_seed20700711,TRAIN,221,1.0035040605946939,,,
d,D1_seed20700711,TRAIN,222,1.0234874810044852,,,
d,D1_seed20700711,TRAIN,223,1.027103878406336,,,
d,D1_seed20700711,TRAIN,224,1.0107169080460245,,,
d,D1_seed20700711,TRAIN,225,1.010695106503593,,,
d,D1_seed20700711,TRAIN,226,0.9876103666717567,,,
d,D1_seed20700711,TRAIN,227,1.0270165286516058,,,
d,D1_seed20700711,TRAIN,228,0.9568521242286757,,,
d,D1_seed20700711,TRAIN,229,1.0233398512566225,,,
d,D1_seed20700711,TRAIN,230,0.9709318288977788,,,
d,D1_seed20700711,TRAIN,231,1.0155700940811523,,,
d,D1_seed20700711,TRAIN,232,1.0032740881741882,,,
d,D1_seed20700711,TRAIN,233,1.023255549732975,,,
d,D1_seed20700711,TRAIN,234,0.9567235311025848,,,
d,D1_seed20700711,TRAIN,235,0.9874184199528891,,,
d,D1_seed20700711,TRAIN,236,1.026820494059342,,,
d,D1_seed20700711,TRAIN,237,1.00316977409046,,,
d,D1_seed20700711,TRAIN,238,1.0104125948667304,,,
d,D1_seed20700711,TRAIN,239,1.0153900103023041,,,
d,D1_seed20700711,TRAIN,240,0.9707198945859995,,,
d,D1_seed20700711,TRAIN,241,1.0153447021281887,,,
d,D1_seed20700711,TRAIN,242,1.0030650635781573,,,
d,D1_seed20700711,TRAIN,243,0.9565305877667954,,,
d,D1_seed20700711,TRAIN,244,1.0266458650179326,,,
d,D1_seed20700711,TRAIN,245,1.0102598677984915,,,
d,D1_seed20700711,TRAIN,246,1.0229813935069358,,,
d,D1_seed20700711,TRAIN,247,0.9871622392707989,,,
d,D1_seed20700711,TRAIN,248,0.9705497708520662,,,
d,D1_seed20700711,TRAIN,249,0.9871195725317767,,,
d,D1_seed20700711,TRAIN,250,1.0265148722837378,,,
d,D1_seed20700711,TRAIN,251,1.0151185219751264,,,
d,D1_seed20700711,TRAIN,252,1.002855609460942,,,
d,D1_seed20700711,TRAIN,253,1.0228335765261407,,,
d,D1_seed20700711,TRAIN,254,1.0100637517750988,,,
d,D1_seed20700711,TRAIN,255,0.9562727737317911,,,
d,D1_seed20700711,TRAIN,256,0.9703797331274575,,,
d,D1_seed20700711,TRAIN,257,0.9703585855101378,,,
d,D1_seed20700711,TRAIN,258,1.0099769402042356,,,
d,D1_seed20700711,TRAIN,259,1.0149379526621254,,,
d,D1_seed20700711,TRAIN,260,1.0026883510686988,,,
d,D1_seed20700711,TRAIN,261,1.0262749547030983,,,
d,D1_seed20700711,TRAIN,262,0.956122881557056,,,
d,D1_seed20700711,TRAIN,263,0.9868208378104534,,,
d,D1_seed20700711,TRAIN,264,1.0226017868135202,,,
d,D1_seed20700711,TRAIN,265,0.9867782503953214,,,
d,D1_seed20700711,TRAIN,266,1.0098032376985115,,,
d,D1_seed20700711,TRAIN,267,1.0147576016026723,,,
d,D1_seed20700711,TRAIN,268,0.9559942849171557,,,
d,D1_seed20700711,TRAIN,269,1.0224963754863388,,,
d,D1_seed20700711,TRAIN,270,0.9700829744691422,,,
d,D1_seed20700711,TRAIN,271,1.002458488770957,,,
d,D1_seed20700711,TRAIN,272,1.0260354803894776,,,
d,D1_seed20700711,TRAIN,273,1.0096513225786332,,,
d,D1_seed20700711,TRAIN,274,1.014599836237431,,,
d,D1_seed20700711,TRAIN,275,0.9865648386669514,,,
d,D1_seed20700711,TRAIN,276,1.0023538070228508,,,
d,D1_seed20700711,TRAIN,277,1.0223275477141587,,,
d,D1_seed20700711,TRAIN,278,0.9557795708960513,,,
d,D1_seed20700711,TRAIN,279,1.0258826088123685,,,
d,D1_seed20700711,TRAIN,280,0.9698705838370784,,,
d,D1_seed20700711,TRAIN,281,0.9864366551023385,,,
d,D1_seed20700711,TRAIN,282,1.0258173528220895,,,
d,D1_seed20700711,TRAIN,283,1.02220103092053,,,
d,D1_seed20700711,TRAIN,284,1.0021865800208634,,,
d,D1_seed20700711,TRAIN,285,0.9556294077496444,,,
d,D1_seed20700711,TRAIN,286,0.969743379480736,,,
d,D1_seed20700711,TRAIN,287,1.009347503618358,,,
d,D1_seed20700711,TRAIN,288,1.0142846963100214,,,
d,D1_seed20700711,TRAIN,289,1.0093042029629375,,,
d,D1_seed20700711,TRAIN,290,1.0256434787765198,,,
d,D1_seed20700711,TRAIN,291,1.0220324669305894,,,
d,D1_seed20700711,TRAIN,292,1.002019459142851,,,
d,D1_seed20700711,TRAIN,293,0.9861805364269253,,,
d,D1_seed20700711,TRAIN,294,0.9695734618057584,,,
d,D1_seed20700711,TRAIN,295,1.0141264140443418,,,
d,D1_seed20700711,TRAIN,296,0.9553933000748236,,,
d,D1_seed20700711,TRAIN,297,0.9695097838663204,,,
d,D1_seed20700711,TRAIN,298,1.0091084353699336,,,
d,D1_seed20700711,TRAIN,299,1.021863682553417,,,
d,D1_seed20700711,TRAIN,300,0.9553076397521197,,,
d,D1_seed20700711,TRAIN,301,1.0018315560551603,,,
d,D1_seed20700711,TRAIN,302,1.0253821823425215,,,
d,D1_seed20700711,TRAIN,303,0.9859675363601831,,,
d,D1_seed20700711,TRAIN,304,1.0139242798826633,,,
d,D1_seed20700711,TRAIN,305,1.0217375026211375,,,
d,D1_seed20700711,TRAIN,306,1.0017272499864438,,,
d,D1_seed20700711,TRAIN,307,1.0089136204685052,,,
d,D1_seed20700711,TRAIN,308,0.9692766954332737,,,
d,D1_seed20700711,TRAIN,309,0.9858394301183317,,,
d,D1_seed20700711,TRAIN,310,0.9550933325419874,,,
d,D1_seed20700711,TRAIN,311,1.025186495300387,,,
d,D1_seed20700711,TRAIN,312,1.0137443359508447,,,
d,D1_seed20700711,TRAIN,313,1.0015811893247382,,,
d,D1_seed20700711,TRAIN,314,1.0215478184202536,,,
d,D1_seed20700711,TRAIN,315,0.9549860756479914,,,
d,D1_seed20700711,TRAIN,316,1.008718693025103,,,
d,D1_seed20700711,TRAIN,317,0.9856688801272963,,,
d,D1_seed20700711,TRAIN,318,0.9690647444268224,,,
d,D1_seed20700711,TRAIN,319,1.025012546913031,,,
d,D1_seed20700711,TRAIN,320,1.013564415254618,,,
d,D1_seed20700711,TRAIN,321,1.0014142009308342,,,
d,D1_seed20700711,TRAIN,322,1.013519197564856,,,
d,D1_seed20700711,TRAIN,323,1.0249251777450143,,,
d,D1_seed20700711,TRAIN,324,1.0213367284468793,,,
d,D1_seed20700711,TRAIN,325,0.9854976736512646,,,
d,D1_seed20700711,TRAIN,326,0.9688942812057146,,,
d,D1_seed20700711,TRAIN,327,0.9547278721456423,,,
d,D1_seed20700711,TRAIN,328,1.008457767333149,,,
d,D1_seed20700711,TRAIN,329,0.9688305835066029,,,
d,D1_seed20700711,TRAIN,330,1.001225494997711,,,
d,D1_seed20700711,TRAIN,331,0.9853696333093152,,,
d,D1_seed20700711,TRAIN,332,0.9546209038185496,,,
d,D1_seed20700711,TRAIN,333,1.0083500984587848,,,
d,D1_seed20700711,TRAIN,334,1.0211262207861591,,,
d,D1_seed20700711,TRAIN,335,1.0132267410804794,,,
d,D1_seed20700711,TRAIN,336,1.0246426023572557,,,
d,D1_seed20700711,TRAIN,337,1.0131816219649774,,,
d,D1_seed20700711,TRAIN,338,1.0010589500348248,,,
d,D1_seed20700711,TRAIN,339,1.024576881872955,,,
d,D1_seed20700711,TRAIN,340,0.9851776704705696,,,
d,D1_seed20700711,TRAIN,341,0.9685760986847508,,,
d,D1_seed20700711,TRAIN,342,1.020957031953934,,,
d,D1_seed20700711,TRAIN,343,1.008132845094679,,,
d,D1_seed20700711,TRAIN,344,0.9543630116433138,,,
d,D1_seed20700711,TRAIN,345,1.0080894847256063,,,
d,D1_seed20700711,TRAIN,346,0.9684698989013106,,,
d,D1_seed20700711,TRAIN,347,1.0129557193981464,,,
d,D1_seed20700711,TRAIN,348,1.020830542605797,,,
d,D1_seed20700711,TRAIN,349,1.0243588480330241,,,
d,D1_seed20700711,TRAIN,350,1.0008077189786828,,,
d,D1_seed20700711,TRAIN,351,0.9542126320716475,,,
d,D1_seed20700711,TRAIN,352,0.9849212886716078,,,
d,D1_seed20700711,TRAIN,353,1.0242717975674454,,,
d,D1_seed20700711,TRAIN,354,0.9683001039915375,,,
d,D1_seed20700711,TRAIN,355,1.0007035018813502,,,
d,D1_seed20700711,TRAIN,356,1.0078514133464693,,,
d,D1_seed20700711,TRAIN,357,0.9540842271147304,,,
d,D1_seed20700711,TRAIN,358,1.0206201400329724,,,
d,D1_seed20700711,TRAIN,359,0.9847725656549031,,,
d,D1_seed20700711,TRAIN,360,1.0126641145150208,,,
d,D1_seed20700711,TRAIN,361,0.9539988578796585,,,
d,D1_seed20700711,TRAIN,362,0.9681312658235276,,,
d,D1_seed20700711,TRAIN,363,1.0077010393384775,,,
d,D1_seed20700711,TRAIN,364,1.000516913565246,,,
d,D1_seed20700711,TRAIN,365,1.012552575243995,,,
d,D1_seed20700711,TRAIN,366,1.0204526020746756,,,
d,D1_seed20700711,TRAIN,367,1.0239691907060466,,,
d,D1_seed20700711,TRAIN,368,0.9845814761217598,,,
d,D1_seed20700711,TRAIN,369,1.0004128818627682,,,
d,D1_seed20700711,TRAIN,370,0.9538065046785922,,,
d,D1_seed20700711,TRAIN,371,1.0124180825523181,,,
d,D1_seed20700711,TRAIN,372,1.0203264907183658,,,
d,D1_seed20700711,TRAIN,373,0.9844751060314005,,,
d,D1_seed20700711,TRAIN,374,1.0238174671728133,,,
d,D1_seed20700711,TRAIN,375,0.9678564556423417,,,
d,D1_seed20700711,TRAIN,376,1.0074208440384653,,,
d,D1_seed20700711,TRAIN,377,1.0122836252188536,,,
d,D1_seed20700711,TRAIN,378,1.0202002302993134,,,
d,D1_seed20700711,TRAIN,379,1.0237088473058906,,,
d,D1_seed20700711,TRAIN,380,1.0073341152449706,,,
d,D1_seed20700711,TRAIN,381,0.9843043014043004,,,
d,D1_seed20700711,TRAIN,382,0.9535489384947394,,,
d,D1_seed20700711,TRAIN,383,0.9676865540665615,,,
d,D1_seed20700711,TRAIN,384,1.0001002502203145,,,
d,D1_seed20700711,TRAIN,385,1.0121037322344668,,,
d,D1_seed20700711,TRAIN,386,0.9841979909486197,,,
d,D1_seed20700711,TRAIN,387,0.9676021704039351,,,
d,D1_seed20700711,TRAIN,388,1.0071616928952403,,,
d,D1_seed20700711,TRAIN,389,0.953399509975446,,,
d,D1_seed20700711,TRAIN,390,1.0234706867132346,,,
d,D1_seed20700711,TRAIN,391,1.0199272721185633,,,
d,D1_seed20700711,TRAIN,392,0.9999346136310721,,,
d,D1_seed20700711,TRAIN,393,1.0119254014165504,,,
d,D1_seed20700711,TRAIN,394,0.9840285376287219,,,
d,D1_seed20700711,TRAIN,395,1.0198435218762847,,,
d,D1_seed20700711,TRAIN,396,0.9674125884727179,,,
d,D1_seed20700711,TRAIN,397,1.0069686927687653,,,
d,D1_seed20700711,TRAIN,398,0.9532076458536455,,,
d,D1_seed20700711,TRAIN,399,0.9997897588787402,,,
d,D1_seed20700711,TRAIN,400,1.0232553193737406,,,
d,D1_seed20700711,TRAIN,401,0.9673076223477438,,,
d,D1_seed20700711,TRAIN,402,1.0117253078502308,,,
d,D1_seed20700711,TRAIN,403,0.9997073182021804,,,
d,D1_seed20700711,TRAIN,404,0.983817174521367,,,
d,D1_seed20700711,TRAIN,405,0.9530590297934055,,,
d,D1_seed20700711,TRAIN,406,1.019614238907267,,,
d,D1_seed20700711,TRAIN,407,1.0231052080855614,,,
d,D1_seed20700711,TRAIN,408,1.0067340570014343,,,
d,D1_seed20700711,TRAIN,409,0.9671398694813075,,,
d,D1_seed20700711,TRAIN,410,1.011547977125832,,,
d,D1_seed20700711,TRAIN,411,0.9836695509261252,,,
d,D1_seed20700711,TRAIN,412,1.0229977735233295,,,
d,D1_seed20700711,TRAIN,413,1.0066270833564643,,,
d,D1_seed20700711,TRAIN,414,0.9994804165026275,,,
d,D1_seed20700711,TRAIN,415,1.0194264699465618,,,
d,D1_seed20700711,TRAIN,416,0.9528251699235698,,,
d,D1_seed20700711,TRAIN,417,1.0065414478255925,,,
d,D1_seed20700711,TRAIN,418,1.0193639877051828,,,
d,D1_seed20700711,TRAIN,419,1.0113477582546564,,,
d,D1_seed20700711,TRAIN,420,0.9834793125166701,,,
d,D1_seed20700711,TRAIN,421,0.9527189005172835,,,
d,D1_seed20700711,TRAIN,422,0.9993153534564713,,,
d,D1_seed20700711,TRAIN,423,0.9668458644289534,,,
d,D1_seed20700711,TRAIN,424,1.0227400635309327,,,
d,D1_seed20700711,TRAIN,425,0.9992538891046561,,,
d,D1_seed20700711,TRAIN,426,1.0191977413788065,,,
d,D1_seed20700711,TRAIN,427,1.0063286179567617,,,
d,D1_seed20700711,TRAIN,428,0.9667415804112306,,,
d,D1_seed20700711,TRAIN,429,0.9832902713648113,,,
d,D1_seed20700711,TRAIN,430,1.0111049436419028,,,
d,D1_seed20700711,TRAIN,431,1.0225908462664843,,,
d,D1_seed20700711,TRAIN,432,0.9524864832558899,,,
d,D1_seed20700711,TRAIN,433,1.0110386110957807,,,
d,D1_seed20700711,TRAIN,434,1.0061799720056508,,,
d,D1_seed20700711,TRAIN,435,0.9990487222200257,,,
d,D1_seed20700711,TRAIN,436,0.9665743886251785,,,
d,D1_seed20700711,TRAIN,437,0.9523806123258595,,,
d,D1_seed20700711,TRAIN,438,1.018949046463295,,,
d,D1_seed20700711,TRAIN,439,0.9830803527247035,,,
d,D1_seed20700711,TRAIN,440,1.0223987041276064,,,
d,D1_seed20700711,TRAIN,441,1.0108622019081184,,,
d,D1_seed20700711,TRAIN,442,0.9664495501943584,,,
d,D1_seed20700711,TRAIN,443,1.0059891986377523,,,
d,D1_seed20700711,TRAIN,444,1.0188250218319213,,,
d,D1_seed20700711,TRAIN,445,0.9988441502073504,,,
d,D1_seed20700711,TRAIN,446,0.9521909168491288,,,
d,D1_seed20700711,TRAIN,447,0.9829128622618498,,,
d,D1_seed20700711,TRAIN,448,1.0222285240153084,,,
d,D1_seed20700711,TRAIN,449,1.0187219832397403,,,
d,D1_seed20700711,TRAIN,450,0.9828502635671179,,,
d,D1_seed20700711,TRAIN,451,0.9987219998177708,,,
d,D1_seed20700711,TRAIN,452,1.010620900531618,,,
d,D1_seed20700711,TRAIN,453,0.9662210697550059,,,
d,D1_seed20700711,TRAIN,454,0.9520229461733379,,,
d,D1_seed20700711,TRAIN,455,1.0220803840394388,,,
d,D1_seed20700711,TRAIN,456,1.0057154997754347,,,
d,D1_seed20700711,TRAIN,457,0.9827043977329554,,,
d,D1_seed20700711,TRAIN,458,1.0056734546716164,,,
d,D1_seed20700711,TRAIN,459,0.9519181816070026,,,
d,D1_seed20700711,TRAIN,460,1.01044618460896,,,
d,D1_seed20700711,TRAIN,461,0.9985188477237299,,,
d,D1_seed20700711,TRAIN,462,1.0184548159653486,,,
d,D1_seed20700711,TRAIN,463,0.9660142256592696,,,
d,D1_seed20700711,TRAIN,464,1.0218901890687795,,,
d,D1_seed20700711,TRAIN,465,1.0218690693202357,,,
d,D1_seed20700711,TRAIN,466,1.005505425555753,,,
d,D1_seed20700711,TRAIN,467,0.9517506615677694,,,
d,D1_seed20700711,TRAIN,468,0.9659108599165706,,,
d,D1_seed20700711,TRAIN,469,1.0102496358801272,,,
d,D1_seed20700711,TRAIN,470,0.9824341908246115,,,
d,D1_seed20700711,TRAIN,471,0.9983160488075464,,,
d,D1_seed20700711,TRAIN,472,1.0182499083531342,,,
d,D1_seed20700711,TRAIN,473,0.9823720571131008,,,
d,D1_seed20700711,TRAIN,474,1.0216793379822011,,,
d,D1_seed20700711,TRAIN,475,1.0181886281681123,,,
d,D1_seed20700711,TRAIN,476,0.9982150656638491,,,
d,D1_seed20700711,TRAIN,477,1.0100758132749192,,,
d,D1_seed20700711,TRAIN,478,0.9515211187256318,,,
d,D1_seed20700711,TRAIN,479,1.005233483801015,,,
d,D1_seed20700711,TRAIN,480,0.965663742520306,,,
d,D1_seed20700711,TRAIN,481,1.021532239757839,,,
d,D1_seed20700711,TRAIN,482,0.9821858105340638,,,
d,D1_seed20700711,TRAIN,483,0.9656021992937772,,,
d,D1_seed20700711,TRAIN,484,1.0180050983164048,,,
d,D1_seed20700711,TRAIN,485,1.0099026102120872,,,
d,D1_seed20700711,TRAIN,486,1.0050878997651638,,,
d,D1_seed20700711,TRAIN,487,0.9513340867165816,,,
d,D1_seed20700711,TRAIN,488,0.9979733974169002,,,
d,D1_seed20700711,TRAIN,489,1.0050255657330178,,,
d,D1_seed20700711,TRAIN,490,1.0178832375251359,,,
d,D1_seed20700711,TRAIN,491,1.0213231626546715,,,
d,D1_seed20700711,TRAIN,492,1.009751325124956,,,
d,D1_seed20700711,TRAIN,493,0.9512097640608363,,,
d,D1_seed20700711,TRAIN,494,0.9978529040349516,,,
d,D1_seed20700711,TRAIN,495,0.9819181780856273,,,
d,D1_seed20700711,TRAIN,496,0.9653362526200233,,,
d,D1_seed20700711,TRAIN,497,1.017741334605367,,,
d,D1_seed20700711,TRAIN,498,1.0096221016124094,,,
d,D1_seed20700711,TRAIN,499,1.0211563522782074,,,
d,D1_seed20700711,TRAIN,500,0.9818157497742069,,,
d,D1_seed20700711,TRAIN,501,0.965234377340451,,,
d,D1_seed20700711,TRAIN,502,0.951023924733933,,,
d,D1_seed20700711,TRAIN,503,1.0047358323725302,,,
d,D1_seed20700711,TRAIN,504,0.9976533352027048,,,
d,D1_seed20700711,TRAIN,505,1.0094721008603031,,,
d,D1_seed20700711,TRAIN,506,1.0046742146449663,,,
d,D1_seed20700711,TRAIN,507,0.950921296038489,,,
d,D1_seed20700711,TRAIN,508,0.9816525592745193,,,
d,D1_seed20700711,TRAIN,509,0.9650723534775887,,,
d,D1_seed20700711,TRAIN,510,0.9975343073942041,,,
d,D1_seed20700711,TRAIN,511,1.020908192540318,,,
d,D1_seed20700711,TRAIN,512,1.0174397891632252,,,
d,D1_seed20700711,TRAIN,513,1.00930171385721,,,
d,D1_seed20700711,TRAIN,514,0.9815309429472245,,,
d,D1_seed20700711,TRAIN,515,0.9507578316710217,,,
d,D1_seed20700711,TRAIN,516,1.00446964123831,,,
d,D1_seed20700711,TRAIN,517,1.0173397119628096,,,
d,D1_seed20700711,TRAIN,518,0.9648910196554918,,,
d,D1_seed20700711,TRAIN,519,0.997356548092168,,,
d,D1_seed20700711,TRAIN,520,1.0207232931659547,,,
d,D1_seed20700711,TRAIN,521,0.9506356769683113,,,
d,D1_seed20700711,TRAIN,522,1.009111021376808,,,
d,D1_seed20700711,TRAIN,523,0.9972779355654185,,,
d,D1_seed20700711,TRAIN,524,1.0043070109104217,,,
d,D1_seed20700711,TRAIN,525,0.9813087006204058,,,
d,D1_seed20700711,TRAIN,526,0.9647306778258206,,,
d,D1_seed20700711,TRAIN,527,1.017140876260248,,,
d,D1_seed20700711,TRAIN,528,1.0205598691067135,,,
d,D1_seed20700711,TRAIN,529,0.9504734448016388,,,
d,D1_seed20700711,TRAIN,530,0.9812082511801612,,,
d,D1_seed20700711,TRAIN,531,1.0170616942642527,,,
d,D1_seed20700711,TRAIN,532,0.9646109973770463,,,
d,D1_seed20700711,TRAIN,533,0.9970822833985291,,,
d,D1_seed20700711,TRAIN,534,1.0041053301919953,,,
d,D1_seed20700711,TRAIN,535,1.0088380833498511,,,
d,D1_seed20700711,TRAIN,536,1.0203976986399987,,,
d,D1_seed20700711,TRAIN,537,0.9645116287505262,,,
d,D1_seed20700711,TRAIN,538,1.0040247018992325,,,
d,D1_seed20700711,TRAIN,539,0.95027185908233,,,
d,D1_seed20700711,TRAIN,540,0.9969459138424611,,,
d,D1_seed20700711,TRAIN,541,1.0168646402967492,,,
d,D1_seed20700711,TRAIN,542,1.0086915197138215,,,
d,D1_seed20700711,TRAIN,543,1.0202558851224708,,,
d,D1_seed20700711,TRAIN,544,0.9809284865325821,,,
d,D1_seed20700711,TRAIN,545,0.980908495358024,,,
d,D1_seed20700711,TRAIN,546,1.003863862333676,,,
d,D1_seed20700711,TRAIN,547,1.0201748067239889,,,
d,D1_seed20700711,TRAIN,548,0.9642932951342637,,,
d,D1_seed20700711,TRAIN,549,1.008544948703527,,,
d,D1_seed20700711,TRAIN,550,1.0166874363386074,,,
d,D1_seed20700711,TRAIN,551,0.9967319006450395,,,
d,D1_seed20700711,TRAIN,552,0.9500105259211218,,,
d,D1_seed20700711,TRAIN,553,1.0037232779317213,,,
d,D1_seed20700711,TRAIN,554,0.9499705946788374,,,
d,D1_seed20700711,TRAIN,555,0.9641549654209268,,,
d,D1_seed20700711,TRAIN,556,1.0083993795009418,,,
d,D1_seed20700711,TRAIN,557,1.0199733998476554,,,
d,D1_seed20700711,TRAIN,558,0.9806502584514271,,,
d,D1_seed20700711,TRAIN,559,0.9965776677998126,,,
d,D1_seed20700711,TRAIN,560,1.0164922623131871,,,
d,D1_seed20700711,TRAIN,561,0.9805910802151643,,,
d,D1_seed20700711,TRAIN,562,0.9640176985772152,,,
d,D1_seed20700711,TRAIN,563,0.9497918330565327,,,
d,D1_seed20700711,TRAIN,564,0.9964820542140737,,,
d,D1_seed20700711,TRAIN,565,1.0082142442270376,,,
d,D1_seed20700711,TRAIN,566,1.0197942880200677,,,
d,D1_seed20700711,TRAIN,567,1.0163570029930098,,,
d,D1_seed20700711,TRAIN,568,1.0034265809747276,,,
d,D1_seed20700711,TRAIN,569,1.003406820293181,,,
d,D1_seed20700711,TRAIN,570,1.0197146792384353,,,
d,D1_seed20700711,TRAIN,571,0.9963483508029932,,,
d,D1_seed20700711,TRAIN,572,0.9638228867194065,,,
d,D1_seed20700711,TRAIN,573,0.9495944524354853,,,
d,D1_seed20700711,TRAIN,574,1.0162218297901984,,,
d,D1_seed20700711,TRAIN,575,0.9803170455735701,,,
d,D1_seed20700711,TRAIN,576,1.0079889316892383,,,
d,D1_seed20700711,TRAIN,577,1.0032496252249805,,,
d,D1_seed20700711,TRAIN,578,0.9637067723470446,,,
d,D1_seed20700711,TRAIN,579,1.0161259335316188,,,
d,D1_seed20700711,TRAIN,580,1.0079074390878644,,,
d,D1_seed20700711,TRAIN,581,0.9961586581362625,,,
d,D1_seed20700711,TRAIN,582,0.9801808844990532,,,
d,D1_seed20700711,TRAIN,583,0.94939851650829,,,
d,D1_seed20700711,TRAIN,584,1.0194384569947548,,,
d,D1_seed20700711,TRAIN,585,1.0194188465370069,,,
d,D1_seed20700711,TRAIN,586,1.0077856099855014,,,
d,D1_seed20700711,TRAIN,587,1.0159728605135578,,,
d,D1_seed20700711,TRAIN,588,0.9635137677221678,,,
d,D1_seed20700711,TRAIN,589,1.003015197888349,,,
d,D1_seed20700711,TRAIN,590,0.9800257842188754,,,
d,D1_seed20700711,TRAIN,591,0.9492422724448057,,,
d,D1_seed20700711,TRAIN,592,0.9959511262657099,,,
d,D1_seed20700711,TRAIN,593,0.9492035936974857,,,
d,D1_seed20700711,TRAIN,594,1.0192427151827441,,,
d,D1_seed20700711,TRAIN,595,1.015820972775766,,,
d,D1_seed20700711,TRAIN,596,1.002880179664177,,,
d,D1_seed20700711,TRAIN,597,0.9633418695880357,,,
d,D1_seed20700711,TRAIN,598,0.9958394486046437,,,
d,D1_seed20700711,TRAIN,599,0.979853502302013,,,
d,D1_seed20700711,TRAIN,600,1.007504391905327,,,
d,D1_seed20700711,TRAIN,601,1.0074844396659766,,,
d,D1_seed20700711,TRAIN,602,1.0027652254309998,,,
d,D1_seed20700711,TRAIN,603,1.019068671597927,,,
d,D1_seed20700711,TRAIN,604,0.9797580158560902,,,
d,D1_seed20700711,TRAIN,605,0.9631900703689269,,,
d,D1_seed20700711,TRAIN,606,1.0156139618640447,,,
d,D1_seed20700711,TRAIN,607,0.9489342120864901,,,
d,D1_seed20700711,TRAIN,608,0.9956537839962244,,,
d,D1_seed20700711,TRAIN,609,1.002631123979646,,,
d,D1_seed20700711,TRAIN,610,0.9630958770642969,,,
d,D1_seed20700711,TRAIN,611,1.0189148295408101,,,
d,D1_seed20700711,TRAIN,612,0.9488390999826776,,,
d,D1_seed20700711,TRAIN,613,1.007245977452033,,,
d,D1_seed20700711,TRAIN,614,0.9795688461455422,,,
d,D1_seed20700711,TRAIN,615,1.0154465515434057,,,
d,D1_seed20700711,TRAIN,616,0.9955070597866585,,,
d,D1_seed20700711,TRAIN,617,1.0024798370323145,,,
d,D1_seed20700711,TRAIN,618,1.007147629053047,,,
d,D1_seed20700711,TRAIN,619,1.0187623859326873,,,
d,D1_seed20700711,TRAIN,620,0.9794559726671858,,,
d,D1_seed20700711,TRAIN,621,0.9486683845653368,,,
d,D1_seed20700711,TRAIN,622,0.9953972188208753,,,
d,D1_seed20700711,TRAIN,623,1.0152984459625622,,,
d,D1_seed20700711,TRAIN,624,0.9628343421486272,,,
d,D1_seed20700711,TRAIN,625,1.0186486045445404,,,
d,D1_seed20700711,TRAIN,626,0.948574341496464,,,
d,D1_seed20700711,TRAIN,627,0.9793252972928717,,,
d,D1_seed20700711,TRAIN,628,1.0069522048070239,,,
d,D1_seed20700711,TRAIN,629,0.9952704951467768,,,
d,D1_seed20700711,TRAIN,630,1.0151702091243122,,,
d,D1_seed20700711,TRAIN,631,0.9627051094025474,,,
d,D1_seed20700711,TRAIN,632,1.0021988896014513,,,
d,D1_seed20700711,TRAIN,633,1.0021803633189927,,,
d,D1_seed20700711,TRAIN,634,0.9791956952586828,,,
d,D1_seed20700711,TRAIN,635,0.9951626076802904,,,
d,D1_seed20700711,TRAIN,636,0.9626134956622302,,,
d,D1_seed20700711,TRAIN,637,1.0067786638236091,,,
d,D1_seed20700711,TRAIN,638,1.0150249857129676,,,
d,D1_seed20700711,TRAIN,639,1.018386938182204,,,
d,D1_seed20700711,TRAIN,640,0.9483138494613631,,,
d,D1_seed20700711,TRAIN,641,1.0183497326982591,,,
d,D1_seed20700711,TRAIN,642,0.9482768349928568,,,
d,D1_seed20700711,TRAIN,643,0.9790304393303293,,,
d,D1_seed20700711,TRAIN,644,1.0066444481246717,,,
d,D1_seed20700711,TRAIN,645,1.0148984640667984,,,
d,D1_seed20700711,TRAIN,646,0.9624311921042653,,,
d,D1_seed20700711,TRAIN,647,1.0019225660833133,,,
d,D1_seed20700711,TRAIN,648,0.9949308214904439,,,
d,D1_seed20700711,TRAIN,649,1.0018860379516188,,,
d,D1_seed20700711,TRAIN,650,0.9948954733506471,,,
d,D1_seed20700711,TRAIN,651,1.0065111462049396,,,
d,D1_seed20700711,TRAIN,652,0.9623228022339791,,,
d,D1_seed20700711,TRAIN,653,0.9480748655395601,,,
d,D1_seed20700711,TRAIN,654,0.9788304192247284,,,
d,D1_seed20700711,TRAIN,655,1.0147196955071862,,,
d,D1_seed20700711,TRAIN,656,1.0180737473396497,,,
d,D1_seed20700711,TRAIN,657,1.0180555076063516,,,
d,D1_seed20700711,TRAIN,658,0.9479840461256105,,,
d,D1_seed20700711,TRAIN,659,0.9947374282228493,,,
d,D1_seed20700711,TRAIN,660,1.001686755786392,,,
d,D1_seed20700711,TRAIN,661,1.01461336678169,,,
d,D1_seed20700711,TRAIN,662,0.9786866058918282,,,
d,D1_seed20700711,TRAIN,663,1.006285478963935,,,
d,D1_seed20700711,TRAIN,664,0.9621083468676632,,,
d,D1_seed20700711,TRAIN,665,0.9946328939833873,,,
d,D1_seed20700711,TRAIN,666,0.9478396210802289,,,
d,D1_seed20700711,TRAIN,667,1.0015613169858437,,,
d,D1_seed20700711,TRAIN,668,1.0144903398659375,,,
d,D1_seed20700711,TRAIN,669,0.9785619232893248,,,
d,D1_seed20700711,TRAIN,670,0.9620024323013231,,,
d,D1_seed20700711,TRAIN,671,1.0178028412519486,,,
d,D1_seed20700711,TRAIN,672,1.0061186977700791,,,
d,D1_seed20700711,TRAIN,673,1.0177670156946428,,,
d,D1_seed20700711,TRAIN,674,1.0060815447071136,,,
d,D1_seed20700711,TRAIN,675,0.9619142943296118,,,
d,D1_seed20700711,TRAIN,676,1.0143506069970645,,,
d,D1_seed20700711,TRAIN,677,0.9944258759442106,,,
d,D1_seed20700711,TRAIN,678,1.0013657363545956,,,
d,D1_seed20700711,TRAIN,679,0.9476074141647567,,,
d,D1_seed20700711,TRAIN,680,0.9783672965956437,,,
d,D1_seed20700711,TRAIN,681,1.0176238516270322,,,
d,D1_seed20700711,TRAIN,682,1.001295247513417,,,
d,D1_seed20700711,TRAIN,683,0.9617742701965041,,,
d,D1_seed20700711,TRAIN,684,0.9943063397449671,,,
d,D1_seed20700711,TRAIN,685,1.0141949949348434,,,
d,D1_seed20700711,TRAIN,686,0.978262506130408,,,
d,D1_seed20700711,TRAIN,687,1.005842897635688,,,
d,D1_seed20700711,TRAIN,688,0.9474489784108366,,,
d,D1_seed20700711,TRAIN,689,0.9474314948400747,,,
d,D1_seed20700711,TRAIN,690,1.0011557441587138,,,
d,D1_seed20700711,TRAIN,691,0.9781758821116372,,,
d,D1_seed20700711,TRAIN,692,1.0057526114689581,,,
d,D1_seed20700711,TRAIN,693,0.9616019469077893,,,
d,D1_seed20700711,TRAIN,694,0.9941379856827441,,,
d,D1_seed20700711,TRAIN,695,1.0140246966067012,,,
d,D1_seed20700711,TRAIN,696,1.0173609489674333,,,
d,D1_seed20700711,TRAIN,697,1.0173435638370996,,,
d,D1_seed20700711,TRAIN,698,1.0056448011503045,,,
d,D1_seed20700711,TRAIN,699,0.9614993488689605,,,
d,D1_seed20700711,TRAIN,700,1.0139399473156148,,,
d,D1_seed20700711,TRAIN,701,1.000965829929645,,,
d,D1_seed20700711,TRAIN,702,0.9940042219676686,,,
d,D1_seed20700711,TRAIN,703,0.9779695952032139,,,
d,D1_seed20700711,TRAIN,704,0.9471714456500071,,,
d,D1_seed20700711,TRAIN,705,0.9779356035961926,,,
d,D1_seed20700711,TRAIN,706,1.017187765829808,,,
d,D1_seed20700711,TRAIN,707,1.0138224562094131,,,
d,D1_seed20700711,TRAIN,708,0.9471030726576425,,,
d,D1_seed20700711,TRAIN,709,1.0054489747713513,,,
d,D1_seed20700711,TRAIN,710,1.000812687223434,,,
d,D1_seed20700711,TRAIN,711,0.9612964122909669,,,
d,D1_seed20700711,TRAIN,712,0.9938394648863679,,,
d,D1_seed20700711,TRAIN,713,0.9778004198581225,,,
d,D1_seed20700711,TRAIN,714,1.0137062079304495,,,
d,D1_seed20700711,TRAIN,715,1.0170344478534012,,,
d,D1_seed20700711,TRAIN,716,1.000711741625637,,,
d,D1_seed20700711,TRAIN,717,0.9937580351494293,,,
d,D1_seed20700711,TRAIN,718,0.9611798167766391,,,
d,D1_seed20700711,TRAIN,719,1.0052739047461101,,,
d,D1_seed20700711,TRAIN,720,0.9469000448705419,,,
d,D1_seed20700711,TRAIN,721,0.9468833053764425,,,
d,D1_seed20700711,TRAIN,722,1.0052218917329407,,,
d,D1_seed20700711,TRAIN,723,0.9610973141118239,,,
d,D1_seed20700711,TRAIN,724,1.0168830518964327,,,
d,D1_seed20700711,TRAIN,725,1.0135259686561437,,,
d,D1_seed20700711,TRAIN,726,0.993612870282106,,,
d,D1_seed20700711,TRAIN,727,0.9775676777504178,,,
d,D1_seed20700711,TRAIN,728,1.000512308615991,,,
d,D1_seed20700711,TRAIN,729,0.9467501163659564,,,
d,D1_seed20700711,TRAIN,730,0.9935490224870649,,,
d,D1_seed20700711,TRAIN,731,1.0004631583826202,,,
d,D1_seed20700711,TRAIN,732,1.0050501859805123,,,
d,D1_seed20700711,TRAIN,733,0.9609340754622151,,,
d,D1_seed20700711,TRAIN,734,1.0133807788466864,,,
d,D1_seed20700711,TRAIN,735,1.0167007828856889,,,
d,D1_seed20700711,TRAIN,736,0.9774207070175966,,,
d,D1_seed20700711,TRAIN,737,0.9934381100585646,,,
d,D1_seed20700711,TRAIN,738,0.9608532427625122,,,
d,D1_seed20700711,TRAIN,739,0.9773721158810149,,,
d,D1_seed20700711,TRAIN,740,1.004914561933981,,,
d,D1_seed20700711,TRAIN,741,0.9465534483690802,,,
d,D1_seed20700711,TRAIN,742,1.0132532382392354,,,
d,D1_seed20700711,TRAIN,743,1.0165701296374094,,,
d,D1_seed20700711,TRAIN,744,1.000252146461729,,,
d,D1_seed20700711,TRAIN,745,0.9772754823383472,,,
d,D1_seed20700711,TRAIN,746,0.9464723231809405,,,
d,D1_seed20700711,TRAIN,747,0.9607093215459176,,,
d,D1_seed20700711,TRAIN,748,0.9932662297596752,,,
d,D1_seed20700711,TRAIN,749,1.016473190432447,,,
d,D1_seed20700711,TRAIN,750,1.0131272342262014,,,
d,D1_seed20700711,TRAIN,751,1.004731061589715,,,
d,D1_seed20700711,TRAIN,752,1.0001244873860222,,,
d,D1_seed20700711,TRAIN,753,1.0130802149439875,,,
d,D1_seed20700711,TRAIN,754,0.9931735240251469,,,
d,D1_seed20700711,TRAIN,755,1.016376798550786,,,
d,D1_seed20700711,TRAIN,756,1.0046480556239596,,,
d,D1_seed20700711,TRAIN,757,0.946295926428404,,,
d,D1_seed20700711,TRAIN,758,1.000028943403042,,,
d,D1_seed20700711,TRAIN,759,0.960519951833895,,,
d,D1_seed20700711,TRAIN,760,0.9770372659907316,,,
d,D1_seed20700711,TRAIN,761,1.012955651124394,,,
d,D1_seed20700711,TRAIN,762,0.9999659334331041,,,
d,D1_seed20700711,TRAIN,763,0.9604576441042638,,,
d,D1_seed20700711,TRAIN,764,0.9769747321641923,,,
d,D1_seed20700711,TRAIN,765,1.0162178702417979,,,
d,D1_seed20700711,TRAIN,766,0.946153741296742,,,
d,D1_seed20700711,TRAIN,767,0.9929751577915167,,,
d,D1_seed20700711,TRAIN,768,1.004452002596194,,,
d,D1_seed20700711,TRAIN,769,0.9998571250929755,,,
d,D1_seed20700711,TRAIN,770,1.0044196483446128,,,
d,D1_seed20700711,TRAIN,771,1.0128027079222723,,,
d,D1_seed20700711,TRAIN,772,0.992899910044809,,,
d,D1_seed20700711,TRAIN,773,0.9603036329720097,,,
d,D1_seed20700711,TRAIN,774,1.016077123415502,,,
d,D1_seed20700711,TRAIN,775,0.9460135296170582,,,
d,D1_seed20700711,TRAIN,776,0.9767893998883176,,,
d,D1_seed20700711,TRAIN,777,0.9767741480924336,,,
d,D1_seed20700711,TRAIN,778,1.0042912249672837,,,
d,D1_seed20700711,TRAIN,779,0.94595196667157,,,
d,D1_seed20700711,TRAIN,780,1.0159846021946788,,,
d,D1_seed20700711,TRAIN,781,1.0126520274364468,,,
d,D1_seed20700711,TRAIN,782,0.992751456768478,,,
d,D1_seed20700711,TRAIN,783,0.9601520807877946,,,
d,D1_seed20700711,TRAIN,784,0.9996272716913092,,,
d,D1_seed20700711,TRAIN,785,0.9996122120901642,,,
d,D1_seed20700711,TRAIN,786,0.9926929085391318,,,
d,D1_seed20700711,TRAIN,787,1.0158778819980896,,,
d,D1_seed20700711,TRAIN,788,1.0041335776731797,,,
d,D1_seed20700711,TRAIN,789,0.9457997661689168,,,
d,D1_seed20700711,TRAIN,790,1.0125187049570423,,,
d,D1_seed20700711,TRAIN,791,0.9765629260870728,,,
d,D1_seed20700711,TRAIN,792,0.9600179480060839,,,
d,D1_seed20700711,TRAIN,793,0.9765331836328791,,,
d,D1_seed20700711,TRAIN,794,0.9457246494477072,,,
d,D1_seed20700711,TRAIN,795,1.0157574167826946,,,
d,D1_seed20700711,TRAIN,796,1.0124311020784011,,,
d,D1_seed20700711,TRAIN,797,0.9599445029464414,,,
d,D1_seed20700711,TRAIN,798,0.992519595340777,,,
d,D1_seed20700711,TRAIN,799,0.9994040405689488,,,
d,D1_seed20700711,TRAIN,800,1.003948461007407,,,
d,D1_seed20700711,TRAIN,801,0.9993747310715058,,,
d,D1_seed20700711,TRAIN,802,0.9924626965107,,,
d,D1_seed20700711,TRAIN,803,0.959857190329045,,,
d,D1_seed20700711,TRAIN,804,1.0123158100161223,,,
d,D1_seed20700711,TRAIN,805,1.0038722673778733,,,
d,D1_seed20700711,TRAIN,806,0.9763426943518758,,,
d,D1_seed20700711,TRAIN,807,0.9455327400855678,,,
d,D1_seed20700711,TRAIN,808,1.0155656144836451,,,
d,D1_seed20700711,TRAIN,809,0.9597706689057698,,,
d,D1_seed20700711,TRAIN,810,1.0155364525351158,,,
d,D1_seed20700711,TRAIN,811,0.9454744653125305,,,
d,D1_seed20700711,TRAIN,812,0.9992150515910859,,,
d,D1_seed20700711,TRAIN,813,0.9762417356974397,,,
d,D1_seed20700711,TRAIN,814,0.992294164723435,,,
d,D1_seed20700711,TRAIN,815,1.0121596968408266,,,
d,D1_seed20700711,TRAIN,816,1.0037071814928429,,,
d,D1_seed20700711,TRAIN,817,0.9453879363982015,,,
d,D1_seed20700711,TRAIN,818,0.9991294041091922,,,
d,D1_seed20700711,TRAIN,819,1.0121036619926533,,,
d,D1_seed20700711,TRAIN,820,1.0036478364543524,,,
d,D1_seed20700711,TRAIN,821,1.0153778909946343,,,
d,D1_seed20700711,TRAIN,822,0.9761136475322844,,,
d,D1_seed20700711,TRAIN,823,0.992169794315727,,,
d,D1_seed20700711,TRAIN,824,0.9595580179800944,,,
d,D1_seed20700711,TRAIN,825,0.9595440612812529,,,
d,D1_seed20700711,TRAIN,826,0.9452594310699506,,,
d,D1_seed20700711,TRAIN,827,1.01199256969387,,,
d,D1_seed20700711,TRAIN,828,1.0152785666449966,,,
d,D1_seed20700711,TRAIN,829,0.9920883564071351,,,
d,D1_seed20700711,TRAIN,830,1.0035014653516368,,,
d,D1_seed20700711,TRAIN,831,0.9989466190393349,,,
d,D1_seed20700711,TRAIN,832,0.9759739207282296,,,
d,D1_seed20700711,TRAIN,833,0.9920344046145261,,,
d,D1_seed20700711,TRAIN,834,1.011896942162996,,,
d,D1_seed20700711,TRAIN,835,0.9594060810474974,,,
d,D1_seed20700711,TRAIN,836,0.9451196248498466,,,
d,D1_seed20700711,TRAIN,837,0.9759051420697906,,,
d,D1_seed20700711,TRAIN,838,0.9988503417811955,,,
d,D1_seed20700711,TRAIN,839,1.0033724360507434,,,
d,D1_seed20700711,TRAIN,840,1.0151117443028754,,,
d,D1_seed20700711,TRAIN,841,0.9758505893417575,,,
d,D1_seed20700711,TRAIN,842,0.9450370490968589,,,
d,D1_seed20700711,TRAIN,843,1.0117759964795028,,,
d,D1_seed20700711,TRAIN,844,1.0150568133926225,,,
d,D1_seed20700711,TRAIN,845,0.9987551036829191,,,
d,D1_seed20700711,TRAIN,846,1.0032732006199052,,,
d,D1_seed20700711,TRAIN,847,0.9918490008193322,,,
d,D1_seed20700711,TRAIN,848,0.9592302975710962,,,
d,D1_seed20700711,TRAIN,849,0.9987009345575388,,,
d,D1_seed20700711,TRAIN,850,1.0032168212529777,,,
d,D1_seed20700711,TRAIN,851,0.991796706128971,,,
d,D1_seed20700711,TRAIN,852,0.9757020383017627,,,
d,D1_seed20700711,TRAIN,853,1.0116433902826383,,,
d,D1_seed20700711,TRAIN,854,0.9448739620783142,,,
d,D1_seed20700711,TRAIN,855,1.0149074394943292,,,
d,D1_seed20700711,TRAIN,856,0.9591241057441626,,,
d,D1_seed20700711,TRAIN,857,0.9756356780562099,,,
d,D1_seed20700711,TRAIN,858,0.9917064383077684,,,
d,D1_seed20700711,TRAIN,859,1.003092105888761,,,
d,D1_seed20700711,TRAIN,860,1.0115524025206006,,,
d,D1_seed20700711,TRAIN,861,1.0148276881968386,,,
d,D1_seed20700711,TRAIN,862,0.9590456867290812,,,
d,D1_seed20700711,TRAIN,863,0.9985153571198595,,,
d,D1_seed20700711,TRAIN,864,0.9447412292808233,,,
d,D1_seed20700711,TRAIN,865,1.0114880586630437,,,
d,D1_seed20700711,TRAIN,866,0.9755179221628418,,,
d,D1_seed20700711,TRAIN,867,0.9915923083588853,,,
d,D1_seed20700711,TRAIN,868,0.9984506001297263,,,
d,D1_seed20700711,TRAIN,869,1.0147228511044792,,,
d,D1_seed20700711,TRAIN,870,0.944663023148174,,,
d,D1_seed20700711,TRAIN,871,0.9589299542224502,,,
d,D1_seed20700711,TRAIN,872,1.0029164256000802,,,
d,D1_seed20700711,TRAIN,873,1.002903078124585,,,
d,D1_seed20700711,TRAIN,874,1.0146581709208913,,,
d,D1_seed20700711,TRAIN,875,0.958879062623391,,,
d,D1_seed20700711,TRAIN,876,0.998347998201534,,,
d,D1_seed20700711,TRAIN,877,0.9753769049640417,,,
d,D1_seed20700711,TRAIN,878,0.9914555305899961,,,
d,D1_seed20700711,TRAIN,879,0.9445471439385769,,,
d,D1_seed20700711,TRAIN,880,1.0112992119728619,,,
d,D1_seed20700711,TRAIN,881,1.0145684728505806,,,
d,D1_seed20700711,TRAIN,882,0.9753139058408239,,,
d,D1_seed20700711,TRAIN,883,0.9982596582182848,,,
d,D1_seed20700711,TRAIN,884,1.0027577360171396,,,
d,D1_seed20700711,TRAIN,885,1.0112374910204407,,,
d,D1_seed20700711,TRAIN,886,0.9587412779097452,,,
d,D1_seed20700711,TRAIN,887,0.9444459572049331,,,
d,D1_seed20700711,TRAIN,888,0.9913338726995748,,,
d,D1_seed20700711,TRAIN,889,1.002692826701085,,,
d,D1_seed20700711,TRAIN,890,0.9981725058599452,,,
d,D1_seed20700711,TRAIN,891,0.9443960807238518,,,
d,D1_seed20700711,TRAIN,892,1.011152210827848,,,
d,D1_seed20700711,TRAIN,893,0.9751774189314244,,,
d,D1_seed20700711,TRAIN,894,1.0144055826566385,,,
d,D1_seed20700711,TRAIN,895,0.9912503108258712,,,
d,D1_seed20700711,TRAIN,896,0.958618959153682,,,
d,D1_seed20700711,TRAIN,897,0.9980868432470088,,,
d,D1_seed20700711,TRAIN,898,0.9443098789206448,,,
d,D1_seed20700711,TRAIN,899,1.0143443455282086,,,
d,D1_seed20700711,TRAIN,900,0.9750924546746933,,,
d,D1_seed20700711,TRAIN,901,0.9911798955518528,,,
d,D1_seed20700711,TRAIN,902,0.9585470685853686,,,
d,D1_seed20700711,TRAIN,903,1.002515484271071,,,
d,D1_seed20700711,TRAIN,904,1.0110094222080888,,,
d,D1_seed20700711,TRAIN,905,0.9585114643064686,,,
d,D1_seed20700711,TRAIN,906,0.975020747865763,,,
d,D1_seed20700711,TRAIN,907,1.002465898930843,,,
d,D1_seed20700711,TRAIN,908,0.9910989366240947,,,
d,D1_seed20700711,TRAIN,909,1.0109509746764775,,,
d,D1_seed20700711,TRAIN,910,1.0142120604837246,,,
d,D1_seed20700711,TRAIN,911,0.9979198967270251,,,
d,D1_seed20700711,TRAIN,912,0.9441414895738303,,,
d,D1_seed20700711,TRAIN,913,1.002392003176917,,,
d,D1_seed20700711,TRAIN,914,0.9910301931815431,,,
d,D1_seed20700711,TRAIN,915,1.0141526239625074,,,
d,D1_seed20700711,TRAIN,916,0.9583824002281566,,,
d,D1_seed20700711,TRAIN,917,0.9978494223167865,,,
d,D1_seed20700711,TRAIN,918,0.9748795353533906,,,
d,D1_seed20700711,TRAIN,919,1.0108355955654582,,,
d,D1_seed20700711,TRAIN,920,0.9440472331223878,,,
d,D1_seed20700711,TRAIN,921,1.0140822556441416,,,
d,D1_seed20700711,TRAIN,922,0.990939948197119,,,
d,D1_seed20700711,TRAIN,923,0.9583019279060979,,,
d,D1_seed20700711,TRAIN,924,1.002258912209427,,,
d,D1_seed20700711,TRAIN,925,0.9977572768426766,,,
d,D1_seed20700711,TRAIN,926,0.943977800767618,,,
d,D1_seed20700711,TRAIN,927,0.974776237741387,,,
d,D1_seed20700711,TRAIN,928,1.010734204516275,,,
d,D1_seed20700711,TRAIN,929,0.9977118502803678,,,
d,D1_seed20700711,TRAIN,930,0.9582228371479062,,,
d,D1_seed20700711,TRAIN,931,0.9747310711725397,,,
d,D1_seed20700711,TRAIN,932,1.0106898840512382,,,
d,D1_seed20700711,TRAIN,933,0.9908189216037214,,,
d,D1_seed20700711,TRAIN,934,1.013933607434223,,,
d,D1_seed20700711,TRAIN,935,1.0021296471296406,,,
d,D1_seed20700711,TRAIN,936,0.9438643241314632,,,
d,D1_seed20700711,TRAIN,937,1.013899835506983,,,
d,D1_seed20700711,TRAIN,938,0.9976113056016742,,,
d,D1_seed20700711,TRAIN,939,1.0106130834807163,,,
d,D1_seed20700711,TRAIN,940,0.9907432444240408,,,
d,D1_seed20700711,TRAIN,941,1.0020600878937798,,,
d,D1_seed20700711,TRAIN,942,0.9437971489812864,,,
d,D1_seed20700711,TRAIN,943,0.9745976545520686,,,
d,D1_seed20700711,TRAIN,944,0.9580681493132436,,,
d,D1_seed20700711,TRAIN,945,1.0020142901417912,,,
d,D1_seed20700711,TRAIN,946,0.9437529704696692,,,
d,D1_seed20700711,TRAIN,947,1.013788726824156,,,
d,D1_seed20700711,TRAIN,948,0.9975014878380122,,,
d,D1_seed20700711,TRAIN,949,0.9580140825544619,,,
d,D1_seed20700711,TRAIN,950,0.9745215437166791,,,
d,D1_seed20700711,TRAIN,951,1.0104841536701057,,,
d,D1_seed20700711,TRAIN,952,0.9906163404251674,,,
d,D1_seed20700711,TRAIN,953,1.0104630796679692,,,
d,D1_seed20700711,TRAIN,954,1.0019130564832441,,,
d,D1_seed20700711,TRAIN,955,0.974468000238193,,,
d,D1_seed20700711,TRAIN,956,1.0136911671077142,,,
d,D1_seed20700711,TRAIN,957,0.9905645339897388,,,
d,D1_seed20700711,TRAIN,958,0.9973944838380919,,,
d,D1_seed20700711,TRAIN,959,0.9436122222097608,,,
d,D1_seed20700711,TRAIN,960,0.9578974109526945,,,
d,D1_seed20700711,TRAIN,961,0.94359103003981,,,
d,D1_seed20700711,TRAIN,962,1.010369319669549,,,
d,D1_seed20700711,TRAIN,963,0.9743836662100341,,,
d,D1_seed20700711,TRAIN,964,1.0018033219441846,,,
d,D1_seed20700711,TRAIN,965,0.9904832276307898,,,
d,D1_seed20700711,TRAIN,966,0.9578353480573248,,,
d,D1_seed20700711,TRAIN,967,1.013575096322483,,,
d,D1_seed20700711,TRAIN,968,0.9972905376413154,,,
d,D1_seed20700711,TRAIN,969,0.9904431802306356,,,
d,D1_seed20700711,TRAIN,970,1.0135439625184663,,,
d,D1_seed20700711,TRAIN,971,0.9743011039111978,,,
d,D1_seed20700711,TRAIN,972,1.0017174892609342,,,
d,D1_seed20700711,TRAIN,973,0.9972392682246972,,,
d,D1_seed20700711,TRAIN,974,1.0102476621593242,,,
d,D1_seed20700711,TRAIN,975,0.9434453704873975,,,
d,D1_seed20700711,TRAIN,976,0.9577335088319648,,,
d,D1_seed20700711,TRAIN,977,1.013471887286694,,,
d,D1_seed20700711,TRAIN,978,0.9434147592473396,,,
d,D1_seed20700711,TRAIN,979,1.010197921979845,,,
d,D1_seed20700711,TRAIN,980,0.9903346545181311,,,
d,D1_seed20700711,TRAIN,981,0.9576835920965017,,,
d,D1_seed20700711,TRAIN,982,0.9971486385010214,,,
d,D1_seed20700711,TRAIN,983,1.0016019453545748,,,
d,D1_seed20700711,TRAIN,984,0.9741701084754214,,,
d,D1_seed20700711,TRAIN,985,0.9971189091347318,,,
d,D1_seed20700711,TRAIN,986,1.0101295082379176,,,
d,D1_seed20700711,TRAIN,987,1.013371477566031,,,
d,D1_seed20700711,TRAIN,988,0.9433144909964583,,,
d,D1_seed20700711,TRAIN,989,0.9741207899080281,,,
d,D1_seed20700711,TRAIN,990,0.9902387146979976,,,
d,D1_seed20700711,TRAIN,991,0.9575855742564109,,,
d,D1_seed20700711,TRAIN,992,1.0015097607852894,,,
d,D1_seed20700711,TRAIN,993,0.9740818935382898,,,
d,D1_seed20700711,TRAIN,994,1.001489575994372,,,
d,D1_seed20700711,TRAIN,995,0.9432457590361579,,,
d,D1_seed20700711,TRAIN,996,0.9901823132990616,,,
d,D1_seed20700711,TRAIN,997,0.9575279369024347,,,
d,D1_seed20700711,TRAIN,998,1.0132638473803994,,,
d,D1_seed20700711,TRAIN,999,0.9969830447168725,,,
d,D1_seed20700711,TRAIN,1000,1.0099960702426987,,,
d,D1_seed20700711,TRAIN,1001,0.9431878506185741,,,
d,D1_seed20700711,TRAIN,1002,0.9901268242175699,,,
d,D1_seed20700711,TRAIN,1003,1.0132159652806025,,,
d,D1_seed20700711,TRAIN,1004,1.001390209814898,,,
d,D1_seed20700711,TRAIN,1005,1.0099495800109148,,,
d,D1_seed20700711,TRAIN,1006,0.9574431403227642,,,
d,D1_seed20700711,TRAIN,1007,0.996907496794071,,,
d,D1_seed20700711,TRAIN,1008,0.9739392915030954,,,
d,D1_seed20700711,TRAIN,1009,0.9900629931989432,,,
d,D1_seed20700711,TRAIN,1010,1.001331609190259,,,
d,D1_seed20700711,TRAIN,1011,1.0131403622062163,,,
d,D1_seed20700711,TRAIN,1012,0.9430837850900943,,,
d,D1_seed20700711,TRAIN,1013,0.9968517250761695,,,
d,D1_seed20700711,TRAIN,1014,0.9573692394230465,,,
d,D1_seed20700711,TRAIN,1015,0.9738745280319105,,,
d,D1_seed20700711,TRAIN,1016,1.0098491876173075,,,
d,D1_seed20700711,TRAIN,1017,0.9738562809242859,,,
d,D1_seed20700711,TRAIN,1018,1.013075530735039,,,
d,D1_seed20700711,TRAIN,1019,1.0012454459416122,,,
d,D1_seed20700711,TRAIN,1020,0.9967878773389538,,,
d,D1_seed20700711,TRAIN,1021,0.9899561251019379,,,
d,D1_seed20700711,TRAIN,1022,1.0097955620429973,,,
d,D1_seed20700711,TRAIN,1023,0.9429825428090693,,,
d,D1_seed20700711,TRAIN,1024,0.957278997502998,,,
d,D1_seed20700711,TRAIN,1025,0.9429645044892058,,,
d,D1_seed20700711,TRAIN,1026,0.9899126812609137,,,
d,D1_seed20700711,TRAIN,1027,0.9967252783504881,,,
d,D1_seed20700711,TRAIN,1028,1.0097430806917853,,,
d,D1_seed20700711,TRAIN,1029,1.0011523202817973,,,
d,D1_seed20700711,TRAIN,1030,0.9737399160424886,,,
d,D1_seed20700711,TRAIN,1031,0.9572175790090669,,,
d,D1_seed20700711,TRAIN,1032,1.0129496487104912,,,
d,D1_seed20700711,TRAIN,1033,1.0096999227429362,,,
d,D1_seed20700711,TRAIN,1034,1.001106694771746,,,
d,D1_seed20700711,TRAIN,1035,0.9898360553793013,,,
d,D1_seed20700711,TRAIN,1036,0.9736874824430443,,,
d,D1_seed20700711,TRAIN,1037,0.9571655767853255,,,
d,D1_seed20700711,TRAIN,1038,0.9428495950251252,,,
d,D1_seed20700711,TRAIN,1039,0.9966207674648786,,,
d,D1_seed20700711,TRAIN,1040,1.0128797841088766,,,
d,D1_seed20700711,TRAIN,1041,0.9966036925927034,,,
d,D1_seed20700711,TRAIN,1042,0.9736360136875053,,,
d,D1_seed20700711,TRAIN,1043,0.942806478540338,,,
d,D1_seed20700711,TRAIN,1044,0.9571061668353057,,,
d,D1_seed20700711,TRAIN,1045,1.009598611361321,,,
d,D1_seed20700711,TRAIN,1046,1.0009997853163173,,,
d,D1_seed20700711,TRAIN,1047,1.0128200193952552,,,
d,D1_seed20700711,TRAIN,1048,0.9897285791817596,,,
d,D1_seed20700711,TRAIN,1049,0.9570643866538432,,,
d,D1_seed20700711,TRAIN,1050,0.9735686991280221,,,
d,D1_seed20700711,TRAIN,1051,1.009549192005452,,,
d,D1_seed20700711,TRAIN,1052,1.012777968828237,,,
d,D1_seed20700711,TRAIN,1053,1.000938972466691,,,
d,D1_seed20700711,TRAIN,1054,0.9427135771522827,,,
d,D1_seed20700711,TRAIN,1055,0.9964866282732002,,,
d,D1_seed20700711,TRAIN,1056,0.9896641826635217,,,
d,D1_seed20700711,TRAIN,1057,0.9896562370245812,,,
d,D1_seed20700711,TRAIN,1058,0.9964620760968939,,,
d,D1_seed20700711,TRAIN,1059,0.9734945815815627,,,
d,D1_seed20700711,TRAIN,1060,1.0094764885338645,,,
d,D1_seed20700711,TRAIN,1061,1.0008707428148105,,,
d,D1_seed20700711,TRAIN,1062,1.012695412068331,,,
d,D1_seed20700711,TRAIN,1063,0.942639541335931,,,
d,D1_seed20700711,TRAIN,1064,0.9569422341129471,,,
d,D1_seed20700711,TRAIN,1065,0.9895934293447944,,,
d,D1_seed20700711,TRAIN,1066,1.009428990947763,,,
d,D1_seed20700711,TRAIN,1067,0.9426072758776793,,,
d,D1_seed20700711,TRAIN,1068,1.000812311084937,,,
d,D1_seed20700711,TRAIN,1069,1.0126390518077986,,,
d,D1_seed20700711,TRAIN,1070,0.99636594163432,,,
d,D1_seed20700711,TRAIN,1071,0.9733986231866352,,,
d,D1_seed20700711,TRAIN,1072,0.9568791977198137,,,
d,D1_seed20700711,TRAIN,1073,1.0126072487146858,,,
d,D1_seed20700711,TRAIN,1074,0.9963345421571723,,,
d,D1_seed20700711,TRAIN,1075,0.9733673199621485,,,
d,D1_seed20700711,TRAIN,1076,0.9425358584807756,,,
d,D1_seed20700711,TRAIN,1077,0.9568404918215146,,,
d,D1_seed20700711,TRAIN,1078,0.9894944170888623,,,
d,D1_seed20700711,TRAIN,1079,1.0093289576288522,,,
d,D1_seed20700711,TRAIN,1080,1.0007148634544418,,,
d,D1_seed20700711,TRAIN,1081,0.942497150612564,,,
d,D1_seed20700711,TRAIN,1082,0.9962731488742126,,,
d,D1_seed20700711,TRAIN,1083,1.012529687303724,,,
d,D1_seed20700711,TRAIN,1084,0.9732984340941281,,,
d,D1_seed20700711,TRAIN,1085,1.0006752520163475,,,
d,D1_seed20700711,TRAIN,1086,0.9567723636113256,,,
d,D1_seed20700711,TRAIN,1087,0.9894280622399231,,,
d,D1_seed20700711,TRAIN,1088,1.0092618602141203,,,
d,D1_seed20700711,TRAIN,1089,0.9567500068376522,,,
d,D1_seed20700711,TRAIN,1090,1.0124765661985111,,,
d,D1_seed20700711,TRAIN,1091,1.0006284193237036,,,
d,D1_seed20700711,TRAIN,1092,1.0092325679459164,,,
d,D1_seed20700711,TRAIN,1093,0.9961906590345506,,,
d,D1_seed20700711,TRAIN,1094,0.9732236670978904,,,
d,D1_seed20700711,TRAIN,1095,0.9423911754210252,,,
d,D1_seed20700711,TRAIN,1096,0.9893632270973929,,,
d,D1_seed20700711,TRAIN,1097,0.996161292044769,,,
d,D1_seed20700711,TRAIN,1098,0.9423690738143271,,,
d,D1_seed20700711,TRAIN,1099,0.9893420877585379,,,
d,D1_seed20700711,TRAIN,1100,1.01240252113543,,,
d,D1_seed20700711,TRAIN,1101,0.9566625045620059,,,
d,D1_seed20700711,TRAIN,1102,1.0005446870413222,,,
d,D1_seed20700711,TRAIN,1103,1.0091538498870327,,,
d,D1_seed20700711,TRAIN,1104,0.9731513054453839,,,
d,D1_seed20700711,TRAIN,1105,0.9893003475829786,,,
d,D1_seed20700711,TRAIN,1106,0.9960967634029363,,,
d,D1_seed20700711,TRAIN,1107,0.9566199609873105,,,
d,D1_seed20700711,TRAIN,1108,0.9422969202833194,,,
d,D1_seed20700711,TRAIN,1109,1.0123379479019015,,,
d,D1_seed20700711,TRAIN,1110,1.0004856384937415,,,
d,D1_seed20700711,TRAIN,1111,0.9731019462591997,,,
d,D1_seed20700711,TRAIN,1112,1.009091387927017,,,
d,D1_seed20700711,TRAIN,1113,1.0090845252396163,,,
d,D1_seed20700711,TRAIN,1114,1.012302696957301,,,
d,D1_seed20700711,TRAIN,1115,0.996033836942229,,,
d,D1_seed20700711,TRAIN,1116,0.9730671088372316,,,
d,D1_seed20700711,TRAIN,1117,1.0004348345521021,,,
d,D1_seed20700711,TRAIN,1118,0.9565436879229136,,,
d,D1_seed20700711,TRAIN,1119,0.9892054847339043,,,
d,D1_seed20700711,TRAIN,1120,0.9422126994805279,,,
d,D1_seed20700711,TRAIN,1121,1.0090302462071576,,,
d,D1_seed20700711,TRAIN,1122,1.0122472255028185,,,
d,D1_seed20700711,TRAIN,1123,0.9730192289487261,,,
d,D1_seed20700711,TRAIN,1124,0.9421853301953913,,,
d,D1_seed20700711,TRAIN,1125,0.956496452961269,,,
d,D1_seed20700711,TRAIN,1126,0.9959590490725505,,,
d,D1_seed20700711,TRAIN,1127,1.0003643273240204,,,
d,D1_seed20700711,TRAIN,1128,0.9891466801117416,,,
d,D1_seed20700711,TRAIN,1129,0.9564699813836541,,,
d,D1_seed20700711,TRAIN,1130,1.0089710057192227,,,
d,D1_seed20700711,TRAIN,1131,0.9891274672874228,,,
d,D1_seed20700711,TRAIN,1132,0.9959194546822215,,,
d,D1_seed20700711,TRAIN,1133,0.9729528750665243,,,
d,D1_seed20700711,TRAIN,1134,1.0121669807201958,,,
d,D1_seed20700711,TRAIN,1135,0.9421119884793508,,,
d,D1_seed20700711,TRAIN,1136,1.0003028309818134,,,
d,D1_seed20700711,TRAIN,1137,0.9564180454134523,,,
d,D1_seed20700711,TRAIN,1138,1.0089197659335134,,,
d,D1_seed20700711,TRAIN,1139,0.9958741247185001,,,
d,D1_seed20700711,TRAIN,1140,0.9729075770020311,,,
d,D1_seed20700711,TRAIN,1141,1.00026928652357,,,
d,D1_seed20700711,TRAIN,1142,0.9420664604531591,,,
d,D1_seed20700711,TRAIN,1143,0.9890522304712869,,,
d,D1_seed20700711,TRAIN,1144,1.0121021446131764,,,
d,D1_seed20700711,TRAIN,1145,0.9958359070570004,,,
d,D1_seed20700711,TRAIN,1146,0.9420408625474042,,,
d,D1_seed20700711,TRAIN,1147,0.956354693405445,,,
d,D1_seed20700711,TRAIN,1148,1.0002231038092022,,,
d,D1_seed20700711,TRAIN,1149,1.0088511549951131,,,
d,D1_seed20700711,TRAIN,1150,1.0120641405583315,,,
d,D1_seed20700711,TRAIN,1151,0.9728382023374973,,,
d,D1_seed20700711,TRAIN,1152,0.9889974582998293,,,
d,D1_seed20700711,TRAIN,1153,0.9889914671779719,,,
d,D1_seed20700711,TRAIN,1154,0.9728196769694684,,,
d,D1_seed20700711,TRAIN,1155,0.9957737513542522,,,
d,D1_seed20700711,TRAIN,1156,1.012026839875647,,,
d,D1_seed20700711,TRAIN,1157,1.008802647439941,,,
d,D1_seed20700711,TRAIN,1158,1.0001588063793672,,,
d,D1_seed20700711,TRAIN,1159,0.9419597786703382,,,
d,D1_seed20700711,TRAIN,1160,0.9562751047248178,,,
d,D1_seed20700711,TRAIN,1161,1.0087787826281935,,,
d,D1_seed20700711,TRAIN,1162,1.0001335941344796,,,
d,D1_seed20700711,TRAIN,1163,0.9889325141432729,,,
d,D1_seed20700711,TRAIN,1164,0.972759089525548,,,
d,D1_seed20700711,TRAIN,1165,0.956245304563602,,,
d,D1_seed20700711,TRAIN,1166,1.011966070308335,,,
d,D1_seed20700711,TRAIN,1167,0.9419114270293744,,,
d,D1_seed20700711,TRAIN,1168,0.9956957114415294,,,
d,D1_seed20700711,TRAIN,1169,0.9562218565331211,,,
d,D1_seed20700711,TRAIN,1170,0.9727237147803738,,,
d,D1_seed20700711,TRAIN,1171,0.9888867690724413,,,
d,D1_seed20700711,TRAIN,1172,1.0119307107785234,,,
d,D1_seed20700711,TRAIN,1173,0.9418761180919446,,,
d,D1_seed20700711,TRAIN,1174,1.0000602165308095,,,
d,D1_seed20700711,TRAIN,1175,1.008697881991046,,,
d,D1_seed20700711,TRAIN,1176,0.9956494877981439,,,
d,D1_seed20700711,TRAIN,1177,0.9418528834619143,,,
d,D1_seed20700711,TRAIN,1178,1.0086809810059216,,,
d,D1_seed20700711,TRAIN,1179,1.0000303740467167,,,
d,D1_seed20700711,TRAIN,1180,0.9888366600079895,,,
d,D1_seed20700711,TRAIN,1181,0.9726605804926316,,,
d,D1_seed20700711,TRAIN,1182,1.0118730494282118,,,
d,D1_seed20700711,TRAIN,1183,0.9956097638536515,,,
d,D1_seed20700711,TRAIN,1184,0.9561364893063196,,,
d,D1_seed20700711,TRAIN,1185,0.9561309351326462,,,
d,D1_seed20700711,TRAIN,1186,1.008636633330723,,,
d,D1_seed20700711,TRAIN,1187,1.0118448603968753,,,
d,D1_seed20700711,TRAIN,1188,0.9955819541725365,,,
d,D1_seed20700711,TRAIN,1189,0.9417847931911199,,,
d,D1_seed20700711,TRAIN,1190,0.9999662462627011,,,
d,D1_seed20700711,TRAIN,1191,0.9726049300557965,,,
d,D1_seed20700711,TRAIN,1192,0.9887718396353181,,,
d,D1_seed20700711,TRAIN,1193,1.0085987399291763,,,
d,D1_seed20700711,TRAIN,1194,0.9955490995086596,,,
d,D1_seed20700711,TRAIN,1195,0.9887560218925096,,,
d,D1_seed20700711,TRAIN,1196,0.9725777653607519,,,
d,D1_seed20700711,TRAIN,1197,0.9417408244998599,,,
d,D1_seed20700711,TRAIN,1198,0.9560603159834908,,,
d,D1_seed20700711,TRAIN,1199,1.0117790606693025,,,
d,D1_seed20700711,TRAIN,1200,0.9999099940913545,,,
d,D1_seed20700711,TRAIN,1201,1.0117683406720783,,,
d,D1_seed20700711,TRAIN,1202,0.999898886555257,,,
d,D1_seed20700711,TRAIN,1203,0.9417085799591027,,,
d,D1_seed20700711,TRAIN,1204,0.956028627627051,,,
d,D1_seed20700711,TRAIN,1205,0.9887043778865069,,,
d,D1_seed20700711,TRAIN,1206,0.9954852974798426,,,
d,D1_seed20700711,TRAIN,1207,1.008525471086123,,,
d,D1_seed20700711,TRAIN,1208,0.9725143116243558,,,
d,D1_seed20700711,TRAIN,1209,0.9416769098579941,,,
d,D1_seed20700711,TRAIN,1210,0.9954645873286292,,,
d,D1_seed20700711,TRAIN,1211,1.0117155755484903,,,
d,D1_seed20700711,TRAIN,1212,0.9886692251088683,,,
d,D1_seed20700711,TRAIN,1213,1.0084950864251976,,,
d,D1_seed20700711,TRAIN,1214,0.9724835165413834,,,
d,D1_seed20700711,TRAIN,1215,0.9559722026280412,,,
d,D1_seed20700711,TRAIN,1216,0.999823366668161,,,
d,D1_seed20700711,TRAIN,1217,0.9998180972616805,,,
d,D1_seed20700711,TRAIN,1218,0.9416305849390687,,,
d,D1_seed20700711,TRAIN,1219,0.9954189053406395,,,
d,D1_seed20700711,TRAIN,1220,0.9886299360171265,,,
d,D1_seed20700711,TRAIN,1221,1.0116645150645118,,,
d,D1_seed20700711,TRAIN,1222,0.9559372281746699,,,
d,D1_seed20700711,TRAIN,1223,0.9724383124634883,,,
d,D1_seed20700711,TRAIN,1224,1.0084407637753505,,,
d,D1_seed20700711,TRAIN,1225,1.0116445389399802,,,
d,D1_seed20700711,TRAIN,1226,0.995384197728593,,,
d,D1_seed20700711,TRAIN,1227,0.9415854699329861,,,
d,D1_seed20700711,TRAIN,1228,0.999761112498156,,,
d,D1_seed20700711,TRAIN,1229,0.9724088563909229,,,
d,D1_seed20700711,TRAIN,1230,0.9885821394624512,,,
d,D1_seed20700711,TRAIN,1231,0.9558933735227683,,,
d,D1_seed20700711,TRAIN,1232,1.0084023845454124,,,
d,D1_seed20700711,TRAIN,1233,1.008397667564372,,,
d,D1_seed20700711,TRAIN,1234,1.0116004775543432,,,
d,D1_seed20700711,TRAIN,1235,0.9558743073582817,,,
d,D1_seed20700711,TRAIN,1236,0.9415416311326428,,,
d,D1_seed20700711,TRAIN,1237,0.999716089756541,,,
d,D1_seed20700711,TRAIN,1238,0.9953265435169182,,,
d,D1_seed20700711,TRAIN,1239,0.9723610288434564,,,
d,D1_seed20700711,TRAIN,1240,0.9885359184437346,,,
d,D1_seed20700711,TRAIN,1241,0.9885313826139439,,,
d,D1_seed20700711,TRAIN,1242,0.9996916154625372,,,
d,D1_seed20700711,TRAIN,1243,0.9415084218444298,,,
d,D1_seed20700711,TRAIN,1244,0.995298532877531,,,
d,D1_seed20700711,TRAIN,1245,0.9558277000932637,,,
d,D1_seed20700711,TRAIN,1246,0.9723285062797328,,,
d,D1_seed20700711,TRAIN,1247,1.0083331402625,,,
d,D1_seed20700711,TRAIN,1248,1.011534535180785,,,
d,D1_seed20700711,TRAIN,1249,0.9414805914554618,,,
d,D1_seed20700711,TRAIN,1250,0.9996533062180524,,,
d,D1_seed20700711,TRAIN,1251,0.9723057016842414,,,
d,D1_seed20700711,TRAIN,1252,0.9952620507309257,,,
d,D1_seed20700711,TRAIN,1253,1.0115116367592565,,,
d,D1_seed20700711,TRAIN,1254,0.9884736356857663,,,
d,D1_seed20700711,TRAIN,1255,1.0082974624476653,,,
d,D1_seed20700711,TRAIN,1256,0.9557780637217222,,,
d,D1_seed20700711,TRAIN,1257,0.9996204168138751,,,
d,D1_seed20700711,TRAIN,1258,0.9952351532709292,,,
d,D1_seed20700711,TRAIN,1259,0.9557647887867794,,,
d,D1_seed20700711,TRAIN,1260,0.9414306958233286,,,
d,D1_seed20700711,TRAIN,1261,0.9722610173236339,,,
d,D1_seed20700711,TRAIN,1262,0.9884391856583787,,,
d,D1_seed20700711,TRAIN,1263,1.0082626950609797,,,
d,D1_seed20700711,TRAIN,1264,1.0114625001051456,,,
d,D1_seed20700711,TRAIN,1265,1.0082541526097875,,,
d,D1_seed20700711,TRAIN,1266,0.9722392676056757,,,
d,D1_seed20700711,TRAIN,1267,1.0114494079793357,,,
d,D1_seed20700711,TRAIN,1268,0.9884139663750736,,,
d,D1_seed20700711,TRAIN,1269,0.9995658653602669,,,
d,D1_seed20700711,TRAIN,1270,0.9413868913745042,,,
d,D1_seed20700711,TRAIN,1271,0.9951787796476365,,,
d,D1_seed20700711,TRAIN,1272,0.9557088040395711,,,
d,D1_seed20700711,TRAIN,1273,0.972209264998296,,,
d,D1_seed20700711,TRAIN,1274,1.0082162447365874,,,
d,D1_seed20700711,TRAIN,1275,1.0114150317217783,,,
d,D1_seed20700711,TRAIN,1276,0.9883809902309167,,,
d,D1_seed20700711,TRAIN,1277,0.9556878692573664,,,
d,D1_seed20700711,TRAIN,1278,0.9413527998748942,,,
d,D1_seed20700711,TRAIN,1279,0.9951452607465995,,,
d,D1_seed20700711,TRAIN,1280,0.9995176596556486,,,
d,D1_seed20700711,TRAIN,1281,0.9721758701472727,,,
d,D1_seed20700711,TRAIN,1282,0.9951328925942752,,,
d,D1_seed20700711,TRAIN,1283,0.9995047540381705,,,
d,D1_seed20700711,TRAIN,1284,0.9556591268612661,,,
d,D1_seed20700711,TRAIN,1285,0.9413236652015079,,,
d,D1_seed20700711,TRAIN,1286,1.008167400784032,,,
d,D1_seed20700711,TRAIN,1287,1.011365088843417,,,
d,D1_seed20700711,TRAIN,1288,0.988333086075752,,,
d,D1_seed20700711,TRAIN,1289,0.9556389363670102,,,
d,D1_seed20700711,TRAIN,1290,0.9951003566962154,,,
d,D1_seed20700711,TRAIN,1291,0.9412991855105518,,,
d,D1_seed20700711,TRAIN,1292,0.9721312259869964,,,
d,D1_seed20700711,TRAIN,1293,1.0081397591188008,,,
d,D1_seed20700711,TRAIN,1294,0.9994585095242179,,,
d,D1_seed20700711,TRAIN,1295,1.0113328389960716,,,
d,D1_seed20700711,TRAIN,1296,0.9883021435044697,,,
d,D1_seed20700711,TRAIN,1297,0.9994461110279701,,,
d,D1_seed20700711,TRAIN,1298,0.9882944739663401,,,
d,D1_seed20700711,TRAIN,1299,0.9555994812262725,,,
d,D1_seed20700711,TRAIN,1300,0.9412632445329884,,,
d,D1_seed20700711,TRAIN,1301,0.9950569351961607,,,
d,D1_seed20700711,TRAIN,1302,1.0113051215434976,,,
d,D1_seed20700711,TRAIN,1303,0.9720880064074001,,,
d,D1_seed20700711,TRAIN,1304,1.0080973615737194,,,
d,D1_seed20700711,TRAIN,1305,1.0080935733020808,,,
d,D1_seed20700711,TRAIN,1306,0.9950376483104595,,,
d,D1_seed20700711,TRAIN,1307,0.9882606492433442,,,
d,D1_seed20700711,TRAIN,1308,0.9412321006340786,,,
d,D1_seed20700711,TRAIN,1309,0.9555611826942434,,,
d,D1_seed20700711,TRAIN,1310,0.9993937726184139,,,
d,D1_seed20700711,TRAIN,1311,0.9720574650302388,,,
d,D1_seed20700711,TRAIN,1312,1.0112666181533694,,,
d,D1_seed20700711,TRAIN,1313,0.9882386458790668,,,
d,D1_seed20700711,TRAIN,1314,0.9993780790886194,,,
d,D1_seed20700711,TRAIN,1315,1.0112552500896659,,,
d,D1_seed20700711,TRAIN,1316,0.9949999243042839,,,
d,D1_seed20700711,TRAIN,1317,0.9720349467236433,,,
d,D1_seed20700711,TRAIN,1318,0.941194132160413,,,
d,D1_seed20700711,TRAIN,1319,0.9555239064387397,,,
d,D1_seed20700711,TRAIN,1320,1.0080380583502289,,,
d,D1_seed20700711,TRAIN,1321,0.9949814083166144,,,
d,D1_seed20700711,TRAIN,1322,0.9882061917675128,,,
d,D1_seed20700711,TRAIN,1323,1.00802726079728,,,
d,D1_seed20700711,TRAIN,1324,0.9555057150278727,,,
d,D1_seed20700711,TRAIN,1325,0.9993357206086722,,,
d,D1_seed20700711,TRAIN,1326,0.9720019798199423,,,
d,D1_seed20700711,TRAIN,1327,0.9411609408178752,,,
d,D1_seed20700711,TRAIN,1328,1.011207157873231,,,
d,D1_seed20700711,TRAIN,1329,0.9411536793804495,,,
d,D1_seed20700711,TRAIN,1330,0.9949489074999955,,,
d,D1_seed20700711,TRAIN,1331,0.9719840355009336,,,
d,D1_seed20700711,TRAIN,1332,1.00799542147168,,,
d,D1_seed20700711,TRAIN,1333,0.9554736116753627,,,
d,D1_seed20700711,TRAIN,1334,1.0111856281652036,,,
d,D1_seed20700711,TRAIN,1335,0.9881609635331938,,,
d,D1_seed20700711,TRAIN,1336,0.9992948757239619,,,
d,D1_seed20700711,TRAIN,1337,1.011174977031861,,,
d,D1_seed20700711,TRAIN,1338,0.9554560926892517,,,
d,D1_seed20700711,TRAIN,1339,0.9992838722812223,,,
d,D1_seed20700711,TRAIN,1340,0.988143914424264,,,
d,D1_seed20700711,TRAIN,1341,0.941110884631209,,,
d,D1_seed20700711,TRAIN,1342,0.9949067250073721,,,
d,D1_seed20700711,TRAIN,1343,0.9719418916744308,,,
d,D1_seed20700711,TRAIN,1344,1.0079540855824585,,,
d,D1_seed20700711,TRAIN,1345,0.9948963832258012,,,
d,D1_seed20700711,TRAIN,1346,0.9881237893081405,,,
d,D1_seed20700711,TRAIN,1347,1.0079439678420827,,,
d,D1_seed20700711,TRAIN,1348,0.9719247480039118,,,
d,D1_seed20700711,TRAIN,1349,1.011133105974111,,,
d,D1_seed20700711,TRAIN,1350,0.9554149681334939,,,
d,D1_seed20700711,TRAIN,1351,0.9992408416188503,,,
d,D1_seed20700711,TRAIN,1352,0.9410728570898184,,,
d,D1_seed20700711,TRAIN,1353,1.011119449779693,,,
d,D1_seed20700711,TRAIN,1354,1.0079206376701242,,,
d,D1_seed20700711,TRAIN,1355,0.9992267684543236,,,
d,D1_seed20700711,TRAIN,1356,0.9410592407109839,,,
d,D1_seed20700711,TRAIN,1357,0.9948557730478984,,,
d,D1_seed20700711,TRAIN,1358,0.9718910079101843,,,
d,D1_seed20700711,TRAIN,1359,0.9880811933426358,,,
d,D1_seed20700711,TRAIN,1360,0.9553815843961095,,,
d,D1_seed20700711,TRAIN,1361,0.9718810768619834,,,
d,D1_seed20700711,TRAIN,1362,1.007894440185952,,,
d,D1_seed20700711,TRAIN,1363,1.0110858701041185,,,
d,D1_seed20700711,TRAIN,1364,0.9948327030827292,,,
d,D1_seed20700711,TRAIN,1365,0.9991922576186365,,,
d,D1_seed20700711,TRAIN,1366,0.9553620069900691,,,
d,D1_seed20700711,TRAIN,1367,0.9410225862272257,,,
d,D1_seed20700711,TRAIN,1368,0.9880525688940714,,,
d,D1_seed20700711,TRAIN,1369,0.9991786786138964,,,
d,D1_seed20700711,TRAIN,1370,0.9718517102067139,,,
d,D1_seed20700711,TRAIN,1371,1.0078656211261767,,,
d,D1_seed20700711,TRAIN,1372,0.9553427080257804,,,
d,D1_seed20700711,TRAIN,1373,0.9948035598007345,,,
d,D1_seed20700711,TRAIN,1374,1.011049910412218,,,
d,D1_seed20700711,TRAIN,1375,0.94099657366132,,,
d,D1_seed20700711,TRAIN,1376,0.988027644297783,,,
d,D1_seed20700711,TRAIN,1377,1.0110402800515346,,,
d,D1_seed20700711,TRAIN,1378,0.9718261488059613,,,
d,D1_seed20700711,TRAIN,1379,0.9409837652595721,,,
d,D1_seed20700711,TRAIN,1380,1.0078374580879272,,,
d,D1_seed20700711,TRAIN,1381,0.9947782475642135,,,
d,D1_seed20700711,TRAIN,1382,0.9991355567252124,,,
d,D1_seed20700711,TRAIN,1383,0.9880062421091651,,,
d,D1_seed20700711,TRAIN,1384,0.955304958118559,,,
d,D1_seed20700711,TRAIN,1385,0.940964766419797,,,
d,D1_seed20700711,TRAIN,1386,1.0110118112847206,,,
d,D1_seed20700711,TRAIN,1387,0.9552957027343904,,,
d,D1_seed20700711,TRAIN,1388,0.9717948967096106,,,
d,D1_seed20700711,TRAIN,1389,1.0078099017776316,,,
d,D1_seed20700711,TRAIN,1390,0.9991096945964358,,,
d,D1_seed20700711,TRAIN,1391,0.9947472635371436,,,
d,D1_seed20700711,TRAIN,1392,0.9879792332831052,,,
d,D1_seed20700711,TRAIN,1393,0.9947411211697571,,,
d,D1_seed20700711,TRAIN,1394,0.9879732879486851,,,
d,D1_seed20700711,TRAIN,1395,1.010983899002972,,,
d,D1_seed20700711,TRAIN,1396,0.9990904910884559,,,
d,D1_seed20700711,TRAIN,1397,0.9552652021703194,,,
d,D1_seed20700711,TRAIN,1398,0.9717642677883455,,,
d,D1_seed20700711,TRAIN,1399,1.0077798222670673,,,
d,D1_seed20700711,TRAIN,1400,0.9409183163632774,,,
d,D1_seed20700711,TRAIN,1401,0.9552531594048532,,,
d,D1_seed20700711,TRAIN,1402,1.0077709322660375,,,
d,D1_seed20700711,TRAIN,1403,0.9990684013105743,,,
d,D1_seed20700711,TRAIN,1404,0.9717461903629538,,,
d,D1_seed20700711,TRAIN,1405,0.9947048091849692,,,
d,D1_seed20700711,TRAIN,1406,1.01095038502124,,,
d,D1_seed20700711,TRAIN,1407,0.9879351879363774,,,
d,D1_seed20700711,TRAIN,1408,0.9408940876142072,,,
d,D1_seed20700711,TRAIN,1409,0.987929415733842,,,
d,D1_seed20700711,TRAIN,1410,0.9717283021856074,,,
d,D1_seed20700711,TRAIN,1411,1.0109354113610574,,,
d,D1_seed20700711,TRAIN,1412,1.0077416349986144,,,
d,D1_seed20700711,TRAIN,1413,0.9408791639207641,,,
d,D1_seed20700711,TRAIN,1414,0.9552147043764595,,,
d,D1_seed20700711,TRAIN,1415,0.9946752692671367,,,
d,D1_seed20700711,TRAIN,1416,0.9990282724614877,,,
d,D1_seed20700711,TRAIN,1417,0.9408673308018722,,,
d,D1_seed20700711,TRAIN,1418,0.9879037750869659,,,
d,D1_seed20700711,TRAIN,1419,0.9552001906324381,,,
d,D1_seed20700711,TRAIN,1420,0.9990161280319286,,,
d,D1_seed20700711,TRAIN,1421,1.0109059388335695,,,
d,D1_seed20700711,TRAIN,1422,1.0077129279907835,,,
d,D1_seed20700711,TRAIN,1423,0.9716902964109192,,,
d,D1_seed20700711,TRAIN,1424,0.9946491084907982,,,
d,D1_seed20700711,TRAIN,1425,0.9990009742523724,,,
d,D1_seed20700711,TRAIN,1426,0.9551799956125353,,,
d,D1_seed20700711,TRAIN,1427,0.9946404126470736,,,
d,D1_seed20700711,TRAIN,1428,1.0076958374542069,,,
d,D1_seed20700711,TRAIN,1429,0.9408321806691267,,,
d,D1_seed20700711,TRAIN,1430,1.0108796441365246,,,
d,D1_seed20700711,TRAIN,1431,0.9878672578540773,,,
d,D1_seed20700711,TRAIN,1432,0.9716643445813583,,,
d,D1_seed20700711,TRAIN,1433,0.9408206054772646,,,
d,D1_seed20700711,TRAIN,1434,0.9989739619700397,,,
d,D1_seed20700711,TRAIN,1435,1.0076761363293023,,,
d,D1_seed20700711,TRAIN,1436,0.9551515035053681,,,
d,D1_seed20700711,TRAIN,1437,0.9946118192195216,,,
d,D1_seed20700711,TRAIN,1438,1.010856635313499,,,
d,D1_seed20700711,TRAIN,1439,0.9716444309966386,,,
d,D1_seed20700711,TRAIN,1440,0.9878424077285554,,,
d,D1_seed20700711,TRAIN,1441,0.9716387749679513,,,
d,D1_seed20700711,TRAIN,1442,0.9407948117595925,,,
d,D1_seed20700711,TRAIN,1443,0.9945948950380183,,,
d,D1_seed20700711,TRAIN,1444,1.010839574681477,,,
d,D1_seed20700711,TRAIN,1445,0.9878287716436175,,,
d,D1_seed20700711,TRAIN,1446,0.9551234632535356,,,
d,D1_seed20700711,TRAIN,1447,1.007642855341238,,,
d,D1_seed20700711,TRAIN,1448,0.9989328078866365,,,
d,D1_seed20700711,TRAIN,1449,0.9551151329908198,,,
d,D1_seed20700711,TRAIN,1450,0.9878152206665116,,,
d,D1_seed20700711,TRAIN,1451,1.0108198536138546,,,
d,D1_seed20700711,TRAIN,1452,0.9407665743163254,,,
d,D1_seed20700711,TRAIN,1453,0.9989182847685999,,,
d,D1_seed20700711,TRAIN,1454,0.9945642314964868,,,
d,D1_seed20700711,TRAIN,1455,0.9715996615321524,,,
d,D1_seed20700711,TRAIN,1456,1.007618205171869,,,
d,D1_seed20700711,TRAIN,1457,0.9989066570099331,,,
d,D1_seed20700711,TRAIN,1458,1.0108001912580764,,,
d,D1_seed20700711,TRAIN,1459,0.9550874614911857,,,
d,D1_seed20700711,TRAIN,1460,0.9407440860087607,,,
d,D1_seed20700711,TRAIN,1461,0.9945447512882294,,,
d,D1_seed20700711,TRAIN,1462,0.971580221087172,,,
d,D1_seed20700711,TRAIN,1463,1.0075991011343097,,,
d,D1_seed20700711,TRAIN,1464,0.9877774812415369,,,
d,D1_seed20700711,TRAIN,1465,0.9715719516655016,,,
d,D1_seed20700711,TRAIN,1466,0.9877721504760909,,,
d,D1_seed20700711,TRAIN,1467,1.0107751136116487,,,
d,D1_seed20700711,TRAIN,1468,0.9407218316527695,,,
d,D1_seed20700711,TRAIN,1469,0.9945227953975186,,,
d,D1_seed20700711,TRAIN,1470,1.0075802127007183,,,
d,D1_seed20700711,TRAIN,1471,0.9988664041390508,,,
d,D1_seed20700711,TRAIN,1472,0.9550519098326673,,,
d,D1_seed20700711,TRAIN,1473,0.9945118518094838,,,
d,D1_seed20700711,TRAIN,1474,1.0107557768367952,,,
d,D1_seed20700711,TRAIN,1475,0.9550437446412608,,,
d,D1_seed20700711,TRAIN,1476,0.9988520987031247,,,
d,D1_seed20700711,TRAIN,1477,0.9877429141957689,,,
d,D1_seed20700711,TRAIN,1478,1.0075586739464752,,,
d,D1_seed20700711,TRAIN,1479,0.9715336232498959,,,
d,D1_seed20700711,TRAIN,1480,0.9406886610609213,,,
d,D1_seed20700711,TRAIN,1481,1.0107364584121465,,,
d,D1_seed20700711,TRAIN,1482,0.9550247426356208,,,
d,D1_seed20700711,TRAIN,1483,0.994484541911606,,,
d,D1_seed20700711,TRAIN,1484,0.9406776700063995,,,
d,D1_seed20700711,TRAIN,1485,0.9877217743040199,,,
d,D1_seed20700711,TRAIN,1486,0.971514606613461,,,
d,D1_seed20700711,TRAIN,1487,1.0075346315158442,,,
d,D1_seed20700711,TRAIN,1488,0.9988180702746375,,,
d,D1_seed20700711,TRAIN,1489,1.007529302945916,,,
d,D1_seed20700711,TRAIN,1490,0.9406612599811257,,,
d,D1_seed20700711,TRAIN,1491,0.9944629222519276,,,
d,D1_seed20700711,TRAIN,1492,0.9877033911954208,,,
d,D1_seed20700711,TRAIN,1493,1.010703670175558,,,
d,D1_seed20700711,TRAIN,1494,0.9714929413004109,,,
d,D1_seed20700711,TRAIN,1495,0.9987983026181125,,,
d,D1_seed20700711,TRAIN,1496,0.9549870323748105,,,
d,D1_seed20700711,TRAIN,1497,0.9406421006810771,,,
d,D1_seed20700711,TRAIN,1498,0.9549816527896243,,,
d,D1_seed20700711,TRAIN,1499,0.9944412986261739,,,
d,D1_seed20700711,TRAIN,1500,0.9876823944881847,,,
d,D1_seed20700712,TRAIN,1,1.006581040124443,,,
d,D1_seed20700712,TRAIN,2,0.9524560111199598,,,
d,D1_seed20700712,TRAIN,3,1.0226893166930378,,,
d,D1_seed20700712,TRAIN,4,0.966559762629545,,,
d,D1_seed20700712,TRAIN,5,0.9990722021040805,,,
d,D1_seed20700712,TRAIN,6,1.0187930524193352,,,
d,D1_seed20700712,TRAIN,7,0.9830101502071834,,,
d,D1_seed20700712,TRAIN,8,1.0115517560788387,,,
d,D1_seed20700712,TRAIN,9,1.0115460601790498,,,
d,D1_seed20700712,TRAIN,10,1.0065444556706404,,,
d,D1_seed20700712,TRAIN,11,0.9990413439395764,,,
d,D1_seed20700712,TRAIN,12,1.0187588087699841,,,
d,D1_seed20700712,TRAIN,13,0.9829724971304761,,,
d,D1_seed20700712,TRAIN,14,0.9523924345150012,,,
d,D1_seed20700712,TRAIN,15,1.0226196342491614,,,
d,D1_seed20700712,TRAIN,16,0.9664852723319547,,,
d,D1_seed20700712,TRAIN,17,0.9523657183097135,,,
d,D1_seed20700712,TRAIN,18,1.006479344318812,,,
d,D1_seed20700712,TRAIN,19,1.0186973350627402,,,
d,D1_seed20700712,TRAIN,20,1.0114509122097932,,,
d,D1_seed20700712,TRAIN,21,0.9828954307323752,,,
d,D1_seed20700712,TRAIN,22,1.0225469134449796,,,
d,D1_seed20700712,TRAIN,23,0.9989292503086661,,,
d,D1_seed20700712,TRAIN,24,0.96639748074495,,,
d,D1_seed20700712,TRAIN,25,1.02250845181846,,,
d,D1_seed20700712,TRAIN,26,0.9828315392511594,,,
d,D1_seed20700712,TRAIN,27,1.018598503273823,,,
d,D1_seed20700712,TRAIN,28,1.0063549090054493,,,
d,D1_seed20700712,TRAIN,29,0.9988479940381686,,,
d,D1_seed20700712,TRAIN,30,0.9663116216630657,,,
d,D1_seed20700712,TRAIN,31,1.0112960348788713,,,
d,D1_seed20700712,TRAIN,32,0.9521672305260717,,,
d,D1_seed20700712,TRAIN,33,0.9987846631218572,,,
d,D1_seed20700712,TRAIN,34,0.9827045923683319,,,
d,D1_seed20700712,TRAIN,35,0.9662273053947609,,,
d,D1_seed20700712,TRAIN,36,1.0184515682953377,,,
d,D1_seed20700712,TRAIN,37,1.0223118843674928,,,
d,D1_seed20700712,TRAIN,38,0.9520580983237829,,,
d,D1_seed20700712,TRAIN,39,1.0061637421421725,,,
d,D1_seed20700712,TRAIN,40,1.0111258576402125,,,
d,D1_seed20700712,TRAIN,41,1.006122759104902,,,
d,D1_seed20700712,TRAIN,42,0.9986154412622538,,,
d,D1_seed20700712,TRAIN,43,0.9660683673518486,,,
d,D1_seed20700712,TRAIN,44,1.022166868317048,,,
d,D1_seed20700712,TRAIN,45,0.9519118624873534,,,
d,D1_seed20700712,TRAIN,46,1.0109949089344,,,
d,D1_seed20700712,TRAIN,47,0.9824409817889992,,,
d,D1_seed20700712,TRAIN,48,1.0182066537461587,,,
d,D1_seed20700712,TRAIN,49,0.9984708968698984,,,
d,D1_seed20700712,TRAIN,50,1.0059320293639267,,,
d,D1_seed20700712,TRAIN,51,0.9823558079972756,,,
d,D1_seed20700712,TRAIN,52,1.0219958714174866,,,
d,D1_seed20700712,TRAIN,53,1.0108418071773115,,,
d,D1_seed20700712,TRAIN,54,1.0180807084253858,,,
d,D1_seed20700712,TRAIN,55,0.951698942228313,,,
d,D1_seed20700712,TRAIN,56,0.9657941282543758,,,
d,D1_seed20700712,TRAIN,57,0.9516564460918047,,,
d,D1_seed20700712,TRAIN,58,1.0179968974132163,,,
d,D1_seed20700712,TRAIN,59,1.005741755535306,,,
d,D1_seed20700712,TRAIN,60,0.998244180174843,,,
d,D1_seed20700712,TRAIN,61,1.0106674253888974,,,
d,D1_seed20700712,TRAIN,62,1.0217826319767094,,,
d,D1_seed20700712,TRAIN,63,0.9656471640639888,,,
d,D1_seed20700712,TRAIN,64,0.9820795778354516,,,
d,D1_seed20700712,TRAIN,65,0.9820583871649834,,,
d,D1_seed20700712,TRAIN,66,1.0216974917367334,,,
d,D1_seed20700712,TRAIN,67,0.9655631893008649,,,
d,D1_seed20700712,TRAIN,68,1.0105150677533488,,,
d,D1_seed20700712,TRAIN,69,1.0177671149296923,,,
d,D1_seed20700712,TRAIN,70,1.0055099949962807,,,
d,D1_seed20700712,TRAIN,71,0.9980180783005689,,,
d,D1_seed20700712,TRAIN,72,0.9513385848485236,,,
d,D1_seed20700712,TRAIN,73,0.9654372599578674,,,
d,D1_seed20700712,TRAIN,74,1.0054259442434728,,,
d,D1_seed20700712,TRAIN,75,1.0215063407188147,,,
d,D1_seed20700712,TRAIN,76,0.9979158173213494,,,
d,D1_seed20700712,TRAIN,77,1.0176005538670427,,,
d,D1_seed20700712,TRAIN,78,0.9512121263126121,,,
d,D1_seed20700712,TRAIN,79,0.9817623536393943,,,
d,D1_seed20700712,TRAIN,80,1.0102548683646186,,,
d,D1_seed20700712,TRAIN,81,0.981720200970921,,,
d,D1_seed20700712,TRAIN,82,1.017496716917211,,,
d,D1_seed20700712,TRAIN,83,0.9652284734330543,,,
d,D1_seed20700712,TRAIN,84,0.9977524291177299,,,
d,D1_seed20700712,TRAIN,85,1.0101468330819574,,,
d,D1_seed20700712,TRAIN,86,1.0051747612779836,,,
d,D1_seed20700712,TRAIN,87,0.9510225075319412,,,
d,D1_seed20700712,TRAIN,88,1.0212314608091977,,,
d,D1_seed20700712,TRAIN,89,0.981551566974743,,,
d,D1_seed20700712,TRAIN,90,1.0173306319457507,,,
d,D1_seed20700712,TRAIN,91,0.9976095046983927,,,
d,D1_seed20700712,TRAIN,92,0.9650406749761884,,,
d,D1_seed20700712,TRAIN,93,1.005028311817086,,,
d,D1_seed20700712,TRAIN,94,0.9508752033370259,,,
d,D1_seed20700712,TRAIN,95,1.0099308479075177,,,
d,D1_seed20700712,TRAIN,96,1.0210626550913457,,,
d,D1_seed20700712,TRAIN,97,1.0210414827729544,,,
d,D1_seed20700712,TRAIN,98,0.997466836194742,,,
d,D1_seed20700712,TRAIN,99,1.0049027505122161,,,
d,D1_seed20700712,TRAIN,100,1.0098224266045006,,,
d,D1_seed20700712,TRAIN,101,0.9812988373755371,,,
d,D1_seed20700712,TRAIN,102,1.0170816610037643,,,
d,D1_seed20700712,TRAIN,103,0.9506854522344133,,,
d,D1_seed20700712,TRAIN,104,0.9647902519350043,,,
d,D1_seed20700712,TRAIN,105,0.9647694551936641,,,
d,D1_seed20700712,TRAIN,106,0.9973034055682379,,,
d,D1_seed20700712,TRAIN,107,1.0208300108600343,,,
d,D1_seed20700712,TRAIN,108,1.016957544751524,,,
d,D1_seed20700712,TRAIN,109,1.0096279810271847,,,
d,D1_seed20700712,TRAIN,110,1.0046726160661021,,,
d,D1_seed20700712,TRAIN,111,0.9505174143895561,,,
d,D1_seed20700712,TRAIN,112,0.9810675129870086,,,
d,D1_seed20700712,TRAIN,113,1.0095415158559733,,,
d,D1_seed20700712,TRAIN,114,1.004588940470731,,,
d,D1_seed20700712,TRAIN,115,1.0206611315258354,,,
d,D1_seed20700712,TRAIN,116,1.0167917095586134,,,
d,D1_seed20700712,TRAIN,117,0.9970791278474642,,,
d,D1_seed20700712,TRAIN,118,0.9644986195929789,,,
d,D1_seed20700712,TRAIN,119,0.9809200747937602,,,
d,D1_seed20700712,TRAIN,120,0.9503279501376471,,,
d,D1_seed20700712,TRAIN,121,0.9644362972186878,,,
d,D1_seed20700712,TRAIN,122,0.9808572726965499,,,
d,D1_seed20700712,TRAIN,123,1.020492616544803,,,
d,D1_seed20700712,TRAIN,124,1.0166264349566023,,,
d,D1_seed20700712,TRAIN,125,1.0092828104259521,,,
d,D1_seed20700712,TRAIN,126,0.9502022739375862,,,
d,D1_seed20700712,TRAIN,127,1.0043178399878536,,,
d,D1_seed20700712,TRAIN,128,0.9968557393283054,,,
d,D1_seed20700712,TRAIN,129,0.9807104688417361,,,
d,D1_seed20700712,TRAIN,130,0.9501184156223231,,,
d,D1_seed20700712,TRAIN,131,1.0091538355850966,,,
d,D1_seed20700712,TRAIN,132,0.964208082263473,,,
d,D1_seed20700712,TRAIN,133,1.0164407214114766,,,
d,D1_seed20700712,TRAIN,134,1.0041724020165363,,,
d,D1_seed20700712,TRAIN,135,1.020240556833086,,,
d,D1_seed20700712,TRAIN,136,0.9966935257669086,,,
d,D1_seed20700712,TRAIN,137,0.9499717823441085,,,
d,D1_seed20700712,TRAIN,138,1.0090033660725592,,,
d,D1_seed20700712,TRAIN,139,1.0201564332030735,,,
d,D1_seed20700712,TRAIN,140,0.9804800123426296,,,
d,D1_seed20700712,TRAIN,141,1.0040264445539997,,,
d,D1_seed20700712,TRAIN,142,1.0162548286334303,,,
d,D1_seed20700712,TRAIN,143,0.9965511139516516,,,
d,D1_seed20700712,TRAIN,144,0.9639586762486696,,,
d,D1_seed20700712,TRAIN,145,0.9639379417938321,,,
d,D1_seed20700712,TRAIN,146,1.020009008240091,,,
d,D1_seed20700712,TRAIN,147,1.0039014568797737,,,
d,D1_seed20700712,TRAIN,148,0.9803121938888423,,,
d,D1_seed20700712,TRAIN,149,1.0161103916990426,,,
d,D1_seed20700712,TRAIN,150,0.9964090916481781,,,
d,D1_seed20700712,TRAIN,151,1.0087233952540218,,,
d,D1_seed20700712,TRAIN,152,0.9496570872500457,,,
d,D1_seed20700712,TRAIN,153,1.0086803178215704,,,
d,D1_seed20700712,TRAIN,154,0.9637510983341635,,,
d,D1_seed20700712,TRAIN,155,0.9963075162478965,,,
d,D1_seed20700712,TRAIN,156,0.9801444770403557,,,
d,D1_seed20700712,TRAIN,157,1.0197778177626724,,,
d,D1_seed20700712,TRAIN,158,0.9495313249109024,,,
d,D1_seed20700712,TRAIN,159,1.015904120985376,,,
d,D1_seed20700712,TRAIN,160,1.0036309915977222,,,
d,D1_seed20700712,TRAIN,161,0.996185907870342,,,
d,D1_seed20700712,TRAIN,162,1.015842300723588,,,
d,D1_seed20700712,TRAIN,163,0.9494266351667128,,,
d,D1_seed20700712,TRAIN,164,0.9635437986009682,,,
d,D1_seed20700712,TRAIN,165,1.0196101355386196,,,
d,D1_seed20700712,TRAIN,166,1.0035066449277548,,,
d,D1_seed20700712,TRAIN,167,1.0083798662976116,,,
d,D1_seed20700712,TRAIN,168,0.9798933969998597,,,
d,D1_seed20700712,TRAIN,169,0.9493010751794271,,,
d,D1_seed20700712,TRAIN,170,1.0034234010023761,,,
d,D1_seed20700712,TRAIN,171,1.0082937707196757,,,
d,D1_seed20700712,TRAIN,172,1.0194630621247898,,,
d,D1_seed20700712,TRAIN,173,0.9797885192617876,,,
d,D1_seed20700712,TRAIN,174,0.9959222033701026,,,
d,D1_seed20700712,TRAIN,175,0.9633153918715925,,,
d,D1_seed20700712,TRAIN,176,1.0155536370741565,,,
d,D1_seed20700712,TRAIN,177,0.9797046004641006,,,
d,D1_seed20700712,TRAIN,178,1.0155123820673495,,,
d,D1_seed20700712,TRAIN,179,1.0081213347066942,,,
d,D1_seed20700712,TRAIN,180,0.9490701127406777,,,
d,D1_seed20700712,TRAIN,181,1.0031941161056102,,,
d,D1_seed20700712,TRAIN,182,1.0192525839583848,,,
d,D1_seed20700712,TRAIN,183,0.9631490841116758,,,
d,D1_seed20700712,TRAIN,184,0.9957190447839338,,,
d,D1_seed20700712,TRAIN,185,0.995698786925011,,,
d,D1_seed20700712,TRAIN,186,1.0030900734907544,,,
d,D1_seed20700712,TRAIN,187,0.9630662007450985,,,
d,D1_seed20700712,TRAIN,188,0.9489025061891924,,,
d,D1_seed20700712,TRAIN,189,0.9794533090270807,,,
d,D1_seed20700712,TRAIN,190,1.019085052060274,,,
d,D1_seed20700712,TRAIN,191,1.007863805615473,,,
d,D1_seed20700712,TRAIN,192,1.01522410599629,,,
d,D1_seed20700712,TRAIN,193,1.019022081616453,,,
d,D1_seed20700712,TRAIN,194,1.002924140644755,,,
d,D1_seed20700712,TRAIN,195,0.9487559263840913,,,
d,D1_seed20700712,TRAIN,196,0.995476042172264,,,
d,D1_seed20700712,TRAIN,197,0.9628589632863662,,,
d,D1_seed20700712,TRAIN,198,1.007713093246309,,,
d,D1_seed20700712,TRAIN,199,0.9792439445914324,,,
d,D1_seed20700712,TRAIN,200,1.0150591207614201,,,
d,D1_seed20700712,TRAIN,201,1.0188539581527865,,,
d,D1_seed20700712,TRAIN,202,0.9486092069489144,,,
d,D1_seed20700712,TRAIN,203,1.002736882196845,,,
d,D1_seed20700712,TRAIN,204,0.9791391086026747,,,
d,D1_seed20700712,TRAIN,205,0.9626929496545269,,,
d,D1_seed20700712,TRAIN,206,1.0075411277461548,,,
d,D1_seed20700712,TRAIN,207,1.0149147981664859,,,
d,D1_seed20700712,TRAIN,208,0.9952327418724685,,,
d,D1_seed20700712,TRAIN,209,0.9626099524514502,,,
d,D1_seed20700712,TRAIN,210,0.9790135024079339,,,
d,D1_seed20700712,TRAIN,211,1.0074338228267454,,,
d,D1_seed20700712,TRAIN,212,0.9951517938314931,,,
d,D1_seed20700712,TRAIN,213,0.948378772695014,,,
d,D1_seed20700712,TRAIN,214,1.0147707696688644,,,
d,D1_seed20700712,TRAIN,215,1.0185604009748048,,,
d,D1_seed20700712,TRAIN,216,1.0024671497401567,,,
d,D1_seed20700712,TRAIN,217,0.9624442799212376,,,
d,D1_seed20700712,TRAIN,218,1.0146884588952862,,,
d,D1_seed20700712,TRAIN,219,1.0072622875765473,,,
d,D1_seed20700712,TRAIN,220,1.0023840488429174,,,
d,D1_seed20700712,TRAIN,221,1.0184344273094625,,,
d,D1_seed20700712,TRAIN,222,0.9481901538207125,,,
d,D1_seed20700712,TRAIN,223,0.9949288270308194,,,
d,D1_seed20700712,TRAIN,224,0.9787204249670116,,,
d,D1_seed20700712,TRAIN,225,1.007133015344001,,,
d,D1_seed20700712,TRAIN,226,0.9786785469232596,,,
d,D1_seed20700712,TRAIN,227,0.9948477332096147,,,
d,D1_seed20700712,TRAIN,228,0.9622159463516259,,,
d,D1_seed20700712,TRAIN,229,1.0021967874226891,,,
d,D1_seed20700712,TRAIN,230,1.0182455498457248,,,
d,D1_seed20700712,TRAIN,231,0.9480017123203339,,,
d,D1_seed20700712,TRAIN,232,1.0144001953152602,,,
d,D1_seed20700712,TRAIN,233,1.002113858452033,,,
d,D1_seed20700712,TRAIN,234,1.0143591080612162,,,
d,D1_seed20700712,TRAIN,235,0.994685994531101,,,
d,D1_seed20700712,TRAIN,236,0.9784696564668789,,,
d,D1_seed20700712,TRAIN,237,0.962029804135807,,,
d,D1_seed20700712,TRAIN,238,1.0068543139436492,,,
d,D1_seed20700712,TRAIN,239,0.9478346050087858,,,
d,D1_seed20700712,TRAIN,240,1.018036434090889,,,
d,D1_seed20700712,TRAIN,241,0.9945649309858284,,,
d,D1_seed20700712,TRAIN,242,0.9783445802585732,,,
d,D1_seed20700712,TRAIN,243,1.0067473723750664,,,
d,D1_seed20700712,TRAIN,244,1.0018861912005042,,,
d,D1_seed20700712,TRAIN,245,0.9618644833565904,,,
d,D1_seed20700712,TRAIN,246,0.9476884159780175,,,
d,D1_seed20700712,TRAIN,247,1.017890110555312,,,
d,D1_seed20700712,TRAIN,248,1.014071954483283,,,
d,D1_seed20700712,TRAIN,249,0.9476258465392752,,,
d,D1_seed20700712,TRAIN,250,0.9617613085939867,,,
d,D1_seed20700712,TRAIN,251,1.0065762288083135,,,
d,D1_seed20700712,TRAIN,252,1.0177858261501653,,,
d,D1_seed20700712,TRAIN,253,0.9781153454514374,,,
d,D1_seed20700712,TRAIN,254,0.9943026738284012,,,
d,D1_seed20700712,TRAIN,255,1.0016586824115434,,,
d,D1_seed20700712,TRAIN,256,1.0139080473641031,,,
d,D1_seed20700712,TRAIN,257,0.9942421630394548,,,
d,D1_seed20700712,TRAIN,258,0.9780111489396834,,,
d,D1_seed20700712,TRAIN,259,0.9615755665481551,,,
d,D1_seed20700712,TRAIN,260,1.0015554750520754,,,
d,D1_seed20700712,TRAIN,261,0.9473757897229061,,,
d,D1_seed20700712,TRAIN,262,1.013785479555791,,,
d,D1_seed20700712,TRAIN,263,1.017556607747054,,,
d,D1_seed20700712,TRAIN,264,1.0062987892968478,,,
d,D1_seed20700712,TRAIN,265,0.9472926139226647,,,
d,D1_seed20700712,TRAIN,266,0.9940612567396784,,,
d,D1_seed20700712,TRAIN,267,1.0062346944994118,,,
d,D1_seed20700712,TRAIN,268,1.017452331343696,,,
d,D1_seed20700712,TRAIN,269,0.9777825465991027,,,
d,D1_seed20700712,TRAIN,270,0.9613489863610156,,,
d,D1_seed20700712,TRAIN,271,1.0136013091603155,,,
d,D1_seed20700712,TRAIN,272,1.001307769560281,,,
d,D1_seed20700712,TRAIN,273,1.0012870976652102,,,
d,D1_seed20700712,TRAIN,274,1.0135399070298823,,,
d,D1_seed20700712,TRAIN,275,0.9470841358122352,,,
d,D1_seed20700712,TRAIN,276,1.0172853351284818,,,
d,D1_seed20700712,TRAIN,277,0.993839600220499,,,
d,D1_seed20700712,TRAIN,278,0.9611841068912818,,,
d,D1_seed20700712,TRAIN,279,1.005978186292665,,,
d,D1_seed20700712,TRAIN,280,0.9775538293977086,,,
d,D1_seed20700712,TRAIN,281,1.0171812800708808,,,
d,D1_seed20700712,TRAIN,282,0.9775122531883563,,,
d,D1_seed20700712,TRAIN,283,1.001080711334618,,,
d,D1_seed20700712,TRAIN,284,0.9610606054307784,,,
d,D1_seed20700712,TRAIN,285,0.9936788021410533,,,
d,D1_seed20700712,TRAIN,286,1.0058288719157384,,,
d,D1_seed20700712,TRAIN,287,1.013274497242616,,,
d,D1_seed20700712,TRAIN,288,0.9468138823184787,,,
d,D1_seed20700712,TRAIN,289,1.0170148577366356,,,
d,D1_seed20700712,TRAIN,290,0.9935784799964299,,,
d,D1_seed20700712,TRAIN,291,0.977325639714866,,,
d,D1_seed20700712,TRAIN,292,1.0131726571224056,,,
d,D1_seed20700712,TRAIN,293,0.9608758768326428,,,
d,D1_seed20700712,TRAIN,294,0.9466895543772544,,,
d,D1_seed20700712,TRAIN,295,1.0056376945758085,,,
d,D1_seed20700712,TRAIN,296,1.0008136516568138,,,
d,D1_seed20700712,TRAIN,297,0.9607941210790554,,,
d,D1_seed20700712,TRAIN,298,1.0168285832155157,,,
d,D1_seed20700712,TRAIN,299,1.013030635850506,,,
d,D1_seed20700712,TRAIN,300,0.946565560842784,,,
d,D1_seed20700712,TRAIN,301,0.977119225430669,,,
d,D1_seed20700712,TRAIN,302,1.0006908143956397,,,
d,D1_seed20700712,TRAIN,303,0.9933188818551828,,,
d,D1_seed20700712,TRAIN,304,1.0054471620976744,,,
d,D1_seed20700712,TRAIN,305,0.9464624359272101,,,
d,D1_seed20700712,TRAIN,306,1.0166633871523103,,,
d,D1_seed20700712,TRAIN,307,1.0053835953973451,,,
d,D1_seed20700712,TRAIN,308,0.9769750230314793,,,
d,D1_seed20700712,TRAIN,309,0.9931991066579515,,,
d,D1_seed20700712,TRAIN,310,1.0005269228560592,,,
d,D1_seed20700712,TRAIN,311,1.012787486406646,,,
d,D1_seed20700712,TRAIN,312,0.9604876633449136,,,
d,D1_seed20700712,TRAIN,313,0.9931193278547529,,,
d,D1_seed20700712,TRAIN,314,0.9768514968733892,,,
d,D1_seed20700712,TRAIN,315,0.9604266820757917,,,
d,D1_seed20700712,TRAIN,316,1.0126866411607778,,,
d,D1_seed20700712,TRAIN,317,1.0003842544636354,,,
d,D1_seed20700712,TRAIN,318,0.946194715219801,,,
d,D1_seed20700712,TRAIN,319,1.0163955957381263,,,
d,D1_seed20700712,TRAIN,320,1.0051092029075264,,,
d,D1_seed20700712,TRAIN,321,1.0163544658754993,,,
d,D1_seed20700712,TRAIN,322,0.9766876266318447,,,
d,D1_seed20700712,TRAIN,323,0.9460919233299239,,,
d,D1_seed20700712,TRAIN,324,0.9929011277040339,,,
d,D1_seed20700712,TRAIN,325,1.0125053116537486,,,
d,D1_seed20700712,TRAIN,326,0.9602033450995028,,,
d,D1_seed20700712,TRAIN,327,1.0001808269244579,,,
d,D1_seed20700712,TRAIN,328,1.0049407207998642,,,
d,D1_seed20700712,TRAIN,329,1.0124249532078164,,,
d,D1_seed20700712,TRAIN,330,1.0161696353650833,,,
d,D1_seed20700712,TRAIN,331,0.9459278798699151,,,
d,D1_seed20700712,TRAIN,332,1.0000790420392682,,,
d,D1_seed20700712,TRAIN,333,0.9927228411680531,,,
d,D1_seed20700712,TRAIN,334,0.9764420026391571,,,
d,D1_seed20700712,TRAIN,335,0.9600209276199793,,,
d,D1_seed20700712,TRAIN,336,1.0047724333527355,,,
d,D1_seed20700712,TRAIN,337,0.9599805668847352,,,
d,D1_seed20700712,TRAIN,338,1.0047305063187544,,,
d,D1_seed20700712,TRAIN,339,1.0122242263287005,,,
d,D1_seed20700712,TRAIN,340,1.015964852979871,,,
d,D1_seed20700712,TRAIN,341,0.976299264420306,,,
d,D1_seed20700712,TRAIN,342,0.9998761278317008,,,
d,D1_seed20700712,TRAIN,343,0.945682408399393,,,
d,D1_seed20700712,TRAIN,344,0.9925055514629659,,,
d,D1_seed20700712,TRAIN,345,0.9924859027987886,,,
d,D1_seed20700712,TRAIN,346,0.9597987687597348,,,
d,D1_seed20700712,TRAIN,347,1.0158220034328218,,,
d,D1_seed20700712,TRAIN,348,1.0045210275844316,,,
d,D1_seed20700712,TRAIN,349,0.9761367710647467,,,
d,D1_seed20700712,TRAIN,350,1.01200435958136,,,
d,D1_seed20700712,TRAIN,351,0.9455198055078858,,,
d,D1_seed20700712,TRAIN,352,0.9996743829405755,,,
d,D1_seed20700712,TRAIN,353,0.9760556734493904,,,
d,D1_seed20700712,TRAIN,354,0.9923093866670111,,,
d,D1_seed20700712,TRAIN,355,1.0119049130393967,,,
d,D1_seed20700712,TRAIN,356,1.004354376869026,,,
d,D1_seed20700712,TRAIN,357,0.9453982165929807,,,
d,D1_seed20700712,TRAIN,358,0.959558018057886,,,
d,D1_seed20700712,TRAIN,359,1.0155785111092832,,,
d,D1_seed20700712,TRAIN,360,0.9995138504713935,,,
d,D1_seed20700712,TRAIN,361,0.9453173646175002,,,
d,D1_seed20700712,TRAIN,362,0.9758740558852774,,,
d,D1_seed20700712,TRAIN,363,1.0154977281031095,,,
d,D1_seed20700712,TRAIN,364,0.999433803175025,,,
d,D1_seed20700712,TRAIN,365,0.9594182736961346,,,
d,D1_seed20700712,TRAIN,366,1.0116870423863702,,,
d,D1_seed20700712,TRAIN,367,0.9920557634371837,,,
d,D1_seed20700712,TRAIN,368,1.004105718680217,,,
d,D1_seed20700712,TRAIN,369,0.9993338687060361,,,
d,D1_seed20700712,TRAIN,370,1.0116080367135267,,,
d,D1_seed20700712,TRAIN,371,1.004043457903714,,,
d,D1_seed20700712,TRAIN,372,0.9756728733452558,,,
d,D1_seed20700712,TRAIN,373,0.9592586941136045,,,
d,D1_seed20700712,TRAIN,374,1.0152756026309313,,,
d,D1_seed20700712,TRAIN,375,0.9918997743743303,,,
d,D1_seed20700712,TRAIN,376,0.9450148791140786,,,
d,D1_seed20700712,TRAIN,377,0.999173682457408,,,
d,D1_seed20700712,TRAIN,378,0.9449748056803049,,,
d,D1_seed20700712,TRAIN,379,0.9918223334859565,,,
d,D1_seed20700712,TRAIN,380,0.9755126825485954,,,
d,D1_seed20700712,TRAIN,381,1.0113914699283277,,,
d,D1_seed20700712,TRAIN,382,1.0151153960285713,,,
d,D1_seed20700712,TRAIN,383,1.003796123491806,,,
d,D1_seed20700712,TRAIN,384,0.9590408656174891,,,
d,D1_seed20700712,TRAIN,385,0.9590210991722791,,,
d,D1_seed20700712,TRAIN,386,0.9448151295947286,,,
d,D1_seed20700712,TRAIN,387,1.015015542823049,,,
d,D1_seed20700712,TRAIN,388,1.0036937076403787,,,
d,D1_seed20700712,TRAIN,389,0.9753335958234266,,,
d,D1_seed20700712,TRAIN,390,0.9916104210196482,,,
d,D1_seed20700712,TRAIN,391,1.0111959495099379,,,
d,D1_seed20700712,TRAIN,392,0.9988768823829056,,,
d,D1_seed20700712,TRAIN,393,0.958863538011504,,,
d,D1_seed20700712,TRAIN,394,0.9988374444913981,,,
d,D1_seed20700712,TRAIN,395,1.0111180355754004,,,
d,D1_seed20700712,TRAIN,396,0.9914952276627658,,,
d,D1_seed20700712,TRAIN,397,1.0148165011792347,,,
d,D1_seed20700712,TRAIN,398,1.003489362147755,,,
d,D1_seed20700712,TRAIN,399,0.9751353336449181,,,
d,D1_seed20700712,TRAIN,400,0.9445366952188993,,,
d,D1_seed20700712,TRAIN,401,1.011001284853581,,,
d,D1_seed20700712,TRAIN,402,1.0147171086528486,,,
d,D1_seed20700712,TRAIN,403,0.944477206623025,,,
d,D1_seed20700712,TRAIN,404,0.9750364376694138,,,
d,D1_seed20700712,TRAIN,405,0.9586281860799306,,,
d,D1_seed20700712,TRAIN,406,0.9986014685420123,,,
d,D1_seed20700712,TRAIN,407,1.0033063322380258,,,
d,D1_seed20700712,TRAIN,408,0.9912657327768579,,,
d,D1_seed20700712,TRAIN,409,1.0145788494308656,,,
d,D1_seed20700712,TRAIN,410,0.998523143918183,,,
d,D1_seed20700712,TRAIN,411,0.9585111994607669,,,
d,D1_seed20700712,TRAIN,412,1.0032048268834528,,,
d,D1_seed20700712,TRAIN,413,0.9748594770074483,,,
d,D1_seed20700712,TRAIN,414,1.0107498562321675,,,
d,D1_seed20700712,TRAIN,415,0.9911323837288248,,,
d,D1_seed20700712,TRAIN,416,0.9442208921784716,,,
d,D1_seed20700712,TRAIN,417,1.0106921462568301,,,
d,D1_seed20700712,TRAIN,418,0.9747615773381052,,,
d,D1_seed20700712,TRAIN,419,0.991056757672693,,,
d,D1_seed20700712,TRAIN,420,0.9583365682283439,,,
d,D1_seed20700712,TRAIN,421,1.014343117068312,,,
d,D1_seed20700712,TRAIN,422,0.9982896510747087,,,
d,D1_seed20700712,TRAIN,423,1.002983523839404,,,
d,D1_seed20700712,TRAIN,424,0.9440647401306544,,,
d,D1_seed20700712,TRAIN,425,0.9982315135029932,,,
d,D1_seed20700712,TRAIN,426,0.9440257690093057,,,
d,D1_seed20700712,TRAIN,427,1.0105011492546463,,,
d,D1_seed20700712,TRAIN,428,0.9908875004503711,,,
d,D1_seed20700712,TRAIN,429,1.002863405947239,,,
d,D1_seed20700712,TRAIN,430,1.014167805915791,,,
d,D1_seed20700712,TRAIN,431,0.958124919348904,,,
d,D1_seed20700712,TRAIN,432,0.9744898602777458,,,
d,D1_seed20700712,TRAIN,433,1.0027833779755355,,,
d,D1_seed20700712,TRAIN,434,0.9744511390649131,,,
d,D1_seed20700712,TRAIN,435,0.9907561455932986,,,
d,D1_seed20700712,TRAIN,436,0.9438315784582626,,,
d,D1_seed20700712,TRAIN,437,1.014031861183014,,,
d,D1_seed20700712,TRAIN,438,0.9579908056081404,,,
d,D1_seed20700712,TRAIN,439,0.9979618731288247,,,
d,D1_seed20700712,TRAIN,440,1.0102544949308672,,,
d,D1_seed20700712,TRAIN,441,0.9906443666690672,,,
d,D1_seed20700712,TRAIN,442,0.9437159530213883,,,
d,D1_seed20700712,TRAIN,443,0.957895758430778,,,
d,D1_seed20700712,TRAIN,444,0.997866662639641,,,
d,D1_seed20700712,TRAIN,445,0.9742400890237629,,,
d,D1_seed20700712,TRAIN,446,1.0025260579150281,,,
d,D1_seed20700712,TRAIN,447,1.0138398865402771,,,
d,D1_seed20700712,TRAIN,448,1.0101044407843494,,,
d,D1_seed20700712,TRAIN,449,0.9741636628811831,,,
d,D1_seed20700712,TRAIN,450,0.9435627770964692,,,
d,D1_seed20700712,TRAIN,451,1.0100481297511767,,,
d,D1_seed20700712,TRAIN,452,0.9977146969572128,,,
d,D1_seed20700712,TRAIN,453,1.0023881972844795,,,
d,D1_seed20700712,TRAIN,454,1.0137057109435665,,,
d,D1_seed20700712,TRAIN,455,0.9576686339105457,,,
d,D1_seed20700712,TRAIN,456,0.9903670395235176,,,
d,D1_seed20700712,TRAIN,457,1.0023093415859228,,,
d,D1_seed20700712,TRAIN,458,1.0099169960004053,,,
d,D1_seed20700712,TRAIN,459,0.9903116706081648,,,
d,D1_seed20700712,TRAIN,460,0.9575742218962129,,,
d,D1_seed20700712,TRAIN,461,0.9433525526971271,,,
d,D1_seed20700712,TRAIN,462,1.013552958263656,,,
d,D1_seed20700712,TRAIN,463,0.9975062886965235,,,
d,D1_seed20700712,TRAIN,464,0.9738784079392199,,,
d,D1_seed20700712,TRAIN,465,1.0097869212213022,,,
d,D1_seed20700712,TRAIN,466,1.0134771638585103,,,
d,D1_seed20700712,TRAIN,467,0.9574431594066631,,,
d,D1_seed20700712,TRAIN,468,0.9738029496142034,,,
d,D1_seed20700712,TRAIN,469,0.9901288154190674,,,
d,D1_seed20700712,TRAIN,470,1.0020558320519675,,,
d,D1_seed20700712,TRAIN,471,0.9431635086765197,,,
d,D1_seed20700712,TRAIN,472,0.99733763364656,,,
d,D1_seed20700712,TRAIN,473,0.9573314653009686,,,
d,D1_seed20700712,TRAIN,474,1.0019784747829328,,,
d,D1_seed20700712,TRAIN,475,0.9972817005585716,,,
d,D1_seed20700712,TRAIN,476,0.9736530610986197,,,
d,D1_seed20700712,TRAIN,477,1.0132700116856217,,,
d,D1_seed20700712,TRAIN,478,1.0095473885878015,,,
d,D1_seed20700712,TRAIN,479,0.9899473769921189,,,
d,D1_seed20700712,TRAIN,480,0.9429945435803696,,,
d,D1_seed20700712,TRAIN,481,1.0094924327036459,,,
d,D1_seed20700712,TRAIN,482,1.001824011771186,,,
d,D1_seed20700712,TRAIN,483,0.9735224526678495,,,
d,D1_seed20700712,TRAIN,484,0.9898571964702214,,,
d,D1_seed20700712,TRAIN,485,0.9429012316108947,,,
d,D1_seed20700712,TRAIN,486,1.0131017564549916,,,
d,D1_seed20700712,TRAIN,487,0.9570727177595669,,,
d,D1_seed20700712,TRAIN,488,0.9970405976929714,,,
d,D1_seed20700712,TRAIN,489,0.9428270828314732,,,
d,D1_seed20700712,TRAIN,490,0.9733930400002758,,,
d,D1_seed20700712,TRAIN,491,1.0016522056617805,,,
d,D1_seed20700712,TRAIN,492,0.9897142655000529,,,
d,D1_seed20700712,TRAIN,493,0.9569632241733987,,,
d,D1_seed20700712,TRAIN,494,0.9969307629736174,,,
d,D1_seed20700712,TRAIN,495,1.0129355898190828,,,
d,D1_seed20700712,TRAIN,496,1.0092207194219096,,,
d,D1_seed20700712,TRAIN,497,0.9896254481280373,,,
d,D1_seed20700712,TRAIN,498,1.0128803480605977,,,
d,D1_seed20700712,TRAIN,499,0.9732279789917875,,,
d,D1_seed20700712,TRAIN,500,1.0014816376025273,,,
d,D1_seed20700712,TRAIN,501,0.9968028275202664,,,
d,D1_seed20700712,TRAIN,502,0.9567996036568076,,,
d,D1_seed20700712,TRAIN,503,0.9425693638243882,,,
d,D1_seed20700712,TRAIN,504,1.0090769116205949,,,
d,D1_seed20700712,TRAIN,505,0.9731183100012349,,,
d,D1_seed20700712,TRAIN,506,1.0090412098768478,,,
d,D1_seed20700712,TRAIN,507,1.0013496215659239,,,
d,D1_seed20700712,TRAIN,508,1.0126969674371482,,,
d,D1_seed20700712,TRAIN,509,0.9966574585959146,,,
d,D1_seed20700712,TRAIN,510,0.9893954190576625,,,
d,D1_seed20700712,TRAIN,511,0.956637016092842,,,
d,D1_seed20700712,TRAIN,512,0.9424049925793033,,,
d,D1_seed20700712,TRAIN,513,0.942386908175378,,,
d,D1_seed20700712,TRAIN,514,0.9729550130549061,,,
d,D1_seed20700712,TRAIN,515,1.0125697751916685,,,
d,D1_seed20700712,TRAIN,516,0.9565478053337075,,,
d,D1_seed20700712,TRAIN,517,1.0088459031127068,,,
d,D1_seed20700712,TRAIN,518,1.0011443731427143,,,
d,D1_seed20700712,TRAIN,519,0.9964779900882674,,,
d,D1_seed20700712,TRAIN,520,0.9892211874647532,,,
d,D1_seed20700712,TRAIN,521,1.00108866814451,,,
d,D1_seed20700712,TRAIN,522,1.008757794211486,,,
d,D1_seed20700712,TRAIN,523,0.9964063111232643,,,
d,D1_seed20700712,TRAIN,524,0.9564053803367808,,,
d,D1_seed20700712,TRAIN,525,1.0123895688786158,,,
d,D1_seed20700712,TRAIN,526,0.9727397950405834,,,
d,D1_seed20700712,TRAIN,527,0.942134823740885,,,
d,D1_seed20700712,TRAIN,528,0.9890823580658274,,,
d,D1_seed20700712,TRAIN,529,1.0086350239723643,,,
d,D1_seed20700712,TRAIN,530,0.9962817935483034,,,
d,D1_seed20700712,TRAIN,531,0.9562817704155987,,,
d,D1_seed20700712,TRAIN,532,0.9726333160142885,,,
d,D1_seed20700712,TRAIN,533,0.9889966656171162,,,
d,D1_seed20700712,TRAIN,534,0.9420104920574276,,,
d,D1_seed20700712,TRAIN,535,1.0122117295370094,,,
d,D1_seed20700712,TRAIN,536,1.0008131538873213,,,
d,D1_seed20700712,TRAIN,537,0.9419575621413071,,,
d,D1_seed20700712,TRAIN,538,1.0121587537399732,,,
d,D1_seed20700712,TRAIN,539,0.99612391315424,,,
d,D1_seed20700712,TRAIN,540,0.9561247203578095,,,
d,D1_seed20700712,TRAIN,541,1.0084276355951955,,,
d,D1_seed20700712,TRAIN,542,0.9888435406473657,,,
d,D1_seed20700712,TRAIN,543,0.9724401810861705,,,
d,D1_seed20700712,TRAIN,544,1.0006680079504928,,,
d,D1_seed20700712,TRAIN,545,1.008359012917421,,,
d,D1_seed20700712,TRAIN,546,0.9417992050603128,,,
d,D1_seed20700712,TRAIN,547,0.9560033508902499,,,
d,D1_seed20700712,TRAIN,548,0.9887421639992031,,,
d,D1_seed20700712,TRAIN,549,0.9959499080107665,,,
d,D1_seed20700712,TRAIN,550,0.9723183960239666,,,
d,D1_seed20700712,TRAIN,551,1.000542296452992,,,
d,D1_seed20700712,TRAIN,552,1.0119136315825308,,,
d,D1_seed20700712,TRAIN,553,1.0082227421016772,,,
d,D1_seed20700712,TRAIN,554,1.0004883630189858,,,
d,D1_seed20700712,TRAIN,555,0.9722316130962598,,,
d,D1_seed20700712,TRAIN,556,0.9558484731195945,,,
d,D1_seed20700712,TRAIN,557,0.9885909533685973,,,
d,D1_seed20700712,TRAIN,558,0.9415902391091371,,,
d,D1_seed20700712,TRAIN,559,1.0117918372330308,,,
d,D1_seed20700712,TRAIN,560,0.995760081746515,,,
d,D1_seed20700712,TRAIN,561,1.0117573035776768,,,
d,D1_seed20700712,TRAIN,562,0.9557460121648294,,,
d,D1_seed20700712,TRAIN,563,1.0003276960296466,,,
d,D1_seed20700712,TRAIN,564,0.9720766607673079,,,
d,D1_seed20700712,TRAIN,565,0.9956743366424218,,,
d,D1_seed20700712,TRAIN,566,0.9884411298009992,,,
d,D1_seed20700712,TRAIN,567,0.9414350834770877,,,
d,D1_seed20700712,TRAIN,568,1.007969441700905,,,
d,D1_seed20700712,TRAIN,569,0.9719913257108364,,,
d,D1_seed20700712,TRAIN,570,0.9413838919297702,,,
d,D1_seed20700712,TRAIN,571,1.0079195376733816,,,
d,D1_seed20700712,TRAIN,572,0.9555768925057866,,,
d,D1_seed20700712,TRAIN,573,0.9955389560251451,,,
d,D1_seed20700712,TRAIN,574,0.9883099027610814,,,
d,D1_seed20700712,TRAIN,575,1.0001168674968954,,,
d,D1_seed20700712,TRAIN,576,1.0115012031695696,,,
d,D1_seed20700712,TRAIN,577,1.011484232106609,,,
d,D1_seed20700712,TRAIN,578,0.9954549073639298,,,
d,D1_seed20700712,TRAIN,579,0.971822597940663,,,
d,D1_seed20700712,TRAIN,580,0.9882118346187557,,,
d,D1_seed20700712,TRAIN,581,0.9411976101280836,,,
d,D1_seed20700712,TRAIN,582,0.9554098678849245,,,
d,D1_seed20700712,TRAIN,583,0.9999774585344477,,,
d,D1_seed20700712,TRAIN,584,1.0077050627111654,,,
d,D1_seed20700712,TRAIN,585,0.9953378073574418,,,
d,D1_seed20700712,TRAIN,586,1.0076722961736124,,,
d,D1_seed20700712,TRAIN,587,0.9880985162218898,,,
d,D1_seed20700712,TRAIN,588,0.9998910241648997,,,
d,D1_seed20700712,TRAIN,589,1.0112823049638666,,,
d,D1_seed20700712,TRAIN,590,0.9410467333669669,,,
d,D1_seed20700712,TRAIN,591,0.9716222230471088,,,
d,D1_seed20700712,TRAIN,592,0.9552445122160994,,,
d,D1_seed20700712,TRAIN,593,0.9552281334114174,,,
d,D1_seed20700712,TRAIN,594,0.9409802646394626,,,
d,D1_seed20700712,TRAIN,595,0.9997709741283294,,,
d,D1_seed20700712,TRAIN,596,1.0111661236623317,,,
d,D1_seed20700712,TRAIN,597,0.9951394127756583,,,
d,D1_seed20700712,TRAIN,598,0.9879222646220969,,,
d,D1_seed20700712,TRAIN,599,1.0074614151124632,,,
d,D1_seed20700712,TRAIN,600,0.9714742000199934,,,
d,D1_seed20700712,TRAIN,601,0.9950739205462332,,,
d,D1_seed20700712,TRAIN,602,0.9714414974027322,,,
d,D1_seed20700712,TRAIN,603,1.011050822640893,,,
d,D1_seed20700712,TRAIN,604,1.0073812028385956,,,
d,D1_seed20700712,TRAIN,605,0.9407991300891932,,,
d,D1_seed20700712,TRAIN,606,0.9877955857166975,,,
d,D1_seed20700712,TRAIN,607,0.9550007716782325,,,
d,D1_seed20700712,TRAIN,608,0.9995509848610371,,,
d,D1_seed20700712,TRAIN,609,0.9549686970986625,,,
d,D1_seed20700712,TRAIN,610,0.9995175257057363,,,
d,D1_seed20700712,TRAIN,611,0.9407015585826413,,,
d,D1_seed20700712,TRAIN,612,0.9948958743744445,,,
d,D1_seed20700712,TRAIN,613,0.9712632333265724,,,
d,D1_seed20700712,TRAIN,614,1.0072226017321517,,,
d,D1_seed20700712,TRAIN,615,1.0108558655025393,,,
d,D1_seed20700712,TRAIN,616,0.9876393770866888,,,
d,D1_seed20700712,TRAIN,617,0.940604595004181,,,
d,D1_seed20700712,TRAIN,618,0.9947997897941159,,,
d,D1_seed20700712,TRAIN,619,0.9993677527047682,,,
d,D1_seed20700712,TRAIN,620,0.9711510913400321,,,
d,D1_seed20700712,TRAIN,621,0.954777521295874,,,
d,D1_seed20700712,TRAIN,622,0.987546547091032,,,
d,D1_seed20700712,TRAIN,623,1.0070815627039722,,,
d,D1_seed20700712,TRAIN,624,1.0107116061423569,,,
d,D1_seed20700712,TRAIN,625,0.9992688513760271,,,
d,D1_seed20700712,TRAIN,626,0.9404605821298421,,,
d,D1_seed20700712,TRAIN,627,0.9874697015453852,,,
d,D1_seed20700712,TRAIN,628,1.0106478756625616,,,
d,D1_seed20700712,TRAIN,629,0.994625368049294,,,
d,D1_seed20700712,TRAIN,630,0.9546360062029358,,,
d,D1_seed20700712,TRAIN,631,1.006957425927956,,,
d,D1_seed20700712,TRAIN,632,0.9709611391014359,,,
d,D1_seed20700712,TRAIN,633,0.9545892528875295,,,
d,D1_seed20700712,TRAIN,634,0.9873630230499643,,,
d,D1_seed20700712,TRAIN,635,0.9403183252777673,,,
d,D1_seed20700712,TRAIN,636,0.994516085052728,,,
d,D1_seed20700712,TRAIN,637,0.9708833104597254,,,
d,D1_seed20700712,TRAIN,638,1.0104908376501904,,,
d,D1_seed20700712,TRAIN,639,1.006835284779739,,,
d,D1_seed20700712,TRAIN,640,0.9990255127172433,,,
d,D1_seed20700712,TRAIN,641,1.010444055635238,,,
d,D1_seed20700712,TRAIN,642,0.9708056737436711,,,
d,D1_seed20700712,TRAIN,643,1.0067742776452027,,,
d,D1_seed20700712,TRAIN,644,0.9943922275253113,,,
d,D1_seed20700712,TRAIN,645,0.9989449830993973,,,
d,D1_seed20700712,TRAIN,646,0.940146649755287,,,
d,D1_seed20700712,TRAIN,647,0.954373514302364,,,
d,D1_seed20700712,TRAIN,648,0.987152672169858,,,
d,D1_seed20700712,TRAIN,649,1.0103195710396382,,,
d,D1_seed20700712,TRAIN,650,1.0066682620623957,,,
d,D1_seed20700712,TRAIN,651,0.97066669559585,,,
d,D1_seed20700712,TRAIN,652,0.9942692452105844,,,
d,D1_seed20700712,TRAIN,653,0.9870784668379801,,,
d,D1_seed20700712,TRAIN,654,0.9988016949415445,,,
d,D1_seed20700712,TRAIN,655,0.9542519454367239,,,
d,D1_seed20700712,TRAIN,656,0.9399926565413803,,,
d,D1_seed20700712,TRAIN,657,0.9987543853968823,,,
d,D1_seed20700712,TRAIN,658,0.9941780899664223,,,
d,D1_seed20700712,TRAIN,659,0.9399469249366835,,,
d,D1_seed20700712,TRAIN,660,1.0101511933714824,,,
d,D1_seed20700712,TRAIN,661,1.006504243368383,,,
d,D1_seed20700712,TRAIN,662,0.954146765015721,,,
d,D1_seed20700712,TRAIN,663,0.9869316601887634,,,
d,D1_seed20700712,TRAIN,664,0.9704697011103838,,,
d,D1_seed20700712,TRAIN,665,0.9986292240632002,,,
d,D1_seed20700712,TRAIN,666,1.0100606034316946,,,
d,D1_seed20700712,TRAIN,667,0.9540723786599267,,,
d,D1_seed20700712,TRAIN,668,0.9940279247916733,,,
d,D1_seed20700712,TRAIN,669,0.9703949050336452,,,
d,D1_seed20700712,TRAIN,670,0.9397809607867444,,,
d,D1_seed20700712,TRAIN,671,0.9868159034934502,,,
d,D1_seed20700712,TRAIN,672,1.0063431001412013,,,
d,D1_seed20700712,TRAIN,673,0.986787315063519,,,
d,D1_seed20700712,TRAIN,674,1.0099412276260504,,,
d,D1_seed20700712,TRAIN,675,0.9539547221964985,,,
d,D1_seed20700712,TRAIN,676,0.9939099318352554,,,
d,D1_seed20700712,TRAIN,677,0.9984447815054102,,,
d,D1_seed20700712,TRAIN,678,0.9396624315497712,,,
d,D1_seed20700712,TRAIN,679,1.0062422028164766,,,
d,D1_seed20700712,TRAIN,680,0.9702329074455505,,,
d,D1_seed20700712,TRAIN,681,0.9538674122001033,,,
d,D1_seed20700712,TRAIN,682,0.9396036408355248,,,
d,D1_seed20700712,TRAIN,683,1.0098089154877026,,,
d,D1_seed20700712,TRAIN,684,0.9983388960547875,,,
d,D1_seed20700712,TRAIN,685,0.9866173378745091,,,
d,D1_seed20700712,TRAIN,686,0.970145687901783,,,
d,D1_seed20700712,TRAIN,687,0.9937499277709861,,,
d,D1_seed20700712,TRAIN,688,1.006113978804782,,,
d,D1_seed20700712,TRAIN,689,0.9865612565845504,,,
d,D1_seed20700712,TRAIN,690,1.0060856935593103,,,
d,D1_seed20700712,TRAIN,691,0.9394726032181551,,,
d,D1_seed20700712,TRAIN,692,0.9982190829494605,,,
d,D1_seed20700712,TRAIN,693,0.9936637390764882,,,
d,D1_seed20700712,TRAIN,694,1.0096493680134653,,,
d,D1_seed20700712,TRAIN,695,0.9536666644802022,,,
d,D1_seed20700712,TRAIN,696,0.9700017777539441,,,
d,D1_seed20700712,TRAIN,697,0.9536382922423836,,,
d,D1_seed20700712,TRAIN,698,0.9981299419607783,,,
d,D1_seed20700712,TRAIN,699,0.9864224852114251,,,
d,D1_seed20700712,TRAIN,700,1.0059454604513751,,,
d,D1_seed20700712,TRAIN,701,0.9699306709659681,,,
d,D1_seed20700712,TRAIN,702,1.0095348686855163,,,
d,D1_seed20700712,TRAIN,703,0.9935215055171018,,,
d,D1_seed20700712,TRAIN,704,0.9392861093638045,,,
d,D1_seed20700712,TRAIN,705,0.9535257041889973,,,
d,D1_seed20700712,TRAIN,706,0.9980125132678054,,,
d,D1_seed20700712,TRAIN,707,0.9863130021407842,,,
d,D1_seed20700712,TRAIN,708,1.0094499555036247,,,
d,D1_seed20700712,TRAIN,709,1.0058210951076163,,,
d,D1_seed20700712,TRAIN,710,0.9934232708072608,,,
d,D1_seed20700712,TRAIN,711,0.9391872556265795,,,
d,D1_seed20700712,TRAIN,712,0.9697760518573288,,,
d,D1_seed20700712,TRAIN,713,1.0093797366456732,,,
d,D1_seed20700712,TRAIN,714,0.9534007273933061,,,
d,D1_seed20700712,TRAIN,715,0.939131310448463,,,
d,D1_seed20700712,TRAIN,716,0.9933400733139263,,,
d,D1_seed20700712,TRAIN,717,0.997853461042481,,,
d,D1_seed20700712,TRAIN,718,1.0056986098121647,,,
d,D1_seed20700712,TRAIN,719,0.9696792159875085,,,
d,D1_seed20700712,TRAIN,720,0.9861380670170412,,,
d,D1_seed20700712,TRAIN,721,0.9932712941057549,,,
d,D1_seed20700712,TRAIN,722,0.9861115150417055,,,
d,D1_seed20700712,TRAIN,723,0.9696243946317582,,,
d,D1_seed20700712,TRAIN,724,0.9390068694318356,,,
d,D1_seed20700712,TRAIN,725,0.9532507841316056,,,
d,D1_seed20700712,TRAIN,726,1.0055914990427062,,,
d,D1_seed20700712,TRAIN,727,0.9977117354217485,,,
d,D1_seed20700712,TRAIN,728,1.009173324236563,,,
d,D1_seed20700712,TRAIN,729,0.9860196071722459,,,
d,D1_seed20700712,TRAIN,730,1.005538452717509,,,
d,D1_seed20700712,TRAIN,731,0.9976555812992074,,,
d,D1_seed20700712,TRAIN,732,0.9531567936861288,,,
d,D1_seed20700712,TRAIN,733,1.0091054068884162,,,
d,D1_seed20700712,TRAIN,734,0.9388708006608628,,,
d,D1_seed20700712,TRAIN,735,0.9930821433689284,,,
d,D1_seed20700712,TRAIN,736,0.9694487943178139,,,
d,D1_seed20700712,TRAIN,737,0.9694354282735813,,,
d,D1_seed20700712,TRAIN,738,0.997557982175396,,,
d,D1_seed20700712,TRAIN,739,0.938803449936154,,,
d,D1_seed20700712,TRAIN,740,0.9930154763069597,,,
d,D1_seed20700712,TRAIN,741,0.9858636715465833,,,
d,D1_seed20700712,TRAIN,742,1.0089846153804662,,,
d,D1_seed20700712,TRAIN,743,1.0053679821850003,,,
d,D1_seed20700712,TRAIN,744,0.9529977538125779,,,
d,D1_seed20700712,TRAIN,745,0.9693292544147922,,,
d,D1_seed20700712,TRAIN,746,1.0089315741878129,,,
d,D1_seed20700712,TRAIN,747,0.9857869881229097,,,
d,D1_seed20700712,TRAIN,748,0.952945562004932,,,
d,D1_seed20700712,TRAIN,749,0.9974071753320068,,,
d,D1_seed20700712,TRAIN,750,0.992884035855486,,,
d,D1_seed20700712,TRAIN,751,0.9386443033890168,,,
d,D1_seed20700712,TRAIN,752,1.0052523699898621,,,
d,D1_seed20700712,TRAIN,753,0.9386181336561535,,,
d,D1_seed20700712,TRAIN,754,1.0088267362344103,,,
d,D1_seed20700712,TRAIN,755,0.9856861412368719,,,
d,D1_seed20700712,TRAIN,756,0.9928063555401865,,,
d,D1_seed20700712,TRAIN,757,0.9972994068065325,,,
d,D1_seed20700712,TRAIN,758,0.9691601385992772,,,
d,D1_seed20700712,TRAIN,759,0.9528039337154111,,,
d,D1_seed20700712,TRAIN,760,1.0051512053165077,,,
d,D1_seed20700712,TRAIN,761,0.9527784819443369,,,
d,D1_seed20700712,TRAIN,762,1.0051261657908288,,,
d,D1_seed20700712,TRAIN,763,1.0087105436695674,,,
d,D1_seed20700712,TRAIN,764,0.9384758172696133,,,
d,D1_seed20700712,TRAIN,765,0.997193164317399,,,
d,D1_seed20700712,TRAIN,766,0.9855497229493928,,,
d,D1_seed20700712,TRAIN,767,0.9926659725094684,,,
d,D1_seed20700712,TRAIN,768,0.9690326138165025,,,
d,D1_seed20700712,TRAIN,769,0.9971405056215651,,,
d,D1_seed20700712,TRAIN,770,1.0050266677320314,,,
d,D1_seed20700712,TRAIN,771,0.9526524151517349,,,
d,D1_seed20700712,TRAIN,772,0.9383738062554065,,,
d,D1_seed20700712,TRAIN,773,0.9925903839599971,,,
d,D1_seed20700712,TRAIN,774,1.0085708360067125,,,
d,D1_seed20700712,TRAIN,775,0.9854399065257112,,,
d,D1_seed20700712,TRAIN,776,0.9689321136758217,,,
d,D1_seed20700712,TRAIN,777,0.9925405417406389,,,
d,D1_seed20700712,TRAIN,778,0.9970233868195706,,,
d,D1_seed20700712,TRAIN,779,0.9525532353927165,,,
d,D1_seed20700712,TRAIN,780,0.9382733980415329,,,
d,D1_seed20700712,TRAIN,781,1.0048922498542416,,,
d,D1_seed20700712,TRAIN,782,1.0084710201914497,,,
d,D1_seed20700712,TRAIN,783,0.9853439076762854,,,
d,D1_seed20700712,TRAIN,784,0.9688332026115936,,,
d,D1_seed20700712,TRAIN,785,0.9382114578516804,,,
d,D1_seed20700712,TRAIN,786,1.0048321571064893,,,
d,D1_seed20700712,TRAIN,787,0.996908440940271,,,
d,D1_seed20700712,TRAIN,788,0.9852847718345622,,,
d,D1_seed20700712,TRAIN,789,0.9923933269055968,,,
d,D1_seed20700712,TRAIN,790,1.0083728596032806,,,
d,D1_seed20700712,TRAIN,791,0.9687479164339178,,,
d,D1_seed20700712,TRAIN,792,0.9523952871026355,,,
d,D1_seed20700712,TRAIN,793,0.9523833074868759,,,
d,D1_seed20700712,TRAIN,794,0.9923329342623121,,,
d,D1_seed20700712,TRAIN,795,0.9380893312232422,,,
d,D1_seed20700712,TRAIN,796,1.0047136508533907,,,
d,D1_seed20700712,TRAIN,797,0.985179708185236,,,
d,D1_seed20700712,TRAIN,798,1.0082763403506672,,,
d,D1_seed20700712,TRAIN,799,0.9967584029697855,,,
d,D1_seed20700712,TRAIN,800,0.9686401220002046,,,
d,D1_seed20700712,TRAIN,801,1.0082404119401713,,,
d,D1_seed20700712,TRAIN,802,0.9522766080982321,,,
d,D1_seed20700712,TRAIN,803,0.9967089110251257,,,
d,D1_seed20700712,TRAIN,804,0.9685925351961158,,,
d,D1_seed20700712,TRAIN,805,1.0046087404792035,,,
d,D1_seed20700712,TRAIN,806,0.9921903579813177,,,
d,D1_seed20700712,TRAIN,807,0.9850646559068333,,,
d,D1_seed20700712,TRAIN,808,0.9379337179296051,,,
d,D1_seed20700712,TRAIN,809,0.9921551516257056,,,
d,D1_seed20700712,TRAIN,810,1.0081335955687474,,,
d,D1_seed20700712,TRAIN,811,0.9685102130108283,,,
d,D1_seed20700712,TRAIN,812,0.9965988738988234,,,
d,D1_seed20700712,TRAIN,813,0.9378748468284765,,,
d,D1_seed20700712,TRAIN,814,1.0045054632759705,,,
d,D1_seed20700712,TRAIN,815,0.984974191666578,,,
d,D1_seed20700712,TRAIN,816,0.9521134928829268,,,
d,D1_seed20700712,TRAIN,817,1.008051869144171,,,
d,D1_seed20700712,TRAIN,818,0.9684290751231519,,,
d,D1_seed20700712,TRAIN,819,1.0044490046520302,,,
d,D1_seed20700712,TRAIN,820,0.9377934829583451,,,
d,D1_seed20700712,TRAIN,821,0.9520565201454341,,,
d,D1_seed20700712,TRAIN,822,0.9920052604500773,,,
d,D1_seed20700712,TRAIN,823,0.9848855485077521,,,
d,D1_seed20700712,TRAIN,824,0.9964558332396272,,,
d,D1_seed20700712,TRAIN,825,0.9377363073389511,,,
d,D1_seed20700712,TRAIN,826,0.9919601197452262,,,
d,D1_seed20700712,TRAIN,827,0.9683268342389866,,,
d,D1_seed20700712,TRAIN,828,0.9964089341281342,,,
d,D1_seed20700712,TRAIN,829,1.007915051645567,,,
d,D1_seed20700712,TRAIN,830,0.95195551516527,,,
d,D1_seed20700712,TRAIN,831,1.0043160465070822,,,
d,D1_seed20700712,TRAIN,832,0.9847873512287546,,,
d,D1_seed20700712,TRAIN,833,0.9847765516442388,,,
d,D1_seed20700712,TRAIN,834,1.0078587944219748,,,
d,D1_seed20700712,TRAIN,835,0.9963274361121414,,,
d,D1_seed20700712,TRAIN,836,0.968226063779404,,,
d,D1_seed20700712,TRAIN,837,0.991837096415819,,,
d,D1_seed20700712,TRAIN,838,0.9518669203467739,,,
d,D1_seed20700712,TRAIN,839,1.0042289005910292,,,
d,D1_seed20700712,TRAIN,840,0.9375673679814139,,,
d,D1_seed20700712,TRAIN,841,1.004207373586399,,,
d,D1_seed20700712,TRAIN,842,0.93754528033082,,,
d,D1_seed20700712,TRAIN,843,0.9846696115443195,,,
d,D1_seed20700712,TRAIN,844,0.9518016428629623,,,
d,D1_seed20700712,TRAIN,845,1.0077372582575814,,,
d,D1_seed20700712,TRAIN,846,0.9962020904505771,,,
d,D1_seed20700712,TRAIN,847,0.9917280959818732,,,
d,D1_seed20700712,TRAIN,848,0.9680948050785207,,,
d,D1_seed20700712,TRAIN,849,1.0076937356243296,,,
d,D1_seed20700712,TRAIN,850,0.9517371220504088,,,
d,D1_seed20700712,TRAIN,851,0.9845858391847526,,,
d,D1_seed20700712,TRAIN,852,1.0040907422138485,,,
d,D1_seed20700712,TRAIN,853,0.9961236298700656,,,
d,D1_seed20700712,TRAIN,854,0.9680302700500266,,,
d,D1_seed20700712,TRAIN,855,0.9916421856550701,,,
d,D1_seed20700712,TRAIN,856,0.9373930894342575,,,
d,D1_seed20700712,TRAIN,857,0.9679982751940016,,,
d,D1_seed20700712,TRAIN,858,0.996068222568507,,,
d,D1_seed20700712,TRAIN,859,0.9915997518797834,,,
d,D1_seed20700712,TRAIN,860,0.937350302944115,,,
d,D1_seed20700712,TRAIN,861,1.0039969788440342,,,
d,D1_seed20700712,TRAIN,862,1.0075544925729436,,,
d,D1_seed20700712,TRAIN,863,0.9515997216168082,,,
d,D1_seed20700712,TRAIN,864,0.9844522259205987,,,
d,D1_seed20700712,TRAIN,865,1.0075229135738595,,,
d,D1_seed20700712,TRAIN,866,0.9372868333157884,,,
d,D1_seed20700712,TRAIN,867,1.0039355167723976,,,
d,D1_seed20700712,TRAIN,868,0.9915056316160261,,,
d,D1_seed20700712,TRAIN,869,0.9678724159576304,,,
d,D1_seed20700712,TRAIN,870,0.9843919379696091,,,
d,D1_seed20700712,TRAIN,871,0.9959270166970243,,,
d,D1_seed20700712,TRAIN,872,0.9515069741487026,,,
d,D1_seed20700712,TRAIN,873,0.995905637545968,,,
d,D1_seed20700712,TRAIN,874,0.9678209658960341,,,
d,D1_seed20700712,TRAIN,875,1.0074192099861081,,,
d,D1_seed20700712,TRAIN,876,0.9514661928512514,,,
d,D1_seed20700712,TRAIN,877,0.9371726142244539,,,
d,D1_seed20700712,TRAIN,878,0.9914031734362189,,,
d,D1_seed20700712,TRAIN,879,0.9843027873674709,,,
d,D1_seed20700712,TRAIN,880,1.0038050981417337,,,
d,D1_seed20700712,TRAIN,881,0.9958209860884192,,,
d,D1_seed20700712,TRAIN,882,0.9677397408966208,,,
d,D1_seed20700712,TRAIN,883,0.9842637634992899,,,
d,D1_seed20700712,TRAIN,884,1.0073277342749047,,,
d,D1_seed20700712,TRAIN,885,0.9913328034850996,,,
d,D1_seed20700712,TRAIN,886,0.9370812011332385,,,
d,D1_seed20700712,TRAIN,887,0.9513561211285934,,,
d,D1_seed20700712,TRAIN,888,1.0037266584239466,,,
d,D1_seed20700712,TRAIN,889,1.007277726107747,,,
d,D1_seed20700712,TRAIN,890,0.9676599805183903,,,
d,D1_seed20700712,TRAIN,891,0.9912734015056706,,,
d,D1_seed20700712,TRAIN,892,0.9957070651908196,,,
d,D1_seed20700712,TRAIN,893,0.984167652988051,,,
d,D1_seed20700712,TRAIN,894,1.0036686874395087,,,
d,D1_seed20700712,TRAIN,895,0.9512776921874466,,,
d,D1_seed20700712,TRAIN,896,0.9369817152686721,,,
d,D1_seed20700712,TRAIN,897,0.9956561293766927,,,
d,D1_seed20700712,TRAIN,898,0.9675815395903287,,,
d,D1_seed20700712,TRAIN,899,0.9512390411273466,,,
d,D1_seed20700712,TRAIN,900,0.991185639362322,,,
d,D1_seed20700712,TRAIN,901,1.0036021345754889,,,
d,D1_seed20700712,TRAIN,902,1.0071502113988928,,,
d,D1_seed20700712,TRAIN,903,0.9840737042642145,,,
d,D1_seed20700712,TRAIN,904,0.9369037710115912,,,
d,D1_seed20700712,TRAIN,905,1.0035645743169002,,,
d,D1_seed20700712,TRAIN,906,1.0071117891513464,,,
d,D1_seed20700712,TRAIN,907,0.9674951093254983,,,
d,D1_seed20700712,TRAIN,908,0.9368653557484937,,,
d,D1_seed20700712,TRAIN,909,0.9511439857972149,,,
d,D1_seed20700712,TRAIN,910,0.9955268461878115,,,
d,D1_seed20700712,TRAIN,911,0.9840002391700066,,,
d,D1_seed20700712,TRAIN,912,0.991071772801954,,,
d,D1_seed20700712,TRAIN,913,0.9954975508545344,,,
d,D1_seed20700712,TRAIN,914,0.9510972840198366,,,
d,D1_seed20700712,TRAIN,915,0.9674197937660147,,,
d,D1_seed20700712,TRAIN,916,0.9839549179306604,,,
d,D1_seed20700712,TRAIN,917,0.9367802111828731,,,
d,D1_seed20700712,TRAIN,918,1.0034450025978296,,,
d,D1_seed20700712,TRAIN,919,0.9910067374993455,,,
d,D1_seed20700712,TRAIN,920,1.0069801939555285,,,
d,D1_seed20700712,TRAIN,921,0.9839102761076826,,,
d,D1_seed20700712,TRAIN,922,0.9909791965913777,,,
d,D1_seed20700712,TRAIN,923,0.9954013142134295,,,
d,D1_seed20700712,TRAIN,924,1.003391022471037,,,
d,D1_seed20700712,TRAIN,925,1.0069340574712375,,,
d,D1_seed20700712,TRAIN,926,0.9509873177643084,,,
d,D1_seed20700712,TRAIN,927,0.967309354482235,,,
d,D1_seed20700712,TRAIN,928,0.9366783886539932,,,
d,D1_seed20700712,TRAIN,929,0.9672912312501304,,,
d,D1_seed20700712,TRAIN,930,1.0033376103470835,,,
d,D1_seed20700712,TRAIN,931,1.006879423773969,,,
d,D1_seed20700712,TRAIN,932,0.9908884468670747,,,
d,D1_seed20700712,TRAIN,933,0.9366329626511603,,,
d,D1_seed20700712,TRAIN,934,0.9509156114552316,,,
d,D1_seed20700712,TRAIN,935,0.9837874837138758,,,
d,D1_seed20700712,TRAIN,936,0.9952792894161901,,,
d,D1_seed20700712,TRAIN,937,0.9508891715095561,,,
d,D1_seed20700712,TRAIN,938,1.0068168373476214,,,
d,D1_seed20700712,TRAIN,939,1.0032591392770047,,,
d,D1_seed20700712,TRAIN,940,0.9908176418203994,,,
d,D1_seed20700712,TRAIN,941,0.96718438098171,,,
d,D1_seed20700712,TRAIN,942,0.9365526340660705,,,
d,D1_seed20700712,TRAIN,943,0.9952151979899426,,,
d,D1_seed20700712,TRAIN,944,0.9837107995906068,,,
d,D1_seed20700712,TRAIN,945,0.9508193562132368,,,
d,D1_seed20700712,TRAIN,946,0.9951880305083877,,,
d,D1_seed20700712,TRAIN,947,1.0031907119610692,,,
d,D1_seed20700712,TRAIN,948,0.9836772019934487,,,
d,D1_seed20700712,TRAIN,949,1.0067203685040638,,,
d,D1_seed20700712,TRAIN,950,0.967106143818621,,,
d,D1_seed20700712,TRAIN,951,0.9907222100082537,,,
d,D1_seed20700712,TRAIN,952,0.9364651951179689,,,
d,D1_seed20700712,TRAIN,953,0.9670804256921166,,,
d,D1_seed20700712,TRAIN,954,0.9906966447586669,,,
d,D1_seed20700712,TRAIN,955,0.9951076113335604,,,
d,D1_seed20700712,TRAIN,956,0.9507254459173576,,,
d,D1_seed20700712,TRAIN,957,1.0066517409713909,,,
d,D1_seed20700712,TRAIN,958,1.0030986610000405,,,
d,D1_seed20700712,TRAIN,959,0.9364051986335734,,,
d,D1_seed20700712,TRAIN,960,0.9835782392822029,,,
d,D1_seed20700712,TRAIN,961,0.9835701534378514,,,
d,D1_seed20700712,TRAIN,962,0.9506752910820194,,,
d,D1_seed20700712,TRAIN,963,1.0030577545288213,,,
d,D1_seed20700712,TRAIN,964,0.9363631871335812,,,
d,D1_seed20700712,TRAIN,965,0.9906046186746131,,,
d,D1_seed20700712,TRAIN,966,0.9950120094490018,,,
d,D1_seed20700712,TRAIN,967,1.0065681837771998,,,
d,D1_seed20700712,TRAIN,968,0.9669549458998348,,,
d,D1_seed20700712,TRAIN,969,0.983506294353956,,,
d,D1_seed20700712,TRAIN,970,0.9905635893247692,,,
d,D1_seed20700712,TRAIN,971,0.9669303787281663,,,
d,D1_seed20700712,TRAIN,972,1.0029854370905746,,,
d,D1_seed20700712,TRAIN,973,0.9949523754719275,,,
d,D1_seed20700712,TRAIN,974,1.006510702801492,,,
d,D1_seed20700712,TRAIN,975,0.936272271891487,,,
d,D1_seed20700712,TRAIN,976,0.9505613003739067,,,
d,D1_seed20700712,TRAIN,977,1.0029457477993071,,,
d,D1_seed20700712,TRAIN,978,0.9668736335746584,,,
d,D1_seed20700712,TRAIN,979,0.994901973402299,,,
d,D1_seed20700712,TRAIN,980,0.9904828476333655,,,
d,D1_seed20700712,TRAIN,981,0.9834123357934026,,,
d,D1_seed20700712,TRAIN,982,0.9362155489433864,,,
d,D1_seed20700712,TRAIN,983,1.0064381526760544,,,
d,D1_seed20700712,TRAIN,984,0.9504977653038221,,,
d,D1_seed20700712,TRAIN,985,1.002883373822836,,,
d,D1_seed20700712,TRAIN,986,0.9904354030949853,,,
d,D1_seed20700712,TRAIN,987,0.9504743214900402,,,
d,D1_seed20700712,TRAIN,988,0.9833589470254978,,,
d,D1_seed20700712,TRAIN,989,0.9948198293379493,,,
d,D1_seed20700712,TRAIN,990,0.9361521619866573,,,
d,D1_seed20700712,TRAIN,991,1.0063752810637565,,,
d,D1_seed20700712,TRAIN,992,0.9667633274751042,,,
d,D1_seed20700712,TRAIN,993,0.9361287125017339,,,
d,D1_seed20700712,TRAIN,994,1.0028149219028244,,,
d,D1_seed20700712,TRAIN,995,0.9667402403919091,,,
d,D1_seed20700712,TRAIN,996,0.9832992018354195,,,
d,D1_seed20700712,TRAIN,997,0.9903506228506516,,,
d,D1_seed20700712,TRAIN,998,0.9503900426007229,,,
d,D1_seed20700712,TRAIN,999,1.0063138296226342,,,
d,D1_seed20700712,TRAIN,1000,0.9947322038652703,,,
d,D1_seed20700712,TRAIN,1001,0.9360672012631155,,,
d,D1_seed20700712,TRAIN,1002,0.9903128813115417,,,
d,D1_seed20700712,TRAIN,1003,1.0027480960884332,,,
d,D1_seed20700712,TRAIN,1004,0.9503450152907779,,,
d,D1_seed20700712,TRAIN,1005,1.0062684292917201,,,
d,D1_seed20700712,TRAIN,1006,0.9832262287159794,,,
d,D1_seed20700712,TRAIN,1007,0.9666496769176028,,,
d,D1_seed20700712,TRAIN,1008,0.9946698315892252,,,
d,D1_seed20700712,TRAIN,1009,1.002704324416894,,,
d,D1_seed20700712,TRAIN,1010,0.9359993083988505,,,
d,D1_seed20700712,TRAIN,1011,0.994646727039938,,,
d,D1_seed20700712,TRAIN,1012,0.9502859609935247,,,
d,D1_seed20700712,TRAIN,1013,0.9666052942700153,,,
d,D1_seed20700712,TRAIN,1014,0.9902239895745307,,,
d,D1_seed20700712,TRAIN,1015,1.006194229404859,,,
d,D1_seed20700712,TRAIN,1016,0.9831549150257068,,,
d,D1_seed20700712,TRAIN,1017,0.9831478874098276,,,
d,D1_seed20700712,TRAIN,1018,0.9502424600585437,,,
d,D1_seed20700712,TRAIN,1019,0.9901877814765951,,,
d,D1_seed20700712,TRAIN,1020,0.9945785729263367,,,
d,D1_seed20700712,TRAIN,1021,0.9665473167389691,,,
d,D1_seed20700712,TRAIN,1022,1.0061434840318657,,,
d,D1_seed20700712,TRAIN,1023,0.9359039622251139,,,
d,D1_seed20700712,TRAIN,1024,1.002597759611491,,,
d,D1_seed20700712,TRAIN,1025,0.9945413206496823,,,
d,D1_seed20700712,TRAIN,1026,0.9830855038423642,,,
d,D1_seed20700712,TRAIN,1027,0.9901307020357231,,,
d,D1_seed20700712,TRAIN,1028,0.9664974596036044,,,
d,D1_seed20700712,TRAIN,1029,0.9501644809152467,,,
d,D1_seed20700712,TRAIN,1030,0.9358539087385116,,,
d,D1_seed20700712,TRAIN,1031,1.006079504974014,,,
d,D1_seed20700712,TRAIN,1032,1.002542642939114,,,
d,D1_seed20700712,TRAIN,1033,0.9944828225891089,,,
d,D1_seed20700712,TRAIN,1034,0.9358257801576999,,,
d,D1_seed20700712,TRAIN,1035,0.9830245945937062,,,
d,D1_seed20700712,TRAIN,1036,0.9900680708754533,,,
d,D1_seed20700712,TRAIN,1037,1.0060377621595835,,,
d,D1_seed20700712,TRAIN,1038,0.9501024415227001,,,
d,D1_seed20700712,TRAIN,1039,0.9664211639269422,,,
d,D1_seed20700712,TRAIN,1040,1.0024887315380016,,,
d,D1_seed20700712,TRAIN,1041,0.9664075497440154,,,
d,D1_seed20700712,TRAIN,1042,0.9944185935991309,,,
d,D1_seed20700712,TRAIN,1043,0.9900204400639966,,,
d,D1_seed20700712,TRAIN,1044,0.9500618991170295,,,
d,D1_seed20700712,TRAIN,1045,0.935749948177481,,,
d,D1_seed20700712,TRAIN,1046,1.0024490596490183,,,
d,D1_seed20700712,TRAIN,1047,0.9829457567900584,,,
d,D1_seed20700712,TRAIN,1048,1.0059630764043144,,,
d,D1_seed20700712,TRAIN,1049,1.005956403180961,,,
d,D1_seed20700712,TRAIN,1050,0.9357162933343602,,,
d,D1_seed20700712,TRAIN,1051,0.9943559872997584,,,
d,D1_seed20700712,TRAIN,1052,1.0024100696245792,,,
d,D1_seed20700712,TRAIN,1053,0.9500023516880917,,,
d,D1_seed20700712,TRAIN,1054,0.9829009224452477,,,
d,D1_seed20700712,TRAIN,1055,0.9663141750821337,,,
d,D1_seed20700712,TRAIN,1056,0.9899344207915909,,,
d,D1_seed20700712,TRAIN,1057,0.989927942164942,,,
d,D1_seed20700712,TRAIN,1058,0.9499699503064631,,,
d,D1_seed20700712,TRAIN,1059,0.9356568062967557,,,
d,D1_seed20700712,TRAIN,1060,0.9662818145414706,,,
d,D1_seed20700712,TRAIN,1061,0.9942883257050008,,,
d,D1_seed20700712,TRAIN,1062,1.0058713300447215,,,
d,D1_seed20700712,TRAIN,1063,1.0023403620424627,,,
d,D1_seed20700712,TRAIN,1064,0.9828385569231187,,,
d,D1_seed20700712,TRAIN,1065,1.002327882730292,,,
d,D1_seed20700712,TRAIN,1066,0.9662434731696301,,,
d,D1_seed20700712,TRAIN,1067,0.9356052214011075,,,
d,D1_seed20700712,TRAIN,1068,1.005833064735204,,,
d,D1_seed20700712,TRAIN,1069,0.9898516209917474,,,
d,D1_seed20700712,TRAIN,1070,0.9498940265296673,,,
d,D1_seed20700712,TRAIN,1071,0.9942224954335042,,,
d,D1_seed20700712,TRAIN,1072,0.982789847439941,,,
d,D1_seed20700712,TRAIN,1073,0.9661995530094272,,,
d,D1_seed20700712,TRAIN,1074,1.0057954435019385,,,
d,D1_seed20700712,TRAIN,1075,0.9498630945152219,,,
d,D1_seed20700712,TRAIN,1076,0.9941902150747668,,,
d,D1_seed20700712,TRAIN,1077,1.0022545499625768,,,
d,D1_seed20700712,TRAIN,1078,0.9827539580688311,,,
d,D1_seed20700712,TRAIN,1079,0.9355298685936259,,,
d,D1_seed20700712,TRAIN,1080,0.9897837144969899,,,
d,D1_seed20700712,TRAIN,1081,0.9897776540688242,,,
d,D1_seed20700712,TRAIN,1082,0.9498205068799729,,,
d,D1_seed20700712,TRAIN,1083,0.9941457736338346,,,
d,D1_seed20700712,TRAIN,1084,1.0057340860177704,,,
d,D1_seed20700712,TRAIN,1085,1.0022070303025483,,,
d,D1_seed20700712,TRAIN,1086,0.9354870882167113,,,
d,D1_seed20700712,TRAIN,1087,0.9827012870071192,,,
d,D1_seed20700712,TRAIN,1088,0.9661082484274045,,,
d,D1_seed20700712,TRAIN,1089,0.9661023170577762,,,
d,D1_seed20700712,TRAIN,1090,0.9497728897396885,,,
d,D1_seed20700712,TRAIN,1091,0.9354571334675666,,,
d,D1_seed20700712,TRAIN,1092,0.9940900162191549,,,
d,D1_seed20700712,TRAIN,1093,0.9826671013666599,,,
d,D1_seed20700712,TRAIN,1094,0.9897004824392587,,,
d,D1_seed20700712,TRAIN,1095,1.0056687772545092,,,
d,D1_seed20700712,TRAIN,1096,1.002143623371449,,,
d,D1_seed20700712,TRAIN,1097,0.9896830711585112,,,
d,D1_seed20700712,TRAIN,1098,0.9497265065054171,,,
d,D1_seed20700712,TRAIN,1099,0.9940476685174088,,,
d,D1_seed20700712,TRAIN,1100,0.966038205093523,,,
d,D1_seed20700712,TRAIN,1101,1.0021153846466662,,,
d,D1_seed20700712,TRAIN,1102,0.9826167237582651,,,
d,D1_seed20700712,TRAIN,1103,1.0056224401840164,,,
d,D1_seed20700712,TRAIN,1104,0.9353811514792814,,,
d,D1_seed20700712,TRAIN,1105,0.949686653192861,,,
d,D1_seed20700712,TRAIN,1106,0.9353697323287622,,,
d,D1_seed20700712,TRAIN,1107,1.005599757772015,,,
d,D1_seed20700712,TRAIN,1108,0.9896205210070845,,,
d,D1_seed20700712,TRAIN,1109,1.0020711467521135,,,
d,D1_seed20700712,TRAIN,1110,0.9825731340441194,,,
d,D1_seed20700712,TRAIN,1111,0.9659760592790523,,,
d,D1_seed20700712,TRAIN,1112,0.9939713149656519,,,
d,D1_seed20700712,TRAIN,1113,1.002049425622386,,,
d,D1_seed20700712,TRAIN,1114,0.9895872921989638,,,
d,D1_seed20700712,TRAIN,1115,1.005555133361702,,,
d,D1_seed20700712,TRAIN,1116,0.9353135657623253,,,
d,D1_seed20700712,TRAIN,1117,0.9659429214671105,,,
d,D1_seed20700712,TRAIN,1118,0.94961490943842,,,
d,D1_seed20700712,TRAIN,1119,0.9939312921726746,,,
d,D1_seed20700712,TRAIN,1120,0.9825199516882932,,,
d,D1_seed20700712,TRAIN,1121,0.9352860603535088,,,
d,D1_seed20700712,TRAIN,1122,0.9825095273128548,,,
d,D1_seed20700712,TRAIN,1123,0.9895384594135151,,,
d,D1_seed20700712,TRAIN,1124,1.005506156892914,,,
d,D1_seed20700712,TRAIN,1125,0.9495774546823214,,,
d,D1_seed20700712,TRAIN,1126,0.9938922120023529,,,
d,D1_seed20700712,TRAIN,1127,1.001975309472156,,,
d,D1_seed20700712,TRAIN,1128,0.9658838437237874,,,
d,D1_seed20700712,TRAIN,1129,0.9824735129906554,,,
d,D1_seed20700712,TRAIN,1130,0.9352376790921041,,,
d,D1_seed20700712,TRAIN,1131,0.9658680728889196,,,
d,D1_seed20700712,TRAIN,1132,1.0054637449554664,,,
d,D1_seed20700712,TRAIN,1133,0.9938539279616938,,,
d,D1_seed20700712,TRAIN,1134,1.001939414781765,,,
d,D1_seed20700712,TRAIN,1135,0.9894754086164618,,,
d,D1_seed20700712,TRAIN,1136,0.9495200465165768,,,
d,D1_seed20700712,TRAIN,1137,0.9938323052236332,,,
d,D1_seed20700712,TRAIN,1138,0.9894599200404655,,,
d,D1_seed20700712,TRAIN,1139,0.9658265465928252,,,
d,D1_seed20700712,TRAIN,1140,0.9494995563858122,,,
d,D1_seed20700712,TRAIN,1141,1.0054170131443307,,,
d,D1_seed20700712,TRAIN,1142,0.9351749505691066,,,
d,D1_seed20700712,TRAIN,1143,1.0018941923589724,,,
d,D1_seed20700712,TRAIN,1144,0.9823986426756834,,,
d,D1_seed20700712,TRAIN,1145,0.9351596516790244,,,
d,D1_seed20700712,TRAIN,1146,0.9494694080578865,,,
d,D1_seed20700712,TRAIN,1147,0.989414473562475,,,
d,D1_seed20700712,TRAIN,1148,0.9937743511561502,,,
d,D1_seed20700712,TRAIN,1149,0.9657761940028085,,,
d,D1_seed20700712,TRAIN,1150,0.982369790967512,,,
d,D1_seed20700712,TRAIN,1151,1.0018552613859757,,,
d,D1_seed20700712,TRAIN,1152,1.0053619233762785,,,
d,D1_seed20700712,TRAIN,1153,1.0053569931655078,,,
d,D1_seed20700712,TRAIN,1154,0.9823507878503063,,,
d,D1_seed20700712,TRAIN,1155,0.9351097531299923,,,
d,D1_seed20700712,TRAIN,1156,0.9937334586731544,,,
d,D1_seed20700712,TRAIN,1157,0.9893654822987429,,,
d,D1_seed20700712,TRAIN,1158,0.9657321309064639,,,
d,D1_seed20700712,TRAIN,1159,0.9494060018128263,,,
d,D1_seed20700712,TRAIN,1160,1.0018124313675756,,,
d,D1_seed20700712,TRAIN,1161,0.9937083323803781,,,
d,D1_seed20700712,TRAIN,1162,0.9657129131947348,,,
d,D1_seed20700712,TRAIN,1163,1.005308448213963,,,
d,D1_seed20700712,TRAIN,1164,0.9350659549196453,,,
d,D1_seed20700712,TRAIN,1165,1.001789086432511,,,
d,D1_seed20700712,TRAIN,1166,0.9893225057879461,,,
d,D1_seed20700712,TRAIN,1167,0.982290452776144,,,
d,D1_seed20700712,TRAIN,1168,0.9493634295273455,,,
d,D1_seed20700712,TRAIN,1169,1.0017707116497365,,,
d,D1_seed20700712,TRAIN,1170,0.9493541739748614,,,
d,D1_seed20700712,TRAIN,1171,0.9822724597690624,,,
d,D1_seed20700712,TRAIN,1172,0.9350281475490467,,,
d,D1_seed20700712,TRAIN,1173,0.9936497856606737,,,
d,D1_seed20700712,TRAIN,1174,0.9656567717064558,,,
d,D1_seed20700712,TRAIN,1175,0.9892810153520705,,,
d,D1_seed20700712,TRAIN,1176,1.0052477821440347,,,
d,D1_seed20700712,TRAIN,1177,0.9892719190100892,,,
d,D1_seed20700712,TRAIN,1178,0.9350004510852972,,,
d,D1_seed20700712,TRAIN,1179,0.9936213280883841,,,
d,D1_seed20700712,TRAIN,1180,0.9493087621553621,,,
d,D1_seed20700712,TRAIN,1181,1.0052250151288857,,,
d,D1_seed20700712,TRAIN,1182,1.0017127217613144,,,
d,D1_seed20700712,TRAIN,1183,0.982219731284893,,,
d,D1_seed20700712,TRAIN,1184,0.9656115186505249,,,
d,D1_seed20700712,TRAIN,1185,1.0052070450923645,,,
d,D1_seed20700712,TRAIN,1186,1.0016952828859527,,,
d,D1_seed20700712,TRAIN,1187,0.9822025413290086,,,
d,D1_seed20700712,TRAIN,1188,0.9892227503824508,,,
d,D1_seed20700712,TRAIN,1189,0.9655893905466691,,,
d,D1_seed20700712,TRAIN,1190,0.9492645647606849,,,
d,D1_seed20700712,TRAIN,1191,0.9935658324451034,,,
d,D1_seed20700712,TRAIN,1192,0.9349375646823745,,,
d,D1_seed20700712,TRAIN,1193,0.9655719651048343,,,
d,D1_seed20700712,TRAIN,1194,0.9492473039584677,,,
d,D1_seed20700712,TRAIN,1195,0.9821688827946742,,,
d,D1_seed20700712,TRAIN,1196,1.0051589184304022,,,
d,D1_seed20700712,TRAIN,1197,0.9891839388239357,,,
d,D1_seed20700712,TRAIN,1198,1.001644392059257,,,
d,D1_seed20700712,TRAIN,1199,0.9935301300111057,,,
d,D1_seed20700712,TRAIN,1200,0.9349029426265473,,,
d,D1_seed20700712,TRAIN,1201,0.982144195033693,,,
d,D1_seed20700712,TRAIN,1202,1.0016278240668026,,,
d,D1_seed20700712,TRAIN,1203,0.9492092822937528,,,
d,D1_seed20700712,TRAIN,1204,0.9935082121809257,,,
d,D1_seed20700712,TRAIN,1205,0.965521036994527,,,
d,D1_seed20700712,TRAIN,1206,0.9348775087548276,,,
d,D1_seed20700712,TRAIN,1207,1.0051124160197824,,,
d,D1_seed20700712,TRAIN,1208,0.9891378748641856,,,
d,D1_seed20700712,TRAIN,1209,0.9934866172332512,,,
d,D1_seed20700712,TRAIN,1210,1.001595306213482,,,
d,D1_seed20700712,TRAIN,1211,1.005095812172532,,,
d,D1_seed20700712,TRAIN,1212,0.9820999939517088,,,
d,D1_seed20700712,TRAIN,1213,0.9891172970257439,,,
d,D1_seed20700712,TRAIN,1214,0.9654838906418499,,,
d,D1_seed20700712,TRAIN,1215,0.9348400623891394,,,
d,D1_seed20700712,TRAIN,1216,0.9491559863653304,,,
d,D1_seed20700712,TRAIN,1217,1.00507129408247,,,
d,D1_seed20700712,TRAIN,1218,1.0015634917819582,,,
d,D1_seed20700712,TRAIN,1219,0.9491440236082481,,,
d,D1_seed20700712,TRAIN,1220,0.9348197956850367,,,
d,D1_seed20700712,TRAIN,1221,0.9654558145787849,,,
d,D1_seed20700712,TRAIN,1222,0.9820611554831141,,,
d,D1_seed20700712,TRAIN,1223,0.9890774335495398,,,
d,D1_seed20700712,TRAIN,1224,0.9934237789031689,,,
d,D1_seed20700712,TRAIN,1225,0.9654401075924759,,,
d,D1_seed20700712,TRAIN,1226,0.9820460188577341,,,
d,D1_seed20700712,TRAIN,1227,0.9491127732986611,,,
d,D1_seed20700712,TRAIN,1228,1.0015250833405964,,,
d,D1_seed20700712,TRAIN,1229,0.9347842426780285,,,
d,D1_seed20700712,TRAIN,1230,0.9933995929791571,,,
d,D1_seed20700712,TRAIN,1231,1.0050162928109634,,,
d,D1_seed20700712,TRAIN,1232,0.9890426925344225,,,
d,D1_seed20700712,TRAIN,1233,1.005008581600199,,,
d,D1_seed20700712,TRAIN,1234,0.9654053885342205,,,
d,D1_seed20700712,TRAIN,1235,0.9890312283820211,,,
d,D1_seed20700712,TRAIN,1236,0.9490784306200853,,,
d,D1_seed20700712,TRAIN,1237,0.9820052287045726,,,
d,D1_seed20700712,TRAIN,1238,0.9933678052485974,,,
d,D1_seed20700712,TRAIN,1239,1.0014840565527925,,,
d,D1_seed20700712,TRAIN,1240,0.9347419007801177,,,
d,D1_seed20700712,TRAIN,1241,1.001476737556786,,,
d,D1_seed20700712,TRAIN,1242,0.9490560379579029,,,
d,D1_seed20700712,TRAIN,1243,0.9819835378655253,,,
d,D1_seed20700712,TRAIN,1244,0.9933445375608059,,,
d,D1_seed20700712,TRAIN,1245,1.0049633591217464,,,
d,D1_seed20700712,TRAIN,1246,0.9889902507641554,,,
d,D1_seed20700712,TRAIN,1247,0.9347157258103781,,,
d,D1_seed20700712,TRAIN,1248,0.9653531501084693,,,
d,D1_seed20700712,TRAIN,1249,0.9889792997438192,,,
d,D1_seed20700712,TRAIN,1250,1.00144440712252,,,
d,D1_seed20700712,TRAIN,1251,1.0049413556760272,,,
d,D1_seed20700712,TRAIN,1252,0.9653386352745422,,,
d,D1_seed20700712,TRAIN,1253,0.9819482457954031,,,
d,D1_seed20700712,TRAIN,1254,0.9490124949198677,,,
d,D1_seed20700712,TRAIN,1255,0.9933029207958777,,,
d,D1_seed20700712,TRAIN,1256,0.9346828801520696,,,
d,D1_seed20700712,TRAIN,1257,1.0014198629216804,,,
d,D1_seed20700712,TRAIN,1258,0.9489983544991789,,,
d,D1_seed20700712,TRAIN,1259,0.9819276415389117,,,
d,D1_seed20700712,TRAIN,1260,0.9889401311188313,,,
d,D1_seed20700712,TRAIN,1261,0.9653067035666312,,,
d,D1_seed20700712,TRAIN,1262,1.0049022089169644,,,
d,D1_seed20700712,TRAIN,1263,0.9932736743822581,,,
d,D1_seed20700712,TRAIN,1264,0.9346545215170948,,,
d,D1_seed20700712,TRAIN,1265,0.9932664274972497,,,
d,D1_seed20700712,TRAIN,1266,1.001389134117969,,,
d,D1_seed20700712,TRAIN,1267,0.9889158455790494,,,
d,D1_seed20700712,TRAIN,1268,0.9346405079395029,,,
d,D1_seed20700712,TRAIN,1269,0.9652789593783865,,,
d,D1_seed20700712,TRAIN,1270,1.0048744190633903,,,
d,D1_seed20700712,TRAIN,1271,0.9489535239357243,,,
d,D1_seed20700712,TRAIN,1272,0.9818841859078259,,,
d,D1_seed20700712,TRAIN,1273,0.9346232855232526,,,
d,D1_seed20700712,TRAIN,1274,1.0013624563434362,,,
d,D1_seed20700712,TRAIN,1275,0.965258647478965,,,
d,D1_seed20700712,TRAIN,1276,0.9888854226480995,,,
d,D1_seed20700712,TRAIN,1277,0.981868011615224,,,
d,D1_seed20700712,TRAIN,1278,0.9932205363485074,,,
d,D1_seed20700712,TRAIN,1279,1.0048441403932908,,,
d,D1_seed20700712,TRAIN,1280,0.948923599316451,,,
d,D1_seed20700712,TRAIN,1281,0.9652387209550941,,,
d,D1_seed20700712,TRAIN,1282,0.9932067647875392,,,
d,D1_seed20700712,TRAIN,1283,0.9818488401984496,,,
d,D1_seed20700712,TRAIN,1284,1.0013300845571864,,,
d,D1_seed20700712,TRAIN,1285,0.9888558053881287,,,
d,D1_seed20700712,TRAIN,1286,0.9489040300880646,,,
d,D1_seed20700712,TRAIN,1287,0.9345765342213062,,,
d,D1_seed20700712,TRAIN,1288,1.0048145748869741,,,
d,D1_seed20700712,TRAIN,1289,0.9488944087423538,,,
d,D1_seed20700712,TRAIN,1290,0.9345667875544447,,,
d,D1_seed20700712,TRAIN,1291,0.9931764258062188,,,
d,D1_seed20700712,TRAIN,1292,0.9652030822217372,,,
d,D1_seed20700712,TRAIN,1293,0.981817692890819,,,
d,D1_seed20700712,TRAIN,1294,1.0047953749518337,,,
d,D1_seed20700712,TRAIN,1295,0.9888238931702159,,,
d,D1_seed20700712,TRAIN,1296,1.0012925252367357,,,
d,D1_seed20700712,TRAIN,1297,0.9818054841342034,,,
d,D1_seed20700712,TRAIN,1298,0.9888144809460063,,,
d,D1_seed20700712,TRAIN,1299,0.9345380284258401,,,
d,D1_seed20700712,TRAIN,1300,0.9931468971387597,,,
d,D1_seed20700712,TRAIN,1301,0.9488567585847686,,,
d,D1_seed20700712,TRAIN,1302,1.0047702367454336,,,
d,D1_seed20700712,TRAIN,1303,0.9651686027681396,,,
d,D1_seed20700712,TRAIN,1304,1.001268198563029,,,
d,D1_seed20700712,TRAIN,1305,0.9488444761972217,,,
d,D1_seed20700712,TRAIN,1306,1.0047578789052856,,,
d,D1_seed20700712,TRAIN,1307,0.9817755735435179,,,
d,D1_seed20700712,TRAIN,1308,0.9345099895791464,,,
d,D1_seed20700712,TRAIN,1309,1.00125328349434,,,
d,D1_seed20700712,TRAIN,1310,0.9931149880053218,,,
d,D1_seed20700712,TRAIN,1311,0.9651442033700532,,,
d,D1_seed20700712,TRAIN,1312,0.9887716740103164,,,
d,D1_seed20700712,TRAIN,1313,0.9488203594531672,,,
d,D1_seed20700712,TRAIN,1314,0.9887656961488239,,,
d,D1_seed20700712,TRAIN,1315,0.965132204480389,,,
d,D1_seed20700712,TRAIN,1316,0.9344856841462512,,,
d,D1_seed20700712,TRAIN,1317,1.0047246810941244,,,
d,D1_seed20700712,TRAIN,1318,0.9817436938828883,,,
d,D1_seed20700712,TRAIN,1319,1.0012240926745553,,,
d,D1_seed20700712,TRAIN,1320,0.9930840079605222,,,
d,D1_seed20700712,TRAIN,1321,0.9344707837902768,,,
d,D1_seed20700712,TRAIN,1322,0.9930778978118551,,,
d,D1_seed20700712,TRAIN,1323,0.9651086302292871,,,
d,D1_seed20700712,TRAIN,1324,0.9887363162186192,,,
d,D1_seed20700712,TRAIN,1325,1.0012069212114292,,,
d,D1_seed20700712,TRAIN,1326,0.9487822917526328,,,
d,D1_seed20700712,TRAIN,1327,0.9817182653965447,,,
d,D1_seed20700712,TRAIN,1328,1.0046924271815767,,,
d,D1_seed20700712,TRAIN,1329,0.9650912520488862,,,
d,D1_seed20700712,TRAIN,1330,0.9930537734432978,,,
d,D1_seed20700712,TRAIN,1331,1.0011900412069599,,,
d,D1_seed20700712,TRAIN,1332,0.948765158662983,,,
d,D1_seed20700712,TRAIN,1333,0.9887104995138795,,,
d,D1_seed20700712,TRAIN,1334,0.9816989135160691,,,
d,D1_seed20700712,TRAIN,1335,1.0046723837181912,,,
d,D1_seed20700712,TRAIN,1336,0.9344271446928505,,,
d,D1_seed20700712,TRAIN,1337,1.0011734325594899,,,
d,D1_seed20700712,TRAIN,1338,0.9886964503275826,,,
d,D1_seed20700712,TRAIN,1339,0.9930272728363144,,,
d,D1_seed20700712,TRAIN,1340,0.9344158169915872,,,
d,D1_seed20700712,TRAIN,1341,1.004655507363066,,,
d,D1_seed20700712,TRAIN,1342,0.9650545511463918,,,
d,D1_seed20700712,TRAIN,1343,0.9487344594989022,,,
d,D1_seed20700712,TRAIN,1344,0.9816718964523125,,,
d,D1_seed20700712,TRAIN,1345,0.9886770550083372,,,
d,D1_seed20700712,TRAIN,1346,0.9487262677785341,,,
d,D1_seed20700712,TRAIN,1347,0.9650408135613577,,,
d,D1_seed20700712,TRAIN,1348,1.0046362031577551,,,
d,D1_seed20700712,TRAIN,1349,0.9816587195790086,,,
d,D1_seed20700712,TRAIN,1350,0.9343880684724738,,,
d,D1_seed20700712,TRAIN,1351,0.9929929891413145,,,
d,D1_seed20700712,TRAIN,1352,1.001133150465236,,,
d,D1_seed20700712,TRAIN,1353,0.9650245906885646,,,
d,D1_seed20700712,TRAIN,1354,0.9343771807162353,,,
d,D1_seed20700712,TRAIN,1355,0.9929818121901027,,,
d,D1_seed20700712,TRAIN,1356,0.9886474454494769,,,
d,D1_seed20700712,TRAIN,1357,0.9486967866662052,,,
d,D1_seed20700712,TRAIN,1358,1.0046092475525477,,,
d,D1_seed20700712,TRAIN,1359,1.0011148654038435,,,
d,D1_seed20700712,TRAIN,1360,0.9816302518064659,,,
d,D1_seed20700712,TRAIN,1361,0.9816277016730535,,,
d,D1_seed20700712,TRAIN,1362,1.0045986334797057,,,
d,D1_seed20700712,TRAIN,1363,1.001104560620699,,,
d,D1_seed20700712,TRAIN,1364,0.9486784071156432,,,
d,D1_seed20700712,TRAIN,1365,0.9886237511768302,,,
d,D1_seed20700712,TRAIN,1366,0.9343451086572017,,,
d,D1_seed20700712,TRAIN,1367,0.992948885561146,,,
d,D1_seed20700712,TRAIN,1368,0.9649849905839305,,,
d,D1_seed20700712,TRAIN,1369,0.9649823995671862,,,
d,D1_seed20700712,TRAIN,1370,1.0010867770539034,,,
d,D1_seed20700712,TRAIN,1371,0.9816025495387484,,,
d,D1_seed20700712,TRAIN,1372,1.0045725821914053,,,
d,D1_seed20700712,TRAIN,1373,0.9343268345131036,,,
d,D1_seed20700712,TRAIN,1374,0.992930135702975,,,
d,D1_seed20700712,TRAIN,1375,0.9885980549189439,,,
d,D1_seed20700712,TRAIN,1376,0.9486476244680788,,,
d,D1_seed20700712,TRAIN,1377,1.0010692616004884,,,
d,D1_seed20700712,TRAIN,1378,0.9343139402782911,,,
d,D1_seed20700712,TRAIN,1379,0.9486400635225183,,,
d,D1_seed20700712,TRAIN,1380,0.9885854248468863,,,
d,D1_seed20700712,TRAIN,1381,0.9929116725553901,,,
d,D1_seed20700712,TRAIN,1382,0.9649492857431334,,,
d,D1_seed20700712,TRAIN,1383,0.9815731229942993,,,
d,D1_seed20700712,TRAIN,1384,1.0045420924878417,,,
d,D1_seed20700712,TRAIN,1385,0.934296173660593,,,
d,D1_seed20700712,TRAIN,1386,0.9486226318061677,,,
d,D1_seed20700712,TRAIN,1387,0.9885679815346188,,,
d,D1_seed20700712,TRAIN,1388,0.9649343458900852,,,
d,D1_seed20700712,TRAIN,1389,1.0010399483745547,,,
d,D1_seed20700712,TRAIN,1390,0.9928883714104971,,,
d,D1_seed20700712,TRAIN,1391,1.0045247021130481,,,
d,D1_seed20700712,TRAIN,1392,0.981551572983964,,,
d,D1_seed20700712,TRAIN,1393,0.9342761857345637,,,
d,D1_seed20700712,TRAIN,1394,0.9649195651057667,,,
d,D1_seed20700712,TRAIN,1395,0.9885483519256201,,,
d,D1_seed20700712,TRAIN,1396,1.0045124000846408,,,
d,D1_seed20700712,TRAIN,1397,0.9485957400460293,,,
d,D1_seed20700712,TRAIN,1398,0.9928679679297527,,,
d,D1_seed20700712,TRAIN,1399,1.0010160161260468,,,
d,D1_seed20700712,TRAIN,1400,0.9815327082687288,,,
d,D1_seed20700712,TRAIN,1401,0.9885337964474753,,,
d,D1_seed20700712,TRAIN,1402,0.9928578577430681,,,
d,D1_seed20700712,TRAIN,1403,0.9815256914697589,,,
d,D1_seed20700712,TRAIN,1404,1.0010041989713838,,,
d,D1_seed20700712,TRAIN,1405,0.9485764850780904,,,
d,D1_seed20700712,TRAIN,1406,0.9648904915023752,,,
d,D1_seed20700712,TRAIN,1407,1.0044857013810435,,,
d,D1_seed20700712,TRAIN,1408,0.934239478831101,,,
d,D1_seed20700712,TRAIN,1409,0.9485669911760222,,,
d,D1_seed20700712,TRAIN,1410,0.9815095204874303,,,
d,D1_seed20700712,TRAIN,1411,1.0044761801882047,,,
d,D1_seed20700712,TRAIN,1412,0.9885075741562436,,,
d,D1_seed20700712,TRAIN,1413,0.9648738891644433,,,
d,D1_seed20700712,TRAIN,1414,1.0009809897192747,,,
d,D1_seed20700712,TRAIN,1415,0.9342227667638373,,,
d,D1_seed20700712,TRAIN,1416,0.9928232184401063,,,
d,D1_seed20700712,TRAIN,1417,0.9814936038113086,,,
d,D1_seed20700712,TRAIN,1418,0.9884935293294338,,,
d,D1_seed20700712,TRAIN,1419,0.934213294398711,,,
d,D1_seed20700712,TRAIN,1420,0.9648574885631755,,,
d,D1_seed20700712,TRAIN,1421,1.004452659790266,,,
d,D1_seed20700712,TRAIN,1422,0.9928086418594229,,,
d,D1_seed20700712,TRAIN,1423,0.9485343510799187,,,
d,D1_seed20700712,TRAIN,1424,1.0009581752353431,,,
d,D1_seed20700712,TRAIN,1425,1.0044433209125425,,,
d,D1_seed20700712,TRAIN,1426,0.9814733542374566,,,
d,D1_seed20700712,TRAIN,1427,1.0009513787556634,,,
d,D1_seed20700712,TRAIN,1428,0.9648389165459161,,,
d,D1_seed20700712,TRAIN,1429,0.9485205370361258,,,
d,D1_seed20700712,TRAIN,1430,0.9341875121599783,,,
d,D1_seed20700712,TRAIN,1431,0.9884635141128327,,,
d,D1_seed20700712,TRAIN,1432,0.9927846304724547,,,
d,D1_seed20700712,TRAIN,1433,1.0009379231500508,,,
d,D1_seed20700712,TRAIN,1434,0.9884566710590982,,,
d,D1_seed20700712,TRAIN,1435,0.9341759448326803,,,
d,D1_seed20700712,TRAIN,1436,0.9648205980050372,,,
d,D1_seed20700712,TRAIN,1437,1.0044157027770897,,,
d,D1_seed20700712,TRAIN,1438,0.9927703712838684,,,
d,D1_seed20700712,TRAIN,1439,0.948497820237875,,,
d,D1_seed20700712,TRAIN,1440,0.9814423899362196,,,
d,D1_seed20700712,TRAIN,1441,0.9484933072967037,,,
d,D1_seed20700712,TRAIN,1442,1.0044043047430835,,,
d,D1_seed20700712,TRAIN,1443,0.9648047085751896,,,
d,D1_seed20700712,TRAIN,1444,0.9814336608355557,,,
d,D1_seed20700712,TRAIN,1445,0.9927538818380388,,,
d,D1_seed20700712,TRAIN,1446,1.0009090999459134,,,
d,D1_seed20700712,TRAIN,1447,0.988427292951059,,,
d,D1_seed20700712,TRAIN,1448,0.9341461827518923,,,
d,D1_seed20700712,TRAIN,1449,0.9884228087585696,,,
d,D1_seed20700712,TRAIN,1450,0.9484731623689239,,,
d,D1_seed20700712,TRAIN,1451,0.9927398396623879,,,
d,D1_seed20700712,TRAIN,1452,1.0008959494932825,,,
d,D1_seed20700712,TRAIN,1453,0.9647822521864797,,,
d,D1_seed20700712,TRAIN,1454,0.934132599983048,,,
d,D1_seed20700712,TRAIN,1455,1.004375015193203,,,
d,D1_seed20700712,TRAIN,1456,0.9814076646971462,,,
d,D1_seed20700712,TRAIN,1457,0.9341258453143634,,,
d,D1_seed20700712,TRAIN,1458,0.9814033790531986,,,
d,D1_seed20700712,TRAIN,1459,1.0008807344590762,,,
d,D1_seed20700712,TRAIN,1460,0.9647667093561243,,,
d,D1_seed20700712,TRAIN,1461,0.9484488431481573,,,
d,D1_seed20700712,TRAIN,1462,0.9927144336439199,,,
d,D1_seed20700712,TRAIN,1463,1.0043572772627027,,,
d,D1_seed20700712,TRAIN,1464,0.9883896044055573,,,
d,D1_seed20700712,TRAIN,1465,0.9484400619728892,,,
d,D1_seed20700712,TRAIN,1466,0.9341057544945299,,,
d,D1_seed20700712,TRAIN,1467,1.0043484210402285,,,
d,D1_seed20700712,TRAIN,1468,1.0008613446799497,,,
d,D1_seed20700712,TRAIN,1469,0.9813799508478643,,,
d,D1_seed20700712,TRAIN,1470,0.9647446723790362,,,
d,D1_seed20700712,TRAIN,1471,0.9883742585831149,,,
d,D1_seed20700712,TRAIN,1472,0.9926915336941259,,,
d,D1_seed20700712,TRAIN,1473,0.9340902022581604,,,
d,D1_seed20700712,TRAIN,1474,0.9647358925673886,,,
d,D1_seed20700712,TRAIN,1475,1.0008463310714908,,,
d,D1_seed20700712,TRAIN,1476,1.0043285994632793,,,
d,D1_seed20700712,TRAIN,1477,0.9813629927711129,,,
d,D1_seed20700712,TRAIN,1478,0.9484116810674882,,,
d,D1_seed20700712,TRAIN,1479,0.9883567844545673,,,
d,D1_seed20700712,TRAIN,1480,0.992673300627445,,,
d,D1_seed20700712,TRAIN,1481,0.9926710136775194,,,
d,D1_seed20700712,TRAIN,1482,0.9340702625855254,,,
d,D1_seed20700712,TRAIN,1483,0.9813502930552624,,,
d,D1_seed20700712,TRAIN,1484,0.9647139927112792,,,
d,D1_seed20700712,TRAIN,1485,0.9483964524879158,,,
d,D1_seed20700712,TRAIN,1486,1.0043066380802366,,,
d,D1_seed20700712,TRAIN,1487,1.0008206890006004,,,
d,D1_seed20700712,TRAIN,1488,0.9883371490467411,,,
d,D1_seed20700712,TRAIN,1489,0.9926527906834886,,,
d,D1_seed20700712,TRAIN,1490,1.0008142852885906,,,
d,D1_seed20700712,TRAIN,1491,0.9883305939705475,,,
d,D1_seed20700712,TRAIN,1492,0.9340481626956925,,,
d,D1_seed20700712,TRAIN,1493,0.9646943401124041,,,
d,D1_seed20700712,TRAIN,1494,0.9483769115141828,,,
d,D1_seed20700712,TRAIN,1495,1.0042869078631063,,,
d,D1_seed20700712,TRAIN,1496,0.9813228690642695,,,
d,D1_seed20700712,TRAIN,1497,0.9883175512283023,,,
d,D1_seed20700712,TRAIN,1498,1.00428035997066,,,
d,D1_seed20700712,TRAIN,1499,1.0007951208962598,,,
d,D1_seed20700712,TRAIN,1500,0.9646791075030196,,,
d,D1_seed20700713,TRAIN,1,0.985744388841208,,,
d,D1_seed20700713,TRAIN,2,1.0126671259712123,,,
d,D1_seed20700713,TRAIN,3,1.0213898488969704,,,
d,D1_seed20700713,TRAIN,4,0.969106335066382,,,
d,D1_seed20700713,TRAIN,5,1.0011388589460275,,,
d,D1_seed20700713,TRAIN,6,1.0244744010655518,,,
d,D1_seed20700713,TRAIN,7,1.007842033968616,,,
d,D1_seed20700713,TRAIN,8,0.9550180351517938,,,
d,D1_seed20700713,TRAIN,9,1.0126406313261684,,,
d,D1_seed20700713,TRAIN,10,1.0244552058413612,,,
d,D1_seed20700713,TRAIN,11,0.9690744199915464,,,
d,D1_seed20700713,TRAIN,12,1.0078151613305983,,,
d,D1_seed20700713,TRAIN,13,0.9549881990548091,,,
d,D1_seed20700713,TRAIN,14,1.021335522586021,,,
d,D1_seed20700713,TRAIN,15,0.9856770823718339,,,
d,D1_seed20700713,TRAIN,16,1.0010762940143174,,,
d,D1_seed20700713,TRAIN,17,0.9549563807693133,,,
d,D1_seed20700713,TRAIN,18,1.0077688967555456,,,
d,D1_seed20700713,TRAIN,19,0.9690118866075055,,,
d,D1_seed20700713,TRAIN,20,0.9856323008990174,,,
d,D1_seed20700713,TRAIN,21,1.0212739454010973,,,
d,D1_seed20700713,TRAIN,22,1.01253352197043,,,
d,D1_seed20700713,TRAIN,23,1.0010100990768154,,,
d,D1_seed20700713,TRAIN,24,1.0243333061221038,,,
d,D1_seed20700713,TRAIN,25,0.9689467569150595,,,
d,D1_seed20700713,TRAIN,26,1.007683355552821,,,
d,D1_seed20700713,TRAIN,27,1.0212043688042667,,,
d,D1_seed20700713,TRAIN,28,1.0242827684524054,,,
d,D1_seed20700713,TRAIN,29,1.0009368412606563,,,
d,D1_seed20700713,TRAIN,30,1.012430044846124,,,
d,D1_seed20700713,TRAIN,31,0.9854952491228293,,,
d,D1_seed20700713,TRAIN,32,0.954774232946239,,,
d,D1_seed20700713,TRAIN,33,0.9547585798634413,,,
d,D1_seed20700713,TRAIN,34,1.0123676292234056,,,
d,D1_seed20700713,TRAIN,35,1.0210876483650766,,,
d,D1_seed20700713,TRAIN,36,1.0008323335647218,,,
d,D1_seed20700713,TRAIN,37,0.9853983917310603,,,
d,D1_seed20700713,TRAIN,38,1.0075035424808432,,,
d,D1_seed20700713,TRAIN,39,1.0241081197896762,,,
d,D1_seed20700713,TRAIN,40,0.9687159511966216,,,
d,D1_seed20700713,TRAIN,41,0.9853252977737552,,,
d,D1_seed20700713,TRAIN,42,1.0074302265860313,,,
d,D1_seed20700713,TRAIN,43,0.9545787268124009,,,
d,D1_seed20700713,TRAIN,44,1.0209255405753173,,,
d,D1_seed20700713,TRAIN,45,0.9686204870745435,,,
d,D1_seed20700713,TRAIN,46,1.0239748005254299,,,
d,D1_seed20700713,TRAIN,47,1.0121238524264997,,,
d,D1_seed20700713,TRAIN,48,1.0006153985717465,,,
d,D1_seed20700713,TRAIN,49,1.00059684433424,,,
d,D1_seed20700713,TRAIN,50,0.9685248032067584,,,
d,D1_seed20700713,TRAIN,51,1.0207931306343752,,,
d,D1_seed20700713,TRAIN,52,0.9851133728264339,,,
d,D1_seed20700713,TRAIN,53,0.9543842751399477,,,
d,D1_seed20700713,TRAIN,54,1.011986822084704,,,
d,D1_seed20700713,TRAIN,55,1.023802500268531,,,
d,D1_seed20700713,TRAIN,56,1.0071664961336368,,,
d,D1_seed20700713,TRAIN,57,1.0071476239796862,,,
d,D1_seed20700713,TRAIN,58,0.9542873234835039,,,
d,D1_seed20700713,TRAIN,59,0.9683532829303095,,,
d,D1_seed20700713,TRAIN,60,1.0003936928785804,,,
d,D1_seed20700713,TRAIN,61,1.0118497896073853,,,
d,D1_seed20700713,TRAIN,62,1.0205861256313298,,,
d,D1_seed20700713,TRAIN,63,0.984902747780546,,,
d,D1_seed20700713,TRAIN,64,1.0236306428440756,,,
d,D1_seed20700713,TRAIN,65,0.9682394339915847,,,
d,D1_seed20700713,TRAIN,66,1.0235925059337256,,,
d,D1_seed20700713,TRAIN,67,1.0069599234275879,,,
d,D1_seed20700713,TRAIN,68,0.9540942741948524,,,
d,D1_seed20700713,TRAIN,69,1.0002280478488539,,,
d,D1_seed20700713,TRAIN,70,1.0204360010039282,,,
d,D1_seed20700713,TRAIN,71,0.9847500127820715,,,
d,D1_seed20700713,TRAIN,72,1.0116353572298864,,,
d,D1_seed20700713,TRAIN,73,1.0234594053810286,,,
d,D1_seed20700713,TRAIN,74,1.0203610554917986,,,
d,D1_seed20700713,TRAIN,75,1.006810219460405,,,
d,D1_seed20700713,TRAIN,76,1.0115572334923033,,,
d,D1_seed20700713,TRAIN,77,0.9846354540583753,,,
d,D1_seed20700713,TRAIN,78,0.95390151953259,,,
d,D1_seed20700713,TRAIN,79,1.000044204829237,,,
d,D1_seed20700713,TRAIN,80,0.9679551340755462,,,
d,D1_seed20700713,TRAIN,81,1.023307110288225,,,
d,D1_seed20700713,TRAIN,82,1.0202112758578414,,,
d,D1_seed20700713,TRAIN,83,0.9845213151467895,,,
d,D1_seed20700713,TRAIN,84,1.0066420050014084,,,
d,D1_seed20700713,TRAIN,85,0.9678607815139441,,,
d,D1_seed20700713,TRAIN,86,1.0113630475078563,,,
d,D1_seed20700713,TRAIN,87,0.9998979362722439,,,
d,D1_seed20700713,TRAIN,88,0.9537096858674946,,,
d,D1_seed20700713,TRAIN,89,0.9998615045943211,,,
d,D1_seed20700713,TRAIN,90,0.9536715546897274,,,
d,D1_seed20700713,TRAIN,91,1.0112666435383533,,,
d,D1_seed20700713,TRAIN,92,1.0230995134337773,,,
d,D1_seed20700713,TRAIN,93,1.0200067015569292,,,
d,D1_seed20700713,TRAIN,94,0.9676917604922932,,,
d,D1_seed20700713,TRAIN,95,0.9842942334328647,,,
d,D1_seed20700713,TRAIN,96,1.0064194783237694,,,
d,D1_seed20700713,TRAIN,97,0.9997159843964576,,,
d,D1_seed20700713,TRAIN,98,1.006382500777665,,,
d,D1_seed20700713,TRAIN,99,1.0229676975869102,,,
d,D1_seed20700713,TRAIN,100,0.9841999182591626,,,
d,D1_seed20700713,TRAIN,101,0.9534617741043881,,,
d,D1_seed20700713,TRAIN,102,0.9675418294218247,,,
d,D1_seed20700713,TRAIN,103,1.0198213269836058,,,
d,D1_seed20700713,TRAIN,104,1.0110163273830954,,,
d,D1_seed20700713,TRAIN,105,1.0109970439096332,,,
d,D1_seed20700713,TRAIN,106,1.0228360501152816,,,
d,D1_seed20700713,TRAIN,107,1.0197470106631474,,,
d,D1_seed20700713,TRAIN,108,0.953328134783771,,,
d,D1_seed20700713,TRAIN,109,0.9840298138443714,,,
d,D1_seed20700713,TRAIN,110,0.9994794278320764,,,
d,D1_seed20700713,TRAIN,111,1.0061415368726625,,,
d,D1_seed20700713,TRAIN,112,0.9673540154997589,,,
d,D1_seed20700713,TRAIN,113,0.9532327116458538,,,
d,D1_seed20700713,TRAIN,114,1.0196171038796373,,,
d,D1_seed20700713,TRAIN,115,0.983916642481014,,,
d,D1_seed20700713,TRAIN,116,1.010785065754242,,,
d,D1_seed20700713,TRAIN,117,1.00603093552956,,,
d,D1_seed20700713,TRAIN,118,0.999334288764943,,,
d,D1_seed20700713,TRAIN,119,0.9672230295953227,,,
d,D1_seed20700713,TRAIN,120,1.0225727515269714,,,
d,D1_seed20700713,TRAIN,121,1.005957065319332,,,
d,D1_seed20700713,TRAIN,122,1.019469084387103,,,
d,D1_seed20700713,TRAIN,123,0.9530424623798897,,,
d,D1_seed20700713,TRAIN,124,1.0224976220993893,,,
d,D1_seed20700713,TRAIN,125,0.9992073323162698,,,
d,D1_seed20700713,TRAIN,126,0.9837094093729389,,,
d,D1_seed20700713,TRAIN,127,0.9670734031284549,,,
d,D1_seed20700713,TRAIN,128,1.0105544642445392,,,
d,D1_seed20700713,TRAIN,129,1.0058093412007265,,,
d,D1_seed20700713,TRAIN,130,0.9836340773499219,,,
d,D1_seed20700713,TRAIN,131,1.0223661979430931,,,
d,D1_seed20700713,TRAIN,132,1.0192839818126322,,,
d,D1_seed20700713,TRAIN,133,0.9990620968266409,,,
d,D1_seed20700713,TRAIN,134,0.9528329984132474,,,
d,D1_seed20700713,TRAIN,135,1.0104196365526577,,,
d,D1_seed20700713,TRAIN,136,0.9669048010378469,,,
d,D1_seed20700713,TRAIN,137,1.0222532885009428,,,
d,D1_seed20700713,TRAIN,138,0.9989712268639642,,,
d,D1_seed20700713,TRAIN,139,0.9527377135608611,,,
d,D1_seed20700713,TRAIN,140,1.0191357022850465,,,
d,D1_seed20700713,TRAIN,141,0.9834265196324009,,,
d,D1_seed20700713,TRAIN,142,1.0102849939894765,,,
d,D1_seed20700713,TRAIN,143,0.9667736061696707,,,
d,D1_seed20700713,TRAIN,144,1.0055318756256817,,,
d,D1_seed20700713,TRAIN,145,0.9988440923111642,,,
d,D1_seed20700713,TRAIN,146,0.9667174264990518,,,
d,D1_seed20700713,TRAIN,147,1.0190060374888525,,,
d,D1_seed20700713,TRAIN,148,1.02204669471179,,,
d,D1_seed20700713,TRAIN,149,1.0101504749053962,,,
d,D1_seed20700713,TRAIN,150,0.9832566738512037,,,
d,D1_seed20700713,TRAIN,151,1.005402418339502,,,
d,D1_seed20700713,TRAIN,152,0.9524898726196738,,,
d,D1_seed20700713,TRAIN,153,0.9986986643575341,,,
d,D1_seed20700713,TRAIN,154,1.0219336062373867,,,
d,D1_seed20700713,TRAIN,155,0.9524326824224585,,,
d,D1_seed20700713,TRAIN,156,1.018839048285583,,,
d,D1_seed20700713,TRAIN,157,1.0099961115839757,,,
d,D1_seed20700713,TRAIN,158,0.9831054695225038,,,
d,D1_seed20700713,TRAIN,159,1.005254101585404,,,
d,D1_seed20700713,TRAIN,160,0.9664546645851754,,,
d,D1_seed20700713,TRAIN,161,1.0187460778431916,,,
d,D1_seed20700713,TRAIN,162,0.9522988867700086,,,
d,D1_seed20700713,TRAIN,163,0.9830108175809519,,,
d,D1_seed20700713,TRAIN,164,0.9984984105649785,,,
d,D1_seed20700713,TRAIN,165,1.0217264279431493,,,
d,D1_seed20700713,TRAIN,166,0.9663419580370802,,,
d,D1_seed20700713,TRAIN,167,1.00980354931216,,,
d,D1_seed20700713,TRAIN,168,1.0050876069942127,,,
d,D1_seed20700713,TRAIN,169,1.0097648679554778,,,
d,D1_seed20700713,TRAIN,170,1.021632082137523,,,
d,D1_seed20700713,TRAIN,171,0.9521267579883529,,,
d,D1_seed20700713,TRAIN,172,1.0185414698200357,,,
d,D1_seed20700713,TRAIN,173,0.9828213078799255,,,
d,D1_seed20700713,TRAIN,174,0.9983158134963763,,,
d,D1_seed20700713,TRAIN,175,0.9661723509339348,,,
d,D1_seed20700713,TRAIN,176,1.004938475294167,,,
d,D1_seed20700713,TRAIN,177,0.9520117535317933,,,
d,D1_seed20700713,TRAIN,178,1.0049014428960432,,,
d,D1_seed20700713,TRAIN,179,1.0214619455234655,,,
d,D1_seed20700713,TRAIN,180,1.0095517621566628,,,
d,D1_seed20700713,TRAIN,181,1.0183739440601023,,,
d,D1_seed20700713,TRAIN,182,0.9660406651245036,,,
d,D1_seed20700713,TRAIN,183,0.9981515570406059,,,
d,D1_seed20700713,TRAIN,184,0.9826127930433082,,,
d,D1_seed20700713,TRAIN,185,1.0094547292717688,,,
d,D1_seed20700713,TRAIN,186,1.0182806945422858,,,
d,D1_seed20700713,TRAIN,187,0.9980783955851444,,,
d,D1_seed20700713,TRAIN,188,1.0047151503907465,,,
d,D1_seed20700713,TRAIN,189,0.9517817671580241,,,
d,D1_seed20700713,TRAIN,190,0.9658897884900157,,,
d,D1_seed20700713,TRAIN,191,0.9824798851848601,,,
d,D1_seed20700713,TRAIN,192,1.0212159574049624,,,
d,D1_seed20700713,TRAIN,193,0.9824419140252841,,,
d,D1_seed20700713,TRAIN,194,0.9516859483664177,,,
d,D1_seed20700713,TRAIN,195,0.9979323100428551,,,
d,D1_seed20700713,TRAIN,196,1.0045667774008005,,,
d,D1_seed20700713,TRAIN,197,1.0092228966980985,,,
d,D1_seed20700713,TRAIN,198,1.0180570155876143,,,
d,D1_seed20700713,TRAIN,199,0.965720114406977,,,
d,D1_seed20700713,TRAIN,200,1.021064833951723,,,
d,D1_seed20700713,TRAIN,201,0.9978226198766601,,,
d,D1_seed20700713,TRAIN,202,0.9822708201366349,,,
d,D1_seed20700713,TRAIN,203,1.0179635609080422,,,
d,D1_seed20700713,TRAIN,204,1.009087278667711,,,
d,D1_seed20700713,TRAIN,205,0.9656065574939702,,,
d,D1_seed20700713,TRAIN,206,0.9514552956322004,,,
d,D1_seed20700713,TRAIN,207,1.020932087662969,,,
d,D1_seed20700713,TRAIN,208,1.0043432277632236,,,
d,D1_seed20700713,TRAIN,209,0.9821372016027571,,,
d,D1_seed20700713,TRAIN,210,1.0208750790734034,,,
d,D1_seed20700713,TRAIN,211,0.9513588467100447,,,
d,D1_seed20700713,TRAIN,212,1.0042684393489187,,,
d,D1_seed20700713,TRAIN,213,1.0177760550380703,,,
d,D1_seed20700713,TRAIN,214,1.0088928816709881,,,
d,D1_seed20700713,TRAIN,215,0.9975654361166885,,,
d,D1_seed20700713,TRAIN,216,0.9653978054226338,,,
d,D1_seed20700713,TRAIN,217,0.951242985110736,,,
d,D1_seed20700713,TRAIN,218,1.004156117857422,,,
d,D1_seed20700713,TRAIN,219,1.0207038427894706,,,
d,D1_seed20700713,TRAIN,220,0.9974735892986899,,,
d,D1_seed20700713,TRAIN,221,1.0176260477608259,,,
d,D1_seed20700713,TRAIN,222,0.9818888712235928,,,
d,D1_seed20700713,TRAIN,223,1.008717631548965,,,
d,D1_seed20700713,TRAIN,224,0.9652460869677588,,,
d,D1_seed20700713,TRAIN,225,0.9973815910134134,,,
d,D1_seed20700713,TRAIN,226,0.9510693381798865,,,
d,D1_seed20700713,TRAIN,227,1.0086397801864724,,,
d,D1_seed20700713,TRAIN,228,1.0205326038905251,,,
d,D1_seed20700713,TRAIN,229,0.9651511271617217,,,
d,D1_seed20700713,TRAIN,230,1.0174570159042284,,,
d,D1_seed20700713,TRAIN,231,0.9817166001162589,,,
d,D1_seed20700713,TRAIN,232,1.0038940187236667,,,
d,D1_seed20700713,TRAIN,233,1.0174005091531741,,,
d,D1_seed20700713,TRAIN,234,0.9509144852211668,,,
d,D1_seed20700713,TRAIN,235,1.0084836997947597,,,
d,D1_seed20700713,TRAIN,236,1.0203799089616747,,,
d,D1_seed20700713,TRAIN,237,0.9816012938603615,,,
d,D1_seed20700713,TRAIN,238,0.9649794233425311,,,
d,D1_seed20700713,TRAIN,239,0.9971232392609852,,,
d,D1_seed20700713,TRAIN,240,1.0037437337710378,,,
d,D1_seed20700713,TRAIN,241,1.003724978031109,,,
d,D1_seed20700713,TRAIN,242,0.9649032035941706,,,
d,D1_seed20700713,TRAIN,243,1.0083272984145648,,,
d,D1_seed20700713,TRAIN,244,1.020227027371948,,,
d,D1_seed20700713,TRAIN,245,0.9970125140597673,,,
d,D1_seed20700713,TRAIN,246,1.0171554361578121,,,
d,D1_seed20700713,TRAIN,247,0.9506622912055759,,,
d,D1_seed20700713,TRAIN,248,0.9813901069818813,,,
d,D1_seed20700713,TRAIN,249,1.0201313268715138,,,
d,D1_seed20700713,TRAIN,250,1.0081900904198668,,,
d,D1_seed20700713,TRAIN,251,1.0035367286690218,,,
d,D1_seed20700713,TRAIN,252,0.981313017983347,,,
d,D1_seed20700713,TRAIN,253,0.9505455343285287,,,
d,D1_seed20700713,TRAIN,254,0.9968457767681698,,,
d,D1_seed20700713,TRAIN,255,1.0169853331316423,,,
d,D1_seed20700713,TRAIN,256,0.9646357906734185,,,
d,D1_seed20700713,TRAIN,257,0.9812167421600709,,,
d,D1_seed20700713,TRAIN,258,1.0199588723274189,,,
d,D1_seed20700713,TRAIN,259,1.008013734917829,,,
d,D1_seed20700713,TRAIN,260,0.9504093248776556,,,
d,D1_seed20700713,TRAIN,261,1.016871806917318,,,
d,D1_seed20700713,TRAIN,262,0.996697562970128,,,
d,D1_seed20700713,TRAIN,263,0.9645016643317732,,,
d,D1_seed20700713,TRAIN,264,1.00329197148362,,,
d,D1_seed20700713,TRAIN,265,1.0078962453870166,,,
d,D1_seed20700713,TRAIN,266,1.0198055111398527,,,
d,D1_seed20700713,TRAIN,267,0.9966048605678203,,,
d,D1_seed20700713,TRAIN,268,0.9644059086638462,,,
d,D1_seed20700713,TRAIN,269,0.9502339393840545,,,
d,D1_seed20700713,TRAIN,270,1.016701474550584,,,
d,D1_seed20700713,TRAIN,271,0.9809466308894823,,,
d,D1_seed20700713,TRAIN,272,1.0031412142872158,,,
d,D1_seed20700713,TRAIN,273,0.9809080293461983,,,
d,D1_seed20700713,TRAIN,274,1.0196521896206547,,,
d,D1_seed20700713,TRAIN,275,1.0166067727970698,,,
d,D1_seed20700713,TRAIN,276,0.99643797114909,,,
d,D1_seed20700713,TRAIN,277,1.0076610218197908,,,
d,D1_seed20700713,TRAIN,278,0.964214122297017,,,
d,D1_seed20700713,TRAIN,279,0.9500387874517862,,,
d,D1_seed20700713,TRAIN,280,1.0029903815627383,,,
d,D1_seed20700713,TRAIN,281,0.9807532447948204,,,
d,D1_seed20700713,TRAIN,282,1.0029527042999524,,,
d,D1_seed20700713,TRAIN,283,0.9963079732114445,,,
d,D1_seed20700713,TRAIN,284,1.0164361004143834,,,
d,D1_seed20700713,TRAIN,285,0.9499218345180696,,,
d,D1_seed20700713,TRAIN,286,0.9640607771607407,,,
d,D1_seed20700713,TRAIN,287,1.0074651585327543,,,
d,D1_seed20700713,TRAIN,288,1.0193836933604257,,,
d,D1_seed20700713,TRAIN,289,0.9805987901143803,,,
d,D1_seed20700713,TRAIN,290,1.007406167850872,,,
d,D1_seed20700713,TRAIN,291,0.9961594151801549,,,
d,D1_seed20700713,TRAIN,292,0.9639454371944971,,,
d,D1_seed20700713,TRAIN,293,1.0027451144092718,,,
d,D1_seed20700713,TRAIN,294,0.9497459678993818,,,
d,D1_seed20700713,TRAIN,295,1.0162273911942215,,,
d,D1_seed20700713,TRAIN,296,1.0192297037211575,,,
d,D1_seed20700713,TRAIN,297,0.9804438287436781,,,
d,D1_seed20700713,TRAIN,298,1.0026505895174898,,,
d,D1_seed20700713,TRAIN,299,1.0161512887232038,,,
d,D1_seed20700713,TRAIN,300,0.9496284846979263,,,
d,D1_seed20700713,TRAIN,301,0.9637722718856273,,,
d,D1_seed20700713,TRAIN,302,1.0191141631094502,,,
d,D1_seed20700713,TRAIN,303,0.995935987169936,,,
d,D1_seed20700713,TRAIN,304,1.007130716465808,,,
d,D1_seed20700713,TRAIN,305,0.9495305181579613,,,
d,D1_seed20700713,TRAIN,306,1.0024992708828662,,,
d,D1_seed20700713,TRAIN,307,1.0070715411910685,,,
d,D1_seed20700713,TRAIN,308,0.9636374410620255,,,
d,D1_seed20700713,TRAIN,309,0.9802109621911129,,,
d,D1_seed20700713,TRAIN,310,0.9958054498644763,,,
d,D1_seed20700713,TRAIN,311,1.0189406556625176,,,
d,D1_seed20700713,TRAIN,312,1.0159038846483794,,,
d,D1_seed20700713,TRAIN,313,1.0189020228322858,,,
d,D1_seed20700713,TRAIN,314,0.9635217017892902,,,
d,D1_seed20700713,TRAIN,315,0.9800943121305804,,,
d,D1_seed20700713,TRAIN,316,0.9956933379087803,,,
d,D1_seed20700713,TRAIN,317,1.0158084062839292,,,
d,D1_seed20700713,TRAIN,318,1.0022716213371425,,,
d,D1_seed20700713,TRAIN,319,1.0068347055844273,,,
d,D1_seed20700713,TRAIN,320,0.949236058362468,,,
d,D1_seed20700713,TRAIN,321,0.9799775050034282,,,
d,D1_seed20700713,TRAIN,322,1.0021956536605587,,,
d,D1_seed20700713,TRAIN,323,0.9633477902133569,,,
d,D1_seed20700713,TRAIN,324,0.9955439030110518,,,
d,D1_seed20700713,TRAIN,325,0.9491379370451903,,,
d,D1_seed20700713,TRAIN,326,1.0156368764142067,,,
d,D1_seed20700713,TRAIN,327,1.0066771531311738,,,
d,D1_seed20700713,TRAIN,328,1.0186126732600114,,,
d,D1_seed20700713,TRAIN,329,1.0185932946252927,,,
d,D1_seed20700713,TRAIN,330,0.9632127278178003,,,
d,D1_seed20700713,TRAIN,331,0.9954131879990844,,,
d,D1_seed20700713,TRAIN,332,1.0020060512568834,,,
d,D1_seed20700713,TRAIN,333,0.9489807421193706,,,
d,D1_seed20700713,TRAIN,334,1.0154841876001777,,,
d,D1_seed20700713,TRAIN,335,0.9797052776057907,,,
d,D1_seed20700713,TRAIN,336,1.0064992862034472,,,
d,D1_seed20700713,TRAIN,337,0.9796662855698028,,,
d,D1_seed20700713,TRAIN,338,0.9952823619197622,,,
d,D1_seed20700713,TRAIN,339,1.006439971001932,,,
d,D1_seed20700713,TRAIN,340,1.018380563305817,,,
d,D1_seed20700713,TRAIN,341,0.9488232627657216,,,
d,D1_seed20700713,TRAIN,342,1.0153311801719234,,,
d,D1_seed20700713,TRAIN,343,0.9629611488462079,,,
d,D1_seed20700713,TRAIN,344,1.0017778759790144,,,
d,D1_seed20700713,TRAIN,345,1.0152737608189886,,,
d,D1_seed20700713,TRAIN,346,0.9629030392643395,,,
d,D1_seed20700713,TRAIN,347,1.018244948920767,,,
d,D1_seed20700713,TRAIN,348,0.9794515352740174,,,
d,D1_seed20700713,TRAIN,349,0.9950762138428877,,,
d,D1_seed20700713,TRAIN,350,1.0062223032250401,,,
d,D1_seed20700713,TRAIN,351,0.9486261226261244,,,
d,D1_seed20700713,TRAIN,352,1.001625884765337,,,
d,D1_seed20700713,TRAIN,353,0.9950013431655482,,,
d,D1_seed20700713,TRAIN,354,1.0151016861286233,,,
d,D1_seed20700713,TRAIN,355,1.0180902548778439,,,
d,D1_seed20700713,TRAIN,356,0.9792955586324679,,,
d,D1_seed20700713,TRAIN,357,0.962690072995654,,,
d,D1_seed20700713,TRAIN,358,1.006064204882735,,,
d,D1_seed20700713,TRAIN,359,1.0014928888881482,,,
d,D1_seed20700713,TRAIN,360,0.9484489212207283,,,
d,D1_seed20700713,TRAIN,361,0.9484292541839351,,,
d,D1_seed20700713,TRAIN,362,1.0059850439024056,,,
d,D1_seed20700713,TRAIN,363,1.001416826013742,,,
d,D1_seed20700713,TRAIN,364,1.0179160684744437,,,
d,D1_seed20700713,TRAIN,365,0.9625352838025287,,,
d,D1_seed20700713,TRAIN,366,0.9947580287686522,,,
d,D1_seed20700713,TRAIN,367,0.9790812258491975,,,
d,D1_seed20700713,TRAIN,368,1.0148342455821169,,,
d,D1_seed20700713,TRAIN,369,0.9482719301692251,,,
d,D1_seed20700713,TRAIN,370,0.9946833327999879,,,
d,D1_seed20700713,TRAIN,371,1.0177808537334296,,,
d,D1_seed20700713,TRAIN,372,1.0147579573182255,,,
d,D1_seed20700713,TRAIN,373,1.0012269762801618,,,
d,D1_seed20700713,TRAIN,374,1.0057479149738071,,,
d,D1_seed20700713,TRAIN,375,0.978925417728661,,,
d,D1_seed20700713,TRAIN,376,0.9623226110383022,,,
d,D1_seed20700713,TRAIN,377,1.0011508795823434,,,
d,D1_seed20700713,TRAIN,378,0.9945337342259721,,,
d,D1_seed20700713,TRAIN,379,0.9788475117441441,,,
d,D1_seed20700713,TRAIN,380,1.0056293176677105,,,
d,D1_seed20700713,TRAIN,381,0.9480359301622977,,,
d,D1_seed20700713,TRAIN,382,0.9622067123619411,,,
d,D1_seed20700713,TRAIN,383,1.0145479960418171,,,
d,D1_seed20700713,TRAIN,384,1.0175297729563306,,,
d,D1_seed20700713,TRAIN,385,1.014509801961715,,,
d,D1_seed20700713,TRAIN,386,0.947937574314912,,,
d,D1_seed20700713,TRAIN,387,1.0009612960762475,,,
d,D1_seed20700713,TRAIN,388,0.9786721993584006,,,
d,D1_seed20700713,TRAIN,389,0.9620713131905145,,,
d,D1_seed20700713,TRAIN,390,1.0054322897183468,,,
d,D1_seed20700713,TRAIN,391,1.01739467776442,,,
d,D1_seed20700713,TRAIN,392,0.9942721907929211,,,
d,D1_seed20700713,TRAIN,393,1.005372985651074,,,
d,D1_seed20700713,TRAIN,394,0.9942347459424054,,,
d,D1_seed20700713,TRAIN,395,1.0143187639428695,,,
d,D1_seed20700713,TRAIN,396,1.0172978817303906,,,
d,D1_seed20700713,TRAIN,397,0.947721000579257,,,
d,D1_seed20700713,TRAIN,398,0.9784772377775474,,,
d,D1_seed20700713,TRAIN,399,1.000733386031914,,,
d,D1_seed20700713,TRAIN,400,0.9618584268622846,,,
d,D1_seed20700713,TRAIN,401,1.0006954982605403,,,
d,D1_seed20700713,TRAIN,402,1.014185145963442,,,
d,D1_seed20700713,TRAIN,403,0.9783799780031893,,,
d,D1_seed20700713,TRAIN,404,1.0051556967700228,,,
d,D1_seed20700713,TRAIN,405,0.9475637442642071,,,
d,D1_seed20700713,TRAIN,406,0.9940105098546292,,,
d,D1_seed20700713,TRAIN,407,0.9617233268706574,,,
d,D1_seed20700713,TRAIN,408,1.017066419587512,,,
d,D1_seed20700713,TRAIN,409,0.9616848187553568,,,
d,D1_seed20700713,TRAIN,410,0.9782439672455414,,,
d,D1_seed20700713,TRAIN,411,1.005018181347554,,,
d,D1_seed20700713,TRAIN,412,1.0139947864003147,,,
d,D1_seed20700713,TRAIN,413,1.0169702566317436,,,
d,D1_seed20700713,TRAIN,414,0.9938614929759663,,,
d,D1_seed20700713,TRAIN,415,1.0004307199315503,,,
d,D1_seed20700713,TRAIN,416,0.9473478652008438,,,
d,D1_seed20700713,TRAIN,417,1.0048999999479211,,,
d,D1_seed20700713,TRAIN,418,1.013880462180486,,,
d,D1_seed20700713,TRAIN,419,1.0168545509084432,,,
d,D1_seed20700713,TRAIN,420,0.993749547914283,,,
d,D1_seed20700713,TRAIN,421,1.0003169607716444,,,
d,D1_seed20700713,TRAIN,422,0.9780106550981253,,,
d,D1_seed20700713,TRAIN,423,0.9614147057363529,,,
d,D1_seed20700713,TRAIN,424,0.9471909228354134,,,
d,D1_seed20700713,TRAIN,425,1.0047423405928086,,,
d,D1_seed20700713,TRAIN,426,0.9471518166386322,,,
d,D1_seed20700713,TRAIN,427,0.9936193605413267,,,
d,D1_seed20700713,TRAIN,428,0.9613186855165932,,,
d,D1_seed20700713,TRAIN,429,1.0136715794241211,,,
d,D1_seed20700713,TRAIN,430,1.0001474298972761,,,
d,D1_seed20700713,TRAIN,431,0.977836637453948,,,
d,D1_seed20700713,TRAIN,432,1.0166051273927352,,,
d,D1_seed20700713,TRAIN,433,1.0135959068750702,,,
d,D1_seed20700713,TRAIN,434,0.9934897684610876,,,
d,D1_seed20700713,TRAIN,435,1.0045468940899782,,,
d,D1_seed20700713,TRAIN,436,1.0000346302832737,,,
d,D1_seed20700713,TRAIN,437,0.9469371168638798,,,
d,D1_seed20700713,TRAIN,438,1.01649011151023,,,
d,D1_seed20700713,TRAIN,439,0.9776819140721507,,,
d,D1_seed20700713,TRAIN,440,0.961088460799368,,,
d,D1_seed20700713,TRAIN,441,1.0164326219901814,,,
d,D1_seed20700713,TRAIN,442,0.9610500850910176,,,
d,D1_seed20700713,TRAIN,443,0.9776045826765332,,,
d,D1_seed20700713,TRAIN,444,0.9998841371429464,,,
d,D1_seed20700713,TRAIN,445,1.0043511822325255,,,
d,D1_seed20700713,TRAIN,446,0.9467614880413602,,,
d,D1_seed20700713,TRAIN,447,1.0133308425354552,,,
d,D1_seed20700713,TRAIN,448,0.9932303402115691,,,
d,D1_seed20700713,TRAIN,449,0.977488777846741,,,
d,D1_seed20700713,TRAIN,450,0.9466835804085134,,,
d,D1_seed20700713,TRAIN,451,0.9931749977793563,,,
d,D1_seed20700713,TRAIN,452,1.0162226451917409,,,
d,D1_seed20700713,TRAIN,453,0.9997156189771356,,,
d,D1_seed20700713,TRAIN,454,1.0131989091827733,,,
d,D1_seed20700713,TRAIN,455,1.0041565369537468,,,
d,D1_seed20700713,TRAIN,456,0.9607823229693138,,,
d,D1_seed20700713,TRAIN,457,1.004117483320364,,,
d,D1_seed20700713,TRAIN,458,0.946528153045107,,,
d,D1_seed20700713,TRAIN,459,0.9930274469584076,,,
d,D1_seed20700713,TRAIN,460,0.9995844492983249,,,
d,D1_seed20700713,TRAIN,461,0.9772580355761318,,,
d,D1_seed20700713,TRAIN,462,0.9606679386285335,,,
d,D1_seed20700713,TRAIN,463,1.0160131766430691,,,
d,D1_seed20700713,TRAIN,464,1.0130107981511218,,,
d,D1_seed20700713,TRAIN,465,0.9463925724222995,,,
d,D1_seed20700713,TRAIN,466,0.9994725450592165,,,
d,D1_seed20700713,TRAIN,467,1.0129544783063529,,,
d,D1_seed20700713,TRAIN,468,1.015918282079374,,,
d,D1_seed20700713,TRAIN,469,0.992843673229513,,,
d,D1_seed20700713,TRAIN,470,1.003864916073155,,,
d,D1_seed20700713,TRAIN,471,0.977066333909367,,,
d,D1_seed20700713,TRAIN,472,0.9604776371058847,,,
d,D1_seed20700713,TRAIN,473,0.9770279939067272,,,
d,D1_seed20700713,TRAIN,474,0.9604396226770099,,,
d,D1_seed20700713,TRAIN,475,0.999304869925904,,,
d,D1_seed20700713,TRAIN,476,1.0157666011963624,,,
d,D1_seed20700713,TRAIN,477,0.9926969142183129,,,
d,D1_seed20700713,TRAIN,478,0.9461412274094523,,,
d,D1_seed20700713,TRAIN,479,1.0036909515456405,,,
d,D1_seed20700713,TRAIN,480,1.0127109719929432,,,
d,D1_seed20700713,TRAIN,481,1.0036522690699323,,,
d,D1_seed20700713,TRAIN,482,0.9460641187120912,,,
d,D1_seed20700713,TRAIN,483,0.9768370238716085,,,
d,D1_seed20700713,TRAIN,484,1.012636125869298,,,
d,D1_seed20700713,TRAIN,485,0.9602311588014157,,,
d,D1_seed20700713,TRAIN,486,1.0155775556500688,,,
d,D1_seed20700713,TRAIN,487,0.9990821006158294,,,
d,D1_seed20700713,TRAIN,488,0.9924956747621386,,,
d,D1_seed20700713,TRAIN,489,0.9990450591949163,,,
d,D1_seed20700713,TRAIN,490,0.9924592597470961,,,
d,D1_seed20700713,TRAIN,491,1.0034593187535803,,,
d,D1_seed20700713,TRAIN,492,1.0154645335133214,,,
d,D1_seed20700713,TRAIN,493,0.9766467037367693,,,
d,D1_seed20700713,TRAIN,494,0.9600613157494832,,,
d,D1_seed20700713,TRAIN,495,0.9458142457738428,,,
d,D1_seed20700713,TRAIN,496,1.0124127527505824,,,
d,D1_seed20700713,TRAIN,497,1.0123941940894696,,,
d,D1_seed20700713,TRAIN,498,1.0153517500961686,,,
d,D1_seed20700713,TRAIN,499,0.9457376075214684,,,
d,D1_seed20700713,TRAIN,500,0.9988419247469261,,,
d,D1_seed20700713,TRAIN,501,0.9922592519146498,,,
d,D1_seed20700713,TRAIN,502,0.9764760547482065,,,
d,D1_seed20700713,TRAIN,503,1.0032290944869668,,,
d,D1_seed20700713,TRAIN,504,0.9598733030279537,,,
d,D1_seed20700713,TRAIN,505,0.9456230294163102,,,
d,D1_seed20700713,TRAIN,506,1.0152020637027097,,,
d,D1_seed20700713,TRAIN,507,0.9598171370656525,,,
d,D1_seed20700713,TRAIN,508,1.003133741497432,,,
d,D1_seed20700713,TRAIN,509,0.9921146242652144,,,
d,D1_seed20700713,TRAIN,510,0.9763251366370469,,,
d,D1_seed20700713,TRAIN,511,0.998640230665686,,,
d,D1_seed20700713,TRAIN,512,1.0121168737733235,,,
d,D1_seed20700713,TRAIN,513,0.9454708735498745,,,
d,D1_seed20700713,TRAIN,514,1.0030195225316239,,,
d,D1_seed20700713,TRAIN,515,0.9762311237133521,,,
d,D1_seed20700713,TRAIN,516,0.9985488146394086,,,
d,D1_seed20700713,TRAIN,517,1.014997131033929,,,
d,D1_seed20700713,TRAIN,518,0.9919524463791354,,,
d,D1_seed20700713,TRAIN,519,1.011988090510174,,,
d,D1_seed20700713,TRAIN,520,0.9595745111304766,,,
d,D1_seed20700713,TRAIN,521,1.0119513777995741,,,
d,D1_seed20700713,TRAIN,522,0.9984392720011734,,,
d,D1_seed20700713,TRAIN,523,1.0028484865721905,,,
d,D1_seed20700713,TRAIN,524,0.9760622497678622,,,
d,D1_seed20700713,TRAIN,525,0.9452433989904594,,,
d,D1_seed20700713,TRAIN,526,0.9594629490041987,,,
d,D1_seed20700713,TRAIN,527,1.0148115831240745,,,
d,D1_seed20700713,TRAIN,528,0.9917730044560861,,,
d,D1_seed20700713,TRAIN,529,1.0147746570456375,,,
d,D1_seed20700713,TRAIN,530,0.9759501328594928,,,
d,D1_seed20700713,TRAIN,531,0.9593703273306321,,,
d,D1_seed20700713,TRAIN,532,0.9917015731335561,,,
d,D1_seed20700713,TRAIN,533,1.0026597814796863,,,
d,D1_seed20700713,TRAIN,534,0.945073916314879,,,
d,D1_seed20700713,TRAIN,535,0.9982035561366437,,,
d,D1_seed20700713,TRAIN,536,1.0116774460134794,,,
d,D1_seed20700713,TRAIN,537,0.9758200079440923,,,
d,D1_seed20700713,TRAIN,538,0.9449989654716966,,,
d,D1_seed20700713,TRAIN,539,0.9915771745488562,,,
d,D1_seed20700713,TRAIN,540,1.0025286643635747,,,
d,D1_seed20700713,TRAIN,541,1.0115868137933448,,,
d,D1_seed20700713,TRAIN,542,0.9591678384378663,,,
d,D1_seed20700713,TRAIN,543,0.9980597110933577,,,
d,D1_seed20700713,TRAIN,544,1.0144994375570382,,,
d,D1_seed20700713,TRAIN,545,0.9756719718598277,,,
d,D1_seed20700713,TRAIN,546,0.944849553989398,,,
d,D1_seed20700713,TRAIN,547,0.9979879512468535,,,
d,D1_seed20700713,TRAIN,548,0.9590579058045513,,,
d,D1_seed20700713,TRAIN,549,1.0023607484611712,,,
d,D1_seed20700713,TRAIN,550,1.0143900060224458,,,
d,D1_seed20700713,TRAIN,551,1.0114062474275431,,,
d,D1_seed20700713,TRAIN,552,0.9913473514933909,,,
d,D1_seed20700713,TRAIN,553,1.0113701771163022,,,
d,D1_seed20700713,TRAIN,554,0.9913120857751347,,,
d,D1_seed20700713,TRAIN,555,0.9978447671333219,,,
d,D1_seed20700713,TRAIN,556,1.0142807120433892,,,
d,D1_seed20700713,TRAIN,557,0.9588936386729229,,,
d,D1_seed20700713,TRAIN,558,1.0021932068994457,,,
d,D1_seed20700713,TRAIN,559,0.975414485926848,,,
d,D1_seed20700713,TRAIN,560,0.944589622359374,,,
d,D1_seed20700713,TRAIN,561,0.9445711462362743,,,
d,D1_seed20700713,TRAIN,562,1.014171908534684,,,
d,D1_seed20700713,TRAIN,563,1.0021005913473673,,,
d,D1_seed20700713,TRAIN,564,0.9911366004060295,,,
d,D1_seed20700713,TRAIN,565,1.0111550614580316,,,
d,D1_seed20700713,TRAIN,566,0.9752865043154009,,,
d,D1_seed20700713,TRAIN,567,0.9976311536104805,,,
d,D1_seed20700713,TRAIN,568,0.958694029580058,,,
d,D1_seed20700713,TRAIN,569,1.0110836979916522,,,
d,D1_seed20700713,TRAIN,570,0.9975781256885133,,,
d,D1_seed20700713,TRAIN,571,0.9586399144185407,,,
d,D1_seed20700713,TRAIN,572,0.9443686454867164,,,
d,D1_seed20700713,TRAIN,573,1.0019165037540743,,,
d,D1_seed20700713,TRAIN,574,0.9751411854831195,,,
d,D1_seed20700713,TRAIN,575,0.9909451269639922,,,
d,D1_seed20700713,TRAIN,576,1.0139200253198513,,,
d,D1_seed20700713,TRAIN,577,0.9909105235095275,,,
d,D1_seed20700713,TRAIN,578,0.975068903534814,,,
d,D1_seed20700713,TRAIN,579,1.0018069436562147,,,
d,D1_seed20700713,TRAIN,580,1.0138485972868907,,,
d,D1_seed20700713,TRAIN,581,0.9584605277179301,,,
d,D1_seed20700713,TRAIN,582,0.9973673492482755,,,
d,D1_seed20700713,TRAIN,583,1.0108360163088603,,,
d,D1_seed20700713,TRAIN,584,0.9441497766394057,,,
d,D1_seed20700713,TRAIN,585,0.9441316249474119,,,
d,D1_seed20700713,TRAIN,586,1.0107832656632445,,,
d,D1_seed20700713,TRAIN,587,0.9583534403963644,,,
d,D1_seed20700713,TRAIN,588,0.9748888998090464,,,
d,D1_seed20700713,TRAIN,589,1.0016252386264926,,,
d,D1_seed20700713,TRAIN,590,1.0136709065416878,,,
d,D1_seed20700713,TRAIN,591,0.9972105896856975,,,
d,D1_seed20700713,TRAIN,592,0.9906522698122007,,,
d,D1_seed20700713,TRAIN,593,1.0136177340887345,,,
d,D1_seed20700713,TRAIN,594,0.9747814380361134,,,
d,D1_seed20700713,TRAIN,595,0.9971410270847144,,,
d,D1_seed20700713,TRAIN,596,1.010608132131266,,,
d,D1_seed20700713,TRAIN,597,0.9905667398548597,,,
d,D1_seed20700713,TRAIN,598,0.943896717084809,,,
d,D1_seed20700713,TRAIN,599,1.0014445638528962,,,
d,D1_seed20700713,TRAIN,600,0.9581229878888969,,,
d,D1_seed20700713,TRAIN,601,1.0014086164269131,,,
d,D1_seed20700713,TRAIN,602,1.0134591456397097,,,
d,D1_seed20700713,TRAIN,603,0.9438070466534211,,,
d,D1_seed20700713,TRAIN,604,1.010469074884362,,,
d,D1_seed20700713,TRAIN,605,0.9969681303382154,,,
d,D1_seed20700713,TRAIN,606,0.9904137066866727,,,
d,D1_seed20700713,TRAIN,607,0.9579998673545466,,,
d,D1_seed20700713,TRAIN,608,0.9745329766142486,,,
d,D1_seed20700713,TRAIN,609,1.0012651871104825,,,
d,D1_seed20700713,TRAIN,610,0.99688240409767,,,
d,D1_seed20700713,TRAIN,611,1.0103482909515196,,,
d,D1_seed20700713,TRAIN,612,1.0132842693819601,,,
d,D1_seed20700713,TRAIN,613,0.974444976238261,,,
d,D1_seed20700713,TRAIN,614,0.943611056430393,,,
d,D1_seed20700713,TRAIN,615,0.9578601501003421,,,
d,D1_seed20700713,TRAIN,616,0.9902451973077222,,,
d,D1_seed20700713,TRAIN,617,0.9902284997191684,,,
d,D1_seed20700713,TRAIN,618,0.9435404324573727,,,
d,D1_seed20700713,TRAIN,619,1.0102112219908412,,,
d,D1_seed20700713,TRAIN,620,0.9743226562850634,,,
d,D1_seed20700713,TRAIN,621,1.0010529728446833,,,
d,D1_seed20700713,TRAIN,622,1.0131116688051185,,,
d,D1_seed20700713,TRAIN,623,0.9577218229065932,,,
d,D1_seed20700713,TRAIN,624,0.9966448988502183,,,
d,D1_seed20700713,TRAIN,625,0.9966280397135178,,,
d,D1_seed20700713,TRAIN,626,0.9742183050797473,,,
d,D1_seed20700713,TRAIN,627,1.0009476371614545,,,
d,D1_seed20700713,TRAIN,628,0.9900455814647923,,,
d,D1_seed20700713,TRAIN,629,1.0100413541951045,,,
d,D1_seed20700713,TRAIN,630,0.9576014338719909,,,
d,D1_seed20700713,TRAIN,631,0.9433125902605888,,,
d,D1_seed20700713,TRAIN,632,1.01294031745204,,,
d,D1_seed20700713,TRAIN,633,1.0008427973872538,,,
d,D1_seed20700713,TRAIN,634,1.0099569771691752,,,
d,D1_seed20700713,TRAIN,635,0.9964600432419395,,,
d,D1_seed20700713,TRAIN,636,1.012872008909691,,,
d,D1_seed20700713,TRAIN,637,0.9740283764152293,,,
d,D1_seed20700713,TRAIN,638,0.9431906715560631,,,
d,D1_seed20700713,TRAIN,639,0.9574474810451304,,,
d,D1_seed20700713,TRAIN,640,0.9898475050038521,,,
d,D1_seed20700713,TRAIN,641,0.9739597580502541,,,
d,D1_seed20700713,TRAIN,642,1.000686315178777,,,
d,D1_seed20700713,TRAIN,643,1.0098058396160725,,,
d,D1_seed20700713,TRAIN,644,1.012736432811188,,,
d,D1_seed20700713,TRAIN,645,0.943069696248406,,,
d,D1_seed20700713,TRAIN,646,0.9962769318909912,,,
d,D1_seed20700713,TRAIN,647,0.9897330953637441,,,
d,D1_seed20700713,TRAIN,648,0.9572950027550103,,,
d,D1_seed20700713,TRAIN,649,1.0005657803058459,,,
d,D1_seed20700713,TRAIN,650,0.9429839288530514,,,
d,D1_seed20700713,TRAIN,651,1.0096727909530612,,,
d,D1_seed20700713,TRAIN,652,1.0126020887253966,,,
d,D1_seed20700713,TRAIN,653,0.9572110328882133,,,
d,D1_seed20700713,TRAIN,654,0.9737388064798305,,,
d,D1_seed20700713,TRAIN,655,0.9896035568900091,,,
d,D1_seed20700713,TRAIN,656,0.9961126933380662,,,
d,D1_seed20700713,TRAIN,657,1.0004293654648915,,,
d,D1_seed20700713,TRAIN,658,0.9428476488287193,,,
d,D1_seed20700713,TRAIN,659,0.9960637514628881,,,
d,D1_seed20700713,TRAIN,660,0.9895232473223978,,,
d,D1_seed20700713,TRAIN,661,1.012452511917248,,,
d,D1_seed20700713,TRAIN,662,0.9736046965463481,,,
d,D1_seed20700713,TRAIN,663,1.0094756749707903,,,
d,D1_seed20700713,TRAIN,664,0.9570280237039048,,,
d,D1_seed20700713,TRAIN,665,1.0002939803489186,,,
d,D1_seed20700713,TRAIN,666,0.9569949323364461,,,
d,D1_seed20700713,TRAIN,667,1.00941045966399,,,
d,D1_seed20700713,TRAIN,668,0.9893955458338447,,,
d,D1_seed20700713,TRAIN,669,1.012320702741566,,,
d,D1_seed20700713,TRAIN,670,0.9958856604000228,,,
d,D1_seed20700713,TRAIN,671,0.9426288341819925,,,
d,D1_seed20700713,TRAIN,672,0.973438394318565,,,
d,D1_seed20700713,TRAIN,673,0.9425954694669304,,,
d,D1_seed20700713,TRAIN,674,0.9893005657345855,,,
d,D1_seed20700713,TRAIN,675,1.0122228006715777,,,
d,D1_seed20700713,TRAIN,676,0.956830793502384,,,
d,D1_seed20700713,TRAIN,677,0.9733561333159928,,,
d,D1_seed20700713,TRAIN,678,0.9957579729175876,,,
d,D1_seed20700713,TRAIN,679,1.0092169343273463,,,
d,D1_seed20700713,TRAIN,680,1.0000441625557661,,,
d,D1_seed20700713,TRAIN,681,1.0000275789390531,,,
d,D1_seed20700713,TRAIN,682,0.9424463116800217,,,
d,D1_seed20700713,TRAIN,683,1.0120932186030176,,,
d,D1_seed20700713,TRAIN,684,0.9956624638613729,,,
d,D1_seed20700713,TRAIN,685,0.973225102018052,,,
d,D1_seed20700713,TRAIN,686,1.0091048629859583,,,
d,D1_seed20700713,TRAIN,687,0.9566520701925675,,,
d,D1_seed20700713,TRAIN,688,0.9890811878152526,,,
d,D1_seed20700713,TRAIN,689,0.9423309156438082,,,
d,D1_seed20700713,TRAIN,690,1.0090413213229628,,,
d,D1_seed20700713,TRAIN,691,0.9731275974818259,,,
d,D1_seed20700713,TRAIN,692,1.0119485325073938,,,
d,D1_seed20700713,TRAIN,693,0.9998301481554259,,,
d,D1_seed20700713,TRAIN,694,0.9889882998419166,,,
d,D1_seed20700713,TRAIN,695,0.9954892395917245,,,
d,D1_seed20700713,TRAIN,696,0.9565075325179162,,,
d,D1_seed20700713,TRAIN,697,0.9997649406359566,,,
d,D1_seed20700713,TRAIN,698,1.0118528785030239,,,
d,D1_seed20700713,TRAIN,699,0.99542668500409,,,
d,D1_seed20700713,TRAIN,700,1.0088836917742174,,,
d,D1_seed20700713,TRAIN,701,0.9729665477697487,,,
d,D1_seed20700713,TRAIN,702,0.9564119800054405,,,
d,D1_seed20700713,TRAIN,703,0.9421032146954921,,,
d,D1_seed20700713,TRAIN,704,0.9888346836107048,,,
d,D1_seed20700713,TRAIN,705,0.9996352804083237,,,
d,D1_seed20700713,TRAIN,706,0.9888042991393167,,,
d,D1_seed20700713,TRAIN,707,0.9953026670250289,,,
d,D1_seed20700713,TRAIN,708,1.01169508575649,,,
d,D1_seed20700713,TRAIN,709,0.9420071563453567,,,
d,D1_seed20700713,TRAIN,710,0.9728237163718461,,,
d,D1_seed20700713,TRAIN,711,0.9562704798747633,,,
d,D1_seed20700713,TRAIN,712,1.008697560829727,,,
d,D1_seed20700713,TRAIN,713,0.9562392762496088,,,
d,D1_seed20700713,TRAIN,714,0.9994917230809841,,,
d,D1_seed20700713,TRAIN,715,0.9727451141984875,,,
d,D1_seed20700713,TRAIN,716,0.9418959970273251,,,
d,D1_seed20700713,TRAIN,717,1.008620863958165,,,
d,D1_seed20700713,TRAIN,718,0.9951348652453134,,,
d,D1_seed20700713,TRAIN,719,1.011524431953198,,,
d,D1_seed20700713,TRAIN,720,0.9885937989445357,,,
d,D1_seed20700713,TRAIN,721,0.9418170975682271,,,
d,D1_seed20700713,TRAIN,722,0.9950744264148592,,,
d,D1_seed20700713,TRAIN,723,1.011462985703783,,,
d,D1_seed20700713,TRAIN,724,0.9560688833688994,,,
d,D1_seed20700713,TRAIN,725,0.9725893226524868,,,
d,D1_seed20700713,TRAIN,726,0.9885048513427458,,,
d,D1_seed20700713,TRAIN,727,0.9992876287412283,,,
d,D1_seed20700713,TRAIN,728,1.008454004657061,,,
d,D1_seed20700713,TRAIN,729,0.9416922069178254,,,
d,D1_seed20700713,TRAIN,730,0.9559770745520161,,,
d,D1_seed20700713,TRAIN,731,0.994939748277819,,,
d,D1_seed20700713,TRAIN,732,1.008393960731282,,,
d,D1_seed20700713,TRAIN,733,1.0113109300639052,,,
d,D1_seed20700713,TRAIN,734,0.9724510028894255,,,
d,D1_seed20700713,TRAIN,735,0.9991637408730006,,,
d,D1_seed20700713,TRAIN,736,0.9883580354494689,,,
d,D1_seed20700713,TRAIN,737,0.9558707582133381,,,
d,D1_seed20700713,TRAIN,738,1.0083042993986902,,,
d,D1_seed20700713,TRAIN,739,1.0112204152334945,,,
d,D1_seed20700713,TRAIN,740,0.9882997772433716,,,
d,D1_seed20700713,TRAIN,741,0.994791723776278,,,
d,D1_seed20700713,TRAIN,742,0.9990561700848022,,,
d,D1_seed20700713,TRAIN,743,0.972314061756273,,,
d,D1_seed20700713,TRAIN,744,0.9414612158229427,,,
d,D1_seed20700713,TRAIN,745,1.0111305940083875,,,
d,D1_seed20700713,TRAIN,746,0.9882129663287651,,,
d,D1_seed20700713,TRAIN,747,0.972253775396847,,,
d,D1_seed20700713,TRAIN,748,0.9989646420009816,,,
d,D1_seed20700713,TRAIN,749,0.9413852459376639,,,
d,D1_seed20700713,TRAIN,750,0.9946599752561963,,,
d,D1_seed20700713,TRAIN,751,1.0081126128381301,,,
d,D1_seed20700713,TRAIN,752,0.9556462658836943,,,
d,D1_seed20700713,TRAIN,753,1.0110120675607994,,,
d,D1_seed20700713,TRAIN,754,0.9946020266418227,,,
d,D1_seed20700713,TRAIN,755,1.0080543847917716,,,
d,D1_seed20700713,TRAIN,756,0.9988438587095546,,,
d,D1_seed20700713,TRAIN,757,0.9555724784854857,,,
d,D1_seed20700713,TRAIN,758,0.9880415702800935,,,
d,D1_seed20700713,TRAIN,759,0.9412349804247935,,,
d,D1_seed20700713,TRAIN,760,0.9720603229723539,,,
d,D1_seed20700713,TRAIN,761,1.0108949286017885,,,
d,D1_seed20700713,TRAIN,762,0.9944871257495589,,,
d,D1_seed20700713,TRAIN,763,0.9554848215712235,,,
d,D1_seed20700713,TRAIN,764,0.941160850556948,,,
d,D1_seed20700713,TRAIN,765,1.0079104580628973,,,
d,D1_seed20700713,TRAIN,766,0.9879293681334195,,,
d,D1_seed20700713,TRAIN,767,0.998680663782427,,,
d,D1_seed20700713,TRAIN,768,0.9719434050862186,,,
d,D1_seed20700713,TRAIN,769,0.9719288692868824,,,
d,D1_seed20700713,TRAIN,770,0.9410726901316862,,,
d,D1_seed20700713,TRAIN,771,0.9943600902668916,,,
d,D1_seed20700713,TRAIN,772,0.9878461546716341,,,
d,D1_seed20700713,TRAIN,773,1.0107225749926922,,,
d,D1_seed20700713,TRAIN,774,0.9553264603408577,,,
d,D1_seed20700713,TRAIN,775,1.0077689963872034,,,
d,D1_seed20700713,TRAIN,776,0.9985495917639611,,,
d,D1_seed20700713,TRAIN,777,0.9942764376946778,,,
d,D1_seed20700713,TRAIN,778,1.0106516412162214,,,
d,D1_seed20700713,TRAIN,779,0.9552552628341004,,,
d,D1_seed20700713,TRAIN,780,0.9409275204016042,,,
d,D1_seed20700713,TRAIN,781,1.0076850108977937,,,
d,D1_seed20700713,TRAIN,782,0.9717421346851403,,,
d,D1_seed20700713,TRAIN,783,0.9876954750953565,,,
d,D1_seed20700713,TRAIN,784,0.9984341785753411,,,
d,D1_seed20700713,TRAIN,785,1.0105531368882859,,,
d,D1_seed20700713,TRAIN,786,0.9408413848876598,,,
d,D1_seed20700713,TRAIN,787,1.0076017636562669,,,
d,D1_seed20700713,TRAIN,788,0.9983769062649774,,,
d,D1_seed20700713,TRAIN,789,0.9716429029162571,,,
d,D1_seed20700713,TRAIN,790,0.9876006502896612,,,
d,D1_seed20700713,TRAIN,791,0.955086365412742,,,
d,D1_seed20700713,TRAIN,792,0.9940698137418267,,,
d,D1_seed20700713,TRAIN,793,1.007519203807661,,,
d,D1_seed20700713,TRAIN,794,1.0104278550458161,,,
d,D1_seed20700713,TRAIN,795,0.9875336967425948,,,
d,D1_seed20700713,TRAIN,796,0.9406994701482488,,,
d,D1_seed20700713,TRAIN,797,0.9550032797588469,,,
d,D1_seed20700713,TRAIN,798,0.9715171471181531,,,
d,D1_seed20700713,TRAIN,799,0.9982217432380207,,,
d,D1_seed20700713,TRAIN,800,0.9939620175491007,,,
d,D1_seed20700713,TRAIN,801,0.9714757073847837,,,
d,D1_seed20700713,TRAIN,802,1.010318436318112,,,
d,D1_seed20700713,TRAIN,803,0.9549210929798946,,,
d,D1_seed20700713,TRAIN,804,0.9405879320336391,,,
d,D1_seed20700713,TRAIN,805,0.993895304533595,,,
d,D1_seed20700713,TRAIN,806,0.9981245465440383,,,
d,D1_seed20700713,TRAIN,807,1.0073303116227366,,,
d,D1_seed20700713,TRAIN,808,0.9873625053193462,,,
d,D1_seed20700713,TRAIN,809,0.9548397364840576,,,
d,D1_seed20700713,TRAIN,810,1.0072904269263163,,,
d,D1_seed20700713,TRAIN,811,0.9713390560919489,,,
d,D1_seed20700713,TRAIN,812,0.9873106251107915,,,
d,D1_seed20700713,TRAIN,813,0.9980285470197408,,,
d,D1_seed20700713,TRAIN,814,0.9404506646051864,,,
d,D1_seed20700713,TRAIN,815,0.993763690182355,,,
d,D1_seed20700713,TRAIN,816,1.0101304781355092,,,
d,D1_seed20700713,TRAIN,817,0.9937376111508552,,,
d,D1_seed20700713,TRAIN,818,0.9979605855797585,,,
d,D1_seed20700713,TRAIN,819,0.9547060691748809,,,
d,D1_seed20700713,TRAIN,820,0.9872078488814735,,,
d,D1_seed20700713,TRAIN,821,1.0071460144950615,,,
d,D1_seed20700713,TRAIN,822,0.971191581185076,,,
d,D1_seed20700713,TRAIN,823,0.9403291775734398,,,
d,D1_seed20700713,TRAIN,824,1.0100249523217897,,,
d,D1_seed20700713,TRAIN,825,0.9711518287010298,,,
d,D1_seed20700713,TRAIN,826,1.0070812568348264,,,
d,D1_seed20700713,TRAIN,827,0.9936084780479252,,,
d,D1_seed20700713,TRAIN,828,0.9871065066117825,,,
d,D1_seed20700713,TRAIN,829,0.9402491556136725,,,
d,D1_seed20700713,TRAIN,830,0.9977999589059667,,,
d,D1_seed20700713,TRAIN,831,1.0099339701088925,,,
d,D1_seed20700713,TRAIN,832,0.9545357110615632,,,
d,D1_seed20700713,TRAIN,833,0.971046772062074,,,
d,D1_seed20700713,TRAIN,834,0.9545098371275191,,,
d,D1_seed20700713,TRAIN,835,0.9870190669701303,,,
d,D1_seed20700713,TRAIN,836,1.0098697143308601,,,
d,D1_seed20700713,TRAIN,837,0.9977079931211688,,,
d,D1_seed20700713,TRAIN,838,1.0069281946557838,,,
d,D1_seed20700713,TRAIN,839,0.9401177790763311,,,
d,D1_seed20700713,TRAIN,840,0.9934443173828905,,,
d,D1_seed20700713,TRAIN,841,0.97094326891959,,,
d,D1_seed20700713,TRAIN,842,0.9544073271809612,,,
d,D1_seed20700713,TRAIN,843,0.9869204675866982,,,
d,D1_seed20700713,TRAIN,844,1.0097680739257537,,,
d,D1_seed20700713,TRAIN,845,0.940040171831047,,,
d,D1_seed20700713,TRAIN,846,1.0068280717527138,,,
d,D1_seed20700713,TRAIN,847,0.9975787022374859,,,
d,D1_seed20700713,TRAIN,848,0.9933454102771042,,,
d,D1_seed20700713,TRAIN,849,0.9933330965639497,,,
d,D1_seed20700713,TRAIN,850,0.9543064639300899,,,
d,D1_seed20700713,TRAIN,851,0.9708162183453563,,,
d,D1_seed20700713,TRAIN,852,0.9868114351448048,,,
d,D1_seed20700713,TRAIN,853,1.0067417555624847,,,
d,D1_seed20700713,TRAIN,854,0.997489535576621,,,
d,D1_seed20700713,TRAIN,855,1.009630916358442,,,
d,D1_seed20700713,TRAIN,856,0.9399001662453291,,,
d,D1_seed20700713,TRAIN,857,0.9398875606818039,,,
d,D1_seed20700713,TRAIN,858,0.9542071153985536,,,
d,D1_seed20700713,TRAIN,859,0.9974264898919111,,,
d,D1_seed20700713,TRAIN,860,1.0095694205887558,,,
d,D1_seed20700713,TRAIN,861,0.9867041347791935,,,
d,D1_seed20700713,TRAIN,862,1.0066323276920144,,,
d,D1_seed20700713,TRAIN,863,0.9706668359832761,,,
d,D1_seed20700713,TRAIN,864,0.9931515540084062,,,
d,D1_seed20700713,TRAIN,865,0.9931396327593742,,,
d,D1_seed20700713,TRAIN,866,0.9397752979864092,,,
d,D1_seed20700713,TRAIN,867,0.9973268260391615,,,
d,D1_seed20700713,TRAIN,868,0.9706056248147527,,,
d,D1_seed20700713,TRAIN,869,1.0094601538370382,,,
d,D1_seed20700713,TRAIN,870,1.0065366325849818,,,
d,D1_seed20700713,TRAIN,871,0.9865869537271053,,,
d,D1_seed20700713,TRAIN,872,0.9540366739201807,,,
d,D1_seed20700713,TRAIN,873,1.0094121504748423,,,
d,D1_seed20700713,TRAIN,874,0.993033275557504,,,
d,D1_seed20700713,TRAIN,875,0.9972285887758404,,,
d,D1_seed20700713,TRAIN,876,1.0064657742638958,,,
d,D1_seed20700713,TRAIN,877,0.9704967306155151,,,
d,D1_seed20700713,TRAIN,878,0.9865062067686768,,,
d,D1_seed20700713,TRAIN,879,0.9539531142762835,,,
d,D1_seed20700713,TRAIN,880,0.9396043902448046,,,
d,D1_seed20700713,TRAIN,881,0.953929537175534,,,
d,D1_seed20700713,TRAIN,882,1.0093056929153907,,,
d,D1_seed20700713,TRAIN,883,0.939568537653924,,,
d,D1_seed20700713,TRAIN,884,0.9971202876409787,,,
d,D1_seed20700713,TRAIN,885,0.9929061089413647,,,
d,D1_seed20700713,TRAIN,886,1.0063498014700898,,,
d,D1_seed20700713,TRAIN,887,0.970378315492351,,,
d,D1_seed20700713,TRAIN,888,0.9863932552741187,,,
d,D1_seed20700713,TRAIN,889,0.9970609811322912,,,
d,D1_seed20700713,TRAIN,890,0.9538245755813074,,,
d,D1_seed20700713,TRAIN,891,0.9394738108241601,,,
d,D1_seed20700713,TRAIN,892,0.9703200190533346,,,
d,D1_seed20700713,TRAIN,893,1.0062700601277372,,,
d,D1_seed20700713,TRAIN,894,0.9863266016578944,,,
d,D1_seed20700713,TRAIN,895,0.9927931827140255,,,
d,D1_seed20700713,TRAIN,896,1.009144444845013,,,
d,D1_seed20700713,TRAIN,897,0.9862936382619961,,,
d,D1_seed20700713,TRAIN,898,0.9702509364825541,,,
d,D1_seed20700713,TRAIN,899,1.006202732259305,,,
d,D1_seed20700713,TRAIN,900,0.9927377148782516,,,
d,D1_seed20700713,TRAIN,901,0.9393577766757927,,,
d,D1_seed20700713,TRAIN,902,0.9969101867577925,,,
d,D1_seed20700713,TRAIN,903,0.953676526796075,,,
d,D1_seed20700713,TRAIN,904,1.0090544879209251,,,
d,D1_seed20700713,TRAIN,905,0.9862066879344936,,,
d,D1_seed20700713,TRAIN,906,1.0061252158209189,,,
d,D1_seed20700713,TRAIN,907,0.939289296823399,,,
d,D1_seed20700713,TRAIN,908,0.996841844971142,,,
d,D1_seed20700713,TRAIN,909,0.9926391703290074,,,
d,D1_seed20700713,TRAIN,910,0.9535984340122086,,,
d,D1_seed20700713,TRAIN,911,1.008976890794659,,,
d,D1_seed20700713,TRAIN,912,0.9700930770346374,,,
d,D1_seed20700713,TRAIN,913,1.0060487990617428,,,
d,D1_seed20700713,TRAIN,914,1.0089439314007096,,,
d,D1_seed20700713,TRAIN,915,0.9967629725203844,,,
d,D1_seed20700713,TRAIN,916,0.9700486382990801,,,
d,D1_seed20700713,TRAIN,917,0.953521248382591,,,
d,D1_seed20700713,TRAIN,918,0.9925420672682813,,,
d,D1_seed20700713,TRAIN,919,0.9860575729615997,,,
d,D1_seed20700713,TRAIN,920,0.9391434961465539,,,
d,D1_seed20700713,TRAIN,921,0.9860367050458763,,,
d,D1_seed20700713,TRAIN,922,0.9966852539826027,,,
d,D1_seed20700713,TRAIN,923,1.0088462647528404,,,
d,D1_seed20700713,TRAIN,924,0.9390996289155896,,,
d,D1_seed20700713,TRAIN,925,0.9534347436407151,,,
d,D1_seed20700713,TRAIN,926,0.9699396354969703,,,
d,D1_seed20700713,TRAIN,927,1.0058992339350277,,,
d,D1_seed20700713,TRAIN,928,0.9924368338934114,,,
d,D1_seed20700713,TRAIN,929,0.996608969833545,,,
d,D1_seed20700713,TRAIN,930,0.9390344888997176,,,
d,D1_seed20700713,TRAIN,931,0.9859337111184798,,,
d,D1_seed20700713,TRAIN,932,1.0087507982467392,,,
d,D1_seed20700713,TRAIN,933,0.992385046320809,,,
d,D1_seed20700713,TRAIN,934,0.969854253754555,,,
d,D1_seed20700713,TRAIN,935,1.0058159942439184,,,
d,D1_seed20700713,TRAIN,936,0.9533183622276356,,,
d,D1_seed20700713,TRAIN,937,0.9533079262900358,,,
d,D1_seed20700713,TRAIN,938,0.9389490267333768,,,
d,D1_seed20700713,TRAIN,939,0.9965021107542685,,,
d,D1_seed20700713,TRAIN,940,1.0057647798857363,,,
d,D1_seed20700713,TRAIN,941,1.0086573490544253,,,
d,D1_seed20700713,TRAIN,942,0.9697703763729679,,,
d,D1_seed20700713,TRAIN,943,0.9858131448354708,,,
d,D1_seed20700713,TRAIN,944,0.9922733424431046,,,
d,D1_seed20700713,TRAIN,945,1.005714005782662,,,
d,D1_seed20700713,TRAIN,946,0.9922533280100341,,,
d,D1_seed20700713,TRAIN,947,0.9532047950308816,,,
d,D1_seed20700713,TRAIN,948,0.9388442833499963,,,
d,D1_seed20700713,TRAIN,949,0.9696982330499082,,,
d,D1_seed20700713,TRAIN,950,0.9963874947034215,,,
d,D1_seed20700713,TRAIN,951,0.9857346688712317,,,
d,D1_seed20700713,TRAIN,952,1.0085457254902699,,,
d,D1_seed20700713,TRAIN,953,0.9387929087249379,,,
d,D1_seed20700713,TRAIN,954,1.0085257294500427,,,
d,D1_seed20700713,TRAIN,955,0.9856959528692388,,,
d,D1_seed20700713,TRAIN,956,1.0056046511115995,,,
d,D1_seed20700713,TRAIN,957,0.9963160063562896,,,
d,D1_seed20700713,TRAIN,958,0.992135263645103,,,
d,D1_seed20700713,TRAIN,959,0.9530842725344004,,,
d,D1_seed20700713,TRAIN,960,0.9695872602531581,,,
d,D1_seed20700713,TRAIN,961,0.9962755264355524,,,
d,D1_seed20700713,TRAIN,962,0.9695673651751586,,,
d,D1_seed20700713,TRAIN,963,0.9920868508837429,,,
d,D1_seed20700713,TRAIN,964,0.9386817308614086,,,
d,D1_seed20700713,TRAIN,965,1.0055170847657,,,
d,D1_seed20700713,TRAIN,966,0.9530154244492106,,,
d,D1_seed20700713,TRAIN,967,0.9855817934370007,,,
d,D1_seed20700713,TRAIN,968,1.0083881660503842,,,
d,D1_seed20700713,TRAIN,969,0.9694985439068718,,,
d,D1_seed20700713,TRAIN,970,0.985553839890124,,,
d,D1_seed20700713,TRAIN,971,0.9386126017390668,,,
d,D1_seed20700713,TRAIN,972,1.0083498587812452,,,
d,D1_seed20700713,TRAIN,973,0.9529478981082016,,,
d,D1_seed20700713,TRAIN,974,0.9919829097917598,,,
d,D1_seed20700713,TRAIN,975,1.0054222524259167,,,
d,D1_seed20700713,TRAIN,976,0.9961278842716708,,,
d,D1_seed20700713,TRAIN,977,0.9854894705514814,,,
d,D1_seed20700713,TRAIN,978,0.9694119060314745,,,
d,D1_seed20700713,TRAIN,979,1.0082836677862002,,,
d,D1_seed20700713,TRAIN,980,0.9385254944760307,,,
d,D1_seed20700713,TRAIN,981,0.991918145645616,,,
d,D1_seed20700713,TRAIN,982,0.9528627192903877,,,
d,D1_seed20700713,TRAIN,983,0.9960607433107604,,,
d,D1_seed20700713,TRAIN,984,1.0053387891541063,,,
d,D1_seed20700713,TRAIN,985,0.9960417066092835,,,
d,D1_seed20700713,TRAIN,986,1.008218410931007,,,
d,D1_seed20700713,TRAIN,987,0.9693269869701764,,,
d,D1_seed20700713,TRAIN,988,0.9384494424021861,,,
d,D1_seed20700713,TRAIN,989,0.9853812203857544,,,
d,D1_seed20700713,TRAIN,990,1.0052839365338018,,,
d,D1_seed20700713,TRAIN,991,0.9918271425938925,,,
d,D1_seed20700713,TRAIN,992,0.952769984501118,,,
d,D1_seed20700713,TRAIN,993,0.9692713444505607,,,
d,D1_seed20700713,TRAIN,994,1.0052479369224459,,,
d,D1_seed20700713,TRAIN,995,0.9959478987605379,,,
d,D1_seed20700713,TRAIN,996,1.008126990609235,,,
d,D1_seed20700713,TRAIN,997,0.9527244868290968,,,
d,D1_seed20700713,TRAIN,998,0.9853021261596878,,,
d,D1_seed20700713,TRAIN,999,0.9383472896240775,,,
d,D1_seed20700713,TRAIN,1000,0.9917473677096473,,,
d,D1_seed20700713,TRAIN,1001,1.0051857345555963,,,
d,D1_seed20700713,TRAIN,1002,0.9852676509804341,,,
d,D1_seed20700713,TRAIN,1003,0.9691805599514087,,,
d,D1_seed20700713,TRAIN,1004,0.952661926105623,,,
d,D1_seed20700713,TRAIN,1005,0.9382929884601868,,,
d,D1_seed20700713,TRAIN,1006,0.9916954891771371,,,
d,D1_seed20700713,TRAIN,1007,1.0080295415341451,,,
d,D1_seed20700713,TRAIN,1008,0.9958301501591719,,,
d,D1_seed20700713,TRAIN,1009,0.9526180412152574,,,
d,D1_seed20700713,TRAIN,1010,0.995812321313525,,,
d,D1_seed20700713,TRAIN,1011,1.007994712061269,,,
d,D1_seed20700713,TRAIN,1012,0.9851830879205673,,,
d,D1_seed20700713,TRAIN,1013,0.9382218196000024,,,
d,D1_seed20700713,TRAIN,1014,0.9690836051675888,,,
d,D1_seed20700713,TRAIN,1015,0.9916187694821661,,,
d,D1_seed20700713,TRAIN,1016,1.005056581653491,,,
d,D1_seed20700713,TRAIN,1017,0.9916019674029513,,,
d,D1_seed20700713,TRAIN,1018,1.0050397216424347,,,
d,D1_seed20700713,TRAIN,1019,0.9525316927348558,,,
d,D1_seed20700713,TRAIN,1020,1.0079175915488032,,,
d,D1_seed20700713,TRAIN,1021,0.9851086851033192,,,
d,D1_seed20700713,TRAIN,1022,0.9381434535947425,,,
d,D1_seed20700713,TRAIN,1023,0.9956986139059354,,,
d,D1_seed20700713,TRAIN,1024,0.9689977771869092,,,
d,D1_seed20700713,TRAIN,1025,0.9381177460410568,,,
d,D1_seed20700713,TRAIN,1026,0.968980869930411,,,
d,D1_seed20700713,TRAIN,1027,1.0049649382663024,,,
d,D1_seed20700713,TRAIN,1028,0.9524559064687198,,,
d,D1_seed20700713,TRAIN,1029,0.9850440734244457,,,
d,D1_seed20700713,TRAIN,1030,0.9956392456927493,,,
d,D1_seed20700713,TRAIN,1031,0.9914870017284181,,,
d,D1_seed20700713,TRAIN,1032,1.0078178023722548,,,
d,D1_seed20700713,TRAIN,1033,1.00491606203865,,,
d,D1_seed20700713,TRAIN,1034,0.9380417915268667,,,
d,D1_seed20700713,TRAIN,1035,0.9849964721267196,,,
d,D1_seed20700713,TRAIN,1036,0.9955890668902989,,,
d,D1_seed20700713,TRAIN,1037,0.9523818961293208,,,
d,D1_seed20700713,TRAIN,1038,0.9688812774668091,,,
d,D1_seed20700713,TRAIN,1039,1.0077609402983094,,,
d,D1_seed20700713,TRAIN,1040,0.9914151760072675,,,
d,D1_seed20700713,TRAIN,1041,1.0077448689080635,,,
d,D1_seed20700713,TRAIN,1042,0.995539604220694,,,
d,D1_seed20700713,TRAIN,1043,0.9913914964880538,,,
d,D1_seed20700713,TRAIN,1044,0.937959408557332,,,
d,D1_seed20700713,TRAIN,1045,0.9688245621370509,,,
d,D1_seed20700713,TRAIN,1046,0.9849109945146367,,,
d,D1_seed20700713,TRAIN,1047,0.952301622655818,,,
d,D1_seed20700713,TRAIN,1048,1.0047971154744146,,,
d,D1_seed20700713,TRAIN,1049,0.9913448555696338,,,
d,D1_seed20700713,TRAIN,1050,0.9687848179339519,,,
d,D1_seed20700713,TRAIN,1051,0.99546680303411,,,
d,D1_seed20700713,TRAIN,1052,0.9378951993357721,,,
d,D1_seed20700713,TRAIN,1053,0.9522546053433948,,,
d,D1_seed20700713,TRAIN,1054,0.9848505922289796,,,
d,D1_seed20700713,TRAIN,1055,1.0047433718175385,,,
d,D1_seed20700713,TRAIN,1056,1.0076271846286524,,,
d,D1_seed20700713,TRAIN,1057,0.9912840994334822,,,
d,D1_seed20700713,TRAIN,1058,1.0047206476082726,,,
d,D1_seed20700713,TRAIN,1059,0.9687146293233987,,,
d,D1_seed20700713,TRAIN,1060,0.984806167894716,,,
d,D1_seed20700713,TRAIN,1061,0.9521931254302486,,,
d,D1_seed20700713,TRAIN,1062,1.007581559585904,,,
d,D1_seed20700713,TRAIN,1063,0.9953729970687984,,,
d,D1_seed20700713,TRAIN,1064,0.9378015551139209,,,
d,D1_seed20700713,TRAIN,1065,0.9912246544104254,,,
d,D1_seed20700713,TRAIN,1066,1.00466091679116,,,
d,D1_seed20700713,TRAIN,1067,0.9953423085814553,,,
d,D1_seed20700713,TRAIN,1068,0.9521403735752879,,,
d,D1_seed20700713,TRAIN,1069,0.9377633833035047,,,
d,D1_seed20700713,TRAIN,1070,1.0075217519835387,,,
d,D1_seed20700713,TRAIN,1071,0.9847265138266841,,,
d,D1_seed20700713,TRAIN,1072,0.9686161881838226,,,
d,D1_seed20700713,TRAIN,1073,0.9911663818891355,,,
d,D1_seed20700713,TRAIN,1074,0.9847052411664641,,,
d,D1_seed20700713,TRAIN,1075,0.9520887019267071,,,
d,D1_seed20700713,TRAIN,1076,1.0074778981128372,,,
d,D1_seed20700713,TRAIN,1077,0.9377035769313339,,,
d,D1_seed20700713,TRAIN,1078,0.9685720991368038,,,
d,D1_seed20700713,TRAIN,1079,0.9952525272776265,,,
d,D1_seed20700713,TRAIN,1080,1.00455967590376,,,
d,D1_seed20700713,TRAIN,1081,0.9376741665128582,,,
d,D1_seed20700713,TRAIN,1082,0.984649478632787,,,
d,D1_seed20700713,TRAIN,1083,0.952030965459085,,,
d,D1_seed20700713,TRAIN,1084,0.9685286752181269,,,
d,D1_seed20700713,TRAIN,1085,1.0074136025447193,,,
d,D1_seed20700713,TRAIN,1086,0.9910749294564664,,,
d,D1_seed20700713,TRAIN,1087,0.9951945214099548,,,
d,D1_seed20700713,TRAIN,1088,1.004503617189053,,,
d,D1_seed20700713,TRAIN,1089,1.0073854649198848,,,
d,D1_seed20700713,TRAIN,1090,0.9376091592942402,,,
d,D1_seed20700713,TRAIN,1091,1.0044828318497205,,,
d,D1_seed20700713,TRAIN,1092,0.9684717917419,,,
d,D1_seed20700713,TRAIN,1093,0.9951515774174673,,,
d,D1_seed20700713,TRAIN,1094,0.9519534421299912,,,
d,D1_seed20700713,TRAIN,1095,0.9910131802777696,,,
d,D1_seed20700713,TRAIN,1096,0.9845545892839781,,,
d,D1_seed20700713,TRAIN,1097,1.0073299737847592,,,
d,D1_seed20700713,TRAIN,1098,0.9845413472807182,,,
d,D1_seed20700713,TRAIN,1099,0.9519190221775453,,,
d,D1_seed20700713,TRAIN,1100,1.004421626266598,,,
d,D1_seed20700713,TRAIN,1101,0.937531789329225,,,
d,D1_seed20700713,TRAIN,1102,0.9909664219069457,,,
d,D1_seed20700713,TRAIN,1103,0.9683957405288468,,,
d,D1_seed20700713,TRAIN,1104,0.9950750412144547,,,
d,D1_seed20700713,TRAIN,1105,0.9909467111117326,,,
d,D1_seed20700713,TRAIN,1106,1.0072693638605854,,,
d,D1_seed20700713,TRAIN,1107,0.9374907519402763,,,
d,D1_seed20700713,TRAIN,1108,0.951858473651249,,,
d,D1_seed20700713,TRAIN,1109,0.9844700399663299,,,
d,D1_seed20700713,TRAIN,1110,1.0043557240392644,,,
d,D1_seed20700713,TRAIN,1111,0.9950275795365338,,,
d,D1_seed20700713,TRAIN,1112,0.9683354450962065,,,
d,D1_seed20700713,TRAIN,1113,0.9374504362588563,,,
d,D1_seed20700713,TRAIN,1114,1.0043298723357774,,,
d,D1_seed20700713,TRAIN,1115,0.984432099371922,,,
d,D1_seed20700713,TRAIN,1116,0.9908757787298688,,,
d,D1_seed20700713,TRAIN,1117,0.9949877368848681,,,
d,D1_seed20700713,TRAIN,1118,0.9517930465534151,,,
d,D1_seed20700713,TRAIN,1119,0.9682896106478467,,,
d,D1_seed20700713,TRAIN,1120,1.0071781710168688,,,
d,D1_seed20700713,TRAIN,1121,0.9908442847544171,,,
d,D1_seed20700713,TRAIN,1122,0.9949549923685385,,,
d,D1_seed20700713,TRAIN,1123,0.9682638169655011,,,
d,D1_seed20700713,TRAIN,1124,1.007152700902608,,,
d,D1_seed20700713,TRAIN,1125,0.9373717868862147,,,
d,D1_seed20700713,TRAIN,1126,1.0042540550071886,,,
d,D1_seed20700713,TRAIN,1127,0.9517356388997938,,,
d,D1_seed20700713,TRAIN,1128,0.9843519922686335,,,
d,D1_seed20700713,TRAIN,1129,0.9517231043905445,,,
d,D1_seed20700713,TRAIN,1130,1.0071151205847604,,,
d,D1_seed20700713,TRAIN,1131,0.98433400105098,,,
d,D1_seed20700713,TRAIN,1132,0.9373271976727123,,,
d,D1_seed20700713,TRAIN,1133,0.9948846520111533,,,
d,D1_seed20700713,TRAIN,1134,0.9681944552932241,,,
d,D1_seed20700713,TRAIN,1135,1.004199026548776,,,
d,D1_seed20700713,TRAIN,1136,0.9907524901986513,,,
d,D1_seed20700713,TRAIN,1137,0.9372959580757458,,,
d,D1_seed20700713,TRAIN,1138,1.007066237637047,,,
d,D1_seed20700713,TRAIN,1139,0.9842867938179013,,,
d,D1_seed20700713,TRAIN,1140,0.9948411966485965,,,
d,D1_seed20700713,TRAIN,1141,0.9516495804228488,,,
d,D1_seed20700713,TRAIN,1142,0.9907169610497888,,,
d,D1_seed20700713,TRAIN,1143,0.968139453763709,,,
d,D1_seed20700713,TRAIN,1144,1.004145478667405,,,
d,D1_seed20700713,TRAIN,1145,0.9372469491940676,,,
d,D1_seed20700713,TRAIN,1146,1.0041337742631615,,,
d,D1_seed20700713,TRAIN,1147,0.9516138086222302,,,
d,D1_seed20700713,TRAIN,1148,0.9906821291065667,,,
d,D1_seed20700713,TRAIN,1149,1.0070008897739327,,,
d,D1_seed20700713,TRAIN,1150,0.9680977051819094,,,
d,D1_seed20700713,TRAIN,1151,0.9947747701195498,,,
d,D1_seed20700713,TRAIN,1152,0.9842124428659773,,,
d,D1_seed20700713,TRAIN,1153,1.0040933458030261,,,
d,D1_seed20700713,TRAIN,1154,0.9515728452351093,,,
d,D1_seed20700713,TRAIN,1155,0.9371872924934526,,,
d,D1_seed20700713,TRAIN,1156,1.0069603916944472,,,
d,D1_seed20700713,TRAIN,1157,0.9906310172249276,,,
d,D1_seed20700713,TRAIN,1158,0.9841791006372301,,,
d,D1_seed20700713,TRAIN,1159,0.968045286288386,,,
d,D1_seed20700713,TRAIN,1160,0.9947220522325432,,,
d,D1_seed20700713,TRAIN,1161,0.9515328064182651,,,
d,D1_seed20700713,TRAIN,1162,1.0069264082712892,,,
d,D1_seed20700713,TRAIN,1163,0.9371409169978745,,,
d,D1_seed20700713,TRAIN,1164,1.004031589332404,,,
d,D1_seed20700713,TRAIN,1165,0.9905867590153892,,,
d,D1_seed20700713,TRAIN,1166,0.9841356129055272,,,
d,D1_seed20700713,TRAIN,1167,0.9679999374391831,,,
d,D1_seed20700713,TRAIN,1168,0.9946763797147469,,,
d,D1_seed20700713,TRAIN,1169,1.0068875200068583,,,
d,D1_seed20700713,TRAIN,1170,1.0039987642790007,,,
d,D1_seed20700713,TRAIN,1171,0.99465944979556,,,
d,D1_seed20700713,TRAIN,1172,0.9905488014538947,,,
d,D1_seed20700713,TRAIN,1173,0.984098311810421,,,
d,D1_seed20700713,TRAIN,1174,0.9514605605364695,,,
d,D1_seed20700713,TRAIN,1175,0.9370733239971833,,,
d,D1_seed20700713,TRAIN,1176,0.9679501472540325,,,
d,D1_seed20700713,TRAIN,1177,0.9946260513441686,,,
d,D1_seed20700713,TRAIN,1178,1.003955859758356,,,
d,D1_seed20700713,TRAIN,1179,0.9370513705654274,,,
d,D1_seed20700713,TRAIN,1180,0.9514282194279897,,,
d,D1_seed20700713,TRAIN,1181,0.9840567508294012,,,
d,D1_seed20700713,TRAIN,1182,0.9904960358460291,,,
d,D1_seed20700713,TRAIN,1183,1.0068120585843738,,,
d,D1_seed20700713,TRAIN,1184,0.9679071427930139,,,
d,D1_seed20700713,TRAIN,1185,0.9840364248177564,,,
d,D1_seed20700713,TRAIN,1186,1.0067963757115086,,,
d,D1_seed20700713,TRAIN,1187,0.9370083696453259,,,
d,D1_seed20700713,TRAIN,1188,0.9904652819087718,,,
d,D1_seed20700713,TRAIN,1189,0.9678808412315264,,,
d,D1_seed20700713,TRAIN,1190,0.9513757833627783,,,
d,D1_seed20700713,TRAIN,1191,1.003888631748619,,,
d,D1_seed20700713,TRAIN,1192,0.9945458295098129,,,
d,D1_seed20700713,TRAIN,1193,0.9945405975455696,,,
d,D1_seed20700713,TRAIN,1194,0.9369716038380698,,,
d,D1_seed20700713,TRAIN,1195,1.006750160350921,,,
d,D1_seed20700713,TRAIN,1196,0.9839817221859706,,,
d,D1_seed20700713,TRAIN,1197,0.967839515643055,,,
d,D1_seed20700713,TRAIN,1198,1.003853442831365,,,
d,D1_seed20700713,TRAIN,1199,0.9513298280627408,,,
d,D1_seed20700713,TRAIN,1200,0.9904053275533364,,,
d,D1_seed20700713,TRAIN,1201,0.9904004394740654,,,
d,D1_seed20700713,TRAIN,1202,0.9839526360549182,,,
d,D1_seed20700713,TRAIN,1203,0.9944891426593886,,,
d,D1_seed20700713,TRAIN,1204,1.0038239543443008,,,
d,D1_seed20700713,TRAIN,1205,0.9677992426130512,,,
d,D1_seed20700713,TRAIN,1206,0.9512950385024712,,,
d,D1_seed20700713,TRAIN,1207,1.0066904390530587,,,
d,D1_seed20700713,TRAIN,1208,0.9369003337495024,,,
d,D1_seed20700713,TRAIN,1209,0.9944590571282251,,,
d,D1_seed20700713,TRAIN,1210,0.9512754676230226,,,
d,D1_seed20700713,TRAIN,1211,1.0066710167377502,,,
d,D1_seed20700713,TRAIN,1212,0.9677647769023022,,,
d,D1_seed20700713,TRAIN,1213,0.9839007066691156,,,
d,D1_seed20700713,TRAIN,1214,1.0037759403218474,,,
d,D1_seed20700713,TRAIN,1215,0.9368658222510947,,,
d,D1_seed20700713,TRAIN,1216,0.9903288141801894,,,
d,D1_seed20700713,TRAIN,1217,0.9944198381887911,,,
d,D1_seed20700713,TRAIN,1218,0.9677358340523318,,,
d,D1_seed20700713,TRAIN,1219,0.990314882588751,,,
d,D1_seed20700713,TRAIN,1220,1.0066282105927704,,,
d,D1_seed20700713,TRAIN,1221,0.983864047452733,,,
d,D1_seed20700713,TRAIN,1222,1.003738614647061,,,
d,D1_seed20700713,TRAIN,1223,0.9368273286622341,,,
d,D1_seed20700713,TRAIN,1224,0.9512088669065039,,,
d,D1_seed20700713,TRAIN,1225,0.9512042353377451,,,
d,D1_seed20700713,TRAIN,1226,0.9902829174182345,,,
d,D1_seed20700713,TRAIN,1227,1.0037158204524006,,,
d,D1_seed20700713,TRAIN,1228,0.9676888776196935,,,
d,D1_seed20700713,TRAIN,1229,0.9838284057682439,,,
d,D1_seed20700713,TRAIN,1230,1.0065821946620024,,,
d,D1_seed20700713,TRAIN,1231,0.9943536780320323,,,
d,D1_seed20700713,TRAIN,1232,0.9367852919125244,,,
d,D1_seed20700713,TRAIN,1233,0.9367806859989796,,,
d,D1_seed20700713,TRAIN,1234,0.9902473656507118,,,
d,D1_seed20700713,TRAIN,1235,1.0036800818000688,,,
d,D1_seed20700713,TRAIN,1236,0.9837979402693011,,,
d,D1_seed20700713,TRAIN,1237,0.9511497874241968,,,
d,D1_seed20700713,TRAIN,1238,0.9943217119717626,,,
d,D1_seed20700713,TRAIN,1239,0.9676389646235994,,,
d,D1_seed20700713,TRAIN,1240,1.0065376097312322,,,
d,D1_seed20700713,TRAIN,1241,1.0065332116317394,,,
d,D1_seed20700713,TRAIN,1242,0.9943036932942081,,,
d,D1_seed20700713,TRAIN,1243,0.9511232572411714,,,
d,D1_seed20700713,TRAIN,1244,0.9902040070907655,,,
d,D1_seed20700713,TRAIN,1245,1.003636572594677,,,
d,D1_seed20700713,TRAIN,1246,0.9367220842989036,,,
d,D1_seed20700713,TRAIN,1247,0.9837512671482835,,,
d,D1_seed20700713,TRAIN,1248,0.9675992506728794,,,
d,D1_seed20700713,TRAIN,1249,0.9510972022795402,,,
d,D1_seed20700713,TRAIN,1250,0.9675906014954145,,,
d,D1_seed20700713,TRAIN,1251,1.0064899711344855,,,
d,D1_seed20700713,TRAIN,1252,0.9942596042406457,,,
d,D1_seed20700713,TRAIN,1253,0.9366915108972791,,,
d,D1_seed20700713,TRAIN,1254,0.9901619865809086,,,
d,D1_seed20700713,TRAIN,1255,1.0035944001135986,,,
d,D1_seed20700713,TRAIN,1256,0.9837143067195964,,,
d,D1_seed20700713,TRAIN,1257,0.9901496328469324,,,
d,D1_seed20700713,TRAIN,1258,0.9837062442805532,,,
d,D1_seed20700713,TRAIN,1259,1.0064564003858623,,,
d,D1_seed20700713,TRAIN,1260,0.9366616267068948,,,
d,D1_seed20700713,TRAIN,1261,0.9510466362225137,,,
d,D1_seed20700713,TRAIN,1262,1.0035657338600341,,,
d,D1_seed20700713,TRAIN,1263,0.9675356740480698,,,
d,D1_seed20700713,TRAIN,1264,0.9942086309537712,,,
d,D1_seed20700713,TRAIN,1265,1.0064318319195076,,,
d,D1_seed20700713,TRAIN,1266,0.9510261207521802,,,
d,D1_seed20700713,TRAIN,1267,0.9675191784332554,,,
d,D1_seed20700713,TRAIN,1268,0.9366282511294759,,,
d,D1_seed20700713,TRAIN,1269,1.0035376051804723,,,
d,D1_seed20700713,TRAIN,1270,0.983658893948879,,,
d,D1_seed20700713,TRAIN,1271,0.9900936226297273,,,
d,D1_seed20700713,TRAIN,1272,0.9941757074865253,,,
d,D1_seed20700713,TRAIN,1273,1.0035218144291864,,,
d,D1_seed20700713,TRAIN,1274,0.9509939017808117,,,
d,D1_seed20700713,TRAIN,1275,0.9941635341744133,,,
d,D1_seed20700713,TRAIN,1276,0.9900741470755935,,,
d,D1_seed20700713,TRAIN,1277,0.9836320294790755,,,
d,D1_seed20700713,TRAIN,1278,1.0063799834689422,,,
d,D1_seed20700713,TRAIN,1279,0.9674709271027193,,,
d,D1_seed20700713,TRAIN,1280,0.9365796541478687,,,
d,D1_seed20700713,TRAIN,1281,0.9509663551325838,,,
d,D1_seed20700713,TRAIN,1282,0.9836131977279683,,,
d,D1_seed20700713,TRAIN,1283,0.936567815111532,,,
d,D1_seed20700713,TRAIN,1284,1.0034793889027491,,,
d,D1_seed20700713,TRAIN,1285,0.9941238137149493,,,
d,D1_seed20700713,TRAIN,1286,1.0063491636219115,,,
d,D1_seed20700713,TRAIN,1287,0.9674397961573284,,,
d,D1_seed20700713,TRAIN,1288,0.9900286623735607,,,
d,D1_seed20700713,TRAIN,1289,0.9674321062461634,,,
d,D1_seed20700713,TRAIN,1290,0.9835836956832464,,,
d,D1_seed20700713,TRAIN,1291,0.994100529619,,,
d,D1_seed20700713,TRAIN,1292,1.0034493868467693,,,
d,D1_seed20700713,TRAIN,1293,0.9509205252530457,,,
d,D1_seed20700713,TRAIN,1294,0.9900064922913868,,,
d,D1_seed20700713,TRAIN,1295,1.0063152588828244,,,
d,D1_seed20700713,TRAIN,1296,0.9365176112268023,,,
d,D1_seed20700713,TRAIN,1297,0.9899955519220945,,,
d,D1_seed20700713,TRAIN,1298,0.9940738470341937,,,
d,D1_seed20700713,TRAIN,1299,0.9835512711341844,,,
d,D1_seed20700713,TRAIN,1300,0.9365025612174253,,,
d,D1_seed20700713,TRAIN,1301,0.9673870026019606,,,
d,D1_seed20700713,TRAIN,1302,1.0062895187299798,,,
d,D1_seed20700713,TRAIN,1303,0.9508835734586181,,,
d,D1_seed20700713,TRAIN,1304,1.0034057367298859,,,
d,D1_seed20700713,TRAIN,1305,1.0062786606530738,,,
d,D1_seed20700713,TRAIN,1306,1.0033985973471737,,,
d,D1_seed20700713,TRAIN,1307,0.9835231872472358,,,
d,D1_seed20700713,TRAIN,1308,0.9673613983974355,,,
d,D1_seed20700713,TRAIN,1309,0.9899527708007775,,,
d,D1_seed20700713,TRAIN,1310,0.9940294217675721,,,
d,D1_seed20700713,TRAIN,1311,0.9508547267351578,,,
d,D1_seed20700713,TRAIN,1312,0.9364584155266428,,,
d,D1_seed20700713,TRAIN,1313,0.9940185507309985,,,
d,D1_seed20700713,TRAIN,1314,1.0062466072814955,,,
d,D1_seed20700713,TRAIN,1315,1.0033669801116416,,,
d,D1_seed20700713,TRAIN,1316,0.9899284524128245,,,
d,D1_seed20700713,TRAIN,1317,0.9364404377919825,,,
d,D1_seed20700713,TRAIN,1318,0.9508300203012832,,,
d,D1_seed20700713,TRAIN,1319,0.9834822067580822,,,
d,D1_seed20700713,TRAIN,1320,0.9673186924089924,,,
d,D1_seed20700713,TRAIN,1321,0.9673152103406423,,,
d,D1_seed20700713,TRAIN,1322,1.0033429851746898,,,
d,D1_seed20700713,TRAIN,1323,0.9834689144051041,,,
d,D1_seed20700713,TRAIN,1324,0.9939795344889423,,,
d,D1_seed20700713,TRAIN,1325,0.9898980316414872,,,
d,D1_seed20700713,TRAIN,1326,0.9508024683835199,,,
d,D1_seed20700713,TRAIN,1327,0.9364053736288371,,,
d,D1_seed20700713,TRAIN,1328,1.0061984536465582,,,
d,D1_seed20700713,TRAIN,1329,0.9507923107191212,,,
d,D1_seed20700713,TRAIN,1330,0.9939588197249709,,,
d,D1_seed20700713,TRAIN,1331,0.9898781887250842,,,
d,D1_seed20700713,TRAIN,1332,0.9363882222760663,,,
d,D1_seed20700713,TRAIN,1333,1.0033062915982787,,,
d,D1_seed20700713,TRAIN,1334,0.9672707975512329,,,
d,D1_seed20700713,TRAIN,1335,1.0061750941483725,,,
d,D1_seed20700713,TRAIN,1336,0.9834266869873268,,,
d,D1_seed20700713,TRAIN,1337,0.9507655879738718,,,
d,D1_seed20700713,TRAIN,1338,1.0061652179848308,,,
d,D1_seed20700713,TRAIN,1339,0.967254112906421,,,
d,D1_seed20700713,TRAIN,1340,0.9898489980088032,,,
d,D1_seed20700713,TRAIN,1341,0.9363578943726271,,,
d,D1_seed20700713,TRAIN,1342,0.9939183441401295,,,
d,D1_seed20700713,TRAIN,1343,0.9834045554077169,,,
d,D1_seed20700713,TRAIN,1344,1.0032706537772655,,,
d,D1_seed20700713,TRAIN,1345,0.9833983081753906,,,
d,D1_seed20700713,TRAIN,1346,0.9507362120399885,,,
d,D1_seed20700713,TRAIN,1347,0.9363381067045081,,,
d,D1_seed20700713,TRAIN,1348,1.0061329040869715,,,
d,D1_seed20700713,TRAIN,1349,1.003254838809223,,,
d,D1_seed20700713,TRAIN,1350,0.9938921333870643,,,
d,D1_seed20700713,TRAIN,1351,0.9898143154136633,,,
d,D1_seed20700713,TRAIN,1352,0.9672118173627942,,,
d,D1_seed20700713,TRAIN,1353,0.9507138517426034,,,
d,D1_seed20700713,TRAIN,1354,0.9898049987679081,,,
d,D1_seed20700713,TRAIN,1355,0.9672022537202216,,,
d,D1_seed20700713,TRAIN,1356,0.9938727599021797,,,
d,D1_seed20700713,TRAIN,1357,0.9363057765210316,,,
d,D1_seed20700713,TRAIN,1358,1.003226799312594,,,
d,D1_seed20700713,TRAIN,1359,1.0060982509631013,,,
d,D1_seed20700713,TRAIN,1360,0.9833524697877455,,,
d,D1_seed20700713,TRAIN,1361,0.9938568118795816,,,
d,D1_seed20700713,TRAIN,1362,0.9833464696228108,,,
d,D1_seed20700713,TRAIN,1363,0.9506825358166918,,,
d,D1_seed20700713,TRAIN,1364,1.003208434630117,,,
d,D1_seed20700713,TRAIN,1365,0.9671708534180828,,,
d,D1_seed20700713,TRAIN,1366,0.9362773211670051,,,
d,D1_seed20700713,TRAIN,1367,1.0060736189162658,,,
d,D1_seed20700713,TRAIN,1368,0.9897624474441634,,,
d,D1_seed20700713,TRAIN,1369,1.0060675400737211,,,
d,D1_seed20700713,TRAIN,1370,0.9897564803124406,,,
d,D1_seed20700713,TRAIN,1371,1.0031873573266983,,,
d,D1_seed20700713,TRAIN,1372,0.9506550020223279,,,
d,D1_seed20700713,TRAIN,1373,0.9833140459605938,,,
d,D1_seed20700713,TRAIN,1374,0.9671432411293859,,,
d,D1_seed20700713,TRAIN,1375,0.9938132540659053,,,
d,D1_seed20700713,TRAIN,1376,0.9362464413377498,,,
d,D1_seed20700713,TRAIN,1377,0.9897358458777363,,,
d,D1_seed20700713,TRAIN,1378,1.003166648170277,,,
d,D1_seed20700713,TRAIN,1379,0.9362373277314998,,,
d,D1_seed20700713,TRAIN,1380,1.006034615181593,,,
d,D1_seed20700713,TRAIN,1381,0.9832910187439389,,,
d,D1_seed20700713,TRAIN,1382,0.9937920230062035,,,
d,D1_seed20700713,TRAIN,1383,0.9506221711046297,,,
d,D1_seed20700713,TRAIN,1384,0.9671132689427224,,,
d,D1_seed20700713,TRAIN,1385,1.0060199210725806,,,
d,D1_seed20700713,TRAIN,1386,0.9937800173413778,,,
d,D1_seed20700713,TRAIN,1387,0.9506104111289727,,,
d,D1_seed20700713,TRAIN,1388,0.9671014367309161,,,
d,D1_seed20700713,TRAIN,1389,0.9832683528655712,,,
d,D1_seed20700713,TRAIN,1390,0.9362043800324484,,,
d,D1_seed20700713,TRAIN,1391,0.989695529469402,,,
d,D1_seed20700713,TRAIN,1392,1.0031261785646934,,,
d,D1_seed20700713,TRAIN,1393,0.9670868262494008,,,
d,D1_seed20700713,TRAIN,1394,0.9505901040204022,,,
d,D1_seed20700713,TRAIN,1395,0.9896842796018163,,,
d,D1_seed20700713,TRAIN,1396,0.9361867829152991,,,
d,D1_seed20700713,TRAIN,1397,1.0031120509551574,,,
d,D1_seed20700713,TRAIN,1398,0.9937447478776681,,,
d,D1_seed20700713,TRAIN,1399,0.983240666343909,,,
d,D1_seed20700713,TRAIN,1400,1.0059768336590218,,,
d,D1_seed20700713,TRAIN,1401,0.9505701228527091,,,
d,D1_seed20700713,TRAIN,1402,1.005971185379651,,,
d,D1_seed20700713,TRAIN,1403,0.9937302841014085,,,
d,D1_seed20700713,TRAIN,1404,0.9361636226139457,,,
d,D1_seed20700713,TRAIN,1405,0.989656488839345,,,
d,D1_seed20700713,TRAIN,1406,1.0030869211540467,,,
d,D1_seed20700713,TRAIN,1407,0.9670466992532263,,,
d,D1_seed20700713,TRAIN,1408,0.9832161356502366,,,
d,D1_seed20700713,TRAIN,1409,0.9896454899681817,,,
d,D1_seed20700713,TRAIN,1410,1.0059487529852653,,,
d,D1_seed20700713,TRAIN,1411,0.9670354274675064,,,
d,D1_seed20700713,TRAIN,1412,0.9505391944710294,,,
d,D1_seed20700713,TRAIN,1413,0.9937016862969621,,,
d,D1_seed20700713,TRAIN,1414,0.9832000220694674,,,
d,D1_seed20700713,TRAIN,1415,1.0030622076706504,,,
d,D1_seed20700713,TRAIN,1416,0.9361294980331302,,,
d,D1_seed20700713,TRAIN,1417,1.0030567709922082,,,
d,D1_seed20700713,TRAIN,1418,0.9831893783200194,,,
d,D1_seed20700713,TRAIN,1419,0.9936848190673983,,,
d,D1_seed20700713,TRAIN,1420,0.9670103499398635,,,
d,D1_seed20700713,TRAIN,1421,0.9896130177506363,,,
d,D1_seed20700713,TRAIN,1422,1.0059157539171593,,,
d,D1_seed20700713,TRAIN,1423,0.950508876746612,,,
d,D1_seed20700713,TRAIN,1424,0.9361071443001662,,,
d,D1_seed20700713,TRAIN,1425,1.0059076049662514,,,
d,D1_seed20700713,TRAIN,1426,0.9361016048838153,,,
d,D1_seed20700713,TRAIN,1427,0.9895970217121955,,,
d,D1_seed20700713,TRAIN,1428,1.003027188665268,,,
d,D1_seed20700713,TRAIN,1429,0.9936570536709273,,,
d,D1_seed20700713,TRAIN,1430,0.9504898758474375,,,
d,D1_seed20700713,TRAIN,1431,0.9831552533384278,,,
d,D1_seed20700713,TRAIN,1432,0.9669774935175453,,,
d,D1_seed20700713,TRAIN,1433,0.9504818024382751,,,
d,D1_seed20700713,TRAIN,1434,1.0030112784943186,,,
d,D1_seed20700713,TRAIN,1435,1.0058807558321865,,,
d,D1_seed20700713,TRAIN,1436,0.9936379060518397,,,
d,D1_seed20700713,TRAIN,1437,0.9669639735682833,,,
d,D1_seed20700713,TRAIN,1438,0.9360687055017259,,,
d,D1_seed20700713,TRAIN,1439,0.9895654824806013,,,
d,D1_seed20700713,TRAIN,1440,0.9831320205063624,,,
d,D1_seed20700713,TRAIN,1441,0.9936243071669788,,,
d,D1_seed20700713,TRAIN,1442,1.0029902341962897,,,
d,D1_seed20700713,TRAIN,1443,0.9831243344916925,,,
d,D1_seed20700713,TRAIN,1444,0.9504524321932427,,,
d,D1_seed20700713,TRAIN,1445,0.9669425258720666,,,
d,D1_seed20700713,TRAIN,1446,0.9360470785828252,,,
d,D1_seed20700713,TRAIN,1447,1.0058489915922855,,,
d,D1_seed20700713,TRAIN,1448,0.9895421811293227,,,
d,D1_seed20700713,TRAIN,1449,0.9669319009604377,,,
d,D1_seed20700713,TRAIN,1450,0.9936001101025499,,,
d,D1_seed20700713,TRAIN,1451,0.9831040166315366,,,
d,D1_seed20700713,TRAIN,1452,0.9360310069786757,,,
d,D1_seed20700713,TRAIN,1453,1.0029617007659297,,,
d,D1_seed20700713,TRAIN,1454,0.9504261292824074,,,
d,D1_seed20700713,TRAIN,1455,1.005828102455167,,,
d,D1_seed20700713,TRAIN,1456,0.9895216824575297,,,
d,D1_seed20700713,TRAIN,1457,0.9830888990263374,,,
d,D1_seed20700713,TRAIN,1458,1.0058203171991669,,,
d,D1_seed20700713,TRAIN,1459,0.9360124021382893,,,
d,D1_seed20700713,TRAIN,1460,0.9895114989402206,,,
d,D1_seed20700713,TRAIN,1461,0.9669003087058337,,,
d,D1_seed20700713,TRAIN,1462,0.9504053073848394,,,
d,D1_seed20700713,TRAIN,1463,1.0029360852125269,,,
d,D1_seed20700713,TRAIN,1464,0.9935629686574448,,,
d,D1_seed20700713,TRAIN,1465,0.935996566944115,,,
d,D1_seed20700713,TRAIN,1466,1.0029284352377315,,,
d,D1_seed20700713,TRAIN,1467,0.9894937792429378,,,
d,D1_seed20700713,TRAIN,1468,0.9830614195505305,,,
d,D1_seed20700713,TRAIN,1469,1.0057919612539497,,,
d,D1_seed20700713,TRAIN,1470,0.9935471718679043,,,
d,D1_seed20700713,TRAIN,1471,0.9668742366754053,,,
d,D1_seed20700713,TRAIN,1472,0.950379442880319,,,
d,D1_seed20700713,TRAIN,1473,0.9830489767280481,,,
d,D1_seed20700713,TRAIN,1474,1.0029081079978777,,,
d,D1_seed20700713,TRAIN,1475,0.9894735895335928,,,
d,D1_seed20700713,TRAIN,1476,0.9503691532590556,,,
d,D1_seed20700713,TRAIN,1477,0.9668586799685801,,,
d,D1_seed20700713,TRAIN,1478,0.9359624519124807,,,
d,D1_seed20700713,TRAIN,1479,1.0057663599349074,,,
d,D1_seed20700713,TRAIN,1480,0.9935210094719149,,,
d,D1_seed20700713,TRAIN,1481,0.935954621674335,,,
d,D1_seed20700713,TRAIN,1482,0.9830267343910719,,,
d,D1_seed20700713,TRAIN,1483,1.0028853957424113,,,
d,D1_seed20700713,TRAIN,1484,1.005753616253397,,,
d,D1_seed20700713,TRAIN,1485,0.9935079696689871,,,
d,D1_seed20700713,TRAIN,1486,0.9894460391014845,,,
d,D1_seed20700713,TRAIN,1487,0.9668328507763636,,,
d,D1_seed20700713,TRAIN,1488,0.9503383966393155,,,
d,D1_seed20700713,TRAIN,1489,0.9830094488879733,,,
d,D1_seed20700713,TRAIN,1490,0.993494898879479,,,
d,D1_seed20700713,TRAIN,1491,1.0057357558884985,,,
d,D1_seed20700713,TRAIN,1492,0.9503281726943494,,,
d,D1_seed20700713,TRAIN,1493,0.9894284911495463,,,
d,D1_seed20700713,TRAIN,1494,1.002857690190861,,,
d,D1_seed20700713,TRAIN,1495,0.9668122517393901,,,
d,D1_seed20700713,TRAIN,1496,0.9359155451085979,,,
d,D1_seed20700713,TRAIN,1497,1.0057204836501539,,,
d,D1_seed20700713,TRAIN,1498,0.9359103462299767,,,
d,D1_seed20700713,TRAIN,1499,0.9894135062333264,,,
d,D1_seed20700713,TRAIN,1500,1.0028426181103391,,,
d,D2_seed20700711,TRAIN,1,1.0220529040886968,,,
d,D2_seed20700711,TRAIN,2,0.9697319299529282,,,
d,D2_seed20700711,TRAIN,3,0.9556331793313602,,,
d,D2_seed20700711,TRAIN,4,0.9863820654517916,,,
d,D2_seed20700711,TRAIN,5,1.0134148206483273,,,
d,D2_seed20700711,TRAIN,6,1.0251838725248184,,,
d,D2_seed20700711,TRAIN,7,1.001808476829828,,,
d,D2_seed20700711,TRAIN,8,1.0085721915153008,,,
d,D2_seed20700711,TRAIN,9,0.9556123022338335,,,
d,D2_seed20700711,TRAIN,10,0.9697044638101311,,,
d,D2_seed20700711,TRAIN,11,1.0251619144873898,,,
d,D2_seed20700711,TRAIN,12,1.0133836314546705,,,
d,D2_seed20700711,TRAIN,13,1.0220073451162588,,,
d,D2_seed20700711,TRAIN,14,1.0017733669851951,,,
d,D2_seed20700711,TRAIN,15,1.0085340955292552,,,
d,D2_seed20700711,TRAIN,16,0.9863218562652033,,,
d,D2_seed20700711,TRAIN,17,0.9863143195772636,,,
d,D2_seed20700711,TRAIN,18,1.0085121202342888,,,
d,D2_seed20700711,TRAIN,19,0.9696442274516289,,,
d,D2_seed20700711,TRAIN,20,1.0219553804121149,,,
d,D2_seed20700711,TRAIN,21,1.0017199829606667,,,
d,D2_seed20700711,TRAIN,22,1.0250797896874384,,,
d,D2_seed20700711,TRAIN,23,0.9555092148035399,,,
d,D2_seed20700711,TRAIN,24,1.013285758370226,,,
d,D2_seed20700711,TRAIN,25,1.0084477607472375,,,
d,D2_seed20700711,TRAIN,26,0.9695758966040471,,,
d,D2_seed20700711,TRAIN,27,1.0132524676529533,,,
d,D2_seed20700711,TRAIN,28,1.021873097979072,,,
d,D2_seed20700711,TRAIN,29,1.0016365501859077,,,
d,D2_seed20700711,TRAIN,30,0.9861810758063154,,,
d,D2_seed20700711,TRAIN,31,0.9554160808337728,,,
d,D2_seed20700711,TRAIN,32,1.024964745579591,,,
d,D2_seed20700711,TRAIN,33,0.9861409834182409,,,
d,D2_seed20700711,TRAIN,34,0.9553746950119455,,,
d,D2_seed20700711,TRAIN,35,1.0131466857071114,,,
d,D2_seed20700711,TRAIN,36,1.0249079999732753,,,
d,D2_seed20700711,TRAIN,37,1.0082942948182358,,,
d,D2_seed20700711,TRAIN,38,1.0217356561500721,,,
d,D2_seed20700711,TRAIN,39,1.001498493038161,,,
d,D2_seed20700711,TRAIN,40,0.9693825214095343,,,
d,D2_seed20700711,TRAIN,41,0.9552643919255785,,,
d,D2_seed20700711,TRAIN,42,1.0130334966400834,,,
d,D2_seed20700711,TRAIN,43,1.021652974039248,,,
d,D2_seed20700711,TRAIN,44,1.0081807598640142,,,
d,D2_seed20700711,TRAIN,45,1.001399995882338,,,
d,D2_seed20700711,TRAIN,46,0.9859305805170433,,,
d,D2_seed20700711,TRAIN,47,1.0247257282404227,,,
d,D2_seed20700711,TRAIN,48,0.9692462755755841,,,
d,D2_seed20700711,TRAIN,49,0.9858787596572138,,,
d,D2_seed20700711,TRAIN,50,1.0246744485656158,,,
d,D2_seed20700711,TRAIN,51,1.0128775157852918,,,
d,D2_seed20700711,TRAIN,52,0.9550738349403513,,,
d,D2_seed20700711,TRAIN,53,1.001266924687471,,,
d,D2_seed20700711,TRAIN,54,1.021465684208624,,,
d,D2_seed20700711,TRAIN,55,0.9691263710014729,,,
d,D2_seed20700711,TRAIN,56,1.007979547882843,,,
d,D2_seed20700711,TRAIN,57,0.9549870881801961,,,
d,D2_seed20700711,TRAIN,58,1.0079460877980604,,,
d,D2_seed20700711,TRAIN,59,0.969057989946122,,,
d,D2_seed20700711,TRAIN,60,1.0127215774640521,,,
d,D2_seed20700711,TRAIN,61,1.0244863032766607,,,
d,D2_seed20700711,TRAIN,62,0.9856539738348499,,,
d,D2_seed20700711,TRAIN,63,1.0213124646710574,,,
d,D2_seed20700711,TRAIN,64,1.0010839250225059,,,
d,D2_seed20700711,TRAIN,65,1.02127825162301,,,
d,D2_seed20700711,TRAIN,66,1.007811721790136,,,
d,D2_seed20700711,TRAIN,67,1.0243832329335454,,,
d,D2_seed20700711,TRAIN,68,0.9689035181809806,,,
d,D2_seed20700711,TRAIN,69,1.0125648496132138,,,
d,D2_seed20700711,TRAIN,70,1.0009835356015084,,,
d,D2_seed20700711,TRAIN,71,0.9854975387053344,,,
d,D2_seed20700711,TRAIN,72,0.9547262342602472,,,
d,D2_seed20700711,TRAIN,73,1.0076935796100033,,,
d,D2_seed20700711,TRAIN,74,0.9688002671159649,,,
d,D2_seed20700711,TRAIN,75,0.9854280504987835,,,
d,D2_seed20700711,TRAIN,76,0.9546565957650636,,,
d,D2_seed20700711,TRAIN,77,1.0242112983777318,,,
d,D2_seed20700711,TRAIN,78,1.021055687838315,,,
d,D2_seed20700711,TRAIN,79,1.0123907700143044,,,
d,D2_seed20700711,TRAIN,80,1.0008162834369942,,,
d,D2_seed20700711,TRAIN,81,1.0007994944555503,,,
d,D2_seed20700711,TRAIN,82,1.0241250901383756,,,
d,D2_seed20700711,TRAIN,83,1.0075249997345042,,,
d,D2_seed20700711,TRAIN,84,0.9545167158929114,,,
d,D2_seed20700711,TRAIN,85,1.0122857181560307,,,
d,D2_seed20700711,TRAIN,86,0.9852362555459623,,,
d,D2_seed20700711,TRAIN,87,0.96857596983708,,,
d,D2_seed20700711,TRAIN,88,1.0208837054384055,,,
d,D2_seed20700711,TRAIN,89,0.9851837608926376,,,
d,D2_seed20700711,TRAIN,90,1.0239866703751814,,,
d,D2_seed20700711,TRAIN,91,1.0006312417505394,,,
d,D2_seed20700711,TRAIN,92,1.0208145491144587,,,
d,D2_seed20700711,TRAIN,93,1.0121453052413973,,,
d,D2_seed20700711,TRAIN,94,1.007338182152483,,,
d,D2_seed20700711,TRAIN,95,0.9543232599842554,,,
d,D2_seed20700711,TRAIN,96,0.9684194684946232,,,
d,D2_seed20700711,TRAIN,97,1.0238649430763092,,,
d,D2_seed20700711,TRAIN,98,1.0072699776546281,,,
d,D2_seed20700711,TRAIN,99,1.0004958944139246,,,
d,D2_seed20700711,TRAIN,100,0.9683498936889954,,,
d,D2_seed20700711,TRAIN,101,1.0120042363276613,,,
d,D2_seed20700711,TRAIN,102,1.0206413599700621,,,
d,D2_seed20700711,TRAIN,103,0.9541822450895935,,,
d,D2_seed20700711,TRAIN,104,0.9849199613990354,,,
d,D2_seed20700711,TRAIN,105,1.0003943275736868,,,
d,D2_seed20700711,TRAIN,106,0.9682453339732315,,,
d,D2_seed20700711,TRAIN,107,1.0071164956823764,,,
d,D2_seed20700711,TRAIN,108,1.0205372529413008,,,
d,D2_seed20700711,TRAIN,109,0.9848318215558416,,,
d,D2_seed20700711,TRAIN,110,0.9540584864847568,,,
d,D2_seed20700711,TRAIN,111,1.0118280276816483,,,
d,D2_seed20700711,TRAIN,112,1.0236037502491266,,,
d,D2_seed20700711,TRAIN,113,1.011792559184959,,,
d,D2_seed20700711,TRAIN,114,1.0235685771090774,,,
d,D2_seed20700711,TRAIN,115,1.02041507536417,,,
d,D2_seed20700711,TRAIN,116,0.9539515885456064,,,
d,D2_seed20700711,TRAIN,117,0.9846896813535497,,,
d,D2_seed20700711,TRAIN,118,1.0001727868296644,,,
d,D2_seed20700711,TRAIN,119,0.9680170300754792,,,
d,D2_seed20700711,TRAIN,120,1.0068930738408082,,,
d,D2_seed20700711,TRAIN,121,1.0068758619362264,,,
d,D2_seed20700711,TRAIN,122,1.000104369049698,,,
d,D2_seed20700711,TRAIN,123,0.9845828799569414,,,
d,D2_seed20700711,TRAIN,124,0.9679290487471807,,,
d,D2_seed20700711,TRAIN,125,1.0115786296243359,,,
d,D2_seed20700711,TRAIN,126,0.9537730985031477,,,
d,D2_seed20700711,TRAIN,127,1.0202046728483887,,,
d,D2_seed20700711,TRAIN,128,1.0233220908611431,,,
d,D2_seed20700711,TRAIN,129,0.9678407855866268,,,
d,D2_seed20700711,TRAIN,130,0.9537014169154202,,,
d,D2_seed20700711,TRAIN,131,1.00670339487897,,,
d,D2_seed20700711,TRAIN,132,1.0114536960091554,,,
d,D2_seed20700711,TRAIN,133,1.023233725606544,,,
d,D2_seed20700711,TRAIN,134,0.9998984421797337,,,
d,D2_seed20700711,TRAIN,135,0.9843684402616704,,,
d,D2_seed20700711,TRAIN,136,1.0200459405622353,,,
d,D2_seed20700711,TRAIN,137,0.9676988023574494,,,
d,D2_seed20700711,TRAIN,138,1.0200104562370493,,,
d,D2_seed20700711,TRAIN,139,0.9998119238308351,,,
d,D2_seed20700711,TRAIN,140,0.9842782894978865,,,
d,D2_seed20700711,TRAIN,141,1.0065294184846167,,,
d,D2_seed20700711,TRAIN,142,0.9534850358870018,,,
d,D2_seed20700711,TRAIN,143,1.0112558414887494,,,
d,D2_seed20700711,TRAIN,144,1.0230380125007406,,,
d,D2_seed20700711,TRAIN,145,0.9534306695033142,,,
d,D2_seed20700711,TRAIN,146,0.984169823897493,,,
d,D2_seed20700711,TRAIN,147,1.0064245578732562,,,
d,D2_seed20700711,TRAIN,148,1.0229664432014556,,,
d,D2_seed20700711,TRAIN,149,0.9674840700240636,,,
d,D2_seed20700711,TRAIN,150,0.9996207092133125,,,
d,D2_seed20700711,TRAIN,151,1.0111109110979901,,,
d,D2_seed20700711,TRAIN,152,1.0197610153575176,,,
d,D2_seed20700711,TRAIN,153,0.9674121527168857,,,
d,D2_seed20700711,TRAIN,154,1.0228586836203846,,,
d,D2_seed20700711,TRAIN,155,0.9995332455704149,,,
d,D2_seed20700711,TRAIN,156,1.019689215968914,,,
d,D2_seed20700711,TRAIN,157,0.9839697371457846,,,
d,D2_seed20700711,TRAIN,158,0.9531935277642318,,,
d,D2_seed20700711,TRAIN,159,1.0109650504266685,,,
d,D2_seed20700711,TRAIN,160,1.0061954641333144,,,
d,D2_seed20700711,TRAIN,161,0.9994277825275814,,,
d,D2_seed20700711,TRAIN,162,1.0227141901846677,,,
d,D2_seed20700711,TRAIN,163,0.9672311420518145,,,
d,D2_seed20700711,TRAIN,164,0.953083346381214,,,
d,D2_seed20700711,TRAIN,165,1.0061068013388954,,,
d,D2_seed20700711,TRAIN,166,0.9838049100105357,,,
d,D2_seed20700711,TRAIN,167,1.0194909208612866,,,
d,D2_seed20700711,TRAIN,168,1.010800139707397,,,
d,D2_seed20700711,TRAIN,169,1.0194546580930623,,,
d,D2_seed20700711,TRAIN,170,1.006017858321786,,,
d,D2_seed20700711,TRAIN,171,1.010744688459055,,,
d,D2_seed20700711,TRAIN,172,0.9836942481259913,,,
d,D2_seed20700711,TRAIN,173,1.0225141017089077,,,
d,D2_seed20700711,TRAIN,174,0.9670305209405816,,,
d,D2_seed20700711,TRAIN,175,0.9991798737105835,,,
d,D2_seed20700711,TRAIN,176,0.9528612944770738,,,
d,D2_seed20700711,TRAIN,177,1.0224407930926687,,,
d,D2_seed20700711,TRAIN,178,0.9528241226691536,,,
d,D2_seed20700711,TRAIN,179,0.9835644291673105,,,
d,D2_seed20700711,TRAIN,180,1.0105776871758474,,,
d,D2_seed20700711,TRAIN,181,0.9669019666982624,,,
d,D2_seed20700711,TRAIN,182,1.01921736697303,,,
d,D2_seed20700711,TRAIN,183,1.0057844156755735,,,
d,D2_seed20700711,TRAIN,184,0.9990192562116906,,,
d,D2_seed20700711,TRAIN,185,1.0191623435496593,,,
d,D2_seed20700711,TRAIN,186,1.0057303664524448,,,
d,D2_seed20700711,TRAIN,187,1.0222570930107664,,,
d,D2_seed20700711,TRAIN,188,0.9667727415851187,,,
d,D2_seed20700711,TRAIN,189,0.9833779305606195,,,
d,D2_seed20700711,TRAIN,190,0.9989115644569176,,,
d,D2_seed20700711,TRAIN,191,0.952581018694554,,,
d,D2_seed20700711,TRAIN,192,1.0103540866632108,,,
d,D2_seed20700711,TRAIN,193,0.9833030261130774,,,
d,D2_seed20700711,TRAIN,194,0.9988396389320316,,,
d,D2_seed20700711,TRAIN,195,1.0189781500046429,,,
d,D2_seed20700711,TRAIN,196,1.0220907374089214,,,
d,D2_seed20700711,TRAIN,197,0.966605652904798,,,
d,D2_seed20700711,TRAIN,198,0.9524491372874453,,,
d,D2_seed20700711,TRAIN,199,1.0054949531517003,,,
d,D2_seed20700711,TRAIN,200,1.0102041542419553,,,
d,D2_seed20700711,TRAIN,201,1.0101852672099552,,,
d,D2_seed20700711,TRAIN,202,0.9986948886369159,,,
d,D2_seed20700711,TRAIN,203,0.983114558785919,,,
d,D2_seed20700711,TRAIN,204,1.0219416719518786,,,
d,D2_seed20700711,TRAIN,205,1.0187923579480307,,,
d,D2_seed20700711,TRAIN,206,0.9664372327800308,,,
d,D2_seed20700711,TRAIN,207,0.9522783552603884,,,
d,D2_seed20700711,TRAIN,208,1.0053299814486707,,,
d,D2_seed20700711,TRAIN,209,1.0218478543299447,,,
d,D2_seed20700711,TRAIN,210,0.9985489428724076,,,
d,D2_seed20700711,TRAIN,211,1.0099953744635517,,,
d,D2_seed20700711,TRAIN,212,0.9829434318854087,,,
d,D2_seed20700711,TRAIN,213,0.9521638227575971,,,
d,D2_seed20700711,TRAIN,214,1.005219390086148,,,
d,D2_seed20700711,TRAIN,215,1.0186049717051486,,,
d,D2_seed20700711,TRAIN,216,0.9662486519156681,,,
d,D2_seed20700711,TRAIN,217,0.9520872107076663,,,
d,D2_seed20700711,TRAIN,218,1.01854853802117,,,
d,D2_seed20700711,TRAIN,219,0.9828096112965953,,,
d,D2_seed20700711,TRAIN,220,1.0051086360373271,,,
d,D2_seed20700711,TRAIN,221,0.9661538125929643,,,
d,D2_seed20700711,TRAIN,222,1.0216027272173942,,,
d,D2_seed20700711,TRAIN,223,0.9983101812546198,,,
d,D2_seed20700711,TRAIN,224,1.0097472422195672,,,
d,D2_seed20700711,TRAIN,225,1.0215457958861605,,,
d,D2_seed20700711,TRAIN,226,0.9519137760939849,,,
d,D2_seed20700711,TRAIN,227,0.9660394152359117,,,
d,D2_seed20700711,TRAIN,228,1.0183592085105162,,,
d,D2_seed20700711,TRAIN,229,0.9981990032944175,,,
d,D2_seed20700711,TRAIN,230,1.0049226661862278,,,
d,D2_seed20700711,TRAIN,231,1.009612334560739,,,
d,D2_seed20700711,TRAIN,232,0.982558836806326,,,
d,D2_seed20700711,TRAIN,233,1.0182639410345602,,,
d,D2_seed20700711,TRAIN,234,0.9659051727757366,,,
d,D2_seed20700711,TRAIN,235,1.0095347293455759,,,
d,D2_seed20700711,TRAIN,236,1.0213354558633025,,,
d,D2_seed20700711,TRAIN,237,0.9824613776145601,,,
d,D2_seed20700711,TRAIN,238,0.9980309009657509,,,
d,D2_seed20700711,TRAIN,239,0.9516604390185333,,,
d,D2_seed20700711,TRAIN,240,1.0047344501094753,,,
d,D2_seed20700711,TRAIN,241,1.0094176646403379,,,
d,D2_seed20700711,TRAIN,242,0.9823635879184803,,,
d,D2_seed20700711,TRAIN,243,1.004677673021665,,,
d,D2_seed20700711,TRAIN,244,0.997918189921707,,,
d,D2_seed20700711,TRAIN,245,0.9515427420919389,,,
d,D2_seed20700711,TRAIN,246,1.018013972075326,,,
d,D2_seed20700711,TRAIN,247,1.0211229837519127,,,
d,D2_seed20700711,TRAIN,248,0.965634040578893,,,
d,D2_seed20700711,TRAIN,249,0.9978240076931905,,,
d,D2_seed20700711,TRAIN,250,1.0092413436365906,,,
d,D2_seed20700711,TRAIN,251,0.9821869182928316,,,
d,D2_seed20700711,TRAIN,252,0.9655560781859919,,,
d,D2_seed20700711,TRAIN,253,0.9513849247826294,,,
d,D2_seed20700711,TRAIN,254,1.0044688603490577,,,
d,D2_seed20700711,TRAIN,255,1.0209676451219187,,,
d,D2_seed20700711,TRAIN,256,1.0178202132147365,,,
d,D2_seed20700711,TRAIN,257,1.0178006951025225,,,
d,D2_seed20700711,TRAIN,258,0.9654386414999964,,,
d,D2_seed20700711,TRAIN,259,0.9512657597515279,,,
d,D2_seed20700711,TRAIN,260,0.9976153529442952,,,
d,D2_seed20700711,TRAIN,261,1.020850395637811,,,
d,D2_seed20700711,TRAIN,262,0.9819689454541871,,,
d,D2_seed20700711,TRAIN,263,1.004296809340629,,,
d,D2_seed20700711,TRAIN,264,1.0089652553884918,,,
d,D2_seed20700711,TRAIN,265,1.020771860992363,,,
d,D2_seed20700711,TRAIN,266,0.9511258486075871,,,
d,D2_seed20700711,TRAIN,267,0.9974813912800162,,,
d,D2_seed20700711,TRAIN,268,0.9818490482285857,,,
d,D2_seed20700711,TRAIN,269,1.0041810123621717,,,
d,D2_seed20700711,TRAIN,270,1.008845487727251,,,
d,D2_seed20700711,TRAIN,271,0.9651818391592565,,,
d,D2_seed20700711,TRAIN,272,1.0175062020058838,,,
d,D2_seed20700711,TRAIN,273,0.9817488071614341,,,
d,D2_seed20700711,TRAIN,274,0.965122158518278,,,
d,D2_seed20700711,TRAIN,275,1.0205741264403088,,,
d,D2_seed20700711,TRAIN,276,1.0087251849849947,,,
d,D2_seed20700711,TRAIN,277,0.9509042623392251,,,
d,D2_seed20700711,TRAIN,278,1.0173871756350839,,,
d,D2_seed20700711,TRAIN,279,1.0039866506968618,,,
d,D2_seed20700711,TRAIN,280,0.9972303217251048,,,
d,D2_seed20700711,TRAIN,281,0.9508230795247845,,,
d,D2_seed20700711,TRAIN,282,0.9971915377460746,,,
d,D2_seed20700711,TRAIN,283,0.9815467231360749,,,
d,D2_seed20700711,TRAIN,284,1.0203948028386771,,,
d,D2_seed20700711,TRAIN,285,1.017247861254176,,,
d,D2_seed20700711,TRAIN,286,1.0038500123633094,,,
d,D2_seed20700711,TRAIN,287,1.0085032643907257,,,
d,D2_seed20700711,TRAIN,288,0.9648415385811836,,,
d,D2_seed20700711,TRAIN,289,1.017167731805731,,,
d,D2_seed20700711,TRAIN,290,1.0202743552828895,,,
d,D2_seed20700711,TRAIN,291,0.997015852252868,,,
d,D2_seed20700711,TRAIN,292,0.9813632492048362,,,
d,D2_seed20700711,TRAIN,293,1.0037119717903396,,,
d,D2_seed20700711,TRAIN,294,0.9647200426127251,,,
d,D2_seed20700711,TRAIN,295,1.008340148726648,,,
d,D2_seed20700711,TRAIN,296,0.9505164611789888,,,
d,D2_seed20700711,TRAIN,297,0.9968979482075887,,,
d,D2_seed20700711,TRAIN,298,1.0082788240169376,,,
d,D2_seed20700711,TRAIN,299,0.9646186766307228,,,
d,D2_seed20700711,TRAIN,300,1.0200723740712432,,,
d,D2_seed20700711,TRAIN,301,0.9504136333623643,,,
d,D2_seed20700711,TRAIN,302,0.9811582174499891,,,
d,D2_seed20700711,TRAIN,303,1.0035139160225688,,,
d,D2_seed20700711,TRAIN,304,1.016865274462846,,,
d,D2_seed20700711,TRAIN,305,1.019970909678691,,,
d,D2_seed20700711,TRAIN,306,0.9967203070200328,,,
d,D2_seed20700711,TRAIN,307,0.9502894926464698,,,
d,D2_seed20700711,TRAIN,308,0.9810342935480487,,,
d,D2_seed20700711,TRAIN,309,1.0080527685907528,,,
d,D2_seed20700711,TRAIN,310,0.9643940264442846,,,
d,D2_seed20700711,TRAIN,311,1.0167227852315837,,,
d,D2_seed20700711,TRAIN,312,1.0033343131492911,,,
d,D2_seed20700711,TRAIN,313,0.9965811280219004,,,
d,D2_seed20700711,TRAIN,314,0.9643117900389148,,,
d,D2_seed20700711,TRAIN,315,0.9501230490907697,,,
d,D2_seed20700711,TRAIN,316,0.9808682092865548,,,
d,D2_seed20700711,TRAIN,317,1.0197258966138807,,,
d,D2_seed20700711,TRAIN,318,1.0032143095110542,,,
d,D2_seed20700711,TRAIN,319,1.0165593096385293,,,
d,D2_seed20700711,TRAIN,320,1.007825315839411,,,
d,D2_seed20700711,TRAIN,321,1.0196436231862154,,,
d,D2_seed20700711,TRAIN,322,1.0077834076132925,,,
d,D2_seed20700711,TRAIN,323,0.996381048831971,,,
d,D2_seed20700711,TRAIN,324,0.980700738367613,,,
d,D2_seed20700711,TRAIN,325,0.9640841911195915,,,
d,D2_seed20700711,TRAIN,326,0.9498921456847087,,,
d,D2_seed20700711,TRAIN,327,1.0163941188992565,,,
d,D2_seed20700711,TRAIN,328,1.0030116518136936,,,
d,D2_seed20700711,TRAIN,329,0.949828836298716,,,
d,D2_seed20700711,TRAIN,330,1.0029711039844524,,,
d,D2_seed20700711,TRAIN,331,1.016311394329233,,,
d,D2_seed20700711,TRAIN,332,0.996199449393413,,,
d,D2_seed20700711,TRAIN,333,0.9639175817723353,,,
d,D2_seed20700711,TRAIN,334,0.9804902382951858,,,
d,D2_seed20700711,TRAIN,335,1.0075108237072607,,,
d,D2_seed20700711,TRAIN,336,1.0193325222524985,,,
d,D2_seed20700711,TRAIN,337,0.9638339459788896,,,
d,D2_seed20700711,TRAIN,338,1.0161660754552058,,,
d,D2_seed20700711,TRAIN,339,1.002787933301404,,,
d,D2_seed20700711,TRAIN,340,0.9803630565135125,,,
d,D2_seed20700711,TRAIN,341,0.9495744520003173,,,
d,D2_seed20700711,TRAIN,342,1.0073629982653816,,,
d,D2_seed20700711,TRAIN,343,1.0191861181185413,,,
d,D2_seed20700711,TRAIN,344,0.9959555646522003,,,
d,D2_seed20700711,TRAIN,345,0.963665519429536,,,
d,D2_seed20700711,TRAIN,346,1.0026442747088666,,,
d,D2_seed20700711,TRAIN,347,0.9494462942307796,,,
d,D2_seed20700711,TRAIN,348,1.0072355854582595,,,
d,D2_seed20700711,TRAIN,349,1.019060133875435,,,
d,D2_seed20700711,TRAIN,350,1.0159149509639016,,,
d,D2_seed20700711,TRAIN,351,0.9801285450281069,,,
d,D2_seed20700711,TRAIN,352,0.9957917347707443,,,
d,D2_seed20700711,TRAIN,353,0.9634963520951356,,,
d,D2_seed20700711,TRAIN,354,1.0071074023291477,,,
d,D2_seed20700711,TRAIN,355,0.9800426888794551,,,
d,D2_seed20700711,TRAIN,356,1.0189121478333572,,,
d,D2_seed20700711,TRAIN,357,1.002416913225572,,,
d,D2_seed20700711,TRAIN,358,0.9492097340030063,,,
d,D2_seed20700711,TRAIN,359,1.0157248671045171,,,
d,D2_seed20700711,TRAIN,360,0.9956267735216335,,,
d,D2_seed20700711,TRAIN,361,1.0188060018017322,,,
d,D2_seed20700711,TRAIN,362,0.9491232441488886,,,
d,D2_seed20700711,TRAIN,363,0.9798702279475587,,,
d,D2_seed20700711,TRAIN,364,1.0068927275327217,,,
d,D2_seed20700711,TRAIN,365,1.0155975403592379,,,
d,D2_seed20700711,TRAIN,366,1.0022295722997467,,,
d,D2_seed20700711,TRAIN,367,0.995481654041001,,,
d,D2_seed20700711,TRAIN,368,0.9631760281065882,,,
d,D2_seed20700711,TRAIN,369,1.0021669161430888,,,
d,D2_seed20700711,TRAIN,370,0.9631332456844508,,,
d,D2_seed20700711,TRAIN,371,1.0185929796773434,,,
d,D2_seed20700711,TRAIN,372,0.9489062425212207,,,
d,D2_seed20700711,TRAIN,373,0.9796537457267409,,,
d,D2_seed20700711,TRAIN,374,1.015406081644421,,,
d,D2_seed20700711,TRAIN,375,1.0066554908366558,,,
d,D2_seed20700711,TRAIN,376,0.9952947604578025,,,
d,D2_seed20700711,TRAIN,377,1.0019997546411252,,,
d,D2_seed20700711,TRAIN,378,1.0184433197946903,,,
d,D2_seed20700711,TRAIN,379,0.9952321377140148,,,
d,D2_seed20700711,TRAIN,380,0.9629182933964348,,,
d,D2_seed20700711,TRAIN,381,0.9794796525636875,,,
d,D2_seed20700711,TRAIN,382,1.01523494870664,,,
d,D2_seed20700711,TRAIN,383,0.9486661998848501,,,
d,D2_seed20700711,TRAIN,384,1.0064601981335894,,,
d,D2_seed20700711,TRAIN,385,1.0064384114941118,,,
d,D2_seed20700711,TRAIN,386,1.0018104331055082,,,
d,D2_seed20700711,TRAIN,387,0.9627669241328924,,,
d,D2_seed20700711,TRAIN,388,1.0151059767065709,,,
d,D2_seed20700711,TRAIN,389,0.9793046215701616,,,
d,D2_seed20700711,TRAIN,390,0.9485124261035277,,,
d,D2_seed20700711,TRAIN,391,0.9949805838428636,,,
d,D2_seed20700711,TRAIN,392,1.018141824879528,,,
d,D2_seed20700711,TRAIN,393,0.9626366740809276,,,
d,D2_seed20700711,TRAIN,394,0.9791948488125585,,,
d,D2_seed20700711,TRAIN,395,0.9484023629329966,,,
d,D2_seed20700711,TRAIN,396,1.0061982367041045,,,
d,D2_seed20700711,TRAIN,397,1.0015779327901688,,,
d,D2_seed20700711,TRAIN,398,1.014890265537573,,,
d,D2_seed20700711,TRAIN,399,0.9948122124052549,,,
d,D2_seed20700711,TRAIN,400,1.0179688108010534,,,
d,D2_seed20700711,TRAIN,401,0.9624624783084638,,,
d,D2_seed20700711,TRAIN,402,0.9790186810689385,,,
d,D2_seed20700711,TRAIN,403,0.9947276895582303,,,
d,D2_seed20700711,TRAIN,404,1.0014293228369622,,,
d,D2_seed20700711,TRAIN,405,0.9481814363212617,,,
d,D2_seed20700711,TRAIN,406,1.0147170345799743,,,
d,D2_seed20700711,TRAIN,407,1.0059571277597579,,,
d,D2_seed20700711,TRAIN,408,1.0177951749398937,,,
d,D2_seed20700711,TRAIN,409,0.9946007744965001,,,
d,D2_seed20700711,TRAIN,410,1.0177514890979666,,,
d,D2_seed20700711,TRAIN,411,1.0058686963466923,,,
d,D2_seed20700711,TRAIN,412,0.9622217632475408,,,
d,D2_seed20700711,TRAIN,413,1.0012371279362666,,,
d,D2_seed20700711,TRAIN,414,0.9787530568246143,,,
d,D2_seed20700711,TRAIN,415,1.0145209358203717,,,
d,D2_seed20700711,TRAIN,416,0.947936801872041,,,
d,D2_seed20700711,TRAIN,417,0.9621117758060408,,,
d,D2_seed20700711,TRAIN,418,1.005713443328509,,,
d,D2_seed20700711,TRAIN,419,0.9943877368587426,,,
d,D2_seed20700711,TRAIN,420,1.0175324501791199,,,
d,D2_seed20700711,TRAIN,421,0.9785973313671489,,,
d,D2_seed20700711,TRAIN,422,1.001044016596475,,,
d,D2_seed20700711,TRAIN,423,0.9477805485234994,,,
d,D2_seed20700711,TRAIN,424,1.0143241945601087,,,
d,D2_seed20700711,TRAIN,425,0.9785081739193812,,,
d,D2_seed20700711,TRAIN,426,1.01740077165034,,,
d,D2_seed20700711,TRAIN,427,0.9942168308353092,,,
d,D2_seed20700711,TRAIN,428,1.0009150249165932,,,
d,D2_seed20700711,TRAIN,429,1.0142144747681665,,,
d,D2_seed20700711,TRAIN,430,1.005446890076999,,,
d,D2_seed20700711,TRAIN,431,0.9618026864242221,,,
d,D2_seed20700711,TRAIN,432,0.9475788089327305,,,
d,D2_seed20700711,TRAIN,433,1.0053799654210387,,,
d,D2_seed20700711,TRAIN,434,1.0172245593169142,,,
d,D2_seed20700711,TRAIN,435,0.9617140505836457,,,
d,D2_seed20700711,TRAIN,436,0.9782619465715644,,,
d,D2_seed20700711,TRAIN,437,0.94746644855633,,,
d,D2_seed20700711,TRAIN,438,1.0006990921133656,,,
d,D2_seed20700711,TRAIN,439,1.0139945347888482,,,
d,D2_seed20700711,TRAIN,440,0.9939379488202209,,,
d,D2_seed20700711,TRAIN,441,1.017070149482615,,,
d,D2_seed20700711,TRAIN,442,1.01392848033363,,,
d,D2_seed20700711,TRAIN,443,0.9615365311660192,,,
d,D2_seed20700711,TRAIN,444,0.9473089767727894,,,
d,D2_seed20700711,TRAIN,445,0.9780600156549695,,,
d,D2_seed20700711,TRAIN,446,1.0005263540189773,,,
d,D2_seed20700711,TRAIN,447,1.0050675491529977,,,
d,D2_seed20700711,TRAIN,448,0.9937659884811346,,,
d,D2_seed20700711,TRAIN,449,1.016893493028659,,,
d,D2_seed20700711,TRAIN,450,0.9613809822239965,,,
d,D2_seed20700711,TRAIN,451,1.004978008915195,,,
d,D2_seed20700711,TRAIN,452,0.9936798643381646,,,
d,D2_seed20700711,TRAIN,453,0.9778802866141026,,,
d,D2_seed20700711,TRAIN,454,1.0136637753187625,,,
d,D2_seed20700711,TRAIN,455,0.9470610784569359,,,
d,D2_seed20700711,TRAIN,456,1.0003096764439625,,,
d,D2_seed20700711,TRAIN,457,1.0135974690767382,,,
d,D2_seed20700711,TRAIN,458,0.9612028654797558,,,
d,D2_seed20700711,TRAIN,459,0.9935290003126791,,,
d,D2_seed20700711,TRAIN,460,0.977722714797939,,,
d,D2_seed20700711,TRAIN,461,1.000201458857834,,,
d,D2_seed20700711,TRAIN,462,1.0166057970089286,,,
d,D2_seed20700711,TRAIN,463,1.004709367856332,,,
d,D2_seed20700711,TRAIN,464,0.9468579315305826,,,
d,D2_seed20700711,TRAIN,465,1.0165391908523431,,,
d,D2_seed20700711,TRAIN,466,1.0046418207702312,,,
d,D2_seed20700711,TRAIN,467,0.9775648834134004,,,
d,D2_seed20700711,TRAIN,468,0.9467672635054561,,,
d,D2_seed20700711,TRAIN,469,0.993312974639409,,,
d,D2_seed20700711,TRAIN,470,1.01330970222865,,,
d,D2_seed20700711,TRAIN,471,0.9609127157284496,,,
d,D2_seed20700711,TRAIN,472,0.999962010861163,,,
d,D2_seed20700711,TRAIN,473,1.0163612311406736,,,
d,D2_seed20700711,TRAIN,474,0.9608457132660533,,,
d,D2_seed20700711,TRAIN,475,0.9466087775641522,,,
d,D2_seed20700711,TRAIN,476,0.9998750889494212,,,
d,D2_seed20700711,TRAIN,477,1.013154716796848,,,
d,D2_seed20700711,TRAIN,478,0.9773166172384485,,,
d,D2_seed20700711,TRAIN,479,0.9930969797492489,,,
d,D2_seed20700711,TRAIN,480,1.0043271181116336,,,
d,D2_seed20700711,TRAIN,481,1.0161837039625328,,,
d,D2_seed20700711,TRAIN,482,0.9772262347103136,,,
d,D2_seed20700711,TRAIN,483,0.9997227948761318,,,
d,D2_seed20700711,TRAIN,484,0.9606222628983955,,,
d,D2_seed20700711,TRAIN,485,0.9929670654870023,,,
d,D2_seed20700711,TRAIN,486,0.9463596875770043,,,
d,D2_seed20700711,TRAIN,487,1.004169548596964,,,
d,D2_seed20700711,TRAIN,488,1.0129108939970046,,,
d,D2_seed20700711,TRAIN,489,0.9770681353993699,,,
d,D2_seed20700711,TRAIN,490,1.0041019910816664,,,
d,D2_seed20700711,TRAIN,491,0.9995485603717776,,,
d,D2_seed20700711,TRAIN,492,1.0128219970712953,,,
d,D2_seed20700711,TRAIN,493,1.0159165204441278,,,
d,D2_seed20700711,TRAIN,494,0.9461780875789095,,,
d,D2_seed20700711,TRAIN,495,0.9927503341272201,,,
d,D2_seed20700711,TRAIN,496,0.960353589549683,,,
d,D2_seed20700711,TRAIN,497,0.9994173874136854,,,
d,D2_seed20700711,TRAIN,498,0.9768643124102276,,,
d,D2_seed20700711,TRAIN,499,1.0038987904985943,,,
d,D2_seed20700711,TRAIN,500,0.9602641879083309,,,
d,D2_seed20700711,TRAIN,501,0.9926205218133315,,,
d,D2_seed20700711,TRAIN,502,1.015716157517965,,,
d,D2_seed20700711,TRAIN,503,0.9459741131352997,,,
d,D2_seed20700711,TRAIN,504,1.0125556895465502,,,
d,D2_seed20700711,TRAIN,505,0.9601524738474826,,,
d,D2_seed20700711,TRAIN,506,1.0156272815276424,,,
d,D2_seed20700711,TRAIN,507,1.0037187891334167,,,
d,D2_seed20700711,TRAIN,508,0.9924690787714844,,,
d,D2_seed20700711,TRAIN,509,1.0124446984130524,,,
d,D2_seed20700711,TRAIN,510,0.9991341827449762,,,
d,D2_seed20700711,TRAIN,511,0.976570437507116,,,
d,D2_seed20700711,TRAIN,512,0.9457699141205181,,,
d,D2_seed20700711,TRAIN,513,0.9765251993197598,,,
d,D2_seed20700711,TRAIN,514,1.0154491271435644,,,
d,D2_seed20700711,TRAIN,515,0.9923174256955078,,,
d,D2_seed20700711,TRAIN,516,0.959906167261996,,,
d,D2_seed20700711,TRAIN,517,1.0122671171010853,,,
d,D2_seed20700711,TRAIN,518,0.9456338623225278,,,
d,D2_seed20700711,TRAIN,519,1.0034487508565268,,,
d,D2_seed20700711,TRAIN,520,0.998916606402346,,,
d,D2_seed20700711,TRAIN,521,0.9455659142741043,,,
d,D2_seed20700711,TRAIN,522,1.0121563551352453,,,
d,D2_seed20700711,TRAIN,523,0.959749776561707,,,
d,D2_seed20700711,TRAIN,524,0.9921230188976213,,,
d,D2_seed20700711,TRAIN,525,1.015205035829167,,,
d,D2_seed20700711,TRAIN,526,0.9987864159292286,,,
d,D2_seed20700711,TRAIN,527,1.0032692983607363,,,
d,D2_seed20700711,TRAIN,528,0.9761865785135991,,,
d,D2_seed20700711,TRAIN,529,0.9761640090033062,,,
d,D2_seed20700711,TRAIN,530,0.9453623935950419,,,
d,D2_seed20700711,TRAIN,531,0.9986776817843281,,,
d,D2_seed20700711,TRAIN,532,0.9595490398729755,,,
d,D2_seed20700711,TRAIN,533,0.9919289250887388,,,
d,D2_seed20700711,TRAIN,534,1.015005582663621,,,
d,D2_seed20700711,TRAIN,535,1.0118691074292259,,,
d,D2_seed20700711,TRAIN,536,1.0030674382922502,,,
d,D2_seed20700711,TRAIN,537,1.0118248551474622,,,
d,D2_seed20700711,TRAIN,538,1.0030223820712214,,,
d,D2_seed20700711,TRAIN,539,0.9985039727753308,,,
d,D2_seed20700711,TRAIN,540,0.9917777942082721,,,
d,D2_seed20700711,TRAIN,541,0.9758935652622357,,,
d,D2_seed20700711,TRAIN,542,0.9593260311792833,,,
d,D2_seed20700711,TRAIN,543,0.9450686357638736,,,
d,D2_seed20700711,TRAIN,544,1.0147836174346028,,,
d,D2_seed20700711,TRAIN,545,1.0116479684644522,,,
d,D2_seed20700711,TRAIN,546,0.959237018040415,,,
d,D2_seed20700711,TRAIN,547,0.9916270285526756,,,
d,D2_seed20700711,TRAIN,548,1.0146951832750748,,,
d,D2_seed20700711,TRAIN,549,0.9449333789303981,,,
d,D2_seed20700711,TRAIN,550,0.9982655116935284,,,
d,D2_seed20700711,TRAIN,551,1.0027309382755099,,,
d,D2_seed20700711,TRAIN,552,0.9756464276323326,,,
d,D2_seed20700711,TRAIN,553,1.0026861585674758,,,
d,D2_seed20700711,TRAIN,554,0.9914766984265522,,,
d,D2_seed20700711,TRAIN,555,1.0145405849347773,,,
d,D2_seed20700711,TRAIN,556,0.9981355546668421,,,
d,D2_seed20700711,TRAIN,557,0.9755342651002817,,,
d,D2_seed20700711,TRAIN,558,0.9589705727198933,,,
d,D2_seed20700711,TRAIN,559,0.9447084634217071,,,
d,D2_seed20700711,TRAIN,560,1.01131791795417,,,
d,D2_seed20700711,TRAIN,561,0.9980275850184617,,,
d,D2_seed20700711,TRAIN,562,0.958882128264113,,,
d,D2_seed20700711,TRAIN,563,1.0024627431576705,,,
d,D2_seed20700711,TRAIN,564,0.9445965093241389,,,
d,D2_seed20700711,TRAIN,565,0.9753556174983752,,,
d,D2_seed20700711,TRAIN,566,1.014298554224308,,,
d,D2_seed20700711,TRAIN,567,1.0111647396829317,,,
d,D2_seed20700711,TRAIN,568,0.9911770959595537,,,
d,D2_seed20700711,TRAIN,569,0.9911557510117435,,,
d,D2_seed20700711,TRAIN,570,0.9752440554094159,,,
d,D2_seed20700711,TRAIN,571,1.0110772483226924,,,
d,D2_seed20700711,TRAIN,572,1.0141669820823844,,,
d,D2_seed20700711,TRAIN,573,1.0022407438151084,,,
d,D2_seed20700711,TRAIN,574,0.9977482267509913,,,
d,D2_seed20700711,TRAIN,575,0.9585951158504484,,,
d,D2_seed20700711,TRAIN,576,0.9443280028054588,,,
d,D2_seed20700711,TRAIN,577,0.9909851217052768,,,
d,D2_seed20700711,TRAIN,578,0.9442835221022738,,,
d,D2_seed20700711,TRAIN,579,1.010902622646537,,,
d,D2_seed20700711,TRAIN,580,0.9750215842416946,,,
d,D2_seed20700711,TRAIN,581,1.0139702497125178,,,
d,D2_seed20700711,TRAIN,582,0.9975772746865169,,,
d,D2_seed20700711,TRAIN,583,1.0020196892184867,,,
d,D2_seed20700711,TRAIN,584,0.9583976215688619,,,
d,D2_seed20700711,TRAIN,585,0.9441279447178059,,,
d,D2_seed20700711,TRAIN,586,0.9583538677040284,,,
d,D2_seed20700711,TRAIN,587,0.9974706638760868,,,
d,D2_seed20700711,TRAIN,588,0.990752302465871,,,
d,D2_seed20700711,TRAIN,589,1.010685835087372,,,
d,D2_seed20700711,TRAIN,590,1.013774715842653,,,
d,D2_seed20700711,TRAIN,591,0.9747785958339532,,,
d,D2_seed20700711,TRAIN,592,1.0018219088291498,,,
d,D2_seed20700711,TRAIN,593,1.0017998619371256,,,
d,D2_seed20700711,TRAIN,594,0.9439289460401982,,,
d,D2_seed20700711,TRAIN,595,1.0105560355288743,,,
d,D2_seed20700711,TRAIN,596,1.013644307041662,,,
d,D2_seed20700711,TRAIN,597,0.9972579891191687,,,
d,D2_seed20700711,TRAIN,598,0.9746240080481338,,,
d,D2_seed20700711,TRAIN,599,0.958070153525267,,,
d,D2_seed20700711,TRAIN,600,0.9904990085696924,,,
d,D2_seed20700711,TRAIN,601,0.9971730182474962,,,
d,D2_seed20700711,TRAIN,602,0.9904570639931145,,,
d,D2_seed20700711,TRAIN,603,0.9579833818531893,,,
d,D2_seed20700711,TRAIN,604,0.9437083725531114,,,
d,D2_seed20700711,TRAIN,605,1.0015367038301626,,,
d,D2_seed20700711,TRAIN,606,0.9744489448301582,,,
d,D2_seed20700711,TRAIN,607,1.0102980083685058,,,
d,D2_seed20700711,TRAIN,608,1.0133855777416094,,,
d,D2_seed20700711,TRAIN,609,1.0014496976550822,,,
d,D2_seed20700711,TRAIN,610,0.9743615285212526,,,
d,D2_seed20700711,TRAIN,611,0.996962464171784,,,
d,D2_seed20700711,TRAIN,612,1.0101907720682006,,,
d,D2_seed20700711,TRAIN,613,0.9577673172236143,,,
d,D2_seed20700711,TRAIN,614,0.9902063305824654,,,
d,D2_seed20700711,TRAIN,615,1.0132350892177855,,,
d,D2_seed20700711,TRAIN,616,0.9434456838498679,,,
d,D2_seed20700711,TRAIN,617,0.9968364781599925,,,
d,D2_seed20700711,TRAIN,618,1.0100628094267854,,,
d,D2_seed20700711,TRAIN,619,0.9433804334277139,,,
d,D2_seed20700711,TRAIN,620,0.9900817970619389,,,
d,D2_seed20700711,TRAIN,621,1.0011895250645946,,,
d,D2_seed20700711,TRAIN,622,0.9741008357827677,,,
d,D2_seed20700711,TRAIN,623,1.0130647025540758,,,
d,D2_seed20700711,TRAIN,624,0.9575314347449667,,,
d,D2_seed20700711,TRAIN,625,1.0011033714168418,,,
d,D2_seed20700711,TRAIN,626,0.9432287237165993,,,
d,D2_seed20700711,TRAIN,627,0.9574673864122222,,,
d,D2_seed20700711,TRAIN,628,1.0129585874224851,,,
d,D2_seed20700711,TRAIN,629,0.9739498880779662,,,
d,D2_seed20700711,TRAIN,630,1.0098089017485588,,,
d,D2_seed20700711,TRAIN,631,0.9965452669780511,,,
d,D2_seed20700711,TRAIN,632,0.9898342896045962,,,
d,D2_seed20700711,TRAIN,633,1.0009318415871074,,,
d,D2_seed20700711,TRAIN,634,1.0128317342339415,,,
d,D2_seed20700711,TRAIN,635,1.0097036020186214,,,
d,D2_seed20700711,TRAIN,636,0.9430130377263962,,,
d,D2_seed20700711,TRAIN,637,0.9737780394234347,,,
d,D2_seed20700711,TRAIN,638,0.957233545067417,,,
d,D2_seed20700711,TRAIN,639,0.989690695314245,,,
d,D2_seed20700711,TRAIN,640,0.9963593811945031,,,
d,D2_seed20700711,TRAIN,641,1.0095778679587362,,,
d,D2_seed20700711,TRAIN,642,1.0007400467957186,,,
d,D2_seed20700711,TRAIN,643,0.9428632266193064,,,
d,D2_seed20700711,TRAIN,644,1.012621678953958,,,
d,D2_seed20700711,TRAIN,645,0.9895686237509284,,,
d,D2_seed20700711,TRAIN,646,0.9735864570537308,,,
d,D2_seed20700711,TRAIN,647,0.9570441805541828,,,
d,D2_seed20700711,TRAIN,648,0.9961957107474032,,,
d,D2_seed20700711,TRAIN,649,0.9570024015966242,,,
d,D2_seed20700711,TRAIN,650,0.9427146041312259,,,
d,D2_seed20700711,TRAIN,651,0.9894475291644159,,,
d,D2_seed20700711,TRAIN,652,0.9734601084003909,,,
d,D2_seed20700711,TRAIN,653,0.9960946971284789,,,
d,D2_seed20700711,TRAIN,654,1.0124145890591354,,,
d,D2_seed20700711,TRAIN,655,1.0092882902726905,,,
d,D2_seed20700711,TRAIN,656,1.000446182835872,,,
d,D2_seed20700711,TRAIN,657,0.9893273271178838,,,
d,D2_seed20700711,TRAIN,658,0.9425464483367387,,,
d,D2_seed20700711,TRAIN,659,1.0003835235982992,,,
d,D2_seed20700711,TRAIN,660,0.9732926363289833,,,
d,D2_seed20700711,TRAIN,661,1.009165174495867,,,
d,D2_seed20700711,TRAIN,662,0.9959130990377023,,,
d,D2_seed20700711,TRAIN,663,0.9567123288584166,,,
d,D2_seed20700711,TRAIN,664,1.012208778241353,,,
d,D2_seed20700711,TRAIN,665,0.9566711077316696,,,
d,D2_seed20700711,TRAIN,666,1.0121678272781203,,,
d,D2_seed20700711,TRAIN,667,0.9958127040770312,,,
d,D2_seed20700711,TRAIN,668,1.009022260510212,,,
d,D2_seed20700711,TRAIN,669,0.9423164159124034,,,
d,D2_seed20700711,TRAIN,670,0.9890681279775633,,,
d,D2_seed20700711,TRAIN,671,1.0001344225584912,,,
d,D2_seed20700711,TRAIN,672,0.9730431617462592,,,
d,D2_seed20700711,TRAIN,673,0.9730225007087179,,,
d,D2_seed20700711,TRAIN,674,0.9422127203526381,,,
d,D2_seed20700711,TRAIN,675,1.0088804126519337,,,
d,D2_seed20700711,TRAIN,676,0.9889496834138906,,,
d,D2_seed20700711,TRAIN,677,1.0000111976068062,,,
d,D2_seed20700711,TRAIN,678,0.9955937605982214,,,
d,D2_seed20700711,TRAIN,679,1.0119036892496818,,,
d,D2_seed20700711,TRAIN,680,0.9563644871790921,,,
d,D2_seed20700711,TRAIN,681,0.9999292525617065,,,
d,D2_seed20700711,TRAIN,682,1.0087395431382853,,,
d,D2_seed20700711,TRAIN,683,0.9888122581240152,,,
d,D2_seed20700711,TRAIN,684,0.9727966119395131,,,
d,D2_seed20700711,TRAIN,685,0.9954553602420754,,,
d,D2_seed20700711,TRAIN,686,0.9562430807420716,,,
d,D2_seed20700711,TRAIN,687,1.0117426862593728,,,
d,D2_seed20700711,TRAIN,688,0.9419250736221346,,,
d,D2_seed20700711,TRAIN,689,0.9561828188188348,,,
d,D2_seed20700711,TRAIN,690,1.011682876130097,,,
d,D2_seed20700711,TRAIN,691,0.9997261230121177,,,
d,D2_seed20700711,TRAIN,692,0.9953184563811543,,,
d,D2_seed20700711,TRAIN,693,0.9418235766356734,,,
d,D2_seed20700711,TRAIN,694,0.9885987760911503,,,
d,D2_seed20700711,TRAIN,695,1.0084811208432496,,,
d,D2_seed20700711,TRAIN,696,0.9725538201635989,,,
d,D2_seed20700711,TRAIN,697,0.9996054238274922,,,
d,D2_seed20700711,TRAIN,698,0.972513631596279,,,
d,D2_seed20700711,TRAIN,699,0.9417025783077668,,,
d,D2_seed20700711,TRAIN,700,0.9884835340246931,,,
d,D2_seed20700711,TRAIN,701,1.0083631694536952,,,
d,D2_seed20700711,TRAIN,702,1.0114454829128539,,,
d,D2_seed20700711,TRAIN,703,0.9559043111977705,,,
d,D2_seed20700711,TRAIN,704,0.9950863859481269,,,
d,D2_seed20700711,TRAIN,705,1.0113866675967804,,,
d,D2_seed20700711,TRAIN,706,0.9723538564145706,,,
d,D2_seed20700711,TRAIN,707,0.9558255180746428,,,
d,D2_seed20700711,TRAIN,708,0.9415225554177326,,,
d,D2_seed20700711,TRAIN,709,1.0082071721756296,,,
d,D2_seed20700711,TRAIN,710,0.999347289220224,,,
d,D2_seed20700711,TRAIN,711,0.9949526643414632,,,
d,D2_seed20700711,TRAIN,712,0.9882555286231718,,,
d,D2_seed20700711,TRAIN,713,1.008129769757321,,,
d,D2_seed20700711,TRAIN,714,0.9948956620987269,,,
d,D2_seed20700711,TRAIN,715,1.0111922341695725,,,
d,D2_seed20700711,TRAIN,716,0.9413642732737106,,,
d,D2_seed20700711,TRAIN,717,0.9556304064949472,,,
d,D2_seed20700711,TRAIN,718,0.9991903200976333,,,
d,D2_seed20700711,TRAIN,719,0.988124168447859,,,
d,D2_seed20700711,TRAIN,720,0.9720783018778925,,,
d,D2_seed20700711,TRAIN,721,0.9720588362847694,,,
d,D2_seed20700711,TRAIN,722,1.007957272858032,,,
d,D2_seed20700711,TRAIN,723,0.9412272542169247,,,
d,D2_seed20700711,TRAIN,724,1.0110194729975421,,,
d,D2_seed20700711,TRAIN,725,0.9990545075249931,,,
d,D2_seed20700711,TRAIN,726,0.9554569862342404,,,
d,D2_seed20700711,TRAIN,727,0.9879754581406015,,,
d,D2_seed20700711,TRAIN,728,0.9946326831530917,,,
d,D2_seed20700711,TRAIN,729,0.971903720298321,,,
d,D2_seed20700711,TRAIN,730,0.9945955740967847,,,
d,D2_seed20700711,TRAIN,731,0.9553616669083821,,,
d,D2_seed20700711,TRAIN,732,1.0108676657495188,,,
d,D2_seed20700711,TRAIN,733,0.9989008146221532,,,
d,D2_seed20700711,TRAIN,734,0.9410144747548965,,,
d,D2_seed20700711,TRAIN,735,1.0077117393657005,,,
d,D2_seed20700711,TRAIN,736,0.9878103539940417,,,
d,D2_seed20700711,TRAIN,737,0.9877921408865771,,,
d,D2_seed20700711,TRAIN,738,0.9409379736977881,,,
d,D2_seed20700711,TRAIN,739,1.0076372368810567,,,
d,D2_seed20700711,TRAIN,740,0.9944115992456876,,,
d,D2_seed20700711,TRAIN,741,0.9551732272209451,,,
d,D2_seed20700711,TRAIN,742,0.9987302076145831,,,
d,D2_seed20700711,TRAIN,743,0.9716372608848551,,,
d,D2_seed20700711,TRAIN,744,1.0106434773426982,,,
d,D2_seed20700711,TRAIN,745,1.0075263043357876,,,
d,D2_seed20700711,TRAIN,746,0.9943024587227355,,,
d,D2_seed20700711,TRAIN,747,0.9550612942832145,,,
d,D2_seed20700711,TRAIN,748,0.987593633209111,,,
d,D2_seed20700711,TRAIN,749,0.998598765432428,,,
d,D2_seed20700711,TRAIN,750,0.9407111896766411,,,
d,D2_seed20700711,TRAIN,751,1.010514218306393,,,
d,D2_seed20700711,TRAIN,752,0.9714684663525848,,,
d,D2_seed20700711,TRAIN,753,0.9714498288633675,,,
d,D2_seed20700711,TRAIN,754,0.9941582095528325,,,
d,D2_seed20700711,TRAIN,755,0.954913583434754,,,
d,D2_seed20700711,TRAIN,756,1.0073250354413428,,,
d,D2_seed20700711,TRAIN,757,0.9874334210107053,,,
d,D2_seed20700711,TRAIN,758,1.0103863875614185,,,
d,D2_seed20700711,TRAIN,759,0.940543532168689,,,
d,D2_seed20700711,TRAIN,760,0.9983951151719574,,,
d,D2_seed20700711,TRAIN,761,0.9983767245503917,,,
d,D2_seed20700711,TRAIN,762,0.9940157665650692,,,
d,D2_seed20700711,TRAIN,763,1.0102957577211065,,,
d,D2_seed20700711,TRAIN,764,0.9547494080828586,,,
d,D2_seed20700711,TRAIN,765,0.9872926259369387,,,
d,D2_seed20700711,TRAIN,766,0.9712102840629857,,,
d,D2_seed20700711,TRAIN,767,1.0071270511586348,,,
d,D2_seed20700711,TRAIN,768,0.9403780001051149,,,
d,D2_seed20700711,TRAIN,769,0.954659228272908,,,
d,D2_seed20700711,TRAIN,770,0.9872056818390135,,,
d,D2_seed20700711,TRAIN,771,0.9981944198649176,,,
d,D2_seed20700711,TRAIN,772,0.9711015361791675,,,
d,D2_seed20700711,TRAIN,773,0.993822668504865,,,
d,D2_seed20700711,TRAIN,774,0.9402692786934539,,,
d,D2_seed20700711,TRAIN,775,1.0069855512634132,,,
d,D2_seed20700711,TRAIN,776,1.0100639801666271,,,
d,D2_seed20700711,TRAIN,777,1.01004632376779,,,
d,D2_seed20700711,TRAIN,778,0.9937361293316461,,,
d,D2_seed20700711,TRAIN,779,0.9544812568057452,,,
d,D2_seed20700711,TRAIN,780,0.9980331648866282,,,
d,D2_seed20700711,TRAIN,781,1.0068803512869384,,,
d,D2_seed20700711,TRAIN,782,0.9709223980648072,,,
d,D2_seed20700711,TRAIN,783,0.940107684396983,,,
d,D2_seed20700711,TRAIN,784,0.986965818461397,,,
d,D2_seed20700711,TRAIN,785,0.9869489217265123,,,
d,D2_seed20700711,TRAIN,786,1.0067934793913162,,,
d,D2_seed20700711,TRAIN,787,0.993581876513492,,,
d,D2_seed20700711,TRAIN,788,0.9543233424232455,,,
d,D2_seed20700711,TRAIN,789,0.9978742709131989,,,
d,D2_seed20700711,TRAIN,790,0.9707813450825942,,,
d,D2_seed20700711,TRAIN,791,1.0098023439041508,,,
d,D2_seed20700711,TRAIN,792,0.9399488405379727,,,
d,D2_seed20700711,TRAIN,793,0.9868147934996986,,,
d,D2_seed20700711,TRAIN,794,0.9934637935926479,,,
d,D2_seed20700711,TRAIN,795,0.9977697423934769,,,
d,D2_seed20700711,TRAIN,796,1.0066223676897708,,,
d,D2_seed20700711,TRAIN,797,0.9706595264053065,,,
d,D2_seed20700711,TRAIN,798,0.9541509286368908,,,
d,D2_seed20700711,TRAIN,799,0.9398269587238214,,,
d,D2_seed20700711,TRAIN,800,1.0096486809026037,,,
d,D2_seed20700711,TRAIN,801,0.9976661907778205,,,
d,D2_seed20700711,TRAIN,802,0.9705733279651345,,,
d,D2_seed20700711,TRAIN,803,1.009597878984731,,,
d,D2_seed20700711,TRAIN,804,0.9866331053590883,,,
d,D2_seed20700711,TRAIN,805,0.993280670479197,,,
d,D2_seed20700711,TRAIN,806,0.9397063040572373,,,
d,D2_seed20700711,TRAIN,807,0.9539980646962867,,,
d,D2_seed20700711,TRAIN,808,1.00642058498636,,,
d,D2_seed20700711,TRAIN,809,0.9704539132849856,,,
d,D2_seed20700711,TRAIN,810,1.0094806039179158,,,
d,D2_seed20700711,TRAIN,811,0.9974959143618429,,,
d,D2_seed20700711,TRAIN,812,0.9865032087454095,,,
d,D2_seed20700711,TRAIN,813,1.0063377297740648,,,
d,D2_seed20700711,TRAIN,814,0.9931336019825614,,,
d,D2_seed20700711,TRAIN,815,0.9538642360112131,,,
d,D2_seed20700711,TRAIN,816,0.939536716089453,,,
d,D2_seed20700711,TRAIN,817,0.9930851570900614,,,
d,D2_seed20700711,TRAIN,818,1.0062557746188168,,,
d,D2_seed20700711,TRAIN,819,0.9702859423754011,,,
d,D2_seed20700711,TRAIN,820,0.9537818119998979,,,
d,D2_seed20700711,TRAIN,821,1.00929935624015,,,
d,D2_seed20700711,TRAIN,822,0.9973124102915957,,,
d,D2_seed20700711,TRAIN,823,0.9394200471669171,,,
d,D2_seed20700711,TRAIN,824,0.9863120158707177,,,
d,D2_seed20700711,TRAIN,825,0.9862963119266313,,,
d,D2_seed20700711,TRAIN,826,1.009218273181815,,,
d,D2_seed20700711,TRAIN,827,0.9393541324050534,,,
d,D2_seed20700711,TRAIN,828,0.9972140050339753,,,
d,D2_seed20700711,TRAIN,829,0.9701213713298205,,,
d,D2_seed20700711,TRAIN,830,1.0060623642359101,,,
d,D2_seed20700711,TRAIN,831,0.9536030683624563,,,
d,D2_seed20700711,TRAIN,832,0.9928472251634857,,,
d,D2_seed20700711,TRAIN,833,0.9971327519038892,,,
d,D2_seed20700711,TRAIN,834,1.0059987919465339,,,
d,D2_seed20700711,TRAIN,835,0.992800312280756,,,
d,D2_seed20700711,TRAIN,836,1.0090582496167346,,,
d,D2_seed20700711,TRAIN,837,0.9861097686827541,,,
d,D2_seed20700711,TRAIN,838,0.9391750166772297,,,
d,D2_seed20700711,TRAIN,839,0.953475234850968,,,
d,D2_seed20700711,TRAIN,840,0.9699437154570482,,,
d,D2_seed20700711,TRAIN,841,0.9927073782381993,,,
d,D2_seed20700711,TRAIN,842,0.9860334562317213,,,
d,D2_seed20700711,TRAIN,843,1.008948222295885,,,
d,D2_seed20700711,TRAIN,844,0.9969566241380545,,,
d,D2_seed20700711,TRAIN,845,0.953381002771774,,,
d,D2_seed20700711,TRAIN,846,0.9698487068007424,,,
d,D2_seed20700711,TRAIN,847,1.0057958731351315,,,
d,D2_seed20700711,TRAIN,848,0.9390159000486181,,,
d,D2_seed20700711,TRAIN,849,0.9390001473730052,,,
d,D2_seed20700711,TRAIN,850,1.0057497845629644,,,
d,D2_seed20700711,TRAIN,851,0.9925553481569283,,,
d,D2_seed20700711,TRAIN,852,0.9968311894791657,,,
d,D2_seed20700711,TRAIN,853,0.985868190822893,,,
d,D2_seed20700711,TRAIN,854,0.9697235676267639,,,
d,D2_seed20700711,TRAIN,855,1.0087631614597574,,,
d,D2_seed20700711,TRAIN,856,0.9532108292821508,,,
d,D2_seed20700711,TRAIN,857,0.9696771237774422,,,
d,D2_seed20700711,TRAIN,858,0.9388597672574489,,,
d,D2_seed20700711,TRAIN,859,1.0087024619422573,,,
d,D2_seed20700711,TRAIN,860,0.9924210397692943,,,
d,D2_seed20700711,TRAIN,861,0.9966924211968089,,,
d,D2_seed20700711,TRAIN,862,0.9531195479476984,,,
d,D2_seed20700711,TRAIN,863,0.9857209857241414,,,
d,D2_seed20700711,TRAIN,864,1.005538353202899,,,
d,D2_seed20700711,TRAIN,865,0.9923474123026484,,,
d,D2_seed20700711,TRAIN,866,0.9530594065775054,,,
d,D2_seed20700711,TRAIN,867,1.0085825442609286,,,
d,D2_seed20700711,TRAIN,868,0.9965861761113439,,,
d,D2_seed20700711,TRAIN,869,0.9694943685192732,,,
d,D2_seed20700711,TRAIN,870,0.9386765821672154,,,
d,D2_seed20700711,TRAIN,871,0.9856054366537175,,,
d,D2_seed20700711,TRAIN,872,1.0054203168367022,,,
d,D2_seed20700711,TRAIN,873,0.9855768814733387,,,
d,D2_seed20700711,TRAIN,874,1.0084791900914505,,,
d,D2_seed20700711,TRAIN,875,1.0053765686600125,,,
d,D2_seed20700711,TRAIN,876,0.9529111018262711,,,
d,D2_seed20700711,TRAIN,877,0.9385718415253211,,,
d,D2_seed20700711,TRAIN,878,0.9921596962688681,,,
d,D2_seed20700711,TRAIN,879,0.9964224570162489,,,
d,D2_seed20700711,TRAIN,880,0.969330838919821,,,
d,D2_seed20700711,TRAIN,881,0.9963930582289771,,,
d,D2_seed20700711,TRAIN,882,0.9921029286291617,,,
d,D2_seed20700711,TRAIN,883,0.9528091671690663,,,
d,D2_seed20700711,TRAIN,884,0.9384686730615187,,,
d,D2_seed20700711,TRAIN,885,1.0052327423132634,,,
d,D2_seed20700711,TRAIN,886,0.9853940811481752,,,
d,D2_seed20700711,TRAIN,887,0.9692288279392729,,,
d,D2_seed20700711,TRAIN,888,1.0082772181023845,,,
d,D2_seed20700711,TRAIN,889,0.9691999571024947,,,
d,D2_seed20700711,TRAIN,890,0.9383815496712083,,,
d,D2_seed20700711,TRAIN,891,0.9853251928305384,,,
d,D2_seed20700711,TRAIN,892,0.9919633958767351,,,
d,D2_seed20700711,TRAIN,893,0.9526664119834581,,,
d,D2_seed20700711,TRAIN,894,0.9962054954441418,,,
d,D2_seed20700711,TRAIN,895,1.0050922649707659,,,
d,D2_seed20700711,TRAIN,896,1.0081647883233602,,,
d,D2_seed20700711,TRAIN,897,0.9690858738760393,,,
d,D2_seed20700711,TRAIN,898,0.9382672255281823,,,
d,D2_seed20700711,TRAIN,899,1.0050367752317964,,,
d,D2_seed20700711,TRAIN,900,0.9852031349989364,,,
d,D2_seed20700711,TRAIN,901,0.9918404702657558,,,
d,D2_seed20700711,TRAIN,902,0.9525404688101267,,,
d,D2_seed20700711,TRAIN,903,1.0080678503114102,,,
d,D2_seed20700711,TRAIN,904,0.996064817879429,,,
d,D2_seed20700711,TRAIN,905,1.004954587541259,,,
d,D2_seed20700711,TRAIN,906,0.9524852735184172,,,
d,D2_seed20700711,TRAIN,907,0.9851097823095715,,,
d,D2_seed20700711,TRAIN,908,1.007999444618144,,,
d,D2_seed20700711,TRAIN,909,0.9917331201703921,,,
d,D2_seed20700711,TRAIN,910,0.9959816842102817,,,
d,D2_seed20700711,TRAIN,911,0.9380854299279741,,,
d,D2_seed20700711,TRAIN,912,0.9688770004787108,,,
d,D2_seed20700711,TRAIN,913,0.9959404554909919,,,
d,D2_seed20700711,TRAIN,914,0.9916668044744247,,,
d,D2_seed20700711,TRAIN,915,1.0079048496750556,,,
d,D2_seed20700711,TRAIN,916,0.9380168510241218,,,
d,D2_seed20700711,TRAIN,917,0.9523359685254476,,,
d,D2_seed20700711,TRAIN,918,1.004780144613764,,,
d,D2_seed20700711,TRAIN,919,0.9849529685361342,,,
d,D2_seed20700711,TRAIN,920,0.9687685168041362,,,
d,D2_seed20700711,TRAIN,921,1.007825064224077,,,
d,D2_seed20700711,TRAIN,922,0.9379357156356338,,,
d,D2_seed20700711,TRAIN,923,0.9958051917510706,,,
d,D2_seed20700711,TRAIN,924,0.9848889889911375,,,
d,D2_seed20700711,TRAIN,925,0.9522298519234201,,,
d,D2_seed20700711,TRAIN,926,0.9686885255729405,,,
d,D2_seed20700711,TRAIN,927,0.9914982728381185,,,
d,D2_seed20700711,TRAIN,928,1.0046497185030343,,,
d,D2_seed20700711,TRAIN,929,0.9378425959062172,,,
d,D2_seed20700711,TRAIN,930,0.9521646735374916,,,
d,D2_seed20700711,TRAIN,931,1.0076949213676405,,,
d,D2_seed20700711,TRAIN,932,1.004598487446119,,,
d,D2_seed20700711,TRAIN,933,0.9956737048543413,,,
d,D2_seed20700711,TRAIN,934,0.9914099312808522,,,
d,D2_seed20700711,TRAIN,935,0.9685707344725445,,,
d,D2_seed20700711,TRAIN,936,0.984738684588298,,,
d,D2_seed20700711,TRAIN,937,0.9377379829013766,,,
d,D2_seed20700711,TRAIN,938,0.9847140739724186,,,
d,D2_seed20700711,TRAIN,939,0.9913476624043964,,,
d,D2_seed20700711,TRAIN,940,1.0044973686578822,,,
d,D2_seed20700711,TRAIN,941,0.9684937450448278,,,
d,D2_seed20700711,TRAIN,942,1.007555325099405,,,
d,D2_seed20700711,TRAIN,943,0.9955452362933689,,,
d,D2_seed20700711,TRAIN,944,0.9519861081288495,,,
d,D2_seed20700711,TRAIN,945,1.0075177847264558,,,
d,D2_seed20700711,TRAIN,946,0.9684302237323479,,,
d,D2_seed20700711,TRAIN,947,0.9376101148100316,,,
d,D2_seed20700711,TRAIN,948,0.9954819187889296,,,
d,D2_seed20700711,TRAIN,949,0.9519236025195585,,,
d,D2_seed20700711,TRAIN,950,0.991213128193045,,,
d,D2_seed20700711,TRAIN,951,1.004361297875884,,,
d,D2_seed20700711,TRAIN,952,0.9845448242783327,,,
d,D2_seed20700711,TRAIN,953,1.0074190233277347,,,
d,D2_seed20700711,TRAIN,954,0.9375223061569414,,,
d,D2_seed20700711,TRAIN,955,0.9683178562818531,,,
d,D2_seed20700711,TRAIN,956,0.99538236159943,,,
d,D2_seed20700711,TRAIN,957,0.9844857650360547,,,
d,D2_seed20700711,TRAIN,958,0.9518132284050169,,,
d,D2_seed20700711,TRAIN,959,0.9911057521433096,,,
d,D2_seed20700711,TRAIN,960,1.0042528324812623,,,
d,D2_seed20700711,TRAIN,961,0.9517770807387258,,,
d,D2_seed20700711,TRAIN,962,1.0042290983914297,,,
d,D2_seed20700711,TRAIN,963,1.0072985923649307,,,
d,D2_seed20700711,TRAIN,964,0.9910472513857851,,,
d,D2_seed20700711,TRAIN,965,0.9843929375448164,,,
d,D2_seed20700711,TRAIN,966,0.9681841277104696,,,
d,D2_seed20700711,TRAIN,967,0.9952489385796848,,,
d,D2_seed20700711,TRAIN,968,0.9373514983664527,,,
d,D2_seed20700711,TRAIN,969,0.9681482842287561,,,
d,D2_seed20700711,TRAIN,970,0.995213139831074,,,
d,D2_seed20700711,TRAIN,971,0.9373156419915052,,,
d,D2_seed20700711,TRAIN,972,1.0041119906535814,,,
d,D2_seed20700711,TRAIN,973,0.9909435973092793,,,
d,D2_seed20700711,TRAIN,974,0.9842906130419213,,,
d,D2_seed20700711,TRAIN,975,1.0071578998794972,,,
d,D2_seed20700711,TRAIN,976,0.9516000341110539,,,
d,D2_seed20700711,TRAIN,977,0.9680540061912506,,,
d,D2_seed20700711,TRAIN,978,1.007123424633403,,,
d,D2_seed20700711,TRAIN,979,0.9951073517800756,,,
d,D2_seed20700711,TRAIN,980,0.9515539171860922,,,
d,D2_seed20700711,TRAIN,981,1.0040090887088229,,,
d,D2_seed20700711,TRAIN,982,0.9842015629712764,,,
d,D2_seed20700711,TRAIN,983,0.9908311199116061,,,
d,D2_seed20700711,TRAIN,984,0.9371633756223002,,,
d,D2_seed20700711,TRAIN,985,0.9950381158135339,,,
d,D2_seed20700711,TRAIN,986,1.0070326299481283,,,
d,D2_seed20700711,TRAIN,987,1.0039418330783414,,,
d,D2_seed20700711,TRAIN,988,0.9841359907705348,,,
d,D2_seed20700711,TRAIN,989,0.9514518853879604,,,
d,D2_seed20700711,TRAIN,990,0.9907540747226585,,,
d,D2_seed20700711,TRAIN,991,0.9370835339959721,,,
d,D2_seed20700711,TRAIN,992,0.9678823808927786,,,
d,D2_seed20700711,TRAIN,993,0.9370610745526365,,,
d,D2_seed20700711,TRAIN,994,0.9949364201204663,,,
d,D2_seed20700711,TRAIN,995,0.9678489806506307,,,
d,D2_seed20700711,TRAIN,996,0.9840504123215434,,,
d,D2_seed20700711,TRAIN,997,1.006911146131906,,,
d,D2_seed20700711,TRAIN,998,1.0038214979347386,,,
d,D2_seed20700711,TRAIN,999,0.9906574619059746,,,
d,D2_seed20700711,TRAIN,1000,0.9513307724053278,,,
d,D2_seed20700711,TRAIN,1001,0.9839977885867425,,,
d,D2_seed20700711,TRAIN,1002,1.003778590727383,,,
d,D2_seed20700711,TRAIN,1003,0.9677610516193992,,,
d,D2_seed20700711,TRAIN,1004,0.9369394528670011,,,
d,D2_seed20700711,TRAIN,1005,0.990594383516134,,,
d,D2_seed20700711,TRAIN,1006,0.9948049431458902,,,
d,D2_seed20700711,TRAIN,1007,1.0068038804934107,,,
d,D2_seed20700711,TRAIN,1008,0.9512449094641117,,,
d,D2_seed20700711,TRAIN,1009,1.0037046272713679,,,
d,D2_seed20700711,TRAIN,1010,0.9947618929027823,,,
d,D2_seed20700711,TRAIN,1011,0.9368638064986912,,,
d,D2_seed20700711,TRAIN,1012,0.9512025362263807,,,
d,D2_seed20700711,TRAIN,1013,0.9676536648228807,,,
d,D2_seed20700711,TRAIN,1014,0.9838642391039238,,,
d,D2_seed20700711,TRAIN,1015,1.0067199280776715,,,
d,D2_seed20700711,TRAIN,1016,0.9904810482573755,,,
d,D2_seed20700711,TRAIN,1017,0.9676115491787727,,,
d,D2_seed20700711,TRAIN,1018,0.9511399747736715,,,
d,D2_seed20700711,TRAIN,1019,0.990450770561203,,,
d,D2_seed20700711,TRAIN,1020,0.983804242111236,,,
d,D2_seed20700711,TRAIN,1021,1.0066583281891088,,,
d,D2_seed20700711,TRAIN,1022,0.9367479642482799,,,
d,D2_seed20700711,TRAIN,1023,1.003560870278873,,,
d,D2_seed20700711,TRAIN,1024,0.9946152628439935,,,
d,D2_seed20700711,TRAIN,1025,0.9837550405930536,,,
d,D2_seed20700711,TRAIN,1026,0.9367067117498453,,,
d,D2_seed20700711,TRAIN,1027,1.0035208265288524,,,
d,D2_seed20700711,TRAIN,1028,0.9945743734794589,,,
d,D2_seed20700711,TRAIN,1029,0.9510280936511532,,,
d,D2_seed20700711,TRAIN,1030,1.006567750622802,,,
d,D2_seed20700711,TRAIN,1031,0.9674678901960542,,,
d,D2_seed20700711,TRAIN,1032,0.9903223863566012,,,
d,D2_seed20700711,TRAIN,1033,0.9366354856885886,,,
d,D2_seed20700711,TRAIN,1034,0.9836679833588101,,,
d,D2_seed20700711,TRAIN,1035,0.9902934101178936,,,
d,D2_seed20700711,TRAIN,1036,0.9509585690753934,,,
d,D2_seed20700711,TRAIN,1037,1.0064988544538112,,,
d,D2_seed20700711,TRAIN,1038,0.9673981868965634,,,
d,D2_seed20700711,TRAIN,1039,1.0034033385046344,,,
d,D2_seed20700711,TRAIN,1040,0.9944543756691071,,,
d,D2_seed20700711,TRAIN,1041,0.9509097821607116,,,
d,D2_seed20700711,TRAIN,1042,0.9944347093357341,,,
d,D2_seed20700711,TRAIN,1043,1.006440778972271,,,
d,D2_seed20700711,TRAIN,1044,0.9902078342044701,,,
d,D2_seed20700711,TRAIN,1045,0.9673295862587611,,,
d,D2_seed20700711,TRAIN,1046,1.0033363712492396,,,
d,D2_seed20700711,TRAIN,1047,0.9364971669281184,,,
d,D2_seed20700711,TRAIN,1048,0.9835367676512022,,,
d,D2_seed20700711,TRAIN,1049,0.9943665386213811,,,
d,D2_seed20700711,TRAIN,1050,0.9364681928414825,,,
d,D2_seed20700711,TRAIN,1051,1.0032893717434959,,,
d,D2_seed20700711,TRAIN,1052,1.0063552401796179,,,
d,D2_seed20700711,TRAIN,1053,0.9834911046555364,,,
d,D2_seed20700711,TRAIN,1054,0.950785629798243,,,
d,D2_seed20700711,TRAIN,1055,0.9672338939272498,,,
d,D2_seed20700711,TRAIN,1056,0.9900968107211477,,,
d,D2_seed20700711,TRAIN,1057,0.983455122006253,,,
d,D2_seed20700711,TRAIN,1058,1.0062996290589974,,,
d,D2_seed20700711,TRAIN,1059,1.0032156910487922,,,
d,D2_seed20700711,TRAIN,1060,0.9942626112091472,,,
d,D2_seed20700711,TRAIN,1061,0.9671779003589557,,,
d,D2_seed20700711,TRAIN,1062,0.9363548512678412,,,
d,D2_seed20700711,TRAIN,1063,0.9507025236283064,,,
d,D2_seed20700711,TRAIN,1064,0.990025061041868,,,
d,D2_seed20700711,TRAIN,1065,1.0062358884912637,,,
d,D2_seed20700711,TRAIN,1066,1.0031525449443877,,,
d,D2_seed20700711,TRAIN,1067,0.9833668866977529,,,
d,D2_seed20700711,TRAIN,1068,0.9671137326564607,,,
d,D2_seed20700711,TRAIN,1069,0.9899810707475083,,,
d,D2_seed20700711,TRAIN,1070,0.9362814970073959,,,
d,D2_seed20700711,TRAIN,1071,0.9941619730306506,,,
d,D2_seed20700711,TRAIN,1072,0.9506216190084358,,,
d,D2_seed20700711,TRAIN,1073,0.9941440222587614,,,
d,D2_seed20700711,TRAIN,1074,0.9833067154322721,,,
d,D2_seed20700711,TRAIN,1075,0.9899291455825564,,,
d,D2_seed20700711,TRAIN,1076,0.9505863943649756,,,
d,D2_seed20700711,TRAIN,1077,1.0061297558218423,,,
d,D2_seed20700711,TRAIN,1078,1.0030475199324245,,,
d,D2_seed20700711,TRAIN,1079,0.9670157734639616,,,
d,D2_seed20700711,TRAIN,1080,0.9361923378324062,,,
d,D2_seed20700711,TRAIN,1081,1.0030218092692056,,,
d,D2_seed20700711,TRAIN,1082,0.966989550532647,,,
d,D2_seed20700711,TRAIN,1083,0.9832311756302982,,,
d,D2_seed20700711,TRAIN,1084,0.9505171049765727,,,
d,D2_seed20700711,TRAIN,1085,1.0060611009736824,,,
d,D2_seed20700711,TRAIN,1086,0.9940300146949693,,,
d,D2_seed20700711,TRAIN,1087,0.9898281021387977,,,
d,D2_seed20700711,TRAIN,1088,0.9361227955618968,,,
d,D2_seed20700711,TRAIN,1089,0.9940042632207249,,,
d,D2_seed20700711,TRAIN,1090,0.989803333348491,,,
d,D2_seed20700711,TRAIN,1091,0.9831656728381144,,,
d,D2_seed20700711,TRAIN,1092,1.0060022576302592,,,
d,D2_seed20700711,TRAIN,1093,0.9668954616889103,,,
d,D2_seed20700711,TRAIN,1094,0.9360717338189632,,,
d,D2_seed20700711,TRAIN,1095,0.950424481801824,,,
d,D2_seed20700711,TRAIN,1096,1.0028967265627964,,,
d,D2_seed20700711,TRAIN,1097,0.9668620458852426,,,
d,D2_seed20700711,TRAIN,1098,0.9939284025241877,,,
d,D2_seed20700711,TRAIN,1099,0.9503915560396748,,,
d,D2_seed20700711,TRAIN,1100,0.989722466255754,,,
d,D2_seed20700711,TRAIN,1101,1.005928471424604,,,
d,D2_seed20700711,TRAIN,1102,0.9360050758069751,,,
d,D2_seed20700711,TRAIN,1103,1.0028402388147242,,,
d,D2_seed20700711,TRAIN,1104,0.9830625456631686,,,
d,D2_seed20700711,TRAIN,1105,0.9667963172339982,,,
d,D2_seed20700711,TRAIN,1106,0.9830470548974166,,,
d,D2_seed20700711,TRAIN,1107,0.9503268933828586,,,
d,D2_seed20700711,TRAIN,1108,0.9938467006389974,,,
d,D2_seed20700711,TRAIN,1109,0.9896519015260068,,,
d,D2_seed20700711,TRAIN,1110,1.0058567802078542,,,
d,D2_seed20700711,TRAIN,1111,1.0027772391500587,,,
d,D2_seed20700711,TRAIN,1112,0.9359240661708821,,,
d,D2_seed20700711,TRAIN,1113,0.982993591406463,,,
d,D2_seed20700711,TRAIN,1114,0.9896134701565794,,,
d,D2_seed20700711,TRAIN,1115,1.0058177550289098,,,
d,D2_seed20700711,TRAIN,1116,0.9358923741224504,,,
d,D2_seed20700711,TRAIN,1117,0.9667008764576979,,,
d,D2_seed20700711,TRAIN,1118,0.9937674089519881,,,
d,D2_seed20700711,TRAIN,1119,1.0027157504464181,,,
d,D2_seed20700711,TRAIN,1120,0.9502252140516874,,,
d,D2_seed20700711,TRAIN,1121,0.9502175465069591,,,
d,D2_seed20700711,TRAIN,1122,1.002693040741857,,,
d,D2_seed20700711,TRAIN,1123,0.9829191393877148,,,
d,D2_seed20700711,TRAIN,1124,0.993720988900623,,,
d,D2_seed20700711,TRAIN,1125,1.005741482274846,,,
d,D2_seed20700711,TRAIN,1126,0.9358146832929917,,,
d,D2_seed20700711,TRAIN,1127,0.9895162879545367,,,
d,D2_seed20700711,TRAIN,1128,0.966616263633911,,,
d,D2_seed20700711,TRAIN,1129,0.9501570736709642,,,
d,D2_seed20700711,TRAIN,1130,0.9828683332224812,,,
d,D2_seed20700711,TRAIN,1131,0.9665937328944574,,,
d,D2_seed20700711,TRAIN,1132,0.9357692770922721,,,
d,D2_seed20700711,TRAIN,1133,0.9936530174499646,,,
d,D2_seed20700711,TRAIN,1134,1.0026044306064046,,,
d,D2_seed20700711,TRAIN,1135,0.9894585430336923,,,
d,D2_seed20700711,TRAIN,1136,1.0056603479273516,,,
d,D2_seed20700711,TRAIN,1137,0.950098202432149,,,
d,D2_seed20700711,TRAIN,1138,1.0025755920179953,,,
d,D2_seed20700711,TRAIN,1139,0.9936086866674885,,,
d,D2_seed20700711,TRAIN,1140,0.9894230331091148,,,
d,D2_seed20700711,TRAIN,1141,0.9827907565857761,,,
d,D2_seed20700711,TRAIN,1142,0.9665127722088176,,,
d,D2_seed20700711,TRAIN,1143,0.9356880832210477,,,
d,D2_seed20700711,TRAIN,1144,1.0056029126464132,,,
d,D2_seed20700711,TRAIN,1145,1.0025259525252035,,,
d,D2_seed20700711,TRAIN,1146,0.9893811487716718,,,
d,D2_seed20700711,TRAIN,1147,0.9664768586006037,,,
d,D2_seed20700711,TRAIN,1148,0.9500194088619011,,,
d,D2_seed20700711,TRAIN,1149,0.9827359314694413,,,
d,D2_seed20700711,TRAIN,1150,0.9356378545286661,,,
d,D2_seed20700711,TRAIN,1151,1.005553921384802,,,
d,D2_seed20700711,TRAIN,1152,0.9935154168805581,,,
d,D2_seed20700711,TRAIN,1153,0.9664345694731635,,,
d,D2_seed20700711,TRAIN,1154,0.9935013786722474,,,
d,D2_seed20700711,TRAIN,1155,1.0055263535683268,,,
d,D2_seed20700711,TRAIN,1156,1.002450137865196,,,
d,D2_seed20700711,TRAIN,1157,0.9893063998722113,,,
d,D2_seed20700711,TRAIN,1158,0.9499500798164789,,,
d,D2_seed20700711,TRAIN,1159,0.9355747450786083,,,
d,D2_seed20700711,TRAIN,1160,0.9826626841242283,,,
d,D2_seed20700711,TRAIN,1161,0.9892798206656481,,,
d,D2_seed20700711,TRAIN,1162,0.982649694338079,,,
d,D2_seed20700711,TRAIN,1163,1.0054722129693752,,,
d,D2_seed20700711,TRAIN,1164,0.9934324169925329,,,
d,D2_seed20700711,TRAIN,1165,0.9499029795048414,,,
d,D2_seed20700711,TRAIN,1166,0.9355270971094788,,,
d,D2_seed20700711,TRAIN,1167,0.966338841424142,,,
d,D2_seed20700711,TRAIN,1168,1.002370496748498,,,
d,D2_seed20700711,TRAIN,1169,0.9892278511695833,,,
d,D2_seed20700711,TRAIN,1170,0.9355003421983177,,,
d,D2_seed20700711,TRAIN,1171,1.0023510827917717,,,
d,D2_seed20700711,TRAIN,1172,0.9498569466317096,,,
d,D2_seed20700711,TRAIN,1173,0.966299194407526,,,
d,D2_seed20700711,TRAIN,1174,0.9933659411847383,,,
d,D2_seed20700711,TRAIN,1175,1.0053938472125614,,,
d,D2_seed20700711,TRAIN,1176,0.9825609773811844,,,
d,D2_seed20700711,TRAIN,1177,0.9498246303492102,,,
d,D2_seed20700711,TRAIN,1178,0.9354477942132862,,,
d,D2_seed20700711,TRAIN,1179,0.9891648051509081,,,
d,D2_seed20700711,TRAIN,1180,1.005362073723118,,,
d,D2_seed20700711,TRAIN,1181,0.9662474625627097,,,
d,D2_seed20700711,TRAIN,1182,0.9825241795508101,,,
d,D2_seed20700711,TRAIN,1183,0.9933079099201988,,,
d,D2_seed20700711,TRAIN,1184,1.0022690490441821,,,
d,D2_seed20700711,TRAIN,1185,0.9354029461265903,,,
d,D2_seed20700711,TRAIN,1186,0.9825000008414144,,,
d,D2_seed20700711,TRAIN,1187,0.9497616367854749,,,
d,D2_seed20700711,TRAIN,1188,1.0053122885860943,,,
d,D2_seed20700711,TRAIN,1189,0.9932701387707553,,,
d,D2_seed20700711,TRAIN,1190,0.9661908454504362,,,
d,D2_seed20700711,TRAIN,1191,0.9890917214145972,,,
d,D2_seed20700711,TRAIN,1192,1.002220218142895,,,
d,D2_seed20700711,TRAIN,1193,0.9353528577782232,,,
d,D2_seed20700711,TRAIN,1194,0.9890738415135971,,,
d,D2_seed20700711,TRAIN,1195,1.0052696738547424,,,
d,D2_seed20700711,TRAIN,1196,0.9824408935789261,,,
d,D2_seed20700711,TRAIN,1197,0.9497005572569799,,,
d,D2_seed20700711,TRAIN,1198,0.9932146811571385,,,
d,D2_seed20700711,TRAIN,1199,1.0021785067732984,,,
d,D2_seed20700711,TRAIN,1200,0.9661297702308528,,,
d,D2_seed20700711,TRAIN,1201,0.9931965234497322,,,
d,D2_seed20700711,TRAIN,1202,1.002160861492431,,,
d,D2_seed20700711,TRAIN,1203,1.0052220683734168,,,
d,D2_seed20700711,TRAIN,1204,0.9823948333309503,,,
d,D2_seed20700711,TRAIN,1205,0.9890096290569157,,,
d,D2_seed20700711,TRAIN,1206,0.9352739789957063,,,
d,D2_seed20700711,TRAIN,1207,0.9660880116469539,,,
d,D2_seed20700711,TRAIN,1208,0.9496354297793552,,,
d,D2_seed20700711,TRAIN,1209,1.0051871223570996,,,
d,D2_seed20700711,TRAIN,1210,0.9823610838840868,,,
d,D2_seed20700711,TRAIN,1211,0.9931371901760182,,,
d,D2_seed20700711,TRAIN,1212,0.9352387259737349,,,
d,D2_seed20700711,TRAIN,1213,0.966053089604789,,,
d,D2_seed20700711,TRAIN,1214,1.0020920211332334,,,
d,D2_seed20700711,TRAIN,1215,0.9889533158692868,,,
d,D2_seed20700711,TRAIN,1216,0.9495895913152907,,,
d,D2_seed20700711,TRAIN,1217,1.0020752498395555,,,
d,D2_seed20700711,TRAIN,1218,1.005136109820302,,,
d,D2_seed20700711,TRAIN,1219,0.9889313198155109,,,
d,D2_seed20700711,TRAIN,1220,0.9495671006221609,,,
d,D2_seed20700711,TRAIN,1221,0.9823009698990901,,,
d,D2_seed20700711,TRAIN,1222,0.9660019510069681,,,
d,D2_seed20700711,TRAIN,1223,0.9351758757458221,,,
d,D2_seed20700711,TRAIN,1224,0.9930631987953612,,,
d,D2_seed20700711,TRAIN,1225,0.9822797056970911,,,
d,D2_seed20700711,TRAIN,1226,0.9351591651213478,,,
d,D2_seed20700711,TRAIN,1227,0.9888882903221996,,,
d,D2_seed20700711,TRAIN,1228,0.9495231620941083,,,
d,D2_seed20700711,TRAIN,1229,0.9659633640014753,,,
d,D2_seed20700711,TRAIN,1230,1.005070586086559,,,
d,D2_seed20700711,TRAIN,1231,0.9930247797261924,,,
d,D2_seed20700711,TRAIN,1232,1.0019940202844555,,,
d,D2_seed20700711,TRAIN,1233,0.9930138829833863,,,
d,D2_seed20700711,TRAIN,1234,1.001983428468012,,,
d,D2_seed20700711,TRAIN,1235,1.0050438756344269,,,
d,D2_seed20700711,TRAIN,1236,0.9494801917141575,,,
d,D2_seed20700711,TRAIN,1237,0.9888358499732046,,,
d,D2_seed20700711,TRAIN,1238,0.9350937278926384,,,
d,D2_seed20700711,TRAIN,1239,0.9659094187870884,,,
d,D2_seed20700711,TRAIN,1240,0.9822021429873232,,,
d,D2_seed20700711,TRAIN,1241,0.965898854503195,,,
d,D2_seed20700711,TRAIN,1242,1.0050071923051875,,,
d,D2_seed20700711,TRAIN,1243,1.0019366172026771,,,
d,D2_seed20700711,TRAIN,1244,0.9888001265160332,,,
d,D2_seed20700711,TRAIN,1245,0.9821770879079138,,,
d,D2_seed20700711,TRAIN,1246,0.9350514509517056,,,
d,D2_seed20700711,TRAIN,1247,0.9929395230427162,,,
d,D2_seed20700711,TRAIN,1248,0.9494177327523307,,,
d,D2_seed20700711,TRAIN,1249,0.9658572560316452,,,
d,D2_seed20700711,TRAIN,1250,1.0019012242421683,,,
d,D2_seed20700711,TRAIN,1251,0.9887652616815246,,,
d,D2_seed20700711,TRAIN,1252,1.0049563343302528,,,
d,D2_seed20700711,TRAIN,1253,0.9493924374971044,,,
d,D2_seed20700711,TRAIN,1254,0.9350102965511284,,,
d,D2_seed20700711,TRAIN,1255,0.9928986422144656,,,
d,D2_seed20700711,TRAIN,1256,0.9821234420204061,,,
d,D2_seed20700711,TRAIN,1257,1.0049315143695225,,,
d,D2_seed20700711,TRAIN,1258,1.0018617391713078,,,
d,D2_seed20700711,TRAIN,1259,0.9928785418806313,,,
d,D2_seed20700711,TRAIN,1260,0.9821043526551491,,,
d,D2_seed20700711,TRAIN,1261,0.9657968123583737,,,
d,D2_seed20700711,TRAIN,1262,0.9887119048373626,,,
d,D2_seed20700711,TRAIN,1263,0.9493430015429039,,,
d,D2_seed20700711,TRAIN,1264,0.9349602511836916,,,
d,D2_seed20700711,TRAIN,1265,0.949333332565497,,,
d,D2_seed20700711,TRAIN,1266,0.9886930223052549,,,
d,D2_seed20700711,TRAIN,1267,0.934945624300479,,,
d,D2_seed20700711,TRAIN,1268,0.9820670395028862,,,
d,D2_seed20700711,TRAIN,1269,0.9657579443407232,,,
d,D2_seed20700711,TRAIN,1270,1.0018044956668202,,,
d,D2_seed20700711,TRAIN,1271,0.9928199879054327,,,
d,D2_seed20700711,TRAIN,1272,1.0048595004292413,,,
d,D2_seed20700711,TRAIN,1273,0.9657388663016546,,,
d,D2_seed20700711,TRAIN,1274,1.004850124670987,,,
d,D2_seed20700711,TRAIN,1275,0.9349072280634084,,,
d,D2_seed20700711,TRAIN,1276,0.9820306629397207,,,
d,D2_seed20700711,TRAIN,1277,0.9492766167866826,,,
d,D2_seed20700711,TRAIN,1278,0.9886378719127455,,,
d,D2_seed20700711,TRAIN,1279,1.001762905670904,,,
d,D2_seed20700711,TRAIN,1280,0.992777444027346,,,
d,D2_seed20700711,TRAIN,1281,0.992772773277468,,,
d,D2_seed20700711,TRAIN,1282,0.9886198774097351,,,
d,D2_seed20700711,TRAIN,1283,0.9492489869833904,,,
d,D2_seed20700711,TRAIN,1284,0.934865057430017,,,
d,D2_seed20700711,TRAIN,1285,0.9819907504573565,,,
d,D2_seed20700711,TRAIN,1286,1.0047951519090552,,,
d,D2_seed20700711,TRAIN,1287,1.0017269110319127,,,
d,D2_seed20700711,TRAIN,1288,0.9656692484507701,,,
d,D2_seed20700711,TRAIN,1289,0.9819733760482204,,,
d,D2_seed20700711,TRAIN,1290,1.0047772830009913,,,
d,D2_seed20700711,TRAIN,1291,1.0017092269009187,,,
d,D2_seed20700711,TRAIN,1292,0.9927223800174283,,,
d,D2_seed20700711,TRAIN,1293,0.9656467024350142,,,
d,D2_seed20700711,TRAIN,1294,0.9885671531585896,,,
d,D2_seed20700711,TRAIN,1295,0.9348150377035062,,,
d,D2_seed20700711,TRAIN,1296,0.9491907895668279,,,
d,D2_seed20700711,TRAIN,1297,0.9885542739550159,,,
d,D2_seed20700711,TRAIN,1298,0.9348017061529101,,,
d,D2_seed20700711,TRAIN,1299,0.9656201361247511,,,
d,D2_seed20700711,TRAIN,1300,0.9819266065813749,,,
d,D2_seed20700711,TRAIN,1301,1.001665955355615,,,
d,D2_seed20700711,TRAIN,1302,0.9491647959558902,,,
d,D2_seed20700711,TRAIN,1303,0.9926738009360858,,,
d,D2_seed20700711,TRAIN,1304,1.0047164616376452,,,
d,D2_seed20700711,TRAIN,1305,0.988520669837042,,,
d,D2_seed20700711,TRAIN,1306,1.001644845001405,,,
d,D2_seed20700711,TRAIN,1307,0.9926564962883264,,,
d,D2_seed20700711,TRAIN,1308,0.981893615860318,,,
d,D2_seed20700711,TRAIN,1309,0.9491349636683274,,,
d,D2_seed20700711,TRAIN,1310,1.0046911081497432,,,
d,D2_seed20700711,TRAIN,1311,0.9347453282841216,,,
d,D2_seed20700711,TRAIN,1312,0.9655642670969014,,,
d,D2_seed20700711,TRAIN,1313,0.9347368414041294,,,
d,D2_seed20700711,TRAIN,1314,0.9926266856036803,,,
d,D2_seed20700711,TRAIN,1315,1.0016075579226338,,,
d,D2_seed20700711,TRAIN,1316,1.0046662410150429,,,
d,D2_seed20700711,TRAIN,1317,0.9884714846465738,,,
d,D2_seed20700711,TRAIN,1318,0.9655391456915303,,,
d,D2_seed20700711,TRAIN,1319,0.9490933678752166,,,
d,D2_seed20700711,TRAIN,1320,0.9818454703319627,,,
d,D2_seed20700711,TRAIN,1321,0.9884554747389118,,,
d,D2_seed20700711,TRAIN,1322,0.9490811535121149,,,
d,D2_seed20700711,TRAIN,1323,1.0015752283748511,,,
d,D2_seed20700711,TRAIN,1324,0.9346910187823668,,,
d,D2_seed20700711,TRAIN,1325,1.00462978074026,,,
d,D2_seed20700711,TRAIN,1326,0.9818221219258294,,,
d,D2_seed20700711,TRAIN,1327,0.9655023887405464,,,
d,D2_seed20700711,TRAIN,1328,0.9925690106748144,,,
d,D2_seed20700711,TRAIN,1329,0.9884241624014585,,,
d,D2_seed20700711,TRAIN,1330,0.9925609461848465,,,
d,D2_seed20700711,TRAIN,1331,0.965486338774791,,,
d,D2_seed20700711,TRAIN,1332,0.9817991132753568,,,
d,D2_seed20700711,TRAIN,1333,0.9346546398302211,,,
d,D2_seed20700711,TRAIN,1334,0.9490333546157022,,,
d,D2_seed20700711,TRAIN,1335,1.0015282142826416,,,
d,D2_seed20700711,TRAIN,1336,1.004586507390166,,,
d,D2_seed20700711,TRAIN,1337,0.9817802631377306,,,
d,D2_seed20700711,TRAIN,1338,0.9346348466710932,,,
d,D2_seed20700711,TRAIN,1339,1.0045749494210616,,,
d,D2_seed20700711,TRAIN,1340,1.0015090900533923,,,
d,D2_seed20700711,TRAIN,1341,0.9654470218619611,,,
d,D2_seed20700711,TRAIN,1342,0.9925135757794474,,,
d,D2_seed20700711,TRAIN,1343,0.9883708850423798,,,
d,D2_seed20700711,TRAIN,1344,0.9489946890964687,,,
d,D2_seed20700711,TRAIN,1345,0.9925019353274392,,,
d,D2_seed20700711,TRAIN,1346,0.9654277031631567,,,
d,D2_seed20700711,TRAIN,1347,0.9883559843113449,,,
d,D2_seed20700711,TRAIN,1348,0.9345959453873969,,,
d,D2_seed20700711,TRAIN,1349,1.0014752136060734,,,
d,D2_seed20700711,TRAIN,1350,0.981732329448528,,,
d,D2_seed20700711,TRAIN,1351,1.004529494148445,,,
d,D2_seed20700711,TRAIN,1352,0.9489644701243538,,,
d,D2_seed20700711,TRAIN,1353,1.0014604428208937,,,
d,D2_seed20700711,TRAIN,1354,0.9924676090271223,,,
d,D2_seed20700711,TRAIN,1355,0.9489532991556601,,,
d,D2_seed20700711,TRAIN,1356,0.9817107650652142,,,
d,D2_seed20700711,TRAIN,1357,0.9883195086938209,,,
d,D2_seed20700711,TRAIN,1358,0.9653824580695406,,,
d,D2_seed20700711,TRAIN,1359,1.0045000265601627,,,
d,D2_seed20700711,TRAIN,1360,0.934550668363294,,,
d,D2_seed20700711,TRAIN,1361,0.9345469630047406,,,
d,D2_seed20700711,TRAIN,1362,0.9816895833698049,,,
d,D2_seed20700711,TRAIN,1363,0.992434175534521,,,
d,D2_seed20700711,TRAIN,1364,0.9489203998815525,,,
d,D2_seed20700711,TRAIN,1365,1.0044783784222313,,,
d,D2_seed20700711,TRAIN,1366,0.98828757296639,,,
d,D2_seed20700711,TRAIN,1367,1.0014100076177976,,,
d,D2_seed20700711,TRAIN,1368,0.9653459033222753,,,
d,D2_seed20700711,TRAIN,1369,1.0014029360931145,,,
d,D2_seed20700711,TRAIN,1370,0.9816618357905096,,,
d,D2_seed20700711,TRAIN,1371,0.9345104307881231,,,
d,D2_seed20700711,TRAIN,1372,1.0044534805835188,,,
d,D2_seed20700711,TRAIN,1373,0.9488882056043467,,,
d,D2_seed20700711,TRAIN,1374,0.988259752932761,,,
d,D2_seed20700711,TRAIN,1375,0.9923907761688464,,,
d,D2_seed20700711,TRAIN,1376,0.9653172520674485,,,
d,D2_seed20700711,TRAIN,1377,1.0013750070442489,,,
d,D2_seed20700711,TRAIN,1378,1.0044324677703542,,,
d,D2_seed20700711,TRAIN,1379,0.9344817905497269,,,
d,D2_seed20700711,TRAIN,1380,0.9882391855972782,,,
d,D2_seed20700711,TRAIN,1381,0.948860124157241,,,
d,D2_seed20700711,TRAIN,1382,0.9816211470946123,,,
d,D2_seed20700711,TRAIN,1383,0.9923624582365228,,,
d,D2_seed20700711,TRAIN,1384,0.965289113275882,,,
d,D2_seed20700711,TRAIN,1385,0.9488463099136069,,,
d,D2_seed20700711,TRAIN,1386,0.9344571857319294,,,
d,D2_seed20700711,TRAIN,1387,0.9816045626726286,,,
d,D2_seed20700711,TRAIN,1388,0.9923450836501565,,,
d,D2_seed20700711,TRAIN,1389,1.001334104124771,,,
d,D2_seed20700711,TRAIN,1390,0.9882056433561909,,,
d,D2_seed20700711,TRAIN,1391,1.0043879625904442,,,
d,D2_seed20700711,TRAIN,1392,0.9652615559198421,,,
d,D2_seed20700711,TRAIN,1393,0.988195691719543,,,
d,D2_seed20700711,TRAIN,1394,0.9923244110065014,,,
d,D2_seed20700711,TRAIN,1395,0.9815783639182011,,,
d,D2_seed20700711,TRAIN,1396,0.9488089363712178,,,
d,D2_seed20700711,TRAIN,1397,0.9344193017521344,,,
d,D2_seed20700711,TRAIN,1398,1.004364468886198,,,
d,D2_seed20700711,TRAIN,1399,1.0013008306981845,,,
d,D2_seed20700711,TRAIN,1400,0.9652344312949005,,,
d,D2_seed20700711,TRAIN,1401,0.9881694624975375,,,
d,D2_seed20700711,TRAIN,1402,1.0043512029563082,,,
d,D2_seed20700711,TRAIN,1403,0.9343989825313599,,,
d,D2_seed20700711,TRAIN,1404,0.9922905027090063,,,
d,D2_seed20700711,TRAIN,1405,1.0012811569657278,,,
d,D2_seed20700711,TRAIN,1406,0.9487756473250999,,,
d,D2_seed20700711,TRAIN,1407,0.9652110005548796,,,
d,D2_seed20700711,TRAIN,1408,0.9815366524108579,,,
d,D2_seed20700711,TRAIN,1409,0.9881436302073329,,,
d,D2_seed20700711,TRAIN,1410,0.9922704747928849,,,
d,D2_seed20700711,TRAIN,1411,1.0012617128729189,,,
d,D2_seed20700711,TRAIN,1412,0.9487559733975319,,,
d,D2_seed20700711,TRAIN,1413,0.9343655959574182,,,
d,D2_seed20700711,TRAIN,1414,0.9651879135446542,,,
d,D2_seed20700711,TRAIN,1415,0.9815146437644278,,,
d,D2_seed20700711,TRAIN,1416,1.004305561862391,,,
d,D2_seed20700711,TRAIN,1417,0.9815084211715012,,,
d,D2_seed20700711,TRAIN,1418,0.9881151162966243,,,
d,D2_seed20700711,TRAIN,1419,1.0012361812962587,,,
d,D2_seed20700711,TRAIN,1420,0.9343426703790797,,,
d,D2_seed20700711,TRAIN,1421,0.9922344596501712,,,
d,D2_seed20700711,TRAIN,1422,0.9487237479631124,,,
d,D2_seed20700711,TRAIN,1423,1.0042832478720212,,,
d,D2_seed20700711,TRAIN,1424,0.9651555055816071,,,
d,D2_seed20700711,TRAIN,1425,1.004276902687492,,,
d,D2_seed20700711,TRAIN,1426,0.9651490646780989,,,
d,D2_seed20700711,TRAIN,1427,0.9487077964469431,,,
d,D2_seed20700711,TRAIN,1428,0.9922118465965988,,,
d,D2_seed20700711,TRAIN,1429,0.9814714600093146,,,
d,D2_seed20700711,TRAIN,1430,1.0012015894505404,,,
d,D2_seed20700711,TRAIN,1431,0.9880746708775894,,,
d,D2_seed20700711,TRAIN,1432,0.9343038812928457,,,
d,D2_seed20700711,TRAIN,1433,0.9921958324602752,,,
d,D2_seed20700711,TRAIN,1434,1.0011891537824882,,,
d,D2_seed20700711,TRAIN,1435,0.9814532116615852,,,
d,D2_seed20700711,TRAIN,1436,0.9486793873306136,,,
d,D2_seed20700711,TRAIN,1437,0.9880562585107205,,,
d,D2_seed20700711,TRAIN,1438,0.9342847708485644,,,
d,D2_seed20700711,TRAIN,1439,1.0042330224114056,,,
d,D2_seed20700711,TRAIN,1440,0.9651046055312185,,,
d,D2_seed20700711,TRAIN,1441,0.9814351795091127,,,
d,D2_seed20700711,TRAIN,1442,0.9880410890873489,,,
d,D2_seed20700711,TRAIN,1443,1.0011615078637213,,,
d,D2_seed20700711,TRAIN,1444,0.9486545431855056,,,
d,D2_seed20700711,TRAIN,1445,1.0042145487108598,,,
d,D2_seed20700711,TRAIN,1446,0.9342596018417734,,,
d,D2_seed20700711,TRAIN,1447,0.965082763145162,,,
d,D2_seed20700711,TRAIN,1448,0.9921486164422391,,,
d,D2_seed20700711,TRAIN,1449,0.9814113746418763,,,
d,D2_seed20700711,TRAIN,1450,0.9342470977256523,,,
d,D2_seed20700711,TRAIN,1451,1.0041962054067117,,,
d,D2_seed20700711,TRAIN,1452,1.0011341869283985,,,
d,D2_seed20700711,TRAIN,1453,0.9486268642685446,,,
d,D2_seed20700711,TRAIN,1454,0.9880050736648682,,,
d,D2_seed20700711,TRAIN,1455,0.9921268861747148,,,
d,D2_seed20700711,TRAIN,1456,0.9650549092793195,,,
d,D2_seed20700711,TRAIN,1457,1.001119104964768,,,
d,D2_seed20700711,TRAIN,1458,0.9342222294718293,,,
d,D2_seed20700711,TRAIN,1459,0.9879901653739899,,,
d,D2_seed20700711,TRAIN,1460,0.9813789412619126,,,
d,D2_seed20700711,TRAIN,1461,1.0041658494332821,,,
d,D2_seed20700711,TRAIN,1462,0.99210526919329,,,
d,D2_seed20700711,TRAIN,1463,0.9485963856134684,,,
d,D2_seed20700711,TRAIN,1464,0.9650303449955354,,,
d,D2_seed20700711,TRAIN,1465,0.9650272864500958,,,
d,D2_seed20700711,TRAIN,1466,1.0010921389424134,,,
d,D2_seed20700711,TRAIN,1467,0.934194475224738,,,
d,D2_seed20700711,TRAIN,1468,1.0041447489079394,,,
d,D2_seed20700711,TRAIN,1469,0.9920837812045376,,,
d,D2_seed20700711,TRAIN,1470,0.9485751778056788,,,
d,D2_seed20700711,TRAIN,1471,0.9879546589321073,,,
d,D2_seed20700711,TRAIN,1472,0.9813438910397012,,,
d,D2_seed20700711,TRAIN,1473,0.9920715357086268,,,
d,D2_seed20700711,TRAIN,1474,0.9879458289845002,,,
d,D2_seed20700711,TRAIN,1475,0.9485601221524104,,,
d,D2_seed20700711,TRAIN,1476,1.0010623921124133,,,
d,D2_seed20700711,TRAIN,1477,0.9813294008791142,,,
d,D2_seed20700711,TRAIN,1478,1.0041147932467938,,,
d,D2_seed20700711,TRAIN,1479,0.9649847139575021,,,
d,D2_seed20700711,TRAIN,1480,0.9341547289201644,,,
d,D2_seed20700711,TRAIN,1481,0.9879253189002873,,,
d,D2_seed20700711,TRAIN,1482,1.001044680072368,,,
d,D2_seed20700711,TRAIN,1483,0.9341456226061949,,,
d,D2_seed20700711,TRAIN,1484,0.964969631438944,,,
d,D2_seed20700711,TRAIN,1485,0.9920350808313008,,,
d,D2_seed20700711,TRAIN,1486,0.9485272194107599,,,
d,D2_seed20700711,TRAIN,1487,0.9813005814782835,,,
d,D2_seed20700711,TRAIN,1488,1.0040850993084898,,,
d,D2_seed20700711,TRAIN,1489,0.9920229983764252,,,
d,D2_seed20700711,TRAIN,1490,1.004079161583817,,,
d,D2_seed20700711,TRAIN,1491,1.0010181917161798,,,
d,D2_seed20700711,TRAIN,1492,0.9878932497537825,,,
d,D2_seed20700711,TRAIN,1493,0.9485063167654845,,,
d,D2_seed20700711,TRAIN,1494,0.9649395010648921,,,
d,D2_seed20700711,TRAIN,1495,0.934109228777076,,,
d,D2_seed20700711,TRAIN,1496,0.9812746747070237,,,
d,D2_seed20700711,TRAIN,1497,0.9878787013346624,,,
d,D2_seed20700711,TRAIN,1498,1.0009976265760765,,,
d,D2_seed20700711,TRAIN,1499,0.9484884774766094,,,
d,D2_seed20700711,TRAIN,1500,0.9340941551531536,,,
d,D2_seed20700712,TRAIN,1,0.970636566036351,,,
d,D2_seed20700712,TRAIN,2,1.014725661812871,,,
d,D2_seed20700712,TRAIN,3,0.9872869059465654,,,
d,D2_seed20700712,TRAIN,4,0.9565139367181831,,,
d,D2_seed20700712,TRAIN,5,1.0028458843519,,,
d,D2_seed20700712,TRAIN,6,1.0230007920622184,,,
d,D2_seed20700712,TRAIN,7,1.0097957080590683,,,
d,D2_seed20700712,TRAIN,8,1.0263171242874696,,,
d,D2_seed20700712,TRAIN,9,1.0229902426202218,,,
d,D2_seed20700712,TRAIN,10,0.9706110525421338,,,
d,D2_seed20700712,TRAIN,11,1.0028239634797453,,,
d,D2_seed20700712,TRAIN,12,0.9872551825087605,,,
d,D2_seed20700712,TRAIN,13,1.0262936620722498,,,
d,D2_seed20700712,TRAIN,14,1.0097629917938344,,,
d,D2_seed20700712,TRAIN,15,1.014671780674801,,,
d,D2_seed20700712,TRAIN,16,0.9564612208323366,,,
d,D2_seed20700712,TRAIN,17,1.0097436549058127,,,
d,D2_seed20700712,TRAIN,18,0.9705655404397019,,,
d,D2_seed20700712,TRAIN,19,1.0146427250081518,,,
d,D2_seed20700712,TRAIN,20,1.0229256698627518,,,
d,D2_seed20700712,TRAIN,21,0.9564248796425415,,,
d,D2_seed20700712,TRAIN,22,1.02622930177276,,,
d,D2_seed20700712,TRAIN,23,1.0027440554787699,,,
d,D2_seed20700712,TRAIN,24,0.9871704418978042,,,
d,D2_seed20700712,TRAIN,25,0.9871612149367929,,,
d,D2_seed20700712,TRAIN,26,0.9704987269036076,,,
d,D2_seed20700712,TRAIN,27,1.022863605986852,,,
d,D2_seed20700712,TRAIN,28,1.0261711118550725,,,
d,D2_seed20700712,TRAIN,29,1.0096357640366422,,,
d,D2_seed20700712,TRAIN,30,1.0026756544338493,,,
d,D2_seed20700712,TRAIN,31,1.0145217003081048,,,
d,D2_seed20700712,TRAIN,32,0.9563154371313237,,,
d,D2_seed20700712,TRAIN,33,0.9870753642078341,,,
d,D2_seed20700712,TRAIN,34,1.0144833026730362,,,
d,D2_seed20700712,TRAIN,35,1.0026167667678298,,,
d,D2_seed20700712,TRAIN,36,1.0095498211838163,,,
d,D2_seed20700712,TRAIN,37,1.0227465988889841,,,
d,D2_seed20700712,TRAIN,38,1.026046131536684,,,
d,D2_seed20700712,TRAIN,39,0.9703448260101104,,,
d,D2_seed20700712,TRAIN,40,0.9562102967321563,,,
d,D2_seed20700712,TRAIN,41,1.009478092907886,,,
d,D2_seed20700712,TRAIN,42,0.9869533099110515,,,
d,D2_seed20700712,TRAIN,43,1.0143491528122583,,,
d,D2_seed20700712,TRAIN,44,1.002491130075073,,,
d,D2_seed20700712,TRAIN,45,1.0259404286525002,,,
d,D2_seed20700712,TRAIN,46,0.9702423161493019,,,
d,D2_seed20700712,TRAIN,47,0.9561060574941836,,,
d,D2_seed20700712,TRAIN,48,1.0225868426065987,,,
d,D2_seed20700712,TRAIN,49,1.0142534407397945,,,
d,D2_seed20700712,TRAIN,50,0.9868345147881543,,,
d,D2_seed20700712,TRAIN,51,1.0093251688640577,,,
d,D2_seed20700712,TRAIN,52,0.970153805366972,,,
d,D2_seed20700712,TRAIN,53,0.9560166224300528,,,
d,D2_seed20700712,TRAIN,54,1.022498227569431,,,
d,D2_seed20700712,TRAIN,55,1.002329991213894,,,
d,D2_seed20700712,TRAIN,56,1.0257721473916444,,,
d,D2_seed20700712,TRAIN,57,1.0224540721570858,,,
d,D2_seed20700712,TRAIN,58,1.0257416300743614,,,
d,D2_seed20700712,TRAIN,59,1.0140950481189166,,,
d,D2_seed20700712,TRAIN,60,0.9700360323209275,,,
d,D2_seed20700712,TRAIN,61,1.0091731502893666,,,
d,D2_seed20700712,TRAIN,62,1.002227472337676,,,
d,D2_seed20700712,TRAIN,63,0.9866418505071697,,,
d,D2_seed20700712,TRAIN,64,0.9558528151201504,,,
d,D2_seed20700712,TRAIN,65,0.969962422031775,,,
d,D2_seed20700712,TRAIN,66,1.0021692014547974,,,
d,D2_seed20700712,TRAIN,67,0.9558084622749811,,,
d,D2_seed20700712,TRAIN,68,1.013952902058583,,,
d,D2_seed20700712,TRAIN,69,1.0222773671890661,,,
d,D2_seed20700712,TRAIN,70,1.0090372217637391,,,
d,D2_seed20700712,TRAIN,71,0.9865240618975598,,,
d,D2_seed20700712,TRAIN,72,1.0255284526137356,,,
d,D2_seed20700712,TRAIN,73,1.0020675676562105,,,
d,D2_seed20700712,TRAIN,74,0.9698306820548043,,,
d,D2_seed20700712,TRAIN,75,1.008961658988219,,,
d,D2_seed20700712,TRAIN,76,1.0138269612851447,,,
d,D2_seed20700712,TRAIN,77,0.9864355357737241,,,
d,D2_seed20700712,TRAIN,78,1.0221450766920328,,,
d,D2_seed20700712,TRAIN,79,0.9556305899505122,,,
d,D2_seed20700712,TRAIN,80,1.0254066952759537,,,
d,D2_seed20700712,TRAIN,81,0.9556008983182749,,,
d,D2_seed20700712,TRAIN,82,0.9697133000634443,,,
d,D2_seed20700712,TRAIN,83,1.0019220359389898,,,
d,D2_seed20700712,TRAIN,84,1.0220569968916464,,,
d,D2_seed20700712,TRAIN,85,1.008810796669674,,,
d,D2_seed20700712,TRAIN,86,1.025315909928375,,,
d,D2_seed20700712,TRAIN,87,1.013654059638442,,,
d,D2_seed20700712,TRAIN,88,0.9862732267010592,,,
d,D2_seed20700712,TRAIN,89,1.025270089564947,,,
d,D2_seed20700712,TRAIN,90,1.0219686174786007,,,
d,D2_seed20700712,TRAIN,91,1.0135905362535156,,,
d,D2_seed20700712,TRAIN,92,0.9862137540877985,,,
d,D2_seed20700712,TRAIN,93,1.0017759654079337,,,
d,D2_seed20700712,TRAIN,94,1.0086738779932596,,,
d,D2_seed20700712,TRAIN,95,0.9553925520961655,,,
d,D2_seed20700712,TRAIN,96,0.9695072337543355,,,
d,D2_seed20700712,TRAIN,97,1.021865085554526,,,
d,D2_seed20700712,TRAIN,98,1.0134796436328963,,,
d,D2_seed20700712,TRAIN,99,0.9694631411695902,,,
d,D2_seed20700712,TRAIN,100,1.0251019523681708,,,
d,D2_seed20700712,TRAIN,101,0.9553033025996325,,,
d,D2_seed20700712,TRAIN,102,1.001644577229573,,,
d,D2_seed20700712,TRAIN,103,1.0085376932857142,,,
d,D2_seed20700712,TRAIN,104,0.9860360587077763,,,
d,D2_seed20700712,TRAIN,105,0.9552439203973665,,,
d,D2_seed20700712,TRAIN,106,1.0217326463558543,,,
d,D2_seed20700712,TRAIN,107,0.9859918143175447,,,
d,D2_seed20700712,TRAIN,108,0.9693310472968613,,,
d,D2_seed20700712,TRAIN,109,1.008447703229932,,,
d,D2_seed20700712,TRAIN,110,1.0249505293564303,,,
d,D2_seed20700712,TRAIN,111,1.001513990332088,,,
d,D2_seed20700712,TRAIN,112,1.0132601449290097,,,
d,D2_seed20700712,TRAIN,113,1.0249049206795515,,,
d,D2_seed20700712,TRAIN,114,0.9692428698418639,,,
d,D2_seed20700712,TRAIN,115,0.955095349333467,,,
d,D2_seed20700712,TRAIN,116,1.0131968932002182,,,
d,D2_seed20700712,TRAIN,117,0.9858438115137211,,,
d,D2_seed20700712,TRAIN,118,1.0083115858112357,,,
d,D2_seed20700712,TRAIN,119,1.0215411161512629,,,
d,D2_seed20700712,TRAIN,120,1.0013823693308341,,,
d,D2_seed20700712,TRAIN,121,1.0131177218697425,,,
d,D2_seed20700712,TRAIN,122,0.9691247369553466,,,
d,D2_seed20700712,TRAIN,123,1.0082355104347482,,,
d,D2_seed20700712,TRAIN,124,0.9857396930010521,,,
d,D2_seed20700712,TRAIN,125,1.0013090261737483,,,
d,D2_seed20700712,TRAIN,126,1.024706116246677,,,
d,D2_seed20700712,TRAIN,127,0.9549159873602172,,,
d,D2_seed20700712,TRAIN,128,1.0214078138514244,,,
d,D2_seed20700712,TRAIN,129,1.0129909068158756,,,
d,D2_seed20700712,TRAIN,130,0.9548710343959642,,,
d,D2_seed20700712,TRAIN,131,1.0081138920820207,,,
d,D2_seed20700712,TRAIN,132,1.0246142175354835,,,
d,D2_seed20700712,TRAIN,133,1.0213335140356794,,,
d,D2_seed20700712,TRAIN,134,0.9689469597441333,,,
d,D2_seed20700712,TRAIN,135,1.0011620872496922,,,
d,D2_seed20700712,TRAIN,136,0.9855606725706115,,,
d,D2_seed20700712,TRAIN,137,1.0128638572202997,,,
d,D2_seed20700712,TRAIN,138,1.0011179893312483,,,
d,D2_seed20700712,TRAIN,139,1.0079919437165956,,,
d,D2_seed20700712,TRAIN,140,1.0244913273544363,,,
d,D2_seed20700712,TRAIN,141,0.9547055992440863,,,
d,D2_seed20700712,TRAIN,142,0.9854708119464545,,,
d,D2_seed20700712,TRAIN,143,0.9688130991150923,,,
d,D2_seed20700712,TRAIN,144,1.0211696863885205,,,
d,D2_seed20700712,TRAIN,145,1.0079004588166098,,,
d,D2_seed20700712,TRAIN,146,1.0127208385055455,,,
d,D2_seed20700712,TRAIN,147,1.021124894629045,,,
d,D2_seed20700712,TRAIN,148,0.9687385206984663,,,
d,D2_seed20700712,TRAIN,149,0.954584890545639,,,
d,D2_seed20700712,TRAIN,150,1.0243374962397116,,,
d,D2_seed20700712,TRAIN,151,0.9853356292633775,,,
d,D2_seed20700712,TRAIN,152,1.0009113523487545,,,
d,D2_seed20700712,TRAIN,153,0.954524395424324,,,
d,D2_seed20700712,TRAIN,154,1.0210201818978086,,,
d,D2_seed20700712,TRAIN,155,0.9686339420611191,,,
d,D2_seed20700712,TRAIN,156,1.000852437796336,,,
d,D2_seed20700712,TRAIN,157,1.0125464798511046,,,
d,D2_seed20700712,TRAIN,158,1.0077024880385133,,,
d,D2_seed20700712,TRAIN,159,0.9852152145496355,,,
d,D2_seed20700712,TRAIN,160,1.024183849895853,,,
d,D2_seed20700712,TRAIN,161,1.0076564673702244,,,
d,D2_seed20700712,TRAIN,162,0.9685290040251134,,,
d,D2_seed20700712,TRAIN,163,1.0241372779867934,,,
d,D2_seed20700712,TRAIN,164,1.0208700528576231,,,
d,D2_seed20700712,TRAIN,165,0.9543421764882887,,,
d,D2_seed20700712,TRAIN,166,0.9851090176788858,,,
d,D2_seed20700712,TRAIN,167,1.0123863896911192,,,
d,D2_seed20700712,TRAIN,168,1.0006739221553376,,,
d,D2_seed20700712,TRAIN,169,0.9684232725011588,,,
d,D2_seed20700712,TRAIN,170,1.0240284189397844,,,
d,D2_seed20700712,TRAIN,171,1.0075023128109148,,,
d,D2_seed20700712,TRAIN,172,0.9542349912277401,,,
d,D2_seed20700712,TRAIN,173,0.9850023406364904,,,
d,D2_seed20700712,TRAIN,174,1.0005841566466815,,,
d,D2_seed20700712,TRAIN,175,1.0122577455673685,,,
d,D2_seed20700712,TRAIN,176,1.020688309503152,,,
d,D2_seed20700712,TRAIN,177,1.0005391362174452,,,
d,D2_seed20700712,TRAIN,178,1.0122092048233748,,,
d,D2_seed20700712,TRAIN,179,1.0073783143916533,,,
d,D2_seed20700712,TRAIN,180,0.9682562069390382,,,
d,D2_seed20700712,TRAIN,181,1.0206119557346849,,,
d,D2_seed20700712,TRAIN,182,0.9848643755141865,,,
d,D2_seed20700712,TRAIN,183,1.0238247065441766,,,
d,D2_seed20700712,TRAIN,184,0.9540499452264783,,,
d,D2_seed20700712,TRAIN,185,1.012095223628932,,,
d,D2_seed20700712,TRAIN,186,0.9848026183364884,,,
d,D2_seed20700712,TRAIN,187,1.0003878386185243,,,
d,D2_seed20700712,TRAIN,188,1.0072375890758096,,,
d,D2_seed20700712,TRAIN,189,0.9681182354946359,,,
d,D2_seed20700712,TRAIN,190,0.9539567071356926,,,
d,D2_seed20700712,TRAIN,191,1.0236984744930764,,,
d,D2_seed20700712,TRAIN,192,1.0204431775410876,,,
d,D2_seed20700712,TRAIN,193,1.0236668725531728,,,
d,D2_seed20700712,TRAIN,194,0.9538944070684734,,,
d,D2_seed20700712,TRAIN,195,1.0071280472117987,,,
d,D2_seed20700712,TRAIN,196,0.9846477153152186,,,
d,D2_seed20700712,TRAIN,197,1.0002359212207288,,,
d,D2_seed20700712,TRAIN,198,1.0118831546629299,,,
d,D2_seed20700712,TRAIN,199,0.9679641234748455,,,
d,D2_seed20700712,TRAIN,200,1.0203195648112964,,,
d,D2_seed20700712,TRAIN,201,1.0070336622580407,,,
d,D2_seed20700712,TRAIN,202,1.0001594843028123,,,
d,D2_seed20700712,TRAIN,203,0.9679021129150461,,,
d,D2_seed20700712,TRAIN,204,1.0234920635822014,,,
d,D2_seed20700712,TRAIN,205,1.020241988349261,,,
d,D2_seed20700712,TRAIN,206,1.0117516332072665,,,
d,D2_seed20700712,TRAIN,207,0.953690376255976,,,
d,D2_seed20700712,TRAIN,208,0.9844601274373489,,,
d,D2_seed20700712,TRAIN,209,1.006906990949398,,,
d,D2_seed20700712,TRAIN,210,1.0201638590681161,,,
d,D2_seed20700712,TRAIN,211,0.9844128605023705,,,
d,D2_seed20700712,TRAIN,212,0.9536111679464084,,,
d,D2_seed20700712,TRAIN,213,1.0233477452508368,,,
d,D2_seed20700712,TRAIN,214,1.0116192834616735,,,
d,D2_seed20700712,TRAIN,215,0.9999591084499816,,,
d,D2_seed20700712,TRAIN,216,0.9676987268911373,,,
d,D2_seed20700712,TRAIN,217,1.0232831607364352,,,
d,D2_seed20700712,TRAIN,218,0.9843019970593702,,,
d,D2_seed20700712,TRAIN,219,0.9998969403160921,,,
d,D2_seed20700712,TRAIN,220,1.020006605886154,,,
d,D2_seed20700712,TRAIN,221,0.9676198618610147,,,
d,D2_seed20700712,TRAIN,222,1.0114860922465543,,,
d,D2_seed20700712,TRAIN,223,1.0066835566696424,,,
d,D2_seed20700712,TRAIN,224,0.9534195409936032,,,
d,D2_seed20700712,TRAIN,225,0.9998034223843077,,,
d,D2_seed20700712,TRAIN,226,1.006635311314786,,,
d,D2_seed20700712,TRAIN,227,0.9533714743746294,,,
d,D2_seed20700712,TRAIN,228,1.0231049002586792,,,
d,D2_seed20700712,TRAIN,229,0.9674932254502534,,,
d,D2_seed20700712,TRAIN,230,0.9841107763288522,,,
d,D2_seed20700712,TRAIN,231,1.0113353694747365,,,
d,D2_seed20700712,TRAIN,232,1.0198165712699363,,,
d,D2_seed20700712,TRAIN,233,0.9840626237049713,,,
d,D2_seed20700712,TRAIN,234,0.9996624917359419,,,
d,D2_seed20700712,TRAIN,235,1.019768632144339,,,
d,D2_seed20700712,TRAIN,236,1.0112511327820901,,,
d,D2_seed20700712,TRAIN,237,1.0064576610866158,,,
d,D2_seed20700712,TRAIN,238,1.0229412622239726,,,
d,D2_seed20700712,TRAIN,239,0.9673331877695517,,,
d,D2_seed20700712,TRAIN,240,0.9531609863814338,,,
d,D2_seed20700712,TRAIN,241,0.9531446914953142,,,
d,D2_seed20700712,TRAIN,242,1.0196560160003243,,,
d,D2_seed20700712,TRAIN,243,1.0111320591269373,,,
d,D2_seed20700712,TRAIN,244,0.9672526222821761,,,
d,D2_seed20700712,TRAIN,245,0.9838681050373229,,,
d,D2_seed20700712,TRAIN,246,1.022809145410988,,,
d,D2_seed20700712,TRAIN,247,1.0062941959733378,,,
d,D2_seed20700712,TRAIN,248,0.9994401310440203,,,
d,D2_seed20700712,TRAIN,249,0.9671716190763425,,,
d,D2_seed20700712,TRAIN,250,1.0062449150123243,,,
d,D2_seed20700712,TRAIN,251,0.9993922336422962,,,
d,D2_seed20700712,TRAIN,252,1.0194942570231682,,,
d,D2_seed20700712,TRAIN,253,0.952947986903522,,,
d,D2_seed20700712,TRAIN,254,0.9837211024205678,,,
d,D2_seed20700712,TRAIN,255,1.0226597452600168,,,
d,D2_seed20700712,TRAIN,256,1.0109100441063477,,,
d,D2_seed20700712,TRAIN,257,1.0226262747979868,,,
d,D2_seed20700712,TRAIN,258,0.9992798969393482,,,
d,D2_seed20700712,TRAIN,259,0.9836386344323416,,,
d,D2_seed20700712,TRAIN,260,1.010840631365067,,,
d,D2_seed20700712,TRAIN,261,1.0060629726379986,,,
d,D2_seed20700712,TRAIN,262,0.9669591957011724,,,
d,D2_seed20700712,TRAIN,263,0.9527818088687892,,,
d,D2_seed20700712,TRAIN,264,1.01929767462243,,,
d,D2_seed20700712,TRAIN,265,1.00599608398502,,,
d,D2_seed20700712,TRAIN,266,0.9835223823755732,,,
d,D2_seed20700712,TRAIN,267,0.999133701594295,,,
d,D2_seed20700712,TRAIN,268,0.9668602240060986,,,
d,D2_seed20700712,TRAIN,269,1.0106839774504874,,,
d,D2_seed20700712,TRAIN,270,1.0224067162168267,,,
d,D2_seed20700712,TRAIN,271,0.9526479103961094,,,
d,D2_seed20700712,TRAIN,272,1.0191654956649485,,,
d,D2_seed20700712,TRAIN,273,0.9990358204026111,,,
d,D2_seed20700712,TRAIN,274,0.9525973720788463,,,
d,D2_seed20700712,TRAIN,275,1.0058285710208208,,,
d,D2_seed20700712,TRAIN,276,1.0223047557406892,,,
d,D2_seed20700712,TRAIN,277,1.0190823992793216,,,
d,D2_seed20700712,TRAIN,278,1.0105263463633694,,,
d,D2_seed20700712,TRAIN,279,0.9833046818437938,,,
d,D2_seed20700712,TRAIN,280,0.966660331105632,,,
d,D2_seed20700712,TRAIN,281,1.0222189617675534,,,
d,D2_seed20700712,TRAIN,282,0.9988876334494118,,,
d,D2_seed20700712,TRAIN,283,1.0056929023909449,,,
d,D2_seed20700712,TRAIN,284,1.0104200014179046,,,
d,D2_seed20700712,TRAIN,285,1.018947923115359,,,
d,D2_seed20700712,TRAIN,286,0.9523931955362069,,,
d,D2_seed20700712,TRAIN,287,0.9665422042950448,,,
d,D2_seed20700712,TRAIN,288,0.983151731527729,,,
d,D2_seed20700712,TRAIN,289,0.9831347021912686,,,
d,D2_seed20700712,TRAIN,290,0.9523246870323071,,,
d,D2_seed20700712,TRAIN,291,1.022046372618475,,,
d,D2_seed20700712,TRAIN,292,1.0102778699761041,,,
d,D2_seed20700712,TRAIN,293,1.0055221039560998,,,
d,D2_seed20700712,TRAIN,294,0.998687866974395,,,
d,D2_seed20700712,TRAIN,295,1.018778671098196,,,
d,D2_seed20700712,TRAIN,296,0.9663894791521824,,,
d,D2_seed20700712,TRAIN,297,0.9522040343382286,,,
d,D2_seed20700712,TRAIN,298,0.9829805356397759,,,
d,D2_seed20700712,TRAIN,299,1.0187106438187072,,,
d,D2_seed20700712,TRAIN,300,1.021890002155887,,,
d,D2_seed20700712,TRAIN,301,0.9985705540727586,,,
d,D2_seed20700712,TRAIN,302,1.0100990199495294,,,
d,D2_seed20700712,TRAIN,303,1.0053500729217675,,,
d,D2_seed20700712,TRAIN,304,0.9662525607126506,,,
d,D2_seed20700712,TRAIN,305,0.9828595402461572,,,
d,D2_seed20700712,TRAIN,306,1.0217847819343133,,,
d,D2_seed20700712,TRAIN,307,1.0052805457009082,,,
d,D2_seed20700712,TRAIN,308,0.9520126676048989,,,
d,D2_seed20700712,TRAIN,309,0.9984350710533441,,,
d,D2_seed20700712,TRAIN,310,0.9661490958762465,,,
d,D2_seed20700712,TRAIN,311,1.0185045214974775,,,
d,D2_seed20700712,TRAIN,312,1.0099180254826663,,,
d,D2_seed20700712,TRAIN,313,1.0184699568743296,,,
d,D2_seed20700712,TRAIN,314,0.966079836124633,,,
d,D2_seed20700712,TRAIN,315,1.005141078430423,,,
d,D2_seed20700712,TRAIN,316,0.982667794443089,,,
d,D2_seed20700712,TRAIN,317,0.9982988473709811,,,
d,D2_seed20700712,TRAIN,318,1.0215727655253066,,,
d,D2_seed20700712,TRAIN,319,0.9518193424894131,,,
d,D2_seed20700712,TRAIN,320,1.009772131345669,,,
d,D2_seed20700712,TRAIN,321,0.9982302769181195,,,
d,D2_seed20700712,TRAIN,322,1.0050180962719497,,,
d,D2_seed20700712,TRAIN,323,1.0097168699401735,,,
d,D2_seed20700712,TRAIN,324,1.021465500239293,,,
d,D2_seed20700712,TRAIN,325,0.9658876026269491,,,
d,D2_seed20700712,TRAIN,326,0.9516948565264798,,,
d,D2_seed20700712,TRAIN,327,0.9824736954071405,,,
d,D2_seed20700712,TRAIN,328,1.0182080305911456,,,
d,D2_seed20700712,TRAIN,329,0.9824381742018483,,,
d,D2_seed20700712,TRAIN,330,1.0181728026007903,,,
d,D2_seed20700712,TRAIN,331,1.0048580352239664,,,
d,D2_seed20700712,TRAIN,332,1.0095500674748703,,,
d,D2_seed20700712,TRAIN,333,1.0213032734328864,,,
d,D2_seed20700712,TRAIN,334,0.9980046901854596,,,
d,D2_seed20700712,TRAIN,335,0.9515332710173521,,,
d,D2_seed20700712,TRAIN,336,0.96569276367907,,,
d,D2_seed20700712,TRAIN,337,0.9822949456028924,,,
d,D2_seed20700712,TRAIN,338,0.9979348254664266,,,
d,D2_seed20700712,TRAIN,339,0.9514612396838195,,,
d,D2_seed20700712,TRAIN,340,0.9656217571149539,,,
d,D2_seed20700712,TRAIN,341,1.0046793274378327,,,
d,D2_seed20700712,TRAIN,342,1.0211404564804698,,,
d,D2_seed20700712,TRAIN,343,1.0093454416123022,,,
d,D2_seed20700712,TRAIN,344,1.0179245167837332,,,
d,D2_seed20700712,TRAIN,345,1.021085710998398,,,
d,D2_seed20700712,TRAIN,346,0.9655145850600595,,,
d,D2_seed20700712,TRAIN,347,0.9977771685136687,,,
d,D2_seed20700712,TRAIN,348,0.9820970275819488,,,
d,D2_seed20700712,TRAIN,349,0.9512799619600044,,,
d,D2_seed20700712,TRAIN,350,1.004517072292615,,,
d,D2_seed20700712,TRAIN,351,1.0177989852861709,,,
d,D2_seed20700712,TRAIN,352,1.0091760747744423,,,
d,D2_seed20700712,TRAIN,353,0.9820062765561112,,,
d,D2_seed20700712,TRAIN,354,1.00913811496425,,,
d,D2_seed20700712,TRAIN,355,1.0044261110427264,,,
d,D2_seed20700712,TRAIN,356,0.9653340525167091,,,
d,D2_seed20700712,TRAIN,357,1.017690433242423,,,
d,D2_seed20700712,TRAIN,358,0.9975818851133177,,,
d,D2_seed20700712,TRAIN,359,0.9510963391253676,,,
d,D2_seed20700712,TRAIN,360,1.0208093331258676,,,
d,D2_seed20700712,TRAIN,361,1.0207907688859672,,,
d,D2_seed20700712,TRAIN,362,1.0175996075970892,,,
d,D2_seed20700712,TRAIN,363,0.9652064797667801,,,
d,D2_seed20700712,TRAIN,364,0.9818043490156468,,,
d,D2_seed20700712,TRAIN,365,0.9974564766656078,,,
d,D2_seed20700712,TRAIN,366,0.9509666740418986,,,
d,D2_seed20700712,TRAIN,367,1.0088899482501843,,,
d,D2_seed20700712,TRAIN,368,1.004187680267664,,,
d,D2_seed20700712,TRAIN,369,1.0174718136284877,,,
d,D2_seed20700712,TRAIN,370,0.9650782414789578,,,
d,D2_seed20700712,TRAIN,371,0.9973486049995214,,,
d,D2_seed20700712,TRAIN,372,1.0087939556966485,,,
d,D2_seed20700712,TRAIN,373,0.9508364140584032,,,
d,D2_seed20700712,TRAIN,374,1.0205482202998455,,,
d,D2_seed20700712,TRAIN,375,1.0040582477013589,,,
d,D2_seed20700712,TRAIN,376,0.9815821933734775,,,
d,D2_seed20700712,TRAIN,377,0.9972400156571075,,,
d,D2_seed20700712,TRAIN,378,0.9815449444913787,,,
d,D2_seed20700712,TRAIN,379,0.9507240737037885,,,
d,D2_seed20700712,TRAIN,380,1.0039654116272438,,,
d,D2_seed20700712,TRAIN,381,0.9648753588185249,,,
d,D2_seed20700712,TRAIN,382,1.0086007926202214,,,
d,D2_seed20700712,TRAIN,383,1.0172143142224905,,,
d,D2_seed20700712,TRAIN,384,1.020359993205528,,,
d,D2_seed20700712,TRAIN,385,1.0038722433175506,,,
d,D2_seed20700712,TRAIN,386,0.9647824126086847,,,
d,D2_seed20700712,TRAIN,387,0.9505734992616724,,,
d,D2_seed20700712,TRAIN,388,1.0202840114235072,,,
d,D2_seed20700712,TRAIN,389,1.008464193976576,,,
d,D2_seed20700712,TRAIN,390,1.0170840577995686,,,
d,D2_seed20700712,TRAIN,391,0.9969845703221936,,,
d,D2_seed20700712,TRAIN,392,0.981282286335433,,,
d,D2_seed20700712,TRAIN,393,0.9969477137144659,,,
d,D2_seed20700712,TRAIN,394,0.9812444436288783,,,
d,D2_seed20700712,TRAIN,395,1.0201502876537676,,,
d,D2_seed20700712,TRAIN,396,0.9504023272017134,,,
d,D2_seed20700712,TRAIN,397,1.0169529245216395,,,
d,D2_seed20700712,TRAIN,398,1.0082873943787019,,,
d,D2_seed20700712,TRAIN,399,0.9645383481389289,,,
d,D2_seed20700712,TRAIN,400,1.0035894466798,,,
d,D2_seed20700712,TRAIN,401,1.0035704604216436,,,
d,D2_seed20700712,TRAIN,402,1.020015954825198,,,
d,D2_seed20700712,TRAIN,403,0.9502681999100996,,,
d,D2_seed20700712,TRAIN,404,0.9810541342373056,,,
d,D2_seed20700712,TRAIN,405,0.9967255917714244,,,
d,D2_seed20700712,TRAIN,406,0.964405876122582,,,
d,D2_seed20700712,TRAIN,407,1.016764409793855,,,
d,D2_seed20700712,TRAIN,408,1.0080896009796898,,,
d,D2_seed20700712,TRAIN,409,1.0080697046445382,,,
d,D2_seed20700712,TRAIN,410,0.9501335622044353,,,
d,D2_seed20700712,TRAIN,411,1.003379910459389,,,
d,D2_seed20700712,TRAIN,412,0.9642917640565754,,,
d,D2_seed20700712,TRAIN,413,0.9808818043461563,,,
d,D2_seed20700712,TRAIN,414,0.9965578101181772,,,
d,D2_seed20700712,TRAIN,415,1.019764692828479,,,
d,D2_seed20700712,TRAIN,416,1.0165935818781853,,,
d,D2_seed20700712,TRAIN,417,0.9499981995128081,,,
d,D2_seed20700712,TRAIN,418,1.003245919411854,,,
d,D2_seed20700712,TRAIN,419,0.9964642147144609,,,
d,D2_seed20700712,TRAIN,420,1.00785023324036,,,
d,D2_seed20700712,TRAIN,421,0.9641199066485853,,,
d,D2_seed20700712,TRAIN,422,1.0196285407468029,,,
d,D2_seed20700712,TRAIN,423,1.016460026493824,,,
d,D2_seed20700712,TRAIN,424,0.9806696922348844,,,
d,D2_seed20700712,TRAIN,425,0.9640429839338606,,,
d,D2_seed20700712,TRAIN,426,0.996332420691414,,,
d,D2_seed20700712,TRAIN,427,1.0030726377317907,,,
d,D2_seed20700712,TRAIN,428,1.0195112776748785,,,
d,D2_seed20700712,TRAIN,429,0.9497645573085445,,,
d,D2_seed20700712,TRAIN,430,0.9805532729559502,,,
d,D2_seed20700712,TRAIN,431,1.0163065708323333,,,
d,D2_seed20700712,TRAIN,432,1.0076092589647037,,,
d,D2_seed20700712,TRAIN,433,0.9962001892790417,,,
d,D2_seed20700712,TRAIN,434,1.0029372580877474,,,
d,D2_seed20700712,TRAIN,435,0.9496468926307449,,,
d,D2_seed20700712,TRAIN,436,0.9804362503899369,,,
d,D2_seed20700712,TRAIN,437,0.9638113032792809,,,
d,D2_seed20700712,TRAIN,438,1.0161716014766045,,,
d,D2_seed20700712,TRAIN,439,1.0074679607178314,,,
d,D2_seed20700712,TRAIN,440,1.0192755814026333,,,
d,D2_seed20700712,TRAIN,441,0.9803384265889944,,,
d,D2_seed20700712,TRAIN,442,0.9495090506638322,,,
d,D2_seed20700712,TRAIN,443,0.9960100323109204,,,
d,D2_seed20700712,TRAIN,444,1.0160552340636937,,,
d,D2_seed20700712,TRAIN,445,1.0027233701540048,,,
d,D2_seed20700712,TRAIN,446,0.9636361200653232,,,
d,D2_seed20700712,TRAIN,447,1.0073055705569158,,,
d,D2_seed20700712,TRAIN,448,1.019117243585292,,,
d,D2_seed20700712,TRAIN,449,1.0072646040101336,,,
d,D2_seed20700712,TRAIN,450,0.9801611779871527,,,
d,D2_seed20700712,TRAIN,451,0.9635380623817826,,,
d,D2_seed20700712,TRAIN,452,0.9958374415596303,,,
d,D2_seed20700712,TRAIN,453,1.0025660821609965,,,
d,D2_seed20700712,TRAIN,454,1.015860093728883,,,
d,D2_seed20700712,TRAIN,455,0.9492509050187419,,,
d,D2_seed20700712,TRAIN,456,1.0189574476636671,,,
d,D2_seed20700712,TRAIN,457,0.9957412589601631,,,
d,D2_seed20700712,TRAIN,458,1.0189174966395678,,,
d,D2_seed20700712,TRAIN,459,0.9633808923815623,,,
d,D2_seed20700712,TRAIN,460,0.9799631089870724,,,
d,D2_seed20700712,TRAIN,461,1.015723007636333,,,
d,D2_seed20700712,TRAIN,462,1.0069976964473972,,,
d,D2_seed20700712,TRAIN,463,1.0023689464574654,,,
d,D2_seed20700712,TRAIN,464,0.9490710413830522,,,
d,D2_seed20700712,TRAIN,465,0.9632624678845688,,,
d,D2_seed20700712,TRAIN,466,0.9798437138166491,,,
d,D2_seed20700712,TRAIN,467,0.9490110363968283,,,
d,D2_seed20700712,TRAIN,468,1.0068742959577366,,,
d,D2_seed20700712,TRAIN,469,0.9955095706769308,,,
d,D2_seed20700712,TRAIN,470,1.0022307424607642,,,
d,D2_seed20700712,TRAIN,471,1.0186572452051776,,,
d,D2_seed20700712,TRAIN,472,1.0155067554693162,,,
d,D2_seed20700712,TRAIN,473,0.9797043402880331,,,
d,D2_seed20700712,TRAIN,474,1.0067503696907236,,,
d,D2_seed20700712,TRAIN,475,0.9953930714940225,,,
d,D2_seed20700712,TRAIN,476,1.018556302837851,,,
d,D2_seed20700712,TRAIN,477,0.9488099884132202,,,
d,D2_seed20700712,TRAIN,478,1.0153878831893248,,,
d,D2_seed20700712,TRAIN,479,1.002051412734409,,,
d,D2_seed20700712,TRAIN,480,0.9629650979531108,,,
d,D2_seed20700712,TRAIN,481,0.97954383065199,,,
d,D2_seed20700712,TRAIN,482,0.99525657839257,,,
d,D2_seed20700712,TRAIN,483,1.0065634382796969,,,
d,D2_seed20700712,TRAIN,484,1.0019518428472387,,,
d,D2_seed20700712,TRAIN,485,0.9628656264770036,,,
d,D2_seed20700712,TRAIN,486,1.015229371494869,,,
d,D2_seed20700712,TRAIN,487,1.018333923076956,,,
d,D2_seed20700712,TRAIN,488,0.948587793789159,,,
d,D2_seed20700712,TRAIN,489,0.9485675614642815,,,
d,D2_seed20700712,TRAIN,490,1.006417845742174,,,
d,D2_seed20700712,TRAIN,491,0.9793430344031998,,,
d,D2_seed20700712,TRAIN,492,0.9950613960532009,,,
d,D2_seed20700712,TRAIN,493,1.0150903336706827,,,
d,D2_seed20700712,TRAIN,494,0.9626860746817562,,,
d,D2_seed20700712,TRAIN,495,1.0017322330591727,,,
d,D2_seed20700712,TRAIN,496,1.0181517518621257,,,
d,D2_seed20700712,TRAIN,497,0.9949637060693229,,,
d,D2_seed20700712,TRAIN,498,1.0062514304454035,,,
d,D2_seed20700712,TRAIN,499,1.018090760620769,,,
d,D2_seed20700712,TRAIN,500,0.9791616271353369,,,
d,D2_seed20700712,TRAIN,501,1.0149308968093198,,,
d,D2_seed20700712,TRAIN,502,1.001591563967602,,,
d,D2_seed20700712,TRAIN,503,0.9482832424560258,,,
d,D2_seed20700712,TRAIN,504,0.9624855435160735,,,
d,D2_seed20700712,TRAIN,505,1.0179682817075015,,,
d,D2_seed20700712,TRAIN,506,0.9790401053859489,,,
d,D2_seed20700712,TRAIN,507,1.0060626966769508,,,
d,D2_seed20700712,TRAIN,508,0.9947473075646684,,,
d,D2_seed20700712,TRAIN,509,1.0147708223550511,,,
d,D2_seed20700712,TRAIN,510,0.9481404971884279,,,
d,D2_seed20700712,TRAIN,511,0.9623448218844693,,,
d,D2_seed20700712,TRAIN,512,1.0013905156444949,,,
d,D2_seed20700712,TRAIN,513,0.9946490322355188,,,
d,D2_seed20700712,TRAIN,514,0.9622847278164719,,,
d,D2_seed20700712,TRAIN,515,1.0013305401605503,,,
d,D2_seed20700712,TRAIN,516,1.0058746803622072,,,
d,D2_seed20700712,TRAIN,517,1.017724063557537,,,
d,D2_seed20700712,TRAIN,518,1.0145912109962578,,,
d,D2_seed20700712,TRAIN,519,0.9479573614329345,,,
d,D2_seed20700712,TRAIN,520,0.978756746606793,,,
d,D2_seed20700712,TRAIN,521,1.0145310985609954,,,
d,D2_seed20700712,TRAIN,522,0.9944721436692718,,,
d,D2_seed20700712,TRAIN,523,0.9621039054083171,,,
d,D2_seed20700712,TRAIN,524,0.9478553312369857,,,
d,D2_seed20700712,TRAIN,525,1.0011296288048963,,,
d,D2_seed20700712,TRAIN,526,0.9786352593163011,,,
d,D2_seed20700712,TRAIN,527,1.0056446666562855,,,
d,D2_seed20700712,TRAIN,528,1.017500051274972,,,
d,D2_seed20700712,TRAIN,529,1.0010493504899771,,,
d,D2_seed20700712,TRAIN,530,0.978554087808082,,,
d,D2_seed20700712,TRAIN,531,1.0055605238475283,,,
d,D2_seed20700712,TRAIN,532,1.017418011510072,,,
d,D2_seed20700712,TRAIN,533,1.0142906766117123,,,
d,D2_seed20700712,TRAIN,534,0.9618822142676811,,,
d,D2_seed20700712,TRAIN,535,0.9476302032207358,,,
d,D2_seed20700712,TRAIN,536,0.9941959804166629,,,
d,D2_seed20700712,TRAIN,537,1.0054337270281921,,,
d,D2_seed20700712,TRAIN,538,1.000866985858622,,,
d,D2_seed20700712,TRAIN,539,0.9783706138071662,,,
d,D2_seed20700712,TRAIN,540,0.9475277527144877,,,
d,D2_seed20700712,TRAIN,541,1.0172332634448569,,,
d,D2_seed20700712,TRAIN,542,0.994077403343386,,,
d,D2_seed20700712,TRAIN,543,0.9617004855926062,,,
d,D2_seed20700712,TRAIN,544,1.0140696321285878,,,
d,D2_seed20700712,TRAIN,545,0.978248690677407,,,
d,D2_seed20700712,TRAIN,546,1.0052444811932533,,,
d,D2_seed20700712,TRAIN,547,1.0171106440798545,,,
d,D2_seed20700712,TRAIN,548,0.9615995748608153,,,
d,D2_seed20700712,TRAIN,549,1.0139691473493542,,,
d,D2_seed20700712,TRAIN,550,0.9473229077227998,,,
d,D2_seed20700712,TRAIN,551,0.9938997019312857,,,
d,D2_seed20700712,TRAIN,552,1.0005845105521396,,,
d,D2_seed20700712,TRAIN,553,0.9614986675354611,,,
d,D2_seed20700712,TRAIN,554,0.9938407082295373,,,
d,D2_seed20700712,TRAIN,555,1.0169472893394798,,,
d,D2_seed20700712,TRAIN,556,1.0138289739800566,,,
d,D2_seed20700712,TRAIN,557,1.0050138455882782,,,
d,D2_seed20700712,TRAIN,558,1.0004639057828293,,,
d,D2_seed20700712,TRAIN,559,0.9779640261738556,,,
d,D2_seed20700712,TRAIN,560,0.9471184582162565,,,
d,D2_seed20700712,TRAIN,561,1.0137285622568326,,,
d,D2_seed20700712,TRAIN,562,1.0168041143095992,,,
d,D2_seed20700712,TRAIN,563,0.9470570155957,,,
d,D2_seed20700712,TRAIN,564,0.9778622990064979,,,
d,D2_seed20700712,TRAIN,565,1.0003227360848606,,,
d,D2_seed20700712,TRAIN,566,0.9612366030287434,,,
d,D2_seed20700712,TRAIN,567,1.0048038725679838,,,
d,D2_seed20700712,TRAIN,568,0.9935646896782925,,,
d,D2_seed20700712,TRAIN,569,0.9935450074285394,,,
d,D2_seed20700712,TRAIN,570,0.9777405686463551,,,
d,D2_seed20700712,TRAIN,571,0.9468936344909546,,,
d,D2_seed20700712,TRAIN,572,1.0001822256232569,,,
d,D2_seed20700712,TRAIN,573,0.9610960324510326,,,
d,D2_seed20700712,TRAIN,574,1.0046577357104842,,,
d,D2_seed20700712,TRAIN,575,1.013448609696324,,,
d,D2_seed20700712,TRAIN,576,1.0165190832129052,,,
d,D2_seed20700712,TRAIN,577,0.946771516570359,,,
d,D2_seed20700712,TRAIN,578,1.0164782856651848,,,
d,D2_seed20700712,TRAIN,579,0.9775584768540518,,,
d,D2_seed20700712,TRAIN,580,1.0045320177520252,,,
d,D2_seed20700712,TRAIN,581,1.013328431689378,,,
d,D2_seed20700712,TRAIN,582,0.9999811969923924,,,
d,D2_seed20700712,TRAIN,583,0.96089474041154,,,
d,D2_seed20700712,TRAIN,584,0.9932500229842137,,,
d,D2_seed20700712,TRAIN,585,0.9999207718626507,,,
d,D2_seed20700712,TRAIN,586,1.0132283052105442,,,
d,D2_seed20700712,TRAIN,587,1.0162944862214636,,,
d,D2_seed20700712,TRAIN,588,0.9607942572758191,,,
d,D2_seed20700712,TRAIN,589,0.9773555866138448,,,
d,D2_seed20700712,TRAIN,590,1.0043222173327988,,,
d,D2_seed20700712,TRAIN,591,0.9931124549930169,,,
d,D2_seed20700712,TRAIN,592,0.9464652131203226,,,
d,D2_seed20700712,TRAIN,593,0.9606939233907826,,,
d,D2_seed20700712,TRAIN,594,1.0130686828991682,,,
d,D2_seed20700712,TRAIN,595,0.9930342444703453,,,
d,D2_seed20700712,TRAIN,596,0.9997004524593713,,,
d,D2_seed20700712,TRAIN,597,0.946363929788834,,,
d,D2_seed20700712,TRAIN,598,1.0041559335821317,,,
d,D2_seed20700712,TRAIN,599,0.9771540994801668,,,
d,D2_seed20700712,TRAIN,600,1.0160310681344775,,,
d,D2_seed20700712,TRAIN,601,1.016010793116687,,,
d,D2_seed20700712,TRAIN,602,0.9605142974229244,,,
d,D2_seed20700712,TRAIN,603,0.9462423258887245,,,
d,D2_seed20700712,TRAIN,604,1.0040310985244219,,,
d,D2_seed20700712,TRAIN,605,0.9770332644810337,,,
d,D2_seed20700712,TRAIN,606,0.9928195664134452,,,
d,D2_seed20700712,TRAIN,607,0.99948109306806,,,
d,D2_seed20700712,TRAIN,608,1.0127909233624772,,,
d,D2_seed20700712,TRAIN,609,0.9461209173162696,,,
d,D2_seed20700712,TRAIN,610,0.9603548346671845,,,
d,D2_seed20700712,TRAIN,611,1.0127316735899525,,,
d,D2_seed20700712,TRAIN,612,0.9993819495762724,,,
d,D2_seed20700712,TRAIN,613,1.0157687441299164,,,
d,D2_seed20700712,TRAIN,614,1.003824130702838,,,
d,D2_seed20700712,TRAIN,615,0.9926446591843703,,,
d,D2_seed20700712,TRAIN,616,0.9768127610592623,,,
d,D2_seed20700712,TRAIN,617,1.0156880427071229,,,
d,D2_seed20700712,TRAIN,618,0.9459394100978523,,,
d,D2_seed20700712,TRAIN,619,0.9992428034171653,,,
d,D2_seed20700712,TRAIN,620,0.9601562110787274,,,
d,D2_seed20700712,TRAIN,621,1.0036791468347697,,,
d,D2_seed20700712,TRAIN,622,0.97669281541995,,,
d,D2_seed20700712,TRAIN,623,0.992489412776646,,,
d,D2_seed20700712,TRAIN,624,1.0124752055882986,,,
d,D2_seed20700712,TRAIN,625,1.0155273929205535,,,
d,D2_seed20700712,TRAIN,626,0.9600374885705111,,,
d,D2_seed20700712,TRAIN,627,0.9765931370186665,,,
d,D2_seed20700712,TRAIN,628,0.9990648893141987,,,
d,D2_seed20700712,TRAIN,629,1.0123770025403427,,,
d,D2_seed20700712,TRAIN,630,0.9923542599395786,,,
d,D2_seed20700712,TRAIN,631,0.9456785608433518,,,
d,D2_seed20700712,TRAIN,632,1.0034531679224177,,,
d,D2_seed20700712,TRAIN,633,0.9989666929127197,,,
d,D2_seed20700712,TRAIN,634,1.0034121395528701,,,
d,D2_seed20700712,TRAIN,635,0.9764343523604486,,,
d,D2_seed20700712,TRAIN,636,0.9455787112272624,,,
d,D2_seed20700712,TRAIN,637,1.0152878918548347,,,
d,D2_seed20700712,TRAIN,638,0.9922003754794934,,,
d,D2_seed20700712,TRAIN,639,0.9597816228579996,,,
d,D2_seed20700712,TRAIN,640,1.0121620584300615,,,
d,D2_seed20700712,TRAIN,641,0.9454792333062227,,,
d,D2_seed20700712,TRAIN,642,1.0151887572703597,,,
d,D2_seed20700712,TRAIN,643,1.0121038043910384,,,
d,D2_seed20700712,TRAIN,644,0.9596839013131683,,,
d,D2_seed20700712,TRAIN,645,0.9987316813288583,,,
d,D2_seed20700712,TRAIN,646,1.0031674514679878,,,
d,D2_seed20700712,TRAIN,647,0.9920285284553848,,,
d,D2_seed20700712,TRAIN,648,0.9761780216232534,,,
d,D2_seed20700712,TRAIN,649,0.9453208055800357,,,
d,D2_seed20700712,TRAIN,650,0.9919715102526785,,,
d,D2_seed20700712,TRAIN,651,1.0030662585270829,,,
d,D2_seed20700712,TRAIN,652,1.0149916447339873,,,
d,D2_seed20700712,TRAIN,653,0.9595088483794932,,,
d,D2_seed20700712,TRAIN,654,0.9985569044654066,,,
d,D2_seed20700712,TRAIN,655,1.0118718500188795,,,
d,D2_seed20700712,TRAIN,656,0.9760216187173375,,,
d,D2_seed20700712,TRAIN,657,0.9984988293671564,,,
d,D2_seed20700712,TRAIN,658,0.9918199317082684,,,
d,D2_seed20700712,TRAIN,659,1.0148542723071683,,,
d,D2_seed20700712,TRAIN,660,0.9451045700927909,,,
d,D2_seed20700712,TRAIN,661,1.0117566230267212,,,
d,D2_seed20700712,TRAIN,662,0.9759048794893849,,,
d,D2_seed20700712,TRAIN,663,1.0028245059841425,,,
d,D2_seed20700712,TRAIN,664,0.9592963456976824,,,
d,D2_seed20700712,TRAIN,665,0.9916880518506098,,,
d,D2_seed20700712,TRAIN,666,0.9449873223769085,,,
d,D2_seed20700712,TRAIN,667,1.002744620471032,,,
d,D2_seed20700712,TRAIN,668,0.9982874392488468,,,
d,D2_seed20700712,TRAIN,669,0.959200504542838,,,
d,D2_seed20700712,TRAIN,670,1.0115849310212952,,,
d,D2_seed20700712,TRAIN,671,0.9757309097261118,,,
d,D2_seed20700712,TRAIN,672,1.0146016315009603,,,
d,D2_seed20700712,TRAIN,673,0.9915385091547547,,,
d,D2_seed20700712,TRAIN,674,0.9448321042907303,,,
d,D2_seed20700712,TRAIN,675,1.0145437742775605,,,
d,D2_seed20700712,TRAIN,676,1.0114712264214705,,,
d,D2_seed20700712,TRAIN,677,1.0025460262669106,,,
d,D2_seed20700712,TRAIN,678,0.9980969664019219,,,
d,D2_seed20700712,TRAIN,679,0.9590097611342633,,,
d,D2_seed20700712,TRAIN,680,0.975557983814249,,,
d,D2_seed20700712,TRAIN,681,0.9755388601264786,,,
d,D2_seed20700712,TRAIN,682,0.9980210761219688,,,
d,D2_seed20700712,TRAIN,683,0.9446583941803031,,,
d,D2_seed20700712,TRAIN,684,1.0143707067806615,,,
d,D2_seed20700712,TRAIN,685,0.9913157880731949,,,
d,D2_seed20700712,TRAIN,686,1.0023684786460512,,,
d,D2_seed20700712,TRAIN,687,1.0112640042437293,,,
d,D2_seed20700712,TRAIN,688,0.9588395683778501,,,
d,D2_seed20700712,TRAIN,689,0.9753866034151111,,,
d,D2_seed20700712,TRAIN,690,1.0112078542796845,,,
d,D2_seed20700712,TRAIN,691,0.9587831427684024,,,
d,D2_seed20700712,TRAIN,692,0.9444862993384032,,,
d,D2_seed20700712,TRAIN,693,1.0141994421481406,,,
d,D2_seed20700712,TRAIN,694,0.9977959511799338,,,
d,D2_seed20700712,TRAIN,695,0.9911323377097234,,,
d,D2_seed20700712,TRAIN,696,1.0021736465014472,,,
d,D2_seed20700712,TRAIN,697,0.997740078336066,,,
d,D2_seed20700712,TRAIN,698,0.9443725863889907,,,
d,D2_seed20700712,TRAIN,699,0.9586338209679521,,,
d,D2_seed20700712,TRAIN,700,1.0020960213840069,,,
d,D2_seed20700712,TRAIN,701,0.975160790428552,,,
d,D2_seed20700712,TRAIN,702,1.0140297686059212,,,
d,D2_seed20700712,TRAIN,703,0.9909869182069939,,,
d,D2_seed20700712,TRAIN,704,1.010948688538124,,,
d,D2_seed20700712,TRAIN,705,0.9909507108579203,,,
d,D2_seed20700712,TRAIN,706,1.0019800962751844,,,
d,D2_seed20700712,TRAIN,707,0.9750487872849286,,,
d,D2_seed20700712,TRAIN,708,0.9975361906192918,,,
d,D2_seed20700712,TRAIN,709,1.0138985249959431,,,
d,D2_seed20700712,TRAIN,710,1.0108384971496842,,,
d,D2_seed20700712,TRAIN,711,0.9584117391450772,,,
d,D2_seed20700712,TRAIN,712,0.9441095658248774,,,
d,D2_seed20700712,TRAIN,713,1.0018454624679738,,,
d,D2_seed20700712,TRAIN,714,0.9749188249213344,,,
d,D2_seed20700712,TRAIN,715,1.0137867199739852,,,
d,D2_seed20700712,TRAIN,716,1.010728956086594,,,
d,D2_seed20700712,TRAIN,717,0.9440164182291271,,,
d,D2_seed20700712,TRAIN,718,0.9973525466146244,,,
d,D2_seed20700712,TRAIN,719,0.9906990013561214,,,
d,D2_seed20700712,TRAIN,720,0.958246909425571,,,
d,D2_seed20700712,TRAIN,721,0.9747899474716604,,,
d,D2_seed20700712,TRAIN,722,0.9582107207557709,,,
d,D2_seed20700712,TRAIN,723,0.9906283286991271,,,
d,D2_seed20700712,TRAIN,724,1.0105847010027338,,,
d,D2_seed20700712,TRAIN,725,1.0136031493840367,,,
d,D2_seed20700712,TRAIN,726,0.9438510570928954,,,
d,D2_seed20700712,TRAIN,727,0.9971906958161283,,,
d,D2_seed20700712,TRAIN,728,1.0015627530083178,,,
d,D2_seed20700712,TRAIN,729,0.9580848505065066,,,
d,D2_seed20700712,TRAIN,730,0.9746267428746666,,,
d,D2_seed20700712,TRAIN,731,0.9437600133618095,,,
d,D2_seed20700712,TRAIN,732,0.9971014256335058,,,
d,D2_seed20700712,TRAIN,733,1.010424487703548,,,
d,D2_seed20700712,TRAIN,734,1.001451323449368,,,
d,D2_seed20700712,TRAIN,735,0.9904184541167065,,,
d,D2_seed20700712,TRAIN,736,1.0134041453226457,,,
d,D2_seed20700712,TRAIN,737,1.0103536550200458,,,
d,D2_seed20700712,TRAIN,738,0.9969946647257304,,,
d,D2_seed20700712,TRAIN,739,0.9579064980311875,,,
d,D2_seed20700712,TRAIN,740,0.9903314912864679,,,
d,D2_seed20700712,TRAIN,741,0.943579361692459,,,
d,D2_seed20700712,TRAIN,742,1.013296395362836,,,
d,D2_seed20700712,TRAIN,743,0.9743938773931484,,,
d,D2_seed20700712,TRAIN,744,1.0012666943946409,,,
d,D2_seed20700712,TRAIN,745,0.9743583539120036,,,
d,D2_seed20700712,TRAIN,746,1.013225078604994,,,
d,D2_seed20700712,TRAIN,747,1.001211615737957,,,
d,D2_seed20700712,TRAIN,748,0.9577477674941589,,,
d,D2_seed20700712,TRAIN,749,0.9968008036280193,,,
d,D2_seed20700712,TRAIN,750,0.9434184389938172,,,
d,D2_seed20700712,TRAIN,751,1.0101083607513548,,,
d,D2_seed20700712,TRAIN,752,0.9901252195552399,,,
d,D2_seed20700712,TRAIN,753,0.9901082214903819,,,
d,D2_seed20700712,TRAIN,754,0.957642991415163,,,
d,D2_seed20700712,TRAIN,755,0.9966964702900631,,,
d,D2_seed20700712,TRAIN,756,1.010022237921476,,,
d,D2_seed20700712,TRAIN,757,1.0010300920041926,,,
d,D2_seed20700712,TRAIN,758,0.9741298091760725,,,
d,D2_seed20700712,TRAIN,759,1.0129957873673052,,,
d,D2_seed20700712,TRAIN,760,0.9432424776655459,,,
d,D2_seed20700712,TRAIN,761,0.9965930333311003,,,
d,D2_seed20700712,TRAIN,762,1.0099194162784553,,,
d,D2_seed20700712,TRAIN,763,0.9574877800798457,,,
d,D2_seed20700712,TRAIN,764,0.974025734190033,,,
d,D2_seed20700712,TRAIN,765,1.0128914993374376,,,
d,D2_seed20700712,TRAIN,766,0.989889536002882,,,
d,D2_seed20700712,TRAIN,767,1.0008513400163268,,,
d,D2_seed20700712,TRAIN,768,0.9431033637562902,,,
d,D2_seed20700712,TRAIN,769,1.0098006305128797,,,
d,D2_seed20700712,TRAIN,770,0.9430688333670234,,,
d,D2_seed20700712,TRAIN,771,1.012788177830457,,,
d,D2_seed20700712,TRAIN,772,0.996405870847518,,,
d,D2_seed20700712,TRAIN,773,0.9897733777937321,,,
d,D2_seed20700712,TRAIN,774,0.9573006990912714,,,
d,D2_seed20700712,TRAIN,775,0.973837473624962,,,
d,D2_seed20700712,TRAIN,776,1.0006929816341967,,,
d,D2_seed20700712,TRAIN,777,1.0126859490958562,,,
d,D2_seed20700712,TRAIN,778,1.0006579443013535,,,
d,D2_seed20700712,TRAIN,779,0.9962882661121301,,,
d,D2_seed20700712,TRAIN,780,0.95719989049978,,,
d,D2_seed20700712,TRAIN,781,0.9428807839704659,,,
d,D2_seed20700712,TRAIN,782,0.9896257515550636,,,
d,D2_seed20700712,TRAIN,783,1.0095668306047,,,
d,D2_seed20700712,TRAIN,784,0.9736857390553205,,,
d,D2_seed20700712,TRAIN,785,1.000536074687554,,,
d,D2_seed20700712,TRAIN,786,0.9736523176728881,,,
d,D2_seed20700712,TRAIN,787,0.9427797069605075,,,
d,D2_seed20700712,TRAIN,788,0.9570671505655904,,,
d,D2_seed20700712,TRAIN,789,1.0094683222799201,,,
d,D2_seed20700712,TRAIN,790,1.0124672164220494,,,
d,D2_seed20700712,TRAIN,791,0.9894805996571808,,,
d,D2_seed20700712,TRAIN,792,0.9960735261589786,,,
d,D2_seed20700712,TRAIN,793,1.009403208505782,,,
d,D2_seed20700712,TRAIN,794,0.9735198438406933,,,
d,D2_seed20700712,TRAIN,795,1.0123845535760012,,,
d,D2_seed20700712,TRAIN,796,0.9569361563100007,,,
d,D2_seed20700712,TRAIN,797,1.0003316758237797,,,
d,D2_seed20700712,TRAIN,798,0.9425969140553786,,,
d,D2_seed20700712,TRAIN,799,0.9893532490894077,,,
d,D2_seed20700712,TRAIN,800,0.995943788118126,,,
d,D2_seed20700712,TRAIN,801,0.9568551553256245,,,
d,D2_seed20700712,TRAIN,802,1.0122699382711735,,,
d,D2_seed20700712,TRAIN,803,0.9733729048009084,,,
d,D2_seed20700712,TRAIN,804,1.000214274055172,,,
d,D2_seed20700712,TRAIN,805,0.942482490621054,,,
d,D2_seed20700712,TRAIN,806,1.0091945022854045,,,
d,D2_seed20700712,TRAIN,807,0.9892277905401522,,,
d,D2_seed20700712,TRAIN,808,0.9958158638847433,,,
d,D2_seed20700712,TRAIN,809,0.942417691101367,,,
d,D2_seed20700712,TRAIN,810,1.0091313184309614,,,
d,D2_seed20700712,TRAIN,811,0.9957684506018678,,,
d,D2_seed20700712,TRAIN,812,1.0121086808828037,,,
d,D2_seed20700712,TRAIN,813,1.0000653293408637,,,
d,D2_seed20700712,TRAIN,814,0.9891194263503928,,,
d,D2_seed20700712,TRAIN,815,0.9566322494915692,,,
d,D2_seed20700712,TRAIN,816,0.9731647708785532,,,
d,D2_seed20700712,TRAIN,817,1.0120288467998948,,,
d,D2_seed20700712,TRAIN,818,0.9422735429182795,,,
d,D2_seed20700712,TRAIN,819,0.9956426761392598,,,
d,D2_seed20700712,TRAIN,820,0.9565539977670703,,,
d,D2_seed20700712,TRAIN,821,0.9730860813001565,,,
d,D2_seed20700712,TRAIN,822,0.9889972953949275,,,
d,D2_seed20700712,TRAIN,823,0.9999025682804212,,,
d,D2_seed20700712,TRAIN,824,1.0089136712541729,,,
d,D2_seed20700712,TRAIN,825,0.9730237278565463,,,
d,D2_seed20700712,TRAIN,826,0.9889369592662813,,,
d,D2_seed20700712,TRAIN,827,1.0118720764783855,,,
d,D2_seed20700712,TRAIN,828,0.9564304378633238,,,
d,D2_seed20700712,TRAIN,829,0.9998065106855623,,,
d,D2_seed20700712,TRAIN,830,1.0088220191910326,,,
d,D2_seed20700712,TRAIN,831,0.9954581132323916,,,
d,D2_seed20700712,TRAIN,832,0.9420541317509736,,,
d,D2_seed20700712,TRAIN,833,1.0087764893311184,,,
d,D2_seed20700712,TRAIN,834,0.9728846746394901,,,
d,D2_seed20700712,TRAIN,835,0.9563235079501423,,,
d,D2_seed20700712,TRAIN,836,0.9996955753607777,,,
d,D2_seed20700712,TRAIN,837,0.9953672541209518,,,
d,D2_seed20700712,TRAIN,838,1.0117025587426127,,,
d,D2_seed20700712,TRAIN,839,0.9419463737935339,,,
d,D2_seed20700712,TRAIN,840,0.988728781911914,,,
d,D2_seed20700712,TRAIN,841,0.9419158933066738,,,
d,D2_seed20700712,TRAIN,842,1.0086416822278144,,,
d,D2_seed20700712,TRAIN,843,0.9886850606107997,,,
d,D2_seed20700712,TRAIN,844,0.9995707079448202,,,
d,D2_seed20700712,TRAIN,845,0.9727181259862895,,,
d,D2_seed20700712,TRAIN,846,0.9952329822915575,,,
d,D2_seed20700712,TRAIN,847,1.0115667114762465,,,
d,D2_seed20700712,TRAIN,848,0.9561290024353403,,,
d,D2_seed20700712,TRAIN,849,0.9885981851954353,,,
d,D2_seed20700712,TRAIN,850,1.0085240010195178,,,
d,D2_seed20700712,TRAIN,851,0.9560848766065972,,,
d,D2_seed20700712,TRAIN,852,0.9726140725908583,,,
d,D2_seed20700712,TRAIN,853,0.9994327240980075,,,
d,D2_seed20700712,TRAIN,854,0.9951157575830181,,,
d,D2_seed20700712,TRAIN,855,0.9417061124522241,,,
d,D2_seed20700712,TRAIN,856,1.0114333821384636,,,
d,D2_seed20700712,TRAIN,857,1.0084226055069871,,,
d,D2_seed20700712,TRAIN,858,0.9725259954729282,,,
d,D2_seed20700712,TRAIN,859,0.9416471471340289,,,
d,D2_seed20700712,TRAIN,860,0.9950289836838833,,,
d,D2_seed20700712,TRAIN,861,0.9559395911522935,,,
d,D2_seed20700712,TRAIN,862,0.9992972416645294,,,
d,D2_seed20700712,TRAIN,863,1.0113313220802658,,,
d,D2_seed20700712,TRAIN,864,0.9883857043420262,,,
d,D2_seed20700712,TRAIN,865,0.9949574845393075,,,
d,D2_seed20700712,TRAIN,866,1.0082941971049806,,,
d,D2_seed20700712,TRAIN,867,0.9992227106909644,,,
d,D2_seed20700712,TRAIN,868,1.011258992865338,,,
d,D2_seed20700712,TRAIN,869,0.9723671235896922,,,
d,D2_seed20700712,TRAIN,870,0.941487323903769,,,
d,D2_seed20700712,TRAIN,871,0.9882882713066414,,,
d,D2_seed20700712,TRAIN,872,0.9557828127889737,,,
d,D2_seed20700712,TRAIN,873,0.9991340428319846,,,
d,D2_seed20700712,TRAIN,874,1.0081817506391262,,,
d,D2_seed20700712,TRAIN,875,0.9882334254515392,,,
d,D2_seed20700712,TRAIN,876,0.9948020994352726,,,
d,D2_seed20700712,TRAIN,877,0.9722538276256371,,,
d,D2_seed20700712,TRAIN,878,0.9556989648950004,,,
d,D2_seed20700712,TRAIN,879,1.011102736247843,,,
d,D2_seed20700712,TRAIN,880,0.9413453938983876,,,
d,D2_seed20700712,TRAIN,881,0.9413314074320795,,,
d,D2_seed20700712,TRAIN,882,0.9947194154112481,,,
d,D2_seed20700712,TRAIN,883,0.9721704416160748,,,
d,D2_seed20700712,TRAIN,884,0.9989756399862884,,,
d,D2_seed20700712,TRAIN,885,0.9556028111572464,,,
d,D2_seed20700712,TRAIN,886,1.0110058000698388,,,
d,D2_seed20700712,TRAIN,887,1.0080039141232293,,,
d,D2_seed20700712,TRAIN,888,0.9880588980237702,,,
d,D2_seed20700712,TRAIN,889,0.9989048290975079,,,
d,D2_seed20700712,TRAIN,890,0.9720743559404896,,,
d,D2_seed20700712,TRAIN,891,1.0079500396032246,,,
d,D2_seed20700712,TRAIN,892,1.0109234629411434,,,
d,D2_seed20700712,TRAIN,893,0.9411655472276876,,,
d,D2_seed20700712,TRAIN,894,0.9879796481801575,,,
d,D2_seed20700712,TRAIN,895,0.9554673840842292,,,
d,D2_seed20700712,TRAIN,896,0.9945303135426318,,,
d,D2_seed20700712,TRAIN,897,0.9411112523827927,,,
d,D2_seed20700712,TRAIN,898,0.9945039071758172,,,
d,D2_seed20700712,TRAIN,899,0.9554143438290172,,,
d,D2_seed20700712,TRAIN,900,0.9987518750572706,,,
d,D2_seed20700712,TRAIN,901,1.0078178166747591,,,
d,D2_seed20700712,TRAIN,902,1.0107891896193413,,,
d,D2_seed20700712,TRAIN,903,0.9878634296888898,,,
d,D2_seed20700712,TRAIN,904,0.9718866258183613,,,
d,D2_seed20700712,TRAIN,905,0.998683488990417,,,
d,D2_seed20700712,TRAIN,906,0.9718602465686333,,,
d,D2_seed20700712,TRAIN,907,0.994386022912213,,,
d,D2_seed20700712,TRAIN,908,0.955296353397954,,,
d,D2_seed20700712,TRAIN,909,1.0106966559625983,,,
d,D2_seed20700712,TRAIN,910,0.9409382457761136,,,
d,D2_seed20700712,TRAIN,911,0.9877617233613036,,,
d,D2_seed20700712,TRAIN,912,1.0076755887302848,,,
d,D2_seed20700712,TRAIN,913,0.9877366815516604,,,
d,D2_seed20700712,TRAIN,914,1.0076501884879385,,,
d,D2_seed20700712,TRAIN,915,0.9552063519952895,,,
d,D2_seed20700712,TRAIN,916,0.9942707423227303,,,
d,D2_seed20700712,TRAIN,917,0.998522862048555,,,
d,D2_seed20700712,TRAIN,918,0.9717048453360069,,,
d,D2_seed20700712,TRAIN,919,0.9408216233864044,,,
d,D2_seed20700712,TRAIN,920,1.010554856432547,,,
d,D2_seed20700712,TRAIN,921,1.0105421170422806,,,
d,D2_seed20700712,TRAIN,922,0.9716539512296052,,,
d,D2_seed20700712,TRAIN,923,1.0075371775655235,,,
d,D2_seed20700712,TRAIN,924,0.9407576693002402,,,
d,D2_seed20700712,TRAIN,925,0.9875886496758024,,,
d,D2_seed20700712,TRAIN,926,0.9941453771669009,,,
d,D2_seed20700712,TRAIN,927,0.998392407326342,,,
d,D2_seed20700712,TRAIN,928,0.9550428933640084,,,
d,D2_seed20700712,TRAIN,929,0.987540233957514,,,
d,D2_seed20700712,TRAIN,930,1.010428832111883,,,
d,D2_seed20700712,TRAIN,931,1.00743867786294,,,
d,D2_seed20700712,TRAIN,932,0.9940715194528272,,,
d,D2_seed20700712,TRAIN,933,0.9983154522783602,,,
d,D2_seed20700712,TRAIN,934,0.9406321917842,,,
d,D2_seed20700712,TRAIN,935,0.9714917748019126,,,
d,D2_seed20700712,TRAIN,936,0.9549447494741559,,,
d,D2_seed20700712,TRAIN,937,0.9405951385109806,,,
d,D2_seed20700712,TRAIN,938,0.998252157069472,,,
d,D2_seed20700712,TRAIN,939,1.010317870249145,,,
d,D2_seed20700712,TRAIN,940,1.007330050831119,,,
d,D2_seed20700712,TRAIN,941,0.987397549521635,,,
d,D2_seed20700712,TRAIN,942,0.9548724143400716,,,
d,D2_seed20700712,TRAIN,943,0.9939386860066033,,,
d,D2_seed20700712,TRAIN,944,0.9713825736536316,,,
d,D2_seed20700712,TRAIN,945,0.9873510114587905,,,
d,D2_seed20700712,TRAIN,946,1.0072590593780808,,,
d,D2_seed20700712,TRAIN,947,1.0102214433403562,,,
d,D2_seed20700712,TRAIN,948,0.9404617085264804,,,
d,D2_seed20700712,TRAIN,949,0.9547895308791927,,,
d,D2_seed20700712,TRAIN,950,0.9938564532184126,,,
d,D2_seed20700712,TRAIN,951,0.9980917570783027,,,
d,D2_seed20700712,TRAIN,952,0.9712877051546995,,,
d,D2_seed20700712,TRAIN,953,1.0101505105127246,,,
d,D2_seed20700712,TRAIN,954,0.9712642154064134,,,
d,D2_seed20700712,TRAIN,955,0.993798390129237,,,
d,D2_seed20700712,TRAIN,956,1.0071430774271788,,,
d,D2_seed20700712,TRAIN,957,0.9403551944085121,,,
d,D2_seed20700712,TRAIN,958,0.9872029118270926,,,
d,D2_seed20700712,TRAIN,959,0.9979954035158685,,,
d,D2_seed20700712,TRAIN,960,0.9546620022002726,,,
d,D2_seed20700712,TRAIN,961,0.997971609195517,,,
d,D2_seed20700712,TRAIN,962,0.9402970519087694,,,
d,D2_seed20700712,TRAIN,963,0.9937069431650519,,,
d,D2_seed20700712,TRAIN,964,0.9546165163900415,,,
d,D2_seed20700712,TRAIN,965,1.0070411549789122,,,
d,D2_seed20700712,TRAIN,966,0.971125924741159,,,
d,D2_seed20700712,TRAIN,967,0.9871032079113642,,,
d,D2_seed20700712,TRAIN,968,1.0099774540341493,,,
d,D2_seed20700712,TRAIN,969,0.9710920673585175,,,
d,D2_seed20700712,TRAIN,970,1.0099549200654343,,,
d,D2_seed20700712,TRAIN,971,0.9870596577096958,,,
d,D2_seed20700712,TRAIN,972,0.9545270241264919,,,
d,D2_seed20700712,TRAIN,973,0.9978317295309944,,,
d,D2_seed20700712,TRAIN,974,0.9401606788528448,,,
d,D2_seed20700712,TRAIN,975,0.9935736300970244,,,
d,D2_seed20700712,TRAIN,976,1.0069198707154692,,,
d,D2_seed20700712,TRAIN,977,0.9401272577385026,,,
d,D2_seed20700712,TRAIN,978,0.9544611429438413,,,
d,D2_seed20700712,TRAIN,979,0.9935301856659532,,,
d,D2_seed20700712,TRAIN,980,1.0098440841543481,,,
d,D2_seed20700712,TRAIN,981,0.970959241311882,,,
d,D2_seed20700712,TRAIN,982,0.9977298346321315,,,
d,D2_seed20700712,TRAIN,983,0.9869318246351086,,,
d,D2_seed20700712,TRAIN,984,1.0068339284369265,,,
d,D2_seed20700712,TRAIN,985,0.9400394610740783,,,
d,D2_seed20700712,TRAIN,986,1.0097788496669449,,,
d,D2_seed20700712,TRAIN,987,0.9543642494339165,,,
d,D2_seed20700712,TRAIN,988,0.997663042004757,,,
d,D2_seed20700712,TRAIN,989,0.9868692880557224,,,
d,D2_seed20700712,TRAIN,990,1.006770523978207,,,
d,D2_seed20700712,TRAIN,991,0.9934022042987689,,,
d,D2_seed20700712,TRAIN,992,0.9708409435512134,,,
d,D2_seed20700712,TRAIN,993,0.9868281275634635,,,
d,D2_seed20700712,TRAIN,994,0.9933708359162509,,,
d,D2_seed20700712,TRAIN,995,0.9542799629400865,,,
d,D2_seed20700712,TRAIN,996,1.009672418512124,,,
d,D2_seed20700712,TRAIN,997,1.0066979281206037,,,
d,D2_seed20700712,TRAIN,998,0.9707779921337945,,,
d,D2_seed20700712,TRAIN,999,0.9398900739753825,,,
d,D2_seed20700712,TRAIN,1000,0.9975327640565848,,,
d,D2_seed20700712,TRAIN,1001,0.9932987698829635,,,
d,D2_seed20700712,TRAIN,1002,0.9867373176816787,,,
d,D2_seed20700712,TRAIN,1003,0.9975007820702788,,,
d,D2_seed20700712,TRAIN,1004,0.9541873480808913,,,
d,D2_seed20700712,TRAIN,1005,0.9707057410035642,,,
d,D2_seed20700712,TRAIN,1006,1.009568814948088,,,
d,D2_seed20700712,TRAIN,1007,1.0065964807331962,,,
d,D2_seed20700712,TRAIN,1008,0.9397969180673196,,,
d,D2_seed20700712,TRAIN,1009,0.9932177816898843,,,
d,D2_seed20700712,TRAIN,1010,0.9866582930963869,,,
d,D2_seed20700712,TRAIN,1011,0.9397664123559861,,,
d,D2_seed20700712,TRAIN,1012,0.9974064742659057,,,
d,D2_seed20700712,TRAIN,1013,1.0094979958366366,,,
d,D2_seed20700712,TRAIN,1014,0.9706148789909756,,,
d,D2_seed20700712,TRAIN,1015,0.9540771675930557,,,
d,D2_seed20700712,TRAIN,1016,1.0065075777743606,,,
d,D2_seed20700712,TRAIN,1017,0.9865906798682247,,,
d,D2_seed20700712,TRAIN,1018,1.0064881317933376,,,
d,D2_seed20700712,TRAIN,1019,0.970565357435191,,,
d,D2_seed20700712,TRAIN,1020,0.939676386488297,,,
d,D2_seed20700712,TRAIN,1021,1.0094188399748638,,,
d,D2_seed20700712,TRAIN,1022,0.9930904626433986,,,
d,D2_seed20700712,TRAIN,1023,0.953999164169049,,,
d,D2_seed20700712,TRAIN,1024,0.997284804631886,,,
d,D2_seed20700712,TRAIN,1025,0.9705068656477109,,,
d,D2_seed20700712,TRAIN,1026,0.9930522119535743,,,
d,D2_seed20700712,TRAIN,1027,0.9972549356904664,,,
d,D2_seed20700712,TRAIN,1028,1.0063924790512941,,,
d,D2_seed20700712,TRAIN,1029,1.009341298374421,,,
d,D2_seed20700712,TRAIN,1030,0.93957883642038,,,
d,D2_seed20700712,TRAIN,1031,0.9539227010988376,,,
d,D2_seed20700712,TRAIN,1032,0.9864500431281209,,,
d,D2_seed20700712,TRAIN,1033,0.9971956891113931,,,
d,D2_seed20700712,TRAIN,1034,1.009293605434114,,,
d,D2_seed20700712,TRAIN,1035,0.9395310601779178,,,
d,D2_seed20700712,TRAIN,1036,1.0063176763521275,,,
d,D2_seed20700712,TRAIN,1037,0.99294863664758,,,
d,D2_seed20700712,TRAIN,1038,0.9703832051432978,,,
d,D2_seed20700712,TRAIN,1039,0.9863863431190557,,,
d,D2_seed20700712,TRAIN,1040,0.9538388238851715,,,
d,D2_seed20700712,TRAIN,1041,0.9394746999489838,,,
d,D2_seed20700712,TRAIN,1042,1.0062628862018526,,,
d,D2_seed20700712,TRAIN,1043,0.9970996426165315,,,
d,D2_seed20700712,TRAIN,1044,0.9928848353952711,,,
d,D2_seed20700712,TRAIN,1045,0.970318755048462,,,
d,D2_seed20700712,TRAIN,1046,0.95378429655561,,,
d,D2_seed20700712,TRAIN,1047,1.009173218960673,,,
d,D2_seed20700712,TRAIN,1048,0.9863066854242193,,,
d,D2_seed20700712,TRAIN,1049,0.9537573757579191,,,
d,D2_seed20700712,TRAIN,1050,1.0091461553954246,,,
d,D2_seed20700712,TRAIN,1051,0.939383172084797,,,
d,D2_seed20700712,TRAIN,1052,1.0061737949557208,,,
d,D2_seed20700712,TRAIN,1053,0.9702467193236929,,,
d,D2_seed20700712,TRAIN,1054,0.9927960359941066,,,
d,D2_seed20700712,TRAIN,1055,0.9969884962716167,,,
d,D2_seed20700712,TRAIN,1056,0.9862376580645242,,,
d,D2_seed20700712,TRAIN,1057,0.9927698331044593,,,
d,D2_seed20700712,TRAIN,1058,1.0061215450179106,,,
d,D2_seed20700712,TRAIN,1059,0.9701937322000052,,,
d,D2_seed20700712,TRAIN,1060,0.9862036640832049,,,
d,D2_seed20700712,TRAIN,1061,0.9392942235749075,,,
d,D2_seed20700712,TRAIN,1062,0.9536434401782544,,,
d,D2_seed20700712,TRAIN,1063,0.9969164495327595,,,
d,D2_seed20700712,TRAIN,1064,1.0090229465583882,,,
d,D2_seed20700712,TRAIN,1065,0.9392594513083445,,,
d,D2_seed20700712,TRAIN,1066,0.9968898445768007,,,
d,D2_seed20700712,TRAIN,1067,0.953600785092308,,,
d,D2_seed20700712,TRAIN,1068,1.0060365555574926,,,
d,D2_seed20700712,TRAIN,1069,0.9701075729733285,,,
d,D2_seed20700712,TRAIN,1070,1.0089715483292587,,,
d,D2_seed20700712,TRAIN,1071,0.9926506687467993,,,
d,D2_seed20700712,TRAIN,1072,0.9861041825125135,,,
d,D2_seed20700712,TRAIN,1073,1.0089461518692493,,,
d,D2_seed20700712,TRAIN,1074,0.9860879065129564,,,
d,D2_seed20700712,TRAIN,1075,0.9391739807535497,,,
d,D2_seed20700712,TRAIN,1076,0.953525426425463,,,
d,D2_seed20700712,TRAIN,1077,0.9700403775547422,,,
d,D2_seed20700712,TRAIN,1078,0.9925929424140479,,,
d,D2_seed20700712,TRAIN,1079,1.0059458917473885,,,
d,D2_seed20700712,TRAIN,1080,0.9967688180888936,,,
d,D2_seed20700712,TRAIN,1081,0.9700074664873252,,,
d,D2_seed20700712,TRAIN,1082,0.9534764566257179,,,
d,D2_seed20700712,TRAIN,1083,1.0059136596286762,,,
d,D2_seed20700712,TRAIN,1084,0.9925444985386539,,,
d,D2_seed20700712,TRAIN,1085,1.0088472499330177,,,
d,D2_seed20700712,TRAIN,1086,0.9390831119999621,,,
d,D2_seed20700712,TRAIN,1087,0.9967102185962117,,,
d,D2_seed20700712,TRAIN,1088,0.9859770295217963,,,
d,D2_seed20700712,TRAIN,1089,0.9925046514540007,,,
d,D2_seed20700712,TRAIN,1090,0.9966853523590568,,,
d,D2_seed20700712,TRAIN,1091,1.0058502693036036,,,
d,D2_seed20700712,TRAIN,1092,0.9390346586810958,,,
d,D2_seed20700712,TRAIN,1093,0.9533886783819159,,,
d,D2_seed20700712,TRAIN,1094,1.0087750489854486,,,
d,D2_seed20700712,TRAIN,1095,0.9698950374829237,,,
d,D2_seed20700712,TRAIN,1096,0.9859155496667553,,,
d,D2_seed20700712,TRAIN,1097,1.0087514754555904,,,
d,D2_seed20700712,TRAIN,1098,1.0057960582627736,,,
d,D2_seed20700712,TRAIN,1099,0.9533420434196663,,,
d,D2_seed20700712,TRAIN,1100,0.9389714844341099,,,
d,D2_seed20700712,TRAIN,1101,0.9965962920785197,,,
d,D2_seed20700712,TRAIN,1102,0.9698406141607975,,,
d,D2_seed20700712,TRAIN,1103,0.992396222995571,,,
d,D2_seed20700712,TRAIN,1104,0.9858556946576091,,,
d,D2_seed20700712,TRAIN,1105,0.953296314018762,,,
d,D2_seed20700712,TRAIN,1106,1.0057356208538055,,,
d,D2_seed20700712,TRAIN,1107,0.9698025354406001,,,
d,D2_seed20700712,TRAIN,1108,0.9923588331519022,,,
d,D2_seed20700712,TRAIN,1109,1.0086595753936607,,,
d,D2_seed20700712,TRAIN,1110,0.9858119049485482,,,
d,D2_seed20700712,TRAIN,1111,0.9388873271795393,,,
d,D2_seed20700712,TRAIN,1112,0.9965107039362301,,,
d,D2_seed20700712,TRAIN,1113,0.9697576345394445,,,
d,D2_seed20700712,TRAIN,1114,0.9923146743512349,,,
d,D2_seed20700712,TRAIN,1115,0.9964877882754102,,,
d,D2_seed20700712,TRAIN,1116,1.0056622331322442,,,
d,D2_seed20700712,TRAIN,1117,0.9532074676575627,,,
d,D2_seed20700712,TRAIN,1118,0.9388351844572002,,,
d,D2_seed20700712,TRAIN,1119,0.9857475717115136,,,
d,D2_seed20700712,TRAIN,1120,1.00857820100288,,,
d,D2_seed20700712,TRAIN,1121,1.005626364979472,,,
d,D2_seed20700712,TRAIN,1122,0.969691756475642,,,
d,D2_seed20700712,TRAIN,1123,1.0085565007768627,,,
d,D2_seed20700712,TRAIN,1124,0.9857126240245377,,,
d,D2_seed20700712,TRAIN,1125,0.9531500116212773,,,
d,D2_seed20700712,TRAIN,1126,0.996405609600684,,,
d,D2_seed20700712,TRAIN,1127,0.9922215674404512,,,
d,D2_seed20700712,TRAIN,1128,0.9387626825435252,,,
d,D2_seed20700712,TRAIN,1129,0.953121835939002,,,
d,D2_seed20700712,TRAIN,1130,0.9696347427264244,,,
d,D2_seed20700712,TRAIN,1131,1.005556312909354,,,
d,D2_seed20700712,TRAIN,1132,0.9387344017687319,,,
d,D2_seed20700712,TRAIN,1133,1.008485753989778,,,
d,D2_seed20700712,TRAIN,1134,0.9856444941263645,,,
d,D2_seed20700712,TRAIN,1135,0.9921664091046608,,,
d,D2_seed20700712,TRAIN,1136,0.9963336569851282,,,
d,D2_seed20700712,TRAIN,1137,0.9856244820027249,,,
d,D2_seed20700712,TRAIN,1138,0.9530598814842581,,,
d,D2_seed20700712,TRAIN,1139,0.9963124286107251,,,
d,D2_seed20700712,TRAIN,1140,0.9921325244379583,,,
d,D2_seed20700712,TRAIN,1141,1.0084307289982477,,,
d,D2_seed20700712,TRAIN,1142,1.005481910630192,,,
d,D2_seed20700712,TRAIN,1143,0.9695453077490594,,,
d,D2_seed20700712,TRAIN,1144,0.9386515483045001,,,
d,D2_seed20700712,TRAIN,1145,0.9855718807483665,,,
d,D2_seed20700712,TRAIN,1146,0.9386380497335785,,,
d,D2_seed20700712,TRAIN,1147,1.005448898715494,,,
d,D2_seed20700712,TRAIN,1148,0.9695118788931065,,,
d,D2_seed20700712,TRAIN,1149,0.9962430812506712,,,
d,D2_seed20700712,TRAIN,1150,1.008370426889786,,,
d,D2_seed20700712,TRAIN,1151,0.992059788776357,,,
d,D2_seed20700712,TRAIN,1152,0.952966785332,,,
d,D2_seed20700712,TRAIN,1153,1.0083506480875812,,,
d,D2_seed20700712,TRAIN,1154,0.9962091573111258,,,
d,D2_seed20700712,TRAIN,1155,0.9694658280468418,,,
d,D2_seed20700712,TRAIN,1156,0.9855017342546408,,,
d,D2_seed20700712,TRAIN,1157,0.992021009879162,,,
d,D2_seed20700712,TRAIN,1158,0.9385586623718648,,,
d,D2_seed20700712,TRAIN,1159,1.0053716719323658,,,
d,D2_seed20700712,TRAIN,1160,0.9529153324259849,,,
d,D2_seed20700712,TRAIN,1161,0.9385393383725592,,,
d,D2_seed20700712,TRAIN,1162,1.008292508962636,,,
d,D2_seed20700712,TRAIN,1163,1.005346682431873,,,
d,D2_seed20700712,TRAIN,1164,0.952890199919958,,,
d,D2_seed20700712,TRAIN,1165,0.9961366116711778,,,
d,D2_seed20700712,TRAIN,1166,0.9919646261993085,,,
d,D2_seed20700712,TRAIN,1167,0.9854341448152891,,,
d,D2_seed20700712,TRAIN,1168,0.9693832023429254,,,
d,D2_seed20700712,TRAIN,1169,1.0082485968706483,,,
d,D2_seed20700712,TRAIN,1170,0.9693707990051678,,,
d,D2_seed20700712,TRAIN,1171,0.9960981365967206,,,
d,D2_seed20700712,TRAIN,1172,0.9384700235650154,,,
d,D2_seed20700712,TRAIN,1173,0.9528347072134592,,,
d,D2_seed20700712,TRAIN,1174,0.991915767328797,,,
d,D2_seed20700712,TRAIN,1175,0.9853864551930006,,,
d,D2_seed20700712,TRAIN,1176,1.00526754258474,,,
d,D2_seed20700712,TRAIN,1177,0.991897833079918,,,
d,D2_seed20700712,TRAIN,1178,0.9693220109640697,,,
d,D2_seed20700712,TRAIN,1179,0.9960480617552886,,,
d,D2_seed20700712,TRAIN,1180,1.0052438885018407,,,
d,D2_seed20700712,TRAIN,1181,0.9853515395114072,,,
d,D2_seed20700712,TRAIN,1182,0.9527809104858664,,,
d,D2_seed20700712,TRAIN,1183,1.0081636455460712,,,
d,D2_seed20700712,TRAIN,1184,0.93839724370446,,,
d,D2_seed20700712,TRAIN,1185,0.9383913145480781,,,
d,D2_seed20700712,TRAIN,1186,0.9692744908074664,,,
d,D2_seed20700712,TRAIN,1187,0.985317361390513,,,
d,D2_seed20700712,TRAIN,1188,1.0051975324747342,,,
d,D2_seed20700712,TRAIN,1189,1.0081286019365452,,,
d,D2_seed20700712,TRAIN,1190,0.9918221686316901,,,
d,D2_seed20700712,TRAIN,1191,0.9959755890290927,,,
d,D2_seed20700712,TRAIN,1192,0.9527230290034522,,,
d,D2_seed20700712,TRAIN,1193,0.9383445872577156,,,
d,D2_seed20700712,TRAIN,1194,0.9917994721403408,,,
d,D2_seed20700712,TRAIN,1195,0.9959519773883859,,,
d,D2_seed20700712,TRAIN,1196,0.9692168867134278,,,
d,D2_seed20700712,TRAIN,1197,0.9852618355342522,,,
d,D2_seed20700712,TRAIN,1198,0.9526891846727022,,,
d,D2_seed20700712,TRAIN,1199,1.0051357263519822,,,
d,D2_seed20700712,TRAIN,1200,1.0080658612528313,,,
d,D2_seed20700712,TRAIN,1201,0.9852401418966132,,,
d,D2_seed20700712,TRAIN,1202,0.9917549873611653,,,
d,D2_seed20700712,TRAIN,1203,0.9526615052604407,,,
d,D2_seed20700712,TRAIN,1204,0.9959000151717693,,,
d,D2_seed20700712,TRAIN,1205,1.0051029610899147,,,
d,D2_seed20700712,TRAIN,1206,0.9691611499097067,,,
d,D2_seed20700712,TRAIN,1207,0.9382656628835305,,,
d,D2_seed20700712,TRAIN,1208,1.0080216366419261,,,
d,D2_seed20700712,TRAIN,1209,0.9691447511582396,,,
d,D2_seed20700712,TRAIN,1210,0.9917116593474627,,,
d,D2_seed20700712,TRAIN,1211,0.9958606281887232,,,
d,D2_seed20700712,TRAIN,1212,0.9851818343144382,,,
d,D2_seed20700712,TRAIN,1213,1.0050601563116672,,,
d,D2_seed20700712,TRAIN,1214,1.0079891393678804,,,
d,D2_seed20700712,TRAIN,1215,0.9382220399905082,,,
d,D2_seed20700712,TRAIN,1216,0.9525914446575398,,,
d,D2_seed20700712,TRAIN,1217,0.9916745471509195,,,
d,D2_seed20700712,TRAIN,1218,0.9690964700361112,,,
d,D2_seed20700712,TRAIN,1219,0.9958166100983714,,,
d,D2_seed20700712,TRAIN,1220,0.93819539577736,,,
d,D2_seed20700712,TRAIN,1221,1.0050184692289477,,,
d,D2_seed20700712,TRAIN,1222,0.9525601407032287,,,
d,D2_seed20700712,TRAIN,1223,1.0079416545787976,,,
d,D2_seed20700712,TRAIN,1224,0.9851205363108272,,,
d,D2_seed20700712,TRAIN,1225,0.9525447235112392,,,
d,D2_seed20700712,TRAIN,1226,0.9851105932958377,,,
d,D2_seed20700712,TRAIN,1227,0.995773940442434,,,
d,D2_seed20700712,TRAIN,1228,0.9916181984532736,,,
d,D2_seed20700712,TRAIN,1229,1.0049779772005167,,,
d,D2_seed20700712,TRAIN,1230,1.0079057794441484,,,
d,D2_seed20700712,TRAIN,1231,0.9690293620549286,,,
d,D2_seed20700712,TRAIN,1232,0.9381332715608282,,,
d,D2_seed20700712,TRAIN,1233,1.0049580748698534,,,
d,D2_seed20700712,TRAIN,1234,0.9690142501909932,,,
d,D2_seed20700712,TRAIN,1235,0.9915833201520029,,,
d,D2_seed20700712,TRAIN,1236,0.9524894937465708,,,
d,D2_seed20700712,TRAIN,1237,0.9850569405696963,,,
d,D2_seed20700712,TRAIN,1238,0.9381031206412408,,,
d,D2_seed20700712,TRAIN,1239,1.007860861179595,,,
d,D2_seed20700712,TRAIN,1240,0.9957069951756472,,,
d,D2_seed20700712,TRAIN,1241,0.9380883003832539,,,
d,D2_seed20700712,TRAIN,1242,0.9850332624468514,,,
d,D2_seed20700712,TRAIN,1243,0.9956919393706247,,,
d,D2_seed20700712,TRAIN,1244,1.0049048322092817,,,
d,D2_seed20700712,TRAIN,1245,0.9915350458051989,,,
d,D2_seed20700712,TRAIN,1246,0.9524410625288655,,,
d,D2_seed20700712,TRAIN,1247,1.0078219808804205,,,
d,D2_seed20700712,TRAIN,1248,0.9689458417157144,,,
d,D2_seed20700712,TRAIN,1249,0.9380493916460687,,,
d,D2_seed20700712,TRAIN,1250,0.991511406474826,,,
d,D2_seed20700712,TRAIN,1251,0.9849914704923741,,,
d,D2_seed20700712,TRAIN,1252,0.9524127427417838,,,
d,D2_seed20700712,TRAIN,1253,1.0048626636254034,,,
d,D2_seed20700712,TRAIN,1254,0.9689175179917975,,,
d,D2_seed20700712,TRAIN,1255,1.0077842032266455,,,
d,D2_seed20700712,TRAIN,1256,0.9956283728598633,,,
d,D2_seed20700712,TRAIN,1257,0.9523895832001572,,,
d,D2_seed20700712,TRAIN,1258,0.9956187987680145,,,
d,D2_seed20700712,TRAIN,1259,0.9688942535252989,,,
d,D2_seed20700712,TRAIN,1260,0.9914653880681746,,,
d,D2_seed20700712,TRAIN,1261,0.9379929276710172,,,
d,D2_seed20700712,TRAIN,1262,0.9849420570420393,,,
d,D2_seed20700712,TRAIN,1263,1.0048171769247989,,,
d,D2_seed20700712,TRAIN,1264,1.0077426909178,,,
d,D2_seed20700712,TRAIN,1265,0.9379745843628591,,,
d,D2_seed20700712,TRAIN,1266,1.0077336370019863,,,
d,D2_seed20700712,TRAIN,1267,0.9688578129574981,,,
d,D2_seed20700712,TRAIN,1268,0.9955718627737568,,,
d,D2_seed20700712,TRAIN,1269,0.9849114687337466,,,
d,D2_seed20700712,TRAIN,1270,0.9523308916258135,,,
d,D2_seed20700712,TRAIN,1271,1.0047817877933118,,,
d,D2_seed20700712,TRAIN,1272,0.9914119565114224,,,
d,D2_seed20700712,TRAIN,1273,0.99140759713297,,,
d,D2_seed20700712,TRAIN,1274,0.9523133428613519,,,
d,D2_seed20700712,TRAIN,1275,0.984885810633081,,,
d,D2_seed20700712,TRAIN,1276,0.9955354147723756,,,
d,D2_seed20700712,TRAIN,1277,0.9688135862074572,,,
d,D2_seed20700712,TRAIN,1278,1.0076805018763408,,,
d,D2_seed20700712,TRAIN,1279,1.0047473698535052,,,
d,D2_seed20700712,TRAIN,1280,0.9379077964604743,,,
d,D2_seed20700712,TRAIN,1281,0.9687962690675109,,,
d,D2_seed20700712,TRAIN,1282,1.0076632241255636,,,
d,D2_seed20700712,TRAIN,1283,0.9913647723547778,,,
d,D2_seed20700712,TRAIN,1284,0.9378905009077939,,,
d,D2_seed20700712,TRAIN,1285,0.9522662268833216,,,
d,D2_seed20700712,TRAIN,1286,1.0047179188982303,,,
d,D2_seed20700712,TRAIN,1287,0.9954868256905345,,,
d,D2_seed20700712,TRAIN,1288,0.9848318767534753,,,
d,D2_seed20700712,TRAIN,1289,0.9848278204340959,,,
d,D2_seed20700712,TRAIN,1290,0.9954738658175748,,,
d,D2_seed20700712,TRAIN,1291,1.004697297257323,,,
d,D2_seed20700712,TRAIN,1292,0.9378566187394922,,,
d,D2_seed20700712,TRAIN,1293,1.0076168809500683,,,
d,D2_seed20700712,TRAIN,1294,0.9522288772193299,,,
d,D2_seed20700712,TRAIN,1295,0.9913151563062652,,,
d,D2_seed20700712,TRAIN,1296,0.9687332923105251,,,
d,D2_seed20700712,TRAIN,1297,1.0076004189323253,,,
d,D2_seed20700712,TRAIN,1298,0.9522126146656318,,,
d,D2_seed20700712,TRAIN,1299,1.0046649470699398,,,
d,D2_seed20700712,TRAIN,1300,0.9687169894272085,,,
d,D2_seed20700712,TRAIN,1301,0.9378194803400932,,,
d,D2_seed20700712,TRAIN,1302,0.9954232380485981,,,
d,D2_seed20700712,TRAIN,1303,0.9847723259276946,,,
d,D2_seed20700712,TRAIN,1304,0.9912792083346659,,,
d,D2_seed20700712,TRAIN,1305,0.9686968982798089,,,
d,D2_seed20700712,TRAIN,1306,0.9847607606981909,,,
d,D2_seed20700712,TRAIN,1307,0.952176767265335,,,
d,D2_seed20700712,TRAIN,1308,0.937791359587922,,,
d,D2_seed20700712,TRAIN,1309,1.0046257130445304,,,
d,D2_seed20700712,TRAIN,1310,0.991255902563757,,,
d,D2_seed20700712,TRAIN,1311,0.9953866901215273,,,
d,D2_seed20700712,TRAIN,1312,1.0075406888082357,,,
d,D2_seed20700712,TRAIN,1313,0.9953786362902718,,,
d,D2_seed20700712,TRAIN,1314,0.9521496200598292,,,
d,D2_seed20700712,TRAIN,1315,0.9847267326884063,,,
d,D2_seed20700712,TRAIN,1316,0.9686538595065424,,,
d,D2_seed20700712,TRAIN,1317,0.9912290273975833,,,
d,D2_seed20700712,TRAIN,1318,0.9377522006063962,,,
d,D2_seed20700712,TRAIN,1319,1.0045876243513496,,,
d,D2_seed20700712,TRAIN,1320,1.0075097817360985,,,
d,D2_seed20700712,TRAIN,1321,0.9912139584212133,,,
d,D2_seed20700712,TRAIN,1322,1.0045764070196868,,,
d,D2_seed20700712,TRAIN,1323,0.9953390757444216,,,
d,D2_seed20700712,TRAIN,1324,0.968623381391534,,,
d,D2_seed20700712,TRAIN,1325,0.9846898583362813,,,
d,D2_seed20700712,TRAIN,1326,1.0074870244349003,,,
d,D2_seed20700712,TRAIN,1327,0.9521005162549285,,,
d,D2_seed20700712,TRAIN,1328,0.9377140791813333,,,
d,D2_seed20700712,TRAIN,1329,0.9377103387350486,,,
d,D2_seed20700712,TRAIN,1330,0.995312058259293,,,
d,D2_seed20700712,TRAIN,1331,0.9911769319724072,,,
d,D2_seed20700712,TRAIN,1332,0.9846646967916315,,,
d,D2_seed20700712,TRAIN,1333,0.9685899280398129,,,
d,D2_seed20700712,TRAIN,1334,1.0074574114502541,,,
d,D2_seed20700712,TRAIN,1335,1.0045288871116838,,,
d,D2_seed20700712,TRAIN,1336,0.9520676575793731,,,
d,D2_seed20700712,TRAIN,1337,0.9911552783313301,,,
d,D2_seed20700712,TRAIN,1338,0.9952819186842367,,,
d,D2_seed20700712,TRAIN,1339,1.0074392258890894,,,
d,D2_seed20700712,TRAIN,1340,1.0045110666861619,,,
d,D2_seed20700712,TRAIN,1341,0.9376662141389381,,,
d,D2_seed20700712,TRAIN,1342,0.9685572976710559,,,
d,D2_seed20700712,TRAIN,1343,0.9846261243086984,,,
d,D2_seed20700712,TRAIN,1344,0.9520390705546818,,,
d,D2_seed20700712,TRAIN,1345,1.0044934905576965,,,
d,D2_seed20700712,TRAIN,1346,0.9911234259355207,,,
d,D2_seed20700712,TRAIN,1347,0.9376447098421586,,,
d,D2_seed20700712,TRAIN,1348,1.0074071479732483,,,
d,D2_seed20700712,TRAIN,1349,0.952021586870388,,,
d,D2_seed20700712,TRAIN,1350,0.9685290312688346,,,
d,D2_seed20700712,TRAIN,1351,0.9845989262424281,,,
d,D2_seed20700712,TRAIN,1352,0.9952308816071668,,,
d,D2_seed20700712,TRAIN,1353,0.9910993606003271,,,
d,D2_seed20700712,TRAIN,1354,0.9845888789653785,,,
d,D2_seed20700712,TRAIN,1355,0.9376166584153244,,,
d,D2_seed20700712,TRAIN,1356,0.9519975412974199,,,
d,D2_seed20700712,TRAIN,1357,0.9952131660615419,,,
d,D2_seed20700712,TRAIN,1358,1.0044491191313356,,,
d,D2_seed20700712,TRAIN,1359,0.9684980388010744,,,
d,D2_seed20700712,TRAIN,1360,1.0073657672612644,,,
d,D2_seed20700712,TRAIN,1361,0.9375960195847821,,,
d,D2_seed20700712,TRAIN,1362,0.995195647776786,,,
d,D2_seed20700712,TRAIN,1363,1.0073555788483464,,,
d,D2_seed20700712,TRAIN,1364,0.9519705395905241,,,
d,D2_seed20700712,TRAIN,1365,0.9910589814303463,,,
d,D2_seed20700712,TRAIN,1366,0.9845494095073861,,,
d,D2_seed20700712,TRAIN,1367,1.0044191687746595,,,
d,D2_seed20700712,TRAIN,1368,0.9684676412554748,,,
d,D2_seed20700712,TRAIN,1369,0.9519539244689034,,,
d,D2_seed20700712,TRAIN,1370,0.9951679785415695,,,
d,D2_seed20700712,TRAIN,1371,1.0073287750177986,,,
d,D2_seed20700712,TRAIN,1372,0.9684543491267616,,,
d,D2_seed20700712,TRAIN,1373,0.9910326834355565,,,
d,D2_seed20700712,TRAIN,1374,0.9845237044723207,,,
d,D2_seed20700712,TRAIN,1375,1.0043930975712054,,,
d,D2_seed20700712,TRAIN,1376,0.9375455690081308,,,
d,D2_seed20700712,TRAIN,1377,0.9845142047992903,,,
d,D2_seed20700712,TRAIN,1378,0.9910165320239772,,,
d,D2_seed20700712,TRAIN,1379,0.9519213073961416,,,
d,D2_seed20700712,TRAIN,1380,0.968428196830603,,,
d,D2_seed20700712,TRAIN,1381,0.9375292458931187,,,
d,D2_seed20700712,TRAIN,1382,1.0072928805009957,,,
d,D2_seed20700712,TRAIN,1383,0.995124349270552,,,
d,D2_seed20700712,TRAIN,1384,1.004364494681159,,,
d,D2_seed20700712,TRAIN,1385,0.9684121321754322,,,
d,D2_seed20700712,TRAIN,1386,0.9518989994438236,,,
d,D2_seed20700712,TRAIN,1387,0.9375098622366043,,,
d,D2_seed20700712,TRAIN,1388,1.0072737043739197,,,
d,D2_seed20700712,TRAIN,1389,0.9909818240588081,,,
d,D2_seed20700712,TRAIN,1390,0.9951014269924815,,,
d,D2_seed20700712,TRAIN,1391,0.9844708764980525,,,
d,D2_seed20700712,TRAIN,1392,1.004339489678608,,,
d,D2_seed20700712,TRAIN,1393,0.984464774846785,,,
d,D2_seed20700712,TRAIN,1394,1.0043333051474288,,,
d,D2_seed20700712,TRAIN,1395,0.9909631471811846,,,
d,D2_seed20700712,TRAIN,1396,0.9518676675154212,,,
d,D2_seed20700712,TRAIN,1397,0.9683742212488089,,,
d,D2_seed20700712,TRAIN,1398,0.9950755735362937,,,
d,D2_seed20700712,TRAIN,1399,1.0072391310973539,,,
d,D2_seed20700712,TRAIN,1400,0.9374686916963727,,,
d,D2_seed20700712,TRAIN,1401,1.004311865890558,,,
d,D2_seed20700712,TRAIN,1402,0.9374624469182955,,,
d,D2_seed20700712,TRAIN,1403,0.9909386349442977,,,
d,D2_seed20700712,TRAIN,1404,0.9950564479565569,,,
d,D2_seed20700712,TRAIN,1405,0.9518400157249753,,,
d,D2_seed20700712,TRAIN,1406,1.007217505870434,,,
d,D2_seed20700712,TRAIN,1407,0.984422803540651,,,
d,D2_seed20700712,TRAIN,1408,0.9683402801588711,,,
d,D2_seed20700712,TRAIN,1409,1.0042877310888132,,,
d,D2_seed20700712,TRAIN,1410,0.9844139654594379,,,
d,D2_seed20700712,TRAIN,1411,0.9909144950132949,,,
d,D2_seed20700712,TRAIN,1412,0.968328132354299,,,
d,D2_seed20700712,TRAIN,1413,0.9518158686151267,,,
d,D2_seed20700712,TRAIN,1414,0.9950251177635628,,,
d,D2_seed20700712,TRAIN,1415,0.9374225373794874,,,
d,D2_seed20700712,TRAIN,1416,1.0071872033711766,,,
d,D2_seed20700712,TRAIN,1417,0.9518039484001952,,,
d,D2_seed20700712,TRAIN,1418,1.0071812127539381,,,
d,D2_seed20700712,TRAIN,1419,0.9683071126568623,,,
d,D2_seed20700712,TRAIN,1420,0.990887856911577,,,
d,D2_seed20700712,TRAIN,1421,0.9950035571541559,,,
d,D2_seed20700712,TRAIN,1422,0.9374014412556118,,,
d,D2_seed20700712,TRAIN,1423,1.004246419050195,,,
d,D2_seed20700712,TRAIN,1424,0.9843734062271746,,,
d,D2_seed20700712,TRAIN,1425,0.994991303296358,,,
d,D2_seed20700712,TRAIN,1426,0.9908702499295562,,,
d,D2_seed20700712,TRAIN,1427,0.9373865100634636,,,
d,D2_seed20700712,TRAIN,1428,0.951771532735273,,,
d,D2_seed20700712,TRAIN,1429,1.0071485389954942,,,
d,D2_seed20700712,TRAIN,1430,0.9843563024554558,,,
d,D2_seed20700712,TRAIN,1431,0.9682716367832092,,,
d,D2_seed20700712,TRAIN,1432,1.0042203867692212,,,
d,D2_seed20700712,TRAIN,1433,0.990849977085874,,,
d,D2_seed20700712,TRAIN,1434,0.9682628855116853,,,
d,D2_seed20700712,TRAIN,1435,1.004211796194127,,,
d,D2_seed20700712,TRAIN,1436,0.9373600064045854,,,
d,D2_seed20700712,TRAIN,1437,0.9843366012632009,,,
d,D2_seed20700712,TRAIN,1438,1.0071223407090424,,,
d,D2_seed20700712,TRAIN,1439,0.951739760627833,,,
d,D2_seed20700712,TRAIN,1440,0.9949462582797747,,,
d,D2_seed20700712,TRAIN,1441,0.9843254483457337,,,
d,D2_seed20700712,TRAIN,1442,0.9949403248096498,,,
d,D2_seed20700712,TRAIN,1443,0.9373396427051756,,,
d,D2_seed20700712,TRAIN,1444,0.9517254796250317,,,
d,D2_seed20700712,TRAIN,1445,0.9682311246051082,,,
d,D2_seed20700712,TRAIN,1446,0.9908130062949271,,,
d,D2_seed20700712,TRAIN,1447,1.0041778372356374,,,
d,D2_seed20700712,TRAIN,1448,1.0070936232358083,,,
d,D2_seed20700712,TRAIN,1449,1.0070907626570211,,,
d,D2_seed20700712,TRAIN,1450,0.9949167384195615,,,
d,D2_seed20700712,TRAIN,1451,0.9907988894361667,,,
d,D2_seed20700712,TRAIN,1452,0.9373136882012558,,,
d,D2_seed20700712,TRAIN,1453,0.9682082642523061,,,
d,D2_seed20700712,TRAIN,1454,0.9516971419143002,,,
d,D2_seed20700712,TRAIN,1455,0.984286729448791,,,
d,D2_seed20700712,TRAIN,1456,1.0041526197224278,,,
d,D2_seed20700712,TRAIN,1457,0.9948961912201327,,,
d,D2_seed20700712,TRAIN,1458,0.9842785287476787,,,
d,D2_seed20700712,TRAIN,1459,0.9907764676571824,,,
d,D2_seed20700712,TRAIN,1460,0.9681884637682656,,,
d,D2_seed20700712,TRAIN,1461,1.0070566437991826,,,
d,D2_seed20700712,TRAIN,1462,0.9516747324548311,,,
d,D2_seed20700712,TRAIN,1463,1.0041332126407359,,,
d,D2_seed20700712,TRAIN,1464,0.9372795092245545,,,
d,D2_seed20700712,TRAIN,1465,0.968174403279102,,,
d,D2_seed20700712,TRAIN,1466,0.9948701068781781,,,
d,D2_seed20700712,TRAIN,1467,1.00412218546651,,,
d,D2_seed20700712,TRAIN,1468,0.951658026826723,,,
d,D2_seed20700712,TRAIN,1469,0.9907487769663731,,,
d,D2_seed20700712,TRAIN,1470,0.9372625653362404,,,
d,D2_seed20700712,TRAIN,1471,1.0070286261455603,,,
d,D2_seed20700712,TRAIN,1472,0.9842405646648984,,,
d,D2_seed20700712,TRAIN,1473,0.9516441898787891,,,
d,D2_seed20700712,TRAIN,1474,0.9681492562914942,,,
d,D2_seed20700712,TRAIN,1475,0.9907323410460847,,,
d,D2_seed20700712,TRAIN,1476,1.0070147559949278,,,
d,D2_seed20700712,TRAIN,1477,0.9948386282977901,,,
d,D2_seed20700712,TRAIN,1478,0.9372401570759956,,,
d,D2_seed20700712,TRAIN,1479,1.0040893559414492,,,
d,D2_seed20700712,TRAIN,1480,0.9842191034317244,,,
d,D2_seed20700712,TRAIN,1481,0.9948271829119464,,,
d,D2_seed20700712,TRAIN,1482,0.984213740254761,,,
d,D2_seed20700712,TRAIN,1483,0.9516166747304887,,,
d,D2_seed20700712,TRAIN,1484,0.968121531542805,,,
d,D2_seed20700712,TRAIN,1485,1.0069897864250572,,,
d,D2_seed20700712,TRAIN,1486,0.9372178312730538,,,
d,D2_seed20700712,TRAIN,1487,0.9906995439765155,,,
d,D2_seed20700712,TRAIN,1488,1.0040648980183746,,,
d,D2_seed20700712,TRAIN,1489,0.9841950615490632,,,
d,D2_seed20700712,TRAIN,1490,0.9948015939031876,,,
d,D2_seed20700712,TRAIN,1491,1.0069732336533102,,,
d,D2_seed20700712,TRAIN,1492,0.9372011518472055,,,
d,D2_seed20700712,TRAIN,1493,0.9680967033400236,,,
d,D2_seed20700712,TRAIN,1494,0.9906804846137143,,,
d,D2_seed20700712,TRAIN,1495,0.9515838446106366,,,
d,D2_seed20700712,TRAIN,1496,1.0040432283990828,,,
d,D2_seed20700712,TRAIN,1497,1.004040525551869,,,
d,D2_seed20700712,TRAIN,1498,0.9947788843129696,,,
d,D2_seed20700712,TRAIN,1499,0.9371817173144732,,,
d,D2_seed20700712,TRAIN,1500,0.9515701878409346,,,
d,D2_seed20700713,TRAIN,1,1.0172007517961856,,,
d,D2_seed20700713,TRAIN,2,0.9889643435710972,,,
d,D2_seed20700713,TRAIN,3,1.0047539664915992,,,
d,D2_seed20700713,TRAIN,4,1.028476287249609,,,
d,D2_seed20700713,TRAIN,5,1.0121456076635806,,,
d,D2_seed20700713,TRAIN,6,0.9582858485041561,,,
d,D2_seed20700713,TRAIN,7,1.0247127983794615,,,
d,D2_seed20700713,TRAIN,8,0.9723839585797673,,,
d,D2_seed20700713,TRAIN,9,1.0284609927273105,,,
d,D2_seed20700713,TRAIN,10,1.0247020126355733,,,
d,D2_seed20700713,TRAIN,11,1.0171709105812459,,,
d,D2_seed20700713,TRAIN,12,1.0047246828425822,,,
d,D2_seed20700713,TRAIN,13,0.972362694010599,,,
d,D2_seed20700713,TRAIN,14,1.0121094143558278,,,
d,D2_seed20700713,TRAIN,15,0.9582472851967635,,,
d,D2_seed20700713,TRAIN,16,0.988911197422826,,,
d,D2_seed20700713,TRAIN,17,1.0046975658413189,,,
d,D2_seed20700713,TRAIN,18,1.0171302421752078,,,
d,D2_seed20700713,TRAIN,19,1.012078080880836,,,
d,D2_seed20700713,TRAIN,20,0.9582147913864176,,,
d,D2_seed20700713,TRAIN,21,0.9888772018391535,,,
d,D2_seed20700713,TRAIN,22,1.0283834203487032,,,
d,D2_seed20700713,TRAIN,23,1.0246227086033788,,,
d,D2_seed20700713,TRAIN,24,0.9722882997446419,,,
d,D2_seed20700713,TRAIN,25,0.9722796510007631,,,
d,D2_seed20700713,TRAIN,26,1.0046292386460642,,,
d,D2_seed20700713,TRAIN,27,1.0170540952150984,,,
d,D2_seed20700713,TRAIN,28,1.028329304736177,,,
d,D2_seed20700713,TRAIN,29,1.0245682741718256,,,
d,D2_seed20700713,TRAIN,30,1.011980786877363,,,
d,D2_seed20700713,TRAIN,31,0.9581152776697212,,,
d,D2_seed20700713,TRAIN,32,0.9887744253481174,,,
d,D2_seed20700713,TRAIN,33,1.0245256495019894,,,
d,D2_seed20700713,TRAIN,34,1.0119357436363905,,,
d,D2_seed20700713,TRAIN,35,1.016963667691509,,,
d,D2_seed20700713,TRAIN,36,0.972163596982002,,,
d,D2_seed20700713,TRAIN,37,1.0282260707934556,,,
d,D2_seed20700713,TRAIN,38,1.0044988426532353,,,
d,D2_seed20700713,TRAIN,39,0.958018694532456,,,
d,D2_seed20700713,TRAIN,40,0.9886755763363734,,,
d,D2_seed20700713,TRAIN,41,1.0118444594476155,,,
d,D2_seed20700713,TRAIN,42,1.028157574128181,,,
d,D2_seed20700713,TRAIN,43,1.0044318019134324,,,
d,D2_seed20700713,TRAIN,44,0.9886196365798378,,,
d,D2_seed20700713,TRAIN,45,1.0243698446052452,,,
d,D2_seed20700713,TRAIN,46,1.0168080762142855,,,
d,D2_seed20700713,TRAIN,47,0.9579068300876511,,,
d,D2_seed20700713,TRAIN,48,0.9720003887577238,,,
d,D2_seed20700713,TRAIN,49,0.9719864523144868,,,
d,D2_seed20700713,TRAIN,50,0.9885353216246234,,,
d,D2_seed20700713,TRAIN,51,1.028028836257061,,,
d,D2_seed20700713,TRAIN,52,1.0116876583821441,,,
d,D2_seed20700713,TRAIN,53,1.0242588215521524,,,
d,D2_seed20700713,TRAIN,54,0.9578084123715787,,,
d,D2_seed20700713,TRAIN,55,1.0166758719691515,,,
d,D2_seed20700713,TRAIN,56,1.0042531269434232,,,
d,D2_seed20700713,TRAIN,57,1.0242032883894632,,,
d,D2_seed20700713,TRAIN,58,0.9884230114367355,,,
d,D2_seed20700713,TRAIN,59,1.027914508199674,,,
d,D2_seed20700713,TRAIN,60,1.011573696137543,,,
d,D2_seed20700713,TRAIN,61,0.9577097791799962,,,
d,D2_seed20700713,TRAIN,62,1.0041705676072807,,,
d,D2_seed20700713,TRAIN,63,0.9717910939902799,,,
d,D2_seed20700713,TRAIN,64,1.0165434728114688,,,
d,D2_seed20700713,TRAIN,65,1.0115024964146446,,,
d,D2_seed20700713,TRAIN,66,1.027814399270215,,,
d,D2_seed20700713,TRAIN,67,0.9717352608305935,,,
d,D2_seed20700713,TRAIN,68,1.004088075050449,,,
d,D2_seed20700713,TRAIN,69,1.024036659621928,,,
d,D2_seed20700713,TRAIN,70,0.9882544338260715,,,
d,D2_seed20700713,TRAIN,71,0.9575690620381784,,,
d,D2_seed20700713,TRAIN,72,1.0164256336510442,,,
d,D2_seed20700713,TRAIN,73,1.0113884093782797,,,
d,D2_seed20700713,TRAIN,74,1.0276999680894612,,,
d,D2_seed20700713,TRAIN,75,0.9716235722694366,,,
d,D2_seed20700713,TRAIN,76,1.0239394390123864,,,
d,D2_seed20700713,TRAIN,77,0.9574844906746647,,,
d,D2_seed20700713,TRAIN,78,1.0163371494342333,,,
d,D2_seed20700713,TRAIN,79,0.9881279099502751,,,
d,D2_seed20700713,TRAIN,80,1.0039230004281159,,,
d,D2_seed20700713,TRAIN,81,1.011274185014887,,,
d,D2_seed20700713,TRAIN,82,1.0162781880476015,,,
d,D2_seed20700713,TRAIN,83,0.9880716030720431,,,
d,D2_seed20700713,TRAIN,84,1.0275566075646325,,,
d,D2_seed20700713,TRAIN,85,0.9714835944832478,,,
d,D2_seed20700713,TRAIN,86,0.9573573856509034,,,
d,D2_seed20700713,TRAIN,87,1.0237863163798706,,,
d,D2_seed20700713,TRAIN,88,1.0038126669197083,,,
d,D2_seed20700713,TRAIN,89,1.0111598435238889,,,
d,D2_seed20700713,TRAIN,90,1.0161601122336947,,,
d,D2_seed20700713,TRAIN,91,0.9572868438832505,,,
d,D2_seed20700713,TRAIN,92,0.9713856621534088,,,
d,D2_seed20700713,TRAIN,93,1.0237028619805517,,,
d,D2_seed20700713,TRAIN,94,0.9879167120777492,,,
d,D2_seed20700713,TRAIN,95,1.0273991079164955,,,
d,D2_seed20700713,TRAIN,96,1.0037025463146805,,,
d,D2_seed20700713,TRAIN,97,1.0160570645631066,,,
d,D2_seed20700713,TRAIN,98,1.0273560707858107,,,
d,D2_seed20700713,TRAIN,99,1.0236191652064117,,,
d,D2_seed20700713,TRAIN,100,0.9878318933903729,,,
d,D2_seed20700713,TRAIN,101,1.0036332824473995,,,
d,D2_seed20700713,TRAIN,102,0.9571311136433132,,,
d,D2_seed20700713,TRAIN,103,1.0109598287994557,,,
d,D2_seed20700713,TRAIN,104,0.9712172491461828,,,
d,D2_seed20700713,TRAIN,105,1.0272554182328644,,,
d,D2_seed20700713,TRAIN,106,1.0159240345198834,,,
d,D2_seed20700713,TRAIN,107,1.0235072351369665,,,
d,D2_seed20700713,TRAIN,108,1.010888212035846,,,
d,D2_seed20700713,TRAIN,109,0.9877044210496831,,,
d,D2_seed20700713,TRAIN,110,0.9570174947480967,,,
d,D2_seed20700713,TRAIN,111,1.003494801125131,,,
d,D2_seed20700713,TRAIN,112,0.9711045803642067,,,
d,D2_seed20700713,TRAIN,113,0.9569749800762801,,,
d,D2_seed20700713,TRAIN,114,1.0158056512071532,,,
d,D2_seed20700713,TRAIN,115,1.003439656553803,,,
d,D2_seed20700713,TRAIN,116,1.0107738230376222,,,
d,D2_seed20700713,TRAIN,117,1.02708280520083,,,
d,D2_seed20700713,TRAIN,118,0.97102034524185,,,
d,D2_seed20700713,TRAIN,119,0.987562959262214,,,
d,D2_seed20700713,TRAIN,120,1.0233253145378256,,,
d,D2_seed20700713,TRAIN,121,0.9709780977615389,,,
d,D2_seed20700713,TRAIN,122,1.0033427624228886,,,
d,D2_seed20700713,TRAIN,123,1.0269964985603957,,,
d,D2_seed20700713,TRAIN,124,1.015657868682002,,,
d,D2_seed20700713,TRAIN,125,0.9568045541616118,,,
d,D2_seed20700713,TRAIN,126,1.010630521654154,,,
d,D2_seed20700713,TRAIN,127,1.023227016159802,,,
d,D2_seed20700713,TRAIN,128,0.9874350571956934,,,
d,D2_seed20700713,TRAIN,129,1.0155834757022957,,,
d,D2_seed20700713,TRAIN,130,1.0032314271898424,,,
d,D2_seed20700713,TRAIN,131,0.9708365983615973,,,
d,D2_seed20700713,TRAIN,132,1.0268661547717217,,,
d,D2_seed20700713,TRAIN,133,1.0105294986949693,,,
d,D2_seed20700713,TRAIN,134,0.9873492428884898,,,
d,D2_seed20700713,TRAIN,135,1.0231139449448576,,,
d,D2_seed20700713,TRAIN,136,0.9566469077777293,,,
d,D2_seed20700713,TRAIN,137,1.010471643235265,,,
d,D2_seed20700713,TRAIN,138,0.9707370320499132,,,
d,D2_seed20700713,TRAIN,139,1.003105602962885,,,
d,D2_seed20700713,TRAIN,140,1.0267499556672361,,,
d,D2_seed20700713,TRAIN,141,0.9565752008392098,,,
d,D2_seed20700713,TRAIN,142,1.0153895043528325,,,
d,D2_seed20700713,TRAIN,143,0.9872203764480946,,,
d,D2_seed20700713,TRAIN,144,1.022986564577017,,,
d,D2_seed20700713,TRAIN,145,0.987191615125999,,,
d,D2_seed20700713,TRAIN,146,1.026662627998319,,,
d,D2_seed20700713,TRAIN,147,0.9564887188179195,,,
d,D2_seed20700713,TRAIN,148,1.022929606804517,,,
d,D2_seed20700713,TRAIN,149,1.0029653926329032,,,
d,D2_seed20700713,TRAIN,150,1.010283664828528,,,
d,D2_seed20700713,TRAIN,151,0.9705514719473021,,,
d,D2_seed20700713,TRAIN,152,1.0152398831999525,,,
d,D2_seed20700713,TRAIN,153,1.0029091234096774,,,
d,D2_seed20700713,TRAIN,154,1.0265457749551696,,,
d,D2_seed20700713,TRAIN,155,1.0102109158563284,,,
d,D2_seed20700713,TRAIN,156,0.9870327882969533,,,
d,D2_seed20700713,TRAIN,157,1.0151643805548705,,,
d,D2_seed20700713,TRAIN,158,0.9704507736304856,,,
d,D2_seed20700713,TRAIN,159,0.956314711313195,,,
d,D2_seed20700713,TRAIN,160,1.0227580379065444,,,
d,D2_seed20700713,TRAIN,161,1.002795815893234,,,
d,D2_seed20700713,TRAIN,162,1.0227293747920148,,,
d,D2_seed20700713,TRAIN,163,1.0150736781774727,,,
d,D2_seed20700713,TRAIN,164,0.9562419055934529,,,
d,D2_seed20700713,TRAIN,165,1.0100644911565417,,,
d,D2_seed20700713,TRAIN,166,0.986887456265098,,,
d,D2_seed20700713,TRAIN,167,1.026354247539137,,,
d,D2_seed20700713,TRAIN,168,0.970306301924796,,,
d,D2_seed20700713,TRAIN,169,1.014982645858382,,,
d,D2_seed20700713,TRAIN,170,0.9868290142703909,,,
d,D2_seed20700713,TRAIN,171,0.9561394219392715,,,
d,D2_seed20700713,TRAIN,172,1.0225851992892434,,,
d,D2_seed20700713,TRAIN,173,0.9702336498256424,,,
d,D2_seed20700713,TRAIN,174,1.0099321894879267,,,
d,D2_seed20700713,TRAIN,175,1.0025965470297264,,,
d,D2_seed20700713,TRAIN,176,1.0262209959004016,,,
d,D2_seed20700713,TRAIN,177,0.9867265651622215,,,
d,D2_seed20700713,TRAIN,178,1.0224984163658581,,,
d,D2_seed20700713,TRAIN,179,1.0098585522803536,,,
d,D2_seed20700713,TRAIN,180,1.026161509816506,,,
d,D2_seed20700713,TRAIN,181,1.014799904032168,,,
d,D2_seed20700713,TRAIN,182,0.9559774565113832,,,
d,D2_seed20700713,TRAIN,183,1.0024816511618404,,,
d,D2_seed20700713,TRAIN,184,0.9700729124212277,,,
d,D2_seed20700713,TRAIN,185,1.0260866111553113,,,
d,D2_seed20700713,TRAIN,186,1.0097544449179747,,,
d,D2_seed20700713,TRAIN,187,0.9559033359254049,,,
d,D2_seed20700713,TRAIN,188,1.0024095915464395,,,
d,D2_seed20700713,TRAIN,189,1.0146768355145226,,,
d,D2_seed20700713,TRAIN,190,1.0223232585946955,,,
d,D2_seed20700713,TRAIN,191,0.9699700498930779,,,
d,D2_seed20700713,TRAIN,192,0.986504839586508,,,
d,D2_seed20700713,TRAIN,193,1.009650112144158,,,
d,D2_seed20700713,TRAIN,194,1.0023228621566431,,,
d,D2_seed20700713,TRAIN,195,0.986460313528819,,,
d,D2_seed20700713,TRAIN,196,1.0259215507327804,,,
d,D2_seed20700713,TRAIN,197,0.9698815641916854,,,
d,D2_seed20700713,TRAIN,198,1.0145380151103682,,,
d,D2_seed20700713,TRAIN,199,0.9557246778493879,,,
d,D2_seed20700713,TRAIN,200,1.0221763987522925,,,
d,D2_seed20700713,TRAIN,201,1.0095304821417608,,,
d,D2_seed20700713,TRAIN,202,0.9698074062797903,,,
d,D2_seed20700713,TRAIN,203,0.9863409210391542,,,
d,D2_seed20700713,TRAIN,204,1.0021775543846427,,,
d,D2_seed20700713,TRAIN,205,1.0221025717003254,,,
d,D2_seed20700713,TRAIN,206,0.9556197223223851,,,
d,D2_seed20700713,TRAIN,207,1.0143986111237113,,,
d,D2_seed20700713,TRAIN,208,1.0257402620461062,,,
d,D2_seed20700713,TRAIN,209,1.0094103754711052,,,
d,D2_seed20700713,TRAIN,210,0.9555593491573764,,,
d,D2_seed20700713,TRAIN,211,1.0220134487661874,,,
d,D2_seed20700713,TRAIN,212,1.0143203921008646,,,
d,D2_seed20700713,TRAIN,213,0.9861904339471411,,,
d,D2_seed20700713,TRAIN,214,1.0020308459820264,,,
d,D2_seed20700713,TRAIN,215,0.9696130391908013,,,
d,D2_seed20700713,TRAIN,216,1.0256178843049608,,,
d,D2_seed20700713,TRAIN,217,0.955452986839356,,,
d,D2_seed20700713,TRAIN,218,1.0219086631898089,,,
d,D2_seed20700713,TRAIN,219,1.0142104033136041,,,
d,D2_seed20700713,TRAIN,220,1.0255564704832985,,,
d,D2_seed20700713,TRAIN,221,1.0019272404238677,,,
d,D2_seed20700713,TRAIN,222,1.0092124629357184,,,
d,D2_seed20700713,TRAIN,223,0.9860381416730034,,,
d,D2_seed20700713,TRAIN,224,0.9694767739211593,,,
d,D2_seed20700713,TRAIN,225,0.9553304358729843,,,
d,D2_seed20700713,TRAIN,226,1.0091511589165119,,,
d,D2_seed20700713,TRAIN,227,1.0140836274132088,,,
d,D2_seed20700713,TRAIN,228,1.0254327530760374,,,
d,D2_seed20700713,TRAIN,229,0.969400739862503,,,
d,D2_seed20700713,TRAIN,230,1.0017929862500188,,,
d,D2_seed20700713,TRAIN,231,0.985915508602008,,,
d,D2_seed20700713,TRAIN,232,1.0216970092285247,,,
d,D2_seed20700713,TRAIN,233,1.0253550243055187,,,
d,D2_seed20700713,TRAIN,234,0.9551917320451516,,,
d,D2_seed20700713,TRAIN,235,0.9693089729136791,,,
d,D2_seed20700713,TRAIN,236,1.021636073875481,,,
d,D2_seed20700713,TRAIN,237,1.013924195338639,,,
d,D2_seed20700713,TRAIN,238,1.0089660911244716,,,
d,D2_seed20700713,TRAIN,239,0.9857918541283832,,,
d,D2_seed20700713,TRAIN,240,1.0016427128401284,,,
d,D2_seed20700713,TRAIN,241,1.02155948486719,,,
d,D2_seed20700713,TRAIN,242,0.9857452018607479,,,
d,D2_seed20700713,TRAIN,243,0.9550517358630205,,,
d,D2_seed20700713,TRAIN,244,1.0251830410414382,,,
d,D2_seed20700713,TRAIN,245,1.008857346943857,,,
d,D2_seed20700713,TRAIN,246,1.001551912443502,,,
d,D2_seed20700713,TRAIN,247,0.9691238095579631,,,
d,D2_seed20700713,TRAIN,248,1.0137474131989654,,,
d,D2_seed20700713,TRAIN,249,1.021436333696691,,,
d,D2_seed20700713,TRAIN,250,0.9549420752384713,,,
d,D2_seed20700713,TRAIN,251,0.9856045858242334,,,
d,D2_seed20700713,TRAIN,252,1.025056905326336,,,
d,D2_seed20700713,TRAIN,253,1.0087322462600914,,,
d,D2_seed20700713,TRAIN,254,1.0014300189069079,,,
d,D2_seed20700713,TRAIN,255,0.9689991686514452,,,
d,D2_seed20700713,TRAIN,256,1.0136176510564716,,,
d,D2_seed20700713,TRAIN,257,0.9548316038529977,,,
d,D2_seed20700713,TRAIN,258,1.0249615668173966,,,
d,D2_seed20700713,TRAIN,259,0.9689364997160398,,,
d,D2_seed20700713,TRAIN,260,0.9854626770235931,,,
d,D2_seed20700713,TRAIN,261,1.0086060745028116,,,
d,D2_seed20700713,TRAIN,262,1.0013072121789224,,,
d,D2_seed20700713,TRAIN,263,1.021218510626638,,,
d,D2_seed20700713,TRAIN,264,1.0134868827609773,,,
d,D2_seed20700713,TRAIN,265,1.0085426147174956,,,
d,D2_seed20700713,TRAIN,266,0.9688261733687221,,,
d,D2_seed20700713,TRAIN,267,1.0248174514880473,,,
d,D2_seed20700713,TRAIN,268,0.9853353697525524,,,
d,D2_seed20700713,TRAIN,269,1.0211239891027328,,,
d,D2_seed20700713,TRAIN,270,1.0011830730929812,,,
d,D2_seed20700713,TRAIN,271,1.0133710813235237,,,
d,D2_seed20700713,TRAIN,272,0.9545918775403297,,,
d,D2_seed20700713,TRAIN,273,1.0133378189244318,,,
d,D2_seed20700713,TRAIN,274,0.9545595358158102,,,
d,D2_seed20700713,TRAIN,275,1.0210287169118877,,,
d,D2_seed20700713,TRAIN,276,1.0083660482828825,,,
d,D2_seed20700713,TRAIN,277,0.9686505635244874,,,
d,D2_seed20700713,TRAIN,278,0.9851742642501132,,,
d,D2_seed20700713,TRAIN,279,1.0010420621992804,,,
d,D2_seed20700713,TRAIN,280,1.0246064420261736,,,
d,D2_seed20700713,TRAIN,281,1.001010648487507,,,
d,D2_seed20700713,TRAIN,282,0.9685703076793876,,,
d,D2_seed20700713,TRAIN,283,0.9544135798086105,,,
d,D2_seed20700713,TRAIN,284,1.0131544712810672,,,
d,D2_seed20700713,TRAIN,285,0.985060953690627,,,
d,D2_seed20700713,TRAIN,286,1.0208531335180198,,,
d,D2_seed20700713,TRAIN,287,1.0081885366266143,,,
d,D2_seed20700713,TRAIN,288,1.024475766812578,,,
d,D2_seed20700713,TRAIN,289,1.0130704921893892,,,
d,D2_seed20700713,TRAIN,290,1.024442640717885,,,
d,D2_seed20700713,TRAIN,291,0.9542824430848021,,,
d,D2_seed20700713,TRAIN,292,0.9849461292631944,,,
d,D2_seed20700713,TRAIN,293,0.9683917821595466,,,
d,D2_seed20700713,TRAIN,294,1.00080434806846,,,
d,D2_seed20700713,TRAIN,295,1.0207072326498337,,,
d,D2_seed20700713,TRAIN,296,1.0080408953310198,,,
d,D2_seed20700713,TRAIN,297,0.9848636950660897,,,
d,D2_seed20700713,TRAIN,298,1.0007403507070176,,,
d,D2_seed20700713,TRAIN,299,0.9682935808111615,,,
d,D2_seed20700713,TRAIN,300,1.0242767130479566,,,
d,D2_seed20700713,TRAIN,301,1.0128666193585176,,,
d,D2_seed20700713,TRAIN,302,1.0079421766443466,,,
d,D2_seed20700713,TRAIN,303,1.0205766524124302,,,
d,D2_seed20700713,TRAIN,304,0.9540667208583891,,,
d,D2_seed20700713,TRAIN,305,0.954049995606384,,,
d,D2_seed20700713,TRAIN,306,1.0205273395289478,,,
d,D2_seed20700713,TRAIN,307,1.0127636369699011,,,
d,D2_seed20700713,TRAIN,308,1.0005789866576182,,,
d,D2_seed20700713,TRAIN,309,0.9681282491338074,,,
d,D2_seed20700713,TRAIN,310,1.0241089538735515,,,
d,D2_seed20700713,TRAIN,311,0.9846304879689417,,,
d,D2_seed20700713,TRAIN,312,1.0077758257849012,,,
d,D2_seed20700713,TRAIN,313,1.012660090538548,,,
d,D2_seed20700713,TRAIN,314,0.9680448165420571,,,
d,D2_seed20700713,TRAIN,315,0.9538816363321526,,,
d,D2_seed20700713,TRAIN,316,1.0004485062627788,,,
d,D2_seed20700713,TRAIN,317,1.0076919209804402,,,
d,D2_seed20700713,TRAIN,318,0.9845125197134543,,,
d,D2_seed20700713,TRAIN,319,1.023956496094213,,,
d,D2_seed20700713,TRAIN,320,1.0202951761247747,,,
d,D2_seed20700713,TRAIN,321,1.007624575858981,,,
d,D2_seed20700713,TRAIN,322,0.9537628372527879,,,
d,D2_seed20700713,TRAIN,323,1.02024488609576,,,
d,D2_seed20700713,TRAIN,324,1.000317048222283,,,
d,D2_seed20700713,TRAIN,325,1.0124509916252113,,,
d,D2_seed20700713,TRAIN,326,0.9678429335745502,,,
d,D2_seed20700713,TRAIN,327,0.9843593794709414,,,
d,D2_seed20700713,TRAIN,328,1.0238024554497922,,,
d,D2_seed20700713,TRAIN,329,1.0074889309963213,,,
d,D2_seed20700713,TRAIN,330,0.9843079058002092,,,
d,D2_seed20700713,TRAIN,331,0.9677578484345674,,,
d,D2_seed20700713,TRAIN,332,1.0001842337837221,,,
d,D2_seed20700713,TRAIN,333,1.0200760944806977,,,
d,D2_seed20700713,TRAIN,334,1.0122924388057117,,,
d,D2_seed20700713,TRAIN,335,1.0236815678880617,,,
d,D2_seed20700713,TRAIN,336,0.9535218895105904,,,
d,D2_seed20700713,TRAIN,337,1.0236467226819077,,,
d,D2_seed20700713,TRAIN,338,0.9534870354245727,,,
d,D2_seed20700713,TRAIN,339,0.9676206028663714,,,
d,D2_seed20700713,TRAIN,340,0.9841350051604095,,,
d,D2_seed20700713,TRAIN,341,1.0199394365435543,,,
d,D2_seed20700713,TRAIN,342,1.0121500308326554,,,
d,D2_seed20700713,TRAIN,343,0.9999995461574529,,,
d,D2_seed20700713,TRAIN,344,1.0072313236969235,,,
d,D2_seed20700713,TRAIN,345,0.9840477729561146,,,
d,D2_seed20700713,TRAIN,346,0.9999487591519248,,,
d,D2_seed20700713,TRAIN,347,1.0071792936645545,,,
d,D2_seed20700713,TRAIN,348,0.9533120501156673,,,
d,D2_seed20700713,TRAIN,349,1.0120244677735257,,,
d,D2_seed20700713,TRAIN,350,1.0234191851326033,,,
d,D2_seed20700713,TRAIN,351,0.9674125476874702,,,
d,D2_seed20700713,TRAIN,352,1.0197496700534487,,,
d,D2_seed20700713,TRAIN,353,1.0070745851179255,,,
d,D2_seed20700713,TRAIN,354,0.9532060465283024,,,
d,D2_seed20700713,TRAIN,355,1.0233306118207557,,,
d,D2_seed20700713,TRAIN,356,0.9673249242395286,,,
d,D2_seed20700713,TRAIN,357,1.0118794201620478,,,
d,D2_seed20700713,TRAIN,358,0.9838188114275701,,,
d,D2_seed20700713,TRAIN,359,0.9997267496412224,,,
d,D2_seed20700713,TRAIN,360,1.0196100644345445,,,
d,D2_seed20700713,TRAIN,361,0.9672367655534517,,,
d,D2_seed20700713,TRAIN,362,1.0195749794715752,,,
d,D2_seed20700713,TRAIN,363,0.9996578386582264,,,
d,D2_seed20700713,TRAIN,364,0.9837119253456862,,,
d,D2_seed20700713,TRAIN,365,1.0231523066641015,,,
d,D2_seed20700713,TRAIN,366,1.0117152265132603,,,
d,D2_seed20700713,TRAIN,367,0.9529737441958128,,,
d,D2_seed20700713,TRAIN,368,1.006810058870927,,,
d,D2_seed20700713,TRAIN,369,1.0194514257758729,,,
d,D2_seed20700713,TRAIN,370,0.9995363557885787,,,
d,D2_seed20700713,TRAIN,371,1.0230441555248628,,,
d,D2_seed20700713,TRAIN,372,0.9528833267045685,,,
d,D2_seed20700713,TRAIN,373,0.96702308326056,,,
d,D2_seed20700713,TRAIN,374,0.983531911573538,,,
d,D2_seed20700713,TRAIN,375,1.0066851825256034,,,
d,D2_seed20700713,TRAIN,376,1.01153071317938,,,
d,D2_seed20700713,TRAIN,377,0.9994140698385696,,,
d,D2_seed20700713,TRAIN,378,0.952774445674836,,,
d,D2_seed20700713,TRAIN,379,0.966915410101178,,,
d,D2_seed20700713,TRAIN,380,1.0228811208417274,,,
d,D2_seed20700713,TRAIN,381,0.9834051071508092,,,
d,D2_seed20700713,TRAIN,382,1.0114192436037102,,,
d,D2_seed20700713,TRAIN,383,1.0065414764801863,,,
d,D2_seed20700713,TRAIN,384,1.0191838016389752,,,
d,D2_seed20700713,TRAIN,385,1.0113629045346868,,,
d,D2_seed20700713,TRAIN,386,1.0064868572287553,,,
d,D2_seed20700713,TRAIN,387,0.9832950900875195,,,
d,D2_seed20700713,TRAIN,388,1.0191112811675038,,,
d,D2_seed20700713,TRAIN,389,0.9992017704011873,,,
d,D2_seed20700713,TRAIN,390,0.9525538347666267,,,
d,D2_seed20700713,TRAIN,391,1.022678641122889,,,
d,D2_seed20700713,TRAIN,392,0.966678711907404,,,
d,D2_seed20700713,TRAIN,393,0.9991303732669187,,,
d,D2_seed20700713,TRAIN,394,0.9524797246033235,,,
d,D2_seed20700713,TRAIN,395,1.018984080693326,,,
d,D2_seed20700713,TRAIN,396,1.0111550207435438,,,
d,D2_seed20700713,TRAIN,397,0.9831103496999161,,,
d,D2_seed20700713,TRAIN,398,0.966568641340482,,,
d,D2_seed20700713,TRAIN,399,1.0062492705911232,,,
d,D2_seed20700713,TRAIN,400,1.022511954500563,,,
d,D2_seed20700713,TRAIN,401,1.0062124685878158,,,
d,D2_seed20700713,TRAIN,402,1.022474561608535,,,
d,D2_seed20700713,TRAIN,403,1.0188375481439564,,,
d,D2_seed20700713,TRAIN,404,1.0110024268782543,,,
d,D2_seed20700713,TRAIN,405,0.9522739996782343,,,
d,D2_seed20700713,TRAIN,406,0.9988962785756492,,,
d,D2_seed20700713,TRAIN,407,0.9829232332082791,,,
d,D2_seed20700713,TRAIN,408,0.966382834176581,,,
d,D2_seed20700713,TRAIN,409,0.9663642111553631,,,
d,D2_seed20700713,TRAIN,410,1.0060453149935453,,,
d,D2_seed20700713,TRAIN,411,0.9521608467146407,,,
d,D2_seed20700713,TRAIN,412,1.0222865069043356,,,
d,D2_seed20700713,TRAIN,413,1.0186525575306091,,,
d,D2_seed20700713,TRAIN,414,1.0108101736618746,,,
d,D2_seed20700713,TRAIN,415,0.9827726297990491,,,
d,D2_seed20700713,TRAIN,416,0.9987143486676179,,,
d,D2_seed20700713,TRAIN,417,1.0221918292030745,,,
d,D2_seed20700713,TRAIN,418,0.9661956023152446,,,
d,D2_seed20700713,TRAIN,419,0.9986592842282576,,,
d,D2_seed20700713,TRAIN,420,1.0106937629525161,,,
d,D2_seed20700713,TRAIN,421,1.0185030231489272,,,
d,D2_seed20700713,TRAIN,422,0.9826393956408339,,,
d,D2_seed20700713,TRAIN,423,1.0058019780552636,,,
d,D2_seed20700713,TRAIN,424,0.9519129357422952,,,
d,D2_seed20700713,TRAIN,425,0.9825819813800281,,,
d,D2_seed20700713,TRAIN,426,1.0220201012646177,,,
d,D2_seed20700713,TRAIN,427,1.0105570249038025,,,
d,D2_seed20700713,TRAIN,428,1.0057073883704846,,,
d,D2_seed20700713,TRAIN,429,0.951816512900895,,,
d,D2_seed20700713,TRAIN,430,1.0183330920005258,,,
d,D2_seed20700713,TRAIN,431,0.9984371039273988,,,
d,D2_seed20700713,TRAIN,432,0.9659294240800979,,,
d,D2_seed20700713,TRAIN,433,0.9983999230265532,,,
d,D2_seed20700713,TRAIN,434,1.0182572907897087,,,
d,D2_seed20700713,TRAIN,435,1.0055743333295495,,,
d,D2_seed20700713,TRAIN,436,0.951681090234027,,,
d,D2_seed20700713,TRAIN,437,1.0103602278175459,,,
d,D2_seed20700713,TRAIN,438,0.9823314519063764,,,
d,D2_seed20700713,TRAIN,439,0.9657954330479269,,,
d,D2_seed20700713,TRAIN,440,1.0217501457376414,,,
d,D2_seed20700713,TRAIN,441,0.9657569392427748,,,
d,D2_seed20700713,TRAIN,442,1.0181049484871396,,,
d,D2_seed20700713,TRAIN,443,0.9982131482178282,,,
d,D2_seed20700713,TRAIN,444,0.9822148577769667,,,
d,D2_seed20700713,TRAIN,445,1.0102018742678212,,,
d,D2_seed20700713,TRAIN,446,1.0216335235060854,,,
d,D2_seed20700713,TRAIN,447,0.9514663489426466,,,
d,D2_seed20700713,TRAIN,448,1.0053253859273685,,,
d,D2_seed20700713,TRAIN,449,0.9821169174951527,,,
d,D2_seed20700713,TRAIN,450,0.951407261551647,,,
d,D2_seed20700713,TRAIN,451,0.9980621112951189,,,
d,D2_seed20700713,TRAIN,452,0.965543655461569,,,
d,D2_seed20700713,TRAIN,453,1.0214965436629013,,,
d,D2_seed20700713,TRAIN,454,1.0100221169644406,,,
d,D2_seed20700713,TRAIN,455,1.0051901808251016,,,
d,D2_seed20700713,TRAIN,456,1.0178351414241664,,,
d,D2_seed20700713,TRAIN,457,1.0051511628933592,,,
d,D2_seed20700713,TRAIN,458,1.0099413215472555,,,
d,D2_seed20700713,TRAIN,459,1.0213779757167214,,,
d,D2_seed20700713,TRAIN,460,0.9512091310997739,,,
d,D2_seed20700713,TRAIN,461,0.9653670595123041,,,
d,D2_seed20700713,TRAIN,462,0.9818601671547857,,,
d,D2_seed20700713,TRAIN,463,1.017698363420466,,,
d,D2_seed20700713,TRAIN,464,0.9978138134918091,,,
d,D2_seed20700713,TRAIN,465,1.021258616114863,,,
d,D2_seed20700713,TRAIN,466,0.9510891415701528,,,
d,D2_seed20700713,TRAIN,467,0.997756127220756,,,
d,D2_seed20700713,TRAIN,468,1.0097380665608475,,,
d,D2_seed20700713,TRAIN,469,1.0049155798093328,,,
d,D2_seed20700713,TRAIN,470,1.0175610068571515,,,
d,D2_seed20700713,TRAIN,471,0.9816804809115819,,,
d,D2_seed20700713,TRAIN,472,0.9651492747662087,,,
d,D2_seed20700713,TRAIN,473,0.9651294001307738,,,
d,D2_seed20700713,TRAIN,474,1.0174821564620804,,,
d,D2_seed20700713,TRAIN,475,0.9976016811769773,,,
d,D2_seed20700713,TRAIN,476,1.0095748135876166,,,
d,D2_seed20700713,TRAIN,477,0.950867915555333,,,
d,D2_seed20700713,TRAIN,478,1.0209988312082563,,,
d,D2_seed20700713,TRAIN,479,1.0047181997874288,,,
d,D2_seed20700713,TRAIN,480,0.9814995815219207,,,
d,D2_seed20700713,TRAIN,481,1.0209383935896932,,,
d,D2_seed20700713,TRAIN,482,1.0173236771826162,,,
d,D2_seed20700713,TRAIN,483,0.9507461308382555,,,
d,D2_seed20700713,TRAIN,484,0.9974265337358488,,,
d,D2_seed20700713,TRAIN,485,1.0093896374634876,,,
d,D2_seed20700713,TRAIN,486,0.9813778736197348,,,
d,D2_seed20700713,TRAIN,487,1.0045587234211575,,,
d,D2_seed20700713,TRAIN,488,0.9648288482001237,,,
d,D2_seed20700713,TRAIN,489,0.9506237502687099,,,
d,D2_seed20700713,TRAIN,490,1.0171639762336633,,,
d,D2_seed20700713,TRAIN,491,0.9972895140000557,,,
d,D2_seed20700713,TRAIN,492,0.9812559132072872,,,
d,D2_seed20700713,TRAIN,493,1.0092242626464345,,,
d,D2_seed20700713,TRAIN,494,1.0044189146572136,,,
d,D2_seed20700713,TRAIN,495,1.0206546557378493,,,
d,D2_seed20700713,TRAIN,496,0.9646672818364979,,,
d,D2_seed20700713,TRAIN,497,0.9504599637111356,,,
d,D2_seed20700713,TRAIN,498,1.0043384217090916,,,
d,D2_seed20700713,TRAIN,499,1.0169834473050685,,,
d,D2_seed20700713,TRAIN,500,0.997112385705745,,,
d,D2_seed20700713,TRAIN,501,1.0205321657872206,,,
d,D2_seed20700713,TRAIN,502,0.9645454462348761,,,
d,D2_seed20700713,TRAIN,503,0.9810307859187904,,,
d,D2_seed20700713,TRAIN,504,1.0089949743107023,,,
d,D2_seed20700713,TRAIN,505,0.997013453706848,,,
d,D2_seed20700713,TRAIN,506,1.0204296746779813,,,
d,D2_seed20700713,TRAIN,507,1.0089319769703358,,,
d,D2_seed20700713,TRAIN,508,0.9502328997428984,,,
d,D2_seed20700713,TRAIN,509,0.9644022724615801,,,
d,D2_seed20700713,TRAIN,510,0.9808862438367897,,,
d,D2_seed20700713,TRAIN,511,1.0040753185408418,,,
d,D2_seed20700713,TRAIN,512,1.0167201803835864,,,
d,D2_seed20700713,TRAIN,513,1.0088055377191214,,,
d,D2_seed20700713,TRAIN,514,1.0040141462813057,,,
d,D2_seed20700713,TRAIN,515,1.0202436844918368,,,
d,D2_seed20700713,TRAIN,516,1.0166383969342792,,,
d,D2_seed20700713,TRAIN,517,0.9807407049823832,,,
d,D2_seed20700713,TRAIN,518,0.9500241775380438,,,
d,D2_seed20700713,TRAIN,519,0.9967334032818899,,,
d,D2_seed20700713,TRAIN,520,0.9641753872937187,,,
d,D2_seed20700713,TRAIN,521,0.9966933455953833,,,
d,D2_seed20700713,TRAIN,522,0.9806365159932823,,,
d,D2_seed20700713,TRAIN,523,1.0200775454328255,,,
d,D2_seed20700713,TRAIN,524,1.0038094753688864,,,
d,D2_seed20700713,TRAIN,525,0.9498777898184745,,,
d,D2_seed20700713,TRAIN,526,1.0085300021719699,,,
d,D2_seed20700713,TRAIN,527,1.016413064727337,,,
d,D2_seed20700713,TRAIN,528,0.9640100159240749,,,
d,D2_seed20700713,TRAIN,529,0.9804903079498345,,,
d,D2_seed20700713,TRAIN,530,1.0036863630673025,,,
d,D2_seed20700713,TRAIN,531,1.019910949748512,,,
d,D2_seed20700713,TRAIN,532,1.016310089774491,,,
d,D2_seed20700713,TRAIN,533,0.9639059823944712,,,
d,D2_seed20700713,TRAIN,534,1.0083594959621711,,,
d,D2_seed20700713,TRAIN,535,0.9964112719798837,,,
d,D2_seed20700713,TRAIN,536,0.9496459209866732,,,
d,D2_seed20700713,TRAIN,537,1.0197851699824476,,,
d,D2_seed20700713,TRAIN,538,0.9638015744353653,,,
d,D2_seed20700713,TRAIN,539,1.0161652779674688,,,
d,D2_seed20700713,TRAIN,540,0.9963099193488324,,,
d,D2_seed20700713,TRAIN,541,1.0034592687561679,,,
d,D2_seed20700713,TRAIN,542,0.9802166522003689,,,
d,D2_seed20700713,TRAIN,543,1.00816692143212,,,
d,D2_seed20700713,TRAIN,544,0.9494765231104706,,,
d,D2_seed20700713,TRAIN,545,0.9494553024665562,,,
d,D2_seed20700713,TRAIN,546,1.016020207962912,,,
d,D2_seed20700713,TRAIN,547,1.0195751847728396,,,
d,D2_seed20700713,TRAIN,548,1.0033142980052319,,,
d,D2_seed20700713,TRAIN,549,0.9961269559942221,,,
d,D2_seed20700713,TRAIN,550,1.0080165136848316,,,
d,D2_seed20700713,TRAIN,551,0.963529165947203,,,
d,D2_seed20700713,TRAIN,552,0.9800049319298397,,,
d,D2_seed20700713,TRAIN,553,0.9960452786808701,,,
d,D2_seed20700713,TRAIN,554,1.007930238987746,,,
d,D2_seed20700713,TRAIN,555,0.9492423535610734,,,
d,D2_seed20700713,TRAIN,556,1.0193850162616465,,,
d,D2_seed20700713,TRAIN,557,0.9798986994131118,,,
d,D2_seed20700713,TRAIN,558,1.0157700560895082,,,
d,D2_seed20700713,TRAIN,559,0.9633605056737131,,,
d,D2_seed20700713,TRAIN,560,1.0030641363780168,,,
d,D2_seed20700713,TRAIN,561,0.9958814544065085,,,
d,D2_seed20700713,TRAIN,562,0.9632971564526086,,,
d,D2_seed20700713,TRAIN,563,1.007735703392194,,,
d,D2_seed20700713,TRAIN,564,0.9797495271627816,,,
d,D2_seed20700713,TRAIN,565,1.0191941978322583,,,
d,D2_seed20700713,TRAIN,566,1.0029387890460644,,,
d,D2_seed20700713,TRAIN,567,1.0155815483679353,,,
d,D2_seed20700713,TRAIN,568,0.9489637949373141,,,
d,D2_seed20700713,TRAIN,569,1.0028757799213712,,,
d,D2_seed20700713,TRAIN,570,0.9489207983529547,,,
d,D2_seed20700713,TRAIN,571,1.0190663786794,,,
d,D2_seed20700713,TRAIN,572,0.9795782987187379,,,
d,D2_seed20700713,TRAIN,573,1.015455416354659,,,
d,D2_seed20700713,TRAIN,574,0.9630426561281632,,,
d,D2_seed20700713,TRAIN,575,1.0074749374419423,,,
d,D2_seed20700713,TRAIN,576,0.9955728032911283,,,
d,D2_seed20700713,TRAIN,577,1.0189383067523587,,,
d,D2_seed20700713,TRAIN,578,1.015349920005075,,,
d,D2_seed20700713,TRAIN,579,0.9955106972797837,,,
d,D2_seed20700713,TRAIN,580,1.007365753887054,,,
d,D2_seed20700713,TRAIN,581,0.9486833276729835,,,
d,D2_seed20700713,TRAIN,582,1.0026021803299192,,,
d,D2_seed20700713,TRAIN,583,0.9628505730206512,,,
d,D2_seed20700713,TRAIN,584,0.9793200776390864,,,
d,D2_seed20700713,TRAIN,585,1.0187669033378062,,,
d,D2_seed20700713,TRAIN,586,0.9485751870320489,,,
d,D2_seed20700713,TRAIN,587,0.9627652295524168,,,
d,D2_seed20700713,TRAIN,588,1.0071909811873316,,,
d,D2_seed20700713,TRAIN,589,0.9953036661697501,,,
d,D2_seed20700713,TRAIN,590,0.9791908992482989,,,
d,D2_seed20700713,TRAIN,591,1.0150751244858358,,,
d,D2_seed20700713,TRAIN,592,1.0023913925017724,,,
d,D2_seed20700713,TRAIN,593,1.0023702711021563,,,
d,D2_seed20700713,TRAIN,594,1.0070597945352933,,,
d,D2_seed20700713,TRAIN,595,0.9790829801411256,,,
d,D2_seed20700713,TRAIN,596,0.9625727854985242,,,
d,D2_seed20700713,TRAIN,597,0.9951376534902763,,,
d,D2_seed20700713,TRAIN,598,1.0149267571030853,,,
d,D2_seed20700713,TRAIN,599,0.9482934772135153,,,
d,D2_seed20700713,TRAIN,600,1.0184452098585368,,,
d,D2_seed20700713,TRAIN,601,1.0148631661567522,,,
d,D2_seed20700713,TRAIN,602,1.0021798256712702,,,
d,D2_seed20700713,TRAIN,603,0.9789100162204115,,,
d,D2_seed20700713,TRAIN,604,1.0068404903266581,,,
d,D2_seed20700713,TRAIN,605,0.9949713171863256,,,
d,D2_seed20700713,TRAIN,606,1.0183159479608155,,,
d,D2_seed20700713,TRAIN,607,0.9481193086838939,,,
d,D2_seed20700713,TRAIN,608,0.9623152284575566,,,
d,D2_seed20700713,TRAIN,609,1.0067304460758004,,,
d,D2_seed20700713,TRAIN,610,1.0146715959469126,,,
d,D2_seed20700713,TRAIN,611,1.0019886677687369,,,
d,D2_seed20700713,TRAIN,612,1.0181864330022354,,,
d,D2_seed20700713,TRAIN,613,0.9948043125848458,,,
d,D2_seed20700713,TRAIN,614,0.9621859896444099,,,
d,D2_seed20700713,TRAIN,615,0.9479447547694123,,,
d,D2_seed20700713,TRAIN,616,0.978627792701129,,,
d,D2_seed20700713,TRAIN,617,1.0180786012701857,,,
d,D2_seed20700713,TRAIN,618,1.0065322717813008,,,
d,D2_seed20700713,TRAIN,619,0.9785626434665098,,,
d,D2_seed20700713,TRAIN,620,1.001797317527301,,,
d,D2_seed20700713,TRAIN,621,1.0144370938319835,,,
d,D2_seed20700713,TRAIN,622,0.9946164348425007,,,
d,D2_seed20700713,TRAIN,623,0.9619921586855138,,,
d,D2_seed20700713,TRAIN,624,0.9477482924195667,,,
d,D2_seed20700713,TRAIN,625,0.978432221979743,,,
d,D2_seed20700713,TRAIN,626,0.9945331631691722,,,
d,D2_seed20700713,TRAIN,627,0.9619063433307965,,,
d,D2_seed20700713,TRAIN,628,1.001627822986722,,,
d,D2_seed20700713,TRAIN,629,1.0178200768881753,,,
d,D2_seed20700713,TRAIN,630,1.0142458650516755,,,
d,D2_seed20700713,TRAIN,631,1.0062467820152499,,,
d,D2_seed20700713,TRAIN,632,0.9475743331042621,,,
d,D2_seed20700713,TRAIN,633,1.0015218625727094,,,
d,D2_seed20700713,TRAIN,634,1.006180700369905,,,
d,D2_seed20700713,TRAIN,635,1.0176906007719029,,,
d,D2_seed20700713,TRAIN,636,0.9474868827512698,,,
d,D2_seed20700713,TRAIN,637,0.9781718858645713,,,
d,D2_seed20700713,TRAIN,638,0.9942830051837402,,,
d,D2_seed20700713,TRAIN,639,0.9616480798660623,,,
d,D2_seed20700713,TRAIN,640,1.0140326196479978,,,
d,D2_seed20700713,TRAIN,641,0.961605092030095,,,
d,D2_seed20700713,TRAIN,642,1.0060044080713795,,,
d,D2_seed20700713,TRAIN,643,1.001309248961624,,,
d,D2_seed20700713,TRAIN,644,1.0174963225740181,,,
d,D2_seed20700713,TRAIN,645,0.9779981300132043,,,
d,D2_seed20700713,TRAIN,646,0.9941161357029674,,,
d,D2_seed20700713,TRAIN,647,1.013883432120918,,,
d,D2_seed20700713,TRAIN,648,0.9472248515108468,,,
d,D2_seed20700713,TRAIN,649,0.9614327666867007,,,
d,D2_seed20700713,TRAIN,650,1.0011605642188182,,,
d,D2_seed20700713,TRAIN,651,0.9940120032229929,,,
d,D2_seed20700713,TRAIN,652,1.0173239356682628,,,
d,D2_seed20700713,TRAIN,653,0.9471160855376266,,,
d,D2_seed20700713,TRAIN,654,1.005740732477617,,,
d,D2_seed20700713,TRAIN,655,1.0137134368889977,,,
d,D2_seed20700713,TRAIN,656,0.9777595498835657,,,
d,D2_seed20700713,TRAIN,657,1.0136708063178275,,,
d,D2_seed20700713,TRAIN,658,1.0171946790500757,,,
d,D2_seed20700713,TRAIN,659,1.0056306833941686,,,
d,D2_seed20700713,TRAIN,660,1.0009484348243767,,,
d,D2_seed20700713,TRAIN,661,0.9469411751396916,,,
d,D2_seed20700713,TRAIN,662,0.9611528681048569,,,
d,D2_seed20700713,TRAIN,663,0.9776070381438602,,,
d,D2_seed20700713,TRAIN,664,0.9937407673225096,,,
d,D2_seed20700713,TRAIN,665,1.0170434231171064,,,
d,D2_seed20700713,TRAIN,666,1.013478765316678,,,
d,D2_seed20700713,TRAIN,667,1.0007998244939995,,,
d,D2_seed20700713,TRAIN,668,0.9774985186516147,,,
d,D2_seed20700713,TRAIN,669,0.9467666525715962,,,
d,D2_seed20700713,TRAIN,670,1.0053886943270665,,,
d,D2_seed20700713,TRAIN,671,0.9609593103848564,,,
d,D2_seed20700713,TRAIN,672,0.9935742201768459,,,
d,D2_seed20700713,TRAIN,673,1.005322939280444,,,
d,D2_seed20700713,TRAIN,674,1.0133087008297115,,,
d,D2_seed20700713,TRAIN,675,0.9935118687348241,,,
d,D2_seed20700713,TRAIN,676,0.9608520290942428,,,
d,D2_seed20700713,TRAIN,677,1.0005882694956747,,,
d,D2_seed20700713,TRAIN,678,1.0167639388484657,,,
d,D2_seed20700713,TRAIN,679,0.9772604428366006,,,
d,D2_seed20700713,TRAIN,680,0.9465275186645477,,,
d,D2_seed20700713,TRAIN,681,1.0166996208208001,,,
d,D2_seed20700713,TRAIN,682,0.9607236191629853,,,
d,D2_seed20700713,TRAIN,683,0.9933460707169289,,,
d,D2_seed20700713,TRAIN,684,0.9771525692376795,,,
d,D2_seed20700713,TRAIN,685,1.0050606806680298,,,
d,D2_seed20700713,TRAIN,686,1.0130547236060843,,,
d,D2_seed20700713,TRAIN,687,0.9463758363710889,,,
d,D2_seed20700713,TRAIN,688,1.0003566039411482,,,
d,D2_seed20700713,TRAIN,689,0.9932220398290925,,,
d,D2_seed20700713,TRAIN,690,1.0003146187775256,,,
d,D2_seed20700713,TRAIN,691,0.9770018573214906,,,
d,D2_seed20700713,TRAIN,692,1.0049082347804366,,,
d,D2_seed20700713,TRAIN,693,1.0164432691594423,,,
d,D2_seed20700713,TRAIN,694,0.9604675747113358,,,
d,D2_seed20700713,TRAIN,695,0.9462028937657277,,,
d,D2_seed20700713,TRAIN,696,1.0128438134433855,,,
d,D2_seed20700713,TRAIN,697,1.0128227480857401,,,
d,D2_seed20700713,TRAIN,698,0.9461381158976103,,,
d,D2_seed20700713,TRAIN,699,0.9930157899983356,,,
d,D2_seed20700713,TRAIN,700,1.000104827336879,,,
d,D2_seed20700713,TRAIN,701,0.9603187137662608,,,
d,D2_seed20700713,TRAIN,702,1.0162517309946186,,,
d,D2_seed20700713,TRAIN,703,0.9767443578134205,,,
d,D2_seed20700713,TRAIN,704,1.0046478469240947,,,
d,D2_seed20700713,TRAIN,705,0.9928926955813762,,,
d,D2_seed20700713,TRAIN,706,1.016166806914774,,,
d,D2_seed20700713,TRAIN,707,1.0126128324257824,,,
d,D2_seed20700713,TRAIN,708,1.0045610686793103,,,
d,D2_seed20700713,TRAIN,709,0.9766157060034876,,,
d,D2_seed20700713,TRAIN,710,0.9458797586122668,,,
d,D2_seed20700713,TRAIN,711,0.9601063433774042,,,
d,D2_seed20700713,TRAIN,712,0.9998539798920671,,,
d,D2_seed20700713,TRAIN,713,1.0160179914717011,,,
d,D2_seed20700713,TRAIN,714,0.9600428569447782,,,
d,D2_seed20700713,TRAIN,715,1.0044094866632942,,,
d,D2_seed20700713,TRAIN,716,1.0124240308278314,,,
d,D2_seed20700713,TRAIN,717,0.9997496997776092,,,
d,D2_seed20700713,TRAIN,718,0.9764233163829729,,,
d,D2_seed20700713,TRAIN,719,0.9456865487416635,,,
d,D2_seed20700713,TRAIN,720,0.9925848928366425,,,
d,D2_seed20700713,TRAIN,721,0.959894948086883,,,
d,D2_seed20700713,TRAIN,722,0.9763383572236397,,,
d,D2_seed20700713,TRAIN,723,0.9456013568399768,,,
d,D2_seed20700713,TRAIN,724,1.012257481599757,,,
d,D2_seed20700713,TRAIN,725,1.0041946615808133,,,
d,D2_seed20700713,TRAIN,726,0.9995635545145557,,,
d,D2_seed20700713,TRAIN,727,0.9924429226506363,,,
d,D2_seed20700713,TRAIN,728,1.0157020595183983,,,
d,D2_seed20700713,TRAIN,729,0.9761903671202325,,,
d,D2_seed20700713,TRAIN,730,1.0156601062509036,,,
d,D2_seed20700713,TRAIN,731,0.9994603307369071,,,
d,D2_seed20700713,TRAIN,732,1.0120916316402837,,,
d,D2_seed20700713,TRAIN,733,1.0040233872943662,,,
d,D2_seed20700713,TRAIN,734,0.9923008014330725,,,
d,D2_seed20700713,TRAIN,735,0.9453462188238815,,,
d,D2_seed20700713,TRAIN,736,0.9595805625198036,,,
d,D2_seed20700713,TRAIN,737,0.9595597474931492,,,
d,D2_seed20700713,TRAIN,738,0.9993160950826853,,,
d,D2_seed20700713,TRAIN,739,0.9922000073488463,,,
d,D2_seed20700713,TRAIN,740,1.0154511042790948,,,
d,D2_seed20700713,TRAIN,741,0.9759376292410913,,,
d,D2_seed20700713,TRAIN,742,0.9451988252130195,,,
d,D2_seed20700713,TRAIN,743,1.0118652321072343,,,
d,D2_seed20700713,TRAIN,744,1.0037899025586152,,,
d,D2_seed20700713,TRAIN,745,0.9758540037522622,,,
d,D2_seed20700713,TRAIN,746,1.011803716963435,,,
d,D2_seed20700713,TRAIN,747,1.0037263981262654,,,
d,D2_seed20700713,TRAIN,748,0.9920194390791014,,,
d,D2_seed20700713,TRAIN,749,1.0152643804524764,,,
d,D2_seed20700713,TRAIN,750,0.9592901362811378,,,
d,D2_seed20700713,TRAIN,751,0.9450095300480498,,,
d,D2_seed20700713,TRAIN,752,0.9990304881624291,,,
d,D2_seed20700713,TRAIN,753,0.9990102065523461,,,
d,D2_seed20700713,TRAIN,754,1.0035785975285154,,,
d,D2_seed20700713,TRAIN,755,0.9918794943353295,,,
d,D2_seed20700713,TRAIN,756,0.9591664862407272,,,
d,D2_seed20700713,TRAIN,757,1.011579100916125,,,
d,D2_seed20700713,TRAIN,758,0.944863528457608,,,
d,D2_seed20700713,TRAIN,759,1.0150583356758451,,,
d,D2_seed20700713,TRAIN,760,0.9755418132611443,,,
d,D2_seed20700713,TRAIN,761,1.0114981024733993,,,
d,D2_seed20700713,TRAIN,762,0.944780441219325,,,
d,D2_seed20700713,TRAIN,763,1.003390195473288,,,
d,D2_seed20700713,TRAIN,764,0.9590026546168369,,,
d,D2_seed20700713,TRAIN,765,1.0149355513769878,,,
d,D2_seed20700713,TRAIN,766,0.9754179370862888,,,
d,D2_seed20700713,TRAIN,767,0.9987277828891511,,,
d,D2_seed20700713,TRAIN,768,0.9916220831257655,,,
d,D2_seed20700713,TRAIN,769,0.9446354934114117,,,
d,D2_seed20700713,TRAIN,770,1.0032445982504021,,,
d,D2_seed20700713,TRAIN,771,0.9753153067157946,,,
d,D2_seed20700713,TRAIN,772,0.9915435403163874,,,
d,D2_seed20700713,TRAIN,773,0.9588195600568059,,,
d,D2_seed20700713,TRAIN,774,1.0147526763948373,,,
d,D2_seed20700713,TRAIN,775,0.9985681710560594,,,
d,D2_seed20700713,TRAIN,776,1.0111965612437785,,,
d,D2_seed20700713,TRAIN,777,1.0031001019491688,,,
d,D2_seed20700713,TRAIN,778,0.9751725156347966,,,
d,D2_seed20700713,TRAIN,779,1.011136599947225,,,
d,D2_seed20700713,TRAIN,780,0.9984686392838519,,,
d,D2_seed20700713,TRAIN,781,1.014611125550078,,,
d,D2_seed20700713,TRAIN,782,0.9443687884716527,,,
d,D2_seed20700713,TRAIN,783,0.9913285334627946,,,
d,D2_seed20700713,TRAIN,784,0.9585974931849328,,,
d,D2_seed20700713,TRAIN,785,1.0029354475090888,,,
d,D2_seed20700713,TRAIN,786,0.9750099702290052,,,
d,D2_seed20700713,TRAIN,787,1.0144906062699417,,,
d,D2_seed20700713,TRAIN,788,0.9983103968937314,,,
d,D2_seed20700713,TRAIN,789,1.0109379813788324,,,
d,D2_seed20700713,TRAIN,790,0.9911928805217328,,,
d,D2_seed20700713,TRAIN,791,0.944185915476867,,,
d,D2_seed20700713,TRAIN,792,0.9584375230196709,,,
d,D2_seed20700713,TRAIN,793,1.0143708584799196,,,
d,D2_seed20700713,TRAIN,794,1.0108396532880914,,,
d,D2_seed20700713,TRAIN,795,1.0027318633830247,,,
d,D2_seed20700713,TRAIN,796,0.9583581139874298,,,
d,D2_seed20700713,TRAIN,797,0.9910583857073652,,,
d,D2_seed20700713,TRAIN,798,0.9981147240780927,,,
d,D2_seed20700713,TRAIN,799,0.9440250737519978,,,
d,D2_seed20700713,TRAIN,800,0.9747291896067225,,,
d,D2_seed20700713,TRAIN,801,0.9909822082933593,,,
d,D2_seed20700713,TRAIN,802,1.0106835865246684,,,
d,D2_seed20700713,TRAIN,803,0.9746698440083442,,,
d,D2_seed20700713,TRAIN,804,1.0025511279936092,,,
d,D2_seed20700713,TRAIN,805,1.014134336468955,,,
d,D2_seed20700713,TRAIN,806,0.9979602647254107,,,
d,D2_seed20700713,TRAIN,807,0.9438658634699739,,,
d,D2_seed20700713,TRAIN,808,0.9581223126497093,,,
d,D2_seed20700713,TRAIN,809,0.9908306681006579,,,
d,D2_seed20700713,TRAIN,810,1.0140366110142547,,,
d,D2_seed20700713,TRAIN,811,1.0105096619870293,,,
d,D2_seed20700713,TRAIN,812,0.9744923985993853,,,
d,D2_seed20700713,TRAIN,813,1.0023718924411231,,,
d,D2_seed20700713,TRAIN,814,0.9978068900965769,,,
d,D2_seed20700713,TRAIN,815,0.9437079092033183,,,
d,D2_seed20700713,TRAIN,816,0.9579667715326012,,,
d,D2_seed20700713,TRAIN,817,1.0103945402536025,,,
d,D2_seed20700713,TRAIN,818,0.9977307188669021,,,
d,D2_seed20700713,TRAIN,819,0.9743555588859656,,,
d,D2_seed20700713,TRAIN,820,0.9906244808591863,,,
d,D2_seed20700713,TRAIN,821,0.9435905542548659,,,
d,D2_seed20700713,TRAIN,822,1.0138045705885146,,,
d,D2_seed20700713,TRAIN,823,1.0021751410249817,,,
d,D2_seed20700713,TRAIN,824,0.9578129581173312,,,
d,D2_seed20700713,TRAIN,825,1.0021360052548391,,,
d,D2_seed20700713,TRAIN,826,0.9742201144958512,,,
d,D2_seed20700713,TRAIN,827,0.9434739524936165,,,
d,D2_seed20700713,TRAIN,828,0.990476326004669,,,
d,D2_seed20700713,TRAIN,829,0.957717429505343,,,
d,D2_seed20700713,TRAIN,830,0.9975047829970017,,,
d,D2_seed20700713,TRAIN,831,1.0136328530625391,,,
d,D2_seed20700713,TRAIN,832,1.0101111537291363,,,
d,D2_seed20700713,TRAIN,833,0.9740859622274314,,,
d,D2_seed20700713,TRAIN,834,1.0100737146609016,,,
d,D2_seed20700713,TRAIN,835,1.0135571098713283,,,
d,D2_seed20700713,TRAIN,836,0.9433008299160012,,,
d,D2_seed20700713,TRAIN,837,0.9575659586015933,,,
d,D2_seed20700713,TRAIN,838,1.001884453109652,,,
d,D2_seed20700713,TRAIN,839,0.9973374685871994,,,
d,D2_seed20700713,TRAIN,840,0.9902569090514517,,,
d,D2_seed20700713,TRAIN,841,1.0018269050042028,,,
d,D2_seed20700713,TRAIN,842,0.9902206341340517,,,
d,D2_seed20700713,TRAIN,843,0.973895882753096,,,
d,D2_seed20700713,TRAIN,844,1.0098878693990774,,,
d,D2_seed20700713,TRAIN,845,0.9431295076617571,,,
d,D2_seed20700713,TRAIN,846,1.0133507067455236,,,
d,D2_seed20700713,TRAIN,847,0.9573787281652074,,,
d,D2_seed20700713,TRAIN,848,0.9971720180515526,,,
d,D2_seed20700713,TRAIN,849,0.9573416551220466,,,
d,D2_seed20700713,TRAIN,850,1.0132765903839,,,
d,D2_seed20700713,TRAIN,851,0.9900588938106126,,,
d,D2_seed20700713,TRAIN,852,0.9970993623814506,,,
d,D2_seed20700713,TRAIN,853,0.9737088552364823,,,
d,D2_seed20700713,TRAIN,854,0.9429607308107557,,,
d,D2_seed20700713,TRAIN,855,1.0015621317276293,,,
d,D2_seed20700713,TRAIN,856,1.0096688884589609,,,
d,D2_seed20700713,TRAIN,857,0.9899524130977985,,,
d,D2_seed20700713,TRAIN,858,1.0096327292659966,,,
d,D2_seed20700713,TRAIN,859,0.9735980055971216,,,
d,D2_seed20700713,TRAIN,860,0.9571398211742003,,,
d,D2_seed20700713,TRAIN,861,1.0014503499720988,,,
d,D2_seed20700713,TRAIN,862,0.9428124676632651,,,
d,D2_seed20700713,TRAIN,863,0.9969016842341926,,,
d,D2_seed20700713,TRAIN,864,1.01302070046436,,,
d,D2_seed20700713,TRAIN,865,0.9734880059226648,,,
d,D2_seed20700713,TRAIN,866,0.9427389389668448,,,
d,D2_seed20700713,TRAIN,867,1.0013394618076186,,,
d,D2_seed20700713,TRAIN,868,0.9968127308869615,,,
d,D2_seed20700713,TRAIN,869,0.9569768441255118,,,
d,D2_seed20700713,TRAIN,870,0.9897245359826617,,,
d,D2_seed20700713,TRAIN,871,1.0128945612619527,,,
d,D2_seed20700713,TRAIN,872,1.0093826299240778,,,
d,D2_seed20700713,TRAIN,873,0.989672630029341,,,
d,D2_seed20700713,TRAIN,874,1.009347336443724,,,
d,D2_seed20700713,TRAIN,875,0.9425751931603099,,,
d,D2_seed20700713,TRAIN,876,1.0011750110710271,,,
d,D2_seed20700713,TRAIN,877,1.0127875962140607,,,
d,D2_seed20700713,TRAIN,878,0.9966369374614169,,,
d,D2_seed20700713,TRAIN,879,0.9732351592776656,,,
d,D2_seed20700713,TRAIN,880,0.9567807039691745,,,
d,D2_seed20700713,TRAIN,881,0.9965846235521656,,,
d,D2_seed20700713,TRAIN,882,1.0092071300672558,,,
d,D2_seed20700713,TRAIN,883,1.0010484320708222,,,
d,D2_seed20700713,TRAIN,884,0.9894840496632407,,,
d,D2_seed20700713,TRAIN,885,0.9423956700852577,,,
d,D2_seed20700713,TRAIN,886,0.9566751293841094,,,
d,D2_seed20700713,TRAIN,887,0.9730931926318068,,,
d,D2_seed20700713,TRAIN,888,1.0125939300848312,,,
d,D2_seed20700713,TRAIN,889,0.956622894969058,,,
d,D2_seed20700713,TRAIN,890,0.9893829081049279,,,
d,D2_seed20700713,TRAIN,891,0.9422897967340498,,,
d,D2_seed20700713,TRAIN,892,0.9963957851139942,,,
d,D2_seed20700713,TRAIN,893,1.009017943032926,,,
d,D2_seed20700713,TRAIN,894,1.0008534538839264,,,
d,D2_seed20700713,TRAIN,895,0.9729536638289766,,,
d,D2_seed20700713,TRAIN,896,1.0124559564665794,,,
d,D2_seed20700713,TRAIN,897,1.0124387406665423,,,
d,D2_seed20700713,TRAIN,898,0.9421675368965096,,,
d,D2_seed20700713,TRAIN,899,0.9962773384083183,,,
d,D2_seed20700713,TRAIN,900,0.9892166131472724,,,
d,D2_seed20700713,TRAIN,901,0.9564164603597733,,,
d,D2_seed20700713,TRAIN,902,0.9728326525651203,,,
d,D2_seed20700713,TRAIN,903,1.000696181063021,,,
d,D2_seed20700713,TRAIN,904,1.0088320102807362,,,
d,D2_seed20700713,TRAIN,905,1.0006615276886213,,,
d,D2_seed20700713,TRAIN,906,0.9563315987529671,,,
d,D2_seed20700713,TRAIN,907,0.9420122098970714,,,
d,D2_seed20700713,TRAIN,908,0.9727300957303445,,,
d,D2_seed20700713,TRAIN,909,1.0087485369339189,,,
d,D2_seed20700713,TRAIN,910,0.9890529861716837,,,
d,D2_seed20700713,TRAIN,911,0.9960775753839293,,,
d,D2_seed20700713,TRAIN,912,1.012184675778752,,,
d,D2_seed20700713,TRAIN,913,0.9960447211312894,,,
d,D2_seed20700713,TRAIN,914,1.0121513003177522,,,
d,D2_seed20700713,TRAIN,915,1.000490244011989,,,
d,D2_seed20700713,TRAIN,916,0.9418593364693573,,,
d,D2_seed20700713,TRAIN,917,0.9889400354703444,,,
d,D2_seed20700713,TRAIN,918,0.9725616309076484,,,
d,D2_seed20700713,TRAIN,919,1.0085839564876118,,,
d,D2_seed20700713,TRAIN,920,0.9560978334700312,,,
d,D2_seed20700713,TRAIN,921,0.9560813990209885,,,
d,D2_seed20700713,TRAIN,922,0.9417589008984982,,,
d,D2_seed20700713,TRAIN,923,0.9958820268525875,,,
d,D2_seed20700713,TRAIN,924,1.0003389439964525,,,
d,D2_seed20700713,TRAIN,925,0.9724459213464326,,,
d,D2_seed20700713,TRAIN,926,1.0084709520436943,,,
d,D2_seed20700713,TRAIN,927,1.0119376195550651,,,
d,D2_seed20700713,TRAIN,928,0.9887660129381477,,,
d,D2_seed20700713,TRAIN,929,1.000255982059736,,,
d,D2_seed20700713,TRAIN,930,0.9723639497061511,,,
d,D2_seed20700713,TRAIN,931,1.0083908101457133,,,
d,D2_seed20700713,TRAIN,932,0.995738273703986,,,
d,D2_seed20700713,TRAIN,933,0.941577672657959,,,
d,D2_seed20700713,TRAIN,934,0.955870380468841,,,
d,D2_seed20700713,TRAIN,935,1.011808474705464,,,
d,D2_seed20700713,TRAIN,936,0.9886413833834272,,,
d,D2_seed20700713,TRAIN,937,1.0001247267227058,,,
d,D2_seed20700713,TRAIN,938,0.9956438496959819,,,
d,D2_seed20700713,TRAIN,939,0.9414804794216444,,,
d,D2_seed20700713,TRAIN,940,0.9722024298399194,,,
d,D2_seed20700713,TRAIN,941,1.0082331356140877,,,
d,D2_seed20700713,TRAIN,942,0.9557432311447648,,,
d,D2_seed20700713,TRAIN,943,1.0116816441557668,,,
d,D2_seed20700713,TRAIN,944,0.9885189780155688,,,
d,D2_seed20700713,TRAIN,945,1.0116502746858957,,,
d,D2_seed20700713,TRAIN,946,0.988488691413011,,,
d,D2_seed20700713,TRAIN,947,1.0081401324492207,,,
d,D2_seed20700713,TRAIN,948,0.9413369873940072,,,
d,D2_seed20700713,TRAIN,949,0.9999321297537705,,,
d,D2_seed20700713,TRAIN,950,0.9556181592978902,,,
d,D2_seed20700713,TRAIN,951,0.995443394878409,,,
d,D2_seed20700713,TRAIN,952,0.9720131737475942,,,
d,D2_seed20700713,TRAIN,953,0.9555718336479012,,,
d,D2_seed20700713,TRAIN,954,1.0080331654530574,,,
d,D2_seed20700713,TRAIN,955,0.9719666616601345,,,
d,D2_seed20700713,TRAIN,956,0.9953678818379234,,,
d,D2_seed20700713,TRAIN,957,0.9411962757648041,,,
d,D2_seed20700713,TRAIN,958,0.9883098519175674,,,
d,D2_seed20700713,TRAIN,959,0.999775656033488,,,
d,D2_seed20700713,TRAIN,960,1.0114194546087902,,,
d,D2_seed20700713,TRAIN,961,1.0079278880531417,,,
d,D2_seed20700713,TRAIN,962,0.9952782816082374,,,
d,D2_seed20700713,TRAIN,963,0.9554195476177318,,,
d,D2_seed20700713,TRAIN,964,0.9882220396459751,,,
d,D2_seed20700713,TRAIN,965,0.9996830814379316,,,
d,D2_seed20700713,TRAIN,966,0.9717985188856398,,,
d,D2_seed20700713,TRAIN,967,0.9410430015796306,,,
d,D2_seed20700713,TRAIN,968,1.0112990808099918,,,
d,D2_seed20700713,TRAIN,969,0.9996219952259895,,,
d,D2_seed20700713,TRAIN,970,0.9553147241545121,,,
d,D2_seed20700713,TRAIN,971,1.0112543636069078,,,
d,D2_seed20700713,TRAIN,972,0.9409673795024648,,,
d,D2_seed20700713,TRAIN,973,0.971693309456933,,,
d,D2_seed20700713,TRAIN,974,0.9880779630069553,,,
d,D2_seed20700713,TRAIN,975,0.995087463307364,,,
d,D2_seed20700713,TRAIN,976,1.0077070289242382,,,
d,D2_seed20700713,TRAIN,977,0.9995012734111867,,,
d,D2_seed20700713,TRAIN,978,0.9551967584598754,,,
d,D2_seed20700713,TRAIN,979,0.9408630380187453,,,
d,D2_seed20700713,TRAIN,980,1.0076493655223897,,,
d,D2_seed20700713,TRAIN,981,1.011107741333053,,,
d,D2_seed20700713,TRAIN,982,0.971560564299453,,,
d,D2_seed20700713,TRAIN,983,0.9949727895735911,,,
d,D2_seed20700713,TRAIN,984,0.9879371212184082,,,
d,D2_seed20700713,TRAIN,985,0.9407748773340553,,,
d,D2_seed20700713,TRAIN,986,0.9550809908904029,,,
d,D2_seed20700713,TRAIN,987,0.9949163983977513,,,
d,D2_seed20700713,TRAIN,988,1.007535750483611,,,
d,D2_seed20700713,TRAIN,989,0.99932469568128,,,
d,D2_seed20700713,TRAIN,990,0.9714450406007633,,,
d,D2_seed20700713,TRAIN,991,0.9878407179134149,,,
d,D2_seed20700713,TRAIN,992,1.0109505452195486,,,
d,D2_seed20700713,TRAIN,993,0.9948326989918579,,,
d,D2_seed20700713,TRAIN,994,0.987799777617422,,,
d,D2_seed20700713,TRAIN,995,0.9406309932267075,,,
d,D2_seed20700713,TRAIN,996,0.9992238532778065,,,
d,D2_seed20700713,TRAIN,997,0.9549255646494609,,,
d,D2_seed20700713,TRAIN,998,1.0108664518823844,,,
d,D2_seed20700713,TRAIN,999,1.007382968822325,,,
d,D2_seed20700713,TRAIN,1000,0.9713035196219586,,,
d,D2_seed20700713,TRAIN,1001,0.9991527329695463,,,
d,D2_seed20700713,TRAIN,1002,1.0108108551945918,,,
d,D2_seed20700713,TRAIN,1003,0.9548421184512564,,,
d,D2_seed20700713,TRAIN,1004,1.0073144649377872,,,
d,D2_seed20700713,TRAIN,1005,0.9404899144055298,,,
d,D2_seed20700713,TRAIN,1006,0.9712197557377982,,,
d,D2_seed20700713,TRAIN,1007,0.987625377120989,,,
d,D2_seed20700713,TRAIN,1008,0.9946279159401686,,,
d,D2_seed20700713,TRAIN,1009,0.9946145616714239,,,
d,D2_seed20700713,TRAIN,1010,0.9711648198656406,,,
d,D2_seed20700713,TRAIN,1011,1.010687770080487,,,
d,D2_seed20700713,TRAIN,1012,1.0072068635458988,,,
d,D2_seed20700713,TRAIN,1013,0.9403795746605647,,,
d,D2_seed20700713,TRAIN,1014,0.9989715518715832,,,
d,D2_seed20700713,TRAIN,1015,0.954678876614034,,,
d,D2_seed20700713,TRAIN,1016,0.9875079094945967,,,
d,D2_seed20700713,TRAIN,1017,0.9710698487699813,,,
d,D2_seed20700713,TRAIN,1018,1.0105939629705067,,,
d,D2_seed20700713,TRAIN,1019,0.9402982167578449,,,
d,D2_seed20700713,TRAIN,1020,0.9874565972084888,,,
d,D2_seed20700713,TRAIN,1021,0.9988765799900883,,,
d,D2_seed20700713,TRAIN,1022,0.9944436787973876,,,
d,D2_seed20700713,TRAIN,1023,0.9545729075350013,,,
d,D2_seed20700713,TRAIN,1024,1.0070495164285747,,,
d,D2_seed20700713,TRAIN,1025,0.9873931996462186,,,
d,D2_seed20700713,TRAIN,1026,0.9709503938078707,,,
d,D2_seed20700713,TRAIN,1027,0.9545207995265604,,,
d,D2_seed20700713,TRAIN,1028,1.0104630875194358,,,
d,D2_seed20700713,TRAIN,1029,1.006985492439157,,,
d,D2_seed20700713,TRAIN,1030,0.9943414479419137,,,
d,D2_seed20700713,TRAIN,1031,0.9987439023682236,,,
d,D2_seed20700713,TRAIN,1032,0.9401263827221652,,,
d,D2_seed20700713,TRAIN,1033,1.0103987417732199,,,
d,D2_seed20700713,TRAIN,1034,0.9872810143405045,,,
d,D2_seed20700713,TRAIN,1035,0.9708334937524405,,,
d,D2_seed20700713,TRAIN,1036,1.0068968970966066,,,
d,D2_seed20700713,TRAIN,1037,0.99866559962463,,,
d,D2_seed20700713,TRAIN,1038,0.9400487080564006,,,
d,D2_seed20700713,TRAIN,1039,0.9942284050699012,,,
d,D2_seed20700713,TRAIN,1040,0.9543545128974047,,,
d,D2_seed20700713,TRAIN,1041,0.954341973506007,,,
d,D2_seed20700713,TRAIN,1042,0.9941913976550435,,,
d,D2_seed20700713,TRAIN,1043,0.9871712430222334,,,
d,D2_seed20700713,TRAIN,1044,0.9707192616006187,,,
d,D2_seed20700713,TRAIN,1045,1.0102476900222923,,,
d,D2_seed20700713,TRAIN,1046,1.0067733148136913,,,
d,D2_seed20700713,TRAIN,1047,0.9985380928912164,,,
d,D2_seed20700713,TRAIN,1048,0.9399222854730473,,,
d,D2_seed20700713,TRAIN,1049,0.9870995973111789,,,
d,D2_seed20700713,TRAIN,1050,0.9985004032847182,,,
d,D2_seed20700713,TRAIN,1051,0.9706322519366224,,,
d,D2_seed20700713,TRAIN,1052,0.9398725369163836,,,
d,D2_seed20700713,TRAIN,1053,0.9940581434813348,,,
d,D2_seed20700713,TRAIN,1054,0.9541819174157916,,,
d,D2_seed20700713,TRAIN,1055,1.0101253347589094,,,
d,D2_seed20700713,TRAIN,1056,1.0066528169281226,,,
d,D2_seed20700713,TRAIN,1057,1.0066409251758337,,,
d,D2_seed20700713,TRAIN,1058,0.9705468058933336,,,
d,D2_seed20700713,TRAIN,1059,1.0100772332745933,,,
d,D2_seed20700713,TRAIN,1060,0.9869709034377725,,,
d,D2_seed20700713,TRAIN,1061,0.9939635030577016,,,
d,D2_seed20700713,TRAIN,1062,0.9983526324730263,,,
d,D2_seed20700713,TRAIN,1063,0.9397383356198167,,,
d,D2_seed20700713,TRAIN,1064,0.9540621344133015,,,
d,D2_seed20700713,TRAIN,1065,0.9397143742043326,,,
d,D2_seed20700713,TRAIN,1066,0.9983044072023258,,,
d,D2_seed20700713,TRAIN,1067,1.0099825418200397,,,
d,D2_seed20700713,TRAIN,1068,0.9868795985137195,,,
d,D2_seed20700713,TRAIN,1069,0.9938707818570922,,,
d,D2_seed20700713,TRAIN,1070,0.9539919143045158,,,
d,D2_seed20700713,TRAIN,1071,0.9703921212824206,,,
d,D2_seed20700713,TRAIN,1072,1.0064663809470615,,,
d,D2_seed20700713,TRAIN,1073,0.9868236436622277,,,
d,D2_seed20700713,TRAIN,1074,0.9539458247705335,,,
d,D2_seed20700713,TRAIN,1075,0.9981979440704287,,,
d,D2_seed20700713,TRAIN,1076,1.009878688583519,,,
d,D2_seed20700713,TRAIN,1077,1.006409900736923,,,
d,D2_seed20700713,TRAIN,1078,0.9703112253138555,,,
d,D2_seed20700713,TRAIN,1079,0.9395503653991056,,,
d,D2_seed20700713,TRAIN,1080,0.9937467993627068,,,
d,D2_seed20700713,TRAIN,1081,0.9538661919634905,,,
d,D2_seed20700713,TRAIN,1082,0.9702656411777669,,,
d,D2_seed20700713,TRAIN,1083,0.9981054714552907,,,
d,D2_seed20700713,TRAIN,1084,0.9937026790915409,,,
d,D2_seed20700713,TRAIN,1085,0.9866923929364734,,,
d,D2_seed20700713,TRAIN,1086,1.0063100118959976,,,
d,D2_seed20700713,TRAIN,1087,0.9394594646804472,,,
d,D2_seed20700713,TRAIN,1088,1.0097440385775867,,,
d,D2_seed20700713,TRAIN,1089,0.9980374376093667,,,
d,D2_seed20700713,TRAIN,1090,0.9701760096239762,,,
d,D2_seed20700713,TRAIN,1091,0.9936264559371594,,,
d,D2_seed20700713,TRAIN,1092,0.9394035504901362,,,
d,D2_seed20700713,TRAIN,1093,1.006233978133702,,,
d,D2_seed20700713,TRAIN,1094,0.9537223430535122,,,
d,D2_seed20700713,TRAIN,1095,1.0096674121394602,,,
d,D2_seed20700713,TRAIN,1096,0.9865757370379166,,,
d,D2_seed20700713,TRAIN,1097,0.993562319705725,,,
d,D2_seed20700713,TRAIN,1098,0.9536791618864124,,,
d,D2_seed20700713,TRAIN,1099,0.9979264462745422,,,
d,D2_seed20700713,TRAIN,1100,0.9700667377181553,,,
d,D2_seed20700713,TRAIN,1101,1.0096030723973675,,,
d,D2_seed20700713,TRAIN,1102,0.9865136886251229,,,
d,D2_seed20700713,TRAIN,1103,0.9392834815879989,,,
d,D2_seed20700713,TRAIN,1104,1.006117653137769,,,
d,D2_seed20700713,TRAIN,1105,0.9978613728299918,,,
d,D2_seed20700713,TRAIN,1106,1.0095502268457883,,,
d,D2_seed20700713,TRAIN,1107,0.986462712712562,,,
d,D2_seed20700713,TRAIN,1108,0.9392300567807074,,,
d,D2_seed20700713,TRAIN,1109,0.9535628062170187,,,
d,D2_seed20700713,TRAIN,1110,0.9699604860986039,,,
d,D2_seed20700713,TRAIN,1111,0.9934169192007617,,,
d,D2_seed20700713,TRAIN,1112,1.0060352908970616,,,
d,D2_seed20700713,TRAIN,1113,0.9535215171650439,,,
d,D2_seed20700713,TRAIN,1114,0.9391671823830983,,,
d,D2_seed20700713,TRAIN,1115,1.0094571983383918,,,
d,D2_seed20700713,TRAIN,1116,1.0059949386219535,,,
d,D2_seed20700713,TRAIN,1117,0.9698881294151043,,,
d,D2_seed20700713,TRAIN,1118,0.9933466508409264,,,
d,D2_seed20700713,TRAIN,1119,0.9863436921231995,,,
d,D2_seed20700713,TRAIN,1120,0.9977038808502217,,,
d,D2_seed20700713,TRAIN,1121,0.9698473784617676,,,
d,D2_seed20700713,TRAIN,1122,1.0059351454872207,,,
d,D2_seed20700713,TRAIN,1123,1.0093765032243216,,,
d,D2_seed20700713,TRAIN,1124,0.93906463829822,,,
d,D2_seed20700713,TRAIN,1125,0.9976527525198313,,,
d,D2_seed20700713,TRAIN,1126,0.9932677685009137,,,
d,D2_seed20700713,TRAIN,1127,0.9862663546506797,,,
d,D2_seed20700713,TRAIN,1128,0.9533705369908486,,,
d,D2_seed20700713,TRAIN,1129,0.9862473416567974,,,
d,D2_seed20700713,TRAIN,1130,0.9390044580653173,,,
d,D2_seed20700713,TRAIN,1131,0.9975924368320718,,,
d,D2_seed20700713,TRAIN,1132,0.9932099073372027,,,
d,D2_seed20700713,TRAIN,1133,0.9697278671343672,,,
d,D2_seed20700713,TRAIN,1134,1.0058186564235623,,,
d,D2_seed20700713,TRAIN,1135,0.9533025371444815,,,
d,D2_seed20700713,TRAIN,1136,1.0092492648685583,,,
d,D2_seed20700713,TRAIN,1137,0.9389358053629235,,,
d,D2_seed20700713,TRAIN,1138,0.9931530892000755,,,
d,D2_seed20700713,TRAIN,1139,0.9861541587740419,,,
d,D2_seed20700713,TRAIN,1140,1.005762070467997,,,
d,D2_seed20700713,TRAIN,1141,0.9974944646395832,,,
d,D2_seed20700713,TRAIN,1142,1.0091922752963352,,,
d,D2_seed20700713,TRAIN,1143,0.9696316349301569,,,
d,D2_seed20700713,TRAIN,1144,0.9532170137156383,,,
d,D2_seed20700713,TRAIN,1145,0.9930879967210704,,,
d,D2_seed20700713,TRAIN,1146,0.9974463776086027,,,
d,D2_seed20700713,TRAIN,1147,1.0091453601216052,,,
d,D2_seed20700713,TRAIN,1148,0.9388305156869585,,,
d,D2_seed20700713,TRAIN,1149,0.9695750576858089,,,
d,D2_seed20700713,TRAIN,1150,0.9531610898541694,,,
d,D2_seed20700713,TRAIN,1151,0.9860455674142873,,,
d,D2_seed20700713,TRAIN,1152,1.0056515531010453,,,
d,D2_seed20700713,TRAIN,1153,0.9387838060043338,,,
d,D2_seed20700713,TRAIN,1154,0.9531245248794564,,,
d,D2_seed20700713,TRAIN,1155,0.992997328333091,,,
d,D2_seed20700713,TRAIN,1156,1.0090629613827917,,,
d,D2_seed20700713,TRAIN,1157,0.985993001561664,,,
d,D2_seed20700713,TRAIN,1158,0.9694924979726999,,,
d,D2_seed20700713,TRAIN,1159,0.9973251120775058,,,
d,D2_seed20700713,TRAIN,1160,1.0055804023665884,,,
d,D2_seed20700713,TRAIN,1161,0.9859584299220033,,,
d,D2_seed20700713,TRAIN,1162,1.009009333766323,,,
d,D2_seed20700713,TRAIN,1163,0.9694475177567273,,,
d,D2_seed20700713,TRAIN,1164,0.9386837595931642,,,
d,D2_seed20700713,TRAIN,1165,0.9530262498660556,,,
d,D2_seed20700713,TRAIN,1166,0.9929009905122319,,,
d,D2_seed20700713,TRAIN,1167,1.0055194052779723,,,
d,D2_seed20700713,TRAIN,1168,0.997243976580345,,,
d,D2_seed20700713,TRAIN,1169,1.0089479560794028,,,
d,D2_seed20700713,TRAIN,1170,0.992866686067775,,,
d,D2_seed20700713,TRAIN,1171,0.9386217110374171,,,
d,D2_seed20700713,TRAIN,1172,0.9529652999638444,,,
d,D2_seed20700713,TRAIN,1173,0.9693595686632622,,,
d,D2_seed20700713,TRAIN,1174,0.997190951281106,,,
d,D2_seed20700713,TRAIN,1175,0.9858405091818531,,,
d,D2_seed20700713,TRAIN,1176,1.0054428033957676,,,
d,D2_seed20700713,TRAIN,1177,1.0088792644031477,,,
d,D2_seed20700713,TRAIN,1178,0.98581586942591,,,
d,D2_seed20700713,TRAIN,1179,0.9529056486210494,,,
d,D2_seed20700713,TRAIN,1180,1.0054094366954438,,,
d,D2_seed20700713,TRAIN,1181,0.9927744598066116,,,
d,D2_seed20700713,TRAIN,1182,0.9692827048490685,,,
d,D2_seed20700713,TRAIN,1183,0.9385184262405755,,,
d,D2_seed20700713,TRAIN,1184,0.9971049198799257,,,
d,D2_seed20700713,TRAIN,1185,0.9528556134511967,,,
d,D2_seed20700713,TRAIN,1186,0.9857514244255354,,,
d,D2_seed20700713,TRAIN,1187,0.9927255990505519,,,
d,D2_seed20700713,TRAIN,1188,0.9970713182559141,,,
d,D2_seed20700713,TRAIN,1189,0.9692245212244303,,,
d,D2_seed20700713,TRAIN,1190,1.0087714643656425,,,
d,D2_seed20700713,TRAIN,1191,0.9384517721836805,,,
d,D2_seed20700713,TRAIN,1192,1.0053119833193,,,
d,D2_seed20700713,TRAIN,1193,0.9527903391755093,,,
d,D2_seed20700713,TRAIN,1194,1.00873911339177,,,
d,D2_seed20700713,TRAIN,1195,0.997013323903577,,,
d,D2_seed20700713,TRAIN,1196,0.9856730214844616,,,
d,D2_seed20700713,TRAIN,1197,0.9384027338932683,,,
d,D2_seed20700713,TRAIN,1198,1.0052645076152082,,,
d,D2_seed20700713,TRAIN,1199,0.9691433496719282,,,
d,D2_seed20700713,TRAIN,1200,0.9926225397574838,,,
d,D2_seed20700713,TRAIN,1201,1.0086834353623895,,,
d,D2_seed20700713,TRAIN,1202,1.0052333530754922,,,
d,D2_seed20700713,TRAIN,1203,0.9925993175675415,,,
d,D2_seed20700713,TRAIN,1204,0.9969405409114753,,,
d,D2_seed20700713,TRAIN,1205,0.9526951783981098,,,
d,D2_seed20700713,TRAIN,1206,0.9690879287820051,,,
d,D2_seed20700713,TRAIN,1207,0.9383229641584341,,,
d,D2_seed20700713,TRAIN,1208,0.9855819513882018,,,
d,D2_seed20700713,TRAIN,1209,0.98557455218207,,,
d,D2_seed20700713,TRAIN,1210,1.0086135951867967,,,
d,D2_seed20700713,TRAIN,1211,1.0051646783601376,,,
d,D2_seed20700713,TRAIN,1212,0.9690415667908479,,,
d,D2_seed20700713,TRAIN,1213,0.9382764746547522,,,
d,D2_seed20700713,TRAIN,1214,0.9925161873856942,,,
d,D2_seed20700713,TRAIN,1215,0.996854554337339,,,
d,D2_seed20700713,TRAIN,1216,0.9526112776822871,,,
d,D2_seed20700713,TRAIN,1217,0.9690036003983147,,,
d,D2_seed20700713,TRAIN,1218,0.9855089363159996,,,
d,D2_seed20700713,TRAIN,1219,1.008545950299961,,,
d,D2_seed20700713,TRAIN,1220,0.952581520761014,,,
d,D2_seed20700713,TRAIN,1221,0.9924648879097612,,,
d,D2_seed20700713,TRAIN,1222,0.9382084039921895,,,
d,D2_seed20700713,TRAIN,1223,1.0050763693382267,,,
d,D2_seed20700713,TRAIN,1224,0.9967865414155427,,,
d,D2_seed20700713,TRAIN,1225,0.9967790759462164,,,
d,D2_seed20700713,TRAIN,1226,0.9525375877087807,,,
d,D2_seed20700713,TRAIN,1227,0.9381713684486438,,,
d,D2_seed20700713,TRAIN,1228,0.992414653454441,,,
d,D2_seed20700713,TRAIN,1229,0.9854312367799077,,,
d,D2_seed20700713,TRAIN,1230,0.968907742649517,,,
d,D2_seed20700713,TRAIN,1231,1.0050193155456462,,,
d,D2_seed20700713,TRAIN,1232,1.0084515882487968,,,
d,D2_seed20700713,TRAIN,1233,0.9688861725236734,,,
d,D2_seed20700713,TRAIN,1234,1.004998259324795,,,
d,D2_seed20700713,TRAIN,1235,0.9524731796347103,,,
d,D2_seed20700713,TRAIN,1236,0.9923586192923729,,,
d,D2_seed20700713,TRAIN,1237,0.9853763774906596,,,
d,D2_seed20700713,TRAIN,1238,0.9966843115772062,,,
d,D2_seed20700713,TRAIN,1239,1.008402301338689,,,
d,D2_seed20700713,TRAIN,1240,0.938077798433124,,,
d,D2_seed20700713,TRAIN,1241,0.9688295307993433,,,
d,D2_seed20700713,TRAIN,1242,0.9380637251588363,,,
d,D2_seed20700713,TRAIN,1243,0.952417416193764,,,
d,D2_seed20700713,TRAIN,1244,1.0049295309016286,,,
d,D2_seed20700713,TRAIN,1245,0.9922972643823068,,,
d,D2_seed20700713,TRAIN,1246,0.985316317999305,,,
d,D2_seed20700713,TRAIN,1247,0.996621029835488,,,
d,D2_seed20700713,TRAIN,1248,1.0083406065702307,,,
d,D2_seed20700713,TRAIN,1249,1.0083338318350976,,,
d,D2_seed20700713,TRAIN,1250,0.9922638890737551,,,
d,D2_seed20700713,TRAIN,1251,1.0048827002888152,,,
d,D2_seed20700713,TRAIN,1252,0.9687540140665851,,,
d,D2_seed20700713,TRAIN,1253,0.9852706258519074,,,
d,D2_seed20700713,TRAIN,1254,0.9965727781966878,,,
d,D2_seed20700713,TRAIN,1255,0.9523363013954824,,,
d,D2_seed20700713,TRAIN,1256,0.9379676591106535,,,
d,D2_seed20700713,TRAIN,1257,1.0048432702811132,,,
d,D2_seed20700713,TRAIN,1258,0.9965457267415954,,,
d,D2_seed20700713,TRAIN,1259,0.9523099233300897,,,
d,D2_seed20700713,TRAIN,1260,0.9852259398011801,,,
d,D2_seed20700713,TRAIN,1261,0.9686940413305504,,,
d,D2_seed20700713,TRAIN,1262,1.0082476859474554,,,
d,D2_seed20700713,TRAIN,1263,0.9921793320575747,,,
d,D2_seed20700713,TRAIN,1264,0.93791464037779,,,
d,D2_seed20700713,TRAIN,1265,0.9379081205729545,,,
d,D2_seed20700713,TRAIN,1266,0.9964927354137766,,,
d,D2_seed20700713,TRAIN,1267,0.9522582520185069,,,
d,D2_seed20700713,TRAIN,1268,0.9921478221946622,,,
d,D2_seed20700713,TRAIN,1269,0.9686422885140744,,,
d,D2_seed20700713,TRAIN,1270,0.985163984364589,,,
d,D2_seed20700713,TRAIN,1271,1.0081902973947292,,,
d,D2_seed20700713,TRAIN,1272,1.0047482295300736,,,
d,D2_seed20700713,TRAIN,1273,0.9378567168425745,,,
d,D2_seed20700713,TRAIN,1274,0.9851397601237845,,,
d,D2_seed20700713,TRAIN,1275,0.9686043664792462,,,
d,D2_seed20700713,TRAIN,1276,1.0081591451848169,,,
d,D2_seed20700713,TRAIN,1277,0.9521955820070289,,,
d,D2_seed20700713,TRAIN,1278,0.9964158878597315,,,
d,D2_seed20700713,TRAIN,1279,1.0047054221915863,,,
d,D2_seed20700713,TRAIN,1280,0.9920742653224954,,,
d,D2_seed20700713,TRAIN,1281,0.9920682347629826,,,
d,D2_seed20700713,TRAIN,1282,0.9378003502461993,,,
d,D2_seed20700713,TRAIN,1283,1.008116229501342,,,
d,D2_seed20700713,TRAIN,1284,0.9685486775024289,,,
d,D2_seed20700713,TRAIN,1285,1.004669369390565,,,
d,D2_seed20700713,TRAIN,1286,0.9850687552131625,,,
d,D2_seed20700713,TRAIN,1287,0.9521346513182272,,,
d,D2_seed20700713,TRAIN,1288,0.9963538149057288,,,
d,D2_seed20700713,TRAIN,1289,0.9521227038655026,,,
d,D2_seed20700713,TRAIN,1290,0.992014874738995,,,
d,D2_seed20700713,TRAIN,1291,0.9850399545956328,,,
d,D2_seed20700713,TRAIN,1292,0.9685004702861051,,,
d,D2_seed20700713,TRAIN,1293,0.9377335356605502,,,
d,D2_seed20700713,TRAIN,1294,1.0080507067476656,,,
d,D2_seed20700713,TRAIN,1295,0.9963116140865554,,,
d,D2_seed20700713,TRAIN,1296,1.0046051207284585,,,
d,D2_seed20700713,TRAIN,1297,1.00459936155307,,,
d,D2_seed20700713,TRAIN,1298,1.0080273551597732,,,
d,D2_seed20700713,TRAIN,1299,0.9962877493250744,,,
d,D2_seed20700713,TRAIN,1300,0.9919572469808112,,,
d,D2_seed20700713,TRAIN,1301,0.9849835015997187,,,
d,D2_seed20700713,TRAIN,1302,0.9520466411115811,,,
d,D2_seed20700713,TRAIN,1303,0.9684358883632208,,,
d,D2_seed20700713,TRAIN,1304,0.9376686838637253,,,
d,D2_seed20700713,TRAIN,1305,0.9919289946189632,,,
d,D2_seed20700713,TRAIN,1306,0.9684186888465786,,,
d,D2_seed20700713,TRAIN,1307,1.004542697709669,,,
d,D2_seed20700713,TRAIN,1308,0.9376457121581783,,,
d,D2_seed20700713,TRAIN,1309,1.007964506278197,,,
d,D2_seed20700713,TRAIN,1310,0.9849341913430301,,,
d,D2_seed20700713,TRAIN,1311,0.9519957820259983,,,
d,D2_seed20700713,TRAIN,1312,0.9962123311999892,,,
d,D2_seed20700713,TRAIN,1313,0.9376173953451578,,,
d,D2_seed20700713,TRAIN,1314,1.004504192955505,,,
d,D2_seed20700713,TRAIN,1315,1.0079312262418023,,,
d,D2_seed20700713,TRAIN,1316,0.9849020971907083,,,
d,D2_seed20700713,TRAIN,1317,0.9961841491778243,,,
d,D2_seed20700713,TRAIN,1318,0.9519571540288345,,,
d,D2_seed20700713,TRAIN,1319,0.9683459037184091,,,
d,D2_seed20700713,TRAIN,1320,0.9918471000457619,,,
d,D2_seed20700713,TRAIN,1321,0.9683349448336008,,,
d,D2_seed20700713,TRAIN,1322,0.9848705060930484,,,
d,D2_seed20700713,TRAIN,1323,0.9918311505002703,,,
d,D2_seed20700713,TRAIN,1324,1.0044504845975313,,,
d,D2_seed20700713,TRAIN,1325,0.937551038617362,,,
d,D2_seed20700713,TRAIN,1326,1.0078716379340167,,,
d,D2_seed20700713,TRAIN,1327,0.9519086661150543,,,
d,D2_seed20700713,TRAIN,1328,0.9961235797615954,,,
d,D2_seed20700713,TRAIN,1329,1.0078557130459131,,,
d,D2_seed20700713,TRAIN,1330,0.9848292843957825,,,
d,D2_seed20700713,TRAIN,1331,0.9961073251741906,,,
d,D2_seed20700713,TRAIN,1332,0.9917840501932386,,,
d,D2_seed20700713,TRAIN,1333,0.9682705061881463,,,
d,D2_seed20700713,TRAIN,1334,0.9518716908084589,,,
d,D2_seed20700713,TRAIN,1335,1.0043931092543619,,,
d,D2_seed20700713,TRAIN,1336,0.9374920917868453,,,
d,D2_seed20700713,TRAIN,1337,0.9847938584875802,,,
d,D2_seed20700713,TRAIN,1338,1.0078086094624334,,,
d,D2_seed20700713,TRAIN,1339,0.9917481939024264,,,
d,D2_seed20700713,TRAIN,1340,0.9374711525551847,,,
d,D2_seed20700713,TRAIN,1341,1.0043626053755952,,,
d,D2_seed20700713,TRAIN,1342,0.9682236042920593,,,
d,D2_seed20700713,TRAIN,1343,0.9960437733676482,,,
d,D2_seed20700713,TRAIN,1344,0.951820234105046,,,
d,D2_seed20700713,TRAIN,1345,0.9917180634442836,,,
d,D2_seed20700713,TRAIN,1346,0.9374401481031637,,,
d,D2_seed20700713,TRAIN,1347,0.9681980397999491,,,
d,D2_seed20700713,TRAIN,1348,0.9518000602959458,,,
d,D2_seed20700713,TRAIN,1349,0.9960128425486501,,,
d,D2_seed20700713,TRAIN,1350,0.9847300846452317,,,
d,D2_seed20700713,TRAIN,1351,1.004312880950859,,,
d,D2_seed20700713,TRAIN,1352,1.0077378593545956,,,
d,D2_seed20700713,TRAIN,1353,1.0077328919672175,,,
d,D2_seed20700713,TRAIN,1354,1.0042981772174615,,,
d,D2_seed20700713,TRAIN,1355,0.9916689139866672,,,
d,D2_seed20700713,TRAIN,1356,0.9847012982210323,,,
d,D2_seed20700713,TRAIN,1357,0.9681478835308122,,,
d,D2_seed20700713,TRAIN,1358,0.9517504422092997,,,
d,D2_seed20700713,TRAIN,1359,0.9959622516859513,,,
d,D2_seed20700713,TRAIN,1360,0.9373696526371232,,,
d,D2_seed20700713,TRAIN,1361,0.9916399840125475,,,
d,D2_seed20700713,TRAIN,1362,0.9373597965363408,,,
d,D2_seed20700713,TRAIN,1363,0.9681184330146821,,,
d,D2_seed20700713,TRAIN,1364,0.9846636889809443,,,
d,D2_seed20700713,TRAIN,1365,1.004245304209944,,,
d,D2_seed20700713,TRAIN,1366,0.9517117578812005,,,
d,D2_seed20700713,TRAIN,1367,0.995922840896227,,,
d,D2_seed20700713,TRAIN,1368,1.0076600333307064,,,
d,D2_seed20700713,TRAIN,1369,1.007655262024048,,,
d,D2_seed20700713,TRAIN,1370,0.9516926705135791,,,
d,D2_seed20700713,TRAIN,1371,0.984631415600415,,,
d,D2_seed20700713,TRAIN,1372,0.9915882084039847,,,
d,D2_seed20700713,TRAIN,1373,0.9373065058612822,,,
d,D2_seed20700713,TRAIN,1374,1.0042031587271816,,,
d,D2_seed20700713,TRAIN,1375,0.9680609043579887,,,
d,D2_seed20700713,TRAIN,1376,0.9958793309092795,,,
d,D2_seed20700713,TRAIN,1377,0.9915651283533325,,,
d,D2_seed20700713,TRAIN,1378,0.9516550723102818,,,
d,D2_seed20700713,TRAIN,1379,0.9958650064980875,,,
d,D2_seed20700713,TRAIN,1380,0.984590694996323,,,
d,D2_seed20700713,TRAIN,1381,1.0075989905601295,,,
d,D2_seed20700713,TRAIN,1382,0.9372638872541286,,,
d,D2_seed20700713,TRAIN,1383,1.0041618676054394,,,
d,D2_seed20700713,TRAIN,1384,0.9680187448748676,,,
d,D2_seed20700713,TRAIN,1385,0.9680141102107436,,,
d,D2_seed20700713,TRAIN,1386,0.9915241315133255,,,
d,D2_seed20700713,TRAIN,1387,1.0041437702783353,,,
d,D2_seed20700713,TRAIN,1388,0.9958226178684344,,,
d,D2_seed20700713,TRAIN,1389,0.9516044031022108,,,
d,D2_seed20700713,TRAIN,1390,0.9845463357562896,,,
d,D2_seed20700713,TRAIN,1391,1.0075532128263882,,,
d,D2_seed20700713,TRAIN,1392,0.9372174752396837,,,
d,D2_seed20700713,TRAIN,1393,0.9372128984680244,,,
d,D2_seed20700713,TRAIN,1394,1.007539701731743,,,
d,D2_seed20700713,TRAIN,1395,0.9957902549166263,,,
d,D2_seed20700713,TRAIN,1396,0.991479551075615,,,
d,D2_seed20700713,TRAIN,1397,0.9515683296433286,,,
d,D2_seed20700713,TRAIN,1398,1.004094802775651,,,
d,D2_seed20700713,TRAIN,1399,0.9845072613210458,,,
d,D2_seed20700713,TRAIN,1400,0.9679458046888154,,,
d,D2_seed20700713,TRAIN,1401,1.0040816638657173,,,
d,D2_seed20700713,TRAIN,1402,0.9914532619121668,,,
d,D2_seed20700713,TRAIN,1403,0.9371676170819835,,,
d,D2_seed20700713,TRAIN,1404,0.9679279803144483,,,
d,D2_seed20700713,TRAIN,1405,0.9957448590274396,,,
d,D2_seed20700713,TRAIN,1406,0.9844774176577499,,,
d,D2_seed20700713,TRAIN,1407,1.007482076141604,,,
d,D2_seed20700713,TRAIN,1408,0.951519751339433,,,
d,D2_seed20700713,TRAIN,1409,0.9957269499892092,,,
d,D2_seed20700713,TRAIN,1410,0.9679014810775939,,,
d,D2_seed20700713,TRAIN,1411,0.9515066609860979,,,
d,D2_seed20700713,TRAIN,1412,1.0074602789865978,,,
d,D2_seed20700713,TRAIN,1413,0.9914058909485309,,,
d,D2_seed20700713,TRAIN,1414,1.0040255784646077,,,
d,D2_seed20700713,TRAIN,1415,0.9371144324267471,,,
d,D2_seed20700713,TRAIN,1416,0.9844353880041836,,,
d,D2_seed20700713,TRAIN,1417,0.9956914899962818,,,
d,D2_seed20700713,TRAIN,1418,0.9678665800966246,,,
d,D2_seed20700713,TRAIN,1419,1.004004361955044,,,
d,D2_seed20700713,TRAIN,1420,0.9514678300400616,,,
d,D2_seed20700713,TRAIN,1421,1.0074215474990522,,,
d,D2_seed20700713,TRAIN,1422,0.9370839412676254,,,
d,D2_seed20700713,TRAIN,1423,0.9913636250839988,,,
d,D2_seed20700713,TRAIN,1424,0.9844023296571323,,,
d,D2_seed20700713,TRAIN,1425,0.9843982440009493,,,
d,D2_seed20700713,TRAIN,1426,0.9370667353447039,,,
d,D2_seed20700713,TRAIN,1427,0.9678279792589821,,,
d,D2_seed20700713,TRAIN,1428,1.003966726799266,,,
d,D2_seed20700713,TRAIN,1429,0.9913387611397069,,,
d,D2_seed20700713,TRAIN,1430,0.9514255584378715,,,
d,D2_seed20700713,TRAIN,1431,1.007379422588919,,,
d,D2_seed20700713,TRAIN,1432,0.9956266081711321,,,
d,D2_seed20700713,TRAIN,1433,0.9678026299787423,,,
d,D2_seed20700713,TRAIN,1434,0.9514088207470931,,,
d,D2_seed20700713,TRAIN,1435,0.9956137788451668,,,
d,D2_seed20700713,TRAIN,1436,0.9843537380922123,,,
d,D2_seed20700713,TRAIN,1437,1.0039296255227579,,,
d,D2_seed20700713,TRAIN,1438,0.9370157764625271,,,
d,D2_seed20700713,TRAIN,1439,0.9912976815156072,,,
d,D2_seed20700713,TRAIN,1440,1.0073419320517258,,,
d,D2_seed20700713,TRAIN,1441,1.0039132709006213,,,
d,D2_seed20700713,TRAIN,1442,0.9513755730870289,,,
d,D2_seed20700713,TRAIN,1443,0.9369947552999346,,,
d,D2_seed20700713,TRAIN,1444,0.9912773384312162,,,
d,D2_seed20700713,TRAIN,1445,1.007321310686726,,,
d,D2_seed20700713,TRAIN,1446,0.9677482738316794,,,
d,D2_seed20700713,TRAIN,1447,0.9955630192787296,,,
d,D2_seed20700713,TRAIN,1448,0.9843058315338381,,,
d,D2_seed20700713,TRAIN,1449,0.9912571015203082,,,
d,D2_seed20700713,TRAIN,1450,0.9955504102551355,,,
d,D2_seed20700713,TRAIN,1451,1.0038727215574639,,,
d,D2_seed20700713,TRAIN,1452,1.0072925652759404,,,
d,D2_seed20700713,TRAIN,1453,0.9369530444854848,,,
d,D2_seed20700713,TRAIN,1454,0.9677151691569322,,,
d,D2_seed20700713,TRAIN,1455,0.951322189470899,,,
d,D2_seed20700713,TRAIN,1456,0.9842741713448337,,,
d,D2_seed20700713,TRAIN,1457,0.9513140654044968,,,
d,D2_seed20700713,TRAIN,1458,0.9842663523358829,,,
d,D2_seed20700713,TRAIN,1459,0.9912169271198019,,,
d,D2_seed20700713,TRAIN,1460,1.003836640095638,,,
d,D2_seed20700713,TRAIN,1461,0.9676865966556117,,,
d,D2_seed20700713,TRAIN,1462,0.9369160357896827,,,
d,D2_seed20700713,TRAIN,1463,1.0072480279555196,,,
d,D2_seed20700713,TRAIN,1464,0.995492319019411,,,
d,D2_seed20700713,TRAIN,1465,0.9911931636475534,,,
d,D2_seed20700713,TRAIN,1466,0.9954840623767081,,,
d,D2_seed20700713,TRAIN,1467,0.9842313282977307,,,
d,D2_seed20700713,TRAIN,1468,0.9512697443286664,,,
d,D2_seed20700713,TRAIN,1469,1.0072238611557356,,,
d,D2_seed20700713,TRAIN,1470,0.9676500630056848,,,
d,D2_seed20700713,TRAIN,1471,0.9368792566373595,,,
d,D2_seed20700713,TRAIN,1472,1.0037890540911458,,,
d,D2_seed20700713,TRAIN,1473,0.9512496861602214,,,
d,D2_seed20700713,TRAIN,1474,0.9842042000052684,,,
d,D2_seed20700713,TRAIN,1475,1.0037772422977445,,,
d,D2_seed20700713,TRAIN,1476,0.9368589796691946,,,
d,D2_seed20700713,TRAIN,1477,0.9676218602636911,,,
d,D2_seed20700713,TRAIN,1478,0.9911419095694465,,,
d,D2_seed20700713,TRAIN,1479,0.9954308960121994,,,
d,D2_seed20700713,TRAIN,1480,1.0071799975203766,,,
d,D2_seed20700713,TRAIN,1481,1.0071760051161613,,,
d,D2_seed20700713,TRAIN,1482,0.9368347100985984,,,
d,D2_seed20700713,TRAIN,1483,0.99112227869565,,,
d,D2_seed20700713,TRAIN,1484,0.995410479833565,,,
d,D2_seed20700713,TRAIN,1485,0.9675896972538743,,,
d,D2_seed20700713,TRAIN,1486,0.9841579989222127,,,
d,D2_seed20700713,TRAIN,1487,0.9511938869004442,,,
d,D2_seed20700713,TRAIN,1488,1.003726195061423,,,
d,D2_seed20700713,TRAIN,1489,1.0071441393274367,,,
d,D2_seed20700713,TRAIN,1490,0.9368023676732955,,,
d,D2_seed20700713,TRAIN,1491,0.9511780045945598,,,
d,D2_seed20700713,TRAIN,1492,1.0037105486698183,,,
d,D2_seed20700713,TRAIN,1493,0.9953738986536861,,,
d,D2_seed20700713,TRAIN,1494,0.9841273273326433,,,
d,D2_seed20700713,TRAIN,1495,0.9675496571217627,,,
d,D2_seed20700713,TRAIN,1496,0.9910714321116411,,,
d,D2_seed20700713,TRAIN,1497,1.003691014642734,,,
d,D2_seed20700713,TRAIN,1498,0.9675376739814909,,,
d,D2_seed20700713,TRAIN,1499,0.9367661566764193,,,
d,D2_seed20700713,TRAIN,1500,1.0071005926894445,,,
d,D3_seed20700711,TRAIN,1,1.0264690979378857,,,
d,D3_seed20700711,TRAIN,2,0.9600361472984287,,,
d,D3_seed20700711,TRAIN,3,0.9909131268781413,,,
d,D3_seed20700711,TRAIN,4,1.017032167959083,,,
d,D3_seed20700711,TRAIN,5,1.029125072059637,,,
d,D3_seed20700711,TRAIN,6,1.012269325029622,,,
d,D3_seed20700711,TRAIN,7,1.0059185685324545,,,
d,D3_seed20700711,TRAIN,8,0.9740206661770046,,,
d,D3_seed20700711,TRAIN,9,0.9739924541128642,,,
d,D3_seed20700711,TRAIN,10,0.9907490030806831,,,
d,D3_seed20700711,TRAIN,11,0.959822119332084,,,
d,D3_seed20700711,TRAIN,12,1.0120934121155032,,,
d,D3_seed20700711,TRAIN,13,1.0167669928526932,,,
d,D3_seed20700711,TRAIN,14,1.0288449494426646,,,
d,D3_seed20700711,TRAIN,15,1.005650332240627,,,
d,D3_seed20700711,TRAIN,16,1.0260477920160103,,,
d,D3_seed20700711,TRAIN,17,1.016580844246942,,,
d,D3_seed20700711,TRAIN,18,0.9736259716882628,,,
d,D3_seed20700711,TRAIN,19,0.9594592330756487,,,
d,D3_seed20700711,TRAIN,20,1.028543470436959,,,
d,D3_seed20700711,TRAIN,21,0.9902428814613418,,,
d,D3_seed20700711,TRAIN,22,1.0052868956848768,,,
d,D3_seed20700711,TRAIN,23,1.0256597181107365,,,
d,D3_seed20700711,TRAIN,24,1.0114713898263175,,,
d,D3_seed20700711,TRAIN,25,1.0050943497700744,,,
d,D3_seed20700711,TRAIN,26,0.9590062137066608,,,
d,D3_seed20700711,TRAIN,27,1.0159327320608167,,,
d,D3_seed20700711,TRAIN,28,0.9729785434671441,,,
d,D3_seed20700711,TRAIN,29,1.0252289229733174,,,
d,D3_seed20700711,TRAIN,30,1.0278369572986312,,,
d,D3_seed20700711,TRAIN,31,1.0109408679404894,,,
d,D3_seed20700711,TRAIN,32,0.9894265373120978,,,
d,D3_seed20700711,TRAIN,33,1.0154148940713863,,,
d,D3_seed20700711,TRAIN,34,0.9583292238005787,,,
d,D3_seed20700711,TRAIN,35,1.0042878019448358,,,
d,D3_seed20700711,TRAIN,36,1.0104825947357834,,,
d,D3_seed20700711,TRAIN,37,1.0271838788008223,,,
d,D3_seed20700711,TRAIN,38,0.9888450984042796,,,
d,D3_seed20700711,TRAIN,39,0.971962651882359,,,
d,D3_seed20700711,TRAIN,40,1.0241925770334597,,,
d,D3_seed20700711,TRAIN,41,1.024082113230302,,,
d,D3_seed20700711,TRAIN,42,1.0035679203318586,,,
d,D3_seed20700711,TRAIN,43,1.0143324185259037,,,
d,D3_seed20700711,TRAIN,44,0.9713977638028032,,,
d,D3_seed20700711,TRAIN,45,0.9571230923968918,,,
d,D3_seed20700711,TRAIN,46,1.026172866549555,,,
d,D3_seed20700711,TRAIN,47,1.009276384642778,,,
d,D3_seed20700711,TRAIN,48,0.9877042477923469,,,
d,D3_seed20700711,TRAIN,49,1.0231679260983064,,,
d,D3_seed20700711,TRAIN,50,1.0257050295449004,,,
d,D3_seed20700711,TRAIN,51,1.0025564156114921,,,
d,D3_seed20700711,TRAIN,52,0.9562890670004651,,,
d,D3_seed20700711,TRAIN,53,0.9871133399215425,,,
d,D3_seed20700711,TRAIN,54,1.0084681892017668,,,
d,D3_seed20700711,TRAIN,55,0.9701098367153249,,,
d,D3_seed20700711,TRAIN,56,1.0127666166478269,,,
d,D3_seed20700711,TRAIN,57,1.0081178983024612,,,
d,D3_seed20700711,TRAIN,58,1.0125205212440558,,,
d,D3_seed20700711,TRAIN,59,0.9863930690292917,,,
d,D3_seed20700711,TRAIN,60,0.9553142472237584,,,
d,D3_seed20700711,TRAIN,61,1.0014028737665464,,,
d,D3_seed20700711,TRAIN,62,0.9692675397216631,,,
d,D3_seed20700711,TRAIN,63,1.024149476513308,,,
d,D3_seed20700711,TRAIN,64,1.021397076519447,,,
d,D3_seed20700711,TRAIN,65,1.0009318861422307,,,
d,D3_seed20700711,TRAIN,66,1.0211544962622783,,,
d,D3_seed20700711,TRAIN,67,1.0113962977909368,,,
d,D3_seed20700711,TRAIN,68,0.9543121673038901,,,
d,D3_seed20700711,TRAIN,69,1.0066810440973453,,,
d,D3_seed20700711,TRAIN,70,1.0232851835445609,,,
d,D3_seed20700711,TRAIN,71,0.9849058551959037,,,
d,D3_seed20700711,TRAIN,72,0.9680264271216814,,,
d,D3_seed20700711,TRAIN,73,1.010627180722397,,,
d,D3_seed20700711,TRAIN,74,0.953539361887511,,,
d,D3_seed20700711,TRAIN,75,0.967644181116021,,,
d,D3_seed20700711,TRAIN,76,1.0199128385537697,,,
d,D3_seed20700711,TRAIN,77,1.0223986130972693,,,
d,D3_seed20700711,TRAIN,78,0.9993504694147941,,,
d,D3_seed20700711,TRAIN,79,0.9838737203264407,,,
d,D3_seed20700711,TRAIN,80,1.0053109740068855,,,
d,D3_seed20700711,TRAIN,81,0.9668656282488726,,,
d,D3_seed20700711,TRAIN,82,1.0191449395306504,,,
d,D3_seed20700711,TRAIN,83,0.952344188993911,,,
d,D3_seed20700711,TRAIN,84,1.0214903431473625,,,
d,D3_seed20700711,TRAIN,85,0.9984669331847049,,,
d,D3_seed20700711,TRAIN,86,1.004541781964523,,,
d,D3_seed20700711,TRAIN,87,0.9828078321152771,,,
d,D3_seed20700711,TRAIN,88,1.0086368780520194,,,
d,D3_seed20700711,TRAIN,89,0.9657973905751802,,,
d,D3_seed20700711,TRAIN,90,1.0040178853643449,,,
d,D3_seed20700711,TRAIN,91,1.0179578364387758,,,
d,D3_seed20700711,TRAIN,92,1.0080850288604488,,,
d,D3_seed20700711,TRAIN,93,1.0202831716435048,,,
d,D3_seed20700711,TRAIN,94,0.9508192179330113,,,
d,D3_seed20700711,TRAIN,95,0.9817024754941858,,,
d,D3_seed20700711,TRAIN,96,0.997022825107592,,,
d,D3_seed20700711,TRAIN,97,0.9646881412150435,,,
d,D3_seed20700711,TRAIN,98,0.9812767220413671,,,
d,D3_seed20700711,TRAIN,99,1.0070943590309576,,,
d,D3_seed20700711,TRAIN,100,0.9964798767327305,,,
d,D3_seed20700711,TRAIN,101,1.0191675255051473,,,
d,D3_seed20700711,TRAIN,102,1.0023865168714372,,,
d,D3_seed20700711,TRAIN,103,1.0162950520838527,,,
d,D3_seed20700711,TRAIN,104,0.9493604651082291,,,
d,D3_seed20700711,TRAIN,105,0.9492105709665329,,,
d,D3_seed20700711,TRAIN,106,0.963387975019301,,,
d,D3_seed20700711,TRAIN,107,0.9799613859790356,,,
d,D3_seed20700711,TRAIN,108,1.0057765428133107,,,
d,D3_seed20700711,TRAIN,109,0.9952193164596307,,,
d,D3_seed20700711,TRAIN,110,1.001249421763334,,,
d,D3_seed20700711,TRAIN,111,1.0151325840605752,,,
d,D3_seed20700711,TRAIN,112,1.0175654014104285,,,
d,D3_seed20700711,TRAIN,113,1.0050191795027978,,,
d,D3_seed20700711,TRAIN,114,0.9788945388605602,,,
d,D3_seed20700711,TRAIN,115,0.9943456247143516,,,
d,D3_seed20700711,TRAIN,116,1.0169580603202848,,,
d,D3_seed20700711,TRAIN,117,1.0142263822388047,,,
d,D3_seed20700711,TRAIN,118,0.9471859962628204,,,
d,D3_seed20700711,TRAIN,119,0.9613960873325131,,,
d,D3_seed20700711,TRAIN,120,0.9997570727724117,,,
d,D3_seed20700711,TRAIN,121,0.9996037702151228,,,
d,D3_seed20700711,TRAIN,122,1.0036010097577202,,,
d,D3_seed20700711,TRAIN,123,1.0132903842600773,,,
d,D3_seed20700711,TRAIN,124,0.9772949905438343,,,
d,D3_seed20700711,TRAIN,125,0.9928234813657261,,,
d,D3_seed20700711,TRAIN,126,1.015382524562467,,,
d,D3_seed20700711,TRAIN,127,0.9600959918142565,,,
d,D3_seed20700711,TRAIN,128,0.9455238055035622,,,
d,D3_seed20700711,TRAIN,129,0.9764590604310156,,,
d,D3_seed20700711,TRAIN,130,1.014727210851516,,,
d,D3_seed20700711,TRAIN,131,0.9918673821288331,,,
d,D3_seed20700711,TRAIN,132,0.9592494164100442,,,
d,D3_seed20700711,TRAIN,133,0.9976914311785461,,,
d,D3_seed20700711,TRAIN,134,1.0114862215818607,,,
d,D3_seed20700711,TRAIN,135,1.0014258062387964,,,
d,D3_seed20700711,TRAIN,136,0.9441174014519045,,,
d,D3_seed20700711,TRAIN,137,0.9439362951937065,,,
d,D3_seed20700711,TRAIN,138,0.9748855766090154,,,
d,D3_seed20700711,TRAIN,139,1.0007206015261445,,,
d,D3_seed20700711,TRAIN,140,0.9578372822211719,,,
d,D3_seed20700711,TRAIN,141,1.0102697657489113,,,
d,D3_seed20700711,TRAIN,142,1.012659945110116,,,
d,D3_seed20700711,TRAIN,143,0.9898424112678548,,,
d,D3_seed20700711,TRAIN,144,0.9958076501110845,,,
d,D3_seed20700711,TRAIN,145,0.9996253101308191,,,
d,D3_seed20700711,TRAIN,146,1.0119322059110727,,,
d,D3_seed20700711,TRAIN,147,0.9420527232170341,,,
d,D3_seed20700711,TRAIN,148,0.9730179375410447,,,
d,D3_seed20700711,TRAIN,149,1.0088050110711477,,,
d,D3_seed20700711,TRAIN,150,0.9559558561073599,,,
d,D3_seed20700711,TRAIN,151,0.9883955148748944,,,
d,D3_seed20700711,TRAIN,152,0.994343427918032,,,
d,D3_seed20700711,TRAIN,153,0.9720327360968379,,,
d,D3_seed20700711,TRAIN,154,1.0104138109437897,,,
d,D3_seed20700711,TRAIN,155,0.9876422406832264,,,
d,D3_seed20700711,TRAIN,156,0.9402393509680387,,,
d,D3_seed20700711,TRAIN,157,0.993388090127942,,,
d,D3_seed20700711,TRAIN,158,0.9970901160464921,,,
d,D3_seed20700711,TRAIN,159,0.954147054800373,,,
d,D3_seed20700711,TRAIN,160,1.0066545810939078,,,
d,D3_seed20700711,TRAIN,161,0.9391830972731874,,,
d,D3_seed20700711,TRAIN,162,0.9535176031876454,,,
d,D3_seed20700711,TRAIN,163,1.0060375539608906,,,
d,D3_seed20700711,TRAIN,164,0.9697397682250826,,,
d,D3_seed20700711,TRAIN,165,1.0081829378318723,,,
d,D3_seed20700711,TRAIN,166,0.9954081526581606,,,
d,D3_seed20700711,TRAIN,167,0.9913659600358694,,,
d,D3_seed20700711,TRAIN,168,0.9850329923144233,,,
d,D3_seed20700711,TRAIN,169,1.004752831760591,,,
d,D3_seed20700711,TRAIN,170,0.9945215793533334,,,
d,D3_seed20700711,TRAIN,171,0.96816659255981,,,
d,D3_seed20700711,TRAIN,172,1.0066512776422256,,,
d,D3_seed20700711,TRAIN,173,0.9510628382344312,,,
d,D3_seed20700711,TRAIN,174,0.9362152949437279,,,
d,D3_seed20700711,TRAIN,175,0.9835057817089469,,,
d,D3_seed20700711,TRAIN,176,0.9893927361680537,,,
d,D3_seed20700711,TRAIN,177,0.9830546240509117,,,
d,D3_seed20700711,TRAIN,178,0.9352385415727672,,,
d,D3_seed20700711,TRAIN,179,0.9887056704161601,,,
d,D3_seed20700711,TRAIN,180,0.9921764129792808,,,
d,D3_seed20700711,TRAIN,181,1.0019906885051588,,,
d,D3_seed20700711,TRAIN,182,1.0043107237399445,,,
d,D3_seed20700711,TRAIN,183,0.9652544605430079,,,
d,D3_seed20700711,TRAIN,184,0.9483808123988814,,,
d,D3_seed20700711,TRAIN,185,1.0035670744589704,,,
d,D3_seed20700711,TRAIN,186,0.9478638769955869,,,
d,D3_seed20700711,TRAIN,187,1.000498882185156,,,
d,D3_seed20700711,TRAIN,188,0.9639463233768893,,,
d,D3_seed20700711,TRAIN,189,0.9862730096602521,,,
d,D3_seed20700711,TRAIN,190,0.989618662248861,,,
d,D3_seed20700711,TRAIN,191,0.9318187749449403,,,
d,D3_seed20700711,TRAIN,192,0.9794085976254109,,,
d,D3_seed20700711,TRAIN,193,1.00148506219148,,,
d,D3_seed20700711,TRAIN,194,0.9788853040450747,,,
d,D3_seed20700711,TRAIN,195,0.930685968215216,,,
d,D3_seed20700711,TRAIN,196,0.9451400779841579,,,
d,D3_seed20700711,TRAIN,197,0.9978325412680946,,,
d,D3_seed20700711,TRAIN,198,0.9611547543628575,,,
d,D3_seed20700711,TRAIN,199,0.9871177674867788,,,
d,D3_seed20700711,TRAIN,200,0.9833381319855379,,,
d,D3_seed20700711,TRAIN,201,0.9436859722331724,,,
d,D3_seed20700711,TRAIN,202,0.9286044427853173,,,
d,D3_seed20700711,TRAIN,203,0.9824861448201793,,,
d,D3_seed20700711,TRAIN,204,0.9761268515680626,,,
d,D3_seed20700711,TRAIN,205,0.9955249541456789,,,
d,D3_seed20700711,TRAIN,206,0.9587377900922819,,,
d,D3_seed20700711,TRAIN,207,0.9974757233851734,,,
d,D3_seed20700711,TRAIN,208,0.984405198257583,,,
d,D3_seed20700711,TRAIN,209,0.9412223564361085,,,
d,D3_seed20700711,TRAIN,210,0.9939939971485697,,,
d,D3_seed20700711,TRAIN,211,0.9800958934274032,,,
d,D3_seed20700711,TRAIN,212,0.9568022802353191,,,
d,D3_seed20700711,TRAIN,213,0.9955875530578989,,,
d,D3_seed20700711,TRAIN,214,0.982458550524635,,,
d,D3_seed20700711,TRAIN,215,0.9727816383110091,,,
d,D3_seed20700711,TRAIN,216,0.924021611119127,,,
d,D3_seed20700711,TRAIN,217,0.9551030684374525,,,
d,D3_seed20700711,TRAIN,218,0.9939287596281848,,,
d,D3_seed20700711,TRAIN,219,0.9807478560175643,,,
d,D3_seed20700711,TRAIN,220,0.9711405638418923,,,
d,D3_seed20700711,TRAIN,221,0.9903560075761628,,,
d,D3_seed20700711,TRAIN,222,0.9764880581210129,,,
d,D3_seed20700711,TRAIN,223,0.9364324002581333,,,
d,D3_seed20700711,TRAIN,224,0.9211193543789976,,,
d,D3_seed20700711,TRAIN,225,0.9785861218573357,,,
d,D3_seed20700711,TRAIN,226,0.975083091971295,,,
d,D3_seed20700711,TRAIN,227,0.9907408062012542,,,
d,D3_seed20700711,TRAIN,228,0.9195871061552454,,,
d,D3_seed20700711,TRAIN,229,0.9341836349710304,,,
d,D3_seed20700711,TRAIN,230,0.9502979721287672,,,
d,D3_seed20700711,TRAIN,231,0.9672529985581847,,,
d,D3_seed20700711,TRAIN,232,0.9863306317247568,,,
d,D3_seed20700711,TRAIN,233,0.9859438682495107,,,
d,D3_seed20700711,TRAIN,234,0.9751081083175789,,,
d,D3_seed20700711,TRAIN,235,0.9876736431397963,,,
d,D3_seed20700711,TRAIN,236,0.9478719785588222,,,
d,D3_seed20700711,TRAIN,237,0.9159158705670355,,,
d,D3_seed20700711,TRAIN,238,0.9305552545816733,,,
d,D3_seed20700711,TRAIN,239,0.970123287980264,,,
d,D3_seed20700711,TRAIN,240,0.9637518138380399,,,
d,D3_seed20700711,TRAIN,241,0.9633456106665151,,,
d,D3_seed20700711,TRAIN,242,0.9137401723591109,,,
d,D3_seed20700711,TRAIN,243,0.9713139653421692,,,
d,D3_seed20700711,TRAIN,244,0.9814320054901434,,,
d,D3_seed20700711,TRAIN,245,0.9275210714881302,,,
d,D3_seed20700711,TRAIN,246,0.9830558897580242,,,
d,D3_seed20700711,TRAIN,247,0.9430540935587527,,,
d,D3_seed20700711,TRAIN,248,0.9663179946011305,,,
d,D3_seed20700711,TRAIN,249,0.9685949775973722,,,
d,D3_seed20700711,TRAIN,250,0.9787628916549682,,,
d,D3_seed20700711,TRAIN,251,0.9095540568578286,,,
d,D3_seed20700711,TRAIN,252,0.9585978505266364,,,
d,D3_seed20700711,TRAIN,253,0.9237851553519089,,,
d,D3_seed20700711,TRAIN,254,0.979369759392209,,,
d,D3_seed20700711,TRAIN,255,0.9631092501654375,,,
d,D3_seed20700711,TRAIN,256,0.938710867740462,,,
d,D3_seed20700711,TRAIN,257,0.9562677066553152,,,
d,D3_seed20700711,TRAIN,258,0.9774200058893564,,,
d,D3_seed20700711,TRAIN,259,0.9744603531990041,,,
d,D3_seed20700711,TRAIN,260,0.9366582923740516,,,
d,D3_seed20700711,TRAIN,261,0.904461065328773,,,
d,D3_seed20700711,TRAIN,262,0.9596770659742994,,,
d,D3_seed20700711,TRAIN,263,0.918698527427954,,,
d,D3_seed20700711,TRAIN,264,0.9610493845394793,,,
d,D3_seed20700711,TRAIN,265,0.9022829773790959,,,
d,D3_seed20700711,TRAIN,266,0.9576086097885999,,,
d,D3_seed20700711,TRAIN,267,0.9594025537591366,,,
d,D3_seed20700711,TRAIN,268,0.9159645442892151,,,
d,D3_seed20700711,TRAIN,269,0.9716443041593423,,,
d,D3_seed20700711,TRAIN,270,0.9311587818609575,,,
d,D3_seed20700711,TRAIN,271,0.9490997094646351,,,
d,D3_seed20700711,TRAIN,272,0.9675405749662414,,,
d,D3_seed20700711,TRAIN,273,0.9479935048655629,,,
d,D3_seed20700711,TRAIN,274,0.9125023518275898,,,
d,D3_seed20700711,TRAIN,275,0.9547630994845142,,,
d,D3_seed20700711,TRAIN,276,0.9275955299622499,,,
d,D3_seed20700711,TRAIN,277,0.9646415729829358,,,
d,D3_seed20700711,TRAIN,278,0.9664346172867904,,,
d,D3_seed20700711,TRAIN,279,0.95028696120508,,,
d,D3_seed20700711,TRAIN,280,0.893323960920389,,,
d,D3_seed20700711,TRAIN,281,0.9490746263519455,,,
d,D3_seed20700711,TRAIN,282,0.9075630756677048,,,
d,D3_seed20700711,TRAIN,283,0.9497424322609748,,,
d,D3_seed20700711,TRAIN,284,0.9415128123506326,,,
d,D3_seed20700711,TRAIN,285,0.9620605223672932,,,
d,D3_seed20700711,TRAIN,286,0.8893817917461487,,,
d,D3_seed20700711,TRAIN,287,0.9205107050975513,,,
d,D3_seed20700711,TRAIN,288,0.9577637118326916,,,
d,D3_seed20700711,TRAIN,289,0.8873393884347017,,,
d,D3_seed20700711,TRAIN,290,0.9564480002961402,,,
d,D3_seed20700711,TRAIN,291,0.9177753550828952,,,
d,D3_seed20700711,TRAIN,292,0.9574404278121376,,,
d,D3_seed20700711,TRAIN,293,0.9429829724535482,,,
d,D3_seed20700711,TRAIN,294,0.9350921532035418,,,
d,D3_seed20700711,TRAIN,295,0.8988250943461041,,,
d,D3_seed20700711,TRAIN,296,0.939360387663177,,,
d,D3_seed20700711,TRAIN,297,0.9386798814415318,,,
d,D3_seed20700711,TRAIN,298,0.9510306735028796,,,
d,D3_seed20700711,TRAIN,299,0.896001293764791,,,
d,D3_seed20700711,TRAIN,300,0.951923062779671,,,
d,D3_seed20700711,TRAIN,301,0.9303733830181568,,,
d,D3_seed20700711,TRAIN,302,0.9099354898946477,,,
d,D3_seed20700711,TRAIN,303,0.9358125834046156,,,
d,D3_seed20700711,TRAIN,304,0.8766074810979065,,,
d,D3_seed20700711,TRAIN,305,0.8916699155433225,,,
d,D3_seed20700711,TRAIN,306,0.933596379440796,,,
d,D3_seed20700711,TRAIN,307,0.8743757124690587,,,
d,D3_seed20700711,TRAIN,308,0.9309832481874882,,,
d,D3_seed20700711,TRAIN,309,0.9047397600951349,,,
d,D3_seed20700711,TRAIN,310,0.9447397820852141,,,
d,D3_seed20700711,TRAIN,311,0.9233738788025195,,,
d,D3_seed20700711,TRAIN,312,0.9410612576391854,,,
d,D3_seed20700711,TRAIN,313,0.8857290311001654,,,
d,D3_seed20700711,TRAIN,314,0.8690711157392109,,,
d,D3_seed20700711,TRAIN,315,0.9410392593315388,,,
d,D3_seed20700711,TRAIN,316,0.9197678631318201,,,
d,D3_seed20700711,TRAIN,317,0.9373650902426581,,,
d,D3_seed20700711,TRAIN,318,0.8978448045430102,,,
d,D3_seed20700711,TRAIN,319,0.9236736526285778,,,
d,D3_seed20700711,TRAIN,320,0.9221794728478687,,,
d,D3_seed20700711,TRAIN,321,0.86363561927065,,,
d,D3_seed20700711,TRAIN,322,0.9206718952551275,,,
d,D3_seed20700711,TRAIN,323,0.8939145988761918,,,
d,D3_seed20700711,TRAIN,324,0.9197212195481523,,,
d,D3_seed20700711,TRAIN,325,0.9334271452349258,,,
d,D3_seed20700711,TRAIN,326,0.8756990221387365,,,
d,D3_seed20700711,TRAIN,327,0.9297693020662097,,,
d,D3_seed20700711,TRAIN,328,0.9108334241363637,,,
d,D3_seed20700711,TRAIN,329,0.9282175345554791,,,
d,D3_seed20700711,TRAIN,330,0.914527751717774,,,
d,D3_seed20700711,TRAIN,331,0.8717205204751188,,,
d,D3_seed20700711,TRAIN,332,0.9132418622534758,,,
d,D3_seed20700711,TRAIN,333,0.8540281359024503,,,
d,D3_seed20700711,TRAIN,334,0.9263383599217423,,,
d,D3_seed20700711,TRAIN,335,0.9054395565506086,,,
d,D3_seed20700711,TRAIN,336,0.8833629893496788,,,
d,D3_seed20700711,TRAIN,337,0.9038739047979137,,,
d,D3_seed20700711,TRAIN,338,0.9082017246801609,,,
d,D3_seed20700711,TRAIN,339,0.8652161047440212,,,
d,D3_seed20700711,TRAIN,340,0.8800190077251522,,,
d,D3_seed20700711,TRAIN,341,0.8474228924899816,,,
d,D3_seed20700711,TRAIN,342,0.9048759779742616,,,
d,D3_seed20700711,TRAIN,343,0.919028261285669,,,
d,D3_seed20700711,TRAIN,344,0.9162372040669134,,,
d,D3_seed20700711,TRAIN,345,0.9023091550829447,,,
d,D3_seed20700711,TRAIN,346,0.9165433885177284,,,
d,D3_seed20700711,TRAIN,347,0.8958862052646197,,,
d,D3_seed20700711,TRAIN,348,0.8577051840733205,,,
d,D3_seed20700711,TRAIN,349,0.9121151368683289,,,
d,D3_seed20700711,TRAIN,350,0.8398202666140339,,,
d,D3_seed20700711,TRAIN,351,0.8706027260620386,,,
d,D3_seed20700711,TRAIN,352,0.8967019366612533,,,
d,D3_seed20700711,TRAIN,353,0.8958602424668171,,,
d,D3_seed20700711,TRAIN,354,0.8525905557466189,,,
d,D3_seed20700711,TRAIN,355,0.8670998668784139,,,
d,D3_seed20700711,TRAIN,356,0.9080942203349305,,,
d,D3_seed20700711,TRAIN,357,0.8337906365529121,,,
d,D3_seed20700711,TRAIN,358,0.8868037296146051,,,
d,D3_seed20700711,TRAIN,359,0.9036875076254693,,,
d,D3_seed20700711,TRAIN,360,0.8890951951477462,,,
d,D3_seed20700711,TRAIN,361,0.8881928621217109,,,
d,D3_seed20700711,TRAIN,362,0.8608775442300215,,,
d,D3_seed20700711,TRAIN,363,0.9020376261580006,,,
d,D3_seed20700711,TRAIN,364,0.8438951014132685,,,
d,D3_seed20700711,TRAIN,365,0.8267983821365797,,,
d,D3_seed20700711,TRAIN,366,0.8846890866409033,,,
d,D3_seed20700711,TRAIN,367,0.8791623456700874,,,
d,D3_seed20700711,TRAIN,368,0.8959174507177701,,,
d,D3_seed20700711,TRAIN,369,0.8394792757097489,,,
d,D3_seed20700711,TRAIN,370,0.8765779101551631,,,
d,D3_seed20700711,TRAIN,371,0.8949901119046269,,,
d,D3_seed20700711,TRAIN,372,0.851810306830239,,,
d,D3_seed20700711,TRAIN,373,0.8915361584550998,,,
d,D3_seed20700711,TRAIN,374,0.8776242321296658,,,
d,D3_seed20700711,TRAIN,375,0.8179490985885528,,,
d,D3_seed20700711,TRAIN,376,0.8743828533070985,,,
d,D3_seed20700711,TRAIN,377,0.8323420315348918,,,
d,D3_seed20700711,TRAIN,378,0.8725078236430275,,,
d,D3_seed20700711,TRAIN,379,0.8687322019370572,,,
d,D3_seed20700711,TRAIN,380,0.8444373292219428,,,
d,D3_seed20700711,TRAIN,381,0.871347681524909,,,
d,D3_seed20700711,TRAIN,382,0.883564759708923,,,
d,D3_seed20700711,TRAIN,383,0.884227750345097,,,
d,D3_seed20700711,TRAIN,384,0.8099481019185458,,,
d,D3_seed20700711,TRAIN,385,0.8634435145078084,,,
d,D3_seed20700711,TRAIN,386,0.8242559308884672,,,
d,D3_seed20700711,TRAIN,387,0.8072878596823141,,,
d,D3_seed20700711,TRAIN,388,0.8782142199154477,,,
d,D3_seed20700711,TRAIN,389,0.8640990367985945,,,
d,D3_seed20700711,TRAIN,390,0.8611510010180012,,,
d,D3_seed20700711,TRAIN,391,0.8769842424603362,,,
d,D3_seed20700711,TRAIN,392,0.8332826558447994,,,
d,D3_seed20700711,TRAIN,393,0.8179727434598177,,,
d,D3_seed20700711,TRAIN,394,0.8011256227412754,,,
d,D3_seed20700711,TRAIN,395,0.8719707431191781,,,
d,D3_seed20700711,TRAIN,396,0.8554413944589143,,,
d,D3_seed20700711,TRAIN,397,0.8286410397937408,,,
d,D3_seed20700711,TRAIN,398,0.870654074632217,,,
d,D3_seed20700711,TRAIN,399,0.8510473869089435,,,
d,D3_seed20700711,TRAIN,400,0.854092265527682,,,
d,D3_seed20700711,TRAIN,401,0.7950767506423634,,,
d,D3_seed20700711,TRAIN,402,0.8484060637514212,,,
d,D3_seed20700711,TRAIN,403,0.8091162515701698,,,
d,D3_seed20700711,TRAIN,404,0.8478620819782449,,,
d,D3_seed20700711,TRAIN,405,0.8643841950033146,,,
d,D3_seed20700711,TRAIN,406,0.8622725790629788,,,
d,D3_seed20700711,TRAIN,407,0.8194835503150087,,,
d,D3_seed20700711,TRAIN,408,0.8468798387149655,,,
d,D3_seed20700711,TRAIN,409,0.7883990953467321,,,
d,D3_seed20700711,TRAIN,410,0.8167904970470306,,,
d,D3_seed20700711,TRAIN,411,0.841327568931516,,,
d,D3_seed20700711,TRAIN,412,0.8582414657212533,,,
d,D3_seed20700711,TRAIN,413,0.8424482427972967,,,
d,D3_seed20700711,TRAIN,414,0.8380419573435929,,,
d,D3_seed20700711,TRAIN,415,0.8545946333036074,,,
d,D3_seed20700711,TRAIN,416,0.798121824220791,,,
d,D3_seed20700711,TRAIN,417,0.8106682865006501,,,
d,D3_seed20700711,TRAIN,418,0.8521208161479443,,,
d,D3_seed20700711,TRAIN,419,0.8372566525839352,,,
d,D3_seed20700711,TRAIN,420,0.8514846553600965,,,
d,D3_seed20700711,TRAIN,421,0.779165487838922,,,
d,D3_seed20700711,TRAIN,422,0.8314507380396757,,,
d,D3_seed20700711,TRAIN,423,0.8306616861088051,,,
d,D3_seed20700711,TRAIN,424,0.7918933261167653,,,
d,D3_seed20700711,TRAIN,425,0.7763878944135565,,,
d,D3_seed20700711,TRAIN,426,0.8283195737821172,,,
d,D3_seed20700711,TRAIN,427,0.8459217648496374,,,
d,D3_seed20700711,TRAIN,428,0.826393763767599,,,
d,D3_seed20700711,TRAIN,429,0.829080471996843,,,
d,D3_seed20700711,TRAIN,430,0.8428873649008869,,,
d,D3_seed20700711,TRAIN,431,0.7869612037187642,,,
d,D3_seed20700711,TRAIN,432,0.798773990350489,,,
d,D3_seed20700711,TRAIN,433,0.7856648504265242,,,
d,D3_seed20700711,TRAIN,434,0.8253095349225639,,,
d,D3_seed20700711,TRAIN,435,0.7703888460898435,,,
d,D3_seed20700711,TRAIN,436,0.838823473030123,,,
d,D3_seed20700711,TRAIN,437,0.8388279190599188,,,
d,D3_seed20700711,TRAIN,438,0.8187836634501424,,,
d,D3_seed20700711,TRAIN,439,0.8191981057388982,,,
d,D3_seed20700711,TRAIN,440,0.7935293317482112,,,
d,D3_seed20700711,TRAIN,441,0.7929439478325268,,,
d,D3_seed20700711,TRAIN,442,0.8174004976202405,,,
d,D3_seed20700711,TRAIN,443,0.8347389393781642,,,
d,D3_seed20700711,TRAIN,444,0.8346933027412778,,,
d,D3_seed20700711,TRAIN,445,0.8181423262054711,,,
d,D3_seed20700711,TRAIN,446,0.8137198544604649,,,
d,D3_seed20700711,TRAIN,447,0.7784704107920197,,,
d,D3_seed20700711,TRAIN,448,0.7653390323196566,,,
d,D3_seed20700711,TRAIN,449,0.7889953865751947,,,
d,D3_seed20700711,TRAIN,450,0.8319065703098509,,,
d,D3_seed20700711,TRAIN,451,0.8152110423337924,,,
d,D3_seed20700711,TRAIN,452,0.7769069354267414,,,
d,D3_seed20700711,TRAIN,453,0.8305853467929978,,,
d,D3_seed20700711,TRAIN,454,0.8101524162528271,,,
d,D3_seed20700711,TRAIN,455,0.7641194257844872,,,
d,D3_seed20700711,TRAIN,456,0.8114419136711647,,,
d,D3_seed20700711,TRAIN,457,0.8297424731381298,,,
d,D3_seed20700711,TRAIN,458,0.8128783683219782,,,
d,D3_seed20700711,TRAIN,459,0.7637894940858005,,,
d,D3_seed20700711,TRAIN,460,0.8289767231580868,,,
d,D3_seed20700711,TRAIN,461,0.7753251533004274,,,
d,D3_seed20700711,TRAIN,462,0.8081206659558068,,,
d,D3_seed20700711,TRAIN,463,0.810036180926286,,,
d,D3_seed20700711,TRAIN,464,0.7855238853988685,,,
d,D3_seed20700711,TRAIN,465,0.8097167207419425,,,
d,D3_seed20700711,TRAIN,466,0.8113153699037061,,,
d,D3_seed20700711,TRAIN,467,0.7748821391035855,,,
d,D3_seed20700711,TRAIN,468,0.7635701663628471,,,
d,D3_seed20700711,TRAIN,469,0.8278731033424892,,,
d,D3_seed20700711,TRAIN,470,0.8069143248421531,,,
d,D3_seed20700711,TRAIN,471,0.8276825238706309,,,
d,D3_seed20700711,TRAIN,472,0.784793968711858,,,
d,D3_seed20700711,TRAIN,473,0.8275107275449423,,,
d,D3_seed20700711,TRAIN,474,0.8104826211159626,,,
d,D3_seed20700711,TRAIN,475,0.8273835187273915,,,
d,D3_seed20700711,TRAIN,476,0.8086284852269554,,,
d,D3_seed20700711,TRAIN,477,0.7844928023439335,,,
d,D3_seed20700711,TRAIN,478,0.7742399767207658,,,
d,D3_seed20700711,TRAIN,479,0.7630427792827138,,,
d,D3_seed20700711,TRAIN,480,0.8061243832406404,,,
d,D3_seed20700711,TRAIN,481,0.7739359325369566,,,
d,D3_seed20700711,TRAIN,482,0.8100271933381444,,,
d,D3_seed20700711,TRAIN,483,0.7842277656762353,,,
d,D3_seed20700711,TRAIN,484,0.8082747850594814,,,
d,D3_seed20700711,TRAIN,485,0.8267713911864564,,,
d,D3_seed20700711,TRAIN,486,0.8267997511756874,,,
d,D3_seed20700711,TRAIN,487,0.7628145914104013,,,
d,D3_seed20700711,TRAIN,488,0.8056386898968546,,,
d,D3_seed20700711,TRAIN,489,0.8267019969405107,,,
d,D3_seed20700711,TRAIN,490,0.7738128420663526,,,
d,D3_seed20700711,TRAIN,491,0.8264890244927124,,,
d,D3_seed20700711,TRAIN,492,0.783877670402504,,,
d,D3_seed20700711,TRAIN,493,0.8093844396980285,,,
d,D3_seed20700711,TRAIN,494,0.8054632131453386,,,
d,D3_seed20700711,TRAIN,495,0.7624709514830962,,,
d,D3_seed20700711,TRAIN,496,0.8076698328525734,,,
d,D3_seed20700711,TRAIN,497,0.8076251910830198,,,
d,D3_seed20700711,TRAIN,498,0.7625880402050517,,,
d,D3_seed20700711,TRAIN,499,0.8090539995973244,,,
d,D3_seed20700711,TRAIN,500,0.783675680699514,,,
d,D3_seed20700711,TRAIN,501,0.8261337275807,,,
d,D3_seed20700711,TRAIN,502,0.8050950490421088,,,
d,D3_seed20700711,TRAIN,503,0.8262409222103694,,,
d,D3_seed20700711,TRAIN,504,0.7734006187094876,,,
d,D3_seed20700711,TRAIN,505,0.8088771479111939,,,
d,D3_seed20700711,TRAIN,506,0.7622424738299218,,,
d,D3_seed20700711,TRAIN,507,0.8259460597639601,,,
d,D3_seed20700711,TRAIN,508,0.773112312119983,,,
d,D3_seed20700711,TRAIN,509,0.8051034825004715,,,
d,D3_seed20700711,TRAIN,510,0.7834523497854846,,,
d,D3_seed20700711,TRAIN,511,0.8073704836093855,,,
d,D3_seed20700711,TRAIN,512,0.8260003107998407,,,
d,D3_seed20700711,TRAIN,513,0.8071881167508576,,,
d,D3_seed20700711,TRAIN,514,0.8257493095669102,,,
d,D3_seed20700711,TRAIN,515,0.8259709039893214,,,
d,D3_seed20700711,TRAIN,516,0.7626678397615717,,,
d,D3_seed20700711,TRAIN,517,0.8084249554270421,,,
d,D3_seed20700711,TRAIN,518,0.8045952856497912,,,
d,D3_seed20700711,TRAIN,519,0.7833271332117853,,,
d,D3_seed20700711,TRAIN,520,0.7731798135247417,,,
d,D3_seed20700711,TRAIN,521,0.7730109878211865,,,
d,D3_seed20700711,TRAIN,522,0.7617037581956289,,,
d,D3_seed20700711,TRAIN,523,0.8258314491249152,,,
d,D3_seed20700711,TRAIN,524,0.8050585050926876,,,
d,D3_seed20700711,TRAIN,525,0.7833642103598399,,,
d,D3_seed20700711,TRAIN,526,0.8073478670663998,,,
d,D3_seed20700711,TRAIN,527,0.8088088245961786,,,
d,D3_seed20700711,TRAIN,528,0.8255328650857654,,,
d,D3_seed20700711,TRAIN,529,0.808339424284484,,,
d,D3_seed20700711,TRAIN,530,0.8254038608202137,,,
d,D3_seed20700711,TRAIN,531,0.7831999692612245,,,
d,D3_seed20700711,TRAIN,532,0.8043300926415707,,,
d,D3_seed20700711,TRAIN,533,0.7631315511618224,,,
d,D3_seed20700711,TRAIN,534,0.8258234278173701,,,
d,D3_seed20700711,TRAIN,535,0.8067148788118261,,,
d,D3_seed20700711,TRAIN,536,0.7730972753005637,,,
d,D3_seed20700711,TRAIN,537,0.8066390706872715,,,
d,D3_seed20700711,TRAIN,538,0.8254891194454933,,,
d,D3_seed20700711,TRAIN,539,0.7725563166318323,,,
d,D3_seed20700711,TRAIN,540,0.7610883912635527,,,
d,D3_seed20700711,TRAIN,541,0.8048761805842629,,,
d,D3_seed20700711,TRAIN,542,0.825750888431843,,,
d,D3_seed20700711,TRAIN,543,0.8091766475043307,,,
d,D3_seed20700711,TRAIN,544,0.7833865479280764,,,
d,D3_seed20700711,TRAIN,545,0.805071681310955,,,
d,D3_seed20700711,TRAIN,546,0.7607288019526857,,,
d,D3_seed20700711,TRAIN,547,0.7830305052101747,,,
d,D3_seed20700711,TRAIN,548,0.8252821957961297,,,
d,D3_seed20700711,TRAIN,549,0.8066427342116846,,,
d,D3_seed20700711,TRAIN,550,0.8253299256505369,,,
d,D3_seed20700711,TRAIN,551,0.7727174981924237,,,
d,D3_seed20700711,TRAIN,552,0.8077595644932483,,,
d,D3_seed20700711,TRAIN,553,0.8251536220103819,,,
d,D3_seed20700711,TRAIN,554,0.8077225549616178,,,
d,D3_seed20700711,TRAIN,555,0.7731020259512908,,,
d,D3_seed20700711,TRAIN,556,0.8254403048642954,,,
d,D3_seed20700711,TRAIN,557,0.7622678448996443,,,
d,D3_seed20700711,TRAIN,558,0.8039240183590949,,,
d,D3_seed20700711,TRAIN,559,0.8063515389727463,,,
d,D3_seed20700711,TRAIN,560,0.7826848897686294,,,
d,D3_seed20700711,TRAIN,561,0.8249273915472788,,,
d,D3_seed20700711,TRAIN,562,0.8063907633720528,,,
d,D3_seed20700711,TRAIN,563,0.8251598539134001,,,
d,D3_seed20700711,TRAIN,564,0.7826322713852902,,,
d,D3_seed20700711,TRAIN,565,0.8038881905814099,,,
d,D3_seed20700711,TRAIN,566,0.7724119596296012,,,
d,D3_seed20700711,TRAIN,567,0.8075769383983284,,,
d,D3_seed20700711,TRAIN,568,0.7617834551577403,,,
d,D3_seed20700711,TRAIN,569,0.8251122637677094,,,
d,D3_seed20700711,TRAIN,570,0.8247740218246462,,,
d,D3_seed20700711,TRAIN,571,0.8061537476172771,,,
d,D3_seed20700711,TRAIN,572,0.7614340892194493,,,
d,D3_seed20700711,TRAIN,573,0.782518126658483,,,
d,D3_seed20700711,TRAIN,574,0.8038189604210525,,,
d,D3_seed20700711,TRAIN,575,0.7721008977139762,,,
d,D3_seed20700711,TRAIN,576,0.8076962085170981,,,
d,D3_seed20700711,TRAIN,577,0.8038699469321822,,,
d,D3_seed20700711,TRAIN,578,0.8249593395383894,,,
d,D3_seed20700711,TRAIN,579,0.7610496663272642,,,
d,D3_seed20700711,TRAIN,580,0.824622363549322,,,
d,D3_seed20700711,TRAIN,581,0.8060529219215982,,,
d,D3_seed20700711,TRAIN,582,0.8073646317606784,,,
d,D3_seed20700711,TRAIN,583,0.7723362412934206,,,
d,D3_seed20700711,TRAIN,584,0.7825002983881748,,,
d,D3_seed20700711,TRAIN,585,0.8034941761193314,,,
d,D3_seed20700711,TRAIN,586,0.8249147103350877,,,
d,D3_seed20700711,TRAIN,587,0.7616147802969241,,,
d,D3_seed20700711,TRAIN,588,0.8244957013457701,,,
d,D3_seed20700711,TRAIN,589,0.8059395538669466,,,
d,D3_seed20700711,TRAIN,590,0.7719658185705145,,,
d,D3_seed20700711,TRAIN,591,0.7823248411443368,,,
d,D3_seed20700711,TRAIN,592,0.8075005503215276,,,
d,D3_seed20700711,TRAIN,593,0.7823244990803938,,,
d,D3_seed20700711,TRAIN,594,0.7718324654212546,,,
d,D3_seed20700711,TRAIN,595,0.8244690869964776,,,
d,D3_seed20700711,TRAIN,596,0.7606684751096316,,,
d,D3_seed20700711,TRAIN,597,0.8073724304114349,,,
d,D3_seed20700711,TRAIN,598,0.8035180313678341,,,
d,D3_seed20700711,TRAIN,599,0.8058259391290377,,,
d,D3_seed20700711,TRAIN,600,0.8246739012367736,,,
d,D3_seed20700711,TRAIN,601,0.7614585280462872,,,
d,D3_seed20700711,TRAIN,602,0.7822932658101432,,,
d,D3_seed20700711,TRAIN,603,0.8243173837674537,,,
d,D3_seed20700711,TRAIN,604,0.803261405793362,,,
d,D3_seed20700711,TRAIN,605,0.8246243187402484,,,
d,D3_seed20700711,TRAIN,606,0.7719225575239047,,,
d,D3_seed20700711,TRAIN,607,0.805717402991149,,,
d,D3_seed20700711,TRAIN,608,0.8071025732751488,,,
d,D3_seed20700711,TRAIN,609,0.8057017536406711,,,
d,D3_seed20700711,TRAIN,610,0.7821239721993205,,,
d,D3_seed20700711,TRAIN,611,0.8245397939968168,,,
d,D3_seed20700711,TRAIN,612,0.8241738331629748,,,
d,D3_seed20700711,TRAIN,613,0.8031569706617631,,,
d,D3_seed20700711,TRAIN,614,0.7612171503824491,,,
d,D3_seed20700711,TRAIN,615,0.8068480747249583,,,
d,D3_seed20700711,TRAIN,616,0.7719498319536368,,,
d,D3_seed20700711,TRAIN,617,0.7719097401657194,,,
d,D3_seed20700711,TRAIN,618,0.8031024295656892,,,
d,D3_seed20700711,TRAIN,619,0.8055251979377249,,,
d,D3_seed20700711,TRAIN,620,0.8068206290727211,,,
d,D3_seed20700711,TRAIN,621,0.7820505028510997,,,
d,D3_seed20700711,TRAIN,622,0.7611420593585803,,,
d,D3_seed20700711,TRAIN,623,0.824032266171809,,,
d,D3_seed20700711,TRAIN,624,0.8243848566177169,,,
d,D3_seed20700711,TRAIN,625,0.8030644339204397,,,
d,D3_seed20700711,TRAIN,626,0.7606883487842869,,,
d,D3_seed20700711,TRAIN,627,0.7715574944595784,,,
d,D3_seed20700711,TRAIN,628,0.8240263619610061,,,
d,D3_seed20700711,TRAIN,629,0.8243717574463384,,,
d,D3_seed20700711,TRAIN,630,0.8069668993806766,,,
d,D3_seed20700711,TRAIN,631,0.7819153964935524,,,
d,D3_seed20700711,TRAIN,632,0.8054333478252628,,,
d,D3_seed20700711,TRAIN,633,0.7819071348410835,,,
d,D3_seed20700711,TRAIN,634,0.8053296938450969,,,
d,D3_seed20700711,TRAIN,635,0.8243285917695118,,,
d,D3_seed20700711,TRAIN,636,0.7613144449637034,,,
d,D3_seed20700711,TRAIN,637,0.8028376771733411,,,
d,D3_seed20700711,TRAIN,638,0.7717821380314809,,,
d,D3_seed20700711,TRAIN,639,0.8065414873723367,,,
d,D3_seed20700711,TRAIN,640,0.8238333351757711,,,
d,D3_seed20700711,TRAIN,641,0.7818498708318005,,,
d,D3_seed20700711,TRAIN,642,0.8052694884203087,,,
d,D3_seed20700711,TRAIN,643,0.8237910282487405,,,
d,D3_seed20700711,TRAIN,644,0.7605582775715009,,,
d,D3_seed20700711,TRAIN,645,0.824154439221999,,,
d,D3_seed20700711,TRAIN,646,0.7713414868597027,,,
d,D3_seed20700711,TRAIN,647,0.8029849028736722,,,
d,D3_seed20700711,TRAIN,648,0.8067831688240512,,,
d,D3_seed20700711,TRAIN,649,0.7817687706371765,,,
d,D3_seed20700711,TRAIN,650,0.7601571350506293,,,
d,D3_seed20700711,TRAIN,651,0.8052899032121615,,,
d,D3_seed20700711,TRAIN,652,0.8240935833403834,,,
d,D3_seed20700711,TRAIN,653,0.771336187322562,,,
d,D3_seed20700711,TRAIN,654,0.8064924914269205,,,
d,D3_seed20700711,TRAIN,655,0.8027147998385966,,,
d,D3_seed20700711,TRAIN,656,0.8236594085564878,,,
d,D3_seed20700711,TRAIN,657,0.8240975459326733,,,
d,D3_seed20700711,TRAIN,658,0.802618475006999,,,
d,D3_seed20700711,TRAIN,659,0.8236646146438477,,,
d,D3_seed20700711,TRAIN,660,0.7716021542335245,,,
d,D3_seed20700711,TRAIN,661,0.7607862526293765,,,
d,D3_seed20700711,TRAIN,662,0.7816515070747765,,,
d,D3_seed20700711,TRAIN,663,0.8051311167063067,,,
d,D3_seed20700711,TRAIN,664,0.806529492521167,,,
d,D3_seed20700711,TRAIN,665,0.8239925194730162,,,
d,D3_seed20700711,TRAIN,666,0.80273645417069,,,
d,D3_seed20700711,TRAIN,667,0.7602106325905867,,,
d,D3_seed20700711,TRAIN,668,0.8050461685574679,,,
d,D3_seed20700711,TRAIN,669,0.823519852786559,,,
d,D3_seed20700711,TRAIN,670,0.806228318787577,,,
d,D3_seed20700711,TRAIN,671,0.7816676012449855,,,
d,D3_seed20700711,TRAIN,672,0.7715626722024557,,,
d,D3_seed20700711,TRAIN,673,0.8024737228054374,,,
d,D3_seed20700711,TRAIN,674,0.8049202357959189,,,
d,D3_seed20700711,TRAIN,675,0.7715061445519804,,,
d,D3_seed20700711,TRAIN,676,0.7607561549837334,,,
d,D3_seed20700711,TRAIN,677,0.823443846988367,,,
d,D3_seed20700711,TRAIN,678,0.8238527768639186,,,
d,D3_seed20700711,TRAIN,679,0.8063244620893278,,,
d,D3_seed20700711,TRAIN,680,0.781514251764093,,,
d,D3_seed20700711,TRAIN,681,0.7710149724059394,,,
d,D3_seed20700711,TRAIN,682,0.8026648217844052,,,
d,D3_seed20700711,TRAIN,683,0.8050442272009425,,,
d,D3_seed20700711,TRAIN,684,0.8234323509779885,,,
d,D3_seed20700711,TRAIN,685,0.7814722545726785,,,
d,D3_seed20700711,TRAIN,686,0.8237880340163075,,,
d,D3_seed20700711,TRAIN,687,0.7604238421240743,,,
d,D3_seed20700711,TRAIN,688,0.8060565486183515,,,
d,D3_seed20700711,TRAIN,689,0.8060146486487658,,,
d,D3_seed20700711,TRAIN,690,0.8233745948236493,,,
d,D3_seed20700711,TRAIN,691,0.781596167326797,,,
d,D3_seed20700711,TRAIN,692,0.8238427659673486,,,
d,D3_seed20700711,TRAIN,693,0.8022997154266764,,,
d,D3_seed20700711,TRAIN,694,0.7606284896872991,,,
d,D3_seed20700711,TRAIN,695,0.7711368643168001,,,
d,D3_seed20700711,TRAIN,696,0.8048005715059142,,,
d,D3_seed20700711,TRAIN,697,0.8061508919233619,,,
d,D3_seed20700711,TRAIN,698,0.8237011986543217,,,
d,D3_seed20700711,TRAIN,699,0.7709069356268129,,,
d,D3_seed20700711,TRAIN,700,0.8232808030167127,,,
d,D3_seed20700711,TRAIN,701,0.8024206135636673,,,
d,D3_seed20700711,TRAIN,702,0.8047688016346315,,,
d,D3_seed20700711,TRAIN,703,0.7813600376844099,,,
d,D3_seed20700711,TRAIN,704,0.7603425950108691,,,
d,D3_seed20700711,TRAIN,705,0.8236530286052346,,,
d,D3_seed20700711,TRAIN,706,0.7813622464757595,,,
d,D3_seed20700711,TRAIN,707,0.7601627575629444,,,
d,D3_seed20700711,TRAIN,708,0.8047116644412569,,,
d,D3_seed20700711,TRAIN,709,0.7708443347757745,,,
d,D3_seed20700711,TRAIN,710,0.8232152075046694,,,
d,D3_seed20700711,TRAIN,711,0.8024231272103193,,,
d,D3_seed20700711,TRAIN,712,0.806111213062757,,,
d,D3_seed20700711,TRAIN,713,0.8047153173619359,,,
d,D3_seed20700711,TRAIN,714,0.8231230315706327,,,
d,D3_seed20700711,TRAIN,715,0.8235765617227866,,,
d,D3_seed20700711,TRAIN,716,0.7604767147249069,,,
d,D3_seed20700711,TRAIN,717,0.7813479021834131,,,
d,D3_seed20700711,TRAIN,718,0.8057571853724697,,,
d,D3_seed20700711,TRAIN,719,0.8021026031343206,,,
d,D3_seed20700711,TRAIN,720,0.7711363458871181,,,
d,D3_seed20700711,TRAIN,721,0.804530214185391,,,
d,D3_seed20700711,TRAIN,722,0.7604417912401902,,,
d,D3_seed20700711,TRAIN,723,0.8230530171273719,,,
d,D3_seed20700711,TRAIN,724,0.770890163650569,,,
d,D3_seed20700711,TRAIN,725,0.8058601935630357,,,
d,D3_seed20700711,TRAIN,726,0.7812035884622137,,,
d,D3_seed20700711,TRAIN,727,0.8022363669121918,,,
d,D3_seed20700711,TRAIN,728,0.8234828655309676,,,
d,D3_seed20700711,TRAIN,729,0.8058678751080682,,,
d,D3_seed20700711,TRAIN,730,0.8021039523274822,,,
d,D3_seed20700711,TRAIN,731,0.7709134002271373,,,
d,D3_seed20700711,TRAIN,732,0.8229950691065663,,,
d,D3_seed20700711,TRAIN,733,0.8234856854058799,,,
d,D3_seed20700711,TRAIN,734,0.8044358855052117,,,
d,D3_seed20700711,TRAIN,735,0.7812202963719616,,,
d,D3_seed20700711,TRAIN,736,0.7601554853336534,,,
d,D3_seed20700711,TRAIN,737,0.8234040430850621,,,
d,D3_seed20700711,TRAIN,738,0.8229520701730573,,,
d,D3_seed20700711,TRAIN,739,0.7595452254013113,,,
d,D3_seed20700711,TRAIN,740,0.7705533789933813,,,
d,D3_seed20700711,TRAIN,741,0.7812122719971054,,,
d,D3_seed20700711,TRAIN,742,0.8062457887248449,,,
d,D3_seed20700711,TRAIN,743,0.8025159983434351,,,
d,D3_seed20700711,TRAIN,744,0.8048074487272008,,,
d,D3_seed20700711,TRAIN,745,0.8230568437967252,,,
d,D3_seed20700711,TRAIN,746,0.8045645184074575,,,
d,D3_seed20700711,TRAIN,747,0.7810802110738442,,,
d,D3_seed20700711,TRAIN,748,0.7707496520338001,,,
d,D3_seed20700711,TRAIN,749,0.8019033077301416,,,
d,D3_seed20700711,TRAIN,750,0.7604107550774231,,,
d,D3_seed20700711,TRAIN,751,0.8054709057200272,,,
d,D3_seed20700711,TRAIN,752,0.8234428774483747,,,
d,D3_seed20700711,TRAIN,753,0.8043214492392305,,,
d,D3_seed20700711,TRAIN,754,0.7606451284558586,,,
d,D3_seed20700711,TRAIN,755,0.8233727991224249,,,
d,D3_seed20700711,TRAIN,756,0.8054810444360135,,,
d,D3_seed20700711,TRAIN,757,0.8018645523539112,,,
d,D3_seed20700711,TRAIN,758,0.7810607659607882,,,
d,D3_seed20700711,TRAIN,759,0.8227885952191468,,,
d,D3_seed20700711,TRAIN,760,0.7706261554432658,,,
d,D3_seed20700711,TRAIN,761,0.7810064768224676,,,
d,D3_seed20700711,TRAIN,762,0.8232641020549211,,,
d,D3_seed20700711,TRAIN,763,0.8057189945389995,,,
d,D3_seed20700711,TRAIN,764,0.7593293096573265,,,
d,D3_seed20700711,TRAIN,765,0.8228245945407017,,,
d,D3_seed20700711,TRAIN,766,0.8044117751958346,,,
d,D3_seed20700711,TRAIN,767,0.7704474737142354,,,
d,D3_seed20700711,TRAIN,768,0.8019474584346775,,,
d,D3_seed20700711,TRAIN,769,0.7594809639834854,,,
d,D3_seed20700711,TRAIN,770,0.8042977619979534,,,
d,D3_seed20700711,TRAIN,771,0.80185213791382,,,
d,D3_seed20700711,TRAIN,772,0.8231881445870295,,,
d,D3_seed20700711,TRAIN,773,0.7809836711455231,,,
d,D3_seed20700711,TRAIN,774,0.8053685780087768,,,
d,D3_seed20700711,TRAIN,775,0.7707532030336021,,,
d,D3_seed20700711,TRAIN,776,0.8226952364054463,,,
d,D3_seed20700711,TRAIN,777,0.8226819984043564,,,
d,D3_seed20700711,TRAIN,778,0.7706562935669232,,,
d,D3_seed20700711,TRAIN,779,0.8017499280481137,,,
d,D3_seed20700711,TRAIN,780,0.8041789847767209,,,
d,D3_seed20700711,TRAIN,781,0.8053855087273415,,,
d,D3_seed20700711,TRAIN,782,0.7809246681592596,,,
d,D3_seed20700711,TRAIN,783,0.7598444706693489,,,
d,D3_seed20700711,TRAIN,784,0.8231170702217689,,,
d,D3_seed20700711,TRAIN,785,0.8231046344282333,,,
d,D3_seed20700711,TRAIN,786,0.8053892742237366,,,
d,D3_seed20700711,TRAIN,787,0.7595230941426009,,,
d,D3_seed20700711,TRAIN,788,0.822605449832188,,,
d,D3_seed20700711,TRAIN,789,0.8017639244579177,,,
d,D3_seed20700711,TRAIN,790,0.7703899909343441,,,
d,D3_seed20700711,TRAIN,791,0.7808471244840621,,,
d,D3_seed20700711,TRAIN,792,0.8041511657241281,,,
d,D3_seed20700711,TRAIN,793,0.7808374420033795,,,
d,D3_seed20700711,TRAIN,794,0.7594618714755514,,,
d,D3_seed20700711,TRAIN,795,0.7703521830060015,,,
d,D3_seed20700711,TRAIN,796,0.8230501582413778,,,
d,D3_seed20700711,TRAIN,797,0.8054596709264034,,,
d,D3_seed20700711,TRAIN,798,0.8041686871570829,,,
d,D3_seed20700711,TRAIN,799,0.80172181712207,,,
d,D3_seed20700711,TRAIN,800,0.8225181290054293,,,
d,D3_seed20700711,TRAIN,801,0.8230198491956323,,,
d,D3_seed20700711,TRAIN,802,0.8225106036232138,,,
d,D3_seed20700711,TRAIN,803,0.8015535340161853,,,
d,D3_seed20700711,TRAIN,804,0.7808999150689344,,,
d,D3_seed20700711,TRAIN,805,0.8051086455139285,,,
d,D3_seed20700711,TRAIN,806,0.7602051479049334,,,
d,D3_seed20700711,TRAIN,807,0.7706780110573965,,,
d,D3_seed20700711,TRAIN,808,0.8039553513085026,,,
d,D3_seed20700711,TRAIN,809,0.7808211253801749,,,
d,D3_seed20700711,TRAIN,810,0.8224479787560253,,,
d,D3_seed20700711,TRAIN,811,0.8052110973845588,,,
d,D3_seed20700711,TRAIN,812,0.8015935050311512,,,
d,D3_seed20700711,TRAIN,813,0.8229368884521536,,,
d,D3_seed20700711,TRAIN,814,0.8039729100660833,,,
d,D3_seed20700711,TRAIN,815,0.7595550654328914,,,
d,D3_seed20700711,TRAIN,816,0.770359407957929,,,
d,D3_seed20700711,TRAIN,817,0.8039409592287574,,,
d,D3_seed20700711,TRAIN,818,0.8229107007987573,,,
d,D3_seed20700711,TRAIN,819,0.7807212961175017,,,
d,D3_seed20700711,TRAIN,820,0.8015196641693315,,,
d,D3_seed20700711,TRAIN,821,0.7594470059393134,,,
d,D3_seed20700711,TRAIN,822,0.8223746132300245,,,
d,D3_seed20700711,TRAIN,823,0.8051386497398156,,,
d,D3_seed20700711,TRAIN,824,0.7702667377874736,,,
d,D3_seed20700711,TRAIN,825,0.8039037713779129,,,
d,D3_seed20700711,TRAIN,826,0.7594483104048511,,,
d,D3_seed20700711,TRAIN,827,0.780679723379383,,,
d,D3_seed20700711,TRAIN,828,0.770213499445719,,,
d,D3_seed20700711,TRAIN,829,0.8051706793865693,,,
d,D3_seed20700711,TRAIN,830,0.8223545392741006,,,
d,D3_seed20700711,TRAIN,831,0.8228440381375982,,,
d,D3_seed20700711,TRAIN,832,0.8015028501795117,,,
d,D3_seed20700711,TRAIN,833,0.7593273148388382,,,
d,D3_seed20700711,TRAIN,834,0.8014363832380924,,,
d,D3_seed20700711,TRAIN,835,0.8228242815371812,,,
d,D3_seed20700711,TRAIN,836,0.8049741099853407,,,
d,D3_seed20700711,TRAIN,837,0.8223002534390061,,,
d,D3_seed20700711,TRAIN,838,0.7704543635461104,,,
d,D3_seed20700711,TRAIN,839,0.7807147695364973,,,
d,D3_seed20700711,TRAIN,840,0.8037728312320949,,,
d,D3_seed20700711,TRAIN,841,0.7806614211774484,,,
d,D3_seed20700711,TRAIN,842,0.822786036526116,,,
d,D3_seed20700711,TRAIN,843,0.803809344361031,,,
d,D3_seed20700711,TRAIN,844,0.770114038484207,,,
d,D3_seed20700711,TRAIN,845,0.7590459222872802,,,
d,D3_seed20700711,TRAIN,846,0.8051991869937286,,,
d,D3_seed20700711,TRAIN,847,0.8223294013764396,,,
d,D3_seed20700711,TRAIN,848,0.8015960674152908,,,
d,D3_seed20700711,TRAIN,849,0.8039329770491481,,,
d,D3_seed20700711,TRAIN,850,0.8222561417392106,,,
d,D3_seed20700711,TRAIN,851,0.8050036768094331,,,
d,D3_seed20700711,TRAIN,852,0.8227387963019025,,,
d,D3_seed20700711,TRAIN,853,0.7703342110782392,,,
d,D3_seed20700711,TRAIN,854,0.8012641864969224,,,
d,D3_seed20700711,TRAIN,855,0.7807020479718064,,,
d,D3_seed20700711,TRAIN,856,0.7600172247844001,,,
d,D3_seed20700711,TRAIN,857,0.803682102938702,,,
d,D3_seed20700711,TRAIN,858,0.8047966680343286,,,
d,D3_seed20700711,TRAIN,859,0.8227557339077899,,,
d,D3_seed20700711,TRAIN,860,0.7596746323563606,,,
d,D3_seed20700711,TRAIN,861,0.770191925153852,,,
d,D3_seed20700711,TRAIN,862,0.8013031652509104,,,
d,D3_seed20700711,TRAIN,863,0.8221568093164413,,,
d,D3_seed20700711,TRAIN,864,0.7805089641202626,,,
d,D3_seed20700711,TRAIN,865,0.7805056068233206,,,
d,D3_seed20700711,TRAIN,866,0.8013799503905036,,,
d,D3_seed20700711,TRAIN,867,0.7699488439711661,,,
d,D3_seed20700711,TRAIN,868,0.8221538593183434,,,
d,D3_seed20700711,TRAIN,869,0.8037414245732031,,,
d,D3_seed20700711,TRAIN,870,0.8226441672805157,,,
d,D3_seed20700711,TRAIN,871,0.8048554253140153,,,
d,D3_seed20700711,TRAIN,872,0.7593813646001518,,,
d,D3_seed20700711,TRAIN,873,0.8226520152707678,,,
d,D3_seed20700711,TRAIN,874,0.8220931179346408,,,
d,D3_seed20700711,TRAIN,875,0.7701661370177649,,,
d,D3_seed20700711,TRAIN,876,0.7593601117640325,,,
d,D3_seed20700711,TRAIN,877,0.7804663210468387,,,
d,D3_seed20700711,TRAIN,878,0.8036745555533409,,,
d,D3_seed20700711,TRAIN,879,0.8049282004292231,,,
d,D3_seed20700711,TRAIN,880,0.8013027127431739,,,
d,D3_seed20700711,TRAIN,881,0.7804398820847253,,,
d,D3_seed20700711,TRAIN,882,0.8048453672568316,,,
d,D3_seed20700711,TRAIN,883,0.8225832832361898,,,
d,D3_seed20700711,TRAIN,884,0.8035760523177139,,,
d,D3_seed20700711,TRAIN,885,0.7701378445124524,,,
d,D3_seed20700711,TRAIN,886,0.8011212589706611,,,
d,D3_seed20700711,TRAIN,887,0.8220506208431264,,,
d,D3_seed20700711,TRAIN,888,0.7596938370329143,,,
d,D3_seed20700711,TRAIN,889,0.8220337026173777,,,
d,D3_seed20700711,TRAIN,890,0.8035270815029435,,,
d,D3_seed20700711,TRAIN,891,0.7593620625681475,,,
d,D3_seed20700711,TRAIN,892,0.8011353755362749,,,
d,D3_seed20700711,TRAIN,893,0.7699567748248727,,,
d,D3_seed20700711,TRAIN,894,0.8225317420860616,,,
d,D3_seed20700711,TRAIN,895,0.7803847796510057,,,
d,D3_seed20700711,TRAIN,896,0.8048501177293846,,,
d,D3_seed20700711,TRAIN,897,0.8048495710922111,,,
d,D3_seed20700711,TRAIN,898,0.8012011249250248,,,
d,D3_seed20700711,TRAIN,899,0.8225094104366104,,,
d,D3_seed20700711,TRAIN,900,0.7699319747553006,,,
d,D3_seed20700711,TRAIN,901,0.780383519805538,,,
d,D3_seed20700711,TRAIN,902,0.7591295577490025,,,
d,D3_seed20700711,TRAIN,903,0.821945501375203,,,
d,D3_seed20700711,TRAIN,904,0.8035248800325954,,,
d,D3_seed20700711,TRAIN,905,0.7589765338358965,,,
d,D3_seed20700711,TRAIN,906,0.8035246565884344,,,
d,D3_seed20700711,TRAIN,907,0.7698430795747901,,,
d,D3_seed20700711,TRAIN,908,0.8219331318255843,,,
d,D3_seed20700711,TRAIN,909,0.8011240298881048,,,
d,D3_seed20700711,TRAIN,910,0.8224628004117008,,,
d,D3_seed20700711,TRAIN,911,0.8046529324857438,,,
d,D3_seed20700711,TRAIN,912,0.7803515673598116,,,
d,D3_seed20700711,TRAIN,913,0.8010221140558622,,,
d,D3_seed20700711,TRAIN,914,0.7700289159569015,,,
d,D3_seed20700711,TRAIN,915,0.8034106310591957,,,
d,D3_seed20700711,TRAIN,916,0.7803967705193341,,,
d,D3_seed20700711,TRAIN,917,0.8224722653878547,,,
d,D3_seed20700711,TRAIN,918,0.8045360910153646,,,
d,D3_seed20700711,TRAIN,919,0.7592688918059409,,,
d,D3_seed20700711,TRAIN,920,0.8218629132728549,,,
d,D3_seed20700711,TRAIN,921,0.8218576088119277,,,
d,D3_seed20700711,TRAIN,922,0.7802943530327645,,,
d,D3_seed20700711,TRAIN,923,0.7697666254770983,,,
d,D3_seed20700711,TRAIN,924,0.8224121741982884,,,
d,D3_seed20700711,TRAIN,925,0.8047601187768878,,,
d,D3_seed20700711,TRAIN,926,0.7585433347954763,,,
d,D3_seed20700711,TRAIN,927,0.8035696233918117,,,
d,D3_seed20700711,TRAIN,928,0.8011978062728045,,,
d,D3_seed20700711,TRAIN,929,0.7696251750583886,,,
d,D3_seed20700711,TRAIN,930,0.7802721807664706,,,
d,D3_seed20700711,TRAIN,931,0.8218824888909135,,,
d,D3_seed20700711,TRAIN,932,0.8011013455815696,,,
d,D3_seed20700711,TRAIN,933,0.7587303658222282,,,
d,D3_seed20700711,TRAIN,934,0.8034015974557255,,,
d,D3_seed20700711,TRAIN,935,0.822357756714536,,,
d,D3_seed20700711,TRAIN,936,0.8044897833691771,,,
d,D3_seed20700711,TRAIN,937,0.8044391231179842,,,
d,D3_seed20700711,TRAIN,938,0.8224233441833898,,,
d,D3_seed20700711,TRAIN,939,0.7804114311239082,,,
d,D3_seed20700711,TRAIN,940,0.7598085379515024,,,
d,D3_seed20700711,TRAIN,941,0.7701845769328272,,,
d,D3_seed20700711,TRAIN,942,0.8032943034179718,,,
d,D3_seed20700711,TRAIN,943,0.8008715771981787,,,
d,D3_seed20700711,TRAIN,944,0.8217778342098286,,,
d,D3_seed20700711,TRAIN,945,0.8032895466899407,,,
d,D3_seed20700711,TRAIN,946,0.7698328462427677,,,
d,D3_seed20700711,TRAIN,947,0.8223130854240159,,,
d,D3_seed20700711,TRAIN,948,0.7587771133383612,,,
d,D3_seed20700711,TRAIN,949,0.8217720466018061,,,
d,D3_seed20700711,TRAIN,950,0.801054813122922,,,
d,D3_seed20700711,TRAIN,951,0.804674671378582,,,
d,D3_seed20700711,TRAIN,952,0.7801903129086755,,,
d,D3_seed20700711,TRAIN,953,0.8217628324804399,,,
d,D3_seed20700711,TRAIN,954,0.8033462810917089,,,
d,D3_seed20700711,TRAIN,955,0.7588317203087659,,,
d,D3_seed20700711,TRAIN,956,0.7697346205574612,,,
d,D3_seed20700711,TRAIN,957,0.7801909687753474,,,
d,D3_seed20700711,TRAIN,958,0.8008673429785382,,,
d,D3_seed20700711,TRAIN,959,0.8044038910982403,,,
d,D3_seed20700711,TRAIN,960,0.8222765448510534,,,
d,D3_seed20700711,TRAIN,961,0.7698122892234766,,,
d,D3_seed20700711,TRAIN,962,0.8008215689212236,,,
d,D3_seed20700711,TRAIN,963,0.8032201358591537,,,
d,D3_seed20700711,TRAIN,964,0.7802140241532945,,,
d,D3_seed20700711,TRAIN,965,0.8043217620071693,,,
d,D3_seed20700711,TRAIN,966,0.8216818681796044,,,
d,D3_seed20700711,TRAIN,967,0.7592471073633802,,,
d,D3_seed20700711,TRAIN,968,0.8222611819252598,,,
d,D3_seed20700711,TRAIN,969,0.7590279529809886,,,
d,D3_seed20700711,TRAIN,970,0.8032252684848052,,,
d,D3_seed20700711,TRAIN,971,0.822219544979602,,,
d,D3_seed20700711,TRAIN,972,0.769580935939706,,,
d,D3_seed20700711,TRAIN,973,0.8216677578452197,,,
d,D3_seed20700711,TRAIN,974,0.8045170765264849,,,
d,D3_seed20700711,TRAIN,975,0.7801099161076922,,,
d,D3_seed20700711,TRAIN,976,0.8009064392344414,,,
d,D3_seed20700711,TRAIN,977,0.7585610815006275,,,
d,D3_seed20700711,TRAIN,978,0.7800986164996008,,,
d,D3_seed20700711,TRAIN,979,0.8032433174331369,,,
d,D3_seed20700711,TRAIN,980,0.7695593074005623,,,
d,D3_seed20700711,TRAIN,981,0.8043915363768955,,,
d,D3_seed20700711,TRAIN,982,0.8216072185477526,,,
d,D3_seed20700711,TRAIN,983,0.8007809383080138,,,
d,D3_seed20700711,TRAIN,984,0.8221835372341371,,,
d,D3_seed20700711,TRAIN,985,0.8215956440876232,,,
d,D3_seed20700711,TRAIN,986,0.7801431332297705,,,
d,D3_seed20700711,TRAIN,987,0.8031230970586895,,,
d,D3_seed20700711,TRAIN,988,0.8042248518707834,,,
d,D3_seed20700711,TRAIN,989,0.7698007301535513,,,
d,D3_seed20700711,TRAIN,990,0.8006979596728492,,,
d,D3_seed20700711,TRAIN,991,0.8221968359119768,,,
d,D3_seed20700711,TRAIN,992,0.7591765253121665,,,
d,D3_seed20700711,TRAIN,993,0.8215639876531782,,,
d,D3_seed20700711,TRAIN,994,0.8042378702890861,,,
d,D3_seed20700711,TRAIN,995,0.8007145471250771,,,
d,D3_seed20700711,TRAIN,996,0.8221360804106917,,,
d,D3_seed20700711,TRAIN,997,0.7588655225066903,,,
d,D3_seed20700711,TRAIN,998,0.803109038066001,,,
d,D3_seed20700711,TRAIN,999,0.7695761629164521,,,
d,D3_seed20700711,TRAIN,1000,0.7800409904952861,,,
d,D3_seed20700711,TRAIN,1001,0.7694941324946455,,,
d,D3_seed20700711,TRAIN,1002,0.8043607369460033,,,
d,D3_seed20700711,TRAIN,1003,0.7800217001953573,,,
d,D3_seed20700711,TRAIN,1004,0.8221192503886283,,,
d,D3_seed20700711,TRAIN,1005,0.8215583358270157,,,
d,D3_seed20700711,TRAIN,1006,0.8031764373555538,,,
d,D3_seed20700711,TRAIN,1007,0.7584842792382892,,,
d,D3_seed20700711,TRAIN,1008,0.8007345118445421,,,
d,D3_seed20700711,TRAIN,1009,0.8030915138115307,,,
d,D3_seed20700711,TRAIN,1010,0.7800273572764794,,,
d,D3_seed20700711,TRAIN,1011,0.821489614859015,,,
d,D3_seed20700711,TRAIN,1012,0.822093846498199,,,
d,D3_seed20700711,TRAIN,1013,0.7696460637122159,,,
d,D3_seed20700711,TRAIN,1014,0.8041442648876962,,,
d,D3_seed20700711,TRAIN,1015,0.7589202780997484,,,
d,D3_seed20700711,TRAIN,1016,0.8006298804969519,,,
d,D3_seed20700711,TRAIN,1017,0.8006253343816488,,,
d,D3_seed20700711,TRAIN,1018,0.8214666714768152,,,
d,D3_seed20700711,TRAIN,1019,0.7696314245015878,,,
d,D3_seed20700711,TRAIN,1020,0.7800241403357553,,,
d,D3_seed20700711,TRAIN,1021,0.8030134336786865,,,
d,D3_seed20700711,TRAIN,1022,0.82204377101994,,,
d,D3_seed20700711,TRAIN,1023,0.7586913123579353,,,
d,D3_seed20700711,TRAIN,1024,0.8041958887078182,,,
d,D3_seed20700711,TRAIN,1025,0.8220269018964567,,,
d,D3_seed20700711,TRAIN,1026,0.7799555551601597,,,
d,D3_seed20700711,TRAIN,1027,0.8006797111054642,,,
d,D3_seed20700711,TRAIN,1028,0.769385521617889,,,
d,D3_seed20700711,TRAIN,1029,0.8042361589984999,,,
d,D3_seed20700711,TRAIN,1030,0.8030521408474441,,,
d,D3_seed20700711,TRAIN,1031,0.8214233647368808,,,
d,D3_seed20700711,TRAIN,1032,0.758601668610226,,,
d,D3_seed20700711,TRAIN,1033,0.821409180010473,,,
d,D3_seed20700711,TRAIN,1034,0.8005935592351862,,,
d,D3_seed20700711,TRAIN,1035,0.7695107751032645,,,
d,D3_seed20700711,TRAIN,1036,0.7587895170019194,,,
d,D3_seed20700711,TRAIN,1037,0.8029625127601476,,,
d,D3_seed20700711,TRAIN,1038,0.8219961185147536,,,
d,D3_seed20700711,TRAIN,1039,0.7799502067666962,,,
d,D3_seed20700711,TRAIN,1040,0.8040983588858378,,,
d,D3_seed20700711,TRAIN,1041,0.8213817757085066,,,
d,D3_seed20700711,TRAIN,1042,0.769442105024335,,,
d,D3_seed20700711,TRAIN,1043,0.8005791743539019,,,
d,D3_seed20700711,TRAIN,1044,0.8041016006438867,,,
d,D3_seed20700711,TRAIN,1045,0.7799255975144939,,,
d,D3_seed20700711,TRAIN,1046,0.7586616020150161,,,
d,D3_seed20700711,TRAIN,1047,0.8219609846650968,,,
d,D3_seed20700711,TRAIN,1048,0.8029537901055315,,,
d,D3_seed20700711,TRAIN,1049,0.8219531257007735,,,
d,D3_seed20700711,TRAIN,1050,0.8213536721655115,,,
d,D3_seed20700711,TRAIN,1051,0.8040790513404406,,,
d,D3_seed20700711,TRAIN,1052,0.7694204279380942,,,
d,D3_seed20700711,TRAIN,1053,0.800531953153716,,,
d,D3_seed20700711,TRAIN,1054,0.8029081599154865,,,
d,D3_seed20700711,TRAIN,1055,0.7588024526006844,,,
d,D3_seed20700711,TRAIN,1056,0.779932590711329,,,
d,D3_seed20700711,TRAIN,1057,0.8028863043071777,,,
d,D3_seed20700711,TRAIN,1058,0.8219448262164343,,,
d,D3_seed20700711,TRAIN,1059,0.803990203180309,,,
d,D3_seed20700711,TRAIN,1060,0.7694813314979088,,,
d,D3_seed20700711,TRAIN,1061,0.800486275907809,,,
d,D3_seed20700711,TRAIN,1062,0.8213138992968225,,,
d,D3_seed20700711,TRAIN,1063,0.7799017699457901,,,
d,D3_seed20700711,TRAIN,1064,0.7586806483195543,,,
d,D3_seed20700711,TRAIN,1065,0.7585601931514885,,,
d,D3_seed20700711,TRAIN,1066,0.8029172313951176,,,
d,D3_seed20700711,TRAIN,1067,0.8040993345162328,,,
d,D3_seed20700711,TRAIN,1068,0.8005606922978896,,,
d,D3_seed20700711,TRAIN,1069,0.8218938837669183,,,
d,D3_seed20700711,TRAIN,1070,0.8212962166440105,,,
d,D3_seed20700711,TRAIN,1071,0.7798446969558708,,,
d,D3_seed20700711,TRAIN,1072,0.7693233836395499,,,
d,D3_seed20700711,TRAIN,1073,0.7584565226503663,,,
d,D3_seed20700711,TRAIN,1074,0.8040455981698935,,,
d,D3_seed20700711,TRAIN,1075,0.8212812670062057,,,
d,D3_seed20700711,TRAIN,1076,0.7692748342872253,,,
d,D3_seed20700711,TRAIN,1077,0.8028949916284507,,,
d,D3_seed20700711,TRAIN,1078,0.8005086130412769,,,
d,D3_seed20700711,TRAIN,1079,0.8218650671274487,,,
d,D3_seed20700711,TRAIN,1080,0.779830322654779,,,
d,D3_seed20700711,TRAIN,1081,0.8028462873268561,,,
d,D3_seed20700711,TRAIN,1082,0.8218628823592974,,,
d,D3_seed20700711,TRAIN,1083,0.803933552111786,,,
d,D3_seed20700711,TRAIN,1084,0.7694207153981085,,,
d,D3_seed20700711,TRAIN,1085,0.7798627034655112,,,
d,D3_seed20700711,TRAIN,1086,0.8004113416490735,,,
d,D3_seed20700711,TRAIN,1087,0.7587414097003622,,,
d,D3_seed20700711,TRAIN,1088,0.8212363155482173,,,
d,D3_seed20700711,TRAIN,1089,0.8028016110965815,,,
d,D3_seed20700711,TRAIN,1090,0.8218452013775789,,,
d,D3_seed20700711,TRAIN,1091,0.8212241663742276,,,
d,D3_seed20700711,TRAIN,1092,0.803922863784569,,,
d,D3_seed20700711,TRAIN,1093,0.7693274725339778,,,
d,D3_seed20700711,TRAIN,1094,0.7585193271291822,,,
d,D3_seed20700711,TRAIN,1095,0.8004310810524637,,,
d,D3_seed20700711,TRAIN,1096,0.7797881117261812,,,
d,D3_seed20700711,TRAIN,1097,0.7583550396806193,,,
d,D3_seed20700711,TRAIN,1098,0.8004666240741724,,,
d,D3_seed20700711,TRAIN,1099,0.7797708372666131,,,
d,D3_seed20700711,TRAIN,1100,0.8218131155131952,,,
d,D3_seed20700711,TRAIN,1101,0.7691547862311888,,,
d,D3_seed20700711,TRAIN,1102,0.8028737642868781,,,
d,D3_seed20700711,TRAIN,1103,0.8212254862394622,,,
d,D3_seed20700711,TRAIN,1104,0.8040267195017101,,,
d,D3_seed20700711,TRAIN,1105,0.8028283792490392,,,
d,D3_seed20700711,TRAIN,1106,0.7797639189333913,,,
d,D3_seed20700711,TRAIN,1107,0.7692587847683607,,,
d,D3_seed20700711,TRAIN,1108,0.8217915905304652,,,
d,D3_seed20700711,TRAIN,1109,0.7584944022100987,,,
d,D3_seed20700711,TRAIN,1110,0.8003823404324143,,,
d,D3_seed20700711,TRAIN,1111,0.821169000039106,,,
d,D3_seed20700711,TRAIN,1112,0.8038695567914208,,,
d,D3_seed20700711,TRAIN,1113,0.7797759192697621,,,
d,D3_seed20700711,TRAIN,1114,0.8003519471487963,,,
d,D3_seed20700711,TRAIN,1115,0.821786767885174,,,
d,D3_seed20700711,TRAIN,1116,0.7693370285677841,,,
d,D3_seed20700711,TRAIN,1117,0.803822591442429,,,
d,D3_seed20700711,TRAIN,1118,0.8211524243397545,,,
d,D3_seed20700711,TRAIN,1119,0.7586186124050397,,,
d,D3_seed20700711,TRAIN,1120,0.8027183207734815,,,
d,D3_seed20700711,TRAIN,1121,0.82176625802942,,,
d,D3_seed20700711,TRAIN,1122,0.7585160417777264,,,
d,D3_seed20700711,TRAIN,1123,0.8003479991179693,,,
d,D3_seed20700711,TRAIN,1124,0.8027293819355779,,,
d,D3_seed20700711,TRAIN,1125,0.8038395669811959,,,
d,D3_seed20700711,TRAIN,1126,0.821127860242422,,,
d,D3_seed20700711,TRAIN,1127,0.7692908314116556,,,
d,D3_seed20700711,TRAIN,1128,0.7797537726731064,,,
d,D3_seed20700711,TRAIN,1129,0.8217458462191284,,,
d,D3_seed20700711,TRAIN,1130,0.8211166133958863,,,
d,D3_seed20700711,TRAIN,1131,0.7583984535914502,,,
d,D3_seed20700711,TRAIN,1132,0.8003501106517823,,,
d,D3_seed20700711,TRAIN,1133,0.8038713045517091,,,
d,D3_seed20700711,TRAIN,1134,0.7797018086513713,,,
d,D3_seed20700711,TRAIN,1135,0.7691344770615338,,,
d,D3_seed20700711,TRAIN,1136,0.8027387806868578,,,
d,D3_seed20700711,TRAIN,1137,0.7581853348647738,,,
d,D3_seed20700711,TRAIN,1138,0.8003782687448655,,,
d,D3_seed20700711,TRAIN,1139,0.7690842333636062,,,
d,D3_seed20700711,TRAIN,1140,0.803916184957317,,,
d,D3_seed20700711,TRAIN,1141,0.8217129607106833,,,
d,D3_seed20700711,TRAIN,1142,0.7796805978367681,,,
d,D3_seed20700711,TRAIN,1143,0.802737483677071,,,
d,D3_seed20700711,TRAIN,1144,0.8210944979557258,,,
d,D3_seed20700711,TRAIN,1145,0.7582569286326385,,,
d,D3_seed20700711,TRAIN,1146,0.8216967511564761,,,
d,D3_seed20700711,TRAIN,1147,0.7691417263404531,,,
d,D3_seed20700711,TRAIN,1148,0.8003145959320674,,,
d,D3_seed20700711,TRAIN,1149,0.8038099825129683,,,
d,D3_seed20700711,TRAIN,1150,0.7796844149935733,,,
d,D3_seed20700711,TRAIN,1151,0.8210670343596708,,,
d,D3_seed20700711,TRAIN,1152,0.8026551568960792,,,
d,D3_seed20700711,TRAIN,1153,0.802643261714052,,,
d,D3_seed20700711,TRAIN,1154,0.8037180733049168,,,
d,D3_seed20700711,TRAIN,1155,0.7797397172250868,,,
d,D3_seed20700711,TRAIN,1156,0.8217258483303378,,,
d,D3_seed20700711,TRAIN,1157,0.7693784989315327,,,
d,D3_seed20700711,TRAIN,1158,0.8002221863541282,,,
d,D3_seed20700711,TRAIN,1159,0.8210671644790145,,,
d,D3_seed20700711,TRAIN,1160,0.758707721118449,,,
d,D3_seed20700711,TRAIN,1161,0.821049437057051,,,
d,D3_seed20700711,TRAIN,1162,0.8216754208479347,,,
d,D3_seed20700711,TRAIN,1163,0.7691587932624453,,,
d,D3_seed20700711,TRAIN,1164,0.8037809655920755,,,
d,D3_seed20700711,TRAIN,1165,0.8002996333600529,,,
d,D3_seed20700711,TRAIN,1166,0.7581105849134147,,,
d,D3_seed20700711,TRAIN,1167,0.8026934548488736,,,
d,D3_seed20700711,TRAIN,1168,0.7796308615185017,,,
d,D3_seed20700711,TRAIN,1169,0.7579978037866565,,,
d,D3_seed20700711,TRAIN,1170,0.8003573813348652,,,
d,D3_seed20700711,TRAIN,1171,0.7796277173102961,,,
d,D3_seed20700711,TRAIN,1172,0.8027205886789317,,,
d,D3_seed20700711,TRAIN,1173,0.8038722425360565,,,
d,D3_seed20700711,TRAIN,1174,0.8216426734626913,,,
d,D3_seed20700711,TRAIN,1175,0.7690278879613531,,,
d,D3_seed20700711,TRAIN,1176,0.8210193252331018,,,
d,D3_seed20700711,TRAIN,1177,0.8216310530071361,,,
d,D3_seed20700711,TRAIN,1178,0.8037413731939721,,,
d,D3_seed20700711,TRAIN,1179,0.7583188331956616,,,
d,D3_seed20700711,TRAIN,1180,0.8025932893362927,,,
d,D3_seed20700711,TRAIN,1181,0.7796484783095262,,,
d,D3_seed20700711,TRAIN,1182,0.800199335709208,,,
d,D3_seed20700711,TRAIN,1183,0.7691965667876209,,,
d,D3_seed20700711,TRAIN,1184,0.8209966248224703,,,
d,D3_seed20700711,TRAIN,1185,0.8216337557334317,,,
d,D3_seed20700711,TRAIN,1186,0.7584544937036859,,,
d,D3_seed20700711,TRAIN,1187,0.7796318683013762,,,
d,D3_seed20700711,TRAIN,1188,0.8025886406368336,,,
d,D3_seed20700711,TRAIN,1189,0.7690565767599715,,,
d,D3_seed20700711,TRAIN,1190,0.820988167447723,,,
d,D3_seed20700711,TRAIN,1191,0.8037673541928912,,,
d,D3_seed20700711,TRAIN,1192,0.8002602720778824,,,
d,D3_seed20700711,TRAIN,1193,0.7580785167347673,,,
d,D3_seed20700711,TRAIN,1194,0.8026185352978426,,,
d,D3_seed20700711,TRAIN,1195,0.8002428566390118,,,
d,D3_seed20700711,TRAIN,1196,0.8037218500833172,,,
d,D3_seed20700711,TRAIN,1197,0.7796002272513259,,,
d,D3_seed20700711,TRAIN,1198,0.7690887106898383,,,
d,D3_seed20700711,TRAIN,1199,0.8215940317264167,,,
d,D3_seed20700711,TRAIN,1200,0.8209596877384517,,,
d,D3_seed20700711,TRAIN,1201,0.779603771347677,,,
d,D3_seed20700711,TRAIN,1202,0.8215862768105116,,,
d,D3_seed20700711,TRAIN,1203,0.8001897864272852,,,
d,D3_seed20700711,TRAIN,1204,0.7582290524812457,,,
d,D3_seed20700711,TRAIN,1205,0.769031020774652,,,
d,D3_seed20700711,TRAIN,1206,0.8037066962776418,,,
d,D3_seed20700711,TRAIN,1207,0.8025816030060554,,,
d,D3_seed20700711,TRAIN,1208,0.8209514804161432,,,
d,D3_seed20700711,TRAIN,1209,0.8209472485942794,,,
d,D3_seed20700711,TRAIN,1210,0.7795740961359549,,,
d,D3_seed20700711,TRAIN,1211,0.7690231813902848,,,
d,D3_seed20700711,TRAIN,1212,0.7581607570795345,,,
d,D3_seed20700711,TRAIN,1213,0.8025645838609696,,,
d,D3_seed20700711,TRAIN,1214,0.8036968847093319,,,
d,D3_seed20700711,TRAIN,1215,0.8215588422616421,,,
d,D3_seed20700711,TRAIN,1216,0.8001842481898207,,,
d,D3_seed20700711,TRAIN,1217,0.8036544290208885,,,
d,D3_seed20700711,TRAIN,1218,0.7582741407464063,,,
d,D3_seed20700711,TRAIN,1219,0.7690755736170508,,,
d,D3_seed20700711,TRAIN,1220,0.8001387086117594,,,
d,D3_seed20700711,TRAIN,1221,0.8025047557029784,,,
d,D3_seed20700711,TRAIN,1222,0.821564490569255,,,
d,D3_seed20700711,TRAIN,1223,0.7795997223785663,,,
d,D3_seed20700711,TRAIN,1224,0.8209172204055724,,,
d,D3_seed20700711,TRAIN,1225,0.7584136341205768,,,
d,D3_seed20700711,TRAIN,1226,0.8001217120680374,,,
d,D3_seed20700711,TRAIN,1227,0.8035884715247632,,,
d,D3_seed20700711,TRAIN,1228,0.8209063316132569,,,
d,D3_seed20700711,TRAIN,1229,0.8024876475931679,,,
d,D3_seed20700711,TRAIN,1230,0.7691049460126204,,,
d,D3_seed20700711,TRAIN,1231,0.8215472107569173,,,
d,D3_seed20700711,TRAIN,1232,0.7795727166578426,,,
d,D3_seed20700711,TRAIN,1233,0.8208953586411073,,,
d,D3_seed20700711,TRAIN,1234,0.8024932634749471,,,
d,D3_seed20700711,TRAIN,1235,0.8215266522382231,,,
d,D3_seed20700711,TRAIN,1236,0.8001271603718677,,,
d,D3_seed20700711,TRAIN,1237,0.779541165659503,,,
d,D3_seed20700711,TRAIN,1238,0.7689963078806893,,,
d,D3_seed20700711,TRAIN,1239,0.8036151829269602,,,
d,D3_seed20700711,TRAIN,1240,0.7581222560852277,,,
d,D3_seed20700712,TRAIN,1,0.9845941376739165,,,
d,D3_seed20700712,TRAIN,2,1.0202627480829447,,,
d,D3_seed20700712,TRAIN,3,1.023523179856106,,,
d,D3_seed20700712,TRAIN,4,1.006979977929718,,,
d,D3_seed20700712,TRAIN,5,0.9538476042560738,,,
d,D3_seed20700712,TRAIN,6,1.0117813683839112,,,
d,D3_seed20700712,TRAIN,7,1.000007687973512,,,
d,D3_seed20700712,TRAIN,8,0.9678255084997074,,,
d,D3_seed20700712,TRAIN,9,0.9537055412611352,,,
d,D3_seed20700712,TRAIN,10,0.9843249888401143,,,
d,D3_seed20700712,TRAIN,11,1.0115801814457583,,,
d,D3_seed20700712,TRAIN,12,0.9676445048296675,,,
d,D3_seed20700712,TRAIN,13,1.0066311864568838,,,
d,D3_seed20700712,TRAIN,14,1.0198102897724588,,,
d,D3_seed20700712,TRAIN,15,0.9996343611370037,,,
d,D3_seed20700712,TRAIN,16,1.02296447972368,,,
d,D3_seed20700712,TRAIN,17,1.0112250766643451,,,
d,D3_seed20700712,TRAIN,18,1.006321405780543,,,
d,D3_seed20700712,TRAIN,19,0.9671966860134484,,,
d,D3_seed20700712,TRAIN,20,0.9992953214509671,,,
d,D3_seed20700712,TRAIN,21,0.9529454426738829,,,
d,D3_seed20700712,TRAIN,22,1.0225157924015402,,,
d,D3_seed20700712,TRAIN,23,1.0191557926614891,,,
d,D3_seed20700712,TRAIN,24,0.9833532501641666,,,
d,D3_seed20700712,TRAIN,25,1.0057539916683524,,,
d,D3_seed20700712,TRAIN,26,0.9987857805545061,,,
d,D3_seed20700712,TRAIN,27,0.9830613222758937,,,
d,D3_seed20700712,TRAIN,28,1.0219527631576315,,,
d,D3_seed20700712,TRAIN,29,1.0101584564942236,,,
d,D3_seed20700712,TRAIN,30,0.952061875385793,,,
d,D3_seed20700712,TRAIN,31,0.9660595040142933,,,
d,D3_seed20700712,TRAIN,32,1.0182462610005343,,,
d,D3_seed20700712,TRAIN,33,0.9658269491896235,,,
d,D3_seed20700712,TRAIN,34,1.0212801813423196,,,
d,D3_seed20700712,TRAIN,35,0.9821473184132746,,,
d,D3_seed20700712,TRAIN,36,0.9513335415908095,,,
d,D3_seed20700712,TRAIN,37,0.9975756562101644,,,
d,D3_seed20700712,TRAIN,38,1.0043121990539863,,,
d,D3_seed20700712,TRAIN,39,1.0173757282136497,,,
d,D3_seed20700712,TRAIN,40,1.0087950655314846,,,
d,D3_seed20700712,TRAIN,41,0.9647828735077791,,,
d,D3_seed20700712,TRAIN,42,1.0169616448053962,,,
d,D3_seed20700712,TRAIN,43,1.003636274139333,,,
d,D3_seed20700712,TRAIN,44,1.0199438159483776,,,
d,D3_seed20700712,TRAIN,45,1.0080807777004128,,,
d,D3_seed20700712,TRAIN,46,0.9499249322821306,,,
d,D3_seed20700712,TRAIN,47,0.9962368230112197,,,
d,D3_seed20700712,TRAIN,48,0.9803415304736746,,,
d,D3_seed20700712,TRAIN,49,1.0028156461779634,,,
d,D3_seed20700712,TRAIN,50,0.963513647959779,,,
d,D3_seed20700712,TRAIN,51,0.9799213059165174,,,
d,D3_seed20700712,TRAIN,52,1.0188353497460736,,,
d,D3_seed20700712,TRAIN,53,1.015445247707834,,,
d,D3_seed20700712,TRAIN,54,0.9953050349347007,,,
d,D3_seed20700712,TRAIN,55,0.9486538834950552,,,
d,D3_seed20700712,TRAIN,56,1.0065409389265811,,,
d,D3_seed20700712,TRAIN,57,1.0064029401812744,,,
d,D3_seed20700712,TRAIN,58,0.9947800360426295,,,
d,D3_seed20700712,TRAIN,59,0.9788158063039829,,,
d,D3_seed20700712,TRAIN,60,0.9479600967125,,,
d,D3_seed20700712,TRAIN,61,0.9620079762106144,,,
d,D3_seed20700712,TRAIN,62,1.0010866617898804,,,
d,D3_seed20700712,TRAIN,63,1.0173498676062722,,,
d,D3_seed20700712,TRAIN,64,1.0139745282762254,,,
d,D3_seed20700712,TRAIN,65,1.0138422445715447,,,
d,D3_seed20700712,TRAIN,66,0.9778645619150145,,,
d,D3_seed20700712,TRAIN,67,0.9612009329564907,,,
d,D3_seed20700712,TRAIN,68,0.9934860211211455,,,
d,D3_seed20700712,TRAIN,69,1.000173453044564,,,
d,D3_seed20700712,TRAIN,70,1.0164198180781407,,,
d,D3_seed20700712,TRAIN,71,0.9464565408994124,,,
d,D3_seed20700712,TRAIN,72,1.004363517240018,,,
d,D3_seed20700712,TRAIN,73,0.9928463519030203,,,
d,D3_seed20700712,TRAIN,74,0.9602678261543581,,,
d,D3_seed20700712,TRAIN,75,0.9766548201475578,,,
d,D3_seed20700712,TRAIN,76,1.0123996847768704,,,
d,D3_seed20700712,TRAIN,77,0.9991381333198479,,,
d,D3_seed20700712,TRAIN,78,1.0035562298792582,,,
d,D3_seed20700712,TRAIN,79,0.945373365152753,,,
d,D3_seed20700712,TRAIN,80,1.0151012435280884,,,
d,D3_seed20700712,TRAIN,81,1.0149691106807917,,,
d,D3_seed20700712,TRAIN,82,0.9757172456807643,,,
d,D3_seed20700712,TRAIN,83,0.9915701522975024,,,
d,D3_seed20700712,TRAIN,84,0.9982303882796582,,,
d,D3_seed20700712,TRAIN,85,1.002610267683528,,,
d,D3_seed20700712,TRAIN,86,0.9586720335301295,,,
d,D3_seed20700712,TRAIN,87,0.9442874863094602,,,
d,D3_seed20700712,TRAIN,88,1.0108314050888796,,,
d,D3_seed20700712,TRAIN,89,1.0139108371568462,,,
d,D3_seed20700712,TRAIN,90,0.9974500106260887,,,
d,D3_seed20700712,TRAIN,91,0.9580044609614015,,,
d,D3_seed20700712,TRAIN,92,1.0103064289258878,,,
d,D3_seed20700712,TRAIN,93,0.9902891324687941,,,
d,D3_seed20700712,TRAIN,94,1.0013882629054733,,,
d,D3_seed20700712,TRAIN,95,0.9431962216012688,,,
d,D3_seed20700712,TRAIN,96,0.9738329673359302,,,
d,D3_seed20700712,TRAIN,97,1.0009784175952114,,,
d,D3_seed20700712,TRAIN,98,1.0095156766727211,,,
d,D3_seed20700712,TRAIN,99,0.9426459771227308,,,
d,D3_seed20700712,TRAIN,100,0.9732884182934225,,,
d,D3_seed20700712,TRAIN,101,0.9566579631741691,,,
d,D3_seed20700712,TRAIN,102,1.0121748636355083,,,
d,D3_seed20700712,TRAIN,103,0.9889939918504103,,,
d,D3_seed20700712,TRAIN,104,0.9956101400141227,,,
d,D3_seed20700712,TRAIN,105,0.9954773775307278,,,
d,D3_seed20700712,TRAIN,106,0.9724659476212907,,,
d,D3_seed20700712,TRAIN,107,1.0114987751888436,,,
d,D3_seed20700712,TRAIN,108,0.9883393236119504,,,
d,D3_seed20700712,TRAIN,109,0.9412546804075522,,,
d,D3_seed20700712,TRAIN,110,1.0079115641754894,,,
d,D3_seed20700712,TRAIN,111,0.9552897114138882,,,
d,D3_seed20700712,TRAIN,112,0.9988973202911136,,,
d,D3_seed20700712,TRAIN,113,1.0075044625927287,,,
d,D3_seed20700712,TRAIN,114,0.987543949576794,,,
d,D3_seed20700712,TRAIN,115,0.9984717933965985,,,
d,D3_seed20700712,TRAIN,116,0.9939953276678886,,,
d,D3_seed20700712,TRAIN,117,1.010121895219805,,,
d,D3_seed20700712,TRAIN,118,0.9707869597194154,,,
d,D3_seed20700712,TRAIN,119,0.9398278927129087,,,
d,D3_seed20700712,TRAIN,120,0.9540255454729072,,,
d,D3_seed20700712,TRAIN,121,0.9933038370934658,,,
d,D3_seed20700712,TRAIN,122,1.0062596545669156,,,
d,D3_seed20700712,TRAIN,123,0.93924454986227,,,
d,D3_seed20700712,TRAIN,124,0.9699240148479347,,,
d,D3_seed20700712,TRAIN,125,0.9533082107547818,,,
d,D3_seed20700712,TRAIN,126,1.0088457826244697,,,
d,D3_seed20700712,TRAIN,127,0.996726373903141,,,
d,D3_seed20700712,TRAIN,128,0.985628279126473,,,
d,D3_seed20700712,TRAIN,129,0.985487797433499,,,
d,D3_seed20700712,TRAIN,130,1.0082650165656253,,,
d,D3_seed20700712,TRAIN,131,0.9524288774139936,,,
d,D3_seed20700712,TRAIN,132,1.004832655388395,,,
d,D3_seed20700712,TRAIN,133,0.9377474076113618,,,
d,D3_seed20700712,TRAIN,134,0.9684428283711777,,,
d,D3_seed20700712,TRAIN,135,0.9913069996888798,,,
d,D3_seed20700712,TRAIN,136,0.9953653577881214,,,
d,D3_seed20700712,TRAIN,137,1.0072265656070278,,,
d,D3_seed20700712,TRAIN,138,0.9908624456037368,,,
d,D3_seed20700712,TRAIN,139,0.9840508484533097,,,
d,D3_seed20700712,TRAIN,140,0.9947396463177852,,,
d,D3_seed20700712,TRAIN,141,0.9509111941724007,,,
d,D3_seed20700712,TRAIN,142,0.9363408663926168,,,
d,D3_seed20700712,TRAIN,143,0.9670516932767275,,,
d,D3_seed20700712,TRAIN,144,1.003037578184385,,,
d,D3_seed20700712,TRAIN,145,0.9897995014318932,,,
d,D3_seed20700712,TRAIN,146,0.9665741719749334,,,
d,D3_seed20700712,TRAIN,147,0.9936160790504049,,,
d,D3_seed20700712,TRAIN,148,1.002414904747933,,,
d,D3_seed20700712,TRAIN,149,1.0053588139476783,,,
d,D3_seed20700712,TRAIN,150,0.9494775981970356,,,
d,D3_seed20700712,TRAIN,151,0.9822298502418723,,,
d,D3_seed20700712,TRAIN,152,0.9346980290819401,,,
d,D3_seed20700712,TRAIN,153,0.9926172661992196,,,
d,D3_seed20700712,TRAIN,154,0.9652591373893867,,,
d,D3_seed20700712,TRAIN,155,1.0043786764091391,,,
d,D3_seed20700712,TRAIN,156,0.9880462417549523,,,
d,D3_seed20700712,TRAIN,157,1.0009603848768165,,,
d,D3_seed20700712,TRAIN,158,0.9336653140232951,,,
d,D3_seed20700712,TRAIN,159,0.9809467534023109,,,
d,D3_seed20700712,TRAIN,160,0.9477961686247469,,,
d,D3_seed20700712,TRAIN,161,1.0033639090286075,,,
d,D3_seed20700712,TRAIN,162,0.9804512525156841,,,
d,D3_seed20700712,TRAIN,163,0.9999496671924475,,,
d,D3_seed20700712,TRAIN,164,0.9635279221136286,,,
d,D3_seed20700712,TRAIN,165,0.9905139545570576,,,
d,D3_seed20700712,TRAIN,166,0.9863543782346844,,,
d,D3_seed20700712,TRAIN,167,0.9465586125336511,,,
d,D3_seed20700712,TRAIN,168,0.9318606384615427,,,
d,D3_seed20700712,TRAIN,169,0.9988992989552666,,,
d,D3_seed20700712,TRAIN,170,0.9856463512455746,,,
d,D3_seed20700712,TRAIN,171,0.9458250589087627,,,
d,D3_seed20700712,TRAIN,172,0.9311047309911494,,,
d,D3_seed20700712,TRAIN,173,0.9785489125576515,,,
d,D3_seed20700712,TRAIN,174,0.9616830114319004,,,
d,D3_seed20700712,TRAIN,175,1.0008462598770818,,,
d,D3_seed20700712,TRAIN,176,0.9884394317049714,,,
d,D3_seed20700712,TRAIN,177,0.9301302523564934,,,
d,D3_seed20700712,TRAIN,178,1.0002727557300424,,,
d,D3_seed20700712,TRAIN,179,0.9774481733390811,,,
d,D3_seed20700712,TRAIN,180,0.9968589891652424,,,
d,D3_seed20700712,TRAIN,181,0.9835955961749933,,,
d,D3_seed20700712,TRAIN,182,0.9436962084126106,,,
d,D3_seed20700712,TRAIN,183,0.9870262658725105,,,
d,D3_seed20700712,TRAIN,184,0.959697669379235,,,
d,D3_seed20700712,TRAIN,185,0.9828052878374068,,,
d,D3_seed20700712,TRAIN,186,0.942875295529015,,,
d,D3_seed20700712,TRAIN,187,0.9758986663598542,,,
d,D3_seed20700712,TRAIN,188,0.9278450780447338,,,
d,D3_seed20700712,TRAIN,189,0.958646767899784,,,
d,D3_seed20700712,TRAIN,190,0.9948510868508655,,,
d,D3_seed20700712,TRAIN,191,0.9976321755609924,,,
d,D3_seed20700712,TRAIN,192,0.9850949586202763,,,
d,D3_seed20700712,TRAIN,193,0.9848702634424136,,,
d,D3_seed20700712,TRAIN,194,0.9744604154962954,,,
d,D3_seed20700712,TRAIN,195,0.9409294898123303,,,
d,D3_seed20700712,TRAIN,196,0.9804975022086246,,,
d,D3_seed20700712,TRAIN,197,0.9933412647287877,,,
d,D3_seed20700712,TRAIN,198,0.9960856839465438,,,
d,D3_seed20700712,TRAIN,199,0.9253446419912901,,,
d,D3_seed20700712,TRAIN,200,0.956169492675394,,,
d,D3_seed20700712,TRAIN,201,0.9830052741705197,,,
d,D3_seed20700712,TRAIN,202,0.9246194943908207,,,
d,D3_seed20700712,TRAIN,203,0.9919726182028323,,,
d,D3_seed20700712,TRAIN,204,0.9552065762409061,,,
d,D3_seed20700712,TRAIN,205,0.9784386190569001,,,
d,D3_seed20700712,TRAIN,206,0.994199706920363,,,
d,D3_seed20700712,TRAIN,207,0.9380844176505316,,,
d,D3_seed20700712,TRAIN,208,0.9713050141756367,,,
d,D3_seed20700712,TRAIN,209,0.9710653139187446,,,
d,D3_seed20700712,TRAIN,210,0.9932085935667837,,,
d,D3_seed20700712,TRAIN,211,0.9370706268511433,,,
d,D3_seed20700712,TRAIN,212,0.9897823601850251,,,
d,D3_seed20700712,TRAIN,213,0.9529179760986694,,,
d,D3_seed20700712,TRAIN,214,0.9762174831827874,,,
d,D3_seed20700712,TRAIN,215,0.9794192889407433,,,
d,D3_seed20700712,TRAIN,216,0.920975486436798,,,
d,D3_seed20700712,TRAIN,217,0.9754350144208142,,,
d,D3_seed20700712,TRAIN,218,0.9911176125362616,,,
d,D3_seed20700712,TRAIN,219,0.9879517797141555,,,
d,D3_seed20700712,TRAIN,220,0.9198446916724,,,
d,D3_seed20700712,TRAIN,221,0.9507173117678611,,,
d,D3_seed20700712,TRAIN,222,0.9677379538672756,,,
d,D3_seed20700712,TRAIN,223,0.9337910372633947,,,
d,D3_seed20700712,TRAIN,224,0.976859038763293,,,
d,D3_seed20700712,TRAIN,225,0.9669116708452252,,,
d,D3_seed20700712,TRAIN,226,0.9762605726352757,,,
d,D3_seed20700712,TRAIN,227,0.9857062291393405,,,
d,D3_seed20700712,TRAIN,228,0.9174531841463353,,,
d,D3_seed20700712,TRAIN,229,0.9720738644426461,,,
d,D3_seed20700712,TRAIN,230,0.9480342786823919,,,
d,D3_seed20700712,TRAIN,231,0.9873608018850429,,,
d,D3_seed20700712,TRAIN,232,0.9310727480492502,,,
d,D3_seed20700712,TRAIN,233,0.9645828338223089,,,
d,D3_seed20700712,TRAIN,234,0.946764164594974,,,
d,D3_seed20700712,TRAIN,235,0.9702435105308037,,,
d,D3_seed20700712,TRAIN,236,0.9730862001531296,,,
d,D3_seed20700712,TRAIN,237,0.9294585576078329,,,
d,D3_seed20700712,TRAIN,238,0.9851356661257535,,,
d,D3_seed20700712,TRAIN,239,0.9819938090517439,,,
d,D3_seed20700712,TRAIN,240,0.9134995741647254,,,
d,D3_seed20700712,TRAIN,241,0.944417043395133,,,
d,D3_seed20700712,TRAIN,242,0.9127933934910062,,,
d,D3_seed20700712,TRAIN,243,0.9676269687786483,,,
d,D3_seed20700712,TRAIN,244,0.9830997586323665,,,
d,D3_seed20700712,TRAIN,245,0.9799641827619232,,,
d,D3_seed20700712,TRAIN,246,0.9263376837217911,,,
d,D3_seed20700712,TRAIN,247,0.9692124106098732,,,
d,D3_seed20700712,TRAIN,248,0.9596913130434586,,,
d,D3_seed20700712,TRAIN,249,0.9813066938406582,,,
d,D3_seed20700712,TRAIN,250,0.9098243638535403,,,
d,D3_seed20700712,TRAIN,251,0.9244779186468948,,,
d,D3_seed20700712,TRAIN,252,0.9644221706775296,,,
d,D3_seed20700712,TRAIN,253,0.9669135988356174,,,
d,D3_seed20700712,TRAIN,254,0.9575197801730259,,,
d,D3_seed20700712,TRAIN,255,0.9391972506485907,,,
d,D3_seed20700712,TRAIN,256,0.9759123938661787,,,
d,D3_seed20700712,TRAIN,257,0.9221234801168423,,,
d,D3_seed20700712,TRAIN,258,0.9559990983829909,,,
d,D3_seed20700712,TRAIN,259,0.9747296953587571,,,
d,D3_seed20700712,TRAIN,260,0.9371518397838123,,,
d,D3_seed20700712,TRAIN,261,0.9053446016471592,,,
d,D3_seed20700712,TRAIN,262,0.9632039915745675,,,
d,D3_seed20700712,TRAIN,263,0.9600999784820957,,,
d,D3_seed20700712,TRAIN,264,0.9753678342428517,,,
d,D3_seed20700712,TRAIN,265,0.9749377655698888,,,
d,D3_seed20700712,TRAIN,266,0.9527664368002526,,,
d,D3_seed20700712,TRAIN,267,0.9609853900930875,,,
d,D3_seed20700712,TRAIN,268,0.9022183516665059,,,
d,D3_seed20700712,TRAIN,269,0.9169628216411744,,,
d,D3_seed20700712,TRAIN,270,0.9570777902948013,,,
d,D3_seed20700712,TRAIN,271,0.9696122561259365,,,
d,D3_seed20700712,TRAIN,272,0.9317856061148214,,,
d,D3_seed20700712,TRAIN,273,0.9313082252531542,,,
d,D3_seed20700712,TRAIN,274,0.9146207065483903,,,
d,D3_seed20700712,TRAIN,275,0.9703938911572333,,,
d,D3_seed20700712,TRAIN,276,0.9672894215139092,,,
d,D3_seed20700712,TRAIN,277,0.953838947096698,,,
d,D3_seed20700712,TRAIN,278,0.8973568588130374,,,
d,D3_seed20700712,TRAIN,279,0.9469125939807072,,,
d,D3_seed20700712,TRAIN,280,0.9546713581484262,,,
d,D3_seed20700712,TRAIN,281,0.9111386485012084,,,
d,D3_seed20700712,TRAIN,282,0.951384858117653,,,
d,D3_seed20700712,TRAIN,283,0.9262644807566717,,,
d,D3_seed20700712,TRAIN,284,0.9633261732989222,,,
d,D3_seed20700712,TRAIN,285,0.9653777999951584,,,
d,D3_seed20700712,TRAIN,286,0.9434341489367282,,,
d,D3_seed20700712,TRAIN,287,0.8925571109245118,,,
d,D3_seed20700712,TRAIN,288,0.9503614731464325,,,
d,D3_seed20700712,TRAIN,289,0.9418673929619585,,,
d,D3_seed20700712,TRAIN,290,0.92242261370545,,,
d,D3_seed20700712,TRAIN,291,0.8902844027793462,,,
d,D3_seed20700712,TRAIN,292,0.9051590055519102,,,
d,D3_seed20700712,TRAIN,293,0.9455364796902317,,,
d,D3_seed20700712,TRAIN,294,0.9579118057575471,,,
d,D3_seed20700712,TRAIN,295,0.9598453357511658,,,
d,D3_seed20700712,TRAIN,296,0.9457014297702491,,,
d,D3_seed20700712,TRAIN,297,0.9561785859484655,,,
d,D3_seed20700712,TRAIN,298,0.8860894004461687,,,
d,D3_seed20700712,TRAIN,299,0.9574668911024958,,,
d,D3_seed20700712,TRAIN,300,0.9357064853497603,,,
d,D3_seed20700712,TRAIN,301,0.9158215519909192,,,
d,D3_seed20700712,TRAIN,302,0.8991291802758419,,,
d,D3_seed20700712,TRAIN,303,0.9396308654123195,,,
d,D3_seed20700712,TRAIN,304,0.9406458509865199,,,
d,D3_seed20700712,TRAIN,305,0.8815987082766016,,,
d,D3_seed20700712,TRAIN,306,0.932058356029206,,,
d,D3_seed20700712,TRAIN,307,0.9371095565532633,,,
d,D3_seed20700712,TRAIN,308,0.9379780386768435,,,
d,D3_seed20700712,TRAIN,309,0.9511266682065863,,,
d,D3_seed20700712,TRAIN,310,0.8938903030256469,,,
d,D3_seed20700712,TRAIN,311,0.9092012129312957,,,
d,D3_seed20700712,TRAIN,312,0.9467411141341573,,,
d,D3_seed20700712,TRAIN,313,0.9078096466135207,,,
d,D3_seed20700712,TRAIN,314,0.9324867823959798,,,
d,D3_seed20700712,TRAIN,315,0.9447108885861977,,,
d,D3_seed20700712,TRAIN,316,0.8897363557970209,,,
d,D3_seed20700712,TRAIN,317,0.9248794569965417,,,
d,D3_seed20700712,TRAIN,318,0.930929658202002,,,
d,D3_seed20700712,TRAIN,319,0.9442631364317706,,,
d,D3_seed20700712,TRAIN,320,0.8710967579385217,,,
d,D3_seed20700712,TRAIN,321,0.9020683453644786,,,
d,D3_seed20700712,TRAIN,322,0.8854361736482977,,,
d,D3_seed20700712,TRAIN,323,0.8688859768518845,,,
d,D3_seed20700712,TRAIN,324,0.9265006337660056,,,
d,D3_seed20700712,TRAIN,325,0.9399615682880145,,,
d,D3_seed20700712,TRAIN,326,0.9369781549664707,,,
d,D3_seed20700712,TRAIN,327,0.9233627538980109,,,
d,D3_seed20700712,TRAIN,328,0.9172275619965339,,,
d,D3_seed20700712,TRAIN,329,0.9219109238352636,,,
d,D3_seed20700712,TRAIN,330,0.9362931561852392,,,
d,D3_seed20700712,TRAIN,331,0.894583764038006,,,
d,D3_seed20700712,TRAIN,332,0.9204141903631984,,,
d,D3_seed20700712,TRAIN,333,0.877262462364248,,,
d,D3_seed20700712,TRAIN,334,0.86056030016186,,,
d,D3_seed20700712,TRAIN,335,0.9121767283629351,,,
d,D3_seed20700712,TRAIN,336,0.929638167436938,,,
d,D3_seed20700712,TRAIN,337,0.8899570629666929,,,
d,D3_seed20700712,TRAIN,338,0.8734415664631259,,,
d,D3_seed20700712,TRAIN,339,0.856676502880821,,,
d,D3_seed20700712,TRAIN,340,0.9287564756239092,,,
d,D3_seed20700712,TRAIN,341,0.925873282349223,,,
d,D3_seed20700712,TRAIN,342,0.9122135878060363,,,
d,D3_seed20700712,TRAIN,343,0.9117558678846683,,,
d,D3_seed20700712,TRAIN,344,0.9055034219904423,,,
d,D3_seed20700712,TRAIN,345,0.9101482395902735,,,
d,D3_seed20700712,TRAIN,346,0.903995193025639,,,
d,D3_seed20700712,TRAIN,347,0.92333749465129,,,
d,D3_seed20700712,TRAIN,348,0.9205076741013996,,,
d,D3_seed20700712,TRAIN,349,0.8648334888341489,,,
d,D3_seed20700712,TRAIN,350,0.9060398825172447,,,
d,D3_seed20700712,TRAIN,351,0.8471400415725564,,,
d,D3_seed20700712,TRAIN,352,0.878003988724177,,,
d,D3_seed20700712,TRAIN,353,0.9036214413394742,,,
d,D3_seed20700712,TRAIN,354,0.8608364719534507,,,
d,D3_seed20700712,TRAIN,355,0.8755529357497303,,,
d,D3_seed20700712,TRAIN,356,0.9013146274941406,,,
d,D3_seed20700712,TRAIN,357,0.8422704230519036,,,
d,D3_seed20700712,TRAIN,358,0.9126623445818636,,,
d,D3_seed20700712,TRAIN,359,0.9137985449785793,,,
d,D3_seed20700712,TRAIN,360,0.8931960537852838,,,
d,D3_seed20700712,TRAIN,361,0.896949319898223,,,
d,D3_seed20700712,TRAIN,362,0.838167039306295,,,
d,D3_seed20700712,TRAIN,363,0.8908301273910305,,,
d,D3_seed20700712,TRAIN,364,0.8527008103700372,,,
d,D3_seed20700712,TRAIN,365,0.8940835740303517,,,
d,D3_seed20700712,TRAIN,366,0.9062460886722932,,,
d,D3_seed20700712,TRAIN,367,0.9072802797491549,,,
d,D3_seed20700712,TRAIN,368,0.8647224361845925,,,
d,D3_seed20700712,TRAIN,369,0.9038114570145124,,,
d,D3_seed20700712,TRAIN,370,0.8899982836941629,,,
d,D3_seed20700712,TRAIN,371,0.8884236337902538,,,
d,D3_seed20700712,TRAIN,372,0.8613297635644103,,,
d,D3_seed20700712,TRAIN,373,0.9023200989302518,,,
d,D3_seed20700712,TRAIN,374,0.844405476461748,,,
d,D3_seed20700712,TRAIN,375,0.8812097454472586,,,
d,D3_seed20700712,TRAIN,376,0.8265066244489994,,,
d,D3_seed20700712,TRAIN,377,0.8418927092346989,,,
d,D3_seed20700712,TRAIN,378,0.8964313162691853,,,
d,D3_seed20700712,TRAIN,379,0.8239851642910582,,,
d,D3_seed20700712,TRAIN,380,0.85447793336575,,,
d,D3_seed20700712,TRAIN,381,0.8808673571519587,,,
d,D3_seed20700712,TRAIN,382,0.8947877323032754,,,
d,D3_seed20700712,TRAIN,383,0.8746820767880413,,,
d,D3_seed20700712,TRAIN,384,0.8770903479255154,,,
d,D3_seed20700712,TRAIN,385,0.8351538709851462,,,
d,D3_seed20700712,TRAIN,386,0.8914126048717975,,,
d,D3_seed20700712,TRAIN,387,0.8744447022844617,,,
d,D3_seed20700712,TRAIN,388,0.8164032993401057,,,
d,D3_seed20700712,TRAIN,389,0.8872952982057245,,,
d,D3_seed20700712,TRAIN,390,0.8458240753075046,,,
d,D3_seed20700712,TRAIN,391,0.868092295093849,,,
d,D3_seed20700712,TRAIN,392,0.8715889224967767,,,
d,D3_seed20700712,TRAIN,393,0.8854810948740474,,,
d,D3_seed20700712,TRAIN,394,0.8423477109427172,,,
d,D3_seed20700712,TRAIN,395,0.8822837105554817,,,
d,D3_seed20700712,TRAIN,396,0.8664684263618965,,,
d,D3_seed20700712,TRAIN,397,0.863127115900538,,,
d,D3_seed20700712,TRAIN,398,0.8080051276998441,,,
d,D3_seed20700712,TRAIN,399,0.8656440194158588,,,
d,D3_seed20700712,TRAIN,400,0.8224756053401159,,,
d,D3_seed20700712,TRAIN,401,0.8362670662678647,,,
d,D3_seed20700712,TRAIN,402,0.8764412534421293,,,
d,D3_seed20700712,TRAIN,403,0.8769977087227706,,,
d,D3_seed20700712,TRAIN,404,0.8573363782375727,,,
d,D3_seed20700712,TRAIN,405,0.858477896495704,,,
d,D3_seed20700712,TRAIN,406,0.8174420502175176,,,
d,D3_seed20700712,TRAIN,407,0.8588520063467748,,,
d,D3_seed20700712,TRAIN,408,0.7997333354044381,,,
d,D3_seed20700712,TRAIN,409,0.8571593947785459,,,
d,D3_seed20700712,TRAIN,410,0.8698087558224964,,,
d,D3_seed20700712,TRAIN,411,0.8132896513336653,,,
d,D3_seed20700712,TRAIN,412,0.850757927122122,,,
d,D3_seed20700712,TRAIN,413,0.8514177197222023,,,
d,D3_seed20700712,TRAIN,414,0.867752075625528,,,
d,D3_seed20700712,TRAIN,415,0.7940839132858233,,,
d,D3_seed20700712,TRAIN,416,0.8233930977312345,,,
d,D3_seed20700712,TRAIN,417,0.792499151244573,,,
d,D3_seed20700712,TRAIN,418,0.8644393164236888,,,
d,D3_seed20700712,TRAIN,419,0.8208699213612032,,,
d,D3_seed20700712,TRAIN,420,0.8453210370181395,,,
d,D3_seed20700712,TRAIN,421,0.843470769408942,,,
d,D3_seed20700712,TRAIN,422,0.8043704138163301,,,
d,D3_seed20700712,TRAIN,423,0.8454674033114337,,,
d,D3_seed20700712,TRAIN,424,0.8584783480446403,,,
d,D3_seed20700712,TRAIN,425,0.8576902388537624,,,
d,D3_seed20700712,TRAIN,426,0.8395077472135956,,,
d,D3_seed20700712,TRAIN,427,0.800457613442044,,,
d,D3_seed20700712,TRAIN,428,0.8563521272795046,,,
d,D3_seed20700712,TRAIN,429,0.8405978009829395,,,
d,D3_seed20700712,TRAIN,430,0.8368414114439726,,,
d,D3_seed20700712,TRAIN,431,0.7819217054409633,,,
d,D3_seed20700712,TRAIN,432,0.8102970346751439,,,
d,D3_seed20700712,TRAIN,433,0.7805033565933489,,,
d,D3_seed20700712,TRAIN,434,0.7951854668771734,,,
d,D3_seed20700712,TRAIN,435,0.8509226743450514,,,
d,D3_seed20700712,TRAIN,436,0.8072015361190953,,,
d,D3_seed20700712,TRAIN,437,0.8311438385189382,,,
d,D3_seed20700712,TRAIN,438,0.8303794355606803,,,
d,D3_seed20700712,TRAIN,439,0.832791732942538,,,
d,D3_seed20700712,TRAIN,440,0.8464043148551285,,,
d,D3_seed20700712,TRAIN,441,0.8312898362873049,,,
d,D3_seed20700712,TRAIN,442,0.845754055347071,,,
d,D3_seed20700712,TRAIN,443,0.8264733605645406,,,
d,D3_seed20700712,TRAIN,444,0.843612128315278,,,
d,D3_seed20700712,TRAIN,445,0.8253980049476691,,,
d,D3_seed20700712,TRAIN,446,0.7999149938376481,,,
d,D3_seed20700712,TRAIN,447,0.771469648566042,,,
d,D3_seed20700712,TRAIN,448,0.7856211734214442,,,
d,D3_seed20700712,TRAIN,449,0.8220504679213058,,,
d,D3_seed20700712,TRAIN,450,0.7697786925522995,,,
d,D3_seed20700712,TRAIN,451,0.8213985551692726,,,
d,D3_seed20700712,TRAIN,452,0.7959344385392502,,,
d,D3_seed20700712,TRAIN,453,0.7826284644074992,,,
d,D3_seed20700712,TRAIN,454,0.8221905075988546,,,
d,D3_seed20700712,TRAIN,455,0.836596413944343,,,
d,D3_seed20700712,TRAIN,456,0.8365119128164248,,,
d,D3_seed20700712,TRAIN,457,0.8354434521731663,,,
d,D3_seed20700712,TRAIN,458,0.8353398036266616,,,
d,D3_seed20700712,TRAIN,459,0.765379508180738,,,
d,D3_seed20700712,TRAIN,460,0.8147953682529556,,,
d,D3_seed20700712,TRAIN,461,0.790686630908808,,,
d,D3_seed20700712,TRAIN,462,0.8149354843240177,,,
d,D3_seed20700712,TRAIN,463,0.8167902454344267,,,
d,D3_seed20700712,TRAIN,464,0.7770969261680669,,,
d,D3_seed20700712,TRAIN,465,0.7886982137722651,,,
d,D3_seed20700712,TRAIN,466,0.8152145641778282,,,
d,D3_seed20700712,TRAIN,467,0.7758972878160014,,,
d,D3_seed20700712,TRAIN,468,0.8104712018312261,,,
d,D3_seed20700712,TRAIN,469,0.8298752764408943,,,
d,D3_seed20700712,TRAIN,470,0.8111807897289901,,,
d,D3_seed20700712,TRAIN,471,0.8288721028712132,,,
d,D3_seed20700712,TRAIN,472,0.7612447728797345,,,
d,D3_seed20700712,TRAIN,473,0.808294725602383,,,
d,D3_seed20700712,TRAIN,474,0.8280238705988142,,,
d,D3_seed20700712,TRAIN,475,0.8275734556247557,,,
d,D3_seed20700712,TRAIN,476,0.784612879705108,,,
d,D3_seed20700712,TRAIN,477,0.7730051938437295,,,
d,D3_seed20700712,TRAIN,478,0.8103870806332097,,,
d,D3_seed20700712,TRAIN,479,0.8082167157951874,,,
d,D3_seed20700712,TRAIN,480,0.7601076665912568,,,
d,D3_seed20700712,TRAIN,481,0.8261167367815831,,,
d,D3_seed20700712,TRAIN,482,0.8055555491558688,,,
d,D3_seed20700712,TRAIN,483,0.7720358090110032,,,
d,D3_seed20700712,TRAIN,484,0.8071346425797746,,,
d,D3_seed20700712,TRAIN,485,0.8254241811657765,,,
d,D3_seed20700712,TRAIN,486,0.7597582341691733,,,
d,D3_seed20700712,TRAIN,487,0.8083432790222453,,,
d,D3_seed20700712,TRAIN,488,0.7824073809124636,,,
d,D3_seed20700712,TRAIN,489,0.8042799600341972,,,
d,D3_seed20700712,TRAIN,490,0.7821963736511494,,,
d,D3_seed20700712,TRAIN,491,0.7713313117001827,,,
d,D3_seed20700712,TRAIN,492,0.8246145873856928,,,
d,D3_seed20700712,TRAIN,493,0.8244451919356942,,,
d,D3_seed20700712,TRAIN,494,0.7596045975889104,,,
d,D3_seed20700712,TRAIN,495,0.8057139562152291,,,
d,D3_seed20700712,TRAIN,496,0.8072303809575276,,,
d,D3_seed20700712,TRAIN,497,0.8071369458614122,,,
d,D3_seed20700712,TRAIN,498,0.7815951711024157,,,
d,D3_seed20700712,TRAIN,499,0.805388103238802,,,
d,D3_seed20700712,TRAIN,500,0.7595737676742716,,,
d,D3_seed20700712,TRAIN,501,0.8239866133094012,,,
d,D3_seed20700712,TRAIN,502,0.8030366388855005,,,
d,D3_seed20700712,TRAIN,503,0.8237538618304467,,,
d,D3_seed20700712,TRAIN,504,0.7707559571829955,,,
d,D3_seed20700712,TRAIN,505,0.8237845813505034,,,
d,D3_seed20700712,TRAIN,506,0.8049905664918808,,,
d,D3_seed20700712,TRAIN,507,0.7593486847681147,,,
d,D3_seed20700712,TRAIN,508,0.8064529120357018,,,
d,D3_seed20700712,TRAIN,509,0.77053351224032,,,
d,D3_seed20700712,TRAIN,510,0.8234688963118983,,,
d,D3_seed20700712,TRAIN,511,0.7810262191766432,,,
d,D3_seed20700712,TRAIN,512,0.8026514137238626,,,
d,D3_seed20700712,TRAIN,513,0.7809592992019219,,,
d,D3_seed20700712,TRAIN,514,0.8234343385020553,,,
d,D3_seed20700712,TRAIN,515,0.770387929314532,,,
d,D3_seed20700712,TRAIN,516,0.759140285366142,,,
d,D3_seed20700712,TRAIN,517,0.8232032598077739,,,
d,D3_seed20700712,TRAIN,518,0.8060864467232463,,,
d,D3_seed20700712,TRAIN,519,0.8045217532971023,,,
d,D3_seed20700712,TRAIN,520,0.8023027157394853,,,
d,D3_seed20700712,TRAIN,521,0.8044032198713309,,,
d,D3_seed20700712,TRAIN,522,0.780738387493643,,,
d,D3_seed20700712,TRAIN,523,0.823182082436552,,,
d,D3_seed20700712,TRAIN,524,0.8020593116525685,,,
d,D3_seed20700712,TRAIN,525,0.7703927648293178,,,
d,D3_seed20700712,TRAIN,526,0.7594605148638692,,,
d,D3_seed20700712,TRAIN,527,0.8228704455354753,,,
d,D3_seed20700712,TRAIN,528,0.8055836807552255,,,
d,D3_seed20700712,TRAIN,529,0.7805684676562236,,,
d,D3_seed20700712,TRAIN,530,0.7701025109449048,,,
d,D3_seed20700712,TRAIN,531,0.8229471497133259,,,
d,D3_seed20700712,TRAIN,532,0.7587481490764347,,,
d,D3_seed20700712,TRAIN,533,0.8228022988573772,,,
d,D3_seed20700712,TRAIN,534,0.8057962592791624,,,
d,D3_seed20700712,TRAIN,535,0.8021223007083315,,,
d,D3_seed20700712,TRAIN,536,0.8041724717471499,,,
d,D3_seed20700712,TRAIN,537,0.8019342055172104,,,
d,D3_seed20700712,TRAIN,538,0.822611425372283,,,
d,D3_seed20700712,TRAIN,539,0.8039049085685065,,,
d,D3_seed20700712,TRAIN,540,0.7803965037204166,,,
d,D3_seed20700712,TRAIN,541,0.8228052107258067,,,
d,D3_seed20700712,TRAIN,542,0.8051387918382898,,,
d,D3_seed20700712,TRAIN,543,0.7702455478505376,,,
d,D3_seed20700712,TRAIN,544,0.7595609837571774,,,
d,D3_seed20700712,TRAIN,545,0.8015099470024959,,,
d,D3_seed20700712,TRAIN,546,0.7700781236057875,,,
d,D3_seed20700712,TRAIN,547,0.8226528479045713,,,
d,D3_seed20700712,TRAIN,548,0.7802161023668801,,,
d,D3_seed20700712,TRAIN,549,0.8037123764361885,,,
d,D3_seed20700712,TRAIN,550,0.822357985916596,,,
d,D3_seed20700712,TRAIN,551,0.8052119902401574,,,
d,D3_seed20700712,TRAIN,552,0.7583735298519716,,,
d,D3_seed20700712,TRAIN,553,0.8225190609868904,,,
d,D3_seed20700712,TRAIN,554,0.7800875033104034,,,
d,D3_seed20700712,TRAIN,555,0.8016009999685457,,,
d,D3_seed20700712,TRAIN,556,0.7694805255242194,,,
d,D3_seed20700712,TRAIN,557,0.8051380359908256,,,
d,D3_seed20700712,TRAIN,558,0.7583103315119488,,,
d,D3_seed20700712,TRAIN,559,0.8035833727780219,,,
d,D3_seed20700712,TRAIN,560,0.8221648573183806,,,
d,D3_seed20700712,TRAIN,561,0.7799713166193448,,,
d,D3_seed20700712,TRAIN,562,0.7695162390126323,,,
d,D3_seed20700712,TRAIN,563,0.8034467142974617,,,
d,D3_seed20700712,TRAIN,564,0.822301561070045,,,
d,D3_seed20700712,TRAIN,565,0.8047854853119234,,,
d,D3_seed20700712,TRAIN,566,0.8220238486949507,,,
d,D3_seed20700712,TRAIN,567,0.8011203974521822,,,
d,D3_seed20700712,TRAIN,568,0.7587630233458881,,,
d,D3_seed20700712,TRAIN,569,0.8010631533699756,,,
d,D3_seed20700712,TRAIN,570,0.7695884598397617,,,
d,D3_seed20700712,TRAIN,571,0.7798890781610099,,,
d,D3_seed20700712,TRAIN,572,0.7585713283566896,,,
d,D3_seed20700712,TRAIN,573,0.8219036526199426,,,
d,D3_seed20700712,TRAIN,574,0.8046923782792184,,,
d,D3_seed20700712,TRAIN,575,0.803282510417997,,,
d,D3_seed20700712,TRAIN,576,0.8221059519182499,,,
d,D3_seed20700712,TRAIN,577,0.7692357438699082,,,
d,D3_seed20700712,TRAIN,578,0.804645272284594,,,
d,D3_seed20700712,TRAIN,579,0.8220567248098785,,,
d,D3_seed20700712,TRAIN,580,0.7581664809447028,,,
d,D3_seed20700712,TRAIN,581,0.8217845653796612,,,
d,D3_seed20700712,TRAIN,582,0.7796667027331908,,,
d,D3_seed20700712,TRAIN,583,0.8009573147705847,,,
d,D3_seed20700712,TRAIN,584,0.8031069787193506,,,
d,D3_seed20700712,TRAIN,585,0.7691902230997819,,,
d,D3_seed20700712,TRAIN,586,0.8216845009633963,,,
d,D3_seed20700712,TRAIN,587,0.8219354066331486,,,
d,D3_seed20700712,TRAIN,588,0.8030074712772186,,,
d,D3_seed20700712,TRAIN,589,0.7796011306347087,,,
d,D3_seed20700712,TRAIN,590,0.8007549659897193,,,
d,D3_seed20700712,TRAIN,591,0.8042707157664586,,,
d,D3_seed20700712,TRAIN,592,0.758410852753861,,,
d,D3_seed20700712,TRAIN,593,0.804201764003444,,,
d,D3_seed20700712,TRAIN,594,0.8006466369141181,,,
d,D3_seed20700712,TRAIN,595,0.8215483163455267,,,
d,D3_seed20700712,TRAIN,596,0.8028450754919824,,,
d,D3_seed20700712,TRAIN,597,0.7796084701934753,,,
d,D3_seed20700712,TRAIN,598,0.8218353921172531,,,
d,D3_seed20700712,TRAIN,599,0.7584489482011729,,,
d,D3_seed20700712,TRAIN,600,0.7690870363212208,,,
d,D3_seed20700712,TRAIN,601,0.802821766662376,,,
d,D3_seed20700712,TRAIN,602,0.821715706794004,,,
d,D3_seed20700712,TRAIN,603,0.8214749667386931,,,
d,D3_seed20700712,TRAIN,604,0.8007471064454124,,,
d,D3_seed20700712,TRAIN,605,0.7687777778421323,,,
d,D3_seed20700712,TRAIN,606,0.7575415401757097,,,
d,D3_seed20700712,TRAIN,607,0.7793669515341313,,,
d,D3_seed20700712,TRAIN,608,0.8044012964870004,,,
d,D3_seed20700712,TRAIN,609,0.7793522585960415,,,
d,D3_seed20700712,TRAIN,610,0.7574207500869257,,,
d,D3_seed20700712,TRAIN,611,0.8043175274787372,,,
d,D3_seed20700712,TRAIN,612,0.8216277233462718,,,
d,D3_seed20700712,TRAIN,613,0.8213465847061391,,,
d,D3_seed20700712,TRAIN,614,0.7687234398387318,,,
d,D3_seed20700712,TRAIN,615,0.8004803904287245,,,
d,D3_seed20700712,TRAIN,616,0.8026186408329398,,,
d,D3_seed20700712,TRAIN,617,0.8003570904581622,,,
d,D3_seed20700712,TRAIN,618,0.7793237494528538,,,
d,D3_seed20700712,TRAIN,619,0.821215312634004,,,
d,D3_seed20700712,TRAIN,620,0.802518429972753,,,
d,D3_seed20700712,TRAIN,621,0.8037263037856358,,,
d,D3_seed20700712,TRAIN,622,0.7585919870973498,,,
d,D3_seed20700712,TRAIN,623,0.8215737131001072,,,
d,D3_seed20700712,TRAIN,624,0.7690417891881359,,,
d,D3_seed20700712,TRAIN,625,0.7689145021129192,,,
d,D3_seed20700712,TRAIN,626,0.8002385582878818,,,
d,D3_seed20700712,TRAIN,627,0.7577024173543017,,,
d,D3_seed20700712,TRAIN,628,0.8039062593388994,,,
d,D3_seed20700712,TRAIN,629,0.821404097706986,,,
d,D3_seed20700712,TRAIN,630,0.8211523661370511,,,
d,D3_seed20700712,TRAIN,631,0.7791063671451874,,,
d,D3_seed20700712,TRAIN,632,0.8025653702666048,,,
d,D3_seed20700712,TRAIN,633,0.8038935547281625,,,
d,D3_seed20700712,TRAIN,634,0.779066077726877,,,
d,D3_seed20700712,TRAIN,635,0.8023818445908655,,,
d,D3_seed20700712,TRAIN,636,0.8209769435152225,,,
d,D3_seed20700712,TRAIN,637,0.758006515999422,,,
d,D3_seed20700712,TRAIN,638,0.7687815444139976,,,
d,D3_seed20700712,TRAIN,639,0.8213143092527444,,,
d,D3_seed20700712,TRAIN,640,0.8000518142836108,,,
d,D3_seed20700712,TRAIN,641,0.821272295335032,,,
d,D3_seed20700712,TRAIN,642,0.8022683339727542,,,
d,D3_seed20700712,TRAIN,643,0.8035434994904582,,,
d,D3_seed20700712,TRAIN,644,0.8208820378521325,,,
d,D3_seed20700712,TRAIN,645,0.8000053744313126,,,
d,D3_seed20700712,TRAIN,646,0.7686257494873525,,,
d,D3_seed20700712,TRAIN,647,0.7790079088003762,,,
d,D3_seed20700712,TRAIN,648,0.7577035514812759,,,
d,D3_seed20700712,TRAIN,649,0.7789394490713644,,,
d,D3_seed20700712,TRAIN,650,0.8035823442324123,,,
d,D3_seed20700712,TRAIN,651,0.7683301339045485,,,
d,D3_seed20700712,TRAIN,652,0.757117114825273,,,
d,D3_seed20700712,TRAIN,653,0.8002304418033629,,,
d,D3_seed20700712,TRAIN,654,0.8024274475095736,,,
d,D3_seed20700712,TRAIN,655,0.820937522506238,,,
d,D3_seed20700712,TRAIN,656,0.8211592533458675,,,
d,D3_seed20700712,TRAIN,657,0.8036814829024191,,,
d,D3_seed20700712,TRAIN,658,0.8021985656487416,,,
d,D3_seed20700712,TRAIN,659,0.8207195852024484,,,
d,D3_seed20700712,TRAIN,660,0.7788912477368396,,,
d,D3_seed20700712,TRAIN,661,0.8210924423352877,,,
d,D3_seed20700712,TRAIN,662,0.7686252731235257,,,
d,D3_seed20700712,TRAIN,663,0.7579968207856068,,,
d,D3_seed20700712,TRAIN,664,0.7997755397396326,,,
d,D3_seed20700712,TRAIN,665,0.7997700072971083,,,
d,D3_seed20700712,TRAIN,666,0.7788789036336873,,,
d,D3_seed20700712,TRAIN,667,0.7576546726452599,,,
d,D3_seed20700712,TRAIN,668,0.8020027046359394,,,
d,D3_seed20700712,TRAIN,669,0.7682587813158204,,,
d,D3_seed20700712,TRAIN,670,0.8033829483894548,,,
d,D3_seed20700712,TRAIN,671,0.8206365562187461,,,
d,D3_seed20700712,TRAIN,672,0.8209471671425841,,,
d,D3_seed20700712,TRAIN,673,0.8209374811992896,,,
d,D3_seed20700712,TRAIN,674,0.8020443179034847,,,
d,D3_seed20700712,TRAIN,675,0.7570891541620376,,,
d,D3_seed20700712,TRAIN,676,0.7681251685311007,,,
d,D3_seed20700712,TRAIN,677,0.778684282057058,,,
d,D3_seed20700712,TRAIN,678,0.8205714321685358,,,
d,D3_seed20700712,TRAIN,679,0.8033558168387887,,,
d,D3_seed20700712,TRAIN,680,0.7997874309015601,,,
d,D3_seed20700712,TRAIN,681,0.820501317908201,,,
d,D3_seed20700712,TRAIN,682,0.7996613791794425,,,
d,D3_seed20700712,TRAIN,683,0.820854299097468,,,
d,D3_seed20700712,TRAIN,684,0.7787452487981613,,,
d,D3_seed20700712,TRAIN,685,0.801806236519273,,,
d,D3_seed20700712,TRAIN,686,0.7577947001468723,,,
d,D3_seed20700712,TRAIN,687,0.8029784779368833,,,
d,D3_seed20700712,TRAIN,688,0.7683777899115143,,,
d,D3_seed20700712,TRAIN,689,0.8029710011251944,,,
d,D3_seed20700712,TRAIN,690,0.8208109598861961,,,
d,D3_seed20700712,TRAIN,691,0.7786580571607331,,,
d,D3_seed20700712,TRAIN,692,0.8203715916316479,,,
d,D3_seed20700712,TRAIN,693,0.757193651555052,,,
d,D3_seed20700712,TRAIN,694,0.7679866897938191,,,
d,D3_seed20700712,TRAIN,695,0.8018691157840883,,,
d,D3_seed20700712,TRAIN,696,0.7997611011437132,,,
d,D3_seed20700712,TRAIN,697,0.7678307945930937,,,
d,D3_seed20700712,TRAIN,698,0.8207710845194428,,,
d,D3_seed20700712,TRAIN,699,0.7564826378466171,,,
d,D3_seed20700712,TRAIN,700,0.8034186850383175,,,
d,D3_seed20700712,TRAIN,701,0.8204871968804892,,,
d,D3_seed20700712,TRAIN,702,0.8019413414952767,,,
d,D3_seed20700712,TRAIN,703,0.7996923233190497,,,
d,D3_seed20700712,TRAIN,704,0.7784709044831444,,,
d,D3_seed20700712,TRAIN,705,0.8206302367374448,,,
d,D3_seed20700712,TRAIN,706,0.7571140836461936,,,
d,D3_seed20700712,TRAIN,707,0.778502790862832,,,
d,D3_seed20700712,TRAIN,708,0.820225354712336,,,
d,D3_seed20700712,TRAIN,709,0.8016020871652957,,,
d,D3_seed20700712,TRAIN,710,0.7680480047538578,,,
d,D3_seed20700712,TRAIN,711,0.7993655417491059,,,
d,D3_seed20700712,TRAIN,712,0.8028043024013256,,,
d,D3_seed20700712,TRAIN,713,0.8205946592305743,,,
d,D3_seed20700712,TRAIN,714,0.7572936474406363,,,
d,D3_seed20700712,TRAIN,715,0.767999123621711,,,
d,D3_seed20700712,TRAIN,716,0.7993451932850172,,,
d,D3_seed20700712,TRAIN,717,0.8201491117521923,,,
d,D3_seed20700712,TRAIN,718,0.7783924021781092,,,
d,D3_seed20700712,TRAIN,719,0.8015721329206187,,,
d,D3_seed20700712,TRAIN,720,0.8028460766568652,,,
d,D3_seed20700712,TRAIN,721,0.8201180211668031,,,
d,D3_seed20700712,TRAIN,722,0.7678454084051697,,,
d,D3_seed20700712,TRAIN,723,0.8015070665691062,,,
d,D3_seed20700712,TRAIN,724,0.799280944134752,,,
d,D3_seed20700712,TRAIN,725,0.8204803837724084,,,
d,D3_seed20700712,TRAIN,726,0.8026719717923981,,,
d,D3_seed20700712,TRAIN,727,0.757235532465279,,,
d,D3_seed20700712,TRAIN,728,0.7784027062361526,,,
d,D3_seed20700712,TRAIN,729,0.7783812267396343,,,
d,D3_seed20700712,TRAIN,730,0.7570580983464427,,,
d,D3_seed20700712,TRAIN,731,0.7992345432675378,,,
d,D3_seed20700712,TRAIN,732,0.820022506730804,,,
d,D3_seed20700712,TRAIN,733,0.7676792436670945,,,
d,D3_seed20700712,TRAIN,734,0.8204023867048136,,,
d,D3_seed20700712,TRAIN,735,0.8015223535089167,,,
d,D3_seed20700712,TRAIN,736,0.8028405070879877,,,
d,D3_seed20700712,TRAIN,737,0.8203830948630907,,,
d,D3_seed20700712,TRAIN,738,0.7565545447875077,,,
d,D3_seed20700712,TRAIN,739,0.8027325570146868,,,
d,D3_seed20700712,TRAIN,740,0.8199644432351126,,,
d,D3_seed20700712,TRAIN,741,0.7782275060914884,,,
d,D3_seed20700712,TRAIN,742,0.7991484295711856,,,
d,D3_seed20700712,TRAIN,743,0.8013243667892075,,,
d,D3_seed20700712,TRAIN,744,0.7678010889664323,,,
d,D3_seed20700712,TRAIN,745,0.7570970401927297,,,
d,D3_seed20700712,TRAIN,746,0.7677966161867259,,,
d,D3_seed20700712,TRAIN,747,0.8198852333644411,,,
d,D3_seed20700712,TRAIN,748,0.7782040964298165,,,
d,D3_seed20700712,TRAIN,749,0.8202797595315162,,,
d,D3_seed20700712,TRAIN,750,0.8026103393488357,,,
d,D3_seed20700712,TRAIN,751,0.801337354613305,,,
d,D3_seed20700712,TRAIN,752,0.7991268274155066,,,
d,D3_seed20700712,TRAIN,753,0.778151552144116,,,
d,D3_seed20700712,TRAIN,754,0.8024983410672338,,,
d,D3_seed20700712,TRAIN,755,0.7990150017717094,,,
d,D3_seed20700712,TRAIN,756,0.7677535486909147,,,
d,D3_seed20700712,TRAIN,757,0.8202738134727048,,,
d,D3_seed20700712,TRAIN,758,0.8011846031366838,,,
d,D3_seed20700712,TRAIN,759,0.8198080228370814,,,
d,D3_seed20700712,TRAIN,760,0.7571390687472364,,,
d,D3_seed20700712,TRAIN,761,0.8197811182695864,,,
d,D3_seed20700712,TRAIN,762,0.798944129471209,,,
d,D3_seed20700712,TRAIN,763,0.8201931139377179,,,
d,D3_seed20700712,TRAIN,764,0.7781097715663594,,,
d,D3_seed20700712,TRAIN,765,0.7675155757813003,,,
d,D3_seed20700712,TRAIN,766,0.8024783250821488,,,
d,D3_seed20700712,TRAIN,767,0.8012297815544818,,,
d,D3_seed20700712,TRAIN,768,0.756323159666598,,,
d,D3_seed20700712,TRAIN,769,0.7780330824111734,,,
d,D3_seed20700712,TRAIN,770,0.8025708707783001,,,
d,D3_seed20700712,TRAIN,771,0.7990767501629472,,,
d,D3_seed20700712,TRAIN,772,0.8201224052338701,,,
d,D3_seed20700712,TRAIN,773,0.8197082842957245,,,
d,D3_seed20700712,TRAIN,774,0.7564654723903245,,,
d,D3_seed20700712,TRAIN,775,0.7674308706381185,,,
d,D3_seed20700712,TRAIN,776,0.8011128143674974,,,
d,D3_seed20700712,TRAIN,777,0.8011010500642072,,,
d,D3_seed20700712,TRAIN,778,0.8196459031024158,,,
d,D3_seed20700712,TRAIN,779,0.7988515236439707,,,
d,D3_seed20700712,TRAIN,780,0.8022275783381569,,,
d,D3_seed20700712,TRAIN,781,0.7676181394295862,,,
d,D3_seed20700712,TRAIN,782,0.8201076700517845,,,
d,D3_seed20700712,TRAIN,783,0.7780993435899624,,,
d,D3_seed20700712,TRAIN,784,0.7569602324420014,,,
d,D3_seed20700712,TRAIN,785,0.7780276842149243,,,
d,D3_seed20700712,TRAIN,786,0.8200239254503182,,,
d,D3_seed20700712,TRAIN,787,0.8195848743023538,,,
d,D3_seed20700712,TRAIN,788,0.8010610333950977,,,
d,D3_seed20700712,TRAIN,789,0.7672532923558159,,,
d,D3_seed20700712,TRAIN,790,0.7560786877894734,,,
d,D3_seed20700712,TRAIN,791,0.7990223788126145,,,
d,D3_seed20700712,TRAIN,792,0.8025648644749793,,,
d,D3_seed20700712,TRAIN,793,0.7990714971065922,,,
d,D3_seed20700712,TRAIN,794,0.7558676594416507,,,
d,D3_seed20700712,TRAIN,795,0.8025245073788613,,,
d,D3_seed20700712,TRAIN,796,0.7671280931662073,,,
d,D3_seed20700712,TRAIN,797,0.8196269660976475,,,
d,D3_seed20700712,TRAIN,798,0.8011016709177319,,,
d,D3_seed20700712,TRAIN,799,0.7778647022550685,,,
d,D3_seed20700712,TRAIN,800,0.8199320967577811,,,
d,D3_seed20700712,TRAIN,801,0.8021833436601646,,,
d,D3_seed20700712,TRAIN,802,0.7986996620176537,,,
d,D3_seed20700712,TRAIN,803,0.7674525654315121,,,
d,D3_seed20700712,TRAIN,804,0.8008645705457813,,,
d,D3_seed20700712,TRAIN,805,0.7780168314789081,,,
d,D3_seed20700712,TRAIN,806,0.7570543919947137,,,
d,D3_seed20700712,TRAIN,807,0.8194789903937528,,,
d,D3_seed20700712,TRAIN,808,0.8199505408754271,,,
d,D3_seed20700712,TRAIN,809,0.8008367709748299,,,
d,D3_seed20700712,TRAIN,810,0.8198943865575358,,,
d,D3_seed20700712,TRAIN,811,0.7986402385325244,,,
d,D3_seed20700712,TRAIN,812,0.7672569382618154,,,
d,D3_seed20700712,TRAIN,813,0.8020981599965686,,,
d,D3_seed20700712,TRAIN,814,0.7777972874665806,,,
d,D3_seed20700712,TRAIN,815,0.8194146577276851,,,
d,D3_seed20700712,TRAIN,816,0.7560982015140316,,,
d,D3_seed20700712,TRAIN,817,0.7987302754827846,,,
d,D3_seed20700712,TRAIN,818,0.7559908550847024,,,
d,D3_seed20700712,TRAIN,819,0.8022126828719034,,,
d,D3_seed20700712,TRAIN,820,0.7670363491108224,,,
d,D3_seed20700712,TRAIN,821,0.8009441097389759,,,
d,D3_seed20700712,TRAIN,822,0.8198257515602897,,,
d,D3_seed20700712,TRAIN,823,0.819406745989052,,,
d,D3_seed20700712,TRAIN,824,0.7777372637802676,,,
d,D3_seed20700712,TRAIN,825,0.8008340601583384,,,
d,D3_seed20700712,TRAIN,826,0.8020142872888253,,,
d,D3_seed20700712,TRAIN,827,0.8197775432846778,,,
d,D3_seed20700712,TRAIN,828,0.7565439543109053,,,
d,D3_seed20700712,TRAIN,829,0.7778189266114812,,,
d,D3_seed20700712,TRAIN,830,0.767314292623028,,,
d,D3_seed20700712,TRAIN,831,0.7984959328794806,,,
d,D3_seed20700712,TRAIN,832,0.8192854002780539,,,
d,D3_seed20700712,TRAIN,833,0.7777588412080068,,,
d,D3_seed20700712,TRAIN,834,0.8007074921560311,,,
d,D3_seed20700712,TRAIN,835,0.8019050708782484,,,
d,D3_seed20700712,TRAIN,836,0.8197226831771476,,,
d,D3_seed20700712,TRAIN,837,0.756294435398103,,,
d,D3_seed20700712,TRAIN,838,0.7984990899316038,,,
d,D3_seed20700712,TRAIN,839,0.7670933438337764,,,
d,D3_seed20700712,TRAIN,840,0.8192406481280357,,,
d,D3_seed20700712,TRAIN,841,0.7776662630153525,,,
d,D3_seed20700712,TRAIN,842,0.8192401084067772,,,
d,D3_seed20700712,TRAIN,843,0.7559777789147364,,,
d,D3_seed20700712,TRAIN,844,0.8019908142766539,,,
d,D3_seed20700712,TRAIN,845,0.819672673374184,,,
d,D3_seed20700712,TRAIN,846,0.8007312202194967,,,
d,D3_seed20700712,TRAIN,847,0.7985225695169392,,,
d,D3_seed20700712,TRAIN,848,0.7669914695007933,,,
d,D3_seed20700712,TRAIN,849,0.7984546329598791,,,
d,D3_seed20700712,TRAIN,850,0.8196406946289564,,,
d,D3_seed20700712,TRAIN,851,0.7776566617421091,,,
d,D3_seed20700712,TRAIN,852,0.7670921833256291,,,
d,D3_seed20700712,TRAIN,853,0.8017736089407329,,,
d,D3_seed20700712,TRAIN,854,0.8191468555018245,,,
d,D3_seed20700712,TRAIN,855,0.7562811112850434,,,
d,D3_seed20700712,TRAIN,856,0.8005749544856625,,,
d,D3_seed20700712,TRAIN,857,0.8017502853064912,,,
d,D3_seed20700712,TRAIN,858,0.7562694533939915,,,
d,D3_seed20700712,TRAIN,859,0.7670531642946224,,,
d,D3_seed20700712,TRAIN,860,0.8005594482333517,,,
d,D3_seed20700712,TRAIN,861,0.7983647669656577,,,
d,D3_seed20700712,TRAIN,862,0.819575321046772,,,
d,D3_seed20700712,TRAIN,863,0.7775859027366969,,,
d,D3_seed20700712,TRAIN,864,0.819091385168551,,,
d,D3_seed20700712,TRAIN,865,0.8017417051512178,,,
d,D3_seed20700712,TRAIN,866,0.7775685102000807,,,
d,D3_seed20700712,TRAIN,867,0.7983307259591149,,,
d,D3_seed20700712,TRAIN,868,0.819544877573531,,,
d,D3_seed20700712,TRAIN,869,0.8190581116470427,,,
d,D3_seed20700712,TRAIN,870,0.800491567995797,,,
d,D3_seed20700712,TRAIN,871,0.7670151676446647,,,
d,D3_seed20700712,TRAIN,872,0.7562136717538401,,,
d,D3_seed20700712,TRAIN,873,0.819517378903969,,,
d,D3_seed20700712,TRAIN,874,0.7560208739279232,,,
d,D3_seed20700712,TRAIN,875,0.7775016095886489,,,
d,D3_seed20700712,TRAIN,876,0.8005553880104246,,,
d,D3_seed20700712,TRAIN,877,0.7667486538016732,,,
d,D3_seed20700712,TRAIN,878,0.819091487125283,,,
d,D3_seed20700712,TRAIN,879,0.8019175457611327,,,
d,D3_seed20700712,TRAIN,880,0.7984630950256003,,,
d,D3_seed20700712,TRAIN,881,0.8194941492045044,,,
d,D3_seed20700712,TRAIN,882,0.766728316800122,,,
d,D3_seed20700712,TRAIN,883,0.8017731518935037,,,
d,D3_seed20700712,TRAIN,884,0.7983188281162252,,,
d,D3_seed20700712,TRAIN,885,0.7558701138480193,,,
d,D3_seed20700712,TRAIN,886,0.7774692271045971,,,
d,D3_seed20700712,TRAIN,887,0.8004248368978759,,,
d,D3_seed20700712,TRAIN,888,0.8189539444730944,,,
d,D3_seed20700712,TRAIN,889,0.8003935533454363,,,
d,D3_seed20700712,TRAIN,890,0.7775029431571354,,,
d,D3_seed20700712,TRAIN,891,0.7669475571011998,,,
d,D3_seed20700712,TRAIN,892,0.818932471451659,,,
d,D3_seed20700712,TRAIN,893,0.819424218627859,,,
d,D3_seed20700712,TRAIN,894,0.8015406758001787,,,
d,D3_seed20700712,TRAIN,895,0.7560303527860495,,,
d,D3_seed20700712,TRAIN,896,0.7981782309729162,,,
d,D3_seed20700712,TRAIN,897,0.7668160438407685,,,
d,D3_seed20700712,TRAIN,898,0.7981849569331259,,,
d,D3_seed20700712,TRAIN,899,0.8003688701365995,,,
d,D3_seed20700712,TRAIN,900,0.8193771904301108,,,
d,D3_seed20700712,TRAIN,901,0.8188854859412713,,,
d,D3_seed20700712,TRAIN,902,0.7559462206681962,,,
d,D3_seed20700712,TRAIN,903,0.7774060399383768,,,
d,D3_seed20700712,TRAIN,904,0.8015368233061941,,,
d,D3_seed20700712,TRAIN,905,0.7558281798518025,,,
d,D3_seed20700712,TRAIN,906,0.8188691247691298,,,
d,D3_seed20700712,TRAIN,907,0.7981727282923367,,,
d,D3_seed20700712,TRAIN,908,0.7773674979371091,,,
d,D3_seed20700712,TRAIN,909,0.7666954914811798,,,
d,D3_seed20700712,TRAIN,910,0.8003442608489136,,,
d,D3_seed20700712,TRAIN,911,0.8015458289841358,,,
d,D3_seed20700712,TRAIN,912,0.8193175112750598,,,
d,D3_seed20700712,TRAIN,913,0.7981176276113191,,,
d,D3_seed20700712,TRAIN,914,0.7667465036649395,,,
d,D3_seed20700712,TRAIN,915,0.7773714862835006,,,
d,D3_seed20700712,TRAIN,916,0.8188071419372575,,,
d,D3_seed20700712,TRAIN,917,0.8014290137887142,,,
d,D3_seed20700712,TRAIN,918,0.8002492331543535,,,
d,D3_seed20700712,TRAIN,919,0.8193044114876438,,,
d,D3_seed20700712,TRAIN,920,0.7560694590301301,,,
d,D3_seed20700712,TRAIN,921,0.8192974703445765,,,
d,D3_seed20700712,TRAIN,922,0.7559832344203726,,,
d,D3_seed20700712,TRAIN,923,0.8002329099188376,,,
d,D3_seed20700712,TRAIN,924,0.8014133273163423,,,
d,D3_seed20700712,TRAIN,925,0.7773179425852834,,,
d,D3_seed20700712,TRAIN,926,0.7666603570388236,,,
d,D3_seed20700712,TRAIN,927,0.8187625098444685,,,
d,D3_seed20700712,TRAIN,928,0.7980785015255413,,,
d,D3_seed20700712,TRAIN,929,0.8002491974367694,,,
d,D3_seed20700712,TRAIN,930,0.8187469377763155,,,
d,D3_seed20700712,TRAIN,931,0.7666360610591723,,,
d,D3_seed20700712,TRAIN,932,0.8013823639184704,,,
d,D3_seed20700712,TRAIN,933,0.798002860521139,,,
d,D3_seed20700712,TRAIN,934,0.7773095309134805,,,
d,D3_seed20700712,TRAIN,935,0.8192300687614419,,,
d,D3_seed20700712,TRAIN,936,0.7559611605448766,,,
d,D3_seed20700712,TRAIN,937,0.8013007575847565,,,
d,D3_seed20700712,TRAIN,938,0.7559225183269025,,,
d,D3_seed20700712,TRAIN,939,0.7979587118015965,,,
d,D3_seed20700712,TRAIN,940,0.800144472850965,,,
d,D3_seed20700712,TRAIN,941,0.8192000961863913,,,
d,D3_seed20700712,TRAIN,942,0.8186787942558545,,,
d,D3_seed20700712,TRAIN,943,0.7772775875703868,,,
d,D3_seed20700712,TRAIN,944,0.7666417555144465,,,
d,D3_seed20700712,TRAIN,945,0.8001416105079694,,,
d,D3_seed20700712,TRAIN,946,0.8013254897481772,,,
d,D3_seed20700712,TRAIN,947,0.7665618623213826,,,
d,D3_seed20700712,TRAIN,948,0.7556095491500914,,,
d,D3_seed20700712,TRAIN,949,0.7979926149872933,,,
d,D3_seed20700712,TRAIN,950,0.7771957249518201,,,
d,D3_seed20700712,TRAIN,951,0.818668961251665,,,
d,D3_seed20700712,TRAIN,952,0.819142989527406,,,
d,D3_seed20700712,TRAIN,953,0.8186597816185782,,,
d,D3_seed20700712,TRAIN,954,0.7664601786340703,,,
d,D3_seed20700712,TRAIN,955,0.8013643495802774,,,
d,D3_seed20700712,TRAIN,956,0.819122645438301,,,
d,D3_seed20700712,TRAIN,957,0.7554989865859942,,,
d,D3_seed20700712,TRAIN,958,0.777170186454512,,,
d,D3_seed20700712,TRAIN,959,0.8001316794870199,,,
d,D3_seed20700712,TRAIN,960,0.7979492380924816,,,
d,D3_seed20700712,TRAIN,961,0.8000982718162334,,,
d,D3_seed20700712,TRAIN,962,0.7556374919533867,,,
d,D3_seed20700712,TRAIN,963,0.8012170896444526,,,
d,D3_seed20700712,TRAIN,964,0.8191018618071225,,,
d,D3_seed20700712,TRAIN,965,0.7978386361730313,,,
d,D3_seed20700712,TRAIN,966,0.8185759489189501,,,
d,D3_seed20700712,TRAIN,967,0.7772496115909143,,,
d,D3_seed20700712,TRAIN,968,0.7666911451887707,,,
d,D3_seed20700712,TRAIN,969,0.8191055923371124,,,
d,D3_seed20700712,TRAIN,970,0.8185552197870755,,,
d,D3_seed20700712,TRAIN,971,0.7665632000443912,,,
d,D3_seed20700712,TRAIN,972,0.7771513479105554,,,
d,D3_seed20700712,TRAIN,973,0.7554882446139025,,,
d,D3_seed20700712,TRAIN,974,0.7979274723364636,,,
d,D3_seed20700712,TRAIN,975,0.801356485627045,,,
d,D3_seed20700712,TRAIN,976,0.8001390481013968,,,
d,D3_seed20700712,TRAIN,977,0.8013688134490322,,,
d,D3_seed20700712,TRAIN,978,0.7770942184218885,,,
d,D3_seed20700712,TRAIN,979,0.8190402078815202,,,
d,D3_seed20700712,TRAIN,980,0.7978950948745805,,,
d,D3_seed20700712,TRAIN,981,0.7663865323920355,,,
d,D3_seed20700712,TRAIN,982,0.755465551934189,,,
d,D3_seed20700712,TRAIN,983,0.818513786377247,,,
d,D3_seed20700712,TRAIN,984,0.800004782763482,,,
d,D3_seed20700712,TRAIN,985,0.7770985089089506,,,
d,D3_seed20700712,TRAIN,986,0.7978053253972647,,,
d,D3_seed20700712,TRAIN,987,0.7664475521105216,,,
d,D3_seed20700712,TRAIN,988,0.799961898134271,,,
d,D3_seed20700712,TRAIN,989,0.801100546874048,,,
d,D3_seed20700712,TRAIN,990,0.8184746194463207,,,
d,D3_seed20700712,TRAIN,991,0.8190122746240748,,,
d,D3_seed20700712,TRAIN,992,0.755826867847535,,,
d,D3_seed20700712,TRAIN,993,0.8190080871952388,,,
d,D3_seed20700712,TRAIN,994,0.7977298519636641,,,
d,D3_seed20700712,TRAIN,995,0.7771170597872148,,,
d,D3_seed20700712,TRAIN,996,0.7556721112654464,,,
d,D3_seed20700712,TRAIN,997,0.766416525701178,,,
d,D3_seed20700712,TRAIN,998,0.799950926053509,,,
d,D3_seed20700712,TRAIN,999,0.8184588723798958,,,
d,D3_seed20700712,TRAIN,1000,0.8011757313868638,,,
d,D3_seed20700712,TRAIN,1001,0.818458201211434,,,
d,D3_seed20700712,TRAIN,1002,0.7770281998641351,,,
d,D3_seed20700712,TRAIN,1003,0.7553112832813809,,,
d,D3_seed20700712,TRAIN,1004,0.7662789814175294,,,
d,D3_seed20700712,TRAIN,1005,0.7999832231948886,,,
d,D3_seed20700712,TRAIN,1006,0.7978282089442794,,,
d,D3_seed20700712,TRAIN,1007,0.8189386041587171,,,
d,D3_seed20700712,TRAIN,1008,0.8011633712800237,,,
d,D3_seed20700712,TRAIN,1009,0.7770087827386527,,,
d,D3_seed20700712,TRAIN,1010,0.7999162897780813,,,
d,D3_seed20700712,TRAIN,1011,0.818918160181241,,,
d,D3_seed20700712,TRAIN,1012,0.7555127532865012,,,
d,D3_seed20700712,TRAIN,1013,0.8183873470303398,,,
d,D3_seed20700712,TRAIN,1014,0.7976802998760568,,,
d,D3_seed20700712,TRAIN,1015,0.7664101748616874,,,
d,D3_seed20700712,TRAIN,1016,0.8009741061895119,,,
d,D3_seed20700712,TRAIN,1017,0.8189167023838249,,,
d,D3_seed20700712,TRAIN,1018,0.7770555576206809,,,
d,D3_seed20700712,TRAIN,1019,0.7998269809963596,,,
d,D3_seed20700712,TRAIN,1020,0.7976424785963683,,,
d,D3_seed20700712,TRAIN,1021,0.7556700035773368,,,
d,D3_seed20700712,TRAIN,1022,0.766408465580522,,,
d,D3_seed20700712,TRAIN,1023,0.8183493399220642,,,
d,D3_seed20700712,TRAIN,1024,0.8009742424501858,,,
d,D3_seed20700712,TRAIN,1025,0.7976523499822376,,,
d,D3_seed20700712,TRAIN,1026,0.7998194073891338,,,
d,D3_seed20700712,TRAIN,1027,0.7770045746288655,,,
d,D3_seed20700712,TRAIN,1028,0.8188708218217119,,,
d,D3_seed20700712,TRAIN,1029,0.7663499043249029,,,
d,D3_seed20700712,TRAIN,1030,0.8183242716204084,,,
d,D3_seed20700712,TRAIN,1031,0.7554290577990075,,,
d,D3_seed20700712,TRAIN,1032,0.8009861512858766,,,
d,D3_seed20700712,TRAIN,1033,0.8183231949500724,,,
d,D3_seed20700712,TRAIN,1034,0.7552903649658501,,,
d,D3_seed20700712,TRAIN,1035,0.7998363679437623,,,
d,D3_seed20700712,TRAIN,1036,0.8010152281577108,,,
d,D3_seed20700712,TRAIN,1037,0.8188292185789892,,,
d,D3_seed20700712,TRAIN,1038,0.7976432542847282,,,
d,D3_seed20700712,TRAIN,1039,0.776943950737422,,,
d,D3_seed20700712,TRAIN,1040,0.7662672031161665,,,
d,D3_seed20700712,TRAIN,1041,0.8188196820276662,,,
d,D3_seed20700712,TRAIN,1042,0.7997773362282369,,,
d,D3_seed20700712,TRAIN,1043,0.8009183867066688,,,
d,D3_seed20700712,TRAIN,1044,0.797583032018925,,,
d,D3_seed20700712,TRAIN,1045,0.7769646972837342,,,
d,D3_seed20700712,TRAIN,1046,0.7663409273844974,,,
d,D3_seed20700712,TRAIN,1047,0.7555639878098139,,,
d,D3_seed20700712,TRAIN,1048,0.8182608151397465,,,
d,D3_seed20700712,TRAIN,1049,0.7975643115149718,,,
d,D3_seed20700712,TRAIN,1050,0.7997371716526511,,,
d,D3_seed20700712,TRAIN,1051,0.7769333365155513,,,
d,D3_seed20700712,TRAIN,1052,0.7554205515435148,,,
d,D3_seed20700712,TRAIN,1053,0.8182469985843018,,,
d,D3_seed20700712,TRAIN,1054,0.8008998339016624,,,
d,D3_seed20700712,TRAIN,1055,0.8187736072385952,,,
d,D3_seed20700712,TRAIN,1056,0.7661914321363242,,,
d,D3_seed20700712,TRAIN,1057,0.7997468988380002,,,
d,D3_seed20700712,TRAIN,1058,0.8182380714723929,,,
d,D3_seed20700712,TRAIN,1059,0.7661627752453428,,,
d,D3_seed20700712,TRAIN,1060,0.7551996871540354,,,
d,D3_seed20700712,TRAIN,1061,0.7975993043369546,,,
d,D3_seed20700712,TRAIN,1062,0.8187533623557526,,,
d,D3_seed20700712,TRAIN,1063,0.8009502385806573,,,
d,D3_seed20700712,TRAIN,1064,0.7768560302985147,,,
d,D3_seed20700712,TRAIN,1065,0.7768547340191448,,,
d,D3_seed20700712,TRAIN,1066,0.8187406186260227,,,
d,D3_seed20700712,TRAIN,1067,0.7551166357595247,,,
d,D3_seed20700712,TRAIN,1068,0.7660827710774879,,,
d,D3_seed20700712,TRAIN,1069,0.8182315491849335,,,
d,D3_seed20700712,TRAIN,1070,0.800979542011994,,,
d,D3_seed20700712,TRAIN,1071,0.7976190830846842,,,
d,D3_seed20700712,TRAIN,1072,0.7997549902829769,,,
d,D3_seed20700712,TRAIN,1073,0.7997282596706352,,,
d,D3_seed20700712,TRAIN,1074,0.7975327278423057,,,
d,D3_seed20700712,TRAIN,1075,0.755334721747742,,,
d,D3_seed20700712,TRAIN,1076,0.7768818490316819,,,
d,D3_seed20700712,TRAIN,1077,0.818726899268052,,,
d,D3_seed20700712,TRAIN,1078,0.8181669397346019,,,
d,D3_seed20700712,TRAIN,1079,0.8007404507718283,,,
d,D3_seed20700712,TRAIN,1080,0.7662866533951715,,,
d,D3_seed20700712,TRAIN,1081,0.7769064363351208,,,
d,D3_seed20700712,TRAIN,1082,0.800724710244663,,,
d,D3_seed20700712,TRAIN,1083,0.8181533338501491,,,
d,D3_seed20700712,TRAIN,1084,0.7662635125082468,,,
d,D3_seed20700712,TRAIN,1085,0.8187071655529371,,,
d,D3_seed20700712,TRAIN,1086,0.7554142691648911,,,
d,D3_seed20700712,TRAIN,1087,0.7974601867292683,,,
d,D3_seed20700712,TRAIN,1088,0.799635050661608,,,
d,D3_seed20700712,TRAIN,1089,0.7661164211357228,,,
d,D3_seed20700712,TRAIN,1090,0.7996446249076675,,,
d,D3_seed20700712,TRAIN,1091,0.7768044090935493,,,
d,D3_seed20700712,TRAIN,1092,0.8008144103821586,,,
d,D3_seed20700712,TRAIN,1093,0.7551158224464665,,,
d,D3_seed20700712,TRAIN,1094,0.7974935973723842,,,
d,D3_seed20700712,TRAIN,1095,0.8186584418678777,,,
d,D3_seed20700712,TRAIN,1096,0.8181260097381503,,,
d,D3_seed20700712,TRAIN,1097,0.766052049791342,,,
d,D3_seed20700712,TRAIN,1098,0.7974758098697281,,,
d,D3_seed20700712,TRAIN,1099,0.8007861623653201,,,
d,D3_seed20700712,TRAIN,1100,0.8181062040308351,,,
d,D3_seed20700712,TRAIN,1101,0.7767986428760552,,,
d,D3_seed20700712,TRAIN,1102,0.8186451442379652,,,
d,D3_seed20700712,TRAIN,1103,0.7552811239793832,,,
d,D3_seed20700712,TRAIN,1104,0.7995838288238616,,,
d,D3_seed20700712,TRAIN,1105,0.7661053739865578,,,
d,D3_seed20700712,TRAIN,1106,0.776787578118548,,,
d,D3_seed20700712,TRAIN,1107,0.8186276038453967,,,
d,D3_seed20700712,TRAIN,1108,0.8180868187245333,,,
d,D3_seed20700712,TRAIN,1109,0.8007655452265563,,,
d,D3_seed20700712,TRAIN,1110,0.7550722380186315,,,
d,D3_seed20700712,TRAIN,1111,0.7996066112002904,,,
d,D3_seed20700712,TRAIN,1112,0.7974445513976824,,,
d,D3_seed20700712,TRAIN,1113,0.7550795796131247,,,
d,D3_seed20700712,TRAIN,1114,0.8186082394351876,,,
d,D3_seed20700712,TRAIN,1115,0.8007409841562856,,,
d,D3_seed20700712,TRAIN,1116,0.7995743662709144,,,
d,D3_seed20700712,TRAIN,1117,0.7767594706812844,,,
d,D3_seed20700712,TRAIN,1118,0.8180519558039255,,,
d,D3_seed20700712,TRAIN,1119,0.7973767527869688,,,
d,D3_seed20700712,TRAIN,1120,0.7661033702385356,,,
d,D3_seed20700712,TRAIN,1121,0.7973580791591974,,,
d,D3_seed20700712,TRAIN,1122,0.7767866542716472,,,
d,D3_seed20700712,TRAIN,1123,0.8180365079222669,,,
d,D3_seed20700712,TRAIN,1124,0.818600032302013,,,
d,D3_seed20700712,TRAIN,1125,0.8006253120256993,,,
d,D3_seed20700712,TRAIN,1126,0.7553386000039471,,,
d,D3_seed20700712,TRAIN,1127,0.7661041987204663,,,
d,D3_seed20700712,TRAIN,1128,0.7995118743609385,,,
d,D3_seed20700712,TRAIN,1129,0.8180200504747183,,,
d,D3_seed20700712,TRAIN,1130,0.7973502261213288,,,
d,D3_seed20700712,TRAIN,1131,0.8006371028503798,,,
d,D3_seed20700712,TRAIN,1132,0.7995014453408673,,,
d,D3_seed20700712,TRAIN,1133,0.7767595206304981,,,
d,D3_seed20700712,TRAIN,1134,0.755326291046605,,,
d,D3_seed20700712,TRAIN,1135,0.7660890355760874,,,
d,D3_seed20700712,TRAIN,1136,0.8185636237611843,,,
d,D3_seed20700712,TRAIN,1137,0.7994963802770477,,,
d,D3_seed20700712,TRAIN,1138,0.7767204411046446,,,
d,D3_seed20700712,TRAIN,1139,0.8006458537852835,,,
d,D3_seed20700712,TRAIN,1140,0.7659804423755169,,,
d,D3_seed20700712,TRAIN,1141,0.7973545207002702,,,
d,D3_seed20700712,TRAIN,1142,0.8179948707490082,,,
d,D3_seed20700712,TRAIN,1143,0.7550337174936724,,,
d,D3_seed20700712,TRAIN,1144,0.8185340504688299,,,
d,D3_seed20700712,TRAIN,1145,0.7549763496884431,,,
d,D3_seed20700712,TRAIN,1146,0.7766744979703177,,,
d,D3_seed20700712,TRAIN,1147,0.8180033288442753,,,
d,D3_seed20700712,TRAIN,1148,0.7974019208834677,,,
d,D3_seed20700712,TRAIN,1149,0.7995480946860768,,,
d,D3_seed20700712,TRAIN,1150,0.8185244952396717,,,
d,D3_seed20700712,TRAIN,1151,0.8006918568723578,,,
d,D3_seed20700712,TRAIN,1152,0.7659073851137344,,,
d,D3_seed20700712,TRAIN,1153,0.8179712706983618,,,
d,D3_seed20700712,TRAIN,1154,0.7550087426275576,,,
d,D3_seed20700712,TRAIN,1155,0.7766704625421557,,,
d,D3_seed20700712,TRAIN,1156,0.818507341543534,,,
d,D3_seed20700712,TRAIN,1157,0.7994828075466194,,,
d,D3_seed20700712,TRAIN,1158,0.7973212078848949,,,
d,D3_seed20700712,TRAIN,1159,0.8006064672890782,,,
d,D3_seed20700712,TRAIN,1160,0.765964810472464,,,
d,D3_seed20700712,TRAIN,1161,0.7659789209699988,,,
d,D3_seed20700712,TRAIN,1162,0.7766803687057672,,,
d,D3_seed20700712,TRAIN,1163,0.8005688266270466,,,
d,D3_seed20700712,TRAIN,1164,0.8184946525766321,,,
d,D3_seed20700712,TRAIN,1165,0.8179320589813537,,,
d,D3_seed20700712,TRAIN,1166,0.7972713515957404,,,
d,D3_seed20700712,TRAIN,1167,0.7994243499262543,,,
d,D3_seed20700712,TRAIN,1168,0.7551859822566287,,,
d,D3_seed20700712,TRAIN,1169,0.7659977613013949,,,
d,D3_seed20700712,TRAIN,1170,0.8184864285087201,,,
d,D3_seed20700712,TRAIN,1171,0.8005360677871204,,,
d,D3_seed20700712,TRAIN,1172,0.817914568739495,,,
d,D3_seed20700712,TRAIN,1173,0.7766652906685354,,,
d,D3_seed20700712,TRAIN,1174,0.7972510509953972,,,
d,D3_seed20700712,TRAIN,1175,0.799407735563583,,,
d,D3_seed20700712,TRAIN,1176,0.755138742419574,,,
d,D3_seed20700712,TRAIN,1177,0.8184692131066689,,,
d,D3_seed20700712,TRAIN,1178,0.7766524943657847,,,
d,D3_seed20700712,TRAIN,1179,0.8178998384563657,,,
d,D3_seed20700712,TRAIN,1180,0.7972522299441672,,,
d,D3_seed20700712,TRAIN,1181,0.7659073545739689,,,
d,D3_seed20700712,TRAIN,1182,0.7994109669465325,,,
d,D3_seed20700712,TRAIN,1183,0.8005472850292727,,,
d,D3_seed20700712,TRAIN,1184,0.7550124130286221,,,
d,D3_seed20700712,TRAIN,1185,0.7972452354560712,,,
d,D3_seed20700712,TRAIN,1186,0.7993952059459728,,,
d,D3_seed20700712,TRAIN,1187,0.8005099330303763,,,
d,D3_seed20700712,TRAIN,1188,0.7766435099929746,,,
d,D3_seed20700712,TRAIN,1189,0.8184492888809896,,,
d,D3_seed20700712,TRAIN,1190,0.7659714281321837,,,
d,D3_seed20700712,TRAIN,1191,0.8178704234699785,,,
d,D3_seed20700712,TRAIN,1192,0.7551547298946781,,,
d,D3_seed20700712,TRAIN,1193,0.7972049600679292,,,
d,D3_seed20700712,TRAIN,1194,0.755091710631389,,,
d,D3_seed20700712,TRAIN,1195,0.8004935524871453,,,
d,D3_seed20700712,TRAIN,1196,0.8184264384886295,,,
d,D3_seed20700712,TRAIN,1197,0.7766098407242796,,,
d,D3_seed20700712,TRAIN,1198,0.7993746707987321,,,
d,D3_seed20700712,TRAIN,1199,0.8178589279711247,,,
d,D3_seed20700712,TRAIN,1200,0.7658608089825653,,,
d,D3_seed20700712,TRAIN,1201,0.7993758904753795,,,
d,D3_seed20700712,TRAIN,1202,0.8184112041122206,,,
d,D3_seed20700712,TRAIN,1203,0.7658396710566773,,,
d,D3_seed20700712,TRAIN,1204,0.7548936804742167,,,
d,D3_seed20700712,TRAIN,1205,0.8178575405148912,,,
d,D3_seed20700712,TRAIN,1206,0.79724968089096,,,
d,D3_seed20700712,TRAIN,1207,0.7765649082289552,,,
d,D3_seed20700712,TRAIN,1208,0.8005628079862569,,,
d,D3_seed20700712,TRAIN,1209,0.7972463171936062,,,
d,D3_seed20700712,TRAIN,1210,0.7548226985440784,,,
d,D3_seed20700712,TRAIN,1211,0.8183938531618169,,,
d,D3_seed20700712,TRAIN,1212,0.8005242384085892,,,
d,D3_seed20700712,TRAIN,1213,0.7765661041168432,,,
d,D3_seed20700712,TRAIN,1214,0.7658111524934924,,,
d,D3_seed20700712,TRAIN,1215,0.7993576581853484,,,
d,D3_seed20700712,TRAIN,1216,0.8178286679076798,,,
d,D3_seed20700712,TRAIN,1217,0.8178248187114331,,,
d,D3_seed20700712,TRAIN,1218,0.7765692800039855,,,
d,D3_seed20700712,TRAIN,1219,0.8004650594378149,,,
d,D3_seed20700712,TRAIN,1220,0.797171243878445,,,
d,D3_seed20700712,TRAIN,1221,0.8183819949331599,,,
d,D3_seed20700712,TRAIN,1222,0.7993062427365143,,,
d,D3_seed20700712,TRAIN,1223,0.755125869562692,,,
d,D3_seed20700712,TRAIN,1224,0.7659208963074351,,,
d,D3_seed20700712,TRAIN,1225,0.7765992698621359,,,
d,D3_seed20700712,TRAIN,1226,0.7658952841200525,,,
d,D3_seed20700712,TRAIN,1227,0.8004146792381834,,,
d,D3_seed20700712,TRAIN,1228,0.7971480972056354,,,
d,D3_seed20700712,TRAIN,1229,0.7550044239760303,,,
d,D3_seed20700712,TRAIN,1230,0.7993046980294275,,,
d,D3_seed20700712,TRAIN,1231,0.8183613695412691,,,
d,D3_seed20700712,TRAIN,1232,0.8177914342589326,,,
d,D3_seed20700712,TRAIN,1233,0.7971506367998312,,,
d,D3_seed20700712,TRAIN,1234,0.7658249337879076,,,
d,D3_seed20700712,TRAIN,1235,0.8177855972393924,,,
d,D3_seed20700712,TRAIN,1236,0.7549420762252919,,,
d,D3_seed20700712,TRAIN,1237,0.800431094953813,,,
d,D3_seed20700712,TRAIN,1238,0.7993001432882633,,,
d,D3_seed20700712,TRAIN,1239,0.7765421363699635,,,
d,D3_seed20700712,TRAIN,1240,0.8183444844593458,,,
d,D3_seed20700712,TRAIN,1241,0.7992919857816062,,,
d,D3_seed20700712,TRAIN,1242,0.8004116649585101,,,
d,D3_seed20700712,TRAIN,1243,0.7658210604529696,,,
d,D3_seed20700712,TRAIN,1244,0.8183407609522688,,,
d,D3_seed20700712,TRAIN,1245,0.7549782433601163,,,
d,D3_seed20700712,TRAIN,1246,0.7765386362652948,,,
d,D3_seed20700712,TRAIN,1247,0.8177643569947822,,,
d,D3_seed20700712,TRAIN,1248,0.7971344039588348,,,
d,D3_seed20700712,TRAIN,1249,0.8004151175908046,,,
d,D3_seed20700712,TRAIN,1250,0.7971269213447675,,,
d,D3_seed20700712,TRAIN,1251,0.8183269901069716,,,
d,D3_seed20700712,TRAIN,1252,0.8177524567092042,,,
d,D3_seed20700712,TRAIN,1253,0.7992544103002608,,,
d,D3_seed20700712,TRAIN,1254,0.7658450033706119,,,
d,D3_seed20700712,TRAIN,1255,0.7550545279406512,,,
d,D3_seed20700712,TRAIN,1256,0.7765449674223993,,,
d,D3_seed20700712,TRAIN,1257,0.7658253699156055,,,
d,D3_seed20700712,TRAIN,1258,0.7549477516091823,,,
d,D3_seed20700712,TRAIN,1259,0.7765101833732734,,,
d,D3_seed20700712,TRAIN,1260,0.7971316845964964,,,
d,D3_seed20700712,TRAIN,1261,0.817751904125229,,,
d,D3_seed20700712,TRAIN,1262,0.8004482940544255,,,
d,D3_seed20700712,TRAIN,1263,0.7992947709660322,,,
d,D3_seed20700712,TRAIN,1264,0.8183028916547191,,,
d,D3_seed20700712,TRAIN,1265,0.797135744426782,,,
d,D3_seed20700712,TRAIN,1266,0.7657181753320265,,,
d,D3_seed20700712,TRAIN,1267,0.7764896336617518,,,
d,D3_seed20700712,TRAIN,1268,0.7992635726989512,,,
d,D3_seed20700712,TRAIN,1269,0.7548119640862874,,,
d,D3_seed20700712,TRAIN,1270,0.8182931756983477,,,
d,D3_seed20700712,TRAIN,1271,0.8177280499889106,,,
d,D3_seed20700712,TRAIN,1272,0.800389767359596,,,
d,D3_seed20700712,TRAIN,1273,0.8182889150754209,,,
d,D3_seed20700712,TRAIN,1274,0.7657379790346466,,,
d,D3_seed20700712,TRAIN,1275,0.7764872594110896,,,
d,D3_seed20700712,TRAIN,1276,0.800373867467359,,,
d,D3_seed20700712,TRAIN,1277,0.8177152246898914,,,
d,D3_seed20700712,TRAIN,1278,0.7548349898470892,,,
d,D3_seed20700712,TRAIN,1279,0.7992362233910084,,,
d,D3_seed20700712,TRAIN,1280,0.797084759937433,,,
d,D3_seed20700712,TRAIN,1281,0.7657380897618021,,,
d,D3_seed20700712,TRAIN,1282,0.8182766277958979,,,
d,D3_seed20700712,TRAIN,1283,0.8177028578841397,,,
d,D3_seed20700712,TRAIN,1284,0.7992200931147923,,,
d,D3_seed20700712,TRAIN,1285,0.754876758172687,,,
d,D3_seed20700712,TRAIN,1286,0.7764813409560214,,,
d,D3_seed20700712,TRAIN,1287,0.8003387700254556,,,
d,D3_seed20700712,TRAIN,1288,0.7970647713565683,,,
d,D3_seed20700712,TRAIN,1289,0.7970582391460704,,,
d,D3_seed20700712,TRAIN,1290,0.765758209309299,,,
d,D3_seed20700712,TRAIN,1291,0.8003051679582978,,,
d,D3_seed20700712,TRAIN,1292,0.799189089226497,,,
d,D3_seed20700712,TRAIN,1293,0.7765017922215275,,,
d,D3_seed20700712,TRAIN,1294,0.8182724536545546,,,
d,D3_seed20700712,TRAIN,1295,0.8176798507611399,,,
d,D3_seed20700712,TRAIN,1296,0.7550353800747682,,,
d,D3_seed20700712,TRAIN,1297,0.7550145596642787,,,
d,D3_seed20700712,TRAIN,1298,0.7991775040104195,,,
d,D3_seed20700712,TRAIN,1299,0.7970279546719982,,,
d,D3_seed20700712,TRAIN,1300,0.8176719191185884,,,
d,D3_seed20700712,TRAIN,1301,0.8002827486986982,,,
d,D3_seed20700712,TRAIN,1302,0.7657677205155743,,,
d,D3_seed20700712,TRAIN,1303,0.8182532378158448,,,
d,D3_seed20700712,TRAIN,1304,0.7764759998696733,,,
d,D3_seed20700712,TRAIN,1305,0.7970256645755378,,,
d,D3_seed20700712,TRAIN,1306,0.7548916369456626,,,
d,D3_seed20700712,TRAIN,1307,0.7657195903403342,,,
d,D3_seed20700712,TRAIN,1308,0.7991867717059243,,,
d,D3_seed20700712,TRAIN,1309,0.8182358196743715,,,
d,D3_seed20700712,TRAIN,1310,0.8003261288331435,,,
d,D3_seed20700712,TRAIN,1311,0.8176635398159501,,,
d,D3_seed20700712,TRAIN,1312,0.7764363827442103,,,
d,D3_seed20700712,TRAIN,1313,0.800323771088948,,,
d,D3_seed20700712,TRAIN,1314,0.8182283616650482,,,
d,D3_seed20700712,TRAIN,1315,0.8176557432199565,,,
d,D3_seed20700712,TRAIN,1316,0.7547804262053263,,,
d,D3_seed20700712,TRAIN,1317,0.7991787133015611,,,
d,D3_seed20700712,TRAIN,1318,0.7764349892136708,,,
d,D3_seed20700712,TRAIN,1319,0.7656742895959499,,,
d,D3_seed20700712,TRAIN,1320,0.7970325092626127,,,
d,D3_seed20700712,TRAIN,1321,0.7656611299903885,,,
d,D3_seed20700712,TRAIN,1322,0.7970353619387297,,,
d,D3_seed20700712,TRAIN,1323,0.8182156000166835,,,
d,D3_seed20700712,TRAIN,1324,0.7764208767923593,,,
d,D3_seed20700712,TRAIN,1325,0.8003110275612175,,,
d,D3_seed20700712,TRAIN,1326,0.8176417266851883,,,
d,D3_seed20700712,TRAIN,1327,0.7547382803205906,,,
d,D3_seed20700712,TRAIN,1328,0.7991690291823823,,,
d,D3_seed20700712,TRAIN,1329,0.7656512118108687,,,
d,D3_seed20700712,TRAIN,1330,0.8002950376817964,,,
d,D3_seed20700712,TRAIN,1331,0.7991619250879914,,,
d,D3_seed20700712,TRAIN,1332,0.7547679996293465,,,
d,D3_seed20700712,TRAIN,1333,0.7764193708462747,,,
d,D3_seed20700712,TRAIN,1334,0.7970084140963348,,,
d,D3_seed20700712,TRAIN,1335,0.8182013245583029,,,
d,D3_seed20700712,TRAIN,1336,0.8176231588988604,,,
d,D3_seed20700712,TRAIN,1337,0.8181993547281736,,,
d,D3_seed20700712,TRAIN,1338,0.8176193178963773,,,
d,D3_seed20700712,TRAIN,1339,0.8002548665902937,,,
d,D3_seed20700712,TRAIN,1340,0.7991320432967285,,,
d,D3_seed20700712,TRAIN,1341,0.7548641183121151,,,
d,D3_seed20700712,TRAIN,1342,0.7969725640363595,,,
d,D3_seed20700712,TRAIN,1343,0.7764360365703667,,,
d,D3_seed20700712,TRAIN,1344,0.7657196952757296,,,
d,D3_seed20700712,TRAIN,1345,0.7548994745844501,,,
d,D3_seed20700712,TRAIN,1346,0.7969688363888707,,,
d,D3_seed20700712,TRAIN,1347,0.8181907161076091,,,
d,D3_seed20700712,TRAIN,1348,0.8002277095069915,,,
d,D3_seed20700712,TRAIN,1349,0.7656794364934538,,,
d,D3_seed20700712,TRAIN,1350,0.7991185050618812,,,
d,D3_seed20700712,TRAIN,1351,0.8175995737874973,,,
d,D3_seed20700712,TRAIN,1352,0.7764104889920773,,,
d,D3_seed20700712,TRAIN,1353,0.7764069967518635,,,
d,D3_seed20700712,TRAIN,1354,0.7656482855721046,,,
d,D3_seed20700712,TRAIN,1355,0.7991267174461488,,,
d,D3_seed20700712,TRAIN,1356,0.7547079407748786,,,
d,D3_seed20700712,TRAIN,1357,0.7969954705059591,,,
d,D3_seed20700712,TRAIN,1358,0.8002743894785505,,,
d,D3_seed20700712,TRAIN,1359,0.8175990776501095,,,
d,D3_seed20700712,TRAIN,1360,0.8181679813193968,,,
d,D3_seed20700712,TRAIN,1361,0.7969883473419451,,,
d,D3_seed20700712,TRAIN,1362,0.8175908552400747,,,
d,D3_seed20700712,TRAIN,1363,0.7547277523440511,,,
d,D3_seed20700712,TRAIN,1364,0.7763865177553034,,,
d,D3_seed20700712,TRAIN,1365,0.8002326247355811,,,
d,D3_seed20700712,TRAIN,1366,0.7656272669081554,,,
d,D3_seed20700712,TRAIN,1367,0.8181612218098494,,,
d,D3_seed20700712,TRAIN,1368,0.7991078844912428,,,
d,D3_seed20700712,TRAIN,1369,0.7969616997403469,,,
d,D3_seed20700712,TRAIN,1370,0.7547577259008897,,,
d,D3_seed20700712,TRAIN,1371,0.7763849445067494,,,
d,D3_seed20700712,TRAIN,1372,0.8181559139571803,,,
d,D3_seed20700712,TRAIN,1373,0.7656186529644411,,,
d,D3_seed20700712,TRAIN,1374,0.7991042301729573,,,
d,D3_seed20700712,TRAIN,1375,0.8175735283895111,,,
d,D3_seed20700712,TRAIN,1376,0.800230258552881,,,
d,D3_seed20700712,TRAIN,1377,0.7991010866747135,,,
d,D3_seed20700712,TRAIN,1378,0.8175671915525716,,,
d,D3_seed20700712,TRAIN,1379,0.776376947865617,,,
d,D3_seed20700712,TRAIN,1380,0.8181473681497641,,,
d,D3_seed20700713,TRAIN,1,1.010044755825025,,,
d,D3_seed20700713,TRAIN,2,1.0053217112876949,,,
d,D3_seed20700713,TRAIN,3,0.9506740506701067,,,
d,D3_seed20700713,TRAIN,4,0.9816031286797581,,,
d,D3_seed20700713,TRAIN,5,0.9979128381954471,,,
d,D3_seed20700713,TRAIN,6,0.9649512142778581,,,
d,D3_seed20700713,TRAIN,7,1.0176306536220194,,,
d,D3_seed20700713,TRAIN,8,1.0212855209537468,,,
d,D3_seed20700713,TRAIN,9,0.9977660105050368,,,
d,D3_seed20700713,TRAIN,10,0.964782468416507,,,
d,D3_seed20700713,TRAIN,11,1.009696123854998,,,
d,D3_seed20700713,TRAIN,12,1.0210873185301859,,,
d,D3_seed20700713,TRAIN,13,1.0173357657894468,,,
d,D3_seed20700713,TRAIN,14,1.0048285852319279,,,
d,D3_seed20700713,TRAIN,15,0.9501103385069889,,,
d,D3_seed20700713,TRAIN,16,0.9809971843440232,,,
d,D3_seed20700713,TRAIN,17,0.9972920217396498,,,
d,D3_seed20700713,TRAIN,18,1.0169838558304478,,,
d,D3_seed20700713,TRAIN,19,1.0044611901296903,,,
d,D3_seed20700713,TRAIN,20,0.9640858002114286,,,
d,D3_seed20700713,TRAIN,21,0.9805760751904088,,,
d,D3_seed20700713,TRAIN,22,1.020317977819598,,,
d,D3_seed20700713,TRAIN,23,1.0087529569425644,,,
d,D3_seed20700713,TRAIN,24,0.9493071513743272,,,
d,D3_seed20700713,TRAIN,25,1.0200083842936372,,,
d,D3_seed20700713,TRAIN,26,0.9634737123912915,,,
d,D3_seed20700713,TRAIN,27,1.0036674912961574,,,
d,D3_seed20700713,TRAIN,28,0.9798112169423321,,,
d,D3_seed20700713,TRAIN,29,1.0158578565418788,,,
d,D3_seed20700713,TRAIN,30,0.9959922491665316,,,
d,D3_seed20700713,TRAIN,31,0.9484430726935978,,,
d,D3_seed20700713,TRAIN,32,1.0076490592425364,,,
d,D3_seed20700713,TRAIN,33,1.0075038495469335,,,
d,D3_seed20700713,TRAIN,34,0.9789841359676079,,,
d,D3_seed20700713,TRAIN,35,1.0150259506454087,,,
d,D3_seed20700713,TRAIN,36,0.9951536764206388,,,
d,D3_seed20700713,TRAIN,37,0.9475225489102681,,,
d,D3_seed20700713,TRAIN,38,1.0182155418750465,,,
d,D3_seed20700713,TRAIN,39,0.9616039416431548,,,
d,D3_seed20700713,TRAIN,40,1.0017925886699866,,,
d,D3_seed20700713,TRAIN,41,0.9943307014199285,,,
d,D3_seed20700713,TRAIN,42,0.9610592407714861,,,
d,D3_seed20700713,TRAIN,43,1.0057910145169286,,,
d,D3_seed20700713,TRAIN,44,0.9772361527696078,,,
d,D3_seed20700713,TRAIN,45,1.0169464235071977,,,
d,D3_seed20700713,TRAIN,46,0.9458508926130026,,,
d,D3_seed20700713,TRAIN,47,1.0005138765490438,,,
d,D3_seed20700713,TRAIN,48,1.0127261553818296,,,
d,D3_seed20700713,TRAIN,49,1.0125359503808622,,,
d,D3_seed20700713,TRAIN,50,0.9595284897711588,,,
d,D3_seed20700713,TRAIN,51,0.9997582779844951,,,
d,D3_seed20700713,TRAIN,52,0.9756740485685567,,,
d,D3_seed20700713,TRAIN,53,1.0154062706681495,,,
d,D3_seed20700713,TRAIN,54,0.944254072105477,,,
d,D3_seed20700713,TRAIN,55,1.0034261142129863,,,
d,D3_seed20700713,TRAIN,56,0.9915442708059867,,,
d,D3_seed20700713,TRAIN,57,0.9913496977946371,,,
d,D3_seed20700713,TRAIN,58,1.0107737758545712,,,
d,D3_seed20700713,TRAIN,59,0.9577186610597486,,,
d,D3_seed20700713,TRAIN,60,1.0139980867213167,,,
d,D3_seed20700713,TRAIN,61,0.9427918897472837,,,
d,D3_seed20700713,TRAIN,62,0.9736140383034941,,,
d,D3_seed20700713,TRAIN,63,1.0017524140476177,,,
d,D3_seed20700713,TRAIN,64,0.997173681389424,,,
d,D3_seed20700713,TRAIN,65,1.0093330615417315,,,
d,D3_seed20700713,TRAIN,66,0.9895409941922801,,,
d,D3_seed20700713,TRAIN,67,0.9560177589350575,,,
d,D3_seed20700713,TRAIN,68,0.9412576135834769,,,
d,D3_seed20700713,TRAIN,69,1.000434634327794,,,
d,D3_seed20700713,TRAIN,70,1.0118692285798248,,,
d,D3_seed20700713,TRAIN,71,0.9716353810161494,,,
d,D3_seed20700713,TRAIN,72,0.9954644632973646,,,
d,D3_seed20700713,TRAIN,73,1.007596203015695,,,
d,D3_seed20700713,TRAIN,74,0.954445585594917,,,
d,D3_seed20700713,TRAIN,75,0.994795679577532,,,
d,D3_seed20700713,TRAIN,76,0.9988177194155315,,,
d,D3_seed20700713,TRAIN,77,0.9702377894944096,,,
d,D3_seed20700713,TRAIN,78,0.9869362007535759,,,
d,D3_seed20700713,TRAIN,79,1.0098078851483332,,,
d,D3_seed20700713,TRAIN,80,0.9384276311216768,,,
d,D3_seed20700713,TRAIN,81,1.0057457401326804,,,
d,D3_seed20700713,TRAIN,82,0.9525361098564441,,,
d,D3_seed20700713,TRAIN,83,0.9857737246083019,,,
d,D3_seed20700713,TRAIN,84,0.9374204927854285,,,
d,D3_seed20700713,TRAIN,85,0.9965984517002071,,,
d,D3_seed20700713,TRAIN,86,0.9680074292729192,,,
d,D3_seed20700713,TRAIN,87,0.991949687480401,,,
d,D3_seed20700713,TRAIN,88,1.0075880923904377,,,
d,D3_seed20700713,TRAIN,89,0.9914445625912953,,,
d,D3_seed20700713,TRAIN,90,1.007068563462988,,,
d,D3_seed20700713,TRAIN,91,1.0032464645364838,,,
d,D3_seed20700713,TRAIN,92,0.9352898894401608,,,
d,D3_seed20700713,TRAIN,93,0.9661382768064012,,,
d,D3_seed20700713,TRAIN,94,0.9494042229899414,,,
d,D3_seed20700713,TRAIN,95,0.9939046193560507,,,
d,D3_seed20700713,TRAIN,96,0.982490982818111,,,
d,D3_seed20700713,TRAIN,97,0.9822207797773127,,,
d,D3_seed20700713,TRAIN,98,0.993043636073556,,,
d,D3_seed20700713,TRAIN,99,0.988763235632017,,,
d,D3_seed20700713,TRAIN,100,0.9329833173788644,,,
d,D3_seed20700713,TRAIN,101,1.0004901304429097,,,
d,D3_seed20700713,TRAIN,102,0.9635355950469464,,,
d,D3_seed20700713,TRAIN,103,0.9467966518238629,,,
d,D3_seed20700713,TRAIN,104,1.0031266043821434,,,
d,D3_seed20700713,TRAIN,105,0.9314402246300812,,,
d,D3_seed20700713,TRAIN,106,0.9458695918890339,,,
d,D3_seed20700713,TRAIN,107,0.9986916821032571,,,
d,D3_seed20700713,TRAIN,108,0.9790517842376505,,,
d,D3_seed20700713,TRAIN,109,0.9857898814110818,,,
d,D3_seed20700713,TRAIN,110,0.9610008134612227,,,
d,D3_seed20700713,TRAIN,111,0.9889774671277638,,,
d,D3_seed20700713,TRAIN,112,1.000595632291541,,,
d,D3_seed20700713,TRAIN,113,0.9599870895850798,,,
d,D3_seed20700713,TRAIN,114,0.9432376261214902,,,
d,D3_seed20700713,TRAIN,115,0.9838341616986473,,,
d,D3_seed20700713,TRAIN,116,0.9872397559410876,,,
d,D3_seed20700713,TRAIN,117,0.9761451616500665,,,
d,D3_seed20700713,TRAIN,118,0.9985285374203139,,,
d,D3_seed20700713,TRAIN,119,0.9266172841835688,,,
d,D3_seed20700713,TRAIN,120,0.9943377908611388,,,
d,D3_seed20700713,TRAIN,121,0.9747474827656702,,,
d,D3_seed20700713,TRAIN,122,0.9403380096419921,,,
d,D3_seed20700713,TRAIN,123,0.9966902333506743,,,
d,D3_seed20700713,TRAIN,124,0.9842330881474279,,,
d,D3_seed20700713,TRAIN,125,0.9924727085599759,,,
d,D3_seed20700713,TRAIN,126,0.9798539647098597,,,
d,D3_seed20700713,TRAIN,127,0.923469961870408,,,
d,D3_seed20700713,TRAIN,128,0.9543219947573783,,,
d,D3_seed20700713,TRAIN,129,0.9539051865378766,,,
d,D3_seed20700713,TRAIN,130,0.990483765621845,,,
d,D3_seed20700713,TRAIN,131,0.9934941272694483,,,
d,D3_seed20700713,TRAIN,132,0.921333521486231,,,
d,D3_seed20700713,TRAIN,133,0.9358463241648971,,,
d,D3_seed20700713,TRAIN,134,0.9765927330544327,,,
d,D3_seed20700713,TRAIN,135,0.9692680389560411,,,
d,D3_seed20700713,TRAIN,136,0.9791135727931667,,,
d,D3_seed20700713,TRAIN,137,0.950374240221134,,,
d,D3_seed20700713,TRAIN,138,0.9781822073188963,,,
d,D3_seed20700713,TRAIN,139,0.9675167120081698,,,
d,D3_seed20700713,TRAIN,140,0.9861107064490653,,,
d,D3_seed20700713,TRAIN,141,0.9734572807251495,,,
d,D3_seed20700713,TRAIN,142,0.9166402220785426,,,
d,D3_seed20700713,TRAIN,143,0.9880559285358448,,,
d,D3_seed20700713,TRAIN,144,0.9306911875337793,,,
d,D3_seed20700713,TRAIN,145,0.9747291879552505,,,
d,D3_seed20700713,TRAIN,146,0.9832125305717703,,,
d,D3_seed20700713,TRAIN,147,0.9705399453862419,,,
d,D3_seed20700713,TRAIN,148,0.9632379166051407,,,
d,D3_seed20700713,TRAIN,149,0.985015153406046,,,
d,D3_seed20700713,TRAIN,150,0.9124448427422116,,,
d,D3_seed20700713,TRAIN,151,0.9432762080675617,,,
d,D3_seed20700713,TRAIN,152,0.9264794480391068,,,
d,D3_seed20700713,TRAIN,153,0.9606616848528383,,,
d,D3_seed20700713,TRAIN,154,0.9416021330990265,,,
d,D3_seed20700713,TRAIN,155,0.9784701203915562,,,
d,D3_seed20700713,TRAIN,156,0.965777339658342,,,
d,D3_seed20700713,TRAIN,157,0.9681146590032867,,,
d,D3_seed20700713,TRAIN,158,0.9230911047640828,,,
d,D3_seed20700713,TRAIN,159,0.9072844894878693,,,
d,D3_seed20700713,TRAIN,160,0.9789261191550561,,,
d,D3_seed20700713,TRAIN,161,0.9750815781859192,,,
d,D3_seed20700713,TRAIN,162,0.9651393400151856,,,
d,D3_seed20700713,TRAIN,163,0.9771673136109386,,,
d,D3_seed20700713,TRAIN,164,0.9612158008240375,,,
d,D3_seed20700713,TRAIN,165,0.9350904796129144,,,
d,D3_seed20700713,TRAIN,166,0.9183130492156371,,,
d,D3_seed20700713,TRAIN,167,0.952814632849773,,,
d,D3_seed20700713,TRAIN,168,0.9017472075377307,,,
d,D3_seed20700713,TRAIN,169,0.9325927672794607,,,
d,D3_seed20700713,TRAIN,170,0.9601542317174269,,,
d,D3_seed20700713,TRAIN,171,0.9151938721025806,,,
d,D3_seed20700713,TRAIN,172,0.9498224343488173,,,
d,D3_seed20700713,TRAIN,173,0.95577318309958,,,
d,D3_seed20700713,TRAIN,174,0.9672299904550843,,,
d,D3_seed20700713,TRAIN,175,0.9697736024295048,,,
d,D3_seed20700713,TRAIN,176,0.8965523291696429,,,
d,D3_seed20700713,TRAIN,177,0.9113237290561341,,,
d,D3_seed20700713,TRAIN,178,0.9267368729070595,,,
d,D3_seed20700713,TRAIN,179,0.9519727781240642,,,
d,D3_seed20700713,TRAIN,180,0.9535565695714043,,,
d,D3_seed20700713,TRAIN,181,0.9658684947353772,,,
d,D3_seed20700713,TRAIN,182,0.962078486767461,,,
d,D3_seed20700713,TRAIN,183,0.8918028238322175,,,
d,D3_seed20700713,TRAIN,184,0.9422598506282895,,,
d,D3_seed20700713,TRAIN,185,0.9600835963117396,,,
d,D3_seed20700713,TRAIN,186,0.9212600113966468,,,
d,D3_seed20700713,TRAIN,187,0.9486966629446532,,,
d,D3_seed20700713,TRAIN,188,0.9396176941588777,,,
d,D3_seed20700713,TRAIN,189,0.9453284562109664,,,
d,D3_seed20700713,TRAIN,190,0.9597470265204612,,,
d,D3_seed20700713,TRAIN,191,0.901744215173926,,,
d,D3_seed20700713,TRAIN,192,0.885411488542671,,,
d,D3_seed20700713,TRAIN,193,0.9443680411508529,,,
d,D3_seed20700713,TRAIN,194,0.9569215167518732,,,
d,D3_seed20700713,TRAIN,195,0.953177308028885,,,
d,D3_seed20700713,TRAIN,196,0.934143892968151,,,
d,D3_seed20700713,TRAIN,197,0.9397231789728058,,,
d,D3_seed20700713,TRAIN,198,0.8809659166227793,,,
d,D3_seed20700713,TRAIN,199,0.8959119740635594,,,
d,D3_seed20700713,TRAIN,200,0.911034535119121,,,
d,D3_seed20700713,TRAIN,201,0.8786861433213919,,,
d,D3_seed20700713,TRAIN,202,0.9298671188839397,,,
d,D3_seed20700713,TRAIN,203,0.8928936963473886,,,
d,D3_seed20700713,TRAIN,204,0.936021064898315,,,
d,D3_seed20700713,TRAIN,205,0.9071741436388613,,,
d,D3_seed20700713,TRAIN,206,0.9330939783302423,,,
d,D3_seed20700713,TRAIN,207,0.9443444730872593,,,
d,D3_seed20700713,TRAIN,208,0.9465006424256135,,,
d,D3_seed20700713,TRAIN,209,0.9308062571820456,,,
d,D3_seed20700713,TRAIN,210,0.94494321175636,,,
d,D3_seed20700713,TRAIN,211,0.8866523995718659,,,
d,D3_seed20700713,TRAIN,212,0.9224031873041948,,,
d,D3_seed20700713,TRAIN,213,0.8691886195511123,,,
d,D3_seed20700713,TRAIN,214,0.9389108359387753,,,
d,D3_seed20700713,TRAIN,215,0.9271240163632127,,,
d,D3_seed20700713,TRAIN,216,0.8982903994327386,,,
d,D3_seed20700713,TRAIN,217,0.9393532196177842,,,
d,D3_seed20700713,TRAIN,218,0.8650513000138594,,,
d,D3_seed20700713,TRAIN,219,0.9237484488450184,,,
d,D3_seed20700713,TRAIN,220,0.9220764242818534,,,
d,D3_seed20700713,TRAIN,221,0.933263888693635,,,
d,D3_seed20700713,TRAIN,222,0.8776177525219455,,,
d,D3_seed20700713,TRAIN,223,0.9136955050347909,,,
d,D3_seed20700713,TRAIN,224,0.8914829178572501,,,
d,D3_seed20700713,TRAIN,225,0.918542724301628,,,
d,D3_seed20700713,TRAIN,226,0.8742009447542909,,,
d,D3_seed20700713,TRAIN,227,0.8573362763759788,,,
d,D3_seed20700713,TRAIN,228,0.9153844130645096,,,
d,D3_seed20700713,TRAIN,229,0.926548264411063,,,
d,D3_seed20700713,TRAIN,230,0.9078786163589689,,,
d,D3_seed20700713,TRAIN,231,0.8852863766982502,,,
d,D3_seed20700713,TRAIN,232,0.9266406128484894,,,
d,D3_seed20700713,TRAIN,233,0.9257578792885126,,,
d,D3_seed20700713,TRAIN,234,0.9044595785080498,,,
d,D3_seed20700713,TRAIN,235,0.8501986464456341,,,
d,D3_seed20700713,TRAIN,236,0.9084042802814134,,,
d,D3_seed20700713,TRAIN,237,0.907621771919825,,,
d,D3_seed20700713,TRAIN,238,0.9186651806178829,,,
d,D3_seed20700713,TRAIN,239,0.8779375221867487,,,
d,D3_seed20700713,TRAIN,240,0.8617063504979122,,,
d,D3_seed20700713,TRAIN,241,0.9038960170755426,,,
d,D3_seed20700713,TRAIN,242,0.9176177465606576,,,
d,D3_seed20700713,TRAIN,243,0.8741574556155955,,,
d,D3_seed20700713,TRAIN,244,0.9132207400659853,,,
d,D3_seed20700713,TRAIN,245,0.8947045543234134,,,
d,D3_seed20700713,TRAIN,246,0.8989907992814741,,,
d,D3_seed20700713,TRAIN,247,0.8551581767392994,,,
d,D3_seed20700713,TRAIN,248,0.8380740814791696,,,
d,D3_seed20700713,TRAIN,249,0.9110497013022824,,,
d,D3_seed20700713,TRAIN,250,0.8901040798030739,,,
d,D3_seed20700713,TRAIN,251,0.8940374939436391,,,
d,D3_seed20700713,TRAIN,252,0.8654059040651311,,,
d,D3_seed20700713,TRAIN,253,0.8493972281463126,,,
d,D3_seed20700713,TRAIN,254,0.9038269500561457,,,
d,D3_seed20700713,TRAIN,255,0.8313033924005243,,,
d,D3_seed20700713,TRAIN,256,0.8897215578933103,,,
d,D3_seed20700713,TRAIN,257,0.8879519005891096,,,
d,D3_seed20700713,TRAIN,258,0.8283577700671295,,,
d,D3_seed20700713,TRAIN,259,0.8583796762517665,,,
d,D3_seed20700713,TRAIN,260,0.8806132784544944,,,
d,D3_seed20700713,TRAIN,261,0.8415262124745835,,,
d,D3_seed20700713,TRAIN,262,0.8960504750515274,,,
d,D3_seed20700713,TRAIN,263,0.8973454639861262,,,
d,D3_seed20700713,TRAIN,264,0.8817939042975181,,,
d,D3_seed20700713,TRAIN,265,0.8930824213805204,,,
d,D3_seed20700713,TRAIN,266,0.8203998094559423,,,
d,D3_seed20700713,TRAIN,267,0.8787634019045413,,,
d,D3_seed20700713,TRAIN,268,0.8727737336643553,,,
d,D3_seed20700713,TRAIN,269,0.8480618347840054,,,
d,D3_seed20700713,TRAIN,270,0.8742951761459027,,,
d,D3_seed20700713,TRAIN,271,0.8892296876547698,,,
d,D3_seed20700713,TRAIN,272,0.8304259337120315,,,
d,D3_seed20700713,TRAIN,273,0.8850539529772461,,,
d,D3_seed20700713,TRAIN,274,0.8123424732393336,,,
d,D3_seed20700713,TRAIN,275,0.8851133424151539,,,
d,D3_seed20700713,TRAIN,276,0.8406886054504306,,,
d,D3_seed20700713,TRAIN,277,0.8667261090229954,,,
d,D3_seed20700713,TRAIN,278,0.8242860447346186,,,
d,D3_seed20700713,TRAIN,279,0.8663880266328157,,,
d,D3_seed20700713,TRAIN,280,0.8607077219843972,,,
d,D3_seed20700713,TRAIN,281,0.8788918742244908,,,
d,D3_seed20700713,TRAIN,282,0.8201841658527628,,,
d,D3_seed20700713,TRAIN,283,0.8621996543615859,,,
d,D3_seed20700713,TRAIN,284,0.8566388703243447,,,
d,D3_seed20700713,TRAIN,285,0.8579678957666156,,,
d,D3_seed20700713,TRAIN,286,0.871804960379139,,,
d,D3_seed20700713,TRAIN,287,0.799280005317157,,,
d,D3_seed20700713,TRAIN,288,0.8279382068331468,,,
d,D3_seed20700713,TRAIN,289,0.8535743393178976,,,
d,D3_seed20700713,TRAIN,290,0.8548448034249901,,,
d,D3_seed20700713,TRAIN,291,0.8684982840047402,,,
d,D3_seed20700713,TRAIN,292,0.823709760444954,,,
d,D3_seed20700713,TRAIN,293,0.8646921096037067,,,
d,D3_seed20700713,TRAIN,294,0.7924323664956652,,,
d,D3_seed20700713,TRAIN,295,0.8070061272657183,,,
d,D3_seed20700713,TRAIN,296,0.8444659701238052,,,
d,D3_seed20700713,TRAIN,297,0.862334314543761,,,
d,D3_seed20700713,TRAIN,298,0.8174539853670851,,,
d,D3_seed20700713,TRAIN,299,0.8454573936352332,,,
d,D3_seed20700713,TRAIN,300,0.8577147167717706,,,
d,D3_seed20700713,TRAIN,301,0.7858770781871923,,,
d,D3_seed20700713,TRAIN,302,0.8385097131720435,,,
d,D3_seed20700713,TRAIN,303,0.8384155082155487,,,
d,D3_seed20700713,TRAIN,304,0.7983049821384949,,,
d,D3_seed20700713,TRAIN,305,0.78232610045988,,,
d,D3_seed20700713,TRAIN,306,0.8533810315818432,,,
d,D3_seed20700713,TRAIN,307,0.8373549422198121,,,
d,D3_seed20700713,TRAIN,308,0.833219151663363,,,
d,D3_seed20700713,TRAIN,309,0.8491566047720781,,,
d,D3_seed20700713,TRAIN,310,0.8308844757832303,,,
d,D3_seed20700713,TRAIN,311,0.8046531168020757,,,
d,D3_seed20700713,TRAIN,312,0.7911722211677518,,,
d,D3_seed20700713,TRAIN,313,0.7758371273416323,,,
d,D3_seed20700713,TRAIN,314,0.8306355892627626,,,
d,D3_seed20700713,TRAIN,315,0.845083694493937,,,
d,D3_seed20700713,TRAIN,316,0.800203596704234,,,
d,D3_seed20700713,TRAIN,317,0.842226383445805,,,
d,D3_seed20700713,TRAIN,318,0.7864042624066412,,,
d,D3_seed20700713,TRAIN,319,0.8230525191822675,,,
d,D3_seed20700713,TRAIN,320,0.8217721458071087,,,
d,D3_seed20700713,TRAIN,321,0.8209113204614148,,,
d,D3_seed20700713,TRAIN,322,0.8236631551583125,,,
d,D3_seed20700713,TRAIN,323,0.7946759504120339,,,
d,D3_seed20700713,TRAIN,324,0.7689054425389217,,,
d,D3_seed20700713,TRAIN,325,0.8372259588927246,,,
d,D3_seed20700713,TRAIN,326,0.7811752760138666,,,
d,D3_seed20700713,TRAIN,327,0.81717245134396,,,
d,D3_seed20700713,TRAIN,328,0.8344673679737691,,,
d,D3_seed20700713,TRAIN,329,0.8147924728603484,,,
d,D3_seed20700713,TRAIN,330,0.8153292345440093,,,
d,D3_seed20700713,TRAIN,331,0.8328496161383236,,,
d,D3_seed20700713,TRAIN,332,0.7660094805515235,,,
d,D3_seed20700713,TRAIN,333,0.7888673545453144,,,
d,D3_seed20700713,TRAIN,334,0.8321580016286247,,,
d,D3_seed20700713,TRAIN,335,0.7774733155301486,,,
d,D3_seed20700713,TRAIN,336,0.8147066747950482,,,
d,D3_seed20700713,TRAIN,337,0.8305433199526882,,,
d,D3_seed20700713,TRAIN,338,0.8139183605094691,,,
d,D3_seed20700713,TRAIN,339,0.8115158896816927,,,
d,D3_seed20700713,TRAIN,340,0.7766042006813871,,,
d,D3_seed20700713,TRAIN,341,0.7866401816986793,,,
d,D3_seed20700713,TRAIN,342,0.8090196603488827,,,
d,D3_seed20700713,TRAIN,343,0.8296728765375866,,,
d,D3_seed20700713,TRAIN,344,0.765335958415935,,,
d,D3_seed20700713,TRAIN,345,0.8290487368774929,,,
d,D3_seed20700713,TRAIN,346,0.8292252055923554,,,
d,D3_seed20700713,TRAIN,347,0.7858921583279103,,,
d,D3_seed20700713,TRAIN,348,0.7645928437863969,,,
d,D3_seed20700713,TRAIN,349,0.775520577630728,,,
d,D3_seed20700713,TRAIN,350,0.8102308934111228,,,
d,D3_seed20700713,TRAIN,351,0.8085615860623582,,,
d,D3_seed20700713,TRAIN,352,0.8121600337862775,,,
d,D3_seed20700713,TRAIN,353,0.8288408629418167,,,
d,D3_seed20700713,TRAIN,354,0.7640283285883172,,,
d,D3_seed20700713,TRAIN,355,0.8077254920668664,,,
d,D3_seed20700713,TRAIN,356,0.8111771876389577,,,
d,D3_seed20700713,TRAIN,357,0.8092958745520614,,,
d,D3_seed20700713,TRAIN,358,0.7756350324798414,,,
d,D3_seed20700713,TRAIN,359,0.8282549542649333,,,
d,D3_seed20700713,TRAIN,360,0.7854542210491974,,,
d,D3_seed20700713,TRAIN,361,0.8071252610957055,,,
d,D3_seed20700713,TRAIN,362,0.8106591468237633,,,
d,D3_seed20700713,TRAIN,363,0.7649046481951622,,,
d,D3_seed20700713,TRAIN,364,0.7751300661409509,,,
d,D3_seed20700713,TRAIN,365,0.8089977973747782,,,
d,D3_seed20700713,TRAIN,366,0.7849688945335486,,,
d,D3_seed20700713,TRAIN,367,0.8277612651135643,,,
d,D3_seed20700713,TRAIN,368,0.8278858882671454,,,
d,D3_seed20700713,TRAIN,369,0.7746998003829614,,,
d,D3_seed20700713,TRAIN,370,0.8105152447835081,,,
d,D3_seed20700713,TRAIN,371,0.8087297496429888,,,
d,D3_seed20700713,TRAIN,372,0.8276656568451035,,,
d,D3_seed20700713,TRAIN,373,0.8275720113391767,,,
d,D3_seed20700713,TRAIN,374,0.806564168870831,,,
d,D3_seed20700713,TRAIN,375,0.7848030287900254,,,
d,D3_seed20700713,TRAIN,376,0.7643488420683202,,,
d,D3_seed20700713,TRAIN,377,0.8084629366501725,,,
d,D3_seed20700713,TRAIN,378,0.7637538630223513,,,
d,D3_seed20700713,TRAIN,379,0.8101801977291748,,,
d,D3_seed20700713,TRAIN,380,0.8066107976126481,,,
d,D3_seed20700713,TRAIN,381,0.8273546951062413,,,
d,D3_seed20700713,TRAIN,382,0.8271945669955016,,,
d,D3_seed20700713,TRAIN,383,0.7743694869079665,,,
d,D3_seed20700713,TRAIN,384,0.7844358730968807,,,
d,D3_seed20700713,TRAIN,385,0.7742875936737953,,,
d,D3_seed20700713,TRAIN,386,0.827163034630245,,,
d,D3_seed20700713,TRAIN,387,0.8082621541326703,,,
d,D3_seed20700713,TRAIN,388,0.7631763739978107,,,
d,D3_seed20700713,TRAIN,389,0.7842974314439375,,,
d,D3_seed20700713,TRAIN,390,0.8098510318022739,,,
d,D3_seed20700713,TRAIN,391,0.8269440707737736,,,
d,D3_seed20700713,TRAIN,392,0.8060741482777324,,,
d,D3_seed20700713,TRAIN,393,0.7636555573069157,,,
d,D3_seed20700713,TRAIN,394,0.8269265026098163,,,
d,D3_seed20700713,TRAIN,395,0.8058994438622443,,,
d,D3_seed20700713,TRAIN,396,0.774247268989143,,,
d,D3_seed20700713,TRAIN,397,0.8093800854478272,,,
d,D3_seed20700713,TRAIN,398,0.8268142610692417,,,
d,D3_seed20700713,TRAIN,399,0.7841280526552364,,,
d,D3_seed20700713,TRAIN,400,0.8077978669447918,,,
d,D3_seed20700713,TRAIN,401,0.7631109453177801,,,
d,D3_seed20700713,TRAIN,402,0.7839951131048507,,,
d,D3_seed20700713,TRAIN,403,0.8266582790680841,,,
d,D3_seed20700713,TRAIN,404,0.8094794384648599,,,
d,D3_seed20700713,TRAIN,405,0.7736245616702444,,,
d,D3_seed20700713,TRAIN,406,0.805809476900871,,,
d,D3_seed20700713,TRAIN,407,0.8265471632738542,,,
d,D3_seed20700713,TRAIN,408,0.8075921590984085,,,
d,D3_seed20700713,TRAIN,409,0.8265345720054414,,,
d,D3_seed20700713,TRAIN,410,0.8089515753292759,,,
d,D3_seed20700713,TRAIN,411,0.7741438154262414,,,
d,D3_seed20700713,TRAIN,412,0.8054230871279837,,,
d,D3_seed20700713,TRAIN,413,0.8264884130283688,,,
d,D3_seed20700713,TRAIN,414,0.783900423505969,,,
d,D3_seed20700713,TRAIN,415,0.7631189707859459,,,
d,D3_seed20700713,TRAIN,416,0.8074278669541312,,,
d,D3_seed20700713,TRAIN,417,0.8074960431235113,,,
d,D3_seed20700713,TRAIN,418,0.8091098761709333,,,
d,D3_seed20700713,TRAIN,419,0.8262592523285484,,,
d,D3_seed20700713,TRAIN,420,0.8053575628750749,,,
d,D3_seed20700713,TRAIN,421,0.7735287462174308,,,
d,D3_seed20700713,TRAIN,422,0.7836944151201194,,,
d,D3_seed20700713,TRAIN,423,0.8262406842981836,,,
d,D3_seed20700713,TRAIN,424,0.7629845428716908,,,
d,D3_seed20700713,TRAIN,425,0.7626168614841243,,,
d,D3_seed20700713,TRAIN,426,0.8088686695121932,,,
d,D3_seed20700713,TRAIN,427,0.8261580566227297,,,
d,D3_seed20700713,TRAIN,428,0.8054679933545652,,,
d,D3_seed20700713,TRAIN,429,0.7835119822647564,,,
d,D3_seed20700713,TRAIN,430,0.8071838567415514,,,
d,D3_seed20700713,TRAIN,431,0.8260486687869382,,,
d,D3_seed20700713,TRAIN,432,0.7734309840544495,,,
d,D3_seed20700713,TRAIN,433,0.7734642123395212,,,
d,D3_seed20700713,TRAIN,434,0.8084370118485549,,,
d,D3_seed20700713,TRAIN,435,0.7629653829281808,,,
d,D3_seed20700713,TRAIN,436,0.783468142147498,,,
d,D3_seed20700713,TRAIN,437,0.8258629439989165,,,
d,D3_seed20700713,TRAIN,438,0.805028414533843,,,
d,D3_seed20700713,TRAIN,439,0.8259036738981764,,,
d,D3_seed20700713,TRAIN,440,0.8069878139766891,,,
d,D3_seed20700713,TRAIN,441,0.8257838277097608,,,
d,D3_seed20700713,TRAIN,442,0.7833253160195167,,,
d,D3_seed20700713,TRAIN,443,0.7730880519165957,,,
d,D3_seed20700713,TRAIN,444,0.8258074916302802,,,
d,D3_seed20700713,TRAIN,445,0.7620493525167239,,,
d,D3_seed20700713,TRAIN,446,0.805037645452155,,,
d,D3_seed20700713,TRAIN,447,0.808589909508452,,,
d,D3_seed20700713,TRAIN,448,0.8069746274949872,,,
d,D3_seed20700713,TRAIN,449,0.7831907993575452,,,
d,D3_seed20700713,TRAIN,450,0.8256998538826047,,,
d,D3_seed20700713,TRAIN,451,0.8081507862289692,,,
d,D3_seed20700713,TRAIN,452,0.7731502021695388,,,
d,D3_seed20700713,TRAIN,453,0.7629485049401196,,,
d,D3_seed20700713,TRAIN,454,0.806650103039068,,,
d,D3_seed20700713,TRAIN,455,0.804582698443539,,,
d,D3_seed20700713,TRAIN,456,0.8255303614650638,,,
d,D3_seed20700713,TRAIN,457,0.7623832758487071,,,
d,D3_seed20700713,TRAIN,458,0.7727236615398991,,,
d,D3_seed20700713,TRAIN,459,0.7830665636704306,,,
d,D3_seed20700713,TRAIN,460,0.8068999926901139,,,
d,D3_seed20700713,TRAIN,461,0.8256297301633485,,,
d,D3_seed20700713,TRAIN,462,0.8084635444501069,,,
d,D3_seed20700713,TRAIN,463,0.8048058768358215,,,
d,D3_seed20700713,TRAIN,464,0.8254763061513738,,,
d,D3_seed20700713,TRAIN,465,0.807880951797343,,,
d,D3_seed20700713,TRAIN,466,0.8255779211491232,,,
d,D3_seed20700713,TRAIN,467,0.8044125826457817,,,
d,D3_seed20700713,TRAIN,468,0.7833443791968723,,,
d,D3_seed20700713,TRAIN,469,0.7733693006588525,,,
d,D3_seed20700713,TRAIN,470,0.7630114856579142,,,
d,D3_seed20700713,TRAIN,471,0.8252856535247841,,,
d,D3_seed20700713,TRAIN,472,0.8063665699176106,,,
d,D3_seed20700713,TRAIN,473,0.8253417162754325,,,
d,D3_seed20700713,TRAIN,474,0.7613929827206766,,,
d,D3_seed20700713,TRAIN,475,0.772276693232591,,,
d,D3_seed20700713,TRAIN,476,0.8050305154626988,,,
d,D3_seed20700713,TRAIN,477,0.783175611847242,,,
d,D3_seed20700713,TRAIN,478,0.8087578955104451,,,
d,D3_seed20700713,TRAIN,479,0.82557221708317,,,
d,D3_seed20700713,TRAIN,480,0.8067355262113778,,,
d,D3_seed20700713,TRAIN,481,0.8080025334462891,,,
d,D3_seed20700713,TRAIN,482,0.8250653192164853,,,
d,D3_seed20700713,TRAIN,483,0.7726455691576383,,,
d,D3_seed20700713,TRAIN,484,0.8253604049604338,,,
d,D3_seed20700713,TRAIN,485,0.7830330324458392,,,
d,D3_seed20700713,TRAIN,486,0.7627717000398725,,,
d,D3_seed20700713,TRAIN,487,0.8041120626233348,,,
d,D3_seed20700713,TRAIN,488,0.8061322374614749,,,
d,D3_seed20700713,TRAIN,489,0.7724936955398999,,,
d,D3_seed20700713,TRAIN,490,0.8251238742616654,,,
d,D3_seed20700713,TRAIN,491,0.8077065470949151,,,
d,D3_seed20700713,TRAIN,492,0.8043470773365243,,,
d,D3_seed20700713,TRAIN,493,0.8062583685069215,,,
d,D3_seed20700713,TRAIN,494,0.8249260711215377,,,
d,D3_seed20700713,TRAIN,495,0.7615136242844136,,,
d,D3_seed20700713,TRAIN,496,0.7826456365587645,,,
d,D3_seed20700713,TRAIN,497,0.7826288658033194,,,
d,D3_seed20700713,TRAIN,498,0.8248368641986648,,,
d,D3_seed20700713,TRAIN,499,0.8250038183762846,,,
d,D3_seed20700713,TRAIN,500,0.7611968700037666,,,
d,D3_seed20700713,TRAIN,501,0.8075812990722749,,,
d,D3_seed20700713,TRAIN,502,0.7719755016052758,,,
d,D3_seed20700713,TRAIN,503,0.8061775432115981,,,
d,D3_seed20700713,TRAIN,504,0.8042430579344999,,,
d,D3_seed20700713,TRAIN,505,0.8075497457744336,,,
d,D3_seed20700713,TRAIN,506,0.824905436017039,,,
d,D3_seed20700713,TRAIN,507,0.8246903306060568,,,
d,D3_seed20700713,TRAIN,508,0.8038304061576284,,,
d,D3_seed20700713,TRAIN,509,0.7826642537956191,,,
d,D3_seed20700713,TRAIN,510,0.80584656516244,,,
d,D3_seed20700713,TRAIN,511,0.7725697469155033,,,
d,D3_seed20700713,TRAIN,512,0.7620895092058805,,,
d,D3_seed20700713,TRAIN,513,0.8037561577545901,,,
d,D3_seed20700713,TRAIN,514,0.7614516108437881,,,
d,D3_seed20700713,TRAIN,515,0.8245657286746685,,,
d,D3_seed20700713,TRAIN,516,0.8247697893150578,,,
d,D3_seed20700713,TRAIN,517,0.7717874206356884,,,
d,D3_seed20700713,TRAIN,518,0.8059318424851695,,,
d,D3_seed20700713,TRAIN,519,0.8074102627283245,,,
d,D3_seed20700713,TRAIN,520,0.7823409023850844,,,
d,D3_seed20700713,TRAIN,521,0.8038016731253175,,,
d,D3_seed20700713,TRAIN,522,0.8070062693052892,,,
d,D3_seed20700713,TRAIN,523,0.8247666592389998,,,
d,D3_seed20700713,TRAIN,524,0.7724334965388686,,,
d,D3_seed20700713,TRAIN,525,0.8245890425273363,,,
d,D3_seed20700713,TRAIN,526,0.8056283545440313,,,
d,D3_seed20700713,TRAIN,527,0.7824689061070981,,,
d,D3_seed20700713,TRAIN,528,0.7615249124840373,,,
d,D3_seed20700713,TRAIN,529,0.7609766855042177,,,
d,D3_seed20700713,TRAIN,530,0.8246427529967396,,,
d,D3_seed20700713,TRAIN,531,0.8245872911108935,,,
d,D3_seed20700713,TRAIN,532,0.806086531614778,,,
d,D3_seed20700713,TRAIN,533,0.7823937472110716,,,
d,D3_seed20700713,TRAIN,534,0.8040615437339849,,,
d,D3_seed20700713,TRAIN,535,0.7715063576122376,,,
d,D3_seed20700713,TRAIN,536,0.8071294881014504,,,
d,D3_seed20700713,TRAIN,537,0.7606712490297134,,,
d,D3_seed20700713,TRAIN,538,0.8245005311749624,,,
d,D3_seed20700713,TRAIN,539,0.8035284233126475,,,
d,D3_seed20700713,TRAIN,540,0.7717707249683731,,,
d,D3_seed20700713,TRAIN,541,0.8242274202971516,,,
d,D3_seed20700713,TRAIN,542,0.7821788577034997,,,
d,D3_seed20700713,TRAIN,543,0.8067555766233112,,,
d,D3_seed20700713,TRAIN,544,0.8054114108551977,,,
d,D3_seed20700713,TRAIN,545,0.8244456742864575,,,
d,D3_seed20700713,TRAIN,546,0.8066724538605993,,,
d,D3_seed20700713,TRAIN,547,0.8053433539901858,,,
d,D3_seed20700713,TRAIN,548,0.7821961393600717,,,
d,D3_seed20700713,TRAIN,549,0.8033016953231492,,,
d,D3_seed20700713,TRAIN,550,0.7718754254425297,,,
d,D3_seed20700713,TRAIN,551,0.7613003055590729,,,
d,D3_seed20700713,TRAIN,552,0.8240555597996045,,,
d,D3_seed20700713,TRAIN,553,0.8066757385129517,,,
d,D3_seed20700713,TRAIN,554,0.7605125357424715,,,
d,D3_seed20700713,TRAIN,555,0.8240755832838661,,,
d,D3_seed20700713,TRAIN,556,0.7712758965306645,,,
d,D3_seed20700713,TRAIN,557,0.8055216885751978,,,
d,D3_seed20700713,TRAIN,558,0.8243610068319397,,,
d,D3_seed20700713,TRAIN,559,0.7819770006830458,,,
d,D3_seed20700713,TRAIN,560,0.8033918826657259,,,
d,D3_seed20700713,TRAIN,561,0.7713954696359049,,,
d,D3_seed20700713,TRAIN,562,0.8051564005392714,,,
d,D3_seed20700713,TRAIN,563,0.8239387908624712,,,
d,D3_seed20700713,TRAIN,564,0.8063473106083635,,,
d,D3_seed20700713,TRAIN,565,0.8031040539403503,,,
d,D3_seed20700713,TRAIN,566,0.7821682533029892,,,
d,D3_seed20700713,TRAIN,567,0.8243283840725477,,,
d,D3_seed20700713,TRAIN,568,0.761373082611029,,,
d,D3_seed20700713,TRAIN,569,0.8241485687186297,,,
d,D3_seed20700713,TRAIN,570,0.771234520616651,,,
d,D3_seed20700713,TRAIN,571,0.8067283657699871,,,
d,D3_seed20700713,TRAIN,572,0.7819510745847459,,,
d,D3_seed20700713,TRAIN,573,0.8037516057173515,,,
d,D3_seed20700713,TRAIN,574,0.7595539430681635,,,
d,D3_seed20700713,TRAIN,575,0.8242022405706529,,,
d,D3_seed20700713,TRAIN,576,0.8056611197658355,,,
d,D3_seed20700713,TRAIN,577,0.7595538815711567,,,
d,D3_seed20700713,TRAIN,578,0.7709842768218276,,,
d,D3_seed20700713,TRAIN,579,0.8242184374476363,,,
d,D3_seed20700713,TRAIN,580,0.7818148095288793,,,
d,D3_seed20700713,TRAIN,581,0.8064824337026153,,,
d,D3_seed20700713,TRAIN,582,0.8029981019992606,,,
d,D3_seed20700713,TRAIN,583,0.8237197919800395,,,
d,D3_seed20700713,TRAIN,584,0.8049470891908759,,,
d,D3_seed20700713,TRAIN,585,0.8061075260330838,,,
d,D3_seed20700713,TRAIN,586,0.8242864655767483,,,
d,D3_seed20700713,TRAIN,587,0.8049427144808072,,,
d,D3_seed20700713,TRAIN,588,0.7819498746864693,,,
d,D3_seed20700713,TRAIN,589,0.8236295743557726,,,
d,D3_seed20700713,TRAIN,590,0.8029149057472629,,,
d,D3_seed20700713,TRAIN,591,0.7709750108653242,,,
d,D3_seed20700713,TRAIN,592,0.7597106371582658,,,
d,D3_seed20700713,TRAIN,593,0.7593765071611863,,,
d,D3_seed20700713,TRAIN,594,0.8243259922628612,,,
d,D3_seed20700713,TRAIN,595,0.7825132331255096,,,
d,D3_seed20700713,TRAIN,596,0.8082579667344257,,,
d,D3_seed20700713,TRAIN,597,0.7713192484366065,,,
d,D3_seed20700713,TRAIN,598,0.8064517189582396,,,
d,D3_seed20700713,TRAIN,599,0.8246988486412883,,,
d,D3_seed20700713,TRAIN,600,0.8039183606762297,,,
d,D3_seed20700713,TRAIN,601,0.8238228856234968,,,
d,D3_seed20700713,TRAIN,602,0.7815986162438805,,,
d,D3_seed20700713,TRAIN,603,0.806028803957056,,,
d,D3_seed20700713,TRAIN,604,0.804746739010963,,,
d,D3_seed20700713,TRAIN,605,0.7719753222903808,,,
d,D3_seed20700713,TRAIN,606,0.7625578944082307,,,
d,D3_seed20700713,TRAIN,607,0.8245036858324578,,,
d,D3_seed20700713,TRAIN,608,0.8029841911660882,,,
d,D3_seed20700713,TRAIN,609,0.7722759954253698,,,
d,D3_seed20700713,TRAIN,610,0.8048451340568702,,,
d,D3_seed20700713,TRAIN,611,0.802715751194976,,,
d,D3_seed20700713,TRAIN,612,0.8058692696075407,,,
d,D3_seed20700713,TRAIN,613,0.781562249164378,,,
d,D3_seed20700713,TRAIN,614,0.8233954749823592,,,
d,D3_seed20700713,TRAIN,615,0.8237373335715525,,,
d,D3_seed20700713,TRAIN,616,0.7595936140758468,,,
d,D3_seed20700713,TRAIN,617,0.8049367167872401,,,
d,D3_seed20700713,TRAIN,618,0.8030726167560789,,,
d,D3_seed20700713,TRAIN,619,0.7594259320849231,,,
d,D3_seed20700713,TRAIN,620,0.7815190752267864,,,
d,D3_seed20700713,TRAIN,621,0.7706216258743288,,,
d,D3_seed20700713,TRAIN,622,0.8062717249573883,,,
d,D3_seed20700713,TRAIN,623,0.8233981985457978,,,
d,D3_seed20700713,TRAIN,624,0.8236453532490686,,,
d,D3_seed20700713,TRAIN,625,0.8026543880549724,,,
d,D3_seed20700713,TRAIN,626,0.8232681651782199,,,
d,D3_seed20700713,TRAIN,627,0.8045207993072152,,,
d,D3_seed20700713,TRAIN,628,0.7712910718733177,,,
d,D3_seed20700713,TRAIN,629,0.7816557518413944,,,
d,D3_seed20700713,TRAIN,630,0.8236992864308951,,,
d,D3_seed20700713,TRAIN,631,0.760534885470665,,,
d,D3_seed20700713,TRAIN,632,0.8057297782717129,,,
d,D3_seed20700713,TRAIN,633,0.8045046419875032,,,
d,D3_seed20700713,TRAIN,634,0.7706668852309471,,,
d,D3_seed20700713,TRAIN,635,0.7813322121406057,,,
d,D3_seed20700713,TRAIN,636,0.8231810160118637,,,
d,D3_seed20700713,TRAIN,637,0.8235083864832009,,,
d,D3_seed20700713,TRAIN,638,0.8058092441756967,,,
d,D3_seed20700713,TRAIN,639,0.8024890088322917,,,
d,D3_seed20700713,TRAIN,640,0.7603062842055952,,,
d,D3_seed20700713,TRAIN,641,0.8235398051087554,,,
d,D3_seed20700713,TRAIN,642,0.7606002060414464,,,
d,D3_seed20700713,TRAIN,643,0.7709146347459839,,,
d,D3_seed20700713,TRAIN,644,0.8023844857899417,,,
d,D3_seed20700713,TRAIN,645,0.80433765067863,,,
d,D3_seed20700713,TRAIN,646,0.8055406484909484,,,
d,D3_seed20700713,TRAIN,647,0.7813419178741288,,,
d,D3_seed20700713,TRAIN,648,0.823023374218342,,,
d,D3_seed20700713,TRAIN,649,0.8234008940804305,,,
d,D3_seed20700713,TRAIN,650,0.7705743346023864,,,
d,D3_seed20700713,TRAIN,651,0.8043777446073092,,,
d,D3_seed20700713,TRAIN,652,0.759296403840824,,,
d,D3_seed20700713,TRAIN,653,0.8026917501167702,,,
d,D3_seed20700713,TRAIN,654,0.823143766637011,,,
d,D3_seed20700713,TRAIN,655,0.8060002683565063,,,
d,D3_seed20700713,TRAIN,656,0.7812122146546661,,,
d,D3_seed20700713,TRAIN,657,0.8229599002619059,,,
d,D3_seed20700713,TRAIN,658,0.823281087387516,,,
d,D3_seed20700713,TRAIN,659,0.8022459838454803,,,
d,D3_seed20700713,TRAIN,660,0.7813479349418849,,,
d,D3_seed20700713,TRAIN,661,0.7609034450313582,,,
d,D3_seed20700713,TRAIN,662,0.7711662566820155,,,
d,D3_seed20700713,TRAIN,663,0.8042066645527927,,,
d,D3_seed20700713,TRAIN,664,0.8052776253452227,,,
d,D3_seed20700713,TRAIN,665,0.80413638956822,,,
d,D3_seed20700713,TRAIN,666,0.7812089118974429,,,
d,D3_seed20700713,TRAIN,667,0.7704399696446856,,,
d,D3_seed20700713,TRAIN,668,0.805515980676323,,,
d,D3_seed20700713,TRAIN,669,0.8024418228890137,,,
d,D3_seed20700713,TRAIN,670,0.7589479782301982,,,
d,D3_seed20700713,TRAIN,671,0.823315310407378,,,
d,D3_seed20700713,TRAIN,672,0.8229989551078549,,,
d,D3_seed20700713,TRAIN,673,0.8044607247551664,,,
d,D3_seed20700713,TRAIN,674,0.8024691176387965,,,
d,D3_seed20700713,TRAIN,675,0.8054870974101663,,,
d,D3_seed20700713,TRAIN,676,0.7595624628822814,,,
d,D3_seed20700713,TRAIN,677,0.7810833734958432,,,
d,D3_seed20700713,TRAIN,678,0.770491020315474,,,
d,D3_seed20700713,TRAIN,679,0.8231370702109913,,,
d,D3_seed20700713,TRAIN,680,0.8226816396066879,,,
d,D3_seed20700713,TRAIN,681,0.8052919253471896,,,
d,D3_seed20700713,TRAIN,682,0.8040515462572055,,,
d,D3_seed20700713,TRAIN,683,0.8021019750458727,,,
d,D3_seed20700713,TRAIN,684,0.8230880225172792,,,
d,D3_seed20700713,TRAIN,685,0.7810479912885594,,,
d,D3_seed20700713,TRAIN,686,0.8226310457873867,,,
d,D3_seed20700713,TRAIN,687,0.7702867669989745,,,
d,D3_seed20700713,TRAIN,688,0.7593021184720341,,,
d,D3_seed20700713,TRAIN,689,0.8022327892763603,,,
d,D3_seed20700713,TRAIN,690,0.8227088478219667,,,
d,D3_seed20700713,TRAIN,691,0.7809662200218831,,,
d,D3_seed20700713,TRAIN,692,0.8054655428079082,,,
d,D3_seed20700713,TRAIN,693,0.7589962354180995,,,
d,D3_seed20700713,TRAIN,694,0.7700350336484699,,,
d,D3_seed20700713,TRAIN,695,0.8040337625857881,,,
d,D3_seed20700713,TRAIN,696,0.8229739691158213,,,
d,D3_seed20700713,TRAIN,697,0.7808869547413747,,,
d,D3_seed20700713,TRAIN,698,0.8039082315980062,,,
d,D3_seed20700713,TRAIN,699,0.8229480744291645,,,
d,D3_seed20700713,TRAIN,700,0.8019179494877133,,,
d,D3_seed20700713,TRAIN,701,0.7703649257686401,,,
d,D3_seed20700713,TRAIN,702,0.8049455655218891,,,
d,D3_seed20700713,TRAIN,703,0.8225404427424957,,,
d,D3_seed20700713,TRAIN,704,0.7601951301068495,,,
d,D3_seed20700713,TRAIN,705,0.8018456481933987,,,
d,D3_seed20700713,TRAIN,706,0.770360772371813,,,
d,D3_seed20700713,TRAIN,707,0.822888293781598,,,
d,D3_seed20700713,TRAIN,708,0.8037982216906807,,,
d,D3_seed20700713,TRAIN,709,0.7590363497591994,,,
d,D3_seed20700713,TRAIN,710,0.8051957313773677,,,
d,D3_seed20700713,TRAIN,711,0.7807974310681215,,,
d,D3_seed20700713,TRAIN,712,0.822452758606305,,,
d,D3_seed20700713,TRAIN,713,0.8019970949493574,,,
d,D3_seed20700713,TRAIN,714,0.7699092213962795,,,
d,D3_seed20700713,TRAIN,715,0.8037406939973983,,,
d,D3_seed20700713,TRAIN,716,0.822788353455416,,,
d,D3_seed20700713,TRAIN,717,0.8048376621415063,,,
d,D3_seed20700713,TRAIN,718,0.822332934637914,,,
d,D3_seed20700713,TRAIN,719,0.7808711034950532,,,
d,D3_seed20700713,TRAIN,720,0.7596881789361287,,,
d,D3_seed20700713,TRAIN,721,0.8047907177259631,,,
d,D3_seed20700713,TRAIN,722,0.8036281933399736,,,
d,D3_seed20700713,TRAIN,723,0.7594450836376232,,,
d,D3_seed20700713,TRAIN,724,0.7807406264521186,,,
d,D3_seed20700713,TRAIN,725,0.8226939493996224,,,
d,D3_seed20700713,TRAIN,726,0.801796607721927,,,
d,D3_seed20700713,TRAIN,727,0.8222344150199704,,,
d,D3_seed20700713,TRAIN,728,0.7697613246383032,,,
d,D3_seed20700713,TRAIN,729,0.7587539124898641,,,
d,D3_seed20700713,TRAIN,730,0.7696638720119847,,,
d,D3_seed20700713,TRAIN,731,0.803866679332068,,,
d,D3_seed20700713,TRAIN,732,0.8227825857673753,,,
d,D3_seed20700713,TRAIN,733,0.7807115471750631,,,
d,D3_seed20700713,TRAIN,734,0.802013848584434,,,
d,D3_seed20700713,TRAIN,735,0.8222185384041892,,,
d,D3_seed20700713,TRAIN,736,0.8048127084891015,,,
d,D3_seed20700713,TRAIN,737,0.7592334575506678,,,
d,D3_seed20700713,TRAIN,738,0.8015739480700351,,,
d,D3_seed20700713,TRAIN,739,0.8222001572341918,,,
d,D3_seed20700713,TRAIN,740,0.7808860229177361,,,
d,D3_seed20700713,TRAIN,741,0.8227597609289449,,,
d,D3_seed20700713,TRAIN,742,0.8034683141522407,,,
d,D3_seed20700713,TRAIN,743,0.7700372125868192,,,
d,D3_seed20700713,TRAIN,744,0.8046079512931894,,,
d,D3_seed20700713,TRAIN,745,0.804649369327429,,,
d,D3_seed20700713,TRAIN,746,0.758919391012344,,,
d,D3_seed20700713,TRAIN,747,0.822519149049737,,,
d,D3_seed20700713,TRAIN,748,0.7695983133852748,,,
d,D3_seed20700713,TRAIN,749,0.8035864624211393,,,
d,D3_seed20700713,TRAIN,750,0.7805345000619497,,,
d,D3_seed20700713,TRAIN,751,0.8017384920304561,,,
d,D3_seed20700713,TRAIN,752,0.8220321922904281,,,
d,D3_seed20700713,TRAIN,753,0.8046238588290545,,,
d,D3_seed20700713,TRAIN,754,0.7805702366079488,,,
d,D3_seed20700713,TRAIN,755,0.8220030139218777,,,
d,D3_seed20700713,TRAIN,756,0.8033469446013283,,,
d,D3_seed20700713,TRAIN,757,0.7699712206116912,,,
d,D3_seed20700713,TRAIN,758,0.8225040231107767,,,
d,D3_seed20700713,TRAIN,759,0.8014407681996705,,,
d,D3_seed20700713,TRAIN,760,0.759038354775307,,,
d,D3_seed20700713,TRAIN,761,0.8014690401850458,,,
d,D3_seed20700713,TRAIN,762,0.8033409367129175,,,
d,D3_seed20700713,TRAIN,763,0.7696173299224722,,,
d,D3_seed20700713,TRAIN,764,0.8223867167767182,,,
d,D3_seed20700713,TRAIN,765,0.7586952676692997,,,
d,D3_seed20700713,TRAIN,766,0.8218892692130632,,,
d,D3_seed20700713,TRAIN,767,0.804601174881642,,,
d,D3_seed20700713,TRAIN,768,0.7804042503776292,,,
d,D3_seed20700713,TRAIN,769,0.7585026320977869,,,
d,D3_seed20700713,TRAIN,770,0.8045622314777975,,,
d,D3_seed20700713,TRAIN,771,0.801475905497478,,,
d,D3_seed20700713,TRAIN,772,0.7694675598178632,,,
d,D3_seed20700713,TRAIN,773,0.8032626826313874,,,
d,D3_seed20700713,TRAIN,774,0.7804005333043365,,,
d,D3_seed20700713,TRAIN,775,0.8223035250130799,,,
d,D3_seed20700713,TRAIN,776,0.8217769263712603,,,
d,D3_seed20700713,TRAIN,777,0.7803670848713951,,,
d,D3_seed20700713,TRAIN,778,0.7584797592971807,,,
d,D3_seed20700713,TRAIN,779,0.8217991273179461,,,
d,D3_seed20700713,TRAIN,780,0.8033513640096202,,,
d,D3_seed20700713,TRAIN,781,0.8045716433891769,,,
d,D3_seed20700713,TRAIN,782,0.80143641301573,,,
d,D3_seed20700713,TRAIN,783,0.7693637015598022,,,
d,D3_seed20700713,TRAIN,784,0.8222215833688362,,,
d,D3_seed20700713,TRAIN,785,0.8216931479446209,,,
d,D3_seed20700713,TRAIN,786,0.803123069221709,,,
d,D3_seed20700713,TRAIN,787,0.8042074475151133,,,
d,D3_seed20700713,TRAIN,788,0.7592397244074186,,,
d,D3_seed20700713,TRAIN,789,0.7804954780633322,,,
d,D3_seed20700713,TRAIN,790,0.7697981294179091,,,
d,D3_seed20700713,TRAIN,791,0.8011797528742036,,,
d,D3_seed20700713,TRAIN,792,0.8222257126672174,,,
d,D3_seed20700713,TRAIN,793,0.7803196211797417,,,
d,D3_seed20700713,TRAIN,794,0.7693118355862504,,,
d,D3_seed20700713,TRAIN,795,0.8013641302555965,,,
d,D3_seed20700713,TRAIN,796,0.7578855842828239,,,
d,D3_seed20700713,TRAIN,797,0.8047653699083807,,,
d,D3_seed20700713,TRAIN,798,0.8223730246135361,,,
d,D3_seed20700713,TRAIN,799,0.8219498408633067,,,
d,D3_seed20700713,TRAIN,800,0.8035459968979379,,,
d,D3_seed20700713,TRAIN,801,0.7690515553480726,,,
d,D3_seed20700713,TRAIN,802,0.803323294273875,,,
d,D3_seed20700713,TRAIN,803,0.8013775343836949,,,
d,D3_seed20700713,TRAIN,804,0.8215582503822123,,,
d,D3_seed20700713,TRAIN,805,0.7586625940397487,,,
d,D3_seed20700713,TRAIN,806,0.7803136313795878,,,
d,D3_seed20700713,TRAIN,807,0.8221573591248444,,,
d,D3_seed20700713,TRAIN,808,0.8040045345200455,,,
d,D3_seed20700713,TRAIN,809,0.8221711202919856,,,
d,D3_seed20700713,TRAIN,810,0.8039849814611285,,,
d,D3_seed20700713,TRAIN,811,0.7803714008295486,,,
d,D3_seed20700713,TRAIN,812,0.8010518256575525,,,
d,D3_seed20700713,TRAIN,813,0.8215133281318641,,,
d,D3_seed20700713,TRAIN,814,0.8029009038268832,,,
d,D3_seed20700713,TRAIN,815,0.7585957342900459,,,
d,D3_seed20700713,TRAIN,816,0.76917545189631,,,
d,D3_seed20700713,TRAIN,817,0.8219926572029076,,,
d,D3_seed20700713,TRAIN,818,0.7801180436703172,,,
d,D3_seed20700713,TRAIN,819,0.7577739682090607,,,
d,D3_seed20700713,TRAIN,820,0.8044381398450278,,,
d,D3_seed20700713,TRAIN,821,0.8032079479242625,,,
d,D3_seed20700713,TRAIN,822,0.8013786024989928,,,
d,D3_seed20700713,TRAIN,823,0.821494880390231,,,
d,D3_seed20700713,TRAIN,824,0.7689770181320764,,,
d,D3_seed20700713,TRAIN,825,0.8219293299770148,,,
d,D3_seed20700713,TRAIN,826,0.8040163088660354,,,
d,D3_seed20700713,TRAIN,827,0.7801146526179434,,,
d,D3_seed20700713,TRAIN,828,0.8009535011285848,,,
d,D3_seed20700713,TRAIN,829,0.8213799356931195,,,
d,D3_seed20700713,TRAIN,830,0.7694311109057241,,,
d,D3_seed20700713,TRAIN,831,0.7589076108742941,,,
d,D3_seed20700713,TRAIN,832,0.8027628776556512,,,
d,D3_seed20700713,TRAIN,833,0.7801135201924517,,,
d,D3_seed20700713,TRAIN,834,0.8218677408916554,,,
d,D3_seed20700713,TRAIN,835,0.8213004584722015,,,
d,D3_seed20700713,TRAIN,836,0.8010451376732047,,,
d,D3_seed20700713,TRAIN,837,0.8028546124320168,,,
d,D3_seed20700713,TRAIN,838,0.8039824779248169,,,
d,D3_seed20700713,TRAIN,839,0.768986347894449,,,
d,D3_seed20700713,TRAIN,840,0.7581805287129704,,,
d,D3_seed20700713,TRAIN,841,0.7689779524565135,,,
d,D3_seed20700713,TRAIN,842,0.7579581078014694,,,
d,D3_seed20700713,TRAIN,843,0.7799726377630146,,,
d,D3_seed20700713,TRAIN,844,0.8218453415890828,,,
d,D3_seed20700713,TRAIN,845,0.8041577061123604,,,
d,D3_seed20700713,TRAIN,846,0.8213011214241389,,,
d,D3_seed20700713,TRAIN,847,0.8010262496079555,,,
d,D3_seed20700713,TRAIN,848,0.802736386251708,,,
d,D3_seed20700713,TRAIN,849,0.8008411565132227,,,
d,D3_seed20700713,TRAIN,850,0.7692726643063057,,,
d,D3_seed20700713,TRAIN,851,0.7591285275736825,,,
d,D3_seed20700713,TRAIN,852,0.8219730379872313,,,
d,D3_seed20700713,TRAIN,853,0.8036540396924611,,,
d,D3_seed20700713,TRAIN,854,0.8026605134602174,,,
d,D3_seed20700713,TRAIN,855,0.7801919398037589,,,
d,D3_seed20700713,TRAIN,856,0.8211925043035525,,,
d,D3_seed20700713,TRAIN,857,0.779983989346676,,,
d,D3_seed20700713,TRAIN,858,0.8217047295812735,,,
d,D3_seed20700713,TRAIN,859,0.8039415165982957,,,
d,D3_seed20700713,TRAIN,860,0.7686776930784361,,,
d,D3_seed20700713,TRAIN,861,0.8012128303407207,,,
d,D3_seed20700713,TRAIN,862,0.8213858547845196,,,
d,D3_seed20700713,TRAIN,863,0.8030780997432382,,,
d,D3_seed20700713,TRAIN,864,0.757169988270651,,,
d,D3_seed20700713,TRAIN,865,0.8043088845393687,,,
d,D3_seed20700713,TRAIN,866,0.821827544540583,,,
d,D3_seed20700713,TRAIN,867,0.8212361461969231,,,
d,D3_seed20700713,TRAIN,868,0.8027498277584159,,,
d,D3_seed20700713,TRAIN,869,0.7798534139000584,,,
d,D3_seed20700713,TRAIN,870,0.768843778170912,,,
d,D3_seed20700713,TRAIN,871,0.8007241564345781,,,
d,D3_seed20700713,TRAIN,872,0.7584174095148142,,,
d,D3_seed20700713,TRAIN,873,0.8210697066048143,,,
d,D3_seed20700713,TRAIN,874,0.8216858023902105,,,
d,D3_seed20700713,TRAIN,875,0.8035594643767914,,,
d,D3_seed20700713,TRAIN,876,0.8024943113425161,,,
d,D3_seed20700713,TRAIN,877,0.758401344041406,,,
d,D3_seed20700713,TRAIN,878,0.8006672275594681,,,
d,D3_seed20700713,TRAIN,879,0.7799072068049662,,,
d,D3_seed20700713,TRAIN,880,0.7688966567062856,,,
d,D3_seed20700713,TRAIN,881,0.803589897288561,,,
d,D3_seed20700713,TRAIN,882,0.7798182463792647,,,
d,D3_seed20700713,TRAIN,883,0.8209735919405327,,,
d,D3_seed20700713,TRAIN,884,0.8007414070564141,,,
d,D3_seed20700713,TRAIN,885,0.8215474121141301,,,
d,D3_seed20700713,TRAIN,886,0.7577753426787692,,,
d,D3_seed20700713,TRAIN,887,0.802494145942466,,,
d,D3_seed20700713,TRAIN,888,0.7686788625895002,,,
d,D3_seed20700713,TRAIN,889,0.7797665698491838,,,
d,D3_seed20700713,TRAIN,890,0.8209300052825527,,,
d,D3_seed20700713,TRAIN,891,0.8036321255239607,,,
d,D3_seed20700713,TRAIN,892,0.8006715989894941,,,
d,D3_seed20700713,TRAIN,893,0.821496083856772,,,
d,D3_seed20700713,TRAIN,894,0.802388900164799,,,
d,D3_seed20700713,TRAIN,895,0.7582267667906392,,,
d,D3_seed20700713,TRAIN,896,0.7689074700050913,,,
d,D3_seed20700713,TRAIN,897,0.8208801154287998,,,
d,D3_seed20700713,TRAIN,898,0.7798017287826943,,,
d,D3_seed20700713,TRAIN,899,0.7686939151183895,,,
d,D3_seed20700713,TRAIN,900,0.8214430981729197,,,
d,D3_seed20700713,TRAIN,901,0.8024703486204428,,,
d,D3_seed20700713,TRAIN,902,0.8036741321720966,,,
d,D3_seed20700713,TRAIN,903,0.7572904088695609,,,
d,D3_seed20700713,TRAIN,904,0.8007704072674668,,,
d,D3_seed20700713,TRAIN,905,0.8208852515986287,,,
d,D3_seed20700713,TRAIN,906,0.7572935470745886,,,
d,D3_seed20700713,TRAIN,907,0.82142854296462,,,
d,D3_seed20700713,TRAIN,908,0.800654638413124,,,
d,D3_seed20700713,TRAIN,909,0.7685023443847113,,,
d,D3_seed20700713,TRAIN,910,0.8034485544915613,,,
d,D3_seed20700713,TRAIN,911,0.8022999634300771,,,
d,D3_seed20700713,TRAIN,912,0.7797326155018178,,,
d,D3_seed20700713,TRAIN,913,0.803289318670208,,,
d,D3_seed20700713,TRAIN,914,0.8022517870003163,,,
d,D3_seed20700713,TRAIN,915,0.7585991800471826,,,
d,D3_seed20700713,TRAIN,916,0.7690264752950754,,,
d,D3_seed20700713,TRAIN,917,0.8004440183704281,,,
d,D3_seed20700713,TRAIN,918,0.7798123292992237,,,
d,D3_seed20700713,TRAIN,919,0.8207307283982589,,,
d,D3_seed20700713,TRAIN,920,0.8213385353478183,,,
d,D3_seed20700713,TRAIN,921,0.7574548858154672,,,
d,D3_seed20700713,TRAIN,922,0.8213627801158739,,,
d,D3_seed20700713,TRAIN,923,0.8025376693958606,,,
d,D3_seed20700713,TRAIN,924,0.8209020235439681,,,
d,D3_seed20700713,TRAIN,925,0.8008840798175844,,,
d,D3_seed20700713,TRAIN,926,0.7682512359245757,,,
d,D3_seed20700713,TRAIN,927,0.8037575672409157,,,
d,D3_seed20700713,TRAIN,928,0.7796149305924336,,,
d,D3_seed20700713,TRAIN,929,0.7570841313874455,,,
d,D3_seed20700713,TRAIN,930,0.7682943891309137,,,
d,D3_seed20700713,TRAIN,931,0.8206955357816295,,,
d,D3_seed20700713,TRAIN,932,0.8212773383996294,,,
d,D3_seed20700713,TRAIN,933,0.8022376343438287,,,
d,D3_seed20700713,TRAIN,934,0.8004075146846852,,,
d,D3_seed20700713,TRAIN,935,0.8031711639291197,,,
d,D3_seed20700713,TRAIN,936,0.7797725631434137,,,
d,D3_seed20700713,TRAIN,937,0.8003676960340154,,,
d,D3_seed20700713,TRAIN,938,0.7691260252837575,,,
d,D3_seed20700713,TRAIN,939,0.802177806851148,,,
d,D3_seed20700713,TRAIN,940,0.8207574720418974,,,
d,D3_seed20700713,TRAIN,941,0.7585916667973638,,,
d,D3_seed20700713,TRAIN,942,0.8213179396496725,,,
d,D3_seed20700713,TRAIN,943,0.7796200900052435,,,
d,D3_seed20700713,TRAIN,944,0.8032063734655094,,,
d,D3_seed20700713,TRAIN,945,0.8205679572630583,,,
d,D3_seed20700713,TRAIN,946,0.768246591255464,,,
d,D3_seed20700713,TRAIN,947,0.8005230253510178,,,
d,D3_seed20700713,TRAIN,948,0.8022949810687781,,,
d,D3_seed20700713,TRAIN,949,0.7569479756225701,,,
d,D3_seed20700713,TRAIN,950,0.8212321805722775,,,
d,D3_seed20700713,TRAIN,951,0.8034652599581535,,,
d,D3_seed20700713,TRAIN,952,0.7794892598320816,,,
d,D3_seed20700713,TRAIN,953,0.8211680724551064,,,
d,D3_seed20700713,TRAIN,954,0.8205113590309621,,,
d,D3_seed20700713,TRAIN,955,0.7575894471471225,,,
d,D3_seed20700713,TRAIN,956,0.8002642966203698,,,
d,D3_seed20700713,TRAIN,957,0.7796162562109018,,,
d,D3_seed20700713,TRAIN,958,0.8020150821516295,,,
d,D3_seed20700713,TRAIN,959,0.8029942685706399,,,
d,D3_seed20700713,TRAIN,960,0.7687675696352481,,,
d,D3_seed20700713,TRAIN,961,0.768764516767764,,,
d,D3_seed20700713,TRAIN,962,0.8019946709859113,,,
d,D3_seed20700713,TRAIN,963,0.758044309564672,,,
d,D3_seed20700713,TRAIN,964,0.8030007035656408,,,
d,D3_seed20700713,TRAIN,965,0.8211067489145444,,,
d,D3_seed20700713,TRAIN,966,0.8002404915953485,,,
d,D3_seed20700713,TRAIN,967,0.7794438972475982,,,
d,D3_seed20700713,TRAIN,968,0.8204154578759266,,,
d,D3_seed20700713,TRAIN,969,0.7681603975226647,,,
d,D3_seed20700713,TRAIN,970,0.8204282962455937,,,
d,D3_seed20700713,TRAIN,971,0.8032038758124653,,,
d,D3_seed20700713,TRAIN,972,0.757011047769326,,,
d,D3_seed20700713,TRAIN,973,0.7793897013223581,,,
d,D3_seed20700713,TRAIN,974,0.8020677152794514,,,
d,D3_seed20700713,TRAIN,975,0.8003093886168424,,,
d,D3_seed20700713,TRAIN,976,0.8210179951419249,,,
d,D3_seed20700713,TRAIN,977,0.8019481642436697,,,
d,D3_seed20700713,TRAIN,978,0.7575001183483039,,,
d,D3_seed20700713,TRAIN,979,0.821031059570273,,,
d,D3_seed20700713,TRAIN,980,0.7794591200794218,,,
d,D3_seed20700713,TRAIN,981,0.800133858958985,,,
d,D3_seed20700713,TRAIN,982,0.8028964281516799,,,
d,D3_seed20700713,TRAIN,983,0.7683772392664363,,,
d,D3_seed20700713,TRAIN,984,0.8203241657248348,,,
d,D3_seed20700713,TRAIN,985,0.7794424865789653,,,
d,D3_seed20700713,TRAIN,986,0.8202911504304558,,,
d,D3_seed20700713,TRAIN,987,0.7572834361096791,,,
d,D3_seed20700713,TRAIN,988,0.7680528912958415,,,
d,D3_seed20700713,TRAIN,989,0.8031471737618985,,,
d,D3_seed20700713,TRAIN,990,0.8020868486779041,,,
d,D3_seed20700713,TRAIN,991,0.8210224362770026,,,
d,D3_seed20700713,TRAIN,992,0.800402259210723,,,
d,D3_seed20700713,TRAIN,993,0.8003504963828452,,,
d,D3_seed20700713,TRAIN,994,0.7567645396716166,,,
d,D3_seed20700713,TRAIN,995,0.7793031776547757,,,
d,D3_seed20700713,TRAIN,996,0.8030343972342995,,,
d,D3_seed20700713,TRAIN,997,0.820908038631644,,,
d,D3_seed20700713,TRAIN,998,0.8018360530587739,,,
d,D3_seed20700713,TRAIN,999,0.7681848690892303,,,
d,D3_seed20700713,TRAIN,1000,0.8202265165559048,,,
d,D3_seed20700713,TRAIN,1001,0.8027828038105733,,,
d,D3_seed20700713,TRAIN,1002,0.7577176410199484,,,
d,D3_seed20700713,TRAIN,1003,0.8209492888811901,,,
d,D3_seed20700713,TRAIN,1004,0.8202174489301819,,,
d,D3_seed20700713,TRAIN,1005,0.768214172942658,,,
d,D3_seed20700713,TRAIN,1006,0.7793107594273858,,,
d,D3_seed20700713,TRAIN,1007,0.801817026613957,,,
d,D3_seed20700713,TRAIN,1008,0.8001381673927423,,,
d,D3_seed20700713,TRAIN,1009,0.7679065410995972,,,
d,D3_seed20700713,TRAIN,1010,0.8001981454338707,,,
d,D3_seed20700713,TRAIN,1011,0.8202222702707603,,,
d,D3_seed20700713,TRAIN,1012,0.7792446717108573,,,
d,D3_seed20700713,TRAIN,1013,0.7567502241902768,,,
d,D3_seed20700713,TRAIN,1014,0.8018634814567865,,,
d,D3_seed20700713,TRAIN,1015,0.820832310178843,,,
d,D3_seed20700713,TRAIN,1016,0.8028765245978211,,,
d,D3_seed20700713,TRAIN,1017,0.8000269572902483,,,
d,D3_seed20700713,TRAIN,1018,0.820829910217228,,,
d,D3_seed20700713,TRAIN,1019,0.8016905669578532,,,
d,D3_seed20700713,TRAIN,1020,0.8201510877704,,,
d,D3_seed20700713,TRAIN,1021,0.8026484255605708,,,
d,D3_seed20700713,TRAIN,1022,0.7579382175604159,,,
d,D3_seed20700713,TRAIN,1023,0.779466724733854,,,
d,D3_seed20700713,TRAIN,1024,0.7683873103749597,,,
d,D3_seed20700713,TRAIN,1025,0.8201307761027782,,,
d,D3_seed20700713,TRAIN,1026,0.7999310346037158,,,
d,D3_seed20700713,TRAIN,1027,0.7573511555812769,,,
d,D3_seed20700713,TRAIN,1028,0.8207629996355843,,,
d,D3_seed20700713,TRAIN,1029,0.8027804482814092,,,
d,D3_seed20700713,TRAIN,1030,0.8017421470650375,,,
d,D3_seed20700713,TRAIN,1031,0.7791749545791827,,,
d,D3_seed20700713,TRAIN,1032,0.7677906539668636,,,
d,D3_seed20700713,TRAIN,1033,0.8001033618235096,,,
d,D3_seed20700713,TRAIN,1034,0.820098054253001,,,
d,D3_seed20700713,TRAIN,1035,0.8028956822258817,,,
d,D3_seed20700713,TRAIN,1036,0.7566640335674908,,,
d,D3_seed20700713,TRAIN,1037,0.7677807113653027,,,
d,D3_seed20700713,TRAIN,1038,0.8017363426699672,,,
d,D3_seed20700713,TRAIN,1039,0.8207174195052733,,,
d,D3_seed20700713,TRAIN,1040,0.7791482345175209,,,
d,D3_seed20700713,TRAIN,1041,0.8016707556555771,,,
d,D3_seed20700713,TRAIN,1042,0.8026919820052126,,,
d,D3_seed20700713,TRAIN,1043,0.7791825036369331,,,
d,D3_seed20700713,TRAIN,1044,0.8199823497105682,,,
d,D3_seed20700713,TRAIN,1045,0.8207030143613445,,,
d,D3_seed20700713,TRAIN,1046,0.7571827097156109,,,
d,D3_seed20700713,TRAIN,1047,0.7679118790493967,,,
d,D3_seed20700713,TRAIN,1048,0.799904900261747,,,
d,D3_seed20700713,TRAIN,1049,0.8199598249780431,,,
d,D3_seed20700713,TRAIN,1050,0.7568016634188042,,,
d,D3_seed20700713,TRAIN,1051,0.7999369939541524,,,
d,D3_seed20700713,TRAIN,1052,0.8026983911517849,,,
d,D3_seed20700713,TRAIN,1053,0.779110902217991,,,
d,D3_seed20700713,TRAIN,1054,0.8016006027131766,,,
d,D3_seed20700713,TRAIN,1055,0.7677907964954978,,,
d,D3_seed20700713,TRAIN,1056,0.820629105261106,,,
d,D3_seed20700713,TRAIN,1057,0.7998796242438935,,,
d,D3_seed20700713,TRAIN,1058,0.767797155956233,,,
d,D3_seed20700713,TRAIN,1059,0.8025995151788684,,,
d,D3_seed20700713,TRAIN,1060,0.8198984075109281,,,
d,D3_seed20700713,TRAIN,1061,0.8206134339864088,,,
d,D3_seed20700713,TRAIN,1062,0.8015180503121743,,,
d,D3_seed20700713,TRAIN,1063,0.7570522182007925,,,
d,D3_seed20700713,TRAIN,1064,0.7791264881694199,,,
d,D3_seed20700713,TRAIN,1065,0.8015009833718094,,,
d,D3_seed20700713,TRAIN,1066,0.7998020776066342,,,
d,D3_seed20700713,TRAIN,1067,0.8024891974343801,,,
d,D3_seed20700713,TRAIN,1068,0.7572110348420463,,,
d,D3_seed20700713,TRAIN,1069,0.7679625225619866,,,
d,D3_seed20700713,TRAIN,1070,0.8198614847957157,,,
d,D3_seed20700713,TRAIN,1071,0.7791333789234216,,,
d,D3_seed20700713,TRAIN,1072,0.8205675407161631,,,
d,D3_seed20700713,TRAIN,1073,0.7998046498587185,,,
d,D3_seed20700713,TRAIN,1074,0.8198317720472637,,,
d,D3_seed20700713,TRAIN,1075,0.7676548575332188,,,
d,D3_seed20700713,TRAIN,1076,0.7790251274030188,,,
d,D3_seed20700713,TRAIN,1077,0.801567139949416,,,
d,D3_seed20700713,TRAIN,1078,0.7563898676804487,,,
d,D3_seed20700713,TRAIN,1079,0.8205586129031437,,,
d,D3_seed20700713,TRAIN,1080,0.8027186589546623,,,
d,D3_seed20700713,TRAIN,1081,0.8026879522444987,,,
d,D3_seed20700713,TRAIN,1082,0.8205254054142732,,,
d,D3_seed20700713,TRAIN,1083,0.7676039114665791,,,
d,D3_seed20700713,TRAIN,1084,0.7790093499196596,,,
d,D3_seed20700713,TRAIN,1085,0.7997776384760955,,,
d,D3_seed20700713,TRAIN,1086,0.8197647107881706,,,
d,D3_seed20700713,TRAIN,1087,0.8014093022769233,,,
d,D3_seed20700713,TRAIN,1088,0.7569775744440319,,,
d,D3_seed20700713,TRAIN,1089,0.802362392940466,,,
d,D3_seed20700713,TRAIN,1090,0.7572104800099998,,,
d,D3_seed20700713,TRAIN,1091,0.7791279496934407,,,
d,D3_seed20700713,TRAIN,1092,0.7679051239009906,,,
d,D3_seed20700713,TRAIN,1093,0.7996716926766302,,,
d,D3_seed20700713,TRAIN,1094,0.8197394475256783,,,
d,D3_seed20700713,TRAIN,1095,0.8204780092707902,,,
d,D3_seed20700713,TRAIN,1096,0.80136669833414,,,
d,D3_seed20700713,TRAIN,1097,0.8204475976844418,,,
d,D3_seed20700713,TRAIN,1098,0.79971694640476,,,
d,D3_seed20700713,TRAIN,1099,0.7565995899132676,,,
d,D3_seed20700713,TRAIN,1100,0.767546695074315,,,
d,D3_seed20700713,TRAIN,1101,0.801436667539634,,,
d,D3_seed20700713,TRAIN,1102,0.8197238429967401,,,
d,D3_seed20700713,TRAIN,1103,0.8025183453037968,,,
d,D3_seed20700713,TRAIN,1104,0.7789367334761576,,,
d,D3_seed20700713,TRAIN,1105,0.7789358030727271,,,
d,D3_seed20700713,TRAIN,1106,0.7997316104530351,,,
d,D3_seed20700713,TRAIN,1107,0.756491490734392,,,
d,D3_seed20700713,TRAIN,1108,0.8013679029606168,,,
d,D3_seed20700713,TRAIN,1109,0.7675378766164499,,,
d,D3_seed20700713,TRAIN,1110,0.8203905801632988,,,
d,D3_seed20700713,TRAIN,1111,0.8196511517180113,,,
d,D3_seed20700713,TRAIN,1112,0.8023628776542909,,,
d,D3_seed20700713,TRAIN,1113,0.7675774723167863,,,
d,D3_seed20700713,TRAIN,1114,0.7566821597291666,,,
d,D3_seed20700713,TRAIN,1115,0.799638105313563,,,
d,D3_seed20700713,TRAIN,1116,0.7789380575865479,,,
d,D3_seed20700713,TRAIN,1117,0.8196183338052936,,,
d,D3_seed20700713,TRAIN,1118,0.8023160573832905,,,
d,D3_seed20700713,TRAIN,1119,0.801282147635706,,,
d,D3_seed20700713,TRAIN,1120,0.8203627206409588,,,
d,D3_seed20700713,TRAIN,1121,0.7567856842342374,,,
d,D3_seed20700713,TRAIN,1122,0.7995918222571158,,,
d,D3_seed20700713,TRAIN,1123,0.8203547663423373,,,
d,D3_seed20700713,TRAIN,1124,0.8012436411915259,,,
d,D3_seed20700713,TRAIN,1125,0.7676119097931582,,,
d,D3_seed20700713,TRAIN,1126,0.8195759122043066,,,
d,D3_seed20700713,TRAIN,1127,0.7789207795960778,,,
d,D3_seed20700713,TRAIN,1128,0.8022600591285522,,,
d,D3_seed20700713,TRAIN,1129,0.8022649310379016,,,
d,D3_seed20700713,TRAIN,1130,0.7995825099845191,,,
d,D3_seed20700713,TRAIN,1131,0.8012186022399479,,,
d,D3_seed20700713,TRAIN,1132,0.7789368060947761,,,
d,D3_seed20700713,TRAIN,1133,0.820330355735882,,,
d,D3_seed20700713,TRAIN,1134,0.7568887276280437,,,
d,D3_seed20700713,TRAIN,1135,0.8195380475812267,,,
d,D3_seed20700713,TRAIN,1136,0.7675539056341737,,,
d,D3_seed20700713,TRAIN,1137,0.7674816150195207,,,
d,D3_seed20700713,TRAIN,1138,0.8202761816962388,,,
d,D3_seed20700713,TRAIN,1139,0.7562238112027879,,,
d,D3_seed20700713,TRAIN,1140,0.7997071968702937,,,
d,D3_seed20700713,TRAIN,1141,0.8013900766984585,,,
d,D3_seed20700713,TRAIN,1142,0.8025134076142881,,,
d,D3_seed20700713,TRAIN,1143,0.7788389929376462,,,
d,D3_seed20700713,TRAIN,1144,0.8195825361847069,,,
d,D3_seed20700713,TRAIN,1145,0.7788197490465399,,,
d,D3_seed20700713,TRAIN,1146,0.8012682033810311,,,
d,D3_seed20700713,TRAIN,1147,0.7563188036120446,,,
d,D3_seed20700713,TRAIN,1148,0.8194840555029534,,,
d,D3_seed20700713,TRAIN,1149,0.7674449914947917,,,
d,D3_seed20700713,TRAIN,1150,0.7995091008335364,,,
d,D3_seed20700713,TRAIN,1151,0.8021240734354986,,,
d,D3_seed20700713,TRAIN,1152,0.8202668489196129,,,
d,D3_seed20700713,TRAIN,1153,0.802072156497143,,,
d,D3_seed20700713,TRAIN,1154,0.7994646325997724,,,
d,D3_seed20700713,TRAIN,1155,0.7572034012631559,,,
d,D3_seed20700713,TRAIN,1156,0.8203352955077987,,,
d,D3_seed20700713,TRAIN,1157,0.8011082845130775,,,
d,D3_seed20700713,TRAIN,1158,0.7789912992867409,,,
d,D3_seed20700713,TRAIN,1159,0.7676698301898495,,,
d,D3_seed20700713,TRAIN,1160,0.8194498367227022,,,
d,D3_seed20700713,TRAIN,1161,0.8020899488372195,,,
d,D3_seed20700713,TRAIN,1162,0.7565061338740733,,,
d,D3_seed20700713,TRAIN,1163,0.8201899727236531,,,
d,D3_seed20700713,TRAIN,1164,0.7672856144846869,,,
d,D3_seed20700713,TRAIN,1165,0.8194589899149264,,,
d,D3_seed20700713,TRAIN,1166,0.8012603758307068,,,
d,D3_seed20700713,TRAIN,1167,0.7996480698765415,,,
d,D3_seed20700713,TRAIN,1168,0.7787666769240005,,,
d,D3_seed20700713,TRAIN,1169,0.8023198136269523,,,
d,D3_seed20700713,TRAIN,1170,0.8194406777741101,,,
d,D3_seed20700713,TRAIN,1171,0.7995316283590613,,,
d,D3_seed20700713,TRAIN,1172,0.7787712760759851,,,
d,D3_seed20700713,TRAIN,1173,0.7673511087822126,,,
d,D3_seed20700713,TRAIN,1174,0.8010803774646266,,,
d,D3_seed20700713,TRAIN,1175,0.8201638885627955,,,
d,D3_seed20700713,TRAIN,1176,0.7565719653143614,,,
d,D3_seed20700713,TRAIN,1177,0.7565432742237872,,,
d,D3_seed20700713,TRAIN,1178,0.8010638767767461,,,
d,D3_seed20700713,TRAIN,1179,0.8201448353380085,,,
d,D3_seed20700713,TRAIN,1180,0.7673338837736621,,,
d,D3_seed20700713,TRAIN,1181,0.7994517584057036,,,
d,D3_seed20700713,TRAIN,1182,0.7787473013924193,,,
d,D3_seed20700713,TRAIN,1183,0.802129644330161,,,
d,D3_seed20700713,TRAIN,1184,0.8193605140645734,,,
d,D3_seed20700713,TRAIN,1185,0.7561903348165036,,,
d,D3_seed20700713,TRAIN,1186,0.8193516054069542,,,
d,D3_seed20700713,TRAIN,1187,0.7994552902471989,,,
d,D3_seed20700713,TRAIN,1188,0.8201090840360624,,,
d,D3_seed20700713,TRAIN,1189,0.7787431904015446,,,
d,D3_seed20700713,TRAIN,1190,0.8010385411771105,,,
d,D3_seed20700713,TRAIN,1191,0.8020206077920095,,,
d,D3_seed20700713,TRAIN,1192,0.7673573030343906,,,
d,D3_seed20700713,TRAIN,1193,0.8009993438515256,,,
d,D3_seed20700713,TRAIN,1194,0.801952203215826,,,
d,D3_seed20700713,TRAIN,1195,0.8193255936488575,,,
d,D3_seed20700713,TRAIN,1196,0.7993464711467982,,,
d,D3_seed20700713,TRAIN,1197,0.7569186383512129,,,
d,D3_seed20700713,TRAIN,1198,0.7788731099011851,,,
d,D3_seed20700713,TRAIN,1199,0.8201434445157241,,,
d,D3_seed20700713,TRAIN,1200,0.7674767467143776,,,
d,D3_seed20700713,TRAIN,1201,0.8200955144174114,,,
d,D3_seed20700713,TRAIN,1202,0.7673123529419567,,,
d,D3_seed20700713,TRAIN,1203,0.8020133922007681,,,
d,D3_seed20700713,TRAIN,1204,0.7561061651793334,,,
d,D3_seed20700713,TRAIN,1205,0.8010736317018696,,,
d,D3_seed20700713,TRAIN,1206,0.7786742369564358,,,
d,D3_seed20700713,TRAIN,1207,0.7995188034605056,,,
d,D3_seed20700713,TRAIN,1208,0.8193316185216026,,,
d,D3_seed20700713,TRAIN,1209,0.8193220997129061,,,
d,D3_seed20700713,TRAIN,1210,0.7994818896711775,,,
d,D3_seed20700713,TRAIN,1211,0.7559576302682081,,,
d,D3_seed20700713,TRAIN,1212,0.7786663439843317,,,
d,D3_seed20700713,TRAIN,1213,0.7671249297511374,,,
d,D3_seed20700713,TRAIN,1214,0.8200352202106432,,,
d,D3_seed20700713,TRAIN,1215,0.801025158747386,,,
d,D3_seed20700713,TRAIN,1216,0.8020340192945695,,,
d,D3_seed20700713,TRAIN,1217,0.7993685748125662,,,
d,D3_seed20700713,TRAIN,1218,0.8200227309041191,,,
d,D3_seed20700713,TRAIN,1219,0.7563586313077757,,,
d,D3_seed20700713,TRAIN,1220,0.7787103181686519,,,
d,D3_seed20700713,TRAIN,1221,0.819222318985113,,,
d,D3_seed20700713,TRAIN,1222,0.7672531032486191,,,
d,D3_seed20700713,TRAIN,1223,0.8019239735214645,,,
d,D3_seed20700713,TRAIN,1224,0.8009338054081463,,,
d,D3_seed20700713,TRAIN,1225,0.7672239849181833,,,
d,D3_seed20700713,TRAIN,1226,0.7562859232877329,,,
d,D3_seed20700713,TRAIN,1227,0.7786681704080992,,,
d,D3_seed20700713,TRAIN,1228,0.8192050315484779,,,
d,D3_seed20700713,TRAIN,1229,0.8019753698267896,,,
d,D3_seed20700713,TRAIN,1230,0.7993500886421444,,,
d,D3_seed20700713,TRAIN,1231,0.8009474738471671,,,
d,D3_seed20700713,TRAIN,1232,0.8199829462512175,,,
d,D3_seed20700713,TRAIN,1233,0.8009146019375568,,,
d,D3_seed20700713,TRAIN,1234,0.7672172820357446,,,
d,D3_seed20700713,TRAIN,1235,0.8018623067926278,,,
d,D3_seed20700713,TRAIN,1236,0.7992670954980586,,,
d,D3_seed20700713,TRAIN,1237,0.756573921358725,,,
d,D3_seed20700713,TRAIN,1238,0.8200184789017624,,,
d,D3_seed20700713,TRAIN,1239,0.8191900926762642,,,
d,D3_seed20700713,TRAIN,1240,0.7787379061528305,,,
e,D1_seed20700711,VALIDATION,0,2.0652280511835173,,,
e,D1_seed20700711,VALIDATION,20,2.0650673437346763,,,
e,D1_seed20700711,VALIDATION,40,2.064676363844304,,,
e,D1_seed20700711,VALIDATION,60,2.064165485108937,,,
e,D1_seed20700711,VALIDATION,80,2.063655223359893,,,
e,D1_seed20700711,VALIDATION,100,2.063144217910708,,,
e,D1_seed20700711,VALIDATION,120,2.062631738286978,,,
e,D1_seed20700711,VALIDATION,140,2.0621191134699965,,,
e,D1_seed20700711,VALIDATION,160,2.061604421550885,,,
e,D1_seed20700711,VALIDATION,180,2.0610890246475084,,,
e,D1_seed20700711,VALIDATION,200,2.0605723082483522,,,
e,D1_seed20700711,VALIDATION,220,2.0600541907661736,,,
e,D1_seed20700711,VALIDATION,240,2.0595344435816276,,,
e,D1_seed20700711,VALIDATION,260,2.059014531881717,,,
e,D1_seed20700711,VALIDATION,280,2.058493637560017,,,
e,D1_seed20700711,VALIDATION,300,2.0579721172655834,,,
e,D1_seed20700711,VALIDATION,320,2.057450860400646,,,
e,D1_seed20700711,VALIDATION,340,2.056929477198019,,,
e,D1_seed20700711,VALIDATION,360,2.0564090083501188,,,
e,D1_seed20700711,VALIDATION,380,2.0558891633612766,,,
e,D1_seed20700711,VALIDATION,400,2.055371557154614,,,
e,D1_seed20700711,VALIDATION,420,2.054856164277124,,,
e,D1_seed20700711,VALIDATION,440,2.0543441702479726,,,
e,D1_seed20700711,VALIDATION,460,2.0538347509692074,,,
e,D1_seed20700711,VALIDATION,480,2.0533293484737167,,,
e,D1_seed20700711,VALIDATION,500,2.0528286741808657,,,
e,D1_seed20700711,VALIDATION,520,2.0523347269743835,,,
e,D1_seed20700711,VALIDATION,540,2.0518465612207364,,,
e,D1_seed20700711,VALIDATION,560,2.0513642466123856,,,
e,D1_seed20700711,VALIDATION,580,2.050889505299467,,,
e,D1_seed20700711,VALIDATION,600,2.050422420878452,,,
e,D1_seed20700711,VALIDATION,620,2.0499644880817236,,,
e,D1_seed20700711,VALIDATION,640,2.0495157922908005,,,
e,D1_seed20700711,VALIDATION,660,2.0490770279892145,,,
e,D1_seed20700711,VALIDATION,680,2.0486480147242814,,,
e,D1_seed20700711,VALIDATION,700,2.048230113842196,,,
e,D1_seed20700711,VALIDATION,720,2.0478229588763464,,,
e,D1_seed20700711,VALIDATION,740,2.047428662355694,,,
e,D1_seed20700711,VALIDATION,760,2.047045006532798,,,
e,D1_seed20700711,VALIDATION,780,2.046673930722122,,,
e,D1_seed20700711,VALIDATION,800,2.0463153211715235,,,
e,D1_seed20700711,VALIDATION,820,2.0459696289791345,,,
e,D1_seed20700711,VALIDATION,840,2.045636223613826,,,
e,D1_seed20700711,VALIDATION,860,2.045315397479868,,,
e,D1_seed20700711,VALIDATION,880,2.0450076159100807,,,
e,D1_seed20700711,VALIDATION,900,2.0447127009392276,,,
e,D1_seed20700711,VALIDATION,920,2.0444304202551105,,,
e,D1_seed20700711,VALIDATION,940,2.0441607144768286,,,
e,D1_seed20700711,VALIDATION,960,2.043903264985767,,,
e,D1_seed20700711,VALIDATION,980,2.0436584162642943,,,
e,D1_seed20700711,VALIDATION,1000,2.043425741894398,,,
e,D1_seed20700711,VALIDATION,1020,2.0432045937137255,,,
e,D1_seed20700711,VALIDATION,1040,2.042995067432521,,,
e,D1_seed20700711,VALIDATION,1060,2.0427967503155884,,,
e,D1_seed20700711,VALIDATION,1080,2.0426093259135865,,,
e,D1_seed20700711,VALIDATION,1100,2.0424324746794094,,,
e,D1_seed20700711,VALIDATION,1120,2.0422655732202393,,,
e,D1_seed20700711,VALIDATION,1140,2.042108586672631,,,
e,D1_seed20700711,VALIDATION,1160,2.0419609199023316,,,
e,D1_seed20700711,VALIDATION,1180,2.041822112407516,,,
e,D1_seed20700711,VALIDATION,1200,2.0416917712143583,,,
e,D1_seed20700711,VALIDATION,1220,2.041569486947877,,,
e,D1_seed20700711,VALIDATION,1240,2.0414544956269443,,,
e,D1_seed20700711,VALIDATION,1260,2.0413467411245203,,,
e,D1_seed20700711,VALIDATION,1280,2.0412452370192975,,,
e,D1_seed20700711,VALIDATION,1300,2.0411500295991023,,,
e,D1_seed20700711,VALIDATION,1320,2.0410601702916056,,,
e,D1_seed20700711,VALIDATION,1340,2.0409752433474244,,,
e,D1_seed20700711,VALIDATION,1360,2.0408947031045543,,,
e,D1_seed20700711,VALIDATION,1380,2.0408181005161423,,,
e,D1_seed20700711,VALIDATION,1400,2.040744997670901,,,
e,D1_seed20700711,VALIDATION,1420,2.040674659873224,,,
e,D1_seed20700711,VALIDATION,1440,2.0406065421678963,,,
e,D1_seed20700711,VALIDATION,1460,2.040540202338777,,,
e,D1_seed20700711,VALIDATION,1480,2.0404750166188568,,,
e,D1_seed20700711,VALIDATION,1500,2.040410564270946,,,
e,D1_seed20700712,VALIDATION,0,2.0512462646818213,,,
e,D1_seed20700712,VALIDATION,20,2.051077773568622,,,
e,D1_seed20700712,VALIDATION,40,2.050669534989354,,,
e,D1_seed20700712,VALIDATION,60,2.050140881222605,,,
e,D1_seed20700712,VALIDATION,80,2.0496159947761026,,,
e,D1_seed20700712,VALIDATION,100,2.049094881008708,,,
e,D1_seed20700712,VALIDATION,120,2.048576796638789,,,
e,D1_seed20700712,VALIDATION,140,2.048060743899926,,,
e,D1_seed20700712,VALIDATION,160,2.0475461834140307,,,
e,D1_seed20700712,VALIDATION,180,2.0470329633986784,,,
e,D1_seed20700712,VALIDATION,200,2.046522209543221,,,
e,D1_seed20700712,VALIDATION,220,2.0460116817840657,,,
e,D1_seed20700712,VALIDATION,240,2.0455040392415578,,,
e,D1_seed20700712,VALIDATION,260,2.044999276733901,,,
e,D1_seed20700712,VALIDATION,280,2.0444968480032992,,,
e,D1_seed20700712,VALIDATION,300,2.043997608366598,,,
e,D1_seed20700712,VALIDATION,320,2.043503707157764,,,
e,D1_seed20700712,VALIDATION,340,2.0430138134185523,,,
e,D1_seed20700712,VALIDATION,360,2.04252956694649,,,
e,D1_seed20700712,VALIDATION,380,2.0420518204320603,,,
e,D1_seed20700712,VALIDATION,400,2.041579750627313,,,
e,D1_seed20700712,VALIDATION,420,2.041114258109328,,,
e,D1_seed20700712,VALIDATION,440,2.0406576655110302,,,
e,D1_seed20700712,VALIDATION,460,2.0402080793672823,,,
e,D1_seed20700712,VALIDATION,480,2.039767035971286,,,
e,D1_seed20700712,VALIDATION,500,2.0393352705105205,,,
e,D1_seed20700712,VALIDATION,520,2.0389121465960374,,,
e,D1_seed20700712,VALIDATION,540,2.0384993225968304,,,
e,D1_seed20700712,VALIDATION,560,2.038095740836298,,,
e,D1_seed20700712,VALIDATION,580,2.0377027251770663,,,
e,D1_seed20700712,VALIDATION,600,2.0373203625186855,,,
e,D1_seed20700712,VALIDATION,620,2.0369482341392944,,,
e,D1_seed20700712,VALIDATION,640,2.0365869023315244,,,
e,D1_seed20700712,VALIDATION,660,2.036235518400258,,,
e,D1_seed20700712,VALIDATION,680,2.0358962611491016,,,
e,D1_seed20700712,VALIDATION,700,2.0355676719579114,,,
e,D1_seed20700712,VALIDATION,720,2.0352500195547067,,,
e,D1_seed20700712,VALIDATION,740,2.0349435691669058,,,
e,D1_seed20700712,VALIDATION,760,2.034648330145296,,,
e,D1_seed20700712,VALIDATION,780,2.034363930802365,,,
e,D1_seed20700712,VALIDATION,800,2.0340905468073016,,,
e,D1_seed20700712,VALIDATION,820,2.0338273841014938,,,
e,D1_seed20700712,VALIDATION,840,2.03357578751538,,,
e,D1_seed20700712,VALIDATION,860,2.0333344805947933,,,
e,D1_seed20700712,VALIDATION,880,2.033103679130986,,,
e,D1_seed20700712,VALIDATION,900,2.032883091883824,,,
e,D1_seed20700712,VALIDATION,920,2.0326726869209852,,,
e,D1_seed20700712,VALIDATION,940,2.0324719746065214,,,
e,D1_seed20700712,VALIDATION,960,2.0322811341162703,,,
e,D1_seed20700712,VALIDATION,980,2.0320996418077044,,,
e,D1_seed20700712,VALIDATION,1000,2.031927556251256,,,
e,D1_seed20700712,VALIDATION,1020,2.031764366885662,,,
e,D1_seed20700712,VALIDATION,1040,2.031609872256671,,,
e,D1_seed20700712,VALIDATION,1060,2.0314635710443203,,,
e,D1_seed20700712,VALIDATION,1080,2.031325234959333,,,
e,D1_seed20700712,VALIDATION,1100,2.0311952606983965,,,
e,D1_seed20700712,VALIDATION,1120,2.0310723867791745,,,
e,D1_seed20700712,VALIDATION,1140,2.0309569744960267,,,
e,D1_seed20700712,VALIDATION,1160,2.030848413893171,,,
e,D1_seed20700712,VALIDATION,1180,2.0307463199038613,,,
e,D1_seed20700712,VALIDATION,1200,2.0306503337180737,,,
e,D1_seed20700712,VALIDATION,1220,2.0305602550604447,,,
e,D1_seed20700712,VALIDATION,1240,2.030475831262235,,,
e,D1_seed20700712,VALIDATION,1260,2.030396457799042,,,
e,D1_seed20700712,VALIDATION,1280,2.0303219062017055,,,
e,D1_seed20700712,VALIDATION,1300,2.030251843411426,,,
e,D1_seed20700712,VALIDATION,1320,2.0301856509119234,,,
e,D1_seed20700712,VALIDATION,1340,2.030123028310833,,,
e,D1_seed20700712,VALIDATION,1360,2.030063793205268,,,
e,D1_seed20700712,VALIDATION,1380,2.0300072935979943,,,
e,D1_seed20700712,VALIDATION,1400,2.0299533777047936,,,
e,D1_seed20700712,VALIDATION,1420,2.0299014852453405,,,
e,D1_seed20700712,VALIDATION,1440,2.0298511435561317,,,
e,D1_seed20700712,VALIDATION,1460,2.029802186408677,,,
e,D1_seed20700712,VALIDATION,1480,2.0297540270923142,,,
e,D1_seed20700712,VALIDATION,1500,2.029706355648772,,,
e,D1_seed20700713,VALIDATION,0,2.0576668811723033,,,
e,D1_seed20700713,VALIDATION,20,2.0575167484269232,,,
e,D1_seed20700713,VALIDATION,40,2.057152771466947,,,
e,D1_seed20700713,VALIDATION,60,2.056681116026846,,,
e,D1_seed20700713,VALIDATION,80,2.0562135564400306,,,
e,D1_seed20700713,VALIDATION,100,2.0557494229493645,,,
e,D1_seed20700713,VALIDATION,120,2.055286124019313,,,
e,D1_seed20700713,VALIDATION,140,2.0548235111097686,,,
e,D1_seed20700713,VALIDATION,160,2.054360069841325,,,
e,D1_seed20700713,VALIDATION,180,2.053895688078107,,,
e,D1_seed20700713,VALIDATION,200,2.053429865992168,,,
e,D1_seed20700713,VALIDATION,220,2.0529620562513475,,,
e,D1_seed20700713,VALIDATION,240,2.0524923896554483,,,
e,D1_seed20700713,VALIDATION,260,2.0520221846782114,,,
e,D1_seed20700713,VALIDATION,280,2.0515496924272525,,,
e,D1_seed20700713,VALIDATION,300,2.0510772201495646,,,
e,D1_seed20700713,VALIDATION,320,2.0506035781783827,,,
e,D1_seed20700713,VALIDATION,340,2.0501297861827816,,,
e,D1_seed20700713,VALIDATION,360,2.0496554078095723,,,
e,D1_seed20700713,VALIDATION,380,2.0491834250792578,,,
e,D1_seed20700713,VALIDATION,400,2.04871104928921,,,
e,D1_seed20700713,VALIDATION,420,2.048240713551098,,,
e,D1_seed20700713,VALIDATION,440,2.0477735724773463,,,
e,D1_seed20700713,VALIDATION,460,2.0473090556006404,,,
e,D1_seed20700713,VALIDATION,480,2.046848031378185,,,
e,D1_seed20700713,VALIDATION,500,2.046391066372564,,,
e,D1_seed20700713,VALIDATION,520,2.0459393631537415,,,
e,D1_seed20700713,VALIDATION,540,2.0454925600248903,,,
e,D1_seed20700713,VALIDATION,560,2.04505219315291,,,
e,D1_seed20700713,VALIDATION,580,2.0446182994004065,,,
e,D1_seed20700713,VALIDATION,600,2.0441911547125144,,,
e,D1_seed20700713,VALIDATION,620,2.043772276647421,,,
e,D1_seed20700713,VALIDATION,640,2.043361264312449,,,
e,D1_seed20700713,VALIDATION,660,2.042959057659969,,,
e,D1_seed20700713,VALIDATION,680,2.042565857954206,,,
e,D1_seed20700713,VALIDATION,700,2.0421818754493857,,,
e,D1_seed20700713,VALIDATION,720,2.0418082189618767,,,
e,D1_seed20700713,VALIDATION,740,2.041444533793912,,,
e,D1_seed20700713,VALIDATION,760,2.0410917853500044,,,
e,D1_seed20700713,VALIDATION,780,2.040749926917993,,,
e,D1_seed20700713,VALIDATION,800,2.0404183949233285,,,
e,D1_seed20700713,VALIDATION,820,2.0400992412523897,,,
e,D1_seed20700713,VALIDATION,840,2.0397908001765392,,,
e,D1_seed20700713,VALIDATION,860,2.0394944516738045,,,
e,D1_seed20700713,VALIDATION,880,2.0392094594319,,,
e,D1_seed20700713,VALIDATION,900,2.038936046764432,,,
e,D1_seed20700713,VALIDATION,920,2.0386741814366385,,,
e,D1_seed20700713,VALIDATION,940,2.0384243153312296,,,
e,D1_seed20700713,VALIDATION,960,2.038185448648784,,,
e,D1_seed20700713,VALIDATION,980,2.0379579085409048,,,
e,D1_seed20700713,VALIDATION,1000,2.0377413005939564,,,
e,D1_seed20700713,VALIDATION,1020,2.0375360729703758,,,
e,D1_seed20700713,VALIDATION,1040,2.0373410991978576,,,
e,D1_seed20700713,VALIDATION,1060,2.03715681580521,,,
e,D1_seed20700713,VALIDATION,1080,2.0369825462188356,,,
e,D1_seed20700713,VALIDATION,1100,2.0368176176306805,,,
e,D1_seed20700713,VALIDATION,1120,2.036662550503688,,,
e,D1_seed20700713,VALIDATION,1140,2.036516327100976,,,
e,D1_seed20700713,VALIDATION,1160,2.0363786979400116,,,
e,D1_seed20700713,VALIDATION,1180,2.036249463254121,,,
e,D1_seed20700713,VALIDATION,1200,2.0361281045585717,,,
e,D1_seed20700713,VALIDATION,1220,2.0360141224279347,,,
e,D1_seed20700713,VALIDATION,1240,2.0359071625868346,,,
e,D1_seed20700713,VALIDATION,1260,2.0358067000758053,,,
e,D1_seed20700713,VALIDATION,1280,2.035712187625337,,,
e,D1_seed20700713,VALIDATION,1300,2.0356234489632703,,,
e,D1_seed20700713,VALIDATION,1320,2.0355396634370133,,,
e,D1_seed20700713,VALIDATION,1340,2.0354605562935415,,,
e,D1_seed20700713,VALIDATION,1360,2.0353856231328513,,,
e,D1_seed20700713,VALIDATION,1380,2.0353142590658,,,
e,D1_seed20700713,VALIDATION,1400,2.035246057125425,,,
e,D1_seed20700713,VALIDATION,1420,2.0351804727793557,,,
e,D1_seed20700713,VALIDATION,1440,2.035116985308853,,,
e,D1_seed20700713,VALIDATION,1460,2.03505520196244,,,
e,D1_seed20700713,VALIDATION,1480,2.034994488785054,,,
e,D1_seed20700713,VALIDATION,1500,2.0349343964541005,,,
e,D2_seed20700711,VALIDATION,0,2.059050725035234,,,
e,D2_seed20700711,VALIDATION,20,2.0589040425751843,,,
e,D2_seed20700711,VALIDATION,40,2.0585467710660716,,,
e,D2_seed20700711,VALIDATION,60,2.0580774802997888,,,
e,D2_seed20700711,VALIDATION,80,2.0576052172702295,,,
e,D2_seed20700711,VALIDATION,100,2.057129672234356,,,
e,D2_seed20700711,VALIDATION,120,2.0566494153309764,,,
e,D2_seed20700711,VALIDATION,140,2.056164771461556,,,
e,D2_seed20700711,VALIDATION,160,2.0556735182134025,,,
e,D2_seed20700711,VALIDATION,180,2.0551766237952314,,,
e,D2_seed20700711,VALIDATION,200,2.0546722039076473,,,
e,D2_seed20700711,VALIDATION,220,2.054161561615056,,,
e,D2_seed20700711,VALIDATION,240,2.0536425886608853,,,
e,D2_seed20700711,VALIDATION,260,2.0531166031643266,,,
e,D2_seed20700711,VALIDATION,280,2.0525819025829115,,,
e,D2_seed20700711,VALIDATION,300,2.052039833666166,,,
e,D2_seed20700711,VALIDATION,320,2.051490223663165,,,
e,D2_seed20700711,VALIDATION,340,2.0509331829921904,,,
e,D2_seed20700711,VALIDATION,360,2.050369947887767,,,
e,D2_seed20700711,VALIDATION,380,2.0498006987988817,,,
e,D2_seed20700711,VALIDATION,400,2.0492261641853506,,,
e,D2_seed20700711,VALIDATION,420,2.0486480417891775,,,
e,D2_seed20700711,VALIDATION,440,2.0480663020260144,,,
e,D2_seed20700711,VALIDATION,460,2.0474826569531746,,,
e,D2_seed20700711,VALIDATION,480,2.0468995288532392,,,
e,D2_seed20700711,VALIDATION,500,2.0463172036638317,,,
e,D2_seed20700711,VALIDATION,520,2.0457358458588586,,,
e,D2_seed20700711,VALIDATION,540,2.04515876818202,,,
e,D2_seed20700711,VALIDATION,560,2.0445862778242216,,,
e,D2_seed20700711,VALIDATION,580,2.0440188636722683,,,
e,D2_seed20700711,VALIDATION,600,2.0434587738908374,,,
e,D2_seed20700711,VALIDATION,620,2.042907685277006,,,
e,D2_seed20700711,VALIDATION,640,2.042365237444334,,,
e,D2_seed20700711,VALIDATION,660,2.041834837307491,,,
e,D2_seed20700711,VALIDATION,680,2.041315208763928,,,
e,D2_seed20700711,VALIDATION,700,2.0408091259661254,,,
e,D2_seed20700711,VALIDATION,720,2.0403156634814694,,,
e,D2_seed20700711,VALIDATION,740,2.0398371085819686,,,
e,D2_seed20700711,VALIDATION,760,2.039373247691812,,,
e,D2_seed20700711,VALIDATION,780,2.038925305137244,,,
e,D2_seed20700711,VALIDATION,800,2.0384925397031477,,,
e,D2_seed20700711,VALIDATION,820,2.038075598413096,,,
e,D2_seed20700711,VALIDATION,840,2.03767568132696,,,
e,D2_seed20700711,VALIDATION,860,2.037292026256261,,,
e,D2_seed20700711,VALIDATION,880,2.0369248869557093,,,
e,D2_seed20700711,VALIDATION,900,2.0365739931468174,,,
e,D2_seed20700711,VALIDATION,920,2.0362396969072902,,,
e,D2_seed20700711,VALIDATION,940,2.035921242839528,,,
e,D2_seed20700711,VALIDATION,960,2.03561837463755,,,
e,D2_seed20700711,VALIDATION,980,2.035330975699295,,,
e,D2_seed20700711,VALIDATION,1000,2.0350591094731683,,,
e,D2_seed20700711,VALIDATION,1020,2.0348017070341475,,,
e,D2_seed20700711,VALIDATION,1040,2.034558952863854,,,
e,D2_seed20700711,VALIDATION,1060,2.034329466611959,,,
e,D2_seed20700711,VALIDATION,1080,2.034113646246808,,,
e,D2_seed20700711,VALIDATION,1100,2.0339104967664285,,,
e,D2_seed20700711,VALIDATION,1120,2.0337196607245214,,,
e,D2_seed20700711,VALIDATION,1140,2.033540314781847,,,
e,D2_seed20700711,VALIDATION,1160,2.0333720719829325,,,
e,D2_seed20700711,VALIDATION,1180,2.0332148371116214,,,
e,D2_seed20700711,VALIDATION,1200,2.0330673728484236,,,
e,D2_seed20700711,VALIDATION,1220,2.0329289036998524,,,
e,D2_seed20700711,VALIDATION,1240,2.0327995815982005,,,
e,D2_seed20700711,VALIDATION,1260,2.032678164167183,,,
e,D2_seed20700711,VALIDATION,1280,2.0325646494892795,,,
e,D2_seed20700711,VALIDATION,1300,2.0324580382991995,,,
e,D2_seed20700711,VALIDATION,1320,2.032357617211985,,,
e,D2_seed20700711,VALIDATION,1340,2.032263020120861,,,
e,D2_seed20700711,VALIDATION,1360,2.032173386888889,,,
e,D2_seed20700711,VALIDATION,1380,2.0320882808987144,,,
e,D2_seed20700711,VALIDATION,1400,2.032007270024792,,,
e,D2_seed20700711,VALIDATION,1420,2.0319292615482816,,,
e,D2_seed20700711,VALIDATION,1440,2.0318538928863195,,,
e,D2_seed20700711,VALIDATION,1460,2.0317805820718484,,,
e,D2_seed20700711,VALIDATION,1480,2.031708717303839,,,
e,D2_seed20700711,VALIDATION,1500,2.031637650099132,,,
e,D2_seed20700712,VALIDATION,0,2.060476864948385,,,
e,D2_seed20700712,VALIDATION,20,2.060351697402381,,,
e,D2_seed20700712,VALIDATION,40,2.0600479821140802,,,
e,D2_seed20700712,VALIDATION,60,2.0596518667196406,,,
e,D2_seed20700712,VALIDATION,80,2.0592568134430946,,,
e,D2_seed20700712,VALIDATION,100,2.0588600922432843,,,
e,D2_seed20700712,VALIDATION,120,2.0584627101869684,,,
e,D2_seed20700712,VALIDATION,140,2.0580626590716378,,,
e,D2_seed20700712,VALIDATION,160,2.057657730755078,,,
e,D2_seed20700712,VALIDATION,180,2.0572481465298877,,,
e,D2_seed20700712,VALIDATION,200,2.056832090146235,,,
e,D2_seed20700712,VALIDATION,220,2.056408641725591,,,
e,D2_seed20700712,VALIDATION,240,2.0559784633133904,,,
e,D2_seed20700712,VALIDATION,260,2.0555401465268477,,,
e,D2_seed20700712,VALIDATION,280,2.0550936874706247,,,
e,D2_seed20700712,VALIDATION,300,2.054637660984883,,,
e,D2_seed20700712,VALIDATION,320,2.0541732796624568,,,
e,D2_seed20700712,VALIDATION,340,2.0537001954260767,,,
e,D2_seed20700712,VALIDATION,360,2.0532184361387307,,,
e,D2_seed20700712,VALIDATION,380,2.052728154869631,,,
e,D2_seed20700712,VALIDATION,400,2.0522299443364287,,,
e,D2_seed20700712,VALIDATION,420,2.0517252730339455,,,
e,D2_seed20700712,VALIDATION,440,2.0512133585966326,,,
e,D2_seed20700712,VALIDATION,460,2.0506953743877134,,,
e,D2_seed20700712,VALIDATION,480,2.0501730927713404,,,
e,D2_seed20700712,VALIDATION,500,2.0496479076235086,,,
e,D2_seed20700712,VALIDATION,520,2.0491206497014054,,,
e,D2_seed20700712,VALIDATION,540,2.048592470852477,,,
e,D2_seed20700712,VALIDATION,560,2.0480649139004328,,,
e,D2_seed20700712,VALIDATION,580,2.0475399116405453,,,
e,D2_seed20700712,VALIDATION,600,2.0470181704500683,,,
e,D2_seed20700712,VALIDATION,620,2.0465014063102656,,,
e,D2_seed20700712,VALIDATION,640,2.04599082506371,,,
e,D2_seed20700712,VALIDATION,660,2.045488259453681,,,
e,D2_seed20700712,VALIDATION,680,2.044994193466538,,,
e,D2_seed20700712,VALIDATION,700,2.044510415377599,,,
e,D2_seed20700712,VALIDATION,720,2.0440371088358043,,,
e,D2_seed20700712,VALIDATION,740,2.0435771195468626,,,
e,D2_seed20700712,VALIDATION,760,2.0431296488866755,,,
e,D2_seed20700712,VALIDATION,780,2.0426956453236307,,,
e,D2_seed20700712,VALIDATION,800,2.042275976450088,,,
e,D2_seed20700712,VALIDATION,820,2.041871819000824,,,
e,D2_seed20700712,VALIDATION,840,2.041482245196023,,,
e,D2_seed20700712,VALIDATION,860,2.0411085435959055,,,
e,D2_seed20700712,VALIDATION,880,2.040750276314318,,,
e,D2_seed20700712,VALIDATION,900,2.0404081133120013,,,
e,D2_seed20700712,VALIDATION,920,2.04008141165603,,,
e,D2_seed20700712,VALIDATION,940,2.0397699645164855,,,
e,D2_seed20700712,VALIDATION,960,2.039474146260273,,,
e,D2_seed20700712,VALIDATION,980,2.0391938365972178,,,
e,D2_seed20700712,VALIDATION,1000,2.038927976427501,,,
e,D2_seed20700712,VALIDATION,1020,2.0386765711535872,,,
e,D2_seed20700712,VALIDATION,1040,2.038438910349103,,,
e,D2_seed20700712,VALIDATION,1060,2.03821527212362,,,
e,D2_seed20700712,VALIDATION,1080,2.0380048013042473,,,
e,D2_seed20700712,VALIDATION,1100,2.0378066217389597,,,
e,D2_seed20700712,VALIDATION,1120,2.037620780176793,,,
e,D2_seed20700712,VALIDATION,1140,2.037446507654682,,,
e,D2_seed20700712,VALIDATION,1160,2.0372830357573752,,,
e,D2_seed20700712,VALIDATION,1180,2.037130089686884,,,
e,D2_seed20700712,VALIDATION,1200,2.0369870774360836,,,
e,D2_seed20700712,VALIDATION,1220,2.0368530942600773,,,
e,D2_seed20700712,VALIDATION,1240,2.036727775954341,,,
e,D2_seed20700712,VALIDATION,1260,2.036610596308578,,,
e,D2_seed20700712,VALIDATION,1280,2.0365007108155018,,,
e,D2_seed20700712,VALIDATION,1300,2.0363975542224244,,,
e,D2_seed20700712,VALIDATION,1320,2.0363008230880673,,,
e,D2_seed20700712,VALIDATION,1340,2.0362095372154143,,,
e,D2_seed20700712,VALIDATION,1360,2.036123366654658,,,
e,D2_seed20700712,VALIDATION,1380,2.0360414904395268,,,
e,D2_seed20700712,VALIDATION,1400,2.035963382972607,,,
e,D2_seed20700712,VALIDATION,1420,2.0358884676450804,,,
e,D2_seed20700712,VALIDATION,1440,2.0358161883891497,,,
e,D2_seed20700712,VALIDATION,1460,2.0357458974014815,,,
e,D2_seed20700712,VALIDATION,1480,2.0356769642071213,,,
e,D2_seed20700712,VALIDATION,1500,2.035608899057209,,,
e,D2_seed20700713,VALIDATION,0,2.0608599927497226,,,
e,D2_seed20700713,VALIDATION,20,2.060751281072326,,,
e,D2_seed20700713,VALIDATION,40,2.0604862272699194,,,
e,D2_seed20700713,VALIDATION,60,2.060138917925099,,,
e,D2_seed20700713,VALIDATION,80,2.0597925960724925,,,
e,D2_seed20700713,VALIDATION,100,2.059443750317553,,,
e,D2_seed20700713,VALIDATION,120,2.0590921497236336,,,
e,D2_seed20700713,VALIDATION,140,2.0587366158779856,,,
e,D2_seed20700713,VALIDATION,160,2.0583761235001306,,,
e,D2_seed20700713,VALIDATION,180,2.0580104702126176,,,
e,D2_seed20700713,VALIDATION,200,2.0576406204327577,,,
e,D2_seed20700713,VALIDATION,220,2.0572626153487255,,,
e,D2_seed20700713,VALIDATION,240,2.0568778211597287,,,
e,D2_seed20700713,VALIDATION,260,2.056484176362722,,,
e,D2_seed20700713,VALIDATION,280,2.0560834824120793,,,
e,D2_seed20700713,VALIDATION,300,2.055672620937837,,,
e,D2_seed20700713,VALIDATION,320,2.0552532971292194,,,
e,D2_seed20700713,VALIDATION,340,2.054822952056968,,,
e,D2_seed20700713,VALIDATION,360,2.0543838024053684,,,
e,D2_seed20700713,VALIDATION,380,2.0539330936968923,,,
e,D2_seed20700713,VALIDATION,400,2.053473705257643,,,
e,D2_seed20700713,VALIDATION,420,2.053004529423245,,,
e,D2_seed20700713,VALIDATION,440,2.052525628124709,,,
e,D2_seed20700713,VALIDATION,460,2.052038177854026,,,
e,D2_seed20700713,VALIDATION,480,2.0515415526995593,,,
e,D2_seed20700713,VALIDATION,500,2.0510372468928364,,,
e,D2_seed20700713,VALIDATION,520,2.0505262442021457,,,
e,D2_seed20700713,VALIDATION,540,2.0500082403917506,,,
e,D2_seed20700713,VALIDATION,560,2.049486215112481,,,
e,D2_seed20700713,VALIDATION,580,2.048959429582171,,,
e,D2_seed20700713,VALIDATION,600,2.048430870295945,,,
e,D2_seed20700713,VALIDATION,620,2.047899524705474,,,
e,D2_seed20700713,VALIDATION,640,2.0473689327015645,,,
e,D2_seed20700713,VALIDATION,660,2.046838517804562,,,
e,D2_seed20700713,VALIDATION,680,2.046310661808499,,,
e,D2_seed20700713,VALIDATION,700,2.045787255286612,,,
e,D2_seed20700713,VALIDATION,720,2.0452683677217283,,,
e,D2_seed20700713,VALIDATION,740,2.0447570203453074,,,
e,D2_seed20700713,VALIDATION,760,2.0442533823396247,,,
e,D2_seed20700713,VALIDATION,780,2.0437582936616048,,,
e,D2_seed20700713,VALIDATION,800,2.043273722099979,,,
e,D2_seed20700713,VALIDATION,820,2.042800650255954,,,
e,D2_seed20700713,VALIDATION,840,2.042340284417384,,,
e,D2_seed20700713,VALIDATION,860,2.041893527706311,,,
e,D2_seed20700713,VALIDATION,880,2.0414606352261355,,,
e,D2_seed20700713,VALIDATION,900,2.041042529208662,,,
e,D2_seed20700713,VALIDATION,920,2.0406391343278663,,,
e,D2_seed20700713,VALIDATION,940,2.040251334197723,,,
e,D2_seed20700713,VALIDATION,960,2.039879187059868,,,
e,D2_seed20700713,VALIDATION,980,2.0395237738969145,,,
e,D2_seed20700713,VALIDATION,1000,2.0391845961466837,,,
e,D2_seed20700713,VALIDATION,1020,2.038860356489437,,,
e,D2_seed20700713,VALIDATION,1040,2.0385528044553825,,,
e,D2_seed20700713,VALIDATION,1060,2.0382612653327628,,,
e,D2_seed20700713,VALIDATION,1080,2.0379853606439062,,,
e,D2_seed20700713,VALIDATION,1100,2.0377245917253584,,,
e,D2_seed20700713,VALIDATION,1120,2.037478189412123,,,
e,D2_seed20700713,VALIDATION,1140,2.037246488485175,,,
e,D2_seed20700713,VALIDATION,1160,2.037028415775184,,,
e,D2_seed20700713,VALIDATION,1180,2.0368231613882184,,,
e,D2_seed20700713,VALIDATION,1200,2.036630720311127,,,
e,D2_seed20700713,VALIDATION,1220,2.0364498990991873,,,
e,D2_seed20700713,VALIDATION,1240,2.0362806569921243,,,
e,D2_seed20700713,VALIDATION,1260,2.036121666203472,,,
e,D2_seed20700713,VALIDATION,1280,2.035972748958508,,,
e,D2_seed20700713,VALIDATION,1300,2.0358325679719877,,,
e,D2_seed20700713,VALIDATION,1320,2.035700614615538,,,
e,D2_seed20700713,VALIDATION,1340,2.0355763320945592,,,
e,D2_seed20700713,VALIDATION,1360,2.0354584982450854,,,
e,D2_seed20700713,VALIDATION,1380,2.0353467953894504,,,
e,D2_seed20700713,VALIDATION,1400,2.035239922601549,,,
e,D2_seed20700713,VALIDATION,1420,2.0351372478982857,,,
e,D2_seed20700713,VALIDATION,1440,2.0350382309620003,,,
e,D2_seed20700713,VALIDATION,1460,2.034941890044566,,,
e,D2_seed20700713,VALIDATION,1480,2.034847386010764,,,
e,D2_seed20700713,VALIDATION,1500,2.0347537550674972,,,
e,D3_seed20700711,VALIDATION,0,2.068218456208409,,,
e,D3_seed20700711,VALIDATION,20,2.067307167914198,,,
e,D3_seed20700711,VALIDATION,40,2.06506756632928,,,
e,D3_seed20700711,VALIDATION,60,2.0620708532528136,,,
e,D3_seed20700711,VALIDATION,80,2.0589547505378722,,,
e,D3_seed20700711,VALIDATION,100,2.0556655001166497,,,
e,D3_seed20700711,VALIDATION,120,2.0521323484559604,,,
e,D3_seed20700711,VALIDATION,140,2.0482777290506635,,,
e,D3_seed20700711,VALIDATION,160,2.0439636877658733,,,
e,D3_seed20700711,VALIDATION,180,2.039012576660027,,,
e,D3_seed20700711,VALIDATION,200,2.033191409476224,,,
e,D3_seed20700711,VALIDATION,220,2.026216087920805,,,
e,D3_seed20700711,VALIDATION,240,2.0177818169439647,,,
e,D3_seed20700711,VALIDATION,260,2.007497730929549,,,
e,D3_seed20700711,VALIDATION,280,1.9948648687580206,,,
e,D3_seed20700711,VALIDATION,300,1.9796809592486322,,,
e,D3_seed20700711,VALIDATION,320,1.9625824764249584,,,
e,D3_seed20700711,VALIDATION,340,1.9435885325158122,,,
e,D3_seed20700711,VALIDATION,360,1.9224320056441273,,,
e,D3_seed20700711,VALIDATION,380,1.898797226367937,,,
e,D3_seed20700711,VALIDATION,400,1.8724073131730337,,,
e,D3_seed20700711,VALIDATION,420,1.8431106267175088,,,
e,D3_seed20700711,VALIDATION,440,1.8113386136792236,,,
e,D3_seed20700711,VALIDATION,460,1.7852593169342086,,,
e,D3_seed20700711,VALIDATION,480,1.7779147496398429,,,
e,D3_seed20700711,VALIDATION,500,1.7735010326920664,,,
e,D3_seed20700711,VALIDATION,520,1.7723966874486192,,,
e,D3_seed20700711,VALIDATION,540,1.7789151142027713,,,
e,D3_seed20700711,VALIDATION,560,1.7728817597314206,,,
e,D3_seed20700711,VALIDATION,580,1.7715647941355706,,,
e,D3_seed20700711,VALIDATION,600,1.7684387541113977,,,
e,D3_seed20700711,VALIDATION,620,1.7685055246968182,,,
e,D3_seed20700711,VALIDATION,640,1.768463113297025,,,
e,D3_seed20700711,VALIDATION,660,1.7674461246754078,,,
e,D3_seed20700711,VALIDATION,680,1.7708143138043029,,,
e,D3_seed20700711,VALIDATION,700,1.7702374268273802,,,
e,D3_seed20700711,VALIDATION,720,1.765874644309284,,,
e,D3_seed20700711,VALIDATION,740,1.7725805152293321,,,
e,D3_seed20700711,VALIDATION,760,1.768580407746873,,,
e,D3_seed20700711,VALIDATION,780,1.767199332767362,,,
e,D3_seed20700711,VALIDATION,800,1.7662403468188148,,,
e,D3_seed20700711,VALIDATION,820,1.7667579333720873,,,
e,D3_seed20700711,VALIDATION,840,1.7651667367259114,,,
e,D3_seed20700711,VALIDATION,860,1.765359253871824,,,
e,D3_seed20700711,VALIDATION,880,1.7674608747613987,,,
e,D3_seed20700711,VALIDATION,900,1.7656913841422655,,,
e,D3_seed20700711,VALIDATION,920,1.7656337131064335,,,
e,D3_seed20700711,VALIDATION,940,1.762141387319439,,,
e,D3_seed20700711,VALIDATION,960,1.7643256873000563,,,
e,D3_seed20700711,VALIDATION,980,1.7662022409726237,,,
e,D3_seed20700711,VALIDATION,1000,1.7659413946317544,,,
e,D3_seed20700711,VALIDATION,1020,1.764418258848508,,,
e,D3_seed20700711,VALIDATION,1040,1.7648120573036958,,,
e,D3_seed20700711,VALIDATION,1060,1.7639456936627065,,,
e,D3_seed20700711,VALIDATION,1080,1.7647278385786607,,,
e,D3_seed20700711,VALIDATION,1100,1.7661103756681378,,,
e,D3_seed20700711,VALIDATION,1120,1.7638210266618681,,,
e,D3_seed20700711,VALIDATION,1140,1.7658625318921253,,,
e,D3_seed20700711,VALIDATION,1160,1.7630114261371317,,,
e,D3_seed20700711,VALIDATION,1180,1.7636109921653318,,,
e,D3_seed20700711,VALIDATION,1200,1.7639070709461722,,,
e,D3_seed20700711,VALIDATION,1220,1.7634688711479718,,,
e,D3_seed20700711,VALIDATION,1240,1.7645939144599199,,,
e,D3_seed20700712,VALIDATION,0,2.0554637456976854,,,
e,D3_seed20700712,VALIDATION,20,2.054301730692692,,,
e,D3_seed20700712,VALIDATION,40,2.051594870031667,,,
e,D3_seed20700712,VALIDATION,60,2.0483066065951077,,,
e,D3_seed20700712,VALIDATION,80,2.045192964327117,,,
e,D3_seed20700712,VALIDATION,100,2.0421426543999672,,,
e,D3_seed20700712,VALIDATION,120,2.0390522913069207,,,
e,D3_seed20700712,VALIDATION,140,2.035824707484225,,,
e,D3_seed20700712,VALIDATION,160,2.0323404262975364,,,
e,D3_seed20700712,VALIDATION,180,2.028459604344887,,,
e,D3_seed20700712,VALIDATION,200,2.0239895956162086,,,
e,D3_seed20700712,VALIDATION,220,2.018672568378505,,,
e,D3_seed20700712,VALIDATION,240,2.012228195590937,,,
e,D3_seed20700712,VALIDATION,260,2.004284774089579,,,
e,D3_seed20700712,VALIDATION,280,1.9944263930697765,,,
e,D3_seed20700712,VALIDATION,300,1.982189208650885,,,
e,D3_seed20700712,VALIDATION,320,1.967211387074968,,,
e,D3_seed20700712,VALIDATION,340,1.9501350612173245,,,
e,D3_seed20700712,VALIDATION,360,1.931295566251466,,,
e,D3_seed20700712,VALIDATION,380,1.9106172990020773,,,
e,D3_seed20700712,VALIDATION,400,1.888076552289728,,,
e,D3_seed20700712,VALIDATION,420,1.863723974370742,,,
e,D3_seed20700712,VALIDATION,440,1.8377618007886998,,,
e,D3_seed20700712,VALIDATION,460,1.8107705608909246,,,
e,D3_seed20700712,VALIDATION,480,1.7867410157753099,,,
e,D3_seed20700712,VALIDATION,500,1.774676533528891,,,
e,D3_seed20700712,VALIDATION,520,1.7713629586259731,,,
e,D3_seed20700712,VALIDATION,540,1.7674853616774975,,,
e,D3_seed20700712,VALIDATION,560,1.769189745203232,,,
e,D3_seed20700712,VALIDATION,580,1.7686564226349752,,,
e,D3_seed20700712,VALIDATION,600,1.767405460351736,,,
e,D3_seed20700712,VALIDATION,620,1.7636131570818212,,,
e,D3_seed20700712,VALIDATION,640,1.7648371631804927,,,
e,D3_seed20700712,VALIDATION,660,1.7636339005424864,,,
e,D3_seed20700712,VALIDATION,680,1.7658994646050856,,,
e,D3_seed20700712,VALIDATION,700,1.7691166946098342,,,
e,D3_seed20700712,VALIDATION,720,1.7648560691990471,,,
e,D3_seed20700712,VALIDATION,740,1.7646151427090742,,,
e,D3_seed20700712,VALIDATION,760,1.7622248775366391,,,
e,D3_seed20700712,VALIDATION,780,1.7617991205511714,,,
e,D3_seed20700712,VALIDATION,800,1.7639316586044653,,,
e,D3_seed20700712,VALIDATION,820,1.7656988173988912,,,
e,D3_seed20700712,VALIDATION,840,1.7634942956211304,,,
e,D3_seed20700712,VALIDATION,860,1.762577766796089,,,
e,D3_seed20700712,VALIDATION,880,1.7649224157924475,,,
e,D3_seed20700712,VALIDATION,900,1.762211710061357,,,
e,D3_seed20700712,VALIDATION,920,1.7610647195708846,,,
e,D3_seed20700712,VALIDATION,940,1.7612014676298329,,,
e,D3_seed20700712,VALIDATION,960,1.762413586088182,,,
e,D3_seed20700712,VALIDATION,980,1.7624521851272499,,,
e,D3_seed20700712,VALIDATION,1000,1.7627301920503757,,,
e,D3_seed20700712,VALIDATION,1020,1.7603370936879845,,,
e,D3_seed20700712,VALIDATION,1040,1.7612259517445916,,,
e,D3_seed20700712,VALIDATION,1060,1.7621765615710063,,,
e,D3_seed20700712,VALIDATION,1080,1.759669732695545,,,
e,D3_seed20700712,VALIDATION,1100,1.7608696259120868,,,
e,D3_seed20700712,VALIDATION,1120,1.7601735397377598,,,
e,D3_seed20700712,VALIDATION,1140,1.7611818851459418,,,
e,D3_seed20700712,VALIDATION,1160,1.76040736508277,,,
e,D3_seed20700712,VALIDATION,1180,1.76065226203942,,,
e,D3_seed20700712,VALIDATION,1200,1.7608365831346469,,,
e,D3_seed20700712,VALIDATION,1220,1.7601346944597827,,,
e,D3_seed20700712,VALIDATION,1240,1.7604603424115493,,,
e,D3_seed20700712,VALIDATION,1260,1.7611216465122361,,,
e,D3_seed20700712,VALIDATION,1280,1.7603419391322963,,,
e,D3_seed20700712,VALIDATION,1300,1.7597604785029397,,,
e,D3_seed20700712,VALIDATION,1320,1.7604870010448563,,,
e,D3_seed20700712,VALIDATION,1340,1.7597578446020794,,,
e,D3_seed20700712,VALIDATION,1360,1.7605413168954211,,,
e,D3_seed20700712,VALIDATION,1380,1.7598969514378604,,,
e,D3_seed20700713,VALIDATION,0,2.055440989985343,,,
e,D3_seed20700713,VALIDATION,20,2.054161104559419,,,
e,D3_seed20700713,VALIDATION,40,2.050953373935721,,,
e,D3_seed20700713,VALIDATION,60,2.0464553717893277,,,
e,D3_seed20700713,VALIDATION,80,2.041423449481585,,,
e,D3_seed20700713,VALIDATION,100,2.0355140624153205,,,
e,D3_seed20700713,VALIDATION,120,2.0282292581370913,,,
e,D3_seed20700713,VALIDATION,140,2.018916130192617,,,
e,D3_seed20700713,VALIDATION,160,2.00706784862416,,,
e,D3_seed20700713,VALIDATION,180,1.9931453462910906,,,
e,D3_seed20700713,VALIDATION,200,1.9772128028434561,,,
e,D3_seed20700713,VALIDATION,220,1.9589106077411091,,,
e,D3_seed20700713,VALIDATION,240,1.9378245176279818,,,
e,D3_seed20700713,VALIDATION,260,1.9135136785383544,,,
e,D3_seed20700713,VALIDATION,280,1.8855318487339243,,,
e,D3_seed20700713,VALIDATION,300,1.8535208505625242,,,
e,D3_seed20700713,VALIDATION,320,1.8174640139960823,,,
e,D3_seed20700713,VALIDATION,340,1.7818674089073478,,,
e,D3_seed20700713,VALIDATION,360,1.7723032746094378,,,
e,D3_seed20700713,VALIDATION,380,1.777606237502217,,,
e,D3_seed20700713,VALIDATION,400,1.7748177058897125,,,
e,D3_seed20700713,VALIDATION,420,1.7727800022003781,,,
e,D3_seed20700713,VALIDATION,440,1.7740663481234045,,,
e,D3_seed20700713,VALIDATION,460,1.7787271550394117,,,
e,D3_seed20700713,VALIDATION,480,1.7766695876526604,,,
e,D3_seed20700713,VALIDATION,500,1.7751824324900796,,,
e,D3_seed20700713,VALIDATION,520,1.7738803800887455,,,
e,D3_seed20700713,VALIDATION,540,1.7706595764537125,,,
e,D3_seed20700713,VALIDATION,560,1.7719278509965564,,,
e,D3_seed20700713,VALIDATION,580,1.774086596668774,,,
e,D3_seed20700713,VALIDATION,600,1.7778664695695547,,,
e,D3_seed20700713,VALIDATION,620,1.7750916333928166,,,
e,D3_seed20700713,VALIDATION,640,1.7680503581569886,,,
e,D3_seed20700713,VALIDATION,660,1.7658644255771536,,,
e,D3_seed20700713,VALIDATION,680,1.7708993016249688,,,
e,D3_seed20700713,VALIDATION,700,1.7679985713643411,,,
e,D3_seed20700713,VALIDATION,720,1.768673960136204,,,
e,D3_seed20700713,VALIDATION,740,1.765534427253654,,,
e,D3_seed20700713,VALIDATION,760,1.7696266608810691,,,
e,D3_seed20700713,VALIDATION,780,1.7723090152576544,,,
e,D3_seed20700713,VALIDATION,800,1.7746836870952956,,,
e,D3_seed20700713,VALIDATION,820,1.773898408420419,,,
e,D3_seed20700713,VALIDATION,840,1.769329181141542,,,
e,D3_seed20700713,VALIDATION,860,1.773971007416906,,,
e,D3_seed20700713,VALIDATION,880,1.7685136408940838,,,
e,D3_seed20700713,VALIDATION,900,1.7707400081441644,,,
e,D3_seed20700713,VALIDATION,920,1.769570230234614,,,
e,D3_seed20700713,VALIDATION,940,1.7642117892841283,,,
e,D3_seed20700713,VALIDATION,960,1.764578019986617,,,
e,D3_seed20700713,VALIDATION,980,1.7668759196296104,,,
e,D3_seed20700713,VALIDATION,1000,1.7663241780460237,,,
e,D3_seed20700713,VALIDATION,1020,1.7650294412805774,,,
e,D3_seed20700713,VALIDATION,1040,1.7688869677132595,,,
e,D3_seed20700713,VALIDATION,1060,1.767422447428657,,,
e,D3_seed20700713,VALIDATION,1080,1.770269446553089,,,
e,D3_seed20700713,VALIDATION,1100,1.769214629618618,,,
e,D3_seed20700713,VALIDATION,1120,1.7666793387754534,,,
e,D3_seed20700713,VALIDATION,1140,1.77061076502905,,,
e,D3_seed20700713,VALIDATION,1160,1.766497736309562,,,
e,D3_seed20700713,VALIDATION,1180,1.767663690969848,,,
e,D3_seed20700713,VALIDATION,1200,1.7658035503202978,,,
e,D3_seed20700713,VALIDATION,1220,1.7664978150287414,,,
e,D3_seed20700713,VALIDATION,1240,1.765593892276216,,,
h,D1_seed20700711,COMMON_ANCHOR,,,LCDF_01,0.10518633511986902,0.10223676816563902
h,D1_seed20700711,COMMON_ANCHOR,,,LCDF_04,0.23631925762141673,0.23772522012761857
h,D1_seed20700711,COMMON_ANCHOR,,,LCDF_05,0.38706513840402557,0.3855242618177808
h,D1_seed20700711,COMMON_ANCHOR,,,LCDF_06,0.03863534667738965,0.005029484331088654
h,D1_seed20700711,COMMON_ANCHOR,,,LCDF_07,0.06468164413394756,0.07178643752603973
h,D1_seed20700711,COMMON_ANCHOR,,,LCDF_08,0.6642331200493752,0.6813548035620713
h,D1_seed20700712,COMMON_ANCHOR,,,LCDF_01,0.10706592880028795,0.09748201757594394
h,D1_seed20700712,COMMON_ANCHOR,,,LCDF_04,0.23952519728398255,0.23397514213482382
h,D1_seed20700712,COMMON_ANCHOR,,,LCDF_05,0.3910869556560558,0.3777655988021097
h,D1_seed20700712,COMMON_ANCHOR,,,LCDF_06,0.03099659292142633,0.015714355869141067
h,D1_seed20700712,COMMON_ANCHOR,,,LCDF_07,0.06875373915703455,0.072224804161185
h,D1_seed20700712,COMMON_ANCHOR,,,LCDF_08,0.6708594818967449,0.6834330629925205
h,D1_seed20700713,COMMON_ANCHOR,,,LCDF_01,0.10674525027843124,0.10087884887184008
h,D1_seed20700713,COMMON_ANCHOR,,,LCDF_04,0.2385141022615617,0.2346531276853927
h,D1_seed20700713,COMMON_ANCHOR,,,LCDF_05,0.38956610728145746,0.3819746452561468
h,D1_seed20700713,COMMON_ANCHOR,,,LCDF_06,0.03232203873710558,0.009746089251130078
h,D1_seed20700713,COMMON_ANCHOR,,,LCDF_07,0.06836932745790127,0.06723202590423526
h,D1_seed20700713,COMMON_ANCHOR,,,LCDF_08,0.6680806004026665,0.6748125723897755
h,D2_seed20700711,COMMON_ANCHOR,,,LCDF_01,0.10286539441599087,0.09931656310968541
h,D2_seed20700711,COMMON_ANCHOR,,,LCDF_04,0.23612982196536492,0.2339504423071185
h,D2_seed20700711,COMMON_ANCHOR,,,LCDF_05,0.38528985546321426,0.37982184430078053
h,D2_seed20700711,COMMON_ANCHOR,,,LCDF_06,0.029775815239881095,0.00706609657386164
h,D2_seed20700711,COMMON_ANCHOR,,,LCDF_07,0.06645786861015805,0.06868608987196019
h,D2_seed20700711,COMMON_ANCHOR,,,LCDF_08,0.671161996044895,0.67693150730426
h,D2_seed20700712,COMMON_ANCHOR,,,LCDF_01,0.09729623370719667,0.10173682151316535
h,D2_seed20700712,COMMON_ANCHOR,,,LCDF_04,0.23225146018333656,0.23580850279354523
h,D2_seed20700712,COMMON_ANCHOR,,,LCDF_05,0.3776425797778108,0.38337195039835137
h,D2_seed20700712,COMMON_ANCHOR,,,LCDF_06,0.004506538032932934,0.014371215923234261
h,D2_seed20700712,COMMON_ANCHOR,,,LCDF_07,0.06514906916737633,0.06916764395567619
h,D2_seed20700712,COMMON_ANCHOR,,,LCDF_08,0.6783455623138352,0.6754762034013908
h,D2_seed20700713,COMMON_ANCHOR,,,LCDF_01,0.10266581034212936,0.09837679863277342
h,D2_seed20700713,COMMON_ANCHOR,,,LCDF_04,0.2343813466355242,0.23510311633777978
h,D2_seed20700713,COMMON_ANCHOR,,,LCDF_05,0.38316851002334357,0.3800753028344745
h,D2_seed20700713,COMMON_ANCHOR,,,LCDF_06,0.020545390383727515,0.01293610875621095
h,D2_seed20700713,COMMON_ANCHOR,,,LCDF_07,0.06448674280574769,0.07161198191613165
h,D2_seed20700713,COMMON_ANCHOR,,,LCDF_08,0.6681846382488412,0.6839296504194083
h,D3_seed20700711,COMMON_ANCHOR,,,LCDF_01,0.11962937908134696,0.17331406997813947
h,D3_seed20700711,COMMON_ANCHOR,,,LCDF_04,0.022569697612027574,0.02793944683939777
h,D3_seed20700711,COMMON_ANCHOR,,,LCDF_05,0.050095231078649535,0.02737088774333596
h,D3_seed20700711,COMMON_ANCHOR,,,LCDF_06,0.009274221906737002,0.029577628669196068
h,D3_seed20700711,COMMON_ANCHOR,,,LCDF_07,0.1343989578756437,0.14933317318269543
h,D3_seed20700711,COMMON_ANCHOR,,,LCDF_08,0.5897449076643392,0.5691879183012065
h,D3_seed20700712,COMMON_ANCHOR,,,LCDF_01,0.12034060854540392,0.1707052970438924
h,D3_seed20700712,COMMON_ANCHOR,,,LCDF_04,0.030109059175732266,0.02721214326343728
h,D3_seed20700712,COMMON_ANCHOR,,,LCDF_05,0.047709844607141366,0.02770322684559515
h,D3_seed20700712,COMMON_ANCHOR,,,LCDF_06,0.04237553671580381,0.02120486669725338
h,D3_seed20700712,COMMON_ANCHOR,,,LCDF_07,0.14600239759642025,0.1580436532770039
h,D3_seed20700712,COMMON_ANCHOR,,,LCDF_08,0.5755743070844055,0.5653962832850999
h,D3_seed20700713,COMMON_ANCHOR,,,LCDF_01,0.13494328036692183,0.17763171979720205
h,D3_seed20700713,COMMON_ANCHOR,,,LCDF_04,0.026807691218247495,0.03796923244588008
h,D3_seed20700713,COMMON_ANCHOR,,,LCDF_05,0.03406878404049904,0.04263560676614892
h,D3_seed20700713,COMMON_ANCHOR,,,LCDF_06,0.037166339276634555,0.022638178333390938
h,D3_seed20700713,COMMON_ANCHOR,,,LCDF_07,0.1172501691154873,0.18123074823014548
h,D3_seed20700713,COMMON_ANCHOR,,,LCDF_08,0.5841323948567182,0.5636168203439741
