figure,panel,scientific_claim,source_file,source_hash,source_field,confirmatory_or_diagnostic,transformation,plot_script,output_file
Graphical abstract,route,Cross-stage qualification route is frozen.,stage_08Z_Project_Closure_Publication/02_cross_stage_evidence/cross_stage_evidence_matrix.json,sha256:2c822b44b3c0e6f27522b8a19a5873aaf2a055c89047bb431890386b5f90aba4,stage rows/status and authorization edges,CONFIRMATORY,Selected frozen stage nodes; deterministic horizontal layout.,publication_cmame_v1/04_figures/00_style/build_main_figures.py,publication_cmame_v1/04_figures/01_graphical_abstract/graphical_abstract.svg;publication_cmame_v1/04_figures/01_graphical_abstract/graphical_abstract.pdf;publication_cmame_v1/04_figures/01_graphical_abstract/graphical_abstract.png
Graphical abstract,route,Qualified lower layers do not establish a trained solver.,stage_08Z_Project_Closure_Publication/03_claim_matrix/final_claim_support_matrix.json,sha256:20f3cffba7b50062ae9f6b66b4ba4d020319de3ab747d4ef4eb0b88afe8d8fc9,allowed_claims/prohibited_claims,NEGATIVE_CONFIRMATORY,Claims grouped by frozen qualification status.,publication_cmame_v1/04_figures/00_style/build_main_figures.py,publication_cmame_v1/04_figures/01_graphical_abstract/graphical_abstract.svg;publication_cmame_v1/04_figures/01_graphical_abstract/graphical_abstract.pdf;publication_cmame_v1/04_figures/01_graphical_abstract/graphical_abstract.png
Figure 1,"a,c",The workflow is qualification-first and evidence-layered.,stage_08Z_Project_Closure_Publication/06_figures_and_tables/Figure_01/data.json,sha256:65e5828a0f1bcfa6036abc6b41bae81036c25b8abb409feb9611b2f5675e9c7c,frozen_data.progression,CONFIRMATORY,Scientific layers grouped from frozen progression; stage IDs suppressed from hierarchy.,publication_cmame_v1/04_figures/00_style/build_main_figures.py,publication_cmame_v1/04_figures/02_fig01_framework/fig01_framework.svg;publication_cmame_v1/04_figures/02_fig01_framework/fig01_framework.pdf;publication_cmame_v1/04_figures/02_fig01_framework/fig01_framework.png
Figure 1,"b,e",V2 and the trained-solver route remain not qualified.,stage_08Z_Project_Closure_Publication/01_project_status/project_final_status_ledger.md,sha256:bf600d06dfb003a8062259e5205c8ba99b4796dff9712518537f234566c3dbb0,reference hierarchy and final flags,NEGATIVE_CONFIRMATORY,Verbatim status categories rendered as cards.,publication_cmame_v1/04_figures/00_style/build_main_figures.py,publication_cmame_v1/04_figures/02_fig01_framework/fig01_framework.svg;publication_cmame_v1/04_figures/02_fig01_framework/fig01_framework.pdf;publication_cmame_v1/04_figures/02_fig01_framework/fig01_framework.png
Figure 1,d,Nine documented failures motivated bounded methodological responses.,stage_08Z_Project_Closure_Publication/04_failure_taxonomy/final_failure_taxonomy.json,sha256:d40a396999c4d58f8e0561e43feec539acc3d1d9ce964131a50eb125283a4f97,failures F1--F9,CONFIRMATORY,Frozen sequence shown in row-major layout; no causal magnitude implied.,publication_cmame_v1/04_figures/00_style/build_main_figures.py,publication_cmame_v1/04_figures/02_fig01_framework/fig01_framework.svg;publication_cmame_v1/04_figures/02_fig01_framework/fig01_framework.pdf;publication_cmame_v1/04_figures/02_fig01_framework/fig01_framework.png
Figure 1,e,Allowed and prohibited claims are separated.,stage_08Z_Project_Closure_Publication/03_claim_matrix/final_claim_support_matrix.json,sha256:20f3cffba7b50062ae9f6b66b4ba4d020319de3ab747d4ef4eb0b88afe8d8fc9,allowed_claims/prohibited_claims,NEGATIVE_CONFIRMATORY,Claims grouped by final qualification boundary.,publication_cmame_v1/04_figures/00_style/build_main_figures.py,publication_cmame_v1/04_figures/02_fig01_framework/fig01_framework.svg;publication_cmame_v1/04_figures/02_fig01_framework/fig01_framework.pdf;publication_cmame_v1/04_figures/02_fig01_framework/fig01_framework.png
Figure 2,a--e,Reciprocal unordered pair evaluation is antisymmetric and conservation-compatible.,stage_03_Dynamic_SPH_Transformer_Hybrid/02_temporal_architecture/reciprocal_pair_head_contract.md,sha256:0465ca0211e55f4fbbf3db7a4a88d927028207ff947ece088691080685f9057c,reciprocal pair construction,CONFIRMATORY,Explanatory vector schematic; no numerical values introduced.,publication_cmame_v1/04_figures/00_style/build_main_figures.py,publication_cmame_v1/04_figures/03_fig02_architecture/fig02_architecture.svg;publication_cmame_v1/04_figures/03_fig02_architecture/fig02_architecture.pdf;publication_cmame_v1/04_figures/03_fig02_architecture/fig02_architecture.png
Figure 2,d,Causal temporal encoding is distinct from an SPH kernel interpretation.,stage_03_Dynamic_SPH_Transformer_Hybrid/02_temporal_architecture/temporal_transformer_contract.md,sha256:b6c51bf8911a7dbc4839b19762f6a8774a90b6b04763018a2d5dbbb2dc2138a9,token/head semantics,CONFIRMATORY,Contract blocks arranged left-to-right.,publication_cmame_v1/04_figures/00_style/build_main_figures.py,publication_cmame_v1/04_figures/03_fig02_architecture/fig02_architecture.svg;publication_cmame_v1/04_figures/03_fig02_architecture/fig02_architecture.pdf;publication_cmame_v1/04_figures/03_fig02_architecture/fig02_architecture.png
Figure 2,f,D1/D2/D3 are comparison arms and do not encode superiority.,stage_03_Dynamic_SPH_Transformer_Hybrid/02_temporal_architecture/baseline_arm_contract.md,sha256:5e4a6e6225ee969dce1a0c5ad3930710e0b75660fb7a85c59ee1ff66d7708273,D1/D2/D3 arm definitions,CONFIRMATORY,Equal-size arm cards with non-ordinal styling.,publication_cmame_v1/04_figures/00_style/build_main_figures.py,publication_cmame_v1/04_figures/03_fig02_architecture/fig02_architecture.svg;publication_cmame_v1/04_figures/03_fig02_architecture/fig02_architecture.pdf;publication_cmame_v1/04_figures/03_fig02_architecture/fig02_architecture.png
Figure 2,g,Midpoint RK2 rebuilds graph/source state at registered stages.,stage_03_Dynamic_SPH_Transformer_Hybrid/03_time_integration/rk2_stage_semantics.md,sha256:2577e4a7e72747117256b0f9316ce2822af53a9a691e4d6c5cbcb08c9432bc2f,RK2 stage semantics,CONFIRMATORY,Stage sequence shown schematically.,publication_cmame_v1/04_figures/00_style/build_main_figures.py,publication_cmame_v1/04_figures/03_fig02_architecture/fig02_architecture.svg;publication_cmame_v1/04_figures/03_fig02_architecture/fig02_architecture.pdf;publication_cmame_v1/04_figures/03_fig02_architecture/fig02_architecture.png
Figure 2,h,Only accepted states commit to causal history.,stage_03_Dynamic_SPH_Transformer_Hybrid/03_time_integration/history_commit_contract.md,sha256:43a683835f5032eac42e421d4bdad21beec78e86f40d62597becabac15d7d0e5,accepted-only history semantics,CONFIRMATORY,Accepted and midpoint states visually differentiated.,publication_cmame_v1/04_figures/00_style/build_main_figures.py,publication_cmame_v1/04_figures/03_fig02_architecture/fig02_architecture.svg;publication_cmame_v1/04_figures/03_fig02_architecture/fig02_architecture.pdf;publication_cmame_v1/04_figures/03_fig02_architecture/fig02_architecture.png
Figure 2,i,D0 is the exact zero-correction identity.,stage_03_Dynamic_SPH_Transformer_Hybrid/02_temporal_architecture/zero_fallback_contract.md,sha256:ad124d68c2bd2f3f89be045591cd6358619150b3ab3f746f56f206d264cd5498,D0 identity,CONFIRMATORY,Formula typeset verbatim as explanatory identity.,publication_cmame_v1/04_figures/00_style/build_main_figures.py,publication_cmame_v1/04_figures/03_fig02_architecture/fig02_architecture.svg;publication_cmame_v1/04_figures/03_fig02_architecture/fig02_architecture.pdf;publication_cmame_v1/04_figures/03_fig02_architecture/fig02_architecture.png
Figure 2,all,The pair-force architecture passed its frozen structural qualification.,stage_02_Particle_Interaction_Operator/06_model/pair_force_pio_architecture_v0_1/results/stage02k_qualification_summary.json,sha256:75dea2a8e4ae90d200b202f0f43b075d4ae2700de5ceb60f66c43e44cdc06eef,status and architecture gates,CONFIRMATORY,Status used as boundary; no training claim.,publication_cmame_v1/04_figures/00_style/build_main_figures.py,publication_cmame_v1/04_figures/03_fig02_architecture/fig02_architecture.svg;publication_cmame_v1/04_figures/03_fig02_architecture/fig02_architecture.pdf;publication_cmame_v1/04_figures/03_fig02_architecture/fig02_architecture.png
Figure 3,"a,g",Reference roles retain the failed finite-resolution V2 boundary.,06_experiments/stage_01g_validation_execution/results/stage01g_evaluation_reapplication_01.json,sha256:021676f88cb1d251e280f18b1eac58a4aa0447980b4249920df3722cbb64c45f,unique_status/acoustic_gates/shear_gates/next_stage_qualified,NEGATIVE_CONFIRMATORY,Frozen status rendered as role cards.,publication_cmame_v1/04_figures/00_style/build_main_figures.py,publication_cmame_v1/04_figures/04_fig03_verification/fig03_verification.svg;publication_cmame_v1/04_figures/04_fig03_verification/fig03_verification.pdf;publication_cmame_v1/04_figures/04_fig03_verification/fig03_verification.png
Figure 3,b,Registered MMS errors decrease along the plateau-aware consistency path.,06_experiments/stage_01f5b_requalification_execution/results/spatial_analysis.json,sha256:40ec9202640d955ba0261de554ceae0c5d1258051d10d091225d7468d007da74,cases.*.rows[].N/errors,CONFIRMATORY,Raw frozen errors plotted on log axis; no new fit.,publication_cmame_v1/04_figures/00_style/build_main_figures.py,publication_cmame_v1/04_figures/04_fig03_verification/fig03_verification.svg;publication_cmame_v1/04_figures/04_fig03_verification/fig03_verification.pdf;publication_cmame_v1/04_figures/04_fig03_verification/fig03_verification.png
Figure 3,b,No GCI claim is supported.,06_experiments/stage_01f5b_requalification_execution/results/stage01f5b_evaluation.json,sha256:4b3eec7d6283049c9873bb2e8416adb734442bdc77fa3c2cf97fabf89dbeea32,gci and unique_status,NEGATIVE_CONFIRMATORY,Boundary annotation only.,publication_cmame_v1/04_figures/00_style/build_main_figures.py,publication_cmame_v1/04_figures/04_fig03_verification/fig03_verification.svg;publication_cmame_v1/04_figures/04_fig03_verification/fig03_verification.pdf;publication_cmame_v1/04_figures/04_fig03_verification/fig03_verification.png
Figure 3,c,Zero correction passed all 288 registered bitwise cases.,stage_03_Dynamic_SPH_Transformer_Hybrid/05_dynamic_solver_implementation/stage03c/results/zero_correction_results.json,sha256:b42c22e335efde77e65ee676fe4194d0e85d1e4946e620663d6725f6d12130c9,passed/required/rows[].gates,CONFIRMATORY,Direct counts.,publication_cmame_v1/04_figures/00_style/build_main_figures.py,publication_cmame_v1/04_figures/04_fig03_verification/fig03_verification.svg;publication_cmame_v1/04_figures/04_fig03_verification/fig03_verification.pdf;publication_cmame_v1/04_figures/04_fig03_verification/fig03_verification.png
Figure 3,d,Independent D0 RK2 implementation passed 48/48 checks.,stage_03_Dynamic_SPH_Transformer_Hybrid/05_dynamic_solver_implementation/stage03c/results/independent_rk2_results.json,sha256:1b1ca2612e0821b4f76319939e2c1a9903aa9cec8ae6ec88de793d36faa47ae4,passed/required/rows[].metrics,CONFIRMATORY,Direct counts in annotation.,publication_cmame_v1/04_figures/00_style/build_main_figures.py,publication_cmame_v1/04_figures/04_fig03_verification/fig03_verification.svg;publication_cmame_v1/04_figures/04_fig03_verification/fig03_verification.pdf;publication_cmame_v1/04_figures/04_fig03_verification/fig03_verification.png
Figure 3,d,D0-reference differences are diagnostic and do not recover V2.,stage_03_Dynamic_SPH_Transformer_Hybrid/05_dynamic_solver_implementation/stage03c/results/d0_reference_diagnostics.json,sha256:706f7eeb455782543508fcfdc777239a228a0bb7170e21f0f8bdba02a7eed414,rows[].D0_vs_D_R2_DOP853.maximum_normalized_l2/performance_gate,DIAGNOSTIC_ONLY,Raw diagnostics plotted in registered row order.,publication_cmame_v1/04_figures/00_style/build_main_figures.py,publication_cmame_v1/04_figures/04_fig03_verification/fig03_verification.svg;publication_cmame_v1/04_figures/04_fig03_verification/fig03_verification.pdf;publication_cmame_v1/04_figures/04_fig03_verification/fig03_verification.png
Figure 3,e,Dense topology scan records birth/death transitions.,stage_03_Dynamic_SPH_Transformer_Hybrid/05_dynamic_solver_implementation/stage03d/topology_event_scan/te1_dense_scan_results.json,sha256:cfd79cab48e6c468634802c30a2784a47e84b8bb09499e27f791bdfb2686fe58,rows[].s/cutoff_margin/active_unordered_pair_count,CONFIRMATORY,Raw scan order; zero-margin reference line.,publication_cmame_v1/04_figures/00_style/build_main_figures.py,publication_cmame_v1/04_figures/04_fig03_verification/fig03_verification.svg;publication_cmame_v1/04_figures/04_fig03_verification/fig03_verification.pdf;publication_cmame_v1/04_figures/04_fig03_verification/fig03_verification.png
Figure 3,f,All registered structural conservation stages passed.,stage_03_Dynamic_SPH_Transformer_Hybrid/05_dynamic_solver_implementation/stage03d/conservation_over_time/conservation_results.json,sha256:ac38e56168ea68c47e3e1be8216abb5217f086605dfe311bfe9cdc5e1ff4ffc0,rows[].audit.conservation/per_stage_count/per_stage_pass_count,CONFIRMATORY,Raw positive residuals displayed on log axis.,publication_cmame_v1/04_figures/00_style/build_main_figures.py,publication_cmame_v1/04_figures/04_fig03_verification/fig03_verification.svg;publication_cmame_v1/04_figures/04_fig03_verification/fig03_verification.pdf;publication_cmame_v1/04_figures/04_fig03_verification/fig03_verification.png
Figure 3,g,The complete route remained not qualified despite implementation verification.,stage_08Z_Project_Closure_Publication/01_project_status/project_final_status_ledger.md,sha256:bf600d06dfb003a8062259e5205c8ba99b4796dff9712518537f234566c3dbb0,Stage03 and final flags,NEGATIVE_CONFIRMATORY,Frozen statuses grouped by claim layer.,publication_cmame_v1/04_figures/00_style/build_main_figures.py,publication_cmame_v1/04_figures/04_fig03_verification/fig03_verification.svg;publication_cmame_v1/04_figures/04_fig03_verification/fig03_verification.pdf;publication_cmame_v1/04_figures/04_fig03_verification/fig03_verification.png
Figure 4,a,All 18 frozen static TRAIN histories are retained.,stage_02_Particle_Interaction_Operator/06_model/pair_force_pio_static_fitting_v0_1/runs/K0/seed_20261201/training_history.json,sha256:9ebccc2b15de2f2542b27ceccc14d1228ea362b90cf005896940ed0a571469ef,rows[].update/graph_balanced_loss (plus 17 listed in source_data),NEGATIVE_CONFIRMATORY,All histories plotted; source_data records every source hash.,publication_cmame_v1/04_figures/00_style/build_main_figures.py,publication_cmame_v1/04_figures/05_fig04_failed_learning_routes/fig04_failed_learning_routes.svg;publication_cmame_v1/04_figures/05_fig04_failed_learning_routes/fig04_failed_learning_routes.pdf;publication_cmame_v1/04_figures/05_fig04_failed_learning_routes/fig04_failed_learning_routes.png
Figure 4,b,Registered static learning gates did not establish the route.,stage_02_Particle_Interaction_Operator/06_model/pair_force_pio_static_fitting_v0_1/results/frozen_success_gate_evaluation.json,sha256:264be79bf40cc7f03ffaa4f4da1c9f9e4c77f7d45428283d90ecba19a589c4e3,architectures.* A/B/C/E,NEGATIVE_CONFIRMATORY,Boolean gate matrix; sealed-test gate D intentionally excluded.,publication_cmame_v1/04_figures/00_style/build_main_figures.py,publication_cmame_v1/04_figures/05_fig04_failed_learning_routes/fig04_failed_learning_routes.svg;publication_cmame_v1/04_figures/05_fig04_failed_learning_routes/fig04_failed_learning_routes.pdf;publication_cmame_v1/04_figures/05_fig04_failed_learning_routes/fig04_failed_learning_routes.png
Figure 4,b,The second static campaign remained below its seed gate.,stage_02_Particle_Interaction_Operator/06_model/pair_force_pio_static_fitting_v0_2/results/stage02mq_frozen_success_gate_evaluation.json,sha256:16a8574f2c48cbf1eb87df427a72642f352bddbeed99152db6aefc22d69285f3,architectures.* A/B/C/E,NEGATIVE_CONFIRMATORY,Boolean gate matrix; sealed-test gate D intentionally excluded.,publication_cmame_v1/04_figures/00_style/build_main_figures.py,publication_cmame_v1/04_figures/05_fig04_failed_learning_routes/fig04_failed_learning_routes.svg;publication_cmame_v1/04_figures/05_fig04_failed_learning_routes/fig04_failed_learning_routes.pdf;publication_cmame_v1/04_figures/05_fig04_failed_learning_routes/fig04_failed_learning_routes.png
Figure 4,"c,e",Complete task-aligned directional evidence is mixed or unresolved.,stage_04_Local_Causal_Dynamic_Training/05_task_aligned_gradient/stage04cr/directional_projection/directional_projection_and_factors.json,sha256:8cedf91d13901fa0b8958189db1c8c094f2532589e16c63753b0ec3dedab0fdb,rows[].components and reason_counts,DIAGNOSTIC_ONLY,Historical derivatives log-scaled; 864 rows × three components; frozen counts.,publication_cmame_v1/04_figures/00_style/build_main_figures.py,publication_cmame_v1/04_figures/05_fig04_failed_learning_routes/fig04_failed_learning_routes.svg;publication_cmame_v1/04_figures/05_fig04_failed_learning_routes/fig04_failed_learning_routes.pdf;publication_cmame_v1/04_figures/05_fig04_failed_learning_routes/fig04_failed_learning_routes.png
Figure 4,d,D0 next-state residual magnitudes are small in registered coordinates.,stage_04_Local_Causal_Dynamic_Training/05_task_aligned_gradient/stage04cr/state_residual/state_residual_and_D0_comparison.json,sha256:36c775ac32c36075af5933e05244d7a3598dcace5388a1b436b01383837354b6,rows[].D0_dimensionless_state_residual_RMS,DIAGNOSTIC_ONLY,Deterministic fixed-bin histogram on log x-axis.,publication_cmame_v1/04_figures/00_style/build_main_figures.py,publication_cmame_v1/04_figures/05_fig04_failed_learning_routes/fig04_failed_learning_routes.svg;publication_cmame_v1/04_figures/05_fig04_failed_learning_routes/fig04_failed_learning_routes.pdf;publication_cmame_v1/04_figures/05_fig04_failed_learning_routes/fig04_failed_learning_routes.png
Figure 4,f,RK2 maps acceleration into velocity as Δt and position as Δt²/2.,stage_04_Local_Causal_Dynamic_Training/05_task_aligned_gradient/stage04cr/rk2_attenuation/rk2_attenuation.json,sha256:1cd05d45441f1d4f529ba24583a78e800a1cdbf8b75f81550dcdade6241e517a,rows[].V_over_dt_A_mid/X_over_dt2_A_mid,DIAGNOSTIC_ONLY,Raw registered ratios; theoretical guide lines at 1 and 0.5.,publication_cmame_v1/04_figures/00_style/build_main_figures.py,publication_cmame_v1/04_figures/05_fig04_failed_learning_routes/fig04_failed_learning_routes.svg;publication_cmame_v1/04_figures/05_fig04_failed_learning_routes/fig04_failed_learning_routes.pdf;publication_cmame_v1/04_figures/05_fig04_failed_learning_routes/fig04_failed_learning_routes.png
Figure 4,g,Stage04 attribution was mixed or unresolved.,stage_04_Local_Causal_Dynamic_Training/05_task_aligned_gradient/stage04cr/qualification/stage04cr_summary.json,sha256:3b24b834bca6deeca61f6388706ebc739beb22b5773fddfa26854754035c8cdb,final_status/reason_counts,NEGATIVE_CONFIRMATORY,Status card.,publication_cmame_v1/04_figures/00_style/build_main_figures.py,publication_cmame_v1/04_figures/05_fig04_failed_learning_routes/fig04_failed_learning_routes.svg;publication_cmame_v1/04_figures/05_fig04_failed_learning_routes/fig04_failed_learning_routes.pdf;publication_cmame_v1/04_figures/05_fig04_failed_learning_routes/fig04_failed_learning_routes.png
Figure 4,g,The scale-aware defect target subsequently qualified.,stage_05_Scale_Aware_Discrete_Defect_Training/01_defect_target_qualification/stage05b/qualification/stage05b_qualification_summary.json,sha256:04e05c230e3ca8e3aee53836942370d14c90f9eddd5664afafbc46cbf57b782b,status/gates,CONFIRMATORY,Authorization transition only; no success inference.,publication_cmame_v1/04_figures/00_style/build_main_figures.py,publication_cmame_v1/04_figures/05_fig04_failed_learning_routes/fig04_failed_learning_routes.svg;publication_cmame_v1/04_figures/05_fig04_failed_learning_routes/fig04_failed_learning_routes.pdf;publication_cmame_v1/04_figures/05_fig04_failed_learning_routes/fig04_failed_learning_routes.png
Figure 4,a,Frozen static TRAIN history included without selection.,stage_02_Particle_Interaction_Operator/06_model/pair_force_pio_static_fitting_v0_1/runs/K0/seed_20261202/training_history.json,sha256:15bdd45dad7be54318f13fbd5d457c318bbe00684403b2333a06d34498474c73,rows[].update/graph_balanced_loss,NEGATIVE_CONFIRMATORY,Raw history plotted in file row order.,publication_cmame_v1/04_figures/00_style/build_main_figures.py,publication_cmame_v1/04_figures/05_fig04_failed_learning_routes/fig04_failed_learning_routes.svg;publication_cmame_v1/04_figures/05_fig04_failed_learning_routes/fig04_failed_learning_routes.pdf;publication_cmame_v1/04_figures/05_fig04_failed_learning_routes/fig04_failed_learning_routes.png
Figure 4,a,Frozen static TRAIN history included without selection.,stage_02_Particle_Interaction_Operator/06_model/pair_force_pio_static_fitting_v0_1/runs/K0/seed_20261203/training_history.json,sha256:6920f8e9f2723206957feba59177be57e18c0f537931b7e2d87187c120ba91f2,rows[].update/graph_balanced_loss,NEGATIVE_CONFIRMATORY,Raw history plotted in file row order.,publication_cmame_v1/04_figures/00_style/build_main_figures.py,publication_cmame_v1/04_figures/05_fig04_failed_learning_routes/fig04_failed_learning_routes.svg;publication_cmame_v1/04_figures/05_fig04_failed_learning_routes/fig04_failed_learning_routes.pdf;publication_cmame_v1/04_figures/05_fig04_failed_learning_routes/fig04_failed_learning_routes.png
Figure 4,a,Frozen static TRAIN history included without selection.,stage_02_Particle_Interaction_Operator/06_model/pair_force_pio_static_fitting_v0_1/runs/K1/seed_20261201/training_history.json,sha256:1ee639fbc884001b5699680487f6013293140ce33cbab11629989d73e7a0e332,rows[].update/graph_balanced_loss,NEGATIVE_CONFIRMATORY,Raw history plotted in file row order.,publication_cmame_v1/04_figures/00_style/build_main_figures.py,publication_cmame_v1/04_figures/05_fig04_failed_learning_routes/fig04_failed_learning_routes.svg;publication_cmame_v1/04_figures/05_fig04_failed_learning_routes/fig04_failed_learning_routes.pdf;publication_cmame_v1/04_figures/05_fig04_failed_learning_routes/fig04_failed_learning_routes.png
Figure 4,a,Frozen static TRAIN history included without selection.,stage_02_Particle_Interaction_Operator/06_model/pair_force_pio_static_fitting_v0_1/runs/K1/seed_20261202/training_history.json,sha256:1854cbb4d7751bac591b732be2bb4a1c4849d5e35ef0a918d0d31fdc3ea8e776,rows[].update/graph_balanced_loss,NEGATIVE_CONFIRMATORY,Raw history plotted in file row order.,publication_cmame_v1/04_figures/00_style/build_main_figures.py,publication_cmame_v1/04_figures/05_fig04_failed_learning_routes/fig04_failed_learning_routes.svg;publication_cmame_v1/04_figures/05_fig04_failed_learning_routes/fig04_failed_learning_routes.pdf;publication_cmame_v1/04_figures/05_fig04_failed_learning_routes/fig04_failed_learning_routes.png
Figure 4,a,Frozen static TRAIN history included without selection.,stage_02_Particle_Interaction_Operator/06_model/pair_force_pio_static_fitting_v0_1/runs/K1/seed_20261203/training_history.json,sha256:ab4a29cbf88942b6b365e02f69eb6e09c3f52e37d9cf2d07fd56cce6e2d0da75,rows[].update/graph_balanced_loss,NEGATIVE_CONFIRMATORY,Raw history plotted in file row order.,publication_cmame_v1/04_figures/00_style/build_main_figures.py,publication_cmame_v1/04_figures/05_fig04_failed_learning_routes/fig04_failed_learning_routes.svg;publication_cmame_v1/04_figures/05_fig04_failed_learning_routes/fig04_failed_learning_routes.pdf;publication_cmame_v1/04_figures/05_fig04_failed_learning_routes/fig04_failed_learning_routes.png
Figure 4,a,Frozen static TRAIN history included without selection.,stage_02_Particle_Interaction_Operator/06_model/pair_force_pio_static_fitting_v0_1/runs/K2/seed_20261201/training_history.json,sha256:0d4b0f626def91f8ea115d17d9fcd12f15a3e13b2fac4d121c7fd5230081cc26,rows[].update/graph_balanced_loss,NEGATIVE_CONFIRMATORY,Raw history plotted in file row order.,publication_cmame_v1/04_figures/00_style/build_main_figures.py,publication_cmame_v1/04_figures/05_fig04_failed_learning_routes/fig04_failed_learning_routes.svg;publication_cmame_v1/04_figures/05_fig04_failed_learning_routes/fig04_failed_learning_routes.pdf;publication_cmame_v1/04_figures/05_fig04_failed_learning_routes/fig04_failed_learning_routes.png
Figure 4,a,Frozen static TRAIN history included without selection.,stage_02_Particle_Interaction_Operator/06_model/pair_force_pio_static_fitting_v0_1/runs/K2/seed_20261202/training_history.json,sha256:69d86e3d9eae9b1f62dfac87b27716107a1fcf2f75240e64d5a420b73f292889,rows[].update/graph_balanced_loss,NEGATIVE_CONFIRMATORY,Raw history plotted in file row order.,publication_cmame_v1/04_figures/00_style/build_main_figures.py,publication_cmame_v1/04_figures/05_fig04_failed_learning_routes/fig04_failed_learning_routes.svg;publication_cmame_v1/04_figures/05_fig04_failed_learning_routes/fig04_failed_learning_routes.pdf;publication_cmame_v1/04_figures/05_fig04_failed_learning_routes/fig04_failed_learning_routes.png
Figure 4,a,Frozen static TRAIN history included without selection.,stage_02_Particle_Interaction_Operator/06_model/pair_force_pio_static_fitting_v0_1/runs/K2/seed_20261203/training_history.json,sha256:8f20f292b50a6332375f23b73b27d8b5219c79c914dadfc77f4fd328953ae6da,rows[].update/graph_balanced_loss,NEGATIVE_CONFIRMATORY,Raw history plotted in file row order.,publication_cmame_v1/04_figures/00_style/build_main_figures.py,publication_cmame_v1/04_figures/05_fig04_failed_learning_routes/fig04_failed_learning_routes.svg;publication_cmame_v1/04_figures/05_fig04_failed_learning_routes/fig04_failed_learning_routes.pdf;publication_cmame_v1/04_figures/05_fig04_failed_learning_routes/fig04_failed_learning_routes.png
Figure 4,a,Frozen static TRAIN history included without selection.,stage_02_Particle_Interaction_Operator/06_model/pair_force_pio_static_fitting_v0_2/runs/K0/seed_20261211/training_history.json,sha256:21d22947c4548a22257712b77a9f8715f93014883e9e9cdb6c7d5d11c05e4e66,rows[].update/graph_balanced_loss,NEGATIVE_CONFIRMATORY,Raw history plotted in file row order.,publication_cmame_v1/04_figures/00_style/build_main_figures.py,publication_cmame_v1/04_figures/05_fig04_failed_learning_routes/fig04_failed_learning_routes.svg;publication_cmame_v1/04_figures/05_fig04_failed_learning_routes/fig04_failed_learning_routes.pdf;publication_cmame_v1/04_figures/05_fig04_failed_learning_routes/fig04_failed_learning_routes.png
Figure 4,a,Frozen static TRAIN history included without selection.,stage_02_Particle_Interaction_Operator/06_model/pair_force_pio_static_fitting_v0_2/runs/K0/seed_20261212/training_history.json,sha256:d8f7cf2f67126c3804a07a46244d3b775c49fd29ac266206164a6e5db35a5b09,rows[].update/graph_balanced_loss,NEGATIVE_CONFIRMATORY,Raw history plotted in file row order.,publication_cmame_v1/04_figures/00_style/build_main_figures.py,publication_cmame_v1/04_figures/05_fig04_failed_learning_routes/fig04_failed_learning_routes.svg;publication_cmame_v1/04_figures/05_fig04_failed_learning_routes/fig04_failed_learning_routes.pdf;publication_cmame_v1/04_figures/05_fig04_failed_learning_routes/fig04_failed_learning_routes.png
Figure 4,a,Frozen static TRAIN history included without selection.,stage_02_Particle_Interaction_Operator/06_model/pair_force_pio_static_fitting_v0_2/runs/K0/seed_20261213/training_history.json,sha256:1f9ea49122468c495cef441ce125208db39fad10f35aa40b5510bc831a11a55a,rows[].update/graph_balanced_loss,NEGATIVE_CONFIRMATORY,Raw history plotted in file row order.,publication_cmame_v1/04_figures/00_style/build_main_figures.py,publication_cmame_v1/04_figures/05_fig04_failed_learning_routes/fig04_failed_learning_routes.svg;publication_cmame_v1/04_figures/05_fig04_failed_learning_routes/fig04_failed_learning_routes.pdf;publication_cmame_v1/04_figures/05_fig04_failed_learning_routes/fig04_failed_learning_routes.png
Figure 4,a,Frozen static TRAIN history included without selection.,stage_02_Particle_Interaction_Operator/06_model/pair_force_pio_static_fitting_v0_2/runs/K1/seed_20261211/training_history.json,sha256:2bb054483ba6fd06baeaa76992e0d5537d159f118a219aecf9174f99f1496403,rows[].update/graph_balanced_loss,NEGATIVE_CONFIRMATORY,Raw history plotted in file row order.,publication_cmame_v1/04_figures/00_style/build_main_figures.py,publication_cmame_v1/04_figures/05_fig04_failed_learning_routes/fig04_failed_learning_routes.svg;publication_cmame_v1/04_figures/05_fig04_failed_learning_routes/fig04_failed_learning_routes.pdf;publication_cmame_v1/04_figures/05_fig04_failed_learning_routes/fig04_failed_learning_routes.png
Figure 4,a,Frozen static TRAIN history included without selection.,stage_02_Particle_Interaction_Operator/06_model/pair_force_pio_static_fitting_v0_2/runs/K1/seed_20261212/training_history.json,sha256:f8158493786dccc73d048d1413b5c59c75c5be3db8108a47a82cfd15ed2d7745,rows[].update/graph_balanced_loss,NEGATIVE_CONFIRMATORY,Raw history plotted in file row order.,publication_cmame_v1/04_figures/00_style/build_main_figures.py,publication_cmame_v1/04_figures/05_fig04_failed_learning_routes/fig04_failed_learning_routes.svg;publication_cmame_v1/04_figures/05_fig04_failed_learning_routes/fig04_failed_learning_routes.pdf;publication_cmame_v1/04_figures/05_fig04_failed_learning_routes/fig04_failed_learning_routes.png
Figure 4,a,Frozen static TRAIN history included without selection.,stage_02_Particle_Interaction_Operator/06_model/pair_force_pio_static_fitting_v0_2/runs/K1/seed_20261213/training_history.json,sha256:793a68005cf515b7253dd48b99f5425d9e03d24fcf07d0adae88cd7e9078c571,rows[].update/graph_balanced_loss,NEGATIVE_CONFIRMATORY,Raw history plotted in file row order.,publication_cmame_v1/04_figures/00_style/build_main_figures.py,publication_cmame_v1/04_figures/05_fig04_failed_learning_routes/fig04_failed_learning_routes.svg;publication_cmame_v1/04_figures/05_fig04_failed_learning_routes/fig04_failed_learning_routes.pdf;publication_cmame_v1/04_figures/05_fig04_failed_learning_routes/fig04_failed_learning_routes.png
Figure 4,a,Frozen static TRAIN history included without selection.,stage_02_Particle_Interaction_Operator/06_model/pair_force_pio_static_fitting_v0_2/runs/K2/seed_20261211/training_history.json,sha256:8867c327312944b89113b44f8f82baae6f7ba59c541d7dff2a958459e46869a5,rows[].update/graph_balanced_loss,NEGATIVE_CONFIRMATORY,Raw history plotted in file row order.,publication_cmame_v1/04_figures/00_style/build_main_figures.py,publication_cmame_v1/04_figures/05_fig04_failed_learning_routes/fig04_failed_learning_routes.svg;publication_cmame_v1/04_figures/05_fig04_failed_learning_routes/fig04_failed_learning_routes.pdf;publication_cmame_v1/04_figures/05_fig04_failed_learning_routes/fig04_failed_learning_routes.png
Figure 4,a,Frozen static TRAIN history included without selection.,stage_02_Particle_Interaction_Operator/06_model/pair_force_pio_static_fitting_v0_2/runs/K2/seed_20261212/training_history.json,sha256:7dfb87ab251fdff1656eebeae791b8dd4e7ff3594c4ec933ad90bd4206fbf182,rows[].update/graph_balanced_loss,NEGATIVE_CONFIRMATORY,Raw history plotted in file row order.,publication_cmame_v1/04_figures/00_style/build_main_figures.py,publication_cmame_v1/04_figures/05_fig04_failed_learning_routes/fig04_failed_learning_routes.svg;publication_cmame_v1/04_figures/05_fig04_failed_learning_routes/fig04_failed_learning_routes.pdf;publication_cmame_v1/04_figures/05_fig04_failed_learning_routes/fig04_failed_learning_routes.png
Figure 4,a,Frozen static TRAIN history included without selection.,stage_02_Particle_Interaction_Operator/06_model/pair_force_pio_static_fitting_v0_2/runs/K2/seed_20261213/training_history.json,sha256:18fa633d6eec68432f9883be44b8ec0198d0fc54e18b3e6f501454dc20c390ad,rows[].update/graph_balanced_loss,NEGATIVE_CONFIRMATORY,Raw history plotted in file row order.,publication_cmame_v1/04_figures/00_style/build_main_figures.py,publication_cmame_v1/04_figures/05_fig04_failed_learning_routes/fig04_failed_learning_routes.svg;publication_cmame_v1/04_figures/05_fig04_failed_learning_routes/fig04_failed_learning_routes.pdf;publication_cmame_v1/04_figures/05_fig04_failed_learning_routes/fig04_failed_learning_routes.png
Figure 5,"a,b",The velocity defect is defined at one frozen origin and accepted step.,stage_05_Scale_Aware_Discrete_Defect_Training/01_defect_target_qualification/stage05b/target_records/LCDF_01_VARIANT_LOW_N8_O00.json,sha256:8e482e24fb40340093a7f6f5edb6b1487232dfa1a5bae57977947cea106b32cb,dt/source identities/reference and D0 hashes,CONFIRMATORY,Panel a is schematic; panel b multiplies frozen a_def by frozen dt as an explicitly declared deterministic display transform.,publication_cmame_v1/04_figures/00_style/build_main_figures.py,publication_cmame_v1/04_figures/06_fig05_discrete_defect/fig05_discrete_defect.svg;publication_cmame_v1/04_figures/06_fig05_discrete_defect/fig05_discrete_defect.pdf;publication_cmame_v1/04_figures/06_fig05_discrete_defect/fig05_discrete_defect.png
Figure 5,"b,c",The frozen defect decomposes into conservative and incompatible components.,stage_05_Scale_Aware_Discrete_Defect_Training/01_defect_target_qualification/stage05b/target_records/LCDF_01_VARIANT_LOW_N8_O00.npz,sha256:5ce1c3f62f672a1954ed158d60ffce1b5b5c007cd3ca00830fa0a3f002f431e8,a_def/a_cons/a_incompatible,CONFIRMATORY,Frozen arrays flattened in stored row-major order; Δv=dt·a_def.,publication_cmame_v1/04_figures/00_style/build_main_figures.py,publication_cmame_v1/04_figures/06_fig05_discrete_defect/fig05_discrete_defect.svg;publication_cmame_v1/04_figures/06_fig05_discrete_defect/fig05_discrete_defect.pdf;publication_cmame_v1/04_figures/06_fig05_discrete_defect/fig05_discrete_defect.png
Figure 5,"d,g,h",The registered target signal exceeds frozen uncertainty and preserves the zero identity.,stage_05_Scale_Aware_Discrete_Defect_Training/01_defect_target_qualification/stage05b/scale_calculation/stage05b_scale.json,sha256:a7f27b033d91ac063fc4d3e88e6bcb305fb26b077c6f5e8bbc10d3859f5e6418,s_a/u_a/s_a_over_u_a/lineage_scale/zero_baseline_*,CONFIRMATORY,Direct frozen scalars and lineage values; log axis.,publication_cmame_v1/04_figures/00_style/build_main_figures.py,publication_cmame_v1/04_figures/06_fig05_discrete_defect/fig05_discrete_defect.svg;publication_cmame_v1/04_figures/06_fig05_discrete_defect/fig05_discrete_defect.pdf;publication_cmame_v1/04_figures/06_fig05_discrete_defect/fig05_discrete_defect.png
Figure 5,e,The incompatible fraction is recorded across all 384 origins.,stage_05_Scale_Aware_Discrete_Defect_Training/01_defect_target_qualification/stage05b/results/formal_origin_results.json,sha256:fbe5997a10b38e3a47dfbf69c06b39904055108bb130107252d25a7b66da0005,rows[].incompatible_fraction,CONFIRMATORY,Deterministic fixed-bin histogram; no row exclusion.,publication_cmame_v1/04_figures/00_style/build_main_figures.py,publication_cmame_v1/04_figures/06_fig05_discrete_defect/fig05_discrete_defect.svg;publication_cmame_v1/04_figures/06_fig05_discrete_defect/fig05_discrete_defect.pdf;publication_cmame_v1/04_figures/06_fig05_discrete_defect/fig05_discrete_defect.png
Figure 5,f,Both bounded and unbounded pair-basis representability gates passed.,stage_05_Scale_Aware_Discrete_Defect_Training/01_defect_target_qualification/stage05b/pair_basis_representability/unbounded_representability.json,sha256:25b693af7d5d704216f3357b455e3e399ea60bb90f2ed9ee6586a6c19129e9e1,family_balanced_mean/percentile95/pass,CONFIRMATORY,Direct frozen summary scalars.,publication_cmame_v1/04_figures/00_style/build_main_figures.py,publication_cmame_v1/04_figures/06_fig05_discrete_defect/fig05_discrete_defect.svg;publication_cmame_v1/04_figures/06_fig05_discrete_defect/fig05_discrete_defect.pdf;publication_cmame_v1/04_figures/06_fig05_discrete_defect/fig05_discrete_defect.png
Figure 5,f,Bounded head feasibility passed at the registered bound.,stage_05_Scale_Aware_Discrete_Defect_Training/01_defect_target_qualification/stage05b/bounded_head_feasibility/bounded_feasibility.json,sha256:888946d0af24ff3e46f9c45da6701208dcb9ee1781925736b34079826b4a6b41,family_balanced_mean/percentile95/physical_head_bound/pass,CONFIRMATORY,Direct frozen summary scalars.,publication_cmame_v1/04_figures/00_style/build_main_figures.py,publication_cmame_v1/04_figures/06_fig05_discrete_defect/fig05_discrete_defect.svg;publication_cmame_v1/04_figures/06_fig05_discrete_defect/fig05_discrete_defect.pdf;publication_cmame_v1/04_figures/06_fig05_discrete_defect/fig05_discrete_defect.png
Figure 5,h,The conservative decomposition retains the zero-force identity.,stage_05_Scale_Aware_Discrete_Defect_Training/01_defect_target_qualification/stage05b/conservative_decomposition/conservative_compatibility.json,sha256:a9fa14289aac40a4e909c078b32221bc710b205b921fcabeba4745157109b1f4,compatibility.zero_force_max/gates,CONFIRMATORY,Direct frozen scalar.,publication_cmame_v1/04_figures/00_style/build_main_figures.py,publication_cmame_v1/04_figures/06_fig05_discrete_defect/fig05_discrete_defect.svg;publication_cmame_v1/04_figures/06_fig05_discrete_defect/fig05_discrete_defect.pdf;publication_cmame_v1/04_figures/06_fig05_discrete_defect/fig05_discrete_defect.png
Figure 5,g,The prospectively requalified v2 scale differs from v1.,stage_07_Heterogeneous_Development_Pool/02_defect_scale_requalification/stage07b/distribution_shift/scale_distribution_shift.json,sha256:fed997568e42041c686391295ad7ab05b181528b534ed37d06f923916686d236,s_a_v1/s_a_v2/lineage_RMS,DIAGNOSTIC_ONLY,v1 lineage values plus frozen global v1/v2 reference lines; no cross-stage performance inference.,publication_cmame_v1/04_figures/00_style/build_main_figures.py,publication_cmame_v1/04_figures/06_fig05_discrete_defect/fig05_discrete_defect.svg;publication_cmame_v1/04_figures/06_fig05_discrete_defect/fig05_discrete_defect.pdf;publication_cmame_v1/04_figures/06_fig05_discrete_defect/fig05_discrete_defect.png
Figure 5,h,Target qualification is distinct from training and target-truth claims.,stage_05_Scale_Aware_Discrete_Defect_Training/01_defect_target_qualification/stage05b/qualification/stage05b_qualification_summary.json,sha256:04e05c230e3ca8e3aee53836942370d14c90f9eddd5664afafbc46cbf57b782b,status/formal_origin_count/gates,NEGATIVE_CONFIRMATORY,Unlabelled scope card adjoining panel h.,publication_cmame_v1/04_figures/00_style/build_main_figures.py,publication_cmame_v1/04_figures/06_fig05_discrete_defect/fig05_discrete_defect.svg;publication_cmame_v1/04_figures/06_fig05_discrete_defect/fig05_discrete_defect.pdf;publication_cmame_v1/04_figures/06_fig05_discrete_defect/fig05_discrete_defect.png
Figure 6,a,Full-gradient activity was present in the registered scope.,stage_05_Scale_Aware_Discrete_Defect_Training/02_optimizer_gradient_qualification/stage05c/full_gradient/full_gradient_evidence.json,sha256:0616dfcd279210fabb6808b0788ad17a75cd2d44c8436ec0bbde4a00f7862565,active_rows/finite_rows/group_lineage_seed_pass_count,CONFIRMATORY,Direct frozen counts.,publication_cmame_v1/04_figures/00_style/build_main_figures.py,publication_cmame_v1/04_figures/07_fig06_optimizer_qualification/fig06_optimizer_qualification.svg;publication_cmame_v1/04_figures/07_fig06_optimizer_qualification/fig06_optimizer_qualification.pdf;publication_cmame_v1/04_figures/07_fig06_optimizer_qualification/fig06_optimizer_qualification.png
Figure 6,b,Reverse/JVP identity passed all registered probes.,stage_05_Scale_Aware_Discrete_Defect_Training/02_optimizer_gradient_qualification/stage05c/reverse_jvp/reverse_jvp_evidence.json,sha256:59c53e1dac50c111a5afd26932f0197fcafe9159f4c6289226b65cf60b6b482e,pass_count/required_probe_count,CONFIRMATORY,Direct frozen counts.,publication_cmame_v1/04_figures/00_style/build_main_figures.py,publication_cmame_v1/04_figures/07_fig06_optimizer_qualification/fig06_optimizer_qualification.svg;publication_cmame_v1/04_figures/07_fig06_optimizer_qualification/fig06_optimizer_qualification.pdf;publication_cmame_v1/04_figures/07_fig06_optimizer_qualification/fig06_optimizer_qualification.png
Figure 6,"c,h",Coordinate/block FD coverage retained documented misses.,stage_05_Scale_Aware_Discrete_Defect_Training/02_optimizer_gradient_qualification/stage05c/coordinate_fd/coordinate_and_block_fd_evidence.json,sha256:4e97c2cd0089c45a0ec463bbf71e449572352aa05fa34433ea49aa8d27180020,stable_probe_count/required_probe_count/failed_probes,NEGATIVE_CONFIRMATORY,Direct frozen counts; misses not repaired or dropped.,publication_cmame_v1/04_figures/00_style/build_main_figures.py,publication_cmame_v1/04_figures/07_fig06_optimizer_qualification/fig06_optimizer_qualification.svg;publication_cmame_v1/04_figures/07_fig06_optimizer_qualification/fig06_optimizer_qualification.pdf;publication_cmame_v1/04_figures/07_fig06_optimizer_qualification/fig06_optimizer_qualification.png
Figure 6,"c,h",Prospective blind coordinate/block coverage also retained misses.,stage_05_Scale_Aware_Discrete_Defect_Training/02_optimizer_gradient_qualification/stage05cq/coordinate_block_sampling/coordinate_block_evidence.json,sha256:0b0f7ee41d1027bc062d32f6851c1fc4fc77872db164b046c4cc4c42c5686b8f,pass_or_consistent_count/required_probe_count/failures,NEGATIVE_CONFIRMATORY,Direct frozen counts.,publication_cmame_v1/04_figures/00_style/build_main_figures.py,publication_cmame_v1/04_figures/07_fig06_optimizer_qualification/fig06_optimizer_qualification.svg;publication_cmame_v1/04_figures/07_fig06_optimizer_qualification/fig06_optimizer_qualification.pdf;publication_cmame_v1/04_figures/07_fig06_optimizer_qualification/fig06_optimizer_qualification.png
Figure 6,"d,h",Optimizer-path directional FD passed all 216 registered paths.,stage_05_Scale_Aware_Discrete_Defect_Training/02_optimizer_gradient_qualification/stage05cq/optimizer_path_fd/optimizer_path_fd_evidence.json,sha256:5f2da59b50a0a24d740c4056c6f97db8a4a2487417113adcd59672966bb4b06d,path_pass_rows/reverse_jvp_pass_rows/fd_stable_rows,CONFIRMATORY,Direct frozen counts.,publication_cmame_v1/04_figures/00_style/build_main_figures.py,publication_cmame_v1/04_figures/07_fig06_optimizer_qualification/fig06_optimizer_qualification.svg;publication_cmame_v1/04_figures/07_fig06_optimizer_qualification/fig06_optimizer_qualification.pdf;publication_cmame_v1/04_figures/07_fig06_optimizer_qualification/fig06_optimizer_qualification.png
Figure 6,e,Registered descent radii restored parameters with no writeback.,stage_05_Scale_Aware_Discrete_Defect_Training/02_optimizer_gradient_qualification/stage05c/local_descent/local_descent_evidence.json,sha256:88991ee7a7267a2a0cdaf18e0f96eaa5db80b1e2569a76cf419e7d55622576c1,lineage_window_count/global_window_count/all_radii_restored/writeback,CONFIRMATORY,Direct frozen counts and boolean boundary.,publication_cmame_v1/04_figures/00_style/build_main_figures.py,publication_cmame_v1/04_figures/07_fig06_optimizer_qualification/fig06_optimizer_qualification.svg;publication_cmame_v1/04_figures/07_fig06_optimizer_qualification/fig06_optimizer_qualification.pdf;publication_cmame_v1/04_figures/07_fig06_optimizer_qualification/fig06_optimizer_qualification.png
Figure 6,h,Actual AdamW update dynamics qualified without implying training success.,stage_06_Optimizer_Update_Dynamics_Training/01_update_map_qualification/qualification/stage06a_qualification_summary.json,sha256:3546acac98d059b199c4c4bde8af87ac9078f90490922d8045597e6d6246fad1,gates/terminal_status/counts,CONFIRMATORY,Frozen status cards; adjoining scope card has no new panel label.,publication_cmame_v1/04_figures/00_style/build_main_figures.py,publication_cmame_v1/04_figures/07_fig06_optimizer_qualification/fig06_optimizer_qualification.svg;publication_cmame_v1/04_figures/07_fig06_optimizer_qualification/fig06_optimizer_qualification.pdf;publication_cmame_v1/04_figures/07_fig06_optimizer_qualification/fig06_optimizer_qualification.png
Figure 6,"f,g",Frozen actual AdamW one-step and micro-update paths are displayed.,stage_06_Optimizer_Update_Dynamics_Training/01_update_map_qualification/results/d1/D1_20600601_GLOBAL.json,sha256:cbd16f15e07fe15fcad8791dfc0094ae31aa0820bc9560a21be0ff4b85ad45d4,one_step_learning_rates[].learning_rate/Delta_L; micro_updates[].horizon*.loss_sequence,CONFIRMATORY,All stored learning-rate rows and 2/4-step sequences plotted without fitting.,publication_cmame_v1/04_figures/00_style/build_main_figures.py,publication_cmame_v1/04_figures/07_fig06_optimizer_qualification/fig06_optimizer_qualification.svg;publication_cmame_v1/04_figures/07_fig06_optimizer_qualification/fig06_optimizer_qualification.pdf;publication_cmame_v1/04_figures/07_fig06_optimizer_qualification/fig06_optimizer_qualification.png
Figure 6,"f,g",Frozen actual AdamW one-step and micro-update paths are displayed.,stage_06_Optimizer_Update_Dynamics_Training/01_update_map_qualification/results/d1/D1_20600602_GLOBAL.json,sha256:a978f14fff80227fcb6671a53d15d8b6bf32ee5e23796d958c895ec869137edf,one_step_learning_rates[].learning_rate/Delta_L; micro_updates[].horizon*.loss_sequence,CONFIRMATORY,All stored learning-rate rows and 2/4-step sequences plotted without fitting.,publication_cmame_v1/04_figures/00_style/build_main_figures.py,publication_cmame_v1/04_figures/07_fig06_optimizer_qualification/fig06_optimizer_qualification.svg;publication_cmame_v1/04_figures/07_fig06_optimizer_qualification/fig06_optimizer_qualification.pdf;publication_cmame_v1/04_figures/07_fig06_optimizer_qualification/fig06_optimizer_qualification.png
Figure 6,"f,g",Frozen actual AdamW one-step and micro-update paths are displayed.,stage_06_Optimizer_Update_Dynamics_Training/01_update_map_qualification/results/d1/D1_20600603_GLOBAL.json,sha256:5cd93bde6e9913c8eb1c72b36755fb79ff4108779863a1fa8b20158f76311635,one_step_learning_rates[].learning_rate/Delta_L; micro_updates[].horizon*.loss_sequence,CONFIRMATORY,All stored learning-rate rows and 2/4-step sequences plotted without fitting.,publication_cmame_v1/04_figures/00_style/build_main_figures.py,publication_cmame_v1/04_figures/07_fig06_optimizer_qualification/fig06_optimizer_qualification.svg;publication_cmame_v1/04_figures/07_fig06_optimizer_qualification/fig06_optimizer_qualification.pdf;publication_cmame_v1/04_figures/07_fig06_optimizer_qualification/fig06_optimizer_qualification.png
Figure 6,"f,g",Frozen actual AdamW one-step and micro-update paths are displayed.,stage_06_Optimizer_Update_Dynamics_Training/01_update_map_qualification/results/d2/D2_20600601_GLOBAL.json,sha256:93810cfa8f9398f7d722361da3967375a0e70ca48f939a8d16b53fcb56fda501,one_step_learning_rates[].learning_rate/Delta_L; micro_updates[].horizon*.loss_sequence,CONFIRMATORY,All stored learning-rate rows and 2/4-step sequences plotted without fitting.,publication_cmame_v1/04_figures/00_style/build_main_figures.py,publication_cmame_v1/04_figures/07_fig06_optimizer_qualification/fig06_optimizer_qualification.svg;publication_cmame_v1/04_figures/07_fig06_optimizer_qualification/fig06_optimizer_qualification.pdf;publication_cmame_v1/04_figures/07_fig06_optimizer_qualification/fig06_optimizer_qualification.png
Figure 6,"f,g",Frozen actual AdamW one-step and micro-update paths are displayed.,stage_06_Optimizer_Update_Dynamics_Training/01_update_map_qualification/results/d2/D2_20600602_GLOBAL.json,sha256:dedfb1935f0b2dec626596a9167cae50fc51171f56539785b3086d2c7ac0ff61,one_step_learning_rates[].learning_rate/Delta_L; micro_updates[].horizon*.loss_sequence,CONFIRMATORY,All stored learning-rate rows and 2/4-step sequences plotted without fitting.,publication_cmame_v1/04_figures/00_style/build_main_figures.py,publication_cmame_v1/04_figures/07_fig06_optimizer_qualification/fig06_optimizer_qualification.svg;publication_cmame_v1/04_figures/07_fig06_optimizer_qualification/fig06_optimizer_qualification.pdf;publication_cmame_v1/04_figures/07_fig06_optimizer_qualification/fig06_optimizer_qualification.png
Figure 6,"f,g",Frozen actual AdamW one-step and micro-update paths are displayed.,stage_06_Optimizer_Update_Dynamics_Training/01_update_map_qualification/results/d2/D2_20600603_GLOBAL.json,sha256:5aa07d0f4855033871b5ba654311a676f91eba62b44a35db81a20592bd3561bc,one_step_learning_rates[].learning_rate/Delta_L; micro_updates[].horizon*.loss_sequence,CONFIRMATORY,All stored learning-rate rows and 2/4-step sequences plotted without fitting.,publication_cmame_v1/04_figures/00_style/build_main_figures.py,publication_cmame_v1/04_figures/07_fig06_optimizer_qualification/fig06_optimizer_qualification.svg;publication_cmame_v1/04_figures/07_fig06_optimizer_qualification/fig06_optimizer_qualification.pdf;publication_cmame_v1/04_figures/07_fig06_optimizer_qualification/fig06_optimizer_qualification.png
Figure 6,"f,g",Frozen actual AdamW one-step and micro-update paths are displayed.,stage_06_Optimizer_Update_Dynamics_Training/01_update_map_qualification/results/d3/D3_20600601_GLOBAL.json,sha256:c2e1963c8a3b45866db229ef109ad1884e1759c1936737236c7eae1bb37438f0,one_step_learning_rates[].learning_rate/Delta_L; micro_updates[].horizon*.loss_sequence,CONFIRMATORY,All stored learning-rate rows and 2/4-step sequences plotted without fitting.,publication_cmame_v1/04_figures/00_style/build_main_figures.py,publication_cmame_v1/04_figures/07_fig06_optimizer_qualification/fig06_optimizer_qualification.svg;publication_cmame_v1/04_figures/07_fig06_optimizer_qualification/fig06_optimizer_qualification.pdf;publication_cmame_v1/04_figures/07_fig06_optimizer_qualification/fig06_optimizer_qualification.png
Figure 6,"f,g",Frozen actual AdamW one-step and micro-update paths are displayed.,stage_06_Optimizer_Update_Dynamics_Training/01_update_map_qualification/results/d3/D3_20600602_GLOBAL.json,sha256:72ab319027eeb0f51a7fba7373634cfec8e417f0a6d02a82ae898be1288a7296,one_step_learning_rates[].learning_rate/Delta_L; micro_updates[].horizon*.loss_sequence,CONFIRMATORY,All stored learning-rate rows and 2/4-step sequences plotted without fitting.,publication_cmame_v1/04_figures/00_style/build_main_figures.py,publication_cmame_v1/04_figures/07_fig06_optimizer_qualification/fig06_optimizer_qualification.svg;publication_cmame_v1/04_figures/07_fig06_optimizer_qualification/fig06_optimizer_qualification.pdf;publication_cmame_v1/04_figures/07_fig06_optimizer_qualification/fig06_optimizer_qualification.png
Figure 6,"f,g",Frozen actual AdamW one-step and micro-update paths are displayed.,stage_06_Optimizer_Update_Dynamics_Training/01_update_map_qualification/results/d3/D3_20600603_GLOBAL.json,sha256:8ae7423055422bd74138edebb3834dfa1092ad9ba25d3e1bfcbd47b1956952f5,one_step_learning_rates[].learning_rate/Delta_L; micro_updates[].horizon*.loss_sequence,CONFIRMATORY,All stored learning-rate rows and 2/4-step sequences plotted without fitting.,publication_cmame_v1/04_figures/00_style/build_main_figures.py,publication_cmame_v1/04_figures/07_fig06_optimizer_qualification/fig06_optimizer_qualification.svg;publication_cmame_v1/04_figures/07_fig06_optimizer_qualification/fig06_optimizer_qualification.pdf;publication_cmame_v1/04_figures/07_fig06_optimizer_qualification/fig06_optimizer_qualification.png
Figure 7,"a--f,h",Every frozen TRAIN trajectory is included.,stage_06_Optimizer_Update_Dynamics_Training/03_formal_training/stage06c/training_histories/D1_seed20600611.jsonl,sha256:c33445675d0152d31a6985c6b6ae70953f4e1edcb35246e9757356211b098abe,update/Q_def/L_def,NEGATIVE_CONFIRMATORY,Raw rows in stored order; no seed or run omitted.,publication_cmame_v1/04_figures/00_style/build_main_figures.py,publication_cmame_v1/04_figures/08_fig07_formal_training_v1/fig07_formal_training_v1.svg;publication_cmame_v1/04_figures/08_fig07_formal_training_v1/fig07_formal_training_v1.pdf;publication_cmame_v1/04_figures/08_fig07_formal_training_v1/fig07_formal_training_v1.png
Figure 7,"a--f,h",Every frozen scheduled validation evaluation is included.,stage_06_Optimizer_Update_Dynamics_Training/03_formal_training/stage06c/validation_histories/D1_seed20600611.jsonl,sha256:6c1714a66864a78915b43b184e89e3f54bd8b2b225dd440354708eabb7791b96,update/TRAIN.global_balanced_Q_def/VALIDATION.global_balanced_Q_def/per_lineage_Q_def,NEGATIVE_CONFIRMATORY,Raw rows in stored order; no seed or run omitted.,publication_cmame_v1/04_figures/00_style/build_main_figures.py,publication_cmame_v1/04_figures/08_fig07_formal_training_v1/fig07_formal_training_v1.svg;publication_cmame_v1/04_figures/08_fig07_formal_training_v1/fig07_formal_training_v1.pdf;publication_cmame_v1/04_figures/08_fig07_formal_training_v1/fig07_formal_training_v1.png
Figure 7,"a--f,h",Every frozen terminal run and selected checkpoint is included.,stage_06_Optimizer_Update_Dynamics_Training/03_formal_training/stage06c/runs/D1_seed20600611/run_summary.json,sha256:12b6641eb87346f6c3d2bea026d2c7a276f5f2f6f9b9a85fac67348152040aa7,selected_update/selected_metrics/seed_pass/terminal_reason,NEGATIVE_CONFIRMATORY,Raw rows in stored order; no seed or run omitted.,publication_cmame_v1/04_figures/00_style/build_main_figures.py,publication_cmame_v1/04_figures/08_fig07_formal_training_v1/fig07_formal_training_v1.svg;publication_cmame_v1/04_figures/08_fig07_formal_training_v1/fig07_formal_training_v1.pdf;publication_cmame_v1/04_figures/08_fig07_formal_training_v1/fig07_formal_training_v1.png
Figure 7,"a--f,h",Every frozen TRAIN trajectory is included.,stage_06_Optimizer_Update_Dynamics_Training/03_formal_training/stage06c/training_histories/D1_seed20600612.jsonl,sha256:325122faadb4c805efa6b3b2170be9cb308b44a0b9982f93d2a3ae9eb66a7510,update/Q_def/L_def,NEGATIVE_CONFIRMATORY,Raw rows in stored order; no seed or run omitted.,publication_cmame_v1/04_figures/00_style/build_main_figures.py,publication_cmame_v1/04_figures/08_fig07_formal_training_v1/fig07_formal_training_v1.svg;publication_cmame_v1/04_figures/08_fig07_formal_training_v1/fig07_formal_training_v1.pdf;publication_cmame_v1/04_figures/08_fig07_formal_training_v1/fig07_formal_training_v1.png
Figure 7,"a--f,h",Every frozen scheduled validation evaluation is included.,stage_06_Optimizer_Update_Dynamics_Training/03_formal_training/stage06c/validation_histories/D1_seed20600612.jsonl,sha256:2574fd7ce2242168de32ae032ccc47621f5c4d9149988f51379c0dba085aeb2e,update/TRAIN.global_balanced_Q_def/VALIDATION.global_balanced_Q_def/per_lineage_Q_def,NEGATIVE_CONFIRMATORY,Raw rows in stored order; no seed or run omitted.,publication_cmame_v1/04_figures/00_style/build_main_figures.py,publication_cmame_v1/04_figures/08_fig07_formal_training_v1/fig07_formal_training_v1.svg;publication_cmame_v1/04_figures/08_fig07_formal_training_v1/fig07_formal_training_v1.pdf;publication_cmame_v1/04_figures/08_fig07_formal_training_v1/fig07_formal_training_v1.png
Figure 7,"a--f,h",Every frozen terminal run and selected checkpoint is included.,stage_06_Optimizer_Update_Dynamics_Training/03_formal_training/stage06c/runs/D1_seed20600612/run_summary.json,sha256:9448043371c91e0823a0791136f2bf1a4888dff3530f5580171975dd6790aaf3,selected_update/selected_metrics/seed_pass/terminal_reason,NEGATIVE_CONFIRMATORY,Raw rows in stored order; no seed or run omitted.,publication_cmame_v1/04_figures/00_style/build_main_figures.py,publication_cmame_v1/04_figures/08_fig07_formal_training_v1/fig07_formal_training_v1.svg;publication_cmame_v1/04_figures/08_fig07_formal_training_v1/fig07_formal_training_v1.pdf;publication_cmame_v1/04_figures/08_fig07_formal_training_v1/fig07_formal_training_v1.png
Figure 7,"a--f,h",Every frozen TRAIN trajectory is included.,stage_06_Optimizer_Update_Dynamics_Training/03_formal_training/stage06c/training_histories/D1_seed20600613.jsonl,sha256:e9c9bebb4b3191afc29f5bde09fb7eddbc51aecdf1ca5872fc4d32001f85caf5,update/Q_def/L_def,NEGATIVE_CONFIRMATORY,Raw rows in stored order; no seed or run omitted.,publication_cmame_v1/04_figures/00_style/build_main_figures.py,publication_cmame_v1/04_figures/08_fig07_formal_training_v1/fig07_formal_training_v1.svg;publication_cmame_v1/04_figures/08_fig07_formal_training_v1/fig07_formal_training_v1.pdf;publication_cmame_v1/04_figures/08_fig07_formal_training_v1/fig07_formal_training_v1.png
Figure 7,"a--f,h",Every frozen scheduled validation evaluation is included.,stage_06_Optimizer_Update_Dynamics_Training/03_formal_training/stage06c/validation_histories/D1_seed20600613.jsonl,sha256:263775fae764a8cb5a66d4db106a41f322d8029a4ca8ada666bedf312aedc12d,update/TRAIN.global_balanced_Q_def/VALIDATION.global_balanced_Q_def/per_lineage_Q_def,NEGATIVE_CONFIRMATORY,Raw rows in stored order; no seed or run omitted.,publication_cmame_v1/04_figures/00_style/build_main_figures.py,publication_cmame_v1/04_figures/08_fig07_formal_training_v1/fig07_formal_training_v1.svg;publication_cmame_v1/04_figures/08_fig07_formal_training_v1/fig07_formal_training_v1.pdf;publication_cmame_v1/04_figures/08_fig07_formal_training_v1/fig07_formal_training_v1.png
Figure 7,"a--f,h",Every frozen terminal run and selected checkpoint is included.,stage_06_Optimizer_Update_Dynamics_Training/03_formal_training/stage06c/runs/D1_seed20600613/run_summary.json,sha256:545f1aff109d68d3a1fb826be58c990ee8bf8d36776c4df07fd7b4e41b1e514f,selected_update/selected_metrics/seed_pass/terminal_reason,NEGATIVE_CONFIRMATORY,Raw rows in stored order; no seed or run omitted.,publication_cmame_v1/04_figures/00_style/build_main_figures.py,publication_cmame_v1/04_figures/08_fig07_formal_training_v1/fig07_formal_training_v1.svg;publication_cmame_v1/04_figures/08_fig07_formal_training_v1/fig07_formal_training_v1.pdf;publication_cmame_v1/04_figures/08_fig07_formal_training_v1/fig07_formal_training_v1.png
Figure 7,"a--f,h",Every frozen TRAIN trajectory is included.,stage_06_Optimizer_Update_Dynamics_Training/03_formal_training/stage06c/training_histories/D2_seed20600611.jsonl,sha256:ba994ab39670c3ded975f758794b557bf32a2c8b5d54eee8aead102a5789b9e7,update/Q_def/L_def,NEGATIVE_CONFIRMATORY,Raw rows in stored order; no seed or run omitted.,publication_cmame_v1/04_figures/00_style/build_main_figures.py,publication_cmame_v1/04_figures/08_fig07_formal_training_v1/fig07_formal_training_v1.svg;publication_cmame_v1/04_figures/08_fig07_formal_training_v1/fig07_formal_training_v1.pdf;publication_cmame_v1/04_figures/08_fig07_formal_training_v1/fig07_formal_training_v1.png
Figure 7,"a--f,h",Every frozen scheduled validation evaluation is included.,stage_06_Optimizer_Update_Dynamics_Training/03_formal_training/stage06c/validation_histories/D2_seed20600611.jsonl,sha256:e500d386298f85b62c606af09ca2e3f63aa9995c9b768c55524cae503d610b3d,update/TRAIN.global_balanced_Q_def/VALIDATION.global_balanced_Q_def/per_lineage_Q_def,NEGATIVE_CONFIRMATORY,Raw rows in stored order; no seed or run omitted.,publication_cmame_v1/04_figures/00_style/build_main_figures.py,publication_cmame_v1/04_figures/08_fig07_formal_training_v1/fig07_formal_training_v1.svg;publication_cmame_v1/04_figures/08_fig07_formal_training_v1/fig07_formal_training_v1.pdf;publication_cmame_v1/04_figures/08_fig07_formal_training_v1/fig07_formal_training_v1.png
Figure 7,"a--f,h",Every frozen terminal run and selected checkpoint is included.,stage_06_Optimizer_Update_Dynamics_Training/03_formal_training/stage06c/runs/D2_seed20600611/run_summary.json,sha256:c6a39fbc52bd5a9d50ae67c6345358cbcf871992b43bba00b500421536c41e24,selected_update/selected_metrics/seed_pass/terminal_reason,NEGATIVE_CONFIRMATORY,Raw rows in stored order; no seed or run omitted.,publication_cmame_v1/04_figures/00_style/build_main_figures.py,publication_cmame_v1/04_figures/08_fig07_formal_training_v1/fig07_formal_training_v1.svg;publication_cmame_v1/04_figures/08_fig07_formal_training_v1/fig07_formal_training_v1.pdf;publication_cmame_v1/04_figures/08_fig07_formal_training_v1/fig07_formal_training_v1.png
Figure 7,"a--f,h",Every frozen TRAIN trajectory is included.,stage_06_Optimizer_Update_Dynamics_Training/03_formal_training/stage06c/training_histories/D2_seed20600612.jsonl,sha256:ecf3743aa46b2a200d249c05a78d4a13d4d4e36d701668cbf3a024cebf4a82ed,update/Q_def/L_def,NEGATIVE_CONFIRMATORY,Raw rows in stored order; no seed or run omitted.,publication_cmame_v1/04_figures/00_style/build_main_figures.py,publication_cmame_v1/04_figures/08_fig07_formal_training_v1/fig07_formal_training_v1.svg;publication_cmame_v1/04_figures/08_fig07_formal_training_v1/fig07_formal_training_v1.pdf;publication_cmame_v1/04_figures/08_fig07_formal_training_v1/fig07_formal_training_v1.png
Figure 7,"a--f,h",Every frozen scheduled validation evaluation is included.,stage_06_Optimizer_Update_Dynamics_Training/03_formal_training/stage06c/validation_histories/D2_seed20600612.jsonl,sha256:20b002e60d6373e61c20a9964381606985778ca4ea353487faec8baef78c4039,update/TRAIN.global_balanced_Q_def/VALIDATION.global_balanced_Q_def/per_lineage_Q_def,NEGATIVE_CONFIRMATORY,Raw rows in stored order; no seed or run omitted.,publication_cmame_v1/04_figures/00_style/build_main_figures.py,publication_cmame_v1/04_figures/08_fig07_formal_training_v1/fig07_formal_training_v1.svg;publication_cmame_v1/04_figures/08_fig07_formal_training_v1/fig07_formal_training_v1.pdf;publication_cmame_v1/04_figures/08_fig07_formal_training_v1/fig07_formal_training_v1.png
Figure 7,"a--f,h",Every frozen terminal run and selected checkpoint is included.,stage_06_Optimizer_Update_Dynamics_Training/03_formal_training/stage06c/runs/D2_seed20600612/run_summary.json,sha256:96e252ecb06fc12f098413143c6b8fb9e26e8b3c40a74c8ed41b1a631a5ea167,selected_update/selected_metrics/seed_pass/terminal_reason,NEGATIVE_CONFIRMATORY,Raw rows in stored order; no seed or run omitted.,publication_cmame_v1/04_figures/00_style/build_main_figures.py,publication_cmame_v1/04_figures/08_fig07_formal_training_v1/fig07_formal_training_v1.svg;publication_cmame_v1/04_figures/08_fig07_formal_training_v1/fig07_formal_training_v1.pdf;publication_cmame_v1/04_figures/08_fig07_formal_training_v1/fig07_formal_training_v1.png
Figure 7,"a--f,h",Every frozen TRAIN trajectory is included.,stage_06_Optimizer_Update_Dynamics_Training/03_formal_training/stage06c/training_histories/D2_seed20600613.jsonl,sha256:8a6603a12c1c446bc3d02df2694cd67eceb685904da368607c018716827bbe61,update/Q_def/L_def,NEGATIVE_CONFIRMATORY,Raw rows in stored order; no seed or run omitted.,publication_cmame_v1/04_figures/00_style/build_main_figures.py,publication_cmame_v1/04_figures/08_fig07_formal_training_v1/fig07_formal_training_v1.svg;publication_cmame_v1/04_figures/08_fig07_formal_training_v1/fig07_formal_training_v1.pdf;publication_cmame_v1/04_figures/08_fig07_formal_training_v1/fig07_formal_training_v1.png
Figure 7,"a--f,h",Every frozen scheduled validation evaluation is included.,stage_06_Optimizer_Update_Dynamics_Training/03_formal_training/stage06c/validation_histories/D2_seed20600613.jsonl,sha256:e428d43a788822a332b0b652557099e1fbb9dfef4ee6bc0545135226634db341,update/TRAIN.global_balanced_Q_def/VALIDATION.global_balanced_Q_def/per_lineage_Q_def,NEGATIVE_CONFIRMATORY,Raw rows in stored order; no seed or run omitted.,publication_cmame_v1/04_figures/00_style/build_main_figures.py,publication_cmame_v1/04_figures/08_fig07_formal_training_v1/fig07_formal_training_v1.svg;publication_cmame_v1/04_figures/08_fig07_formal_training_v1/fig07_formal_training_v1.pdf;publication_cmame_v1/04_figures/08_fig07_formal_training_v1/fig07_formal_training_v1.png
Figure 7,"a--f,h",Every frozen terminal run and selected checkpoint is included.,stage_06_Optimizer_Update_Dynamics_Training/03_formal_training/stage06c/runs/D2_seed20600613/run_summary.json,sha256:3eb09923362f70b442573d50eafc58bb50fc126564a20ba6cea6fd5b3b609337,selected_update/selected_metrics/seed_pass/terminal_reason,NEGATIVE_CONFIRMATORY,Raw rows in stored order; no seed or run omitted.,publication_cmame_v1/04_figures/00_style/build_main_figures.py,publication_cmame_v1/04_figures/08_fig07_formal_training_v1/fig07_formal_training_v1.svg;publication_cmame_v1/04_figures/08_fig07_formal_training_v1/fig07_formal_training_v1.pdf;publication_cmame_v1/04_figures/08_fig07_formal_training_v1/fig07_formal_training_v1.png
Figure 7,"a--f,h",Every frozen TRAIN trajectory is included.,stage_06_Optimizer_Update_Dynamics_Training/03_formal_training/stage06c/training_histories/D3_seed20600611.jsonl,sha256:2da7d52bd35719cc89165a39e436cfad7cfb74554c0d0a823a2db9b7abaadad3,update/Q_def/L_def,NEGATIVE_CONFIRMATORY,Raw rows in stored order; no seed or run omitted.,publication_cmame_v1/04_figures/00_style/build_main_figures.py,publication_cmame_v1/04_figures/08_fig07_formal_training_v1/fig07_formal_training_v1.svg;publication_cmame_v1/04_figures/08_fig07_formal_training_v1/fig07_formal_training_v1.pdf;publication_cmame_v1/04_figures/08_fig07_formal_training_v1/fig07_formal_training_v1.png
Figure 7,"a--f,h",Every frozen scheduled validation evaluation is included.,stage_06_Optimizer_Update_Dynamics_Training/03_formal_training/stage06c/validation_histories/D3_seed20600611.jsonl,sha256:1c17aa9b39b249ccf655933ed65a2039d3bd9b04966931f35485c81f17864bbf,update/TRAIN.global_balanced_Q_def/VALIDATION.global_balanced_Q_def/per_lineage_Q_def,NEGATIVE_CONFIRMATORY,Raw rows in stored order; no seed or run omitted.,publication_cmame_v1/04_figures/00_style/build_main_figures.py,publication_cmame_v1/04_figures/08_fig07_formal_training_v1/fig07_formal_training_v1.svg;publication_cmame_v1/04_figures/08_fig07_formal_training_v1/fig07_formal_training_v1.pdf;publication_cmame_v1/04_figures/08_fig07_formal_training_v1/fig07_formal_training_v1.png
Figure 7,"a--f,h",Every frozen terminal run and selected checkpoint is included.,stage_06_Optimizer_Update_Dynamics_Training/03_formal_training/stage06c/runs/D3_seed20600611/run_summary.json,sha256:60dcb537c3327b3b20421fe163d1bd60bc7b45bd5f46e7b073e1f34bd80d9e44,selected_update/selected_metrics/seed_pass/terminal_reason,NEGATIVE_CONFIRMATORY,Raw rows in stored order; no seed or run omitted.,publication_cmame_v1/04_figures/00_style/build_main_figures.py,publication_cmame_v1/04_figures/08_fig07_formal_training_v1/fig07_formal_training_v1.svg;publication_cmame_v1/04_figures/08_fig07_formal_training_v1/fig07_formal_training_v1.pdf;publication_cmame_v1/04_figures/08_fig07_formal_training_v1/fig07_formal_training_v1.png
Figure 7,"a--f,h",Every frozen TRAIN trajectory is included.,stage_06_Optimizer_Update_Dynamics_Training/03_formal_training/stage06c/training_histories/D3_seed20600612.jsonl,sha256:e63c0a8cb9cc5b59e0f3bfaf8f0b0c7e290b1c1be5bf4b08649b70a1ee1933c8,update/Q_def/L_def,NEGATIVE_CONFIRMATORY,Raw rows in stored order; no seed or run omitted.,publication_cmame_v1/04_figures/00_style/build_main_figures.py,publication_cmame_v1/04_figures/08_fig07_formal_training_v1/fig07_formal_training_v1.svg;publication_cmame_v1/04_figures/08_fig07_formal_training_v1/fig07_formal_training_v1.pdf;publication_cmame_v1/04_figures/08_fig07_formal_training_v1/fig07_formal_training_v1.png
Figure 7,"a--f,h",Every frozen scheduled validation evaluation is included.,stage_06_Optimizer_Update_Dynamics_Training/03_formal_training/stage06c/validation_histories/D3_seed20600612.jsonl,sha256:cdc1e3b524f9ad00e00a7b07a66417eaed345d70f97c49f146ca057b8bc55000,update/TRAIN.global_balanced_Q_def/VALIDATION.global_balanced_Q_def/per_lineage_Q_def,NEGATIVE_CONFIRMATORY,Raw rows in stored order; no seed or run omitted.,publication_cmame_v1/04_figures/00_style/build_main_figures.py,publication_cmame_v1/04_figures/08_fig07_formal_training_v1/fig07_formal_training_v1.svg;publication_cmame_v1/04_figures/08_fig07_formal_training_v1/fig07_formal_training_v1.pdf;publication_cmame_v1/04_figures/08_fig07_formal_training_v1/fig07_formal_training_v1.png
Figure 7,"a--f,h",Every frozen terminal run and selected checkpoint is included.,stage_06_Optimizer_Update_Dynamics_Training/03_formal_training/stage06c/runs/D3_seed20600612/run_summary.json,sha256:279750f754c872953e1948d55e2f4ad39ee773a51b816adb2417ffb20d0ac515,selected_update/selected_metrics/seed_pass/terminal_reason,NEGATIVE_CONFIRMATORY,Raw rows in stored order; no seed or run omitted.,publication_cmame_v1/04_figures/00_style/build_main_figures.py,publication_cmame_v1/04_figures/08_fig07_formal_training_v1/fig07_formal_training_v1.svg;publication_cmame_v1/04_figures/08_fig07_formal_training_v1/fig07_formal_training_v1.pdf;publication_cmame_v1/04_figures/08_fig07_formal_training_v1/fig07_formal_training_v1.png
Figure 7,"a--f,h",Every frozen TRAIN trajectory is included.,stage_06_Optimizer_Update_Dynamics_Training/03_formal_training/stage06c/training_histories/D3_seed20600613.jsonl,sha256:fcd0fcbd108e00a9bf46190273e0698882c9e741c46d88d5b4f231e4f8422dca,update/Q_def/L_def,NEGATIVE_CONFIRMATORY,Raw rows in stored order; no seed or run omitted.,publication_cmame_v1/04_figures/00_style/build_main_figures.py,publication_cmame_v1/04_figures/08_fig07_formal_training_v1/fig07_formal_training_v1.svg;publication_cmame_v1/04_figures/08_fig07_formal_training_v1/fig07_formal_training_v1.pdf;publication_cmame_v1/04_figures/08_fig07_formal_training_v1/fig07_formal_training_v1.png
Figure 7,"a--f,h",Every frozen scheduled validation evaluation is included.,stage_06_Optimizer_Update_Dynamics_Training/03_formal_training/stage06c/validation_histories/D3_seed20600613.jsonl,sha256:62afc3e9163ff389300dc726427b8722da10a903c33285ec4f43bd92f4e8b1e0,update/TRAIN.global_balanced_Q_def/VALIDATION.global_balanced_Q_def/per_lineage_Q_def,NEGATIVE_CONFIRMATORY,Raw rows in stored order; no seed or run omitted.,publication_cmame_v1/04_figures/00_style/build_main_figures.py,publication_cmame_v1/04_figures/08_fig07_formal_training_v1/fig07_formal_training_v1.svg;publication_cmame_v1/04_figures/08_fig07_formal_training_v1/fig07_formal_training_v1.pdf;publication_cmame_v1/04_figures/08_fig07_formal_training_v1/fig07_formal_training_v1.png
Figure 7,"a--f,h",Every frozen terminal run and selected checkpoint is included.,stage_06_Optimizer_Update_Dynamics_Training/03_formal_training/stage06c/runs/D3_seed20600613/run_summary.json,sha256:b1e5d751bcafbd5e8aee8b5715a690704bfc39b8f1aafffbb66f0f8098c533be,selected_update/selected_metrics/seed_pass/terminal_reason,NEGATIVE_CONFIRMATORY,Raw rows in stored order; no seed or run omitted.,publication_cmame_v1/04_figures/00_style/build_main_figures.py,publication_cmame_v1/04_figures/08_fig07_formal_training_v1/fig07_formal_training_v1.svg;publication_cmame_v1/04_figures/08_fig07_formal_training_v1/fig07_formal_training_v1.pdf;publication_cmame_v1/04_figures/08_fig07_formal_training_v1/fig07_formal_training_v1.png
Figure 7,g,None of the complete 590-checkpoint inventory passed the TRAIN gate.,stage_06_Optimizer_Update_Dynamics_Training/03_formal_training/stage06cr/checkpoint_trajectory/all_590_checkpoint_metrics.jsonl,sha256:20659f95663dd9662d2053207bddd84b87b82dc5e1fd1eeb839bb880052a60f0,inventory_index/arm/TRAIN_Q_def,NEGATIVE_CONFIRMATORY,All rows plotted in frozen inventory order with preregistered Q=0.50 line.,publication_cmame_v1/04_figures/00_style/build_main_figures.py,publication_cmame_v1/04_figures/08_fig07_formal_training_v1/fig07_formal_training_v1.svg;publication_cmame_v1/04_figures/08_fig07_formal_training_v1/fig07_formal_training_v1.pdf;publication_cmame_v1/04_figures/08_fig07_formal_training_v1/fig07_formal_training_v1.png
Figure 7,h,All nine formal runs executed and all arms finished at 0/3 seed passes.,stage_06_Optimizer_Update_Dynamics_Training/03_formal_training/stage06c/results/stage06c_results.json,sha256:bb435ed1ab25327d0be0839b3a1998b38cbd58c3cb3fa918425e545155e7e1af,run_count/arm results/seed passes,NEGATIVE_CONFIRMATORY,Frozen terminal verdict cards.,publication_cmame_v1/04_figures/00_style/build_main_figures.py,publication_cmame_v1/04_figures/08_fig07_formal_training_v1/fig07_formal_training_v1.svg;publication_cmame_v1/04_figures/08_fig07_formal_training_v1/fig07_formal_training_v1.pdf;publication_cmame_v1/04_figures/08_fig07_formal_training_v1/fig07_formal_training_v1.png
Figure 8,d--g,Every frozen TRAIN trajectory is included.,stage_07_Heterogeneous_Development_Pool/05_formal_retraining/stage07d/training_histories/D1_seed20700711.jsonl,sha256:e6f6e3990b0393b14f4c8d1e13e3f8fde0885aef72d1d5846f43513460569669,update/Q_def/L_def,NEGATIVE_CONFIRMATORY,Raw rows in stored order; no seed or run omitted.,publication_cmame_v1/04_figures/00_style/build_main_figures.py,publication_cmame_v1/04_figures/09_fig08_heterogeneous_retraining/fig08_heterogeneous_retraining.svg;publication_cmame_v1/04_figures/09_fig08_heterogeneous_retraining/fig08_heterogeneous_retraining.pdf;publication_cmame_v1/04_figures/09_fig08_heterogeneous_retraining/fig08_heterogeneous_retraining.png
Figure 8,d--g,Every frozen scheduled validation evaluation is included.,stage_07_Heterogeneous_Development_Pool/05_formal_retraining/stage07d/validation_histories/D1_seed20700711.jsonl,sha256:6c6e2f7a262b8e0547ee5208600213566d2d7c8b3f91bf9117556ae146fed88f,update/TRAIN.global_balanced_Q_def/VALIDATION.global_balanced_Q_def/per_lineage_Q_def,NEGATIVE_CONFIRMATORY,Raw rows in stored order; no seed or run omitted.,publication_cmame_v1/04_figures/00_style/build_main_figures.py,publication_cmame_v1/04_figures/09_fig08_heterogeneous_retraining/fig08_heterogeneous_retraining.svg;publication_cmame_v1/04_figures/09_fig08_heterogeneous_retraining/fig08_heterogeneous_retraining.pdf;publication_cmame_v1/04_figures/09_fig08_heterogeneous_retraining/fig08_heterogeneous_retraining.png
Figure 8,d--g,Every frozen terminal run and selected checkpoint is included.,stage_07_Heterogeneous_Development_Pool/05_formal_retraining/stage07d/runs/D1_seed20700711/run_summary.json,sha256:4d4badb1bea28a602eea72f4fde266ee2974720a0a81ef2dc48dffed8e0fe8e2,selected_update/selected_metrics/seed_pass/terminal_reason,NEGATIVE_CONFIRMATORY,Raw rows in stored order; no seed or run omitted.,publication_cmame_v1/04_figures/00_style/build_main_figures.py,publication_cmame_v1/04_figures/09_fig08_heterogeneous_retraining/fig08_heterogeneous_retraining.svg;publication_cmame_v1/04_figures/09_fig08_heterogeneous_retraining/fig08_heterogeneous_retraining.pdf;publication_cmame_v1/04_figures/09_fig08_heterogeneous_retraining/fig08_heterogeneous_retraining.png
Figure 8,d--g,Every frozen TRAIN trajectory is included.,stage_07_Heterogeneous_Development_Pool/05_formal_retraining/stage07d/training_histories/D1_seed20700712.jsonl,sha256:f3439997818f142a32557bbd64c4a0ed30ba44dfafcab22271b9abab6791aa2e,update/Q_def/L_def,NEGATIVE_CONFIRMATORY,Raw rows in stored order; no seed or run omitted.,publication_cmame_v1/04_figures/00_style/build_main_figures.py,publication_cmame_v1/04_figures/09_fig08_heterogeneous_retraining/fig08_heterogeneous_retraining.svg;publication_cmame_v1/04_figures/09_fig08_heterogeneous_retraining/fig08_heterogeneous_retraining.pdf;publication_cmame_v1/04_figures/09_fig08_heterogeneous_retraining/fig08_heterogeneous_retraining.png
Figure 8,d--g,Every frozen scheduled validation evaluation is included.,stage_07_Heterogeneous_Development_Pool/05_formal_retraining/stage07d/validation_histories/D1_seed20700712.jsonl,sha256:c634e554f2101ed1566135277176633ebc4f277e436746f7b1d56f4d43cb6397,update/TRAIN.global_balanced_Q_def/VALIDATION.global_balanced_Q_def/per_lineage_Q_def,NEGATIVE_CONFIRMATORY,Raw rows in stored order; no seed or run omitted.,publication_cmame_v1/04_figures/00_style/build_main_figures.py,publication_cmame_v1/04_figures/09_fig08_heterogeneous_retraining/fig08_heterogeneous_retraining.svg;publication_cmame_v1/04_figures/09_fig08_heterogeneous_retraining/fig08_heterogeneous_retraining.pdf;publication_cmame_v1/04_figures/09_fig08_heterogeneous_retraining/fig08_heterogeneous_retraining.png
Figure 8,d--g,Every frozen terminal run and selected checkpoint is included.,stage_07_Heterogeneous_Development_Pool/05_formal_retraining/stage07d/runs/D1_seed20700712/run_summary.json,sha256:e6ef40d7ed3ef182467031b25d17473b5a82c6ae5b926c766150e2dc7bb19c7d,selected_update/selected_metrics/seed_pass/terminal_reason,NEGATIVE_CONFIRMATORY,Raw rows in stored order; no seed or run omitted.,publication_cmame_v1/04_figures/00_style/build_main_figures.py,publication_cmame_v1/04_figures/09_fig08_heterogeneous_retraining/fig08_heterogeneous_retraining.svg;publication_cmame_v1/04_figures/09_fig08_heterogeneous_retraining/fig08_heterogeneous_retraining.pdf;publication_cmame_v1/04_figures/09_fig08_heterogeneous_retraining/fig08_heterogeneous_retraining.png
Figure 8,d--g,Every frozen TRAIN trajectory is included.,stage_07_Heterogeneous_Development_Pool/05_formal_retraining/stage07d/training_histories/D1_seed20700713.jsonl,sha256:8f70938c24eed923ff584d193a8f783a1b0025ece5ab8e235ce3b6567a8a904b,update/Q_def/L_def,NEGATIVE_CONFIRMATORY,Raw rows in stored order; no seed or run omitted.,publication_cmame_v1/04_figures/00_style/build_main_figures.py,publication_cmame_v1/04_figures/09_fig08_heterogeneous_retraining/fig08_heterogeneous_retraining.svg;publication_cmame_v1/04_figures/09_fig08_heterogeneous_retraining/fig08_heterogeneous_retraining.pdf;publication_cmame_v1/04_figures/09_fig08_heterogeneous_retraining/fig08_heterogeneous_retraining.png
Figure 8,d--g,Every frozen scheduled validation evaluation is included.,stage_07_Heterogeneous_Development_Pool/05_formal_retraining/stage07d/validation_histories/D1_seed20700713.jsonl,sha256:98e9277890c5ba056ebabd69772fae59f33e3e119ac83a6c279fff4641074055,update/TRAIN.global_balanced_Q_def/VALIDATION.global_balanced_Q_def/per_lineage_Q_def,NEGATIVE_CONFIRMATORY,Raw rows in stored order; no seed or run omitted.,publication_cmame_v1/04_figures/00_style/build_main_figures.py,publication_cmame_v1/04_figures/09_fig08_heterogeneous_retraining/fig08_heterogeneous_retraining.svg;publication_cmame_v1/04_figures/09_fig08_heterogeneous_retraining/fig08_heterogeneous_retraining.pdf;publication_cmame_v1/04_figures/09_fig08_heterogeneous_retraining/fig08_heterogeneous_retraining.png
Figure 8,d--g,Every frozen terminal run and selected checkpoint is included.,stage_07_Heterogeneous_Development_Pool/05_formal_retraining/stage07d/runs/D1_seed20700713/run_summary.json,sha256:dd007156811084182db797af67237c0ea07d5a41e54ca5a72431ded9730826a2,selected_update/selected_metrics/seed_pass/terminal_reason,NEGATIVE_CONFIRMATORY,Raw rows in stored order; no seed or run omitted.,publication_cmame_v1/04_figures/00_style/build_main_figures.py,publication_cmame_v1/04_figures/09_fig08_heterogeneous_retraining/fig08_heterogeneous_retraining.svg;publication_cmame_v1/04_figures/09_fig08_heterogeneous_retraining/fig08_heterogeneous_retraining.pdf;publication_cmame_v1/04_figures/09_fig08_heterogeneous_retraining/fig08_heterogeneous_retraining.png
Figure 8,d--g,Every frozen TRAIN trajectory is included.,stage_07_Heterogeneous_Development_Pool/05_formal_retraining/stage07d/training_histories/D2_seed20700711.jsonl,sha256:b2aca525f38d50e39d7609f0f13bb60816d9e5346cb2d5ca893bada3f1163cce,update/Q_def/L_def,NEGATIVE_CONFIRMATORY,Raw rows in stored order; no seed or run omitted.,publication_cmame_v1/04_figures/00_style/build_main_figures.py,publication_cmame_v1/04_figures/09_fig08_heterogeneous_retraining/fig08_heterogeneous_retraining.svg;publication_cmame_v1/04_figures/09_fig08_heterogeneous_retraining/fig08_heterogeneous_retraining.pdf;publication_cmame_v1/04_figures/09_fig08_heterogeneous_retraining/fig08_heterogeneous_retraining.png
Figure 8,d--g,Every frozen scheduled validation evaluation is included.,stage_07_Heterogeneous_Development_Pool/05_formal_retraining/stage07d/validation_histories/D2_seed20700711.jsonl,sha256:f96eb46913d1f83fba7cd288bad4e86114b68c5c7d75325e74ffd31f0666d443,update/TRAIN.global_balanced_Q_def/VALIDATION.global_balanced_Q_def/per_lineage_Q_def,NEGATIVE_CONFIRMATORY,Raw rows in stored order; no seed or run omitted.,publication_cmame_v1/04_figures/00_style/build_main_figures.py,publication_cmame_v1/04_figures/09_fig08_heterogeneous_retraining/fig08_heterogeneous_retraining.svg;publication_cmame_v1/04_figures/09_fig08_heterogeneous_retraining/fig08_heterogeneous_retraining.pdf;publication_cmame_v1/04_figures/09_fig08_heterogeneous_retraining/fig08_heterogeneous_retraining.png
Figure 8,d--g,Every frozen terminal run and selected checkpoint is included.,stage_07_Heterogeneous_Development_Pool/05_formal_retraining/stage07d/runs/D2_seed20700711/run_summary.json,sha256:c18dc92a1ed10a491395a81898a5a308236bba7a125ab122879ccbe7c698fc70,selected_update/selected_metrics/seed_pass/terminal_reason,NEGATIVE_CONFIRMATORY,Raw rows in stored order; no seed or run omitted.,publication_cmame_v1/04_figures/00_style/build_main_figures.py,publication_cmame_v1/04_figures/09_fig08_heterogeneous_retraining/fig08_heterogeneous_retraining.svg;publication_cmame_v1/04_figures/09_fig08_heterogeneous_retraining/fig08_heterogeneous_retraining.pdf;publication_cmame_v1/04_figures/09_fig08_heterogeneous_retraining/fig08_heterogeneous_retraining.png
Figure 8,d--g,Every frozen TRAIN trajectory is included.,stage_07_Heterogeneous_Development_Pool/05_formal_retraining/stage07d/training_histories/D2_seed20700712.jsonl,sha256:0ae2187d047356b74016b1123131e79ea459dc2f36283ffd1723b36fa836c447,update/Q_def/L_def,NEGATIVE_CONFIRMATORY,Raw rows in stored order; no seed or run omitted.,publication_cmame_v1/04_figures/00_style/build_main_figures.py,publication_cmame_v1/04_figures/09_fig08_heterogeneous_retraining/fig08_heterogeneous_retraining.svg;publication_cmame_v1/04_figures/09_fig08_heterogeneous_retraining/fig08_heterogeneous_retraining.pdf;publication_cmame_v1/04_figures/09_fig08_heterogeneous_retraining/fig08_heterogeneous_retraining.png
Figure 8,d--g,Every frozen scheduled validation evaluation is included.,stage_07_Heterogeneous_Development_Pool/05_formal_retraining/stage07d/validation_histories/D2_seed20700712.jsonl,sha256:fc96806b77535d810f572b5217171dbdb5cc29cbe12b183ec6f8ba8bcdcc53e0,update/TRAIN.global_balanced_Q_def/VALIDATION.global_balanced_Q_def/per_lineage_Q_def,NEGATIVE_CONFIRMATORY,Raw rows in stored order; no seed or run omitted.,publication_cmame_v1/04_figures/00_style/build_main_figures.py,publication_cmame_v1/04_figures/09_fig08_heterogeneous_retraining/fig08_heterogeneous_retraining.svg;publication_cmame_v1/04_figures/09_fig08_heterogeneous_retraining/fig08_heterogeneous_retraining.pdf;publication_cmame_v1/04_figures/09_fig08_heterogeneous_retraining/fig08_heterogeneous_retraining.png
Figure 8,d--g,Every frozen terminal run and selected checkpoint is included.,stage_07_Heterogeneous_Development_Pool/05_formal_retraining/stage07d/runs/D2_seed20700712/run_summary.json,sha256:40d929e268034be22823e92153772d7d21d3e281421168bc9f9c1c3afeacad2d,selected_update/selected_metrics/seed_pass/terminal_reason,NEGATIVE_CONFIRMATORY,Raw rows in stored order; no seed or run omitted.,publication_cmame_v1/04_figures/00_style/build_main_figures.py,publication_cmame_v1/04_figures/09_fig08_heterogeneous_retraining/fig08_heterogeneous_retraining.svg;publication_cmame_v1/04_figures/09_fig08_heterogeneous_retraining/fig08_heterogeneous_retraining.pdf;publication_cmame_v1/04_figures/09_fig08_heterogeneous_retraining/fig08_heterogeneous_retraining.png
Figure 8,d--g,Every frozen TRAIN trajectory is included.,stage_07_Heterogeneous_Development_Pool/05_formal_retraining/stage07d/training_histories/D2_seed20700713.jsonl,sha256:5254ca029b6ec39b384e7f2281eefdb48e90967abde36dfa58445cab373bd477,update/Q_def/L_def,NEGATIVE_CONFIRMATORY,Raw rows in stored order; no seed or run omitted.,publication_cmame_v1/04_figures/00_style/build_main_figures.py,publication_cmame_v1/04_figures/09_fig08_heterogeneous_retraining/fig08_heterogeneous_retraining.svg;publication_cmame_v1/04_figures/09_fig08_heterogeneous_retraining/fig08_heterogeneous_retraining.pdf;publication_cmame_v1/04_figures/09_fig08_heterogeneous_retraining/fig08_heterogeneous_retraining.png
Figure 8,d--g,Every frozen scheduled validation evaluation is included.,stage_07_Heterogeneous_Development_Pool/05_formal_retraining/stage07d/validation_histories/D2_seed20700713.jsonl,sha256:564a4b9e849135f21d38c533f12c6800a0e66064d82a5d9168a567db8121a21a,update/TRAIN.global_balanced_Q_def/VALIDATION.global_balanced_Q_def/per_lineage_Q_def,NEGATIVE_CONFIRMATORY,Raw rows in stored order; no seed or run omitted.,publication_cmame_v1/04_figures/00_style/build_main_figures.py,publication_cmame_v1/04_figures/09_fig08_heterogeneous_retraining/fig08_heterogeneous_retraining.svg;publication_cmame_v1/04_figures/09_fig08_heterogeneous_retraining/fig08_heterogeneous_retraining.pdf;publication_cmame_v1/04_figures/09_fig08_heterogeneous_retraining/fig08_heterogeneous_retraining.png
Figure 8,d--g,Every frozen terminal run and selected checkpoint is included.,stage_07_Heterogeneous_Development_Pool/05_formal_retraining/stage07d/runs/D2_seed20700713/run_summary.json,sha256:29213bda209d43dd1551db1c00b5fabad60627530b361d998c15ba174133fbbe,selected_update/selected_metrics/seed_pass/terminal_reason,NEGATIVE_CONFIRMATORY,Raw rows in stored order; no seed or run omitted.,publication_cmame_v1/04_figures/00_style/build_main_figures.py,publication_cmame_v1/04_figures/09_fig08_heterogeneous_retraining/fig08_heterogeneous_retraining.svg;publication_cmame_v1/04_figures/09_fig08_heterogeneous_retraining/fig08_heterogeneous_retraining.pdf;publication_cmame_v1/04_figures/09_fig08_heterogeneous_retraining/fig08_heterogeneous_retraining.png
Figure 8,d--g,Every frozen TRAIN trajectory is included.,stage_07_Heterogeneous_Development_Pool/05_formal_retraining/stage07d/training_histories/D3_seed20700711.jsonl,sha256:6eafabfb73177784c66f35d60fcf07c459ce02ad7a7abb8292282efd297ee0a7,update/Q_def/L_def,NEGATIVE_CONFIRMATORY,Raw rows in stored order; no seed or run omitted.,publication_cmame_v1/04_figures/00_style/build_main_figures.py,publication_cmame_v1/04_figures/09_fig08_heterogeneous_retraining/fig08_heterogeneous_retraining.svg;publication_cmame_v1/04_figures/09_fig08_heterogeneous_retraining/fig08_heterogeneous_retraining.pdf;publication_cmame_v1/04_figures/09_fig08_heterogeneous_retraining/fig08_heterogeneous_retraining.png
Figure 8,d--g,Every frozen scheduled validation evaluation is included.,stage_07_Heterogeneous_Development_Pool/05_formal_retraining/stage07d/validation_histories/D3_seed20700711.jsonl,sha256:4e36f5043f3ecd8bad3c3b3dea91ec0f49451b9db10226db66a86149207a1f3c,update/TRAIN.global_balanced_Q_def/VALIDATION.global_balanced_Q_def/per_lineage_Q_def,NEGATIVE_CONFIRMATORY,Raw rows in stored order; no seed or run omitted.,publication_cmame_v1/04_figures/00_style/build_main_figures.py,publication_cmame_v1/04_figures/09_fig08_heterogeneous_retraining/fig08_heterogeneous_retraining.svg;publication_cmame_v1/04_figures/09_fig08_heterogeneous_retraining/fig08_heterogeneous_retraining.pdf;publication_cmame_v1/04_figures/09_fig08_heterogeneous_retraining/fig08_heterogeneous_retraining.png
Figure 8,d--g,Every frozen terminal run and selected checkpoint is included.,stage_07_Heterogeneous_Development_Pool/05_formal_retraining/stage07d/runs/D3_seed20700711/run_summary.json,sha256:145117472dc743e6a73a5439539d244bc92ca6e4f881da3942505007fa447431,selected_update/selected_metrics/seed_pass/terminal_reason,NEGATIVE_CONFIRMATORY,Raw rows in stored order; no seed or run omitted.,publication_cmame_v1/04_figures/00_style/build_main_figures.py,publication_cmame_v1/04_figures/09_fig08_heterogeneous_retraining/fig08_heterogeneous_retraining.svg;publication_cmame_v1/04_figures/09_fig08_heterogeneous_retraining/fig08_heterogeneous_retraining.pdf;publication_cmame_v1/04_figures/09_fig08_heterogeneous_retraining/fig08_heterogeneous_retraining.png
Figure 8,d--g,Every frozen TRAIN trajectory is included.,stage_07_Heterogeneous_Development_Pool/05_formal_retraining/stage07d/training_histories/D3_seed20700712.jsonl,sha256:adb74a21e48bff813d34cbe0838ad2d276562028eb921bc5a7e6d7a485e31159,update/Q_def/L_def,NEGATIVE_CONFIRMATORY,Raw rows in stored order; no seed or run omitted.,publication_cmame_v1/04_figures/00_style/build_main_figures.py,publication_cmame_v1/04_figures/09_fig08_heterogeneous_retraining/fig08_heterogeneous_retraining.svg;publication_cmame_v1/04_figures/09_fig08_heterogeneous_retraining/fig08_heterogeneous_retraining.pdf;publication_cmame_v1/04_figures/09_fig08_heterogeneous_retraining/fig08_heterogeneous_retraining.png
Figure 8,d--g,Every frozen scheduled validation evaluation is included.,stage_07_Heterogeneous_Development_Pool/05_formal_retraining/stage07d/validation_histories/D3_seed20700712.jsonl,sha256:45ca03567b26679b63f1b9e0cc02c8e9abe519fd29adb46ba6c255b544dbc51d,update/TRAIN.global_balanced_Q_def/VALIDATION.global_balanced_Q_def/per_lineage_Q_def,NEGATIVE_CONFIRMATORY,Raw rows in stored order; no seed or run omitted.,publication_cmame_v1/04_figures/00_style/build_main_figures.py,publication_cmame_v1/04_figures/09_fig08_heterogeneous_retraining/fig08_heterogeneous_retraining.svg;publication_cmame_v1/04_figures/09_fig08_heterogeneous_retraining/fig08_heterogeneous_retraining.pdf;publication_cmame_v1/04_figures/09_fig08_heterogeneous_retraining/fig08_heterogeneous_retraining.png
Figure 8,d--g,Every frozen terminal run and selected checkpoint is included.,stage_07_Heterogeneous_Development_Pool/05_formal_retraining/stage07d/runs/D3_seed20700712/run_summary.json,sha256:291d9e2dd76975db68b5814c1cc26621c4bee4f2b19c07ea0a063247ea7e0d7c,selected_update/selected_metrics/seed_pass/terminal_reason,NEGATIVE_CONFIRMATORY,Raw rows in stored order; no seed or run omitted.,publication_cmame_v1/04_figures/00_style/build_main_figures.py,publication_cmame_v1/04_figures/09_fig08_heterogeneous_retraining/fig08_heterogeneous_retraining.svg;publication_cmame_v1/04_figures/09_fig08_heterogeneous_retraining/fig08_heterogeneous_retraining.pdf;publication_cmame_v1/04_figures/09_fig08_heterogeneous_retraining/fig08_heterogeneous_retraining.png
Figure 8,d--g,Every frozen TRAIN trajectory is included.,stage_07_Heterogeneous_Development_Pool/05_formal_retraining/stage07d/training_histories/D3_seed20700713.jsonl,sha256:ad9e48eebc04ad9bd73acb50cb141f0ceb8689b9b644d3cbf86c425d58008bf9,update/Q_def/L_def,NEGATIVE_CONFIRMATORY,Raw rows in stored order; no seed or run omitted.,publication_cmame_v1/04_figures/00_style/build_main_figures.py,publication_cmame_v1/04_figures/09_fig08_heterogeneous_retraining/fig08_heterogeneous_retraining.svg;publication_cmame_v1/04_figures/09_fig08_heterogeneous_retraining/fig08_heterogeneous_retraining.pdf;publication_cmame_v1/04_figures/09_fig08_heterogeneous_retraining/fig08_heterogeneous_retraining.png
Figure 8,d--g,Every frozen scheduled validation evaluation is included.,stage_07_Heterogeneous_Development_Pool/05_formal_retraining/stage07d/validation_histories/D3_seed20700713.jsonl,sha256:73dcd1b437dc49950f58e19fe9e15bf1f000e705e83b4f676698e967b216285f,update/TRAIN.global_balanced_Q_def/VALIDATION.global_balanced_Q_def/per_lineage_Q_def,NEGATIVE_CONFIRMATORY,Raw rows in stored order; no seed or run omitted.,publication_cmame_v1/04_figures/00_style/build_main_figures.py,publication_cmame_v1/04_figures/09_fig08_heterogeneous_retraining/fig08_heterogeneous_retraining.svg;publication_cmame_v1/04_figures/09_fig08_heterogeneous_retraining/fig08_heterogeneous_retraining.pdf;publication_cmame_v1/04_figures/09_fig08_heterogeneous_retraining/fig08_heterogeneous_retraining.png
Figure 8,d--g,Every frozen terminal run and selected checkpoint is included.,stage_07_Heterogeneous_Development_Pool/05_formal_retraining/stage07d/runs/D3_seed20700713/run_summary.json,sha256:e82e8af317a741e1b2eb3276d7f766edb1a12b7720570ac939616bc04435950a,selected_update/selected_metrics/seed_pass/terminal_reason,NEGATIVE_CONFIRMATORY,Raw rows in stored order; no seed or run omitted.,publication_cmame_v1/04_figures/00_style/build_main_figures.py,publication_cmame_v1/04_figures/09_fig08_heterogeneous_retraining/fig08_heterogeneous_retraining.svg;publication_cmame_v1/04_figures/09_fig08_heterogeneous_retraining/fig08_heterogeneous_retraining.pdf;publication_cmame_v1/04_figures/09_fig08_heterogeneous_retraining/fig08_heterogeneous_retraining.png
Figure 8,a,The prospective TRAIN pool expanded from six to fourteen lineages.,stage_07_Heterogeneous_Development_Pool/01_pool_generation/results/heterogeneity_descriptor_audit.json,sha256:0c80157d40cfc1a729df6f2980c590b2e6c7a25f83c9d0ccb0b46fe99a2cc979,old_train_count/new_train_count/fresh_validation_count,CONFIRMATORY,Direct frozen counts.,publication_cmame_v1/04_figures/00_style/build_main_figures.py,publication_cmame_v1/04_figures/09_fig08_heterogeneous_retraining/fig08_heterogeneous_retraining.svg;publication_cmame_v1/04_figures/09_fig08_heterogeneous_retraining/fig08_heterogeneous_retraining.pdf;publication_cmame_v1/04_figures/09_fig08_heterogeneous_retraining/fig08_heterogeneous_retraining.png
Figure 8,b,H1--H4 are registered formula strata.,stage_07_Heterogeneous_Development_Pool/01_pool_generation/heterogeneity_strata/formula_identity_library.json,sha256:520f42b2700676b3e6a570297930609b630cf0d004257e6ea4b18d8a54b83d2f,lineages[].stratum/lineage_id/role,CONFIRMATORY,Formula identities grouped by preregistered stratum.,publication_cmame_v1/04_figures/00_style/build_main_figures.py,publication_cmame_v1/04_figures/09_fig08_heterogeneous_retraining/fig08_heterogeneous_retraining.svg;publication_cmame_v1/04_figures/09_fig08_heterogeneous_retraining/fig08_heterogeneous_retraining.pdf;publication_cmame_v1/04_figures/09_fig08_heterogeneous_retraining/fig08_heterogeneous_retraining.png
Figure 8,c,Prospective heterogeneity changed the frozen target scale.,stage_07_Heterogeneous_Development_Pool/02_defect_scale_requalification/stage07b/distribution_shift/scale_distribution_shift.json,sha256:fed997568e42041c686391295ad7ab05b181528b534ed37d06f923916686d236,s_a_v1/s_a_v2/s_a_v2_over_s_a_v1,DIAGNOSTIC_ONLY,Direct frozen scalars; no performance inference.,publication_cmame_v1/04_figures/00_style/build_main_figures.py,publication_cmame_v1/04_figures/09_fig08_heterogeneous_retraining/fig08_heterogeneous_retraining.svg;publication_cmame_v1/04_figures/09_fig08_heterogeneous_retraining/fig08_heterogeneous_retraining.pdf;publication_cmame_v1/04_figures/09_fig08_heterogeneous_retraining/fig08_heterogeneous_retraining.png
Figure 8,"h,i",Common-anchor raw RMSE does not support Branch B.,stage_07_Heterogeneous_Development_Pool/05_formal_retraining/stage07dr/results/stage07dr_results.json,sha256:da120e5535dcb819b76623b6af7f394e64b7dca36d5911e205af906499a404b6,branch_B.rows/BRANCH_B_OUTCOME,NEGATIVE_CONFIRMATORY,All 54 frozen common-anchor rows plotted; log axis.,publication_cmame_v1/04_figures/00_style/build_main_figures.py,publication_cmame_v1/04_figures/09_fig08_heterogeneous_retraining/fig08_heterogeneous_retraining.svg;publication_cmame_v1/04_figures/09_fig08_heterogeneous_retraining/fig08_heterogeneous_retraining.pdf;publication_cmame_v1/04_figures/09_fig08_heterogeneous_retraining/fig08_heterogeneous_retraining.png
Figure 8,i,No checkpoint among the complete 652 inventory passed all registered gates.,stage_07_Heterogeneous_Development_Pool/05_formal_retraining/stage07dr/checkpoint_scan/all_652_checkpoint_gate_scan.json,sha256:587b35b224910efa8d7fe996b07e660fe4896db0bfa47dcf4f18a9593d4e4d97,checkpoint_count/gates_global/gates_by_arm,NEGATIVE_CONFIRMATORY,Frozen gate status card; detailed scan in Supplementary S10.,publication_cmame_v1/04_figures/00_style/build_main_figures.py,publication_cmame_v1/04_figures/09_fig08_heterogeneous_retraining/fig08_heterogeneous_retraining.svg;publication_cmame_v1/04_figures/09_fig08_heterogeneous_retraining/fig08_heterogeneous_retraining.pdf;publication_cmame_v1/04_figures/09_fig08_heterogeneous_retraining/fig08_heterogeneous_retraining.png
Figure 9,a,HET_S2_01/02/03 share the H2 formula class but have distinct roles and identities.,stage_07_Heterogeneous_Development_Pool/01_pool_generation/heterogeneity_strata/formula_identity_library.json,sha256:520f42b2700676b3e6a570297930609b630cf0d004257e6ea4b18d8a54b83d2f,lineages[stratum=H2].material_map/wavevectors/role/formula_sha256,CONFIRMATORY,Frozen identity cards; formula text is not numerically re-evaluated.,publication_cmame_v1/04_figures/00_style/build_main_figures.py,publication_cmame_v1/04_figures/10_fig09_support_gap/fig09_support_gap.svg;publication_cmame_v1/04_figures/10_fig09_support_gap/fig09_support_gap.pdf;publication_cmame_v1/04_figures/10_fig09_support_gap/fig09_support_gap.png
Figure 9,"b,c",HET_S2_02 lies outside robust descriptor support and exceeds three registered envelopes.,stage_07_Heterogeneous_Development_Pool/05_formal_retraining/stage07dr/descriptor_geometry/descriptor_support_geometry.json,sha256:c026520cbc2a1ff66860420bd2dfb8b2b34670c0f4079cd96337bf4f05109c2f,nearest_neighbor_distance/TRAIN_LOO_NN_p95_threshold/envelope_exceeded_features/H2_frozen_descriptors,DIAGNOSTIC_ONLY,Direct frozen distances and raw H2 descriptor values; no invented 2-D embedding.,publication_cmame_v1/04_figures/00_style/build_main_figures.py,publication_cmame_v1/04_figures/10_fig09_support_gap/fig09_support_gap.svg;publication_cmame_v1/04_figures/10_fig09_support_gap/fig09_support_gap.pdf;publication_cmame_v1/04_figures/10_fig09_support_gap/fig09_support_gap.png
Figure 9,"d,e",TRAIN-only target PCA places HET_S2_02 outside correction-target support.,stage_07_Heterogeneous_Development_Pool/05_formal_retraining/stage07dr/target_geometry/target_manifold_geometry.json,sha256:7aa5532d555640a3b8bd6a3b7c2fdd4a412dcbd2bb6ced6d29866ef8824f8e50,nodal_correction_PCA_coefficients/HET_S2_02_reconstruction_residual/TRAIN_reconstruction_residual_p95/classification,CONFIRMATORY,Precomputed frozen PCA coordinates and residuals only; no refit.,publication_cmame_v1/04_figures/00_style/build_main_figures.py,publication_cmame_v1/04_figures/10_fig09_support_gap/fig09_support_gap.svg;publication_cmame_v1/04_figures/10_fig09_support_gap/fig09_support_gap.pdf;publication_cmame_v1/04_figures/10_fig09_support_gap/fig09_support_gap.png
Figure 9,"f,g",D3 frozen gradients show systematic cross-lineage conflict in all three seeds.,stage_07_Heterogeneous_Development_Pool/05_formal_retraining/stage07dr/gradient_geometry/d3_cross_lineage_gradient_geometry.json,sha256:f6f432befca42d8b9e49a0378a1532f14f3a63e22e4eb44f50514a64c1911d6c,*.cosine_matrix_15x15/mean_cosine_vs_14_TRAIN/minimum/negative_fraction/classification,DIAGNOSTIC_ONLY,One complete precomputed cosine matrix plus direct three-seed summary values.,publication_cmame_v1/04_figures/00_style/build_main_figures.py,publication_cmame_v1/04_figures/10_fig09_support_gap/fig09_support_gap.svg;publication_cmame_v1/04_figures/10_fig09_support_gap/fig09_support_gap.pdf;publication_cmame_v1/04_figures/10_fig09_support_gap/fig09_support_gap.png
Figure 9,h,HET_S2_02 is highly locally tangent-reducible in the registered diagnostic.,stage_07_Heterogeneous_Development_Pool/05_formal_retraining/stage07dr/tangent_reducibility/d3_tangent_reducibility.json,sha256:76986a9c607681a843bce6377de11390cc0a1592befe6c5cff0e8fbe2e63f5a6,*.lineages.HET_S2_02.*.TANGENT_REDUCIBLE_FRACTION/classification,DIAGNOSTIC_ONLY,Direct frozen values; no optimizer or writeback.,publication_cmame_v1/04_figures/00_style/build_main_figures.py,publication_cmame_v1/04_figures/10_fig09_support_gap/fig09_support_gap.svg;publication_cmame_v1/04_figures/10_fig09_support_gap/fig09_support_gap.pdf;publication_cmame_v1/04_figures/10_fig09_support_gap/fig09_support_gap.png
Figure 9,i,Origin-level residual patterns are retained for both variants.,stage_07_Heterogeneous_Development_Pool/05_formal_retraining/stage07dr/het_s2_02_support_analysis/h2_origin_level_analysis.json,sha256:1bbf5a9b6bcfab0fe0bd66d306d686b9a4dc39377e8a1a9316d65a7f55dc65ba,rows[].temporal_phase_fraction/model_residual_raw_RMSE/variant,DIAGNOSTIC_ONLY,All 576 frozen rows plotted without regression.,publication_cmame_v1/04_figures/00_style/build_main_figures.py,publication_cmame_v1/04_figures/10_fig09_support_gap/fig09_support_gap.svg;publication_cmame_v1/04_figures/10_fig09_support_gap/fig09_support_gap.pdf;publication_cmame_v1/04_figures/10_fig09_support_gap/fig09_support_gap.png
Figure 9,i,Pair-basis representability is distinct from target support.,stage_07_Heterogeneous_Development_Pool/02_defect_scale_requalification/stage07b/pair_basis_representability/pair_basis_summary.json,sha256:bf424bc37352ab03dc91cb6d807ab385e2cef4ecef68b892feec68dcb4c5826a,pass and bounded/unbounded summary,CONFIRMATORY,Boundary annotation only.,publication_cmame_v1/04_figures/00_style/build_main_figures.py,publication_cmame_v1/04_figures/10_fig09_support_gap/fig09_support_gap.svg;publication_cmame_v1/04_figures/10_fig09_support_gap/fig09_support_gap.pdf;publication_cmame_v1/04_figures/10_fig09_support_gap/fig09_support_gap.png
Figure 10,"a,b",The systematic bank contains 16 templates and 128+64 frozen candidates; all 192 passed candidate-level physics checks.,stage_08_Systematic_Coverage_V3/01_systematic_coverage_design/qualification/candidate_level_qualification.json,sha256:25e49bd1d191ffaba0df7bf5de4d46445c0ee47b9788fa95c649506cef86f793,rows[].template/bank/qualification; passed/required,CONFIRMATORY,Unique template registry and direct frozen bank counts; candidate generation not rerun.,publication_cmame_v1/04_figures/00_style/build_main_figures.py,publication_cmame_v1/04_figures/11_fig10_systematic_coverage/fig10_systematic_coverage.svg;publication_cmame_v1/04_figures/11_fig10_systematic_coverage/fig10_systematic_coverage.pdf;publication_cmame_v1/04_figures/11_fig10_systematic_coverage/fig10_systematic_coverage.png
Figure 10,c,Eight systematic TRAIN candidates were selected by the frozen lexicographic trace.,stage_08_Systematic_Coverage_V3/01_systematic_coverage_design/coverage_optimizer/lexicographic_selection_trace.json,sha256:4422d7ef2d85d0b83b64a4c35a3d65530cac63303269df75035373cd74fea3c5,result/trace,CONFIRMATORY,Selected IDs rendered in frozen slot order; no reselection.,publication_cmame_v1/04_figures/00_style/build_main_figures.py,publication_cmame_v1/04_figures/11_fig10_systematic_coverage/fig10_systematic_coverage.svg;publication_cmame_v1/04_figures/11_fig10_systematic_coverage/fig10_systematic_coverage.pdf;publication_cmame_v1/04_figures/11_fig10_systematic_coverage/fig10_systematic_coverage.png
Figure 10,d,Stage07 HET_S2_02 descriptor distance is the frozen pre-design reference.,stage_07_Heterogeneous_Development_Pool/05_formal_retraining/stage07dr/descriptor_geometry/descriptor_support_geometry.json,sha256:c026520cbc2a1ff66860420bd2dfb8b2b34670c0f4079cd96337bf4f05109c2f,nearest_neighbor_distance/classification,DIAGNOSTIC_ONLY,Direct frozen scalar; no embedding or recomputation.,publication_cmame_v1/04_figures/00_style/build_main_figures.py,publication_cmame_v1/04_figures/11_fig10_systematic_coverage/fig10_systematic_coverage.svg;publication_cmame_v1/04_figures/11_fig10_systematic_coverage/fig10_systematic_coverage.pdf;publication_cmame_v1/04_figures/11_fig10_systematic_coverage/fig10_systematic_coverage.png
Figure 10,d--f,"Descriptor proximity improved, but HET_S2_02 target support failed.",stage_08_Systematic_Coverage_V3/01_systematic_coverage_design/train_selection/train_v3_coverage_qualification.json,sha256:a9ce0ada00a414911a739d1d87e5fe2df2bada1eeae42c132d6746ba6693bc1f,HET_S2_02.Stage08_descriptor_distance/Stage08_target_PCA_residual/Stage08_target_threshold/gates,NEGATIVE_CONFIRMATORY,Direct frozen scalars; paired status cards prevent descriptor-pass/target-fail conflation.,publication_cmame_v1/04_figures/00_style/build_main_figures.py,publication_cmame_v1/04_figures/11_fig10_systematic_coverage/fig10_systematic_coverage.svg;publication_cmame_v1/04_figures/11_fig10_systematic_coverage/fig10_systematic_coverage.pdf;publication_cmame_v1/04_figures/11_fig10_systematic_coverage/fig10_systematic_coverage.png
Figure 10,"g,h",Formal fresh-validation closure remained 0/4.,stage_08_Systematic_Coverage_V3/01_systematic_coverage_design/validation_selection/fresh_validation_v3_selection.json,sha256:45e53a30a8880c7726800a66efcc7978eebd66bd7018dc1ba6cd21323314c87d,audit[].macro_group/candidate_count/eligible_count/provisional_eligible_group_winners/selected/formal_role_closure,NEGATIVE_CONFIRMATORY,Direct counts for all four macro groups; provisional and formal states separated.,publication_cmame_v1/04_figures/00_style/build_main_figures.py,publication_cmame_v1/04_figures/11_fig10_systematic_coverage/fig10_systematic_coverage.svg;publication_cmame_v1/04_figures/11_fig10_systematic_coverage/fig10_systematic_coverage.pdf;publication_cmame_v1/04_figures/11_fig10_systematic_coverage/fig10_systematic_coverage.png
Figure 10,"i,j",The coverage cycle used zero model-prediction reads and did not authorize training.,stage_08_Systematic_Coverage_V3/01_systematic_coverage_design/qualification/stage08a_qualification_summary.json,sha256:ee8d6e2a8e061435a7ed2d02e9af638d72e71a946e7d34003900d70b54a20120,counts/model predictions/model forwards/training runs/final_status/gates,NEGATIVE_CONFIRMATORY,Direct frozen counters and final qualification cards.,publication_cmame_v1/04_figures/00_style/build_main_figures.py,publication_cmame_v1/04_figures/11_fig10_systematic_coverage/fig10_systematic_coverage.svg;publication_cmame_v1/04_figures/11_fig10_systematic_coverage/fig10_systematic_coverage.pdf;publication_cmame_v1/04_figures/11_fig10_systematic_coverage/fig10_systematic_coverage.png
Figure 10,j,Qualified lower layers and prohibited full-solver claims remain separated.,stage_08Z_Project_Closure_Publication/03_claim_matrix/final_claim_support_matrix.json,sha256:20f3cffba7b50062ae9f6b66b4ba4d020319de3ab747d4ef4eb0b88afe8d8fc9,allowed_claims/prohibited_claims,NEGATIVE_CONFIRMATORY,Final ladder organized by claim layer.,publication_cmame_v1/04_figures/00_style/build_main_figures.py,publication_cmame_v1/04_figures/11_fig10_systematic_coverage/fig10_systematic_coverage.svg;publication_cmame_v1/04_figures/11_fig10_systematic_coverage/fig10_systematic_coverage.pdf;publication_cmame_v1/04_figures/11_fig10_systematic_coverage/fig10_systematic_coverage.png
S01,a-b,Frozen kernel zeroth- and first-moment errors are displayed by layout and resolution.,06_experiments/stage_01b_operator_verification/results/kernel_moment_metrics.csv,sha256:13463a8c5081b2291f06c39131e18d9f52541d2b8f7f10b4a9903d9d300e8795,"resolution, layout, s0_l2, s1_l2",SUPPORTED,Exact rows; log-y display.,publication_cmame_v1/04_figures/00_style/build_supplementary_figures.py,figS01_operator_checks.svg; figS01_operator_checks.pdf; figS01_operator_checks.png
S01,c,Manufactured static operator errors are displayed without converting them into V2 qualification.,06_experiments/stage_01b_operator_verification/results/manufactured_operator_metrics.csv,sha256:1629070a7f0dea88f49a7eb666a572b4ab0b19c76a04ca9cf290e47ab4f8fbff,"operator, norm=l2, resolution, error",SUPPORTED,Exact L2 rows; log-y display.,publication_cmame_v1/04_figures/00_style/build_supplementary_figures.py,figS01_operator_checks.svg; figS01_operator_checks.pdf; figS01_operator_checks.png
S01,d,Instantaneous pairwise conservation residual audits are shown for every frozen row.,06_experiments/stage_01b_operator_verification/results/conservation_audit.csv,sha256:d068430ce441c17002433c36b3e76eaee767951529997fd44a9e26c760cb2523,"characteristic_normalized_internal_force, viscous_power",SUPPORTED,Source order; log-y display; sign color.,publication_cmame_v1/04_figures/00_style/build_supplementary_figures.py,figS01_operator_checks.svg; figS01_operator_checks.pdf; figS01_operator_checks.png
S01,e,Frozen scalar integrator error decreases are shown by time step.,06_experiments/stage_01b_operator_verification/results/integrator_order.csv,sha256:84ef80da04f915bbb8d097525e36686853ecb712cc79a6293bb0c364933fa537,"integration_scheme, dt, absolute_error",SUPPORTED,Exact rows; log-log display.,publication_cmame_v1/04_figures/00_style/build_supplementary_figures.py,figS01_operator_checks.svg; figS01_operator_checks.pdf; figS01_operator_checks.png
S01,f,Static verification does not restore the retained V2 boundary.,06_experiments/stage_01d2_v2_requalification/results/stage01d2_evaluation.json,sha256:e6f1cb6e7bcd9cdebb628e0196c3dd99a0314efe219bcff5f176f2fff3f3f8ab,"final_status, gci_justified, resource_pass, disorder_status",SUPPORTED,Status-card transcription.,publication_cmame_v1/04_figures/00_style/build_supplementary_figures.py,figS01_operator_checks.svg; figS01_operator_checks.pdf; figS01_operator_checks.png
S02,a-b,Default-GC canary resource and timing evidence is displayed for all repeats.,06_experiments/stage_01dp_resource_policy/results/canary_summary.csv,sha256:f05175015e6b746ff04722496025d0513a0667e0e08cc53dc52765bc0717b31e,"rss_relative_increase, step_time_ratio, policy_gate_pass",SUPPORTED,Exact repeat bars.,publication_cmame_v1/04_figures/00_style/build_supplementary_figures.py,figS02_resource_gc.svg; figS02_resource_gc.pdf; figS02_resource_gc.png
S02,c,Frozen working-set models attribute retained storage to edge count rather than accumulated steps.,06_experiments/stage_01dr2_storage_attribution/results/edge_working_set_models.csv,sha256:8f07f85b9166fae2bc5c4aff636f5d93adfcf5dfef49379a7e9a61bdbfb39f92,"total_edge_coefficient, total_step_coefficient, confidence fields",SUPPORTED,Exact coefficients; symlog display.,publication_cmame_v1/04_figures/00_style/build_supplementary_figures.py,figS02_resource_gc.svg; figS02_resource_gc.pdf; figS02_resource_gc.png
S02,d,Old-survivor storage deltas are shown for every fixed-topology control repeat.,06_experiments/stage_01dr2_storage_attribution/results/fixed_topology_summary.csv,sha256:f8db681193532fb45dcf2d771101d85047cd5cedbea7923ce4ba8e1fd4155933,"old_survivor_bytes_delta, directed_edge_count",SUPPORTED,Exact bars in source order.,publication_cmame_v1/04_figures/00_style/build_supplementary_figures.py,figS02_resource_gc.svg; figS02_resource_gc.pdf; figS02_resource_gc.png
S02,e,Storage-inventory self-retention and view/base deduplication checks retained zero deltas.,06_experiments/stage_01dr2_storage_attribution/results/inventory_validation_summary.csv,sha256:04b592c7c24898205856294f4da0d21348a0b08340ba1bbb71422772235115d9,"tensor_count_delta, unique_storage_bytes_delta",SUPPORTED,Exact repeat traces.,publication_cmame_v1/04_figures/00_style/build_supplementary_figures.py,figS02_resource_gc.svg; figS02_resource_gc.pdf; figS02_resource_gc.png
S02,f,Numerical-regression repeats remained bitwise and finite under the audited resource route.,06_experiments/stage_01dr2_storage_attribution/results/numerical_regression_summary.csv,sha256:70225824847204f5089292cad8c033a1d505e162ccb0a5812e0ed5410c290670,"maximum_absolute_difference, bitwise_and_finite_rows",SUPPORTED,Exact bars.,publication_cmame_v1/04_figures/00_style/build_supplementary_figures.py,figS02_resource_gc.svg; figS02_resource_gc.pdf; figS02_resource_gc.png
S03,a-b,The frozen spatial sequence and its support ratios are displayed directly.,06_experiments/stage_01d2_v2_requalification/results/space_results.csv,sha256:5e13450a399d903ef93a431ff177ad02dc70fe14dc4adce3c73491769ad8172b,"resolution, support_ratio, velocity_relative_l2, modal_error, kinetic_energy_error",DIAGNOSTIC_ONLY,Resolution sort; exact values; log-y for errors.,publication_cmame_v1/04_figures/00_style/build_supplementary_figures.py,figS03_mms_plateau.svg; figS03_mms_plateau.pdf; figS03_mms_plateau.png
S03,c-d,Time refinement shows a retained error plateau without a newly fitted convergence order.,06_experiments/stage_01d2_v2_requalification/results/time_results.csv,sha256:a31313c86dd1150c73d6415f8f0ab63b33bc3d8e055090843841cd0963cc1213,dt and three error fields,DIAGNOSTIC_ONLY,Descending-dt coordinate placement; log-log display.,publication_cmame_v1/04_figures/00_style/build_supplementary_figures.py,figS03_mms_plateau.svg; figS03_mms_plateau.pdf; figS03_mms_plateau.png
S03,e,"All frozen disorder outcomes, including failures, remain visible.",06_experiments/stage_01d2_v2_requalification/results/disorder_results.csv,sha256:7f836754e3e619a96738febb6fd0d4385831d8427e090de85f914cf4265983aa,status and diagnostic fields,DIAGNOSTIC_ONLY,Source order; status color; log-y display.,publication_cmame_v1/04_figures/00_style/build_supplementary_figures.py,figS03_mms_plateau.svg; figS03_mms_plateau.pdf; figS03_mms_plateau.png
S03,f,The frozen evaluation does not restore V2 or justify a GCI statement.,06_experiments/stage_01d2_v2_requalification/results/stage01d2_evaluation.json,sha256:e6f1cb6e7bcd9cdebb628e0196c3dd99a0314efe219bcff5f176f2fff3f3f8ab,"final_status, space_slope_velocity, gci_justified, resource_pass",SUPPORTED,Exact scalar annotation and status-card transcription.,publication_cmame_v1/04_figures/00_style/build_supplementary_figures.py,figS03_mms_plateau.svg; figS03_mms_plateau.pdf; figS03_mms_plateau.png
S04,(a),"Every frozen Stage02 static-fitting trajectory is retained, including failed and nonqualifying runs.",stage_02_Particle_Interaction_Operator/06_model/pair_force_pio_static_fitting_v0_1/runs/K0/seed_20261201/training_history.json,sha256:9ebccc2b15de2f2542b27ceccc14d1228ea362b90cf005896940ed0a571469ef,"rows[*].update, graph_balanced_loss",DIAGNOSTIC_ONLY,Exact history curve; log-y display.,publication_cmame_v1/04_figures/00_style/build_supplementary_figures.py,figS04_stage02_all_runs.svg; figS04_stage02_all_runs.pdf; figS04_stage02_all_runs.png
S04,(a),"Every frozen Stage02 static-fitting trajectory is retained, including failed and nonqualifying runs.",stage_02_Particle_Interaction_Operator/06_model/pair_force_pio_static_fitting_v0_1/runs/K0/seed_20261202/training_history.json,sha256:15bdd45dad7be54318f13fbd5d457c318bbe00684403b2333a06d34498474c73,"rows[*].update, graph_balanced_loss",DIAGNOSTIC_ONLY,Exact history curve; log-y display.,publication_cmame_v1/04_figures/00_style/build_supplementary_figures.py,figS04_stage02_all_runs.svg; figS04_stage02_all_runs.pdf; figS04_stage02_all_runs.png
S04,(a),"Every frozen Stage02 static-fitting trajectory is retained, including failed and nonqualifying runs.",stage_02_Particle_Interaction_Operator/06_model/pair_force_pio_static_fitting_v0_1/runs/K0/seed_20261203/training_history.json,sha256:6920f8e9f2723206957feba59177be57e18c0f537931b7e2d87187c120ba91f2,"rows[*].update, graph_balanced_loss",DIAGNOSTIC_ONLY,Exact history curve; log-y display.,publication_cmame_v1/04_figures/00_style/build_supplementary_figures.py,figS04_stage02_all_runs.svg; figS04_stage02_all_runs.pdf; figS04_stage02_all_runs.png
S04,(b),"Every frozen Stage02 static-fitting trajectory is retained, including failed and nonqualifying runs.",stage_02_Particle_Interaction_Operator/06_model/pair_force_pio_static_fitting_v0_1/runs/K1/seed_20261201/training_history.json,sha256:1ee639fbc884001b5699680487f6013293140ce33cbab11629989d73e7a0e332,"rows[*].update, graph_balanced_loss",DIAGNOSTIC_ONLY,Exact history curve; log-y display.,publication_cmame_v1/04_figures/00_style/build_supplementary_figures.py,figS04_stage02_all_runs.svg; figS04_stage02_all_runs.pdf; figS04_stage02_all_runs.png
S04,(b),"Every frozen Stage02 static-fitting trajectory is retained, including failed and nonqualifying runs.",stage_02_Particle_Interaction_Operator/06_model/pair_force_pio_static_fitting_v0_1/runs/K1/seed_20261202/training_history.json,sha256:1854cbb4d7751bac591b732be2bb4a1c4849d5e35ef0a918d0d31fdc3ea8e776,"rows[*].update, graph_balanced_loss",DIAGNOSTIC_ONLY,Exact history curve; log-y display.,publication_cmame_v1/04_figures/00_style/build_supplementary_figures.py,figS04_stage02_all_runs.svg; figS04_stage02_all_runs.pdf; figS04_stage02_all_runs.png
S04,(b),"Every frozen Stage02 static-fitting trajectory is retained, including failed and nonqualifying runs.",stage_02_Particle_Interaction_Operator/06_model/pair_force_pio_static_fitting_v0_1/runs/K1/seed_20261203/training_history.json,sha256:ab4a29cbf88942b6b365e02f69eb6e09c3f52e37d9cf2d07fd56cce6e2d0da75,"rows[*].update, graph_balanced_loss",DIAGNOSTIC_ONLY,Exact history curve; log-y display.,publication_cmame_v1/04_figures/00_style/build_supplementary_figures.py,figS04_stage02_all_runs.svg; figS04_stage02_all_runs.pdf; figS04_stage02_all_runs.png
S04,(c),"Every frozen Stage02 static-fitting trajectory is retained, including failed and nonqualifying runs.",stage_02_Particle_Interaction_Operator/06_model/pair_force_pio_static_fitting_v0_1/runs/K2/seed_20261201/training_history.json,sha256:0d4b0f626def91f8ea115d17d9fcd12f15a3e13b2fac4d121c7fd5230081cc26,"rows[*].update, graph_balanced_loss",DIAGNOSTIC_ONLY,Exact history curve; log-y display.,publication_cmame_v1/04_figures/00_style/build_supplementary_figures.py,figS04_stage02_all_runs.svg; figS04_stage02_all_runs.pdf; figS04_stage02_all_runs.png
S04,(c),"Every frozen Stage02 static-fitting trajectory is retained, including failed and nonqualifying runs.",stage_02_Particle_Interaction_Operator/06_model/pair_force_pio_static_fitting_v0_1/runs/K2/seed_20261202/training_history.json,sha256:69d86e3d9eae9b1f62dfac87b27716107a1fcf2f75240e64d5a420b73f292889,"rows[*].update, graph_balanced_loss",DIAGNOSTIC_ONLY,Exact history curve; log-y display.,publication_cmame_v1/04_figures/00_style/build_supplementary_figures.py,figS04_stage02_all_runs.svg; figS04_stage02_all_runs.pdf; figS04_stage02_all_runs.png
S04,(c),"Every frozen Stage02 static-fitting trajectory is retained, including failed and nonqualifying runs.",stage_02_Particle_Interaction_Operator/06_model/pair_force_pio_static_fitting_v0_1/runs/K2/seed_20261203/training_history.json,sha256:8f20f292b50a6332375f23b73b27d8b5219c79c914dadfc77f4fd328953ae6da,"rows[*].update, graph_balanced_loss",DIAGNOSTIC_ONLY,Exact history curve; log-y display.,publication_cmame_v1/04_figures/00_style/build_supplementary_figures.py,figS04_stage02_all_runs.svg; figS04_stage02_all_runs.pdf; figS04_stage02_all_runs.png
S04,(d),"Every frozen Stage02 static-fitting trajectory is retained, including failed and nonqualifying runs.",stage_02_Particle_Interaction_Operator/06_model/pair_force_pio_static_fitting_v0_2/runs/K0/seed_20261211/training_history.json,sha256:21d22947c4548a22257712b77a9f8715f93014883e9e9cdb6c7d5d11c05e4e66,"rows[*].update, graph_balanced_loss",DIAGNOSTIC_ONLY,Exact history curve; log-y display.,publication_cmame_v1/04_figures/00_style/build_supplementary_figures.py,figS04_stage02_all_runs.svg; figS04_stage02_all_runs.pdf; figS04_stage02_all_runs.png
S04,(d),"Every frozen Stage02 static-fitting trajectory is retained, including failed and nonqualifying runs.",stage_02_Particle_Interaction_Operator/06_model/pair_force_pio_static_fitting_v0_2/runs/K0/seed_20261212/training_history.json,sha256:d8f7cf2f67126c3804a07a46244d3b775c49fd29ac266206164a6e5db35a5b09,"rows[*].update, graph_balanced_loss",DIAGNOSTIC_ONLY,Exact history curve; log-y display.,publication_cmame_v1/04_figures/00_style/build_supplementary_figures.py,figS04_stage02_all_runs.svg; figS04_stage02_all_runs.pdf; figS04_stage02_all_runs.png
S04,(d),"Every frozen Stage02 static-fitting trajectory is retained, including failed and nonqualifying runs.",stage_02_Particle_Interaction_Operator/06_model/pair_force_pio_static_fitting_v0_2/runs/K0/seed_20261213/training_history.json,sha256:1f9ea49122468c495cef441ce125208db39fad10f35aa40b5510bc831a11a55a,"rows[*].update, graph_balanced_loss",DIAGNOSTIC_ONLY,Exact history curve; log-y display.,publication_cmame_v1/04_figures/00_style/build_supplementary_figures.py,figS04_stage02_all_runs.svg; figS04_stage02_all_runs.pdf; figS04_stage02_all_runs.png
S04,(e),"Every frozen Stage02 static-fitting trajectory is retained, including failed and nonqualifying runs.",stage_02_Particle_Interaction_Operator/06_model/pair_force_pio_static_fitting_v0_2/runs/K1/seed_20261211/training_history.json,sha256:2bb054483ba6fd06baeaa76992e0d5537d159f118a219aecf9174f99f1496403,"rows[*].update, graph_balanced_loss",DIAGNOSTIC_ONLY,Exact history curve; log-y display.,publication_cmame_v1/04_figures/00_style/build_supplementary_figures.py,figS04_stage02_all_runs.svg; figS04_stage02_all_runs.pdf; figS04_stage02_all_runs.png
S04,(e),"Every frozen Stage02 static-fitting trajectory is retained, including failed and nonqualifying runs.",stage_02_Particle_Interaction_Operator/06_model/pair_force_pio_static_fitting_v0_2/runs/K1/seed_20261212/training_history.json,sha256:f8158493786dccc73d048d1413b5c59c75c5be3db8108a47a82cfd15ed2d7745,"rows[*].update, graph_balanced_loss",DIAGNOSTIC_ONLY,Exact history curve; log-y display.,publication_cmame_v1/04_figures/00_style/build_supplementary_figures.py,figS04_stage02_all_runs.svg; figS04_stage02_all_runs.pdf; figS04_stage02_all_runs.png
S04,(e),"Every frozen Stage02 static-fitting trajectory is retained, including failed and nonqualifying runs.",stage_02_Particle_Interaction_Operator/06_model/pair_force_pio_static_fitting_v0_2/runs/K1/seed_20261213/training_history.json,sha256:793a68005cf515b7253dd48b99f5425d9e03d24fcf07d0adae88cd7e9078c571,"rows[*].update, graph_balanced_loss",DIAGNOSTIC_ONLY,Exact history curve; log-y display.,publication_cmame_v1/04_figures/00_style/build_supplementary_figures.py,figS04_stage02_all_runs.svg; figS04_stage02_all_runs.pdf; figS04_stage02_all_runs.png
S04,(f),"Every frozen Stage02 static-fitting trajectory is retained, including failed and nonqualifying runs.",stage_02_Particle_Interaction_Operator/06_model/pair_force_pio_static_fitting_v0_2/runs/K2/seed_20261211/training_history.json,sha256:8867c327312944b89113b44f8f82baae6f7ba59c541d7dff2a958459e46869a5,"rows[*].update, graph_balanced_loss",DIAGNOSTIC_ONLY,Exact history curve; log-y display.,publication_cmame_v1/04_figures/00_style/build_supplementary_figures.py,figS04_stage02_all_runs.svg; figS04_stage02_all_runs.pdf; figS04_stage02_all_runs.png
S04,(f),"Every frozen Stage02 static-fitting trajectory is retained, including failed and nonqualifying runs.",stage_02_Particle_Interaction_Operator/06_model/pair_force_pio_static_fitting_v0_2/runs/K2/seed_20261212/training_history.json,sha256:7dfb87ab251fdff1656eebeae791b8dd4e7ff3594c4ec933ad90bd4206fbf182,"rows[*].update, graph_balanced_loss",DIAGNOSTIC_ONLY,Exact history curve; log-y display.,publication_cmame_v1/04_figures/00_style/build_supplementary_figures.py,figS04_stage02_all_runs.svg; figS04_stage02_all_runs.pdf; figS04_stage02_all_runs.png
S04,(f),"Every frozen Stage02 static-fitting trajectory is retained, including failed and nonqualifying runs.",stage_02_Particle_Interaction_Operator/06_model/pair_force_pio_static_fitting_v0_2/runs/K2/seed_20261213/training_history.json,sha256:18fa633d6eec68432f9883be44b8ec0198d0fc54e18b3e6f501454dc20c390ad,"rows[*].update, graph_balanced_loss",DIAGNOSTIC_ONLY,Exact history curve; log-y display.,publication_cmame_v1/04_figures/00_style/build_supplementary_figures.py,figS04_stage02_all_runs.svg; figS04_stage02_all_runs.pdf; figS04_stage02_all_runs.png
S05,a-f,The complete fixed-topology 360-probe matrix retains every historical pass and failure.,stage_03_Dynamic_SPH_Transformer_Hybrid/05_dynamic_solver_implementation/stage03dr/failure_matrix/stage03d_complete_360_row_matrix.json,sha256:a0b925593f3cda97be6826658f308e05635da4dec5e2553dd56bc2aaa39b7991,rows[*] and summary.axis_counts,DIAGNOSTIC_ONLY,Source-order heatmaps; log10 display; frozen summary bars.,publication_cmame_v1/04_figures/00_style/build_supplementary_figures.py,figS05_stage03_360_probe.svg; figS05_stage03_360_probe.pdf; figS05_stage03_360_probe.png
S06,"a-d,g","The full frozen signal factorization separates task residual, full-gradient activity, direction projection, and attribution class.",stage_04_Local_Causal_Dynamic_Training/05_task_aligned_gradient/stage04cr/directional_projection/directional_projection_and_factors.json,sha256:8cedf91d13901fa0b8958189db1c8c094f2532589e16c63753b0ec3dedab0fdb,rows[*].components and reason_counts,DIAGNOSTIC_ONLY,Component expansion; source order; log display where stated.,publication_cmame_v1/04_figures/00_style/build_supplementary_figures.py,figS06_stage04_signal_decomposition.svg; figS06_stage04_signal_decomposition.pdf; figS06_stage04_signal_decomposition.png
S06,b,Full gradients were active even where group-direction projections were small.,stage_04_Local_Causal_Dynamic_Training/05_task_aligned_gradient/stage04cr/full_gradient_norm/full_gradient_norms.json,sha256:ce3a30f1f6ce1c0418e0af9bda733ce86cadc826529aca616dd65d37d6e72e75,rows[*].components.*.L2/nonzero_element_count,DIAGNOSTIC_ONLY,Component expansion; log-log scatter.,publication_cmame_v1/04_figures/00_style/build_supplementary_figures.py,figS06_stage04_signal_decomposition.svg; figS06_stage04_signal_decomposition.pdf; figS06_stage04_signal_decomposition.png
S06,a,D0 and random-model state residual magnitudes are retained in the source-data inventory.,stage_04_Local_Causal_Dynamic_Training/05_task_aligned_gradient/stage04cr/state_residual/state_residual_and_D0_comparison.json,sha256:36c775ac32c36075af5933e05244d7a3598dcace5388a1b436b01383837354b6,rows[*].D0_dimensionless_state_residual_RMS/random_minus_D0_state_RMS,DIAGNOSTIC_ONLY,Exact source-data export.,publication_cmame_v1/04_figures/00_style/build_supplementary_figures.py,figS06_stage04_signal_decomposition.svg; figS06_stage04_signal_decomposition.pdf; figS06_stage04_signal_decomposition.png
S06,e-f,Frozen RK2 factorization shows velocity-scale and position/density-scale attenuation.,stage_04_Local_Causal_Dynamic_Training/05_task_aligned_gradient/stage04cr/rk2_attenuation/rk2_attenuation.json,sha256:1cd05d45441f1d4f529ba24583a78e800a1cdbf8b75f81550dcdade6241e517a,"V_over_dt_A_mid, X_over_dt2_A_mid, RHO_over_dt2_A_mid",DIAGNOSTIC_ONLY,Exact source-order scatter.,publication_cmame_v1/04_figures/00_style/build_supplementary_figures.py,figS06_stage04_signal_decomposition.svg; figS06_stage04_signal_decomposition.pdf; figS06_stage04_signal_decomposition.png
S06,h,"The retained Stage04CR terminal status is mixed or unresolved, not qualified.",stage_04_Local_Causal_Dynamic_Training/05_task_aligned_gradient/stage04cr/qualification/stage04cr_summary.json,sha256:3b24b834bca6deeca61f6388706ebc739beb22b5773fddfa26854754035c8cdb,"final_status, reason_counts, stage04c_status_preserved",SUPPORTED,Status-card transcription.,publication_cmame_v1/04_figures/00_style/build_supplementary_figures.py,figS06_stage04_signal_decomposition.svg; figS06_stage04_signal_decomposition.pdf; figS06_stage04_signal_decomposition.png
S07,a-c,Four frozen historical coordinate probes missed the stable FD-window requirement and remain unresolved.,stage_05_Scale_Aware_Discrete_Defect_Training/02_optimizer_gradient_qualification/stage05cr/failed_probe_reconstruction/original_failed_probe_reconstruction.json,sha256:6faa3f6c940fefc5e7c053fe18bd8780f35fe5d873d796670d0cda854b8489e7,rows[*].original_finite_difference and reverse_jvp,DIAGNOSTIC_ONLY,Exact epsilon traces and pass raster.,publication_cmame_v1/04_figures/00_style/build_supplementary_figures.py,figS07_stage05_fd_boundary.svg; figS07_stage05_fd_boundary.pdf; figS07_stage05_fd_boundary.png
S07,d,Matched-control availability is reproduced without completing the blocked attribution route.,stage_05_Scale_Aware_Discrete_Defect_Training/02_optimizer_gradient_qualification/stage05cr/matched_controls/matched_control_selection.json,sha256:6d49f3b969fea22b63653df0566472d93954af1d80300be57384f94e78f60ff4,rows[*].observed/required_distinct_control_count,DIAGNOSTIC_ONLY,Exact grouped bars.,publication_cmame_v1/04_figures/00_style/build_supplementary_figures.py,figS07_stage05_fd_boundary.svg; figS07_stage05_fd_boundary.pdf; figS07_stage05_fd_boundary.png
S07,h,The frozen historical attribution remained incomplete and generated no training or optimizer actions.,stage_05_Scale_Aware_Discrete_Defect_Training/02_optimizer_gradient_qualification/stage05cr/attribution/failure_attribution.json,sha256:7ea54eee2556bb5b392842d1743874270eb29e32b76bb28741078ed39b75d88f,"status, unresolved_count",SUPPORTED,Status transcription.,publication_cmame_v1/04_figures/00_style/build_supplementary_figures.py,figS07_stage05_fd_boundary.svg; figS07_stage05_fd_boundary.pdf; figS07_stage05_fd_boundary.png
S07,e-f,Blind prospective coordinate/block evidence retains every classification and the failed coverage strata.,stage_05_Scale_Aware_Discrete_Defect_Training/02_optimizer_gradient_qualification/stage05cq/coordinate_block_sampling/coordinate_block_evidence.json,sha256:0b0f7ee41d1027bc062d32f6851c1fc4fc77872db164b046c4cc4c42c5686b8f,"classification_counts, group_lineages, failures",DIAGNOSTIC_ONLY,Exact counts and source-order raster.,publication_cmame_v1/04_figures/00_style/build_supplementary_figures.py,figS07_stage05_fd_boundary.svg; figS07_stage05_fd_boundary.pdf; figS07_stage05_fd_boundary.png
S07,g,Optimizer-path evidence and all-coordinate coverage are separate claims; coverage did not qualify.,stage_05_Scale_Aware_Discrete_Defect_Training/02_optimizer_gradient_qualification/stage05cq/qualification/stage05cq_qualification_summary.json,sha256:ee4cd3347449dac1812e9c6aa74d90ffe8dbe5bd0eac313c67a71658da28baa2,"hard_gates, failed_hard_gates, terminal_status",SUPPORTED,Status-card transcription.,publication_cmame_v1/04_figures/00_style/build_supplementary_figures.py,figS07_stage05_fd_boundary.svg; figS07_stage05_fd_boundary.pdf; figS07_stage05_fd_boundary.png
S07,h,"No optimizer, update, training, rollout, or performance action occurred in the blocked route.",stage_05_Scale_Aware_Discrete_Defect_Training/02_optimizer_gradient_qualification/stage05cr/route_decision/stage05cr_route_decision.json,sha256:de9154793780ab0004422c9366625e41ef4726164324b2df878576fef93a806f,"optimizer_instances, optimizer_steps, persistent_parameter_updates, training_runs, neural_rollouts, performance_evaluations",SUPPORTED,Exact counter transcription.,publication_cmame_v1/04_figures/00_style/build_supplementary_figures.py,figS07_stage05_fd_boundary.svg; figS07_stage05_fd_boundary.pdf; figS07_stage05_fd_boundary.png
S08,a-f,Every frozen Stage06 checkpoint metric remains visible in the complete scan.,stage_06_Optimizer_Update_Dynamics_Training/03_formal_training/stage06cr/checkpoint_trajectory/all_590_checkpoint_metrics.jsonl,sha256:20659f95663dd9662d2053207bddd84b87b82dc5e1fd1eeb839bb880052a60f0,all JSONL rows and metric fields,DIAGNOSTIC_ONLY,Exact source-order/run trajectories and gate raster.,publication_cmame_v1/04_figures/00_style/build_supplementary_figures.py,figS08_stage06_590_scan.svg; figS08_stage06_590_scan.pdf; figS08_stage06_590_scan.png
S08,g-h,The frozen Stage06 scan inventory and joint verdict are reproduced without checkpoint reselection.,stage_06_Optimizer_Update_Dynamics_Training/03_formal_training/stage06cr/checkpoint_trajectory/all_590_train_gate_scan.json,sha256:542977edf16ef988b9d2a6408753ee1bbe9c29c1046a78c8408f496147caff9b,"checkpoint_count, per_run, global gate verdicts",SUPPORTED,Exact bars and status-card transcription.,publication_cmame_v1/04_figures/00_style/build_supplementary_figures.py,figS08_stage06_590_scan.svg; figS08_stage06_590_scan.pdf; figS08_stage06_590_scan.png
S09,a-f,"Every Stage06 TRAIN origin error is retained across six lineages, two variants, three arms, and three seeds.",stage_06_Optimizer_Update_Dynamics_Training/03_formal_training/stage06cr/origin_difficulty/origin_difficulty_map.json,sha256:e50246cd723f8e70f0b7995c453330559383089d2eb5629e4f7c5923524c4f98,TRAIN_rows[*].errors and origin descriptors,DIAGNOSTIC_ONLY,Exact origin traces; variant coordinate offset only.,publication_cmame_v1/04_figures/00_style/build_supplementary_figures.py,figS09_stage06_six_lineage_origins.svg; figS09_stage06_six_lineage_origins.pdf; figS09_stage06_six_lineage_origins.png
S10,a-f,Every frozen Stage07 checkpoint metric remains visible in the complete scan.,stage_07_Heterogeneous_Development_Pool/05_formal_retraining/stage07dr/checkpoint_scan/all_652_checkpoint_metrics.jsonl,sha256:ea5b441bac7d5a1f4edc1634cd49946ff3e40b1f92cf7319fec6678ad13cb9b4,all JSONL rows and metric fields,DIAGNOSTIC_ONLY,Exact source-order/run trajectories and gate raster.,publication_cmame_v1/04_figures/00_style/build_supplementary_figures.py,figS10_stage07_652_scan.svg; figS10_stage07_652_scan.pdf; figS10_stage07_652_scan.png
S10,g-h,The frozen Stage07 scan inventory and joint verdict are reproduced without checkpoint reselection.,stage_07_Heterogeneous_Development_Pool/05_formal_retraining/stage07dr/checkpoint_scan/all_652_checkpoint_gate_scan.json,sha256:587b35b224910efa8d7fe996b07e660fe4896db0bfa47dcf4f18a9593d4e4d97,"checkpoint_count, per_run, global gate verdicts",SUPPORTED,Exact bars and status-card transcription.,publication_cmame_v1/04_figures/00_style/build_supplementary_figures.py,figS10_stage07_652_scan.svg; figS10_stage07_652_scan.pdf; figS10_stage07_652_scan.png
S11,(a),Every selected-checkpoint Stage07 TRAIN origin is retained for all fourteen lineages and nine arm/seed runs.,stage_07_Heterogeneous_Development_Pool/05_formal_retraining/stage07dr/train_fit_attribution/D1_seed20700711.json,sha256:37ec40e7490057d72d85a5732f3baab739c8262394ff01ee154cf668821048e8,selected.lineages.HET_S1_02.origins[*].Q_def,DIAGNOSTIC_ONLY,Exact 9×64 heatmap; shared log display scale.,publication_cmame_v1/04_figures/00_style/build_supplementary_figures.py,figS11_stage07_fourteen_lineage_origins.svg; figS11_stage07_fourteen_lineage_origins.pdf; figS11_stage07_fourteen_lineage_origins.png
S11,(a),Every selected-checkpoint Stage07 TRAIN origin is retained for all fourteen lineages and nine arm/seed runs.,stage_07_Heterogeneous_Development_Pool/05_formal_retraining/stage07dr/train_fit_attribution/D1_seed20700712.json,sha256:0f6539abd12186e54f4b410afb0bff08f17a6fb6fd5cd6ab1b933b5c29256ba3,selected.lineages.HET_S1_02.origins[*].Q_def,DIAGNOSTIC_ONLY,Exact 9×64 heatmap; shared log display scale.,publication_cmame_v1/04_figures/00_style/build_supplementary_figures.py,figS11_stage07_fourteen_lineage_origins.svg; figS11_stage07_fourteen_lineage_origins.pdf; figS11_stage07_fourteen_lineage_origins.png
S11,(a),Every selected-checkpoint Stage07 TRAIN origin is retained for all fourteen lineages and nine arm/seed runs.,stage_07_Heterogeneous_Development_Pool/05_formal_retraining/stage07dr/train_fit_attribution/D1_seed20700713.json,sha256:3a42b3f0e593eb55807ece69acf6260af1fadf594ca1d2e6050288d44b5537a6,selected.lineages.HET_S1_02.origins[*].Q_def,DIAGNOSTIC_ONLY,Exact 9×64 heatmap; shared log display scale.,publication_cmame_v1/04_figures/00_style/build_supplementary_figures.py,figS11_stage07_fourteen_lineage_origins.svg; figS11_stage07_fourteen_lineage_origins.pdf; figS11_stage07_fourteen_lineage_origins.png
S11,(a),Every selected-checkpoint Stage07 TRAIN origin is retained for all fourteen lineages and nine arm/seed runs.,stage_07_Heterogeneous_Development_Pool/05_formal_retraining/stage07dr/train_fit_attribution/D2_seed20700711.json,sha256:99302ce76226028ab0889f0d82105293863b738ccb7e637ee7e29f62da63d5bc,selected.lineages.HET_S1_02.origins[*].Q_def,DIAGNOSTIC_ONLY,Exact 9×64 heatmap; shared log display scale.,publication_cmame_v1/04_figures/00_style/build_supplementary_figures.py,figS11_stage07_fourteen_lineage_origins.svg; figS11_stage07_fourteen_lineage_origins.pdf; figS11_stage07_fourteen_lineage_origins.png
S11,(a),Every selected-checkpoint Stage07 TRAIN origin is retained for all fourteen lineages and nine arm/seed runs.,stage_07_Heterogeneous_Development_Pool/05_formal_retraining/stage07dr/train_fit_attribution/D2_seed20700712.json,sha256:919a2676ec54243dcd138c1e233291da617d7b4a41c1212b2d79e5492818a6bb,selected.lineages.HET_S1_02.origins[*].Q_def,DIAGNOSTIC_ONLY,Exact 9×64 heatmap; shared log display scale.,publication_cmame_v1/04_figures/00_style/build_supplementary_figures.py,figS11_stage07_fourteen_lineage_origins.svg; figS11_stage07_fourteen_lineage_origins.pdf; figS11_stage07_fourteen_lineage_origins.png
S11,(a),Every selected-checkpoint Stage07 TRAIN origin is retained for all fourteen lineages and nine arm/seed runs.,stage_07_Heterogeneous_Development_Pool/05_formal_retraining/stage07dr/train_fit_attribution/D2_seed20700713.json,sha256:70e534d315653d027360e090957706af30ee902b01732841d43c49cd693844fd,selected.lineages.HET_S1_02.origins[*].Q_def,DIAGNOSTIC_ONLY,Exact 9×64 heatmap; shared log display scale.,publication_cmame_v1/04_figures/00_style/build_supplementary_figures.py,figS11_stage07_fourteen_lineage_origins.svg; figS11_stage07_fourteen_lineage_origins.pdf; figS11_stage07_fourteen_lineage_origins.png
S11,(a),Every selected-checkpoint Stage07 TRAIN origin is retained for all fourteen lineages and nine arm/seed runs.,stage_07_Heterogeneous_Development_Pool/05_formal_retraining/stage07dr/train_fit_attribution/D3_seed20700711.json,sha256:71708c4b02fac0c6fd9f90d64883ca2098f3ef2c9b2379b332f1ce2d4c7bf45e,selected.lineages.HET_S1_02.origins[*].Q_def,DIAGNOSTIC_ONLY,Exact 9×64 heatmap; shared log display scale.,publication_cmame_v1/04_figures/00_style/build_supplementary_figures.py,figS11_stage07_fourteen_lineage_origins.svg; figS11_stage07_fourteen_lineage_origins.pdf; figS11_stage07_fourteen_lineage_origins.png
S11,(a),Every selected-checkpoint Stage07 TRAIN origin is retained for all fourteen lineages and nine arm/seed runs.,stage_07_Heterogeneous_Development_Pool/05_formal_retraining/stage07dr/train_fit_attribution/D3_seed20700712.json,sha256:da5d2e551ae22b904fc5f6df6076fd4eabb556ca9b44a9eff15055e64cc4f28a,selected.lineages.HET_S1_02.origins[*].Q_def,DIAGNOSTIC_ONLY,Exact 9×64 heatmap; shared log display scale.,publication_cmame_v1/04_figures/00_style/build_supplementary_figures.py,figS11_stage07_fourteen_lineage_origins.svg; figS11_stage07_fourteen_lineage_origins.pdf; figS11_stage07_fourteen_lineage_origins.png
S11,(a),Every selected-checkpoint Stage07 TRAIN origin is retained for all fourteen lineages and nine arm/seed runs.,stage_07_Heterogeneous_Development_Pool/05_formal_retraining/stage07dr/train_fit_attribution/D3_seed20700713.json,sha256:328578cec827e4dd5b29b8a6184ffd44e9898fbe23a1dfcae2729ddd2a3129ab,selected.lineages.HET_S1_02.origins[*].Q_def,DIAGNOSTIC_ONLY,Exact 9×64 heatmap; shared log display scale.,publication_cmame_v1/04_figures/00_style/build_supplementary_figures.py,figS11_stage07_fourteen_lineage_origins.svg; figS11_stage07_fourteen_lineage_origins.pdf; figS11_stage07_fourteen_lineage_origins.png
S11,(b),Every selected-checkpoint Stage07 TRAIN origin is retained for all fourteen lineages and nine arm/seed runs.,stage_07_Heterogeneous_Development_Pool/05_formal_retraining/stage07dr/train_fit_attribution/D1_seed20700711.json,sha256:37ec40e7490057d72d85a5732f3baab739c8262394ff01ee154cf668821048e8,selected.lineages.HET_S1_03.origins[*].Q_def,DIAGNOSTIC_ONLY,Exact 9×64 heatmap; shared log display scale.,publication_cmame_v1/04_figures/00_style/build_supplementary_figures.py,figS11_stage07_fourteen_lineage_origins.svg; figS11_stage07_fourteen_lineage_origins.pdf; figS11_stage07_fourteen_lineage_origins.png
S11,(b),Every selected-checkpoint Stage07 TRAIN origin is retained for all fourteen lineages and nine arm/seed runs.,stage_07_Heterogeneous_Development_Pool/05_formal_retraining/stage07dr/train_fit_attribution/D1_seed20700712.json,sha256:0f6539abd12186e54f4b410afb0bff08f17a6fb6fd5cd6ab1b933b5c29256ba3,selected.lineages.HET_S1_03.origins[*].Q_def,DIAGNOSTIC_ONLY,Exact 9×64 heatmap; shared log display scale.,publication_cmame_v1/04_figures/00_style/build_supplementary_figures.py,figS11_stage07_fourteen_lineage_origins.svg; figS11_stage07_fourteen_lineage_origins.pdf; figS11_stage07_fourteen_lineage_origins.png
S11,(b),Every selected-checkpoint Stage07 TRAIN origin is retained for all fourteen lineages and nine arm/seed runs.,stage_07_Heterogeneous_Development_Pool/05_formal_retraining/stage07dr/train_fit_attribution/D1_seed20700713.json,sha256:3a42b3f0e593eb55807ece69acf6260af1fadf594ca1d2e6050288d44b5537a6,selected.lineages.HET_S1_03.origins[*].Q_def,DIAGNOSTIC_ONLY,Exact 9×64 heatmap; shared log display scale.,publication_cmame_v1/04_figures/00_style/build_supplementary_figures.py,figS11_stage07_fourteen_lineage_origins.svg; figS11_stage07_fourteen_lineage_origins.pdf; figS11_stage07_fourteen_lineage_origins.png
S11,(b),Every selected-checkpoint Stage07 TRAIN origin is retained for all fourteen lineages and nine arm/seed runs.,stage_07_Heterogeneous_Development_Pool/05_formal_retraining/stage07dr/train_fit_attribution/D2_seed20700711.json,sha256:99302ce76226028ab0889f0d82105293863b738ccb7e637ee7e29f62da63d5bc,selected.lineages.HET_S1_03.origins[*].Q_def,DIAGNOSTIC_ONLY,Exact 9×64 heatmap; shared log display scale.,publication_cmame_v1/04_figures/00_style/build_supplementary_figures.py,figS11_stage07_fourteen_lineage_origins.svg; figS11_stage07_fourteen_lineage_origins.pdf; figS11_stage07_fourteen_lineage_origins.png
S11,(b),Every selected-checkpoint Stage07 TRAIN origin is retained for all fourteen lineages and nine arm/seed runs.,stage_07_Heterogeneous_Development_Pool/05_formal_retraining/stage07dr/train_fit_attribution/D2_seed20700712.json,sha256:919a2676ec54243dcd138c1e233291da617d7b4a41c1212b2d79e5492818a6bb,selected.lineages.HET_S1_03.origins[*].Q_def,DIAGNOSTIC_ONLY,Exact 9×64 heatmap; shared log display scale.,publication_cmame_v1/04_figures/00_style/build_supplementary_figures.py,figS11_stage07_fourteen_lineage_origins.svg; figS11_stage07_fourteen_lineage_origins.pdf; figS11_stage07_fourteen_lineage_origins.png
S11,(b),Every selected-checkpoint Stage07 TRAIN origin is retained for all fourteen lineages and nine arm/seed runs.,stage_07_Heterogeneous_Development_Pool/05_formal_retraining/stage07dr/train_fit_attribution/D2_seed20700713.json,sha256:70e534d315653d027360e090957706af30ee902b01732841d43c49cd693844fd,selected.lineages.HET_S1_03.origins[*].Q_def,DIAGNOSTIC_ONLY,Exact 9×64 heatmap; shared log display scale.,publication_cmame_v1/04_figures/00_style/build_supplementary_figures.py,figS11_stage07_fourteen_lineage_origins.svg; figS11_stage07_fourteen_lineage_origins.pdf; figS11_stage07_fourteen_lineage_origins.png
S11,(b),Every selected-checkpoint Stage07 TRAIN origin is retained for all fourteen lineages and nine arm/seed runs.,stage_07_Heterogeneous_Development_Pool/05_formal_retraining/stage07dr/train_fit_attribution/D3_seed20700711.json,sha256:71708c4b02fac0c6fd9f90d64883ca2098f3ef2c9b2379b332f1ce2d4c7bf45e,selected.lineages.HET_S1_03.origins[*].Q_def,DIAGNOSTIC_ONLY,Exact 9×64 heatmap; shared log display scale.,publication_cmame_v1/04_figures/00_style/build_supplementary_figures.py,figS11_stage07_fourteen_lineage_origins.svg; figS11_stage07_fourteen_lineage_origins.pdf; figS11_stage07_fourteen_lineage_origins.png
S11,(b),Every selected-checkpoint Stage07 TRAIN origin is retained for all fourteen lineages and nine arm/seed runs.,stage_07_Heterogeneous_Development_Pool/05_formal_retraining/stage07dr/train_fit_attribution/D3_seed20700712.json,sha256:da5d2e551ae22b904fc5f6df6076fd4eabb556ca9b44a9eff15055e64cc4f28a,selected.lineages.HET_S1_03.origins[*].Q_def,DIAGNOSTIC_ONLY,Exact 9×64 heatmap; shared log display scale.,publication_cmame_v1/04_figures/00_style/build_supplementary_figures.py,figS11_stage07_fourteen_lineage_origins.svg; figS11_stage07_fourteen_lineage_origins.pdf; figS11_stage07_fourteen_lineage_origins.png
S11,(b),Every selected-checkpoint Stage07 TRAIN origin is retained for all fourteen lineages and nine arm/seed runs.,stage_07_Heterogeneous_Development_Pool/05_formal_retraining/stage07dr/train_fit_attribution/D3_seed20700713.json,sha256:328578cec827e4dd5b29b8a6184ffd44e9898fbe23a1dfcae2729ddd2a3129ab,selected.lineages.HET_S1_03.origins[*].Q_def,DIAGNOSTIC_ONLY,Exact 9×64 heatmap; shared log display scale.,publication_cmame_v1/04_figures/00_style/build_supplementary_figures.py,figS11_stage07_fourteen_lineage_origins.svg; figS11_stage07_fourteen_lineage_origins.pdf; figS11_stage07_fourteen_lineage_origins.png
S11,(c),Every selected-checkpoint Stage07 TRAIN origin is retained for all fourteen lineages and nine arm/seed runs.,stage_07_Heterogeneous_Development_Pool/05_formal_retraining/stage07dr/train_fit_attribution/D1_seed20700711.json,sha256:37ec40e7490057d72d85a5732f3baab739c8262394ff01ee154cf668821048e8,selected.lineages.HET_S2_01.origins[*].Q_def,DIAGNOSTIC_ONLY,Exact 9×64 heatmap; shared log display scale.,publication_cmame_v1/04_figures/00_style/build_supplementary_figures.py,figS11_stage07_fourteen_lineage_origins.svg; figS11_stage07_fourteen_lineage_origins.pdf; figS11_stage07_fourteen_lineage_origins.png
S11,(c),Every selected-checkpoint Stage07 TRAIN origin is retained for all fourteen lineages and nine arm/seed runs.,stage_07_Heterogeneous_Development_Pool/05_formal_retraining/stage07dr/train_fit_attribution/D1_seed20700712.json,sha256:0f6539abd12186e54f4b410afb0bff08f17a6fb6fd5cd6ab1b933b5c29256ba3,selected.lineages.HET_S2_01.origins[*].Q_def,DIAGNOSTIC_ONLY,Exact 9×64 heatmap; shared log display scale.,publication_cmame_v1/04_figures/00_style/build_supplementary_figures.py,figS11_stage07_fourteen_lineage_origins.svg; figS11_stage07_fourteen_lineage_origins.pdf; figS11_stage07_fourteen_lineage_origins.png
S11,(c),Every selected-checkpoint Stage07 TRAIN origin is retained for all fourteen lineages and nine arm/seed runs.,stage_07_Heterogeneous_Development_Pool/05_formal_retraining/stage07dr/train_fit_attribution/D1_seed20700713.json,sha256:3a42b3f0e593eb55807ece69acf6260af1fadf594ca1d2e6050288d44b5537a6,selected.lineages.HET_S2_01.origins[*].Q_def,DIAGNOSTIC_ONLY,Exact 9×64 heatmap; shared log display scale.,publication_cmame_v1/04_figures/00_style/build_supplementary_figures.py,figS11_stage07_fourteen_lineage_origins.svg; figS11_stage07_fourteen_lineage_origins.pdf; figS11_stage07_fourteen_lineage_origins.png
S11,(c),Every selected-checkpoint Stage07 TRAIN origin is retained for all fourteen lineages and nine arm/seed runs.,stage_07_Heterogeneous_Development_Pool/05_formal_retraining/stage07dr/train_fit_attribution/D2_seed20700711.json,sha256:99302ce76226028ab0889f0d82105293863b738ccb7e637ee7e29f62da63d5bc,selected.lineages.HET_S2_01.origins[*].Q_def,DIAGNOSTIC_ONLY,Exact 9×64 heatmap; shared log display scale.,publication_cmame_v1/04_figures/00_style/build_supplementary_figures.py,figS11_stage07_fourteen_lineage_origins.svg; figS11_stage07_fourteen_lineage_origins.pdf; figS11_stage07_fourteen_lineage_origins.png
S11,(c),Every selected-checkpoint Stage07 TRAIN origin is retained for all fourteen lineages and nine arm/seed runs.,stage_07_Heterogeneous_Development_Pool/05_formal_retraining/stage07dr/train_fit_attribution/D2_seed20700712.json,sha256:919a2676ec54243dcd138c1e233291da617d7b4a41c1212b2d79e5492818a6bb,selected.lineages.HET_S2_01.origins[*].Q_def,DIAGNOSTIC_ONLY,Exact 9×64 heatmap; shared log display scale.,publication_cmame_v1/04_figures/00_style/build_supplementary_figures.py,figS11_stage07_fourteen_lineage_origins.svg; figS11_stage07_fourteen_lineage_origins.pdf; figS11_stage07_fourteen_lineage_origins.png
S11,(c),Every selected-checkpoint Stage07 TRAIN origin is retained for all fourteen lineages and nine arm/seed runs.,stage_07_Heterogeneous_Development_Pool/05_formal_retraining/stage07dr/train_fit_attribution/D2_seed20700713.json,sha256:70e534d315653d027360e090957706af30ee902b01732841d43c49cd693844fd,selected.lineages.HET_S2_01.origins[*].Q_def,DIAGNOSTIC_ONLY,Exact 9×64 heatmap; shared log display scale.,publication_cmame_v1/04_figures/00_style/build_supplementary_figures.py,figS11_stage07_fourteen_lineage_origins.svg; figS11_stage07_fourteen_lineage_origins.pdf; figS11_stage07_fourteen_lineage_origins.png
S11,(c),Every selected-checkpoint Stage07 TRAIN origin is retained for all fourteen lineages and nine arm/seed runs.,stage_07_Heterogeneous_Development_Pool/05_formal_retraining/stage07dr/train_fit_attribution/D3_seed20700711.json,sha256:71708c4b02fac0c6fd9f90d64883ca2098f3ef2c9b2379b332f1ce2d4c7bf45e,selected.lineages.HET_S2_01.origins[*].Q_def,DIAGNOSTIC_ONLY,Exact 9×64 heatmap; shared log display scale.,publication_cmame_v1/04_figures/00_style/build_supplementary_figures.py,figS11_stage07_fourteen_lineage_origins.svg; figS11_stage07_fourteen_lineage_origins.pdf; figS11_stage07_fourteen_lineage_origins.png
S11,(c),Every selected-checkpoint Stage07 TRAIN origin is retained for all fourteen lineages and nine arm/seed runs.,stage_07_Heterogeneous_Development_Pool/05_formal_retraining/stage07dr/train_fit_attribution/D3_seed20700712.json,sha256:da5d2e551ae22b904fc5f6df6076fd4eabb556ca9b44a9eff15055e64cc4f28a,selected.lineages.HET_S2_01.origins[*].Q_def,DIAGNOSTIC_ONLY,Exact 9×64 heatmap; shared log display scale.,publication_cmame_v1/04_figures/00_style/build_supplementary_figures.py,figS11_stage07_fourteen_lineage_origins.svg; figS11_stage07_fourteen_lineage_origins.pdf; figS11_stage07_fourteen_lineage_origins.png
S11,(c),Every selected-checkpoint Stage07 TRAIN origin is retained for all fourteen lineages and nine arm/seed runs.,stage_07_Heterogeneous_Development_Pool/05_formal_retraining/stage07dr/train_fit_attribution/D3_seed20700713.json,sha256:328578cec827e4dd5b29b8a6184ffd44e9898fbe23a1dfcae2729ddd2a3129ab,selected.lineages.HET_S2_01.origins[*].Q_def,DIAGNOSTIC_ONLY,Exact 9×64 heatmap; shared log display scale.,publication_cmame_v1/04_figures/00_style/build_supplementary_figures.py,figS11_stage07_fourteen_lineage_origins.svg; figS11_stage07_fourteen_lineage_origins.pdf; figS11_stage07_fourteen_lineage_origins.png
S11,(d),Every selected-checkpoint Stage07 TRAIN origin is retained for all fourteen lineages and nine arm/seed runs.,stage_07_Heterogeneous_Development_Pool/05_formal_retraining/stage07dr/train_fit_attribution/D1_seed20700711.json,sha256:37ec40e7490057d72d85a5732f3baab739c8262394ff01ee154cf668821048e8,selected.lineages.HET_S2_03.origins[*].Q_def,DIAGNOSTIC_ONLY,Exact 9×64 heatmap; shared log display scale.,publication_cmame_v1/04_figures/00_style/build_supplementary_figures.py,figS11_stage07_fourteen_lineage_origins.svg; figS11_stage07_fourteen_lineage_origins.pdf; figS11_stage07_fourteen_lineage_origins.png
S11,(d),Every selected-checkpoint Stage07 TRAIN origin is retained for all fourteen lineages and nine arm/seed runs.,stage_07_Heterogeneous_Development_Pool/05_formal_retraining/stage07dr/train_fit_attribution/D1_seed20700712.json,sha256:0f6539abd12186e54f4b410afb0bff08f17a6fb6fd5cd6ab1b933b5c29256ba3,selected.lineages.HET_S2_03.origins[*].Q_def,DIAGNOSTIC_ONLY,Exact 9×64 heatmap; shared log display scale.,publication_cmame_v1/04_figures/00_style/build_supplementary_figures.py,figS11_stage07_fourteen_lineage_origins.svg; figS11_stage07_fourteen_lineage_origins.pdf; figS11_stage07_fourteen_lineage_origins.png
S11,(d),Every selected-checkpoint Stage07 TRAIN origin is retained for all fourteen lineages and nine arm/seed runs.,stage_07_Heterogeneous_Development_Pool/05_formal_retraining/stage07dr/train_fit_attribution/D1_seed20700713.json,sha256:3a42b3f0e593eb55807ece69acf6260af1fadf594ca1d2e6050288d44b5537a6,selected.lineages.HET_S2_03.origins[*].Q_def,DIAGNOSTIC_ONLY,Exact 9×64 heatmap; shared log display scale.,publication_cmame_v1/04_figures/00_style/build_supplementary_figures.py,figS11_stage07_fourteen_lineage_origins.svg; figS11_stage07_fourteen_lineage_origins.pdf; figS11_stage07_fourteen_lineage_origins.png
S11,(d),Every selected-checkpoint Stage07 TRAIN origin is retained for all fourteen lineages and nine arm/seed runs.,stage_07_Heterogeneous_Development_Pool/05_formal_retraining/stage07dr/train_fit_attribution/D2_seed20700711.json,sha256:99302ce76226028ab0889f0d82105293863b738ccb7e637ee7e29f62da63d5bc,selected.lineages.HET_S2_03.origins[*].Q_def,DIAGNOSTIC_ONLY,Exact 9×64 heatmap; shared log display scale.,publication_cmame_v1/04_figures/00_style/build_supplementary_figures.py,figS11_stage07_fourteen_lineage_origins.svg; figS11_stage07_fourteen_lineage_origins.pdf; figS11_stage07_fourteen_lineage_origins.png
S11,(d),Every selected-checkpoint Stage07 TRAIN origin is retained for all fourteen lineages and nine arm/seed runs.,stage_07_Heterogeneous_Development_Pool/05_formal_retraining/stage07dr/train_fit_attribution/D2_seed20700712.json,sha256:919a2676ec54243dcd138c1e233291da617d7b4a41c1212b2d79e5492818a6bb,selected.lineages.HET_S2_03.origins[*].Q_def,DIAGNOSTIC_ONLY,Exact 9×64 heatmap; shared log display scale.,publication_cmame_v1/04_figures/00_style/build_supplementary_figures.py,figS11_stage07_fourteen_lineage_origins.svg; figS11_stage07_fourteen_lineage_origins.pdf; figS11_stage07_fourteen_lineage_origins.png
S11,(d),Every selected-checkpoint Stage07 TRAIN origin is retained for all fourteen lineages and nine arm/seed runs.,stage_07_Heterogeneous_Development_Pool/05_formal_retraining/stage07dr/train_fit_attribution/D2_seed20700713.json,sha256:70e534d315653d027360e090957706af30ee902b01732841d43c49cd693844fd,selected.lineages.HET_S2_03.origins[*].Q_def,DIAGNOSTIC_ONLY,Exact 9×64 heatmap; shared log display scale.,publication_cmame_v1/04_figures/00_style/build_supplementary_figures.py,figS11_stage07_fourteen_lineage_origins.svg; figS11_stage07_fourteen_lineage_origins.pdf; figS11_stage07_fourteen_lineage_origins.png
S11,(d),Every selected-checkpoint Stage07 TRAIN origin is retained for all fourteen lineages and nine arm/seed runs.,stage_07_Heterogeneous_Development_Pool/05_formal_retraining/stage07dr/train_fit_attribution/D3_seed20700711.json,sha256:71708c4b02fac0c6fd9f90d64883ca2098f3ef2c9b2379b332f1ce2d4c7bf45e,selected.lineages.HET_S2_03.origins[*].Q_def,DIAGNOSTIC_ONLY,Exact 9×64 heatmap; shared log display scale.,publication_cmame_v1/04_figures/00_style/build_supplementary_figures.py,figS11_stage07_fourteen_lineage_origins.svg; figS11_stage07_fourteen_lineage_origins.pdf; figS11_stage07_fourteen_lineage_origins.png
S11,(d),Every selected-checkpoint Stage07 TRAIN origin is retained for all fourteen lineages and nine arm/seed runs.,stage_07_Heterogeneous_Development_Pool/05_formal_retraining/stage07dr/train_fit_attribution/D3_seed20700712.json,sha256:da5d2e551ae22b904fc5f6df6076fd4eabb556ca9b44a9eff15055e64cc4f28a,selected.lineages.HET_S2_03.origins[*].Q_def,DIAGNOSTIC_ONLY,Exact 9×64 heatmap; shared log display scale.,publication_cmame_v1/04_figures/00_style/build_supplementary_figures.py,figS11_stage07_fourteen_lineage_origins.svg; figS11_stage07_fourteen_lineage_origins.pdf; figS11_stage07_fourteen_lineage_origins.png
S11,(d),Every selected-checkpoint Stage07 TRAIN origin is retained for all fourteen lineages and nine arm/seed runs.,stage_07_Heterogeneous_Development_Pool/05_formal_retraining/stage07dr/train_fit_attribution/D3_seed20700713.json,sha256:328578cec827e4dd5b29b8a6184ffd44e9898fbe23a1dfcae2729ddd2a3129ab,selected.lineages.HET_S2_03.origins[*].Q_def,DIAGNOSTIC_ONLY,Exact 9×64 heatmap; shared log display scale.,publication_cmame_v1/04_figures/00_style/build_supplementary_figures.py,figS11_stage07_fourteen_lineage_origins.svg; figS11_stage07_fourteen_lineage_origins.pdf; figS11_stage07_fourteen_lineage_origins.png
S11,(e),Every selected-checkpoint Stage07 TRAIN origin is retained for all fourteen lineages and nine arm/seed runs.,stage_07_Heterogeneous_Development_Pool/05_formal_retraining/stage07dr/train_fit_attribution/D1_seed20700711.json,sha256:37ec40e7490057d72d85a5732f3baab739c8262394ff01ee154cf668821048e8,selected.lineages.HET_S3_01.origins[*].Q_def,DIAGNOSTIC_ONLY,Exact 9×64 heatmap; shared log display scale.,publication_cmame_v1/04_figures/00_style/build_supplementary_figures.py,figS11_stage07_fourteen_lineage_origins.svg; figS11_stage07_fourteen_lineage_origins.pdf; figS11_stage07_fourteen_lineage_origins.png
S11,(e),Every selected-checkpoint Stage07 TRAIN origin is retained for all fourteen lineages and nine arm/seed runs.,stage_07_Heterogeneous_Development_Pool/05_formal_retraining/stage07dr/train_fit_attribution/D1_seed20700712.json,sha256:0f6539abd12186e54f4b410afb0bff08f17a6fb6fd5cd6ab1b933b5c29256ba3,selected.lineages.HET_S3_01.origins[*].Q_def,DIAGNOSTIC_ONLY,Exact 9×64 heatmap; shared log display scale.,publication_cmame_v1/04_figures/00_style/build_supplementary_figures.py,figS11_stage07_fourteen_lineage_origins.svg; figS11_stage07_fourteen_lineage_origins.pdf; figS11_stage07_fourteen_lineage_origins.png
S11,(e),Every selected-checkpoint Stage07 TRAIN origin is retained for all fourteen lineages and nine arm/seed runs.,stage_07_Heterogeneous_Development_Pool/05_formal_retraining/stage07dr/train_fit_attribution/D1_seed20700713.json,sha256:3a42b3f0e593eb55807ece69acf6260af1fadf594ca1d2e6050288d44b5537a6,selected.lineages.HET_S3_01.origins[*].Q_def,DIAGNOSTIC_ONLY,Exact 9×64 heatmap; shared log display scale.,publication_cmame_v1/04_figures/00_style/build_supplementary_figures.py,figS11_stage07_fourteen_lineage_origins.svg; figS11_stage07_fourteen_lineage_origins.pdf; figS11_stage07_fourteen_lineage_origins.png
S11,(e),Every selected-checkpoint Stage07 TRAIN origin is retained for all fourteen lineages and nine arm/seed runs.,stage_07_Heterogeneous_Development_Pool/05_formal_retraining/stage07dr/train_fit_attribution/D2_seed20700711.json,sha256:99302ce76226028ab0889f0d82105293863b738ccb7e637ee7e29f62da63d5bc,selected.lineages.HET_S3_01.origins[*].Q_def,DIAGNOSTIC_ONLY,Exact 9×64 heatmap; shared log display scale.,publication_cmame_v1/04_figures/00_style/build_supplementary_figures.py,figS11_stage07_fourteen_lineage_origins.svg; figS11_stage07_fourteen_lineage_origins.pdf; figS11_stage07_fourteen_lineage_origins.png
S11,(e),Every selected-checkpoint Stage07 TRAIN origin is retained for all fourteen lineages and nine arm/seed runs.,stage_07_Heterogeneous_Development_Pool/05_formal_retraining/stage07dr/train_fit_attribution/D2_seed20700712.json,sha256:919a2676ec54243dcd138c1e233291da617d7b4a41c1212b2d79e5492818a6bb,selected.lineages.HET_S3_01.origins[*].Q_def,DIAGNOSTIC_ONLY,Exact 9×64 heatmap; shared log display scale.,publication_cmame_v1/04_figures/00_style/build_supplementary_figures.py,figS11_stage07_fourteen_lineage_origins.svg; figS11_stage07_fourteen_lineage_origins.pdf; figS11_stage07_fourteen_lineage_origins.png
S11,(e),Every selected-checkpoint Stage07 TRAIN origin is retained for all fourteen lineages and nine arm/seed runs.,stage_07_Heterogeneous_Development_Pool/05_formal_retraining/stage07dr/train_fit_attribution/D2_seed20700713.json,sha256:70e534d315653d027360e090957706af30ee902b01732841d43c49cd693844fd,selected.lineages.HET_S3_01.origins[*].Q_def,DIAGNOSTIC_ONLY,Exact 9×64 heatmap; shared log display scale.,publication_cmame_v1/04_figures/00_style/build_supplementary_figures.py,figS11_stage07_fourteen_lineage_origins.svg; figS11_stage07_fourteen_lineage_origins.pdf; figS11_stage07_fourteen_lineage_origins.png
S11,(e),Every selected-checkpoint Stage07 TRAIN origin is retained for all fourteen lineages and nine arm/seed runs.,stage_07_Heterogeneous_Development_Pool/05_formal_retraining/stage07dr/train_fit_attribution/D3_seed20700711.json,sha256:71708c4b02fac0c6fd9f90d64883ca2098f3ef2c9b2379b332f1ce2d4c7bf45e,selected.lineages.HET_S3_01.origins[*].Q_def,DIAGNOSTIC_ONLY,Exact 9×64 heatmap; shared log display scale.,publication_cmame_v1/04_figures/00_style/build_supplementary_figures.py,figS11_stage07_fourteen_lineage_origins.svg; figS11_stage07_fourteen_lineage_origins.pdf; figS11_stage07_fourteen_lineage_origins.png
S11,(e),Every selected-checkpoint Stage07 TRAIN origin is retained for all fourteen lineages and nine arm/seed runs.,stage_07_Heterogeneous_Development_Pool/05_formal_retraining/stage07dr/train_fit_attribution/D3_seed20700712.json,sha256:da5d2e551ae22b904fc5f6df6076fd4eabb556ca9b44a9eff15055e64cc4f28a,selected.lineages.HET_S3_01.origins[*].Q_def,DIAGNOSTIC_ONLY,Exact 9×64 heatmap; shared log display scale.,publication_cmame_v1/04_figures/00_style/build_supplementary_figures.py,figS11_stage07_fourteen_lineage_origins.svg; figS11_stage07_fourteen_lineage_origins.pdf; figS11_stage07_fourteen_lineage_origins.png
S11,(e),Every selected-checkpoint Stage07 TRAIN origin is retained for all fourteen lineages and nine arm/seed runs.,stage_07_Heterogeneous_Development_Pool/05_formal_retraining/stage07dr/train_fit_attribution/D3_seed20700713.json,sha256:328578cec827e4dd5b29b8a6184ffd44e9898fbe23a1dfcae2729ddd2a3129ab,selected.lineages.HET_S3_01.origins[*].Q_def,DIAGNOSTIC_ONLY,Exact 9×64 heatmap; shared log display scale.,publication_cmame_v1/04_figures/00_style/build_supplementary_figures.py,figS11_stage07_fourteen_lineage_origins.svg; figS11_stage07_fourteen_lineage_origins.pdf; figS11_stage07_fourteen_lineage_origins.png
S11,(f),Every selected-checkpoint Stage07 TRAIN origin is retained for all fourteen lineages and nine arm/seed runs.,stage_07_Heterogeneous_Development_Pool/05_formal_retraining/stage07dr/train_fit_attribution/D1_seed20700711.json,sha256:37ec40e7490057d72d85a5732f3baab739c8262394ff01ee154cf668821048e8,selected.lineages.HET_S3_02.origins[*].Q_def,DIAGNOSTIC_ONLY,Exact 9×64 heatmap; shared log display scale.,publication_cmame_v1/04_figures/00_style/build_supplementary_figures.py,figS11_stage07_fourteen_lineage_origins.svg; figS11_stage07_fourteen_lineage_origins.pdf; figS11_stage07_fourteen_lineage_origins.png
S11,(f),Every selected-checkpoint Stage07 TRAIN origin is retained for all fourteen lineages and nine arm/seed runs.,stage_07_Heterogeneous_Development_Pool/05_formal_retraining/stage07dr/train_fit_attribution/D1_seed20700712.json,sha256:0f6539abd12186e54f4b410afb0bff08f17a6fb6fd5cd6ab1b933b5c29256ba3,selected.lineages.HET_S3_02.origins[*].Q_def,DIAGNOSTIC_ONLY,Exact 9×64 heatmap; shared log display scale.,publication_cmame_v1/04_figures/00_style/build_supplementary_figures.py,figS11_stage07_fourteen_lineage_origins.svg; figS11_stage07_fourteen_lineage_origins.pdf; figS11_stage07_fourteen_lineage_origins.png
S11,(f),Every selected-checkpoint Stage07 TRAIN origin is retained for all fourteen lineages and nine arm/seed runs.,stage_07_Heterogeneous_Development_Pool/05_formal_retraining/stage07dr/train_fit_attribution/D1_seed20700713.json,sha256:3a42b3f0e593eb55807ece69acf6260af1fadf594ca1d2e6050288d44b5537a6,selected.lineages.HET_S3_02.origins[*].Q_def,DIAGNOSTIC_ONLY,Exact 9×64 heatmap; shared log display scale.,publication_cmame_v1/04_figures/00_style/build_supplementary_figures.py,figS11_stage07_fourteen_lineage_origins.svg; figS11_stage07_fourteen_lineage_origins.pdf; figS11_stage07_fourteen_lineage_origins.png
S11,(f),Every selected-checkpoint Stage07 TRAIN origin is retained for all fourteen lineages and nine arm/seed runs.,stage_07_Heterogeneous_Development_Pool/05_formal_retraining/stage07dr/train_fit_attribution/D2_seed20700711.json,sha256:99302ce76226028ab0889f0d82105293863b738ccb7e637ee7e29f62da63d5bc,selected.lineages.HET_S3_02.origins[*].Q_def,DIAGNOSTIC_ONLY,Exact 9×64 heatmap; shared log display scale.,publication_cmame_v1/04_figures/00_style/build_supplementary_figures.py,figS11_stage07_fourteen_lineage_origins.svg; figS11_stage07_fourteen_lineage_origins.pdf; figS11_stage07_fourteen_lineage_origins.png
S11,(f),Every selected-checkpoint Stage07 TRAIN origin is retained for all fourteen lineages and nine arm/seed runs.,stage_07_Heterogeneous_Development_Pool/05_formal_retraining/stage07dr/train_fit_attribution/D2_seed20700712.json,sha256:919a2676ec54243dcd138c1e233291da617d7b4a41c1212b2d79e5492818a6bb,selected.lineages.HET_S3_02.origins[*].Q_def,DIAGNOSTIC_ONLY,Exact 9×64 heatmap; shared log display scale.,publication_cmame_v1/04_figures/00_style/build_supplementary_figures.py,figS11_stage07_fourteen_lineage_origins.svg; figS11_stage07_fourteen_lineage_origins.pdf; figS11_stage07_fourteen_lineage_origins.png
S11,(f),Every selected-checkpoint Stage07 TRAIN origin is retained for all fourteen lineages and nine arm/seed runs.,stage_07_Heterogeneous_Development_Pool/05_formal_retraining/stage07dr/train_fit_attribution/D2_seed20700713.json,sha256:70e534d315653d027360e090957706af30ee902b01732841d43c49cd693844fd,selected.lineages.HET_S3_02.origins[*].Q_def,DIAGNOSTIC_ONLY,Exact 9×64 heatmap; shared log display scale.,publication_cmame_v1/04_figures/00_style/build_supplementary_figures.py,figS11_stage07_fourteen_lineage_origins.svg; figS11_stage07_fourteen_lineage_origins.pdf; figS11_stage07_fourteen_lineage_origins.png
S11,(f),Every selected-checkpoint Stage07 TRAIN origin is retained for all fourteen lineages and nine arm/seed runs.,stage_07_Heterogeneous_Development_Pool/05_formal_retraining/stage07dr/train_fit_attribution/D3_seed20700711.json,sha256:71708c4b02fac0c6fd9f90d64883ca2098f3ef2c9b2379b332f1ce2d4c7bf45e,selected.lineages.HET_S3_02.origins[*].Q_def,DIAGNOSTIC_ONLY,Exact 9×64 heatmap; shared log display scale.,publication_cmame_v1/04_figures/00_style/build_supplementary_figures.py,figS11_stage07_fourteen_lineage_origins.svg; figS11_stage07_fourteen_lineage_origins.pdf; figS11_stage07_fourteen_lineage_origins.png
S11,(f),Every selected-checkpoint Stage07 TRAIN origin is retained for all fourteen lineages and nine arm/seed runs.,stage_07_Heterogeneous_Development_Pool/05_formal_retraining/stage07dr/train_fit_attribution/D3_seed20700712.json,sha256:da5d2e551ae22b904fc5f6df6076fd4eabb556ca9b44a9eff15055e64cc4f28a,selected.lineages.HET_S3_02.origins[*].Q_def,DIAGNOSTIC_ONLY,Exact 9×64 heatmap; shared log display scale.,publication_cmame_v1/04_figures/00_style/build_supplementary_figures.py,figS11_stage07_fourteen_lineage_origins.svg; figS11_stage07_fourteen_lineage_origins.pdf; figS11_stage07_fourteen_lineage_origins.png
S11,(f),Every selected-checkpoint Stage07 TRAIN origin is retained for all fourteen lineages and nine arm/seed runs.,stage_07_Heterogeneous_Development_Pool/05_formal_retraining/stage07dr/train_fit_attribution/D3_seed20700713.json,sha256:328578cec827e4dd5b29b8a6184ffd44e9898fbe23a1dfcae2729ddd2a3129ab,selected.lineages.HET_S3_02.origins[*].Q_def,DIAGNOSTIC_ONLY,Exact 9×64 heatmap; shared log display scale.,publication_cmame_v1/04_figures/00_style/build_supplementary_figures.py,figS11_stage07_fourteen_lineage_origins.svg; figS11_stage07_fourteen_lineage_origins.pdf; figS11_stage07_fourteen_lineage_origins.png
S11,(g),Every selected-checkpoint Stage07 TRAIN origin is retained for all fourteen lineages and nine arm/seed runs.,stage_07_Heterogeneous_Development_Pool/05_formal_retraining/stage07dr/train_fit_attribution/D1_seed20700711.json,sha256:37ec40e7490057d72d85a5732f3baab739c8262394ff01ee154cf668821048e8,selected.lineages.HET_S4_01.origins[*].Q_def,DIAGNOSTIC_ONLY,Exact 9×64 heatmap; shared log display scale.,publication_cmame_v1/04_figures/00_style/build_supplementary_figures.py,figS11_stage07_fourteen_lineage_origins.svg; figS11_stage07_fourteen_lineage_origins.pdf; figS11_stage07_fourteen_lineage_origins.png
S11,(g),Every selected-checkpoint Stage07 TRAIN origin is retained for all fourteen lineages and nine arm/seed runs.,stage_07_Heterogeneous_Development_Pool/05_formal_retraining/stage07dr/train_fit_attribution/D1_seed20700712.json,sha256:0f6539abd12186e54f4b410afb0bff08f17a6fb6fd5cd6ab1b933b5c29256ba3,selected.lineages.HET_S4_01.origins[*].Q_def,DIAGNOSTIC_ONLY,Exact 9×64 heatmap; shared log display scale.,publication_cmame_v1/04_figures/00_style/build_supplementary_figures.py,figS11_stage07_fourteen_lineage_origins.svg; figS11_stage07_fourteen_lineage_origins.pdf; figS11_stage07_fourteen_lineage_origins.png
S11,(g),Every selected-checkpoint Stage07 TRAIN origin is retained for all fourteen lineages and nine arm/seed runs.,stage_07_Heterogeneous_Development_Pool/05_formal_retraining/stage07dr/train_fit_attribution/D1_seed20700713.json,sha256:3a42b3f0e593eb55807ece69acf6260af1fadf594ca1d2e6050288d44b5537a6,selected.lineages.HET_S4_01.origins[*].Q_def,DIAGNOSTIC_ONLY,Exact 9×64 heatmap; shared log display scale.,publication_cmame_v1/04_figures/00_style/build_supplementary_figures.py,figS11_stage07_fourteen_lineage_origins.svg; figS11_stage07_fourteen_lineage_origins.pdf; figS11_stage07_fourteen_lineage_origins.png
S11,(g),Every selected-checkpoint Stage07 TRAIN origin is retained for all fourteen lineages and nine arm/seed runs.,stage_07_Heterogeneous_Development_Pool/05_formal_retraining/stage07dr/train_fit_attribution/D2_seed20700711.json,sha256:99302ce76226028ab0889f0d82105293863b738ccb7e637ee7e29f62da63d5bc,selected.lineages.HET_S4_01.origins[*].Q_def,DIAGNOSTIC_ONLY,Exact 9×64 heatmap; shared log display scale.,publication_cmame_v1/04_figures/00_style/build_supplementary_figures.py,figS11_stage07_fourteen_lineage_origins.svg; figS11_stage07_fourteen_lineage_origins.pdf; figS11_stage07_fourteen_lineage_origins.png
S11,(g),Every selected-checkpoint Stage07 TRAIN origin is retained for all fourteen lineages and nine arm/seed runs.,stage_07_Heterogeneous_Development_Pool/05_formal_retraining/stage07dr/train_fit_attribution/D2_seed20700712.json,sha256:919a2676ec54243dcd138c1e233291da617d7b4a41c1212b2d79e5492818a6bb,selected.lineages.HET_S4_01.origins[*].Q_def,DIAGNOSTIC_ONLY,Exact 9×64 heatmap; shared log display scale.,publication_cmame_v1/04_figures/00_style/build_supplementary_figures.py,figS11_stage07_fourteen_lineage_origins.svg; figS11_stage07_fourteen_lineage_origins.pdf; figS11_stage07_fourteen_lineage_origins.png
S11,(g),Every selected-checkpoint Stage07 TRAIN origin is retained for all fourteen lineages and nine arm/seed runs.,stage_07_Heterogeneous_Development_Pool/05_formal_retraining/stage07dr/train_fit_attribution/D2_seed20700713.json,sha256:70e534d315653d027360e090957706af30ee902b01732841d43c49cd693844fd,selected.lineages.HET_S4_01.origins[*].Q_def,DIAGNOSTIC_ONLY,Exact 9×64 heatmap; shared log display scale.,publication_cmame_v1/04_figures/00_style/build_supplementary_figures.py,figS11_stage07_fourteen_lineage_origins.svg; figS11_stage07_fourteen_lineage_origins.pdf; figS11_stage07_fourteen_lineage_origins.png
S11,(g),Every selected-checkpoint Stage07 TRAIN origin is retained for all fourteen lineages and nine arm/seed runs.,stage_07_Heterogeneous_Development_Pool/05_formal_retraining/stage07dr/train_fit_attribution/D3_seed20700711.json,sha256:71708c4b02fac0c6fd9f90d64883ca2098f3ef2c9b2379b332f1ce2d4c7bf45e,selected.lineages.HET_S4_01.origins[*].Q_def,DIAGNOSTIC_ONLY,Exact 9×64 heatmap; shared log display scale.,publication_cmame_v1/04_figures/00_style/build_supplementary_figures.py,figS11_stage07_fourteen_lineage_origins.svg; figS11_stage07_fourteen_lineage_origins.pdf; figS11_stage07_fourteen_lineage_origins.png
S11,(g),Every selected-checkpoint Stage07 TRAIN origin is retained for all fourteen lineages and nine arm/seed runs.,stage_07_Heterogeneous_Development_Pool/05_formal_retraining/stage07dr/train_fit_attribution/D3_seed20700712.json,sha256:da5d2e551ae22b904fc5f6df6076fd4eabb556ca9b44a9eff15055e64cc4f28a,selected.lineages.HET_S4_01.origins[*].Q_def,DIAGNOSTIC_ONLY,Exact 9×64 heatmap; shared log display scale.,publication_cmame_v1/04_figures/00_style/build_supplementary_figures.py,figS11_stage07_fourteen_lineage_origins.svg; figS11_stage07_fourteen_lineage_origins.pdf; figS11_stage07_fourteen_lineage_origins.png
S11,(g),Every selected-checkpoint Stage07 TRAIN origin is retained for all fourteen lineages and nine arm/seed runs.,stage_07_Heterogeneous_Development_Pool/05_formal_retraining/stage07dr/train_fit_attribution/D3_seed20700713.json,sha256:328578cec827e4dd5b29b8a6184ffd44e9898fbe23a1dfcae2729ddd2a3129ab,selected.lineages.HET_S4_01.origins[*].Q_def,DIAGNOSTIC_ONLY,Exact 9×64 heatmap; shared log display scale.,publication_cmame_v1/04_figures/00_style/build_supplementary_figures.py,figS11_stage07_fourteen_lineage_origins.svg; figS11_stage07_fourteen_lineage_origins.pdf; figS11_stage07_fourteen_lineage_origins.png
S11,(h),Every selected-checkpoint Stage07 TRAIN origin is retained for all fourteen lineages and nine arm/seed runs.,stage_07_Heterogeneous_Development_Pool/05_formal_retraining/stage07dr/train_fit_attribution/D1_seed20700711.json,sha256:37ec40e7490057d72d85a5732f3baab739c8262394ff01ee154cf668821048e8,selected.lineages.HET_S4_02.origins[*].Q_def,DIAGNOSTIC_ONLY,Exact 9×64 heatmap; shared log display scale.,publication_cmame_v1/04_figures/00_style/build_supplementary_figures.py,figS11_stage07_fourteen_lineage_origins.svg; figS11_stage07_fourteen_lineage_origins.pdf; figS11_stage07_fourteen_lineage_origins.png
S11,(h),Every selected-checkpoint Stage07 TRAIN origin is retained for all fourteen lineages and nine arm/seed runs.,stage_07_Heterogeneous_Development_Pool/05_formal_retraining/stage07dr/train_fit_attribution/D1_seed20700712.json,sha256:0f6539abd12186e54f4b410afb0bff08f17a6fb6fd5cd6ab1b933b5c29256ba3,selected.lineages.HET_S4_02.origins[*].Q_def,DIAGNOSTIC_ONLY,Exact 9×64 heatmap; shared log display scale.,publication_cmame_v1/04_figures/00_style/build_supplementary_figures.py,figS11_stage07_fourteen_lineage_origins.svg; figS11_stage07_fourteen_lineage_origins.pdf; figS11_stage07_fourteen_lineage_origins.png
S11,(h),Every selected-checkpoint Stage07 TRAIN origin is retained for all fourteen lineages and nine arm/seed runs.,stage_07_Heterogeneous_Development_Pool/05_formal_retraining/stage07dr/train_fit_attribution/D1_seed20700713.json,sha256:3a42b3f0e593eb55807ece69acf6260af1fadf594ca1d2e6050288d44b5537a6,selected.lineages.HET_S4_02.origins[*].Q_def,DIAGNOSTIC_ONLY,Exact 9×64 heatmap; shared log display scale.,publication_cmame_v1/04_figures/00_style/build_supplementary_figures.py,figS11_stage07_fourteen_lineage_origins.svg; figS11_stage07_fourteen_lineage_origins.pdf; figS11_stage07_fourteen_lineage_origins.png
S11,(h),Every selected-checkpoint Stage07 TRAIN origin is retained for all fourteen lineages and nine arm/seed runs.,stage_07_Heterogeneous_Development_Pool/05_formal_retraining/stage07dr/train_fit_attribution/D2_seed20700711.json,sha256:99302ce76226028ab0889f0d82105293863b738ccb7e637ee7e29f62da63d5bc,selected.lineages.HET_S4_02.origins[*].Q_def,DIAGNOSTIC_ONLY,Exact 9×64 heatmap; shared log display scale.,publication_cmame_v1/04_figures/00_style/build_supplementary_figures.py,figS11_stage07_fourteen_lineage_origins.svg; figS11_stage07_fourteen_lineage_origins.pdf; figS11_stage07_fourteen_lineage_origins.png
S11,(h),Every selected-checkpoint Stage07 TRAIN origin is retained for all fourteen lineages and nine arm/seed runs.,stage_07_Heterogeneous_Development_Pool/05_formal_retraining/stage07dr/train_fit_attribution/D2_seed20700712.json,sha256:919a2676ec54243dcd138c1e233291da617d7b4a41c1212b2d79e5492818a6bb,selected.lineages.HET_S4_02.origins[*].Q_def,DIAGNOSTIC_ONLY,Exact 9×64 heatmap; shared log display scale.,publication_cmame_v1/04_figures/00_style/build_supplementary_figures.py,figS11_stage07_fourteen_lineage_origins.svg; figS11_stage07_fourteen_lineage_origins.pdf; figS11_stage07_fourteen_lineage_origins.png
S11,(h),Every selected-checkpoint Stage07 TRAIN origin is retained for all fourteen lineages and nine arm/seed runs.,stage_07_Heterogeneous_Development_Pool/05_formal_retraining/stage07dr/train_fit_attribution/D2_seed20700713.json,sha256:70e534d315653d027360e090957706af30ee902b01732841d43c49cd693844fd,selected.lineages.HET_S4_02.origins[*].Q_def,DIAGNOSTIC_ONLY,Exact 9×64 heatmap; shared log display scale.,publication_cmame_v1/04_figures/00_style/build_supplementary_figures.py,figS11_stage07_fourteen_lineage_origins.svg; figS11_stage07_fourteen_lineage_origins.pdf; figS11_stage07_fourteen_lineage_origins.png
S11,(h),Every selected-checkpoint Stage07 TRAIN origin is retained for all fourteen lineages and nine arm/seed runs.,stage_07_Heterogeneous_Development_Pool/05_formal_retraining/stage07dr/train_fit_attribution/D3_seed20700711.json,sha256:71708c4b02fac0c6fd9f90d64883ca2098f3ef2c9b2379b332f1ce2d4c7bf45e,selected.lineages.HET_S4_02.origins[*].Q_def,DIAGNOSTIC_ONLY,Exact 9×64 heatmap; shared log display scale.,publication_cmame_v1/04_figures/00_style/build_supplementary_figures.py,figS11_stage07_fourteen_lineage_origins.svg; figS11_stage07_fourteen_lineage_origins.pdf; figS11_stage07_fourteen_lineage_origins.png
S11,(h),Every selected-checkpoint Stage07 TRAIN origin is retained for all fourteen lineages and nine arm/seed runs.,stage_07_Heterogeneous_Development_Pool/05_formal_retraining/stage07dr/train_fit_attribution/D3_seed20700712.json,sha256:da5d2e551ae22b904fc5f6df6076fd4eabb556ca9b44a9eff15055e64cc4f28a,selected.lineages.HET_S4_02.origins[*].Q_def,DIAGNOSTIC_ONLY,Exact 9×64 heatmap; shared log display scale.,publication_cmame_v1/04_figures/00_style/build_supplementary_figures.py,figS11_stage07_fourteen_lineage_origins.svg; figS11_stage07_fourteen_lineage_origins.pdf; figS11_stage07_fourteen_lineage_origins.png
S11,(h),Every selected-checkpoint Stage07 TRAIN origin is retained for all fourteen lineages and nine arm/seed runs.,stage_07_Heterogeneous_Development_Pool/05_formal_retraining/stage07dr/train_fit_attribution/D3_seed20700713.json,sha256:328578cec827e4dd5b29b8a6184ffd44e9898fbe23a1dfcae2729ddd2a3129ab,selected.lineages.HET_S4_02.origins[*].Q_def,DIAGNOSTIC_ONLY,Exact 9×64 heatmap; shared log display scale.,publication_cmame_v1/04_figures/00_style/build_supplementary_figures.py,figS11_stage07_fourteen_lineage_origins.svg; figS11_stage07_fourteen_lineage_origins.pdf; figS11_stage07_fourteen_lineage_origins.png
S11,(i),Every selected-checkpoint Stage07 TRAIN origin is retained for all fourteen lineages and nine arm/seed runs.,stage_07_Heterogeneous_Development_Pool/05_formal_retraining/stage07dr/train_fit_attribution/D1_seed20700711.json,sha256:37ec40e7490057d72d85a5732f3baab739c8262394ff01ee154cf668821048e8,selected.lineages.LCDF_01.origins[*].Q_def,DIAGNOSTIC_ONLY,Exact 9×64 heatmap; shared log display scale.,publication_cmame_v1/04_figures/00_style/build_supplementary_figures.py,figS11_stage07_fourteen_lineage_origins.svg; figS11_stage07_fourteen_lineage_origins.pdf; figS11_stage07_fourteen_lineage_origins.png
S11,(i),Every selected-checkpoint Stage07 TRAIN origin is retained for all fourteen lineages and nine arm/seed runs.,stage_07_Heterogeneous_Development_Pool/05_formal_retraining/stage07dr/train_fit_attribution/D1_seed20700712.json,sha256:0f6539abd12186e54f4b410afb0bff08f17a6fb6fd5cd6ab1b933b5c29256ba3,selected.lineages.LCDF_01.origins[*].Q_def,DIAGNOSTIC_ONLY,Exact 9×64 heatmap; shared log display scale.,publication_cmame_v1/04_figures/00_style/build_supplementary_figures.py,figS11_stage07_fourteen_lineage_origins.svg; figS11_stage07_fourteen_lineage_origins.pdf; figS11_stage07_fourteen_lineage_origins.png
S11,(i),Every selected-checkpoint Stage07 TRAIN origin is retained for all fourteen lineages and nine arm/seed runs.,stage_07_Heterogeneous_Development_Pool/05_formal_retraining/stage07dr/train_fit_attribution/D1_seed20700713.json,sha256:3a42b3f0e593eb55807ece69acf6260af1fadf594ca1d2e6050288d44b5537a6,selected.lineages.LCDF_01.origins[*].Q_def,DIAGNOSTIC_ONLY,Exact 9×64 heatmap; shared log display scale.,publication_cmame_v1/04_figures/00_style/build_supplementary_figures.py,figS11_stage07_fourteen_lineage_origins.svg; figS11_stage07_fourteen_lineage_origins.pdf; figS11_stage07_fourteen_lineage_origins.png
S11,(i),Every selected-checkpoint Stage07 TRAIN origin is retained for all fourteen lineages and nine arm/seed runs.,stage_07_Heterogeneous_Development_Pool/05_formal_retraining/stage07dr/train_fit_attribution/D2_seed20700711.json,sha256:99302ce76226028ab0889f0d82105293863b738ccb7e637ee7e29f62da63d5bc,selected.lineages.LCDF_01.origins[*].Q_def,DIAGNOSTIC_ONLY,Exact 9×64 heatmap; shared log display scale.,publication_cmame_v1/04_figures/00_style/build_supplementary_figures.py,figS11_stage07_fourteen_lineage_origins.svg; figS11_stage07_fourteen_lineage_origins.pdf; figS11_stage07_fourteen_lineage_origins.png
S11,(i),Every selected-checkpoint Stage07 TRAIN origin is retained for all fourteen lineages and nine arm/seed runs.,stage_07_Heterogeneous_Development_Pool/05_formal_retraining/stage07dr/train_fit_attribution/D2_seed20700712.json,sha256:919a2676ec54243dcd138c1e233291da617d7b4a41c1212b2d79e5492818a6bb,selected.lineages.LCDF_01.origins[*].Q_def,DIAGNOSTIC_ONLY,Exact 9×64 heatmap; shared log display scale.,publication_cmame_v1/04_figures/00_style/build_supplementary_figures.py,figS11_stage07_fourteen_lineage_origins.svg; figS11_stage07_fourteen_lineage_origins.pdf; figS11_stage07_fourteen_lineage_origins.png
S11,(i),Every selected-checkpoint Stage07 TRAIN origin is retained for all fourteen lineages and nine arm/seed runs.,stage_07_Heterogeneous_Development_Pool/05_formal_retraining/stage07dr/train_fit_attribution/D2_seed20700713.json,sha256:70e534d315653d027360e090957706af30ee902b01732841d43c49cd693844fd,selected.lineages.LCDF_01.origins[*].Q_def,DIAGNOSTIC_ONLY,Exact 9×64 heatmap; shared log display scale.,publication_cmame_v1/04_figures/00_style/build_supplementary_figures.py,figS11_stage07_fourteen_lineage_origins.svg; figS11_stage07_fourteen_lineage_origins.pdf; figS11_stage07_fourteen_lineage_origins.png
S11,(i),Every selected-checkpoint Stage07 TRAIN origin is retained for all fourteen lineages and nine arm/seed runs.,stage_07_Heterogeneous_Development_Pool/05_formal_retraining/stage07dr/train_fit_attribution/D3_seed20700711.json,sha256:71708c4b02fac0c6fd9f90d64883ca2098f3ef2c9b2379b332f1ce2d4c7bf45e,selected.lineages.LCDF_01.origins[*].Q_def,DIAGNOSTIC_ONLY,Exact 9×64 heatmap; shared log display scale.,publication_cmame_v1/04_figures/00_style/build_supplementary_figures.py,figS11_stage07_fourteen_lineage_origins.svg; figS11_stage07_fourteen_lineage_origins.pdf; figS11_stage07_fourteen_lineage_origins.png
S11,(i),Every selected-checkpoint Stage07 TRAIN origin is retained for all fourteen lineages and nine arm/seed runs.,stage_07_Heterogeneous_Development_Pool/05_formal_retraining/stage07dr/train_fit_attribution/D3_seed20700712.json,sha256:da5d2e551ae22b904fc5f6df6076fd4eabb556ca9b44a9eff15055e64cc4f28a,selected.lineages.LCDF_01.origins[*].Q_def,DIAGNOSTIC_ONLY,Exact 9×64 heatmap; shared log display scale.,publication_cmame_v1/04_figures/00_style/build_supplementary_figures.py,figS11_stage07_fourteen_lineage_origins.svg; figS11_stage07_fourteen_lineage_origins.pdf; figS11_stage07_fourteen_lineage_origins.png
S11,(i),Every selected-checkpoint Stage07 TRAIN origin is retained for all fourteen lineages and nine arm/seed runs.,stage_07_Heterogeneous_Development_Pool/05_formal_retraining/stage07dr/train_fit_attribution/D3_seed20700713.json,sha256:328578cec827e4dd5b29b8a6184ffd44e9898fbe23a1dfcae2729ddd2a3129ab,selected.lineages.LCDF_01.origins[*].Q_def,DIAGNOSTIC_ONLY,Exact 9×64 heatmap; shared log display scale.,publication_cmame_v1/04_figures/00_style/build_supplementary_figures.py,figS11_stage07_fourteen_lineage_origins.svg; figS11_stage07_fourteen_lineage_origins.pdf; figS11_stage07_fourteen_lineage_origins.png
S11,(j),Every selected-checkpoint Stage07 TRAIN origin is retained for all fourteen lineages and nine arm/seed runs.,stage_07_Heterogeneous_Development_Pool/05_formal_retraining/stage07dr/train_fit_attribution/D1_seed20700711.json,sha256:37ec40e7490057d72d85a5732f3baab739c8262394ff01ee154cf668821048e8,selected.lineages.LCDF_04.origins[*].Q_def,DIAGNOSTIC_ONLY,Exact 9×64 heatmap; shared log display scale.,publication_cmame_v1/04_figures/00_style/build_supplementary_figures.py,figS11_stage07_fourteen_lineage_origins.svg; figS11_stage07_fourteen_lineage_origins.pdf; figS11_stage07_fourteen_lineage_origins.png
S11,(j),Every selected-checkpoint Stage07 TRAIN origin is retained for all fourteen lineages and nine arm/seed runs.,stage_07_Heterogeneous_Development_Pool/05_formal_retraining/stage07dr/train_fit_attribution/D1_seed20700712.json,sha256:0f6539abd12186e54f4b410afb0bff08f17a6fb6fd5cd6ab1b933b5c29256ba3,selected.lineages.LCDF_04.origins[*].Q_def,DIAGNOSTIC_ONLY,Exact 9×64 heatmap; shared log display scale.,publication_cmame_v1/04_figures/00_style/build_supplementary_figures.py,figS11_stage07_fourteen_lineage_origins.svg; figS11_stage07_fourteen_lineage_origins.pdf; figS11_stage07_fourteen_lineage_origins.png
S11,(j),Every selected-checkpoint Stage07 TRAIN origin is retained for all fourteen lineages and nine arm/seed runs.,stage_07_Heterogeneous_Development_Pool/05_formal_retraining/stage07dr/train_fit_attribution/D1_seed20700713.json,sha256:3a42b3f0e593eb55807ece69acf6260af1fadf594ca1d2e6050288d44b5537a6,selected.lineages.LCDF_04.origins[*].Q_def,DIAGNOSTIC_ONLY,Exact 9×64 heatmap; shared log display scale.,publication_cmame_v1/04_figures/00_style/build_supplementary_figures.py,figS11_stage07_fourteen_lineage_origins.svg; figS11_stage07_fourteen_lineage_origins.pdf; figS11_stage07_fourteen_lineage_origins.png
S11,(j),Every selected-checkpoint Stage07 TRAIN origin is retained for all fourteen lineages and nine arm/seed runs.,stage_07_Heterogeneous_Development_Pool/05_formal_retraining/stage07dr/train_fit_attribution/D2_seed20700711.json,sha256:99302ce76226028ab0889f0d82105293863b738ccb7e637ee7e29f62da63d5bc,selected.lineages.LCDF_04.origins[*].Q_def,DIAGNOSTIC_ONLY,Exact 9×64 heatmap; shared log display scale.,publication_cmame_v1/04_figures/00_style/build_supplementary_figures.py,figS11_stage07_fourteen_lineage_origins.svg; figS11_stage07_fourteen_lineage_origins.pdf; figS11_stage07_fourteen_lineage_origins.png
S11,(j),Every selected-checkpoint Stage07 TRAIN origin is retained for all fourteen lineages and nine arm/seed runs.,stage_07_Heterogeneous_Development_Pool/05_formal_retraining/stage07dr/train_fit_attribution/D2_seed20700712.json,sha256:919a2676ec54243dcd138c1e233291da617d7b4a41c1212b2d79e5492818a6bb,selected.lineages.LCDF_04.origins[*].Q_def,DIAGNOSTIC_ONLY,Exact 9×64 heatmap; shared log display scale.,publication_cmame_v1/04_figures/00_style/build_supplementary_figures.py,figS11_stage07_fourteen_lineage_origins.svg; figS11_stage07_fourteen_lineage_origins.pdf; figS11_stage07_fourteen_lineage_origins.png
S11,(j),Every selected-checkpoint Stage07 TRAIN origin is retained for all fourteen lineages and nine arm/seed runs.,stage_07_Heterogeneous_Development_Pool/05_formal_retraining/stage07dr/train_fit_attribution/D2_seed20700713.json,sha256:70e534d315653d027360e090957706af30ee902b01732841d43c49cd693844fd,selected.lineages.LCDF_04.origins[*].Q_def,DIAGNOSTIC_ONLY,Exact 9×64 heatmap; shared log display scale.,publication_cmame_v1/04_figures/00_style/build_supplementary_figures.py,figS11_stage07_fourteen_lineage_origins.svg; figS11_stage07_fourteen_lineage_origins.pdf; figS11_stage07_fourteen_lineage_origins.png
S11,(j),Every selected-checkpoint Stage07 TRAIN origin is retained for all fourteen lineages and nine arm/seed runs.,stage_07_Heterogeneous_Development_Pool/05_formal_retraining/stage07dr/train_fit_attribution/D3_seed20700711.json,sha256:71708c4b02fac0c6fd9f90d64883ca2098f3ef2c9b2379b332f1ce2d4c7bf45e,selected.lineages.LCDF_04.origins[*].Q_def,DIAGNOSTIC_ONLY,Exact 9×64 heatmap; shared log display scale.,publication_cmame_v1/04_figures/00_style/build_supplementary_figures.py,figS11_stage07_fourteen_lineage_origins.svg; figS11_stage07_fourteen_lineage_origins.pdf; figS11_stage07_fourteen_lineage_origins.png
S11,(j),Every selected-checkpoint Stage07 TRAIN origin is retained for all fourteen lineages and nine arm/seed runs.,stage_07_Heterogeneous_Development_Pool/05_formal_retraining/stage07dr/train_fit_attribution/D3_seed20700712.json,sha256:da5d2e551ae22b904fc5f6df6076fd4eabb556ca9b44a9eff15055e64cc4f28a,selected.lineages.LCDF_04.origins[*].Q_def,DIAGNOSTIC_ONLY,Exact 9×64 heatmap; shared log display scale.,publication_cmame_v1/04_figures/00_style/build_supplementary_figures.py,figS11_stage07_fourteen_lineage_origins.svg; figS11_stage07_fourteen_lineage_origins.pdf; figS11_stage07_fourteen_lineage_origins.png
S11,(j),Every selected-checkpoint Stage07 TRAIN origin is retained for all fourteen lineages and nine arm/seed runs.,stage_07_Heterogeneous_Development_Pool/05_formal_retraining/stage07dr/train_fit_attribution/D3_seed20700713.json,sha256:328578cec827e4dd5b29b8a6184ffd44e9898fbe23a1dfcae2729ddd2a3129ab,selected.lineages.LCDF_04.origins[*].Q_def,DIAGNOSTIC_ONLY,Exact 9×64 heatmap; shared log display scale.,publication_cmame_v1/04_figures/00_style/build_supplementary_figures.py,figS11_stage07_fourteen_lineage_origins.svg; figS11_stage07_fourteen_lineage_origins.pdf; figS11_stage07_fourteen_lineage_origins.png
S11,(k),Every selected-checkpoint Stage07 TRAIN origin is retained for all fourteen lineages and nine arm/seed runs.,stage_07_Heterogeneous_Development_Pool/05_formal_retraining/stage07dr/train_fit_attribution/D1_seed20700711.json,sha256:37ec40e7490057d72d85a5732f3baab739c8262394ff01ee154cf668821048e8,selected.lineages.LCDF_05.origins[*].Q_def,DIAGNOSTIC_ONLY,Exact 9×64 heatmap; shared log display scale.,publication_cmame_v1/04_figures/00_style/build_supplementary_figures.py,figS11_stage07_fourteen_lineage_origins.svg; figS11_stage07_fourteen_lineage_origins.pdf; figS11_stage07_fourteen_lineage_origins.png
S11,(k),Every selected-checkpoint Stage07 TRAIN origin is retained for all fourteen lineages and nine arm/seed runs.,stage_07_Heterogeneous_Development_Pool/05_formal_retraining/stage07dr/train_fit_attribution/D1_seed20700712.json,sha256:0f6539abd12186e54f4b410afb0bff08f17a6fb6fd5cd6ab1b933b5c29256ba3,selected.lineages.LCDF_05.origins[*].Q_def,DIAGNOSTIC_ONLY,Exact 9×64 heatmap; shared log display scale.,publication_cmame_v1/04_figures/00_style/build_supplementary_figures.py,figS11_stage07_fourteen_lineage_origins.svg; figS11_stage07_fourteen_lineage_origins.pdf; figS11_stage07_fourteen_lineage_origins.png
S11,(k),Every selected-checkpoint Stage07 TRAIN origin is retained for all fourteen lineages and nine arm/seed runs.,stage_07_Heterogeneous_Development_Pool/05_formal_retraining/stage07dr/train_fit_attribution/D1_seed20700713.json,sha256:3a42b3f0e593eb55807ece69acf6260af1fadf594ca1d2e6050288d44b5537a6,selected.lineages.LCDF_05.origins[*].Q_def,DIAGNOSTIC_ONLY,Exact 9×64 heatmap; shared log display scale.,publication_cmame_v1/04_figures/00_style/build_supplementary_figures.py,figS11_stage07_fourteen_lineage_origins.svg; figS11_stage07_fourteen_lineage_origins.pdf; figS11_stage07_fourteen_lineage_origins.png
S11,(k),Every selected-checkpoint Stage07 TRAIN origin is retained for all fourteen lineages and nine arm/seed runs.,stage_07_Heterogeneous_Development_Pool/05_formal_retraining/stage07dr/train_fit_attribution/D2_seed20700711.json,sha256:99302ce76226028ab0889f0d82105293863b738ccb7e637ee7e29f62da63d5bc,selected.lineages.LCDF_05.origins[*].Q_def,DIAGNOSTIC_ONLY,Exact 9×64 heatmap; shared log display scale.,publication_cmame_v1/04_figures/00_style/build_supplementary_figures.py,figS11_stage07_fourteen_lineage_origins.svg; figS11_stage07_fourteen_lineage_origins.pdf; figS11_stage07_fourteen_lineage_origins.png
S11,(k),Every selected-checkpoint Stage07 TRAIN origin is retained for all fourteen lineages and nine arm/seed runs.,stage_07_Heterogeneous_Development_Pool/05_formal_retraining/stage07dr/train_fit_attribution/D2_seed20700712.json,sha256:919a2676ec54243dcd138c1e233291da617d7b4a41c1212b2d79e5492818a6bb,selected.lineages.LCDF_05.origins[*].Q_def,DIAGNOSTIC_ONLY,Exact 9×64 heatmap; shared log display scale.,publication_cmame_v1/04_figures/00_style/build_supplementary_figures.py,figS11_stage07_fourteen_lineage_origins.svg; figS11_stage07_fourteen_lineage_origins.pdf; figS11_stage07_fourteen_lineage_origins.png
S11,(k),Every selected-checkpoint Stage07 TRAIN origin is retained for all fourteen lineages and nine arm/seed runs.,stage_07_Heterogeneous_Development_Pool/05_formal_retraining/stage07dr/train_fit_attribution/D2_seed20700713.json,sha256:70e534d315653d027360e090957706af30ee902b01732841d43c49cd693844fd,selected.lineages.LCDF_05.origins[*].Q_def,DIAGNOSTIC_ONLY,Exact 9×64 heatmap; shared log display scale.,publication_cmame_v1/04_figures/00_style/build_supplementary_figures.py,figS11_stage07_fourteen_lineage_origins.svg; figS11_stage07_fourteen_lineage_origins.pdf; figS11_stage07_fourteen_lineage_origins.png
S11,(k),Every selected-checkpoint Stage07 TRAIN origin is retained for all fourteen lineages and nine arm/seed runs.,stage_07_Heterogeneous_Development_Pool/05_formal_retraining/stage07dr/train_fit_attribution/D3_seed20700711.json,sha256:71708c4b02fac0c6fd9f90d64883ca2098f3ef2c9b2379b332f1ce2d4c7bf45e,selected.lineages.LCDF_05.origins[*].Q_def,DIAGNOSTIC_ONLY,Exact 9×64 heatmap; shared log display scale.,publication_cmame_v1/04_figures/00_style/build_supplementary_figures.py,figS11_stage07_fourteen_lineage_origins.svg; figS11_stage07_fourteen_lineage_origins.pdf; figS11_stage07_fourteen_lineage_origins.png
S11,(k),Every selected-checkpoint Stage07 TRAIN origin is retained for all fourteen lineages and nine arm/seed runs.,stage_07_Heterogeneous_Development_Pool/05_formal_retraining/stage07dr/train_fit_attribution/D3_seed20700712.json,sha256:da5d2e551ae22b904fc5f6df6076fd4eabb556ca9b44a9eff15055e64cc4f28a,selected.lineages.LCDF_05.origins[*].Q_def,DIAGNOSTIC_ONLY,Exact 9×64 heatmap; shared log display scale.,publication_cmame_v1/04_figures/00_style/build_supplementary_figures.py,figS11_stage07_fourteen_lineage_origins.svg; figS11_stage07_fourteen_lineage_origins.pdf; figS11_stage07_fourteen_lineage_origins.png
S11,(k),Every selected-checkpoint Stage07 TRAIN origin is retained for all fourteen lineages and nine arm/seed runs.,stage_07_Heterogeneous_Development_Pool/05_formal_retraining/stage07dr/train_fit_attribution/D3_seed20700713.json,sha256:328578cec827e4dd5b29b8a6184ffd44e9898fbe23a1dfcae2729ddd2a3129ab,selected.lineages.LCDF_05.origins[*].Q_def,DIAGNOSTIC_ONLY,Exact 9×64 heatmap; shared log display scale.,publication_cmame_v1/04_figures/00_style/build_supplementary_figures.py,figS11_stage07_fourteen_lineage_origins.svg; figS11_stage07_fourteen_lineage_origins.pdf; figS11_stage07_fourteen_lineage_origins.png
S11,(l),Every selected-checkpoint Stage07 TRAIN origin is retained for all fourteen lineages and nine arm/seed runs.,stage_07_Heterogeneous_Development_Pool/05_formal_retraining/stage07dr/train_fit_attribution/D1_seed20700711.json,sha256:37ec40e7490057d72d85a5732f3baab739c8262394ff01ee154cf668821048e8,selected.lineages.LCDF_06.origins[*].Q_def,DIAGNOSTIC_ONLY,Exact 9×64 heatmap; shared log display scale.,publication_cmame_v1/04_figures/00_style/build_supplementary_figures.py,figS11_stage07_fourteen_lineage_origins.svg; figS11_stage07_fourteen_lineage_origins.pdf; figS11_stage07_fourteen_lineage_origins.png
S11,(l),Every selected-checkpoint Stage07 TRAIN origin is retained for all fourteen lineages and nine arm/seed runs.,stage_07_Heterogeneous_Development_Pool/05_formal_retraining/stage07dr/train_fit_attribution/D1_seed20700712.json,sha256:0f6539abd12186e54f4b410afb0bff08f17a6fb6fd5cd6ab1b933b5c29256ba3,selected.lineages.LCDF_06.origins[*].Q_def,DIAGNOSTIC_ONLY,Exact 9×64 heatmap; shared log display scale.,publication_cmame_v1/04_figures/00_style/build_supplementary_figures.py,figS11_stage07_fourteen_lineage_origins.svg; figS11_stage07_fourteen_lineage_origins.pdf; figS11_stage07_fourteen_lineage_origins.png
S11,(l),Every selected-checkpoint Stage07 TRAIN origin is retained for all fourteen lineages and nine arm/seed runs.,stage_07_Heterogeneous_Development_Pool/05_formal_retraining/stage07dr/train_fit_attribution/D1_seed20700713.json,sha256:3a42b3f0e593eb55807ece69acf6260af1fadf594ca1d2e6050288d44b5537a6,selected.lineages.LCDF_06.origins[*].Q_def,DIAGNOSTIC_ONLY,Exact 9×64 heatmap; shared log display scale.,publication_cmame_v1/04_figures/00_style/build_supplementary_figures.py,figS11_stage07_fourteen_lineage_origins.svg; figS11_stage07_fourteen_lineage_origins.pdf; figS11_stage07_fourteen_lineage_origins.png
S11,(l),Every selected-checkpoint Stage07 TRAIN origin is retained for all fourteen lineages and nine arm/seed runs.,stage_07_Heterogeneous_Development_Pool/05_formal_retraining/stage07dr/train_fit_attribution/D2_seed20700711.json,sha256:99302ce76226028ab0889f0d82105293863b738ccb7e637ee7e29f62da63d5bc,selected.lineages.LCDF_06.origins[*].Q_def,DIAGNOSTIC_ONLY,Exact 9×64 heatmap; shared log display scale.,publication_cmame_v1/04_figures/00_style/build_supplementary_figures.py,figS11_stage07_fourteen_lineage_origins.svg; figS11_stage07_fourteen_lineage_origins.pdf; figS11_stage07_fourteen_lineage_origins.png
S11,(l),Every selected-checkpoint Stage07 TRAIN origin is retained for all fourteen lineages and nine arm/seed runs.,stage_07_Heterogeneous_Development_Pool/05_formal_retraining/stage07dr/train_fit_attribution/D2_seed20700712.json,sha256:919a2676ec54243dcd138c1e233291da617d7b4a41c1212b2d79e5492818a6bb,selected.lineages.LCDF_06.origins[*].Q_def,DIAGNOSTIC_ONLY,Exact 9×64 heatmap; shared log display scale.,publication_cmame_v1/04_figures/00_style/build_supplementary_figures.py,figS11_stage07_fourteen_lineage_origins.svg; figS11_stage07_fourteen_lineage_origins.pdf; figS11_stage07_fourteen_lineage_origins.png
S11,(l),Every selected-checkpoint Stage07 TRAIN origin is retained for all fourteen lineages and nine arm/seed runs.,stage_07_Heterogeneous_Development_Pool/05_formal_retraining/stage07dr/train_fit_attribution/D2_seed20700713.json,sha256:70e534d315653d027360e090957706af30ee902b01732841d43c49cd693844fd,selected.lineages.LCDF_06.origins[*].Q_def,DIAGNOSTIC_ONLY,Exact 9×64 heatmap; shared log display scale.,publication_cmame_v1/04_figures/00_style/build_supplementary_figures.py,figS11_stage07_fourteen_lineage_origins.svg; figS11_stage07_fourteen_lineage_origins.pdf; figS11_stage07_fourteen_lineage_origins.png
S11,(l),Every selected-checkpoint Stage07 TRAIN origin is retained for all fourteen lineages and nine arm/seed runs.,stage_07_Heterogeneous_Development_Pool/05_formal_retraining/stage07dr/train_fit_attribution/D3_seed20700711.json,sha256:71708c4b02fac0c6fd9f90d64883ca2098f3ef2c9b2379b332f1ce2d4c7bf45e,selected.lineages.LCDF_06.origins[*].Q_def,DIAGNOSTIC_ONLY,Exact 9×64 heatmap; shared log display scale.,publication_cmame_v1/04_figures/00_style/build_supplementary_figures.py,figS11_stage07_fourteen_lineage_origins.svg; figS11_stage07_fourteen_lineage_origins.pdf; figS11_stage07_fourteen_lineage_origins.png
S11,(l),Every selected-checkpoint Stage07 TRAIN origin is retained for all fourteen lineages and nine arm/seed runs.,stage_07_Heterogeneous_Development_Pool/05_formal_retraining/stage07dr/train_fit_attribution/D3_seed20700712.json,sha256:da5d2e551ae22b904fc5f6df6076fd4eabb556ca9b44a9eff15055e64cc4f28a,selected.lineages.LCDF_06.origins[*].Q_def,DIAGNOSTIC_ONLY,Exact 9×64 heatmap; shared log display scale.,publication_cmame_v1/04_figures/00_style/build_supplementary_figures.py,figS11_stage07_fourteen_lineage_origins.svg; figS11_stage07_fourteen_lineage_origins.pdf; figS11_stage07_fourteen_lineage_origins.png
S11,(l),Every selected-checkpoint Stage07 TRAIN origin is retained for all fourteen lineages and nine arm/seed runs.,stage_07_Heterogeneous_Development_Pool/05_formal_retraining/stage07dr/train_fit_attribution/D3_seed20700713.json,sha256:328578cec827e4dd5b29b8a6184ffd44e9898fbe23a1dfcae2729ddd2a3129ab,selected.lineages.LCDF_06.origins[*].Q_def,DIAGNOSTIC_ONLY,Exact 9×64 heatmap; shared log display scale.,publication_cmame_v1/04_figures/00_style/build_supplementary_figures.py,figS11_stage07_fourteen_lineage_origins.svg; figS11_stage07_fourteen_lineage_origins.pdf; figS11_stage07_fourteen_lineage_origins.png
S11,(m),Every selected-checkpoint Stage07 TRAIN origin is retained for all fourteen lineages and nine arm/seed runs.,stage_07_Heterogeneous_Development_Pool/05_formal_retraining/stage07dr/train_fit_attribution/D1_seed20700711.json,sha256:37ec40e7490057d72d85a5732f3baab739c8262394ff01ee154cf668821048e8,selected.lineages.LCDF_07.origins[*].Q_def,DIAGNOSTIC_ONLY,Exact 9×64 heatmap; shared log display scale.,publication_cmame_v1/04_figures/00_style/build_supplementary_figures.py,figS11_stage07_fourteen_lineage_origins.svg; figS11_stage07_fourteen_lineage_origins.pdf; figS11_stage07_fourteen_lineage_origins.png
S11,(m),Every selected-checkpoint Stage07 TRAIN origin is retained for all fourteen lineages and nine arm/seed runs.,stage_07_Heterogeneous_Development_Pool/05_formal_retraining/stage07dr/train_fit_attribution/D1_seed20700712.json,sha256:0f6539abd12186e54f4b410afb0bff08f17a6fb6fd5cd6ab1b933b5c29256ba3,selected.lineages.LCDF_07.origins[*].Q_def,DIAGNOSTIC_ONLY,Exact 9×64 heatmap; shared log display scale.,publication_cmame_v1/04_figures/00_style/build_supplementary_figures.py,figS11_stage07_fourteen_lineage_origins.svg; figS11_stage07_fourteen_lineage_origins.pdf; figS11_stage07_fourteen_lineage_origins.png
S11,(m),Every selected-checkpoint Stage07 TRAIN origin is retained for all fourteen lineages and nine arm/seed runs.,stage_07_Heterogeneous_Development_Pool/05_formal_retraining/stage07dr/train_fit_attribution/D1_seed20700713.json,sha256:3a42b3f0e593eb55807ece69acf6260af1fadf594ca1d2e6050288d44b5537a6,selected.lineages.LCDF_07.origins[*].Q_def,DIAGNOSTIC_ONLY,Exact 9×64 heatmap; shared log display scale.,publication_cmame_v1/04_figures/00_style/build_supplementary_figures.py,figS11_stage07_fourteen_lineage_origins.svg; figS11_stage07_fourteen_lineage_origins.pdf; figS11_stage07_fourteen_lineage_origins.png
S11,(m),Every selected-checkpoint Stage07 TRAIN origin is retained for all fourteen lineages and nine arm/seed runs.,stage_07_Heterogeneous_Development_Pool/05_formal_retraining/stage07dr/train_fit_attribution/D2_seed20700711.json,sha256:99302ce76226028ab0889f0d82105293863b738ccb7e637ee7e29f62da63d5bc,selected.lineages.LCDF_07.origins[*].Q_def,DIAGNOSTIC_ONLY,Exact 9×64 heatmap; shared log display scale.,publication_cmame_v1/04_figures/00_style/build_supplementary_figures.py,figS11_stage07_fourteen_lineage_origins.svg; figS11_stage07_fourteen_lineage_origins.pdf; figS11_stage07_fourteen_lineage_origins.png
S11,(m),Every selected-checkpoint Stage07 TRAIN origin is retained for all fourteen lineages and nine arm/seed runs.,stage_07_Heterogeneous_Development_Pool/05_formal_retraining/stage07dr/train_fit_attribution/D2_seed20700712.json,sha256:919a2676ec54243dcd138c1e233291da617d7b4a41c1212b2d79e5492818a6bb,selected.lineages.LCDF_07.origins[*].Q_def,DIAGNOSTIC_ONLY,Exact 9×64 heatmap; shared log display scale.,publication_cmame_v1/04_figures/00_style/build_supplementary_figures.py,figS11_stage07_fourteen_lineage_origins.svg; figS11_stage07_fourteen_lineage_origins.pdf; figS11_stage07_fourteen_lineage_origins.png
S11,(m),Every selected-checkpoint Stage07 TRAIN origin is retained for all fourteen lineages and nine arm/seed runs.,stage_07_Heterogeneous_Development_Pool/05_formal_retraining/stage07dr/train_fit_attribution/D2_seed20700713.json,sha256:70e534d315653d027360e090957706af30ee902b01732841d43c49cd693844fd,selected.lineages.LCDF_07.origins[*].Q_def,DIAGNOSTIC_ONLY,Exact 9×64 heatmap; shared log display scale.,publication_cmame_v1/04_figures/00_style/build_supplementary_figures.py,figS11_stage07_fourteen_lineage_origins.svg; figS11_stage07_fourteen_lineage_origins.pdf; figS11_stage07_fourteen_lineage_origins.png
S11,(m),Every selected-checkpoint Stage07 TRAIN origin is retained for all fourteen lineages and nine arm/seed runs.,stage_07_Heterogeneous_Development_Pool/05_formal_retraining/stage07dr/train_fit_attribution/D3_seed20700711.json,sha256:71708c4b02fac0c6fd9f90d64883ca2098f3ef2c9b2379b332f1ce2d4c7bf45e,selected.lineages.LCDF_07.origins[*].Q_def,DIAGNOSTIC_ONLY,Exact 9×64 heatmap; shared log display scale.,publication_cmame_v1/04_figures/00_style/build_supplementary_figures.py,figS11_stage07_fourteen_lineage_origins.svg; figS11_stage07_fourteen_lineage_origins.pdf; figS11_stage07_fourteen_lineage_origins.png
S11,(m),Every selected-checkpoint Stage07 TRAIN origin is retained for all fourteen lineages and nine arm/seed runs.,stage_07_Heterogeneous_Development_Pool/05_formal_retraining/stage07dr/train_fit_attribution/D3_seed20700712.json,sha256:da5d2e551ae22b904fc5f6df6076fd4eabb556ca9b44a9eff15055e64cc4f28a,selected.lineages.LCDF_07.origins[*].Q_def,DIAGNOSTIC_ONLY,Exact 9×64 heatmap; shared log display scale.,publication_cmame_v1/04_figures/00_style/build_supplementary_figures.py,figS11_stage07_fourteen_lineage_origins.svg; figS11_stage07_fourteen_lineage_origins.pdf; figS11_stage07_fourteen_lineage_origins.png
S11,(m),Every selected-checkpoint Stage07 TRAIN origin is retained for all fourteen lineages and nine arm/seed runs.,stage_07_Heterogeneous_Development_Pool/05_formal_retraining/stage07dr/train_fit_attribution/D3_seed20700713.json,sha256:328578cec827e4dd5b29b8a6184ffd44e9898fbe23a1dfcae2729ddd2a3129ab,selected.lineages.LCDF_07.origins[*].Q_def,DIAGNOSTIC_ONLY,Exact 9×64 heatmap; shared log display scale.,publication_cmame_v1/04_figures/00_style/build_supplementary_figures.py,figS11_stage07_fourteen_lineage_origins.svg; figS11_stage07_fourteen_lineage_origins.pdf; figS11_stage07_fourteen_lineage_origins.png
S11,(n),Every selected-checkpoint Stage07 TRAIN origin is retained for all fourteen lineages and nine arm/seed runs.,stage_07_Heterogeneous_Development_Pool/05_formal_retraining/stage07dr/train_fit_attribution/D1_seed20700711.json,sha256:37ec40e7490057d72d85a5732f3baab739c8262394ff01ee154cf668821048e8,selected.lineages.LCDF_08.origins[*].Q_def,DIAGNOSTIC_ONLY,Exact 9×64 heatmap; shared log display scale.,publication_cmame_v1/04_figures/00_style/build_supplementary_figures.py,figS11_stage07_fourteen_lineage_origins.svg; figS11_stage07_fourteen_lineage_origins.pdf; figS11_stage07_fourteen_lineage_origins.png
S11,(n),Every selected-checkpoint Stage07 TRAIN origin is retained for all fourteen lineages and nine arm/seed runs.,stage_07_Heterogeneous_Development_Pool/05_formal_retraining/stage07dr/train_fit_attribution/D1_seed20700712.json,sha256:0f6539abd12186e54f4b410afb0bff08f17a6fb6fd5cd6ab1b933b5c29256ba3,selected.lineages.LCDF_08.origins[*].Q_def,DIAGNOSTIC_ONLY,Exact 9×64 heatmap; shared log display scale.,publication_cmame_v1/04_figures/00_style/build_supplementary_figures.py,figS11_stage07_fourteen_lineage_origins.svg; figS11_stage07_fourteen_lineage_origins.pdf; figS11_stage07_fourteen_lineage_origins.png
S11,(n),Every selected-checkpoint Stage07 TRAIN origin is retained for all fourteen lineages and nine arm/seed runs.,stage_07_Heterogeneous_Development_Pool/05_formal_retraining/stage07dr/train_fit_attribution/D1_seed20700713.json,sha256:3a42b3f0e593eb55807ece69acf6260af1fadf594ca1d2e6050288d44b5537a6,selected.lineages.LCDF_08.origins[*].Q_def,DIAGNOSTIC_ONLY,Exact 9×64 heatmap; shared log display scale.,publication_cmame_v1/04_figures/00_style/build_supplementary_figures.py,figS11_stage07_fourteen_lineage_origins.svg; figS11_stage07_fourteen_lineage_origins.pdf; figS11_stage07_fourteen_lineage_origins.png
S11,(n),Every selected-checkpoint Stage07 TRAIN origin is retained for all fourteen lineages and nine arm/seed runs.,stage_07_Heterogeneous_Development_Pool/05_formal_retraining/stage07dr/train_fit_attribution/D2_seed20700711.json,sha256:99302ce76226028ab0889f0d82105293863b738ccb7e637ee7e29f62da63d5bc,selected.lineages.LCDF_08.origins[*].Q_def,DIAGNOSTIC_ONLY,Exact 9×64 heatmap; shared log display scale.,publication_cmame_v1/04_figures/00_style/build_supplementary_figures.py,figS11_stage07_fourteen_lineage_origins.svg; figS11_stage07_fourteen_lineage_origins.pdf; figS11_stage07_fourteen_lineage_origins.png
S11,(n),Every selected-checkpoint Stage07 TRAIN origin is retained for all fourteen lineages and nine arm/seed runs.,stage_07_Heterogeneous_Development_Pool/05_formal_retraining/stage07dr/train_fit_attribution/D2_seed20700712.json,sha256:919a2676ec54243dcd138c1e233291da617d7b4a41c1212b2d79e5492818a6bb,selected.lineages.LCDF_08.origins[*].Q_def,DIAGNOSTIC_ONLY,Exact 9×64 heatmap; shared log display scale.,publication_cmame_v1/04_figures/00_style/build_supplementary_figures.py,figS11_stage07_fourteen_lineage_origins.svg; figS11_stage07_fourteen_lineage_origins.pdf; figS11_stage07_fourteen_lineage_origins.png
S11,(n),Every selected-checkpoint Stage07 TRAIN origin is retained for all fourteen lineages and nine arm/seed runs.,stage_07_Heterogeneous_Development_Pool/05_formal_retraining/stage07dr/train_fit_attribution/D2_seed20700713.json,sha256:70e534d315653d027360e090957706af30ee902b01732841d43c49cd693844fd,selected.lineages.LCDF_08.origins[*].Q_def,DIAGNOSTIC_ONLY,Exact 9×64 heatmap; shared log display scale.,publication_cmame_v1/04_figures/00_style/build_supplementary_figures.py,figS11_stage07_fourteen_lineage_origins.svg; figS11_stage07_fourteen_lineage_origins.pdf; figS11_stage07_fourteen_lineage_origins.png
S11,(n),Every selected-checkpoint Stage07 TRAIN origin is retained for all fourteen lineages and nine arm/seed runs.,stage_07_Heterogeneous_Development_Pool/05_formal_retraining/stage07dr/train_fit_attribution/D3_seed20700711.json,sha256:71708c4b02fac0c6fd9f90d64883ca2098f3ef2c9b2379b332f1ce2d4c7bf45e,selected.lineages.LCDF_08.origins[*].Q_def,DIAGNOSTIC_ONLY,Exact 9×64 heatmap; shared log display scale.,publication_cmame_v1/04_figures/00_style/build_supplementary_figures.py,figS11_stage07_fourteen_lineage_origins.svg; figS11_stage07_fourteen_lineage_origins.pdf; figS11_stage07_fourteen_lineage_origins.png
S11,(n),Every selected-checkpoint Stage07 TRAIN origin is retained for all fourteen lineages and nine arm/seed runs.,stage_07_Heterogeneous_Development_Pool/05_formal_retraining/stage07dr/train_fit_attribution/D3_seed20700712.json,sha256:da5d2e551ae22b904fc5f6df6076fd4eabb556ca9b44a9eff15055e64cc4f28a,selected.lineages.LCDF_08.origins[*].Q_def,DIAGNOSTIC_ONLY,Exact 9×64 heatmap; shared log display scale.,publication_cmame_v1/04_figures/00_style/build_supplementary_figures.py,figS11_stage07_fourteen_lineage_origins.svg; figS11_stage07_fourteen_lineage_origins.pdf; figS11_stage07_fourteen_lineage_origins.png
S11,(n),Every selected-checkpoint Stage07 TRAIN origin is retained for all fourteen lineages and nine arm/seed runs.,stage_07_Heterogeneous_Development_Pool/05_formal_retraining/stage07dr/train_fit_attribution/D3_seed20700713.json,sha256:328578cec827e4dd5b29b8a6184ffd44e9898fbe23a1dfcae2729ddd2a3129ab,selected.lineages.LCDF_08.origins[*].Q_def,DIAGNOSTIC_ONLY,Exact 9×64 heatmap; shared log display scale.,publication_cmame_v1/04_figures/00_style/build_supplementary_figures.py,figS11_stage07_fourteen_lineage_origins.svg; figS11_stage07_fourteen_lineage_origins.pdf; figS11_stage07_fourteen_lineage_origins.png
S12,a-e,"H2-family origin, phase, source, oracle, target, and residual diagnostics are shown for every frozen row.",stage_07_Heterogeneous_Development_Pool/05_formal_retraining/stage07dr/het_s2_02_support_analysis/h2_origin_level_analysis.json,sha256:1bbf5a9b6bcfab0fe0bd66d306d686b9a4dc39377e8a1a9316d65a7f55dc65ba,"rows[*] diagnostic fields, failure_pattern, temporal_phase_error_correlation",DIAGNOSTIC_ONLY,Exact scatter; variant coordinate offset only.,publication_cmame_v1/04_figures/00_style/build_supplementary_figures.py,figS12_h2_diagnostics.svg; figS12_h2_diagnostics.pdf; figS12_h2_diagnostics.png
S12,f,Pair-basis representability remained near machine precision and is distinct from target-support qualification.,stage_07_Heterogeneous_Development_Pool/05_formal_retraining/stage07dr/het_s2_02_support_analysis/pair_basis_boundary.json,sha256:9dc4aa0dbb1810a54cd24182eab48c47024f767de9802b5e7ea8b4140d88418a,"bounded_max, unbounded_max, PAIR_BASIS_REPRESENTATION_FAILURE",SUPPORTED,Status-card transcription.,publication_cmame_v1/04_figures/00_style/build_supplementary_figures.py,figS12_h2_diagnostics.svg; figS12_h2_diagnostics.pdf; figS12_h2_diagnostics.png
S12,f,Frozen local tangent reducibility is high for all three D3 seeds but does not close the support gap.,stage_07_Heterogeneous_Development_Pool/05_formal_retraining/stage07dr/tangent_reducibility/d3_tangent_reducibility.json,sha256:76986a9c607681a843bce6377de11390cc0a1592befe6c5cff0e8fbe2e63f5a6,*.lineages.HET_S2_02.full_network.TANGENT_REDUCIBLE_FRACTION,DIAGNOSTIC_ONLY,Exact three-seed status-card values.,publication_cmame_v1/04_figures/00_style/build_supplementary_figures.py,figS12_h2_diagnostics.svg; figS12_h2_diagnostics.pdf; figS12_h2_diagnostics.png
S13,a-g,All 192 precomputed systematic candidate descriptor and target records are retained without candidate deletion.,stage_08_Systematic_Coverage_V3/01_systematic_coverage_design/qualification/candidate_level_qualification.json,sha256:25e49bd1d191ffaba0df7bf5de4d46445c0ee47b9788fa95c649506cef86f793,"rows[*] precomputed descriptor, target, topology, and qualification fields",SUPPORTED,Exact scatter/vector-cell placement; panel e displays 10^12 times (1 minus conservative_fraction); no candidate payload opened.,publication_cmame_v1/04_figures/00_style/build_supplementary_figures.py,figS13_stage08_192_candidates.svg; figS13_stage08_192_candidates.pdf; figS13_stage08_192_candidates.png
S13,h,Candidate qualification did not qualify the systematic coverage pool and no model prediction was read.,stage_08_Systematic_Coverage_V3/01_systematic_coverage_design/qualification/stage08a_qualification_summary.json,sha256:ee8d6e2a8e061435a7ed2d02e9af638d72e71a946e7d34003900d70b54a20120,"counts, gates, final_status, selected lists",SUPPORTED,Exact status-card transcription.,publication_cmame_v1/04_figures/00_style/build_supplementary_figures.py,figS13_stage08_192_candidates.svg; figS13_stage08_192_candidates.pdf; figS13_stage08_192_candidates.png
S14,"a-b,f",The final stage ledger and claim/access flags define the frozen governance boundary.,stage_08Z_Project_Closure_Publication/01_project_status/project_final_status_ledger.json,sha256:11d58273c115a6d5197c1192141000653d532646eae235e22a74a42f7a039974,stages and final_flags,SUPPORTED,Exact values retained in source data; deterministic compact labels in vector cells and cards.,publication_cmame_v1/04_figures/00_style/build_supplementary_figures.py,figS14_governance.svg; figS14_governance.pdf; figS14_governance.png
S14,f,The closure inventory is hash-complete and frozen immutable.,stage_08Z_Project_Closure_Publication/00_freeze/project_final_evidence_freeze_manifest.json,sha256:fd07fcb8853989c31e624f558e1c84c9cea6f979fd735d7e0f0f93bfb2ae0157,"artifact_count, all_artifacts_mutable_false, inventory_sha256",SUPPORTED,Exact status-card transcription; artifact payloads not read.,publication_cmame_v1/04_figures/00_style/build_supplementary_figures.py,figS14_governance.svg; figS14_governance.pdf; figS14_governance.png
S14,c,Stage06 resource execution remained within its frozen engineering audit.,stage_06_Optimizer_Update_Dynamics_Training/03_formal_training/stage06c/resources/stage06c_resource_execution.json,sha256:8279a12bcc302ffbcb642c19abebb349ee66ca158bcec92474028c5e97ffa911,"peak_rss_bytes, total_wall_time_seconds, pass",SUPPORTED,Exact GiB unit conversion.,publication_cmame_v1/04_figures/00_style/build_supplementary_figures.py,figS14_governance.svg; figS14_governance.pdf; figS14_governance.png
S14,c,Stage07 resource execution remained within its frozen engineering audit.,stage_07_Heterogeneous_Development_Pool/05_formal_retraining/stage07d/resources/stage07d_resource_execution.json,sha256:e4e836f89677cd72e6ee85ee3c8dc989316acc5629abbb69fcf0f23a3c7fe396,"peak_rss_bytes, total_run_wall_time_seconds, pass",SUPPORTED,Exact GiB unit conversion.,publication_cmame_v1/04_figures/00_style/build_supplementary_figures.py,figS14_governance.svg; figS14_governance.pdf; figS14_governance.png
S14,c,Stage08A coverage preparation remained within its frozen engineering audit.,stage_08_Systematic_Coverage_V3/01_systematic_coverage_design/resources/stage08a_resource_audit.json,sha256:04d1e479a2e99c07f016377a95c175a482b35a94b83ec560f82bb4a24acac93c,"peak_rss_bytes, elapsed_seconds_before_packaging, verdict",SUPPORTED,Exact GiB unit conversion.,publication_cmame_v1/04_figures/00_style/build_supplementary_figures.py,figS14_governance.svg; figS14_governance.pdf; figS14_governance.png
S14,d,The Stage06 checkpoint inventory contains 590 hash-matched entries.,stage_06_Optimizer_Update_Dynamics_Training/03_formal_training/stage06cr/checkpoint_trajectory/all_590_train_gate_scan.json,sha256:542977edf16ef988b9d2a6408753ee1bbe9c29c1046a78c8408f496147caff9b,"checkpoint_count, all_hashes_match",SUPPORTED,Exact bar/status transcription.,publication_cmame_v1/04_figures/00_style/build_supplementary_figures.py,figS14_governance.svg; figS14_governance.pdf; figS14_governance.png
S14,d,The Stage07 checkpoint inventory contains 652 hash-matched entries.,stage_07_Heterogeneous_Development_Pool/05_formal_retraining/stage07dr/checkpoint_scan/all_652_checkpoint_gate_scan.json,sha256:587b35b224910efa8d7fe996b07e660fe4896db0bfa47dcf4f18a9593d4e4d97,"checkpoint_count, all_hashes_match",SUPPORTED,Exact bar/status transcription.,publication_cmame_v1/04_figures/00_style/build_supplementary_figures.py,figS14_governance.svg; figS14_governance.pdf; figS14_governance.png
S14,e,"The final coverage cycle read no predictions and executed no model forward, optimizer, update, or training action.",stage_08_Systematic_Coverage_V3/01_systematic_coverage_design/qualification/stage08a_qualification_summary.json,sha256:ee8d6e2a8e061435a7ed2d02e9af638d72e71a946e7d34003900d70b54a20120,counts.* zero-action fields,SUPPORTED,Exact counter bars.,publication_cmame_v1/04_figures/00_style/build_supplementary_figures.py,figS14_governance.svg; figS14_governance.pdf; figS14_governance.png
