semantic_slot,tensor_object_id,storage_key,shape,dtype,nbytes,gc_is_tracked,is_tensor_view,base_storage,creation_step,replacement_step,retirement_step,last_alive_step,gc_generation,python_owner_object_type,owner_creation_location,owner_source_module,owner_category,owner_project_owned,owner_diagnostic_owned
endpoint_neighborhood.displacement,4451419792,cpu:5772509184:1327104,82944x2,torch.float64,1327104,True,False,none,0,9,10,11,0,unresolved,unresolved,unresolved,unresolved,False,False
endpoint_neighborhood.displacement,4454706752,cpu:5772509184:1327104,82944x2,torch.float64,1327104,True,False,none,0,190,191,192,0,unresolved,unresolved,unresolved,unresolved,False,False
endpoint_neighborhood.displacement,4451373840,cpu:5246189568:1327104,82944x2,torch.float64,1327104,True,False,none,1,2,3,3,1,unresolved,unresolved,unresolved,unresolved,False,False
endpoint_neighborhood.displacement,4451382480,cpu:5775556608:1327104,82944x2,torch.float64,1327104,True,False,none,1,5,6,6,0,unresolved,unresolved,unresolved,unresolved,False,False
endpoint_neighborhood.displacement,4453808112,cpu:5775556608:1327104,82944x2,torch.float64,1327104,True,False,none,1,193,194,194,0,unresolved,unresolved,unresolved,unresolved,False,False
endpoint_neighborhood.displacement,4451948480,cpu:5237800960:1327104,82944x2,torch.float64,1327104,True,False,none,2,51,52,53,0,unresolved,unresolved,unresolved,unresolved,False,False
endpoint_neighborhood.displacement,4452438560,cpu:5237800960:1327104,82944x2,torch.float64,1327104,True,False,none,2,58,59,60,1,unresolved,unresolved,unresolved,unresolved,False,False
endpoint_neighborhood.displacement,4452577792,cpu:5237800960:1327104,82944x2,torch.float64,1327104,True,False,none,2,65,66,66,0,unresolved,unresolved,unresolved,unresolved,False,False
endpoint_neighborhood.displacement,4452872944,cpu:5237800960:1327104,82944x2,torch.float64,1327104,True,False,none,2,75,76,78,0,unresolved,unresolved,unresolved,unresolved,False,False
endpoint_neighborhood.displacement,4453259600,cpu:5237800960:1327104,82944x2,torch.float64,1327104,True,False,none,2,90,91,92,0,unresolved,unresolved,unresolved,unresolved,False,False
endpoint_neighborhood.displacement,4453260320,cpu:5237800960:1327104,82944x2,torch.float64,1327104,True,False,none,2,182,183,183,0,unresolved,unresolved,unresolved,unresolved,False,False
endpoint_neighborhood.displacement,4453262560,cpu:5237800960:1327104,82944x2,torch.float64,1327104,True,False,none,2,124,125,127,0,unresolved,unresolved,unresolved,unresolved,False,False
endpoint_neighborhood.displacement,4453363104,cpu:5237800960:1327104,82944x2,torch.float64,1327104,True,False,none,2,133,134,134,0,unresolved,unresolved,unresolved,unresolved,False,False
endpoint_neighborhood.displacement,4451269552,cpu:5773524992:1327104,82944x2,torch.float64,1327104,True,False,none,3,4,5,6,1,unresolved,unresolved,unresolved,unresolved,False,False
endpoint_neighborhood.displacement,4453525504,cpu:5239144448:1327104,82944x2,torch.float64,1327104,True,False,none,3,131,132,134,1,unresolved,unresolved,unresolved,unresolved,False,False
endpoint_neighborhood.displacement,4451419552,cpu:5245206528:1327104,82944x2,torch.float64,1327104,True,False,none,5,6,7,8,1,unresolved,unresolved,unresolved,unresolved,False,False
endpoint_neighborhood.displacement,4451381360,cpu:5776932864:1327104,82944x2,torch.float64,1327104,True,False,none,6,7,8,8,0,unresolved,unresolved,unresolved,unresolved,False,False
endpoint_neighborhood.displacement,4451648048,cpu:5238456320:1327104,82944x2,torch.float64,1327104,True,False,none,9,10,11,11,0,unresolved,unresolved,unresolved,unresolved,False,False
endpoint_neighborhood.displacement,4451653648,cpu:5778964480:1327104,82944x2,torch.float64,1327104,True,False,none,10,11,12,13,1,unresolved,unresolved,unresolved,unresolved,False,False
endpoint_neighborhood.displacement,4452108560,cpu:5778964480:1327104,82944x2,torch.float64,1327104,True,False,none,10,34,35,36,1,unresolved,unresolved,unresolved,unresolved,False,False
endpoint_neighborhood.displacement,4454710352,cpu:5240487936:1327104,82944x2,torch.float64,1327104,True,False,none,10,174,175,177,0,unresolved,unresolved,unresolved,unresolved,False,False
endpoint_neighborhood.displacement,4451431872,cpu:5774573568:1327104,82944x2,torch.float64,1327104,True,False,none,11,12,13,13,0,unresolved,unresolved,unresolved,unresolved,False,False
endpoint_neighborhood.displacement,4451265712,cpu:5242519552:1327104,82944x2,torch.float64,1327104,True,False,none,12,31,32,33,1,unresolved,unresolved,unresolved,unresolved,False,False
endpoint_neighborhood.displacement,4451812048,cpu:5781651456:1327104,82944x2,torch.float64,1327104,True,False,none,13,14,15,21,1,unresolved,unresolved,unresolved,unresolved,False,False
endpoint_neighborhood.displacement,4452112720,cpu:5781651456:1327104,82944x2,torch.float64,1327104,True,False,none,13,36,37,39,1,unresolved,unresolved,unresolved,unresolved,False,False
endpoint_neighborhood.displacement,4451420432,cpu:5775228928:1327104,82944x2,torch.float64,1327104,True,False,none,14,53,54,165,1,unresolved,unresolved,unresolved,unresolved,False,False
endpoint_neighborhood.displacement,4451426432,cpu:5773197312:1327104,82944x2,torch.float64,1327104,True,False,none,14,26,27,28,0,unresolved,unresolved,unresolved,unresolved,False,False
endpoint_neighborhood.displacement,4451658448,cpu:5775228928:1327104,82944x2,torch.float64,1327104,True,False,none,14,15,16,16,0,unresolved,unresolved,unresolved,unresolved,False,False
endpoint_neighborhood.displacement,4451821968,cpu:5773197312:1327104,82944x2,torch.float64,1327104,True,False,none,14,18,19,19,0,unresolved,unresolved,unresolved,unresolved,False,False
endpoint_neighborhood.displacement,4453020720,cpu:5773197312:1327104,82944x2,torch.float64,1327104,True,False,none,14,179,180,181,0,unresolved,unresolved,unresolved,unresolved,False,False
endpoint_neighborhood.displacement,4454461072,cpu:5776572416:1327104,82944x2,torch.float64,1327104,True,False,none,15,185,186,186,0,unresolved,unresolved,unresolved,unresolved,False,False
endpoint_neighborhood.displacement,4451821168,cpu:5777915904:1327104,82944x2,torch.float64,1327104,True,False,none,16,17,18,19,1,unresolved,unresolved,unresolved,unresolved,False,False
endpoint_neighborhood.displacement,4451826768,cpu:5243895808:1327104,82944x2,torch.float64,1327104,True,False,none,18,19,20,21,1,unresolved,unresolved,unresolved,unresolved,False,False
endpoint_neighborhood.displacement,4451820368,cpu:5247303680:1327104,82944x2,torch.float64,1327104,True,False,none,19,20,21,21,0,unresolved,unresolved,unresolved,unresolved,False,False
endpoint_neighborhood.displacement,4452108160,cpu:5773885440:1327104,82944x2,torch.float64,1327104,True,False,none,20,45,46,47,0,unresolved,unresolved,unresolved,unresolved,False,False
endpoint_neighborhood.displacement,4451951360,cpu:5239832576:1327104,82944x2,torch.float64,1327104,True,False,none,21,22,23,24,2,unresolved,unresolved,unresolved,unresolved,False,False
endpoint_neighborhood.displacement,4452440080,cpu:5239832576:1327104,82944x2,torch.float64,1327104,True,False,none,21,47,48,49,1,unresolved,unresolved,unresolved,unresolved,False,False
endpoint_neighborhood.displacement,4452864704,cpu:5239832576:1327104,82944x2,torch.float64,1327104,True,False,none,21,66,67,89,1,unresolved,unresolved,unresolved,unresolved,False,False
endpoint_neighborhood.displacement,4451658848,cpu:5775196160:1327104,82944x2,torch.float64,1327104,True,False,none,22,23,24,24,0,unresolved,unresolved,unresolved,unresolved,False,False
endpoint_neighborhood.displacement,4452106320,cpu:5785714688:1327104,82944x2,torch.float64,1327104,True,False,none,24,25,26,28,1,unresolved,unresolved,unresolved,unresolved,False,False
endpoint_neighborhood.displacement,4451663008,cpu:5243207680:1327104,82944x2,torch.float64,1327104,True,False,none,26,27,28,28,0,unresolved,unresolved,unresolved,unresolved,False,False
endpoint_neighborhood.displacement,4452319952,cpu:5243207680:1327104,82944x2,torch.float64,1327104,True,False,none,26,78,79,89,1,unresolved,unresolved,unresolved,unresolved,False,False
endpoint_neighborhood.displacement,4451949760,cpu:5244551168:1327104,82944x2,torch.float64,1327104,True,False,none,27,28,29,30,1,unresolved,unresolved,unresolved,unresolved,False,False
endpoint_neighborhood.displacement,4452874064,cpu:5244551168:1327104,82944x2,torch.float64,1327104,True,False,none,27,80,81,81,0,unresolved,unresolved,unresolved,unresolved,False,False
endpoint_neighborhood.displacement,4451661568,cpu:5245894656:1327104,82944x2,torch.float64,1327104,True,False,none,28,29,30,30,0,unresolved,unresolved,unresolved,unresolved,False,False
endpoint_neighborhood.displacement,4451657248,cpu:5506465792:1327104,82944x2,torch.float64,1327104,True,False,none,31,32,33,33,0,unresolved,unresolved,unresolved,unresolved,False,False
endpoint_neighborhood.displacement,4451956000,cpu:5780307968:1327104,82944x2,torch.float64,1327104,True,False,none,34,35,36,36,0,unresolved,unresolved,unresolved,unresolved,False,False
endpoint_neighborhood.displacement,4451371840,cpu:5238489088:1327104,82944x2,torch.float64,1327104,True,False,none,36,37,38,39,0,unresolved,unresolved,unresolved,unresolved,False,False
endpoint_neighborhood.displacement,4452872944,cpu:5238489088:1327104,82944x2,torch.float64,1327104,True,False,none,36,70,71,71,0,unresolved,unresolved,unresolved,unresolved,False,False
endpoint_neighborhood.displacement,4453923280,cpu:5238489088:1327104,82944x2,torch.float64,1327104,True,False,none,36,158,159,159,0,unresolved,unresolved,unresolved,unresolved,False,False
endpoint_neighborhood.displacement,4454337024,cpu:5238489088:1327104,82944x2,torch.float64,1327104,True,False,none,36,150,151,153,0,unresolved,unresolved,unresolved,unresolved,False,False
endpoint_neighborhood.displacement,4454824080,cpu:5238489088:1327104,82944x2,torch.float64,1327104,True,False,none,36,199,200,200,0,unresolved,unresolved,unresolved,unresolved,False,False
endpoint_neighborhood.displacement,4452320112,cpu:5241176064:1327104,82944x2,torch.float64,1327104,True,False,none,38,39,40,41,1,unresolved,unresolved,unresolved,unresolved,False,False
endpoint_neighborhood.displacement,4452119760,cpu:5238816768:1327104,82944x2,torch.float64,1327104,True,False,none,39,40,41,41,0,unresolved,unresolved,unresolved,unresolved,False,False
endpoint_neighborhood.displacement,4452328512,cpu:5244583936:1327104,82944x2,torch.float64,1327104,True,False,none,41,42,43,56,1,unresolved,unresolved,unresolved,unresolved,False,False
endpoint_neighborhood.displacement,4454348464,cpu:5244583936:1327104,82944x2,torch.float64,1327104,True,False,none,41,157,158,159,1,unresolved,unresolved,unresolved,unresolved,False,False
endpoint_neighborhood.displacement,4452325072,cpu:5507448832:1327104,82944x2,torch.float64,1327104,True,False,none,42,43,44,44,0,unresolved,unresolved,unresolved,unresolved,False,False
endpoint_neighborhood.displacement,4452434960,cpu:5250023424:1327104,82944x2,torch.float64,1327104,True,False,none,45,46,47,47,0,unresolved,unresolved,unresolved,unresolved,False,False
endpoint_neighborhood.displacement,4452330352,cpu:5245927424:1327104,82944x2,torch.float64,1327104,True,False,none,47,48,49,49,0,unresolved,unresolved,unresolved,unresolved,False,False
endpoint_neighborhood.displacement,4452321712,cpu:5780635648:1327104,82944x2,torch.float64,1327104,True,False,none,49,55,56,165,0,unresolved,unresolved,unresolved,unresolved,False,False
endpoint_neighborhood.displacement,4452565072,cpu:5780635648:1327104,82944x2,torch.float64,1327104,True,False,none,49,50,51,53,1,unresolved,unresolved,unresolved,unresolved,False,False
endpoint_neighborhood.displacement,4453795792,cpu:5780635648:1327104,82944x2,torch.float64,1327104,True,False,none,49,187,188,200,1,unresolved,unresolved,unresolved,unresolved,False,False
endpoint_neighborhood.displacement,4454452032,cpu:5780635648:1327104,82944x2,torch.float64,1327104,True,False,none,49,181,182,183,1,unresolved,unresolved,unresolved,unresolved,False,False
endpoint_neighborhood.displacement,4454695232,cpu:5780635648:1327104,82944x2,torch.float64,1327104,True,False,none,49,172,173,173,0,unresolved,unresolved,unresolved,unresolved,False,False
endpoint_neighborhood.displacement,4451824288,cpu:5241864192:1327104,82944x2,torch.float64,1327104,True,False,none,51,52,53,53,0,unresolved,unresolved,unresolved,unresolved,False,False
endpoint_neighborhood.displacement,4452442480,cpu:5241864192:1327104,82944x2,torch.float64,1327104,True,False,none,51,77,78,78,0,unresolved,unresolved,unresolved,unresolved,False,False
endpoint_neighborhood.displacement,4452448160,cpu:5241864192:1327104,82944x2,torch.float64,1327104,True,False,none,51,79,80,81,0,unresolved,unresolved,unresolved,unresolved,False,False
endpoint_neighborhood.displacement,4451658608,cpu:5777260544:1327104,82944x2,torch.float64,1327104,True,False,none,53,54,55,165,0,unresolved,unresolved,unresolved,unresolved,False,False
endpoint_neighborhood.displacement,4452319712,cpu:4972740608:1327104,82944x2,torch.float64,1327104,True,False,none,55,56,57,165,2,unresolved,unresolved,unresolved,unresolved,False,False
endpoint_neighborhood.displacement,4452118400,cpu:5511806976:1327104,82944x2,torch.float64,1327104,True,False,none,56,57,58,58,0,unresolved,unresolved,unresolved,unresolved,False,False
endpoint_neighborhood.displacement,4452875424,cpu:5511806976:1327104,82944x2,torch.float64,1327104,True,False,none,56,69,70,71,1,unresolved,unresolved,unresolved,unresolved,False,False
endpoint_neighborhood.displacement,4453256880,cpu:5511806976:1327104,82944x2,torch.float64,1327104,True,False,none,56,88,89,89,0,unresolved,unresolved,unresolved,unresolved,False,False
endpoint_neighborhood.displacement,4453522784,cpu:5784338432:1327104,82944x2,torch.float64,1327104,True,False,none,56,152,153,153,0,unresolved,unresolved,unresolved,unresolved,False,False
endpoint_neighborhood.displacement,4452574112,cpu:5785681920:1327104,82944x2,torch.float64,1327104,True,False,none,57,67,68,68,0,unresolved,unresolved,unresolved,unresolved,False,False
endpoint_neighborhood.displacement,4453021760,cpu:5785681920:1327104,82944x2,torch.float64,1327104,True,False,none,57,115,116,117,0,unresolved,unresolved,unresolved,unresolved,False,False
endpoint_neighborhood.displacement,4453824096,cpu:5785681920:1327104,82944x2,torch.float64,1327104,True,False,none,57,118,119,119,0,unresolved,unresolved,unresolved,unresolved,False,False
endpoint_neighborhood.displacement,4452434480,cpu:4968677376:1327104,82944x2,torch.float64,1327104,True,False,none,58,59,60,60,0,unresolved,unresolved,unresolved,unresolved,False,False
endpoint_neighborhood.displacement,4453021840,cpu:5249269760:1327104,82944x2,torch.float64,1327104,True,False,none,58,93,94,95,0,unresolved,unresolved,unresolved,unresolved,False,False
endpoint_neighborhood.displacement,4453520304,cpu:5249269760:1327104,82944x2,torch.float64,1327104,True,False,none,58,98,99,122,1,unresolved,unresolved,unresolved,unresolved,False,False
endpoint_neighborhood.displacement,4453918560,cpu:5249269760:1327104,82944x2,torch.float64,1327104,True,False,none,58,128,129,131,1,unresolved,unresolved,unresolved,unresolved,False,False
endpoint_neighborhood.displacement,4454032128,cpu:4968677376:1327104,82944x2,torch.float64,1327104,True,False,none,58,141,142,142,0,unresolved,unresolved,unresolved,unresolved,False,False
endpoint_neighborhood.displacement,4451431712,cpu:5250613248:1327104,82944x2,torch.float64,1327104,True,False,none,59,76,77,78,0,unresolved,unresolved,unresolved,unresolved,False,False
endpoint_neighborhood.displacement,4454695632,cpu:5250613248:1327104,82944x2,torch.float64,1327104,True,False,none,59,163,164,165,2,unresolved,unresolved,unresolved,unresolved,False,False
endpoint_neighborhood.displacement,4452565872,cpu:5786370048:1327104,82944x2,torch.float64,1327104,True,False,none,60,96,97,97,0,unresolved,unresolved,unresolved,unresolved,False,False
endpoint_neighborhood.displacement,4452574112,cpu:5787713536:1327104,82944x2,torch.float64,1327104,True,False,none,60,61,62,63,1,unresolved,unresolved,unresolved,unresolved,False,False
endpoint_neighborhood.displacement,4452570832,cpu:5243568128:1327104,82944x2,torch.float64,1327104,True,False,none,61,62,63,63,0,unresolved,unresolved,unresolved,unresolved,False,False
endpoint_neighborhood.displacement,4452438160,cpu:5515214848:1327104,82944x2,torch.float64,1327104,True,False,none,63,64,65,66,0,unresolved,unresolved,unresolved,unresolved,False,False
endpoint_neighborhood.displacement,4452875584,cpu:5515214848:1327104,82944x2,torch.float64,1327104,True,False,none,63,102,103,103,0,unresolved,unresolved,unresolved,unresolved,False,False
endpoint_neighborhood.displacement,4453011680,cpu:5249957888:1327104,82944x2,torch.float64,1327104,True,False,none,67,73,74,74,0,unresolved,unresolved,unresolved,unresolved,False,False
endpoint_neighborhood.displacement,4453008800,cpu:5786402816:1327104,82944x2,torch.float64,1327104,True,False,none,70,91,92,92,0,unresolved,unresolved,unresolved,unresolved,False,False
endpoint_neighborhood.displacement,4452874464,cpu:5515902976:1327104,82944x2,torch.float64,1327104,True,False,none,71,104,105,106,0,unresolved,unresolved,unresolved,unresolved,False,False
endpoint_neighborhood.displacement,4453014960,cpu:5791121408:1327104,82944x2,torch.float64,1327104,True,False,none,71,72,73,89,1,unresolved,unresolved,unresolved,unresolved,False,False
endpoint_neighborhood.displacement,4453362944,cpu:4975460352:1327104,82944x2,torch.float64,1327104,True,False,none,76,95,96,97,1,unresolved,unresolved,unresolved,unresolved,False,False
endpoint_neighborhood.displacement,4452875264,cpu:5793841152:1327104,82944x2,torch.float64,1327104,True,False,none,78,126,127,127,0,unresolved,unresolved,unresolved,unresolved,False,False
endpoint_neighborhood.displacement,4453360384,cpu:5793841152:1327104,82944x2,torch.float64,1327104,True,False,none,78,155,156,157,0,unresolved,unresolved,unresolved,unresolved,False,False
endpoint_neighborhood.displacement,4453920640,cpu:5785026560:1327104,82944x2,torch.float64,1327104,True,False,none,79,130,131,131,0,unresolved,unresolved,unresolved,unresolved,False,False
endpoint_neighborhood.displacement,4452578912,cpu:5788401664:1327104,82944x2,torch.float64,1327104,True,False,none,80,81,82,83,1,unresolved,unresolved,unresolved,unresolved,False,False
endpoint_neighborhood.displacement,4453366784,cpu:5787058176:1327104,82944x2,torch.float64,1327104,True,False,none,80,135,136,136,0,unresolved,unresolved,unresolved,unresolved,False,False
endpoint_neighborhood.displacement,4452321072,cpu:5519310848:1327104,82944x2,torch.float64,1327104,True,False,none,81,82,83,83,0,unresolved,unresolved,unresolved,unresolved,False,False
endpoint_neighborhood.displacement,4453253360,cpu:4976148480:1327104,82944x2,torch.float64,1327104,True,False,none,83,84,85,89,1,unresolved,unresolved,unresolved,unresolved,False,False
endpoint_neighborhood.displacement,4452436960,cpu:5794496512:1327104,82944x2,torch.float64,1327104,True,False,none,84,85,86,86,0,unresolved,unresolved,unresolved,unresolved,False,False
endpoint_neighborhood.displacement,4453261200,cpu:5251334144:1327104,82944x2,torch.float64,1327104,True,False,none,86,87,88,89,1,unresolved,unresolved,unresolved,unresolved,False,False
endpoint_neighborhood.displacement,4452332592,cpu:5787746304:1327104,82944x2,torch.float64,1327104,True,False,none,88,125,126,127,0,unresolved,unresolved,unresolved,unresolved,False,False
endpoint_neighborhood.displacement,4453352864,cpu:5790466048:1327104,82944x2,torch.float64,1327104,True,False,none,91,92,93,122,1,unresolved,unresolved,unresolved,unresolved,False,False
endpoint_neighborhood.displacement,4453354544,cpu:5787090944:1327104,82944x2,torch.float64,1327104,True,False,none,93,94,95,95,0,unresolved,unresolved,unresolved,unresolved,False,False
endpoint_neighborhood.displacement,4453363664,cpu:5787025408:1327104,82944x2,torch.float64,1327104,True,False,none,98,99,100,122,0,unresolved,unresolved,unresolved,unresolved,False,False
endpoint_neighborhood.displacement,4453523504,cpu:5789057024:1327104,82944x2,torch.float64,1327104,True,False,none,99,100,101,122,1,unresolved,unresolved,unresolved,unresolved,False,False
endpoint_neighborhood.displacement,4451949920,cpu:5792497664:1327104,82944x2,torch.float64,1327104,True,False,none,100,101,102,103,0,unresolved,unresolved,unresolved,unresolved,False,False
endpoint_neighborhood.displacement,4452567232,cpu:5240553472:1327104,82944x2,torch.float64,1327104,True,False,none,100,110,111,111,0,unresolved,unresolved,unresolved,unresolved,False,False
endpoint_neighborhood.displacement,4452567792,cpu:5799903232:1327104,82944x2,torch.float64,1327104,True,False,none,102,103,104,122,1,unresolved,unresolved,unresolved,unresolved,False,False
endpoint_neighborhood.displacement,4454026768,cpu:5241896960:1327104,82944x2,torch.float64,1327104,True,False,none,102,123,124,165,2,unresolved,unresolved,unresolved,unresolved,False,False
endpoint_neighborhood.displacement,4453524304,cpu:5512593408:1327104,82944x2,torch.float64,1327104,True,False,none,103,132,133,134,0,unresolved,unresolved,unresolved,unresolved,False,False
endpoint_neighborhood.displacement,4453023600,cpu:5241208832:1327104,82944x2,torch.float64,1327104,True,False,none,104,105,106,106,0,unresolved,unresolved,unresolved,unresolved,False,False
endpoint_neighborhood.displacement,4453823776,cpu:5239865344:1327104,82944x2,torch.float64,1327104,True,False,none,104,116,117,117,0,unresolved,unresolved,unresolved,unresolved,False,False
endpoint_neighborhood.displacement,4453258000,cpu:5791809536:1327104,82944x2,torch.float64,1327104,True,False,none,105,106,107,122,1,unresolved,unresolved,unresolved,unresolved,False,False
endpoint_neighborhood.displacement,4452874464,cpu:5254676480:1327104,82944x2,torch.float64,1327104,True,False,none,106,107,108,108,0,unresolved,unresolved,unresolved,unresolved,False,False
endpoint_neighborhood.displacement,4453918160,cpu:5254676480:1327104,82944x2,torch.float64,1327104,True,False,none,106,121,122,122,0,unresolved,unresolved,unresolved,unresolved,False,False
endpoint_neighborhood.displacement,4453530464,cpu:5797281792:1327104,82944x2,torch.float64,1327104,True,False,none,108,109,110,111,1,unresolved,unresolved,unresolved,unresolved,False,False
endpoint_neighborhood.displacement,4453817216,cpu:5803278336:1327104,82944x2,torch.float64,1327104,True,False,none,111,112,113,122,1,unresolved,unresolved,unresolved,unresolved,False,False
endpoint_neighborhood.displacement,4453812896,cpu:5805309952:1327104,82944x2,torch.float64,1327104,True,False,none,112,113,114,114,0,unresolved,unresolved,unresolved,unresolved,False,False
endpoint_neighborhood.displacement,4453911840,cpu:5805998080:1327104,82944x2,torch.float64,1327104,True,False,none,116,117,118,119,1,unresolved,unresolved,unresolved,unresolved,False,False
endpoint_neighborhood.displacement,4453921200,cpu:5518589952:1327104,82944x2,torch.float64,1327104,True,False,none,119,120,121,122,1,unresolved,unresolved,unresolved,unresolved,False,False
endpoint_neighborhood.displacement,4454025728,cpu:5795184640:1327104,82944x2,torch.float64,1327104,True,False,none,126,156,157,157,0,unresolved,unresolved,unresolved,unresolved,False,False
endpoint_neighborhood.displacement,4452569392,cpu:5244616704:1327104,82944x2,torch.float64,1327104,True,False,none,128,129,130,131,0,unresolved,unresolved,unresolved,unresolved,False,False
endpoint_neighborhood.displacement,4454337904,cpu:5244616704:1327104,82944x2,torch.float64,1327104,True,False,none,128,143,144,145,1,unresolved,unresolved,unresolved,unresolved,False,False
endpoint_neighborhood.displacement,4453814256,cpu:5790826496:1327104,82944x2,torch.float64,1327104,True,False,none,133,134,135,136,1,unresolved,unresolved,unresolved,unresolved,False,False
endpoint_neighborhood.displacement,4454029488,cpu:4985028608:1327104,82944x2,torch.float64,1327104,True,False,none,136,137,138,139,1,unresolved,unresolved,unresolved,unresolved,False,False
endpoint_neighborhood.displacement,4453913280,cpu:4974772224:1327104,82944x2,torch.float64,1327104,True,False,none,137,138,139,139,0,unresolved,unresolved,unresolved,unresolved,False,False
endpoint_neighborhood.displacement,4454033248,cpu:5243240448:1327104,82944x2,torch.float64,1327104,True,False,none,139,144,145,145,0,unresolved,unresolved,unresolved,unresolved,False,False
endpoint_neighborhood.displacement,4454034128,cpu:5800984576:1327104,82944x2,torch.float64,1327104,True,False,none,139,140,141,162,1,unresolved,unresolved,unresolved,unresolved,False,False
endpoint_neighborhood.displacement,4453259520,cpu:5797937152:1327104,82944x2,torch.float64,1327104,True,False,none,141,154,155,157,0,unresolved,unresolved,unresolved,unresolved,False,False
endpoint_neighborhood.displacement,4453919840,cpu:5797937152:1327104,82944x2,torch.float64,1327104,True,False,none,141,161,162,162,0,unresolved,unresolved,unresolved,unresolved,False,False
endpoint_neighborhood.displacement,4454347184,cpu:5794529280:1327104,82944x2,torch.float64,1327104,True,False,none,145,146,147,148,1,unresolved,unresolved,unresolved,unresolved,False,False
endpoint_neighborhood.displacement,4454346224,cpu:5799313408:1327104,82944x2,torch.float64,1327104,True,False,none,146,147,148,148,0,unresolved,unresolved,unresolved,unresolved,False,False
endpoint_neighborhood.displacement,4454453552,cpu:5799313408:1327104,82944x2,torch.float64,1327104,True,False,none,146,160,161,162,1,unresolved,unresolved,unresolved,unresolved,False,False
endpoint_neighborhood.displacement,4454463712,cpu:5795872768:1327104,82944x2,torch.float64,1327104,True,False,none,146,164,165,165,0,unresolved,unresolved,unresolved,unresolved,False,False
endpoint_neighborhood.displacement,4454454752,cpu:5802328064:1327104,82944x2,torch.float64,1327104,True,False,none,148,149,150,153,1,unresolved,unresolved,unresolved,unresolved,False,False
endpoint_neighborhood.displacement,4453017280,cpu:5805047808:1327104,82944x2,torch.float64,1327104,True,False,none,150,151,152,153,0,unresolved,unresolved,unresolved,unresolved,False,False
endpoint_neighborhood.displacement,4454700592,cpu:5801279488:1327104,82944x2,torch.float64,1327104,True,False,none,165,166,167,167,2,unresolved,unresolved,unresolved,unresolved,False,False
endpoint_neighborhood.displacement,4452322992,cpu:5255331840:1327104,82944x2,torch.float64,1327104,True,False,none,167,168,169,170,1,unresolved,unresolved,unresolved,unresolved,False,False
endpoint_neighborhood.displacement,4454336064,cpu:5241143296:1327104,82944x2,torch.float64,1327104,True,False,none,168,169,170,170,0,unresolved,unresolved,unresolved,unresolved,False,False
endpoint_neighborhood.displacement,4452110480,cpu:5774180352:1327104,82944x2,torch.float64,1327104,True,False,none,170,171,172,173,0,unresolved,unresolved,unresolved,unresolved,False,False
endpoint_neighborhood.displacement,4454707392,cpu:5782667264:1327104,82944x2,torch.float64,1327104,True,False,none,172,173,174,177,1,unresolved,unresolved,unresolved,unresolved,False,False
endpoint_neighborhood.displacement,4453794592,cpu:5507710976:1327104,82944x2,torch.float64,1327104,True,False,none,174,175,176,177,0,unresolved,unresolved,unresolved,unresolved,False,False
endpoint_neighborhood.displacement,4453361904,cpu:5778636800:1327104,82944x2,torch.float64,1327104,True,False,none,175,176,177,177,0,unresolved,unresolved,unresolved,unresolved,False,False
endpoint_neighborhood.displacement,4454894240,cpu:5245566976:1327104,82944x2,torch.float64,1327104,True,False,none,176,198,199,200,1,unresolved,unresolved,unresolved,unresolved,False,False
endpoint_neighborhood.displacement,4451428752,cpu:5784698880:1327104,82944x2,torch.float64,1327104,True,False,none,177,178,179,181,1,unresolved,unresolved,unresolved,unresolved,False,False
endpoint_neighborhood.displacement,4454335424,cpu:5777227776:1327104,82944x2,torch.float64,1327104,True,False,none,179,180,181,181,0,unresolved,unresolved,unresolved,unresolved,False,False
endpoint_neighborhood.displacement,4454704192,cpu:5783322624:1327104,82944x2,torch.float64,1327104,True,False,none,183,184,185,186,1,unresolved,unresolved,unresolved,unresolved,False,False
endpoint_neighborhood.displacement,4454810560,cpu:5783322624:1327104,82944x2,torch.float64,1327104,True,False,none,183,192,193,200,1,unresolved,unresolved,unresolved,unresolved,False,False
endpoint_neighborhood.displacement,4454820160,cpu:5242880000:1327104,82944x2,torch.float64,1327104,True,False,none,186,195,196,197,1,unresolved,unresolved,unresolved,unresolved,False,False
endpoint_neighborhood.displacement,4454454672,cpu:5776211968:1327104,82944x2,torch.float64,1327104,True,False,none,187,188,189,189,0,unresolved,unresolved,unresolved,unresolved,False,False
endpoint_neighborhood.displacement,4454818560,cpu:5774868480:1327104,82944x2,torch.float64,1327104,True,False,none,187,196,197,197,0,unresolved,unresolved,unresolved,unresolved,False,False
endpoint_neighborhood.displacement,4453797632,cpu:5776900096:1327104,82944x2,torch.float64,1327104,True,False,none,190,191,192,192,0,unresolved,unresolved,unresolved,unresolved,False,False
endpoint_neighborhood.distance,4451820368,cpu:5243207680:663552,82944,torch.float64,663552,True,False,none,0,17,18,19,1,unresolved,unresolved,unresolved,unresolved,False,False
endpoint_neighborhood.distance,4453529904,cpu:5239865344:663552,82944,torch.float64,663552,True,False,none,0,109,110,111,1,unresolved,unresolved,unresolved,unresolved,False,False
endpoint_neighborhood.distance,4451372160,cpu:5245501440:663552,82944,torch.float64,663552,True,False,none,1,2,3,3,1,unresolved,unresolved,unresolved,unresolved,False,False
endpoint_neighborhood.distance,4451652688,cpu:5506367488:663552,82944,torch.float64,663552,True,False,none,2,54,55,165,0,unresolved,unresolved,unresolved,unresolved,False,False
endpoint_neighborhood.distance,4451661408,cpu:4966973440:663552,82944,torch.float64,663552,True,False,none,2,37,38,39,0,unresolved,unresolved,unresolved,unresolved,False,False
endpoint_neighborhood.distance,4451821168,cpu:4966973440:663552,82944,torch.float64,663552,True,False,none,2,52,53,53,0,unresolved,unresolved,unresolved,unresolved,False,False
endpoint_neighborhood.distance,4451945040,cpu:5506367488:663552,82944,torch.float64,663552,True,False,none,2,28,29,30,1,unresolved,unresolved,unresolved,unresolved,False,False
endpoint_neighborhood.distance,4452565312,cpu:5506367488:663552,82944,torch.float64,663552,True,False,none,2,50,51,53,1,unresolved,unresolved,unresolved,unresolved,False,False
endpoint_neighborhood.distance,4454894720,cpu:5506367488:663552,82944,torch.float64,663552,True,False,none,2,198,199,200,1,unresolved,unresolved,unresolved,unresolved,False,False
endpoint_neighborhood.distance,4451270432,cpu:5242486784:663552,82944,torch.float64,663552,True,False,none,3,4,5,6,1,unresolved,unresolved,unresolved,unresolved,False,False
endpoint_neighborhood.distance,4451369360,cpu:5240520704:663552,82944,torch.float64,663552,True,False,none,4,5,6,6,0,unresolved,unresolved,unresolved,unresolved,False,False
endpoint_neighborhood.distance,4453797232,cpu:5508825088:663552,82944,torch.float64,663552,True,False,none,4,187,188,200,1,unresolved,unresolved,unresolved,unresolved,False,False
endpoint_neighborhood.distance,4451419712,cpu:5247205376:663552,82944,torch.float64,663552,True,False,none,5,6,7,8,1,unresolved,unresolved,unresolved,unresolved,False,False
endpoint_neighborhood.distance,4454459552,cpu:5239472128:663552,82944,torch.float64,663552,True,False,none,5,185,186,186,0,unresolved,unresolved,unresolved,unresolved,False,False
endpoint_neighborhood.distance,4454464752,cpu:5239472128:663552,82944,torch.float64,663552,True,False,none,5,188,189,189,0,unresolved,unresolved,unresolved,unresolved,False,False
endpoint_neighborhood.distance,4451373840,cpu:5249236992:663552,82944,torch.float64,663552,True,False,none,6,7,8,8,0,unresolved,unresolved,unresolved,unresolved,False,False
endpoint_neighborhood.distance,4452118880,cpu:5774180352:663552,82944,torch.float64,663552,True,False,none,6,40,41,41,0,unresolved,unresolved,unresolved,unresolved,False,False
endpoint_neighborhood.distance,4453519904,cpu:5237800960:663552,82944,torch.float64,663552,True,False,none,6,98,99,122,1,unresolved,unresolved,unresolved,unresolved,False,False
endpoint_neighborhood.distance,4454023648,cpu:5237800960:663552,82944,torch.float64,663552,True,False,none,6,137,138,139,1,unresolved,unresolved,unresolved,unresolved,False,False
endpoint_neighborhood.distance,4454338224,cpu:5237800960:663552,82944,torch.float64,663552,True,False,none,6,143,144,145,1,unresolved,unresolved,unresolved,unresolved,False,False
endpoint_neighborhood.distance,4454344944,cpu:5237800960:663552,82944,torch.float64,663552,True,False,none,6,147,148,148,0,unresolved,unresolved,unresolved,unresolved,False,False
endpoint_neighborhood.distance,4451429152,cpu:5773852672:663552,82944,torch.float64,663552,True,False,none,8,9,10,11,0,unresolved,unresolved,unresolved,unresolved,False,False
endpoint_neighborhood.distance,4452570752,cpu:4972052480:663552,82944,torch.float64,663552,True,False,none,8,62,63,63,0,unresolved,unresolved,unresolved,unresolved,False,False
endpoint_neighborhood.distance,4453011920,cpu:4972052480:663552,82944,torch.float64,663552,True,False,none,8,151,152,153,0,unresolved,unresolved,unresolved,unresolved,False,False
endpoint_neighborhood.distance,4453022480,cpu:4972052480:663552,82944,torch.float64,663552,True,False,none,8,93,94,95,0,unresolved,unresolved,unresolved,unresolved,False,False
endpoint_neighborhood.distance,4454452592,cpu:4972052480:663552,82944,torch.float64,663552,True,False,none,8,160,161,162,1,unresolved,unresolved,unresolved,unresolved,False,False
endpoint_neighborhood.distance,4451648448,cpu:5239799808:663552,82944,torch.float64,663552,True,False,none,9,10,11,11,0,unresolved,unresolved,unresolved,unresolved,False,False
endpoint_neighborhood.distance,4451652608,cpu:5241831424:663552,82944,torch.float64,663552,True,False,none,10,11,12,13,1,unresolved,unresolved,unresolved,unresolved,False,False
endpoint_neighborhood.distance,4454708352,cpu:5241831424:663552,82944,torch.float64,663552,True,False,none,10,190,191,192,0,unresolved,unresolved,unresolved,unresolved,False,False
endpoint_neighborhood.distance,4451430192,cpu:5239144448:663552,82944,torch.float64,663552,True,False,none,11,12,13,13,0,unresolved,unresolved,unresolved,unresolved,False,False
endpoint_neighborhood.distance,4451430432,cpu:5239144448:663552,82944,torch.float64,663552,True,False,none,11,76,77,78,0,unresolved,unresolved,unresolved,unresolved,False,False
endpoint_neighborhood.distance,4451826848,cpu:5239144448:663552,82944,torch.float64,663552,True,False,none,11,19,20,21,1,unresolved,unresolved,unresolved,unresolved,False,False
endpoint_neighborhood.distance,4454710512,cpu:5506695168:663552,82944,torch.float64,663552,True,False,none,11,174,175,177,0,unresolved,unresolved,unresolved,unresolved,False,False
endpoint_neighborhood.distance,4451811568,cpu:5245927424:663552,82944,torch.float64,663552,True,False,none,13,14,15,21,1,unresolved,unresolved,unresolved,unresolved,False,False
endpoint_neighborhood.distance,4451662128,cpu:5248942080:663552,82944,torch.float64,663552,True,False,none,14,15,16,16,0,unresolved,unresolved,unresolved,unresolved,False,False
endpoint_neighborhood.distance,4452122160,cpu:5246943232:663552,82944,torch.float64,663552,True,False,none,14,45,46,47,0,unresolved,unresolved,unresolved,unresolved,False,False
endpoint_neighborhood.distance,4454818000,cpu:4970020864:663552,82944,torch.float64,663552,True,False,none,14,199,200,200,0,unresolved,unresolved,unresolved,unresolved,False,False
endpoint_neighborhood.distance,4451663248,cpu:4972314624:663552,82944,torch.float64,663552,True,False,none,15,27,28,28,0,unresolved,unresolved,unresolved,unresolved,False,False
endpoint_neighborhood.distance,4453794192,cpu:5509054464:663552,82944,torch.float64,663552,True,False,none,15,175,176,177,0,unresolved,unresolved,unresolved,unresolved,False,False
endpoint_neighborhood.distance,4451816208,cpu:5780963328:663552,82944,torch.float64,663552,True,False,none,17,18,19,19,0,unresolved,unresolved,unresolved,unresolved,False,False
endpoint_neighborhood.distance,4452319392,cpu:5242519552:663552,82944,torch.float64,663552,True,False,none,18,39,40,41,1,unresolved,unresolved,unresolved,unresolved,False,False
endpoint_neighborhood.distance,4451824208,cpu:4971692032:663552,82944,torch.float64,663552,True,False,none,19,20,21,21,0,unresolved,unresolved,unresolved,unresolved,False,False
endpoint_neighborhood.distance,4451951760,cpu:5779292160:663552,82944,torch.float64,663552,True,False,none,21,22,23,24,2,unresolved,unresolved,unresolved,unresolved,False,False
endpoint_neighborhood.distance,4451427712,cpu:5238784000:663552,82944,torch.float64,663552,True,False,none,22,26,27,28,0,unresolved,unresolved,unresolved,unresolved,False,False
endpoint_neighborhood.distance,4451650688,cpu:5776539648:663552,82944,torch.float64,663552,True,False,none,22,23,24,24,0,unresolved,unresolved,unresolved,unresolved,False,False
endpoint_neighborhood.distance,4453923280,cpu:5238784000:663552,82944,torch.float64,663552,True,False,none,22,179,180,181,0,unresolved,unresolved,unresolved,unresolved,False,False
endpoint_neighborhood.distance,4454816640,cpu:4968644608:663552,82944,torch.float64,663552,True,False,none,23,196,197,197,0,unresolved,unresolved,unresolved,unresolved,False,False
endpoint_neighborhood.distance,4452106560,cpu:5507055616:663552,82944,torch.float64,663552,True,False,none,24,25,26,28,1,unresolved,unresolved,unresolved,unresolved,False,False
endpoint_neighborhood.distance,4451651968,cpu:5249859584:663552,82944,torch.float64,663552,True,False,none,28,29,30,30,0,unresolved,unresolved,unresolved,unresolved,False,False
endpoint_neighborhood.distance,4451267872,cpu:5776900096:663552,82944,torch.float64,663552,True,False,none,30,31,32,33,1,unresolved,unresolved,unresolved,unresolved,False,False
endpoint_neighborhood.distance,4452323072,cpu:4970708992:663552,82944,torch.float64,663552,True,False,none,30,43,44,44,0,unresolved,unresolved,unresolved,unresolved,False,False
endpoint_neighborhood.distance,4451653968,cpu:5240815616:663552,82944,torch.float64,663552,True,False,none,31,32,33,33,0,unresolved,unresolved,unresolved,unresolved,False,False
endpoint_neighborhood.distance,4453357504,cpu:5240815616:663552,82944,torch.float64,663552,True,False,none,31,133,134,134,0,unresolved,unresolved,unresolved,unresolved,False,False
endpoint_neighborhood.distance,4454023968,cpu:5240815616:663552,82944,torch.float64,663552,True,False,none,31,182,183,183,0,unresolved,unresolved,unresolved,unresolved,False,False
endpoint_neighborhood.distance,4454710512,cpu:5241503744:663552,82944,torch.float64,663552,True,False,none,31,184,185,186,1,unresolved,unresolved,unresolved,unresolved,False,False
endpoint_neighborhood.distance,4451953360,cpu:5778276352:663552,82944,torch.float64,663552,True,False,none,32,35,36,36,0,unresolved,unresolved,unresolved,unresolved,False,False
endpoint_neighborhood.distance,4451374160,cpu:4970053632:663552,82944,torch.float64,663552,True,False,none,33,34,35,36,0,unresolved,unresolved,unresolved,unresolved,False,False
endpoint_neighborhood.distance,4453253520,cpu:5245894656:663552,82944,torch.float64,663552,True,False,none,33,84,85,89,1,unresolved,unresolved,unresolved,unresolved,False,False
endpoint_neighborhood.distance,4452111840,cpu:5246910464:663552,82944,torch.float64,663552,True,False,none,35,36,37,39,1,unresolved,unresolved,unresolved,unresolved,False,False
endpoint_neighborhood.distance,4452434000,cpu:5251366912:663552,82944,torch.float64,663552,True,False,none,36,46,47,47,0,unresolved,unresolved,unresolved,unresolved,False,False
endpoint_neighborhood.distance,4454706032,cpu:5773197312:663552,82944,torch.float64,663552,True,False,none,40,173,174,177,1,unresolved,unresolved,unresolved,unresolved,False,False
endpoint_neighborhood.distance,4452327792,cpu:4969332736:663552,82944,torch.float64,663552,True,False,none,41,42,43,56,1,unresolved,unresolved,unresolved,unresolved,False,False
endpoint_neighborhood.distance,4452872704,cpu:4971397120:663552,82944,torch.float64,663552,True,False,none,42,104,105,106,0,unresolved,unresolved,unresolved,unresolved,False,False
endpoint_neighborhood.distance,4453259600,cpu:4971397120:663552,82944,torch.float64,663552,True,False,none,42,110,111,111,0,unresolved,unresolved,unresolved,unresolved,False,False
endpoint_neighborhood.distance,4452440160,cpu:4973461504:663552,82944,torch.float64,663552,True,False,none,46,47,48,49,1,unresolved,unresolved,unresolved,unresolved,False,False
endpoint_neighborhood.distance,4452322592,cpu:5515509760:663552,82944,torch.float64,663552,True,False,none,47,48,49,49,0,unresolved,unresolved,unresolved,unresolved,False,False
endpoint_neighborhood.distance,4453806752,cpu:5239111680:663552,82944,torch.float64,663552,True,False,none,47,193,194,194,0,unresolved,unresolved,unresolved,unresolved,False,False
endpoint_neighborhood.distance,4451944080,cpu:5510103040:663552,82944,torch.float64,663552,True,False,none,50,51,52,53,0,unresolved,unresolved,unresolved,unresolved,False,False
endpoint_neighborhood.distance,4454335984,cpu:5510103040:663552,82944,torch.float64,663552,True,False,none,50,180,181,181,0,unresolved,unresolved,unresolved,unresolved,False,False
endpoint_neighborhood.distance,4452862864,cpu:5774540800:663552,82944,torch.float64,663552,True,False,none,51,80,81,81,0,unresolved,unresolved,unresolved,unresolved,False,False
endpoint_neighborhood.distance,4453524464,cpu:5774540800:663552,82944,torch.float64,663552,True,False,none,51,131,132,134,1,unresolved,unresolved,unresolved,unresolved,False,False
endpoint_neighborhood.distance,4453815296,cpu:5774540800:663552,82944,torch.float64,663552,True,False,none,51,113,114,114,0,unresolved,unresolved,unresolved,unresolved,False,False
endpoint_neighborhood.distance,4453909040,cpu:5774540800:663552,82944,torch.float64,663552,True,False,none,51,138,139,139,0,unresolved,unresolved,unresolved,unresolved,False,False
endpoint_neighborhood.distance,4453919840,cpu:5774540800:663552,82944,torch.float64,663552,True,False,none,51,158,159,159,0,unresolved,unresolved,unresolved,unresolved,False,False
endpoint_neighborhood.distance,4451420752,cpu:5514526720:663552,82944,torch.float64,663552,True,False,none,52,53,54,165,1,unresolved,unresolved,unresolved,unresolved,False,False
endpoint_neighborhood.distance,4452332752,cpu:5782306816:663552,82944,torch.float64,663552,True,False,none,54,55,56,165,0,unresolved,unresolved,unresolved,unresolved,False,False
endpoint_neighborhood.distance,4452332992,cpu:5509087232:663552,82944,torch.float64,663552,True,False,none,55,56,57,165,2,unresolved,unresolved,unresolved,unresolved,False,False
endpoint_neighborhood.distance,4452106720,cpu:5249269760:663552,82944,torch.float64,663552,True,False,none,56,57,58,58,0,unresolved,unresolved,unresolved,unresolved,False,False
endpoint_neighborhood.distance,4453357584,cpu:5250613248:663552,82944,torch.float64,663552,True,False,none,56,94,95,95,0,unresolved,unresolved,unresolved,unresolved,False,False
endpoint_neighborhood.distance,4453812176,cpu:5515214848:663552,82944,torch.float64,663552,True,False,none,56,134,135,136,1,unresolved,unresolved,unresolved,unresolved,False,False
endpoint_neighborhood.distance,4454035248,cpu:5249269760:663552,82944,torch.float64,663552,True,False,none,56,144,145,145,0,unresolved,unresolved,unresolved,unresolved,False,False
endpoint_neighborhood.distance,4452447040,cpu:4974739456:663552,82944,torch.float64,663552,True,False,none,57,58,59,60,1,unresolved,unresolved,unresolved,unresolved,False,False
endpoint_neighborhood.distance,4452445680,cpu:5785681920:663552,82944,torch.float64,663552,True,False,none,58,101,102,103,0,unresolved,unresolved,unresolved,unresolved,False,False
endpoint_neighborhood.distance,4452448560,cpu:5785681920:663552,82944,torch.float64,663552,True,False,none,58,59,60,60,0,unresolved,unresolved,unresolved,unresolved,False,False
endpoint_neighborhood.distance,4453527744,cpu:5785681920:663552,82944,torch.float64,663552,True,False,none,58,152,153,153,0,unresolved,unresolved,unresolved,unresolved,False,False
endpoint_neighborhood.distance,4452320032,cpu:5247598592:663552,82944,torch.float64,663552,True,False,none,59,78,79,89,1,unresolved,unresolved,unresolved,unresolved,False,False
endpoint_neighborhood.distance,4452577712,cpu:5247598592:663552,82944,torch.float64,663552,True,False,none,59,67,68,68,0,unresolved,unresolved,unresolved,unresolved,False,False
endpoint_neighborhood.distance,4452872704,cpu:5247598592:663552,82944,torch.float64,663552,True,False,none,59,107,108,108,0,unresolved,unresolved,unresolved,unresolved,False,False
endpoint_neighborhood.distance,4453019760,cpu:5247598592:663552,82944,torch.float64,663552,True,False,none,59,105,106,106,0,unresolved,unresolved,unresolved,unresolved,False,False
endpoint_neighborhood.distance,4453362544,cpu:5240487936:663552,82944,torch.float64,663552,True,False,none,59,95,96,97,1,unresolved,unresolved,unresolved,unresolved,False,False
endpoint_neighborhood.distance,4453529664,cpu:5247598592:663552,82944,torch.float64,663552,True,False,none,59,115,116,117,0,unresolved,unresolved,unresolved,unresolved,False,False
endpoint_neighborhood.distance,4453824736,cpu:5247598592:663552,82944,torch.float64,663552,True,False,none,59,118,119,119,0,unresolved,unresolved,unresolved,unresolved,False,False
endpoint_neighborhood.distance,4452321072,cpu:5789745152:663552,82944,torch.float64,663552,True,False,none,60,125,126,127,0,unresolved,unresolved,unresolved,unresolved,False,False
endpoint_neighborhood.distance,4452574192,cpu:5242880000:663552,82944,torch.float64,663552,True,False,none,60,61,62,63,1,unresolved,unresolved,unresolved,unresolved,False,False
endpoint_neighborhood.distance,4452864304,cpu:5517246464:663552,82944,torch.float64,663552,True,False,none,60,66,67,89,1,unresolved,unresolved,unresolved,unresolved,False,False
endpoint_neighborhood.distance,4452875024,cpu:5789745152:663552,82944,torch.float64,663552,True,False,none,60,69,70,71,1,unresolved,unresolved,unresolved,unresolved,False,False
endpoint_neighborhood.distance,4454449632,cpu:5517246464:663552,82944,torch.float64,663552,True,False,none,60,149,150,153,1,unresolved,unresolved,unresolved,unresolved,False,False
endpoint_neighborhood.distance,4452121040,cpu:5787713536:663552,82944,torch.float64,663552,True,False,none,63,64,65,66,0,unresolved,unresolved,unresolved,unresolved,False,False
endpoint_neighborhood.distance,4452572032,cpu:4974772224:663552,82944,torch.float64,663552,True,False,none,64,65,66,66,0,unresolved,unresolved,unresolved,unresolved,False,False
endpoint_neighborhood.distance,4452569392,cpu:4974084096:663552,82944,torch.float64,663552,True,False,none,67,132,133,134,0,unresolved,unresolved,unresolved,unresolved,False,False
endpoint_neighborhood.distance,4452447120,cpu:4969365504:663552,82944,torch.float64,663552,True,False,none,69,79,80,81,0,unresolved,unresolved,unresolved,unresolved,False,False
endpoint_neighborhood.distance,4452863024,cpu:5785026560:663552,82944,torch.float64,663552,True,False,none,69,70,71,71,0,unresolved,unresolved,unresolved,unresolved,False,False
endpoint_neighborhood.distance,4453920960,cpu:4969365504:663552,82944,torch.float64,663552,True,False,none,69,128,129,131,1,unresolved,unresolved,unresolved,unresolved,False,False
endpoint_neighborhood.distance,4453265760,cpu:5784338432:663552,82944,torch.float64,663552,True,False,none,70,90,91,92,0,unresolved,unresolved,unresolved,unresolved,False,False
endpoint_neighborhood.distance,4453916160,cpu:5784338432:663552,82944,torch.float64,663552,True,False,none,70,130,131,131,0,unresolved,unresolved,unresolved,unresolved,False,False
endpoint_neighborhood.distance,4453015040,cpu:5510463488:663552,82944,torch.float64,663552,True,False,none,71,72,73,89,1,unresolved,unresolved,unresolved,unresolved,False,False
endpoint_neighborhood.distance,4453260320,cpu:5509775360:663552,82944,torch.float64,663552,True,False,none,71,154,155,157,0,unresolved,unresolved,unresolved,unresolved,False,False
endpoint_neighborhood.distance,4454347984,cpu:5510463488:663552,82944,torch.float64,663552,True,False,none,71,146,147,148,1,unresolved,unresolved,unresolved,unresolved,False,False
endpoint_neighborhood.distance,4453011760,cpu:5252939776:663552,82944,torch.float64,663552,True,False,none,72,73,74,74,0,unresolved,unresolved,unresolved,unresolved,False,False
endpoint_neighborhood.distance,4452870224,cpu:5517934592:663552,82944,torch.float64,663552,True,False,none,74,75,76,78,0,unresolved,unresolved,unresolved,unresolved,False,False
endpoint_neighborhood.distance,4452447120,cpu:4977491968:663552,82944,torch.float64,663552,True,False,none,76,77,78,78,0,unresolved,unresolved,unresolved,unresolved,False,False
endpoint_neighborhood.distance,4453824096,cpu:5793153024:663552,82944,torch.float64,663552,True,False,none,78,116,117,117,0,unresolved,unresolved,unresolved,unresolved,False,False
endpoint_neighborhood.distance,4454028128,cpu:5793153024:663552,82944,torch.float64,663552,True,False,none,78,123,124,165,2,unresolved,unresolved,unresolved,unresolved,False,False
endpoint_neighborhood.distance,4453260720,cpu:5786370048:663552,82944,torch.float64,663552,True,False,none,79,87,88,89,1,unresolved,unresolved,unresolved,unresolved,False,False
endpoint_neighborhood.distance,4452571712,cpu:5511151616:663552,82944,torch.float64,663552,True,False,none,80,81,82,83,1,unresolved,unresolved,unresolved,unresolved,False,False
endpoint_neighborhood.distance,4453361984,cpu:5511151616:663552,82944,torch.float64,663552,True,False,none,80,99,100,122,0,unresolved,unresolved,unresolved,unresolved,False,False
endpoint_neighborhood.distance,4454341184,cpu:5511151616:663552,82944,torch.float64,663552,True,False,none,80,157,158,159,1,unresolved,unresolved,unresolved,unresolved,False,False
endpoint_neighborhood.distance,4452321312,cpu:5520654336:663552,82944,torch.float64,663552,True,False,none,81,82,83,83,0,unresolved,unresolved,unresolved,unresolved,False,False
endpoint_neighborhood.distance,4451951440,cpu:5249957888:663552,82944,torch.float64,663552,True,False,none,84,85,86,86,0,unresolved,unresolved,unresolved,unresolved,False,False
endpoint_neighborhood.distance,4453258880,cpu:5244551168:663552,82944,torch.float64,663552,True,False,none,84,88,89,89,0,unresolved,unresolved,unresolved,unresolved,False,False
endpoint_neighborhood.distance,4453014960,cpu:5510856704:663552,82944,torch.float64,663552,True,False,none,90,91,92,92,0,unresolved,unresolved,unresolved,unresolved,False,False
endpoint_neighborhood.distance,4453352624,cpu:5252612096:663552,82944,torch.float64,663552,True,False,none,91,92,93,122,1,unresolved,unresolved,unresolved,unresolved,False,False
endpoint_neighborhood.distance,4453351584,cpu:5511118848:663552,82944,torch.float64,663552,True,False,none,94,176,177,177,0,unresolved,unresolved,unresolved,unresolved,False,False
endpoint_neighborhood.distance,4454034048,cpu:5511118848:663552,82944,torch.float64,663552,True,False,none,94,141,142,142,0,unresolved,unresolved,unresolved,unresolved,False,False
endpoint_neighborhood.distance,4454463312,cpu:5511118848:663552,82944,torch.float64,663552,True,False,none,94,164,165,165,0,unresolved,unresolved,unresolved,unresolved,False,False
endpoint_neighborhood.distance,4453358544,cpu:5788368896:663552,82944,torch.float64,663552,True,False,none,95,96,97,97,0,unresolved,unresolved,unresolved,unresolved,False,False
endpoint_neighborhood.distance,4453523584,cpu:5788368896:663552,82944,torch.float64,663552,True,False,none,95,100,101,122,1,unresolved,unresolved,unresolved,unresolved,False,False
endpoint_neighborhood.distance,4452874464,cpu:5791809536:663552,82944,torch.float64,663552,True,False,none,101,102,103,103,0,unresolved,unresolved,unresolved,unresolved,False,False
endpoint_neighborhood.distance,4452569472,cpu:5511905280:663552,82944,torch.float64,663552,True,False,none,102,103,104,122,1,unresolved,unresolved,unresolved,unresolved,False,False
endpoint_neighborhood.distance,4452867904,cpu:5511905280:663552,82944,torch.float64,663552,True,False,none,102,126,127,127,0,unresolved,unresolved,unresolved,unresolved,False,False
endpoint_neighborhood.distance,4454810160,cpu:5511905280:663552,82944,torch.float64,663552,True,False,none,102,192,193,200,1,unresolved,unresolved,unresolved,unresolved,False,False
endpoint_neighborhood.distance,4453911280,cpu:4980211712:663552,82944,torch.float64,663552,True,False,none,104,117,118,119,1,unresolved,unresolved,unresolved,unresolved,False,False
endpoint_neighborhood.distance,4453257680,cpu:5793873920:663552,82944,torch.float64,663552,True,False,none,105,106,107,122,1,unresolved,unresolved,unresolved,unresolved,False,False
endpoint_neighborhood.distance,4453817296,cpu:5513281536:663552,82944,torch.float64,663552,True,False,none,106,112,113,122,1,unresolved,unresolved,unresolved,unresolved,False,False
endpoint_neighborhood.distance,4453919440,cpu:4978835456:663552,82944,torch.float64,663552,True,False,none,108,121,122,122,0,unresolved,unresolved,unresolved,unresolved,False,False
endpoint_neighborhood.distance,4453921600,cpu:5519933440:663552,82944,torch.float64,663552,True,False,none,119,120,121,122,1,unresolved,unresolved,unresolved,unresolved,False,False
endpoint_neighborhood.distance,4453022480,cpu:5510430720:663552,82944,torch.float64,663552,True,False,none,123,124,125,127,0,unresolved,unresolved,unresolved,unresolved,False,False
endpoint_neighborhood.distance,4454025568,cpu:4985028608:663552,82944,torch.float64,663552,True,False,none,125,155,156,157,0,unresolved,unresolved,unresolved,unresolved,False,False
endpoint_neighborhood.distance,4453909040,cpu:5796528128:663552,82944,torch.float64,663552,True,False,none,127,156,157,157,0,unresolved,unresolved,unresolved,unresolved,False,False
endpoint_neighborhood.distance,4452578432,cpu:5245960192:663552,82944,torch.float64,663552,True,False,none,128,129,130,131,0,unresolved,unresolved,unresolved,unresolved,False,False
endpoint_neighborhood.distance,4454695232,cpu:4985716736:663552,82944,torch.float64,663552,True,False,none,130,163,164,165,2,unresolved,unresolved,unresolved,unresolved,False,False
endpoint_neighborhood.distance,4453354784,cpu:5243568128:663552,82944,torch.float64,663552,True,False,none,134,135,136,136,0,unresolved,unresolved,unresolved,unresolved,False,False
endpoint_neighborhood.distance,4454035168,cpu:5797249024:663552,82944,torch.float64,663552,True,False,none,139,140,141,162,1,unresolved,unresolved,unresolved,unresolved,False,False
endpoint_neighborhood.distance,4453909040,cpu:5240127488:663552,82944,torch.float64,663552,True,False,none,147,161,162,162,0,unresolved,unresolved,unresolved,unresolved,False,False
endpoint_neighborhood.distance,4454339424,cpu:5795217408:663552,82944,torch.float64,663552,True,False,none,149,150,151,153,0,unresolved,unresolved,unresolved,unresolved,False,False
endpoint_neighborhood.distance,4454699072,cpu:5802622976:663552,82944,torch.float64,663552,True,False,none,165,166,167,167,2,unresolved,unresolved,unresolved,unresolved,False,False
endpoint_neighborhood.distance,4452332752,cpu:5809012736:663552,82944,torch.float64,663552,True,False,none,167,168,169,170,1,unresolved,unresolved,unresolved,unresolved,False,False
endpoint_neighborhood.distance,4454033408,cpu:5506465792:663552,82944,torch.float64,663552,True,False,none,168,169,170,170,0,unresolved,unresolved,unresolved,unresolved,False,False
endpoint_neighborhood.distance,4452116480,cpu:5775523840:663552,82944,torch.float64,663552,True,False,none,170,171,172,173,0,unresolved,unresolved,unresolved,unresolved,False,False
endpoint_neighborhood.distance,4454697952,cpu:5781979136:663552,82944,torch.float64,663552,True,False,none,171,172,173,173,0,unresolved,unresolved,unresolved,unresolved,False,False
endpoint_neighborhood.distance,4454452112,cpu:5244878848:663552,82944,torch.float64,663552,True,False,none,175,181,182,183,1,unresolved,unresolved,unresolved,unresolved,False,False
endpoint_neighborhood.distance,4451418352,cpu:5244190720:663552,82944,torch.float64,663552,True,False,none,177,178,179,181,1,unresolved,unresolved,unresolved,unresolved,False,False
endpoint_neighborhood.distance,4453797312,cpu:5513248768:663552,82944,torch.float64,663552,True,False,none,190,191,192,192,0,unresolved,unresolved,unresolved,unresolved,False,False
endpoint_neighborhood.distance,4454819120,cpu:4973395968:663552,82944,torch.float64,663552,True,False,none,194,195,196,197,1,unresolved,unresolved,unresolved,unresolved,False,False
endpoint_neighborhood.edge_support,4454024288,cpu:5242191872:663552,82944,torch.float64,663552,True,False,none,0,182,183,183,0,unresolved,unresolved,unresolved,unresolved,False,False
endpoint_neighborhood.edge_support,4451382480,cpu:4970676224:663552,82944,torch.float64,663552,True,False,none,1,2,3,3,1,unresolved,unresolved,unresolved,unresolved,False,False
endpoint_neighborhood.edge_support,4451648368,cpu:5507448832:663552,82944,torch.float64,663552,True,False,none,2,10,11,11,0,unresolved,unresolved,unresolved,unresolved,False,False
endpoint_neighborhood.edge_support,4451812848,cpu:4966973440:663552,82944,torch.float64,663552,True,False,none,2,14,15,21,1,unresolved,unresolved,unresolved,unresolved,False,False
endpoint_neighborhood.edge_support,4454461632,cpu:5506367488:663552,82944,torch.float64,663552,True,False,none,2,188,189,189,0,unresolved,unresolved,unresolved,unresolved,False,False
endpoint_neighborhood.edge_support,4451266592,cpu:4969037824:663552,82944,torch.float64,663552,True,False,none,3,4,5,6,1,unresolved,unresolved,unresolved,unresolved,False,False
endpoint_neighborhood.edge_support,4454464752,cpu:4968349696:663552,82944,torch.float64,663552,True,False,none,3,185,186,186,0,unresolved,unresolved,unresolved,unresolved,False,False
endpoint_neighborhood.edge_support,4451381360,cpu:4967956480:663552,82944,torch.float64,663552,True,False,none,4,5,6,6,0,unresolved,unresolved,unresolved,unresolved,False,False
endpoint_neighborhood.edge_support,4451380400,cpu:5772836864:663552,82944,torch.float64,663552,True,False,none,5,34,35,36,0,unresolved,unresolved,unresolved,unresolved,False,False
endpoint_neighborhood.edge_support,4451431312,cpu:5772836864:663552,82944,torch.float64,663552,True,False,none,5,6,7,8,1,unresolved,unresolved,unresolved,unresolved,False,False
endpoint_neighborhood.edge_support,4451426912,cpu:5237800960:663552,82944,torch.float64,663552,True,False,none,6,7,8,8,0,unresolved,unresolved,unresolved,unresolved,False,False
endpoint_neighborhood.edge_support,4451662848,cpu:5237800960:663552,82944,torch.float64,663552,True,False,none,6,23,24,24,0,unresolved,unresolved,unresolved,unresolved,False,False
endpoint_neighborhood.edge_support,4452435440,cpu:5237800960:663552,82944,torch.float64,663552,True,False,none,6,46,47,47,0,unresolved,unresolved,unresolved,unresolved,False,False
endpoint_neighborhood.edge_support,4453797872,cpu:5774180352:663552,82944,torch.float64,663552,True,False,none,6,187,188,200,1,unresolved,unresolved,unresolved,unresolved,False,False
endpoint_neighborhood.edge_support,4451429792,cpu:4972052480:663552,82944,torch.float64,663552,True,False,none,8,9,10,11,0,unresolved,unresolved,unresolved,unresolved,False,False
endpoint_neighborhood.edge_support,4452580512,cpu:4972052480:663552,82944,torch.float64,663552,True,False,none,8,67,68,68,0,unresolved,unresolved,unresolved,unresolved,False,False
endpoint_neighborhood.edge_support,4453009840,cpu:4972052480:663552,82944,torch.float64,663552,True,False,none,8,73,74,74,0,unresolved,unresolved,unresolved,unresolved,False,False
endpoint_neighborhood.edge_support,4453010080,cpu:4972052480:663552,82944,torch.float64,663552,True,False,none,8,124,125,127,0,unresolved,unresolved,unresolved,unresolved,False,False
endpoint_neighborhood.edge_support,4453804592,cpu:5239799808:663552,82944,torch.float64,663552,True,False,none,9,193,194,194,0,unresolved,unresolved,unresolved,unresolved,False,False
endpoint_neighborhood.edge_support,4451654528,cpu:4969693184:663552,82944,torch.float64,663552,True,False,none,10,11,12,13,1,unresolved,unresolved,unresolved,unresolved,False,False
endpoint_neighborhood.edge_support,4451433152,cpu:5508366336:663552,82944,torch.float64,663552,True,False,none,11,12,13,13,0,unresolved,unresolved,unresolved,unresolved,False,False
endpoint_neighborhood.edge_support,4451659728,cpu:5772509184:663552,82944,torch.float64,663552,True,False,none,11,27,28,28,0,unresolved,unresolved,unresolved,unresolved,False,False
endpoint_neighborhood.edge_support,4452116640,cpu:5508366336:663552,82944,torch.float64,663552,True,False,none,11,171,172,173,0,unresolved,unresolved,unresolved,unresolved,False,False
endpoint_neighborhood.edge_support,4452860064,cpu:5239144448:663552,82944,torch.float64,663552,True,False,none,11,65,66,66,0,unresolved,unresolved,unresolved,unresolved,False,False
endpoint_neighborhood.edge_support,4454346144,cpu:5772509184:663552,82944,torch.float64,663552,True,False,none,11,180,181,181,0,unresolved,unresolved,unresolved,unresolved,False,False
endpoint_neighborhood.edge_support,4451650848,cpu:4970020864:663552,82944,torch.float64,663552,True,False,none,14,15,16,16,0,unresolved,unresolved,unresolved,unresolved,False,False
endpoint_neighborhood.edge_support,4452106640,cpu:4970971136:663552,82944,torch.float64,663552,True,False,none,14,25,26,28,1,unresolved,unresolved,unresolved,unresolved,False,False
endpoint_neighborhood.edge_support,4452329392,cpu:4970020864:663552,82944,torch.float64,663552,True,False,none,14,42,43,56,1,unresolved,unresolved,unresolved,unresolved,False,False
endpoint_neighborhood.edge_support,4452443040,cpu:4970020864:663552,82944,torch.float64,663552,True,False,none,14,59,60,60,0,unresolved,unresolved,unresolved,unresolved,False,False
endpoint_neighborhood.edge_support,4453530944,cpu:4970020864:663552,82944,torch.float64,663552,True,False,none,14,115,116,117,0,unresolved,unresolved,unresolved,unresolved,False,False
endpoint_neighborhood.edge_support,4454695872,cpu:4970020864:663552,82944,torch.float64,663552,True,False,none,14,172,173,173,0,unresolved,unresolved,unresolved,unresolved,False,False
endpoint_neighborhood.edge_support,4451822048,cpu:5779259392:663552,82944,torch.float64,663552,True,False,none,16,17,18,19,1,unresolved,unresolved,unresolved,unresolved,False,False
endpoint_neighborhood.edge_support,4451818528,cpu:4975362048:663552,82944,torch.float64,663552,True,False,none,17,18,19,19,0,unresolved,unresolved,unresolved,unresolved,False,False
endpoint_neighborhood.edge_support,4451827648,cpu:5509382144:663552,82944,torch.float64,663552,True,False,none,18,19,20,21,1,unresolved,unresolved,unresolved,unresolved,False,False
endpoint_neighborhood.edge_support,4451826608,cpu:4972380160:663552,82944,torch.float64,663552,True,False,none,19,20,21,21,0,unresolved,unresolved,unresolved,unresolved,False,False
endpoint_neighborhood.edge_support,4453794912,cpu:4969988096:663552,82944,torch.float64,663552,True,False,none,19,175,176,177,0,unresolved,unresolved,unresolved,unresolved,False,False
endpoint_neighborhood.edge_support,4451952720,cpu:5241176064:663552,82944,torch.float64,663552,True,False,none,21,22,23,24,2,unresolved,unresolved,unresolved,unresolved,False,False
endpoint_neighborhood.edge_support,4452865504,cpu:5241176064:663552,82944,torch.float64,663552,True,False,none,21,66,67,89,1,unresolved,unresolved,unresolved,unresolved,False,False
endpoint_neighborhood.edge_support,4452118640,cpu:4968644608:663552,82944,torch.float64,663552,True,False,none,23,40,41,41,0,unresolved,unresolved,unresolved,unresolved,False,False
endpoint_neighborhood.edge_support,4451419152,cpu:5775196160:663552,82944,torch.float64,663552,True,False,none,25,26,27,28,0,unresolved,unresolved,unresolved,unresolved,False,False
endpoint_neighborhood.edge_support,4453921280,cpu:5775196160:663552,82944,torch.float64,663552,True,False,none,25,179,180,181,0,unresolved,unresolved,unresolved,unresolved,False,False
endpoint_neighborhood.edge_support,4451953360,cpu:5779324928:663552,82944,torch.float64,663552,True,False,none,27,28,29,30,1,unresolved,unresolved,unresolved,unresolved,False,False
endpoint_neighborhood.edge_support,4451648448,cpu:5247238144:663552,82944,torch.float64,663552,True,False,none,28,29,30,30,0,unresolved,unresolved,unresolved,unresolved,False,False
endpoint_neighborhood.edge_support,4452320912,cpu:4967301120:663552,82944,torch.float64,663552,True,False,none,28,55,56,165,0,unresolved,unresolved,unresolved,unresolved,False,False
endpoint_neighborhood.edge_support,4451424032,cpu:4967989248:663552,82944,torch.float64,663552,True,False,none,29,53,54,165,1,unresolved,unresolved,unresolved,unresolved,False,False
endpoint_neighborhood.edge_support,4453800832,cpu:4967989248:663552,82944,torch.float64,663552,True,False,none,29,191,192,192,0,unresolved,unresolved,unresolved,unresolved,False,False
endpoint_neighborhood.edge_support,4454706432,cpu:4967989248:663552,82944,torch.float64,663552,True,False,none,29,173,174,177,1,unresolved,unresolved,unresolved,unresolved,False,False
endpoint_neighborhood.edge_support,4451265632,cpu:5777588224:663552,82944,torch.float64,663552,True,False,none,30,31,32,33,1,unresolved,unresolved,unresolved,unresolved,False,False
endpoint_neighborhood.edge_support,4451945520,cpu:4970708992:663552,82944,torch.float64,663552,True,False,none,30,51,52,53,0,unresolved,unresolved,unresolved,unresolved,False,False
endpoint_neighborhood.edge_support,4454025728,cpu:5508071424:663552,82944,torch.float64,663552,True,False,none,30,169,170,170,0,unresolved,unresolved,unresolved,unresolved,False,False
endpoint_neighborhood.edge_support,4454823200,cpu:4970708992:663552,82944,torch.float64,663552,True,False,none,30,199,200,200,0,unresolved,unresolved,unresolved,unresolved,False,False
endpoint_neighborhood.edge_support,4451655808,cpu:5241503744:663552,82944,torch.float64,663552,True,False,none,31,32,33,33,0,unresolved,unresolved,unresolved,unresolved,False,False
endpoint_neighborhood.edge_support,4451942880,cpu:4970741760:663552,82944,torch.float64,663552,True,False,none,34,35,36,36,0,unresolved,unresolved,unresolved,unresolved,False,False
endpoint_neighborhood.edge_support,4454815360,cpu:5776211968:663552,82944,torch.float64,663552,True,False,none,34,196,197,197,0,unresolved,unresolved,unresolved,unresolved,False,False
endpoint_neighborhood.edge_support,4452113680,cpu:5782994944:663552,82944,torch.float64,663552,True,False,none,35,36,37,39,1,unresolved,unresolved,unresolved,unresolved,False,False
endpoint_neighborhood.edge_support,4451372560,cpu:4968284160:663552,82944,torch.float64,663552,True,False,none,36,37,38,39,0,unresolved,unresolved,unresolved,unresolved,False,False
endpoint_neighborhood.edge_support,4452320512,cpu:5510070272:663552,82944,torch.float64,663552,True,False,none,38,39,40,41,1,unresolved,unresolved,unresolved,unresolved,False,False
endpoint_neighborhood.edge_support,4454895440,cpu:5773197312:663552,82944,torch.float64,663552,True,False,none,40,198,199,200,1,unresolved,unresolved,unresolved,unresolved,False,False
endpoint_neighborhood.edge_support,4452328272,cpu:4971397120:663552,82944,torch.float64,663552,True,False,none,42,43,44,44,0,unresolved,unresolved,unresolved,unresolved,False,False
endpoint_neighborhood.edge_support,4451826448,cpu:5247631360:663552,82944,torch.float64,663552,True,False,none,44,45,46,47,0,unresolved,unresolved,unresolved,unresolved,False,False
endpoint_neighborhood.edge_support,4452441120,cpu:5249335296:663552,82944,torch.float64,663552,True,False,none,46,47,48,49,1,unresolved,unresolved,unresolved,unresolved,False,False
endpoint_neighborhood.edge_support,4452329632,cpu:5250023424:663552,82944,torch.float64,663552,True,False,none,47,48,49,49,0,unresolved,unresolved,unresolved,unresolved,False,False
endpoint_neighborhood.edge_support,4451820528,cpu:5507710976:663552,82944,torch.float64,663552,True,False,none,49,52,53,53,0,unresolved,unresolved,unresolved,unresolved,False,False
endpoint_neighborhood.edge_support,4452565952,cpu:5509414912:663552,82944,torch.float64,663552,True,False,none,49,50,51,53,1,unresolved,unresolved,unresolved,unresolved,False,False
endpoint_neighborhood.edge_support,4452862864,cpu:5774540800:663552,82944,torch.float64,663552,True,False,none,51,104,105,106,0,unresolved,unresolved,unresolved,unresolved,False,False
endpoint_neighborhood.edge_support,4451652768,cpu:5248581632:663552,82944,torch.float64,663552,True,False,none,53,54,55,165,0,unresolved,unresolved,unresolved,unresolved,False,False
endpoint_neighborhood.edge_support,4452329632,cpu:5776572416:663552,82944,torch.float64,663552,True,False,none,55,56,57,165,2,unresolved,unresolved,unresolved,unresolved,False,False
endpoint_neighborhood.edge_support,4454456192,cpu:5779947520:663552,82944,torch.float64,663552,True,False,none,55,181,182,183,1,unresolved,unresolved,unresolved,unresolved,False,False
endpoint_neighborhood.edge_support,4452117200,cpu:5250613248:663552,82944,torch.float64,663552,True,False,none,56,57,58,58,0,unresolved,unresolved,unresolved,unresolved,False,False
endpoint_neighborhood.edge_support,4454341184,cpu:5515214848:663552,82944,torch.float64,663552,True,False,none,56,150,151,153,0,unresolved,unresolved,unresolved,unresolved,False,False
endpoint_neighborhood.edge_support,4452448800,cpu:5789057024:663552,82944,torch.float64,663552,True,False,none,57,58,59,60,1,unresolved,unresolved,unresolved,unresolved,False,False
endpoint_neighborhood.edge_support,4452862304,cpu:5789057024:663552,82944,torch.float64,663552,True,False,none,57,75,76,78,0,unresolved,unresolved,unresolved,unresolved,False,False
endpoint_neighborhood.edge_support,4452874624,cpu:4968677376:663552,82944,torch.float64,663552,True,False,none,57,69,70,71,1,unresolved,unresolved,unresolved,unresolved,False,False
endpoint_neighborhood.edge_support,4453361344,cpu:4968677376:663552,82944,torch.float64,663552,True,False,none,57,99,100,122,0,unresolved,unresolved,unresolved,unresolved,False,False
endpoint_neighborhood.edge_support,4454456032,cpu:4968677376:663552,82944,torch.float64,663552,True,False,none,57,149,150,153,1,unresolved,unresolved,unresolved,unresolved,False,False
endpoint_neighborhood.edge_support,4453813296,cpu:5785681920:663552,82944,torch.float64,663552,True,False,none,58,113,114,114,0,unresolved,unresolved,unresolved,unresolved,False,False
endpoint_neighborhood.edge_support,4454458672,cpu:5247598592:663552,82944,torch.float64,663552,True,False,none,59,160,161,162,1,unresolved,unresolved,unresolved,unresolved,False,False
endpoint_neighborhood.edge_support,4452575072,cpu:5789745152:663552,82944,torch.float64,663552,True,False,none,60,61,62,63,1,unresolved,unresolved,unresolved,unresolved,False,False
endpoint_neighborhood.edge_support,4452863184,cpu:5516558336:663552,82944,torch.float64,663552,True,False,none,60,102,103,103,0,unresolved,unresolved,unresolved,unresolved,False,False
endpoint_neighborhood.edge_support,4452569472,cpu:5516591104:663552,82944,torch.float64,663552,True,False,none,61,62,63,63,0,unresolved,unresolved,unresolved,unresolved,False,False
endpoint_neighborhood.edge_support,4452114960,cpu:5788401664:663552,82944,torch.float64,663552,True,False,none,63,64,65,66,0,unresolved,unresolved,unresolved,unresolved,False,False
endpoint_neighborhood.edge_support,4453261200,cpu:4974772224:663552,82944,torch.float64,663552,True,False,none,64,90,91,92,0,unresolved,unresolved,unresolved,unresolved,False,False
endpoint_neighborhood.edge_support,4453524384,cpu:4974772224:663552,82944,torch.float64,663552,True,False,none,64,100,101,122,1,unresolved,unresolved,unresolved,unresolved,False,False
endpoint_neighborhood.edge_support,4453530624,cpu:4974772224:663552,82944,torch.float64,663552,True,False,none,64,131,132,134,1,unresolved,unresolved,unresolved,unresolved,False,False
endpoint_neighborhood.edge_support,4453022480,cpu:5789089792:663552,82944,torch.float64,663552,True,False,none,65,91,92,92,0,unresolved,unresolved,unresolved,unresolved,False,False
endpoint_neighborhood.edge_support,4453015920,cpu:4974084096:663552,82944,torch.float64,663552,True,False,none,67,72,73,89,1,unresolved,unresolved,unresolved,unresolved,False,False
endpoint_neighborhood.edge_support,4453353664,cpu:4974084096:663552,82944,torch.float64,663552,True,False,none,67,92,93,122,1,unresolved,unresolved,unresolved,unresolved,False,False
endpoint_neighborhood.edge_support,4454339424,cpu:4974084096:663552,82944,torch.float64,663552,True,False,none,67,143,144,145,1,unresolved,unresolved,unresolved,unresolved,False,False
endpoint_neighborhood.edge_support,4454699552,cpu:4974084096:663552,82944,torch.float64,663552,True,False,none,67,166,167,167,2,unresolved,unresolved,unresolved,unresolved,False,False
endpoint_neighborhood.edge_support,4454821040,cpu:4974084096:663552,82944,torch.float64,663552,True,False,none,67,195,196,197,1,unresolved,unresolved,unresolved,unresolved,False,False
endpoint_neighborhood.edge_support,4452875104,cpu:5785714688:663552,82944,torch.float64,663552,True,False,none,69,70,71,71,0,unresolved,unresolved,unresolved,unresolved,False,False
endpoint_neighborhood.edge_support,4453262000,cpu:4969365504:663552,82944,torch.float64,663552,True,False,none,69,87,88,89,1,unresolved,unresolved,unresolved,unresolved,False,False
endpoint_neighborhood.edge_support,4453522864,cpu:4969365504:663552,82944,torch.float64,663552,True,False,none,69,152,153,153,0,unresolved,unresolved,unresolved,unresolved,False,False
endpoint_neighborhood.edge_support,4452578432,cpu:5787746304:663552,82944,torch.float64,663552,True,False,none,70,132,133,134,0,unresolved,unresolved,unresolved,unresolved,False,False
endpoint_neighborhood.edge_support,4453816176,cpu:5784338432:663552,82944,torch.float64,663552,True,False,none,70,134,135,136,1,unresolved,unresolved,unresolved,unresolved,False,False
endpoint_neighborhood.edge_support,4453923600,cpu:5784338432:663552,82944,torch.float64,663552,True,False,none,70,156,157,157,0,unresolved,unresolved,unresolved,unresolved,False,False
endpoint_neighborhood.edge_support,4451419472,cpu:5510463488:663552,82944,torch.float64,663552,True,False,none,71,154,155,157,0,unresolved,unresolved,unresolved,unresolved,False,False
endpoint_neighborhood.edge_support,4452569392,cpu:5790433280:663552,82944,torch.float64,663552,True,False,none,71,125,126,127,0,unresolved,unresolved,unresolved,unresolved,False,False
endpoint_neighborhood.edge_support,4453017440,cpu:5510463488:663552,82944,torch.float64,663552,True,False,none,71,151,152,153,0,unresolved,unresolved,unresolved,unresolved,False,False
endpoint_neighborhood.edge_support,4454337024,cpu:5509775360:663552,82944,torch.float64,663552,True,False,none,71,144,145,145,0,unresolved,unresolved,unresolved,unresolved,False,False
endpoint_neighborhood.edge_support,4454348704,cpu:5509775360:663552,82944,torch.float64,663552,True,False,none,71,147,148,148,0,unresolved,unresolved,unresolved,unresolved,False,False
endpoint_neighborhood.edge_support,4451433312,cpu:5792464896:663552,82944,torch.float64,663552,True,False,none,75,76,77,78,0,unresolved,unresolved,unresolved,unresolved,False,False
endpoint_neighborhood.edge_support,4452448160,cpu:4978180096:663552,82944,torch.float64,663552,True,False,none,76,77,78,78,0,unresolved,unresolved,unresolved,unresolved,False,False
endpoint_neighborhood.edge_support,4452874944,cpu:5515902976:663552,82944,torch.float64,663552,True,False,none,77,78,79,89,1,unresolved,unresolved,unresolved,unresolved,False,False
endpoint_neighborhood.edge_support,4452439520,cpu:5793153024:663552,82944,torch.float64,663552,True,False,none,78,79,80,81,0,unresolved,unresolved,unresolved,unresolved,False,False
endpoint_neighborhood.edge_support,4452867504,cpu:5786370048:663552,82944,torch.float64,663552,True,False,none,79,80,81,81,0,unresolved,unresolved,unresolved,unresolved,False,False
endpoint_neighborhood.edge_support,4453367504,cpu:5786370048:663552,82944,torch.float64,663552,True,False,none,79,135,136,136,0,unresolved,unresolved,unresolved,unresolved,False,False
endpoint_neighborhood.edge_support,4452573152,cpu:5511839744:663552,82944,torch.float64,663552,True,False,none,80,81,82,83,1,unresolved,unresolved,unresolved,unresolved,False,False
endpoint_neighborhood.edge_support,4453259120,cpu:4975460352:663552,82944,torch.float64,663552,True,False,none,80,88,89,89,0,unresolved,unresolved,unresolved,unresolved,False,False
endpoint_neighborhood.edge_support,4454334784,cpu:4975460352:663552,82944,torch.float64,663552,True,False,none,80,157,158,159,1,unresolved,unresolved,unresolved,unresolved,False,False
endpoint_neighborhood.edge_support,4454349184,cpu:5511151616:663552,82944,torch.float64,663552,True,False,none,80,146,147,148,1,unresolved,unresolved,unresolved,unresolved,False,False
endpoint_neighborhood.edge_support,4454695952,cpu:4975460352:663552,82944,torch.float64,663552,True,False,none,80,163,164,165,2,unresolved,unresolved,unresolved,unresolved,False,False
endpoint_neighborhood.edge_support,4452332592,cpu:5522128896:663552,82944,torch.float64,663552,True,False,none,81,82,83,83,0,unresolved,unresolved,unresolved,unresolved,False,False
endpoint_neighborhood.edge_support,4453253920,cpu:5250646016:663552,82944,torch.float64,663552,True,False,none,83,84,85,89,1,unresolved,unresolved,unresolved,unresolved,False,False
endpoint_neighborhood.edge_support,4451954320,cpu:5796495360:663552,82944,torch.float64,663552,True,False,none,84,85,86,86,0,unresolved,unresolved,unresolved,unresolved,False,False
endpoint_neighborhood.edge_support,4453014000,cpu:5251923968:663552,82944,torch.float64,663552,True,False,none,92,93,94,95,0,unresolved,unresolved,unresolved,unresolved,False,False
endpoint_neighborhood.edge_support,4453358544,cpu:5788434432:663552,82944,torch.float64,663552,True,False,none,93,94,95,95,0,unresolved,unresolved,unresolved,unresolved,False,False
endpoint_neighborhood.edge_support,4453363744,cpu:5511118848:663552,82944,torch.float64,663552,True,False,none,94,95,96,97,1,unresolved,unresolved,unresolved,unresolved,False,False
endpoint_neighborhood.edge_support,4453355664,cpu:5512495104:663552,82944,torch.float64,663552,True,False,none,95,96,97,97,0,unresolved,unresolved,unresolved,unresolved,False,False
endpoint_neighborhood.edge_support,4453521104,cpu:4978147328:663552,82944,torch.float64,663552,True,False,none,97,98,99,122,1,unresolved,unresolved,unresolved,unresolved,False,False
endpoint_neighborhood.edge_support,4452443760,cpu:5793841152:663552,82944,torch.float64,663552,True,False,none,100,101,102,103,0,unresolved,unresolved,unresolved,unresolved,False,False
endpoint_neighborhood.edge_support,4452569392,cpu:4976115712:663552,82944,torch.float64,663552,True,False,none,102,103,104,122,1,unresolved,unresolved,unresolved,unresolved,False,False
endpoint_neighborhood.edge_support,4453353344,cpu:5511905280:663552,82944,torch.float64,663552,True,False,none,102,133,134,134,0,unresolved,unresolved,unresolved,unresolved,False,False
endpoint_neighborhood.edge_support,4453915280,cpu:5511905280:663552,82944,torch.float64,663552,True,False,none,102,138,139,139,0,unresolved,unresolved,unresolved,unresolved,False,False
endpoint_neighborhood.edge_support,4454463152,cpu:5511905280:663552,82944,torch.float64,663552,True,False,none,102,164,165,165,0,unresolved,unresolved,unresolved,unresolved,False,False
endpoint_neighborhood.edge_support,4453016080,cpu:4980211712:663552,82944,torch.float64,663552,True,False,none,104,105,106,106,0,unresolved,unresolved,unresolved,unresolved,False,False
endpoint_neighborhood.edge_support,4453262560,cpu:4981587968:663552,82944,torch.float64,663552,True,False,none,105,106,107,122,1,unresolved,unresolved,unresolved,unresolved,False,False
endpoint_neighborhood.edge_support,4453911360,cpu:4980899840:663552,82944,torch.float64,663552,True,False,none,105,117,118,119,1,unresolved,unresolved,unresolved,unresolved,False,False
endpoint_neighborhood.edge_support,4452868784,cpu:4982276096:663552,82944,torch.float64,663552,True,False,none,106,107,108,108,0,unresolved,unresolved,unresolved,unresolved,False,False
endpoint_neighborhood.edge_support,4453922480,cpu:4982276096:663552,82944,torch.float64,663552,True,False,none,106,120,121,122,1,unresolved,unresolved,unresolved,unresolved,False,False
endpoint_neighborhood.edge_support,4453529504,cpu:5796593664:663552,82944,torch.float64,663552,True,False,none,108,109,110,111,1,unresolved,unresolved,unresolved,unresolved,False,False
endpoint_neighborhood.edge_support,4453819136,cpu:4978835456:663552,82944,torch.float64,663552,True,False,none,108,116,117,117,0,unresolved,unresolved,unresolved,unresolved,False,False
endpoint_neighborhood.edge_support,4453268640,cpu:5255364608:663552,82944,torch.float64,663552,True,False,none,109,110,111,111,0,unresolved,unresolved,unresolved,unresolved,False,False
endpoint_neighborhood.edge_support,4453916960,cpu:5798625280:663552,82944,torch.float64,663552,True,False,none,109,158,159,159,0,unresolved,unresolved,unresolved,unresolved,False,False
endpoint_neighborhood.edge_support,4453818176,cpu:5804621824:663552,82944,torch.float64,663552,True,False,none,111,112,113,122,1,unresolved,unresolved,unresolved,unresolved,False,False
endpoint_neighborhood.edge_support,4454033408,cpu:5512593408:663552,82944,torch.float64,663552,True,False,none,113,141,142,142,0,unresolved,unresolved,unresolved,unresolved,False,False
endpoint_neighborhood.edge_support,4453811456,cpu:5801246720:663552,82944,torch.float64,663552,True,False,none,117,118,119,119,0,unresolved,unresolved,unresolved,unresolved,False,False
endpoint_neighborhood.edge_support,4453911440,cpu:4979523584:663552,82944,torch.float64,663552,True,False,none,118,121,122,122,0,unresolved,unresolved,unresolved,unresolved,False,False
endpoint_neighborhood.edge_support,4454029088,cpu:4983652352:663552,82944,torch.float64,663552,True,False,none,122,123,124,165,2,unresolved,unresolved,unresolved,unresolved,False,False
endpoint_neighborhood.edge_support,4452862384,cpu:4985028608:663552,82944,torch.float64,663552,True,False,none,125,126,127,127,0,unresolved,unresolved,unresolved,unresolved,False,False
endpoint_neighborhood.edge_support,4453918960,cpu:4985028608:663552,82944,torch.float64,663552,True,False,none,125,161,162,162,0,unresolved,unresolved,unresolved,unresolved,False,False
endpoint_neighborhood.edge_support,4453921760,cpu:4985028608:663552,82944,torch.float64,663552,True,False,none,125,130,131,131,0,unresolved,unresolved,unresolved,unresolved,False,False
endpoint_neighborhood.edge_support,4454027408,cpu:4986372096:663552,82944,torch.float64,663552,True,False,none,125,137,138,139,1,unresolved,unresolved,unresolved,unresolved,False,False
endpoint_neighborhood.edge_support,4452573712,cpu:4984340480:663552,82944,torch.float64,663552,True,False,none,126,129,130,131,0,unresolved,unresolved,unresolved,unresolved,False,False
endpoint_neighborhood.edge_support,4453923120,cpu:5796528128:663552,82944,torch.float64,663552,True,False,none,127,128,129,131,1,unresolved,unresolved,unresolved,unresolved,False,False
endpoint_neighborhood.edge_support,4454036368,cpu:5241143296:663552,82944,torch.float64,663552,True,False,none,139,140,141,162,1,unresolved,unresolved,unresolved,unresolved,False,False
endpoint_neighborhood.edge_support,4454026608,cpu:5800296448:663552,82944,torch.float64,663552,True,False,none,154,155,156,157,0,unresolved,unresolved,unresolved,unresolved,False,False
endpoint_neighborhood.edge_support,4452322672,cpu:5507383296:663552,82944,torch.float64,663552,True,False,none,167,168,169,170,1,unresolved,unresolved,unresolved,unresolved,False,False
endpoint_neighborhood.edge_support,4454707152,cpu:5775917056:663552,82944,torch.float64,663552,True,False,none,173,174,175,177,0,unresolved,unresolved,unresolved,unresolved,False,False
endpoint_neighborhood.edge_support,4453356384,cpu:4972675072:663552,82944,torch.float64,663552,True,False,none,175,176,177,177,0,unresolved,unresolved,unresolved,unresolved,False,False
endpoint_neighborhood.edge_support,4454709952,cpu:4972675072:663552,82944,torch.float64,663552,True,False,none,175,184,185,186,1,unresolved,unresolved,unresolved,unresolved,False,False
endpoint_neighborhood.edge_support,4451421152,cpu:4973363200:663552,82944,torch.float64,663552,True,False,none,177,178,179,181,1,unresolved,unresolved,unresolved,unresolved,False,False
endpoint_neighborhood.edge_support,4454706192,cpu:5507022848:663552,82944,torch.float64,663552,True,False,none,178,190,191,192,0,unresolved,unresolved,unresolved,unresolved,False,False
endpoint_neighborhood.edge_support,4454810880,cpu:5513936896:663552,82944,torch.float64,663552,True,False,none,191,192,193,200,1,unresolved,unresolved,unresolved,unresolved,False,False
midpoint_neighborhood.displacement,4451421152,cpu:5772509184:1327104,82944x2,torch.float64,1327104,True,False,none,0,54,54,165,0,unresolved,unresolved,unresolved,unresolved,False,False
midpoint_neighborhood.displacement,4451811568,cpu:5772509184:1327104,82944x2,torch.float64,1327104,True,False,none,0,23,23,24,0,unresolved,unresolved,unresolved,unresolved,False,False
midpoint_neighborhood.displacement,4452106320,cpu:5772509184:1327104,82944x2,torch.float64,1327104,True,False,none,0,48,48,49,0,unresolved,unresolved,unresolved,unresolved,False,False
midpoint_neighborhood.displacement,4452121440,cpu:5772509184:1327104,82944x2,torch.float64,1327104,True,False,none,0,46,46,47,0,unresolved,unresolved,unresolved,unresolved,False,False
midpoint_neighborhood.displacement,4452319792,cpu:5772509184:1327104,82944x2,torch.float64,1327104,True,False,none,0,43,43,44,0,unresolved,unresolved,unresolved,unresolved,False,False
midpoint_neighborhood.displacement,4451269552,cpu:5237800960:1327104,82944x2,torch.float64,1327104,True,False,none,2,32,32,33,0,unresolved,unresolved,unresolved,unresolved,False,False
midpoint_neighborhood.displacement,4451384880,cpu:5237800960:1327104,82944x2,torch.float64,1327104,True,False,none,2,5,5,6,0,unresolved,unresolved,unresolved,unresolved,False,False
midpoint_neighborhood.displacement,4451815328,cpu:5237800960:1327104,82944x2,torch.float64,1327104,True,False,none,2,20,20,21,0,unresolved,unresolved,unresolved,unresolved,False,False
midpoint_neighborhood.displacement,4451818768,cpu:5237800960:1327104,82944x2,torch.float64,1327104,True,False,none,2,18,18,19,0,unresolved,unresolved,unresolved,unresolved,False,False
midpoint_neighborhood.displacement,4451951120,cpu:5237800960:1327104,82944x2,torch.float64,1327104,True,False,none,2,174,174,177,0,unresolved,unresolved,unresolved,unresolved,False,False
midpoint_neighborhood.displacement,4452869184,cpu:5237800960:1327104,82944x2,torch.float64,1327104,True,False,none,2,73,73,74,0,unresolved,unresolved,unresolved,unresolved,False,False
midpoint_neighborhood.displacement,4453351584,cpu:5237800960:1327104,82944x2,torch.float64,1327104,True,False,none,2,94,94,95,0,unresolved,unresolved,unresolved,unresolved,False,False
midpoint_neighborhood.displacement,4453922160,cpu:5237800960:1327104,82944x2,torch.float64,1327104,True,False,none,2,130,130,131,0,unresolved,unresolved,unresolved,unresolved,False,False
midpoint_neighborhood.displacement,4454343424,cpu:5237800960:1327104,82944x2,torch.float64,1327104,True,False,none,2,161,161,162,0,unresolved,unresolved,unresolved,unresolved,False,False
midpoint_neighborhood.displacement,4454464912,cpu:5237800960:1327104,82944x2,torch.float64,1327104,True,False,none,2,169,169,170,0,unresolved,unresolved,unresolved,unresolved,False,False
midpoint_neighborhood.displacement,4453255840,cpu:5239144448:1327104,82944x2,torch.float64,1327104,True,False,none,3,91,91,92,0,unresolved,unresolved,unresolved,unresolved,False,False
midpoint_neighborhood.displacement,4451375200,cpu:5243174912:1327104,82944x2,torch.float64,1327104,True,False,none,5,7,7,8,0,unresolved,unresolved,unresolved,unresolved,False,False
midpoint_neighborhood.displacement,4451369840,cpu:5776932864:1327104,82944x2,torch.float64,1327104,True,False,none,6,10,10,11,0,unresolved,unresolved,unresolved,unresolved,False,False
midpoint_neighborhood.displacement,4451375200,cpu:4968349696:1327104,82944x2,torch.float64,1327104,True,False,none,8,9,9,11,0,unresolved,unresolved,unresolved,unresolved,False,False
midpoint_neighborhood.displacement,4451434432,cpu:5240487936:1327104,82944x2,torch.float64,1327104,True,False,none,10,12,12,13,0,unresolved,unresolved,unresolved,unresolved,False,False
midpoint_neighborhood.displacement,4451820768,cpu:5240487936:1327104,82944x2,torch.float64,1327104,True,False,none,10,17,17,19,1,unresolved,unresolved,unresolved,unresolved,False,False
midpoint_neighborhood.displacement,4453812976,cpu:5777293312:1327104,82944x2,torch.float64,1327104,True,False,none,13,176,176,177,0,unresolved,unresolved,unresolved,unresolved,False,False
midpoint_neighborhood.displacement,4451377440,cpu:5775228928:1327104,82944x2,torch.float64,1327104,True,False,none,14,185,185,186,0,unresolved,unresolved,unresolved,unresolved,False,False
midpoint_neighborhood.displacement,4451657008,cpu:5773197312:1327104,82944x2,torch.float64,1327104,True,False,none,14,15,15,16,0,unresolved,unresolved,unresolved,unresolved,False,False
midpoint_neighborhood.displacement,4454697552,cpu:5776572416:1327104,82944x2,torch.float64,1327104,True,False,none,15,171,171,173,1,unresolved,unresolved,unresolved,unresolved,False,False
midpoint_neighborhood.displacement,4454699872,cpu:5777915904:1327104,82944x2,torch.float64,1327104,True,False,none,16,172,172,173,0,unresolved,unresolved,unresolved,unresolved,False,False
midpoint_neighborhood.displacement,4451655648,cpu:5773885440:1327104,82944x2,torch.float64,1327104,True,False,none,20,29,29,30,0,unresolved,unresolved,unresolved,unresolved,False,False
midpoint_neighborhood.displacement,4453519504,cpu:5785714688:1327104,82944x2,torch.float64,1327104,True,False,none,24,132,132,134,0,unresolved,unresolved,unresolved,unresolved,False,False
midpoint_neighborhood.displacement,4451430912,cpu:4969332736:1327104,82944x2,torch.float64,1327104,True,False,none,25,26,26,28,0,unresolved,unresolved,unresolved,unresolved,False,False
midpoint_neighborhood.displacement,4451661488,cpu:5240848384:1327104,82944x2,torch.float64,1327104,True,False,none,26,27,27,28,0,unresolved,unresolved,unresolved,unresolved,False,False
midpoint_neighborhood.displacement,4452108160,cpu:5244551168:1327104,82944x2,torch.float64,1327104,True,False,none,27,34,34,36,1,unresolved,unresolved,unresolved,unresolved,False,False
midpoint_neighborhood.displacement,4451425712,cpu:5239472128:1327104,82944x2,torch.float64,1327104,True,False,none,32,182,182,183,0,unresolved,unresolved,unresolved,unresolved,False,False
midpoint_neighborhood.displacement,4454027568,cpu:5239472128:1327104,82944x2,torch.float64,1327104,True,False,none,32,156,156,157,0,unresolved,unresolved,unresolved,unresolved,False,False
midpoint_neighborhood.displacement,4451377200,cpu:5774213120:1327104,82944x2,torch.float64,1327104,True,False,none,34,35,35,36,0,unresolved,unresolved,unresolved,unresolved,False,False
midpoint_neighborhood.displacement,4451958080,cpu:5247598592:1327104,82944x2,torch.float64,1327104,True,False,none,36,37,37,39,0,unresolved,unresolved,unresolved,unresolved,False,False
midpoint_neighborhood.displacement,4453818256,cpu:5238489088:1327104,82944x2,torch.float64,1327104,True,False,none,36,138,138,139,0,unresolved,unresolved,unresolved,unresolved,False,False
midpoint_neighborhood.displacement,4454035328,cpu:5238489088:1327104,82944x2,torch.float64,1327104,True,False,none,36,144,144,145,0,unresolved,unresolved,unresolved,unresolved,False,False
midpoint_neighborhood.displacement,4451428432,cpu:5786763264:1327104,82944x2,torch.float64,1327104,True,False,none,39,40,40,41,0,unresolved,unresolved,unresolved,unresolved,False,False
midpoint_neighborhood.displacement,4452874944,cpu:5244583936:1327104,82944x2,torch.float64,1327104,True,False,none,41,126,126,127,0,unresolved,unresolved,unresolved,unresolved,False,False
midpoint_neighborhood.displacement,4452435600,cpu:5511118848:1327104,82944x2,torch.float64,1327104,True,False,none,44,45,45,47,1,unresolved,unresolved,unresolved,unresolved,False,False
midpoint_neighborhood.displacement,4451370560,cpu:5778604032:1327104,82944x2,torch.float64,1327104,True,False,none,50,55,55,165,0,unresolved,unresolved,unresolved,unresolved,False,False
midpoint_neighborhood.displacement,4451647808,cpu:5778604032:1327104,82944x2,torch.float64,1327104,True,False,none,50,51,51,53,0,unresolved,unresolved,unresolved,unresolved,False,False
midpoint_neighborhood.displacement,4451950160,cpu:5510791168:1327104,82944x2,torch.float64,1327104,True,False,none,51,52,52,53,0,unresolved,unresolved,unresolved,unresolved,False,False
midpoint_neighborhood.displacement,4452324992,cpu:5782994944:1327104,82944x2,torch.float64,1327104,True,False,none,55,56,56,165,2,unresolved,unresolved,unresolved,unresolved,False,False
midpoint_neighborhood.displacement,4451431712,cpu:5784338432:1327104,82944x2,torch.float64,1327104,True,False,none,56,96,96,97,0,unresolved,unresolved,unresolved,unresolved,False,False
midpoint_neighborhood.displacement,4452108560,cpu:5784338432:1327104,82944x2,torch.float64,1327104,True,False,none,56,57,57,58,0,unresolved,unresolved,unresolved,unresolved,False,False
midpoint_neighborhood.displacement,4452578272,cpu:5784338432:1327104,82944x2,torch.float64,1327104,True,False,none,56,67,67,68,0,unresolved,unresolved,unresolved,unresolved,False,False
midpoint_neighborhood.displacement,4453366384,cpu:5784338432:1327104,82944x2,torch.float64,1327104,True,False,none,56,99,99,122,0,unresolved,unresolved,unresolved,unresolved,False,False
midpoint_neighborhood.displacement,4453919520,cpu:5784338432:1327104,82944x2,torch.float64,1327104,True,False,none,56,124,124,127,0,unresolved,unresolved,unresolved,unresolved,False,False
midpoint_neighborhood.displacement,4451819808,cpu:5249269760:1327104,82944x2,torch.float64,1327104,True,False,none,58,76,76,78,0,unresolved,unresolved,unresolved,unresolved,False,False
midpoint_neighborhood.displacement,4452106320,cpu:5249269760:1327104,82944x2,torch.float64,1327104,True,False,none,58,59,59,60,0,unresolved,unresolved,unresolved,unresolved,False,False
midpoint_neighborhood.displacement,4452573312,cpu:5249269760:1327104,82944x2,torch.float64,1327104,True,False,none,58,65,65,66,0,unresolved,unresolved,unresolved,unresolved,False,False
midpoint_neighborhood.displacement,4454706032,cpu:4968677376:1327104,82944x2,torch.float64,1327104,True,False,none,58,193,193,194,0,unresolved,unresolved,unresolved,unresolved,False,False
midpoint_neighborhood.displacement,4454820320,cpu:4968677376:1327104,82944x2,torch.float64,1327104,True,False,none,58,199,199,200,0,unresolved,unresolved,unresolved,unresolved,False,False
midpoint_neighborhood.displacement,4453523264,cpu:5250613248:1327104,82944x2,torch.float64,1327104,True,False,none,59,100,100,122,1,unresolved,unresolved,unresolved,unresolved,False,False
midpoint_neighborhood.displacement,4452437760,cpu:5786370048:1327104,82944x2,torch.float64,1327104,True,False,none,60,62,62,63,0,unresolved,unresolved,unresolved,unresolved,False,False
midpoint_neighborhood.displacement,4453018480,cpu:5787713536:1327104,82944x2,torch.float64,1327104,True,False,none,60,75,75,78,1,unresolved,unresolved,unresolved,unresolved,False,False
midpoint_neighborhood.displacement,4452860944,cpu:5791776768:1327104,82944x2,torch.float64,1327104,True,False,none,63,64,64,66,1,unresolved,unresolved,unresolved,unresolved,False,False
midpoint_neighborhood.displacement,4453355584,cpu:5509775360:1327104,82944x2,torch.float64,1327104,True,False,none,67,141,141,142,0,unresolved,unresolved,unresolved,unresolved,False,False
midpoint_neighborhood.displacement,4453920880,cpu:5509775360:1327104,82944x2,torch.float64,1327104,True,False,none,67,133,133,134,0,unresolved,unresolved,unresolved,unresolved,False,False
midpoint_neighborhood.displacement,4452870064,cpu:5513150464:1327104,82944x2,torch.float64,1327104,True,False,none,69,70,70,71,0,unresolved,unresolved,unresolved,unresolved,False,False
midpoint_neighborhood.displacement,4452446720,cpu:4975460352:1327104,82944x2,torch.float64,1327104,True,False,none,76,77,77,78,0,unresolved,unresolved,unresolved,unresolved,False,False
midpoint_neighborhood.displacement,4451811488,cpu:5793841152:1327104,82944x2,torch.float64,1327104,True,False,none,78,79,79,81,0,unresolved,unresolved,unresolved,unresolved,False,False
midpoint_neighborhood.displacement,4454464992,cpu:5793841152:1327104,82944x2,torch.float64,1327104,True,False,none,78,164,164,165,0,unresolved,unresolved,unresolved,unresolved,False,False
midpoint_neighborhood.displacement,4452866544,cpu:5785026560:1327104,82944x2,torch.float64,1327104,True,False,none,79,80,80,81,0,unresolved,unresolved,unresolved,unresolved,False,False
midpoint_neighborhood.displacement,4453255840,cpu:5785026560:1327104,82944x2,torch.float64,1327104,True,False,none,79,88,88,89,0,unresolved,unresolved,unresolved,unresolved,False,False
midpoint_neighborhood.displacement,4453352624,cpu:5785026560:1327104,82944x2,torch.float64,1327104,True,False,none,79,135,135,136,0,unresolved,unresolved,unresolved,unresolved,False,False
midpoint_neighborhood.displacement,4452567232,cpu:5512527872:1327104,82944x2,torch.float64,1327104,True,False,none,81,82,82,83,0,unresolved,unresolved,unresolved,unresolved,False,False
midpoint_neighborhood.displacement,4453009440,cpu:5793153024:1327104,82944x2,torch.float64,1327104,True,False,none,84,85,85,86,0,unresolved,unresolved,unresolved,unresolved,False,False
midpoint_neighborhood.displacement,4451653888,cpu:5787746304:1327104,82944x2,torch.float64,1327104,True,False,none,88,90,90,92,0,unresolved,unresolved,unresolved,unresolved,False,False
midpoint_neighborhood.displacement,4454023408,cpu:5790466048:1327104,82944x2,torch.float64,1327104,True,False,none,91,154,154,157,1,unresolved,unresolved,unresolved,unresolved,False,False
midpoint_neighborhood.displacement,4452565872,cpu:5253300224:1327104,82944x2,torch.float64,1327104,True,False,none,92,93,93,95,0,unresolved,unresolved,unresolved,unresolved,False,False
midpoint_neighborhood.displacement,4452567872,cpu:4971397120:1327104,82944x2,torch.float64,1327104,True,False,none,96,107,107,108,0,unresolved,unresolved,unresolved,unresolved,False,False
midpoint_neighborhood.displacement,4451266432,cpu:5240553472:1327104,82944x2,torch.float64,1327104,True,False,none,100,101,101,103,0,unresolved,unresolved,unresolved,unresolved,False,False
midpoint_neighborhood.displacement,4452869984,cpu:5795217408:1327104,82944x2,torch.float64,1327104,True,False,none,101,102,102,103,0,unresolved,unresolved,unresolved,unresolved,False,False
midpoint_neighborhood.displacement,4453269360,cpu:5512593408:1327104,82944x2,torch.float64,1327104,True,False,none,103,129,129,131,0,unresolved,unresolved,unresolved,unresolved,False,False
midpoint_neighborhood.displacement,4453359904,cpu:5512593408:1327104,82944x2,torch.float64,1327104,True,False,none,103,104,104,106,0,unresolved,unresolved,unresolved,unresolved,False,False
midpoint_neighborhood.displacement,4453527104,cpu:5512593408:1327104,82944x2,torch.float64,1327104,True,False,none,103,125,125,127,0,unresolved,unresolved,unresolved,unresolved,False,False
midpoint_neighborhood.displacement,4453017280,cpu:5239865344:1327104,82944x2,torch.float64,1327104,True,False,none,104,118,118,119,0,unresolved,unresolved,unresolved,unresolved,False,False
midpoint_neighborhood.displacement,4453022640,cpu:5239865344:1327104,82944x2,torch.float64,1327104,True,False,none,104,105,105,106,0,unresolved,unresolved,unresolved,unresolved,False,False
midpoint_neighborhood.displacement,4453355344,cpu:5791809536:1327104,82944x2,torch.float64,1327104,True,False,none,105,155,155,157,0,unresolved,unresolved,unresolved,unresolved,False,False
midpoint_neighborhood.displacement,4453268000,cpu:5254676480:1327104,82944x2,torch.float64,1327104,True,False,none,106,113,113,114,0,unresolved,unresolved,unresolved,unresolved,False,False
midpoint_neighborhood.displacement,4452862864,cpu:5794562048:1327104,82944x2,torch.float64,1327104,True,False,none,108,110,110,111,0,unresolved,unresolved,unresolved,unresolved,False,False
midpoint_neighborhood.displacement,4453825296,cpu:5796626432:1327104,82944x2,torch.float64,1327104,True,False,none,114,115,115,117,1,unresolved,unresolved,unresolved,unresolved,False,False
midpoint_neighborhood.displacement,4453811456,cpu:5797969920:1327104,82944x2,torch.float64,1327104,True,False,none,115,116,116,117,0,unresolved,unresolved,unresolved,unresolved,False,False
midpoint_neighborhood.displacement,4453814736,cpu:5801934848:1327104,82944x2,torch.float64,1327104,True,False,none,118,121,121,122,0,unresolved,unresolved,unresolved,unresolved,False,False
midpoint_neighborhood.displacement,4451822688,cpu:5795905536:1327104,82944x2,torch.float64,1327104,True,False,none,138,151,151,153,0,unresolved,unresolved,unresolved,unresolved,False,False
midpoint_neighborhood.displacement,4453017280,cpu:5243240448:1327104,82944x2,torch.float64,1327104,True,False,none,139,158,158,159,0,unresolved,unresolved,unresolved,unresolved,False,False
midpoint_neighborhood.displacement,4454344144,cpu:5797937152:1327104,82944x2,torch.float64,1327104,True,False,none,141,150,150,153,0,unresolved,unresolved,unresolved,unresolved,False,False
midpoint_neighborhood.displacement,4454340224,cpu:5795872768:1327104,82944x2,torch.float64,1327104,True,False,none,146,147,147,148,0,unresolved,unresolved,unresolved,unresolved,False,False
midpoint_neighborhood.displacement,4453530224,cpu:5803671552:1327104,82944x2,torch.float64,1327104,True,False,none,151,152,152,153,0,unresolved,unresolved,unresolved,unresolved,False,False
midpoint_neighborhood.displacement,4454711232,cpu:5242847232:1327104,82944x2,torch.float64,1327104,True,False,none,174,175,175,177,0,unresolved,unresolved,unresolved,unresolved,False,False
midpoint_neighborhood.displacement,4454023888,cpu:5782732800:1327104,82944x2,torch.float64,1327104,True,False,none,178,179,179,181,0,unresolved,unresolved,unresolved,unresolved,False,False
midpoint_neighborhood.displacement,4454341584,cpu:5775884288:1327104,82944x2,torch.float64,1327104,True,False,none,179,180,180,181,0,unresolved,unresolved,unresolved,unresolved,False,False
midpoint_neighborhood.displacement,4453808352,cpu:5781979136:1327104,82944x2,torch.float64,1327104,True,False,none,183,196,196,197,0,unresolved,unresolved,unresolved,unresolved,False,False
midpoint_neighborhood.displacement,4451947040,cpu:5774868480:1327104,82944x2,torch.float64,1327104,True,False,none,187,188,188,189,0,unresolved,unresolved,unresolved,unresolved,False,False
midpoint_neighborhood.displacement,4453806112,cpu:5509513216:1327104,82944x2,torch.float64,1327104,True,False,none,189,190,190,192,1,unresolved,unresolved,unresolved,unresolved,False,False
midpoint_neighborhood.displacement,4453801872,cpu:5778931712:1327104,82944x2,torch.float64,1327104,True,False,none,190,191,191,192,0,unresolved,unresolved,unresolved,unresolved,False,False
midpoint_neighborhood.distance,4451823408,cpu:4969299968:663552,82944,torch.float64,663552,True,False,none,0,20,20,21,0,unresolved,unresolved,unresolved,unresolved,False,False
midpoint_neighborhood.distance,4451374800,cpu:4970676224:663552,82944,torch.float64,663552,True,False,none,1,9,9,11,0,unresolved,unresolved,unresolved,unresolved,False,False
midpoint_neighborhood.distance,4453523344,cpu:5238489088:663552,82944,torch.float64,663552,True,False,none,1,100,100,122,1,unresolved,unresolved,unresolved,unresolved,False,False
midpoint_neighborhood.distance,4451375200,cpu:5508136960:663552,82944,torch.float64,663552,True,False,none,4,5,5,6,0,unresolved,unresolved,unresolved,unresolved,False,False
midpoint_neighborhood.distance,4451266032,cpu:5772836864:663552,82944,torch.float64,663552,True,False,none,5,32,32,33,0,unresolved,unresolved,unresolved,unresolved,False,False
midpoint_neighborhood.distance,4451431392,cpu:5239472128:663552,82944,torch.float64,663552,True,False,none,5,26,26,28,0,unresolved,unresolved,unresolved,unresolved,False,False
midpoint_neighborhood.distance,4451658528,cpu:5239472128:663552,82944,torch.float64,663552,True,False,none,5,51,51,53,0,unresolved,unresolved,unresolved,unresolved,False,False
midpoint_neighborhood.distance,4454341104,cpu:5239472128:663552,82944,torch.float64,663552,True,False,none,5,180,180,181,0,unresolved,unresolved,unresolved,unresolved,False,False
midpoint_neighborhood.distance,4451374880,cpu:5244518400:663552,82944,torch.float64,663552,True,False,none,6,7,7,8,0,unresolved,unresolved,unresolved,unresolved,False,False
midpoint_neighborhood.distance,4451661568,cpu:5237800960:663552,82944,torch.float64,663552,True,False,none,6,27,27,28,0,unresolved,unresolved,unresolved,unresolved,False,False
midpoint_neighborhood.distance,4452580352,cpu:5237800960:663552,82944,torch.float64,663552,True,False,none,6,67,67,68,0,unresolved,unresolved,unresolved,unresolved,False,False
midpoint_neighborhood.distance,4453013760,cpu:5237800960:663552,82944,torch.float64,663552,True,False,none,6,158,158,159,0,unresolved,unresolved,unresolved,unresolved,False,False
midpoint_neighborhood.distance,4454030288,cpu:5237800960:663552,82944,torch.float64,663552,True,False,none,6,156,156,157,0,unresolved,unresolved,unresolved,unresolved,False,False
midpoint_neighborhood.distance,4451381360,cpu:4972740608:663552,82944,torch.float64,663552,True,False,none,9,10,10,11,0,unresolved,unresolved,unresolved,unresolved,False,False
midpoint_neighborhood.distance,4453356464,cpu:5239799808:663552,82944,torch.float64,663552,True,False,none,9,94,94,95,0,unresolved,unresolved,unresolved,unresolved,False,False
midpoint_neighborhood.distance,4451820848,cpu:5241831424:663552,82944,torch.float64,663552,True,False,none,10,17,17,19,1,unresolved,unresolved,unresolved,unresolved,False,False
midpoint_neighborhood.distance,4451432992,cpu:5506695168:663552,82944,torch.float64,663552,True,False,none,11,12,12,13,0,unresolved,unresolved,unresolved,unresolved,False,False
midpoint_neighborhood.distance,4451815968,cpu:5506695168:663552,82944,torch.float64,663552,True,False,none,11,18,18,19,0,unresolved,unresolved,unresolved,unresolved,False,False
midpoint_neighborhood.distance,4451942480,cpu:5772509184:663552,82944,torch.float64,663552,True,False,none,11,40,40,41,0,unresolved,unresolved,unresolved,unresolved,False,False
midpoint_neighborhood.distance,4451951360,cpu:5239144448:663552,82944,torch.float64,663552,True,False,none,11,174,174,177,0,unresolved,unresolved,unresolved,unresolved,False,False
midpoint_neighborhood.distance,4453808512,cpu:5238456320:663552,82944,torch.float64,663552,True,False,none,12,196,196,197,0,unresolved,unresolved,unresolved,unresolved,False,False
midpoint_neighborhood.distance,4454700592,cpu:5238456320:663552,82944,torch.float64,663552,True,False,none,12,172,172,173,0,unresolved,unresolved,unresolved,unresolved,False,False
midpoint_neighborhood.distance,4451658288,cpu:5246943232:663552,82944,torch.float64,663552,True,False,none,14,15,15,16,0,unresolved,unresolved,unresolved,unresolved,False,False
midpoint_neighborhood.distance,4451812048,cpu:5238784000:663552,82944,torch.float64,663552,True,False,none,22,23,23,24,0,unresolved,unresolved,unresolved,unresolved,False,False
midpoint_neighborhood.distance,4453015920,cpu:5238784000:663552,82944,torch.float64,663552,True,False,none,22,190,190,192,0,unresolved,unresolved,unresolved,unresolved,False,False
midpoint_neighborhood.distance,4453365744,cpu:5238784000:663552,82944,torch.float64,663552,True,False,none,22,155,155,157,0,unresolved,unresolved,unresolved,unresolved,False,False
midpoint_neighborhood.distance,4451655808,cpu:5507055616:663552,82944,torch.float64,663552,True,False,none,24,29,29,30,0,unresolved,unresolved,unresolved,unresolved,False,False
midpoint_neighborhood.distance,4453259360,cpu:5787058176:663552,82944,torch.float64,663552,True,False,none,27,88,88,89,0,unresolved,unresolved,unresolved,unresolved,False,False
midpoint_neighborhood.distance,4452108240,cpu:5245894656:663552,82944,torch.float64,663552,True,False,none,33,34,34,36,1,unresolved,unresolved,unresolved,unresolved,False,False
midpoint_neighborhood.distance,4451373440,cpu:5776211968:663552,82944,torch.float64,663552,True,False,none,34,35,35,36,0,unresolved,unresolved,unresolved,unresolved,False,False
midpoint_neighborhood.distance,4451816368,cpu:5246910464:663552,82944,torch.float64,663552,True,False,none,35,54,54,165,0,unresolved,unresolved,unresolved,unresolved,False,False
midpoint_neighborhood.distance,4451942480,cpu:5249990656:663552,82944,torch.float64,663552,True,False,none,36,37,37,39,0,unresolved,unresolved,unresolved,unresolved,False,False
midpoint_neighborhood.distance,4451811808,cpu:4971397120:663552,82944,torch.float64,663552,True,False,none,42,90,90,92,0,unresolved,unresolved,unresolved,unresolved,False,False
midpoint_neighborhood.distance,4451955920,cpu:4967661568:663552,82944,torch.float64,663552,True,False,none,42,185,185,186,0,unresolved,unresolved,unresolved,unresolved,False,False
midpoint_neighborhood.distance,4452326672,cpu:5246255104:663552,82944,torch.float64,663552,True,False,none,42,43,43,44,0,unresolved,unresolved,unresolved,unresolved,False,False
midpoint_neighborhood.distance,4453822496,cpu:4971397120:663552,82944,torch.float64,663552,True,False,none,42,138,138,139,0,unresolved,unresolved,unresolved,unresolved,False,False
midpoint_neighborhood.distance,4454464912,cpu:4971397120:663552,82944,torch.float64,663552,True,False,none,42,164,164,165,0,unresolved,unresolved,unresolved,unresolved,False,False
midpoint_neighborhood.distance,4452435680,cpu:5512462336:663552,82944,torch.float64,663552,True,False,none,44,45,45,47,1,unresolved,unresolved,unresolved,unresolved,False,False
midpoint_neighborhood.distance,4452120720,cpu:5248319488:663552,82944,torch.float64,663552,True,False,none,45,46,46,47,0,unresolved,unresolved,unresolved,unresolved,False,False
midpoint_neighborhood.distance,4452116000,cpu:5239111680:663552,82944,torch.float64,663552,True,False,none,47,48,48,49,0,unresolved,unresolved,unresolved,unresolved,False,False
midpoint_neighborhood.distance,4451381600,cpu:5508399104:663552,82944,torch.float64,663552,True,False,none,49,55,55,165,0,unresolved,unresolved,unresolved,unresolved,False,False
midpoint_neighborhood.distance,4453804592,cpu:5507710976:663552,82944,torch.float64,663552,True,False,none,49,191,191,192,0,unresolved,unresolved,unresolved,unresolved,False,False
midpoint_neighborhood.distance,4451376960,cpu:5774540800:663552,82944,torch.float64,663552,True,False,none,51,75,75,78,0,unresolved,unresolved,unresolved,unresolved,False,False
midpoint_neighborhood.distance,4451951360,cpu:5774540800:663552,82944,torch.float64,663552,True,False,none,51,52,52,53,0,unresolved,unresolved,unresolved,unresolved,False,False
midpoint_neighborhood.distance,4452114960,cpu:5774540800:663552,82944,torch.float64,663552,True,False,none,51,59,59,60,0,unresolved,unresolved,unresolved,unresolved,False,False
midpoint_neighborhood.distance,4453523024,cpu:5774540800:663552,82944,torch.float64,663552,True,False,none,51,152,152,153,0,unresolved,unresolved,unresolved,unresolved,False,False
midpoint_neighborhood.distance,4454341264,cpu:5774540800:663552,82944,torch.float64,663552,True,False,none,51,147,147,148,0,unresolved,unresolved,unresolved,unresolved,False,False
midpoint_neighborhood.distance,4452323552,cpu:5779947520:663552,82944,torch.float64,663552,True,False,none,55,56,56,165,2,unresolved,unresolved,unresolved,unresolved,False,False
midpoint_neighborhood.distance,4452121280,cpu:5515214848:663552,82944,torch.float64,663552,True,False,none,56,57,57,58,0,unresolved,unresolved,unresolved,unresolved,False,False
midpoint_neighborhood.distance,4452578432,cpu:5250613248:663552,82944,torch.float64,663552,True,False,none,56,65,65,66,0,unresolved,unresolved,unresolved,unresolved,False,False
midpoint_neighborhood.distance,4452873984,cpu:5515214848:663552,82944,torch.float64,663552,True,False,none,56,126,126,127,0,unresolved,unresolved,unresolved,unresolved,False,False
midpoint_neighborhood.distance,4453825376,cpu:5515214848:663552,82944,torch.float64,663552,True,False,none,56,115,115,117,1,unresolved,unresolved,unresolved,unresolved,False,False
midpoint_neighborhood.distance,4451811488,cpu:4968677376:663552,82944,torch.float64,663552,True,False,none,57,76,76,78,0,unresolved,unresolved,unresolved,unresolved,False,False
midpoint_neighborhood.distance,4454035408,cpu:4968677376:663552,82944,torch.float64,663552,True,False,none,57,144,144,145,0,unresolved,unresolved,unresolved,unresolved,False,False
midpoint_neighborhood.distance,4452332592,cpu:5785681920:663552,82944,torch.float64,663552,True,False,none,58,96,96,97,0,unresolved,unresolved,unresolved,unresolved,False,False
midpoint_neighborhood.distance,4451650368,cpu:5247598592:663552,82944,torch.float64,663552,True,False,none,59,113,113,114,0,unresolved,unresolved,unresolved,unresolved,False,False
midpoint_neighborhood.distance,4452440160,cpu:5247598592:663552,82944,torch.float64,663552,True,False,none,59,62,62,63,0,unresolved,unresolved,unresolved,unresolved,False,False
midpoint_neighborhood.distance,4452570352,cpu:5247598592:663552,82944,torch.float64,663552,True,False,none,59,93,93,95,0,unresolved,unresolved,unresolved,unresolved,False,False
midpoint_neighborhood.distance,4452873104,cpu:5247598592:663552,82944,torch.float64,663552,True,False,none,59,110,110,111,0,unresolved,unresolved,unresolved,unresolved,False,False
midpoint_neighborhood.distance,4453353024,cpu:5247598592:663552,82944,torch.float64,663552,True,False,none,59,135,135,136,0,unresolved,unresolved,unresolved,unresolved,False,False
midpoint_neighborhood.distance,4451819408,cpu:5516558336:663552,82944,torch.float64,663552,True,False,none,60,151,151,153,0,unresolved,unresolved,unresolved,unresolved,False,False
midpoint_neighborhood.distance,4451946080,cpu:6175227904:663552,82944,torch.float64,663552,True,False,none,63,64,64,66,0,unresolved,unresolved,unresolved,unresolved,False,False
midpoint_neighborhood.distance,4452860944,cpu:5241864192:663552,82944,torch.float64,663552,True,False,none,67,70,70,71,0,unresolved,unresolved,unresolved,unresolved,False,False
midpoint_neighborhood.distance,4453256720,cpu:5785026560:663552,82944,torch.float64,663552,True,False,none,69,91,91,92,0,unresolved,unresolved,unresolved,unresolved,False,False
midpoint_neighborhood.distance,4453362144,cpu:4969365504:663552,82944,torch.float64,663552,True,False,none,69,104,104,106,0,unresolved,unresolved,unresolved,unresolved,False,False
midpoint_neighborhood.distance,4453517184,cpu:5785026560:663552,82944,torch.float64,663552,True,False,none,69,132,132,134,0,unresolved,unresolved,unresolved,unresolved,False,False
midpoint_neighborhood.distance,4451819808,cpu:5784338432:663552,82944,torch.float64,663552,True,False,none,70,79,79,81,0,unresolved,unresolved,unresolved,unresolved,False,False
midpoint_neighborhood.distance,4451267632,cpu:5510463488:663552,82944,torch.float64,663552,True,False,none,71,101,101,103,0,unresolved,unresolved,unresolved,unresolved,False,False
midpoint_neighborhood.distance,4452567072,cpu:5509775360:663552,82944,torch.float64,663552,True,False,none,71,82,82,83,0,unresolved,unresolved,unresolved,unresolved,False,False
midpoint_neighborhood.distance,4453017600,cpu:5510463488:663552,82944,torch.float64,663552,True,False,none,71,105,105,106,0,unresolved,unresolved,unresolved,unresolved,False,False
midpoint_neighborhood.distance,4453363024,cpu:5509775360:663552,82944,torch.float64,663552,True,False,none,71,99,99,122,0,unresolved,unresolved,unresolved,unresolved,False,False
midpoint_neighborhood.distance,4452867504,cpu:5518589952:663552,82944,torch.float64,663552,True,False,none,72,73,73,74,0,unresolved,unresolved,unresolved,unresolved,False,False
midpoint_neighborhood.distance,4452446560,cpu:5251956736:663552,82944,torch.float64,663552,True,False,none,76,77,77,78,0,unresolved,unresolved,unresolved,unresolved,False,False
midpoint_neighborhood.distance,4452872704,cpu:5238816768:663552,82944,torch.float64,663552,True,False,none,79,80,80,81,0,unresolved,unresolved,unresolved,unresolved,False,False
midpoint_neighborhood.distance,4453527024,cpu:5786370048:663552,82944,torch.float64,663552,True,False,none,79,125,125,127,0,unresolved,unresolved,unresolved,unresolved,False,False
midpoint_neighborhood.distance,4453015680,cpu:5244551168:663552,82944,torch.float64,663552,True,False,none,84,85,85,86,0,unresolved,unresolved,unresolved,unresolved,False,False
midpoint_neighborhood.distance,4453913440,cpu:5511118848:663552,82944,torch.float64,663552,True,False,none,94,133,133,134,0,unresolved,unresolved,unresolved,unresolved,False,False
midpoint_neighborhood.distance,4452873104,cpu:5253300224:663552,82944,torch.float64,663552,True,False,none,96,102,102,103,0,unresolved,unresolved,unresolved,unresolved,False,False
midpoint_neighborhood.distance,4453020960,cpu:5253300224:663552,82944,torch.float64,663552,True,False,none,96,118,118,119,0,unresolved,unresolved,unresolved,unresolved,False,False
midpoint_neighborhood.distance,4453810816,cpu:5253300224:663552,82944,torch.float64,663552,True,False,none,96,121,121,122,0,unresolved,unresolved,unresolved,unresolved,False,False
midpoint_neighborhood.distance,4452571632,cpu:5513281536:663552,82944,torch.float64,663552,True,False,none,106,107,107,108,0,unresolved,unresolved,unresolved,unresolved,False,False
midpoint_neighborhood.distance,4453356624,cpu:5513281536:663552,82944,torch.float64,663552,True,False,none,106,141,141,142,0,unresolved,unresolved,unresolved,unresolved,False,False
midpoint_neighborhood.distance,4453821456,cpu:5795938304:663552,82944,torch.float64,663552,True,False,none,115,116,116,117,0,unresolved,unresolved,unresolved,unresolved,False,False
midpoint_neighborhood.distance,4453914800,cpu:5243895808:663552,82944,torch.float64,663552,True,False,none,123,124,124,127,0,unresolved,unresolved,unresolved,unresolved,False,False
midpoint_neighborhood.distance,4454343904,cpu:4984340480:663552,82944,torch.float64,663552,True,False,none,126,161,161,162,0,unresolved,unresolved,unresolved,unresolved,False,False
midpoint_neighborhood.distance,4453263840,cpu:5243240448:663552,82944,torch.float64,663552,True,False,none,128,129,129,131,0,unresolved,unresolved,unresolved,unresolved,False,False
midpoint_neighborhood.distance,4453922720,cpu:5794496512:663552,82944,torch.float64,663552,True,False,none,129,130,130,131,0,unresolved,unresolved,unresolved,unresolved,False,False
midpoint_neighborhood.distance,4454341264,cpu:5799936000:663552,82944,torch.float64,663552,True,False,none,149,150,150,153,0,unresolved,unresolved,unresolved,unresolved,False,False
midpoint_neighborhood.distance,4454031248,cpu:5789777920:663552,82944,torch.float64,663552,True,False,none,153,154,154,157,1,unresolved,unresolved,unresolved,unresolved,False,False
midpoint_neighborhood.distance,4452116480,cpu:5240455168:663552,82944,torch.float64,663552,True,False,none,168,169,169,170,0,unresolved,unresolved,unresolved,unresolved,False,False
midpoint_neighborhood.distance,4454702672,cpu:5245861888:663552,82944,torch.float64,663552,True,False,none,170,171,171,173,1,unresolved,unresolved,unresolved,unresolved,False,False
midpoint_neighborhood.distance,4454707472,cpu:5242159104:663552,82944,torch.float64,663552,True,False,none,174,175,175,177,0,unresolved,unresolved,unresolved,unresolved,False,False
midpoint_neighborhood.distance,4453817776,cpu:5244878848:663552,82944,torch.float64,663552,True,False,none,175,176,176,177,0,unresolved,unresolved,unresolved,unresolved,False,False
midpoint_neighborhood.distance,4454035168,cpu:5507022848:663552,82944,torch.float64,663552,True,False,none,178,179,179,181,0,unresolved,unresolved,unresolved,unresolved,False,False
midpoint_neighborhood.distance,4451427952,cpu:5774213120:663552,82944,torch.float64,663552,True,False,none,181,182,182,183,0,unresolved,unresolved,unresolved,unresolved,False,False
midpoint_neighborhood.distance,4454458592,cpu:5773492224:663552,82944,torch.float64,663552,True,False,none,186,188,188,189,0,unresolved,unresolved,unresolved,unresolved,False,False
midpoint_neighborhood.distance,4453800832,cpu:5782634496:663552,82944,torch.float64,663552,True,False,none,192,193,193,194,0,unresolved,unresolved,unresolved,unresolved,False,False
midpoint_neighborhood.distance,4454817840,cpu:5512691712:663552,82944,torch.float64,663552,True,False,none,198,199,199,200,0,unresolved,unresolved,unresolved,unresolved,False,False
midpoint_neighborhood.edge_support,4453818256,cpu:4970676224:663552,82944,torch.float64,663552,True,False,none,1,176,176,177,0,unresolved,unresolved,unresolved,unresolved,False,False
midpoint_neighborhood.edge_support,4451369280,cpu:4971364352:663552,82944,torch.float64,663552,True,False,none,2,9,9,11,0,unresolved,unresolved,unresolved,unresolved,False,False
midpoint_neighborhood.edge_support,4451822608,cpu:5506367488:663552,82944,torch.float64,663552,True,False,none,2,23,23,24,0,unresolved,unresolved,unresolved,unresolved,False,False
midpoint_neighborhood.edge_support,4451374880,cpu:5508825088:663552,82944,torch.float64,663552,True,False,none,4,5,5,6,0,unresolved,unresolved,unresolved,unresolved,False,False
midpoint_neighborhood.edge_support,4451377440,cpu:4967956480:663552,82944,torch.float64,663552,True,False,none,4,182,182,183,0,unresolved,unresolved,unresolved,unresolved,False,False
midpoint_neighborhood.edge_support,4454461632,cpu:5239472128:663552,82944,torch.float64,663552,True,False,none,5,190,190,192,0,unresolved,unresolved,unresolved,unresolved,False,False
midpoint_neighborhood.edge_support,4451382480,cpu:5774180352:663552,82944,torch.float64,663552,True,False,none,6,7,7,8,0,unresolved,unresolved,unresolved,unresolved,False,False
midpoint_neighborhood.edge_support,4451812208,cpu:5773852672:663552,82944,torch.float64,663552,True,False,none,8,54,54,165,0,unresolved,unresolved,unresolved,unresolved,False,False
midpoint_neighborhood.edge_support,4452110480,cpu:5773852672:663552,82944,torch.float64,663552,True,False,none,8,169,169,170,0,unresolved,unresolved,unresolved,unresolved,False,False
midpoint_neighborhood.edge_support,4452571152,cpu:4972052480:663552,82944,torch.float64,663552,True,False,none,8,82,82,83,0,unresolved,unresolved,unresolved,unresolved,False,False
midpoint_neighborhood.edge_support,4453256240,cpu:4972052480:663552,82944,torch.float64,663552,True,False,none,8,88,88,89,0,unresolved,unresolved,unresolved,unresolved,False,False
midpoint_neighborhood.edge_support,4453257040,cpu:4972052480:663552,82944,torch.float64,663552,True,False,none,8,129,129,131,0,unresolved,unresolved,unresolved,unresolved,False,False
midpoint_neighborhood.edge_support,4451373840,cpu:4973428736:663552,82944,torch.float64,663552,True,False,none,9,10,10,11,0,unresolved,unresolved,unresolved,unresolved,False,False
midpoint_neighborhood.edge_support,4451432512,cpu:5772509184:663552,82944,torch.float64,663552,True,False,none,11,12,12,13,0,unresolved,unresolved,unresolved,unresolved,False,False
midpoint_neighborhood.edge_support,4451652688,cpu:5772509184:663552,82944,torch.float64,663552,True,False,none,11,51,51,53,0,unresolved,unresolved,unresolved,unresolved,False,False
midpoint_neighborhood.edge_support,4451820928,cpu:5772509184:663552,82944,torch.float64,663552,True,False,none,11,17,17,19,1,unresolved,unresolved,unresolved,unresolved,False,False
midpoint_neighborhood.edge_support,4453794592,cpu:5239144448:663552,82944,torch.float64,663552,True,False,none,11,196,196,197,0,unresolved,unresolved,unresolved,unresolved,False,False
midpoint_neighborhood.edge_support,4451662208,cpu:4970971136:663552,82944,torch.float64,663552,True,False,none,14,15,15,16,0,unresolved,unresolved,unresolved,unresolved,False,False
midpoint_neighborhood.edge_support,4454699712,cpu:5779259392:663552,82944,torch.float64,663552,True,False,none,16,172,172,173,0,unresolved,unresolved,unresolved,unresolved,False,False
midpoint_neighborhood.edge_support,4451818688,cpu:4974673920:663552,82944,torch.float64,663552,True,False,none,17,18,18,19,0,unresolved,unresolved,unresolved,unresolved,False,False
midpoint_neighborhood.edge_support,4451266432,cpu:4969988096:663552,82944,torch.float64,663552,True,False,none,19,32,32,33,0,unresolved,unresolved,unresolved,unresolved,False,False
midpoint_neighborhood.edge_support,4451427952,cpu:4969988096:663552,82944,torch.float64,663552,True,False,none,19,185,185,186,0,unresolved,unresolved,unresolved,unresolved,False,False
midpoint_neighborhood.edge_support,4451820608,cpu:4969988096:663552,82944,torch.float64,663552,True,False,none,19,20,20,21,0,unresolved,unresolved,unresolved,unresolved,False,False
midpoint_neighborhood.edge_support,4453793952,cpu:5775228928:663552,82944,torch.float64,663552,True,False,none,20,175,175,177,0,unresolved,unresolved,unresolved,unresolved,False,False
midpoint_neighborhood.edge_support,4454028768,cpu:4968644608:663552,82944,torch.float64,663552,True,False,none,23,179,179,181,0,unresolved,unresolved,unresolved,unresolved,False,False
midpoint_neighborhood.edge_support,4452328992,cpu:5507055616:663552,82944,torch.float64,663552,True,False,none,24,56,56,165,2,unresolved,unresolved,unresolved,unresolved,False,False
midpoint_neighborhood.edge_support,4451424912,cpu:5788041216:663552,82944,torch.float64,663552,True,False,none,25,26,26,28,0,unresolved,unresolved,unresolved,unresolved,False,False
midpoint_neighborhood.edge_support,4451659408,cpu:5775884288:663552,82944,torch.float64,663552,True,False,none,26,27,27,28,0,unresolved,unresolved,unresolved,unresolved,False,False
midpoint_neighborhood.edge_support,4453517024,cpu:5787058176:663552,82944,torch.float64,663552,True,False,none,27,132,132,134,0,unresolved,unresolved,unresolved,unresolved,False,False
midpoint_neighborhood.edge_support,4451652688,cpu:4967301120:663552,82944,torch.float64,663552,True,False,none,28,29,29,30,0,unresolved,unresolved,unresolved,unresolved,False,False
midpoint_neighborhood.edge_support,4452118720,cpu:4967301120:663552,82944,torch.float64,663552,True,False,none,28,40,40,41,0,unresolved,unresolved,unresolved,unresolved,False,False
midpoint_neighborhood.edge_support,4454702752,cpu:4967301120:663552,82944,torch.float64,663552,True,False,none,28,171,171,173,1,unresolved,unresolved,unresolved,unresolved,False,False
midpoint_neighborhood.edge_support,4452116400,cpu:4967989248:663552,82944,torch.float64,663552,True,False,none,29,48,48,49,0,unresolved,unresolved,unresolved,unresolved,False,False
midpoint_neighborhood.edge_support,4451371200,cpu:5776900096:663552,82944,torch.float64,663552,True,False,none,30,35,35,36,0,unresolved,unresolved,unresolved,unresolved,False,False
midpoint_neighborhood.edge_support,4451380880,cpu:4970708992:663552,82944,torch.float64,663552,True,False,none,30,55,55,165,0,unresolved,unresolved,unresolved,unresolved,False,False
midpoint_neighborhood.edge_support,4452108320,cpu:4967628800:663552,82944,torch.float64,663552,True,False,none,33,34,34,36,1,unresolved,unresolved,unresolved,unresolved,False,False
midpoint_neighborhood.edge_support,4452111200,cpu:5776211968:663552,82944,torch.float64,663552,True,False,none,34,46,46,47,0,unresolved,unresolved,unresolved,unresolved,False,False
midpoint_neighborhood.edge_support,4451371200,cpu:5251366912:663552,82944,torch.float64,663552,True,False,none,36,37,37,39,0,unresolved,unresolved,unresolved,unresolved,False,False
midpoint_neighborhood.edge_support,4453800352,cpu:5773197312:663552,82944,torch.float64,663552,True,False,none,40,193,193,194,0,unresolved,unresolved,unresolved,unresolved,False,False
midpoint_neighborhood.edge_support,4452117120,cpu:4971397120:663552,82944,torch.float64,663552,True,False,none,42,57,57,58,0,unresolved,unresolved,unresolved,unresolved,False,False
midpoint_neighborhood.edge_support,4452322352,cpu:4967661568:663552,82944,torch.float64,663552,True,False,none,42,43,43,44,0,unresolved,unresolved,unresolved,unresolved,False,False
midpoint_neighborhood.edge_support,4452435760,cpu:4972773376:663552,82944,torch.float64,663552,True,False,none,44,45,45,47,1,unresolved,unresolved,unresolved,unresolved,False,False
midpoint_neighborhood.edge_support,4451958560,cpu:5508399104:663552,82944,torch.float64,663552,True,False,none,49,52,52,53,0,unresolved,unresolved,unresolved,unresolved,False,False
midpoint_neighborhood.edge_support,4451268272,cpu:5774540800:663552,82944,torch.float64,663552,True,False,none,51,101,101,103,0,unresolved,unresolved,unresolved,unresolved,False,False
midpoint_neighborhood.edge_support,4451956240,cpu:5774540800:663552,82944,torch.float64,663552,True,False,none,51,174,174,177,0,unresolved,unresolved,unresolved,unresolved,False,False
midpoint_neighborhood.edge_support,4452873024,cpu:5774540800:663552,82944,torch.float64,663552,True,False,none,51,73,73,74,0,unresolved,unresolved,unresolved,unresolved,False,False
midpoint_neighborhood.edge_support,4451376960,cpu:5249269760:663552,82944,torch.float64,663552,True,False,none,56,85,85,86,0,unresolved,unresolved,unresolved,unresolved,False,False
midpoint_neighborhood.edge_support,4452112880,cpu:5515214848:663552,82944,torch.float64,663552,True,False,none,56,59,59,60,0,unresolved,unresolved,unresolved,unresolved,False,False
midpoint_neighborhood.edge_support,4452434720,cpu:5249269760:663552,82944,torch.float64,663552,True,False,none,56,62,62,63,0,unresolved,unresolved,unresolved,unresolved,False,False
midpoint_neighborhood.edge_support,4452579312,cpu:5249269760:663552,82944,torch.float64,663552,True,False,none,56,67,67,68,0,unresolved,unresolved,unresolved,unresolved,False,False
midpoint_neighborhood.edge_support,4453364784,cpu:4968677376:663552,82944,torch.float64,663552,True,False,none,57,155,155,157,0,unresolved,unresolved,unresolved,unresolved,False,False
midpoint_neighborhood.edge_support,4454450752,cpu:4968677376:663552,82944,torch.float64,663552,True,False,none,57,188,188,189,0,unresolved,unresolved,unresolved,unresolved,False,False
midpoint_neighborhood.edge_support,4452580912,cpu:5785681920:663552,82944,torch.float64,663552,True,False,none,58,65,65,66,0,unresolved,unresolved,unresolved,unresolved,False,False
midpoint_neighborhood.edge_support,4453908880,cpu:5785681920:663552,82944,torch.float64,663552,True,False,none,58,124,124,127,0,unresolved,unresolved,unresolved,unresolved,False,False
midpoint_neighborhood.edge_support,4453352624,cpu:5247598592:663552,82944,torch.float64,663552,True,False,none,59,141,141,142,0,unresolved,unresolved,unresolved,unresolved,False,False
midpoint_neighborhood.edge_support,4451657328,cpu:5784993792:663552,82944,torch.float64,663552,True,False,none,63,64,64,66,0,unresolved,unresolved,unresolved,unresolved,False,False
midpoint_neighborhood.edge_support,4452875984,cpu:5518622720:663552,82944,torch.float64,663552,True,False,none,67,80,80,81,0,unresolved,unresolved,unresolved,unresolved,False,False
midpoint_neighborhood.edge_support,4453817136,cpu:4974084096:663552,82944,torch.float64,663552,True,False,none,67,138,138,139,0,unresolved,unresolved,unresolved,unresolved,False,False
midpoint_neighborhood.edge_support,4451827008,cpu:4969365504:663552,82944,torch.float64,663552,True,False,none,69,76,76,78,0,unresolved,unresolved,unresolved,unresolved,False,False
midpoint_neighborhood.edge_support,4452571552,cpu:5785026560:663552,82944,torch.float64,663552,True,False,none,69,93,93,95,0,unresolved,unresolved,unresolved,unresolved,False,False
midpoint_neighborhood.edge_support,4452863104,cpu:4969365504:663552,82944,torch.float64,663552,True,False,none,69,70,70,71,0,unresolved,unresolved,unresolved,unresolved,False,False
midpoint_neighborhood.edge_support,4453258240,cpu:4969365504:663552,82944,torch.float64,663552,True,False,none,69,121,121,122,0,unresolved,unresolved,unresolved,unresolved,False,False
midpoint_neighborhood.edge_support,4453268560,cpu:4969365504:663552,82944,torch.float64,663552,True,False,none,69,90,90,92,0,unresolved,unresolved,unresolved,unresolved,False,False
midpoint_neighborhood.edge_support,4453356544,cpu:5785714688:663552,82944,torch.float64,663552,True,False,none,69,94,94,95,0,unresolved,unresolved,unresolved,unresolved,False,False
midpoint_neighborhood.edge_support,4454028768,cpu:4969365504:663552,82944,torch.float64,663552,True,False,none,69,144,144,145,0,unresolved,unresolved,unresolved,unresolved,False,False
midpoint_neighborhood.edge_support,4451817168,cpu:5509775360:663552,82944,torch.float64,663552,True,False,none,71,79,79,81,0,unresolved,unresolved,unresolved,unresolved,False,False
midpoint_neighborhood.edge_support,4451957840,cpu:5509775360:663552,82944,torch.float64,663552,True,False,none,71,75,75,78,0,unresolved,unresolved,unresolved,unresolved,False,False
midpoint_neighborhood.edge_support,4453016400,cpu:5510463488:663552,82944,torch.float64,663552,True,False,none,71,118,118,119,0,unresolved,unresolved,unresolved,unresolved,False,False
midpoint_neighborhood.edge_support,4453356624,cpu:5509775360:663552,82944,torch.float64,663552,True,False,none,71,135,135,136,0,unresolved,unresolved,unresolved,unresolved,False,False
midpoint_neighborhood.edge_support,4454461392,cpu:5509775360:663552,82944,torch.float64,663552,True,False,none,71,164,164,165,0,unresolved,unresolved,unresolved,unresolved,False,False
midpoint_neighborhood.edge_support,4452117200,cpu:4976803840:663552,82944,torch.float64,663552,True,False,none,76,104,104,106,0,unresolved,unresolved,unresolved,unresolved,False,False
midpoint_neighborhood.edge_support,4452445840,cpu:4976803840:663552,82944,torch.float64,663552,True,False,none,76,77,77,78,0,unresolved,unresolved,unresolved,unresolved,False,False
midpoint_neighborhood.edge_support,4453526464,cpu:5515902976:663552,82944,torch.float64,663552,True,False,none,77,125,125,127,0,unresolved,unresolved,unresolved,unresolved,False,False
midpoint_neighborhood.edge_support,4453823856,cpu:5515902976:663552,82944,torch.float64,663552,True,False,none,77,116,116,117,0,unresolved,unresolved,unresolved,unresolved,False,False
midpoint_neighborhood.edge_support,4453259600,cpu:5793153024:663552,82944,torch.float64,663552,True,False,none,78,113,113,114,0,unresolved,unresolved,unresolved,unresolved,False,False
midpoint_neighborhood.edge_support,4453258880,cpu:5511806976:663552,82944,torch.float64,663552,True,False,none,90,91,91,92,0,unresolved,unresolved,unresolved,unresolved,False,False
midpoint_neighborhood.edge_support,4451952640,cpu:5254316032:663552,82944,torch.float64,663552,True,False,none,95,96,96,97,0,unresolved,unresolved,unresolved,unresolved,False,False
midpoint_neighborhood.edge_support,4452567232,cpu:5253300224:663552,82944,torch.float64,663552,True,False,none,96,107,107,108,0,unresolved,unresolved,unresolved,unresolved,False,False
midpoint_neighborhood.edge_support,4453365504,cpu:5253988352:663552,82944,torch.float64,663552,True,False,none,98,99,99,122,0,unresolved,unresolved,unresolved,unresolved,False,False
midpoint_neighborhood.edge_support,4453523424,cpu:5239177216:663552,82944,torch.float64,663552,True,False,none,99,100,100,122,1,unresolved,unresolved,unresolved,unresolved,False,False
midpoint_neighborhood.edge_support,4454340224,cpu:5793841152:663552,82944,torch.float64,663552,True,False,none,100,150,150,153,0,unresolved,unresolved,unresolved,unresolved,False,False
midpoint_neighborhood.edge_support,4452862384,cpu:5513216000:663552,82944,torch.float64,663552,True,False,none,101,102,102,103,0,unresolved,unresolved,unresolved,unresolved,False,False
midpoint_neighborhood.edge_support,4453022560,cpu:5793185792:663552,82944,torch.float64,663552,True,False,none,104,105,105,106,0,unresolved,unresolved,unresolved,unresolved,False,False
midpoint_neighborhood.edge_support,4452871824,cpu:5798625280:663552,82944,torch.float64,663552,True,False,none,109,110,110,111,0,unresolved,unresolved,unresolved,unresolved,False,False
midpoint_neighborhood.edge_support,4454344144,cpu:5512593408:663552,82944,torch.float64,663552,True,False,none,113,147,147,148,0,unresolved,unresolved,unresolved,unresolved,False,False
midpoint_neighborhood.edge_support,4453825456,cpu:5242585088:663552,82944,torch.float64,663552,True,False,none,114,115,115,117,1,unresolved,unresolved,unresolved,unresolved,False,False
midpoint_neighborhood.edge_support,4454344144,cpu:5510430720:663552,82944,torch.float64,663552,True,False,none,123,161,161,162,0,unresolved,unresolved,unresolved,unresolved,False,False
midpoint_neighborhood.edge_support,4452865984,cpu:4986372096:663552,82944,torch.float64,663552,True,False,none,125,126,126,127,0,unresolved,unresolved,unresolved,unresolved,False,False
midpoint_neighborhood.edge_support,4454039008,cpu:4986372096:663552,82944,torch.float64,663552,True,False,none,125,156,156,157,0,unresolved,unresolved,unresolved,unresolved,False,False
midpoint_neighborhood.edge_support,4454023728,cpu:4984340480:663552,82944,torch.float64,663552,True,False,none,126,154,154,157,1,unresolved,unresolved,unresolved,unresolved,False,False
midpoint_neighborhood.edge_support,4453922480,cpu:5795184640:663552,82944,torch.float64,663552,True,False,none,129,130,130,131,0,unresolved,unresolved,unresolved,unresolved,False,False
midpoint_neighborhood.edge_support,4453920640,cpu:4985716736:663552,82944,torch.float64,663552,True,False,none,130,158,158,159,0,unresolved,unresolved,unresolved,unresolved,False,False
midpoint_neighborhood.edge_support,4453915280,cpu:5789450240:663552,82944,torch.float64,663552,True,False,none,132,133,133,134,0,unresolved,unresolved,unresolved,unresolved,False,False
midpoint_neighborhood.edge_support,4451822928,cpu:5794529280:663552,82944,torch.float64,663552,True,False,none,136,151,151,153,0,unresolved,unresolved,unresolved,unresolved,False,False
midpoint_neighborhood.edge_support,4453519824,cpu:5806391296:663552,82944,torch.float64,663552,True,False,none,151,152,152,153,0,unresolved,unresolved,unresolved,unresolved,False,False
midpoint_neighborhood.edge_support,4453800912,cpu:5775523840:663552,82944,torch.float64,663552,True,False,none,170,191,191,192,0,unresolved,unresolved,unresolved,unresolved,False,False
midpoint_neighborhood.edge_support,4454341344,cpu:5508726784:663552,82944,torch.float64,663552,True,False,none,179,180,180,181,0,unresolved,unresolved,unresolved,unresolved,False,False
midpoint_neighborhood.edge_support,4454820720,cpu:5509513216:663552,82944,torch.float64,663552,True,False,none,196,199,199,200,0,unresolved,unresolved,unresolved,unresolved,False,False
old_state.densities,4451426272,cpu:5394320896:8192,1024,torch.float64,8192,True,False,none,0,35,35,36,0,unresolved,unresolved,unresolved,unresolved,False,False
old_state.densities,4453919520,cpu:5394337280:8192,1024,torch.float64,8192,True,False,none,0,172,172,173,0,unresolved,unresolved,unresolved,unresolved,False,False
old_state.densities,4454710352,cpu:5394337280:8192,1024,torch.float64,8192,True,False,none,0,185,185,186,1,unresolved,unresolved,unresolved,unresolved,False,False
old_state.densities,4451268192,cpu:5664855040:8192,1024,torch.float64,8192,True,False,none,1,32,32,56,1,unresolved,unresolved,unresolved,unresolved,False,False
old_state.densities,4453015280,cpu:5664855040:8192,1024,torch.float64,8192,True,False,none,1,73,73,74,1,unresolved,unresolved,unresolved,unresolved,False,False
old_state.densities,4453353024,cpu:5664855040:8192,1024,torch.float64,8192,True,False,none,1,93,93,122,1,unresolved,unresolved,unresolved,unresolved,False,False
old_state.densities,4454809680,cpu:5664855040:8192,1024,torch.float64,8192,True,False,none,1,193,193,194,1,unresolved,unresolved,unresolved,unresolved,False,False
old_state.densities,4451373040,cpu:5394509312:8192,1024,torch.float64,8192,True,False,none,2,3,3,21,1,unresolved,unresolved,unresolved,unresolved,False,False
old_state.densities,4454450112,cpu:5394509312:8192,1024,torch.float64,8192,True,False,none,2,161,161,162,1,unresolved,unresolved,unresolved,unresolved,False,False
old_state.densities,4453520464,cpu:4949752320:8192,1024,torch.float64,8192,True,False,none,3,99,99,122,1,unresolved,unresolved,unresolved,unresolved,False,False
old_state.densities,4454028608,cpu:4949752320:8192,1024,torch.float64,8192,True,False,none,3,138,138,139,1,unresolved,unresolved,unresolved,unresolved,False,False
old_state.densities,4454454512,cpu:4950616064:8192,1024,torch.float64,8192,True,False,none,3,150,150,162,1,unresolved,unresolved,unresolved,unresolved,False,False
old_state.densities,4451270112,cpu:5664898048:8192,1024,torch.float64,8192,True,False,none,4,5,5,6,1,unresolved,unresolved,unresolved,unresolved,False,False
old_state.densities,4451434272,cpu:5664863232:8192,1024,torch.float64,8192,True,False,none,4,56,56,165,2,unresolved,unresolved,unresolved,unresolved,False,False
old_state.densities,4452113360,cpu:5664898048:8192,1024,torch.float64,8192,True,False,none,4,37,37,39,1,unresolved,unresolved,unresolved,unresolved,False,False
old_state.densities,4451428352,cpu:5394517504:8192,1024,torch.float64,8192,True,False,none,6,7,7,8,1,unresolved,unresolved,unresolved,unresolved,False,False
old_state.densities,4451268192,cpu:5664918528:8192,1024,torch.float64,8192,True,False,none,9,10,10,11,0,unresolved,unresolved,unresolved,unresolved,False,False
old_state.densities,4451653888,cpu:5664910336:8192,1024,torch.float64,8192,True,False,none,11,12,12,13,1,unresolved,unresolved,unresolved,unresolved,False,False
old_state.densities,4451812208,cpu:5394402816:8192,1024,torch.float64,8192,True,False,none,14,15,15,21,1,unresolved,unresolved,unresolved,unresolved,False,False
old_state.densities,4451422752,cpu:4942117376:8192,1024,torch.float64,8192,True,False,none,16,70,70,71,1,unresolved,unresolved,unresolved,unresolved,False,False
old_state.densities,4452116000,cpu:4942117376:8192,1024,torch.float64,8192,True,False,none,16,80,80,81,0,unresolved,unresolved,unresolved,unresolved,False,False
old_state.densities,4453356624,cpu:4942117376:8192,1024,torch.float64,8192,True,False,none,16,156,156,157,0,unresolved,unresolved,unresolved,unresolved,False,False
old_state.densities,4453360544,cpu:4942117376:8192,1024,torch.float64,8192,True,False,none,16,100,100,122,1,unresolved,unresolved,unresolved,unresolved,False,False
old_state.densities,4451815568,cpu:5665254400:8192,1024,torch.float64,8192,True,False,none,17,18,18,19,1,unresolved,unresolved,unresolved,unresolved,False,False
old_state.densities,4453015680,cpu:5665254400:8192,1024,torch.float64,8192,True,False,none,17,180,180,181,0,unresolved,unresolved,unresolved,unresolved,False,False
old_state.densities,4451826368,cpu:5394427392:8192,1024,torch.float64,8192,True,False,none,19,20,20,21,1,unresolved,unresolved,unresolved,unresolved,False,False
old_state.densities,4451653328,cpu:4942109184:8192,1024,torch.float64,8192,True,False,none,20,55,55,165,0,unresolved,unresolved,unresolved,unresolved,False,False
old_state.densities,4452120480,cpu:4942109184:8192,1024,torch.float64,8192,True,False,none,20,46,46,47,0,unresolved,unresolved,unresolved,unresolved,False,False
old_state.densities,4451952400,cpu:4941575680:8192,1024,torch.float64,8192,True,False,none,22,23,23,24,2,unresolved,unresolved,unresolved,unresolved,False,False
old_state.densities,4451958000,cpu:4941616640:8192,1024,torch.float64,8192,True,False,none,22,29,29,30,1,unresolved,unresolved,unresolved,unresolved,False,False
old_state.densities,4451958480,cpu:5665348608:8192,1024,torch.float64,8192,True,False,none,25,26,26,28,1,unresolved,unresolved,unresolved,unresolved,False,False
old_state.densities,4451429632,cpu:5664943104:8192,1024,torch.float64,8192,True,False,none,26,27,27,28,0,unresolved,unresolved,unresolved,unresolved,False,False
old_state.densities,4453819616,cpu:5664926720:8192,1024,torch.float64,8192,True,False,none,29,191,191,192,0,unresolved,unresolved,unresolved,unresolved,False,False
old_state.densities,4454819600,cpu:5664926720:8192,1024,torch.float64,8192,True,False,none,29,196,196,197,1,unresolved,unresolved,unresolved,unresolved,False,False
old_state.densities,4454034448,cpu:4951110656:8192,1024,torch.float64,8192,True,False,none,30,141,141,162,1,unresolved,unresolved,unresolved,unresolved,False,False
old_state.densities,4452864864,cpu:5665172480:8192,1024,torch.float64,8192,True,False,none,31,67,67,68,1,unresolved,unresolved,unresolved,unresolved,False,False
old_state.densities,4452875264,cpu:5665172480:8192,1024,torch.float64,8192,True,False,none,31,152,152,153,0,unresolved,unresolved,unresolved,unresolved,False,False
old_state.densities,4453261600,cpu:5665172480:8192,1024,torch.float64,8192,True,False,none,31,155,155,157,0,unresolved,unresolved,unresolved,unresolved,False,False
old_state.densities,4452320192,cpu:4942058496:8192,1024,torch.float64,8192,True,False,none,39,40,40,41,1,unresolved,unresolved,unresolved,unresolved,False,False
old_state.densities,4452328752,cpu:4942082048:8192,1024,torch.float64,8192,True,False,none,42,43,43,44,1,unresolved,unresolved,unresolved,unresolved,False,False
old_state.densities,4451430272,cpu:5665180672:8192,1024,torch.float64,8192,True,False,none,46,54,54,165,1,unresolved,unresolved,unresolved,unresolved,False,False
old_state.densities,4452440800,cpu:5394465280:8192,1024,torch.float64,8192,True,False,none,47,48,48,49,1,unresolved,unresolved,unresolved,unresolved,False,False
old_state.densities,4451418352,cpu:5664984064:8192,1024,torch.float64,8192,True,False,none,50,51,51,53,1,unresolved,unresolved,unresolved,unresolved,False,False
old_state.densities,4451424272,cpu:5394345472:8192,1024,torch.float64,8192,True,False,none,51,77,77,78,0,unresolved,unresolved,unresolved,unresolved,False,False
old_state.densities,4451948560,cpu:5394641408:8192,1024,torch.float64,8192,True,False,none,51,52,52,53,0,unresolved,unresolved,unresolved,unresolved,False,False
old_state.densities,4451958080,cpu:5394345472:8192,1024,torch.float64,8192,True,False,none,51,102,102,103,0,unresolved,unresolved,unresolved,unresolved,False,False
old_state.densities,4453008800,cpu:5394345472:8192,1024,torch.float64,8192,True,False,none,51,85,85,89,1,unresolved,unresolved,unresolved,unresolved,False,False
old_state.densities,4453365664,cpu:5394345472:8192,1024,torch.float64,8192,True,False,none,51,118,118,119,1,unresolved,unresolved,unresolved,unresolved,False,False
old_state.densities,4452319472,cpu:5394386432:8192,1024,torch.float64,8192,True,False,none,56,57,57,165,2,unresolved,unresolved,unresolved,unresolved,False,False
old_state.densities,4452448560,cpu:5665139712:8192,1024,torch.float64,8192,True,False,none,57,65,65,66,0,unresolved,unresolved,unresolved,unresolved,False,False
old_state.densities,4453523744,cpu:5665139712:8192,1024,torch.float64,8192,True,False,none,57,101,101,122,1,unresolved,unresolved,unresolved,unresolved,False,False
old_state.densities,4453910880,cpu:5665139712:8192,1024,torch.float64,8192,True,False,none,57,126,126,127,0,unresolved,unresolved,unresolved,unresolved,False,False
old_state.densities,4454337184,cpu:5665139712:8192,1024,torch.float64,8192,True,False,none,57,144,144,162,1,unresolved,unresolved,unresolved,unresolved,False,False
old_state.densities,4452445760,cpu:5665123328:8192,1024,torch.float64,8192,True,False,none,58,59,59,60,1,unresolved,unresolved,unresolved,unresolved,False,False
old_state.densities,4452576512,cpu:5394394624:8192,1024,torch.float64,8192,True,False,none,59,104,104,106,1,unresolved,unresolved,unresolved,unresolved,False,False
old_state.densities,4452870064,cpu:5394394624:8192,1024,torch.float64,8192,True,False,none,59,76,76,78,0,unresolved,unresolved,unresolved,unresolved,False,False
old_state.densities,4453258240,cpu:5394394624:8192,1024,torch.float64,8192,True,False,none,59,130,130,131,0,unresolved,unresolved,unresolved,unresolved,False,False
old_state.densities,4453521744,cpu:5394394624:8192,1024,torch.float64,8192,True,False,none,59,133,133,134,0,unresolved,unresolved,unresolved,unresolved,False,False
old_state.densities,4453911840,cpu:5394394624:8192,1024,torch.float64,8192,True,False,none,59,125,125,127,0,unresolved,unresolved,unresolved,unresolved,False,False
old_state.densities,4454343424,cpu:5394394624:8192,1024,torch.float64,8192,True,False,none,59,151,151,153,0,unresolved,unresolved,unresolved,unresolved,False,False
old_state.densities,4452574432,cpu:4942199296:8192,1024,torch.float64,8192,True,False,none,61,62,62,63,1,unresolved,unresolved,unresolved,unresolved,False,False
old_state.densities,4454695152,cpu:5665131520:8192,1024,torch.float64,8192,True,False,none,65,164,164,165,2,unresolved,unresolved,unresolved,unresolved,False,False
old_state.densities,4452578912,cpu:5394769408:8192,1024,torch.float64,8192,True,False,none,67,110,110,111,1,unresolved,unresolved,unresolved,unresolved,False,False
old_state.densities,4453260160,cpu:5394761216:8192,1024,torch.float64,8192,True,False,none,68,107,107,108,1,unresolved,unresolved,unresolved,unresolved,False,False
old_state.densities,4453263440,cpu:5665156096:8192,1024,torch.float64,8192,True,False,none,70,91,91,92,0,unresolved,unresolved,unresolved,unresolved,False,False
old_state.densities,4453017280,cpu:5665188864:8192,1024,torch.float64,8192,True,False,none,72,116,116,117,0,unresolved,unresolved,unresolved,unresolved,False,False
old_state.densities,4453817536,cpu:5665188864:8192,1024,torch.float64,8192,True,False,none,72,113,113,114,1,unresolved,unresolved,unresolved,unresolved,False,False
old_state.densities,4452321072,cpu:5394908672:8192,1024,torch.float64,8192,True,False,none,78,79,79,81,1,unresolved,unresolved,unresolved,unresolved,False,False
old_state.densities,4452574912,cpu:4942232064:8192,1024,torch.float64,8192,True,False,none,81,82,82,83,1,unresolved,unresolved,unresolved,unresolved,False,False
old_state.densities,4453261360,cpu:5394949632:8192,1024,torch.float64,8192,True,False,none,87,88,88,89,1,unresolved,unresolved,unresolved,unresolved,False,False
old_state.densities,4453008720,cpu:5394566656:8192,1024,torch.float64,8192,True,False,none,93,94,94,95,0,unresolved,unresolved,unresolved,unresolved,False,False
old_state.densities,4453363104,cpu:5394918912:8192,1024,torch.float64,8192,True,False,none,95,96,96,97,1,unresolved,unresolved,unresolved,unresolved,False,False
old_state.densities,4451827008,cpu:4951118848:8192,1024,torch.float64,8192,True,False,none,104,105,105,106,0,unresolved,unresolved,unresolved,unresolved,False,False
old_state.densities,4452319472,cpu:4951118848:8192,1024,torch.float64,8192,True,False,none,104,169,169,170,1,unresolved,unresolved,unresolved,unresolved,False,False
old_state.densities,4453822336,cpu:5394851328:8192,1024,torch.float64,8192,True,False,none,105,135,135,136,1,unresolved,unresolved,unresolved,unresolved,False,False
old_state.densities,4453918400,cpu:5665401856:8192,1024,torch.float64,8192,True,False,none,107,129,129,131,1,unresolved,unresolved,unresolved,unresolved,False,False
old_state.densities,4453921840,cpu:5665451008:8192,1024,torch.float64,8192,True,False,none,115,121,121,122,1,unresolved,unresolved,unresolved,unresolved,False,False
old_state.densities,4454028768,cpu:4942330368:8192,1024,torch.float64,8192,True,False,none,123,124,124,127,2,unresolved,unresolved,unresolved,unresolved,False,False
old_state.densities,4454337024,cpu:5394533888:8192,1024,torch.float64,8192,True,False,none,129,158,158,159,1,unresolved,unresolved,unresolved,unresolved,False,False
old_state.densities,4453525664,cpu:5394542080:8192,1024,torch.float64,8192,True,False,none,131,132,132,134,1,unresolved,unresolved,unresolved,unresolved,False,False
old_state.densities,4454342864,cpu:5394978304:8192,1024,torch.float64,8192,True,False,none,146,147,147,148,1,unresolved,unresolved,unresolved,unresolved,False,False
old_state.densities,4451377440,cpu:5394551808:8192,1024,torch.float64,8192,True,False,none,173,174,174,177,1,unresolved,unresolved,unresolved,unresolved,False,False
old_state.densities,4451951280,cpu:5394380288:8192,1024,torch.float64,8192,True,False,none,174,175,175,177,0,unresolved,unresolved,unresolved,unresolved,False,False
old_state.densities,4453794112,cpu:4942182400:8192,1024,torch.float64,8192,True,False,none,175,176,176,177,0,unresolved,unresolved,unresolved,unresolved,False,False
old_state.densities,4454033728,cpu:5394347520:8192,1024,torch.float64,8192,True,False,none,178,179,179,181,1,unresolved,unresolved,unresolved,unresolved,False,False
old_state.densities,4454450192,cpu:5665270784:8192,1024,torch.float64,8192,True,False,none,181,182,182,183,1,unresolved,unresolved,unresolved,unresolved,False,False
old_state.densities,4453796912,cpu:5394433024:8192,1024,torch.float64,8192,True,False,none,187,188,188,189,1,unresolved,unresolved,unresolved,unresolved,False,False
old_state.densities,4454894800,cpu:4942177280:8192,1024,torch.float64,8192,True,False,none,198,199,199,200,1,unresolved,unresolved,unresolved,unresolved,False,False
old_state.positions,4451372720,cpu:4942058496:16384,1024x2,torch.float64,16384,True,False,none,2,3,3,21,1,unresolved,unresolved,unresolved,unresolved,False,False
old_state.positions,4451958240,cpu:4942058496:16384,1024x2,torch.float64,16384,True,False,none,2,26,26,28,1,unresolved,unresolved,unresolved,unresolved,False,False
old_state.positions,4452116000,cpu:4942058496:16384,1024x2,torch.float64,16384,True,False,none,2,46,46,47,0,unresolved,unresolved,unresolved,unresolved,False,False
old_state.positions,4452875504,cpu:4951144448:16384,1024x2,torch.float64,16384,True,False,none,2,70,70,71,1,unresolved,unresolved,unresolved,unresolved,False,False
old_state.positions,4451429472,cpu:5394353664:16384,1024x2,torch.float64,16384,True,False,none,3,54,54,165,1,unresolved,unresolved,unresolved,unresolved,False,False
old_state.positions,4451812128,cpu:5394386432:16384,1024x2,torch.float64,16384,True,False,none,3,15,15,16,1,unresolved,unresolved,unresolved,unresolved,False,False
old_state.positions,4453008720,cpu:4949817856:16384,1024x2,torch.float64,16384,True,False,none,3,85,85,86,1,unresolved,unresolved,unresolved,unresolved,False,False
old_state.positions,4453531184,cpu:4949785088:16384,1024x2,torch.float64,16384,True,False,none,3,132,132,134,1,unresolved,unresolved,unresolved,unresolved,False,False
old_state.positions,4454894640,cpu:4949817856:16384,1024x2,torch.float64,16384,True,False,none,3,199,199,200,1,unresolved,unresolved,unresolved,unresolved,False,False
old_state.positions,4451270512,cpu:4942141952:16384,1024x2,torch.float64,16384,True,False,none,4,5,5,6,1,unresolved,unresolved,unresolved,unresolved,False,False
old_state.positions,4453013760,cpu:4942141952:16384,1024x2,torch.float64,16384,True,False,none,4,180,180,181,0,unresolved,unresolved,unresolved,unresolved,False,False
old_state.positions,4451662688,cpu:5664943104:16384,1024x2,torch.float64,16384,True,False,none,5,172,172,173,0,unresolved,unresolved,unresolved,unresolved,False,False
old_state.positions,4452319952,cpu:5664943104:16384,1024x2,torch.float64,16384,True,False,none,5,40,40,41,1,unresolved,unresolved,unresolved,unresolved,False,False
old_state.positions,4453798672,cpu:4949735936:16384,1024x2,torch.float64,16384,True,False,none,5,188,188,189,1,unresolved,unresolved,unresolved,unresolved,False,False
old_state.positions,4451434432,cpu:4942283264:16384,1024x2,torch.float64,16384,True,False,none,6,7,7,8,1,unresolved,unresolved,unresolved,unresolved,False,False
old_state.positions,4451946720,cpu:5664992256:16384,1024x2,torch.float64,16384,True,False,none,6,52,52,53,0,unresolved,unresolved,unresolved,unresolved,False,False
old_state.positions,4451958160,cpu:5665025024:16384,1024x2,torch.float64,16384,True,False,none,6,29,29,30,1,unresolved,unresolved,unresolved,unresolved,False,False
old_state.positions,4452324992,cpu:5664992256:16384,1024x2,torch.float64,16384,True,False,none,6,169,169,170,1,unresolved,unresolved,unresolved,unresolved,False,False
old_state.positions,4454706912,cpu:5665008640:16384,1024x2,torch.float64,16384,True,False,none,6,174,174,177,1,unresolved,unresolved,unresolved,unresolved,False,False
old_state.positions,4451433952,cpu:4941608448:16384,1024x2,torch.float64,16384,True,False,none,7,10,10,11,0,unresolved,unresolved,unresolved,unresolved,False,False
old_state.positions,4452577792,cpu:5394550272:16384,1024x2,torch.float64,16384,True,False,none,10,94,94,95,0,unresolved,unresolved,unresolved,unresolved,False,False
old_state.positions,4451654048,cpu:4942117376:16384,1024x2,torch.float64,16384,True,False,none,11,12,12,13,1,unresolved,unresolved,unresolved,unresolved,False,False
old_state.positions,4452330272,cpu:4942150144:16384,1024x2,torch.float64,16384,True,False,none,11,57,57,165,2,unresolved,unresolved,unresolved,unresolved,False,False
old_state.positions,4451269792,cpu:5665156096:16384,1024x2,torch.float64,16384,True,False,none,13,32,32,56,1,unresolved,unresolved,unresolved,unresolved,False,False
old_state.positions,4451424592,cpu:5394320896:16384,1024x2,torch.float64,16384,True,False,none,13,27,27,28,0,unresolved,unresolved,unresolved,unresolved,False,False
old_state.positions,4453010080,cpu:5665123328:16384,1024x2,torch.float64,16384,True,False,none,13,155,155,157,0,unresolved,unresolved,unresolved,unresolved,False,False
old_state.positions,4452113120,cpu:5394329088:16384,1024x2,torch.float64,16384,True,False,none,15,37,37,39,1,unresolved,unresolved,unresolved,unresolved,False,False
old_state.positions,4453354304,cpu:5665188864:16384,1024x2,torch.float64,16384,True,False,none,15,156,156,157,0,unresolved,unresolved,unresolved,unresolved,False,False
old_state.positions,4454348624,cpu:5665188864:16384,1024x2,torch.float64,16384,True,False,none,15,147,147,148,1,unresolved,unresolved,unresolved,unresolved,False,False
old_state.positions,4451821488,cpu:5665238016:16384,1024x2,torch.float64,16384,True,False,none,17,18,18,19,1,unresolved,unresolved,unresolved,unresolved,False,False
old_state.positions,4453020960,cpu:5394591232:16384,1024x2,torch.float64,16384,True,False,none,18,116,116,117,0,unresolved,unresolved,unresolved,unresolved,False,False
old_state.positions,4451826928,cpu:5394656768:16384,1024x2,torch.float64,16384,True,False,none,19,20,20,21,1,unresolved,unresolved,unresolved,unresolved,False,False
old_state.positions,4452108960,cpu:5665057792:16384,1024x2,torch.float64,16384,True,False,none,20,35,35,36,1,unresolved,unresolved,unresolved,unresolved,False,False
old_state.positions,4452328912,cpu:5665090560:16384,1024x2,torch.float64,16384,True,False,none,20,43,43,44,1,unresolved,unresolved,unresolved,unresolved,False,False
old_state.positions,4451812048,cpu:5665254400:16384,1024x2,torch.float64,16384,True,False,none,21,55,55,165,0,unresolved,unresolved,unresolved,unresolved,False,False
old_state.positions,4451952160,cpu:5394771456:16384,1024x2,torch.float64,16384,True,False,none,22,23,23,24,2,unresolved,unresolved,unresolved,unresolved,False,False
old_state.positions,4454035808,cpu:4949768704:16384,1024x2,torch.float64,16384,True,False,none,23,141,141,142,1,unresolved,unresolved,unresolved,unresolved,False,False
old_state.positions,4453360704,cpu:5394443776:16384,1024x2,torch.float64,16384,True,False,none,32,100,100,122,1,unresolved,unresolved,unresolved,unresolved,False,False
old_state.positions,4454344144,cpu:4942074880:16384,1024x2,torch.float64,16384,True,False,none,45,158,158,159,1,unresolved,unresolved,unresolved,unresolved,False,False
old_state.positions,4452565792,cpu:5394555392:16384,1024x2,torch.float64,16384,True,False,none,46,51,51,53,1,unresolved,unresolved,unresolved,unresolved,False,False
old_state.positions,4452440560,cpu:5394571776:16384,1024x2,torch.float64,16384,True,False,none,47,48,48,49,1,unresolved,unresolved,unresolved,unresolved,False,False
old_state.positions,4452324752,cpu:5394712064:16384,1024x2,torch.float64,16384,True,False,none,55,56,56,165,2,unresolved,unresolved,unresolved,unresolved,False,False
old_state.positions,4452108560,cpu:4942133760:16384,1024x2,torch.float64,16384,True,False,none,57,80,80,81,0,unresolved,unresolved,unresolved,unresolved,False,False
old_state.positions,4452448320,cpu:4942133760:16384,1024x2,torch.float64,16384,True,False,none,57,65,65,66,0,unresolved,unresolved,unresolved,unresolved,False,False
old_state.positions,4452873104,cpu:4942133760:16384,1024x2,torch.float64,16384,True,False,none,57,76,76,78,0,unresolved,unresolved,unresolved,unresolved,False,False
old_state.positions,4453259840,cpu:4942199296:16384,1024x2,torch.float64,16384,True,False,none,57,107,107,108,1,unresolved,unresolved,unresolved,unresolved,False,False
old_state.positions,4453520384,cpu:4942133760:16384,1024x2,torch.float64,16384,True,False,none,57,99,99,122,1,unresolved,unresolved,unresolved,unresolved,False,False
old_state.positions,4453814096,cpu:4942133760:16384,1024x2,torch.float64,16384,True,False,none,57,135,135,136,1,unresolved,unresolved,unresolved,unresolved,False,False
old_state.positions,4454450512,cpu:4942133760:16384,1024x2,torch.float64,16384,True,False,none,57,191,191,192,0,unresolved,unresolved,unresolved,unresolved,False,False
old_state.positions,4452437760,cpu:5394859520:16384,1024x2,torch.float64,16384,True,False,none,58,59,59,60,1,unresolved,unresolved,unresolved,unresolved,False,False
old_state.positions,4453363024,cpu:4942232064:16384,1024x2,torch.float64,16384,True,False,none,58,96,96,97,1,unresolved,unresolved,unresolved,unresolved,False,False
old_state.positions,4453916800,cpu:5394859520:16384,1024x2,torch.float64,16384,True,False,none,58,125,125,127,0,unresolved,unresolved,unresolved,unresolved,False,False
old_state.positions,4453526064,cpu:5394826752:16384,1024x2,torch.float64,16384,True,False,none,59,133,133,134,0,unresolved,unresolved,unresolved,unresolved,False,False
old_state.positions,4453526224,cpu:5394843136:16384,1024x2,torch.float64,16384,True,False,none,59,126,126,127,0,unresolved,unresolved,unresolved,unresolved,False,False
old_state.positions,4454028448,cpu:5394777600:16384,1024x2,torch.float64,16384,True,False,none,59,124,124,127,2,unresolved,unresolved,unresolved,unresolved,False,False
old_state.positions,4453256160,cpu:5665369088:16384,1024x2,torch.float64,16384,True,False,none,60,91,91,92,0,unresolved,unresolved,unresolved,unresolved,False,False
old_state.positions,4453523664,cpu:5665352704:16384,1024x2,torch.float64,16384,True,False,none,60,101,101,122,1,unresolved,unresolved,unresolved,unresolved,False,False
old_state.positions,4451819728,cpu:4942264832:16384,1024x2,torch.float64,16384,True,False,none,61,77,77,78,0,unresolved,unresolved,unresolved,unresolved,False,False
old_state.positions,4452321312,cpu:4942281216:16384,1024x2,torch.float64,16384,True,False,none,61,79,79,81,1,unresolved,unresolved,unresolved,unresolved,False,False
old_state.positions,4452574352,cpu:5665017856:16384,1024x2,torch.float64,16384,True,False,none,61,62,62,63,1,unresolved,unresolved,unresolved,unresolved,False,False
old_state.positions,4452863504,cpu:4949850624:16384,1024x2,torch.float64,16384,True,False,none,65,105,105,106,0,unresolved,unresolved,unresolved,unresolved,False,False
old_state.positions,4453015200,cpu:4949850624:16384,1024x2,torch.float64,16384,True,False,none,65,73,73,74,1,unresolved,unresolved,unresolved,unresolved,False,False
old_state.positions,4452864784,cpu:5665445888:16384,1024x2,torch.float64,16384,True,False,none,66,67,67,68,1,unresolved,unresolved,unresolved,unresolved,False,False
old_state.positions,4451945680,cpu:5665401856:16384,1024x2,torch.float64,16384,True,False,none,78,102,102,103,0,unresolved,unresolved,unresolved,unresolved,False,False
old_state.positions,4452575632,cpu:5665434624:16384,1024x2,torch.float64,16384,True,False,none,81,82,82,83,1,unresolved,unresolved,unresolved,unresolved,False,False
old_state.positions,4453261280,cpu:5665483776:16384,1024x2,torch.float64,16384,True,False,none,81,88,88,89,1,unresolved,unresolved,unresolved,unresolved,False,False
old_state.positions,4453530384,cpu:5665483776:16384,1024x2,torch.float64,16384,True,False,none,81,110,110,111,1,unresolved,unresolved,unresolved,unresolved,False,False
old_state.positions,4453921760,cpu:4942256640:16384,1024x2,torch.float64,16384,True,False,none,82,121,121,122,1,unresolved,unresolved,unresolved,unresolved,False,False
old_state.positions,4454695472,cpu:5394484736:16384,1024x2,torch.float64,16384,True,False,none,89,164,164,165,2,unresolved,unresolved,unresolved,unresolved,False,False
old_state.positions,4453918000,cpu:5394517504:16384,1024x2,torch.float64,16384,True,False,none,91,129,129,131,1,unresolved,unresolved,unresolved,unresolved,False,False
old_state.positions,4454455472,cpu:5394517504:16384,1024x2,torch.float64,16384,True,False,none,91,150,150,162,1,unresolved,unresolved,unresolved,unresolved,False,False
old_state.positions,4452567232,cpu:5665532928:16384,1024x2,torch.float64,16384,True,False,none,103,104,104,106,1,unresolved,unresolved,unresolved,unresolved,False,False
old_state.positions,4454458112,cpu:5665532928:16384,1024x2,torch.float64,16384,True,False,none,103,161,161,162,1,unresolved,unresolved,unresolved,unresolved,False,False
old_state.positions,4453817456,cpu:5665606656:16384,1024x2,torch.float64,16384,True,False,none,112,113,113,114,1,unresolved,unresolved,unresolved,unresolved,False,False
old_state.positions,4453911920,cpu:5665623040:16384,1024x2,torch.float64,16384,True,False,none,117,118,118,119,1,unresolved,unresolved,unresolved,unresolved,False,False
old_state.positions,4453268160,cpu:5665426432:16384,1024x2,torch.float64,16384,True,False,none,129,130,130,131,0,unresolved,unresolved,unresolved,unresolved,False,False
old_state.positions,4454026368,cpu:5665647616:16384,1024x2,torch.float64,16384,True,False,none,137,138,138,139,1,unresolved,unresolved,unresolved,unresolved,False,False
old_state.positions,4454338864,cpu:5394961920:16384,1024x2,torch.float64,16384,True,False,none,137,144,144,162,1,unresolved,unresolved,unresolved,unresolved,False,False
old_state.positions,4454348464,cpu:5395011072:16384,1024x2,torch.float64,16384,True,False,none,148,151,151,153,0,unresolved,unresolved,unresolved,unresolved,False,False
old_state.positions,4453020720,cpu:5665556480:16384,1024x2,torch.float64,16384,True,False,none,151,152,152,153,0,unresolved,unresolved,unresolved,unresolved,False,False
old_state.positions,4453794432,cpu:5394609152:16384,1024x2,torch.float64,16384,True,False,none,172,176,176,177,0,unresolved,unresolved,unresolved,unresolved,False,False
old_state.positions,4451946880,cpu:5394363904:16384,1024x2,torch.float64,16384,True,False,none,174,175,175,177,0,unresolved,unresolved,unresolved,unresolved,False,False
old_state.positions,4454026608,cpu:5394797568:16384,1024x2,torch.float64,16384,True,False,none,178,179,179,181,1,unresolved,unresolved,unresolved,unresolved,False,False
old_state.positions,4454452272,cpu:5394616320:16384,1024x2,torch.float64,16384,True,False,none,181,182,182,183,1,unresolved,unresolved,unresolved,unresolved,False,False
old_state.positions,4454706192,cpu:5394457600:16384,1024x2,torch.float64,16384,True,False,none,184,185,185,186,1,unresolved,unresolved,unresolved,unresolved,False,False
old_state.positions,4454810240,cpu:5665033216:16384,1024x2,torch.float64,16384,True,False,none,192,193,193,194,1,unresolved,unresolved,unresolved,unresolved,False,False
old_state.positions,4454820480,cpu:5665229824:16384,1024x2,torch.float64,16384,True,False,none,195,196,196,197,1,unresolved,unresolved,unresolved,unresolved,False,False
old_state.pressures,4452117760,cpu:5394337280:8192,1024,torch.float64,8192,True,False,none,0,57,57,165,2,unresolved,unresolved,unresolved,unresolved,False,False
old_state.pressures,4453797072,cpu:5394320896:8192,1024,torch.float64,8192,True,False,none,0,188,188,189,1,unresolved,unresolved,unresolved,unresolved,False,False
old_state.pressures,4454706752,cpu:5394337280:8192,1024,torch.float64,8192,True,False,none,0,175,175,177,0,unresolved,unresolved,unresolved,unresolved,False,False
old_state.pressures,4452577072,cpu:5664855040:8192,1024,torch.float64,8192,True,False,none,1,126,126,127,0,unresolved,unresolved,unresolved,unresolved,False,False
old_state.pressures,4451373280,cpu:5394525696:8192,1024,torch.float64,8192,True,False,none,2,3,3,21,1,unresolved,unresolved,unresolved,unresolved,False,False
old_state.pressures,4453520784,cpu:4950616064:8192,1024,torch.float64,8192,True,False,none,3,99,99,122,1,unresolved,unresolved,unresolved,unresolved,False,False
old_state.pressures,4451269872,cpu:5664863232:8192,1024,torch.float64,8192,True,False,none,4,5,5,6,1,unresolved,unresolved,unresolved,unresolved,False,False
old_state.pressures,4451432672,cpu:5664898048:8192,1024,torch.float64,8192,True,False,none,4,54,54,165,1,unresolved,unresolved,unresolved,unresolved,False,False
old_state.pressures,4454820320,cpu:5664863232:8192,1024,torch.float64,8192,True,False,none,4,196,196,197,1,unresolved,unresolved,unresolved,unresolved,False,False
old_state.pressures,4451958640,cpu:4942074880:8192,1024,torch.float64,8192,True,False,none,5,29,29,30,1,unresolved,unresolved,unresolved,unresolved,False,False
old_state.pressures,4451419072,cpu:5394329088:8192,1024,torch.float64,8192,True,False,none,6,7,7,8,1,unresolved,unresolved,unresolved,unresolved,False,False
old_state.pressures,4452332752,cpu:5394329088:8192,1024,torch.float64,8192,True,False,none,6,172,172,173,0,unresolved,unresolved,unresolved,unresolved,False,False
old_state.pressures,4454035648,cpu:4951160832:8192,1024,torch.float64,8192,True,False,none,8,141,141,162,1,unresolved,unresolved,unresolved,unresolved,False,False
old_state.pressures,4451430192,cpu:5665029632:8192,1024,torch.float64,8192,True,False,none,9,10,10,11,0,unresolved,unresolved,unresolved,unresolved,False,False
old_state.pressures,4451653728,cpu:5664934912:8192,1024,torch.float64,8192,True,False,none,11,12,12,13,1,unresolved,unresolved,unresolved,unresolved,False,False
old_state.pressures,4451811648,cpu:5394550272:8192,1024,torch.float64,8192,True,False,none,14,15,15,21,1,unresolved,unresolved,unresolved,unresolved,False,False
old_state.pressures,4452120800,cpu:4942117376:8192,1024,torch.float64,8192,True,False,none,16,46,46,47,0,unresolved,unresolved,unresolved,unresolved,False,False
old_state.pressures,4452319872,cpu:4942117376:8192,1024,torch.float64,8192,True,False,none,16,40,40,41,1,unresolved,unresolved,unresolved,unresolved,False,False
old_state.pressures,4451821728,cpu:5394361856:8192,1024,torch.float64,8192,True,False,none,17,18,18,19,1,unresolved,unresolved,unresolved,unresolved,False,False
old_state.pressures,4451827088,cpu:5394681344:8192,1024,torch.float64,8192,True,False,none,19,20,20,21,1,unresolved,unresolved,unresolved,unresolved,False,False
old_state.pressures,4454895200,cpu:4942109184:8192,1024,torch.float64,8192,True,False,none,20,199,199,200,1,unresolved,unresolved,unresolved,unresolved,False,False
old_state.pressures,4451952080,cpu:4941616640:8192,1024,torch.float64,8192,True,False,none,22,23,23,24,2,unresolved,unresolved,unresolved,unresolved,False,False
old_state.pressures,4452572272,cpu:4941575680:8192,1024,torch.float64,8192,True,False,none,22,82,82,83,1,unresolved,unresolved,unresolved,unresolved,False,False
old_state.pressures,4452106720,cpu:5665438720:8192,1024,torch.float64,8192,True,False,none,25,26,26,28,1,unresolved,unresolved,unresolved,unresolved,False,False
old_state.pressures,4451424272,cpu:5664959488:8192,1024,torch.float64,8192,True,False,none,26,27,27,28,0,unresolved,unresolved,unresolved,unresolved,False,False
old_state.pressures,4452565632,cpu:5664967680:8192,1024,torch.float64,8192,True,False,none,27,51,51,53,1,unresolved,unresolved,unresolved,unresolved,False,False
old_state.pressures,4451269872,cpu:5665172480:8192,1024,torch.float64,8192,True,False,none,31,32,32,56,1,unresolved,unresolved,unresolved,unresolved,False,False
old_state.pressures,4451270592,cpu:5394435584:8192,1024,torch.float64,8192,True,False,none,32,35,35,36,0,unresolved,unresolved,unresolved,unresolved,False,False
old_state.pressures,4453259920,cpu:5394435584:8192,1024,torch.float64,8192,True,False,none,32,107,107,108,1,unresolved,unresolved,unresolved,unresolved,False,False
old_state.pressures,4453911600,cpu:5394435584:8192,1024,torch.float64,8192,True,False,none,32,118,118,119,1,unresolved,unresolved,unresolved,unresolved,False,False
old_state.pressures,4452112960,cpu:5665016832:8192,1024,torch.float64,8192,True,False,none,36,37,37,39,1,unresolved,unresolved,unresolved,unresolved,False,False
old_state.pressures,4452328832,cpu:5665106944:8192,1024,torch.float64,8192,True,False,none,42,43,43,44,1,unresolved,unresolved,unresolved,unresolved,False,False
old_state.pressures,4452440400,cpu:5394596352:8192,1024,torch.float64,8192,True,False,none,47,48,48,49,1,unresolved,unresolved,unresolved,unresolved,False,False
old_state.pressures,4451948160,cpu:5394345472:8192,1024,torch.float64,8192,True,False,none,51,52,52,53,0,unresolved,unresolved,unresolved,unresolved,False,False
old_state.pressures,4453255840,cpu:5394345472:8192,1024,torch.float64,8192,True,False,none,51,94,94,95,0,unresolved,unresolved,unresolved,unresolved,False,False
old_state.pressures,4451943600,cpu:4942125568:8192,1024,torch.float64,8192,True,False,none,54,55,55,165,0,unresolved,unresolved,unresolved,unresolved,False,False
old_state.pressures,4452319632,cpu:5665147904:8192,1024,torch.float64,8192,True,False,none,55,56,56,165,2,unresolved,unresolved,unresolved,unresolved,False,False
old_state.pressures,4453356064,cpu:4942166528:8192,1024,torch.float64,8192,True,False,none,57,156,156,157,0,unresolved,unresolved,unresolved,unresolved,False,False
old_state.pressures,4454028688,cpu:4942166528:8192,1024,torch.float64,8192,True,False,none,57,124,124,127,2,unresolved,unresolved,unresolved,unresolved,False,False
old_state.pressures,4452448880,cpu:5665197056:8192,1024,torch.float64,8192,True,False,none,58,59,59,60,1,unresolved,unresolved,unresolved,unresolved,False,False
old_state.pressures,4453353344,cpu:5665197056:8192,1024,torch.float64,8192,True,False,none,58,93,93,122,1,unresolved,unresolved,unresolved,unresolved,False,False
old_state.pressures,4453528544,cpu:5394394624:8192,1024,torch.float64,8192,True,False,none,59,110,110,111,1,unresolved,unresolved,unresolved,unresolved,False,False
old_state.pressures,4452574272,cpu:4942174720:8192,1024,torch.float64,8192,True,False,none,61,62,62,63,1,unresolved,unresolved,unresolved,unresolved,False,False
old_state.pressures,4452875184,cpu:4942199296:8192,1024,torch.float64,8192,True,False,none,61,70,70,71,1,unresolved,unresolved,unresolved,unresolved,False,False
old_state.pressures,4452106320,cpu:5665336320:8192,1024,torch.float64,8192,True,False,none,64,65,65,66,0,unresolved,unresolved,unresolved,unresolved,False,False
old_state.pressures,4452863344,cpu:5665462272:8192,1024,torch.float64,8192,True,False,none,66,67,67,68,1,unresolved,unresolved,unresolved,unresolved,False,False
old_state.pressures,4454338224,cpu:5394761216:8192,1024,torch.float64,8192,True,False,none,68,151,151,153,0,unresolved,unresolved,unresolved,unresolved,False,False
old_state.pressures,4454348464,cpu:5394793984:8192,1024,torch.float64,8192,True,False,none,68,147,147,148,1,unresolved,unresolved,unresolved,unresolved,False,False
old_state.pressures,4453015120,cpu:5665188864:8192,1024,torch.float64,8192,True,False,none,72,73,73,74,1,unresolved,unresolved,unresolved,unresolved,False,False
old_state.pressures,4452449280,cpu:5394785792:8192,1024,torch.float64,8192,True,False,none,74,102,102,103,0,unresolved,unresolved,unresolved,unresolved,False,False
old_state.pressures,4452869984,cpu:5394921472:8192,1024,torch.float64,8192,True,False,none,75,76,76,78,0,unresolved,unresolved,unresolved,unresolved,False,False
old_state.pressures,4452119760,cpu:5394867712:8192,1024,torch.float64,8192,True,False,none,76,77,77,78,0,unresolved,unresolved,unresolved,unresolved,False,False
old_state.pressures,4452861344,cpu:5394987008:8192,1024,torch.float64,8192,True,False,none,78,79,79,81,1,unresolved,unresolved,unresolved,unresolved,False,False
old_state.pressures,4452447280,cpu:4942305792:8192,1024,torch.float64,8192,True,False,none,79,80,80,81,0,unresolved,unresolved,unresolved,unresolved,False,False
old_state.pressures,4452570032,cpu:5394843136:8192,1024,torch.float64,8192,True,False,none,82,133,133,134,0,unresolved,unresolved,unresolved,unresolved,False,False
old_state.pressures,4453014880,cpu:5394875904:8192,1024,torch.float64,8192,True,False,none,84,125,125,127,0,unresolved,unresolved,unresolved,unresolved,False,False
old_state.pressures,4453253760,cpu:5394875904:8192,1024,torch.float64,8192,True,False,none,84,85,85,89,1,unresolved,unresolved,unresolved,unresolved,False,False
old_state.pressures,4453816016,cpu:5394875904:8192,1024,torch.float64,8192,True,False,none,84,135,135,136,1,unresolved,unresolved,unresolved,unresolved,False,False
old_state.pressures,4453260800,cpu:5394941440:8192,1024,torch.float64,8192,True,False,none,87,88,88,89,1,unresolved,unresolved,unresolved,unresolved,False,False
old_state.pressures,4453262640,cpu:5665393664:8192,1024,torch.float64,8192,True,False,none,90,91,91,92,0,unresolved,unresolved,unresolved,unresolved,False,False
old_state.pressures,4453363904,cpu:5394951680:8192,1024,torch.float64,8192,True,False,none,95,96,96,97,1,unresolved,unresolved,unresolved,unresolved,False,False
old_state.pressures,4453351744,cpu:4942248448:8192,1024,torch.float64,8192,True,False,none,99,100,100,122,1,unresolved,unresolved,unresolved,unresolved,False,False
old_state.pressures,4453524064,cpu:4951192576:8192,1024,torch.float64,8192,True,False,none,100,101,101,122,1,unresolved,unresolved,unresolved,unresolved,False,False
old_state.pressures,4454026128,cpu:4951192576:8192,1024,torch.float64,8192,True,False,none,100,138,138,139,1,unresolved,unresolved,unresolved,unresolved,False,False
old_state.pressures,4452570032,cpu:5394777600:8192,1024,torch.float64,8192,True,False,none,103,104,104,106,1,unresolved,unresolved,unresolved,unresolved,False,False
old_state.pressures,4452871824,cpu:4942289408:8192,1024,torch.float64,8192,True,False,none,104,105,105,106,0,unresolved,unresolved,unresolved,unresolved,False,False
old_state.pressures,4453817696,cpu:5665623040:8192,1024,torch.float64,8192,True,False,none,112,113,113,114,1,unresolved,unresolved,unresolved,unresolved,False,False
old_state.pressures,4453515344,cpu:5665451008:8192,1024,torch.float64,8192,True,False,none,115,116,116,117,0,unresolved,unresolved,unresolved,unresolved,False,False
old_state.pressures,4453922160,cpu:5665410048:8192,1024,torch.float64,8192,True,False,none,120,121,121,122,1,unresolved,unresolved,unresolved,unresolved,False,False
old_state.pressures,4451816928,cpu:5665475584:8192,1024,torch.float64,8192,True,False,none,128,129,129,131,1,unresolved,unresolved,unresolved,unresolved,False,False
old_state.pressures,4452570032,cpu:5394533888:8192,1024,torch.float64,8192,True,False,none,129,130,130,131,0,unresolved,unresolved,unresolved,unresolved,False,False
old_state.pressures,4453528864,cpu:5394925056:8192,1024,torch.float64,8192,True,False,none,131,132,132,134,1,unresolved,unresolved,unresolved,unresolved,False,False
old_state.pressures,4452319712,cpu:4951102464:8192,1024,torch.float64,8192,True,False,none,138,169,169,170,1,unresolved,unresolved,unresolved,unresolved,False,False
old_state.pressures,4454455312,cpu:4951102464:8192,1024,torch.float64,8192,True,False,none,138,150,150,162,1,unresolved,unresolved,unresolved,unresolved,False,False
old_state.pressures,4454338704,cpu:5665164288:8192,1024,torch.float64,8192,True,False,none,143,144,144,162,1,unresolved,unresolved,unresolved,unresolved,False,False
old_state.pressures,4454457952,cpu:5394978304:8192,1024,torch.float64,8192,True,False,none,146,161,161,162,1,unresolved,unresolved,unresolved,unresolved,False,False
old_state.pressures,4453254880,cpu:5665581056:8192,1024,torch.float64,8192,True,False,none,151,152,152,153,0,unresolved,unresolved,unresolved,unresolved,False,False
old_state.pressures,4453013760,cpu:5665418240:8192,1024,torch.float64,8192,True,False,none,154,155,155,157,0,unresolved,unresolved,unresolved,unresolved,False,False
old_state.pressures,4454347024,cpu:5394468352:8192,1024,torch.float64,8192,True,False,none,157,158,158,159,1,unresolved,unresolved,unresolved,unresolved,False,False
old_state.pressures,4454695792,cpu:5665582080:8192,1024,torch.float64,8192,True,False,none,163,164,164,165,2,unresolved,unresolved,unresolved,unresolved,False,False
old_state.pressures,4454707312,cpu:5394502656:8192,1024,torch.float64,8192,True,False,none,173,174,174,177,1,unresolved,unresolved,unresolved,unresolved,False,False
old_state.pressures,4453794752,cpu:4942206976:8192,1024,torch.float64,8192,True,False,none,175,176,176,177,0,unresolved,unresolved,unresolved,unresolved,False,False
old_state.pressures,4451431472,cpu:5394813952:8192,1024,torch.float64,8192,True,False,none,178,179,179,181,1,unresolved,unresolved,unresolved,unresolved,False,False
old_state.pressures,4453909200,cpu:5665262592:8192,1024,torch.float64,8192,True,False,none,179,180,180,181,0,unresolved,unresolved,unresolved,unresolved,False,False
old_state.pressures,4454453792,cpu:5665360896:8192,1024,torch.float64,8192,True,False,none,181,182,182,183,1,unresolved,unresolved,unresolved,unresolved,False,False
old_state.pressures,4454707392,cpu:5394473984:8192,1024,torch.float64,8192,True,False,none,184,185,185,186,1,unresolved,unresolved,unresolved,unresolved,False,False
old_state.pressures,4454705152,cpu:4942150144:8192,1024,torch.float64,8192,True,False,none,190,191,191,192,0,unresolved,unresolved,unresolved,unresolved,False,False
old_state.pressures,4454809760,cpu:5665057792:8192,1024,torch.float64,8192,True,False,none,192,193,193,194,1,unresolved,unresolved,unresolved,unresolved,False,False
old_state.velocities,4451374880,cpu:4941575680:16384,1024x2,torch.float64,16384,True,False,none,0,10,10,11,0,unresolved,unresolved,unresolved,unresolved,False,False
old_state.velocities,4452112800,cpu:5394378240:16384,1024x2,torch.float64,16384,True,False,none,1,37,37,39,1,unresolved,unresolved,unresolved,unresolved,False,False
old_state.velocities,4451375120,cpu:4941592064:16384,1024x2,torch.float64,16384,True,False,none,2,3,3,21,1,unresolved,unresolved,unresolved,unresolved,False,False
old_state.velocities,4453795712,cpu:4951144448:16384,1024x2,torch.float64,16384,True,False,none,2,188,188,189,1,unresolved,unresolved,unresolved,unresolved,False,False
old_state.velocities,4451424112,cpu:5394353664:16384,1024x2,torch.float64,16384,True,False,none,3,27,27,28,0,unresolved,unresolved,unresolved,unresolved,False,False
old_state.velocities,4454035568,cpu:4949817856:16384,1024x2,torch.float64,16384,True,False,none,3,141,141,142,1,unresolved,unresolved,unresolved,unresolved,False,False
old_state.velocities,4451269232,cpu:4942174720:16384,1024x2,torch.float64,16384,True,False,none,4,5,5,6,1,unresolved,unresolved,unresolved,unresolved,False,False
old_state.velocities,4453017440,cpu:4942174720:16384,1024x2,torch.float64,16384,True,False,none,4,180,180,181,0,unresolved,unresolved,unresolved,unresolved,False,False
old_state.velocities,4451652688,cpu:5664975872:16384,1024x2,torch.float64,16384,True,False,none,5,172,172,173,0,unresolved,unresolved,unresolved,unresolved,False,False
old_state.velocities,4452320432,cpu:5664975872:16384,1024x2,torch.float64,16384,True,False,none,5,40,40,41,1,unresolved,unresolved,unresolved,unresolved,False,False
old_state.velocities,4452567712,cpu:5664943104:16384,1024x2,torch.float64,16384,True,False,none,5,62,62,63,1,unresolved,unresolved,unresolved,unresolved,False,False
old_state.velocities,4453529184,cpu:4950599680:16384,1024x2,torch.float64,16384,True,False,none,5,132,132,134,1,unresolved,unresolved,unresolved,unresolved,False,False
old_state.velocities,4451420912,cpu:4942316032:16384,1024x2,torch.float64,16384,True,False,none,6,7,7,8,1,unresolved,unresolved,unresolved,unresolved,False,False
old_state.velocities,4451947040,cpu:5665025024:16384,1024x2,torch.float64,16384,True,False,none,6,52,52,53,0,unresolved,unresolved,unresolved,unresolved,False,False
old_state.velocities,4452324352,cpu:5665025024:16384,1024x2,torch.float64,16384,True,False,none,6,169,169,170,1,unresolved,unresolved,unresolved,unresolved,False,False
old_state.velocities,4454706832,cpu:5665041408:16384,1024x2,torch.float64,16384,True,False,none,8,174,174,177,1,unresolved,unresolved,unresolved,unresolved,False,False
old_state.velocities,4453909520,cpu:5394550272:16384,1024x2,torch.float64,16384,True,False,none,10,129,129,131,1,unresolved,unresolved,unresolved,unresolved,False,False
old_state.velocities,4454455232,cpu:5394550272:16384,1024x2,torch.float64,16384,True,False,none,10,150,150,162,1,unresolved,unresolved,unresolved,unresolved,False,False
old_state.velocities,4451653488,cpu:4942150144:16384,1024x2,torch.float64,16384,True,False,none,11,12,12,13,1,unresolved,unresolved,unresolved,unresolved,False,False
old_state.velocities,4452328352,cpu:5665123328:16384,1024x2,torch.float64,16384,True,False,none,13,43,43,44,1,unresolved,unresolved,unresolved,unresolved,False,False
old_state.velocities,4453524224,cpu:5665123328:16384,1024x2,torch.float64,16384,True,False,none,13,101,101,122,1,unresolved,unresolved,unresolved,unresolved,False,False
old_state.velocities,4451432272,cpu:5394419200:16384,1024x2,torch.float64,16384,True,False,none,14,54,54,165,1,unresolved,unresolved,unresolved,unresolved,False,False
old_state.velocities,4451812688,cpu:5394419200:16384,1024x2,torch.float64,16384,True,False,none,14,15,15,16,1,unresolved,unresolved,unresolved,unresolved,False,False
old_state.velocities,4451815088,cpu:5394435584:16384,1024x2,torch.float64,16384,True,False,none,14,94,94,95,0,unresolved,unresolved,unresolved,unresolved,False,False
old_state.velocities,4451268512,cpu:5665188864:16384,1024x2,torch.float64,16384,True,False,none,15,32,32,56,1,unresolved,unresolved,unresolved,unresolved,False,False
old_state.velocities,4451820688,cpu:5665270784:16384,1024x2,torch.float64,16384,True,False,none,17,18,18,19,1,unresolved,unresolved,unresolved,unresolved,False,False
old_state.velocities,4453016400,cpu:5394624000:16384,1024x2,torch.float64,16384,True,False,none,18,116,116,117,0,unresolved,unresolved,unresolved,unresolved,False,False
old_state.velocities,4451827488,cpu:5394689536:16384,1024x2,torch.float64,16384,True,False,none,19,20,20,21,1,unresolved,unresolved,unresolved,unresolved,False,False
old_state.velocities,4451956000,cpu:5665057792:16384,1024x2,torch.float64,16384,True,False,none,20,29,29,30,1,unresolved,unresolved,unresolved,unresolved,False,False
old_state.velocities,4452106320,cpu:5665090560:16384,1024x2,torch.float64,16384,True,False,none,20,35,35,36,1,unresolved,unresolved,unresolved,unresolved,False,False
old_state.velocities,4451951120,cpu:5394804224:16384,1024x2,torch.float64,16384,True,False,none,22,23,23,24,2,unresolved,unresolved,unresolved,unresolved,False,False
old_state.velocities,4451824368,cpu:5665287168:16384,1024x2,torch.float64,16384,True,False,none,23,55,55,165,0,unresolved,unresolved,unresolved,unresolved,False,False
old_state.velocities,4451958560,cpu:4941600256:16384,1024x2,torch.float64,16384,True,False,none,25,26,26,28,1,unresolved,unresolved,unresolved,unresolved,False,False
old_state.velocities,4452116400,cpu:4942074880:16384,1024x2,torch.float64,16384,True,False,none,45,46,46,47,0,unresolved,unresolved,unresolved,unresolved,False,False
old_state.velocities,4453915680,cpu:4942074880:16384,1024x2,torch.float64,16384,True,False,none,45,121,121,122,1,unresolved,unresolved,unresolved,unresolved,False,False
old_state.velocities,4452438800,cpu:5394604544:16384,1024x2,torch.float64,16384,True,False,none,47,48,48,49,1,unresolved,unresolved,unresolved,unresolved,False,False
old_state.velocities,4452565872,cpu:5394670080:16384,1024x2,torch.float64,16384,True,False,none,50,51,51,53,1,unresolved,unresolved,unresolved,unresolved,False,False
old_state.velocities,4452324352,cpu:5394744832:16384,1024x2,torch.float64,16384,True,False,none,55,56,56,165,2,unresolved,unresolved,unresolved,unresolved,False,False
old_state.velocities,4452334832,cpu:4942182912:16384,1024x2,torch.float64,16384,True,False,none,56,57,57,165,2,unresolved,unresolved,unresolved,unresolved,False,False
old_state.velocities,4452872624,cpu:4942199296:16384,1024x2,torch.float64,16384,True,False,none,57,76,76,78,0,unresolved,unresolved,unresolved,unresolved,False,False
old_state.velocities,4452329552,cpu:4942215680:16384,1024x2,torch.float64,16384,True,False,none,58,79,79,81,1,unresolved,unresolved,unresolved,unresolved,False,False
old_state.velocities,4452434720,cpu:5394892288:16384,1024x2,torch.float64,16384,True,False,none,58,59,59,60,1,unresolved,unresolved,unresolved,unresolved,False,False
old_state.velocities,4453517344,cpu:5394859520:16384,1024x2,torch.float64,16384,True,False,none,58,133,133,134,0,unresolved,unresolved,unresolved,unresolved,False,False
old_state.velocities,4453812096,cpu:4942215680:16384,1024x2,torch.float64,16384,True,False,none,58,135,135,136,1,unresolved,unresolved,unresolved,unresolved,False,False
old_state.velocities,4453920640,cpu:5394892288:16384,1024x2,torch.float64,16384,True,False,none,58,125,125,127,0,unresolved,unresolved,unresolved,unresolved,False,False
old_state.velocities,4454334544,cpu:4942215680:16384,1024x2,torch.float64,16384,True,False,none,58,158,158,159,1,unresolved,unresolved,unresolved,unresolved,False,False
old_state.velocities,4454695872,cpu:5394859520:16384,1024x2,torch.float64,16384,True,False,none,58,164,164,165,2,unresolved,unresolved,unresolved,unresolved,False,False
old_state.velocities,4454027648,cpu:5394810368:16384,1024x2,torch.float64,16384,True,False,none,59,124,124,127,2,unresolved,unresolved,unresolved,unresolved,False,False
old_state.velocities,4454347984,cpu:5394777600:16384,1024x2,torch.float64,16384,True,False,none,59,151,151,153,0,unresolved,unresolved,unresolved,unresolved,False,False
old_state.velocities,4454023888,cpu:5665336320:16384,1024x2,torch.float64,16384,True,False,none,60,138,138,139,1,unresolved,unresolved,unresolved,unresolved,False,False
old_state.velocities,4452435600,cpu:4942264832:16384,1024x2,torch.float64,16384,True,False,none,61,65,65,66,0,unresolved,unresolved,unresolved,unresolved,False,False
old_state.velocities,4453363584,cpu:4942264832:16384,1024x2,torch.float64,16384,True,False,none,61,96,96,97,1,unresolved,unresolved,unresolved,unresolved,False,False
old_state.velocities,4453022480,cpu:4949850624:16384,1024x2,torch.float64,16384,True,False,none,65,85,85,86,1,unresolved,unresolved,unresolved,unresolved,False,False
old_state.velocities,4454894160,cpu:4949850624:16384,1024x2,torch.float64,16384,True,False,none,65,199,199,200,1,unresolved,unresolved,unresolved,unresolved,False,False
old_state.velocities,4452865344,cpu:5665478656:16384,1024x2,torch.float64,16384,True,False,none,66,67,67,68,1,unresolved,unresolved,unresolved,unresolved,False,False
old_state.velocities,4451811568,cpu:4942297600:16384,1024x2,torch.float64,16384,True,False,none,68,77,77,78,0,unresolved,unresolved,unresolved,unresolved,False,False
old_state.velocities,4453258080,cpu:4942297600:16384,1024x2,torch.float64,16384,True,False,none,68,107,107,108,1,unresolved,unresolved,unresolved,unresolved,False,False
old_state.velocities,4451949920,cpu:4949883392:16384,1024x2,torch.float64,16384,True,False,none,69,105,105,106,0,unresolved,unresolved,unresolved,unresolved,False,False
old_state.velocities,4452875744,cpu:4949883392:16384,1024x2,torch.float64,16384,True,False,none,69,70,70,71,1,unresolved,unresolved,unresolved,unresolved,False,False
old_state.velocities,4452112800,cpu:4942313984:16384,1024x2,torch.float64,16384,True,False,none,70,80,80,81,0,unresolved,unresolved,unresolved,unresolved,False,False
old_state.velocities,4453520944,cpu:4942313984:16384,1024x2,torch.float64,16384,True,False,none,70,99,99,122,1,unresolved,unresolved,unresolved,unresolved,False,False
old_state.velocities,4453014400,cpu:4949899776:16384,1024x2,torch.float64,16384,True,False,none,72,73,73,74,1,unresolved,unresolved,unresolved,unresolved,False,False
old_state.velocities,4453268640,cpu:5665401856:16384,1024x2,torch.float64,16384,True,False,none,78,91,91,92,0,unresolved,unresolved,unresolved,unresolved,False,False
old_state.velocities,4451951680,cpu:5665467392:16384,1024x2,torch.float64,16384,True,False,none,81,102,102,103,0,unresolved,unresolved,unresolved,unresolved,False,False
old_state.velocities,4452574752,cpu:5665467392:16384,1024x2,torch.float64,16384,True,False,none,81,82,82,83,1,unresolved,unresolved,unresolved,unresolved,False,False
old_state.velocities,4453017280,cpu:5665434624:16384,1024x2,torch.float64,16384,True,False,none,81,155,155,157,0,unresolved,unresolved,unresolved,unresolved,False,False
old_state.velocities,4453261840,cpu:5665516544:16384,1024x2,torch.float64,16384,True,False,none,81,88,88,89,1,unresolved,unresolved,unresolved,unresolved,False,False
old_state.velocities,4453530544,cpu:5665516544:16384,1024x2,torch.float64,16384,True,False,none,81,110,110,111,1,unresolved,unresolved,unresolved,unresolved,False,False
old_state.velocities,4453924640,cpu:5394501120:16384,1024x2,torch.float64,16384,True,False,none,91,126,126,127,0,unresolved,unresolved,unresolved,unresolved,False,False
old_state.velocities,4453363584,cpu:5394476544:16384,1024x2,torch.float64,16384,True,False,none,99,100,100,122,1,unresolved,unresolved,unresolved,unresolved,False,False
old_state.velocities,4452568272,cpu:5665572864:16384,1024x2,torch.float64,16384,True,False,none,103,104,104,106,1,unresolved,unresolved,unresolved,unresolved,False,False
old_state.velocities,4453362544,cpu:5665532928:16384,1024x2,torch.float64,16384,True,False,none,103,156,156,157,0,unresolved,unresolved,unresolved,unresolved,False,False
old_state.velocities,4453815856,cpu:5665654784:16384,1024x2,torch.float64,16384,True,False,none,112,113,113,114,1,unresolved,unresolved,unresolved,unresolved,False,False
old_state.velocities,4453910320,cpu:5665655808:16384,1024x2,torch.float64,16384,True,False,none,117,118,118,119,1,unresolved,unresolved,unresolved,unresolved,False,False
old_state.velocities,4454457872,cpu:5665565696:16384,1024x2,torch.float64,16384,True,False,none,120,161,161,162,1,unresolved,unresolved,unresolved,unresolved,False,False
old_state.velocities,4453262560,cpu:5665459200:16384,1024x2,torch.float64,16384,True,False,none,121,130,130,131,0,unresolved,unresolved,unresolved,unresolved,False,False
old_state.velocities,4454338624,cpu:5394994688:16384,1024x2,torch.float64,16384,True,False,none,137,144,144,162,1,unresolved,unresolved,unresolved,unresolved,False,False
old_state.velocities,4454348384,cpu:5665507328:16384,1024x2,torch.float64,16384,True,False,none,146,147,147,148,1,unresolved,unresolved,unresolved,unresolved,False,False
old_state.velocities,4453010080,cpu:5665589248:16384,1024x2,torch.float64,16384,True,False,none,151,152,152,153,0,unresolved,unresolved,unresolved,unresolved,False,False
old_state.velocities,4451943360,cpu:5394396672:16384,1024x2,torch.float64,16384,True,False,none,174,175,175,177,0,unresolved,unresolved,unresolved,unresolved,False,False
old_state.velocities,4453794832,cpu:5394641920:16384,1024x2,torch.float64,16384,True,False,none,175,176,176,177,0,unresolved,unresolved,unresolved,unresolved,False,False
old_state.velocities,4454037888,cpu:5394830336:16384,1024x2,torch.float64,16384,True,False,none,178,179,179,181,1,unresolved,unresolved,unresolved,unresolved,False,False
old_state.velocities,4454450832,cpu:5394649088:16384,1024x2,torch.float64,16384,True,False,none,181,182,182,183,1,unresolved,unresolved,unresolved,unresolved,False,False
old_state.velocities,4454706032,cpu:5394490368:16384,1024x2,torch.float64,16384,True,False,none,184,185,185,186,1,unresolved,unresolved,unresolved,unresolved,False,False
old_state.velocities,4454458592,cpu:4942166528:16384,1024x2,torch.float64,16384,True,False,none,190,191,191,192,0,unresolved,unresolved,unresolved,unresolved,False,False
old_state.velocities,4454810800,cpu:5665065984:16384,1024x2,torch.float64,16384,True,False,none,192,193,193,194,1,unresolved,unresolved,unresolved,unresolved,False,False
old_state.velocities,4454819440,cpu:5665262592:16384,1024x2,torch.float64,16384,True,False,none,195,196,196,197,1,unresolved,unresolved,unresolved,unresolved,False,False
start_stage_neighborhood.displacement,4451419792,cpu:5772509184:1327104,82944x2,torch.float64,1327104,True,False,none,0,10,10,11,0,unresolved,unresolved,unresolved,unresolved,False,False
start_stage_neighborhood.displacement,4454706752,cpu:5772509184:1327104,82944x2,torch.float64,1327104,True,False,none,0,191,191,192,0,unresolved,unresolved,unresolved,unresolved,False,False
start_stage_neighborhood.displacement,4451948480,cpu:5237800960:1327104,82944x2,torch.float64,1327104,True,False,none,2,52,52,53,0,unresolved,unresolved,unresolved,unresolved,False,False
start_stage_neighborhood.displacement,4452438560,cpu:5237800960:1327104,82944x2,torch.float64,1327104,True,False,none,2,59,59,60,1,unresolved,unresolved,unresolved,unresolved,False,False
start_stage_neighborhood.displacement,4452872944,cpu:5237800960:1327104,82944x2,torch.float64,1327104,True,False,none,2,76,76,78,0,unresolved,unresolved,unresolved,unresolved,False,False
start_stage_neighborhood.displacement,4453259600,cpu:5237800960:1327104,82944x2,torch.float64,1327104,True,False,none,2,91,91,92,0,unresolved,unresolved,unresolved,unresolved,False,False
start_stage_neighborhood.displacement,4453262560,cpu:5237800960:1327104,82944x2,torch.float64,1327104,True,False,none,2,125,125,127,0,unresolved,unresolved,unresolved,unresolved,False,False
start_stage_neighborhood.displacement,4451269552,cpu:5773524992:1327104,82944x2,torch.float64,1327104,True,False,none,3,5,5,6,1,unresolved,unresolved,unresolved,unresolved,False,False
start_stage_neighborhood.displacement,4453525504,cpu:5239144448:1327104,82944x2,torch.float64,1327104,True,False,none,3,132,132,134,1,unresolved,unresolved,unresolved,unresolved,False,False
start_stage_neighborhood.displacement,4451419552,cpu:5245206528:1327104,82944x2,torch.float64,1327104,True,False,none,5,7,7,8,1,unresolved,unresolved,unresolved,unresolved,False,False
start_stage_neighborhood.displacement,4451653648,cpu:5778964480:1327104,82944x2,torch.float64,1327104,True,False,none,10,12,12,13,1,unresolved,unresolved,unresolved,unresolved,False,False
start_stage_neighborhood.displacement,4452108560,cpu:5778964480:1327104,82944x2,torch.float64,1327104,True,False,none,10,35,35,36,1,unresolved,unresolved,unresolved,unresolved,False,False
start_stage_neighborhood.displacement,4454710352,cpu:5240487936:1327104,82944x2,torch.float64,1327104,True,False,none,10,175,175,177,0,unresolved,unresolved,unresolved,unresolved,False,False
start_stage_neighborhood.displacement,4451265712,cpu:5242519552:1327104,82944x2,torch.float64,1327104,True,False,none,12,32,32,33,1,unresolved,unresolved,unresolved,unresolved,False,False
start_stage_neighborhood.displacement,4451812048,cpu:5781651456:1327104,82944x2,torch.float64,1327104,True,False,none,13,15,15,21,1,unresolved,unresolved,unresolved,unresolved,False,False
start_stage_neighborhood.displacement,4452112720,cpu:5781651456:1327104,82944x2,torch.float64,1327104,True,False,none,13,37,37,39,1,unresolved,unresolved,unresolved,unresolved,False,False
start_stage_neighborhood.displacement,4451420432,cpu:5775228928:1327104,82944x2,torch.float64,1327104,True,False,none,14,54,54,165,1,unresolved,unresolved,unresolved,unresolved,False,False
start_stage_neighborhood.displacement,4451426432,cpu:5773197312:1327104,82944x2,torch.float64,1327104,True,False,none,14,27,27,28,0,unresolved,unresolved,unresolved,unresolved,False,False
start_stage_neighborhood.displacement,4453020720,cpu:5773197312:1327104,82944x2,torch.float64,1327104,True,False,none,14,180,180,181,0,unresolved,unresolved,unresolved,unresolved,False,False
start_stage_neighborhood.displacement,4451821168,cpu:5777915904:1327104,82944x2,torch.float64,1327104,True,False,none,16,18,18,19,1,unresolved,unresolved,unresolved,unresolved,False,False
start_stage_neighborhood.displacement,4451826768,cpu:5243895808:1327104,82944x2,torch.float64,1327104,True,False,none,18,20,20,21,1,unresolved,unresolved,unresolved,unresolved,False,False
start_stage_neighborhood.displacement,4452108160,cpu:5773885440:1327104,82944x2,torch.float64,1327104,True,False,none,20,46,46,47,0,unresolved,unresolved,unresolved,unresolved,False,False
start_stage_neighborhood.displacement,4451951360,cpu:5239832576:1327104,82944x2,torch.float64,1327104,True,False,none,21,23,23,24,2,unresolved,unresolved,unresolved,unresolved,False,False
start_stage_neighborhood.displacement,4452440080,cpu:5239832576:1327104,82944x2,torch.float64,1327104,True,False,none,21,48,48,49,1,unresolved,unresolved,unresolved,unresolved,False,False
start_stage_neighborhood.displacement,4452864704,cpu:5239832576:1327104,82944x2,torch.float64,1327104,True,False,none,21,67,67,89,1,unresolved,unresolved,unresolved,unresolved,False,False
start_stage_neighborhood.displacement,4452106320,cpu:5785714688:1327104,82944x2,torch.float64,1327104,True,False,none,24,26,26,28,1,unresolved,unresolved,unresolved,unresolved,False,False
start_stage_neighborhood.displacement,4452319952,cpu:5243207680:1327104,82944x2,torch.float64,1327104,True,False,none,26,79,79,89,1,unresolved,unresolved,unresolved,unresolved,False,False
start_stage_neighborhood.displacement,4451949760,cpu:5244551168:1327104,82944x2,torch.float64,1327104,True,False,none,27,29,29,30,1,unresolved,unresolved,unresolved,unresolved,False,False
start_stage_neighborhood.displacement,4454337024,cpu:5238489088:1327104,82944x2,torch.float64,1327104,True,False,none,36,151,151,153,0,unresolved,unresolved,unresolved,unresolved,False,False
start_stage_neighborhood.displacement,4452320112,cpu:5241176064:1327104,82944x2,torch.float64,1327104,True,False,none,38,40,40,41,1,unresolved,unresolved,unresolved,unresolved,False,False
start_stage_neighborhood.displacement,4452328512,cpu:5244583936:1327104,82944x2,torch.float64,1327104,True,False,none,41,43,43,56,1,unresolved,unresolved,unresolved,unresolved,False,False
start_stage_neighborhood.displacement,4454348464,cpu:5244583936:1327104,82944x2,torch.float64,1327104,True,False,none,41,158,158,159,1,unresolved,unresolved,unresolved,unresolved,False,False
start_stage_neighborhood.displacement,4452321712,cpu:5780635648:1327104,82944x2,torch.float64,1327104,True,False,none,49,56,56,165,2,unresolved,unresolved,unresolved,unresolved,False,False
start_stage_neighborhood.displacement,4452565072,cpu:5780635648:1327104,82944x2,torch.float64,1327104,True,False,none,49,51,51,53,1,unresolved,unresolved,unresolved,unresolved,False,False
start_stage_neighborhood.displacement,4453795792,cpu:5780635648:1327104,82944x2,torch.float64,1327104,True,False,none,49,188,188,200,1,unresolved,unresolved,unresolved,unresolved,False,False
start_stage_neighborhood.displacement,4454452032,cpu:5780635648:1327104,82944x2,torch.float64,1327104,True,False,none,49,182,182,183,1,unresolved,unresolved,unresolved,unresolved,False,False
start_stage_neighborhood.displacement,4452448160,cpu:5241864192:1327104,82944x2,torch.float64,1327104,True,False,none,51,80,80,81,0,unresolved,unresolved,unresolved,unresolved,False,False
start_stage_neighborhood.displacement,4451658608,cpu:5777260544:1327104,82944x2,torch.float64,1327104,True,False,none,53,55,55,165,0,unresolved,unresolved,unresolved,unresolved,False,False
start_stage_neighborhood.displacement,4452319712,cpu:4972740608:1327104,82944x2,torch.float64,1327104,True,False,none,55,57,57,165,2,unresolved,unresolved,unresolved,unresolved,False,False
start_stage_neighborhood.displacement,4452875424,cpu:5511806976:1327104,82944x2,torch.float64,1327104,True,False,none,56,70,70,71,1,unresolved,unresolved,unresolved,unresolved,False,False
start_stage_neighborhood.displacement,4453021760,cpu:5785681920:1327104,82944x2,torch.float64,1327104,True,False,none,57,116,116,117,0,unresolved,unresolved,unresolved,unresolved,False,False
start_stage_neighborhood.displacement,4453021840,cpu:5249269760:1327104,82944x2,torch.float64,1327104,True,False,none,58,94,94,95,0,unresolved,unresolved,unresolved,unresolved,False,False
start_stage_neighborhood.displacement,4453520304,cpu:5249269760:1327104,82944x2,torch.float64,1327104,True,False,none,58,99,99,122,1,unresolved,unresolved,unresolved,unresolved,False,False
start_stage_neighborhood.displacement,4453918560,cpu:5249269760:1327104,82944x2,torch.float64,1327104,True,False,none,58,129,129,131,1,unresolved,unresolved,unresolved,unresolved,False,False
start_stage_neighborhood.displacement,4451431712,cpu:5250613248:1327104,82944x2,torch.float64,1327104,True,False,none,59,77,77,78,0,unresolved,unresolved,unresolved,unresolved,False,False
start_stage_neighborhood.displacement,4454695632,cpu:5250613248:1327104,82944x2,torch.float64,1327104,True,False,none,59,164,164,165,2,unresolved,unresolved,unresolved,unresolved,False,False
start_stage_neighborhood.displacement,4452574112,cpu:5787713536:1327104,82944x2,torch.float64,1327104,True,False,none,60,62,62,63,1,unresolved,unresolved,unresolved,unresolved,False,False
start_stage_neighborhood.displacement,4452438160,cpu:5515214848:1327104,82944x2,torch.float64,1327104,True,False,none,63,65,65,66,0,unresolved,unresolved,unresolved,unresolved,False,False
start_stage_neighborhood.displacement,4452874464,cpu:5515902976:1327104,82944x2,torch.float64,1327104,True,False,none,71,105,105,106,0,unresolved,unresolved,unresolved,unresolved,False,False
start_stage_neighborhood.displacement,4453014960,cpu:5791121408:1327104,82944x2,torch.float64,1327104,True,False,none,71,73,73,89,1,unresolved,unresolved,unresolved,unresolved,False,False
start_stage_neighborhood.displacement,4453362944,cpu:4975460352:1327104,82944x2,torch.float64,1327104,True,False,none,76,96,96,97,1,unresolved,unresolved,unresolved,unresolved,False,False
start_stage_neighborhood.displacement,4453360384,cpu:5793841152:1327104,82944x2,torch.float64,1327104,True,False,none,78,156,156,157,0,unresolved,unresolved,unresolved,unresolved,False,False
start_stage_neighborhood.displacement,4452578912,cpu:5788401664:1327104,82944x2,torch.float64,1327104,True,False,none,80,82,82,83,1,unresolved,unresolved,unresolved,unresolved,False,False
start_stage_neighborhood.displacement,4453253360,cpu:4976148480:1327104,82944x2,torch.float64,1327104,True,False,none,83,85,85,89,1,unresolved,unresolved,unresolved,unresolved,False,False
start_stage_neighborhood.displacement,4453261200,cpu:5251334144:1327104,82944x2,torch.float64,1327104,True,False,none,86,88,88,89,1,unresolved,unresolved,unresolved,unresolved,False,False
start_stage_neighborhood.displacement,4452332592,cpu:5787746304:1327104,82944x2,torch.float64,1327104,True,False,none,88,126,126,127,0,unresolved,unresolved,unresolved,unresolved,False,False
start_stage_neighborhood.displacement,4453352864,cpu:5790466048:1327104,82944x2,torch.float64,1327104,True,False,none,91,93,93,122,1,unresolved,unresolved,unresolved,unresolved,False,False
start_stage_neighborhood.displacement,4453363664,cpu:5787025408:1327104,82944x2,torch.float64,1327104,True,False,none,98,100,100,122,1,unresolved,unresolved,unresolved,unresolved,False,False
start_stage_neighborhood.displacement,4453523504,cpu:5789057024:1327104,82944x2,torch.float64,1327104,True,False,none,99,101,101,122,1,unresolved,unresolved,unresolved,unresolved,False,False
start_stage_neighborhood.displacement,4451949920,cpu:5792497664:1327104,82944x2,torch.float64,1327104,True,False,none,100,102,102,103,0,unresolved,unresolved,unresolved,unresolved,False,False
start_stage_neighborhood.displacement,4452567792,cpu:5799903232:1327104,82944x2,torch.float64,1327104,True,False,none,102,104,104,122,1,unresolved,unresolved,unresolved,unresolved,False,False
start_stage_neighborhood.displacement,4454026768,cpu:5241896960:1327104,82944x2,torch.float64,1327104,True,False,none,102,124,124,165,2,unresolved,unresolved,unresolved,unresolved,False,False
start_stage_neighborhood.displacement,4453524304,cpu:5512593408:1327104,82944x2,torch.float64,1327104,True,False,none,103,133,133,134,0,unresolved,unresolved,unresolved,unresolved,False,False
start_stage_neighborhood.displacement,4453258000,cpu:5791809536:1327104,82944x2,torch.float64,1327104,True,False,none,105,107,107,122,1,unresolved,unresolved,unresolved,unresolved,False,False
start_stage_neighborhood.displacement,4453530464,cpu:5797281792:1327104,82944x2,torch.float64,1327104,True,False,none,108,110,110,111,1,unresolved,unresolved,unresolved,unresolved,False,False
start_stage_neighborhood.displacement,4453817216,cpu:5803278336:1327104,82944x2,torch.float64,1327104,True,False,none,111,113,113,122,1,unresolved,unresolved,unresolved,unresolved,False,False
start_stage_neighborhood.displacement,4453911840,cpu:5805998080:1327104,82944x2,torch.float64,1327104,True,False,none,116,118,118,119,1,unresolved,unresolved,unresolved,unresolved,False,False
start_stage_neighborhood.displacement,4453921200,cpu:5518589952:1327104,82944x2,torch.float64,1327104,True,False,none,119,121,121,122,1,unresolved,unresolved,unresolved,unresolved,False,False
start_stage_neighborhood.displacement,4452569392,cpu:5244616704:1327104,82944x2,torch.float64,1327104,True,False,none,128,130,130,131,0,unresolved,unresolved,unresolved,unresolved,False,False
start_stage_neighborhood.displacement,4454337904,cpu:5244616704:1327104,82944x2,torch.float64,1327104,True,False,none,128,144,144,145,1,unresolved,unresolved,unresolved,unresolved,False,False
start_stage_neighborhood.displacement,4453814256,cpu:5790826496:1327104,82944x2,torch.float64,1327104,True,False,none,133,135,135,136,1,unresolved,unresolved,unresolved,unresolved,False,False
start_stage_neighborhood.displacement,4454029488,cpu:4985028608:1327104,82944x2,torch.float64,1327104,True,False,none,136,138,138,139,1,unresolved,unresolved,unresolved,unresolved,False,False
start_stage_neighborhood.displacement,4454034128,cpu:5800984576:1327104,82944x2,torch.float64,1327104,True,False,none,139,141,141,162,1,unresolved,unresolved,unresolved,unresolved,False,False
start_stage_neighborhood.displacement,4453259520,cpu:5797937152:1327104,82944x2,torch.float64,1327104,True,False,none,141,155,155,157,0,unresolved,unresolved,unresolved,unresolved,False,False
start_stage_neighborhood.displacement,4454347184,cpu:5794529280:1327104,82944x2,torch.float64,1327104,True,False,none,145,147,147,148,1,unresolved,unresolved,unresolved,unresolved,False,False
start_stage_neighborhood.displacement,4454453552,cpu:5799313408:1327104,82944x2,torch.float64,1327104,True,False,none,146,161,161,162,1,unresolved,unresolved,unresolved,unresolved,False,False
start_stage_neighborhood.displacement,4454454752,cpu:5802328064:1327104,82944x2,torch.float64,1327104,True,False,none,148,150,150,153,1,unresolved,unresolved,unresolved,unresolved,False,False
start_stage_neighborhood.displacement,4453017280,cpu:5805047808:1327104,82944x2,torch.float64,1327104,True,False,none,150,152,152,153,0,unresolved,unresolved,unresolved,unresolved,False,False
start_stage_neighborhood.displacement,4452322992,cpu:5255331840:1327104,82944x2,torch.float64,1327104,True,False,none,167,169,169,170,1,unresolved,unresolved,unresolved,unresolved,False,False
start_stage_neighborhood.displacement,4452110480,cpu:5774180352:1327104,82944x2,torch.float64,1327104,True,False,none,170,172,172,173,0,unresolved,unresolved,unresolved,unresolved,False,False
start_stage_neighborhood.displacement,4454707392,cpu:5782667264:1327104,82944x2,torch.float64,1327104,True,False,none,172,174,174,177,1,unresolved,unresolved,unresolved,unresolved,False,False
start_stage_neighborhood.displacement,4453794592,cpu:5507710976:1327104,82944x2,torch.float64,1327104,True,False,none,174,176,176,177,0,unresolved,unresolved,unresolved,unresolved,False,False
start_stage_neighborhood.displacement,4454894240,cpu:5245566976:1327104,82944x2,torch.float64,1327104,True,False,none,176,199,199,200,1,unresolved,unresolved,unresolved,unresolved,False,False
start_stage_neighborhood.displacement,4451428752,cpu:5784698880:1327104,82944x2,torch.float64,1327104,True,False,none,177,179,179,181,1,unresolved,unresolved,unresolved,unresolved,False,False
start_stage_neighborhood.displacement,4454704192,cpu:5783322624:1327104,82944x2,torch.float64,1327104,True,False,none,183,185,185,186,1,unresolved,unresolved,unresolved,unresolved,False,False
start_stage_neighborhood.displacement,4454810560,cpu:5783322624:1327104,82944x2,torch.float64,1327104,True,False,none,183,193,193,200,1,unresolved,unresolved,unresolved,unresolved,False,False
start_stage_neighborhood.displacement,4454820160,cpu:5242880000:1327104,82944x2,torch.float64,1327104,True,False,none,186,196,196,197,1,unresolved,unresolved,unresolved,unresolved,False,False
start_stage_neighborhood.distance,4451820368,cpu:5243207680:663552,82944,torch.float64,663552,True,False,none,0,18,18,19,1,unresolved,unresolved,unresolved,unresolved,False,False
start_stage_neighborhood.distance,4453529904,cpu:5239865344:663552,82944,torch.float64,663552,True,False,none,0,110,110,111,1,unresolved,unresolved,unresolved,unresolved,False,False
start_stage_neighborhood.distance,4451652688,cpu:5506367488:663552,82944,torch.float64,663552,True,False,none,2,55,55,165,0,unresolved,unresolved,unresolved,unresolved,False,False
start_stage_neighborhood.distance,4451945040,cpu:5506367488:663552,82944,torch.float64,663552,True,False,none,2,29,29,30,1,unresolved,unresolved,unresolved,unresolved,False,False
start_stage_neighborhood.distance,4452565312,cpu:5506367488:663552,82944,torch.float64,663552,True,False,none,2,51,51,53,1,unresolved,unresolved,unresolved,unresolved,False,False
start_stage_neighborhood.distance,4454894720,cpu:5506367488:663552,82944,torch.float64,663552,True,False,none,2,199,199,200,1,unresolved,unresolved,unresolved,unresolved,False,False
start_stage_neighborhood.distance,4451270432,cpu:5242486784:663552,82944,torch.float64,663552,True,False,none,3,5,5,6,1,unresolved,unresolved,unresolved,unresolved,False,False
start_stage_neighborhood.distance,4453797232,cpu:5508825088:663552,82944,torch.float64,663552,True,False,none,4,188,188,200,1,unresolved,unresolved,unresolved,unresolved,False,False
start_stage_neighborhood.distance,4451419712,cpu:5247205376:663552,82944,torch.float64,663552,True,False,none,5,7,7,8,1,unresolved,unresolved,unresolved,unresolved,False,False
start_stage_neighborhood.distance,4453519904,cpu:5237800960:663552,82944,torch.float64,663552,True,False,none,6,99,99,122,1,unresolved,unresolved,unresolved,unresolved,False,False
start_stage_neighborhood.distance,4454023648,cpu:5237800960:663552,82944,torch.float64,663552,True,False,none,6,138,138,139,1,unresolved,unresolved,unresolved,unresolved,False,False
start_stage_neighborhood.distance,4454338224,cpu:5237800960:663552,82944,torch.float64,663552,True,False,none,6,144,144,145,1,unresolved,unresolved,unresolved,unresolved,False,False
start_stage_neighborhood.distance,4451429152,cpu:5773852672:663552,82944,torch.float64,663552,True,False,none,8,10,10,11,0,unresolved,unresolved,unresolved,unresolved,False,False
start_stage_neighborhood.distance,4453011920,cpu:4972052480:663552,82944,torch.float64,663552,True,False,none,8,152,152,153,0,unresolved,unresolved,unresolved,unresolved,False,False
start_stage_neighborhood.distance,4453022480,cpu:4972052480:663552,82944,torch.float64,663552,True,False,none,8,94,94,95,0,unresolved,unresolved,unresolved,unresolved,False,False
start_stage_neighborhood.distance,4454452592,cpu:4972052480:663552,82944,torch.float64,663552,True,False,none,8,161,161,162,1,unresolved,unresolved,unresolved,unresolved,False,False
start_stage_neighborhood.distance,4451652608,cpu:5241831424:663552,82944,torch.float64,663552,True,False,none,10,12,12,13,1,unresolved,unresolved,unresolved,unresolved,False,False
start_stage_neighborhood.distance,4454708352,cpu:5241831424:663552,82944,torch.float64,663552,True,False,none,10,191,191,192,0,unresolved,unresolved,unresolved,unresolved,False,False
start_stage_neighborhood.distance,4451430432,cpu:5239144448:663552,82944,torch.float64,663552,True,False,none,11,77,77,78,0,unresolved,unresolved,unresolved,unresolved,False,False
start_stage_neighborhood.distance,4451826848,cpu:5239144448:663552,82944,torch.float64,663552,True,False,none,11,20,20,21,1,unresolved,unresolved,unresolved,unresolved,False,False
start_stage_neighborhood.distance,4454710512,cpu:5506695168:663552,82944,torch.float64,663552,True,False,none,11,175,175,177,0,unresolved,unresolved,unresolved,unresolved,False,False
start_stage_neighborhood.distance,4451811568,cpu:5245927424:663552,82944,torch.float64,663552,True,False,none,13,15,15,21,1,unresolved,unresolved,unresolved,unresolved,False,False
start_stage_neighborhood.distance,4452122160,cpu:5246943232:663552,82944,torch.float64,663552,True,False,none,14,46,46,47,0,unresolved,unresolved,unresolved,unresolved,False,False
start_stage_neighborhood.distance,4453794192,cpu:5509054464:663552,82944,torch.float64,663552,True,False,none,15,176,176,177,0,unresolved,unresolved,unresolved,unresolved,False,False
start_stage_neighborhood.distance,4452319392,cpu:5242519552:663552,82944,torch.float64,663552,True,False,none,18,40,40,41,1,unresolved,unresolved,unresolved,unresolved,False,False
start_stage_neighborhood.distance,4451951760,cpu:5779292160:663552,82944,torch.float64,663552,True,False,none,21,23,23,24,2,unresolved,unresolved,unresolved,unresolved,False,False
start_stage_neighborhood.distance,4451427712,cpu:5238784000:663552,82944,torch.float64,663552,True,False,none,22,27,27,28,0,unresolved,unresolved,unresolved,unresolved,False,False
start_stage_neighborhood.distance,4453923280,cpu:5238784000:663552,82944,torch.float64,663552,True,False,none,22,180,180,181,0,unresolved,unresolved,unresolved,unresolved,False,False
start_stage_neighborhood.distance,4452106560,cpu:5507055616:663552,82944,torch.float64,663552,True,False,none,24,26,26,28,1,unresolved,unresolved,unresolved,unresolved,False,False
start_stage_neighborhood.distance,4451267872,cpu:5776900096:663552,82944,torch.float64,663552,True,False,none,30,32,32,33,1,unresolved,unresolved,unresolved,unresolved,False,False
start_stage_neighborhood.distance,4454710512,cpu:5241503744:663552,82944,torch.float64,663552,True,False,none,31,185,185,186,1,unresolved,unresolved,unresolved,unresolved,False,False
start_stage_neighborhood.distance,4451374160,cpu:4970053632:663552,82944,torch.float64,663552,True,False,none,33,35,35,36,0,unresolved,unresolved,unresolved,unresolved,False,False
start_stage_neighborhood.distance,4453253520,cpu:5245894656:663552,82944,torch.float64,663552,True,False,none,33,85,85,89,1,unresolved,unresolved,unresolved,unresolved,False,False
start_stage_neighborhood.distance,4452111840,cpu:5246910464:663552,82944,torch.float64,663552,True,False,none,35,37,37,39,1,unresolved,unresolved,unresolved,unresolved,False,False
start_stage_neighborhood.distance,4454706032,cpu:5773197312:663552,82944,torch.float64,663552,True,False,none,40,174,174,177,1,unresolved,unresolved,unresolved,unresolved,False,False
start_stage_neighborhood.distance,4452327792,cpu:4969332736:663552,82944,torch.float64,663552,True,False,none,41,43,43,56,1,unresolved,unresolved,unresolved,unresolved,False,False
start_stage_neighborhood.distance,4452872704,cpu:4971397120:663552,82944,torch.float64,663552,True,False,none,42,105,105,106,0,unresolved,unresolved,unresolved,unresolved,False,False
start_stage_neighborhood.distance,4452440160,cpu:4973461504:663552,82944,torch.float64,663552,True,False,none,46,48,48,49,1,unresolved,unresolved,unresolved,unresolved,False,False
start_stage_neighborhood.distance,4451944080,cpu:5510103040:663552,82944,torch.float64,663552,True,False,none,50,52,52,53,0,unresolved,unresolved,unresolved,unresolved,False,False
start_stage_neighborhood.distance,4453524464,cpu:5774540800:663552,82944,torch.float64,663552,True,False,none,51,132,132,134,1,unresolved,unresolved,unresolved,unresolved,False,False
start_stage_neighborhood.distance,4451420752,cpu:5514526720:663552,82944,torch.float64,663552,True,False,none,52,54,54,165,1,unresolved,unresolved,unresolved,unresolved,False,False
start_stage_neighborhood.distance,4452332752,cpu:5782306816:663552,82944,torch.float64,663552,True,False,none,54,56,56,165,2,unresolved,unresolved,unresolved,unresolved,False,False
start_stage_neighborhood.distance,4452332992,cpu:5509087232:663552,82944,torch.float64,663552,True,False,none,55,57,57,165,2,unresolved,unresolved,unresolved,unresolved,False,False
start_stage_neighborhood.distance,4453812176,cpu:5515214848:663552,82944,torch.float64,663552,True,False,none,56,135,135,136,1,unresolved,unresolved,unresolved,unresolved,False,False
start_stage_neighborhood.distance,4452447040,cpu:4974739456:663552,82944,torch.float64,663552,True,False,none,57,59,59,60,1,unresolved,unresolved,unresolved,unresolved,False,False
start_stage_neighborhood.distance,4452445680,cpu:5785681920:663552,82944,torch.float64,663552,True,False,none,58,102,102,103,0,unresolved,unresolved,unresolved,unresolved,False,False
start_stage_neighborhood.distance,4452320032,cpu:5247598592:663552,82944,torch.float64,663552,True,False,none,59,79,79,89,1,unresolved,unresolved,unresolved,unresolved,False,False
start_stage_neighborhood.distance,4453362544,cpu:5240487936:663552,82944,torch.float64,663552,True,False,none,59,96,96,97,1,unresolved,unresolved,unresolved,unresolved,False,False
start_stage_neighborhood.distance,4453529664,cpu:5247598592:663552,82944,torch.float64,663552,True,False,none,59,116,116,117,0,unresolved,unresolved,unresolved,unresolved,False,False
start_stage_neighborhood.distance,4452321072,cpu:5789745152:663552,82944,torch.float64,663552,True,False,none,60,126,126,127,0,unresolved,unresolved,unresolved,unresolved,False,False
start_stage_neighborhood.distance,4452574192,cpu:5242880000:663552,82944,torch.float64,663552,True,False,none,60,62,62,63,1,unresolved,unresolved,unresolved,unresolved,False,False
start_stage_neighborhood.distance,4452864304,cpu:5517246464:663552,82944,torch.float64,663552,True,False,none,60,67,67,89,1,unresolved,unresolved,unresolved,unresolved,False,False
start_stage_neighborhood.distance,4452875024,cpu:5789745152:663552,82944,torch.float64,663552,True,False,none,60,70,70,71,1,unresolved,unresolved,unresolved,unresolved,False,False
start_stage_neighborhood.distance,4454449632,cpu:5517246464:663552,82944,torch.float64,663552,True,False,none,60,150,150,153,1,unresolved,unresolved,unresolved,unresolved,False,False
start_stage_neighborhood.distance,4452121040,cpu:5787713536:663552,82944,torch.float64,663552,True,False,none,63,65,65,66,0,unresolved,unresolved,unresolved,unresolved,False,False
start_stage_neighborhood.distance,4452569392,cpu:4974084096:663552,82944,torch.float64,663552,True,False,none,67,133,133,134,0,unresolved,unresolved,unresolved,unresolved,False,False
start_stage_neighborhood.distance,4452447120,cpu:4969365504:663552,82944,torch.float64,663552,True,False,none,69,80,80,81,0,unresolved,unresolved,unresolved,unresolved,False,False
start_stage_neighborhood.distance,4453920960,cpu:4969365504:663552,82944,torch.float64,663552,True,False,none,69,129,129,131,1,unresolved,unresolved,unresolved,unresolved,False,False
start_stage_neighborhood.distance,4453265760,cpu:5784338432:663552,82944,torch.float64,663552,True,False,none,70,91,91,92,0,unresolved,unresolved,unresolved,unresolved,False,False
start_stage_neighborhood.distance,4453015040,cpu:5510463488:663552,82944,torch.float64,663552,True,False,none,71,73,73,89,1,unresolved,unresolved,unresolved,unresolved,False,False
start_stage_neighborhood.distance,4453260320,cpu:5509775360:663552,82944,torch.float64,663552,True,False,none,71,155,155,157,0,unresolved,unresolved,unresolved,unresolved,False,False
start_stage_neighborhood.distance,4454347984,cpu:5510463488:663552,82944,torch.float64,663552,True,False,none,71,147,147,148,1,unresolved,unresolved,unresolved,unresolved,False,False
start_stage_neighborhood.distance,4452870224,cpu:5517934592:663552,82944,torch.float64,663552,True,False,none,74,76,76,78,0,unresolved,unresolved,unresolved,unresolved,False,False
start_stage_neighborhood.distance,4454028128,cpu:5793153024:663552,82944,torch.float64,663552,True,False,none,78,124,124,165,2,unresolved,unresolved,unresolved,unresolved,False,False
start_stage_neighborhood.distance,4453260720,cpu:5786370048:663552,82944,torch.float64,663552,True,False,none,79,88,88,89,1,unresolved,unresolved,unresolved,unresolved,False,False
start_stage_neighborhood.distance,4452571712,cpu:5511151616:663552,82944,torch.float64,663552,True,False,none,80,82,82,83,1,unresolved,unresolved,unresolved,unresolved,False,False
start_stage_neighborhood.distance,4453361984,cpu:5511151616:663552,82944,torch.float64,663552,True,False,none,80,100,100,122,1,unresolved,unresolved,unresolved,unresolved,False,False
start_stage_neighborhood.distance,4454341184,cpu:5511151616:663552,82944,torch.float64,663552,True,False,none,80,158,158,159,1,unresolved,unresolved,unresolved,unresolved,False,False
start_stage_neighborhood.distance,4453352624,cpu:5252612096:663552,82944,torch.float64,663552,True,False,none,91,93,93,122,1,unresolved,unresolved,unresolved,unresolved,False,False
start_stage_neighborhood.distance,4453523584,cpu:5788368896:663552,82944,torch.float64,663552,True,False,none,95,101,101,122,1,unresolved,unresolved,unresolved,unresolved,False,False
start_stage_neighborhood.distance,4452569472,cpu:5511905280:663552,82944,torch.float64,663552,True,False,none,102,104,104,122,1,unresolved,unresolved,unresolved,unresolved,False,False
start_stage_neighborhood.distance,4454810160,cpu:5511905280:663552,82944,torch.float64,663552,True,False,none,102,193,193,200,1,unresolved,unresolved,unresolved,unresolved,False,False
start_stage_neighborhood.distance,4453911280,cpu:4980211712:663552,82944,torch.float64,663552,True,False,none,104,118,118,119,1,unresolved,unresolved,unresolved,unresolved,False,False
start_stage_neighborhood.distance,4453257680,cpu:5793873920:663552,82944,torch.float64,663552,True,False,none,105,107,107,122,1,unresolved,unresolved,unresolved,unresolved,False,False
start_stage_neighborhood.distance,4453817296,cpu:5513281536:663552,82944,torch.float64,663552,True,False,none,106,113,113,122,1,unresolved,unresolved,unresolved,unresolved,False,False
start_stage_neighborhood.distance,4453921600,cpu:5519933440:663552,82944,torch.float64,663552,True,False,none,119,121,121,122,1,unresolved,unresolved,unresolved,unresolved,False,False
start_stage_neighborhood.distance,4453022480,cpu:5510430720:663552,82944,torch.float64,663552,True,False,none,123,125,125,127,0,unresolved,unresolved,unresolved,unresolved,False,False
start_stage_neighborhood.distance,4454025568,cpu:4985028608:663552,82944,torch.float64,663552,True,False,none,125,156,156,157,0,unresolved,unresolved,unresolved,unresolved,False,False
start_stage_neighborhood.distance,4452578432,cpu:5245960192:663552,82944,torch.float64,663552,True,False,none,128,130,130,131,0,unresolved,unresolved,unresolved,unresolved,False,False
start_stage_neighborhood.distance,4454695232,cpu:4985716736:663552,82944,torch.float64,663552,True,False,none,130,164,164,165,2,unresolved,unresolved,unresolved,unresolved,False,False
start_stage_neighborhood.distance,4454035168,cpu:5797249024:663552,82944,torch.float64,663552,True,False,none,139,141,141,162,1,unresolved,unresolved,unresolved,unresolved,False,False
start_stage_neighborhood.distance,4454339424,cpu:5795217408:663552,82944,torch.float64,663552,True,False,none,149,151,151,153,0,unresolved,unresolved,unresolved,unresolved,False,False
start_stage_neighborhood.distance,4452332752,cpu:5809012736:663552,82944,torch.float64,663552,True,False,none,167,169,169,170,1,unresolved,unresolved,unresolved,unresolved,False,False
start_stage_neighborhood.distance,4452116480,cpu:5775523840:663552,82944,torch.float64,663552,True,False,none,170,172,172,173,0,unresolved,unresolved,unresolved,unresolved,False,False
start_stage_neighborhood.distance,4454452112,cpu:5244878848:663552,82944,torch.float64,663552,True,False,none,175,182,182,183,1,unresolved,unresolved,unresolved,unresolved,False,False
start_stage_neighborhood.distance,4451418352,cpu:5244190720:663552,82944,torch.float64,663552,True,False,none,177,179,179,181,1,unresolved,unresolved,unresolved,unresolved,False,False
start_stage_neighborhood.distance,4454819120,cpu:4973395968:663552,82944,torch.float64,663552,True,False,none,194,196,196,197,1,unresolved,unresolved,unresolved,unresolved,False,False
start_stage_neighborhood.edge_support,4451812848,cpu:4966973440:663552,82944,torch.float64,663552,True,False,none,2,15,15,21,1,unresolved,unresolved,unresolved,unresolved,False,False
start_stage_neighborhood.edge_support,4451266592,cpu:4969037824:663552,82944,torch.float64,663552,True,False,none,3,5,5,6,1,unresolved,unresolved,unresolved,unresolved,False,False
start_stage_neighborhood.edge_support,4451380400,cpu:5772836864:663552,82944,torch.float64,663552,True,False,none,5,35,35,36,0,unresolved,unresolved,unresolved,unresolved,False,False
start_stage_neighborhood.edge_support,4451431312,cpu:5772836864:663552,82944,torch.float64,663552,True,False,none,5,7,7,8,1,unresolved,unresolved,unresolved,unresolved,False,False
start_stage_neighborhood.edge_support,4453797872,cpu:5774180352:663552,82944,torch.float64,663552,True,False,none,6,188,188,200,1,unresolved,unresolved,unresolved,unresolved,False,False
start_stage_neighborhood.edge_support,4451429792,cpu:4972052480:663552,82944,torch.float64,663552,True,False,none,8,10,10,11,0,unresolved,unresolved,unresolved,unresolved,False,False
start_stage_neighborhood.edge_support,4453010080,cpu:4972052480:663552,82944,torch.float64,663552,True,False,none,8,125,125,127,0,unresolved,unresolved,unresolved,unresolved,False,False
start_stage_neighborhood.edge_support,4451654528,cpu:4969693184:663552,82944,torch.float64,663552,True,False,none,10,12,12,13,1,unresolved,unresolved,unresolved,unresolved,False,False
start_stage_neighborhood.edge_support,4452116640,cpu:5508366336:663552,82944,torch.float64,663552,True,False,none,11,172,172,173,0,unresolved,unresolved,unresolved,unresolved,False,False
start_stage_neighborhood.edge_support,4452106640,cpu:4970971136:663552,82944,torch.float64,663552,True,False,none,14,26,26,28,1,unresolved,unresolved,unresolved,unresolved,False,False
start_stage_neighborhood.edge_support,4452329392,cpu:4970020864:663552,82944,torch.float64,663552,True,False,none,14,43,43,56,1,unresolved,unresolved,unresolved,unresolved,False,False
start_stage_neighborhood.edge_support,4453530944,cpu:4970020864:663552,82944,torch.float64,663552,True,False,none,14,116,116,117,0,unresolved,unresolved,unresolved,unresolved,False,False
start_stage_neighborhood.edge_support,4451822048,cpu:5779259392:663552,82944,torch.float64,663552,True,False,none,16,18,18,19,1,unresolved,unresolved,unresolved,unresolved,False,False
start_stage_neighborhood.edge_support,4451827648,cpu:5509382144:663552,82944,torch.float64,663552,True,False,none,18,20,20,21,1,unresolved,unresolved,unresolved,unresolved,False,False
start_stage_neighborhood.edge_support,4453794912,cpu:4969988096:663552,82944,torch.float64,663552,True,False,none,19,176,176,177,0,unresolved,unresolved,unresolved,unresolved,False,False
start_stage_neighborhood.edge_support,4451952720,cpu:5241176064:663552,82944,torch.float64,663552,True,False,none,21,23,23,24,2,unresolved,unresolved,unresolved,unresolved,False,False
start_stage_neighborhood.edge_support,4452865504,cpu:5241176064:663552,82944,torch.float64,663552,True,False,none,21,67,67,89,1,unresolved,unresolved,unresolved,unresolved,False,False
start_stage_neighborhood.edge_support,4451419152,cpu:5775196160:663552,82944,torch.float64,663552,True,False,none,25,27,27,28,0,unresolved,unresolved,unresolved,unresolved,False,False
start_stage_neighborhood.edge_support,4453921280,cpu:5775196160:663552,82944,torch.float64,663552,True,False,none,25,180,180,181,0,unresolved,unresolved,unresolved,unresolved,False,False
start_stage_neighborhood.edge_support,4451953360,cpu:5779324928:663552,82944,torch.float64,663552,True,False,none,27,29,29,30,1,unresolved,unresolved,unresolved,unresolved,False,False
start_stage_neighborhood.edge_support,4452320912,cpu:4967301120:663552,82944,torch.float64,663552,True,False,none,28,56,56,165,2,unresolved,unresolved,unresolved,unresolved,False,False
start_stage_neighborhood.edge_support,4451424032,cpu:4967989248:663552,82944,torch.float64,663552,True,False,none,29,54,54,165,1,unresolved,unresolved,unresolved,unresolved,False,False
start_stage_neighborhood.edge_support,4454706432,cpu:4967989248:663552,82944,torch.float64,663552,True,False,none,29,174,174,177,1,unresolved,unresolved,unresolved,unresolved,False,False
start_stage_neighborhood.edge_support,4451265632,cpu:5777588224:663552,82944,torch.float64,663552,True,False,none,30,32,32,33,1,unresolved,unresolved,unresolved,unresolved,False,False
start_stage_neighborhood.edge_support,4451945520,cpu:4970708992:663552,82944,torch.float64,663552,True,False,none,30,52,52,53,0,unresolved,unresolved,unresolved,unresolved,False,False
start_stage_neighborhood.edge_support,4452113680,cpu:5782994944:663552,82944,torch.float64,663552,True,False,none,35,37,37,39,1,unresolved,unresolved,unresolved,unresolved,False,False
start_stage_neighborhood.edge_support,4452320512,cpu:5510070272:663552,82944,torch.float64,663552,True,False,none,38,40,40,41,1,unresolved,unresolved,unresolved,unresolved,False,False
start_stage_neighborhood.edge_support,4454895440,cpu:5773197312:663552,82944,torch.float64,663552,True,False,none,40,199,199,200,1,unresolved,unresolved,unresolved,unresolved,False,False
start_stage_neighborhood.edge_support,4451826448,cpu:5247631360:663552,82944,torch.float64,663552,True,False,none,44,46,46,47,0,unresolved,unresolved,unresolved,unresolved,False,False
start_stage_neighborhood.edge_support,4452441120,cpu:5249335296:663552,82944,torch.float64,663552,True,False,none,46,48,48,49,1,unresolved,unresolved,unresolved,unresolved,False,False
start_stage_neighborhood.edge_support,4452565952,cpu:5509414912:663552,82944,torch.float64,663552,True,False,none,49,51,51,53,1,unresolved,unresolved,unresolved,unresolved,False,False
start_stage_neighborhood.edge_support,4452862864,cpu:5774540800:663552,82944,torch.float64,663552,True,False,none,51,105,105,106,0,unresolved,unresolved,unresolved,unresolved,False,False
start_stage_neighborhood.edge_support,4451652768,cpu:5248581632:663552,82944,torch.float64,663552,True,False,none,53,55,55,165,0,unresolved,unresolved,unresolved,unresolved,False,False
start_stage_neighborhood.edge_support,4452329632,cpu:5776572416:663552,82944,torch.float64,663552,True,False,none,55,57,57,165,2,unresolved,unresolved,unresolved,unresolved,False,False
start_stage_neighborhood.edge_support,4454456192,cpu:5779947520:663552,82944,torch.float64,663552,True,False,none,55,182,182,183,1,unresolved,unresolved,unresolved,unresolved,False,False
start_stage_neighborhood.edge_support,4454341184,cpu:5515214848:663552,82944,torch.float64,663552,True,False,none,56,151,151,153,0,unresolved,unresolved,unresolved,unresolved,False,False
start_stage_neighborhood.edge_support,4452448800,cpu:5789057024:663552,82944,torch.float64,663552,True,False,none,57,59,59,60,1,unresolved,unresolved,unresolved,unresolved,False,False
start_stage_neighborhood.edge_support,4452862304,cpu:5789057024:663552,82944,torch.float64,663552,True,False,none,57,76,76,78,0,unresolved,unresolved,unresolved,unresolved,False,False
start_stage_neighborhood.edge_support,4452874624,cpu:4968677376:663552,82944,torch.float64,663552,True,False,none,57,70,70,71,1,unresolved,unresolved,unresolved,unresolved,False,False
start_stage_neighborhood.edge_support,4453361344,cpu:4968677376:663552,82944,torch.float64,663552,True,False,none,57,100,100,122,1,unresolved,unresolved,unresolved,unresolved,False,False
start_stage_neighborhood.edge_support,4454456032,cpu:4968677376:663552,82944,torch.float64,663552,True,False,none,57,150,150,153,1,unresolved,unresolved,unresolved,unresolved,False,False
start_stage_neighborhood.edge_support,4454458672,cpu:5247598592:663552,82944,torch.float64,663552,True,False,none,59,161,161,162,1,unresolved,unresolved,unresolved,unresolved,False,False
start_stage_neighborhood.edge_support,4452575072,cpu:5789745152:663552,82944,torch.float64,663552,True,False,none,60,62,62,63,1,unresolved,unresolved,unresolved,unresolved,False,False
start_stage_neighborhood.edge_support,4452114960,cpu:5788401664:663552,82944,torch.float64,663552,True,False,none,63,65,65,66,0,unresolved,unresolved,unresolved,unresolved,False,False
start_stage_neighborhood.edge_support,4453261200,cpu:4974772224:663552,82944,torch.float64,663552,True,False,none,64,91,91,92,0,unresolved,unresolved,unresolved,unresolved,False,False
start_stage_neighborhood.edge_support,4453524384,cpu:4974772224:663552,82944,torch.float64,663552,True,False,none,64,101,101,122,1,unresolved,unresolved,unresolved,unresolved,False,False
start_stage_neighborhood.edge_support,4453530624,cpu:4974772224:663552,82944,torch.float64,663552,True,False,none,64,132,132,134,1,unresolved,unresolved,unresolved,unresolved,False,False
start_stage_neighborhood.edge_support,4453015920,cpu:4974084096:663552,82944,torch.float64,663552,True,False,none,67,73,73,89,1,unresolved,unresolved,unresolved,unresolved,False,False
start_stage_neighborhood.edge_support,4453353664,cpu:4974084096:663552,82944,torch.float64,663552,True,False,none,67,93,93,122,1,unresolved,unresolved,unresolved,unresolved,False,False
start_stage_neighborhood.edge_support,4454339424,cpu:4974084096:663552,82944,torch.float64,663552,True,False,none,67,144,144,145,1,unresolved,unresolved,unresolved,unresolved,False,False
start_stage_neighborhood.edge_support,4454821040,cpu:4974084096:663552,82944,torch.float64,663552,True,False,none,67,196,196,197,1,unresolved,unresolved,unresolved,unresolved,False,False
start_stage_neighborhood.edge_support,4453262000,cpu:4969365504:663552,82944,torch.float64,663552,True,False,none,69,88,88,89,1,unresolved,unresolved,unresolved,unresolved,False,False
start_stage_neighborhood.edge_support,4452578432,cpu:5787746304:663552,82944,torch.float64,663552,True,False,none,70,133,133,134,0,unresolved,unresolved,unresolved,unresolved,False,False
start_stage_neighborhood.edge_support,4453816176,cpu:5784338432:663552,82944,torch.float64,663552,True,False,none,70,135,135,136,1,unresolved,unresolved,unresolved,unresolved,False,False
start_stage_neighborhood.edge_support,4451419472,cpu:5510463488:663552,82944,torch.float64,663552,True,False,none,71,155,155,157,0,unresolved,unresolved,unresolved,unresolved,False,False
start_stage_neighborhood.edge_support,4452569392,cpu:5790433280:663552,82944,torch.float64,663552,True,False,none,71,126,126,127,0,unresolved,unresolved,unresolved,unresolved,False,False
start_stage_neighborhood.edge_support,4453017440,cpu:5510463488:663552,82944,torch.float64,663552,True,False,none,71,152,152,153,0,unresolved,unresolved,unresolved,unresolved,False,False
start_stage_neighborhood.edge_support,4451433312,cpu:5792464896:663552,82944,torch.float64,663552,True,False,none,75,77,77,78,0,unresolved,unresolved,unresolved,unresolved,False,False
start_stage_neighborhood.edge_support,4452874944,cpu:5515902976:663552,82944,torch.float64,663552,True,False,none,77,79,79,89,1,unresolved,unresolved,unresolved,unresolved,False,False
start_stage_neighborhood.edge_support,4452439520,cpu:5793153024:663552,82944,torch.float64,663552,True,False,none,78,80,80,81,0,unresolved,unresolved,unresolved,unresolved,False,False
start_stage_neighborhood.edge_support,4452573152,cpu:5511839744:663552,82944,torch.float64,663552,True,False,none,80,82,82,83,1,unresolved,unresolved,unresolved,unresolved,False,False
start_stage_neighborhood.edge_support,4454334784,cpu:4975460352:663552,82944,torch.float64,663552,True,False,none,80,158,158,159,1,unresolved,unresolved,unresolved,unresolved,False,False
start_stage_neighborhood.edge_support,4454349184,cpu:5511151616:663552,82944,torch.float64,663552,True,False,none,80,147,147,148,1,unresolved,unresolved,unresolved,unresolved,False,False
start_stage_neighborhood.edge_support,4454695952,cpu:4975460352:663552,82944,torch.float64,663552,True,False,none,80,164,164,165,2,unresolved,unresolved,unresolved,unresolved,False,False
start_stage_neighborhood.edge_support,4453253920,cpu:5250646016:663552,82944,torch.float64,663552,True,False,none,83,85,85,89,1,unresolved,unresolved,unresolved,unresolved,False,False
start_stage_neighborhood.edge_support,4453014000,cpu:5251923968:663552,82944,torch.float64,663552,True,False,none,92,94,94,95,0,unresolved,unresolved,unresolved,unresolved,False,False
start_stage_neighborhood.edge_support,4453363744,cpu:5511118848:663552,82944,torch.float64,663552,True,False,none,94,96,96,97,1,unresolved,unresolved,unresolved,unresolved,False,False
start_stage_neighborhood.edge_support,4453521104,cpu:4978147328:663552,82944,torch.float64,663552,True,False,none,97,99,99,122,1,unresolved,unresolved,unresolved,unresolved,False,False
start_stage_neighborhood.edge_support,4452443760,cpu:5793841152:663552,82944,torch.float64,663552,True,False,none,100,102,102,103,0,unresolved,unresolved,unresolved,unresolved,False,False
start_stage_neighborhood.edge_support,4452569392,cpu:4976115712:663552,82944,torch.float64,663552,True,False,none,102,104,104,122,1,unresolved,unresolved,unresolved,unresolved,False,False
start_stage_neighborhood.edge_support,4453262560,cpu:4981587968:663552,82944,torch.float64,663552,True,False,none,105,107,107,122,1,unresolved,unresolved,unresolved,unresolved,False,False
start_stage_neighborhood.edge_support,4453911360,cpu:4980899840:663552,82944,torch.float64,663552,True,False,none,105,118,118,119,1,unresolved,unresolved,unresolved,unresolved,False,False
start_stage_neighborhood.edge_support,4453922480,cpu:4982276096:663552,82944,torch.float64,663552,True,False,none,106,121,121,122,1,unresolved,unresolved,unresolved,unresolved,False,False
start_stage_neighborhood.edge_support,4453529504,cpu:5796593664:663552,82944,torch.float64,663552,True,False,none,108,110,110,111,1,unresolved,unresolved,unresolved,unresolved,False,False
start_stage_neighborhood.edge_support,4453818176,cpu:5804621824:663552,82944,torch.float64,663552,True,False,none,111,113,113,122,1,unresolved,unresolved,unresolved,unresolved,False,False
start_stage_neighborhood.edge_support,4454029088,cpu:4983652352:663552,82944,torch.float64,663552,True,False,none,122,124,124,165,2,unresolved,unresolved,unresolved,unresolved,False,False
start_stage_neighborhood.edge_support,4454027408,cpu:4986372096:663552,82944,torch.float64,663552,True,False,none,125,138,138,139,1,unresolved,unresolved,unresolved,unresolved,False,False
start_stage_neighborhood.edge_support,4452573712,cpu:4984340480:663552,82944,torch.float64,663552,True,False,none,126,130,130,131,0,unresolved,unresolved,unresolved,unresolved,False,False
start_stage_neighborhood.edge_support,4453923120,cpu:5796528128:663552,82944,torch.float64,663552,True,False,none,127,129,129,131,1,unresolved,unresolved,unresolved,unresolved,False,False
start_stage_neighborhood.edge_support,4454036368,cpu:5241143296:663552,82944,torch.float64,663552,True,False,none,139,141,141,162,1,unresolved,unresolved,unresolved,unresolved,False,False
start_stage_neighborhood.edge_support,4454026608,cpu:5800296448:663552,82944,torch.float64,663552,True,False,none,154,156,156,157,0,unresolved,unresolved,unresolved,unresolved,False,False
start_stage_neighborhood.edge_support,4452322672,cpu:5507383296:663552,82944,torch.float64,663552,True,False,none,167,169,169,170,1,unresolved,unresolved,unresolved,unresolved,False,False
start_stage_neighborhood.edge_support,4454707152,cpu:5775917056:663552,82944,torch.float64,663552,True,False,none,173,175,175,177,0,unresolved,unresolved,unresolved,unresolved,False,False
start_stage_neighborhood.edge_support,4454709952,cpu:4972675072:663552,82944,torch.float64,663552,True,False,none,175,185,185,186,1,unresolved,unresolved,unresolved,unresolved,False,False
start_stage_neighborhood.edge_support,4451421152,cpu:4973363200:663552,82944,torch.float64,663552,True,False,none,177,179,179,181,1,unresolved,unresolved,unresolved,unresolved,False,False
start_stage_neighborhood.edge_support,4454706192,cpu:5507022848:663552,82944,torch.float64,663552,True,False,none,178,191,191,192,0,unresolved,unresolved,unresolved,unresolved,False,False
start_stage_neighborhood.edge_support,4454810880,cpu:5513936896:663552,82944,torch.float64,663552,True,False,none,191,193,193,200,1,unresolved,unresolved,unresolved,unresolved,False,False
