force_call_index,state_time,edge_count,edge_identity_sha256,duplicate_edge_count,nonreciprocal_edge_count,dimensionless_cutoff_margin,full_audit,omitted_strict_support_edge_count,unexpected_edge_count
1,0.0,82944,6a242012867dc8b837e29b1a8324e93d22fc3f743ff363b5f117270d386b5a71,0,0,0.0,True,0,0
2,0.00025,82944,6a242012867dc8b837e29b1a8324e93d22fc3f743ff363b5f117270d386b5a71,0,0,0.0,False,0,0
3,0.0005,82944,6a242012867dc8b837e29b1a8324e93d22fc3f743ff363b5f117270d386b5a71,0,0,0.0,False,0,0
4,0.00075,82944,6a242012867dc8b837e29b1a8324e93d22fc3f743ff363b5f117270d386b5a71,0,0,0.0,False,0,0
5,0.001,82944,6a242012867dc8b837e29b1a8324e93d22fc3f743ff363b5f117270d386b5a71,0,0,0.0,False,0,0
6,0.00125,82944,6a242012867dc8b837e29b1a8324e93d22fc3f743ff363b5f117270d386b5a71,0,0,0.0,False,0,0
7,0.0015,82944,6a242012867dc8b837e29b1a8324e93d22fc3f743ff363b5f117270d386b5a71,0,0,0.0,False,0,0
8,0.00175,82944,6a242012867dc8b837e29b1a8324e93d22fc3f743ff363b5f117270d386b5a71,0,0,0.0,False,0,0
9,0.002,82944,6a242012867dc8b837e29b1a8324e93d22fc3f743ff363b5f117270d386b5a71,0,0,0.0,False,0,0
10,0.0022500000000000003,82944,6a242012867dc8b837e29b1a8324e93d22fc3f743ff363b5f117270d386b5a71,0,0,0.0,False,0,0
11,0.0025,82944,6a242012867dc8b837e29b1a8324e93d22fc3f743ff363b5f117270d386b5a71,0,0,0.0,False,0,0
12,0.00275,82944,6a242012867dc8b837e29b1a8324e93d22fc3f743ff363b5f117270d386b5a71,0,0,0.0,False,0,0
13,0.003,82944,6a242012867dc8b837e29b1a8324e93d22fc3f743ff363b5f117270d386b5a71,0,0,0.0,False,0,0
14,0.0032500000000000003,82944,6a242012867dc8b837e29b1a8324e93d22fc3f743ff363b5f117270d386b5a71,0,0,0.0,False,0,0
15,0.0035,82944,6a242012867dc8b837e29b1a8324e93d22fc3f743ff363b5f117270d386b5a71,0,0,0.0,False,0,0
16,0.00375,82944,6a242012867dc8b837e29b1a8324e93d22fc3f743ff363b5f117270d386b5a71,0,0,0.0,False,0,0
17,0.004,82944,6a242012867dc8b837e29b1a8324e93d22fc3f743ff363b5f117270d386b5a71,0,0,0.0,False,0,0
18,0.00425,82944,6a242012867dc8b837e29b1a8324e93d22fc3f743ff363b5f117270d386b5a71,0,0,0.0,False,0,0
19,0.0045000000000000005,82944,6a242012867dc8b837e29b1a8324e93d22fc3f743ff363b5f117270d386b5a71,0,0,0.0,False,0,0
20,0.004750000000000001,82944,6a242012867dc8b837e29b1a8324e93d22fc3f743ff363b5f117270d386b5a71,0,0,0.0,False,0,0
21,0.005000000000000001,82944,6a242012867dc8b837e29b1a8324e93d22fc3f743ff363b5f117270d386b5a71,0,0,0.0,False,0,0
22,0.005250000000000001,82944,6a242012867dc8b837e29b1a8324e93d22fc3f743ff363b5f117270d386b5a71,0,0,0.0,False,0,0
23,0.005500000000000001,82944,6a242012867dc8b837e29b1a8324e93d22fc3f743ff363b5f117270d386b5a71,0,0,0.0,False,0,0
24,0.005750000000000002,82944,6a242012867dc8b837e29b1a8324e93d22fc3f743ff363b5f117270d386b5a71,0,0,0.0,False,0,0
25,0.006000000000000002,82944,6a242012867dc8b837e29b1a8324e93d22fc3f743ff363b5f117270d386b5a71,0,0,0.0,False,0,0
26,0.006250000000000002,82944,6a242012867dc8b837e29b1a8324e93d22fc3f743ff363b5f117270d386b5a71,0,0,0.0,False,0,0
27,0.006500000000000002,82944,6a242012867dc8b837e29b1a8324e93d22fc3f743ff363b5f117270d386b5a71,0,0,0.0,False,0,0
28,0.0067500000000000025,82944,6a242012867dc8b837e29b1a8324e93d22fc3f743ff363b5f117270d386b5a71,0,0,0.0,False,0,0
29,0.007000000000000003,82944,6a242012867dc8b837e29b1a8324e93d22fc3f743ff363b5f117270d386b5a71,0,0,0.0,False,0,0
30,0.007250000000000003,82944,6a242012867dc8b837e29b1a8324e93d22fc3f743ff363b5f117270d386b5a71,0,0,0.0,False,0,0
31,0.007500000000000003,82944,6a242012867dc8b837e29b1a8324e93d22fc3f743ff363b5f117270d386b5a71,0,0,0.0,False,0,0
32,0.007750000000000003,82944,6a242012867dc8b837e29b1a8324e93d22fc3f743ff363b5f117270d386b5a71,0,0,0.0,False,0,0
33,0.008000000000000004,82944,6a242012867dc8b837e29b1a8324e93d22fc3f743ff363b5f117270d386b5a71,0,0,0.0,False,0,0
34,0.008250000000000004,82944,6a242012867dc8b837e29b1a8324e93d22fc3f743ff363b5f117270d386b5a71,0,0,0.0,False,0,0
35,0.008500000000000004,82944,6a242012867dc8b837e29b1a8324e93d22fc3f743ff363b5f117270d386b5a71,0,0,0.0,False,0,0
36,0.008750000000000004,82944,6a242012867dc8b837e29b1a8324e93d22fc3f743ff363b5f117270d386b5a71,0,0,0.0,False,0,0
37,0.009000000000000005,82944,6a242012867dc8b837e29b1a8324e93d22fc3f743ff363b5f117270d386b5a71,0,0,0.0,False,0,0
38,0.009250000000000005,82944,6a242012867dc8b837e29b1a8324e93d22fc3f743ff363b5f117270d386b5a71,0,0,0.0,False,0,0
39,0.009500000000000005,82944,6a242012867dc8b837e29b1a8324e93d22fc3f743ff363b5f117270d386b5a71,0,0,0.0,False,0,0
40,0.009750000000000005,82944,6a242012867dc8b837e29b1a8324e93d22fc3f743ff363b5f117270d386b5a71,0,0,0.0,False,0,0
41,0.010000000000000005,82944,6a242012867dc8b837e29b1a8324e93d22fc3f743ff363b5f117270d386b5a71,0,0,0.0,False,0,0
42,0.010250000000000006,82944,6a242012867dc8b837e29b1a8324e93d22fc3f743ff363b5f117270d386b5a71,0,0,0.0,False,0,0
43,0.010500000000000006,82944,6a242012867dc8b837e29b1a8324e93d22fc3f743ff363b5f117270d386b5a71,0,0,0.0,False,0,0
44,0.010750000000000006,82944,6a242012867dc8b837e29b1a8324e93d22fc3f743ff363b5f117270d386b5a71,0,0,0.0,False,0,0
45,0.011000000000000006,82944,6a242012867dc8b837e29b1a8324e93d22fc3f743ff363b5f117270d386b5a71,0,0,0.0,False,0,0
46,0.011250000000000007,82944,6a242012867dc8b837e29b1a8324e93d22fc3f743ff363b5f117270d386b5a71,0,0,0.0,False,0,0
47,0.011500000000000007,82944,6a242012867dc8b837e29b1a8324e93d22fc3f743ff363b5f117270d386b5a71,0,0,0.0,False,0,0
48,0.011750000000000007,82944,6a242012867dc8b837e29b1a8324e93d22fc3f743ff363b5f117270d386b5a71,0,0,0.0,False,0,0
49,0.012000000000000007,82944,6a242012867dc8b837e29b1a8324e93d22fc3f743ff363b5f117270d386b5a71,0,0,0.0,False,0,0
50,0.012250000000000007,82944,6a242012867dc8b837e29b1a8324e93d22fc3f743ff363b5f117270d386b5a71,0,0,0.0,False,0,0
51,0.012500000000000008,82944,6a242012867dc8b837e29b1a8324e93d22fc3f743ff363b5f117270d386b5a71,0,0,0.0,False,0,0
52,0.012750000000000008,82944,6a242012867dc8b837e29b1a8324e93d22fc3f743ff363b5f117270d386b5a71,0,0,0.0,False,0,0
53,0.013000000000000008,82944,6a242012867dc8b837e29b1a8324e93d22fc3f743ff363b5f117270d386b5a71,0,0,0.0,False,0,0
54,0.013250000000000008,82944,6a242012867dc8b837e29b1a8324e93d22fc3f743ff363b5f117270d386b5a71,0,0,0.0,False,0,0
55,0.013500000000000009,82944,6a242012867dc8b837e29b1a8324e93d22fc3f743ff363b5f117270d386b5a71,0,0,0.0,False,0,0
56,0.013750000000000009,82944,6a242012867dc8b837e29b1a8324e93d22fc3f743ff363b5f117270d386b5a71,0,0,0.0,False,0,0
57,0.014000000000000009,82944,6a242012867dc8b837e29b1a8324e93d22fc3f743ff363b5f117270d386b5a71,0,0,0.0,False,0,0
58,0.01425000000000001,82944,6a242012867dc8b837e29b1a8324e93d22fc3f743ff363b5f117270d386b5a71,0,0,0.0,False,0,0
59,0.01450000000000001,82944,6a242012867dc8b837e29b1a8324e93d22fc3f743ff363b5f117270d386b5a71,0,0,0.0,False,0,0
60,0.01475000000000001,82944,6a242012867dc8b837e29b1a8324e93d22fc3f743ff363b5f117270d386b5a71,0,0,0.0,False,0,0
61,0.01500000000000001,82944,6a242012867dc8b837e29b1a8324e93d22fc3f743ff363b5f117270d386b5a71,0,0,0.0,False,0,0
62,0.01525000000000001,82944,6a242012867dc8b837e29b1a8324e93d22fc3f743ff363b5f117270d386b5a71,0,0,0.0,False,0,0
63,0.01550000000000001,82944,6a242012867dc8b837e29b1a8324e93d22fc3f743ff363b5f117270d386b5a71,0,0,0.0,False,0,0
64,0.01575000000000001,82944,6a242012867dc8b837e29b1a8324e93d22fc3f743ff363b5f117270d386b5a71,0,0,0.0,False,0,0
65,0.01600000000000001,82944,6a242012867dc8b837e29b1a8324e93d22fc3f743ff363b5f117270d386b5a71,0,0,0.0,False,0,0
66,0.01625000000000001,82944,6a242012867dc8b837e29b1a8324e93d22fc3f743ff363b5f117270d386b5a71,0,0,0.0,False,0,0
67,0.01650000000000001,82944,6a242012867dc8b837e29b1a8324e93d22fc3f743ff363b5f117270d386b5a71,0,0,0.0,False,0,0
68,0.01675000000000001,82944,6a242012867dc8b837e29b1a8324e93d22fc3f743ff363b5f117270d386b5a71,0,0,0.0,False,0,0
69,0.01700000000000001,82944,6a242012867dc8b837e29b1a8324e93d22fc3f743ff363b5f117270d386b5a71,0,0,0.0,False,0,0
70,0.017250000000000012,82944,6a242012867dc8b837e29b1a8324e93d22fc3f743ff363b5f117270d386b5a71,0,0,0.0,False,0,0
71,0.017500000000000012,82944,6a242012867dc8b837e29b1a8324e93d22fc3f743ff363b5f117270d386b5a71,0,0,0.0,False,0,0
72,0.017750000000000012,82944,6a242012867dc8b837e29b1a8324e93d22fc3f743ff363b5f117270d386b5a71,0,0,0.0,False,0,0
73,0.018000000000000013,82944,6a242012867dc8b837e29b1a8324e93d22fc3f743ff363b5f117270d386b5a71,0,0,0.0,False,0,0
74,0.018250000000000013,82944,6a242012867dc8b837e29b1a8324e93d22fc3f743ff363b5f117270d386b5a71,0,0,0.0,False,0,0
75,0.018500000000000013,82944,6a242012867dc8b837e29b1a8324e93d22fc3f743ff363b5f117270d386b5a71,0,0,0.0,False,0,0
76,0.018750000000000013,82944,6a242012867dc8b837e29b1a8324e93d22fc3f743ff363b5f117270d386b5a71,0,0,0.0,False,0,0
77,0.019000000000000013,82944,6a242012867dc8b837e29b1a8324e93d22fc3f743ff363b5f117270d386b5a71,0,0,0.0,False,0,0
78,0.019250000000000014,82944,6a242012867dc8b837e29b1a8324e93d22fc3f743ff363b5f117270d386b5a71,0,0,0.0,False,0,0
79,0.019500000000000014,82944,6a242012867dc8b837e29b1a8324e93d22fc3f743ff363b5f117270d386b5a71,0,0,0.0,False,0,0
80,0.019750000000000014,82944,6a242012867dc8b837e29b1a8324e93d22fc3f743ff363b5f117270d386b5a71,0,0,0.0,False,0,0
81,0.020000000000000014,82944,6a242012867dc8b837e29b1a8324e93d22fc3f743ff363b5f117270d386b5a71,0,0,0.0,False,0,0
82,0.020250000000000015,82944,6a242012867dc8b837e29b1a8324e93d22fc3f743ff363b5f117270d386b5a71,0,0,0.0,False,0,0
83,0.020500000000000015,82944,6a242012867dc8b837e29b1a8324e93d22fc3f743ff363b5f117270d386b5a71,0,0,0.0,False,0,0
84,0.020750000000000015,82944,6a242012867dc8b837e29b1a8324e93d22fc3f743ff363b5f117270d386b5a71,0,0,0.0,False,0,0
85,0.021000000000000015,82944,6a242012867dc8b837e29b1a8324e93d22fc3f743ff363b5f117270d386b5a71,0,0,0.0,False,0,0
86,0.021250000000000015,82944,6a242012867dc8b837e29b1a8324e93d22fc3f743ff363b5f117270d386b5a71,0,0,0.0,False,0,0
87,0.021500000000000016,82944,6a242012867dc8b837e29b1a8324e93d22fc3f743ff363b5f117270d386b5a71,0,0,0.0,False,0,0
88,0.021750000000000016,82944,6a242012867dc8b837e29b1a8324e93d22fc3f743ff363b5f117270d386b5a71,0,0,0.0,False,0,0
89,0.022000000000000016,82944,6a242012867dc8b837e29b1a8324e93d22fc3f743ff363b5f117270d386b5a71,0,0,0.0,False,0,0
90,0.022250000000000016,82944,6a242012867dc8b837e29b1a8324e93d22fc3f743ff363b5f117270d386b5a71,0,0,0.0,False,0,0
91,0.022500000000000017,82944,6a242012867dc8b837e29b1a8324e93d22fc3f743ff363b5f117270d386b5a71,0,0,0.0,False,0,0
92,0.022750000000000017,82944,6a242012867dc8b837e29b1a8324e93d22fc3f743ff363b5f117270d386b5a71,0,0,0.0,False,0,0
93,0.023000000000000017,82944,6a242012867dc8b837e29b1a8324e93d22fc3f743ff363b5f117270d386b5a71,0,0,0.0,False,0,0
94,0.023250000000000017,82944,6a242012867dc8b837e29b1a8324e93d22fc3f743ff363b5f117270d386b5a71,0,0,0.0,False,0,0
95,0.023500000000000017,82944,6a242012867dc8b837e29b1a8324e93d22fc3f743ff363b5f117270d386b5a71,0,0,0.0,False,0,0
96,0.023750000000000018,82944,6a242012867dc8b837e29b1a8324e93d22fc3f743ff363b5f117270d386b5a71,0,0,0.0,False,0,0
97,0.024000000000000018,82944,6a242012867dc8b837e29b1a8324e93d22fc3f743ff363b5f117270d386b5a71,0,0,0.0,False,0,0
98,0.024250000000000018,82944,6a242012867dc8b837e29b1a8324e93d22fc3f743ff363b5f117270d386b5a71,0,0,0.0,False,0,0
99,0.02450000000000002,82944,6a242012867dc8b837e29b1a8324e93d22fc3f743ff363b5f117270d386b5a71,0,0,0.0,False,0,0
100,0.02475000000000002,82944,6a242012867dc8b837e29b1a8324e93d22fc3f743ff363b5f117270d386b5a71,0,0,0.0,False,0,0
101,0.02500000000000002,82944,6a242012867dc8b837e29b1a8324e93d22fc3f743ff363b5f117270d386b5a71,0,0,0.0,False,0,0
102,0.02525000000000002,82944,6a242012867dc8b837e29b1a8324e93d22fc3f743ff363b5f117270d386b5a71,0,0,0.0,False,0,0
103,0.02550000000000002,82944,6a242012867dc8b837e29b1a8324e93d22fc3f743ff363b5f117270d386b5a71,0,0,0.0,False,0,0
104,0.02575000000000002,82944,6a242012867dc8b837e29b1a8324e93d22fc3f743ff363b5f117270d386b5a71,0,0,0.0,False,0,0
105,0.02600000000000002,82944,6a242012867dc8b837e29b1a8324e93d22fc3f743ff363b5f117270d386b5a71,0,0,0.0,False,0,0
106,0.02625000000000002,82944,6a242012867dc8b837e29b1a8324e93d22fc3f743ff363b5f117270d386b5a71,0,0,0.0,False,0,0
107,0.02650000000000002,82944,6a242012867dc8b837e29b1a8324e93d22fc3f743ff363b5f117270d386b5a71,0,0,0.0,False,0,0
108,0.02675000000000002,82944,6a242012867dc8b837e29b1a8324e93d22fc3f743ff363b5f117270d386b5a71,0,0,0.0,False,0,0
109,0.02700000000000002,82944,6a242012867dc8b837e29b1a8324e93d22fc3f743ff363b5f117270d386b5a71,0,0,0.0,False,0,0
110,0.02725000000000002,82944,6a242012867dc8b837e29b1a8324e93d22fc3f743ff363b5f117270d386b5a71,0,0,0.0,False,0,0
111,0.02750000000000002,82944,6a242012867dc8b837e29b1a8324e93d22fc3f743ff363b5f117270d386b5a71,0,0,0.0,False,0,0
112,0.02775000000000002,82944,6a242012867dc8b837e29b1a8324e93d22fc3f743ff363b5f117270d386b5a71,0,0,0.0,False,0,0
113,0.02800000000000002,82944,6a242012867dc8b837e29b1a8324e93d22fc3f743ff363b5f117270d386b5a71,0,0,0.0,False,0,0
114,0.02825000000000002,82944,6a242012867dc8b837e29b1a8324e93d22fc3f743ff363b5f117270d386b5a71,0,0,0.0,False,0,0
115,0.028500000000000022,82944,6a242012867dc8b837e29b1a8324e93d22fc3f743ff363b5f117270d386b5a71,0,0,0.0,False,0,0
116,0.028750000000000022,82944,6a242012867dc8b837e29b1a8324e93d22fc3f743ff363b5f117270d386b5a71,0,0,0.0,False,0,0
117,0.029000000000000022,82944,6a242012867dc8b837e29b1a8324e93d22fc3f743ff363b5f117270d386b5a71,0,0,0.0,False,0,0
118,0.029250000000000023,82944,6a242012867dc8b837e29b1a8324e93d22fc3f743ff363b5f117270d386b5a71,0,0,0.0,False,0,0
119,0.029500000000000023,82944,6a242012867dc8b837e29b1a8324e93d22fc3f743ff363b5f117270d386b5a71,0,0,0.0,False,0,0
120,0.029750000000000023,82944,6a242012867dc8b837e29b1a8324e93d22fc3f743ff363b5f117270d386b5a71,0,0,0.0,False,0,0
121,0.030000000000000023,82944,6a242012867dc8b837e29b1a8324e93d22fc3f743ff363b5f117270d386b5a71,0,0,0.0,False,0,0
122,0.030250000000000023,82944,6a242012867dc8b837e29b1a8324e93d22fc3f743ff363b5f117270d386b5a71,0,0,0.0,False,0,0
123,0.030500000000000024,82944,6a242012867dc8b837e29b1a8324e93d22fc3f743ff363b5f117270d386b5a71,0,0,0.0,False,0,0
124,0.030750000000000024,82944,6a242012867dc8b837e29b1a8324e93d22fc3f743ff363b5f117270d386b5a71,0,0,0.0,False,0,0
125,0.031000000000000024,82944,6a242012867dc8b837e29b1a8324e93d22fc3f743ff363b5f117270d386b5a71,0,0,0.0,False,0,0
126,0.03125000000000002,82944,6a242012867dc8b837e29b1a8324e93d22fc3f743ff363b5f117270d386b5a71,0,0,0.0,False,0,0
127,0.03150000000000002,82944,6a242012867dc8b837e29b1a8324e93d22fc3f743ff363b5f117270d386b5a71,0,0,0.0,False,0,0
128,0.03175000000000002,82944,6a242012867dc8b837e29b1a8324e93d22fc3f743ff363b5f117270d386b5a71,0,0,0.0,False,0,0
129,0.03200000000000002,82944,6a242012867dc8b837e29b1a8324e93d22fc3f743ff363b5f117270d386b5a71,0,0,0.0,False,0,0
130,0.03225000000000002,82944,6a242012867dc8b837e29b1a8324e93d22fc3f743ff363b5f117270d386b5a71,0,0,0.0,False,0,0
131,0.03250000000000002,82944,6a242012867dc8b837e29b1a8324e93d22fc3f743ff363b5f117270d386b5a71,0,0,0.0,False,0,0
132,0.03275000000000002,82944,6a242012867dc8b837e29b1a8324e93d22fc3f743ff363b5f117270d386b5a71,0,0,0.0,False,0,0
133,0.03300000000000002,82944,6a242012867dc8b837e29b1a8324e93d22fc3f743ff363b5f117270d386b5a71,0,0,0.0,False,0,0
134,0.03325000000000002,82944,6a242012867dc8b837e29b1a8324e93d22fc3f743ff363b5f117270d386b5a71,0,0,0.0,False,0,0
135,0.03350000000000002,82944,6a242012867dc8b837e29b1a8324e93d22fc3f743ff363b5f117270d386b5a71,0,0,0.0,False,0,0
136,0.03375000000000002,82944,6a242012867dc8b837e29b1a8324e93d22fc3f743ff363b5f117270d386b5a71,0,0,0.0,False,0,0
137,0.03400000000000002,82944,6a242012867dc8b837e29b1a8324e93d22fc3f743ff363b5f117270d386b5a71,0,0,0.0,False,0,0
138,0.034250000000000023,82944,6a242012867dc8b837e29b1a8324e93d22fc3f743ff363b5f117270d386b5a71,0,0,0.0,False,0,0
139,0.034500000000000024,82944,6a242012867dc8b837e29b1a8324e93d22fc3f743ff363b5f117270d386b5a71,0,0,0.0,False,0,0
140,0.034750000000000024,82944,6a242012867dc8b837e29b1a8324e93d22fc3f743ff363b5f117270d386b5a71,0,0,0.0,False,0,0
141,0.035000000000000024,82944,6a242012867dc8b837e29b1a8324e93d22fc3f743ff363b5f117270d386b5a71,0,0,0.0,False,0,0
142,0.035250000000000024,82944,6a242012867dc8b837e29b1a8324e93d22fc3f743ff363b5f117270d386b5a71,0,0,0.0,False,0,0
143,0.035500000000000025,82944,6a242012867dc8b837e29b1a8324e93d22fc3f743ff363b5f117270d386b5a71,0,0,0.0,False,0,0
144,0.035750000000000025,82944,6a242012867dc8b837e29b1a8324e93d22fc3f743ff363b5f117270d386b5a71,0,0,0.0,False,0,0
145,0.036000000000000025,82944,6a242012867dc8b837e29b1a8324e93d22fc3f743ff363b5f117270d386b5a71,0,0,0.0,False,0,0
146,0.036250000000000025,82944,6a242012867dc8b837e29b1a8324e93d22fc3f743ff363b5f117270d386b5a71,0,0,0.0,False,0,0
147,0.036500000000000025,82944,6a242012867dc8b837e29b1a8324e93d22fc3f743ff363b5f117270d386b5a71,0,0,0.0,False,0,0
148,0.036750000000000026,82944,6a242012867dc8b837e29b1a8324e93d22fc3f743ff363b5f117270d386b5a71,0,0,0.0,False,0,0
149,0.037000000000000026,82944,6a242012867dc8b837e29b1a8324e93d22fc3f743ff363b5f117270d386b5a71,0,0,0.0,False,0,0
150,0.037250000000000026,82944,6a242012867dc8b837e29b1a8324e93d22fc3f743ff363b5f117270d386b5a71,0,0,0.0,False,0,0
151,0.037500000000000026,82944,6a242012867dc8b837e29b1a8324e93d22fc3f743ff363b5f117270d386b5a71,0,0,0.0,False,0,0
152,0.03775000000000003,82944,6a242012867dc8b837e29b1a8324e93d22fc3f743ff363b5f117270d386b5a71,0,0,0.0,False,0,0
153,0.03800000000000003,82944,6a242012867dc8b837e29b1a8324e93d22fc3f743ff363b5f117270d386b5a71,0,0,0.0,False,0,0
154,0.03825000000000003,82944,6a242012867dc8b837e29b1a8324e93d22fc3f743ff363b5f117270d386b5a71,0,0,0.0,False,0,0
155,0.03850000000000003,82944,6a242012867dc8b837e29b1a8324e93d22fc3f743ff363b5f117270d386b5a71,0,0,0.0,False,0,0
156,0.03875000000000003,82944,6a242012867dc8b837e29b1a8324e93d22fc3f743ff363b5f117270d386b5a71,0,0,0.0,False,0,0
157,0.03900000000000003,82944,6a242012867dc8b837e29b1a8324e93d22fc3f743ff363b5f117270d386b5a71,0,0,0.0,False,0,0
158,0.03925000000000003,82944,6a242012867dc8b837e29b1a8324e93d22fc3f743ff363b5f117270d386b5a71,0,0,0.0,False,0,0
159,0.03950000000000003,82944,6a242012867dc8b837e29b1a8324e93d22fc3f743ff363b5f117270d386b5a71,0,0,0.0,False,0,0
160,0.03975000000000003,82944,6a242012867dc8b837e29b1a8324e93d22fc3f743ff363b5f117270d386b5a71,0,0,0.0,False,0,0
161,0.04000000000000003,82944,6a242012867dc8b837e29b1a8324e93d22fc3f743ff363b5f117270d386b5a71,0,0,0.0,False,0,0
162,0.04025000000000003,82944,6a242012867dc8b837e29b1a8324e93d22fc3f743ff363b5f117270d386b5a71,0,0,0.0,False,0,0
163,0.04050000000000003,82944,6a242012867dc8b837e29b1a8324e93d22fc3f743ff363b5f117270d386b5a71,0,0,0.0,False,0,0
164,0.04075000000000003,82944,6a242012867dc8b837e29b1a8324e93d22fc3f743ff363b5f117270d386b5a71,0,0,0.0,False,0,0
165,0.04100000000000003,82944,6a242012867dc8b837e29b1a8324e93d22fc3f743ff363b5f117270d386b5a71,0,0,0.0,False,0,0
166,0.04125000000000003,82944,6a242012867dc8b837e29b1a8324e93d22fc3f743ff363b5f117270d386b5a71,0,0,0.0,False,0,0
167,0.04150000000000003,82944,6a242012867dc8b837e29b1a8324e93d22fc3f743ff363b5f117270d386b5a71,0,0,0.0,False,0,0
168,0.04175000000000003,82944,6a242012867dc8b837e29b1a8324e93d22fc3f743ff363b5f117270d386b5a71,0,0,0.0,False,0,0
169,0.04200000000000003,82944,6a242012867dc8b837e29b1a8324e93d22fc3f743ff363b5f117270d386b5a71,0,0,0.0,False,0,0
170,0.04225000000000003,82944,6a242012867dc8b837e29b1a8324e93d22fc3f743ff363b5f117270d386b5a71,0,0,0.0,False,0,0
171,0.04250000000000003,82944,6a242012867dc8b837e29b1a8324e93d22fc3f743ff363b5f117270d386b5a71,0,0,0.0,False,0,0
172,0.04275000000000003,82944,6a242012867dc8b837e29b1a8324e93d22fc3f743ff363b5f117270d386b5a71,0,0,0.0,False,0,0
173,0.04300000000000003,82944,6a242012867dc8b837e29b1a8324e93d22fc3f743ff363b5f117270d386b5a71,0,0,0.0,False,0,0
174,0.04325000000000003,82944,6a242012867dc8b837e29b1a8324e93d22fc3f743ff363b5f117270d386b5a71,0,0,0.0,False,0,0
175,0.04350000000000003,82944,6a242012867dc8b837e29b1a8324e93d22fc3f743ff363b5f117270d386b5a71,0,0,0.0,False,0,0
176,0.04375000000000003,82944,6a242012867dc8b837e29b1a8324e93d22fc3f743ff363b5f117270d386b5a71,0,0,0.0,False,0,0
177,0.04400000000000003,82944,6a242012867dc8b837e29b1a8324e93d22fc3f743ff363b5f117270d386b5a71,0,0,0.0,False,0,0
178,0.04425000000000003,82944,6a242012867dc8b837e29b1a8324e93d22fc3f743ff363b5f117270d386b5a71,0,0,0.0,False,0,0
179,0.04450000000000003,82944,6a242012867dc8b837e29b1a8324e93d22fc3f743ff363b5f117270d386b5a71,0,0,0.0,False,0,0
180,0.04475000000000003,82944,6a242012867dc8b837e29b1a8324e93d22fc3f743ff363b5f117270d386b5a71,0,0,0.0,False,0,0
181,0.04500000000000003,82944,6a242012867dc8b837e29b1a8324e93d22fc3f743ff363b5f117270d386b5a71,0,0,0.0,False,0,0
182,0.04525000000000003,82944,6a242012867dc8b837e29b1a8324e93d22fc3f743ff363b5f117270d386b5a71,0,0,0.0,False,0,0
183,0.045500000000000033,82944,6a242012867dc8b837e29b1a8324e93d22fc3f743ff363b5f117270d386b5a71,0,0,0.0,False,0,0
184,0.045750000000000034,82944,6a242012867dc8b837e29b1a8324e93d22fc3f743ff363b5f117270d386b5a71,0,0,0.0,False,0,0
185,0.046000000000000034,82944,6a242012867dc8b837e29b1a8324e93d22fc3f743ff363b5f117270d386b5a71,0,0,0.0,False,0,0
186,0.046250000000000034,82944,6a242012867dc8b837e29b1a8324e93d22fc3f743ff363b5f117270d386b5a71,0,0,0.0,False,0,0
187,0.046500000000000034,82944,6a242012867dc8b837e29b1a8324e93d22fc3f743ff363b5f117270d386b5a71,0,0,0.0,False,0,0
188,0.046750000000000035,82944,6a242012867dc8b837e29b1a8324e93d22fc3f743ff363b5f117270d386b5a71,0,0,0.0,False,0,0
189,0.047000000000000035,82944,6a242012867dc8b837e29b1a8324e93d22fc3f743ff363b5f117270d386b5a71,0,0,0.0,False,0,0
190,0.047250000000000035,82944,6a242012867dc8b837e29b1a8324e93d22fc3f743ff363b5f117270d386b5a71,0,0,0.0,False,0,0
191,0.047500000000000035,82944,6a242012867dc8b837e29b1a8324e93d22fc3f743ff363b5f117270d386b5a71,0,0,0.0,False,0,0
192,0.047750000000000035,82944,6a242012867dc8b837e29b1a8324e93d22fc3f743ff363b5f117270d386b5a71,0,0,0.0,False,0,0
193,0.048000000000000036,82944,6a242012867dc8b837e29b1a8324e93d22fc3f743ff363b5f117270d386b5a71,0,0,0.0,False,0,0
194,0.048250000000000036,82944,6a242012867dc8b837e29b1a8324e93d22fc3f743ff363b5f117270d386b5a71,0,0,0.0,False,0,0
195,0.048500000000000036,82944,6a242012867dc8b837e29b1a8324e93d22fc3f743ff363b5f117270d386b5a71,0,0,0.0,False,0,0
196,0.048750000000000036,82944,6a242012867dc8b837e29b1a8324e93d22fc3f743ff363b5f117270d386b5a71,0,0,0.0,False,0,0
197,0.04900000000000004,82944,6a242012867dc8b837e29b1a8324e93d22fc3f743ff363b5f117270d386b5a71,0,0,0.0,False,0,0
198,0.04925000000000004,82944,6a242012867dc8b837e29b1a8324e93d22fc3f743ff363b5f117270d386b5a71,0,0,0.0,False,0,0
199,0.04950000000000004,82944,6a242012867dc8b837e29b1a8324e93d22fc3f743ff363b5f117270d386b5a71,0,0,0.0,False,0,0
200,0.04975000000000004,82944,6a242012867dc8b837e29b1a8324e93d22fc3f743ff363b5f117270d386b5a71,0,0,0.0,False,0,0
201,0.05000000000000004,82944,6a242012867dc8b837e29b1a8324e93d22fc3f743ff363b5f117270d386b5a71,0,0,0.0,False,0,0
202,0.05025000000000004,82944,6a242012867dc8b837e29b1a8324e93d22fc3f743ff363b5f117270d386b5a71,0,0,0.0,False,0,0
203,0.05050000000000004,82944,6a242012867dc8b837e29b1a8324e93d22fc3f743ff363b5f117270d386b5a71,0,0,0.0,False,0,0
204,0.05075000000000004,82944,6a242012867dc8b837e29b1a8324e93d22fc3f743ff363b5f117270d386b5a71,0,0,0.0,False,0,0
205,0.05100000000000004,82944,6a242012867dc8b837e29b1a8324e93d22fc3f743ff363b5f117270d386b5a71,0,0,0.0,False,0,0
206,0.05125000000000004,82944,6a242012867dc8b837e29b1a8324e93d22fc3f743ff363b5f117270d386b5a71,0,0,0.0,False,0,0
207,0.05150000000000004,82944,6a242012867dc8b837e29b1a8324e93d22fc3f743ff363b5f117270d386b5a71,0,0,0.0,False,0,0
208,0.05175000000000004,82944,6a242012867dc8b837e29b1a8324e93d22fc3f743ff363b5f117270d386b5a71,0,0,0.0,False,0,0
209,0.05200000000000004,82944,6a242012867dc8b837e29b1a8324e93d22fc3f743ff363b5f117270d386b5a71,0,0,0.0,False,0,0
210,0.05225000000000004,82944,6a242012867dc8b837e29b1a8324e93d22fc3f743ff363b5f117270d386b5a71,0,0,0.0,False,0,0
211,0.05250000000000004,82944,6a242012867dc8b837e29b1a8324e93d22fc3f743ff363b5f117270d386b5a71,0,0,0.0,False,0,0
212,0.05275000000000004,82944,6a242012867dc8b837e29b1a8324e93d22fc3f743ff363b5f117270d386b5a71,0,0,0.0,False,0,0
213,0.05300000000000004,82944,6a242012867dc8b837e29b1a8324e93d22fc3f743ff363b5f117270d386b5a71,0,0,0.0,False,0,0
214,0.05325000000000004,82944,6a242012867dc8b837e29b1a8324e93d22fc3f743ff363b5f117270d386b5a71,0,0,0.0,False,0,0
215,0.05350000000000004,82944,6a242012867dc8b837e29b1a8324e93d22fc3f743ff363b5f117270d386b5a71,0,0,0.0,False,0,0
216,0.05375000000000004,82944,6a242012867dc8b837e29b1a8324e93d22fc3f743ff363b5f117270d386b5a71,0,0,0.0,False,0,0
217,0.05400000000000004,82944,6a242012867dc8b837e29b1a8324e93d22fc3f743ff363b5f117270d386b5a71,0,0,0.0,False,0,0
218,0.05425000000000004,82944,6a242012867dc8b837e29b1a8324e93d22fc3f743ff363b5f117270d386b5a71,0,0,0.0,False,0,0
219,0.05450000000000004,82944,6a242012867dc8b837e29b1a8324e93d22fc3f743ff363b5f117270d386b5a71,0,0,0.0,False,0,0
220,0.05475000000000004,82944,6a242012867dc8b837e29b1a8324e93d22fc3f743ff363b5f117270d386b5a71,0,0,0.0,False,0,0
221,0.05500000000000004,82944,6a242012867dc8b837e29b1a8324e93d22fc3f743ff363b5f117270d386b5a71,0,0,0.0,False,0,0
222,0.05525000000000004,82944,6a242012867dc8b837e29b1a8324e93d22fc3f743ff363b5f117270d386b5a71,0,0,0.0,False,0,0
223,0.05550000000000004,82944,6a242012867dc8b837e29b1a8324e93d22fc3f743ff363b5f117270d386b5a71,0,0,0.0,False,0,0
224,0.05575000000000004,82944,6a242012867dc8b837e29b1a8324e93d22fc3f743ff363b5f117270d386b5a71,0,0,0.0,False,0,0
225,0.05600000000000004,82944,6a242012867dc8b837e29b1a8324e93d22fc3f743ff363b5f117270d386b5a71,0,0,0.0,False,0,0
226,0.05625000000000004,82944,6a242012867dc8b837e29b1a8324e93d22fc3f743ff363b5f117270d386b5a71,0,0,0.0,False,0,0
227,0.05650000000000004,82944,6a242012867dc8b837e29b1a8324e93d22fc3f743ff363b5f117270d386b5a71,0,0,0.0,False,0,0
228,0.05675000000000004,82944,6a242012867dc8b837e29b1a8324e93d22fc3f743ff363b5f117270d386b5a71,0,0,0.0,False,0,0
229,0.057000000000000044,82944,6a242012867dc8b837e29b1a8324e93d22fc3f743ff363b5f117270d386b5a71,0,0,0.0,False,0,0
230,0.057250000000000044,82944,6a242012867dc8b837e29b1a8324e93d22fc3f743ff363b5f117270d386b5a71,0,0,0.0,False,0,0
231,0.057500000000000044,82944,6a242012867dc8b837e29b1a8324e93d22fc3f743ff363b5f117270d386b5a71,0,0,0.0,False,0,0
232,0.057750000000000044,82944,6a242012867dc8b837e29b1a8324e93d22fc3f743ff363b5f117270d386b5a71,0,0,0.0,False,0,0
233,0.058000000000000045,82944,6a242012867dc8b837e29b1a8324e93d22fc3f743ff363b5f117270d386b5a71,0,0,0.0,False,0,0
234,0.058250000000000045,82944,6a242012867dc8b837e29b1a8324e93d22fc3f743ff363b5f117270d386b5a71,0,0,0.0,False,0,0
235,0.058500000000000045,82944,6a242012867dc8b837e29b1a8324e93d22fc3f743ff363b5f117270d386b5a71,0,0,0.0,False,0,0
236,0.058750000000000045,82944,6a242012867dc8b837e29b1a8324e93d22fc3f743ff363b5f117270d386b5a71,0,0,0.0,False,0,0
237,0.059000000000000045,82944,6a242012867dc8b837e29b1a8324e93d22fc3f743ff363b5f117270d386b5a71,0,0,0.0,False,0,0
238,0.059250000000000046,82944,6a242012867dc8b837e29b1a8324e93d22fc3f743ff363b5f117270d386b5a71,0,0,0.0,False,0,0
239,0.059500000000000046,82944,6a242012867dc8b837e29b1a8324e93d22fc3f743ff363b5f117270d386b5a71,0,0,0.0,False,0,0
240,0.059750000000000046,82944,6a242012867dc8b837e29b1a8324e93d22fc3f743ff363b5f117270d386b5a71,0,0,0.0,False,0,0
241,0.060000000000000046,82944,6a242012867dc8b837e29b1a8324e93d22fc3f743ff363b5f117270d386b5a71,0,0,0.0,False,0,0
242,0.06025000000000005,82944,6a242012867dc8b837e29b1a8324e93d22fc3f743ff363b5f117270d386b5a71,0,0,0.0,False,0,0
243,0.06050000000000005,82944,6a242012867dc8b837e29b1a8324e93d22fc3f743ff363b5f117270d386b5a71,0,0,0.0,False,0,0
244,0.06075000000000005,82944,6a242012867dc8b837e29b1a8324e93d22fc3f743ff363b5f117270d386b5a71,0,0,0.0,False,0,0
245,0.06100000000000005,82944,6a242012867dc8b837e29b1a8324e93d22fc3f743ff363b5f117270d386b5a71,0,0,0.0,False,0,0
246,0.06125000000000005,82944,6a242012867dc8b837e29b1a8324e93d22fc3f743ff363b5f117270d386b5a71,0,0,0.0,False,0,0
247,0.06150000000000005,82944,6a242012867dc8b837e29b1a8324e93d22fc3f743ff363b5f117270d386b5a71,0,0,0.0,False,0,0
248,0.06175000000000005,82944,6a242012867dc8b837e29b1a8324e93d22fc3f743ff363b5f117270d386b5a71,0,0,0.0,False,0,0
249,0.06200000000000005,82944,6a242012867dc8b837e29b1a8324e93d22fc3f743ff363b5f117270d386b5a71,0,0,0.0,False,0,0
250,0.06225000000000005,82944,6a242012867dc8b837e29b1a8324e93d22fc3f743ff363b5f117270d386b5a71,0,0,0.0,False,0,0
251,0.06250000000000004,82944,6a242012867dc8b837e29b1a8324e93d22fc3f743ff363b5f117270d386b5a71,0,0,0.0,False,0,0
252,0.06275000000000004,82944,6a242012867dc8b837e29b1a8324e93d22fc3f743ff363b5f117270d386b5a71,0,0,0.0,False,0,0
253,0.06300000000000004,82944,6a242012867dc8b837e29b1a8324e93d22fc3f743ff363b5f117270d386b5a71,0,0,0.0,False,0,0
254,0.06325000000000004,82944,6a242012867dc8b837e29b1a8324e93d22fc3f743ff363b5f117270d386b5a71,0,0,0.0,False,0,0
255,0.06350000000000004,82944,6a242012867dc8b837e29b1a8324e93d22fc3f743ff363b5f117270d386b5a71,0,0,0.0,False,0,0
256,0.06375000000000004,82944,6a242012867dc8b837e29b1a8324e93d22fc3f743ff363b5f117270d386b5a71,0,0,0.0,False,0,0
257,0.06400000000000004,82944,6a242012867dc8b837e29b1a8324e93d22fc3f743ff363b5f117270d386b5a71,0,0,0.0,False,0,0
258,0.06425000000000004,82944,6a242012867dc8b837e29b1a8324e93d22fc3f743ff363b5f117270d386b5a71,0,0,0.0,False,0,0
259,0.06450000000000004,82944,6a242012867dc8b837e29b1a8324e93d22fc3f743ff363b5f117270d386b5a71,0,0,0.0,False,0,0
260,0.06475000000000004,82944,6a242012867dc8b837e29b1a8324e93d22fc3f743ff363b5f117270d386b5a71,0,0,0.0,False,0,0
261,0.06500000000000004,82944,6a242012867dc8b837e29b1a8324e93d22fc3f743ff363b5f117270d386b5a71,0,0,0.0,False,0,0
262,0.06525000000000004,82944,6a242012867dc8b837e29b1a8324e93d22fc3f743ff363b5f117270d386b5a71,0,0,0.0,False,0,0
263,0.06550000000000004,82944,6a242012867dc8b837e29b1a8324e93d22fc3f743ff363b5f117270d386b5a71,0,0,0.0,False,0,0
264,0.06575000000000004,82944,6a242012867dc8b837e29b1a8324e93d22fc3f743ff363b5f117270d386b5a71,0,0,0.0,False,0,0
265,0.06600000000000004,82944,6a242012867dc8b837e29b1a8324e93d22fc3f743ff363b5f117270d386b5a71,0,0,0.0,False,0,0
266,0.06625000000000004,82944,6a242012867dc8b837e29b1a8324e93d22fc3f743ff363b5f117270d386b5a71,0,0,0.0,False,0,0
267,0.06650000000000005,82944,6a242012867dc8b837e29b1a8324e93d22fc3f743ff363b5f117270d386b5a71,0,0,0.0,False,0,0
268,0.06675000000000005,82944,6a242012867dc8b837e29b1a8324e93d22fc3f743ff363b5f117270d386b5a71,0,0,0.0,False,0,0
269,0.06700000000000005,82944,6a242012867dc8b837e29b1a8324e93d22fc3f743ff363b5f117270d386b5a71,0,0,0.0,False,0,0
270,0.06725000000000005,82944,6a242012867dc8b837e29b1a8324e93d22fc3f743ff363b5f117270d386b5a71,0,0,0.0,False,0,0
271,0.06750000000000005,82944,6a242012867dc8b837e29b1a8324e93d22fc3f743ff363b5f117270d386b5a71,0,0,0.0,False,0,0
272,0.06775000000000005,82944,6a242012867dc8b837e29b1a8324e93d22fc3f743ff363b5f117270d386b5a71,0,0,0.0,False,0,0
273,0.06800000000000005,82944,6a242012867dc8b837e29b1a8324e93d22fc3f743ff363b5f117270d386b5a71,0,0,0.0,False,0,0
274,0.06825000000000005,82944,6a242012867dc8b837e29b1a8324e93d22fc3f743ff363b5f117270d386b5a71,0,0,0.0,False,0,0
275,0.06850000000000005,82944,6a242012867dc8b837e29b1a8324e93d22fc3f743ff363b5f117270d386b5a71,0,0,0.0,False,0,0
276,0.06875000000000005,82944,6a242012867dc8b837e29b1a8324e93d22fc3f743ff363b5f117270d386b5a71,0,0,0.0,False,0,0
277,0.06900000000000005,82944,6a242012867dc8b837e29b1a8324e93d22fc3f743ff363b5f117270d386b5a71,0,0,0.0,False,0,0
278,0.06925000000000005,82944,6a242012867dc8b837e29b1a8324e93d22fc3f743ff363b5f117270d386b5a71,0,0,0.0,False,0,0
279,0.06950000000000005,82944,6a242012867dc8b837e29b1a8324e93d22fc3f743ff363b5f117270d386b5a71,0,0,0.0,False,0,0
280,0.06975000000000005,82944,6a242012867dc8b837e29b1a8324e93d22fc3f743ff363b5f117270d386b5a71,0,0,0.0,False,0,0
281,0.07000000000000005,82944,6a242012867dc8b837e29b1a8324e93d22fc3f743ff363b5f117270d386b5a71,0,0,0.0,False,0,0
282,0.07025000000000005,82944,6a242012867dc8b837e29b1a8324e93d22fc3f743ff363b5f117270d386b5a71,0,0,0.0,False,0,0
283,0.07050000000000005,82944,6a242012867dc8b837e29b1a8324e93d22fc3f743ff363b5f117270d386b5a71,0,0,0.0,False,0,0
284,0.07075000000000005,82944,6a242012867dc8b837e29b1a8324e93d22fc3f743ff363b5f117270d386b5a71,0,0,0.0,False,0,0
285,0.07100000000000005,82944,6a242012867dc8b837e29b1a8324e93d22fc3f743ff363b5f117270d386b5a71,0,0,0.0,False,0,0
286,0.07125000000000005,82944,6a242012867dc8b837e29b1a8324e93d22fc3f743ff363b5f117270d386b5a71,0,0,0.0,False,0,0
287,0.07150000000000005,82944,6a242012867dc8b837e29b1a8324e93d22fc3f743ff363b5f117270d386b5a71,0,0,0.0,False,0,0
288,0.07175000000000005,82944,6a242012867dc8b837e29b1a8324e93d22fc3f743ff363b5f117270d386b5a71,0,0,0.0,False,0,0
289,0.07200000000000005,82944,6a242012867dc8b837e29b1a8324e93d22fc3f743ff363b5f117270d386b5a71,0,0,0.0,False,0,0
290,0.07225000000000005,82944,6a242012867dc8b837e29b1a8324e93d22fc3f743ff363b5f117270d386b5a71,0,0,0.0,False,0,0
291,0.07250000000000005,82944,6a242012867dc8b837e29b1a8324e93d22fc3f743ff363b5f117270d386b5a71,0,0,0.0,False,0,0
292,0.07275000000000005,82944,6a242012867dc8b837e29b1a8324e93d22fc3f743ff363b5f117270d386b5a71,0,0,0.0,False,0,0
293,0.07300000000000005,82944,6a242012867dc8b837e29b1a8324e93d22fc3f743ff363b5f117270d386b5a71,0,0,0.0,False,0,0
294,0.07325000000000005,82944,6a242012867dc8b837e29b1a8324e93d22fc3f743ff363b5f117270d386b5a71,0,0,0.0,False,0,0
295,0.07350000000000005,82944,6a242012867dc8b837e29b1a8324e93d22fc3f743ff363b5f117270d386b5a71,0,0,0.0,False,0,0
296,0.07375000000000005,82944,6a242012867dc8b837e29b1a8324e93d22fc3f743ff363b5f117270d386b5a71,0,0,0.0,False,0,0
297,0.07400000000000005,82944,6a242012867dc8b837e29b1a8324e93d22fc3f743ff363b5f117270d386b5a71,0,0,0.0,False,0,0
298,0.07425000000000005,82944,6a242012867dc8b837e29b1a8324e93d22fc3f743ff363b5f117270d386b5a71,0,0,0.0,False,0,0
299,0.07450000000000005,82944,6a242012867dc8b837e29b1a8324e93d22fc3f743ff363b5f117270d386b5a71,0,0,0.0,False,0,0
300,0.07475000000000005,82944,6a242012867dc8b837e29b1a8324e93d22fc3f743ff363b5f117270d386b5a71,0,0,0.0,False,0,0
301,0.07500000000000005,82944,6a242012867dc8b837e29b1a8324e93d22fc3f743ff363b5f117270d386b5a71,0,0,0.0,False,0,0
302,0.07525000000000005,82944,6a242012867dc8b837e29b1a8324e93d22fc3f743ff363b5f117270d386b5a71,0,0,0.0,False,0,0
303,0.07550000000000005,82944,6a242012867dc8b837e29b1a8324e93d22fc3f743ff363b5f117270d386b5a71,0,0,0.0,False,0,0
304,0.07575000000000005,82944,6a242012867dc8b837e29b1a8324e93d22fc3f743ff363b5f117270d386b5a71,0,0,0.0,False,0,0
305,0.07600000000000005,82944,6a242012867dc8b837e29b1a8324e93d22fc3f743ff363b5f117270d386b5a71,0,0,0.0,False,0,0
306,0.07625000000000005,82944,6a242012867dc8b837e29b1a8324e93d22fc3f743ff363b5f117270d386b5a71,0,0,0.0,False,0,0
307,0.07650000000000005,82944,6a242012867dc8b837e29b1a8324e93d22fc3f743ff363b5f117270d386b5a71,0,0,0.0,False,0,0
308,0.07675000000000005,82944,6a242012867dc8b837e29b1a8324e93d22fc3f743ff363b5f117270d386b5a71,0,0,0.0,False,0,0
309,0.07700000000000005,82944,6a242012867dc8b837e29b1a8324e93d22fc3f743ff363b5f117270d386b5a71,0,0,0.0,False,0,0
310,0.07725000000000005,82944,6a242012867dc8b837e29b1a8324e93d22fc3f743ff363b5f117270d386b5a71,0,0,0.0,False,0,0
311,0.07750000000000005,82944,6a242012867dc8b837e29b1a8324e93d22fc3f743ff363b5f117270d386b5a71,0,0,0.0,False,0,0
312,0.07775000000000006,82944,6a242012867dc8b837e29b1a8324e93d22fc3f743ff363b5f117270d386b5a71,0,0,0.0,False,0,0
313,0.07800000000000006,82944,6a242012867dc8b837e29b1a8324e93d22fc3f743ff363b5f117270d386b5a71,0,0,0.0,False,0,0
314,0.07825000000000006,82944,6a242012867dc8b837e29b1a8324e93d22fc3f743ff363b5f117270d386b5a71,0,0,0.0,False,0,0
315,0.07850000000000006,82944,6a242012867dc8b837e29b1a8324e93d22fc3f743ff363b5f117270d386b5a71,0,0,0.0,False,0,0
316,0.07875000000000006,82944,6a242012867dc8b837e29b1a8324e93d22fc3f743ff363b5f117270d386b5a71,0,0,0.0,False,0,0
317,0.07900000000000006,82944,6a242012867dc8b837e29b1a8324e93d22fc3f743ff363b5f117270d386b5a71,0,0,0.0,False,0,0
318,0.07925000000000006,82944,6a242012867dc8b837e29b1a8324e93d22fc3f743ff363b5f117270d386b5a71,0,0,0.0,False,0,0
319,0.07950000000000006,82944,6a242012867dc8b837e29b1a8324e93d22fc3f743ff363b5f117270d386b5a71,0,0,0.0,False,0,0
320,0.07975000000000006,82944,6a242012867dc8b837e29b1a8324e93d22fc3f743ff363b5f117270d386b5a71,0,0,0.0,False,0,0
321,0.08000000000000006,82944,6a242012867dc8b837e29b1a8324e93d22fc3f743ff363b5f117270d386b5a71,0,0,0.0,False,0,0
322,0.08025000000000006,82944,6a242012867dc8b837e29b1a8324e93d22fc3f743ff363b5f117270d386b5a71,0,0,0.0,False,0,0
323,0.08050000000000006,82944,6a242012867dc8b837e29b1a8324e93d22fc3f743ff363b5f117270d386b5a71,0,0,0.0,False,0,0
324,0.08075000000000006,82944,6a242012867dc8b837e29b1a8324e93d22fc3f743ff363b5f117270d386b5a71,0,0,0.0,False,0,0
325,0.08100000000000006,82944,6a242012867dc8b837e29b1a8324e93d22fc3f743ff363b5f117270d386b5a71,0,0,0.0,False,0,0
326,0.08125000000000006,82944,6a242012867dc8b837e29b1a8324e93d22fc3f743ff363b5f117270d386b5a71,0,0,0.0,False,0,0
327,0.08150000000000006,82944,6a242012867dc8b837e29b1a8324e93d22fc3f743ff363b5f117270d386b5a71,0,0,0.0,False,0,0
328,0.08175000000000006,82944,6a242012867dc8b837e29b1a8324e93d22fc3f743ff363b5f117270d386b5a71,0,0,0.0,False,0,0
329,0.08200000000000006,82944,6a242012867dc8b837e29b1a8324e93d22fc3f743ff363b5f117270d386b5a71,0,0,0.0,False,0,0
330,0.08225000000000006,82944,6a242012867dc8b837e29b1a8324e93d22fc3f743ff363b5f117270d386b5a71,0,0,0.0,False,0,0
331,0.08250000000000006,82944,6a242012867dc8b837e29b1a8324e93d22fc3f743ff363b5f117270d386b5a71,0,0,0.0,False,0,0
332,0.08275000000000006,82944,6a242012867dc8b837e29b1a8324e93d22fc3f743ff363b5f117270d386b5a71,0,0,0.0,False,0,0
333,0.08300000000000006,82944,6a242012867dc8b837e29b1a8324e93d22fc3f743ff363b5f117270d386b5a71,0,0,0.0,False,0,0
334,0.08325000000000006,82944,6a242012867dc8b837e29b1a8324e93d22fc3f743ff363b5f117270d386b5a71,0,0,0.0,False,0,0
335,0.08350000000000006,82944,6a242012867dc8b837e29b1a8324e93d22fc3f743ff363b5f117270d386b5a71,0,0,0.0,False,0,0
336,0.08375000000000006,82944,6a242012867dc8b837e29b1a8324e93d22fc3f743ff363b5f117270d386b5a71,0,0,0.0,False,0,0
337,0.08400000000000006,82944,6a242012867dc8b837e29b1a8324e93d22fc3f743ff363b5f117270d386b5a71,0,0,0.0,False,0,0
338,0.08425000000000006,82944,6a242012867dc8b837e29b1a8324e93d22fc3f743ff363b5f117270d386b5a71,0,0,0.0,False,0,0
339,0.08450000000000006,82944,6a242012867dc8b837e29b1a8324e93d22fc3f743ff363b5f117270d386b5a71,0,0,0.0,False,0,0
340,0.08475000000000006,82944,6a242012867dc8b837e29b1a8324e93d22fc3f743ff363b5f117270d386b5a71,0,0,0.0,False,0,0
341,0.08500000000000006,82944,6a242012867dc8b837e29b1a8324e93d22fc3f743ff363b5f117270d386b5a71,0,0,0.0,False,0,0
342,0.08525000000000006,82944,6a242012867dc8b837e29b1a8324e93d22fc3f743ff363b5f117270d386b5a71,0,0,0.0,False,0,0
343,0.08550000000000006,82944,6a242012867dc8b837e29b1a8324e93d22fc3f743ff363b5f117270d386b5a71,0,0,0.0,False,0,0
344,0.08575000000000006,82944,6a242012867dc8b837e29b1a8324e93d22fc3f743ff363b5f117270d386b5a71,0,0,0.0,False,0,0
345,0.08600000000000006,82944,6a242012867dc8b837e29b1a8324e93d22fc3f743ff363b5f117270d386b5a71,0,0,0.0,False,0,0
346,0.08625000000000006,82944,6a242012867dc8b837e29b1a8324e93d22fc3f743ff363b5f117270d386b5a71,0,0,0.0,False,0,0
347,0.08650000000000006,82944,6a242012867dc8b837e29b1a8324e93d22fc3f743ff363b5f117270d386b5a71,0,0,0.0,False,0,0
348,0.08675000000000006,82944,6a242012867dc8b837e29b1a8324e93d22fc3f743ff363b5f117270d386b5a71,0,0,0.0,False,0,0
349,0.08700000000000006,82944,6a242012867dc8b837e29b1a8324e93d22fc3f743ff363b5f117270d386b5a71,0,0,0.0,False,0,0
350,0.08725000000000006,82944,6a242012867dc8b837e29b1a8324e93d22fc3f743ff363b5f117270d386b5a71,0,0,0.0,False,0,0
351,0.08750000000000006,82944,6a242012867dc8b837e29b1a8324e93d22fc3f743ff363b5f117270d386b5a71,0,0,0.0,False,0,0
352,0.08775000000000006,82944,6a242012867dc8b837e29b1a8324e93d22fc3f743ff363b5f117270d386b5a71,0,0,0.0,False,0,0
353,0.08800000000000006,82944,6a242012867dc8b837e29b1a8324e93d22fc3f743ff363b5f117270d386b5a71,0,0,0.0,False,0,0
354,0.08825000000000006,82944,6a242012867dc8b837e29b1a8324e93d22fc3f743ff363b5f117270d386b5a71,0,0,0.0,False,0,0
355,0.08850000000000006,82944,6a242012867dc8b837e29b1a8324e93d22fc3f743ff363b5f117270d386b5a71,0,0,0.0,False,0,0
356,0.08875000000000006,82944,6a242012867dc8b837e29b1a8324e93d22fc3f743ff363b5f117270d386b5a71,0,0,0.0,False,0,0
357,0.08900000000000007,82944,6a242012867dc8b837e29b1a8324e93d22fc3f743ff363b5f117270d386b5a71,0,0,0.0,False,0,0
358,0.08925000000000007,82944,6a242012867dc8b837e29b1a8324e93d22fc3f743ff363b5f117270d386b5a71,0,0,0.0,False,0,0
359,0.08950000000000007,82944,6a242012867dc8b837e29b1a8324e93d22fc3f743ff363b5f117270d386b5a71,0,0,0.0,False,0,0
360,0.08975000000000007,82944,6a242012867dc8b837e29b1a8324e93d22fc3f743ff363b5f117270d386b5a71,0,0,0.0,False,0,0
361,0.09000000000000007,82944,6a242012867dc8b837e29b1a8324e93d22fc3f743ff363b5f117270d386b5a71,0,0,0.0,False,0,0
362,0.09025000000000007,82944,6a242012867dc8b837e29b1a8324e93d22fc3f743ff363b5f117270d386b5a71,0,0,0.0,False,0,0
363,0.09050000000000007,82944,6a242012867dc8b837e29b1a8324e93d22fc3f743ff363b5f117270d386b5a71,0,0,0.0,False,0,0
364,0.09075000000000007,82944,6a242012867dc8b837e29b1a8324e93d22fc3f743ff363b5f117270d386b5a71,0,0,0.0,False,0,0
365,0.09100000000000007,82944,6a242012867dc8b837e29b1a8324e93d22fc3f743ff363b5f117270d386b5a71,0,0,0.0,False,0,0
366,0.09125000000000007,82944,6a242012867dc8b837e29b1a8324e93d22fc3f743ff363b5f117270d386b5a71,0,0,0.0,False,0,0
367,0.09150000000000007,82944,6a242012867dc8b837e29b1a8324e93d22fc3f743ff363b5f117270d386b5a71,0,0,0.0,False,0,0
368,0.09175000000000007,82944,6a242012867dc8b837e29b1a8324e93d22fc3f743ff363b5f117270d386b5a71,0,0,0.0,False,0,0
369,0.09200000000000007,82944,6a242012867dc8b837e29b1a8324e93d22fc3f743ff363b5f117270d386b5a71,0,0,0.0,False,0,0
370,0.09225000000000007,82944,6a242012867dc8b837e29b1a8324e93d22fc3f743ff363b5f117270d386b5a71,0,0,0.0,False,0,0
371,0.09250000000000007,82944,6a242012867dc8b837e29b1a8324e93d22fc3f743ff363b5f117270d386b5a71,0,0,0.0,False,0,0
372,0.09275000000000007,82944,6a242012867dc8b837e29b1a8324e93d22fc3f743ff363b5f117270d386b5a71,0,0,0.0,False,0,0
373,0.09300000000000007,82944,6a242012867dc8b837e29b1a8324e93d22fc3f743ff363b5f117270d386b5a71,0,0,0.0,False,0,0
374,0.09325000000000007,82944,6a242012867dc8b837e29b1a8324e93d22fc3f743ff363b5f117270d386b5a71,0,0,0.0,False,0,0
375,0.09350000000000007,82944,6a242012867dc8b837e29b1a8324e93d22fc3f743ff363b5f117270d386b5a71,0,0,0.0,False,0,0
376,0.09375000000000007,82944,6a242012867dc8b837e29b1a8324e93d22fc3f743ff363b5f117270d386b5a71,0,0,0.0,False,0,0
377,0.09400000000000007,82944,6a242012867dc8b837e29b1a8324e93d22fc3f743ff363b5f117270d386b5a71,0,0,0.0,False,0,0
378,0.09425000000000007,82944,6a242012867dc8b837e29b1a8324e93d22fc3f743ff363b5f117270d386b5a71,0,0,0.0,False,0,0
379,0.09450000000000007,82944,6a242012867dc8b837e29b1a8324e93d22fc3f743ff363b5f117270d386b5a71,0,0,0.0,False,0,0
380,0.09475000000000007,82944,6a242012867dc8b837e29b1a8324e93d22fc3f743ff363b5f117270d386b5a71,0,0,0.0,False,0,0
381,0.09500000000000007,82944,6a242012867dc8b837e29b1a8324e93d22fc3f743ff363b5f117270d386b5a71,0,0,0.0,False,0,0
382,0.09525000000000007,82944,6a242012867dc8b837e29b1a8324e93d22fc3f743ff363b5f117270d386b5a71,0,0,0.0,False,0,0
383,0.09550000000000007,82944,6a242012867dc8b837e29b1a8324e93d22fc3f743ff363b5f117270d386b5a71,0,0,0.0,False,0,0
384,0.09575000000000007,82944,6a242012867dc8b837e29b1a8324e93d22fc3f743ff363b5f117270d386b5a71,0,0,0.0,False,0,0
385,0.09600000000000007,82944,6a242012867dc8b837e29b1a8324e93d22fc3f743ff363b5f117270d386b5a71,0,0,0.0,False,0,0
386,0.09625000000000007,82944,6a242012867dc8b837e29b1a8324e93d22fc3f743ff363b5f117270d386b5a71,0,0,0.0,False,0,0
387,0.09650000000000007,82944,6a242012867dc8b837e29b1a8324e93d22fc3f743ff363b5f117270d386b5a71,0,0,0.0,False,0,0
388,0.09675000000000007,82944,6a242012867dc8b837e29b1a8324e93d22fc3f743ff363b5f117270d386b5a71,0,0,0.0,False,0,0
389,0.09700000000000007,82944,6a242012867dc8b837e29b1a8324e93d22fc3f743ff363b5f117270d386b5a71,0,0,0.0,False,0,0
390,0.09725000000000007,82944,6a242012867dc8b837e29b1a8324e93d22fc3f743ff363b5f117270d386b5a71,0,0,0.0,False,0,0
391,0.09750000000000007,82944,6a242012867dc8b837e29b1a8324e93d22fc3f743ff363b5f117270d386b5a71,0,0,0.0,False,0,0
392,0.09775000000000007,82944,6a242012867dc8b837e29b1a8324e93d22fc3f743ff363b5f117270d386b5a71,0,0,0.0,False,0,0
393,0.09800000000000007,82944,6a242012867dc8b837e29b1a8324e93d22fc3f743ff363b5f117270d386b5a71,0,0,0.0,False,0,0
394,0.09825000000000007,82944,6a242012867dc8b837e29b1a8324e93d22fc3f743ff363b5f117270d386b5a71,0,0,0.0,False,0,0
395,0.09850000000000007,82944,6a242012867dc8b837e29b1a8324e93d22fc3f743ff363b5f117270d386b5a71,0,0,0.0,False,0,0
396,0.09875000000000007,82944,6a242012867dc8b837e29b1a8324e93d22fc3f743ff363b5f117270d386b5a71,0,0,0.0,False,0,0
397,0.09900000000000007,82944,6a242012867dc8b837e29b1a8324e93d22fc3f743ff363b5f117270d386b5a71,0,0,0.0,False,0,0
398,0.09925000000000007,82944,6a242012867dc8b837e29b1a8324e93d22fc3f743ff363b5f117270d386b5a71,0,0,0.0,False,0,0
399,0.09950000000000007,82944,6a242012867dc8b837e29b1a8324e93d22fc3f743ff363b5f117270d386b5a71,0,0,0.0,False,0,0
400,0.09975000000000007,82944,6a242012867dc8b837e29b1a8324e93d22fc3f743ff363b5f117270d386b5a71,0,0,0.0,False,0,0
401,0.10000000000000007,82944,6a242012867dc8b837e29b1a8324e93d22fc3f743ff363b5f117270d386b5a71,0,0,0.0,False,0,0
402,0.10025000000000008,82944,6a242012867dc8b837e29b1a8324e93d22fc3f743ff363b5f117270d386b5a71,0,0,0.0,False,0,0
403,0.10050000000000008,82944,6a242012867dc8b837e29b1a8324e93d22fc3f743ff363b5f117270d386b5a71,0,0,0.0,False,0,0
404,0.10075000000000008,82944,6a242012867dc8b837e29b1a8324e93d22fc3f743ff363b5f117270d386b5a71,0,0,0.0,False,0,0
405,0.10100000000000008,82944,6a242012867dc8b837e29b1a8324e93d22fc3f743ff363b5f117270d386b5a71,0,0,0.0,False,0,0
406,0.10125000000000008,82944,6a242012867dc8b837e29b1a8324e93d22fc3f743ff363b5f117270d386b5a71,0,0,0.0,False,0,0
407,0.10150000000000008,82944,6a242012867dc8b837e29b1a8324e93d22fc3f743ff363b5f117270d386b5a71,0,0,0.0,False,0,0
408,0.10175000000000008,82944,6a242012867dc8b837e29b1a8324e93d22fc3f743ff363b5f117270d386b5a71,0,0,0.0,False,0,0
409,0.10200000000000008,82944,6a242012867dc8b837e29b1a8324e93d22fc3f743ff363b5f117270d386b5a71,0,0,0.0,False,0,0
410,0.10225000000000008,82944,6a242012867dc8b837e29b1a8324e93d22fc3f743ff363b5f117270d386b5a71,0,0,0.0,False,0,0
411,0.10250000000000008,82944,6a242012867dc8b837e29b1a8324e93d22fc3f743ff363b5f117270d386b5a71,0,0,0.0,False,0,0
412,0.10275000000000008,82944,6a242012867dc8b837e29b1a8324e93d22fc3f743ff363b5f117270d386b5a71,0,0,0.0,False,0,0
413,0.10300000000000008,82944,6a242012867dc8b837e29b1a8324e93d22fc3f743ff363b5f117270d386b5a71,0,0,0.0,False,0,0
414,0.10325000000000008,82944,6a242012867dc8b837e29b1a8324e93d22fc3f743ff363b5f117270d386b5a71,0,0,0.0,False,0,0
415,0.10350000000000008,82944,6a242012867dc8b837e29b1a8324e93d22fc3f743ff363b5f117270d386b5a71,0,0,0.0,False,0,0
416,0.10375000000000008,82944,6a242012867dc8b837e29b1a8324e93d22fc3f743ff363b5f117270d386b5a71,0,0,0.0,False,0,0
417,0.10400000000000008,82944,6a242012867dc8b837e29b1a8324e93d22fc3f743ff363b5f117270d386b5a71,0,0,0.0,False,0,0
418,0.10425000000000008,82944,6a242012867dc8b837e29b1a8324e93d22fc3f743ff363b5f117270d386b5a71,0,0,0.0,False,0,0
419,0.10450000000000008,82944,6a242012867dc8b837e29b1a8324e93d22fc3f743ff363b5f117270d386b5a71,0,0,0.0,False,0,0
420,0.10475000000000008,82944,6a242012867dc8b837e29b1a8324e93d22fc3f743ff363b5f117270d386b5a71,0,0,0.0,False,0,0
421,0.10500000000000008,82944,6a242012867dc8b837e29b1a8324e93d22fc3f743ff363b5f117270d386b5a71,0,0,0.0,False,0,0
422,0.10525000000000008,82944,6a242012867dc8b837e29b1a8324e93d22fc3f743ff363b5f117270d386b5a71,0,0,0.0,False,0,0
423,0.10550000000000008,82944,6a242012867dc8b837e29b1a8324e93d22fc3f743ff363b5f117270d386b5a71,0,0,0.0,False,0,0
424,0.10575000000000008,82944,6a242012867dc8b837e29b1a8324e93d22fc3f743ff363b5f117270d386b5a71,0,0,0.0,False,0,0
425,0.10600000000000008,82944,6a242012867dc8b837e29b1a8324e93d22fc3f743ff363b5f117270d386b5a71,0,0,0.0,False,0,0
426,0.10625000000000008,82944,6a242012867dc8b837e29b1a8324e93d22fc3f743ff363b5f117270d386b5a71,0,0,0.0,False,0,0
427,0.10650000000000008,82944,6a242012867dc8b837e29b1a8324e93d22fc3f743ff363b5f117270d386b5a71,0,0,0.0,False,0,0
428,0.10675000000000008,82944,6a242012867dc8b837e29b1a8324e93d22fc3f743ff363b5f117270d386b5a71,0,0,0.0,False,0,0
429,0.10700000000000008,82944,6a242012867dc8b837e29b1a8324e93d22fc3f743ff363b5f117270d386b5a71,0,0,0.0,False,0,0
430,0.10725000000000008,82944,6a242012867dc8b837e29b1a8324e93d22fc3f743ff363b5f117270d386b5a71,0,0,0.0,False,0,0
431,0.10750000000000008,82944,6a242012867dc8b837e29b1a8324e93d22fc3f743ff363b5f117270d386b5a71,0,0,0.0,False,0,0
432,0.10775000000000008,82944,6a242012867dc8b837e29b1a8324e93d22fc3f743ff363b5f117270d386b5a71,0,0,0.0,False,0,0
433,0.10800000000000008,82944,6a242012867dc8b837e29b1a8324e93d22fc3f743ff363b5f117270d386b5a71,0,0,0.0,False,0,0
434,0.10825000000000008,82944,6a242012867dc8b837e29b1a8324e93d22fc3f743ff363b5f117270d386b5a71,0,0,0.0,False,0,0
435,0.10850000000000008,82944,6a242012867dc8b837e29b1a8324e93d22fc3f743ff363b5f117270d386b5a71,0,0,0.0,False,0,0
436,0.10875000000000008,82944,6a242012867dc8b837e29b1a8324e93d22fc3f743ff363b5f117270d386b5a71,0,0,0.0,False,0,0
437,0.10900000000000008,82944,6a242012867dc8b837e29b1a8324e93d22fc3f743ff363b5f117270d386b5a71,0,0,0.0,False,0,0
438,0.10925000000000008,82944,6a242012867dc8b837e29b1a8324e93d22fc3f743ff363b5f117270d386b5a71,0,0,0.0,False,0,0
439,0.10950000000000008,82944,6a242012867dc8b837e29b1a8324e93d22fc3f743ff363b5f117270d386b5a71,0,0,0.0,False,0,0
440,0.10975000000000008,82944,6a242012867dc8b837e29b1a8324e93d22fc3f743ff363b5f117270d386b5a71,0,0,0.0,False,0,0
441,0.11000000000000008,82944,6a242012867dc8b837e29b1a8324e93d22fc3f743ff363b5f117270d386b5a71,0,0,0.0,False,0,0
442,0.11025000000000008,82944,6a242012867dc8b837e29b1a8324e93d22fc3f743ff363b5f117270d386b5a71,0,0,0.0,False,0,0
443,0.11050000000000008,82944,6a242012867dc8b837e29b1a8324e93d22fc3f743ff363b5f117270d386b5a71,0,0,0.0,False,0,0
444,0.11075000000000008,82944,6a242012867dc8b837e29b1a8324e93d22fc3f743ff363b5f117270d386b5a71,0,0,0.0,False,0,0
445,0.11100000000000008,82944,6a242012867dc8b837e29b1a8324e93d22fc3f743ff363b5f117270d386b5a71,0,0,0.0,False,0,0
446,0.11125000000000008,82944,6a242012867dc8b837e29b1a8324e93d22fc3f743ff363b5f117270d386b5a71,0,0,0.0,False,0,0
447,0.11150000000000009,82944,6a242012867dc8b837e29b1a8324e93d22fc3f743ff363b5f117270d386b5a71,0,0,0.0,False,0,0
448,0.11175000000000009,82944,6a242012867dc8b837e29b1a8324e93d22fc3f743ff363b5f117270d386b5a71,0,0,0.0,False,0,0
449,0.11200000000000009,82944,6a242012867dc8b837e29b1a8324e93d22fc3f743ff363b5f117270d386b5a71,0,0,0.0,False,0,0
450,0.11225000000000009,82944,6a242012867dc8b837e29b1a8324e93d22fc3f743ff363b5f117270d386b5a71,0,0,0.0,False,0,0
451,0.11250000000000009,82944,6a242012867dc8b837e29b1a8324e93d22fc3f743ff363b5f117270d386b5a71,0,0,0.0,False,0,0
452,0.11275000000000009,82944,6a242012867dc8b837e29b1a8324e93d22fc3f743ff363b5f117270d386b5a71,0,0,0.0,False,0,0
453,0.11300000000000009,82944,6a242012867dc8b837e29b1a8324e93d22fc3f743ff363b5f117270d386b5a71,0,0,0.0,False,0,0
454,0.11325000000000009,82944,6a242012867dc8b837e29b1a8324e93d22fc3f743ff363b5f117270d386b5a71,0,0,0.0,False,0,0
455,0.11350000000000009,82944,6a242012867dc8b837e29b1a8324e93d22fc3f743ff363b5f117270d386b5a71,0,0,0.0,False,0,0
456,0.11375000000000009,82944,6a242012867dc8b837e29b1a8324e93d22fc3f743ff363b5f117270d386b5a71,0,0,0.0,False,0,0
457,0.11400000000000009,82944,6a242012867dc8b837e29b1a8324e93d22fc3f743ff363b5f117270d386b5a71,0,0,0.0,False,0,0
458,0.11425000000000009,82944,6a242012867dc8b837e29b1a8324e93d22fc3f743ff363b5f117270d386b5a71,0,0,0.0,False,0,0
459,0.11450000000000009,82944,6a242012867dc8b837e29b1a8324e93d22fc3f743ff363b5f117270d386b5a71,0,0,0.0,False,0,0
460,0.11475000000000009,82944,6a242012867dc8b837e29b1a8324e93d22fc3f743ff363b5f117270d386b5a71,0,0,0.0,False,0,0
461,0.11500000000000009,82944,6a242012867dc8b837e29b1a8324e93d22fc3f743ff363b5f117270d386b5a71,0,0,0.0,False,0,0
462,0.11525000000000009,82944,6a242012867dc8b837e29b1a8324e93d22fc3f743ff363b5f117270d386b5a71,0,0,0.0,False,0,0
463,0.11550000000000009,82944,6a242012867dc8b837e29b1a8324e93d22fc3f743ff363b5f117270d386b5a71,0,0,0.0,False,0,0
464,0.11575000000000009,82944,6a242012867dc8b837e29b1a8324e93d22fc3f743ff363b5f117270d386b5a71,0,0,0.0,False,0,0
465,0.11600000000000009,82944,6a242012867dc8b837e29b1a8324e93d22fc3f743ff363b5f117270d386b5a71,0,0,0.0,False,0,0
466,0.11625000000000009,82944,6a242012867dc8b837e29b1a8324e93d22fc3f743ff363b5f117270d386b5a71,0,0,0.0,False,0,0
467,0.11650000000000009,82944,6a242012867dc8b837e29b1a8324e93d22fc3f743ff363b5f117270d386b5a71,0,0,0.0,False,0,0
468,0.11675000000000009,82944,6a242012867dc8b837e29b1a8324e93d22fc3f743ff363b5f117270d386b5a71,0,0,0.0,False,0,0
469,0.11700000000000009,82944,6a242012867dc8b837e29b1a8324e93d22fc3f743ff363b5f117270d386b5a71,0,0,0.0,False,0,0
470,0.11725000000000009,82944,6a242012867dc8b837e29b1a8324e93d22fc3f743ff363b5f117270d386b5a71,0,0,0.0,False,0,0
471,0.11750000000000009,82944,6a242012867dc8b837e29b1a8324e93d22fc3f743ff363b5f117270d386b5a71,0,0,0.0,False,0,0
472,0.11775000000000009,82944,6a242012867dc8b837e29b1a8324e93d22fc3f743ff363b5f117270d386b5a71,0,0,0.0,False,0,0
473,0.11800000000000009,82944,6a242012867dc8b837e29b1a8324e93d22fc3f743ff363b5f117270d386b5a71,0,0,0.0,False,0,0
474,0.11825000000000009,82944,6a242012867dc8b837e29b1a8324e93d22fc3f743ff363b5f117270d386b5a71,0,0,0.0,False,0,0
475,0.11850000000000009,82944,6a242012867dc8b837e29b1a8324e93d22fc3f743ff363b5f117270d386b5a71,0,0,0.0,False,0,0
476,0.11875000000000009,82944,6a242012867dc8b837e29b1a8324e93d22fc3f743ff363b5f117270d386b5a71,0,0,0.0,False,0,0
477,0.11900000000000009,82944,6a242012867dc8b837e29b1a8324e93d22fc3f743ff363b5f117270d386b5a71,0,0,0.0,False,0,0
478,0.11925000000000009,82944,6a242012867dc8b837e29b1a8324e93d22fc3f743ff363b5f117270d386b5a71,0,0,0.0,False,0,0
479,0.11950000000000009,82944,6a242012867dc8b837e29b1a8324e93d22fc3f743ff363b5f117270d386b5a71,0,0,0.0,False,0,0
480,0.11975000000000009,82944,6a242012867dc8b837e29b1a8324e93d22fc3f743ff363b5f117270d386b5a71,0,0,0.0,False,0,0
481,0.12000000000000009,82944,6a242012867dc8b837e29b1a8324e93d22fc3f743ff363b5f117270d386b5a71,0,0,0.0,False,0,0
482,0.12025000000000009,82944,6a242012867dc8b837e29b1a8324e93d22fc3f743ff363b5f117270d386b5a71,0,0,0.0,False,0,0
483,0.1205000000000001,82944,6a242012867dc8b837e29b1a8324e93d22fc3f743ff363b5f117270d386b5a71,0,0,0.0,False,0,0
484,0.1207500000000001,82944,6a242012867dc8b837e29b1a8324e93d22fc3f743ff363b5f117270d386b5a71,0,0,0.0,False,0,0
485,0.1210000000000001,82944,6a242012867dc8b837e29b1a8324e93d22fc3f743ff363b5f117270d386b5a71,0,0,0.0,False,0,0
486,0.1212500000000001,82944,6a242012867dc8b837e29b1a8324e93d22fc3f743ff363b5f117270d386b5a71,0,0,0.0,False,0,0
487,0.1215000000000001,82944,6a242012867dc8b837e29b1a8324e93d22fc3f743ff363b5f117270d386b5a71,0,0,0.0,False,0,0
488,0.1217500000000001,82944,6a242012867dc8b837e29b1a8324e93d22fc3f743ff363b5f117270d386b5a71,0,0,0.0,False,0,0
489,0.1220000000000001,82944,6a242012867dc8b837e29b1a8324e93d22fc3f743ff363b5f117270d386b5a71,0,0,0.0,False,0,0
490,0.1222500000000001,82944,6a242012867dc8b837e29b1a8324e93d22fc3f743ff363b5f117270d386b5a71,0,0,0.0,False,0,0
491,0.1225000000000001,82944,6a242012867dc8b837e29b1a8324e93d22fc3f743ff363b5f117270d386b5a71,0,0,0.0,False,0,0
492,0.1227500000000001,82944,6a242012867dc8b837e29b1a8324e93d22fc3f743ff363b5f117270d386b5a71,0,0,0.0,False,0,0
493,0.1230000000000001,82944,6a242012867dc8b837e29b1a8324e93d22fc3f743ff363b5f117270d386b5a71,0,0,0.0,False,0,0
494,0.1232500000000001,82944,6a242012867dc8b837e29b1a8324e93d22fc3f743ff363b5f117270d386b5a71,0,0,0.0,False,0,0
495,0.1235000000000001,82944,6a242012867dc8b837e29b1a8324e93d22fc3f743ff363b5f117270d386b5a71,0,0,0.0,False,0,0
496,0.1237500000000001,82944,6a242012867dc8b837e29b1a8324e93d22fc3f743ff363b5f117270d386b5a71,0,0,0.0,False,0,0
497,0.1240000000000001,82944,6a242012867dc8b837e29b1a8324e93d22fc3f743ff363b5f117270d386b5a71,0,0,0.0,False,0,0
498,0.1242500000000001,82944,6a242012867dc8b837e29b1a8324e93d22fc3f743ff363b5f117270d386b5a71,0,0,0.0,False,0,0
499,0.1245000000000001,82944,6a242012867dc8b837e29b1a8324e93d22fc3f743ff363b5f117270d386b5a71,0,0,0.0,False,0,0
500,0.1247500000000001,82944,6a242012867dc8b837e29b1a8324e93d22fc3f743ff363b5f117270d386b5a71,0,0,0.0,False,0,0
501,0.12500000000000008,82944,6a242012867dc8b837e29b1a8324e93d22fc3f743ff363b5f117270d386b5a71,0,0,0.0,False,0,0
502,0.12525000000000008,82944,6a242012867dc8b837e29b1a8324e93d22fc3f743ff363b5f117270d386b5a71,0,0,0.0,False,0,0
503,0.12550000000000008,82944,6a242012867dc8b837e29b1a8324e93d22fc3f743ff363b5f117270d386b5a71,0,0,0.0,False,0,0
504,0.12575000000000008,82944,6a242012867dc8b837e29b1a8324e93d22fc3f743ff363b5f117270d386b5a71,0,0,0.0,False,0,0
505,0.12600000000000008,82944,6a242012867dc8b837e29b1a8324e93d22fc3f743ff363b5f117270d386b5a71,0,0,0.0,False,0,0
506,0.12625000000000008,82944,6a242012867dc8b837e29b1a8324e93d22fc3f743ff363b5f117270d386b5a71,0,0,0.0,False,0,0
507,0.12650000000000008,82944,6a242012867dc8b837e29b1a8324e93d22fc3f743ff363b5f117270d386b5a71,0,0,0.0,False,0,0
508,0.12675000000000008,82944,6a242012867dc8b837e29b1a8324e93d22fc3f743ff363b5f117270d386b5a71,0,0,0.0,False,0,0
509,0.12700000000000009,82944,6a242012867dc8b837e29b1a8324e93d22fc3f743ff363b5f117270d386b5a71,0,0,0.0,False,0,0
510,0.12725000000000009,82944,6a242012867dc8b837e29b1a8324e93d22fc3f743ff363b5f117270d386b5a71,0,0,0.0,False,0,0
511,0.12750000000000009,82944,6a242012867dc8b837e29b1a8324e93d22fc3f743ff363b5f117270d386b5a71,0,0,0.0,False,0,0
512,0.12775000000000009,82944,6a242012867dc8b837e29b1a8324e93d22fc3f743ff363b5f117270d386b5a71,0,0,0.0,False,0,0
513,0.12800000000000009,82944,6a242012867dc8b837e29b1a8324e93d22fc3f743ff363b5f117270d386b5a71,0,0,0.0,False,0,0
514,0.1282500000000001,82944,6a242012867dc8b837e29b1a8324e93d22fc3f743ff363b5f117270d386b5a71,0,0,0.0,False,0,0
515,0.1285000000000001,82944,6a242012867dc8b837e29b1a8324e93d22fc3f743ff363b5f117270d386b5a71,0,0,0.0,False,0,0
516,0.1287500000000001,82944,6a242012867dc8b837e29b1a8324e93d22fc3f743ff363b5f117270d386b5a71,0,0,0.0,False,0,0
517,0.1290000000000001,82944,6a242012867dc8b837e29b1a8324e93d22fc3f743ff363b5f117270d386b5a71,0,0,0.0,False,0,0
518,0.1292500000000001,82944,6a242012867dc8b837e29b1a8324e93d22fc3f743ff363b5f117270d386b5a71,0,0,0.0,False,0,0
519,0.1295000000000001,82944,6a242012867dc8b837e29b1a8324e93d22fc3f743ff363b5f117270d386b5a71,0,0,0.0,False,0,0
520,0.1297500000000001,82944,6a242012867dc8b837e29b1a8324e93d22fc3f743ff363b5f117270d386b5a71,0,0,0.0,False,0,0
521,0.1300000000000001,82944,6a242012867dc8b837e29b1a8324e93d22fc3f743ff363b5f117270d386b5a71,0,0,0.0,False,0,0
522,0.1302500000000001,82944,6a242012867dc8b837e29b1a8324e93d22fc3f743ff363b5f117270d386b5a71,0,0,0.0,False,0,0
523,0.1305000000000001,82944,6a242012867dc8b837e29b1a8324e93d22fc3f743ff363b5f117270d386b5a71,0,0,0.0,False,0,0
524,0.1307500000000001,82944,6a242012867dc8b837e29b1a8324e93d22fc3f743ff363b5f117270d386b5a71,0,0,0.0,False,0,0
525,0.1310000000000001,82944,6a242012867dc8b837e29b1a8324e93d22fc3f743ff363b5f117270d386b5a71,0,0,0.0,False,0,0
526,0.1312500000000001,82944,6a242012867dc8b837e29b1a8324e93d22fc3f743ff363b5f117270d386b5a71,0,0,0.0,False,0,0
527,0.1315000000000001,82944,6a242012867dc8b837e29b1a8324e93d22fc3f743ff363b5f117270d386b5a71,0,0,0.0,False,0,0
528,0.1317500000000001,82944,6a242012867dc8b837e29b1a8324e93d22fc3f743ff363b5f117270d386b5a71,0,0,0.0,False,0,0
529,0.1320000000000001,82944,6a242012867dc8b837e29b1a8324e93d22fc3f743ff363b5f117270d386b5a71,0,0,0.0,False,0,0
530,0.1322500000000001,82944,6a242012867dc8b837e29b1a8324e93d22fc3f743ff363b5f117270d386b5a71,0,0,0.0,False,0,0
531,0.1325000000000001,82944,6a242012867dc8b837e29b1a8324e93d22fc3f743ff363b5f117270d386b5a71,0,0,0.0,False,0,0
532,0.1327500000000001,82944,6a242012867dc8b837e29b1a8324e93d22fc3f743ff363b5f117270d386b5a71,0,0,0.0,False,0,0
533,0.1330000000000001,82944,6a242012867dc8b837e29b1a8324e93d22fc3f743ff363b5f117270d386b5a71,0,0,0.0,False,0,0
534,0.1332500000000001,82944,6a242012867dc8b837e29b1a8324e93d22fc3f743ff363b5f117270d386b5a71,0,0,0.0,False,0,0
535,0.1335000000000001,82944,6a242012867dc8b837e29b1a8324e93d22fc3f743ff363b5f117270d386b5a71,0,0,0.0,False,0,0
536,0.1337500000000001,82944,6a242012867dc8b837e29b1a8324e93d22fc3f743ff363b5f117270d386b5a71,0,0,0.0,False,0,0
537,0.1340000000000001,82944,6a242012867dc8b837e29b1a8324e93d22fc3f743ff363b5f117270d386b5a71,0,0,0.0,False,0,0
538,0.1342500000000001,82944,6a242012867dc8b837e29b1a8324e93d22fc3f743ff363b5f117270d386b5a71,0,0,0.0,False,0,0
539,0.1345000000000001,82944,6a242012867dc8b837e29b1a8324e93d22fc3f743ff363b5f117270d386b5a71,0,0,0.0,False,0,0
540,0.1347500000000001,82944,6a242012867dc8b837e29b1a8324e93d22fc3f743ff363b5f117270d386b5a71,0,0,0.0,False,0,0
541,0.1350000000000001,82944,6a242012867dc8b837e29b1a8324e93d22fc3f743ff363b5f117270d386b5a71,0,0,0.0,False,0,0
542,0.1352500000000001,82944,6a242012867dc8b837e29b1a8324e93d22fc3f743ff363b5f117270d386b5a71,0,0,0.0,False,0,0
543,0.1355000000000001,82944,6a242012867dc8b837e29b1a8324e93d22fc3f743ff363b5f117270d386b5a71,0,0,0.0,False,0,0
544,0.1357500000000001,82944,6a242012867dc8b837e29b1a8324e93d22fc3f743ff363b5f117270d386b5a71,0,0,0.0,False,0,0
545,0.1360000000000001,82944,6a242012867dc8b837e29b1a8324e93d22fc3f743ff363b5f117270d386b5a71,0,0,0.0,False,0,0
546,0.1362500000000001,82944,6a242012867dc8b837e29b1a8324e93d22fc3f743ff363b5f117270d386b5a71,0,0,0.0,False,0,0
547,0.1365000000000001,82944,6a242012867dc8b837e29b1a8324e93d22fc3f743ff363b5f117270d386b5a71,0,0,0.0,False,0,0
548,0.1367500000000001,82944,6a242012867dc8b837e29b1a8324e93d22fc3f743ff363b5f117270d386b5a71,0,0,0.0,False,0,0
549,0.1370000000000001,82944,6a242012867dc8b837e29b1a8324e93d22fc3f743ff363b5f117270d386b5a71,0,0,0.0,False,0,0
550,0.1372500000000001,82944,6a242012867dc8b837e29b1a8324e93d22fc3f743ff363b5f117270d386b5a71,0,0,0.0,False,0,0
551,0.1375000000000001,82944,6a242012867dc8b837e29b1a8324e93d22fc3f743ff363b5f117270d386b5a71,0,0,0.0,False,0,0
552,0.1377500000000001,82944,6a242012867dc8b837e29b1a8324e93d22fc3f743ff363b5f117270d386b5a71,0,0,0.0,False,0,0
553,0.1380000000000001,82944,6a242012867dc8b837e29b1a8324e93d22fc3f743ff363b5f117270d386b5a71,0,0,0.0,False,0,0
554,0.1382500000000001,82944,6a242012867dc8b837e29b1a8324e93d22fc3f743ff363b5f117270d386b5a71,0,0,0.0,False,0,0
555,0.1385000000000001,82944,6a242012867dc8b837e29b1a8324e93d22fc3f743ff363b5f117270d386b5a71,0,0,0.0,False,0,0
556,0.1387500000000001,82944,6a242012867dc8b837e29b1a8324e93d22fc3f743ff363b5f117270d386b5a71,0,0,0.0,False,0,0
557,0.1390000000000001,82944,6a242012867dc8b837e29b1a8324e93d22fc3f743ff363b5f117270d386b5a71,0,0,0.0,False,0,0
558,0.1392500000000001,82944,6a242012867dc8b837e29b1a8324e93d22fc3f743ff363b5f117270d386b5a71,0,0,0.0,False,0,0
559,0.1395000000000001,82944,6a242012867dc8b837e29b1a8324e93d22fc3f743ff363b5f117270d386b5a71,0,0,0.0,False,0,0
560,0.1397500000000001,82944,6a242012867dc8b837e29b1a8324e93d22fc3f743ff363b5f117270d386b5a71,0,0,0.0,False,0,0
561,0.1400000000000001,82944,6a242012867dc8b837e29b1a8324e93d22fc3f743ff363b5f117270d386b5a71,0,0,0.0,False,0,0
562,0.1402500000000001,82944,6a242012867dc8b837e29b1a8324e93d22fc3f743ff363b5f117270d386b5a71,0,0,0.0,False,0,0
563,0.1405000000000001,82944,6a242012867dc8b837e29b1a8324e93d22fc3f743ff363b5f117270d386b5a71,0,0,0.0,False,0,0
564,0.1407500000000001,82944,6a242012867dc8b837e29b1a8324e93d22fc3f743ff363b5f117270d386b5a71,0,0,0.0,False,0,0
565,0.1410000000000001,82944,6a242012867dc8b837e29b1a8324e93d22fc3f743ff363b5f117270d386b5a71,0,0,0.0,False,0,0
566,0.1412500000000001,82944,6a242012867dc8b837e29b1a8324e93d22fc3f743ff363b5f117270d386b5a71,0,0,0.0,False,0,0
567,0.1415000000000001,82944,6a242012867dc8b837e29b1a8324e93d22fc3f743ff363b5f117270d386b5a71,0,0,0.0,False,0,0
568,0.1417500000000001,82944,6a242012867dc8b837e29b1a8324e93d22fc3f743ff363b5f117270d386b5a71,0,0,0.0,False,0,0
569,0.1420000000000001,82944,6a242012867dc8b837e29b1a8324e93d22fc3f743ff363b5f117270d386b5a71,0,0,0.0,False,0,0
570,0.1422500000000001,82944,6a242012867dc8b837e29b1a8324e93d22fc3f743ff363b5f117270d386b5a71,0,0,0.0,False,0,0
571,0.1425000000000001,82944,6a242012867dc8b837e29b1a8324e93d22fc3f743ff363b5f117270d386b5a71,0,0,0.0,False,0,0
572,0.1427500000000001,82944,6a242012867dc8b837e29b1a8324e93d22fc3f743ff363b5f117270d386b5a71,0,0,0.0,False,0,0
573,0.1430000000000001,82944,6a242012867dc8b837e29b1a8324e93d22fc3f743ff363b5f117270d386b5a71,0,0,0.0,False,0,0
574,0.1432500000000001,82944,6a242012867dc8b837e29b1a8324e93d22fc3f743ff363b5f117270d386b5a71,0,0,0.0,False,0,0
575,0.1435000000000001,82944,6a242012867dc8b837e29b1a8324e93d22fc3f743ff363b5f117270d386b5a71,0,0,0.0,False,0,0
576,0.1437500000000001,82944,6a242012867dc8b837e29b1a8324e93d22fc3f743ff363b5f117270d386b5a71,0,0,0.0,False,0,0
577,0.1440000000000001,82944,6a242012867dc8b837e29b1a8324e93d22fc3f743ff363b5f117270d386b5a71,0,0,0.0,False,0,0
578,0.1442500000000001,82944,6a242012867dc8b837e29b1a8324e93d22fc3f743ff363b5f117270d386b5a71,0,0,0.0,False,0,0
579,0.1445000000000001,82944,6a242012867dc8b837e29b1a8324e93d22fc3f743ff363b5f117270d386b5a71,0,0,0.0,False,0,0
580,0.1447500000000001,82944,6a242012867dc8b837e29b1a8324e93d22fc3f743ff363b5f117270d386b5a71,0,0,0.0,False,0,0
581,0.1450000000000001,82944,6a242012867dc8b837e29b1a8324e93d22fc3f743ff363b5f117270d386b5a71,0,0,0.0,False,0,0
582,0.1452500000000001,82944,6a242012867dc8b837e29b1a8324e93d22fc3f743ff363b5f117270d386b5a71,0,0,0.0,False,0,0
583,0.1455000000000001,82944,6a242012867dc8b837e29b1a8324e93d22fc3f743ff363b5f117270d386b5a71,0,0,0.0,False,0,0
584,0.1457500000000001,82944,6a242012867dc8b837e29b1a8324e93d22fc3f743ff363b5f117270d386b5a71,0,0,0.0,False,0,0
585,0.1460000000000001,82944,6a242012867dc8b837e29b1a8324e93d22fc3f743ff363b5f117270d386b5a71,0,0,0.0,False,0,0
586,0.1462500000000001,82944,6a242012867dc8b837e29b1a8324e93d22fc3f743ff363b5f117270d386b5a71,0,0,0.0,False,0,0
587,0.1465000000000001,82944,6a242012867dc8b837e29b1a8324e93d22fc3f743ff363b5f117270d386b5a71,0,0,0.0,False,0,0
588,0.1467500000000001,82944,6a242012867dc8b837e29b1a8324e93d22fc3f743ff363b5f117270d386b5a71,0,0,0.0,False,0,0
589,0.1470000000000001,82944,6a242012867dc8b837e29b1a8324e93d22fc3f743ff363b5f117270d386b5a71,0,0,0.0,False,0,0
590,0.1472500000000001,82944,6a242012867dc8b837e29b1a8324e93d22fc3f743ff363b5f117270d386b5a71,0,0,0.0,False,0,0
591,0.1475000000000001,82944,6a242012867dc8b837e29b1a8324e93d22fc3f743ff363b5f117270d386b5a71,0,0,0.0,False,0,0
592,0.1477500000000001,82944,6a242012867dc8b837e29b1a8324e93d22fc3f743ff363b5f117270d386b5a71,0,0,0.0,False,0,0
593,0.1480000000000001,82944,6a242012867dc8b837e29b1a8324e93d22fc3f743ff363b5f117270d386b5a71,0,0,0.0,False,0,0
594,0.1482500000000001,82944,6a242012867dc8b837e29b1a8324e93d22fc3f743ff363b5f117270d386b5a71,0,0,0.0,False,0,0
595,0.1485000000000001,82944,6a242012867dc8b837e29b1a8324e93d22fc3f743ff363b5f117270d386b5a71,0,0,0.0,False,0,0
596,0.1487500000000001,82944,6a242012867dc8b837e29b1a8324e93d22fc3f743ff363b5f117270d386b5a71,0,0,0.0,False,0,0
597,0.1490000000000001,82944,6a242012867dc8b837e29b1a8324e93d22fc3f743ff363b5f117270d386b5a71,0,0,0.0,False,0,0
598,0.1492500000000001,82944,6a242012867dc8b837e29b1a8324e93d22fc3f743ff363b5f117270d386b5a71,0,0,0.0,False,0,0
599,0.1495000000000001,82944,6a242012867dc8b837e29b1a8324e93d22fc3f743ff363b5f117270d386b5a71,0,0,0.0,False,0,0
600,0.1497500000000001,82944,6a242012867dc8b837e29b1a8324e93d22fc3f743ff363b5f117270d386b5a71,0,0,0.0,False,0,0
601,0.1500000000000001,82944,6a242012867dc8b837e29b1a8324e93d22fc3f743ff363b5f117270d386b5a71,0,0,0.0,False,0,0
602,0.1502500000000001,82944,6a242012867dc8b837e29b1a8324e93d22fc3f743ff363b5f117270d386b5a71,0,0,0.0,False,0,0
603,0.1505000000000001,82944,6a242012867dc8b837e29b1a8324e93d22fc3f743ff363b5f117270d386b5a71,0,0,0.0,False,0,0
604,0.1507500000000001,82944,6a242012867dc8b837e29b1a8324e93d22fc3f743ff363b5f117270d386b5a71,0,0,0.0,False,0,0
605,0.1510000000000001,82944,6a242012867dc8b837e29b1a8324e93d22fc3f743ff363b5f117270d386b5a71,0,0,0.0,False,0,0
606,0.1512500000000001,82944,6a242012867dc8b837e29b1a8324e93d22fc3f743ff363b5f117270d386b5a71,0,0,0.0,False,0,0
607,0.1515000000000001,82944,6a242012867dc8b837e29b1a8324e93d22fc3f743ff363b5f117270d386b5a71,0,0,0.0,False,0,0
608,0.1517500000000001,82944,6a242012867dc8b837e29b1a8324e93d22fc3f743ff363b5f117270d386b5a71,0,0,0.0,False,0,0
609,0.1520000000000001,82944,6a242012867dc8b837e29b1a8324e93d22fc3f743ff363b5f117270d386b5a71,0,0,0.0,False,0,0
610,0.1522500000000001,82944,6a242012867dc8b837e29b1a8324e93d22fc3f743ff363b5f117270d386b5a71,0,0,0.0,False,0,0
611,0.1525000000000001,82944,6a242012867dc8b837e29b1a8324e93d22fc3f743ff363b5f117270d386b5a71,0,0,0.0,False,0,0
612,0.1527500000000001,82944,6a242012867dc8b837e29b1a8324e93d22fc3f743ff363b5f117270d386b5a71,0,0,0.0,False,0,0
613,0.1530000000000001,82944,6a242012867dc8b837e29b1a8324e93d22fc3f743ff363b5f117270d386b5a71,0,0,0.0,False,0,0
614,0.1532500000000001,82944,6a242012867dc8b837e29b1a8324e93d22fc3f743ff363b5f117270d386b5a71,0,0,0.0,False,0,0
615,0.1535000000000001,82944,6a242012867dc8b837e29b1a8324e93d22fc3f743ff363b5f117270d386b5a71,0,0,0.0,False,0,0
616,0.1537500000000001,82944,6a242012867dc8b837e29b1a8324e93d22fc3f743ff363b5f117270d386b5a71,0,0,0.0,False,0,0
617,0.1540000000000001,82944,6a242012867dc8b837e29b1a8324e93d22fc3f743ff363b5f117270d386b5a71,0,0,0.0,False,0,0
618,0.1542500000000001,82944,6a242012867dc8b837e29b1a8324e93d22fc3f743ff363b5f117270d386b5a71,0,0,0.0,False,0,0
619,0.1545000000000001,82944,6a242012867dc8b837e29b1a8324e93d22fc3f743ff363b5f117270d386b5a71,0,0,0.0,False,0,0
620,0.1547500000000001,82944,6a242012867dc8b837e29b1a8324e93d22fc3f743ff363b5f117270d386b5a71,0,0,0.0,False,0,0
621,0.1550000000000001,82944,6a242012867dc8b837e29b1a8324e93d22fc3f743ff363b5f117270d386b5a71,0,0,0.0,False,0,0
622,0.1552500000000001,82944,6a242012867dc8b837e29b1a8324e93d22fc3f743ff363b5f117270d386b5a71,0,0,0.0,False,0,0
623,0.1555000000000001,82944,6a242012867dc8b837e29b1a8324e93d22fc3f743ff363b5f117270d386b5a71,0,0,0.0,False,0,0
624,0.1557500000000001,82944,6a242012867dc8b837e29b1a8324e93d22fc3f743ff363b5f117270d386b5a71,0,0,0.0,False,0,0
625,0.1560000000000001,82944,6a242012867dc8b837e29b1a8324e93d22fc3f743ff363b5f117270d386b5a71,0,0,0.0,False,0,0
626,0.1562500000000001,82944,6a242012867dc8b837e29b1a8324e93d22fc3f743ff363b5f117270d386b5a71,0,0,0.0,False,0,0
627,0.1565000000000001,82944,6a242012867dc8b837e29b1a8324e93d22fc3f743ff363b5f117270d386b5a71,0,0,0.0,False,0,0
628,0.1567500000000001,82944,6a242012867dc8b837e29b1a8324e93d22fc3f743ff363b5f117270d386b5a71,0,0,0.0,False,0,0
629,0.1570000000000001,82944,6a242012867dc8b837e29b1a8324e93d22fc3f743ff363b5f117270d386b5a71,0,0,0.0,False,0,0
630,0.1572500000000001,82944,6a242012867dc8b837e29b1a8324e93d22fc3f743ff363b5f117270d386b5a71,0,0,0.0,False,0,0
631,0.1575000000000001,82944,6a242012867dc8b837e29b1a8324e93d22fc3f743ff363b5f117270d386b5a71,0,0,0.0,False,0,0
632,0.1577500000000001,82944,6a242012867dc8b837e29b1a8324e93d22fc3f743ff363b5f117270d386b5a71,0,0,0.0,False,0,0
633,0.1580000000000001,82944,6a242012867dc8b837e29b1a8324e93d22fc3f743ff363b5f117270d386b5a71,0,0,0.0,False,0,0
634,0.1582500000000001,82944,6a242012867dc8b837e29b1a8324e93d22fc3f743ff363b5f117270d386b5a71,0,0,0.0,False,0,0
635,0.1585000000000001,82944,6a242012867dc8b837e29b1a8324e93d22fc3f743ff363b5f117270d386b5a71,0,0,0.0,False,0,0
636,0.1587500000000001,82944,6a242012867dc8b837e29b1a8324e93d22fc3f743ff363b5f117270d386b5a71,0,0,0.0,False,0,0
637,0.1590000000000001,82944,6a242012867dc8b837e29b1a8324e93d22fc3f743ff363b5f117270d386b5a71,0,0,0.0,False,0,0
638,0.1592500000000001,82944,6a242012867dc8b837e29b1a8324e93d22fc3f743ff363b5f117270d386b5a71,0,0,0.0,False,0,0
639,0.15950000000000011,82944,6a242012867dc8b837e29b1a8324e93d22fc3f743ff363b5f117270d386b5a71,0,0,0.0,False,0,0
640,0.15975000000000011,82944,6a242012867dc8b837e29b1a8324e93d22fc3f743ff363b5f117270d386b5a71,0,0,0.0,False,0,0
641,0.16000000000000011,82944,6a242012867dc8b837e29b1a8324e93d22fc3f743ff363b5f117270d386b5a71,0,0,0.0,False,0,0
642,0.16025000000000011,82944,6a242012867dc8b837e29b1a8324e93d22fc3f743ff363b5f117270d386b5a71,0,0,0.0,False,0,0
643,0.16050000000000011,82944,6a242012867dc8b837e29b1a8324e93d22fc3f743ff363b5f117270d386b5a71,0,0,0.0,False,0,0
644,0.16075000000000012,82944,6a242012867dc8b837e29b1a8324e93d22fc3f743ff363b5f117270d386b5a71,0,0,0.0,False,0,0
645,0.16100000000000012,82944,6a242012867dc8b837e29b1a8324e93d22fc3f743ff363b5f117270d386b5a71,0,0,0.0,False,0,0
646,0.16125000000000012,82944,6a242012867dc8b837e29b1a8324e93d22fc3f743ff363b5f117270d386b5a71,0,0,0.0,False,0,0
647,0.16150000000000012,82944,6a242012867dc8b837e29b1a8324e93d22fc3f743ff363b5f117270d386b5a71,0,0,0.0,False,0,0
648,0.16175000000000012,82944,6a242012867dc8b837e29b1a8324e93d22fc3f743ff363b5f117270d386b5a71,0,0,0.0,False,0,0
649,0.16200000000000012,82944,6a242012867dc8b837e29b1a8324e93d22fc3f743ff363b5f117270d386b5a71,0,0,0.0,False,0,0
650,0.16225000000000012,82944,6a242012867dc8b837e29b1a8324e93d22fc3f743ff363b5f117270d386b5a71,0,0,0.0,False,0,0
651,0.16250000000000012,82944,6a242012867dc8b837e29b1a8324e93d22fc3f743ff363b5f117270d386b5a71,0,0,0.0,False,0,0
652,0.16275000000000012,82944,6a242012867dc8b837e29b1a8324e93d22fc3f743ff363b5f117270d386b5a71,0,0,0.0,False,0,0
653,0.16300000000000012,82944,6a242012867dc8b837e29b1a8324e93d22fc3f743ff363b5f117270d386b5a71,0,0,0.0,False,0,0
654,0.16325000000000012,82944,6a242012867dc8b837e29b1a8324e93d22fc3f743ff363b5f117270d386b5a71,0,0,0.0,False,0,0
655,0.16350000000000012,82944,6a242012867dc8b837e29b1a8324e93d22fc3f743ff363b5f117270d386b5a71,0,0,0.0,False,0,0
656,0.16375000000000012,82944,6a242012867dc8b837e29b1a8324e93d22fc3f743ff363b5f117270d386b5a71,0,0,0.0,False,0,0
657,0.16400000000000012,82944,6a242012867dc8b837e29b1a8324e93d22fc3f743ff363b5f117270d386b5a71,0,0,0.0,False,0,0
658,0.16425000000000012,82944,6a242012867dc8b837e29b1a8324e93d22fc3f743ff363b5f117270d386b5a71,0,0,0.0,False,0,0
659,0.16450000000000012,82944,6a242012867dc8b837e29b1a8324e93d22fc3f743ff363b5f117270d386b5a71,0,0,0.0,False,0,0
660,0.16475000000000012,82944,6a242012867dc8b837e29b1a8324e93d22fc3f743ff363b5f117270d386b5a71,0,0,0.0,False,0,0
661,0.16500000000000012,82944,6a242012867dc8b837e29b1a8324e93d22fc3f743ff363b5f117270d386b5a71,0,0,0.0,False,0,0
662,0.16525000000000012,82944,6a242012867dc8b837e29b1a8324e93d22fc3f743ff363b5f117270d386b5a71,0,0,0.0,False,0,0
663,0.16550000000000012,82944,6a242012867dc8b837e29b1a8324e93d22fc3f743ff363b5f117270d386b5a71,0,0,0.0,False,0,0
664,0.16575000000000012,82944,6a242012867dc8b837e29b1a8324e93d22fc3f743ff363b5f117270d386b5a71,0,0,0.0,False,0,0
665,0.16600000000000012,82944,6a242012867dc8b837e29b1a8324e93d22fc3f743ff363b5f117270d386b5a71,0,0,0.0,False,0,0
666,0.16625000000000012,82944,6a242012867dc8b837e29b1a8324e93d22fc3f743ff363b5f117270d386b5a71,0,0,0.0,False,0,0
667,0.16650000000000012,82944,6a242012867dc8b837e29b1a8324e93d22fc3f743ff363b5f117270d386b5a71,0,0,0.0,False,0,0
668,0.16675000000000012,82944,6a242012867dc8b837e29b1a8324e93d22fc3f743ff363b5f117270d386b5a71,0,0,0.0,False,0,0
669,0.16700000000000012,82944,6a242012867dc8b837e29b1a8324e93d22fc3f743ff363b5f117270d386b5a71,0,0,0.0,False,0,0
670,0.16725000000000012,82944,6a242012867dc8b837e29b1a8324e93d22fc3f743ff363b5f117270d386b5a71,0,0,0.0,False,0,0
671,0.16750000000000012,82944,6a242012867dc8b837e29b1a8324e93d22fc3f743ff363b5f117270d386b5a71,0,0,0.0,False,0,0
672,0.16775000000000012,82944,6a242012867dc8b837e29b1a8324e93d22fc3f743ff363b5f117270d386b5a71,0,0,0.0,False,0,0
673,0.16800000000000012,82944,6a242012867dc8b837e29b1a8324e93d22fc3f743ff363b5f117270d386b5a71,0,0,0.0,False,0,0
674,0.16825000000000012,82944,6a242012867dc8b837e29b1a8324e93d22fc3f743ff363b5f117270d386b5a71,0,0,0.0,False,0,0
675,0.16850000000000012,82944,6a242012867dc8b837e29b1a8324e93d22fc3f743ff363b5f117270d386b5a71,0,0,0.0,False,0,0
676,0.16875000000000012,82944,6a242012867dc8b837e29b1a8324e93d22fc3f743ff363b5f117270d386b5a71,0,0,0.0,False,0,0
677,0.16900000000000012,82944,6a242012867dc8b837e29b1a8324e93d22fc3f743ff363b5f117270d386b5a71,0,0,0.0,False,0,0
678,0.16925000000000012,82944,6a242012867dc8b837e29b1a8324e93d22fc3f743ff363b5f117270d386b5a71,0,0,0.0,False,0,0
679,0.16950000000000012,82944,6a242012867dc8b837e29b1a8324e93d22fc3f743ff363b5f117270d386b5a71,0,0,0.0,False,0,0
680,0.16975000000000012,82944,6a242012867dc8b837e29b1a8324e93d22fc3f743ff363b5f117270d386b5a71,0,0,0.0,False,0,0
681,0.17000000000000012,82944,6a242012867dc8b837e29b1a8324e93d22fc3f743ff363b5f117270d386b5a71,0,0,0.0,False,0,0
682,0.17025000000000012,82944,6a242012867dc8b837e29b1a8324e93d22fc3f743ff363b5f117270d386b5a71,0,0,0.0,False,0,0
683,0.17050000000000012,82944,6a242012867dc8b837e29b1a8324e93d22fc3f743ff363b5f117270d386b5a71,0,0,0.0,False,0,0
684,0.17075000000000012,82944,6a242012867dc8b837e29b1a8324e93d22fc3f743ff363b5f117270d386b5a71,0,0,0.0,False,0,0
685,0.17100000000000012,82944,6a242012867dc8b837e29b1a8324e93d22fc3f743ff363b5f117270d386b5a71,0,0,0.0,False,0,0
686,0.17125000000000012,82944,6a242012867dc8b837e29b1a8324e93d22fc3f743ff363b5f117270d386b5a71,0,0,0.0,False,0,0
687,0.17150000000000012,82944,6a242012867dc8b837e29b1a8324e93d22fc3f743ff363b5f117270d386b5a71,0,0,0.0,False,0,0
688,0.17175000000000012,82944,6a242012867dc8b837e29b1a8324e93d22fc3f743ff363b5f117270d386b5a71,0,0,0.0,False,0,0
689,0.17200000000000013,82944,6a242012867dc8b837e29b1a8324e93d22fc3f743ff363b5f117270d386b5a71,0,0,0.0,False,0,0
690,0.17225000000000013,82944,6a242012867dc8b837e29b1a8324e93d22fc3f743ff363b5f117270d386b5a71,0,0,0.0,False,0,0
691,0.17250000000000013,82944,6a242012867dc8b837e29b1a8324e93d22fc3f743ff363b5f117270d386b5a71,0,0,0.0,False,0,0
692,0.17275000000000013,82944,6a242012867dc8b837e29b1a8324e93d22fc3f743ff363b5f117270d386b5a71,0,0,0.0,False,0,0
693,0.17300000000000013,82944,6a242012867dc8b837e29b1a8324e93d22fc3f743ff363b5f117270d386b5a71,0,0,0.0,False,0,0
694,0.17325000000000013,82944,6a242012867dc8b837e29b1a8324e93d22fc3f743ff363b5f117270d386b5a71,0,0,0.0,False,0,0
695,0.17350000000000013,82944,6a242012867dc8b837e29b1a8324e93d22fc3f743ff363b5f117270d386b5a71,0,0,0.0,False,0,0
696,0.17375000000000013,82944,6a242012867dc8b837e29b1a8324e93d22fc3f743ff363b5f117270d386b5a71,0,0,0.0,False,0,0
697,0.17400000000000013,82944,6a242012867dc8b837e29b1a8324e93d22fc3f743ff363b5f117270d386b5a71,0,0,0.0,False,0,0
698,0.17425000000000013,82944,6a242012867dc8b837e29b1a8324e93d22fc3f743ff363b5f117270d386b5a71,0,0,0.0,False,0,0
699,0.17450000000000013,82944,6a242012867dc8b837e29b1a8324e93d22fc3f743ff363b5f117270d386b5a71,0,0,0.0,False,0,0
700,0.17475000000000013,82944,6a242012867dc8b837e29b1a8324e93d22fc3f743ff363b5f117270d386b5a71,0,0,0.0,False,0,0
701,0.17500000000000013,82944,6a242012867dc8b837e29b1a8324e93d22fc3f743ff363b5f117270d386b5a71,0,0,0.0,False,0,0
702,0.17525000000000013,82944,6a242012867dc8b837e29b1a8324e93d22fc3f743ff363b5f117270d386b5a71,0,0,0.0,False,0,0
703,0.17550000000000013,82944,6a242012867dc8b837e29b1a8324e93d22fc3f743ff363b5f117270d386b5a71,0,0,0.0,False,0,0
704,0.17575000000000013,82944,6a242012867dc8b837e29b1a8324e93d22fc3f743ff363b5f117270d386b5a71,0,0,0.0,False,0,0
705,0.17600000000000013,82944,6a242012867dc8b837e29b1a8324e93d22fc3f743ff363b5f117270d386b5a71,0,0,0.0,False,0,0
706,0.17625000000000013,82944,6a242012867dc8b837e29b1a8324e93d22fc3f743ff363b5f117270d386b5a71,0,0,0.0,False,0,0
707,0.17650000000000013,82944,6a242012867dc8b837e29b1a8324e93d22fc3f743ff363b5f117270d386b5a71,0,0,0.0,False,0,0
708,0.17675000000000013,82944,6a242012867dc8b837e29b1a8324e93d22fc3f743ff363b5f117270d386b5a71,0,0,0.0,False,0,0
709,0.17700000000000013,82944,6a242012867dc8b837e29b1a8324e93d22fc3f743ff363b5f117270d386b5a71,0,0,0.0,False,0,0
710,0.17725000000000013,82944,6a242012867dc8b837e29b1a8324e93d22fc3f743ff363b5f117270d386b5a71,0,0,0.0,False,0,0
711,0.17750000000000013,82944,6a242012867dc8b837e29b1a8324e93d22fc3f743ff363b5f117270d386b5a71,0,0,0.0,False,0,0
712,0.17775000000000013,82944,6a242012867dc8b837e29b1a8324e93d22fc3f743ff363b5f117270d386b5a71,0,0,0.0,False,0,0
713,0.17800000000000013,82944,6a242012867dc8b837e29b1a8324e93d22fc3f743ff363b5f117270d386b5a71,0,0,0.0,False,0,0
714,0.17825000000000013,82944,6a242012867dc8b837e29b1a8324e93d22fc3f743ff363b5f117270d386b5a71,0,0,0.0,False,0,0
715,0.17850000000000013,82944,6a242012867dc8b837e29b1a8324e93d22fc3f743ff363b5f117270d386b5a71,0,0,0.0,False,0,0
716,0.17875000000000013,82944,6a242012867dc8b837e29b1a8324e93d22fc3f743ff363b5f117270d386b5a71,0,0,0.0,False,0,0
717,0.17900000000000013,82944,6a242012867dc8b837e29b1a8324e93d22fc3f743ff363b5f117270d386b5a71,0,0,0.0,False,0,0
718,0.17925000000000013,82944,6a242012867dc8b837e29b1a8324e93d22fc3f743ff363b5f117270d386b5a71,0,0,0.0,False,0,0
719,0.17950000000000013,82944,6a242012867dc8b837e29b1a8324e93d22fc3f743ff363b5f117270d386b5a71,0,0,0.0,False,0,0
720,0.17975000000000013,82944,6a242012867dc8b837e29b1a8324e93d22fc3f743ff363b5f117270d386b5a71,0,0,0.0,False,0,0
721,0.18000000000000013,82944,6a242012867dc8b837e29b1a8324e93d22fc3f743ff363b5f117270d386b5a71,0,0,0.0,False,0,0
722,0.18025000000000013,82944,6a242012867dc8b837e29b1a8324e93d22fc3f743ff363b5f117270d386b5a71,0,0,0.0,False,0,0
723,0.18050000000000013,82944,6a242012867dc8b837e29b1a8324e93d22fc3f743ff363b5f117270d386b5a71,0,0,0.0,False,0,0
724,0.18075000000000013,82944,6a242012867dc8b837e29b1a8324e93d22fc3f743ff363b5f117270d386b5a71,0,0,0.0,False,0,0
725,0.18100000000000013,82944,6a242012867dc8b837e29b1a8324e93d22fc3f743ff363b5f117270d386b5a71,0,0,0.0,False,0,0
726,0.18125000000000013,82944,6a242012867dc8b837e29b1a8324e93d22fc3f743ff363b5f117270d386b5a71,0,0,0.0,False,0,0
727,0.18150000000000013,82944,6a242012867dc8b837e29b1a8324e93d22fc3f743ff363b5f117270d386b5a71,0,0,0.0,False,0,0
728,0.18175000000000013,82944,6a242012867dc8b837e29b1a8324e93d22fc3f743ff363b5f117270d386b5a71,0,0,0.0,False,0,0
729,0.18200000000000013,82944,6a242012867dc8b837e29b1a8324e93d22fc3f743ff363b5f117270d386b5a71,0,0,0.0,False,0,0
730,0.18225000000000013,82944,6a242012867dc8b837e29b1a8324e93d22fc3f743ff363b5f117270d386b5a71,0,0,0.0,False,0,0
731,0.18250000000000013,82944,6a242012867dc8b837e29b1a8324e93d22fc3f743ff363b5f117270d386b5a71,0,0,0.0,False,0,0
732,0.18275000000000013,82944,6a242012867dc8b837e29b1a8324e93d22fc3f743ff363b5f117270d386b5a71,0,0,0.0,False,0,0
733,0.18300000000000013,82944,6a242012867dc8b837e29b1a8324e93d22fc3f743ff363b5f117270d386b5a71,0,0,0.0,False,0,0
734,0.18325000000000014,82944,6a242012867dc8b837e29b1a8324e93d22fc3f743ff363b5f117270d386b5a71,0,0,0.0,False,0,0
735,0.18350000000000014,82944,6a242012867dc8b837e29b1a8324e93d22fc3f743ff363b5f117270d386b5a71,0,0,0.0,False,0,0
736,0.18375000000000014,82944,6a242012867dc8b837e29b1a8324e93d22fc3f743ff363b5f117270d386b5a71,0,0,0.0,False,0,0
737,0.18400000000000014,82944,6a242012867dc8b837e29b1a8324e93d22fc3f743ff363b5f117270d386b5a71,0,0,0.0,False,0,0
738,0.18425000000000014,82944,6a242012867dc8b837e29b1a8324e93d22fc3f743ff363b5f117270d386b5a71,0,0,0.0,False,0,0
739,0.18450000000000014,82944,6a242012867dc8b837e29b1a8324e93d22fc3f743ff363b5f117270d386b5a71,0,0,0.0,False,0,0
740,0.18475000000000014,82944,6a242012867dc8b837e29b1a8324e93d22fc3f743ff363b5f117270d386b5a71,0,0,0.0,False,0,0
741,0.18500000000000014,82944,6a242012867dc8b837e29b1a8324e93d22fc3f743ff363b5f117270d386b5a71,0,0,0.0,False,0,0
742,0.18525000000000014,82944,6a242012867dc8b837e29b1a8324e93d22fc3f743ff363b5f117270d386b5a71,0,0,0.0,False,0,0
743,0.18550000000000014,82944,6a242012867dc8b837e29b1a8324e93d22fc3f743ff363b5f117270d386b5a71,0,0,0.0,False,0,0
744,0.18575000000000014,82944,6a242012867dc8b837e29b1a8324e93d22fc3f743ff363b5f117270d386b5a71,0,0,0.0,False,0,0
745,0.18600000000000014,82944,6a242012867dc8b837e29b1a8324e93d22fc3f743ff363b5f117270d386b5a71,0,0,0.0,False,0,0
746,0.18625000000000014,82944,6a242012867dc8b837e29b1a8324e93d22fc3f743ff363b5f117270d386b5a71,0,0,0.0,False,0,0
747,0.18650000000000014,82944,6a242012867dc8b837e29b1a8324e93d22fc3f743ff363b5f117270d386b5a71,0,0,0.0,False,0,0
748,0.18675000000000014,82944,6a242012867dc8b837e29b1a8324e93d22fc3f743ff363b5f117270d386b5a71,0,0,0.0,False,0,0
749,0.18700000000000014,82944,6a242012867dc8b837e29b1a8324e93d22fc3f743ff363b5f117270d386b5a71,0,0,0.0,False,0,0
750,0.18725000000000014,82944,6a242012867dc8b837e29b1a8324e93d22fc3f743ff363b5f117270d386b5a71,0,0,0.0,False,0,0
751,0.18750000000000014,82944,6a242012867dc8b837e29b1a8324e93d22fc3f743ff363b5f117270d386b5a71,0,0,0.0,False,0,0
752,0.18775000000000014,82944,6a242012867dc8b837e29b1a8324e93d22fc3f743ff363b5f117270d386b5a71,0,0,0.0,False,0,0
753,0.18800000000000014,82944,6a242012867dc8b837e29b1a8324e93d22fc3f743ff363b5f117270d386b5a71,0,0,0.0,False,0,0
754,0.18825000000000014,82944,6a242012867dc8b837e29b1a8324e93d22fc3f743ff363b5f117270d386b5a71,0,0,0.0,False,0,0
755,0.18850000000000014,82944,6a242012867dc8b837e29b1a8324e93d22fc3f743ff363b5f117270d386b5a71,0,0,0.0,False,0,0
756,0.18875000000000014,82944,6a242012867dc8b837e29b1a8324e93d22fc3f743ff363b5f117270d386b5a71,0,0,0.0,False,0,0
757,0.18900000000000014,82944,6a242012867dc8b837e29b1a8324e93d22fc3f743ff363b5f117270d386b5a71,0,0,0.0,False,0,0
758,0.18925000000000014,82944,6a242012867dc8b837e29b1a8324e93d22fc3f743ff363b5f117270d386b5a71,0,0,0.0,False,0,0
759,0.18950000000000014,82944,6a242012867dc8b837e29b1a8324e93d22fc3f743ff363b5f117270d386b5a71,0,0,0.0,False,0,0
760,0.18975000000000014,82944,6a242012867dc8b837e29b1a8324e93d22fc3f743ff363b5f117270d386b5a71,0,0,0.0,False,0,0
761,0.19000000000000014,82944,6a242012867dc8b837e29b1a8324e93d22fc3f743ff363b5f117270d386b5a71,0,0,0.0,False,0,0
762,0.19025000000000014,82944,6a242012867dc8b837e29b1a8324e93d22fc3f743ff363b5f117270d386b5a71,0,0,0.0,False,0,0
763,0.19050000000000014,82944,6a242012867dc8b837e29b1a8324e93d22fc3f743ff363b5f117270d386b5a71,0,0,0.0,False,0,0
764,0.19075000000000014,82944,6a242012867dc8b837e29b1a8324e93d22fc3f743ff363b5f117270d386b5a71,0,0,0.0,False,0,0
765,0.19100000000000014,82944,6a242012867dc8b837e29b1a8324e93d22fc3f743ff363b5f117270d386b5a71,0,0,0.0,False,0,0
766,0.19125000000000014,82944,6a242012867dc8b837e29b1a8324e93d22fc3f743ff363b5f117270d386b5a71,0,0,0.0,False,0,0
767,0.19150000000000014,82944,6a242012867dc8b837e29b1a8324e93d22fc3f743ff363b5f117270d386b5a71,0,0,0.0,False,0,0
768,0.19175000000000014,82944,6a242012867dc8b837e29b1a8324e93d22fc3f743ff363b5f117270d386b5a71,0,0,0.0,False,0,0
769,0.19200000000000014,82944,6a242012867dc8b837e29b1a8324e93d22fc3f743ff363b5f117270d386b5a71,0,0,0.0,False,0,0
770,0.19225000000000014,82944,6a242012867dc8b837e29b1a8324e93d22fc3f743ff363b5f117270d386b5a71,0,0,0.0,False,0,0
771,0.19250000000000014,82944,6a242012867dc8b837e29b1a8324e93d22fc3f743ff363b5f117270d386b5a71,0,0,0.0,False,0,0
772,0.19275000000000014,82944,6a242012867dc8b837e29b1a8324e93d22fc3f743ff363b5f117270d386b5a71,0,0,0.0,False,0,0
773,0.19300000000000014,82944,6a242012867dc8b837e29b1a8324e93d22fc3f743ff363b5f117270d386b5a71,0,0,0.0,False,0,0
774,0.19325000000000014,82944,6a242012867dc8b837e29b1a8324e93d22fc3f743ff363b5f117270d386b5a71,0,0,0.0,False,0,0
775,0.19350000000000014,82944,6a242012867dc8b837e29b1a8324e93d22fc3f743ff363b5f117270d386b5a71,0,0,0.0,False,0,0
776,0.19375000000000014,82944,6a242012867dc8b837e29b1a8324e93d22fc3f743ff363b5f117270d386b5a71,0,0,0.0,False,0,0
777,0.19400000000000014,82944,6a242012867dc8b837e29b1a8324e93d22fc3f743ff363b5f117270d386b5a71,0,0,0.0,False,0,0
778,0.19425000000000014,82944,6a242012867dc8b837e29b1a8324e93d22fc3f743ff363b5f117270d386b5a71,0,0,0.0,False,0,0
779,0.19450000000000014,82944,6a242012867dc8b837e29b1a8324e93d22fc3f743ff363b5f117270d386b5a71,0,0,0.0,False,0,0
780,0.19475000000000015,82944,6a242012867dc8b837e29b1a8324e93d22fc3f743ff363b5f117270d386b5a71,0,0,0.0,False,0,0
781,0.19500000000000015,82944,6a242012867dc8b837e29b1a8324e93d22fc3f743ff363b5f117270d386b5a71,0,0,0.0,False,0,0
782,0.19525000000000015,82944,6a242012867dc8b837e29b1a8324e93d22fc3f743ff363b5f117270d386b5a71,0,0,0.0,False,0,0
783,0.19550000000000015,82944,6a242012867dc8b837e29b1a8324e93d22fc3f743ff363b5f117270d386b5a71,0,0,0.0,False,0,0
784,0.19575000000000015,82944,6a242012867dc8b837e29b1a8324e93d22fc3f743ff363b5f117270d386b5a71,0,0,0.0,False,0,0
785,0.19600000000000015,82944,6a242012867dc8b837e29b1a8324e93d22fc3f743ff363b5f117270d386b5a71,0,0,0.0,False,0,0
786,0.19625000000000015,82944,6a242012867dc8b837e29b1a8324e93d22fc3f743ff363b5f117270d386b5a71,0,0,0.0,False,0,0
787,0.19650000000000015,82944,6a242012867dc8b837e29b1a8324e93d22fc3f743ff363b5f117270d386b5a71,0,0,0.0,False,0,0
788,0.19675000000000015,82944,6a242012867dc8b837e29b1a8324e93d22fc3f743ff363b5f117270d386b5a71,0,0,0.0,False,0,0
789,0.19700000000000015,82944,6a242012867dc8b837e29b1a8324e93d22fc3f743ff363b5f117270d386b5a71,0,0,0.0,False,0,0
790,0.19725000000000015,82944,6a242012867dc8b837e29b1a8324e93d22fc3f743ff363b5f117270d386b5a71,0,0,0.0,False,0,0
791,0.19750000000000015,82944,6a242012867dc8b837e29b1a8324e93d22fc3f743ff363b5f117270d386b5a71,0,0,0.0,False,0,0
792,0.19775000000000015,82944,6a242012867dc8b837e29b1a8324e93d22fc3f743ff363b5f117270d386b5a71,0,0,0.0,False,0,0
793,0.19800000000000015,82944,6a242012867dc8b837e29b1a8324e93d22fc3f743ff363b5f117270d386b5a71,0,0,0.0,False,0,0
794,0.19825000000000015,82944,6a242012867dc8b837e29b1a8324e93d22fc3f743ff363b5f117270d386b5a71,0,0,0.0,False,0,0
795,0.19850000000000015,82944,6a242012867dc8b837e29b1a8324e93d22fc3f743ff363b5f117270d386b5a71,0,0,0.0,False,0,0
796,0.19875000000000015,82944,6a242012867dc8b837e29b1a8324e93d22fc3f743ff363b5f117270d386b5a71,0,0,0.0,False,0,0
797,0.19900000000000015,82944,6a242012867dc8b837e29b1a8324e93d22fc3f743ff363b5f117270d386b5a71,0,0,0.0,False,0,0
798,0.19925000000000015,82944,6a242012867dc8b837e29b1a8324e93d22fc3f743ff363b5f117270d386b5a71,0,0,0.0,False,0,0
799,0.19950000000000015,82944,6a242012867dc8b837e29b1a8324e93d22fc3f743ff363b5f117270d386b5a71,0,0,0.0,False,0,0
800,0.19975000000000015,82944,6a242012867dc8b837e29b1a8324e93d22fc3f743ff363b5f117270d386b5a71,0,0,0.0,False,0,0
801,0.20000000000000015,82944,6a242012867dc8b837e29b1a8324e93d22fc3f743ff363b5f117270d386b5a71,0,0,0.0,False,0,0
802,0.20025000000000015,82944,6a242012867dc8b837e29b1a8324e93d22fc3f743ff363b5f117270d386b5a71,0,0,0.0,False,0,0
803,0.20050000000000015,82944,6a242012867dc8b837e29b1a8324e93d22fc3f743ff363b5f117270d386b5a71,0,0,0.0,False,0,0
804,0.20075000000000015,82944,6a242012867dc8b837e29b1a8324e93d22fc3f743ff363b5f117270d386b5a71,0,0,0.0,False,0,0
805,0.20100000000000015,82944,6a242012867dc8b837e29b1a8324e93d22fc3f743ff363b5f117270d386b5a71,0,0,0.0,False,0,0
806,0.20125000000000015,82944,6a242012867dc8b837e29b1a8324e93d22fc3f743ff363b5f117270d386b5a71,0,0,0.0,False,0,0
807,0.20150000000000015,82944,6a242012867dc8b837e29b1a8324e93d22fc3f743ff363b5f117270d386b5a71,0,0,0.0,False,0,0
808,0.20175000000000015,82944,6a242012867dc8b837e29b1a8324e93d22fc3f743ff363b5f117270d386b5a71,0,0,0.0,False,0,0
809,0.20200000000000015,82944,6a242012867dc8b837e29b1a8324e93d22fc3f743ff363b5f117270d386b5a71,0,0,0.0,False,0,0
810,0.20225000000000015,82944,6a242012867dc8b837e29b1a8324e93d22fc3f743ff363b5f117270d386b5a71,0,0,0.0,False,0,0
811,0.20250000000000015,82944,6a242012867dc8b837e29b1a8324e93d22fc3f743ff363b5f117270d386b5a71,0,0,0.0,False,0,0
812,0.20275000000000015,82944,6a242012867dc8b837e29b1a8324e93d22fc3f743ff363b5f117270d386b5a71,0,0,0.0,False,0,0
813,0.20300000000000015,82944,6a242012867dc8b837e29b1a8324e93d22fc3f743ff363b5f117270d386b5a71,0,0,0.0,False,0,0
814,0.20325000000000015,82944,6a242012867dc8b837e29b1a8324e93d22fc3f743ff363b5f117270d386b5a71,0,0,0.0,False,0,0
815,0.20350000000000015,82944,6a242012867dc8b837e29b1a8324e93d22fc3f743ff363b5f117270d386b5a71,0,0,0.0,False,0,0
816,0.20375000000000015,82944,6a242012867dc8b837e29b1a8324e93d22fc3f743ff363b5f117270d386b5a71,0,0,0.0,False,0,0
817,0.20400000000000015,82944,6a242012867dc8b837e29b1a8324e93d22fc3f743ff363b5f117270d386b5a71,0,0,0.0,False,0,0
818,0.20425000000000015,82944,6a242012867dc8b837e29b1a8324e93d22fc3f743ff363b5f117270d386b5a71,0,0,0.0,False,0,0
819,0.20450000000000015,82944,6a242012867dc8b837e29b1a8324e93d22fc3f743ff363b5f117270d386b5a71,0,0,0.0,False,0,0
820,0.20475000000000015,82944,6a242012867dc8b837e29b1a8324e93d22fc3f743ff363b5f117270d386b5a71,0,0,0.0,False,0,0
821,0.20500000000000015,82944,6a242012867dc8b837e29b1a8324e93d22fc3f743ff363b5f117270d386b5a71,0,0,0.0,False,0,0
822,0.20525000000000015,82944,6a242012867dc8b837e29b1a8324e93d22fc3f743ff363b5f117270d386b5a71,0,0,0.0,False,0,0
823,0.20550000000000015,82944,6a242012867dc8b837e29b1a8324e93d22fc3f743ff363b5f117270d386b5a71,0,0,0.0,False,0,0
824,0.20575000000000015,82944,6a242012867dc8b837e29b1a8324e93d22fc3f743ff363b5f117270d386b5a71,0,0,0.0,False,0,0
825,0.20600000000000016,82944,6a242012867dc8b837e29b1a8324e93d22fc3f743ff363b5f117270d386b5a71,0,0,0.0,False,0,0
826,0.20625000000000016,82944,6a242012867dc8b837e29b1a8324e93d22fc3f743ff363b5f117270d386b5a71,0,0,0.0,False,0,0
827,0.20650000000000016,82944,6a242012867dc8b837e29b1a8324e93d22fc3f743ff363b5f117270d386b5a71,0,0,0.0,False,0,0
828,0.20675000000000016,82944,6a242012867dc8b837e29b1a8324e93d22fc3f743ff363b5f117270d386b5a71,0,0,0.0,False,0,0
829,0.20700000000000016,82944,6a242012867dc8b837e29b1a8324e93d22fc3f743ff363b5f117270d386b5a71,0,0,0.0,False,0,0
830,0.20725000000000016,82944,6a242012867dc8b837e29b1a8324e93d22fc3f743ff363b5f117270d386b5a71,0,0,0.0,False,0,0
831,0.20750000000000016,82944,6a242012867dc8b837e29b1a8324e93d22fc3f743ff363b5f117270d386b5a71,0,0,0.0,False,0,0
832,0.20775000000000016,82944,6a242012867dc8b837e29b1a8324e93d22fc3f743ff363b5f117270d386b5a71,0,0,0.0,False,0,0
833,0.20800000000000016,82944,6a242012867dc8b837e29b1a8324e93d22fc3f743ff363b5f117270d386b5a71,0,0,0.0,False,0,0
834,0.20825000000000016,82944,6a242012867dc8b837e29b1a8324e93d22fc3f743ff363b5f117270d386b5a71,0,0,0.0,False,0,0
835,0.20850000000000016,82944,6a242012867dc8b837e29b1a8324e93d22fc3f743ff363b5f117270d386b5a71,0,0,0.0,False,0,0
836,0.20875000000000016,82944,6a242012867dc8b837e29b1a8324e93d22fc3f743ff363b5f117270d386b5a71,0,0,0.0,False,0,0
837,0.20900000000000016,82944,6a242012867dc8b837e29b1a8324e93d22fc3f743ff363b5f117270d386b5a71,0,0,0.0,False,0,0
838,0.20925000000000016,82944,6a242012867dc8b837e29b1a8324e93d22fc3f743ff363b5f117270d386b5a71,0,0,0.0,False,0,0
839,0.20950000000000016,82944,6a242012867dc8b837e29b1a8324e93d22fc3f743ff363b5f117270d386b5a71,0,0,0.0,False,0,0
840,0.20975000000000016,82944,6a242012867dc8b837e29b1a8324e93d22fc3f743ff363b5f117270d386b5a71,0,0,0.0,False,0,0
841,0.21000000000000016,82944,6a242012867dc8b837e29b1a8324e93d22fc3f743ff363b5f117270d386b5a71,0,0,0.0,False,0,0
842,0.21025000000000016,82944,6a242012867dc8b837e29b1a8324e93d22fc3f743ff363b5f117270d386b5a71,0,0,0.0,False,0,0
843,0.21050000000000016,82944,6a242012867dc8b837e29b1a8324e93d22fc3f743ff363b5f117270d386b5a71,0,0,0.0,False,0,0
844,0.21075000000000016,82944,6a242012867dc8b837e29b1a8324e93d22fc3f743ff363b5f117270d386b5a71,0,0,0.0,False,0,0
845,0.21100000000000016,82944,6a242012867dc8b837e29b1a8324e93d22fc3f743ff363b5f117270d386b5a71,0,0,0.0,False,0,0
846,0.21125000000000016,82944,6a242012867dc8b837e29b1a8324e93d22fc3f743ff363b5f117270d386b5a71,0,0,0.0,False,0,0
847,0.21150000000000016,82944,6a242012867dc8b837e29b1a8324e93d22fc3f743ff363b5f117270d386b5a71,0,0,0.0,False,0,0
848,0.21175000000000016,82944,6a242012867dc8b837e29b1a8324e93d22fc3f743ff363b5f117270d386b5a71,0,0,0.0,False,0,0
849,0.21200000000000016,82944,6a242012867dc8b837e29b1a8324e93d22fc3f743ff363b5f117270d386b5a71,0,0,0.0,False,0,0
850,0.21225000000000016,82944,6a242012867dc8b837e29b1a8324e93d22fc3f743ff363b5f117270d386b5a71,0,0,0.0,False,0,0
851,0.21250000000000016,82944,6a242012867dc8b837e29b1a8324e93d22fc3f743ff363b5f117270d386b5a71,0,0,0.0,False,0,0
852,0.21275000000000016,82944,6a242012867dc8b837e29b1a8324e93d22fc3f743ff363b5f117270d386b5a71,0,0,0.0,False,0,0
853,0.21300000000000016,82944,6a242012867dc8b837e29b1a8324e93d22fc3f743ff363b5f117270d386b5a71,0,0,0.0,False,0,0
854,0.21325000000000016,82944,6a242012867dc8b837e29b1a8324e93d22fc3f743ff363b5f117270d386b5a71,0,0,0.0,False,0,0
855,0.21350000000000016,82944,6a242012867dc8b837e29b1a8324e93d22fc3f743ff363b5f117270d386b5a71,0,0,0.0,False,0,0
856,0.21375000000000016,82944,6a242012867dc8b837e29b1a8324e93d22fc3f743ff363b5f117270d386b5a71,0,0,0.0,False,0,0
857,0.21400000000000016,82944,6a242012867dc8b837e29b1a8324e93d22fc3f743ff363b5f117270d386b5a71,0,0,0.0,False,0,0
858,0.21425000000000016,82944,6a242012867dc8b837e29b1a8324e93d22fc3f743ff363b5f117270d386b5a71,0,0,0.0,False,0,0
859,0.21450000000000016,82944,6a242012867dc8b837e29b1a8324e93d22fc3f743ff363b5f117270d386b5a71,0,0,0.0,False,0,0
860,0.21475000000000016,82944,6a242012867dc8b837e29b1a8324e93d22fc3f743ff363b5f117270d386b5a71,0,0,0.0,False,0,0
861,0.21500000000000016,82944,6a242012867dc8b837e29b1a8324e93d22fc3f743ff363b5f117270d386b5a71,0,0,0.0,False,0,0
862,0.21525000000000016,82944,6a242012867dc8b837e29b1a8324e93d22fc3f743ff363b5f117270d386b5a71,0,0,0.0,False,0,0
863,0.21550000000000016,82944,6a242012867dc8b837e29b1a8324e93d22fc3f743ff363b5f117270d386b5a71,0,0,0.0,False,0,0
864,0.21575000000000016,82944,6a242012867dc8b837e29b1a8324e93d22fc3f743ff363b5f117270d386b5a71,0,0,0.0,False,0,0
865,0.21600000000000016,82944,6a242012867dc8b837e29b1a8324e93d22fc3f743ff363b5f117270d386b5a71,0,0,0.0,False,0,0
866,0.21625000000000016,82944,6a242012867dc8b837e29b1a8324e93d22fc3f743ff363b5f117270d386b5a71,0,0,0.0,False,0,0
867,0.21650000000000016,82944,6a242012867dc8b837e29b1a8324e93d22fc3f743ff363b5f117270d386b5a71,0,0,0.0,False,0,0
868,0.21675000000000016,82944,6a242012867dc8b837e29b1a8324e93d22fc3f743ff363b5f117270d386b5a71,0,0,0.0,False,0,0
869,0.21700000000000016,82944,6a242012867dc8b837e29b1a8324e93d22fc3f743ff363b5f117270d386b5a71,0,0,0.0,False,0,0
870,0.21725000000000017,82944,6a242012867dc8b837e29b1a8324e93d22fc3f743ff363b5f117270d386b5a71,0,0,0.0,False,0,0
871,0.21750000000000017,82944,6a242012867dc8b837e29b1a8324e93d22fc3f743ff363b5f117270d386b5a71,0,0,0.0,False,0,0
872,0.21775000000000017,82944,6a242012867dc8b837e29b1a8324e93d22fc3f743ff363b5f117270d386b5a71,0,0,0.0,False,0,0
873,0.21800000000000017,82944,6a242012867dc8b837e29b1a8324e93d22fc3f743ff363b5f117270d386b5a71,0,0,0.0,False,0,0
874,0.21825000000000017,82944,6a242012867dc8b837e29b1a8324e93d22fc3f743ff363b5f117270d386b5a71,0,0,0.0,False,0,0
875,0.21850000000000017,82944,6a242012867dc8b837e29b1a8324e93d22fc3f743ff363b5f117270d386b5a71,0,0,0.0,False,0,0
876,0.21875000000000017,82944,6a242012867dc8b837e29b1a8324e93d22fc3f743ff363b5f117270d386b5a71,0,0,0.0,False,0,0
877,0.21900000000000017,82944,6a242012867dc8b837e29b1a8324e93d22fc3f743ff363b5f117270d386b5a71,0,0,0.0,False,0,0
878,0.21925000000000017,82944,6a242012867dc8b837e29b1a8324e93d22fc3f743ff363b5f117270d386b5a71,0,0,0.0,False,0,0
879,0.21950000000000017,82944,6a242012867dc8b837e29b1a8324e93d22fc3f743ff363b5f117270d386b5a71,0,0,0.0,False,0,0
880,0.21975000000000017,82944,6a242012867dc8b837e29b1a8324e93d22fc3f743ff363b5f117270d386b5a71,0,0,0.0,False,0,0
881,0.22000000000000017,82944,6a242012867dc8b837e29b1a8324e93d22fc3f743ff363b5f117270d386b5a71,0,0,0.0,False,0,0
882,0.22025000000000017,82944,6a242012867dc8b837e29b1a8324e93d22fc3f743ff363b5f117270d386b5a71,0,0,0.0,False,0,0
883,0.22050000000000017,82944,6a242012867dc8b837e29b1a8324e93d22fc3f743ff363b5f117270d386b5a71,0,0,0.0,False,0,0
884,0.22075000000000017,82944,6a242012867dc8b837e29b1a8324e93d22fc3f743ff363b5f117270d386b5a71,0,0,0.0,False,0,0
885,0.22100000000000017,82944,6a242012867dc8b837e29b1a8324e93d22fc3f743ff363b5f117270d386b5a71,0,0,0.0,False,0,0
886,0.22125000000000017,82944,6a242012867dc8b837e29b1a8324e93d22fc3f743ff363b5f117270d386b5a71,0,0,0.0,False,0,0
887,0.22150000000000017,82944,6a242012867dc8b837e29b1a8324e93d22fc3f743ff363b5f117270d386b5a71,0,0,0.0,False,0,0
888,0.22175000000000017,82944,6a242012867dc8b837e29b1a8324e93d22fc3f743ff363b5f117270d386b5a71,0,0,0.0,False,0,0
889,0.22200000000000017,82944,6a242012867dc8b837e29b1a8324e93d22fc3f743ff363b5f117270d386b5a71,0,0,0.0,False,0,0
890,0.22225000000000017,82944,6a242012867dc8b837e29b1a8324e93d22fc3f743ff363b5f117270d386b5a71,0,0,0.0,False,0,0
891,0.22250000000000017,82944,6a242012867dc8b837e29b1a8324e93d22fc3f743ff363b5f117270d386b5a71,0,0,0.0,False,0,0
892,0.22275000000000017,82944,6a242012867dc8b837e29b1a8324e93d22fc3f743ff363b5f117270d386b5a71,0,0,0.0,False,0,0
893,0.22300000000000017,82944,6a242012867dc8b837e29b1a8324e93d22fc3f743ff363b5f117270d386b5a71,0,0,0.0,False,0,0
894,0.22325000000000017,82944,6a242012867dc8b837e29b1a8324e93d22fc3f743ff363b5f117270d386b5a71,0,0,0.0,False,0,0
895,0.22350000000000017,82944,6a242012867dc8b837e29b1a8324e93d22fc3f743ff363b5f117270d386b5a71,0,0,0.0,False,0,0
896,0.22375000000000017,82944,6a242012867dc8b837e29b1a8324e93d22fc3f743ff363b5f117270d386b5a71,0,0,0.0,False,0,0
897,0.22400000000000017,82944,6a242012867dc8b837e29b1a8324e93d22fc3f743ff363b5f117270d386b5a71,0,0,0.0,False,0,0
898,0.22425000000000017,82944,6a242012867dc8b837e29b1a8324e93d22fc3f743ff363b5f117270d386b5a71,0,0,0.0,False,0,0
899,0.22450000000000017,82944,6a242012867dc8b837e29b1a8324e93d22fc3f743ff363b5f117270d386b5a71,0,0,0.0,False,0,0
900,0.22475000000000017,82944,6a242012867dc8b837e29b1a8324e93d22fc3f743ff363b5f117270d386b5a71,0,0,0.0,False,0,0
901,0.22500000000000017,82944,6a242012867dc8b837e29b1a8324e93d22fc3f743ff363b5f117270d386b5a71,0,0,0.0,False,0,0
902,0.22525000000000017,82944,6a242012867dc8b837e29b1a8324e93d22fc3f743ff363b5f117270d386b5a71,0,0,0.0,False,0,0
903,0.22550000000000017,82944,6a242012867dc8b837e29b1a8324e93d22fc3f743ff363b5f117270d386b5a71,0,0,0.0,False,0,0
904,0.22575000000000017,82944,6a242012867dc8b837e29b1a8324e93d22fc3f743ff363b5f117270d386b5a71,0,0,0.0,False,0,0
905,0.22600000000000017,82944,6a242012867dc8b837e29b1a8324e93d22fc3f743ff363b5f117270d386b5a71,0,0,0.0,False,0,0
906,0.22625000000000017,82944,6a242012867dc8b837e29b1a8324e93d22fc3f743ff363b5f117270d386b5a71,0,0,0.0,False,0,0
907,0.22650000000000017,82944,6a242012867dc8b837e29b1a8324e93d22fc3f743ff363b5f117270d386b5a71,0,0,0.0,False,0,0
908,0.22675000000000017,82944,6a242012867dc8b837e29b1a8324e93d22fc3f743ff363b5f117270d386b5a71,0,0,0.0,False,0,0
909,0.22700000000000017,82944,6a242012867dc8b837e29b1a8324e93d22fc3f743ff363b5f117270d386b5a71,0,0,0.0,False,0,0
910,0.22725000000000017,82944,6a242012867dc8b837e29b1a8324e93d22fc3f743ff363b5f117270d386b5a71,0,0,0.0,False,0,0
911,0.22750000000000017,82944,6a242012867dc8b837e29b1a8324e93d22fc3f743ff363b5f117270d386b5a71,0,0,0.0,False,0,0
912,0.22775000000000017,82944,6a242012867dc8b837e29b1a8324e93d22fc3f743ff363b5f117270d386b5a71,0,0,0.0,False,0,0
913,0.22800000000000017,82944,6a242012867dc8b837e29b1a8324e93d22fc3f743ff363b5f117270d386b5a71,0,0,0.0,False,0,0
914,0.22825000000000017,82944,6a242012867dc8b837e29b1a8324e93d22fc3f743ff363b5f117270d386b5a71,0,0,0.0,False,0,0
915,0.22850000000000018,82944,6a242012867dc8b837e29b1a8324e93d22fc3f743ff363b5f117270d386b5a71,0,0,0.0,False,0,0
916,0.22875000000000018,82944,6a242012867dc8b837e29b1a8324e93d22fc3f743ff363b5f117270d386b5a71,0,0,0.0,False,0,0
917,0.22900000000000018,82944,6a242012867dc8b837e29b1a8324e93d22fc3f743ff363b5f117270d386b5a71,0,0,0.0,False,0,0
918,0.22925000000000018,82944,6a242012867dc8b837e29b1a8324e93d22fc3f743ff363b5f117270d386b5a71,0,0,0.0,False,0,0
919,0.22950000000000018,82944,6a242012867dc8b837e29b1a8324e93d22fc3f743ff363b5f117270d386b5a71,0,0,0.0,False,0,0
920,0.22975000000000018,82944,6a242012867dc8b837e29b1a8324e93d22fc3f743ff363b5f117270d386b5a71,0,0,0.0,False,0,0
921,0.23000000000000018,82944,6a242012867dc8b837e29b1a8324e93d22fc3f743ff363b5f117270d386b5a71,0,0,0.0,False,0,0
922,0.23025000000000018,82944,6a242012867dc8b837e29b1a8324e93d22fc3f743ff363b5f117270d386b5a71,0,0,0.0,False,0,0
923,0.23050000000000018,82944,6a242012867dc8b837e29b1a8324e93d22fc3f743ff363b5f117270d386b5a71,0,0,0.0,False,0,0
924,0.23075000000000018,82944,6a242012867dc8b837e29b1a8324e93d22fc3f743ff363b5f117270d386b5a71,0,0,0.0,False,0,0
925,0.23100000000000018,82944,6a242012867dc8b837e29b1a8324e93d22fc3f743ff363b5f117270d386b5a71,0,0,0.0,False,0,0
926,0.23125000000000018,82944,6a242012867dc8b837e29b1a8324e93d22fc3f743ff363b5f117270d386b5a71,0,0,0.0,False,0,0
927,0.23150000000000018,82944,6a242012867dc8b837e29b1a8324e93d22fc3f743ff363b5f117270d386b5a71,0,0,0.0,False,0,0
928,0.23175000000000018,82944,6a242012867dc8b837e29b1a8324e93d22fc3f743ff363b5f117270d386b5a71,0,0,0.0,False,0,0
929,0.23200000000000018,82944,6a242012867dc8b837e29b1a8324e93d22fc3f743ff363b5f117270d386b5a71,0,0,0.0,False,0,0
930,0.23225000000000018,82944,6a242012867dc8b837e29b1a8324e93d22fc3f743ff363b5f117270d386b5a71,0,0,0.0,False,0,0
931,0.23250000000000018,82944,6a242012867dc8b837e29b1a8324e93d22fc3f743ff363b5f117270d386b5a71,0,0,0.0,False,0,0
932,0.23275000000000018,82944,6a242012867dc8b837e29b1a8324e93d22fc3f743ff363b5f117270d386b5a71,0,0,0.0,False,0,0
933,0.23300000000000018,82944,6a242012867dc8b837e29b1a8324e93d22fc3f743ff363b5f117270d386b5a71,0,0,0.0,False,0,0
934,0.23325000000000018,82944,6a242012867dc8b837e29b1a8324e93d22fc3f743ff363b5f117270d386b5a71,0,0,0.0,False,0,0
935,0.23350000000000018,82944,6a242012867dc8b837e29b1a8324e93d22fc3f743ff363b5f117270d386b5a71,0,0,0.0,False,0,0
936,0.23375000000000018,82944,6a242012867dc8b837e29b1a8324e93d22fc3f743ff363b5f117270d386b5a71,0,0,0.0,False,0,0
937,0.23400000000000018,82944,6a242012867dc8b837e29b1a8324e93d22fc3f743ff363b5f117270d386b5a71,0,0,0.0,False,0,0
938,0.23425000000000018,82944,6a242012867dc8b837e29b1a8324e93d22fc3f743ff363b5f117270d386b5a71,0,0,0.0,False,0,0
939,0.23450000000000018,82944,6a242012867dc8b837e29b1a8324e93d22fc3f743ff363b5f117270d386b5a71,0,0,0.0,False,0,0
940,0.23475000000000018,82944,6a242012867dc8b837e29b1a8324e93d22fc3f743ff363b5f117270d386b5a71,0,0,0.0,False,0,0
941,0.23500000000000018,82944,6a242012867dc8b837e29b1a8324e93d22fc3f743ff363b5f117270d386b5a71,0,0,0.0,False,0,0
942,0.23525000000000018,82944,6a242012867dc8b837e29b1a8324e93d22fc3f743ff363b5f117270d386b5a71,0,0,0.0,False,0,0
943,0.23550000000000018,82944,6a242012867dc8b837e29b1a8324e93d22fc3f743ff363b5f117270d386b5a71,0,0,0.0,False,0,0
944,0.23575000000000018,82944,6a242012867dc8b837e29b1a8324e93d22fc3f743ff363b5f117270d386b5a71,0,0,0.0,False,0,0
945,0.23600000000000018,82944,6a242012867dc8b837e29b1a8324e93d22fc3f743ff363b5f117270d386b5a71,0,0,0.0,False,0,0
946,0.23625000000000018,82944,6a242012867dc8b837e29b1a8324e93d22fc3f743ff363b5f117270d386b5a71,0,0,0.0,False,0,0
947,0.23650000000000018,82944,6a242012867dc8b837e29b1a8324e93d22fc3f743ff363b5f117270d386b5a71,0,0,0.0,False,0,0
948,0.23675000000000018,82944,6a242012867dc8b837e29b1a8324e93d22fc3f743ff363b5f117270d386b5a71,0,0,0.0,False,0,0
949,0.23700000000000018,82944,6a242012867dc8b837e29b1a8324e93d22fc3f743ff363b5f117270d386b5a71,0,0,0.0,False,0,0
950,0.23725000000000018,82944,6a242012867dc8b837e29b1a8324e93d22fc3f743ff363b5f117270d386b5a71,0,0,0.0,False,0,0
951,0.23750000000000018,82944,6a242012867dc8b837e29b1a8324e93d22fc3f743ff363b5f117270d386b5a71,0,0,0.0,False,0,0
952,0.23775000000000018,82944,6a242012867dc8b837e29b1a8324e93d22fc3f743ff363b5f117270d386b5a71,0,0,0.0,False,0,0
953,0.23800000000000018,82944,6a242012867dc8b837e29b1a8324e93d22fc3f743ff363b5f117270d386b5a71,0,0,0.0,False,0,0
954,0.23825000000000018,82944,6a242012867dc8b837e29b1a8324e93d22fc3f743ff363b5f117270d386b5a71,0,0,0.0,False,0,0
955,0.23850000000000018,82944,6a242012867dc8b837e29b1a8324e93d22fc3f743ff363b5f117270d386b5a71,0,0,0.0,False,0,0
956,0.23875000000000018,82944,6a242012867dc8b837e29b1a8324e93d22fc3f743ff363b5f117270d386b5a71,0,0,0.0,False,0,0
957,0.23900000000000018,82944,6a242012867dc8b837e29b1a8324e93d22fc3f743ff363b5f117270d386b5a71,0,0,0.0,False,0,0
958,0.23925000000000018,82944,6a242012867dc8b837e29b1a8324e93d22fc3f743ff363b5f117270d386b5a71,0,0,0.0,False,0,0
959,0.23950000000000018,82944,6a242012867dc8b837e29b1a8324e93d22fc3f743ff363b5f117270d386b5a71,0,0,0.0,False,0,0
960,0.23975000000000019,82944,6a242012867dc8b837e29b1a8324e93d22fc3f743ff363b5f117270d386b5a71,0,0,0.0,False,0,0
961,0.24000000000000019,82944,6a242012867dc8b837e29b1a8324e93d22fc3f743ff363b5f117270d386b5a71,0,0,0.0,False,0,0
962,0.24025000000000019,82944,6a242012867dc8b837e29b1a8324e93d22fc3f743ff363b5f117270d386b5a71,0,0,0.0,False,0,0
963,0.24050000000000019,82944,6a242012867dc8b837e29b1a8324e93d22fc3f743ff363b5f117270d386b5a71,0,0,0.0,False,0,0
964,0.24075000000000019,82944,6a242012867dc8b837e29b1a8324e93d22fc3f743ff363b5f117270d386b5a71,0,0,0.0,False,0,0
965,0.2410000000000002,82944,6a242012867dc8b837e29b1a8324e93d22fc3f743ff363b5f117270d386b5a71,0,0,0.0,False,0,0
966,0.2412500000000002,82944,6a242012867dc8b837e29b1a8324e93d22fc3f743ff363b5f117270d386b5a71,0,0,0.0,False,0,0
967,0.2415000000000002,82944,6a242012867dc8b837e29b1a8324e93d22fc3f743ff363b5f117270d386b5a71,0,0,0.0,False,0,0
968,0.2417500000000002,82944,6a242012867dc8b837e29b1a8324e93d22fc3f743ff363b5f117270d386b5a71,0,0,0.0,False,0,0
969,0.2420000000000002,82944,6a242012867dc8b837e29b1a8324e93d22fc3f743ff363b5f117270d386b5a71,0,0,0.0,False,0,0
970,0.2422500000000002,82944,6a242012867dc8b837e29b1a8324e93d22fc3f743ff363b5f117270d386b5a71,0,0,0.0,False,0,0
971,0.2425000000000002,82944,6a242012867dc8b837e29b1a8324e93d22fc3f743ff363b5f117270d386b5a71,0,0,0.0,False,0,0
972,0.2427500000000002,82944,6a242012867dc8b837e29b1a8324e93d22fc3f743ff363b5f117270d386b5a71,0,0,0.0,False,0,0
973,0.2430000000000002,82944,6a242012867dc8b837e29b1a8324e93d22fc3f743ff363b5f117270d386b5a71,0,0,0.0,False,0,0
974,0.2432500000000002,82944,6a242012867dc8b837e29b1a8324e93d22fc3f743ff363b5f117270d386b5a71,0,0,0.0,False,0,0
975,0.2435000000000002,82944,6a242012867dc8b837e29b1a8324e93d22fc3f743ff363b5f117270d386b5a71,0,0,0.0,False,0,0
976,0.2437500000000002,82944,6a242012867dc8b837e29b1a8324e93d22fc3f743ff363b5f117270d386b5a71,0,0,0.0,False,0,0
977,0.2440000000000002,82944,6a242012867dc8b837e29b1a8324e93d22fc3f743ff363b5f117270d386b5a71,0,0,0.0,False,0,0
978,0.2442500000000002,82944,6a242012867dc8b837e29b1a8324e93d22fc3f743ff363b5f117270d386b5a71,0,0,0.0,False,0,0
979,0.2445000000000002,82944,6a242012867dc8b837e29b1a8324e93d22fc3f743ff363b5f117270d386b5a71,0,0,0.0,False,0,0
980,0.2447500000000002,82944,6a242012867dc8b837e29b1a8324e93d22fc3f743ff363b5f117270d386b5a71,0,0,0.0,False,0,0
981,0.2450000000000002,82944,6a242012867dc8b837e29b1a8324e93d22fc3f743ff363b5f117270d386b5a71,0,0,0.0,False,0,0
982,0.2452500000000002,82944,6a242012867dc8b837e29b1a8324e93d22fc3f743ff363b5f117270d386b5a71,0,0,0.0,False,0,0
983,0.2455000000000002,82944,6a242012867dc8b837e29b1a8324e93d22fc3f743ff363b5f117270d386b5a71,0,0,0.0,False,0,0
984,0.2457500000000002,82944,6a242012867dc8b837e29b1a8324e93d22fc3f743ff363b5f117270d386b5a71,0,0,0.0,False,0,0
985,0.2460000000000002,82944,6a242012867dc8b837e29b1a8324e93d22fc3f743ff363b5f117270d386b5a71,0,0,0.0,False,0,0
986,0.2462500000000002,82944,6a242012867dc8b837e29b1a8324e93d22fc3f743ff363b5f117270d386b5a71,0,0,0.0,False,0,0
987,0.2465000000000002,82944,6a242012867dc8b837e29b1a8324e93d22fc3f743ff363b5f117270d386b5a71,0,0,0.0,False,0,0
988,0.2467500000000002,82944,6a242012867dc8b837e29b1a8324e93d22fc3f743ff363b5f117270d386b5a71,0,0,0.0,False,0,0
989,0.2470000000000002,82944,6a242012867dc8b837e29b1a8324e93d22fc3f743ff363b5f117270d386b5a71,0,0,0.0,False,0,0
990,0.2472500000000002,82944,6a242012867dc8b837e29b1a8324e93d22fc3f743ff363b5f117270d386b5a71,0,0,0.0,False,0,0
991,0.2475000000000002,82944,6a242012867dc8b837e29b1a8324e93d22fc3f743ff363b5f117270d386b5a71,0,0,0.0,False,0,0
992,0.2477500000000002,82944,6a242012867dc8b837e29b1a8324e93d22fc3f743ff363b5f117270d386b5a71,0,0,0.0,False,0,0
993,0.2480000000000002,82944,6a242012867dc8b837e29b1a8324e93d22fc3f743ff363b5f117270d386b5a71,0,0,0.0,False,0,0
994,0.2482500000000002,82944,6a242012867dc8b837e29b1a8324e93d22fc3f743ff363b5f117270d386b5a71,0,0,0.0,False,0,0
995,0.2485000000000002,82944,6a242012867dc8b837e29b1a8324e93d22fc3f743ff363b5f117270d386b5a71,0,0,0.0,False,0,0
996,0.2487500000000002,82944,6a242012867dc8b837e29b1a8324e93d22fc3f743ff363b5f117270d386b5a71,0,0,0.0,False,0,0
997,0.2490000000000002,82944,6a242012867dc8b837e29b1a8324e93d22fc3f743ff363b5f117270d386b5a71,0,0,0.0,False,0,0
998,0.2492500000000002,82944,6a242012867dc8b837e29b1a8324e93d22fc3f743ff363b5f117270d386b5a71,0,0,0.0,False,0,0
999,0.2495000000000002,82944,6a242012867dc8b837e29b1a8324e93d22fc3f743ff363b5f117270d386b5a71,0,0,0.0,False,0,0
1000,0.2497500000000002,82944,6a242012867dc8b837e29b1a8324e93d22fc3f743ff363b5f117270d386b5a71,0,0,0.0,False,0,0
1001,0.25000000000000017,82944,6a242012867dc8b837e29b1a8324e93d22fc3f743ff363b5f117270d386b5a71,0,0,0.0,False,0,0
1002,0.25025000000000014,82944,6a242012867dc8b837e29b1a8324e93d22fc3f743ff363b5f117270d386b5a71,0,0,0.0,False,0,0
1003,0.25050000000000017,82944,6a242012867dc8b837e29b1a8324e93d22fc3f743ff363b5f117270d386b5a71,0,0,0.0,False,0,0
1004,0.25075000000000014,82944,6a242012867dc8b837e29b1a8324e93d22fc3f743ff363b5f117270d386b5a71,0,0,0.0,False,0,0
1005,0.25100000000000017,82944,6a242012867dc8b837e29b1a8324e93d22fc3f743ff363b5f117270d386b5a71,0,0,0.0,False,0,0
1006,0.25125000000000014,82944,6a242012867dc8b837e29b1a8324e93d22fc3f743ff363b5f117270d386b5a71,0,0,0.0,False,0,0
1007,0.25150000000000017,82944,6a242012867dc8b837e29b1a8324e93d22fc3f743ff363b5f117270d386b5a71,0,0,0.0,False,0,0
1008,0.25175000000000014,82944,6a242012867dc8b837e29b1a8324e93d22fc3f743ff363b5f117270d386b5a71,0,0,0.0,False,0,0
1009,0.25200000000000017,82944,6a242012867dc8b837e29b1a8324e93d22fc3f743ff363b5f117270d386b5a71,0,0,0.0,False,0,0
1010,0.25225000000000014,82944,6a242012867dc8b837e29b1a8324e93d22fc3f743ff363b5f117270d386b5a71,0,0,0.0,False,0,0
1011,0.25250000000000017,82944,6a242012867dc8b837e29b1a8324e93d22fc3f743ff363b5f117270d386b5a71,0,0,0.0,False,0,0
1012,0.25275000000000014,82944,6a242012867dc8b837e29b1a8324e93d22fc3f743ff363b5f117270d386b5a71,0,0,0.0,False,0,0
1013,0.25300000000000017,82944,6a242012867dc8b837e29b1a8324e93d22fc3f743ff363b5f117270d386b5a71,0,0,0.0,False,0,0
1014,0.25325000000000014,82944,6a242012867dc8b837e29b1a8324e93d22fc3f743ff363b5f117270d386b5a71,0,0,0.0,False,0,0
1015,0.25350000000000017,82944,6a242012867dc8b837e29b1a8324e93d22fc3f743ff363b5f117270d386b5a71,0,0,0.0,False,0,0
1016,0.25375000000000014,82944,6a242012867dc8b837e29b1a8324e93d22fc3f743ff363b5f117270d386b5a71,0,0,0.0,False,0,0
1017,0.25400000000000017,82944,6a242012867dc8b837e29b1a8324e93d22fc3f743ff363b5f117270d386b5a71,0,0,0.0,False,0,0
1018,0.25425000000000014,82944,6a242012867dc8b837e29b1a8324e93d22fc3f743ff363b5f117270d386b5a71,0,0,0.0,False,0,0
1019,0.25450000000000017,82944,6a242012867dc8b837e29b1a8324e93d22fc3f743ff363b5f117270d386b5a71,0,0,0.0,False,0,0
1020,0.25475000000000014,82944,6a242012867dc8b837e29b1a8324e93d22fc3f743ff363b5f117270d386b5a71,0,0,0.0,False,0,0
1021,0.25500000000000017,82944,6a242012867dc8b837e29b1a8324e93d22fc3f743ff363b5f117270d386b5a71,0,0,0.0,False,0,0
1022,0.25525000000000014,82944,6a242012867dc8b837e29b1a8324e93d22fc3f743ff363b5f117270d386b5a71,0,0,0.0,False,0,0
1023,0.25550000000000017,82944,6a242012867dc8b837e29b1a8324e93d22fc3f743ff363b5f117270d386b5a71,0,0,0.0,False,0,0
1024,0.25575000000000014,82944,6a242012867dc8b837e29b1a8324e93d22fc3f743ff363b5f117270d386b5a71,0,0,0.0,False,0,0
1025,0.25600000000000017,82944,6a242012867dc8b837e29b1a8324e93d22fc3f743ff363b5f117270d386b5a71,0,0,0.0,False,0,0
1026,0.25625000000000014,82944,6a242012867dc8b837e29b1a8324e93d22fc3f743ff363b5f117270d386b5a71,0,0,0.0,False,0,0
1027,0.2565000000000002,82944,6a242012867dc8b837e29b1a8324e93d22fc3f743ff363b5f117270d386b5a71,0,0,0.0,False,0,0
1028,0.25675000000000014,82944,6a242012867dc8b837e29b1a8324e93d22fc3f743ff363b5f117270d386b5a71,0,0,0.0,False,0,0
1029,0.2570000000000002,82944,6a242012867dc8b837e29b1a8324e93d22fc3f743ff363b5f117270d386b5a71,0,0,0.0,False,0,0
1030,0.25725000000000015,82944,6a242012867dc8b837e29b1a8324e93d22fc3f743ff363b5f117270d386b5a71,0,0,0.0,False,0,0
1031,0.2575000000000002,82944,6a242012867dc8b837e29b1a8324e93d22fc3f743ff363b5f117270d386b5a71,0,0,0.0,False,0,0
1032,0.25775000000000015,82944,6a242012867dc8b837e29b1a8324e93d22fc3f743ff363b5f117270d386b5a71,0,0,0.0,False,0,0
1033,0.2580000000000002,82944,6a242012867dc8b837e29b1a8324e93d22fc3f743ff363b5f117270d386b5a71,0,0,0.0,False,0,0
1034,0.25825000000000015,82944,6a242012867dc8b837e29b1a8324e93d22fc3f743ff363b5f117270d386b5a71,0,0,0.0,False,0,0
1035,0.2585000000000002,82944,6a242012867dc8b837e29b1a8324e93d22fc3f743ff363b5f117270d386b5a71,0,0,0.0,False,0,0
1036,0.25875000000000015,82944,6a242012867dc8b837e29b1a8324e93d22fc3f743ff363b5f117270d386b5a71,0,0,0.0,False,0,0
1037,0.2590000000000002,82944,6a242012867dc8b837e29b1a8324e93d22fc3f743ff363b5f117270d386b5a71,0,0,0.0,False,0,0
1038,0.25925000000000015,82944,6a242012867dc8b837e29b1a8324e93d22fc3f743ff363b5f117270d386b5a71,0,0,0.0,False,0,0
1039,0.2595000000000002,82944,6a242012867dc8b837e29b1a8324e93d22fc3f743ff363b5f117270d386b5a71,0,0,0.0,False,0,0
1040,0.25975000000000015,82944,6a242012867dc8b837e29b1a8324e93d22fc3f743ff363b5f117270d386b5a71,0,0,0.0,False,0,0
1041,0.2600000000000002,82944,6a242012867dc8b837e29b1a8324e93d22fc3f743ff363b5f117270d386b5a71,0,0,0.0,False,0,0
1042,0.26025000000000015,82944,6a242012867dc8b837e29b1a8324e93d22fc3f743ff363b5f117270d386b5a71,0,0,0.0,False,0,0
1043,0.2605000000000002,82944,6a242012867dc8b837e29b1a8324e93d22fc3f743ff363b5f117270d386b5a71,0,0,0.0,False,0,0
1044,0.26075000000000015,82944,6a242012867dc8b837e29b1a8324e93d22fc3f743ff363b5f117270d386b5a71,0,0,0.0,False,0,0
1045,0.2610000000000002,82944,6a242012867dc8b837e29b1a8324e93d22fc3f743ff363b5f117270d386b5a71,0,0,0.0,False,0,0
1046,0.26125000000000015,82944,6a242012867dc8b837e29b1a8324e93d22fc3f743ff363b5f117270d386b5a71,0,0,0.0,False,0,0
1047,0.2615000000000002,82944,6a242012867dc8b837e29b1a8324e93d22fc3f743ff363b5f117270d386b5a71,0,0,0.0,False,0,0
1048,0.26175000000000015,82944,6a242012867dc8b837e29b1a8324e93d22fc3f743ff363b5f117270d386b5a71,0,0,0.0,False,0,0
1049,0.2620000000000002,82944,6a242012867dc8b837e29b1a8324e93d22fc3f743ff363b5f117270d386b5a71,0,0,0.0,False,0,0
1050,0.26225000000000015,82944,6a242012867dc8b837e29b1a8324e93d22fc3f743ff363b5f117270d386b5a71,0,0,0.0,False,0,0
1051,0.2625000000000002,82944,6a242012867dc8b837e29b1a8324e93d22fc3f743ff363b5f117270d386b5a71,0,0,0.0,False,0,0
1052,0.26275000000000015,82944,6a242012867dc8b837e29b1a8324e93d22fc3f743ff363b5f117270d386b5a71,0,0,0.0,False,0,0
1053,0.2630000000000002,82944,6a242012867dc8b837e29b1a8324e93d22fc3f743ff363b5f117270d386b5a71,0,0,0.0,False,0,0
1054,0.26325000000000015,82944,6a242012867dc8b837e29b1a8324e93d22fc3f743ff363b5f117270d386b5a71,0,0,0.0,False,0,0
1055,0.2635000000000002,82944,6a242012867dc8b837e29b1a8324e93d22fc3f743ff363b5f117270d386b5a71,0,0,0.0,False,0,0
1056,0.26375000000000015,82944,6a242012867dc8b837e29b1a8324e93d22fc3f743ff363b5f117270d386b5a71,0,0,0.0,False,0,0
1057,0.2640000000000002,82944,6a242012867dc8b837e29b1a8324e93d22fc3f743ff363b5f117270d386b5a71,0,0,0.0,False,0,0
1058,0.26425000000000015,82944,6a242012867dc8b837e29b1a8324e93d22fc3f743ff363b5f117270d386b5a71,0,0,0.0,False,0,0
1059,0.2645000000000002,82944,6a242012867dc8b837e29b1a8324e93d22fc3f743ff363b5f117270d386b5a71,0,0,0.0,False,0,0
1060,0.26475000000000015,82944,6a242012867dc8b837e29b1a8324e93d22fc3f743ff363b5f117270d386b5a71,0,0,0.0,False,0,0
1061,0.2650000000000002,82944,6a242012867dc8b837e29b1a8324e93d22fc3f743ff363b5f117270d386b5a71,0,0,0.0,False,0,0
1062,0.26525000000000015,82944,6a242012867dc8b837e29b1a8324e93d22fc3f743ff363b5f117270d386b5a71,0,0,0.0,False,0,0
1063,0.2655000000000002,82944,6a242012867dc8b837e29b1a8324e93d22fc3f743ff363b5f117270d386b5a71,0,0,0.0,False,0,0
1064,0.26575000000000015,82944,6a242012867dc8b837e29b1a8324e93d22fc3f743ff363b5f117270d386b5a71,0,0,0.0,False,0,0
1065,0.2660000000000002,82944,6a242012867dc8b837e29b1a8324e93d22fc3f743ff363b5f117270d386b5a71,0,0,0.0,False,0,0
1066,0.26625000000000015,82944,6a242012867dc8b837e29b1a8324e93d22fc3f743ff363b5f117270d386b5a71,0,0,0.0,False,0,0
1067,0.2665000000000002,82944,6a242012867dc8b837e29b1a8324e93d22fc3f743ff363b5f117270d386b5a71,0,0,0.0,False,0,0
1068,0.26675000000000015,82944,6a242012867dc8b837e29b1a8324e93d22fc3f743ff363b5f117270d386b5a71,0,0,0.0,False,0,0
1069,0.2670000000000002,82944,6a242012867dc8b837e29b1a8324e93d22fc3f743ff363b5f117270d386b5a71,0,0,0.0,False,0,0
1070,0.26725000000000015,82944,6a242012867dc8b837e29b1a8324e93d22fc3f743ff363b5f117270d386b5a71,0,0,0.0,False,0,0
1071,0.2675000000000002,82944,6a242012867dc8b837e29b1a8324e93d22fc3f743ff363b5f117270d386b5a71,0,0,0.0,False,0,0
1072,0.26775000000000015,82944,6a242012867dc8b837e29b1a8324e93d22fc3f743ff363b5f117270d386b5a71,0,0,0.0,False,0,0
1073,0.2680000000000002,82944,6a242012867dc8b837e29b1a8324e93d22fc3f743ff363b5f117270d386b5a71,0,0,0.0,False,0,0
1074,0.26825000000000015,82944,6a242012867dc8b837e29b1a8324e93d22fc3f743ff363b5f117270d386b5a71,0,0,0.0,False,0,0
1075,0.2685000000000002,82944,6a242012867dc8b837e29b1a8324e93d22fc3f743ff363b5f117270d386b5a71,0,0,0.0,False,0,0
1076,0.26875000000000016,82944,6a242012867dc8b837e29b1a8324e93d22fc3f743ff363b5f117270d386b5a71,0,0,0.0,False,0,0
1077,0.2690000000000002,82944,6a242012867dc8b837e29b1a8324e93d22fc3f743ff363b5f117270d386b5a71,0,0,0.0,False,0,0
1078,0.26925000000000016,82944,6a242012867dc8b837e29b1a8324e93d22fc3f743ff363b5f117270d386b5a71,0,0,0.0,False,0,0
1079,0.2695000000000002,82944,6a242012867dc8b837e29b1a8324e93d22fc3f743ff363b5f117270d386b5a71,0,0,0.0,False,0,0
1080,0.26975000000000016,82944,6a242012867dc8b837e29b1a8324e93d22fc3f743ff363b5f117270d386b5a71,0,0,0.0,False,0,0
1081,0.2700000000000002,82944,6a242012867dc8b837e29b1a8324e93d22fc3f743ff363b5f117270d386b5a71,0,0,0.0,False,0,0
1082,0.27025000000000016,82944,6a242012867dc8b837e29b1a8324e93d22fc3f743ff363b5f117270d386b5a71,0,0,0.0,False,0,0
1083,0.2705000000000002,82944,6a242012867dc8b837e29b1a8324e93d22fc3f743ff363b5f117270d386b5a71,0,0,0.0,False,0,0
1084,0.27075000000000016,82944,6a242012867dc8b837e29b1a8324e93d22fc3f743ff363b5f117270d386b5a71,0,0,0.0,False,0,0
1085,0.2710000000000002,82944,6a242012867dc8b837e29b1a8324e93d22fc3f743ff363b5f117270d386b5a71,0,0,0.0,False,0,0
1086,0.27125000000000016,82944,6a242012867dc8b837e29b1a8324e93d22fc3f743ff363b5f117270d386b5a71,0,0,0.0,False,0,0
1087,0.2715000000000002,82944,6a242012867dc8b837e29b1a8324e93d22fc3f743ff363b5f117270d386b5a71,0,0,0.0,False,0,0
1088,0.27175000000000016,82944,6a242012867dc8b837e29b1a8324e93d22fc3f743ff363b5f117270d386b5a71,0,0,0.0,False,0,0
1089,0.2720000000000002,82944,6a242012867dc8b837e29b1a8324e93d22fc3f743ff363b5f117270d386b5a71,0,0,0.0,False,0,0
1090,0.27225000000000016,82944,6a242012867dc8b837e29b1a8324e93d22fc3f743ff363b5f117270d386b5a71,0,0,0.0,False,0,0
1091,0.2725000000000002,82944,6a242012867dc8b837e29b1a8324e93d22fc3f743ff363b5f117270d386b5a71,0,0,0.0,False,0,0
1092,0.27275000000000016,82944,6a242012867dc8b837e29b1a8324e93d22fc3f743ff363b5f117270d386b5a71,0,0,0.0,False,0,0
1093,0.2730000000000002,82944,6a242012867dc8b837e29b1a8324e93d22fc3f743ff363b5f117270d386b5a71,0,0,0.0,False,0,0
1094,0.27325000000000016,82944,6a242012867dc8b837e29b1a8324e93d22fc3f743ff363b5f117270d386b5a71,0,0,0.0,False,0,0
1095,0.2735000000000002,82944,6a242012867dc8b837e29b1a8324e93d22fc3f743ff363b5f117270d386b5a71,0,0,0.0,False,0,0
1096,0.27375000000000016,82944,6a242012867dc8b837e29b1a8324e93d22fc3f743ff363b5f117270d386b5a71,0,0,0.0,False,0,0
1097,0.2740000000000002,82944,6a242012867dc8b837e29b1a8324e93d22fc3f743ff363b5f117270d386b5a71,0,0,0.0,False,0,0
1098,0.27425000000000016,82944,6a242012867dc8b837e29b1a8324e93d22fc3f743ff363b5f117270d386b5a71,0,0,0.0,False,0,0
1099,0.2745000000000002,82944,6a242012867dc8b837e29b1a8324e93d22fc3f743ff363b5f117270d386b5a71,0,0,0.0,False,0,0
1100,0.27475000000000016,82944,6a242012867dc8b837e29b1a8324e93d22fc3f743ff363b5f117270d386b5a71,0,0,0.0,False,0,0
1101,0.2750000000000002,82944,6a242012867dc8b837e29b1a8324e93d22fc3f743ff363b5f117270d386b5a71,0,0,0.0,False,0,0
1102,0.27525000000000016,82944,6a242012867dc8b837e29b1a8324e93d22fc3f743ff363b5f117270d386b5a71,0,0,0.0,False,0,0
1103,0.2755000000000002,82944,6a242012867dc8b837e29b1a8324e93d22fc3f743ff363b5f117270d386b5a71,0,0,0.0,False,0,0
1104,0.27575000000000016,82944,6a242012867dc8b837e29b1a8324e93d22fc3f743ff363b5f117270d386b5a71,0,0,0.0,False,0,0
1105,0.2760000000000002,82944,6a242012867dc8b837e29b1a8324e93d22fc3f743ff363b5f117270d386b5a71,0,0,0.0,False,0,0
1106,0.27625000000000016,82944,6a242012867dc8b837e29b1a8324e93d22fc3f743ff363b5f117270d386b5a71,0,0,0.0,False,0,0
1107,0.2765000000000002,82944,6a242012867dc8b837e29b1a8324e93d22fc3f743ff363b5f117270d386b5a71,0,0,0.0,False,0,0
1108,0.27675000000000016,82944,6a242012867dc8b837e29b1a8324e93d22fc3f743ff363b5f117270d386b5a71,0,0,0.0,False,0,0
1109,0.2770000000000002,82944,6a242012867dc8b837e29b1a8324e93d22fc3f743ff363b5f117270d386b5a71,0,0,0.0,False,0,0
1110,0.27725000000000016,82944,6a242012867dc8b837e29b1a8324e93d22fc3f743ff363b5f117270d386b5a71,0,0,0.0,False,0,0
1111,0.2775000000000002,82944,6a242012867dc8b837e29b1a8324e93d22fc3f743ff363b5f117270d386b5a71,0,0,0.0,False,0,0
1112,0.27775000000000016,82944,6a242012867dc8b837e29b1a8324e93d22fc3f743ff363b5f117270d386b5a71,0,0,0.0,False,0,0
1113,0.2780000000000002,82944,6a242012867dc8b837e29b1a8324e93d22fc3f743ff363b5f117270d386b5a71,0,0,0.0,False,0,0
1114,0.27825000000000016,82944,6a242012867dc8b837e29b1a8324e93d22fc3f743ff363b5f117270d386b5a71,0,0,0.0,False,0,0
1115,0.2785000000000002,82944,6a242012867dc8b837e29b1a8324e93d22fc3f743ff363b5f117270d386b5a71,0,0,0.0,False,0,0
1116,0.27875000000000016,82944,6a242012867dc8b837e29b1a8324e93d22fc3f743ff363b5f117270d386b5a71,0,0,0.0,False,0,0
1117,0.2790000000000002,82944,6a242012867dc8b837e29b1a8324e93d22fc3f743ff363b5f117270d386b5a71,0,0,0.0,False,0,0
1118,0.27925000000000016,82944,6a242012867dc8b837e29b1a8324e93d22fc3f743ff363b5f117270d386b5a71,0,0,0.0,False,0,0
1119,0.2795000000000002,82944,6a242012867dc8b837e29b1a8324e93d22fc3f743ff363b5f117270d386b5a71,0,0,0.0,False,0,0
1120,0.27975000000000017,82944,6a242012867dc8b837e29b1a8324e93d22fc3f743ff363b5f117270d386b5a71,0,0,0.0,False,0,0
1121,0.2800000000000002,82944,6a242012867dc8b837e29b1a8324e93d22fc3f743ff363b5f117270d386b5a71,0,0,0.0,False,0,0
1122,0.28025000000000017,82944,6a242012867dc8b837e29b1a8324e93d22fc3f743ff363b5f117270d386b5a71,0,0,0.0,False,0,0
1123,0.2805000000000002,82944,6a242012867dc8b837e29b1a8324e93d22fc3f743ff363b5f117270d386b5a71,0,0,0.0,False,0,0
1124,0.28075000000000017,82944,6a242012867dc8b837e29b1a8324e93d22fc3f743ff363b5f117270d386b5a71,0,0,0.0,False,0,0
1125,0.2810000000000002,82944,6a242012867dc8b837e29b1a8324e93d22fc3f743ff363b5f117270d386b5a71,0,0,0.0,False,0,0
1126,0.28125000000000017,82944,6a242012867dc8b837e29b1a8324e93d22fc3f743ff363b5f117270d386b5a71,0,0,0.0,False,0,0
1127,0.2815000000000002,82944,6a242012867dc8b837e29b1a8324e93d22fc3f743ff363b5f117270d386b5a71,0,0,0.0,False,0,0
1128,0.28175000000000017,82944,6a242012867dc8b837e29b1a8324e93d22fc3f743ff363b5f117270d386b5a71,0,0,0.0,False,0,0
1129,0.2820000000000002,82944,6a242012867dc8b837e29b1a8324e93d22fc3f743ff363b5f117270d386b5a71,0,0,0.0,False,0,0
1130,0.28225000000000017,82944,6a242012867dc8b837e29b1a8324e93d22fc3f743ff363b5f117270d386b5a71,0,0,0.0,False,0,0
1131,0.2825000000000002,82944,6a242012867dc8b837e29b1a8324e93d22fc3f743ff363b5f117270d386b5a71,0,0,0.0,False,0,0
1132,0.28275000000000017,82944,6a242012867dc8b837e29b1a8324e93d22fc3f743ff363b5f117270d386b5a71,0,0,0.0,False,0,0
1133,0.2830000000000002,82944,6a242012867dc8b837e29b1a8324e93d22fc3f743ff363b5f117270d386b5a71,0,0,0.0,False,0,0
1134,0.28325000000000017,82944,6a242012867dc8b837e29b1a8324e93d22fc3f743ff363b5f117270d386b5a71,0,0,0.0,False,0,0
1135,0.2835000000000002,82944,6a242012867dc8b837e29b1a8324e93d22fc3f743ff363b5f117270d386b5a71,0,0,0.0,False,0,0
1136,0.28375000000000017,82944,6a242012867dc8b837e29b1a8324e93d22fc3f743ff363b5f117270d386b5a71,0,0,0.0,False,0,0
1137,0.2840000000000002,82944,6a242012867dc8b837e29b1a8324e93d22fc3f743ff363b5f117270d386b5a71,0,0,0.0,False,0,0
1138,0.28425000000000017,82944,6a242012867dc8b837e29b1a8324e93d22fc3f743ff363b5f117270d386b5a71,0,0,0.0,False,0,0
1139,0.2845000000000002,82944,6a242012867dc8b837e29b1a8324e93d22fc3f743ff363b5f117270d386b5a71,0,0,0.0,False,0,0
1140,0.28475000000000017,82944,6a242012867dc8b837e29b1a8324e93d22fc3f743ff363b5f117270d386b5a71,0,0,0.0,False,0,0
1141,0.2850000000000002,82944,6a242012867dc8b837e29b1a8324e93d22fc3f743ff363b5f117270d386b5a71,0,0,0.0,False,0,0
1142,0.28525000000000017,82944,6a242012867dc8b837e29b1a8324e93d22fc3f743ff363b5f117270d386b5a71,0,0,0.0,False,0,0
1143,0.2855000000000002,82944,6a242012867dc8b837e29b1a8324e93d22fc3f743ff363b5f117270d386b5a71,0,0,0.0,False,0,0
1144,0.28575000000000017,82944,6a242012867dc8b837e29b1a8324e93d22fc3f743ff363b5f117270d386b5a71,0,0,0.0,False,0,0
1145,0.2860000000000002,82944,6a242012867dc8b837e29b1a8324e93d22fc3f743ff363b5f117270d386b5a71,0,0,0.0,False,0,0
1146,0.28625000000000017,82944,6a242012867dc8b837e29b1a8324e93d22fc3f743ff363b5f117270d386b5a71,0,0,0.0,False,0,0
1147,0.2865000000000002,82944,6a242012867dc8b837e29b1a8324e93d22fc3f743ff363b5f117270d386b5a71,0,0,0.0,False,0,0
1148,0.28675000000000017,82944,6a242012867dc8b837e29b1a8324e93d22fc3f743ff363b5f117270d386b5a71,0,0,0.0,False,0,0
1149,0.2870000000000002,82944,6a242012867dc8b837e29b1a8324e93d22fc3f743ff363b5f117270d386b5a71,0,0,0.0,False,0,0
1150,0.28725000000000017,82944,6a242012867dc8b837e29b1a8324e93d22fc3f743ff363b5f117270d386b5a71,0,0,0.0,False,0,0
1151,0.2875000000000002,82944,6a242012867dc8b837e29b1a8324e93d22fc3f743ff363b5f117270d386b5a71,0,0,0.0,False,0,0
1152,0.2877500000000002,82944,6a242012867dc8b837e29b1a8324e93d22fc3f743ff363b5f117270d386b5a71,0,0,0.0,False,0,0
1153,0.2880000000000002,82944,6a242012867dc8b837e29b1a8324e93d22fc3f743ff363b5f117270d386b5a71,0,0,0.0,False,0,0
1154,0.2882500000000002,82944,6a242012867dc8b837e29b1a8324e93d22fc3f743ff363b5f117270d386b5a71,0,0,0.0,False,0,0
1155,0.2885000000000002,82944,6a242012867dc8b837e29b1a8324e93d22fc3f743ff363b5f117270d386b5a71,0,0,0.0,False,0,0
1156,0.2887500000000002,82944,6a242012867dc8b837e29b1a8324e93d22fc3f743ff363b5f117270d386b5a71,0,0,0.0,False,0,0
1157,0.2890000000000002,82944,6a242012867dc8b837e29b1a8324e93d22fc3f743ff363b5f117270d386b5a71,0,0,0.0,False,0,0
1158,0.2892500000000002,82944,6a242012867dc8b837e29b1a8324e93d22fc3f743ff363b5f117270d386b5a71,0,0,0.0,False,0,0
1159,0.2895000000000002,82944,6a242012867dc8b837e29b1a8324e93d22fc3f743ff363b5f117270d386b5a71,0,0,0.0,False,0,0
1160,0.2897500000000002,82944,6a242012867dc8b837e29b1a8324e93d22fc3f743ff363b5f117270d386b5a71,0,0,0.0,False,0,0
1161,0.2900000000000002,82944,6a242012867dc8b837e29b1a8324e93d22fc3f743ff363b5f117270d386b5a71,0,0,0.0,False,0,0
1162,0.2902500000000002,82944,6a242012867dc8b837e29b1a8324e93d22fc3f743ff363b5f117270d386b5a71,0,0,0.0,False,0,0
1163,0.2905000000000002,82944,6a242012867dc8b837e29b1a8324e93d22fc3f743ff363b5f117270d386b5a71,0,0,0.0,False,0,0
1164,0.2907500000000002,82944,6a242012867dc8b837e29b1a8324e93d22fc3f743ff363b5f117270d386b5a71,0,0,0.0,False,0,0
1165,0.2910000000000002,82944,6a242012867dc8b837e29b1a8324e93d22fc3f743ff363b5f117270d386b5a71,0,0,0.0,False,0,0
1166,0.2912500000000002,82944,6a242012867dc8b837e29b1a8324e93d22fc3f743ff363b5f117270d386b5a71,0,0,0.0,False,0,0
1167,0.2915000000000002,82944,6a242012867dc8b837e29b1a8324e93d22fc3f743ff363b5f117270d386b5a71,0,0,0.0,False,0,0
1168,0.2917500000000002,82944,6a242012867dc8b837e29b1a8324e93d22fc3f743ff363b5f117270d386b5a71,0,0,0.0,False,0,0
1169,0.2920000000000002,82944,6a242012867dc8b837e29b1a8324e93d22fc3f743ff363b5f117270d386b5a71,0,0,0.0,False,0,0
1170,0.2922500000000002,82944,6a242012867dc8b837e29b1a8324e93d22fc3f743ff363b5f117270d386b5a71,0,0,0.0,False,0,0
1171,0.2925000000000002,82944,6a242012867dc8b837e29b1a8324e93d22fc3f743ff363b5f117270d386b5a71,0,0,0.0,False,0,0
1172,0.2927500000000002,82944,6a242012867dc8b837e29b1a8324e93d22fc3f743ff363b5f117270d386b5a71,0,0,0.0,False,0,0
1173,0.2930000000000002,82944,6a242012867dc8b837e29b1a8324e93d22fc3f743ff363b5f117270d386b5a71,0,0,0.0,False,0,0
1174,0.2932500000000002,82944,6a242012867dc8b837e29b1a8324e93d22fc3f743ff363b5f117270d386b5a71,0,0,0.0,False,0,0
1175,0.2935000000000002,82944,6a242012867dc8b837e29b1a8324e93d22fc3f743ff363b5f117270d386b5a71,0,0,0.0,False,0,0
1176,0.2937500000000002,82944,6a242012867dc8b837e29b1a8324e93d22fc3f743ff363b5f117270d386b5a71,0,0,0.0,False,0,0
1177,0.2940000000000002,82944,6a242012867dc8b837e29b1a8324e93d22fc3f743ff363b5f117270d386b5a71,0,0,0.0,False,0,0
1178,0.2942500000000002,82944,6a242012867dc8b837e29b1a8324e93d22fc3f743ff363b5f117270d386b5a71,0,0,0.0,False,0,0
1179,0.2945000000000002,82944,6a242012867dc8b837e29b1a8324e93d22fc3f743ff363b5f117270d386b5a71,0,0,0.0,False,0,0
1180,0.2947500000000002,82944,6a242012867dc8b837e29b1a8324e93d22fc3f743ff363b5f117270d386b5a71,0,0,0.0,False,0,0
1181,0.2950000000000002,82944,6a242012867dc8b837e29b1a8324e93d22fc3f743ff363b5f117270d386b5a71,0,0,0.0,False,0,0
1182,0.2952500000000002,82944,6a242012867dc8b837e29b1a8324e93d22fc3f743ff363b5f117270d386b5a71,0,0,0.0,False,0,0
1183,0.2955000000000002,82944,6a242012867dc8b837e29b1a8324e93d22fc3f743ff363b5f117270d386b5a71,0,0,0.0,False,0,0
1184,0.2957500000000002,82944,6a242012867dc8b837e29b1a8324e93d22fc3f743ff363b5f117270d386b5a71,0,0,0.0,False,0,0
1185,0.2960000000000002,82944,6a242012867dc8b837e29b1a8324e93d22fc3f743ff363b5f117270d386b5a71,0,0,0.0,False,0,0
1186,0.2962500000000002,82944,6a242012867dc8b837e29b1a8324e93d22fc3f743ff363b5f117270d386b5a71,0,0,0.0,False,0,0
1187,0.2965000000000002,82944,6a242012867dc8b837e29b1a8324e93d22fc3f743ff363b5f117270d386b5a71,0,0,0.0,False,0,0
1188,0.2967500000000002,82944,6a242012867dc8b837e29b1a8324e93d22fc3f743ff363b5f117270d386b5a71,0,0,0.0,False,0,0
1189,0.2970000000000002,82944,6a242012867dc8b837e29b1a8324e93d22fc3f743ff363b5f117270d386b5a71,0,0,0.0,False,0,0
1190,0.2972500000000002,82944,6a242012867dc8b837e29b1a8324e93d22fc3f743ff363b5f117270d386b5a71,0,0,0.0,False,0,0
1191,0.2975000000000002,82944,6a242012867dc8b837e29b1a8324e93d22fc3f743ff363b5f117270d386b5a71,0,0,0.0,False,0,0
1192,0.2977500000000002,82944,6a242012867dc8b837e29b1a8324e93d22fc3f743ff363b5f117270d386b5a71,0,0,0.0,False,0,0
1193,0.2980000000000002,82944,6a242012867dc8b837e29b1a8324e93d22fc3f743ff363b5f117270d386b5a71,0,0,0.0,False,0,0
1194,0.2982500000000002,82944,6a242012867dc8b837e29b1a8324e93d22fc3f743ff363b5f117270d386b5a71,0,0,0.0,False,0,0
1195,0.2985000000000002,82944,6a242012867dc8b837e29b1a8324e93d22fc3f743ff363b5f117270d386b5a71,0,0,0.0,False,0,0
1196,0.2987500000000002,82944,6a242012867dc8b837e29b1a8324e93d22fc3f743ff363b5f117270d386b5a71,0,0,0.0,False,0,0
1197,0.2990000000000002,82944,6a242012867dc8b837e29b1a8324e93d22fc3f743ff363b5f117270d386b5a71,0,0,0.0,False,0,0
1198,0.2992500000000002,82944,6a242012867dc8b837e29b1a8324e93d22fc3f743ff363b5f117270d386b5a71,0,0,0.0,False,0,0
1199,0.2995000000000002,82944,6a242012867dc8b837e29b1a8324e93d22fc3f743ff363b5f117270d386b5a71,0,0,0.0,False,0,0
1200,0.2997500000000002,82944,6a242012867dc8b837e29b1a8324e93d22fc3f743ff363b5f117270d386b5a71,0,0,0.0,False,0,0
1201,0.3000000000000002,82944,6a242012867dc8b837e29b1a8324e93d22fc3f743ff363b5f117270d386b5a71,0,0,0.0,False,0,0
1202,0.3002500000000002,82944,6a242012867dc8b837e29b1a8324e93d22fc3f743ff363b5f117270d386b5a71,0,0,0.0,False,0,0
1203,0.3005000000000002,82944,6a242012867dc8b837e29b1a8324e93d22fc3f743ff363b5f117270d386b5a71,0,0,0.0,False,0,0
1204,0.3007500000000002,82944,6a242012867dc8b837e29b1a8324e93d22fc3f743ff363b5f117270d386b5a71,0,0,0.0,False,0,0
1205,0.3010000000000002,82944,6a242012867dc8b837e29b1a8324e93d22fc3f743ff363b5f117270d386b5a71,0,0,0.0,False,0,0
1206,0.3012500000000002,82944,6a242012867dc8b837e29b1a8324e93d22fc3f743ff363b5f117270d386b5a71,0,0,0.0,False,0,0
1207,0.3015000000000002,82944,6a242012867dc8b837e29b1a8324e93d22fc3f743ff363b5f117270d386b5a71,0,0,0.0,False,0,0
1208,0.3017500000000002,82944,6a242012867dc8b837e29b1a8324e93d22fc3f743ff363b5f117270d386b5a71,0,0,0.0,False,0,0
1209,0.3020000000000002,82944,6a242012867dc8b837e29b1a8324e93d22fc3f743ff363b5f117270d386b5a71,0,0,0.0,False,0,0
1210,0.3022500000000002,82944,6a242012867dc8b837e29b1a8324e93d22fc3f743ff363b5f117270d386b5a71,0,0,0.0,False,0,0
1211,0.3025000000000002,82944,6a242012867dc8b837e29b1a8324e93d22fc3f743ff363b5f117270d386b5a71,0,0,0.0,False,0,0
1212,0.3027500000000002,82944,6a242012867dc8b837e29b1a8324e93d22fc3f743ff363b5f117270d386b5a71,0,0,0.0,False,0,0
1213,0.3030000000000002,82944,6a242012867dc8b837e29b1a8324e93d22fc3f743ff363b5f117270d386b5a71,0,0,0.0,False,0,0
1214,0.3032500000000002,82944,6a242012867dc8b837e29b1a8324e93d22fc3f743ff363b5f117270d386b5a71,0,0,0.0,False,0,0
1215,0.3035000000000002,82944,6a242012867dc8b837e29b1a8324e93d22fc3f743ff363b5f117270d386b5a71,0,0,0.0,False,0,0
1216,0.3037500000000002,82944,6a242012867dc8b837e29b1a8324e93d22fc3f743ff363b5f117270d386b5a71,0,0,0.0,False,0,0
1217,0.3040000000000002,82944,6a242012867dc8b837e29b1a8324e93d22fc3f743ff363b5f117270d386b5a71,0,0,0.0,False,0,0
1218,0.3042500000000002,82944,6a242012867dc8b837e29b1a8324e93d22fc3f743ff363b5f117270d386b5a71,0,0,0.0,False,0,0
1219,0.3045000000000002,82944,6a242012867dc8b837e29b1a8324e93d22fc3f743ff363b5f117270d386b5a71,0,0,0.0,False,0,0
1220,0.3047500000000002,82944,6a242012867dc8b837e29b1a8324e93d22fc3f743ff363b5f117270d386b5a71,0,0,0.0,False,0,0
1221,0.3050000000000002,82944,6a242012867dc8b837e29b1a8324e93d22fc3f743ff363b5f117270d386b5a71,0,0,0.0,False,0,0
1222,0.3052500000000002,82944,6a242012867dc8b837e29b1a8324e93d22fc3f743ff363b5f117270d386b5a71,0,0,0.0,False,0,0
1223,0.3055000000000002,82944,6a242012867dc8b837e29b1a8324e93d22fc3f743ff363b5f117270d386b5a71,0,0,0.0,False,0,0
1224,0.3057500000000002,82944,6a242012867dc8b837e29b1a8324e93d22fc3f743ff363b5f117270d386b5a71,0,0,0.0,False,0,0
1225,0.3060000000000002,82944,6a242012867dc8b837e29b1a8324e93d22fc3f743ff363b5f117270d386b5a71,0,0,0.0,False,0,0
1226,0.3062500000000002,82944,6a242012867dc8b837e29b1a8324e93d22fc3f743ff363b5f117270d386b5a71,0,0,0.0,False,0,0
1227,0.3065000000000002,82944,6a242012867dc8b837e29b1a8324e93d22fc3f743ff363b5f117270d386b5a71,0,0,0.0,False,0,0
1228,0.3067500000000002,82944,6a242012867dc8b837e29b1a8324e93d22fc3f743ff363b5f117270d386b5a71,0,0,0.0,False,0,0
1229,0.3070000000000002,82944,6a242012867dc8b837e29b1a8324e93d22fc3f743ff363b5f117270d386b5a71,0,0,0.0,False,0,0
1230,0.3072500000000002,82944,6a242012867dc8b837e29b1a8324e93d22fc3f743ff363b5f117270d386b5a71,0,0,0.0,False,0,0
1231,0.3075000000000002,82944,6a242012867dc8b837e29b1a8324e93d22fc3f743ff363b5f117270d386b5a71,0,0,0.0,False,0,0
1232,0.3077500000000002,82944,6a242012867dc8b837e29b1a8324e93d22fc3f743ff363b5f117270d386b5a71,0,0,0.0,False,0,0
1233,0.3080000000000002,82944,6a242012867dc8b837e29b1a8324e93d22fc3f743ff363b5f117270d386b5a71,0,0,0.0,False,0,0
1234,0.3082500000000002,82944,6a242012867dc8b837e29b1a8324e93d22fc3f743ff363b5f117270d386b5a71,0,0,0.0,False,0,0
1235,0.3085000000000002,82944,6a242012867dc8b837e29b1a8324e93d22fc3f743ff363b5f117270d386b5a71,0,0,0.0,False,0,0
1236,0.3087500000000002,82944,6a242012867dc8b837e29b1a8324e93d22fc3f743ff363b5f117270d386b5a71,0,0,0.0,False,0,0
1237,0.3090000000000002,82944,6a242012867dc8b837e29b1a8324e93d22fc3f743ff363b5f117270d386b5a71,0,0,0.0,False,0,0
1238,0.3092500000000002,82944,6a242012867dc8b837e29b1a8324e93d22fc3f743ff363b5f117270d386b5a71,0,0,0.0,False,0,0
1239,0.3095000000000002,82944,6a242012867dc8b837e29b1a8324e93d22fc3f743ff363b5f117270d386b5a71,0,0,0.0,False,0,0
1240,0.3097500000000002,82944,6a242012867dc8b837e29b1a8324e93d22fc3f743ff363b5f117270d386b5a71,0,0,0.0,False,0,0
1241,0.3100000000000002,82944,6a242012867dc8b837e29b1a8324e93d22fc3f743ff363b5f117270d386b5a71,0,0,0.0,False,0,0
1242,0.3102500000000002,82944,6a242012867dc8b837e29b1a8324e93d22fc3f743ff363b5f117270d386b5a71,0,0,0.0,False,0,0
1243,0.3105000000000002,82944,6a242012867dc8b837e29b1a8324e93d22fc3f743ff363b5f117270d386b5a71,0,0,0.0,False,0,0
1244,0.3107500000000002,82944,6a242012867dc8b837e29b1a8324e93d22fc3f743ff363b5f117270d386b5a71,0,0,0.0,False,0,0
1245,0.3110000000000002,82944,6a242012867dc8b837e29b1a8324e93d22fc3f743ff363b5f117270d386b5a71,0,0,0.0,False,0,0
1246,0.3112500000000002,82944,6a242012867dc8b837e29b1a8324e93d22fc3f743ff363b5f117270d386b5a71,0,0,0.0,False,0,0
1247,0.3115000000000002,82944,6a242012867dc8b837e29b1a8324e93d22fc3f743ff363b5f117270d386b5a71,0,0,0.0,False,0,0
1248,0.3117500000000002,82944,6a242012867dc8b837e29b1a8324e93d22fc3f743ff363b5f117270d386b5a71,0,0,0.0,False,0,0
1249,0.3120000000000002,82944,6a242012867dc8b837e29b1a8324e93d22fc3f743ff363b5f117270d386b5a71,0,0,0.0,False,0,0
1250,0.3122500000000002,82944,6a242012867dc8b837e29b1a8324e93d22fc3f743ff363b5f117270d386b5a71,0,0,0.0,False,0,0
1251,0.3125000000000002,82944,6a242012867dc8b837e29b1a8324e93d22fc3f743ff363b5f117270d386b5a71,0,0,0.0,False,0,0
1252,0.3127500000000002,82944,6a242012867dc8b837e29b1a8324e93d22fc3f743ff363b5f117270d386b5a71,0,0,0.0,False,0,0
1253,0.3130000000000002,82944,6a242012867dc8b837e29b1a8324e93d22fc3f743ff363b5f117270d386b5a71,0,0,0.0,False,0,0
1254,0.3132500000000002,82944,6a242012867dc8b837e29b1a8324e93d22fc3f743ff363b5f117270d386b5a71,0,0,0.0,False,0,0
1255,0.3135000000000002,82944,6a242012867dc8b837e29b1a8324e93d22fc3f743ff363b5f117270d386b5a71,0,0,0.0,False,0,0
1256,0.3137500000000002,82944,6a242012867dc8b837e29b1a8324e93d22fc3f743ff363b5f117270d386b5a71,0,0,0.0,False,0,0
1257,0.3140000000000002,82944,6a242012867dc8b837e29b1a8324e93d22fc3f743ff363b5f117270d386b5a71,0,0,0.0,False,0,0
1258,0.3142500000000002,82944,6a242012867dc8b837e29b1a8324e93d22fc3f743ff363b5f117270d386b5a71,0,0,0.0,False,0,0
1259,0.3145000000000002,82944,6a242012867dc8b837e29b1a8324e93d22fc3f743ff363b5f117270d386b5a71,0,0,0.0,False,0,0
1260,0.3147500000000002,82944,6a242012867dc8b837e29b1a8324e93d22fc3f743ff363b5f117270d386b5a71,0,0,0.0,False,0,0
1261,0.3150000000000002,82944,6a242012867dc8b837e29b1a8324e93d22fc3f743ff363b5f117270d386b5a71,0,0,0.0,False,0,0
1262,0.3152500000000002,82944,6a242012867dc8b837e29b1a8324e93d22fc3f743ff363b5f117270d386b5a71,0,0,0.0,False,0,0
1263,0.3155000000000002,82944,6a242012867dc8b837e29b1a8324e93d22fc3f743ff363b5f117270d386b5a71,0,0,0.0,False,0,0
1264,0.3157500000000002,82944,6a242012867dc8b837e29b1a8324e93d22fc3f743ff363b5f117270d386b5a71,0,0,0.0,False,0,0
1265,0.3160000000000002,82944,6a242012867dc8b837e29b1a8324e93d22fc3f743ff363b5f117270d386b5a71,0,0,0.0,False,0,0
1266,0.3162500000000002,82944,6a242012867dc8b837e29b1a8324e93d22fc3f743ff363b5f117270d386b5a71,0,0,0.0,False,0,0
1267,0.3165000000000002,82944,6a242012867dc8b837e29b1a8324e93d22fc3f743ff363b5f117270d386b5a71,0,0,0.0,False,0,0
1268,0.3167500000000002,82944,6a242012867dc8b837e29b1a8324e93d22fc3f743ff363b5f117270d386b5a71,0,0,0.0,False,0,0
1269,0.3170000000000002,82944,6a242012867dc8b837e29b1a8324e93d22fc3f743ff363b5f117270d386b5a71,0,0,0.0,False,0,0
1270,0.3172500000000002,82944,6a242012867dc8b837e29b1a8324e93d22fc3f743ff363b5f117270d386b5a71,0,0,0.0,False,0,0
1271,0.3175000000000002,82944,6a242012867dc8b837e29b1a8324e93d22fc3f743ff363b5f117270d386b5a71,0,0,0.0,False,0,0
1272,0.3177500000000002,82944,6a242012867dc8b837e29b1a8324e93d22fc3f743ff363b5f117270d386b5a71,0,0,0.0,False,0,0
1273,0.3180000000000002,82944,6a242012867dc8b837e29b1a8324e93d22fc3f743ff363b5f117270d386b5a71,0,0,0.0,False,0,0
1274,0.3182500000000002,82944,6a242012867dc8b837e29b1a8324e93d22fc3f743ff363b5f117270d386b5a71,0,0,0.0,False,0,0
1275,0.3185000000000002,82944,6a242012867dc8b837e29b1a8324e93d22fc3f743ff363b5f117270d386b5a71,0,0,0.0,False,0,0
1276,0.3187500000000002,82944,6a242012867dc8b837e29b1a8324e93d22fc3f743ff363b5f117270d386b5a71,0,0,0.0,False,0,0
1277,0.31900000000000023,82944,6a242012867dc8b837e29b1a8324e93d22fc3f743ff363b5f117270d386b5a71,0,0,0.0,False,0,0
1278,0.3192500000000002,82944,6a242012867dc8b837e29b1a8324e93d22fc3f743ff363b5f117270d386b5a71,0,0,0.0,False,0,0
1279,0.31950000000000023,82944,6a242012867dc8b837e29b1a8324e93d22fc3f743ff363b5f117270d386b5a71,0,0,0.0,False,0,0
1280,0.3197500000000002,82944,6a242012867dc8b837e29b1a8324e93d22fc3f743ff363b5f117270d386b5a71,0,0,0.0,False,0,0
1281,0.32000000000000023,82944,6a242012867dc8b837e29b1a8324e93d22fc3f743ff363b5f117270d386b5a71,0,0,0.0,False,0,0
1282,0.3202500000000002,82944,6a242012867dc8b837e29b1a8324e93d22fc3f743ff363b5f117270d386b5a71,0,0,0.0,False,0,0
1283,0.32050000000000023,82944,6a242012867dc8b837e29b1a8324e93d22fc3f743ff363b5f117270d386b5a71,0,0,0.0,False,0,0
1284,0.3207500000000002,82944,6a242012867dc8b837e29b1a8324e93d22fc3f743ff363b5f117270d386b5a71,0,0,0.0,False,0,0
1285,0.32100000000000023,82944,6a242012867dc8b837e29b1a8324e93d22fc3f743ff363b5f117270d386b5a71,0,0,0.0,False,0,0
1286,0.3212500000000002,82944,6a242012867dc8b837e29b1a8324e93d22fc3f743ff363b5f117270d386b5a71,0,0,0.0,False,0,0
1287,0.32150000000000023,82944,6a242012867dc8b837e29b1a8324e93d22fc3f743ff363b5f117270d386b5a71,0,0,0.0,False,0,0
1288,0.3217500000000002,82944,6a242012867dc8b837e29b1a8324e93d22fc3f743ff363b5f117270d386b5a71,0,0,0.0,False,0,0
1289,0.32200000000000023,82944,6a242012867dc8b837e29b1a8324e93d22fc3f743ff363b5f117270d386b5a71,0,0,0.0,False,0,0
1290,0.3222500000000002,82944,6a242012867dc8b837e29b1a8324e93d22fc3f743ff363b5f117270d386b5a71,0,0,0.0,False,0,0
1291,0.32250000000000023,82944,6a242012867dc8b837e29b1a8324e93d22fc3f743ff363b5f117270d386b5a71,0,0,0.0,False,0,0
1292,0.3227500000000002,82944,6a242012867dc8b837e29b1a8324e93d22fc3f743ff363b5f117270d386b5a71,0,0,0.0,False,0,0
1293,0.32300000000000023,82944,6a242012867dc8b837e29b1a8324e93d22fc3f743ff363b5f117270d386b5a71,0,0,0.0,False,0,0
1294,0.3232500000000002,82944,6a242012867dc8b837e29b1a8324e93d22fc3f743ff363b5f117270d386b5a71,0,0,0.0,False,0,0
1295,0.32350000000000023,82944,6a242012867dc8b837e29b1a8324e93d22fc3f743ff363b5f117270d386b5a71,0,0,0.0,False,0,0
1296,0.3237500000000002,82944,6a242012867dc8b837e29b1a8324e93d22fc3f743ff363b5f117270d386b5a71,0,0,0.0,False,0,0
1297,0.32400000000000023,82944,6a242012867dc8b837e29b1a8324e93d22fc3f743ff363b5f117270d386b5a71,0,0,0.0,False,0,0
1298,0.3242500000000002,82944,6a242012867dc8b837e29b1a8324e93d22fc3f743ff363b5f117270d386b5a71,0,0,0.0,False,0,0
1299,0.32450000000000023,82944,6a242012867dc8b837e29b1a8324e93d22fc3f743ff363b5f117270d386b5a71,0,0,0.0,False,0,0
1300,0.3247500000000002,82944,6a242012867dc8b837e29b1a8324e93d22fc3f743ff363b5f117270d386b5a71,0,0,0.0,False,0,0
1301,0.32500000000000023,82944,6a242012867dc8b837e29b1a8324e93d22fc3f743ff363b5f117270d386b5a71,0,0,0.0,False,0,0
1302,0.3252500000000002,82944,6a242012867dc8b837e29b1a8324e93d22fc3f743ff363b5f117270d386b5a71,0,0,0.0,False,0,0
1303,0.32550000000000023,82944,6a242012867dc8b837e29b1a8324e93d22fc3f743ff363b5f117270d386b5a71,0,0,0.0,False,0,0
1304,0.3257500000000002,82944,6a242012867dc8b837e29b1a8324e93d22fc3f743ff363b5f117270d386b5a71,0,0,0.0,False,0,0
1305,0.32600000000000023,82944,6a242012867dc8b837e29b1a8324e93d22fc3f743ff363b5f117270d386b5a71,0,0,0.0,False,0,0
1306,0.3262500000000002,82944,6a242012867dc8b837e29b1a8324e93d22fc3f743ff363b5f117270d386b5a71,0,0,0.0,False,0,0
1307,0.32650000000000023,82944,6a242012867dc8b837e29b1a8324e93d22fc3f743ff363b5f117270d386b5a71,0,0,0.0,False,0,0
1308,0.3267500000000002,82944,6a242012867dc8b837e29b1a8324e93d22fc3f743ff363b5f117270d386b5a71,0,0,0.0,False,0,0
1309,0.32700000000000023,82944,6a242012867dc8b837e29b1a8324e93d22fc3f743ff363b5f117270d386b5a71,0,0,0.0,False,0,0
1310,0.3272500000000002,82944,6a242012867dc8b837e29b1a8324e93d22fc3f743ff363b5f117270d386b5a71,0,0,0.0,False,0,0
1311,0.32750000000000024,82944,6a242012867dc8b837e29b1a8324e93d22fc3f743ff363b5f117270d386b5a71,0,0,0.0,False,0,0
1312,0.3277500000000002,82944,6a242012867dc8b837e29b1a8324e93d22fc3f743ff363b5f117270d386b5a71,0,0,0.0,False,0,0
1313,0.32800000000000024,82944,6a242012867dc8b837e29b1a8324e93d22fc3f743ff363b5f117270d386b5a71,0,0,0.0,False,0,0
1314,0.3282500000000002,82944,6a242012867dc8b837e29b1a8324e93d22fc3f743ff363b5f117270d386b5a71,0,0,0.0,False,0,0
1315,0.32850000000000024,82944,6a242012867dc8b837e29b1a8324e93d22fc3f743ff363b5f117270d386b5a71,0,0,0.0,False,0,0
1316,0.3287500000000002,82944,6a242012867dc8b837e29b1a8324e93d22fc3f743ff363b5f117270d386b5a71,0,0,0.0,False,0,0
1317,0.32900000000000024,82944,6a242012867dc8b837e29b1a8324e93d22fc3f743ff363b5f117270d386b5a71,0,0,0.0,False,0,0
1318,0.3292500000000002,82944,6a242012867dc8b837e29b1a8324e93d22fc3f743ff363b5f117270d386b5a71,0,0,0.0,False,0,0
1319,0.32950000000000024,82944,6a242012867dc8b837e29b1a8324e93d22fc3f743ff363b5f117270d386b5a71,0,0,0.0,False,0,0
1320,0.3297500000000002,82944,6a242012867dc8b837e29b1a8324e93d22fc3f743ff363b5f117270d386b5a71,0,0,0.0,False,0,0
1321,0.33000000000000024,82944,6a242012867dc8b837e29b1a8324e93d22fc3f743ff363b5f117270d386b5a71,0,0,0.0,False,0,0
1322,0.3302500000000002,82944,6a242012867dc8b837e29b1a8324e93d22fc3f743ff363b5f117270d386b5a71,0,0,0.0,False,0,0
1323,0.33050000000000024,82944,6a242012867dc8b837e29b1a8324e93d22fc3f743ff363b5f117270d386b5a71,0,0,0.0,False,0,0
1324,0.3307500000000002,82944,6a242012867dc8b837e29b1a8324e93d22fc3f743ff363b5f117270d386b5a71,0,0,0.0,False,0,0
1325,0.33100000000000024,82944,6a242012867dc8b837e29b1a8324e93d22fc3f743ff363b5f117270d386b5a71,0,0,0.0,False,0,0
1326,0.3312500000000002,82944,6a242012867dc8b837e29b1a8324e93d22fc3f743ff363b5f117270d386b5a71,0,0,0.0,False,0,0
1327,0.33150000000000024,82944,6a242012867dc8b837e29b1a8324e93d22fc3f743ff363b5f117270d386b5a71,0,0,0.0,False,0,0
1328,0.3317500000000002,82944,6a242012867dc8b837e29b1a8324e93d22fc3f743ff363b5f117270d386b5a71,0,0,0.0,False,0,0
1329,0.33200000000000024,82944,6a242012867dc8b837e29b1a8324e93d22fc3f743ff363b5f117270d386b5a71,0,0,0.0,False,0,0
1330,0.3322500000000002,82944,6a242012867dc8b837e29b1a8324e93d22fc3f743ff363b5f117270d386b5a71,0,0,0.0,False,0,0
1331,0.33250000000000024,82944,6a242012867dc8b837e29b1a8324e93d22fc3f743ff363b5f117270d386b5a71,0,0,0.0,False,0,0
1332,0.3327500000000002,82944,6a242012867dc8b837e29b1a8324e93d22fc3f743ff363b5f117270d386b5a71,0,0,0.0,False,0,0
1333,0.33300000000000024,82944,6a242012867dc8b837e29b1a8324e93d22fc3f743ff363b5f117270d386b5a71,0,0,0.0,False,0,0
1334,0.3332500000000002,82944,6a242012867dc8b837e29b1a8324e93d22fc3f743ff363b5f117270d386b5a71,0,0,0.0,False,0,0
1335,0.33350000000000024,82944,6a242012867dc8b837e29b1a8324e93d22fc3f743ff363b5f117270d386b5a71,0,0,0.0,False,0,0
1336,0.3337500000000002,82944,6a242012867dc8b837e29b1a8324e93d22fc3f743ff363b5f117270d386b5a71,0,0,0.0,False,0,0
1337,0.33400000000000024,82944,6a242012867dc8b837e29b1a8324e93d22fc3f743ff363b5f117270d386b5a71,0,0,0.0,False,0,0
1338,0.3342500000000002,82944,6a242012867dc8b837e29b1a8324e93d22fc3f743ff363b5f117270d386b5a71,0,0,0.0,False,0,0
1339,0.33450000000000024,82944,6a242012867dc8b837e29b1a8324e93d22fc3f743ff363b5f117270d386b5a71,0,0,0.0,False,0,0
1340,0.3347500000000002,82944,6a242012867dc8b837e29b1a8324e93d22fc3f743ff363b5f117270d386b5a71,0,0,0.0,False,0,0
1341,0.33500000000000024,82944,6a242012867dc8b837e29b1a8324e93d22fc3f743ff363b5f117270d386b5a71,0,0,0.0,False,0,0
1342,0.3352500000000002,82944,6a242012867dc8b837e29b1a8324e93d22fc3f743ff363b5f117270d386b5a71,0,0,0.0,False,0,0
1343,0.33550000000000024,82944,6a242012867dc8b837e29b1a8324e93d22fc3f743ff363b5f117270d386b5a71,0,0,0.0,False,0,0
1344,0.3357500000000002,82944,6a242012867dc8b837e29b1a8324e93d22fc3f743ff363b5f117270d386b5a71,0,0,0.0,False,0,0
1345,0.33600000000000024,82944,6a242012867dc8b837e29b1a8324e93d22fc3f743ff363b5f117270d386b5a71,0,0,0.0,False,0,0
1346,0.3362500000000002,82944,6a242012867dc8b837e29b1a8324e93d22fc3f743ff363b5f117270d386b5a71,0,0,0.0,False,0,0
1347,0.33650000000000024,82944,6a242012867dc8b837e29b1a8324e93d22fc3f743ff363b5f117270d386b5a71,0,0,0.0,False,0,0
1348,0.3367500000000002,82944,6a242012867dc8b837e29b1a8324e93d22fc3f743ff363b5f117270d386b5a71,0,0,0.0,False,0,0
1349,0.33700000000000024,82944,6a242012867dc8b837e29b1a8324e93d22fc3f743ff363b5f117270d386b5a71,0,0,0.0,False,0,0
1350,0.3372500000000002,82944,6a242012867dc8b837e29b1a8324e93d22fc3f743ff363b5f117270d386b5a71,0,0,0.0,False,0,0
1351,0.33750000000000024,82944,6a242012867dc8b837e29b1a8324e93d22fc3f743ff363b5f117270d386b5a71,0,0,0.0,False,0,0
1352,0.3377500000000002,82944,6a242012867dc8b837e29b1a8324e93d22fc3f743ff363b5f117270d386b5a71,0,0,0.0,False,0,0
1353,0.33800000000000024,82944,6a242012867dc8b837e29b1a8324e93d22fc3f743ff363b5f117270d386b5a71,0,0,0.0,False,0,0
1354,0.3382500000000002,82944,6a242012867dc8b837e29b1a8324e93d22fc3f743ff363b5f117270d386b5a71,0,0,0.0,False,0,0
1355,0.33850000000000025,82944,6a242012867dc8b837e29b1a8324e93d22fc3f743ff363b5f117270d386b5a71,0,0,0.0,False,0,0
1356,0.3387500000000002,82944,6a242012867dc8b837e29b1a8324e93d22fc3f743ff363b5f117270d386b5a71,0,0,0.0,False,0,0
1357,0.33900000000000025,82944,6a242012867dc8b837e29b1a8324e93d22fc3f743ff363b5f117270d386b5a71,0,0,0.0,False,0,0
1358,0.3392500000000002,82944,6a242012867dc8b837e29b1a8324e93d22fc3f743ff363b5f117270d386b5a71,0,0,0.0,False,0,0
1359,0.33950000000000025,82944,6a242012867dc8b837e29b1a8324e93d22fc3f743ff363b5f117270d386b5a71,0,0,0.0,False,0,0
1360,0.3397500000000002,82944,6a242012867dc8b837e29b1a8324e93d22fc3f743ff363b5f117270d386b5a71,0,0,0.0,False,0,0
1361,0.34000000000000025,82944,6a242012867dc8b837e29b1a8324e93d22fc3f743ff363b5f117270d386b5a71,0,0,0.0,False,0,0
1362,0.3402500000000002,82944,6a242012867dc8b837e29b1a8324e93d22fc3f743ff363b5f117270d386b5a71,0,0,0.0,False,0,0
1363,0.34050000000000025,82944,6a242012867dc8b837e29b1a8324e93d22fc3f743ff363b5f117270d386b5a71,0,0,0.0,False,0,0
1364,0.3407500000000002,82944,6a242012867dc8b837e29b1a8324e93d22fc3f743ff363b5f117270d386b5a71,0,0,0.0,False,0,0
1365,0.34100000000000025,82944,6a242012867dc8b837e29b1a8324e93d22fc3f743ff363b5f117270d386b5a71,0,0,0.0,False,0,0
1366,0.3412500000000002,82944,6a242012867dc8b837e29b1a8324e93d22fc3f743ff363b5f117270d386b5a71,0,0,0.0,False,0,0
1367,0.34150000000000025,82944,6a242012867dc8b837e29b1a8324e93d22fc3f743ff363b5f117270d386b5a71,0,0,0.0,False,0,0
1368,0.3417500000000002,82944,6a242012867dc8b837e29b1a8324e93d22fc3f743ff363b5f117270d386b5a71,0,0,0.0,False,0,0
1369,0.34200000000000025,82944,6a242012867dc8b837e29b1a8324e93d22fc3f743ff363b5f117270d386b5a71,0,0,0.0,False,0,0
1370,0.3422500000000002,82944,6a242012867dc8b837e29b1a8324e93d22fc3f743ff363b5f117270d386b5a71,0,0,0.0,False,0,0
1371,0.34250000000000025,82944,6a242012867dc8b837e29b1a8324e93d22fc3f743ff363b5f117270d386b5a71,0,0,0.0,False,0,0
1372,0.3427500000000002,82944,6a242012867dc8b837e29b1a8324e93d22fc3f743ff363b5f117270d386b5a71,0,0,0.0,False,0,0
1373,0.34300000000000025,82944,6a242012867dc8b837e29b1a8324e93d22fc3f743ff363b5f117270d386b5a71,0,0,0.0,False,0,0
1374,0.3432500000000002,82944,6a242012867dc8b837e29b1a8324e93d22fc3f743ff363b5f117270d386b5a71,0,0,0.0,False,0,0
1375,0.34350000000000025,82944,6a242012867dc8b837e29b1a8324e93d22fc3f743ff363b5f117270d386b5a71,0,0,0.0,False,0,0
1376,0.3437500000000002,82944,6a242012867dc8b837e29b1a8324e93d22fc3f743ff363b5f117270d386b5a71,0,0,0.0,False,0,0
1377,0.34400000000000025,82944,6a242012867dc8b837e29b1a8324e93d22fc3f743ff363b5f117270d386b5a71,0,0,0.0,False,0,0
1378,0.3442500000000002,82944,6a242012867dc8b837e29b1a8324e93d22fc3f743ff363b5f117270d386b5a71,0,0,0.0,False,0,0
1379,0.34450000000000025,82944,6a242012867dc8b837e29b1a8324e93d22fc3f743ff363b5f117270d386b5a71,0,0,0.0,False,0,0
1380,0.3447500000000002,82944,6a242012867dc8b837e29b1a8324e93d22fc3f743ff363b5f117270d386b5a71,0,0,0.0,False,0,0
1381,0.34500000000000025,82944,6a242012867dc8b837e29b1a8324e93d22fc3f743ff363b5f117270d386b5a71,0,0,0.0,False,0,0
1382,0.3452500000000002,82944,6a242012867dc8b837e29b1a8324e93d22fc3f743ff363b5f117270d386b5a71,0,0,0.0,False,0,0
1383,0.34550000000000025,82944,6a242012867dc8b837e29b1a8324e93d22fc3f743ff363b5f117270d386b5a71,0,0,0.0,False,0,0
1384,0.3457500000000002,82944,6a242012867dc8b837e29b1a8324e93d22fc3f743ff363b5f117270d386b5a71,0,0,0.0,False,0,0
1385,0.34600000000000025,82944,6a242012867dc8b837e29b1a8324e93d22fc3f743ff363b5f117270d386b5a71,0,0,0.0,False,0,0
1386,0.3462500000000002,82944,6a242012867dc8b837e29b1a8324e93d22fc3f743ff363b5f117270d386b5a71,0,0,0.0,False,0,0
1387,0.34650000000000025,82944,6a242012867dc8b837e29b1a8324e93d22fc3f743ff363b5f117270d386b5a71,0,0,0.0,False,0,0
1388,0.3467500000000002,82944,6a242012867dc8b837e29b1a8324e93d22fc3f743ff363b5f117270d386b5a71,0,0,0.0,False,0,0
1389,0.34700000000000025,82944,6a242012867dc8b837e29b1a8324e93d22fc3f743ff363b5f117270d386b5a71,0,0,0.0,False,0,0
1390,0.3472500000000002,82944,6a242012867dc8b837e29b1a8324e93d22fc3f743ff363b5f117270d386b5a71,0,0,0.0,False,0,0
1391,0.34750000000000025,82944,6a242012867dc8b837e29b1a8324e93d22fc3f743ff363b5f117270d386b5a71,0,0,0.0,False,0,0
1392,0.3477500000000002,82944,6a242012867dc8b837e29b1a8324e93d22fc3f743ff363b5f117270d386b5a71,0,0,0.0,False,0,0
1393,0.34800000000000025,82944,6a242012867dc8b837e29b1a8324e93d22fc3f743ff363b5f117270d386b5a71,0,0,0.0,False,0,0
1394,0.3482500000000002,82944,6a242012867dc8b837e29b1a8324e93d22fc3f743ff363b5f117270d386b5a71,0,0,0.0,False,0,0
1395,0.34850000000000025,82944,6a242012867dc8b837e29b1a8324e93d22fc3f743ff363b5f117270d386b5a71,0,0,0.0,False,0,0
1396,0.3487500000000002,82944,6a242012867dc8b837e29b1a8324e93d22fc3f743ff363b5f117270d386b5a71,0,0,0.0,False,0,0
1397,0.34900000000000025,82944,6a242012867dc8b837e29b1a8324e93d22fc3f743ff363b5f117270d386b5a71,0,0,0.0,False,0,0
1398,0.3492500000000002,82944,6a242012867dc8b837e29b1a8324e93d22fc3f743ff363b5f117270d386b5a71,0,0,0.0,False,0,0
1399,0.34950000000000025,82944,6a242012867dc8b837e29b1a8324e93d22fc3f743ff363b5f117270d386b5a71,0,0,0.0,False,0,0
1400,0.3497500000000002,82944,6a242012867dc8b837e29b1a8324e93d22fc3f743ff363b5f117270d386b5a71,0,0,0.0,False,0,0
1401,0.35000000000000026,82944,6a242012867dc8b837e29b1a8324e93d22fc3f743ff363b5f117270d386b5a71,0,0,0.0,False,0,0
1402,0.35025000000000023,82944,6a242012867dc8b837e29b1a8324e93d22fc3f743ff363b5f117270d386b5a71,0,0,0.0,False,0,0
1403,0.35050000000000026,82944,6a242012867dc8b837e29b1a8324e93d22fc3f743ff363b5f117270d386b5a71,0,0,0.0,False,0,0
1404,0.35075000000000023,82944,6a242012867dc8b837e29b1a8324e93d22fc3f743ff363b5f117270d386b5a71,0,0,0.0,False,0,0
1405,0.35100000000000026,82944,6a242012867dc8b837e29b1a8324e93d22fc3f743ff363b5f117270d386b5a71,0,0,0.0,False,0,0
1406,0.35125000000000023,82944,6a242012867dc8b837e29b1a8324e93d22fc3f743ff363b5f117270d386b5a71,0,0,0.0,False,0,0
1407,0.35150000000000026,82944,6a242012867dc8b837e29b1a8324e93d22fc3f743ff363b5f117270d386b5a71,0,0,0.0,False,0,0
1408,0.35175000000000023,82944,6a242012867dc8b837e29b1a8324e93d22fc3f743ff363b5f117270d386b5a71,0,0,0.0,False,0,0
1409,0.35200000000000026,82944,6a242012867dc8b837e29b1a8324e93d22fc3f743ff363b5f117270d386b5a71,0,0,0.0,False,0,0
1410,0.35225000000000023,82944,6a242012867dc8b837e29b1a8324e93d22fc3f743ff363b5f117270d386b5a71,0,0,0.0,False,0,0
1411,0.35250000000000026,82944,6a242012867dc8b837e29b1a8324e93d22fc3f743ff363b5f117270d386b5a71,0,0,0.0,False,0,0
1412,0.35275000000000023,82944,6a242012867dc8b837e29b1a8324e93d22fc3f743ff363b5f117270d386b5a71,0,0,0.0,False,0,0
1413,0.35300000000000026,82944,6a242012867dc8b837e29b1a8324e93d22fc3f743ff363b5f117270d386b5a71,0,0,0.0,False,0,0
1414,0.35325000000000023,82944,6a242012867dc8b837e29b1a8324e93d22fc3f743ff363b5f117270d386b5a71,0,0,0.0,False,0,0
1415,0.35350000000000026,82944,6a242012867dc8b837e29b1a8324e93d22fc3f743ff363b5f117270d386b5a71,0,0,0.0,False,0,0
1416,0.35375000000000023,82944,6a242012867dc8b837e29b1a8324e93d22fc3f743ff363b5f117270d386b5a71,0,0,0.0,False,0,0
1417,0.35400000000000026,82944,6a242012867dc8b837e29b1a8324e93d22fc3f743ff363b5f117270d386b5a71,0,0,0.0,False,0,0
1418,0.35425000000000023,82944,6a242012867dc8b837e29b1a8324e93d22fc3f743ff363b5f117270d386b5a71,0,0,0.0,False,0,0
1419,0.35450000000000026,82944,6a242012867dc8b837e29b1a8324e93d22fc3f743ff363b5f117270d386b5a71,0,0,0.0,False,0,0
1420,0.35475000000000023,82944,6a242012867dc8b837e29b1a8324e93d22fc3f743ff363b5f117270d386b5a71,0,0,0.0,False,0,0
1421,0.35500000000000026,82944,6a242012867dc8b837e29b1a8324e93d22fc3f743ff363b5f117270d386b5a71,0,0,0.0,False,0,0
1422,0.35525000000000023,82944,6a242012867dc8b837e29b1a8324e93d22fc3f743ff363b5f117270d386b5a71,0,0,0.0,False,0,0
1423,0.35550000000000026,82944,6a242012867dc8b837e29b1a8324e93d22fc3f743ff363b5f117270d386b5a71,0,0,0.0,False,0,0
1424,0.35575000000000023,82944,6a242012867dc8b837e29b1a8324e93d22fc3f743ff363b5f117270d386b5a71,0,0,0.0,False,0,0
1425,0.35600000000000026,82944,6a242012867dc8b837e29b1a8324e93d22fc3f743ff363b5f117270d386b5a71,0,0,0.0,False,0,0
1426,0.35625000000000023,82944,6a242012867dc8b837e29b1a8324e93d22fc3f743ff363b5f117270d386b5a71,0,0,0.0,False,0,0
1427,0.35650000000000026,82944,6a242012867dc8b837e29b1a8324e93d22fc3f743ff363b5f117270d386b5a71,0,0,0.0,False,0,0
1428,0.35675000000000023,82944,6a242012867dc8b837e29b1a8324e93d22fc3f743ff363b5f117270d386b5a71,0,0,0.0,False,0,0
1429,0.35700000000000026,82944,6a242012867dc8b837e29b1a8324e93d22fc3f743ff363b5f117270d386b5a71,0,0,0.0,False,0,0
1430,0.35725000000000023,82944,6a242012867dc8b837e29b1a8324e93d22fc3f743ff363b5f117270d386b5a71,0,0,0.0,False,0,0
1431,0.35750000000000026,82944,6a242012867dc8b837e29b1a8324e93d22fc3f743ff363b5f117270d386b5a71,0,0,0.0,False,0,0
1432,0.35775000000000023,82944,6a242012867dc8b837e29b1a8324e93d22fc3f743ff363b5f117270d386b5a71,0,0,0.0,False,0,0
1433,0.35800000000000026,82944,6a242012867dc8b837e29b1a8324e93d22fc3f743ff363b5f117270d386b5a71,0,0,0.0,False,0,0
1434,0.35825000000000023,82944,6a242012867dc8b837e29b1a8324e93d22fc3f743ff363b5f117270d386b5a71,0,0,0.0,False,0,0
1435,0.35850000000000026,82944,6a242012867dc8b837e29b1a8324e93d22fc3f743ff363b5f117270d386b5a71,0,0,0.0,False,0,0
1436,0.35875000000000024,82944,6a242012867dc8b837e29b1a8324e93d22fc3f743ff363b5f117270d386b5a71,0,0,0.0,False,0,0
1437,0.35900000000000026,82944,6a242012867dc8b837e29b1a8324e93d22fc3f743ff363b5f117270d386b5a71,0,0,0.0,False,0,0
1438,0.35925000000000024,82944,6a242012867dc8b837e29b1a8324e93d22fc3f743ff363b5f117270d386b5a71,0,0,0.0,False,0,0
1439,0.35950000000000026,82944,6a242012867dc8b837e29b1a8324e93d22fc3f743ff363b5f117270d386b5a71,0,0,0.0,False,0,0
1440,0.35975000000000024,82944,6a242012867dc8b837e29b1a8324e93d22fc3f743ff363b5f117270d386b5a71,0,0,0.0,False,0,0
1441,0.36000000000000026,82944,6a242012867dc8b837e29b1a8324e93d22fc3f743ff363b5f117270d386b5a71,0,0,0.0,False,0,0
1442,0.36025000000000024,82944,6a242012867dc8b837e29b1a8324e93d22fc3f743ff363b5f117270d386b5a71,0,0,0.0,False,0,0
1443,0.36050000000000026,82944,6a242012867dc8b837e29b1a8324e93d22fc3f743ff363b5f117270d386b5a71,0,0,0.0,False,0,0
1444,0.36075000000000024,82944,6a242012867dc8b837e29b1a8324e93d22fc3f743ff363b5f117270d386b5a71,0,0,0.0,False,0,0
1445,0.36100000000000027,82944,6a242012867dc8b837e29b1a8324e93d22fc3f743ff363b5f117270d386b5a71,0,0,0.0,False,0,0
1446,0.36125000000000024,82944,6a242012867dc8b837e29b1a8324e93d22fc3f743ff363b5f117270d386b5a71,0,0,0.0,False,0,0
1447,0.36150000000000027,82944,6a242012867dc8b837e29b1a8324e93d22fc3f743ff363b5f117270d386b5a71,0,0,0.0,False,0,0
1448,0.36175000000000024,82944,6a242012867dc8b837e29b1a8324e93d22fc3f743ff363b5f117270d386b5a71,0,0,0.0,False,0,0
1449,0.36200000000000027,82944,6a242012867dc8b837e29b1a8324e93d22fc3f743ff363b5f117270d386b5a71,0,0,0.0,False,0,0
1450,0.36225000000000024,82944,6a242012867dc8b837e29b1a8324e93d22fc3f743ff363b5f117270d386b5a71,0,0,0.0,False,0,0
1451,0.36250000000000027,82944,6a242012867dc8b837e29b1a8324e93d22fc3f743ff363b5f117270d386b5a71,0,0,0.0,False,0,0
1452,0.36275000000000024,82944,6a242012867dc8b837e29b1a8324e93d22fc3f743ff363b5f117270d386b5a71,0,0,0.0,False,0,0
1453,0.36300000000000027,82944,6a242012867dc8b837e29b1a8324e93d22fc3f743ff363b5f117270d386b5a71,0,0,0.0,False,0,0
1454,0.36325000000000024,82944,6a242012867dc8b837e29b1a8324e93d22fc3f743ff363b5f117270d386b5a71,0,0,0.0,False,0,0
1455,0.36350000000000027,82944,6a242012867dc8b837e29b1a8324e93d22fc3f743ff363b5f117270d386b5a71,0,0,0.0,False,0,0
1456,0.36375000000000024,82944,6a242012867dc8b837e29b1a8324e93d22fc3f743ff363b5f117270d386b5a71,0,0,0.0,False,0,0
1457,0.36400000000000027,82944,6a242012867dc8b837e29b1a8324e93d22fc3f743ff363b5f117270d386b5a71,0,0,0.0,False,0,0
1458,0.36425000000000024,82944,6a242012867dc8b837e29b1a8324e93d22fc3f743ff363b5f117270d386b5a71,0,0,0.0,False,0,0
1459,0.36450000000000027,82944,6a242012867dc8b837e29b1a8324e93d22fc3f743ff363b5f117270d386b5a71,0,0,0.0,False,0,0
1460,0.36475000000000024,82944,6a242012867dc8b837e29b1a8324e93d22fc3f743ff363b5f117270d386b5a71,0,0,0.0,False,0,0
1461,0.36500000000000027,82944,6a242012867dc8b837e29b1a8324e93d22fc3f743ff363b5f117270d386b5a71,0,0,0.0,False,0,0
1462,0.36525000000000024,82944,6a242012867dc8b837e29b1a8324e93d22fc3f743ff363b5f117270d386b5a71,0,0,0.0,False,0,0
1463,0.36550000000000027,82944,6a242012867dc8b837e29b1a8324e93d22fc3f743ff363b5f117270d386b5a71,0,0,0.0,False,0,0
1464,0.36575000000000024,82944,6a242012867dc8b837e29b1a8324e93d22fc3f743ff363b5f117270d386b5a71,0,0,0.0,False,0,0
1465,0.36600000000000027,82944,6a242012867dc8b837e29b1a8324e93d22fc3f743ff363b5f117270d386b5a71,0,0,0.0,False,0,0
1466,0.36625000000000024,82944,6a242012867dc8b837e29b1a8324e93d22fc3f743ff363b5f117270d386b5a71,0,0,0.0,False,0,0
1467,0.36650000000000027,82944,6a242012867dc8b837e29b1a8324e93d22fc3f743ff363b5f117270d386b5a71,0,0,0.0,False,0,0
1468,0.36675000000000024,82944,6a242012867dc8b837e29b1a8324e93d22fc3f743ff363b5f117270d386b5a71,0,0,0.0,False,0,0
1469,0.36700000000000027,82944,6a242012867dc8b837e29b1a8324e93d22fc3f743ff363b5f117270d386b5a71,0,0,0.0,False,0,0
1470,0.36725000000000024,82944,6a242012867dc8b837e29b1a8324e93d22fc3f743ff363b5f117270d386b5a71,0,0,0.0,False,0,0
1471,0.36750000000000027,82944,6a242012867dc8b837e29b1a8324e93d22fc3f743ff363b5f117270d386b5a71,0,0,0.0,False,0,0
1472,0.36775000000000024,82944,6a242012867dc8b837e29b1a8324e93d22fc3f743ff363b5f117270d386b5a71,0,0,0.0,False,0,0
1473,0.36800000000000027,82944,6a242012867dc8b837e29b1a8324e93d22fc3f743ff363b5f117270d386b5a71,0,0,0.0,False,0,0
1474,0.36825000000000024,82944,6a242012867dc8b837e29b1a8324e93d22fc3f743ff363b5f117270d386b5a71,0,0,0.0,False,0,0
1475,0.36850000000000027,82944,6a242012867dc8b837e29b1a8324e93d22fc3f743ff363b5f117270d386b5a71,0,0,0.0,False,0,0
1476,0.36875000000000024,82944,6a242012867dc8b837e29b1a8324e93d22fc3f743ff363b5f117270d386b5a71,0,0,0.0,False,0,0
1477,0.36900000000000027,82944,6a242012867dc8b837e29b1a8324e93d22fc3f743ff363b5f117270d386b5a71,0,0,0.0,False,0,0
1478,0.36925000000000024,82944,6a242012867dc8b837e29b1a8324e93d22fc3f743ff363b5f117270d386b5a71,0,0,0.0,False,0,0
1479,0.3695000000000003,82944,6a242012867dc8b837e29b1a8324e93d22fc3f743ff363b5f117270d386b5a71,0,0,0.0,False,0,0
1480,0.36975000000000025,82944,6a242012867dc8b837e29b1a8324e93d22fc3f743ff363b5f117270d386b5a71,0,0,0.0,False,0,0
1481,0.3700000000000003,82944,6a242012867dc8b837e29b1a8324e93d22fc3f743ff363b5f117270d386b5a71,0,0,0.0,False,0,0
1482,0.37025000000000025,82944,6a242012867dc8b837e29b1a8324e93d22fc3f743ff363b5f117270d386b5a71,0,0,0.0,False,0,0
1483,0.3705000000000003,82944,6a242012867dc8b837e29b1a8324e93d22fc3f743ff363b5f117270d386b5a71,0,0,0.0,False,0,0
1484,0.37075000000000025,82944,6a242012867dc8b837e29b1a8324e93d22fc3f743ff363b5f117270d386b5a71,0,0,0.0,False,0,0
1485,0.3710000000000003,82944,6a242012867dc8b837e29b1a8324e93d22fc3f743ff363b5f117270d386b5a71,0,0,0.0,False,0,0
1486,0.37125000000000025,82944,6a242012867dc8b837e29b1a8324e93d22fc3f743ff363b5f117270d386b5a71,0,0,0.0,False,0,0
1487,0.3715000000000003,82944,6a242012867dc8b837e29b1a8324e93d22fc3f743ff363b5f117270d386b5a71,0,0,0.0,False,0,0
1488,0.37175000000000025,82944,6a242012867dc8b837e29b1a8324e93d22fc3f743ff363b5f117270d386b5a71,0,0,0.0,False,0,0
1489,0.3720000000000003,82944,6a242012867dc8b837e29b1a8324e93d22fc3f743ff363b5f117270d386b5a71,0,0,0.0,False,0,0
1490,0.37225000000000025,82944,6a242012867dc8b837e29b1a8324e93d22fc3f743ff363b5f117270d386b5a71,0,0,0.0,False,0,0
1491,0.3725000000000003,82944,6a242012867dc8b837e29b1a8324e93d22fc3f743ff363b5f117270d386b5a71,0,0,0.0,False,0,0
1492,0.37275000000000025,82944,6a242012867dc8b837e29b1a8324e93d22fc3f743ff363b5f117270d386b5a71,0,0,0.0,False,0,0
1493,0.3730000000000003,82944,6a242012867dc8b837e29b1a8324e93d22fc3f743ff363b5f117270d386b5a71,0,0,0.0,False,0,0
1494,0.37325000000000025,82944,6a242012867dc8b837e29b1a8324e93d22fc3f743ff363b5f117270d386b5a71,0,0,0.0,False,0,0
1495,0.3735000000000003,82944,6a242012867dc8b837e29b1a8324e93d22fc3f743ff363b5f117270d386b5a71,0,0,0.0,False,0,0
1496,0.37375000000000025,82944,6a242012867dc8b837e29b1a8324e93d22fc3f743ff363b5f117270d386b5a71,0,0,0.0,False,0,0
1497,0.3740000000000003,82944,6a242012867dc8b837e29b1a8324e93d22fc3f743ff363b5f117270d386b5a71,0,0,0.0,False,0,0
1498,0.37425000000000025,82944,6a242012867dc8b837e29b1a8324e93d22fc3f743ff363b5f117270d386b5a71,0,0,0.0,False,0,0
1499,0.3745000000000003,82944,6a242012867dc8b837e29b1a8324e93d22fc3f743ff363b5f117270d386b5a71,0,0,0.0,False,0,0
1500,0.37475000000000025,82944,6a242012867dc8b837e29b1a8324e93d22fc3f743ff363b5f117270d386b5a71,0,0,0.0,False,0,0
1501,0.3750000000000003,82944,6a242012867dc8b837e29b1a8324e93d22fc3f743ff363b5f117270d386b5a71,0,0,0.0,False,0,0
1502,0.37525000000000025,82944,6a242012867dc8b837e29b1a8324e93d22fc3f743ff363b5f117270d386b5a71,0,0,0.0,False,0,0
1503,0.3755000000000003,82944,6a242012867dc8b837e29b1a8324e93d22fc3f743ff363b5f117270d386b5a71,0,0,0.0,False,0,0
1504,0.37575000000000025,82944,6a242012867dc8b837e29b1a8324e93d22fc3f743ff363b5f117270d386b5a71,0,0,0.0,False,0,0
1505,0.3760000000000003,82944,6a242012867dc8b837e29b1a8324e93d22fc3f743ff363b5f117270d386b5a71,0,0,0.0,False,0,0
1506,0.37625000000000025,82944,6a242012867dc8b837e29b1a8324e93d22fc3f743ff363b5f117270d386b5a71,0,0,0.0,False,0,0
1507,0.3765000000000003,82944,6a242012867dc8b837e29b1a8324e93d22fc3f743ff363b5f117270d386b5a71,0,0,0.0,False,0,0
1508,0.37675000000000025,82944,6a242012867dc8b837e29b1a8324e93d22fc3f743ff363b5f117270d386b5a71,0,0,0.0,False,0,0
1509,0.3770000000000003,82944,6a242012867dc8b837e29b1a8324e93d22fc3f743ff363b5f117270d386b5a71,0,0,0.0,False,0,0
1510,0.37725000000000025,82944,6a242012867dc8b837e29b1a8324e93d22fc3f743ff363b5f117270d386b5a71,0,0,0.0,False,0,0
1511,0.3775000000000003,82944,6a242012867dc8b837e29b1a8324e93d22fc3f743ff363b5f117270d386b5a71,0,0,0.0,False,0,0
1512,0.37775000000000025,82944,6a242012867dc8b837e29b1a8324e93d22fc3f743ff363b5f117270d386b5a71,0,0,0.0,False,0,0
1513,0.3780000000000003,82944,6a242012867dc8b837e29b1a8324e93d22fc3f743ff363b5f117270d386b5a71,0,0,0.0,False,0,0
1514,0.37825000000000025,82944,6a242012867dc8b837e29b1a8324e93d22fc3f743ff363b5f117270d386b5a71,0,0,0.0,False,0,0
1515,0.3785000000000003,82944,6a242012867dc8b837e29b1a8324e93d22fc3f743ff363b5f117270d386b5a71,0,0,0.0,False,0,0
1516,0.37875000000000025,82944,6a242012867dc8b837e29b1a8324e93d22fc3f743ff363b5f117270d386b5a71,0,0,0.0,False,0,0
1517,0.3790000000000003,82944,6a242012867dc8b837e29b1a8324e93d22fc3f743ff363b5f117270d386b5a71,0,0,0.0,False,0,0
1518,0.37925000000000025,82944,6a242012867dc8b837e29b1a8324e93d22fc3f743ff363b5f117270d386b5a71,0,0,0.0,False,0,0
1519,0.3795000000000003,82944,6a242012867dc8b837e29b1a8324e93d22fc3f743ff363b5f117270d386b5a71,0,0,0.0,False,0,0
1520,0.37975000000000025,82944,6a242012867dc8b837e29b1a8324e93d22fc3f743ff363b5f117270d386b5a71,0,0,0.0,False,0,0
1521,0.3800000000000003,82944,6a242012867dc8b837e29b1a8324e93d22fc3f743ff363b5f117270d386b5a71,0,0,0.0,False,0,0
1522,0.38025000000000025,82944,6a242012867dc8b837e29b1a8324e93d22fc3f743ff363b5f117270d386b5a71,0,0,0.0,False,0,0
1523,0.3805000000000003,82944,6a242012867dc8b837e29b1a8324e93d22fc3f743ff363b5f117270d386b5a71,0,0,0.0,False,0,0
1524,0.38075000000000025,82944,6a242012867dc8b837e29b1a8324e93d22fc3f743ff363b5f117270d386b5a71,0,0,0.0,False,0,0
1525,0.3810000000000003,82944,6a242012867dc8b837e29b1a8324e93d22fc3f743ff363b5f117270d386b5a71,0,0,0.0,False,0,0
1526,0.38125000000000026,82944,6a242012867dc8b837e29b1a8324e93d22fc3f743ff363b5f117270d386b5a71,0,0,0.0,False,0,0
1527,0.3815000000000003,82944,6a242012867dc8b837e29b1a8324e93d22fc3f743ff363b5f117270d386b5a71,0,0,0.0,False,0,0
1528,0.38175000000000026,82944,6a242012867dc8b837e29b1a8324e93d22fc3f743ff363b5f117270d386b5a71,0,0,0.0,False,0,0
1529,0.3820000000000003,82944,6a242012867dc8b837e29b1a8324e93d22fc3f743ff363b5f117270d386b5a71,0,0,0.0,False,0,0
1530,0.38225000000000026,82944,6a242012867dc8b837e29b1a8324e93d22fc3f743ff363b5f117270d386b5a71,0,0,0.0,False,0,0
1531,0.3825000000000003,82944,6a242012867dc8b837e29b1a8324e93d22fc3f743ff363b5f117270d386b5a71,0,0,0.0,False,0,0
1532,0.38275000000000026,82944,6a242012867dc8b837e29b1a8324e93d22fc3f743ff363b5f117270d386b5a71,0,0,0.0,False,0,0
1533,0.3830000000000003,82944,6a242012867dc8b837e29b1a8324e93d22fc3f743ff363b5f117270d386b5a71,0,0,0.0,False,0,0
1534,0.38325000000000026,82944,6a242012867dc8b837e29b1a8324e93d22fc3f743ff363b5f117270d386b5a71,0,0,0.0,False,0,0
1535,0.3835000000000003,82944,6a242012867dc8b837e29b1a8324e93d22fc3f743ff363b5f117270d386b5a71,0,0,0.0,False,0,0
1536,0.38375000000000026,82944,6a242012867dc8b837e29b1a8324e93d22fc3f743ff363b5f117270d386b5a71,0,0,0.0,False,0,0
1537,0.3840000000000003,82944,6a242012867dc8b837e29b1a8324e93d22fc3f743ff363b5f117270d386b5a71,0,0,0.0,False,0,0
1538,0.38425000000000026,82944,6a242012867dc8b837e29b1a8324e93d22fc3f743ff363b5f117270d386b5a71,0,0,0.0,False,0,0
1539,0.3845000000000003,82944,6a242012867dc8b837e29b1a8324e93d22fc3f743ff363b5f117270d386b5a71,0,0,0.0,False,0,0
1540,0.38475000000000026,82944,6a242012867dc8b837e29b1a8324e93d22fc3f743ff363b5f117270d386b5a71,0,0,0.0,False,0,0
1541,0.3850000000000003,82944,6a242012867dc8b837e29b1a8324e93d22fc3f743ff363b5f117270d386b5a71,0,0,0.0,False,0,0
1542,0.38525000000000026,82944,6a242012867dc8b837e29b1a8324e93d22fc3f743ff363b5f117270d386b5a71,0,0,0.0,False,0,0
1543,0.3855000000000003,82944,6a242012867dc8b837e29b1a8324e93d22fc3f743ff363b5f117270d386b5a71,0,0,0.0,False,0,0
1544,0.38575000000000026,82944,6a242012867dc8b837e29b1a8324e93d22fc3f743ff363b5f117270d386b5a71,0,0,0.0,False,0,0
1545,0.3860000000000003,82944,6a242012867dc8b837e29b1a8324e93d22fc3f743ff363b5f117270d386b5a71,0,0,0.0,False,0,0
1546,0.38625000000000026,82944,6a242012867dc8b837e29b1a8324e93d22fc3f743ff363b5f117270d386b5a71,0,0,0.0,False,0,0
1547,0.3865000000000003,82944,6a242012867dc8b837e29b1a8324e93d22fc3f743ff363b5f117270d386b5a71,0,0,0.0,False,0,0
1548,0.38675000000000026,82944,6a242012867dc8b837e29b1a8324e93d22fc3f743ff363b5f117270d386b5a71,0,0,0.0,False,0,0
1549,0.3870000000000003,82944,6a242012867dc8b837e29b1a8324e93d22fc3f743ff363b5f117270d386b5a71,0,0,0.0,False,0,0
1550,0.38725000000000026,82944,6a242012867dc8b837e29b1a8324e93d22fc3f743ff363b5f117270d386b5a71,0,0,0.0,False,0,0
1551,0.3875000000000003,82944,6a242012867dc8b837e29b1a8324e93d22fc3f743ff363b5f117270d386b5a71,0,0,0.0,False,0,0
1552,0.38775000000000026,82944,6a242012867dc8b837e29b1a8324e93d22fc3f743ff363b5f117270d386b5a71,0,0,0.0,False,0,0
1553,0.3880000000000003,82944,6a242012867dc8b837e29b1a8324e93d22fc3f743ff363b5f117270d386b5a71,0,0,0.0,False,0,0
1554,0.38825000000000026,82944,6a242012867dc8b837e29b1a8324e93d22fc3f743ff363b5f117270d386b5a71,0,0,0.0,False,0,0
1555,0.3885000000000003,82944,6a242012867dc8b837e29b1a8324e93d22fc3f743ff363b5f117270d386b5a71,0,0,0.0,False,0,0
1556,0.38875000000000026,82944,6a242012867dc8b837e29b1a8324e93d22fc3f743ff363b5f117270d386b5a71,0,0,0.0,False,0,0
1557,0.3890000000000003,82944,6a242012867dc8b837e29b1a8324e93d22fc3f743ff363b5f117270d386b5a71,0,0,0.0,False,0,0
1558,0.38925000000000026,82944,6a242012867dc8b837e29b1a8324e93d22fc3f743ff363b5f117270d386b5a71,0,0,0.0,False,0,0
1559,0.3895000000000003,82944,6a242012867dc8b837e29b1a8324e93d22fc3f743ff363b5f117270d386b5a71,0,0,0.0,False,0,0
1560,0.38975000000000026,82944,6a242012867dc8b837e29b1a8324e93d22fc3f743ff363b5f117270d386b5a71,0,0,0.0,False,0,0
1561,0.3900000000000003,82944,6a242012867dc8b837e29b1a8324e93d22fc3f743ff363b5f117270d386b5a71,0,0,0.0,False,0,0
1562,0.39025000000000026,82944,6a242012867dc8b837e29b1a8324e93d22fc3f743ff363b5f117270d386b5a71,0,0,0.0,False,0,0
1563,0.3905000000000003,82944,6a242012867dc8b837e29b1a8324e93d22fc3f743ff363b5f117270d386b5a71,0,0,0.0,False,0,0
1564,0.39075000000000026,82944,6a242012867dc8b837e29b1a8324e93d22fc3f743ff363b5f117270d386b5a71,0,0,0.0,False,0,0
1565,0.3910000000000003,82944,6a242012867dc8b837e29b1a8324e93d22fc3f743ff363b5f117270d386b5a71,0,0,0.0,False,0,0
1566,0.39125000000000026,82944,6a242012867dc8b837e29b1a8324e93d22fc3f743ff363b5f117270d386b5a71,0,0,0.0,False,0,0
1567,0.3915000000000003,82944,6a242012867dc8b837e29b1a8324e93d22fc3f743ff363b5f117270d386b5a71,0,0,0.0,False,0,0
1568,0.39175000000000026,82944,6a242012867dc8b837e29b1a8324e93d22fc3f743ff363b5f117270d386b5a71,0,0,0.0,False,0,0
1569,0.3920000000000003,82944,6a242012867dc8b837e29b1a8324e93d22fc3f743ff363b5f117270d386b5a71,0,0,0.0,False,0,0
1570,0.39225000000000027,82944,6a242012867dc8b837e29b1a8324e93d22fc3f743ff363b5f117270d386b5a71,0,0,0.0,False,0,0
1571,0.3925000000000003,82944,6a242012867dc8b837e29b1a8324e93d22fc3f743ff363b5f117270d386b5a71,0,0,0.0,False,0,0
1572,0.39275000000000027,82944,6a242012867dc8b837e29b1a8324e93d22fc3f743ff363b5f117270d386b5a71,0,0,0.0,False,0,0
1573,0.3930000000000003,82944,6a242012867dc8b837e29b1a8324e93d22fc3f743ff363b5f117270d386b5a71,0,0,0.0,False,0,0
1574,0.39325000000000027,82944,6a242012867dc8b837e29b1a8324e93d22fc3f743ff363b5f117270d386b5a71,0,0,0.0,False,0,0
1575,0.3935000000000003,82944,6a242012867dc8b837e29b1a8324e93d22fc3f743ff363b5f117270d386b5a71,0,0,0.0,False,0,0
1576,0.39375000000000027,82944,6a242012867dc8b837e29b1a8324e93d22fc3f743ff363b5f117270d386b5a71,0,0,0.0,False,0,0
1577,0.3940000000000003,82944,6a242012867dc8b837e29b1a8324e93d22fc3f743ff363b5f117270d386b5a71,0,0,0.0,False,0,0
1578,0.39425000000000027,82944,6a242012867dc8b837e29b1a8324e93d22fc3f743ff363b5f117270d386b5a71,0,0,0.0,False,0,0
1579,0.3945000000000003,82944,6a242012867dc8b837e29b1a8324e93d22fc3f743ff363b5f117270d386b5a71,0,0,0.0,False,0,0
1580,0.39475000000000027,82944,6a242012867dc8b837e29b1a8324e93d22fc3f743ff363b5f117270d386b5a71,0,0,0.0,False,0,0
1581,0.3950000000000003,82944,6a242012867dc8b837e29b1a8324e93d22fc3f743ff363b5f117270d386b5a71,0,0,0.0,False,0,0
1582,0.39525000000000027,82944,6a242012867dc8b837e29b1a8324e93d22fc3f743ff363b5f117270d386b5a71,0,0,0.0,False,0,0
1583,0.3955000000000003,82944,6a242012867dc8b837e29b1a8324e93d22fc3f743ff363b5f117270d386b5a71,0,0,0.0,False,0,0
1584,0.39575000000000027,82944,6a242012867dc8b837e29b1a8324e93d22fc3f743ff363b5f117270d386b5a71,0,0,0.0,False,0,0
1585,0.3960000000000003,82944,6a242012867dc8b837e29b1a8324e93d22fc3f743ff363b5f117270d386b5a71,0,0,0.0,False,0,0
1586,0.39625000000000027,82944,6a242012867dc8b837e29b1a8324e93d22fc3f743ff363b5f117270d386b5a71,0,0,0.0,False,0,0
1587,0.3965000000000003,82944,6a242012867dc8b837e29b1a8324e93d22fc3f743ff363b5f117270d386b5a71,0,0,0.0,False,0,0
1588,0.39675000000000027,82944,6a242012867dc8b837e29b1a8324e93d22fc3f743ff363b5f117270d386b5a71,0,0,0.0,False,0,0
1589,0.3970000000000003,82944,6a242012867dc8b837e29b1a8324e93d22fc3f743ff363b5f117270d386b5a71,0,0,0.0,False,0,0
1590,0.39725000000000027,82944,6a242012867dc8b837e29b1a8324e93d22fc3f743ff363b5f117270d386b5a71,0,0,0.0,False,0,0
1591,0.3975000000000003,82944,6a242012867dc8b837e29b1a8324e93d22fc3f743ff363b5f117270d386b5a71,0,0,0.0,False,0,0
1592,0.39775000000000027,82944,6a242012867dc8b837e29b1a8324e93d22fc3f743ff363b5f117270d386b5a71,0,0,0.0,False,0,0
1593,0.3980000000000003,82944,6a242012867dc8b837e29b1a8324e93d22fc3f743ff363b5f117270d386b5a71,0,0,0.0,False,0,0
1594,0.39825000000000027,82944,6a242012867dc8b837e29b1a8324e93d22fc3f743ff363b5f117270d386b5a71,0,0,0.0,False,0,0
1595,0.3985000000000003,82944,6a242012867dc8b837e29b1a8324e93d22fc3f743ff363b5f117270d386b5a71,0,0,0.0,False,0,0
1596,0.39875000000000027,82944,6a242012867dc8b837e29b1a8324e93d22fc3f743ff363b5f117270d386b5a71,0,0,0.0,False,0,0
1597,0.3990000000000003,82944,6a242012867dc8b837e29b1a8324e93d22fc3f743ff363b5f117270d386b5a71,0,0,0.0,False,0,0
1598,0.39925000000000027,82944,6a242012867dc8b837e29b1a8324e93d22fc3f743ff363b5f117270d386b5a71,0,0,0.0,False,0,0
1599,0.3995000000000003,82944,6a242012867dc8b837e29b1a8324e93d22fc3f743ff363b5f117270d386b5a71,0,0,0.0,False,0,0
1600,0.39975000000000027,82944,6a242012867dc8b837e29b1a8324e93d22fc3f743ff363b5f117270d386b5a71,0,0,0.0,False,0,0
1601,0.4000000000000003,82944,6a242012867dc8b837e29b1a8324e93d22fc3f743ff363b5f117270d386b5a71,0,0,0.0,False,0,0
1602,0.40025000000000027,82944,6a242012867dc8b837e29b1a8324e93d22fc3f743ff363b5f117270d386b5a71,0,0,0.0,False,0,0
1603,0.4005000000000003,82944,6a242012867dc8b837e29b1a8324e93d22fc3f743ff363b5f117270d386b5a71,0,0,0.0,False,0,0
1604,0.4007500000000003,82944,6a242012867dc8b837e29b1a8324e93d22fc3f743ff363b5f117270d386b5a71,0,0,0.0,False,0,0
1605,0.4010000000000003,82944,6a242012867dc8b837e29b1a8324e93d22fc3f743ff363b5f117270d386b5a71,0,0,0.0,False,0,0
1606,0.4012500000000003,82944,6a242012867dc8b837e29b1a8324e93d22fc3f743ff363b5f117270d386b5a71,0,0,0.0,False,0,0
1607,0.4015000000000003,82944,6a242012867dc8b837e29b1a8324e93d22fc3f743ff363b5f117270d386b5a71,0,0,0.0,False,0,0
1608,0.4017500000000003,82944,6a242012867dc8b837e29b1a8324e93d22fc3f743ff363b5f117270d386b5a71,0,0,0.0,False,0,0
1609,0.4020000000000003,82944,6a242012867dc8b837e29b1a8324e93d22fc3f743ff363b5f117270d386b5a71,0,0,0.0,False,0,0
1610,0.4022500000000003,82944,6a242012867dc8b837e29b1a8324e93d22fc3f743ff363b5f117270d386b5a71,0,0,0.0,False,0,0
1611,0.4025000000000003,82944,6a242012867dc8b837e29b1a8324e93d22fc3f743ff363b5f117270d386b5a71,0,0,0.0,False,0,0
1612,0.4027500000000003,82944,6a242012867dc8b837e29b1a8324e93d22fc3f743ff363b5f117270d386b5a71,0,0,0.0,False,0,0
1613,0.4030000000000003,82944,6a242012867dc8b837e29b1a8324e93d22fc3f743ff363b5f117270d386b5a71,0,0,0.0,False,0,0
1614,0.4032500000000003,82944,6a242012867dc8b837e29b1a8324e93d22fc3f743ff363b5f117270d386b5a71,0,0,0.0,False,0,0
1615,0.4035000000000003,82944,6a242012867dc8b837e29b1a8324e93d22fc3f743ff363b5f117270d386b5a71,0,0,0.0,False,0,0
1616,0.4037500000000003,82944,6a242012867dc8b837e29b1a8324e93d22fc3f743ff363b5f117270d386b5a71,0,0,0.0,False,0,0
1617,0.4040000000000003,82944,6a242012867dc8b837e29b1a8324e93d22fc3f743ff363b5f117270d386b5a71,0,0,0.0,False,0,0
1618,0.4042500000000003,82944,6a242012867dc8b837e29b1a8324e93d22fc3f743ff363b5f117270d386b5a71,0,0,0.0,False,0,0
1619,0.4045000000000003,82944,6a242012867dc8b837e29b1a8324e93d22fc3f743ff363b5f117270d386b5a71,0,0,0.0,False,0,0
1620,0.4047500000000003,82944,6a242012867dc8b837e29b1a8324e93d22fc3f743ff363b5f117270d386b5a71,0,0,0.0,False,0,0
1621,0.4050000000000003,82944,6a242012867dc8b837e29b1a8324e93d22fc3f743ff363b5f117270d386b5a71,0,0,0.0,False,0,0
1622,0.4052500000000003,82944,6a242012867dc8b837e29b1a8324e93d22fc3f743ff363b5f117270d386b5a71,0,0,0.0,False,0,0
1623,0.4055000000000003,82944,6a242012867dc8b837e29b1a8324e93d22fc3f743ff363b5f117270d386b5a71,0,0,0.0,False,0,0
1624,0.4057500000000003,82944,6a242012867dc8b837e29b1a8324e93d22fc3f743ff363b5f117270d386b5a71,0,0,0.0,False,0,0
1625,0.4060000000000003,82944,6a242012867dc8b837e29b1a8324e93d22fc3f743ff363b5f117270d386b5a71,0,0,0.0,False,0,0
1626,0.4062500000000003,82944,6a242012867dc8b837e29b1a8324e93d22fc3f743ff363b5f117270d386b5a71,0,0,0.0,False,0,0
1627,0.4065000000000003,82944,6a242012867dc8b837e29b1a8324e93d22fc3f743ff363b5f117270d386b5a71,0,0,0.0,False,0,0
1628,0.4067500000000003,82944,6a242012867dc8b837e29b1a8324e93d22fc3f743ff363b5f117270d386b5a71,0,0,0.0,False,0,0
1629,0.4070000000000003,82944,6a242012867dc8b837e29b1a8324e93d22fc3f743ff363b5f117270d386b5a71,0,0,0.0,False,0,0
1630,0.4072500000000003,82944,6a242012867dc8b837e29b1a8324e93d22fc3f743ff363b5f117270d386b5a71,0,0,0.0,False,0,0
1631,0.4075000000000003,82944,6a242012867dc8b837e29b1a8324e93d22fc3f743ff363b5f117270d386b5a71,0,0,0.0,False,0,0
1632,0.4077500000000003,82944,6a242012867dc8b837e29b1a8324e93d22fc3f743ff363b5f117270d386b5a71,0,0,0.0,False,0,0
1633,0.4080000000000003,82944,6a242012867dc8b837e29b1a8324e93d22fc3f743ff363b5f117270d386b5a71,0,0,0.0,False,0,0
1634,0.4082500000000003,82944,6a242012867dc8b837e29b1a8324e93d22fc3f743ff363b5f117270d386b5a71,0,0,0.0,False,0,0
1635,0.4085000000000003,82944,6a242012867dc8b837e29b1a8324e93d22fc3f743ff363b5f117270d386b5a71,0,0,0.0,False,0,0
1636,0.4087500000000003,82944,6a242012867dc8b837e29b1a8324e93d22fc3f743ff363b5f117270d386b5a71,0,0,0.0,False,0,0
1637,0.4090000000000003,82944,6a242012867dc8b837e29b1a8324e93d22fc3f743ff363b5f117270d386b5a71,0,0,0.0,False,0,0
1638,0.4092500000000003,82944,6a242012867dc8b837e29b1a8324e93d22fc3f743ff363b5f117270d386b5a71,0,0,0.0,False,0,0
1639,0.4095000000000003,82944,6a242012867dc8b837e29b1a8324e93d22fc3f743ff363b5f117270d386b5a71,0,0,0.0,False,0,0
1640,0.4097500000000003,82944,6a242012867dc8b837e29b1a8324e93d22fc3f743ff363b5f117270d386b5a71,0,0,0.0,False,0,0
1641,0.4100000000000003,82944,6a242012867dc8b837e29b1a8324e93d22fc3f743ff363b5f117270d386b5a71,0,0,0.0,False,0,0
1642,0.4102500000000003,82944,6a242012867dc8b837e29b1a8324e93d22fc3f743ff363b5f117270d386b5a71,0,0,0.0,False,0,0
1643,0.4105000000000003,82944,6a242012867dc8b837e29b1a8324e93d22fc3f743ff363b5f117270d386b5a71,0,0,0.0,False,0,0
1644,0.4107500000000003,82944,6a242012867dc8b837e29b1a8324e93d22fc3f743ff363b5f117270d386b5a71,0,0,0.0,False,0,0
1645,0.4110000000000003,82944,6a242012867dc8b837e29b1a8324e93d22fc3f743ff363b5f117270d386b5a71,0,0,0.0,False,0,0
1646,0.4112500000000003,82944,6a242012867dc8b837e29b1a8324e93d22fc3f743ff363b5f117270d386b5a71,0,0,0.0,False,0,0
1647,0.4115000000000003,82944,6a242012867dc8b837e29b1a8324e93d22fc3f743ff363b5f117270d386b5a71,0,0,0.0,False,0,0
1648,0.4117500000000003,82944,6a242012867dc8b837e29b1a8324e93d22fc3f743ff363b5f117270d386b5a71,0,0,0.0,False,0,0
1649,0.4120000000000003,82944,6a242012867dc8b837e29b1a8324e93d22fc3f743ff363b5f117270d386b5a71,0,0,0.0,False,0,0
1650,0.4122500000000003,82944,6a242012867dc8b837e29b1a8324e93d22fc3f743ff363b5f117270d386b5a71,0,0,0.0,False,0,0
1651,0.4125000000000003,82944,6a242012867dc8b837e29b1a8324e93d22fc3f743ff363b5f117270d386b5a71,0,0,0.0,False,0,0
1652,0.4127500000000003,82944,6a242012867dc8b837e29b1a8324e93d22fc3f743ff363b5f117270d386b5a71,0,0,0.0,False,0,0
1653,0.4130000000000003,82944,6a242012867dc8b837e29b1a8324e93d22fc3f743ff363b5f117270d386b5a71,0,0,0.0,False,0,0
1654,0.4132500000000003,82944,6a242012867dc8b837e29b1a8324e93d22fc3f743ff363b5f117270d386b5a71,0,0,0.0,False,0,0
1655,0.4135000000000003,82944,6a242012867dc8b837e29b1a8324e93d22fc3f743ff363b5f117270d386b5a71,0,0,0.0,False,0,0
1656,0.4137500000000003,82944,6a242012867dc8b837e29b1a8324e93d22fc3f743ff363b5f117270d386b5a71,0,0,0.0,False,0,0
1657,0.4140000000000003,82944,6a242012867dc8b837e29b1a8324e93d22fc3f743ff363b5f117270d386b5a71,0,0,0.0,False,0,0
1658,0.4142500000000003,82944,6a242012867dc8b837e29b1a8324e93d22fc3f743ff363b5f117270d386b5a71,0,0,0.0,False,0,0
1659,0.4145000000000003,82944,6a242012867dc8b837e29b1a8324e93d22fc3f743ff363b5f117270d386b5a71,0,0,0.0,False,0,0
1660,0.4147500000000003,82944,6a242012867dc8b837e29b1a8324e93d22fc3f743ff363b5f117270d386b5a71,0,0,0.0,False,0,0
1661,0.4150000000000003,82944,6a242012867dc8b837e29b1a8324e93d22fc3f743ff363b5f117270d386b5a71,0,0,0.0,False,0,0
1662,0.4152500000000003,82944,6a242012867dc8b837e29b1a8324e93d22fc3f743ff363b5f117270d386b5a71,0,0,0.0,False,0,0
1663,0.4155000000000003,82944,6a242012867dc8b837e29b1a8324e93d22fc3f743ff363b5f117270d386b5a71,0,0,0.0,False,0,0
1664,0.4157500000000003,82944,6a242012867dc8b837e29b1a8324e93d22fc3f743ff363b5f117270d386b5a71,0,0,0.0,False,0,0
1665,0.4160000000000003,82944,6a242012867dc8b837e29b1a8324e93d22fc3f743ff363b5f117270d386b5a71,0,0,0.0,False,0,0
1666,0.4162500000000003,82944,6a242012867dc8b837e29b1a8324e93d22fc3f743ff363b5f117270d386b5a71,0,0,0.0,False,0,0
1667,0.4165000000000003,82944,6a242012867dc8b837e29b1a8324e93d22fc3f743ff363b5f117270d386b5a71,0,0,0.0,False,0,0
1668,0.4167500000000003,82944,6a242012867dc8b837e29b1a8324e93d22fc3f743ff363b5f117270d386b5a71,0,0,0.0,False,0,0
1669,0.4170000000000003,82944,6a242012867dc8b837e29b1a8324e93d22fc3f743ff363b5f117270d386b5a71,0,0,0.0,False,0,0
1670,0.4172500000000003,82944,6a242012867dc8b837e29b1a8324e93d22fc3f743ff363b5f117270d386b5a71,0,0,0.0,False,0,0
1671,0.4175000000000003,82944,6a242012867dc8b837e29b1a8324e93d22fc3f743ff363b5f117270d386b5a71,0,0,0.0,False,0,0
1672,0.4177500000000003,82944,6a242012867dc8b837e29b1a8324e93d22fc3f743ff363b5f117270d386b5a71,0,0,0.0,False,0,0
1673,0.4180000000000003,82944,6a242012867dc8b837e29b1a8324e93d22fc3f743ff363b5f117270d386b5a71,0,0,0.0,False,0,0
1674,0.4182500000000003,82944,6a242012867dc8b837e29b1a8324e93d22fc3f743ff363b5f117270d386b5a71,0,0,0.0,False,0,0
1675,0.4185000000000003,82944,6a242012867dc8b837e29b1a8324e93d22fc3f743ff363b5f117270d386b5a71,0,0,0.0,False,0,0
1676,0.4187500000000003,82944,6a242012867dc8b837e29b1a8324e93d22fc3f743ff363b5f117270d386b5a71,0,0,0.0,False,0,0
1677,0.4190000000000003,82944,6a242012867dc8b837e29b1a8324e93d22fc3f743ff363b5f117270d386b5a71,0,0,0.0,False,0,0
1678,0.4192500000000003,82944,6a242012867dc8b837e29b1a8324e93d22fc3f743ff363b5f117270d386b5a71,0,0,0.0,False,0,0
1679,0.4195000000000003,82944,6a242012867dc8b837e29b1a8324e93d22fc3f743ff363b5f117270d386b5a71,0,0,0.0,False,0,0
1680,0.4197500000000003,82944,6a242012867dc8b837e29b1a8324e93d22fc3f743ff363b5f117270d386b5a71,0,0,0.0,False,0,0
1681,0.4200000000000003,82944,6a242012867dc8b837e29b1a8324e93d22fc3f743ff363b5f117270d386b5a71,0,0,0.0,False,0,0
1682,0.4202500000000003,82944,6a242012867dc8b837e29b1a8324e93d22fc3f743ff363b5f117270d386b5a71,0,0,0.0,False,0,0
1683,0.4205000000000003,82944,6a242012867dc8b837e29b1a8324e93d22fc3f743ff363b5f117270d386b5a71,0,0,0.0,False,0,0
1684,0.4207500000000003,82944,6a242012867dc8b837e29b1a8324e93d22fc3f743ff363b5f117270d386b5a71,0,0,0.0,False,0,0
1685,0.4210000000000003,82944,6a242012867dc8b837e29b1a8324e93d22fc3f743ff363b5f117270d386b5a71,0,0,0.0,False,0,0
1686,0.4212500000000003,82944,6a242012867dc8b837e29b1a8324e93d22fc3f743ff363b5f117270d386b5a71,0,0,0.0,False,0,0
1687,0.4215000000000003,82944,6a242012867dc8b837e29b1a8324e93d22fc3f743ff363b5f117270d386b5a71,0,0,0.0,False,0,0
1688,0.4217500000000003,82944,6a242012867dc8b837e29b1a8324e93d22fc3f743ff363b5f117270d386b5a71,0,0,0.0,False,0,0
1689,0.4220000000000003,82944,6a242012867dc8b837e29b1a8324e93d22fc3f743ff363b5f117270d386b5a71,0,0,0.0,False,0,0
1690,0.4222500000000003,82944,6a242012867dc8b837e29b1a8324e93d22fc3f743ff363b5f117270d386b5a71,0,0,0.0,False,0,0
1691,0.4225000000000003,82944,6a242012867dc8b837e29b1a8324e93d22fc3f743ff363b5f117270d386b5a71,0,0,0.0,False,0,0
1692,0.4227500000000003,82944,6a242012867dc8b837e29b1a8324e93d22fc3f743ff363b5f117270d386b5a71,0,0,0.0,False,0,0
1693,0.4230000000000003,82944,6a242012867dc8b837e29b1a8324e93d22fc3f743ff363b5f117270d386b5a71,0,0,0.0,False,0,0
1694,0.4232500000000003,82944,6a242012867dc8b837e29b1a8324e93d22fc3f743ff363b5f117270d386b5a71,0,0,0.0,False,0,0
1695,0.4235000000000003,82944,6a242012867dc8b837e29b1a8324e93d22fc3f743ff363b5f117270d386b5a71,0,0,0.0,False,0,0
1696,0.4237500000000003,82944,6a242012867dc8b837e29b1a8324e93d22fc3f743ff363b5f117270d386b5a71,0,0,0.0,False,0,0
1697,0.4240000000000003,82944,6a242012867dc8b837e29b1a8324e93d22fc3f743ff363b5f117270d386b5a71,0,0,0.0,False,0,0
1698,0.4242500000000003,82944,6a242012867dc8b837e29b1a8324e93d22fc3f743ff363b5f117270d386b5a71,0,0,0.0,False,0,0
1699,0.4245000000000003,82944,6a242012867dc8b837e29b1a8324e93d22fc3f743ff363b5f117270d386b5a71,0,0,0.0,False,0,0
1700,0.4247500000000003,82944,6a242012867dc8b837e29b1a8324e93d22fc3f743ff363b5f117270d386b5a71,0,0,0.0,False,0,0
1701,0.4250000000000003,82944,6a242012867dc8b837e29b1a8324e93d22fc3f743ff363b5f117270d386b5a71,0,0,0.0,False,0,0
1702,0.4252500000000003,82944,6a242012867dc8b837e29b1a8324e93d22fc3f743ff363b5f117270d386b5a71,0,0,0.0,False,0,0
1703,0.4255000000000003,82944,6a242012867dc8b837e29b1a8324e93d22fc3f743ff363b5f117270d386b5a71,0,0,0.0,False,0,0
1704,0.4257500000000003,82944,6a242012867dc8b837e29b1a8324e93d22fc3f743ff363b5f117270d386b5a71,0,0,0.0,False,0,0
1705,0.4260000000000003,82944,6a242012867dc8b837e29b1a8324e93d22fc3f743ff363b5f117270d386b5a71,0,0,0.0,False,0,0
1706,0.4262500000000003,82944,6a242012867dc8b837e29b1a8324e93d22fc3f743ff363b5f117270d386b5a71,0,0,0.0,False,0,0
1707,0.4265000000000003,82944,6a242012867dc8b837e29b1a8324e93d22fc3f743ff363b5f117270d386b5a71,0,0,0.0,False,0,0
1708,0.4267500000000003,82944,6a242012867dc8b837e29b1a8324e93d22fc3f743ff363b5f117270d386b5a71,0,0,0.0,False,0,0
1709,0.4270000000000003,82944,6a242012867dc8b837e29b1a8324e93d22fc3f743ff363b5f117270d386b5a71,0,0,0.0,False,0,0
1710,0.4272500000000003,82944,6a242012867dc8b837e29b1a8324e93d22fc3f743ff363b5f117270d386b5a71,0,0,0.0,False,0,0
1711,0.4275000000000003,82944,6a242012867dc8b837e29b1a8324e93d22fc3f743ff363b5f117270d386b5a71,0,0,0.0,False,0,0
1712,0.4277500000000003,82944,6a242012867dc8b837e29b1a8324e93d22fc3f743ff363b5f117270d386b5a71,0,0,0.0,False,0,0
1713,0.4280000000000003,82944,6a242012867dc8b837e29b1a8324e93d22fc3f743ff363b5f117270d386b5a71,0,0,0.0,False,0,0
1714,0.4282500000000003,82944,6a242012867dc8b837e29b1a8324e93d22fc3f743ff363b5f117270d386b5a71,0,0,0.0,False,0,0
1715,0.4285000000000003,82944,6a242012867dc8b837e29b1a8324e93d22fc3f743ff363b5f117270d386b5a71,0,0,0.0,False,0,0
1716,0.4287500000000003,82944,6a242012867dc8b837e29b1a8324e93d22fc3f743ff363b5f117270d386b5a71,0,0,0.0,False,0,0
1717,0.4290000000000003,82944,6a242012867dc8b837e29b1a8324e93d22fc3f743ff363b5f117270d386b5a71,0,0,0.0,False,0,0
1718,0.4292500000000003,82944,6a242012867dc8b837e29b1a8324e93d22fc3f743ff363b5f117270d386b5a71,0,0,0.0,False,0,0
1719,0.4295000000000003,82944,6a242012867dc8b837e29b1a8324e93d22fc3f743ff363b5f117270d386b5a71,0,0,0.0,False,0,0
1720,0.4297500000000003,82944,6a242012867dc8b837e29b1a8324e93d22fc3f743ff363b5f117270d386b5a71,0,0,0.0,False,0,0
1721,0.4300000000000003,82944,6a242012867dc8b837e29b1a8324e93d22fc3f743ff363b5f117270d386b5a71,0,0,0.0,False,0,0
1722,0.4302500000000003,82944,6a242012867dc8b837e29b1a8324e93d22fc3f743ff363b5f117270d386b5a71,0,0,0.0,False,0,0
1723,0.4305000000000003,82944,6a242012867dc8b837e29b1a8324e93d22fc3f743ff363b5f117270d386b5a71,0,0,0.0,False,0,0
1724,0.4307500000000003,82944,6a242012867dc8b837e29b1a8324e93d22fc3f743ff363b5f117270d386b5a71,0,0,0.0,False,0,0
1725,0.4310000000000003,82944,6a242012867dc8b837e29b1a8324e93d22fc3f743ff363b5f117270d386b5a71,0,0,0.0,False,0,0
1726,0.4312500000000003,82944,6a242012867dc8b837e29b1a8324e93d22fc3f743ff363b5f117270d386b5a71,0,0,0.0,False,0,0
1727,0.4315000000000003,82944,6a242012867dc8b837e29b1a8324e93d22fc3f743ff363b5f117270d386b5a71,0,0,0.0,False,0,0
1728,0.4317500000000003,82944,6a242012867dc8b837e29b1a8324e93d22fc3f743ff363b5f117270d386b5a71,0,0,0.0,False,0,0
1729,0.43200000000000033,82944,6a242012867dc8b837e29b1a8324e93d22fc3f743ff363b5f117270d386b5a71,0,0,0.0,False,0,0
1730,0.4322500000000003,82944,6a242012867dc8b837e29b1a8324e93d22fc3f743ff363b5f117270d386b5a71,0,0,0.0,False,0,0
1731,0.43250000000000033,82944,6a242012867dc8b837e29b1a8324e93d22fc3f743ff363b5f117270d386b5a71,0,0,0.0,False,0,0
1732,0.4327500000000003,82944,6a242012867dc8b837e29b1a8324e93d22fc3f743ff363b5f117270d386b5a71,0,0,0.0,False,0,0
1733,0.43300000000000033,82944,6a242012867dc8b837e29b1a8324e93d22fc3f743ff363b5f117270d386b5a71,0,0,0.0,False,0,0
1734,0.4332500000000003,82944,6a242012867dc8b837e29b1a8324e93d22fc3f743ff363b5f117270d386b5a71,0,0,0.0,False,0,0
1735,0.43350000000000033,82944,6a242012867dc8b837e29b1a8324e93d22fc3f743ff363b5f117270d386b5a71,0,0,0.0,False,0,0
1736,0.4337500000000003,82944,6a242012867dc8b837e29b1a8324e93d22fc3f743ff363b5f117270d386b5a71,0,0,0.0,False,0,0
1737,0.43400000000000033,82944,6a242012867dc8b837e29b1a8324e93d22fc3f743ff363b5f117270d386b5a71,0,0,0.0,False,0,0
1738,0.4342500000000003,82944,6a242012867dc8b837e29b1a8324e93d22fc3f743ff363b5f117270d386b5a71,0,0,0.0,False,0,0
1739,0.43450000000000033,82944,6a242012867dc8b837e29b1a8324e93d22fc3f743ff363b5f117270d386b5a71,0,0,0.0,False,0,0
1740,0.4347500000000003,82944,6a242012867dc8b837e29b1a8324e93d22fc3f743ff363b5f117270d386b5a71,0,0,0.0,False,0,0
1741,0.43500000000000033,82944,6a242012867dc8b837e29b1a8324e93d22fc3f743ff363b5f117270d386b5a71,0,0,0.0,False,0,0
1742,0.4352500000000003,82944,6a242012867dc8b837e29b1a8324e93d22fc3f743ff363b5f117270d386b5a71,0,0,0.0,False,0,0
1743,0.43550000000000033,82944,6a242012867dc8b837e29b1a8324e93d22fc3f743ff363b5f117270d386b5a71,0,0,0.0,False,0,0
1744,0.4357500000000003,82944,6a242012867dc8b837e29b1a8324e93d22fc3f743ff363b5f117270d386b5a71,0,0,0.0,False,0,0
1745,0.43600000000000033,82944,6a242012867dc8b837e29b1a8324e93d22fc3f743ff363b5f117270d386b5a71,0,0,0.0,False,0,0
1746,0.4362500000000003,82944,6a242012867dc8b837e29b1a8324e93d22fc3f743ff363b5f117270d386b5a71,0,0,0.0,False,0,0
1747,0.43650000000000033,82944,6a242012867dc8b837e29b1a8324e93d22fc3f743ff363b5f117270d386b5a71,0,0,0.0,False,0,0
1748,0.4367500000000003,82944,6a242012867dc8b837e29b1a8324e93d22fc3f743ff363b5f117270d386b5a71,0,0,0.0,False,0,0
1749,0.43700000000000033,82944,6a242012867dc8b837e29b1a8324e93d22fc3f743ff363b5f117270d386b5a71,0,0,0.0,False,0,0
1750,0.4372500000000003,82944,6a242012867dc8b837e29b1a8324e93d22fc3f743ff363b5f117270d386b5a71,0,0,0.0,False,0,0
1751,0.43750000000000033,82944,6a242012867dc8b837e29b1a8324e93d22fc3f743ff363b5f117270d386b5a71,0,0,0.0,False,0,0
1752,0.4377500000000003,82944,6a242012867dc8b837e29b1a8324e93d22fc3f743ff363b5f117270d386b5a71,0,0,0.0,False,0,0
1753,0.43800000000000033,82944,6a242012867dc8b837e29b1a8324e93d22fc3f743ff363b5f117270d386b5a71,0,0,0.0,False,0,0
1754,0.4382500000000003,82944,6a242012867dc8b837e29b1a8324e93d22fc3f743ff363b5f117270d386b5a71,0,0,0.0,False,0,0
1755,0.43850000000000033,82944,6a242012867dc8b837e29b1a8324e93d22fc3f743ff363b5f117270d386b5a71,0,0,0.0,False,0,0
1756,0.4387500000000003,82944,6a242012867dc8b837e29b1a8324e93d22fc3f743ff363b5f117270d386b5a71,0,0,0.0,False,0,0
1757,0.43900000000000033,82944,6a242012867dc8b837e29b1a8324e93d22fc3f743ff363b5f117270d386b5a71,0,0,0.0,False,0,0
1758,0.4392500000000003,82944,6a242012867dc8b837e29b1a8324e93d22fc3f743ff363b5f117270d386b5a71,0,0,0.0,False,0,0
1759,0.43950000000000033,82944,6a242012867dc8b837e29b1a8324e93d22fc3f743ff363b5f117270d386b5a71,0,0,0.0,False,0,0
1760,0.4397500000000003,82944,6a242012867dc8b837e29b1a8324e93d22fc3f743ff363b5f117270d386b5a71,0,0,0.0,False,0,0
1761,0.44000000000000034,82944,6a242012867dc8b837e29b1a8324e93d22fc3f743ff363b5f117270d386b5a71,0,0,0.0,False,0,0
1762,0.4402500000000003,82944,6a242012867dc8b837e29b1a8324e93d22fc3f743ff363b5f117270d386b5a71,0,0,0.0,False,0,0
1763,0.44050000000000034,82944,6a242012867dc8b837e29b1a8324e93d22fc3f743ff363b5f117270d386b5a71,0,0,0.0,False,0,0
1764,0.4407500000000003,82944,6a242012867dc8b837e29b1a8324e93d22fc3f743ff363b5f117270d386b5a71,0,0,0.0,False,0,0
1765,0.44100000000000034,82944,6a242012867dc8b837e29b1a8324e93d22fc3f743ff363b5f117270d386b5a71,0,0,0.0,False,0,0
1766,0.4412500000000003,82944,6a242012867dc8b837e29b1a8324e93d22fc3f743ff363b5f117270d386b5a71,0,0,0.0,False,0,0
1767,0.44150000000000034,82944,6a242012867dc8b837e29b1a8324e93d22fc3f743ff363b5f117270d386b5a71,0,0,0.0,False,0,0
1768,0.4417500000000003,82944,6a242012867dc8b837e29b1a8324e93d22fc3f743ff363b5f117270d386b5a71,0,0,0.0,False,0,0
1769,0.44200000000000034,82944,6a242012867dc8b837e29b1a8324e93d22fc3f743ff363b5f117270d386b5a71,0,0,0.0,False,0,0
1770,0.4422500000000003,82944,6a242012867dc8b837e29b1a8324e93d22fc3f743ff363b5f117270d386b5a71,0,0,0.0,False,0,0
1771,0.44250000000000034,82944,6a242012867dc8b837e29b1a8324e93d22fc3f743ff363b5f117270d386b5a71,0,0,0.0,False,0,0
1772,0.4427500000000003,82944,6a242012867dc8b837e29b1a8324e93d22fc3f743ff363b5f117270d386b5a71,0,0,0.0,False,0,0
1773,0.44300000000000034,82944,6a242012867dc8b837e29b1a8324e93d22fc3f743ff363b5f117270d386b5a71,0,0,0.0,False,0,0
1774,0.4432500000000003,82944,6a242012867dc8b837e29b1a8324e93d22fc3f743ff363b5f117270d386b5a71,0,0,0.0,False,0,0
1775,0.44350000000000034,82944,6a242012867dc8b837e29b1a8324e93d22fc3f743ff363b5f117270d386b5a71,0,0,0.0,False,0,0
1776,0.4437500000000003,82944,6a242012867dc8b837e29b1a8324e93d22fc3f743ff363b5f117270d386b5a71,0,0,0.0,False,0,0
1777,0.44400000000000034,82944,6a242012867dc8b837e29b1a8324e93d22fc3f743ff363b5f117270d386b5a71,0,0,0.0,False,0,0
1778,0.4442500000000003,82944,6a242012867dc8b837e29b1a8324e93d22fc3f743ff363b5f117270d386b5a71,0,0,0.0,False,0,0
1779,0.44450000000000034,82944,6a242012867dc8b837e29b1a8324e93d22fc3f743ff363b5f117270d386b5a71,0,0,0.0,False,0,0
1780,0.4447500000000003,82944,6a242012867dc8b837e29b1a8324e93d22fc3f743ff363b5f117270d386b5a71,0,0,0.0,False,0,0
1781,0.44500000000000034,82944,6a242012867dc8b837e29b1a8324e93d22fc3f743ff363b5f117270d386b5a71,0,0,0.0,False,0,0
1782,0.4452500000000003,82944,6a242012867dc8b837e29b1a8324e93d22fc3f743ff363b5f117270d386b5a71,0,0,0.0,False,0,0
1783,0.44550000000000034,82944,6a242012867dc8b837e29b1a8324e93d22fc3f743ff363b5f117270d386b5a71,0,0,0.0,False,0,0
1784,0.4457500000000003,82944,6a242012867dc8b837e29b1a8324e93d22fc3f743ff363b5f117270d386b5a71,0,0,0.0,False,0,0
1785,0.44600000000000034,82944,6a242012867dc8b837e29b1a8324e93d22fc3f743ff363b5f117270d386b5a71,0,0,0.0,False,0,0
1786,0.4462500000000003,82944,6a242012867dc8b837e29b1a8324e93d22fc3f743ff363b5f117270d386b5a71,0,0,0.0,False,0,0
1787,0.44650000000000034,82944,6a242012867dc8b837e29b1a8324e93d22fc3f743ff363b5f117270d386b5a71,0,0,0.0,False,0,0
1788,0.4467500000000003,82944,6a242012867dc8b837e29b1a8324e93d22fc3f743ff363b5f117270d386b5a71,0,0,0.0,False,0,0
1789,0.44700000000000034,82944,6a242012867dc8b837e29b1a8324e93d22fc3f743ff363b5f117270d386b5a71,0,0,0.0,False,0,0
1790,0.4472500000000003,82944,6a242012867dc8b837e29b1a8324e93d22fc3f743ff363b5f117270d386b5a71,0,0,0.0,False,0,0
1791,0.44750000000000034,82944,6a242012867dc8b837e29b1a8324e93d22fc3f743ff363b5f117270d386b5a71,0,0,0.0,False,0,0
1792,0.4477500000000003,82944,6a242012867dc8b837e29b1a8324e93d22fc3f743ff363b5f117270d386b5a71,0,0,0.0,False,0,0
1793,0.44800000000000034,82944,6a242012867dc8b837e29b1a8324e93d22fc3f743ff363b5f117270d386b5a71,0,0,0.0,False,0,0
1794,0.4482500000000003,82944,6a242012867dc8b837e29b1a8324e93d22fc3f743ff363b5f117270d386b5a71,0,0,0.0,False,0,0
1795,0.44850000000000034,82944,6a242012867dc8b837e29b1a8324e93d22fc3f743ff363b5f117270d386b5a71,0,0,0.0,False,0,0
1796,0.4487500000000003,82944,6a242012867dc8b837e29b1a8324e93d22fc3f743ff363b5f117270d386b5a71,0,0,0.0,False,0,0
1797,0.44900000000000034,82944,6a242012867dc8b837e29b1a8324e93d22fc3f743ff363b5f117270d386b5a71,0,0,0.0,False,0,0
1798,0.4492500000000003,82944,6a242012867dc8b837e29b1a8324e93d22fc3f743ff363b5f117270d386b5a71,0,0,0.0,False,0,0
1799,0.44950000000000034,82944,6a242012867dc8b837e29b1a8324e93d22fc3f743ff363b5f117270d386b5a71,0,0,0.0,False,0,0
1800,0.4497500000000003,82944,6a242012867dc8b837e29b1a8324e93d22fc3f743ff363b5f117270d386b5a71,0,0,0.0,False,0,0
1801,0.45000000000000034,82944,6a242012867dc8b837e29b1a8324e93d22fc3f743ff363b5f117270d386b5a71,0,0,0.0,False,0,0
1802,0.4502500000000003,82944,6a242012867dc8b837e29b1a8324e93d22fc3f743ff363b5f117270d386b5a71,0,0,0.0,False,0,0
1803,0.45050000000000034,82944,6a242012867dc8b837e29b1a8324e93d22fc3f743ff363b5f117270d386b5a71,0,0,0.0,False,0,0
1804,0.4507500000000003,82944,6a242012867dc8b837e29b1a8324e93d22fc3f743ff363b5f117270d386b5a71,0,0,0.0,False,0,0
1805,0.45100000000000035,82944,6a242012867dc8b837e29b1a8324e93d22fc3f743ff363b5f117270d386b5a71,0,0,0.0,False,0,0
1806,0.4512500000000003,82944,6a242012867dc8b837e29b1a8324e93d22fc3f743ff363b5f117270d386b5a71,0,0,0.0,False,0,0
1807,0.45150000000000035,82944,6a242012867dc8b837e29b1a8324e93d22fc3f743ff363b5f117270d386b5a71,0,0,0.0,False,0,0
1808,0.4517500000000003,82944,6a242012867dc8b837e29b1a8324e93d22fc3f743ff363b5f117270d386b5a71,0,0,0.0,False,0,0
1809,0.45200000000000035,82944,6a242012867dc8b837e29b1a8324e93d22fc3f743ff363b5f117270d386b5a71,0,0,0.0,False,0,0
1810,0.4522500000000003,82944,6a242012867dc8b837e29b1a8324e93d22fc3f743ff363b5f117270d386b5a71,0,0,0.0,False,0,0
1811,0.45250000000000035,82944,6a242012867dc8b837e29b1a8324e93d22fc3f743ff363b5f117270d386b5a71,0,0,0.0,False,0,0
1812,0.4527500000000003,82944,6a242012867dc8b837e29b1a8324e93d22fc3f743ff363b5f117270d386b5a71,0,0,0.0,False,0,0
1813,0.45300000000000035,82944,6a242012867dc8b837e29b1a8324e93d22fc3f743ff363b5f117270d386b5a71,0,0,0.0,False,0,0
1814,0.4532500000000003,82944,6a242012867dc8b837e29b1a8324e93d22fc3f743ff363b5f117270d386b5a71,0,0,0.0,False,0,0
1815,0.45350000000000035,82944,6a242012867dc8b837e29b1a8324e93d22fc3f743ff363b5f117270d386b5a71,0,0,0.0,False,0,0
1816,0.4537500000000003,82944,6a242012867dc8b837e29b1a8324e93d22fc3f743ff363b5f117270d386b5a71,0,0,0.0,False,0,0
1817,0.45400000000000035,82944,6a242012867dc8b837e29b1a8324e93d22fc3f743ff363b5f117270d386b5a71,0,0,0.0,False,0,0
1818,0.4542500000000003,82944,6a242012867dc8b837e29b1a8324e93d22fc3f743ff363b5f117270d386b5a71,0,0,0.0,False,0,0
1819,0.45450000000000035,82944,6a242012867dc8b837e29b1a8324e93d22fc3f743ff363b5f117270d386b5a71,0,0,0.0,False,0,0
1820,0.4547500000000003,82944,6a242012867dc8b837e29b1a8324e93d22fc3f743ff363b5f117270d386b5a71,0,0,0.0,False,0,0
1821,0.45500000000000035,82944,6a242012867dc8b837e29b1a8324e93d22fc3f743ff363b5f117270d386b5a71,0,0,0.0,False,0,0
1822,0.4552500000000003,82944,6a242012867dc8b837e29b1a8324e93d22fc3f743ff363b5f117270d386b5a71,0,0,0.0,False,0,0
1823,0.45550000000000035,82944,6a242012867dc8b837e29b1a8324e93d22fc3f743ff363b5f117270d386b5a71,0,0,0.0,False,0,0
1824,0.4557500000000003,82944,6a242012867dc8b837e29b1a8324e93d22fc3f743ff363b5f117270d386b5a71,0,0,0.0,False,0,0
1825,0.45600000000000035,82944,6a242012867dc8b837e29b1a8324e93d22fc3f743ff363b5f117270d386b5a71,0,0,0.0,False,0,0
1826,0.4562500000000003,82944,6a242012867dc8b837e29b1a8324e93d22fc3f743ff363b5f117270d386b5a71,0,0,0.0,False,0,0
1827,0.45650000000000035,82944,6a242012867dc8b837e29b1a8324e93d22fc3f743ff363b5f117270d386b5a71,0,0,0.0,False,0,0
1828,0.4567500000000003,82944,6a242012867dc8b837e29b1a8324e93d22fc3f743ff363b5f117270d386b5a71,0,0,0.0,False,0,0
1829,0.45700000000000035,82944,6a242012867dc8b837e29b1a8324e93d22fc3f743ff363b5f117270d386b5a71,0,0,0.0,False,0,0
1830,0.4572500000000003,82944,6a242012867dc8b837e29b1a8324e93d22fc3f743ff363b5f117270d386b5a71,0,0,0.0,False,0,0
1831,0.45750000000000035,82944,6a242012867dc8b837e29b1a8324e93d22fc3f743ff363b5f117270d386b5a71,0,0,0.0,False,0,0
1832,0.4577500000000003,82944,6a242012867dc8b837e29b1a8324e93d22fc3f743ff363b5f117270d386b5a71,0,0,0.0,False,0,0
1833,0.45800000000000035,82944,6a242012867dc8b837e29b1a8324e93d22fc3f743ff363b5f117270d386b5a71,0,0,0.0,False,0,0
1834,0.4582500000000003,82944,6a242012867dc8b837e29b1a8324e93d22fc3f743ff363b5f117270d386b5a71,0,0,0.0,False,0,0
1835,0.45850000000000035,82944,6a242012867dc8b837e29b1a8324e93d22fc3f743ff363b5f117270d386b5a71,0,0,0.0,False,0,0
1836,0.4587500000000003,82944,6a242012867dc8b837e29b1a8324e93d22fc3f743ff363b5f117270d386b5a71,0,0,0.0,False,0,0
1837,0.45900000000000035,82944,6a242012867dc8b837e29b1a8324e93d22fc3f743ff363b5f117270d386b5a71,0,0,0.0,False,0,0
1838,0.4592500000000003,82944,6a242012867dc8b837e29b1a8324e93d22fc3f743ff363b5f117270d386b5a71,0,0,0.0,False,0,0
1839,0.45950000000000035,82944,6a242012867dc8b837e29b1a8324e93d22fc3f743ff363b5f117270d386b5a71,0,0,0.0,False,0,0
1840,0.4597500000000003,82944,6a242012867dc8b837e29b1a8324e93d22fc3f743ff363b5f117270d386b5a71,0,0,0.0,False,0,0
1841,0.46000000000000035,82944,6a242012867dc8b837e29b1a8324e93d22fc3f743ff363b5f117270d386b5a71,0,0,0.0,False,0,0
1842,0.4602500000000003,82944,6a242012867dc8b837e29b1a8324e93d22fc3f743ff363b5f117270d386b5a71,0,0,0.0,False,0,0
1843,0.46050000000000035,82944,6a242012867dc8b837e29b1a8324e93d22fc3f743ff363b5f117270d386b5a71,0,0,0.0,False,0,0
1844,0.4607500000000003,82944,6a242012867dc8b837e29b1a8324e93d22fc3f743ff363b5f117270d386b5a71,0,0,0.0,False,0,0
1845,0.46100000000000035,82944,6a242012867dc8b837e29b1a8324e93d22fc3f743ff363b5f117270d386b5a71,0,0,0.0,False,0,0
1846,0.4612500000000003,82944,6a242012867dc8b837e29b1a8324e93d22fc3f743ff363b5f117270d386b5a71,0,0,0.0,False,0,0
1847,0.46150000000000035,82944,6a242012867dc8b837e29b1a8324e93d22fc3f743ff363b5f117270d386b5a71,0,0,0.0,False,0,0
1848,0.4617500000000003,82944,6a242012867dc8b837e29b1a8324e93d22fc3f743ff363b5f117270d386b5a71,0,0,0.0,False,0,0
1849,0.46200000000000035,82944,6a242012867dc8b837e29b1a8324e93d22fc3f743ff363b5f117270d386b5a71,0,0,0.0,False,0,0
1850,0.4622500000000003,82944,6a242012867dc8b837e29b1a8324e93d22fc3f743ff363b5f117270d386b5a71,0,0,0.0,False,0,0
1851,0.46250000000000036,82944,6a242012867dc8b837e29b1a8324e93d22fc3f743ff363b5f117270d386b5a71,0,0,0.0,False,0,0
1852,0.4627500000000003,82944,6a242012867dc8b837e29b1a8324e93d22fc3f743ff363b5f117270d386b5a71,0,0,0.0,False,0,0
1853,0.46300000000000036,82944,6a242012867dc8b837e29b1a8324e93d22fc3f743ff363b5f117270d386b5a71,0,0,0.0,False,0,0
1854,0.46325000000000033,82944,6a242012867dc8b837e29b1a8324e93d22fc3f743ff363b5f117270d386b5a71,0,0,0.0,False,0,0
1855,0.46350000000000036,82944,6a242012867dc8b837e29b1a8324e93d22fc3f743ff363b5f117270d386b5a71,0,0,0.0,False,0,0
1856,0.46375000000000033,82944,6a242012867dc8b837e29b1a8324e93d22fc3f743ff363b5f117270d386b5a71,0,0,0.0,False,0,0
1857,0.46400000000000036,82944,6a242012867dc8b837e29b1a8324e93d22fc3f743ff363b5f117270d386b5a71,0,0,0.0,False,0,0
1858,0.46425000000000033,82944,6a242012867dc8b837e29b1a8324e93d22fc3f743ff363b5f117270d386b5a71,0,0,0.0,False,0,0
1859,0.46450000000000036,82944,6a242012867dc8b837e29b1a8324e93d22fc3f743ff363b5f117270d386b5a71,0,0,0.0,False,0,0
1860,0.46475000000000033,82944,6a242012867dc8b837e29b1a8324e93d22fc3f743ff363b5f117270d386b5a71,0,0,0.0,False,0,0
1861,0.46500000000000036,82944,6a242012867dc8b837e29b1a8324e93d22fc3f743ff363b5f117270d386b5a71,0,0,0.0,False,0,0
1862,0.46525000000000033,82944,6a242012867dc8b837e29b1a8324e93d22fc3f743ff363b5f117270d386b5a71,0,0,0.0,False,0,0
1863,0.46550000000000036,82944,6a242012867dc8b837e29b1a8324e93d22fc3f743ff363b5f117270d386b5a71,0,0,0.0,False,0,0
1864,0.46575000000000033,82944,6a242012867dc8b837e29b1a8324e93d22fc3f743ff363b5f117270d386b5a71,0,0,0.0,False,0,0
1865,0.46600000000000036,82944,6a242012867dc8b837e29b1a8324e93d22fc3f743ff363b5f117270d386b5a71,0,0,0.0,False,0,0
1866,0.46625000000000033,82944,6a242012867dc8b837e29b1a8324e93d22fc3f743ff363b5f117270d386b5a71,0,0,0.0,False,0,0
1867,0.46650000000000036,82944,6a242012867dc8b837e29b1a8324e93d22fc3f743ff363b5f117270d386b5a71,0,0,0.0,False,0,0
1868,0.46675000000000033,82944,6a242012867dc8b837e29b1a8324e93d22fc3f743ff363b5f117270d386b5a71,0,0,0.0,False,0,0
1869,0.46700000000000036,82944,6a242012867dc8b837e29b1a8324e93d22fc3f743ff363b5f117270d386b5a71,0,0,0.0,False,0,0
1870,0.46725000000000033,82944,6a242012867dc8b837e29b1a8324e93d22fc3f743ff363b5f117270d386b5a71,0,0,0.0,False,0,0
1871,0.46750000000000036,82944,6a242012867dc8b837e29b1a8324e93d22fc3f743ff363b5f117270d386b5a71,0,0,0.0,False,0,0
1872,0.46775000000000033,82944,6a242012867dc8b837e29b1a8324e93d22fc3f743ff363b5f117270d386b5a71,0,0,0.0,False,0,0
1873,0.46800000000000036,82944,6a242012867dc8b837e29b1a8324e93d22fc3f743ff363b5f117270d386b5a71,0,0,0.0,False,0,0
1874,0.46825000000000033,82944,6a242012867dc8b837e29b1a8324e93d22fc3f743ff363b5f117270d386b5a71,0,0,0.0,False,0,0
1875,0.46850000000000036,82944,6a242012867dc8b837e29b1a8324e93d22fc3f743ff363b5f117270d386b5a71,0,0,0.0,False,0,0
1876,0.46875000000000033,82944,6a242012867dc8b837e29b1a8324e93d22fc3f743ff363b5f117270d386b5a71,0,0,0.0,False,0,0
1877,0.46900000000000036,82944,6a242012867dc8b837e29b1a8324e93d22fc3f743ff363b5f117270d386b5a71,0,0,0.0,False,0,0
1878,0.46925000000000033,82944,6a242012867dc8b837e29b1a8324e93d22fc3f743ff363b5f117270d386b5a71,0,0,0.0,False,0,0
1879,0.46950000000000036,82944,6a242012867dc8b837e29b1a8324e93d22fc3f743ff363b5f117270d386b5a71,0,0,0.0,False,0,0
1880,0.46975000000000033,82944,6a242012867dc8b837e29b1a8324e93d22fc3f743ff363b5f117270d386b5a71,0,0,0.0,False,0,0
1881,0.47000000000000036,82944,6a242012867dc8b837e29b1a8324e93d22fc3f743ff363b5f117270d386b5a71,0,0,0.0,False,0,0
1882,0.47025000000000033,82944,6a242012867dc8b837e29b1a8324e93d22fc3f743ff363b5f117270d386b5a71,0,0,0.0,False,0,0
1883,0.47050000000000036,82944,6a242012867dc8b837e29b1a8324e93d22fc3f743ff363b5f117270d386b5a71,0,0,0.0,False,0,0
1884,0.47075000000000033,82944,6a242012867dc8b837e29b1a8324e93d22fc3f743ff363b5f117270d386b5a71,0,0,0.0,False,0,0
1885,0.47100000000000036,82944,6a242012867dc8b837e29b1a8324e93d22fc3f743ff363b5f117270d386b5a71,0,0,0.0,False,0,0
1886,0.47125000000000034,82944,6a242012867dc8b837e29b1a8324e93d22fc3f743ff363b5f117270d386b5a71,0,0,0.0,False,0,0
1887,0.47150000000000036,82944,6a242012867dc8b837e29b1a8324e93d22fc3f743ff363b5f117270d386b5a71,0,0,0.0,False,0,0
1888,0.47175000000000034,82944,6a242012867dc8b837e29b1a8324e93d22fc3f743ff363b5f117270d386b5a71,0,0,0.0,False,0,0
1889,0.47200000000000036,82944,6a242012867dc8b837e29b1a8324e93d22fc3f743ff363b5f117270d386b5a71,0,0,0.0,False,0,0
1890,0.47225000000000034,82944,6a242012867dc8b837e29b1a8324e93d22fc3f743ff363b5f117270d386b5a71,0,0,0.0,False,0,0
1891,0.47250000000000036,82944,6a242012867dc8b837e29b1a8324e93d22fc3f743ff363b5f117270d386b5a71,0,0,0.0,False,0,0
1892,0.47275000000000034,82944,6a242012867dc8b837e29b1a8324e93d22fc3f743ff363b5f117270d386b5a71,0,0,0.0,False,0,0
1893,0.47300000000000036,82944,6a242012867dc8b837e29b1a8324e93d22fc3f743ff363b5f117270d386b5a71,0,0,0.0,False,0,0
1894,0.47325000000000034,82944,6a242012867dc8b837e29b1a8324e93d22fc3f743ff363b5f117270d386b5a71,0,0,0.0,False,0,0
1895,0.47350000000000037,82944,6a242012867dc8b837e29b1a8324e93d22fc3f743ff363b5f117270d386b5a71,0,0,0.0,False,0,0
1896,0.47375000000000034,82944,6a242012867dc8b837e29b1a8324e93d22fc3f743ff363b5f117270d386b5a71,0,0,0.0,False,0,0
1897,0.47400000000000037,82944,6a242012867dc8b837e29b1a8324e93d22fc3f743ff363b5f117270d386b5a71,0,0,0.0,False,0,0
1898,0.47425000000000034,82944,6a242012867dc8b837e29b1a8324e93d22fc3f743ff363b5f117270d386b5a71,0,0,0.0,False,0,0
1899,0.47450000000000037,82944,6a242012867dc8b837e29b1a8324e93d22fc3f743ff363b5f117270d386b5a71,0,0,0.0,False,0,0
1900,0.47475000000000034,82944,6a242012867dc8b837e29b1a8324e93d22fc3f743ff363b5f117270d386b5a71,0,0,0.0,False,0,0
1901,0.47500000000000037,82944,6a242012867dc8b837e29b1a8324e93d22fc3f743ff363b5f117270d386b5a71,0,0,0.0,False,0,0
1902,0.47525000000000034,82944,6a242012867dc8b837e29b1a8324e93d22fc3f743ff363b5f117270d386b5a71,0,0,0.0,False,0,0
1903,0.47550000000000037,82944,6a242012867dc8b837e29b1a8324e93d22fc3f743ff363b5f117270d386b5a71,0,0,0.0,False,0,0
1904,0.47575000000000034,82944,6a242012867dc8b837e29b1a8324e93d22fc3f743ff363b5f117270d386b5a71,0,0,0.0,False,0,0
1905,0.47600000000000037,82944,6a242012867dc8b837e29b1a8324e93d22fc3f743ff363b5f117270d386b5a71,0,0,0.0,False,0,0
1906,0.47625000000000034,82944,6a242012867dc8b837e29b1a8324e93d22fc3f743ff363b5f117270d386b5a71,0,0,0.0,False,0,0
1907,0.47650000000000037,82944,6a242012867dc8b837e29b1a8324e93d22fc3f743ff363b5f117270d386b5a71,0,0,0.0,False,0,0
1908,0.47675000000000034,82944,6a242012867dc8b837e29b1a8324e93d22fc3f743ff363b5f117270d386b5a71,0,0,0.0,False,0,0
1909,0.47700000000000037,82944,6a242012867dc8b837e29b1a8324e93d22fc3f743ff363b5f117270d386b5a71,0,0,0.0,False,0,0
1910,0.47725000000000034,82944,6a242012867dc8b837e29b1a8324e93d22fc3f743ff363b5f117270d386b5a71,0,0,0.0,False,0,0
1911,0.47750000000000037,82944,6a242012867dc8b837e29b1a8324e93d22fc3f743ff363b5f117270d386b5a71,0,0,0.0,False,0,0
1912,0.47775000000000034,82944,6a242012867dc8b837e29b1a8324e93d22fc3f743ff363b5f117270d386b5a71,0,0,0.0,False,0,0
1913,0.47800000000000037,82944,6a242012867dc8b837e29b1a8324e93d22fc3f743ff363b5f117270d386b5a71,0,0,0.0,False,0,0
1914,0.47825000000000034,82944,6a242012867dc8b837e29b1a8324e93d22fc3f743ff363b5f117270d386b5a71,0,0,0.0,False,0,0
1915,0.47850000000000037,82944,6a242012867dc8b837e29b1a8324e93d22fc3f743ff363b5f117270d386b5a71,0,0,0.0,False,0,0
1916,0.47875000000000034,82944,6a242012867dc8b837e29b1a8324e93d22fc3f743ff363b5f117270d386b5a71,0,0,0.0,False,0,0
1917,0.47900000000000037,82944,6a242012867dc8b837e29b1a8324e93d22fc3f743ff363b5f117270d386b5a71,0,0,0.0,False,0,0
1918,0.47925000000000034,82944,6a242012867dc8b837e29b1a8324e93d22fc3f743ff363b5f117270d386b5a71,0,0,0.0,False,0,0
1919,0.47950000000000037,82944,6a242012867dc8b837e29b1a8324e93d22fc3f743ff363b5f117270d386b5a71,0,0,0.0,False,0,0
1920,0.47975000000000034,82944,6a242012867dc8b837e29b1a8324e93d22fc3f743ff363b5f117270d386b5a71,0,0,0.0,False,0,0
1921,0.48000000000000037,82944,6a242012867dc8b837e29b1a8324e93d22fc3f743ff363b5f117270d386b5a71,0,0,0.0,False,0,0
1922,0.48025000000000034,82944,6a242012867dc8b837e29b1a8324e93d22fc3f743ff363b5f117270d386b5a71,0,0,0.0,False,0,0
1923,0.48050000000000037,82944,6a242012867dc8b837e29b1a8324e93d22fc3f743ff363b5f117270d386b5a71,0,0,0.0,False,0,0
1924,0.48075000000000034,82944,6a242012867dc8b837e29b1a8324e93d22fc3f743ff363b5f117270d386b5a71,0,0,0.0,False,0,0
1925,0.48100000000000037,82944,6a242012867dc8b837e29b1a8324e93d22fc3f743ff363b5f117270d386b5a71,0,0,0.0,False,0,0
1926,0.48125000000000034,82944,6a242012867dc8b837e29b1a8324e93d22fc3f743ff363b5f117270d386b5a71,0,0,0.0,False,0,0
1927,0.48150000000000037,82944,6a242012867dc8b837e29b1a8324e93d22fc3f743ff363b5f117270d386b5a71,0,0,0.0,False,0,0
1928,0.48175000000000034,82944,6a242012867dc8b837e29b1a8324e93d22fc3f743ff363b5f117270d386b5a71,0,0,0.0,False,0,0
1929,0.4820000000000004,82944,6a242012867dc8b837e29b1a8324e93d22fc3f743ff363b5f117270d386b5a71,0,0,0.0,False,0,0
1930,0.48225000000000035,82944,6a242012867dc8b837e29b1a8324e93d22fc3f743ff363b5f117270d386b5a71,0,0,0.0,False,0,0
1931,0.4825000000000004,82944,6a242012867dc8b837e29b1a8324e93d22fc3f743ff363b5f117270d386b5a71,0,0,0.0,False,0,0
1932,0.48275000000000035,82944,6a242012867dc8b837e29b1a8324e93d22fc3f743ff363b5f117270d386b5a71,0,0,0.0,False,0,0
1933,0.4830000000000004,82944,6a242012867dc8b837e29b1a8324e93d22fc3f743ff363b5f117270d386b5a71,0,0,0.0,False,0,0
1934,0.48325000000000035,82944,6a242012867dc8b837e29b1a8324e93d22fc3f743ff363b5f117270d386b5a71,0,0,0.0,False,0,0
1935,0.4835000000000004,82944,6a242012867dc8b837e29b1a8324e93d22fc3f743ff363b5f117270d386b5a71,0,0,0.0,False,0,0
1936,0.48375000000000035,82944,6a242012867dc8b837e29b1a8324e93d22fc3f743ff363b5f117270d386b5a71,0,0,0.0,False,0,0
1937,0.4840000000000004,82944,6a242012867dc8b837e29b1a8324e93d22fc3f743ff363b5f117270d386b5a71,0,0,0.0,False,0,0
1938,0.48425000000000035,82944,6a242012867dc8b837e29b1a8324e93d22fc3f743ff363b5f117270d386b5a71,0,0,0.0,False,0,0
1939,0.4845000000000004,82944,6a242012867dc8b837e29b1a8324e93d22fc3f743ff363b5f117270d386b5a71,0,0,0.0,False,0,0
1940,0.48475000000000035,82944,6a242012867dc8b837e29b1a8324e93d22fc3f743ff363b5f117270d386b5a71,0,0,0.0,False,0,0
1941,0.4850000000000004,82944,6a242012867dc8b837e29b1a8324e93d22fc3f743ff363b5f117270d386b5a71,0,0,0.0,False,0,0
1942,0.48525000000000035,82944,6a242012867dc8b837e29b1a8324e93d22fc3f743ff363b5f117270d386b5a71,0,0,0.0,False,0,0
1943,0.4855000000000004,82944,6a242012867dc8b837e29b1a8324e93d22fc3f743ff363b5f117270d386b5a71,0,0,0.0,False,0,0
1944,0.48575000000000035,82944,6a242012867dc8b837e29b1a8324e93d22fc3f743ff363b5f117270d386b5a71,0,0,0.0,False,0,0
1945,0.4860000000000004,82944,6a242012867dc8b837e29b1a8324e93d22fc3f743ff363b5f117270d386b5a71,0,0,0.0,False,0,0
1946,0.48625000000000035,82944,6a242012867dc8b837e29b1a8324e93d22fc3f743ff363b5f117270d386b5a71,0,0,0.0,False,0,0
1947,0.4865000000000004,82944,6a242012867dc8b837e29b1a8324e93d22fc3f743ff363b5f117270d386b5a71,0,0,0.0,False,0,0
1948,0.48675000000000035,82944,6a242012867dc8b837e29b1a8324e93d22fc3f743ff363b5f117270d386b5a71,0,0,0.0,False,0,0
1949,0.4870000000000004,82944,6a242012867dc8b837e29b1a8324e93d22fc3f743ff363b5f117270d386b5a71,0,0,0.0,False,0,0
1950,0.48725000000000035,82944,6a242012867dc8b837e29b1a8324e93d22fc3f743ff363b5f117270d386b5a71,0,0,0.0,False,0,0
1951,0.4875000000000004,82944,6a242012867dc8b837e29b1a8324e93d22fc3f743ff363b5f117270d386b5a71,0,0,0.0,False,0,0
1952,0.48775000000000035,82944,6a242012867dc8b837e29b1a8324e93d22fc3f743ff363b5f117270d386b5a71,0,0,0.0,False,0,0
1953,0.4880000000000004,82944,6a242012867dc8b837e29b1a8324e93d22fc3f743ff363b5f117270d386b5a71,0,0,0.0,False,0,0
1954,0.48825000000000035,82944,6a242012867dc8b837e29b1a8324e93d22fc3f743ff363b5f117270d386b5a71,0,0,0.0,False,0,0
1955,0.4885000000000004,82944,6a242012867dc8b837e29b1a8324e93d22fc3f743ff363b5f117270d386b5a71,0,0,0.0,False,0,0
1956,0.48875000000000035,82944,6a242012867dc8b837e29b1a8324e93d22fc3f743ff363b5f117270d386b5a71,0,0,0.0,False,0,0
1957,0.4890000000000004,82944,6a242012867dc8b837e29b1a8324e93d22fc3f743ff363b5f117270d386b5a71,0,0,0.0,False,0,0
1958,0.48925000000000035,82944,6a242012867dc8b837e29b1a8324e93d22fc3f743ff363b5f117270d386b5a71,0,0,0.0,False,0,0
1959,0.4895000000000004,82944,6a242012867dc8b837e29b1a8324e93d22fc3f743ff363b5f117270d386b5a71,0,0,0.0,False,0,0
1960,0.48975000000000035,82944,6a242012867dc8b837e29b1a8324e93d22fc3f743ff363b5f117270d386b5a71,0,0,0.0,False,0,0
1961,0.4900000000000004,82944,6a242012867dc8b837e29b1a8324e93d22fc3f743ff363b5f117270d386b5a71,0,0,0.0,False,0,0
1962,0.49025000000000035,82944,6a242012867dc8b837e29b1a8324e93d22fc3f743ff363b5f117270d386b5a71,0,0,0.0,False,0,0
1963,0.4905000000000004,82944,6a242012867dc8b837e29b1a8324e93d22fc3f743ff363b5f117270d386b5a71,0,0,0.0,False,0,0
1964,0.49075000000000035,82944,6a242012867dc8b837e29b1a8324e93d22fc3f743ff363b5f117270d386b5a71,0,0,0.0,False,0,0
1965,0.4910000000000004,82944,6a242012867dc8b837e29b1a8324e93d22fc3f743ff363b5f117270d386b5a71,0,0,0.0,False,0,0
1966,0.49125000000000035,82944,6a242012867dc8b837e29b1a8324e93d22fc3f743ff363b5f117270d386b5a71,0,0,0.0,False,0,0
1967,0.4915000000000004,82944,6a242012867dc8b837e29b1a8324e93d22fc3f743ff363b5f117270d386b5a71,0,0,0.0,False,0,0
1968,0.49175000000000035,82944,6a242012867dc8b837e29b1a8324e93d22fc3f743ff363b5f117270d386b5a71,0,0,0.0,False,0,0
1969,0.4920000000000004,82944,6a242012867dc8b837e29b1a8324e93d22fc3f743ff363b5f117270d386b5a71,0,0,0.0,False,0,0
1970,0.49225000000000035,82944,6a242012867dc8b837e29b1a8324e93d22fc3f743ff363b5f117270d386b5a71,0,0,0.0,False,0,0
1971,0.4925000000000004,82944,6a242012867dc8b837e29b1a8324e93d22fc3f743ff363b5f117270d386b5a71,0,0,0.0,False,0,0
1972,0.49275000000000035,82944,6a242012867dc8b837e29b1a8324e93d22fc3f743ff363b5f117270d386b5a71,0,0,0.0,False,0,0
1973,0.4930000000000004,82944,6a242012867dc8b837e29b1a8324e93d22fc3f743ff363b5f117270d386b5a71,0,0,0.0,False,0,0
1974,0.49325000000000035,82944,6a242012867dc8b837e29b1a8324e93d22fc3f743ff363b5f117270d386b5a71,0,0,0.0,False,0,0
1975,0.4935000000000004,82944,6a242012867dc8b837e29b1a8324e93d22fc3f743ff363b5f117270d386b5a71,0,0,0.0,False,0,0
1976,0.49375000000000036,82944,6a242012867dc8b837e29b1a8324e93d22fc3f743ff363b5f117270d386b5a71,0,0,0.0,False,0,0
1977,0.4940000000000004,82944,6a242012867dc8b837e29b1a8324e93d22fc3f743ff363b5f117270d386b5a71,0,0,0.0,False,0,0
1978,0.49425000000000036,82944,6a242012867dc8b837e29b1a8324e93d22fc3f743ff363b5f117270d386b5a71,0,0,0.0,False,0,0
1979,0.4945000000000004,82944,6a242012867dc8b837e29b1a8324e93d22fc3f743ff363b5f117270d386b5a71,0,0,0.0,False,0,0
1980,0.49475000000000036,82944,6a242012867dc8b837e29b1a8324e93d22fc3f743ff363b5f117270d386b5a71,0,0,0.0,False,0,0
1981,0.4950000000000004,82944,6a242012867dc8b837e29b1a8324e93d22fc3f743ff363b5f117270d386b5a71,0,0,0.0,False,0,0
1982,0.49525000000000036,82944,6a242012867dc8b837e29b1a8324e93d22fc3f743ff363b5f117270d386b5a71,0,0,0.0,False,0,0
1983,0.4955000000000004,82944,6a242012867dc8b837e29b1a8324e93d22fc3f743ff363b5f117270d386b5a71,0,0,0.0,False,0,0
1984,0.49575000000000036,82944,6a242012867dc8b837e29b1a8324e93d22fc3f743ff363b5f117270d386b5a71,0,0,0.0,False,0,0
1985,0.4960000000000004,82944,6a242012867dc8b837e29b1a8324e93d22fc3f743ff363b5f117270d386b5a71,0,0,0.0,False,0,0
1986,0.49625000000000036,82944,6a242012867dc8b837e29b1a8324e93d22fc3f743ff363b5f117270d386b5a71,0,0,0.0,False,0,0
1987,0.4965000000000004,82944,6a242012867dc8b837e29b1a8324e93d22fc3f743ff363b5f117270d386b5a71,0,0,0.0,False,0,0
1988,0.49675000000000036,82944,6a242012867dc8b837e29b1a8324e93d22fc3f743ff363b5f117270d386b5a71,0,0,0.0,False,0,0
1989,0.4970000000000004,82944,6a242012867dc8b837e29b1a8324e93d22fc3f743ff363b5f117270d386b5a71,0,0,0.0,False,0,0
1990,0.49725000000000036,82944,6a242012867dc8b837e29b1a8324e93d22fc3f743ff363b5f117270d386b5a71,0,0,0.0,False,0,0
1991,0.4975000000000004,82944,6a242012867dc8b837e29b1a8324e93d22fc3f743ff363b5f117270d386b5a71,0,0,0.0,False,0,0
1992,0.49775000000000036,82944,6a242012867dc8b837e29b1a8324e93d22fc3f743ff363b5f117270d386b5a71,0,0,0.0,False,0,0
1993,0.4980000000000004,82944,6a242012867dc8b837e29b1a8324e93d22fc3f743ff363b5f117270d386b5a71,0,0,0.0,False,0,0
1994,0.49825000000000036,82944,6a242012867dc8b837e29b1a8324e93d22fc3f743ff363b5f117270d386b5a71,0,0,0.0,False,0,0
1995,0.4985000000000004,82944,6a242012867dc8b837e29b1a8324e93d22fc3f743ff363b5f117270d386b5a71,0,0,0.0,False,0,0
1996,0.49875000000000036,82944,6a242012867dc8b837e29b1a8324e93d22fc3f743ff363b5f117270d386b5a71,0,0,0.0,False,0,0
1997,0.4990000000000004,82944,6a242012867dc8b837e29b1a8324e93d22fc3f743ff363b5f117270d386b5a71,0,0,0.0,False,0,0
1998,0.49925000000000036,82944,6a242012867dc8b837e29b1a8324e93d22fc3f743ff363b5f117270d386b5a71,0,0,0.0,False,0,0
1999,0.4995000000000004,82944,6a242012867dc8b837e29b1a8324e93d22fc3f743ff363b5f117270d386b5a71,0,0,0.0,False,0,0
2000,0.49975000000000036,82944,6a242012867dc8b837e29b1a8324e93d22fc3f743ff363b5f117270d386b5a71,0,0,0.0,False,0,0
2001,0.5000000000000003,82944,6a242012867dc8b837e29b1a8324e93d22fc3f743ff363b5f117270d386b5a71,0,0,0.0,True,0,0
2002,0.5002500000000003,82944,6a242012867dc8b837e29b1a8324e93d22fc3f743ff363b5f117270d386b5a71,0,0,0.0,False,0,0
2003,0.5005000000000003,82944,6a242012867dc8b837e29b1a8324e93d22fc3f743ff363b5f117270d386b5a71,0,0,0.0,False,0,0
2004,0.5007500000000003,82944,6a242012867dc8b837e29b1a8324e93d22fc3f743ff363b5f117270d386b5a71,0,0,0.0,False,0,0
2005,0.5010000000000002,82944,6a242012867dc8b837e29b1a8324e93d22fc3f743ff363b5f117270d386b5a71,0,0,0.0,False,0,0
2006,0.5012500000000002,82944,6a242012867dc8b837e29b1a8324e93d22fc3f743ff363b5f117270d386b5a71,0,0,0.0,False,0,0
2007,0.5015000000000002,82944,6a242012867dc8b837e29b1a8324e93d22fc3f743ff363b5f117270d386b5a71,0,0,0.0,False,0,0
2008,0.5017500000000001,82944,6a242012867dc8b837e29b1a8324e93d22fc3f743ff363b5f117270d386b5a71,0,0,0.0,False,0,0
2009,0.5020000000000001,82944,6a242012867dc8b837e29b1a8324e93d22fc3f743ff363b5f117270d386b5a71,0,0,0.0,False,0,0
2010,0.5022500000000001,82944,6a242012867dc8b837e29b1a8324e93d22fc3f743ff363b5f117270d386b5a71,0,0,0.0,False,0,0
2011,0.5025000000000001,82944,6a242012867dc8b837e29b1a8324e93d22fc3f743ff363b5f117270d386b5a71,0,0,0.0,False,0,0
2012,0.50275,82944,6a242012867dc8b837e29b1a8324e93d22fc3f743ff363b5f117270d386b5a71,0,0,0.0,False,0,0
2013,0.503,82944,6a242012867dc8b837e29b1a8324e93d22fc3f743ff363b5f117270d386b5a71,0,0,0.0,False,0,0
2014,0.50325,82944,6a242012867dc8b837e29b1a8324e93d22fc3f743ff363b5f117270d386b5a71,0,0,0.0,False,0,0
2015,0.5035,82944,6a242012867dc8b837e29b1a8324e93d22fc3f743ff363b5f117270d386b5a71,0,0,0.0,False,0,0
2016,0.5037499999999999,82944,6a242012867dc8b837e29b1a8324e93d22fc3f743ff363b5f117270d386b5a71,0,0,0.0,False,0,0
2017,0.5039999999999999,82944,6a242012867dc8b837e29b1a8324e93d22fc3f743ff363b5f117270d386b5a71,0,0,0.0,False,0,0
2018,0.5042499999999999,82944,6a242012867dc8b837e29b1a8324e93d22fc3f743ff363b5f117270d386b5a71,0,0,0.0,False,0,0
2019,0.5044999999999998,82944,6a242012867dc8b837e29b1a8324e93d22fc3f743ff363b5f117270d386b5a71,0,0,0.0,False,0,0
2020,0.5047499999999998,82944,6a242012867dc8b837e29b1a8324e93d22fc3f743ff363b5f117270d386b5a71,0,0,0.0,False,0,0
2021,0.5049999999999998,82944,6a242012867dc8b837e29b1a8324e93d22fc3f743ff363b5f117270d386b5a71,0,0,0.0,False,0,0
2022,0.5052499999999998,82944,6a242012867dc8b837e29b1a8324e93d22fc3f743ff363b5f117270d386b5a71,0,0,0.0,False,0,0
2023,0.5054999999999997,82944,6a242012867dc8b837e29b1a8324e93d22fc3f743ff363b5f117270d386b5a71,0,0,0.0,False,0,0
2024,0.5057499999999997,82944,6a242012867dc8b837e29b1a8324e93d22fc3f743ff363b5f117270d386b5a71,0,0,0.0,False,0,0
2025,0.5059999999999997,82944,6a242012867dc8b837e29b1a8324e93d22fc3f743ff363b5f117270d386b5a71,0,0,0.0,False,0,0
2026,0.5062499999999996,82944,6a242012867dc8b837e29b1a8324e93d22fc3f743ff363b5f117270d386b5a71,0,0,0.0,False,0,0
2027,0.5064999999999996,82944,6a242012867dc8b837e29b1a8324e93d22fc3f743ff363b5f117270d386b5a71,0,0,0.0,False,0,0
2028,0.5067499999999996,82944,6a242012867dc8b837e29b1a8324e93d22fc3f743ff363b5f117270d386b5a71,0,0,0.0,False,0,0
2029,0.5069999999999996,82944,6a242012867dc8b837e29b1a8324e93d22fc3f743ff363b5f117270d386b5a71,0,0,0.0,False,0,0
2030,0.5072499999999995,82944,6a242012867dc8b837e29b1a8324e93d22fc3f743ff363b5f117270d386b5a71,0,0,0.0,False,0,0
2031,0.5074999999999995,82944,6a242012867dc8b837e29b1a8324e93d22fc3f743ff363b5f117270d386b5a71,0,0,0.0,False,0,0
2032,0.5077499999999995,82944,6a242012867dc8b837e29b1a8324e93d22fc3f743ff363b5f117270d386b5a71,0,0,0.0,False,0,0
2033,0.5079999999999995,82944,6a242012867dc8b837e29b1a8324e93d22fc3f743ff363b5f117270d386b5a71,0,0,0.0,False,0,0
2034,0.5082499999999994,82944,6a242012867dc8b837e29b1a8324e93d22fc3f743ff363b5f117270d386b5a71,0,0,0.0,False,0,0
2035,0.5084999999999994,82944,6a242012867dc8b837e29b1a8324e93d22fc3f743ff363b5f117270d386b5a71,0,0,0.0,False,0,0
2036,0.5087499999999994,82944,6a242012867dc8b837e29b1a8324e93d22fc3f743ff363b5f117270d386b5a71,0,0,0.0,False,0,0
2037,0.5089999999999993,82944,6a242012867dc8b837e29b1a8324e93d22fc3f743ff363b5f117270d386b5a71,0,0,0.0,False,0,0
2038,0.5092499999999993,82944,6a242012867dc8b837e29b1a8324e93d22fc3f743ff363b5f117270d386b5a71,0,0,0.0,False,0,0
2039,0.5094999999999993,82944,6a242012867dc8b837e29b1a8324e93d22fc3f743ff363b5f117270d386b5a71,0,0,0.0,False,0,0
2040,0.5097499999999993,82944,6a242012867dc8b837e29b1a8324e93d22fc3f743ff363b5f117270d386b5a71,0,0,0.0,False,0,0
2041,0.5099999999999992,82944,6a242012867dc8b837e29b1a8324e93d22fc3f743ff363b5f117270d386b5a71,0,0,0.0,False,0,0
2042,0.5102499999999992,82944,6a242012867dc8b837e29b1a8324e93d22fc3f743ff363b5f117270d386b5a71,0,0,0.0,False,0,0
2043,0.5104999999999992,82944,6a242012867dc8b837e29b1a8324e93d22fc3f743ff363b5f117270d386b5a71,0,0,0.0,False,0,0
2044,0.5107499999999991,82944,6a242012867dc8b837e29b1a8324e93d22fc3f743ff363b5f117270d386b5a71,0,0,0.0,False,0,0
2045,0.5109999999999991,82944,6a242012867dc8b837e29b1a8324e93d22fc3f743ff363b5f117270d386b5a71,0,0,0.0,False,0,0
2046,0.5112499999999991,82944,6a242012867dc8b837e29b1a8324e93d22fc3f743ff363b5f117270d386b5a71,0,0,0.0,False,0,0
2047,0.5114999999999991,82944,6a242012867dc8b837e29b1a8324e93d22fc3f743ff363b5f117270d386b5a71,0,0,0.0,False,0,0
2048,0.511749999999999,82944,6a242012867dc8b837e29b1a8324e93d22fc3f743ff363b5f117270d386b5a71,0,0,0.0,False,0,0
2049,0.511999999999999,82944,6a242012867dc8b837e29b1a8324e93d22fc3f743ff363b5f117270d386b5a71,0,0,0.0,False,0,0
2050,0.512249999999999,82944,6a242012867dc8b837e29b1a8324e93d22fc3f743ff363b5f117270d386b5a71,0,0,0.0,False,0,0
2051,0.512499999999999,82944,6a242012867dc8b837e29b1a8324e93d22fc3f743ff363b5f117270d386b5a71,0,0,0.0,False,0,0
2052,0.5127499999999989,82944,6a242012867dc8b837e29b1a8324e93d22fc3f743ff363b5f117270d386b5a71,0,0,0.0,False,0,0
2053,0.5129999999999989,82944,6a242012867dc8b837e29b1a8324e93d22fc3f743ff363b5f117270d386b5a71,0,0,0.0,False,0,0
2054,0.5132499999999989,82944,6a242012867dc8b837e29b1a8324e93d22fc3f743ff363b5f117270d386b5a71,0,0,0.0,False,0,0
2055,0.5134999999999988,82944,6a242012867dc8b837e29b1a8324e93d22fc3f743ff363b5f117270d386b5a71,0,0,0.0,False,0,0
2056,0.5137499999999988,82944,6a242012867dc8b837e29b1a8324e93d22fc3f743ff363b5f117270d386b5a71,0,0,0.0,False,0,0
2057,0.5139999999999988,82944,6a242012867dc8b837e29b1a8324e93d22fc3f743ff363b5f117270d386b5a71,0,0,0.0,False,0,0
2058,0.5142499999999988,82944,6a242012867dc8b837e29b1a8324e93d22fc3f743ff363b5f117270d386b5a71,0,0,0.0,False,0,0
2059,0.5144999999999987,82944,6a242012867dc8b837e29b1a8324e93d22fc3f743ff363b5f117270d386b5a71,0,0,0.0,False,0,0
2060,0.5147499999999987,82944,6a242012867dc8b837e29b1a8324e93d22fc3f743ff363b5f117270d386b5a71,0,0,0.0,False,0,0
2061,0.5149999999999987,82944,6a242012867dc8b837e29b1a8324e93d22fc3f743ff363b5f117270d386b5a71,0,0,0.0,False,0,0
2062,0.5152499999999987,82944,6a242012867dc8b837e29b1a8324e93d22fc3f743ff363b5f117270d386b5a71,0,0,0.0,False,0,0
2063,0.5154999999999986,82944,6a242012867dc8b837e29b1a8324e93d22fc3f743ff363b5f117270d386b5a71,0,0,0.0,False,0,0
2064,0.5157499999999986,82944,6a242012867dc8b837e29b1a8324e93d22fc3f743ff363b5f117270d386b5a71,0,0,0.0,False,0,0
2065,0.5159999999999986,82944,6a242012867dc8b837e29b1a8324e93d22fc3f743ff363b5f117270d386b5a71,0,0,0.0,False,0,0
2066,0.5162499999999985,82944,6a242012867dc8b837e29b1a8324e93d22fc3f743ff363b5f117270d386b5a71,0,0,0.0,False,0,0
2067,0.5164999999999985,82944,6a242012867dc8b837e29b1a8324e93d22fc3f743ff363b5f117270d386b5a71,0,0,0.0,False,0,0
2068,0.5167499999999985,82944,6a242012867dc8b837e29b1a8324e93d22fc3f743ff363b5f117270d386b5a71,0,0,0.0,False,0,0
2069,0.5169999999999985,82944,6a242012867dc8b837e29b1a8324e93d22fc3f743ff363b5f117270d386b5a71,0,0,0.0,False,0,0
2070,0.5172499999999984,82944,6a242012867dc8b837e29b1a8324e93d22fc3f743ff363b5f117270d386b5a71,0,0,0.0,False,0,0
2071,0.5174999999999984,82944,6a242012867dc8b837e29b1a8324e93d22fc3f743ff363b5f117270d386b5a71,0,0,0.0,False,0,0
2072,0.5177499999999984,82944,6a242012867dc8b837e29b1a8324e93d22fc3f743ff363b5f117270d386b5a71,0,0,0.0,False,0,0
2073,0.5179999999999984,82944,6a242012867dc8b837e29b1a8324e93d22fc3f743ff363b5f117270d386b5a71,0,0,0.0,False,0,0
2074,0.5182499999999983,82944,6a242012867dc8b837e29b1a8324e93d22fc3f743ff363b5f117270d386b5a71,0,0,0.0,False,0,0
2075,0.5184999999999983,82944,6a242012867dc8b837e29b1a8324e93d22fc3f743ff363b5f117270d386b5a71,0,0,0.0,False,0,0
2076,0.5187499999999983,82944,6a242012867dc8b837e29b1a8324e93d22fc3f743ff363b5f117270d386b5a71,0,0,0.0,False,0,0
2077,0.5189999999999982,82944,6a242012867dc8b837e29b1a8324e93d22fc3f743ff363b5f117270d386b5a71,0,0,0.0,False,0,0
2078,0.5192499999999982,82944,6a242012867dc8b837e29b1a8324e93d22fc3f743ff363b5f117270d386b5a71,0,0,0.0,False,0,0
2079,0.5194999999999982,82944,6a242012867dc8b837e29b1a8324e93d22fc3f743ff363b5f117270d386b5a71,0,0,0.0,False,0,0
2080,0.5197499999999982,82944,6a242012867dc8b837e29b1a8324e93d22fc3f743ff363b5f117270d386b5a71,0,0,0.0,False,0,0
2081,0.5199999999999981,82944,6a242012867dc8b837e29b1a8324e93d22fc3f743ff363b5f117270d386b5a71,0,0,0.0,False,0,0
2082,0.5202499999999981,82944,6a242012867dc8b837e29b1a8324e93d22fc3f743ff363b5f117270d386b5a71,0,0,0.0,False,0,0
2083,0.5204999999999981,82944,6a242012867dc8b837e29b1a8324e93d22fc3f743ff363b5f117270d386b5a71,0,0,0.0,False,0,0
2084,0.520749999999998,82944,6a242012867dc8b837e29b1a8324e93d22fc3f743ff363b5f117270d386b5a71,0,0,0.0,False,0,0
2085,0.520999999999998,82944,6a242012867dc8b837e29b1a8324e93d22fc3f743ff363b5f117270d386b5a71,0,0,0.0,False,0,0
2086,0.521249999999998,82944,6a242012867dc8b837e29b1a8324e93d22fc3f743ff363b5f117270d386b5a71,0,0,0.0,False,0,0
2087,0.521499999999998,82944,6a242012867dc8b837e29b1a8324e93d22fc3f743ff363b5f117270d386b5a71,0,0,0.0,False,0,0
2088,0.5217499999999979,82944,6a242012867dc8b837e29b1a8324e93d22fc3f743ff363b5f117270d386b5a71,0,0,0.0,False,0,0
2089,0.5219999999999979,82944,6a242012867dc8b837e29b1a8324e93d22fc3f743ff363b5f117270d386b5a71,0,0,0.0,False,0,0
2090,0.5222499999999979,82944,6a242012867dc8b837e29b1a8324e93d22fc3f743ff363b5f117270d386b5a71,0,0,0.0,False,0,0
2091,0.5224999999999979,82944,6a242012867dc8b837e29b1a8324e93d22fc3f743ff363b5f117270d386b5a71,0,0,0.0,False,0,0
2092,0.5227499999999978,82944,6a242012867dc8b837e29b1a8324e93d22fc3f743ff363b5f117270d386b5a71,0,0,0.0,False,0,0
2093,0.5229999999999978,82944,6a242012867dc8b837e29b1a8324e93d22fc3f743ff363b5f117270d386b5a71,0,0,0.0,False,0,0
2094,0.5232499999999978,82944,6a242012867dc8b837e29b1a8324e93d22fc3f743ff363b5f117270d386b5a71,0,0,0.0,False,0,0
2095,0.5234999999999977,82944,6a242012867dc8b837e29b1a8324e93d22fc3f743ff363b5f117270d386b5a71,0,0,0.0,False,0,0
2096,0.5237499999999977,82944,6a242012867dc8b837e29b1a8324e93d22fc3f743ff363b5f117270d386b5a71,0,0,0.0,False,0,0
2097,0.5239999999999977,82944,6a242012867dc8b837e29b1a8324e93d22fc3f743ff363b5f117270d386b5a71,0,0,0.0,False,0,0
2098,0.5242499999999977,82944,6a242012867dc8b837e29b1a8324e93d22fc3f743ff363b5f117270d386b5a71,0,0,0.0,False,0,0
2099,0.5244999999999976,82944,6a242012867dc8b837e29b1a8324e93d22fc3f743ff363b5f117270d386b5a71,0,0,0.0,False,0,0
2100,0.5247499999999976,82944,6a242012867dc8b837e29b1a8324e93d22fc3f743ff363b5f117270d386b5a71,0,0,0.0,False,0,0
2101,0.5249999999999976,82944,6a242012867dc8b837e29b1a8324e93d22fc3f743ff363b5f117270d386b5a71,0,0,0.0,False,0,0
2102,0.5252499999999976,82944,6a242012867dc8b837e29b1a8324e93d22fc3f743ff363b5f117270d386b5a71,0,0,0.0,False,0,0
2103,0.5254999999999975,82944,6a242012867dc8b837e29b1a8324e93d22fc3f743ff363b5f117270d386b5a71,0,0,0.0,False,0,0
2104,0.5257499999999975,82944,6a242012867dc8b837e29b1a8324e93d22fc3f743ff363b5f117270d386b5a71,0,0,0.0,False,0,0
2105,0.5259999999999975,82944,6a242012867dc8b837e29b1a8324e93d22fc3f743ff363b5f117270d386b5a71,0,0,0.0,False,0,0
2106,0.5262499999999974,82944,6a242012867dc8b837e29b1a8324e93d22fc3f743ff363b5f117270d386b5a71,0,0,0.0,False,0,0
2107,0.5264999999999974,82944,6a242012867dc8b837e29b1a8324e93d22fc3f743ff363b5f117270d386b5a71,0,0,0.0,False,0,0
2108,0.5267499999999974,82944,6a242012867dc8b837e29b1a8324e93d22fc3f743ff363b5f117270d386b5a71,0,0,0.0,False,0,0
2109,0.5269999999999974,82944,6a242012867dc8b837e29b1a8324e93d22fc3f743ff363b5f117270d386b5a71,0,0,0.0,False,0,0
2110,0.5272499999999973,82944,6a242012867dc8b837e29b1a8324e93d22fc3f743ff363b5f117270d386b5a71,0,0,0.0,False,0,0
2111,0.5274999999999973,82944,6a242012867dc8b837e29b1a8324e93d22fc3f743ff363b5f117270d386b5a71,0,0,0.0,False,0,0
2112,0.5277499999999973,82944,6a242012867dc8b837e29b1a8324e93d22fc3f743ff363b5f117270d386b5a71,0,0,0.0,False,0,0
2113,0.5279999999999972,82944,6a242012867dc8b837e29b1a8324e93d22fc3f743ff363b5f117270d386b5a71,0,0,0.0,False,0,0
2114,0.5282499999999972,82944,6a242012867dc8b837e29b1a8324e93d22fc3f743ff363b5f117270d386b5a71,0,0,0.0,False,0,0
2115,0.5284999999999972,82944,6a242012867dc8b837e29b1a8324e93d22fc3f743ff363b5f117270d386b5a71,0,0,0.0,False,0,0
2116,0.5287499999999972,82944,6a242012867dc8b837e29b1a8324e93d22fc3f743ff363b5f117270d386b5a71,0,0,0.0,False,0,0
2117,0.5289999999999971,82944,6a242012867dc8b837e29b1a8324e93d22fc3f743ff363b5f117270d386b5a71,0,0,0.0,False,0,0
2118,0.5292499999999971,82944,6a242012867dc8b837e29b1a8324e93d22fc3f743ff363b5f117270d386b5a71,0,0,0.0,False,0,0
2119,0.5294999999999971,82944,6a242012867dc8b837e29b1a8324e93d22fc3f743ff363b5f117270d386b5a71,0,0,0.0,False,0,0
2120,0.5297499999999971,82944,6a242012867dc8b837e29b1a8324e93d22fc3f743ff363b5f117270d386b5a71,0,0,0.0,False,0,0
2121,0.529999999999997,82944,6a242012867dc8b837e29b1a8324e93d22fc3f743ff363b5f117270d386b5a71,0,0,0.0,False,0,0
2122,0.530249999999997,82944,6a242012867dc8b837e29b1a8324e93d22fc3f743ff363b5f117270d386b5a71,0,0,0.0,False,0,0
2123,0.530499999999997,82944,6a242012867dc8b837e29b1a8324e93d22fc3f743ff363b5f117270d386b5a71,0,0,0.0,False,0,0
2124,0.530749999999997,82944,6a242012867dc8b837e29b1a8324e93d22fc3f743ff363b5f117270d386b5a71,0,0,0.0,False,0,0
2125,0.5309999999999969,82944,6a242012867dc8b837e29b1a8324e93d22fc3f743ff363b5f117270d386b5a71,0,0,0.0,False,0,0
2126,0.5312499999999969,82944,6a242012867dc8b837e29b1a8324e93d22fc3f743ff363b5f117270d386b5a71,0,0,0.0,False,0,0
2127,0.5314999999999969,82944,6a242012867dc8b837e29b1a8324e93d22fc3f743ff363b5f117270d386b5a71,0,0,0.0,False,0,0
2128,0.5317499999999968,82944,6a242012867dc8b837e29b1a8324e93d22fc3f743ff363b5f117270d386b5a71,0,0,0.0,False,0,0
2129,0.5319999999999968,82944,6a242012867dc8b837e29b1a8324e93d22fc3f743ff363b5f117270d386b5a71,0,0,0.0,False,0,0
2130,0.5322499999999968,82944,6a242012867dc8b837e29b1a8324e93d22fc3f743ff363b5f117270d386b5a71,0,0,0.0,False,0,0
2131,0.5324999999999968,82944,6a242012867dc8b837e29b1a8324e93d22fc3f743ff363b5f117270d386b5a71,0,0,0.0,False,0,0
2132,0.5327499999999967,82944,6a242012867dc8b837e29b1a8324e93d22fc3f743ff363b5f117270d386b5a71,0,0,0.0,False,0,0
2133,0.5329999999999967,82944,6a242012867dc8b837e29b1a8324e93d22fc3f743ff363b5f117270d386b5a71,0,0,0.0,False,0,0
2134,0.5332499999999967,82944,6a242012867dc8b837e29b1a8324e93d22fc3f743ff363b5f117270d386b5a71,0,0,0.0,False,0,0
2135,0.5334999999999966,82944,6a242012867dc8b837e29b1a8324e93d22fc3f743ff363b5f117270d386b5a71,0,0,0.0,False,0,0
2136,0.5337499999999966,82944,6a242012867dc8b837e29b1a8324e93d22fc3f743ff363b5f117270d386b5a71,0,0,0.0,False,0,0
2137,0.5339999999999966,82944,6a242012867dc8b837e29b1a8324e93d22fc3f743ff363b5f117270d386b5a71,0,0,0.0,False,0,0
2138,0.5342499999999966,82944,6a242012867dc8b837e29b1a8324e93d22fc3f743ff363b5f117270d386b5a71,0,0,0.0,False,0,0
2139,0.5344999999999965,82944,6a242012867dc8b837e29b1a8324e93d22fc3f743ff363b5f117270d386b5a71,0,0,0.0,False,0,0
2140,0.5347499999999965,82944,6a242012867dc8b837e29b1a8324e93d22fc3f743ff363b5f117270d386b5a71,0,0,0.0,False,0,0
2141,0.5349999999999965,82944,6a242012867dc8b837e29b1a8324e93d22fc3f743ff363b5f117270d386b5a71,0,0,0.0,False,0,0
2142,0.5352499999999965,82944,6a242012867dc8b837e29b1a8324e93d22fc3f743ff363b5f117270d386b5a71,0,0,0.0,False,0,0
2143,0.5354999999999964,82944,6a242012867dc8b837e29b1a8324e93d22fc3f743ff363b5f117270d386b5a71,0,0,0.0,False,0,0
2144,0.5357499999999964,82944,6a242012867dc8b837e29b1a8324e93d22fc3f743ff363b5f117270d386b5a71,0,0,0.0,False,0,0
2145,0.5359999999999964,82944,6a242012867dc8b837e29b1a8324e93d22fc3f743ff363b5f117270d386b5a71,0,0,0.0,False,0,0
2146,0.5362499999999963,82944,6a242012867dc8b837e29b1a8324e93d22fc3f743ff363b5f117270d386b5a71,0,0,0.0,False,0,0
2147,0.5364999999999963,82944,6a242012867dc8b837e29b1a8324e93d22fc3f743ff363b5f117270d386b5a71,0,0,0.0,False,0,0
2148,0.5367499999999963,82944,6a242012867dc8b837e29b1a8324e93d22fc3f743ff363b5f117270d386b5a71,0,0,0.0,False,0,0
2149,0.5369999999999963,82944,6a242012867dc8b837e29b1a8324e93d22fc3f743ff363b5f117270d386b5a71,0,0,0.0,False,0,0
2150,0.5372499999999962,82944,6a242012867dc8b837e29b1a8324e93d22fc3f743ff363b5f117270d386b5a71,0,0,0.0,False,0,0
2151,0.5374999999999962,82944,6a242012867dc8b837e29b1a8324e93d22fc3f743ff363b5f117270d386b5a71,0,0,0.0,False,0,0
2152,0.5377499999999962,82944,6a242012867dc8b837e29b1a8324e93d22fc3f743ff363b5f117270d386b5a71,0,0,0.0,False,0,0
2153,0.5379999999999961,82944,6a242012867dc8b837e29b1a8324e93d22fc3f743ff363b5f117270d386b5a71,0,0,0.0,False,0,0
2154,0.5382499999999961,82944,6a242012867dc8b837e29b1a8324e93d22fc3f743ff363b5f117270d386b5a71,0,0,0.0,False,0,0
2155,0.5384999999999961,82944,6a242012867dc8b837e29b1a8324e93d22fc3f743ff363b5f117270d386b5a71,0,0,0.0,False,0,0
2156,0.5387499999999961,82944,6a242012867dc8b837e29b1a8324e93d22fc3f743ff363b5f117270d386b5a71,0,0,0.0,False,0,0
2157,0.538999999999996,82944,6a242012867dc8b837e29b1a8324e93d22fc3f743ff363b5f117270d386b5a71,0,0,0.0,False,0,0
2158,0.539249999999996,82944,6a242012867dc8b837e29b1a8324e93d22fc3f743ff363b5f117270d386b5a71,0,0,0.0,False,0,0
2159,0.539499999999996,82944,6a242012867dc8b837e29b1a8324e93d22fc3f743ff363b5f117270d386b5a71,0,0,0.0,False,0,0
2160,0.539749999999996,82944,6a242012867dc8b837e29b1a8324e93d22fc3f743ff363b5f117270d386b5a71,0,0,0.0,False,0,0
2161,0.5399999999999959,82944,6a242012867dc8b837e29b1a8324e93d22fc3f743ff363b5f117270d386b5a71,0,0,0.0,False,0,0
2162,0.5402499999999959,82944,6a242012867dc8b837e29b1a8324e93d22fc3f743ff363b5f117270d386b5a71,0,0,0.0,False,0,0
2163,0.5404999999999959,82944,6a242012867dc8b837e29b1a8324e93d22fc3f743ff363b5f117270d386b5a71,0,0,0.0,False,0,0
2164,0.5407499999999958,82944,6a242012867dc8b837e29b1a8324e93d22fc3f743ff363b5f117270d386b5a71,0,0,0.0,False,0,0
2165,0.5409999999999958,82944,6a242012867dc8b837e29b1a8324e93d22fc3f743ff363b5f117270d386b5a71,0,0,0.0,False,0,0
2166,0.5412499999999958,82944,6a242012867dc8b837e29b1a8324e93d22fc3f743ff363b5f117270d386b5a71,0,0,0.0,False,0,0
2167,0.5414999999999958,82944,6a242012867dc8b837e29b1a8324e93d22fc3f743ff363b5f117270d386b5a71,0,0,0.0,False,0,0
2168,0.5417499999999957,82944,6a242012867dc8b837e29b1a8324e93d22fc3f743ff363b5f117270d386b5a71,0,0,0.0,False,0,0
2169,0.5419999999999957,82944,6a242012867dc8b837e29b1a8324e93d22fc3f743ff363b5f117270d386b5a71,0,0,0.0,False,0,0
2170,0.5422499999999957,82944,6a242012867dc8b837e29b1a8324e93d22fc3f743ff363b5f117270d386b5a71,0,0,0.0,False,0,0
2171,0.5424999999999957,82944,6a242012867dc8b837e29b1a8324e93d22fc3f743ff363b5f117270d386b5a71,0,0,0.0,False,0,0
2172,0.5427499999999956,82944,6a242012867dc8b837e29b1a8324e93d22fc3f743ff363b5f117270d386b5a71,0,0,0.0,False,0,0
2173,0.5429999999999956,82944,6a242012867dc8b837e29b1a8324e93d22fc3f743ff363b5f117270d386b5a71,0,0,0.0,False,0,0
2174,0.5432499999999956,82944,6a242012867dc8b837e29b1a8324e93d22fc3f743ff363b5f117270d386b5a71,0,0,0.0,False,0,0
2175,0.5434999999999955,82944,6a242012867dc8b837e29b1a8324e93d22fc3f743ff363b5f117270d386b5a71,0,0,0.0,False,0,0
2176,0.5437499999999955,82944,6a242012867dc8b837e29b1a8324e93d22fc3f743ff363b5f117270d386b5a71,0,0,0.0,False,0,0
2177,0.5439999999999955,82944,6a242012867dc8b837e29b1a8324e93d22fc3f743ff363b5f117270d386b5a71,0,0,0.0,False,0,0
2178,0.5442499999999955,82944,6a242012867dc8b837e29b1a8324e93d22fc3f743ff363b5f117270d386b5a71,0,0,0.0,False,0,0
2179,0.5444999999999954,82944,6a242012867dc8b837e29b1a8324e93d22fc3f743ff363b5f117270d386b5a71,0,0,0.0,False,0,0
2180,0.5447499999999954,82944,6a242012867dc8b837e29b1a8324e93d22fc3f743ff363b5f117270d386b5a71,0,0,0.0,False,0,0
2181,0.5449999999999954,82944,6a242012867dc8b837e29b1a8324e93d22fc3f743ff363b5f117270d386b5a71,0,0,0.0,False,0,0
2182,0.5452499999999953,82944,6a242012867dc8b837e29b1a8324e93d22fc3f743ff363b5f117270d386b5a71,0,0,0.0,False,0,0
2183,0.5454999999999953,82944,6a242012867dc8b837e29b1a8324e93d22fc3f743ff363b5f117270d386b5a71,0,0,0.0,False,0,0
2184,0.5457499999999953,82944,6a242012867dc8b837e29b1a8324e93d22fc3f743ff363b5f117270d386b5a71,0,0,0.0,False,0,0
2185,0.5459999999999953,82944,6a242012867dc8b837e29b1a8324e93d22fc3f743ff363b5f117270d386b5a71,0,0,0.0,False,0,0
2186,0.5462499999999952,82944,6a242012867dc8b837e29b1a8324e93d22fc3f743ff363b5f117270d386b5a71,0,0,0.0,False,0,0
2187,0.5464999999999952,82944,6a242012867dc8b837e29b1a8324e93d22fc3f743ff363b5f117270d386b5a71,0,0,0.0,False,0,0
2188,0.5467499999999952,82944,6a242012867dc8b837e29b1a8324e93d22fc3f743ff363b5f117270d386b5a71,0,0,0.0,False,0,0
2189,0.5469999999999952,82944,6a242012867dc8b837e29b1a8324e93d22fc3f743ff363b5f117270d386b5a71,0,0,0.0,False,0,0
2190,0.5472499999999951,82944,6a242012867dc8b837e29b1a8324e93d22fc3f743ff363b5f117270d386b5a71,0,0,0.0,False,0,0
2191,0.5474999999999951,82944,6a242012867dc8b837e29b1a8324e93d22fc3f743ff363b5f117270d386b5a71,0,0,0.0,False,0,0
2192,0.5477499999999951,82944,6a242012867dc8b837e29b1a8324e93d22fc3f743ff363b5f117270d386b5a71,0,0,0.0,False,0,0
2193,0.547999999999995,82944,6a242012867dc8b837e29b1a8324e93d22fc3f743ff363b5f117270d386b5a71,0,0,0.0,False,0,0
2194,0.548249999999995,82944,6a242012867dc8b837e29b1a8324e93d22fc3f743ff363b5f117270d386b5a71,0,0,0.0,False,0,0
2195,0.548499999999995,82944,6a242012867dc8b837e29b1a8324e93d22fc3f743ff363b5f117270d386b5a71,0,0,0.0,False,0,0
2196,0.548749999999995,82944,6a242012867dc8b837e29b1a8324e93d22fc3f743ff363b5f117270d386b5a71,0,0,0.0,False,0,0
2197,0.5489999999999949,82944,6a242012867dc8b837e29b1a8324e93d22fc3f743ff363b5f117270d386b5a71,0,0,0.0,False,0,0
2198,0.5492499999999949,82944,6a242012867dc8b837e29b1a8324e93d22fc3f743ff363b5f117270d386b5a71,0,0,0.0,False,0,0
2199,0.5494999999999949,82944,6a242012867dc8b837e29b1a8324e93d22fc3f743ff363b5f117270d386b5a71,0,0,0.0,False,0,0
2200,0.5497499999999949,82944,6a242012867dc8b837e29b1a8324e93d22fc3f743ff363b5f117270d386b5a71,0,0,0.0,False,0,0
2201,0.5499999999999948,82944,6a242012867dc8b837e29b1a8324e93d22fc3f743ff363b5f117270d386b5a71,0,0,0.0,False,0,0
2202,0.5502499999999948,82944,6a242012867dc8b837e29b1a8324e93d22fc3f743ff363b5f117270d386b5a71,0,0,0.0,False,0,0
2203,0.5504999999999948,82944,6a242012867dc8b837e29b1a8324e93d22fc3f743ff363b5f117270d386b5a71,0,0,0.0,False,0,0
2204,0.5507499999999947,82944,6a242012867dc8b837e29b1a8324e93d22fc3f743ff363b5f117270d386b5a71,0,0,0.0,False,0,0
2205,0.5509999999999947,82944,6a242012867dc8b837e29b1a8324e93d22fc3f743ff363b5f117270d386b5a71,0,0,0.0,False,0,0
2206,0.5512499999999947,82944,6a242012867dc8b837e29b1a8324e93d22fc3f743ff363b5f117270d386b5a71,0,0,0.0,False,0,0
2207,0.5514999999999947,82944,6a242012867dc8b837e29b1a8324e93d22fc3f743ff363b5f117270d386b5a71,0,0,0.0,False,0,0
2208,0.5517499999999946,82944,6a242012867dc8b837e29b1a8324e93d22fc3f743ff363b5f117270d386b5a71,0,0,0.0,False,0,0
2209,0.5519999999999946,82944,6a242012867dc8b837e29b1a8324e93d22fc3f743ff363b5f117270d386b5a71,0,0,0.0,False,0,0
2210,0.5522499999999946,82944,6a242012867dc8b837e29b1a8324e93d22fc3f743ff363b5f117270d386b5a71,0,0,0.0,False,0,0
2211,0.5524999999999946,82944,6a242012867dc8b837e29b1a8324e93d22fc3f743ff363b5f117270d386b5a71,0,0,0.0,False,0,0
2212,0.5527499999999945,82944,6a242012867dc8b837e29b1a8324e93d22fc3f743ff363b5f117270d386b5a71,0,0,0.0,False,0,0
2213,0.5529999999999945,82944,6a242012867dc8b837e29b1a8324e93d22fc3f743ff363b5f117270d386b5a71,0,0,0.0,False,0,0
2214,0.5532499999999945,82944,6a242012867dc8b837e29b1a8324e93d22fc3f743ff363b5f117270d386b5a71,0,0,0.0,False,0,0
2215,0.5534999999999944,82944,6a242012867dc8b837e29b1a8324e93d22fc3f743ff363b5f117270d386b5a71,0,0,0.0,False,0,0
2216,0.5537499999999944,82944,6a242012867dc8b837e29b1a8324e93d22fc3f743ff363b5f117270d386b5a71,0,0,0.0,False,0,0
2217,0.5539999999999944,82944,6a242012867dc8b837e29b1a8324e93d22fc3f743ff363b5f117270d386b5a71,0,0,0.0,False,0,0
2218,0.5542499999999944,82944,6a242012867dc8b837e29b1a8324e93d22fc3f743ff363b5f117270d386b5a71,0,0,0.0,False,0,0
2219,0.5544999999999943,82944,6a242012867dc8b837e29b1a8324e93d22fc3f743ff363b5f117270d386b5a71,0,0,0.0,False,0,0
2220,0.5547499999999943,82944,6a242012867dc8b837e29b1a8324e93d22fc3f743ff363b5f117270d386b5a71,0,0,0.0,False,0,0
2221,0.5549999999999943,82944,6a242012867dc8b837e29b1a8324e93d22fc3f743ff363b5f117270d386b5a71,0,0,0.0,False,0,0
2222,0.5552499999999942,82944,6a242012867dc8b837e29b1a8324e93d22fc3f743ff363b5f117270d386b5a71,0,0,0.0,False,0,0
2223,0.5554999999999942,82944,6a242012867dc8b837e29b1a8324e93d22fc3f743ff363b5f117270d386b5a71,0,0,0.0,False,0,0
2224,0.5557499999999942,82944,6a242012867dc8b837e29b1a8324e93d22fc3f743ff363b5f117270d386b5a71,0,0,0.0,False,0,0
2225,0.5559999999999942,82944,6a242012867dc8b837e29b1a8324e93d22fc3f743ff363b5f117270d386b5a71,0,0,0.0,False,0,0
2226,0.5562499999999941,82944,6a242012867dc8b837e29b1a8324e93d22fc3f743ff363b5f117270d386b5a71,0,0,0.0,False,0,0
2227,0.5564999999999941,82944,6a242012867dc8b837e29b1a8324e93d22fc3f743ff363b5f117270d386b5a71,0,0,0.0,False,0,0
2228,0.5567499999999941,82944,6a242012867dc8b837e29b1a8324e93d22fc3f743ff363b5f117270d386b5a71,0,0,0.0,False,0,0
2229,0.556999999999994,82944,6a242012867dc8b837e29b1a8324e93d22fc3f743ff363b5f117270d386b5a71,0,0,0.0,False,0,0
2230,0.557249999999994,82944,6a242012867dc8b837e29b1a8324e93d22fc3f743ff363b5f117270d386b5a71,0,0,0.0,False,0,0
2231,0.557499999999994,82944,6a242012867dc8b837e29b1a8324e93d22fc3f743ff363b5f117270d386b5a71,0,0,0.0,False,0,0
2232,0.557749999999994,82944,6a242012867dc8b837e29b1a8324e93d22fc3f743ff363b5f117270d386b5a71,0,0,0.0,False,0,0
2233,0.557999999999994,82944,6a242012867dc8b837e29b1a8324e93d22fc3f743ff363b5f117270d386b5a71,0,0,0.0,False,0,0
2234,0.5582499999999939,82944,6a242012867dc8b837e29b1a8324e93d22fc3f743ff363b5f117270d386b5a71,0,0,0.0,False,0,0
2235,0.5584999999999939,82944,6a242012867dc8b837e29b1a8324e93d22fc3f743ff363b5f117270d386b5a71,0,0,0.0,False,0,0
2236,0.5587499999999939,82944,6a242012867dc8b837e29b1a8324e93d22fc3f743ff363b5f117270d386b5a71,0,0,0.0,False,0,0
2237,0.5589999999999938,82944,6a242012867dc8b837e29b1a8324e93d22fc3f743ff363b5f117270d386b5a71,0,0,0.0,False,0,0
2238,0.5592499999999938,82944,6a242012867dc8b837e29b1a8324e93d22fc3f743ff363b5f117270d386b5a71,0,0,0.0,False,0,0
2239,0.5594999999999938,82944,6a242012867dc8b837e29b1a8324e93d22fc3f743ff363b5f117270d386b5a71,0,0,0.0,False,0,0
2240,0.5597499999999938,82944,6a242012867dc8b837e29b1a8324e93d22fc3f743ff363b5f117270d386b5a71,0,0,0.0,False,0,0
2241,0.5599999999999937,82944,6a242012867dc8b837e29b1a8324e93d22fc3f743ff363b5f117270d386b5a71,0,0,0.0,False,0,0
2242,0.5602499999999937,82944,6a242012867dc8b837e29b1a8324e93d22fc3f743ff363b5f117270d386b5a71,0,0,0.0,False,0,0
2243,0.5604999999999937,82944,6a242012867dc8b837e29b1a8324e93d22fc3f743ff363b5f117270d386b5a71,0,0,0.0,False,0,0
2244,0.5607499999999936,82944,6a242012867dc8b837e29b1a8324e93d22fc3f743ff363b5f117270d386b5a71,0,0,0.0,False,0,0
2245,0.5609999999999936,82944,6a242012867dc8b837e29b1a8324e93d22fc3f743ff363b5f117270d386b5a71,0,0,0.0,False,0,0
2246,0.5612499999999936,82944,6a242012867dc8b837e29b1a8324e93d22fc3f743ff363b5f117270d386b5a71,0,0,0.0,False,0,0
2247,0.5614999999999936,82944,6a242012867dc8b837e29b1a8324e93d22fc3f743ff363b5f117270d386b5a71,0,0,0.0,False,0,0
2248,0.5617499999999935,82944,6a242012867dc8b837e29b1a8324e93d22fc3f743ff363b5f117270d386b5a71,0,0,0.0,False,0,0
2249,0.5619999999999935,82944,6a242012867dc8b837e29b1a8324e93d22fc3f743ff363b5f117270d386b5a71,0,0,0.0,False,0,0
2250,0.5622499999999935,82944,6a242012867dc8b837e29b1a8324e93d22fc3f743ff363b5f117270d386b5a71,0,0,0.0,False,0,0
2251,0.5624999999999934,82944,6a242012867dc8b837e29b1a8324e93d22fc3f743ff363b5f117270d386b5a71,0,0,0.0,False,0,0
2252,0.5627499999999934,82944,6a242012867dc8b837e29b1a8324e93d22fc3f743ff363b5f117270d386b5a71,0,0,0.0,False,0,0
2253,0.5629999999999934,82944,6a242012867dc8b837e29b1a8324e93d22fc3f743ff363b5f117270d386b5a71,0,0,0.0,False,0,0
2254,0.5632499999999934,82944,6a242012867dc8b837e29b1a8324e93d22fc3f743ff363b5f117270d386b5a71,0,0,0.0,False,0,0
2255,0.5634999999999933,82944,6a242012867dc8b837e29b1a8324e93d22fc3f743ff363b5f117270d386b5a71,0,0,0.0,False,0,0
2256,0.5637499999999933,82944,6a242012867dc8b837e29b1a8324e93d22fc3f743ff363b5f117270d386b5a71,0,0,0.0,False,0,0
2257,0.5639999999999933,82944,6a242012867dc8b837e29b1a8324e93d22fc3f743ff363b5f117270d386b5a71,0,0,0.0,False,0,0
2258,0.5642499999999933,82944,6a242012867dc8b837e29b1a8324e93d22fc3f743ff363b5f117270d386b5a71,0,0,0.0,False,0,0
2259,0.5644999999999932,82944,6a242012867dc8b837e29b1a8324e93d22fc3f743ff363b5f117270d386b5a71,0,0,0.0,False,0,0
2260,0.5647499999999932,82944,6a242012867dc8b837e29b1a8324e93d22fc3f743ff363b5f117270d386b5a71,0,0,0.0,False,0,0
2261,0.5649999999999932,82944,6a242012867dc8b837e29b1a8324e93d22fc3f743ff363b5f117270d386b5a71,0,0,0.0,False,0,0
2262,0.5652499999999931,82944,6a242012867dc8b837e29b1a8324e93d22fc3f743ff363b5f117270d386b5a71,0,0,0.0,False,0,0
2263,0.5654999999999931,82944,6a242012867dc8b837e29b1a8324e93d22fc3f743ff363b5f117270d386b5a71,0,0,0.0,False,0,0
2264,0.5657499999999931,82944,6a242012867dc8b837e29b1a8324e93d22fc3f743ff363b5f117270d386b5a71,0,0,0.0,False,0,0
2265,0.5659999999999931,82944,6a242012867dc8b837e29b1a8324e93d22fc3f743ff363b5f117270d386b5a71,0,0,0.0,False,0,0
2266,0.566249999999993,82944,6a242012867dc8b837e29b1a8324e93d22fc3f743ff363b5f117270d386b5a71,0,0,0.0,False,0,0
2267,0.566499999999993,82944,6a242012867dc8b837e29b1a8324e93d22fc3f743ff363b5f117270d386b5a71,0,0,0.0,False,0,0
2268,0.566749999999993,82944,6a242012867dc8b837e29b1a8324e93d22fc3f743ff363b5f117270d386b5a71,0,0,0.0,False,0,0
2269,0.566999999999993,82944,6a242012867dc8b837e29b1a8324e93d22fc3f743ff363b5f117270d386b5a71,0,0,0.0,False,0,0
2270,0.5672499999999929,82944,6a242012867dc8b837e29b1a8324e93d22fc3f743ff363b5f117270d386b5a71,0,0,0.0,False,0,0
2271,0.5674999999999929,82944,6a242012867dc8b837e29b1a8324e93d22fc3f743ff363b5f117270d386b5a71,0,0,0.0,False,0,0
2272,0.5677499999999929,82944,6a242012867dc8b837e29b1a8324e93d22fc3f743ff363b5f117270d386b5a71,0,0,0.0,False,0,0
2273,0.5679999999999928,82944,6a242012867dc8b837e29b1a8324e93d22fc3f743ff363b5f117270d386b5a71,0,0,0.0,False,0,0
2274,0.5682499999999928,82944,6a242012867dc8b837e29b1a8324e93d22fc3f743ff363b5f117270d386b5a71,0,0,0.0,False,0,0
2275,0.5684999999999928,82944,6a242012867dc8b837e29b1a8324e93d22fc3f743ff363b5f117270d386b5a71,0,0,0.0,False,0,0
2276,0.5687499999999928,82944,6a242012867dc8b837e29b1a8324e93d22fc3f743ff363b5f117270d386b5a71,0,0,0.0,False,0,0
2277,0.5689999999999927,82944,6a242012867dc8b837e29b1a8324e93d22fc3f743ff363b5f117270d386b5a71,0,0,0.0,False,0,0
2278,0.5692499999999927,82944,6a242012867dc8b837e29b1a8324e93d22fc3f743ff363b5f117270d386b5a71,0,0,0.0,False,0,0
2279,0.5694999999999927,82944,6a242012867dc8b837e29b1a8324e93d22fc3f743ff363b5f117270d386b5a71,0,0,0.0,False,0,0
2280,0.5697499999999927,82944,6a242012867dc8b837e29b1a8324e93d22fc3f743ff363b5f117270d386b5a71,0,0,0.0,False,0,0
2281,0.5699999999999926,82944,6a242012867dc8b837e29b1a8324e93d22fc3f743ff363b5f117270d386b5a71,0,0,0.0,False,0,0
2282,0.5702499999999926,82944,6a242012867dc8b837e29b1a8324e93d22fc3f743ff363b5f117270d386b5a71,0,0,0.0,False,0,0
2283,0.5704999999999926,82944,6a242012867dc8b837e29b1a8324e93d22fc3f743ff363b5f117270d386b5a71,0,0,0.0,False,0,0
2284,0.5707499999999925,82944,6a242012867dc8b837e29b1a8324e93d22fc3f743ff363b5f117270d386b5a71,0,0,0.0,False,0,0
2285,0.5709999999999925,82944,6a242012867dc8b837e29b1a8324e93d22fc3f743ff363b5f117270d386b5a71,0,0,0.0,False,0,0
2286,0.5712499999999925,82944,6a242012867dc8b837e29b1a8324e93d22fc3f743ff363b5f117270d386b5a71,0,0,0.0,False,0,0
2287,0.5714999999999925,82944,6a242012867dc8b837e29b1a8324e93d22fc3f743ff363b5f117270d386b5a71,0,0,0.0,False,0,0
2288,0.5717499999999924,82944,6a242012867dc8b837e29b1a8324e93d22fc3f743ff363b5f117270d386b5a71,0,0,0.0,False,0,0
2289,0.5719999999999924,82944,6a242012867dc8b837e29b1a8324e93d22fc3f743ff363b5f117270d386b5a71,0,0,0.0,False,0,0
2290,0.5722499999999924,82944,6a242012867dc8b837e29b1a8324e93d22fc3f743ff363b5f117270d386b5a71,0,0,0.0,False,0,0
2291,0.5724999999999923,82944,6a242012867dc8b837e29b1a8324e93d22fc3f743ff363b5f117270d386b5a71,0,0,0.0,False,0,0
2292,0.5727499999999923,82944,6a242012867dc8b837e29b1a8324e93d22fc3f743ff363b5f117270d386b5a71,0,0,0.0,False,0,0
2293,0.5729999999999923,82944,6a242012867dc8b837e29b1a8324e93d22fc3f743ff363b5f117270d386b5a71,0,0,0.0,False,0,0
2294,0.5732499999999923,82944,6a242012867dc8b837e29b1a8324e93d22fc3f743ff363b5f117270d386b5a71,0,0,0.0,False,0,0
2295,0.5734999999999922,82944,6a242012867dc8b837e29b1a8324e93d22fc3f743ff363b5f117270d386b5a71,0,0,0.0,False,0,0
2296,0.5737499999999922,82944,6a242012867dc8b837e29b1a8324e93d22fc3f743ff363b5f117270d386b5a71,0,0,0.0,False,0,0
2297,0.5739999999999922,82944,6a242012867dc8b837e29b1a8324e93d22fc3f743ff363b5f117270d386b5a71,0,0,0.0,False,0,0
2298,0.5742499999999922,82944,6a242012867dc8b837e29b1a8324e93d22fc3f743ff363b5f117270d386b5a71,0,0,0.0,False,0,0
2299,0.5744999999999921,82944,6a242012867dc8b837e29b1a8324e93d22fc3f743ff363b5f117270d386b5a71,0,0,0.0,False,0,0
2300,0.5747499999999921,82944,6a242012867dc8b837e29b1a8324e93d22fc3f743ff363b5f117270d386b5a71,0,0,0.0,False,0,0
2301,0.5749999999999921,82944,6a242012867dc8b837e29b1a8324e93d22fc3f743ff363b5f117270d386b5a71,0,0,0.0,False,0,0
2302,0.575249999999992,82944,6a242012867dc8b837e29b1a8324e93d22fc3f743ff363b5f117270d386b5a71,0,0,0.0,False,0,0
2303,0.575499999999992,82944,6a242012867dc8b837e29b1a8324e93d22fc3f743ff363b5f117270d386b5a71,0,0,0.0,False,0,0
2304,0.575749999999992,82944,6a242012867dc8b837e29b1a8324e93d22fc3f743ff363b5f117270d386b5a71,0,0,0.0,False,0,0
2305,0.575999999999992,82944,6a242012867dc8b837e29b1a8324e93d22fc3f743ff363b5f117270d386b5a71,0,0,0.0,False,0,0
2306,0.5762499999999919,82944,6a242012867dc8b837e29b1a8324e93d22fc3f743ff363b5f117270d386b5a71,0,0,0.0,False,0,0
2307,0.5764999999999919,82944,6a242012867dc8b837e29b1a8324e93d22fc3f743ff363b5f117270d386b5a71,0,0,0.0,False,0,0
2308,0.5767499999999919,82944,6a242012867dc8b837e29b1a8324e93d22fc3f743ff363b5f117270d386b5a71,0,0,0.0,False,0,0
2309,0.5769999999999919,82944,6a242012867dc8b837e29b1a8324e93d22fc3f743ff363b5f117270d386b5a71,0,0,0.0,False,0,0
2310,0.5772499999999918,82944,6a242012867dc8b837e29b1a8324e93d22fc3f743ff363b5f117270d386b5a71,0,0,0.0,False,0,0
2311,0.5774999999999918,82944,6a242012867dc8b837e29b1a8324e93d22fc3f743ff363b5f117270d386b5a71,0,0,0.0,False,0,0
2312,0.5777499999999918,82944,6a242012867dc8b837e29b1a8324e93d22fc3f743ff363b5f117270d386b5a71,0,0,0.0,False,0,0
2313,0.5779999999999917,82944,6a242012867dc8b837e29b1a8324e93d22fc3f743ff363b5f117270d386b5a71,0,0,0.0,False,0,0
2314,0.5782499999999917,82944,6a242012867dc8b837e29b1a8324e93d22fc3f743ff363b5f117270d386b5a71,0,0,0.0,False,0,0
2315,0.5784999999999917,82944,6a242012867dc8b837e29b1a8324e93d22fc3f743ff363b5f117270d386b5a71,0,0,0.0,False,0,0
2316,0.5787499999999917,82944,6a242012867dc8b837e29b1a8324e93d22fc3f743ff363b5f117270d386b5a71,0,0,0.0,False,0,0
2317,0.5789999999999916,82944,6a242012867dc8b837e29b1a8324e93d22fc3f743ff363b5f117270d386b5a71,0,0,0.0,False,0,0
2318,0.5792499999999916,82944,6a242012867dc8b837e29b1a8324e93d22fc3f743ff363b5f117270d386b5a71,0,0,0.0,False,0,0
2319,0.5794999999999916,82944,6a242012867dc8b837e29b1a8324e93d22fc3f743ff363b5f117270d386b5a71,0,0,0.0,False,0,0
2320,0.5797499999999915,82944,6a242012867dc8b837e29b1a8324e93d22fc3f743ff363b5f117270d386b5a71,0,0,0.0,False,0,0
2321,0.5799999999999915,82944,6a242012867dc8b837e29b1a8324e93d22fc3f743ff363b5f117270d386b5a71,0,0,0.0,False,0,0
2322,0.5802499999999915,82944,6a242012867dc8b837e29b1a8324e93d22fc3f743ff363b5f117270d386b5a71,0,0,0.0,False,0,0
2323,0.5804999999999915,82944,6a242012867dc8b837e29b1a8324e93d22fc3f743ff363b5f117270d386b5a71,0,0,0.0,False,0,0
2324,0.5807499999999914,82944,6a242012867dc8b837e29b1a8324e93d22fc3f743ff363b5f117270d386b5a71,0,0,0.0,False,0,0
2325,0.5809999999999914,82944,6a242012867dc8b837e29b1a8324e93d22fc3f743ff363b5f117270d386b5a71,0,0,0.0,False,0,0
2326,0.5812499999999914,82944,6a242012867dc8b837e29b1a8324e93d22fc3f743ff363b5f117270d386b5a71,0,0,0.0,False,0,0
2327,0.5814999999999914,82944,6a242012867dc8b837e29b1a8324e93d22fc3f743ff363b5f117270d386b5a71,0,0,0.0,False,0,0
2328,0.5817499999999913,82944,6a242012867dc8b837e29b1a8324e93d22fc3f743ff363b5f117270d386b5a71,0,0,0.0,False,0,0
2329,0.5819999999999913,82944,6a242012867dc8b837e29b1a8324e93d22fc3f743ff363b5f117270d386b5a71,0,0,0.0,False,0,0
2330,0.5822499999999913,82944,6a242012867dc8b837e29b1a8324e93d22fc3f743ff363b5f117270d386b5a71,0,0,0.0,False,0,0
2331,0.5824999999999912,82944,6a242012867dc8b837e29b1a8324e93d22fc3f743ff363b5f117270d386b5a71,0,0,0.0,False,0,0
2332,0.5827499999999912,82944,6a242012867dc8b837e29b1a8324e93d22fc3f743ff363b5f117270d386b5a71,0,0,0.0,False,0,0
2333,0.5829999999999912,82944,6a242012867dc8b837e29b1a8324e93d22fc3f743ff363b5f117270d386b5a71,0,0,0.0,False,0,0
2334,0.5832499999999912,82944,6a242012867dc8b837e29b1a8324e93d22fc3f743ff363b5f117270d386b5a71,0,0,0.0,False,0,0
2335,0.5834999999999911,82944,6a242012867dc8b837e29b1a8324e93d22fc3f743ff363b5f117270d386b5a71,0,0,0.0,False,0,0
2336,0.5837499999999911,82944,6a242012867dc8b837e29b1a8324e93d22fc3f743ff363b5f117270d386b5a71,0,0,0.0,False,0,0
2337,0.5839999999999911,82944,6a242012867dc8b837e29b1a8324e93d22fc3f743ff363b5f117270d386b5a71,0,0,0.0,False,0,0
2338,0.584249999999991,82944,6a242012867dc8b837e29b1a8324e93d22fc3f743ff363b5f117270d386b5a71,0,0,0.0,False,0,0
2339,0.584499999999991,82944,6a242012867dc8b837e29b1a8324e93d22fc3f743ff363b5f117270d386b5a71,0,0,0.0,False,0,0
2340,0.584749999999991,82944,6a242012867dc8b837e29b1a8324e93d22fc3f743ff363b5f117270d386b5a71,0,0,0.0,False,0,0
2341,0.584999999999991,82944,6a242012867dc8b837e29b1a8324e93d22fc3f743ff363b5f117270d386b5a71,0,0,0.0,False,0,0
2342,0.5852499999999909,82944,6a242012867dc8b837e29b1a8324e93d22fc3f743ff363b5f117270d386b5a71,0,0,0.0,False,0,0
2343,0.5854999999999909,82944,6a242012867dc8b837e29b1a8324e93d22fc3f743ff363b5f117270d386b5a71,0,0,0.0,False,0,0
2344,0.5857499999999909,82944,6a242012867dc8b837e29b1a8324e93d22fc3f743ff363b5f117270d386b5a71,0,0,0.0,False,0,0
2345,0.5859999999999909,82944,6a242012867dc8b837e29b1a8324e93d22fc3f743ff363b5f117270d386b5a71,0,0,0.0,False,0,0
2346,0.5862499999999908,82944,6a242012867dc8b837e29b1a8324e93d22fc3f743ff363b5f117270d386b5a71,0,0,0.0,False,0,0
2347,0.5864999999999908,82944,6a242012867dc8b837e29b1a8324e93d22fc3f743ff363b5f117270d386b5a71,0,0,0.0,False,0,0
2348,0.5867499999999908,82944,6a242012867dc8b837e29b1a8324e93d22fc3f743ff363b5f117270d386b5a71,0,0,0.0,False,0,0
2349,0.5869999999999908,82944,6a242012867dc8b837e29b1a8324e93d22fc3f743ff363b5f117270d386b5a71,0,0,0.0,False,0,0
2350,0.5872499999999907,82944,6a242012867dc8b837e29b1a8324e93d22fc3f743ff363b5f117270d386b5a71,0,0,0.0,False,0,0
2351,0.5874999999999907,82944,6a242012867dc8b837e29b1a8324e93d22fc3f743ff363b5f117270d386b5a71,0,0,0.0,False,0,0
2352,0.5877499999999907,82944,6a242012867dc8b837e29b1a8324e93d22fc3f743ff363b5f117270d386b5a71,0,0,0.0,False,0,0
2353,0.5879999999999906,82944,6a242012867dc8b837e29b1a8324e93d22fc3f743ff363b5f117270d386b5a71,0,0,0.0,False,0,0
2354,0.5882499999999906,82944,6a242012867dc8b837e29b1a8324e93d22fc3f743ff363b5f117270d386b5a71,0,0,0.0,False,0,0
2355,0.5884999999999906,82944,6a242012867dc8b837e29b1a8324e93d22fc3f743ff363b5f117270d386b5a71,0,0,0.0,False,0,0
2356,0.5887499999999906,82944,6a242012867dc8b837e29b1a8324e93d22fc3f743ff363b5f117270d386b5a71,0,0,0.0,False,0,0
2357,0.5889999999999905,82944,6a242012867dc8b837e29b1a8324e93d22fc3f743ff363b5f117270d386b5a71,0,0,0.0,False,0,0
2358,0.5892499999999905,82944,6a242012867dc8b837e29b1a8324e93d22fc3f743ff363b5f117270d386b5a71,0,0,0.0,False,0,0
2359,0.5894999999999905,82944,6a242012867dc8b837e29b1a8324e93d22fc3f743ff363b5f117270d386b5a71,0,0,0.0,False,0,0
2360,0.5897499999999904,82944,6a242012867dc8b837e29b1a8324e93d22fc3f743ff363b5f117270d386b5a71,0,0,0.0,False,0,0
2361,0.5899999999999904,82944,6a242012867dc8b837e29b1a8324e93d22fc3f743ff363b5f117270d386b5a71,0,0,0.0,False,0,0
2362,0.5902499999999904,82944,6a242012867dc8b837e29b1a8324e93d22fc3f743ff363b5f117270d386b5a71,0,0,0.0,False,0,0
2363,0.5904999999999904,82944,6a242012867dc8b837e29b1a8324e93d22fc3f743ff363b5f117270d386b5a71,0,0,0.0,False,0,0
2364,0.5907499999999903,82944,6a242012867dc8b837e29b1a8324e93d22fc3f743ff363b5f117270d386b5a71,0,0,0.0,False,0,0
2365,0.5909999999999903,82944,6a242012867dc8b837e29b1a8324e93d22fc3f743ff363b5f117270d386b5a71,0,0,0.0,False,0,0
2366,0.5912499999999903,82944,6a242012867dc8b837e29b1a8324e93d22fc3f743ff363b5f117270d386b5a71,0,0,0.0,False,0,0
2367,0.5914999999999903,82944,6a242012867dc8b837e29b1a8324e93d22fc3f743ff363b5f117270d386b5a71,0,0,0.0,False,0,0
2368,0.5917499999999902,82944,6a242012867dc8b837e29b1a8324e93d22fc3f743ff363b5f117270d386b5a71,0,0,0.0,False,0,0
2369,0.5919999999999902,82944,6a242012867dc8b837e29b1a8324e93d22fc3f743ff363b5f117270d386b5a71,0,0,0.0,False,0,0
2370,0.5922499999999902,82944,6a242012867dc8b837e29b1a8324e93d22fc3f743ff363b5f117270d386b5a71,0,0,0.0,False,0,0
2371,0.5924999999999901,82944,6a242012867dc8b837e29b1a8324e93d22fc3f743ff363b5f117270d386b5a71,0,0,0.0,False,0,0
2372,0.5927499999999901,82944,6a242012867dc8b837e29b1a8324e93d22fc3f743ff363b5f117270d386b5a71,0,0,0.0,False,0,0
2373,0.5929999999999901,82944,6a242012867dc8b837e29b1a8324e93d22fc3f743ff363b5f117270d386b5a71,0,0,0.0,False,0,0
2374,0.5932499999999901,82944,6a242012867dc8b837e29b1a8324e93d22fc3f743ff363b5f117270d386b5a71,0,0,0.0,False,0,0
2375,0.59349999999999,82944,6a242012867dc8b837e29b1a8324e93d22fc3f743ff363b5f117270d386b5a71,0,0,0.0,False,0,0
2376,0.59374999999999,82944,6a242012867dc8b837e29b1a8324e93d22fc3f743ff363b5f117270d386b5a71,0,0,0.0,False,0,0
2377,0.59399999999999,82944,6a242012867dc8b837e29b1a8324e93d22fc3f743ff363b5f117270d386b5a71,0,0,0.0,False,0,0
2378,0.59424999999999,82944,6a242012867dc8b837e29b1a8324e93d22fc3f743ff363b5f117270d386b5a71,0,0,0.0,False,0,0
2379,0.5944999999999899,82944,6a242012867dc8b837e29b1a8324e93d22fc3f743ff363b5f117270d386b5a71,0,0,0.0,False,0,0
2380,0.5947499999999899,82944,6a242012867dc8b837e29b1a8324e93d22fc3f743ff363b5f117270d386b5a71,0,0,0.0,False,0,0
2381,0.5949999999999899,82944,6a242012867dc8b837e29b1a8324e93d22fc3f743ff363b5f117270d386b5a71,0,0,0.0,False,0,0
2382,0.5952499999999898,82944,6a242012867dc8b837e29b1a8324e93d22fc3f743ff363b5f117270d386b5a71,0,0,0.0,False,0,0
2383,0.5954999999999898,82944,6a242012867dc8b837e29b1a8324e93d22fc3f743ff363b5f117270d386b5a71,0,0,0.0,False,0,0
2384,0.5957499999999898,82944,6a242012867dc8b837e29b1a8324e93d22fc3f743ff363b5f117270d386b5a71,0,0,0.0,False,0,0
2385,0.5959999999999898,82944,6a242012867dc8b837e29b1a8324e93d22fc3f743ff363b5f117270d386b5a71,0,0,0.0,False,0,0
2386,0.5962499999999897,82944,6a242012867dc8b837e29b1a8324e93d22fc3f743ff363b5f117270d386b5a71,0,0,0.0,False,0,0
2387,0.5964999999999897,82944,6a242012867dc8b837e29b1a8324e93d22fc3f743ff363b5f117270d386b5a71,0,0,0.0,False,0,0
2388,0.5967499999999897,82944,6a242012867dc8b837e29b1a8324e93d22fc3f743ff363b5f117270d386b5a71,0,0,0.0,False,0,0
2389,0.5969999999999897,82944,6a242012867dc8b837e29b1a8324e93d22fc3f743ff363b5f117270d386b5a71,0,0,0.0,False,0,0
2390,0.5972499999999896,82944,6a242012867dc8b837e29b1a8324e93d22fc3f743ff363b5f117270d386b5a71,0,0,0.0,False,0,0
2391,0.5974999999999896,82944,6a242012867dc8b837e29b1a8324e93d22fc3f743ff363b5f117270d386b5a71,0,0,0.0,False,0,0
2392,0.5977499999999896,82944,6a242012867dc8b837e29b1a8324e93d22fc3f743ff363b5f117270d386b5a71,0,0,0.0,False,0,0
2393,0.5979999999999895,82944,6a242012867dc8b837e29b1a8324e93d22fc3f743ff363b5f117270d386b5a71,0,0,0.0,False,0,0
2394,0.5982499999999895,82944,6a242012867dc8b837e29b1a8324e93d22fc3f743ff363b5f117270d386b5a71,0,0,0.0,False,0,0
2395,0.5984999999999895,82944,6a242012867dc8b837e29b1a8324e93d22fc3f743ff363b5f117270d386b5a71,0,0,0.0,False,0,0
2396,0.5987499999999895,82944,6a242012867dc8b837e29b1a8324e93d22fc3f743ff363b5f117270d386b5a71,0,0,0.0,False,0,0
2397,0.5989999999999894,82944,6a242012867dc8b837e29b1a8324e93d22fc3f743ff363b5f117270d386b5a71,0,0,0.0,False,0,0
2398,0.5992499999999894,82944,6a242012867dc8b837e29b1a8324e93d22fc3f743ff363b5f117270d386b5a71,0,0,0.0,False,0,0
2399,0.5994999999999894,82944,6a242012867dc8b837e29b1a8324e93d22fc3f743ff363b5f117270d386b5a71,0,0,0.0,False,0,0
2400,0.5997499999999893,82944,6a242012867dc8b837e29b1a8324e93d22fc3f743ff363b5f117270d386b5a71,0,0,0.0,False,0,0
2401,0.5999999999999893,82944,6a242012867dc8b837e29b1a8324e93d22fc3f743ff363b5f117270d386b5a71,0,0,0.0,False,0,0
2402,0.6002499999999893,82944,6a242012867dc8b837e29b1a8324e93d22fc3f743ff363b5f117270d386b5a71,0,0,0.0,False,0,0
2403,0.6004999999999893,82944,6a242012867dc8b837e29b1a8324e93d22fc3f743ff363b5f117270d386b5a71,0,0,0.0,False,0,0
2404,0.6007499999999892,82944,6a242012867dc8b837e29b1a8324e93d22fc3f743ff363b5f117270d386b5a71,0,0,0.0,False,0,0
2405,0.6009999999999892,82944,6a242012867dc8b837e29b1a8324e93d22fc3f743ff363b5f117270d386b5a71,0,0,0.0,False,0,0
2406,0.6012499999999892,82944,6a242012867dc8b837e29b1a8324e93d22fc3f743ff363b5f117270d386b5a71,0,0,0.0,False,0,0
2407,0.6014999999999892,82944,6a242012867dc8b837e29b1a8324e93d22fc3f743ff363b5f117270d386b5a71,0,0,0.0,False,0,0
2408,0.6017499999999891,82944,6a242012867dc8b837e29b1a8324e93d22fc3f743ff363b5f117270d386b5a71,0,0,0.0,False,0,0
2409,0.6019999999999891,82944,6a242012867dc8b837e29b1a8324e93d22fc3f743ff363b5f117270d386b5a71,0,0,0.0,False,0,0
2410,0.6022499999999891,82944,6a242012867dc8b837e29b1a8324e93d22fc3f743ff363b5f117270d386b5a71,0,0,0.0,False,0,0
2411,0.602499999999989,82944,6a242012867dc8b837e29b1a8324e93d22fc3f743ff363b5f117270d386b5a71,0,0,0.0,False,0,0
2412,0.602749999999989,82944,6a242012867dc8b837e29b1a8324e93d22fc3f743ff363b5f117270d386b5a71,0,0,0.0,False,0,0
2413,0.602999999999989,82944,6a242012867dc8b837e29b1a8324e93d22fc3f743ff363b5f117270d386b5a71,0,0,0.0,False,0,0
2414,0.603249999999989,82944,6a242012867dc8b837e29b1a8324e93d22fc3f743ff363b5f117270d386b5a71,0,0,0.0,False,0,0
2415,0.6034999999999889,82944,6a242012867dc8b837e29b1a8324e93d22fc3f743ff363b5f117270d386b5a71,0,0,0.0,False,0,0
2416,0.6037499999999889,82944,6a242012867dc8b837e29b1a8324e93d22fc3f743ff363b5f117270d386b5a71,0,0,0.0,False,0,0
2417,0.6039999999999889,82944,6a242012867dc8b837e29b1a8324e93d22fc3f743ff363b5f117270d386b5a71,0,0,0.0,False,0,0
2418,0.6042499999999889,82944,6a242012867dc8b837e29b1a8324e93d22fc3f743ff363b5f117270d386b5a71,0,0,0.0,False,0,0
2419,0.6044999999999888,82944,6a242012867dc8b837e29b1a8324e93d22fc3f743ff363b5f117270d386b5a71,0,0,0.0,False,0,0
2420,0.6047499999999888,82944,6a242012867dc8b837e29b1a8324e93d22fc3f743ff363b5f117270d386b5a71,0,0,0.0,False,0,0
2421,0.6049999999999888,82944,6a242012867dc8b837e29b1a8324e93d22fc3f743ff363b5f117270d386b5a71,0,0,0.0,False,0,0
2422,0.6052499999999887,82944,6a242012867dc8b837e29b1a8324e93d22fc3f743ff363b5f117270d386b5a71,0,0,0.0,False,0,0
2423,0.6054999999999887,82944,6a242012867dc8b837e29b1a8324e93d22fc3f743ff363b5f117270d386b5a71,0,0,0.0,False,0,0
2424,0.6057499999999887,82944,6a242012867dc8b837e29b1a8324e93d22fc3f743ff363b5f117270d386b5a71,0,0,0.0,False,0,0
2425,0.6059999999999887,82944,6a242012867dc8b837e29b1a8324e93d22fc3f743ff363b5f117270d386b5a71,0,0,0.0,False,0,0
2426,0.6062499999999886,82944,6a242012867dc8b837e29b1a8324e93d22fc3f743ff363b5f117270d386b5a71,0,0,0.0,False,0,0
2427,0.6064999999999886,82944,6a242012867dc8b837e29b1a8324e93d22fc3f743ff363b5f117270d386b5a71,0,0,0.0,False,0,0
2428,0.6067499999999886,82944,6a242012867dc8b837e29b1a8324e93d22fc3f743ff363b5f117270d386b5a71,0,0,0.0,False,0,0
2429,0.6069999999999885,82944,6a242012867dc8b837e29b1a8324e93d22fc3f743ff363b5f117270d386b5a71,0,0,0.0,False,0,0
2430,0.6072499999999885,82944,6a242012867dc8b837e29b1a8324e93d22fc3f743ff363b5f117270d386b5a71,0,0,0.0,False,0,0
2431,0.6074999999999885,82944,6a242012867dc8b837e29b1a8324e93d22fc3f743ff363b5f117270d386b5a71,0,0,0.0,False,0,0
2432,0.6077499999999885,82944,6a242012867dc8b837e29b1a8324e93d22fc3f743ff363b5f117270d386b5a71,0,0,0.0,False,0,0
2433,0.6079999999999884,82944,6a242012867dc8b837e29b1a8324e93d22fc3f743ff363b5f117270d386b5a71,0,0,0.0,False,0,0
2434,0.6082499999999884,82944,6a242012867dc8b837e29b1a8324e93d22fc3f743ff363b5f117270d386b5a71,0,0,0.0,False,0,0
2435,0.6084999999999884,82944,6a242012867dc8b837e29b1a8324e93d22fc3f743ff363b5f117270d386b5a71,0,0,0.0,False,0,0
2436,0.6087499999999884,82944,6a242012867dc8b837e29b1a8324e93d22fc3f743ff363b5f117270d386b5a71,0,0,0.0,False,0,0
2437,0.6089999999999883,82944,6a242012867dc8b837e29b1a8324e93d22fc3f743ff363b5f117270d386b5a71,0,0,0.0,False,0,0
2438,0.6092499999999883,82944,6a242012867dc8b837e29b1a8324e93d22fc3f743ff363b5f117270d386b5a71,0,0,0.0,False,0,0
2439,0.6094999999999883,82944,6a242012867dc8b837e29b1a8324e93d22fc3f743ff363b5f117270d386b5a71,0,0,0.0,False,0,0
2440,0.6097499999999882,82944,6a242012867dc8b837e29b1a8324e93d22fc3f743ff363b5f117270d386b5a71,0,0,0.0,False,0,0
2441,0.6099999999999882,82944,6a242012867dc8b837e29b1a8324e93d22fc3f743ff363b5f117270d386b5a71,0,0,0.0,False,0,0
2442,0.6102499999999882,82944,6a242012867dc8b837e29b1a8324e93d22fc3f743ff363b5f117270d386b5a71,0,0,0.0,False,0,0
2443,0.6104999999999882,82944,6a242012867dc8b837e29b1a8324e93d22fc3f743ff363b5f117270d386b5a71,0,0,0.0,False,0,0
2444,0.6107499999999881,82944,6a242012867dc8b837e29b1a8324e93d22fc3f743ff363b5f117270d386b5a71,0,0,0.0,False,0,0
2445,0.6109999999999881,82944,6a242012867dc8b837e29b1a8324e93d22fc3f743ff363b5f117270d386b5a71,0,0,0.0,False,0,0
2446,0.6112499999999881,82944,6a242012867dc8b837e29b1a8324e93d22fc3f743ff363b5f117270d386b5a71,0,0,0.0,False,0,0
2447,0.611499999999988,82944,6a242012867dc8b837e29b1a8324e93d22fc3f743ff363b5f117270d386b5a71,0,0,0.0,False,0,0
2448,0.611749999999988,82944,6a242012867dc8b837e29b1a8324e93d22fc3f743ff363b5f117270d386b5a71,0,0,0.0,False,0,0
2449,0.611999999999988,82944,6a242012867dc8b837e29b1a8324e93d22fc3f743ff363b5f117270d386b5a71,0,0,0.0,False,0,0
2450,0.612249999999988,82944,6a242012867dc8b837e29b1a8324e93d22fc3f743ff363b5f117270d386b5a71,0,0,0.0,False,0,0
2451,0.6124999999999879,82944,6a242012867dc8b837e29b1a8324e93d22fc3f743ff363b5f117270d386b5a71,0,0,0.0,False,0,0
2452,0.6127499999999879,82944,6a242012867dc8b837e29b1a8324e93d22fc3f743ff363b5f117270d386b5a71,0,0,0.0,False,0,0
2453,0.6129999999999879,82944,6a242012867dc8b837e29b1a8324e93d22fc3f743ff363b5f117270d386b5a71,0,0,0.0,False,0,0
2454,0.6132499999999879,82944,6a242012867dc8b837e29b1a8324e93d22fc3f743ff363b5f117270d386b5a71,0,0,0.0,False,0,0
2455,0.6134999999999878,82944,6a242012867dc8b837e29b1a8324e93d22fc3f743ff363b5f117270d386b5a71,0,0,0.0,False,0,0
2456,0.6137499999999878,82944,6a242012867dc8b837e29b1a8324e93d22fc3f743ff363b5f117270d386b5a71,0,0,0.0,False,0,0
2457,0.6139999999999878,82944,6a242012867dc8b837e29b1a8324e93d22fc3f743ff363b5f117270d386b5a71,0,0,0.0,False,0,0
2458,0.6142499999999878,82944,6a242012867dc8b837e29b1a8324e93d22fc3f743ff363b5f117270d386b5a71,0,0,0.0,False,0,0
2459,0.6144999999999877,82944,6a242012867dc8b837e29b1a8324e93d22fc3f743ff363b5f117270d386b5a71,0,0,0.0,False,0,0
2460,0.6147499999999877,82944,6a242012867dc8b837e29b1a8324e93d22fc3f743ff363b5f117270d386b5a71,0,0,0.0,False,0,0
2461,0.6149999999999877,82944,6a242012867dc8b837e29b1a8324e93d22fc3f743ff363b5f117270d386b5a71,0,0,0.0,False,0,0
2462,0.6152499999999876,82944,6a242012867dc8b837e29b1a8324e93d22fc3f743ff363b5f117270d386b5a71,0,0,0.0,False,0,0
2463,0.6154999999999876,82944,6a242012867dc8b837e29b1a8324e93d22fc3f743ff363b5f117270d386b5a71,0,0,0.0,False,0,0
2464,0.6157499999999876,82944,6a242012867dc8b837e29b1a8324e93d22fc3f743ff363b5f117270d386b5a71,0,0,0.0,False,0,0
2465,0.6159999999999876,82944,6a242012867dc8b837e29b1a8324e93d22fc3f743ff363b5f117270d386b5a71,0,0,0.0,False,0,0
2466,0.6162499999999875,82944,6a242012867dc8b837e29b1a8324e93d22fc3f743ff363b5f117270d386b5a71,0,0,0.0,False,0,0
2467,0.6164999999999875,82944,6a242012867dc8b837e29b1a8324e93d22fc3f743ff363b5f117270d386b5a71,0,0,0.0,False,0,0
2468,0.6167499999999875,82944,6a242012867dc8b837e29b1a8324e93d22fc3f743ff363b5f117270d386b5a71,0,0,0.0,False,0,0
2469,0.6169999999999874,82944,6a242012867dc8b837e29b1a8324e93d22fc3f743ff363b5f117270d386b5a71,0,0,0.0,False,0,0
2470,0.6172499999999874,82944,6a242012867dc8b837e29b1a8324e93d22fc3f743ff363b5f117270d386b5a71,0,0,0.0,False,0,0
2471,0.6174999999999874,82944,6a242012867dc8b837e29b1a8324e93d22fc3f743ff363b5f117270d386b5a71,0,0,0.0,False,0,0
2472,0.6177499999999874,82944,6a242012867dc8b837e29b1a8324e93d22fc3f743ff363b5f117270d386b5a71,0,0,0.0,False,0,0
2473,0.6179999999999873,82944,6a242012867dc8b837e29b1a8324e93d22fc3f743ff363b5f117270d386b5a71,0,0,0.0,False,0,0
2474,0.6182499999999873,82944,6a242012867dc8b837e29b1a8324e93d22fc3f743ff363b5f117270d386b5a71,0,0,0.0,False,0,0
2475,0.6184999999999873,82944,6a242012867dc8b837e29b1a8324e93d22fc3f743ff363b5f117270d386b5a71,0,0,0.0,False,0,0
2476,0.6187499999999873,82944,6a242012867dc8b837e29b1a8324e93d22fc3f743ff363b5f117270d386b5a71,0,0,0.0,False,0,0
2477,0.6189999999999872,82944,6a242012867dc8b837e29b1a8324e93d22fc3f743ff363b5f117270d386b5a71,0,0,0.0,False,0,0
2478,0.6192499999999872,82944,6a242012867dc8b837e29b1a8324e93d22fc3f743ff363b5f117270d386b5a71,0,0,0.0,False,0,0
2479,0.6194999999999872,82944,6a242012867dc8b837e29b1a8324e93d22fc3f743ff363b5f117270d386b5a71,0,0,0.0,False,0,0
2480,0.6197499999999871,82944,6a242012867dc8b837e29b1a8324e93d22fc3f743ff363b5f117270d386b5a71,0,0,0.0,False,0,0
2481,0.6199999999999871,82944,6a242012867dc8b837e29b1a8324e93d22fc3f743ff363b5f117270d386b5a71,0,0,0.0,False,0,0
2482,0.6202499999999871,82944,6a242012867dc8b837e29b1a8324e93d22fc3f743ff363b5f117270d386b5a71,0,0,0.0,False,0,0
2483,0.6204999999999871,82944,6a242012867dc8b837e29b1a8324e93d22fc3f743ff363b5f117270d386b5a71,0,0,0.0,False,0,0
2484,0.620749999999987,82944,6a242012867dc8b837e29b1a8324e93d22fc3f743ff363b5f117270d386b5a71,0,0,0.0,False,0,0
2485,0.620999999999987,82944,6a242012867dc8b837e29b1a8324e93d22fc3f743ff363b5f117270d386b5a71,0,0,0.0,False,0,0
2486,0.621249999999987,82944,6a242012867dc8b837e29b1a8324e93d22fc3f743ff363b5f117270d386b5a71,0,0,0.0,False,0,0
2487,0.621499999999987,82944,6a242012867dc8b837e29b1a8324e93d22fc3f743ff363b5f117270d386b5a71,0,0,0.0,False,0,0
2488,0.6217499999999869,82944,6a242012867dc8b837e29b1a8324e93d22fc3f743ff363b5f117270d386b5a71,0,0,0.0,False,0,0
2489,0.6219999999999869,82944,6a242012867dc8b837e29b1a8324e93d22fc3f743ff363b5f117270d386b5a71,0,0,0.0,False,0,0
2490,0.6222499999999869,82944,6a242012867dc8b837e29b1a8324e93d22fc3f743ff363b5f117270d386b5a71,0,0,0.0,False,0,0
2491,0.6224999999999868,82944,6a242012867dc8b837e29b1a8324e93d22fc3f743ff363b5f117270d386b5a71,0,0,0.0,False,0,0
2492,0.6227499999999868,82944,6a242012867dc8b837e29b1a8324e93d22fc3f743ff363b5f117270d386b5a71,0,0,0.0,False,0,0
2493,0.6229999999999868,82944,6a242012867dc8b837e29b1a8324e93d22fc3f743ff363b5f117270d386b5a71,0,0,0.0,False,0,0
2494,0.6232499999999868,82944,6a242012867dc8b837e29b1a8324e93d22fc3f743ff363b5f117270d386b5a71,0,0,0.0,False,0,0
2495,0.6234999999999867,82944,6a242012867dc8b837e29b1a8324e93d22fc3f743ff363b5f117270d386b5a71,0,0,0.0,False,0,0
2496,0.6237499999999867,82944,6a242012867dc8b837e29b1a8324e93d22fc3f743ff363b5f117270d386b5a71,0,0,0.0,False,0,0
2497,0.6239999999999867,82944,6a242012867dc8b837e29b1a8324e93d22fc3f743ff363b5f117270d386b5a71,0,0,0.0,False,0,0
2498,0.6242499999999866,82944,6a242012867dc8b837e29b1a8324e93d22fc3f743ff363b5f117270d386b5a71,0,0,0.0,False,0,0
2499,0.6244999999999866,82944,6a242012867dc8b837e29b1a8324e93d22fc3f743ff363b5f117270d386b5a71,0,0,0.0,False,0,0
2500,0.6247499999999866,82944,6a242012867dc8b837e29b1a8324e93d22fc3f743ff363b5f117270d386b5a71,0,0,0.0,False,0,0
2501,0.6249999999999866,82944,6a242012867dc8b837e29b1a8324e93d22fc3f743ff363b5f117270d386b5a71,0,0,0.0,False,0,0
2502,0.6252499999999865,82944,6a242012867dc8b837e29b1a8324e93d22fc3f743ff363b5f117270d386b5a71,0,0,0.0,False,0,0
2503,0.6254999999999865,82944,6a242012867dc8b837e29b1a8324e93d22fc3f743ff363b5f117270d386b5a71,0,0,0.0,False,0,0
2504,0.6257499999999865,82944,6a242012867dc8b837e29b1a8324e93d22fc3f743ff363b5f117270d386b5a71,0,0,0.0,False,0,0
2505,0.6259999999999865,82944,6a242012867dc8b837e29b1a8324e93d22fc3f743ff363b5f117270d386b5a71,0,0,0.0,False,0,0
2506,0.6262499999999864,82944,6a242012867dc8b837e29b1a8324e93d22fc3f743ff363b5f117270d386b5a71,0,0,0.0,False,0,0
2507,0.6264999999999864,82944,6a242012867dc8b837e29b1a8324e93d22fc3f743ff363b5f117270d386b5a71,0,0,0.0,False,0,0
2508,0.6267499999999864,82944,6a242012867dc8b837e29b1a8324e93d22fc3f743ff363b5f117270d386b5a71,0,0,0.0,False,0,0
2509,0.6269999999999863,82944,6a242012867dc8b837e29b1a8324e93d22fc3f743ff363b5f117270d386b5a71,0,0,0.0,False,0,0
2510,0.6272499999999863,82944,6a242012867dc8b837e29b1a8324e93d22fc3f743ff363b5f117270d386b5a71,0,0,0.0,False,0,0
2511,0.6274999999999863,82944,6a242012867dc8b837e29b1a8324e93d22fc3f743ff363b5f117270d386b5a71,0,0,0.0,False,0,0
2512,0.6277499999999863,82944,6a242012867dc8b837e29b1a8324e93d22fc3f743ff363b5f117270d386b5a71,0,0,0.0,False,0,0
2513,0.6279999999999862,82944,6a242012867dc8b837e29b1a8324e93d22fc3f743ff363b5f117270d386b5a71,0,0,0.0,False,0,0
2514,0.6282499999999862,82944,6a242012867dc8b837e29b1a8324e93d22fc3f743ff363b5f117270d386b5a71,0,0,0.0,False,0,0
2515,0.6284999999999862,82944,6a242012867dc8b837e29b1a8324e93d22fc3f743ff363b5f117270d386b5a71,0,0,0.0,False,0,0
2516,0.6287499999999862,82944,6a242012867dc8b837e29b1a8324e93d22fc3f743ff363b5f117270d386b5a71,0,0,0.0,False,0,0
2517,0.6289999999999861,82944,6a242012867dc8b837e29b1a8324e93d22fc3f743ff363b5f117270d386b5a71,0,0,0.0,False,0,0
2518,0.6292499999999861,82944,6a242012867dc8b837e29b1a8324e93d22fc3f743ff363b5f117270d386b5a71,0,0,0.0,False,0,0
2519,0.6294999999999861,82944,6a242012867dc8b837e29b1a8324e93d22fc3f743ff363b5f117270d386b5a71,0,0,0.0,False,0,0
2520,0.629749999999986,82944,6a242012867dc8b837e29b1a8324e93d22fc3f743ff363b5f117270d386b5a71,0,0,0.0,False,0,0
2521,0.629999999999986,82944,6a242012867dc8b837e29b1a8324e93d22fc3f743ff363b5f117270d386b5a71,0,0,0.0,False,0,0
2522,0.630249999999986,82944,6a242012867dc8b837e29b1a8324e93d22fc3f743ff363b5f117270d386b5a71,0,0,0.0,False,0,0
2523,0.630499999999986,82944,6a242012867dc8b837e29b1a8324e93d22fc3f743ff363b5f117270d386b5a71,0,0,0.0,False,0,0
2524,0.6307499999999859,82944,6a242012867dc8b837e29b1a8324e93d22fc3f743ff363b5f117270d386b5a71,0,0,0.0,False,0,0
2525,0.6309999999999859,82944,6a242012867dc8b837e29b1a8324e93d22fc3f743ff363b5f117270d386b5a71,0,0,0.0,False,0,0
2526,0.6312499999999859,82944,6a242012867dc8b837e29b1a8324e93d22fc3f743ff363b5f117270d386b5a71,0,0,0.0,False,0,0
2527,0.6314999999999859,82944,6a242012867dc8b837e29b1a8324e93d22fc3f743ff363b5f117270d386b5a71,0,0,0.0,False,0,0
2528,0.6317499999999858,82944,6a242012867dc8b837e29b1a8324e93d22fc3f743ff363b5f117270d386b5a71,0,0,0.0,False,0,0
2529,0.6319999999999858,82944,6a242012867dc8b837e29b1a8324e93d22fc3f743ff363b5f117270d386b5a71,0,0,0.0,False,0,0
2530,0.6322499999999858,82944,6a242012867dc8b837e29b1a8324e93d22fc3f743ff363b5f117270d386b5a71,0,0,0.0,False,0,0
2531,0.6324999999999857,82944,6a242012867dc8b837e29b1a8324e93d22fc3f743ff363b5f117270d386b5a71,0,0,0.0,False,0,0
2532,0.6327499999999857,82944,6a242012867dc8b837e29b1a8324e93d22fc3f743ff363b5f117270d386b5a71,0,0,0.0,False,0,0
2533,0.6329999999999857,82944,6a242012867dc8b837e29b1a8324e93d22fc3f743ff363b5f117270d386b5a71,0,0,0.0,False,0,0
2534,0.6332499999999857,82944,6a242012867dc8b837e29b1a8324e93d22fc3f743ff363b5f117270d386b5a71,0,0,0.0,False,0,0
2535,0.6334999999999856,82944,6a242012867dc8b837e29b1a8324e93d22fc3f743ff363b5f117270d386b5a71,0,0,0.0,False,0,0
2536,0.6337499999999856,82944,6a242012867dc8b837e29b1a8324e93d22fc3f743ff363b5f117270d386b5a71,0,0,0.0,False,0,0
2537,0.6339999999999856,82944,6a242012867dc8b837e29b1a8324e93d22fc3f743ff363b5f117270d386b5a71,0,0,0.0,False,0,0
2538,0.6342499999999855,82944,6a242012867dc8b837e29b1a8324e93d22fc3f743ff363b5f117270d386b5a71,0,0,0.0,False,0,0
2539,0.6344999999999855,82944,6a242012867dc8b837e29b1a8324e93d22fc3f743ff363b5f117270d386b5a71,0,0,0.0,False,0,0
2540,0.6347499999999855,82944,6a242012867dc8b837e29b1a8324e93d22fc3f743ff363b5f117270d386b5a71,0,0,0.0,False,0,0
2541,0.6349999999999855,82944,6a242012867dc8b837e29b1a8324e93d22fc3f743ff363b5f117270d386b5a71,0,0,0.0,False,0,0
2542,0.6352499999999854,82944,6a242012867dc8b837e29b1a8324e93d22fc3f743ff363b5f117270d386b5a71,0,0,0.0,False,0,0
2543,0.6354999999999854,82944,6a242012867dc8b837e29b1a8324e93d22fc3f743ff363b5f117270d386b5a71,0,0,0.0,False,0,0
2544,0.6357499999999854,82944,6a242012867dc8b837e29b1a8324e93d22fc3f743ff363b5f117270d386b5a71,0,0,0.0,False,0,0
2545,0.6359999999999854,82944,6a242012867dc8b837e29b1a8324e93d22fc3f743ff363b5f117270d386b5a71,0,0,0.0,False,0,0
2546,0.6362499999999853,82944,6a242012867dc8b837e29b1a8324e93d22fc3f743ff363b5f117270d386b5a71,0,0,0.0,False,0,0
2547,0.6364999999999853,82944,6a242012867dc8b837e29b1a8324e93d22fc3f743ff363b5f117270d386b5a71,0,0,0.0,False,0,0
2548,0.6367499999999853,82944,6a242012867dc8b837e29b1a8324e93d22fc3f743ff363b5f117270d386b5a71,0,0,0.0,False,0,0
2549,0.6369999999999852,82944,6a242012867dc8b837e29b1a8324e93d22fc3f743ff363b5f117270d386b5a71,0,0,0.0,False,0,0
2550,0.6372499999999852,82944,6a242012867dc8b837e29b1a8324e93d22fc3f743ff363b5f117270d386b5a71,0,0,0.0,False,0,0
2551,0.6374999999999852,82944,6a242012867dc8b837e29b1a8324e93d22fc3f743ff363b5f117270d386b5a71,0,0,0.0,False,0,0
2552,0.6377499999999852,82944,6a242012867dc8b837e29b1a8324e93d22fc3f743ff363b5f117270d386b5a71,0,0,0.0,False,0,0
2553,0.6379999999999851,82944,6a242012867dc8b837e29b1a8324e93d22fc3f743ff363b5f117270d386b5a71,0,0,0.0,False,0,0
2554,0.6382499999999851,82944,6a242012867dc8b837e29b1a8324e93d22fc3f743ff363b5f117270d386b5a71,0,0,0.0,False,0,0
2555,0.6384999999999851,82944,6a242012867dc8b837e29b1a8324e93d22fc3f743ff363b5f117270d386b5a71,0,0,0.0,False,0,0
2556,0.638749999999985,82944,6a242012867dc8b837e29b1a8324e93d22fc3f743ff363b5f117270d386b5a71,0,0,0.0,False,0,0
2557,0.638999999999985,82944,6a242012867dc8b837e29b1a8324e93d22fc3f743ff363b5f117270d386b5a71,0,0,0.0,False,0,0
2558,0.639249999999985,82944,6a242012867dc8b837e29b1a8324e93d22fc3f743ff363b5f117270d386b5a71,0,0,0.0,False,0,0
2559,0.639499999999985,82944,6a242012867dc8b837e29b1a8324e93d22fc3f743ff363b5f117270d386b5a71,0,0,0.0,False,0,0
2560,0.6397499999999849,82944,6a242012867dc8b837e29b1a8324e93d22fc3f743ff363b5f117270d386b5a71,0,0,0.0,False,0,0
2561,0.6399999999999849,82944,6a242012867dc8b837e29b1a8324e93d22fc3f743ff363b5f117270d386b5a71,0,0,0.0,False,0,0
2562,0.6402499999999849,82944,6a242012867dc8b837e29b1a8324e93d22fc3f743ff363b5f117270d386b5a71,0,0,0.0,False,0,0
2563,0.6404999999999849,82944,6a242012867dc8b837e29b1a8324e93d22fc3f743ff363b5f117270d386b5a71,0,0,0.0,False,0,0
2564,0.6407499999999848,82944,6a242012867dc8b837e29b1a8324e93d22fc3f743ff363b5f117270d386b5a71,0,0,0.0,False,0,0
2565,0.6409999999999848,82944,6a242012867dc8b837e29b1a8324e93d22fc3f743ff363b5f117270d386b5a71,0,0,0.0,False,0,0
2566,0.6412499999999848,82944,6a242012867dc8b837e29b1a8324e93d22fc3f743ff363b5f117270d386b5a71,0,0,0.0,False,0,0
2567,0.6414999999999847,82944,6a242012867dc8b837e29b1a8324e93d22fc3f743ff363b5f117270d386b5a71,0,0,0.0,False,0,0
2568,0.6417499999999847,82944,6a242012867dc8b837e29b1a8324e93d22fc3f743ff363b5f117270d386b5a71,0,0,0.0,False,0,0
2569,0.6419999999999847,82944,6a242012867dc8b837e29b1a8324e93d22fc3f743ff363b5f117270d386b5a71,0,0,0.0,False,0,0
2570,0.6422499999999847,82944,6a242012867dc8b837e29b1a8324e93d22fc3f743ff363b5f117270d386b5a71,0,0,0.0,False,0,0
2571,0.6424999999999846,82944,6a242012867dc8b837e29b1a8324e93d22fc3f743ff363b5f117270d386b5a71,0,0,0.0,False,0,0
2572,0.6427499999999846,82944,6a242012867dc8b837e29b1a8324e93d22fc3f743ff363b5f117270d386b5a71,0,0,0.0,False,0,0
2573,0.6429999999999846,82944,6a242012867dc8b837e29b1a8324e93d22fc3f743ff363b5f117270d386b5a71,0,0,0.0,False,0,0
2574,0.6432499999999846,82944,6a242012867dc8b837e29b1a8324e93d22fc3f743ff363b5f117270d386b5a71,0,0,0.0,False,0,0
2575,0.6434999999999845,82944,6a242012867dc8b837e29b1a8324e93d22fc3f743ff363b5f117270d386b5a71,0,0,0.0,False,0,0
2576,0.6437499999999845,82944,6a242012867dc8b837e29b1a8324e93d22fc3f743ff363b5f117270d386b5a71,0,0,0.0,False,0,0
2577,0.6439999999999845,82944,6a242012867dc8b837e29b1a8324e93d22fc3f743ff363b5f117270d386b5a71,0,0,0.0,False,0,0
2578,0.6442499999999844,82944,6a242012867dc8b837e29b1a8324e93d22fc3f743ff363b5f117270d386b5a71,0,0,0.0,False,0,0
2579,0.6444999999999844,82944,6a242012867dc8b837e29b1a8324e93d22fc3f743ff363b5f117270d386b5a71,0,0,0.0,False,0,0
2580,0.6447499999999844,82944,6a242012867dc8b837e29b1a8324e93d22fc3f743ff363b5f117270d386b5a71,0,0,0.0,False,0,0
2581,0.6449999999999844,82944,6a242012867dc8b837e29b1a8324e93d22fc3f743ff363b5f117270d386b5a71,0,0,0.0,False,0,0
2582,0.6452499999999843,82944,6a242012867dc8b837e29b1a8324e93d22fc3f743ff363b5f117270d386b5a71,0,0,0.0,False,0,0
2583,0.6454999999999843,82944,6a242012867dc8b837e29b1a8324e93d22fc3f743ff363b5f117270d386b5a71,0,0,0.0,False,0,0
2584,0.6457499999999843,82944,6a242012867dc8b837e29b1a8324e93d22fc3f743ff363b5f117270d386b5a71,0,0,0.0,False,0,0
2585,0.6459999999999843,82944,6a242012867dc8b837e29b1a8324e93d22fc3f743ff363b5f117270d386b5a71,0,0,0.0,False,0,0
2586,0.6462499999999842,82944,6a242012867dc8b837e29b1a8324e93d22fc3f743ff363b5f117270d386b5a71,0,0,0.0,False,0,0
2587,0.6464999999999842,82944,6a242012867dc8b837e29b1a8324e93d22fc3f743ff363b5f117270d386b5a71,0,0,0.0,False,0,0
2588,0.6467499999999842,82944,6a242012867dc8b837e29b1a8324e93d22fc3f743ff363b5f117270d386b5a71,0,0,0.0,False,0,0
2589,0.6469999999999841,82944,6a242012867dc8b837e29b1a8324e93d22fc3f743ff363b5f117270d386b5a71,0,0,0.0,False,0,0
2590,0.6472499999999841,82944,6a242012867dc8b837e29b1a8324e93d22fc3f743ff363b5f117270d386b5a71,0,0,0.0,False,0,0
2591,0.6474999999999841,82944,6a242012867dc8b837e29b1a8324e93d22fc3f743ff363b5f117270d386b5a71,0,0,0.0,False,0,0
2592,0.6477499999999841,82944,6a242012867dc8b837e29b1a8324e93d22fc3f743ff363b5f117270d386b5a71,0,0,0.0,False,0,0
2593,0.647999999999984,82944,6a242012867dc8b837e29b1a8324e93d22fc3f743ff363b5f117270d386b5a71,0,0,0.0,False,0,0
2594,0.648249999999984,82944,6a242012867dc8b837e29b1a8324e93d22fc3f743ff363b5f117270d386b5a71,0,0,0.0,False,0,0
2595,0.648499999999984,82944,6a242012867dc8b837e29b1a8324e93d22fc3f743ff363b5f117270d386b5a71,0,0,0.0,False,0,0
2596,0.648749999999984,82944,6a242012867dc8b837e29b1a8324e93d22fc3f743ff363b5f117270d386b5a71,0,0,0.0,False,0,0
2597,0.6489999999999839,82944,6a242012867dc8b837e29b1a8324e93d22fc3f743ff363b5f117270d386b5a71,0,0,0.0,False,0,0
2598,0.6492499999999839,82944,6a242012867dc8b837e29b1a8324e93d22fc3f743ff363b5f117270d386b5a71,0,0,0.0,False,0,0
2599,0.6494999999999839,82944,6a242012867dc8b837e29b1a8324e93d22fc3f743ff363b5f117270d386b5a71,0,0,0.0,False,0,0
2600,0.6497499999999838,82944,6a242012867dc8b837e29b1a8324e93d22fc3f743ff363b5f117270d386b5a71,0,0,0.0,False,0,0
2601,0.6499999999999838,82944,6a242012867dc8b837e29b1a8324e93d22fc3f743ff363b5f117270d386b5a71,0,0,0.0,False,0,0
2602,0.6502499999999838,82944,6a242012867dc8b837e29b1a8324e93d22fc3f743ff363b5f117270d386b5a71,0,0,0.0,False,0,0
2603,0.6504999999999838,82944,6a242012867dc8b837e29b1a8324e93d22fc3f743ff363b5f117270d386b5a71,0,0,0.0,False,0,0
2604,0.6507499999999837,82944,6a242012867dc8b837e29b1a8324e93d22fc3f743ff363b5f117270d386b5a71,0,0,0.0,False,0,0
2605,0.6509999999999837,82944,6a242012867dc8b837e29b1a8324e93d22fc3f743ff363b5f117270d386b5a71,0,0,0.0,False,0,0
2606,0.6512499999999837,82944,6a242012867dc8b837e29b1a8324e93d22fc3f743ff363b5f117270d386b5a71,0,0,0.0,False,0,0
2607,0.6514999999999836,82944,6a242012867dc8b837e29b1a8324e93d22fc3f743ff363b5f117270d386b5a71,0,0,0.0,False,0,0
2608,0.6517499999999836,82944,6a242012867dc8b837e29b1a8324e93d22fc3f743ff363b5f117270d386b5a71,0,0,0.0,False,0,0
2609,0.6519999999999836,82944,6a242012867dc8b837e29b1a8324e93d22fc3f743ff363b5f117270d386b5a71,0,0,0.0,False,0,0
2610,0.6522499999999836,82944,6a242012867dc8b837e29b1a8324e93d22fc3f743ff363b5f117270d386b5a71,0,0,0.0,False,0,0
2611,0.6524999999999835,82944,6a242012867dc8b837e29b1a8324e93d22fc3f743ff363b5f117270d386b5a71,0,0,0.0,False,0,0
2612,0.6527499999999835,82944,6a242012867dc8b837e29b1a8324e93d22fc3f743ff363b5f117270d386b5a71,0,0,0.0,False,0,0
2613,0.6529999999999835,82944,6a242012867dc8b837e29b1a8324e93d22fc3f743ff363b5f117270d386b5a71,0,0,0.0,False,0,0
2614,0.6532499999999835,82944,6a242012867dc8b837e29b1a8324e93d22fc3f743ff363b5f117270d386b5a71,0,0,0.0,False,0,0
2615,0.6534999999999834,82944,6a242012867dc8b837e29b1a8324e93d22fc3f743ff363b5f117270d386b5a71,0,0,0.0,False,0,0
2616,0.6537499999999834,82944,6a242012867dc8b837e29b1a8324e93d22fc3f743ff363b5f117270d386b5a71,0,0,0.0,False,0,0
2617,0.6539999999999834,82944,6a242012867dc8b837e29b1a8324e93d22fc3f743ff363b5f117270d386b5a71,0,0,0.0,False,0,0
2618,0.6542499999999833,82944,6a242012867dc8b837e29b1a8324e93d22fc3f743ff363b5f117270d386b5a71,0,0,0.0,False,0,0
2619,0.6544999999999833,82944,6a242012867dc8b837e29b1a8324e93d22fc3f743ff363b5f117270d386b5a71,0,0,0.0,False,0,0
2620,0.6547499999999833,82944,6a242012867dc8b837e29b1a8324e93d22fc3f743ff363b5f117270d386b5a71,0,0,0.0,False,0,0
2621,0.6549999999999833,82944,6a242012867dc8b837e29b1a8324e93d22fc3f743ff363b5f117270d386b5a71,0,0,0.0,False,0,0
2622,0.6552499999999832,82944,6a242012867dc8b837e29b1a8324e93d22fc3f743ff363b5f117270d386b5a71,0,0,0.0,False,0,0
2623,0.6554999999999832,82944,6a242012867dc8b837e29b1a8324e93d22fc3f743ff363b5f117270d386b5a71,0,0,0.0,False,0,0
2624,0.6557499999999832,82944,6a242012867dc8b837e29b1a8324e93d22fc3f743ff363b5f117270d386b5a71,0,0,0.0,False,0,0
2625,0.6559999999999832,82944,6a242012867dc8b837e29b1a8324e93d22fc3f743ff363b5f117270d386b5a71,0,0,0.0,False,0,0
2626,0.6562499999999831,82944,6a242012867dc8b837e29b1a8324e93d22fc3f743ff363b5f117270d386b5a71,0,0,0.0,False,0,0
2627,0.6564999999999831,82944,6a242012867dc8b837e29b1a8324e93d22fc3f743ff363b5f117270d386b5a71,0,0,0.0,False,0,0
2628,0.6567499999999831,82944,6a242012867dc8b837e29b1a8324e93d22fc3f743ff363b5f117270d386b5a71,0,0,0.0,False,0,0
2629,0.656999999999983,82944,6a242012867dc8b837e29b1a8324e93d22fc3f743ff363b5f117270d386b5a71,0,0,0.0,False,0,0
2630,0.657249999999983,82944,6a242012867dc8b837e29b1a8324e93d22fc3f743ff363b5f117270d386b5a71,0,0,0.0,False,0,0
2631,0.657499999999983,82944,6a242012867dc8b837e29b1a8324e93d22fc3f743ff363b5f117270d386b5a71,0,0,0.0,False,0,0
2632,0.657749999999983,82944,6a242012867dc8b837e29b1a8324e93d22fc3f743ff363b5f117270d386b5a71,0,0,0.0,False,0,0
2633,0.6579999999999829,82944,6a242012867dc8b837e29b1a8324e93d22fc3f743ff363b5f117270d386b5a71,0,0,0.0,False,0,0
2634,0.6582499999999829,82944,6a242012867dc8b837e29b1a8324e93d22fc3f743ff363b5f117270d386b5a71,0,0,0.0,False,0,0
2635,0.6584999999999829,82944,6a242012867dc8b837e29b1a8324e93d22fc3f743ff363b5f117270d386b5a71,0,0,0.0,False,0,0
2636,0.6587499999999828,82944,6a242012867dc8b837e29b1a8324e93d22fc3f743ff363b5f117270d386b5a71,0,0,0.0,False,0,0
2637,0.6589999999999828,82944,6a242012867dc8b837e29b1a8324e93d22fc3f743ff363b5f117270d386b5a71,0,0,0.0,False,0,0
2638,0.6592499999999828,82944,6a242012867dc8b837e29b1a8324e93d22fc3f743ff363b5f117270d386b5a71,0,0,0.0,False,0,0
2639,0.6594999999999828,82944,6a242012867dc8b837e29b1a8324e93d22fc3f743ff363b5f117270d386b5a71,0,0,0.0,False,0,0
2640,0.6597499999999827,82944,6a242012867dc8b837e29b1a8324e93d22fc3f743ff363b5f117270d386b5a71,0,0,0.0,False,0,0
2641,0.6599999999999827,82944,6a242012867dc8b837e29b1a8324e93d22fc3f743ff363b5f117270d386b5a71,0,0,0.0,False,0,0
2642,0.6602499999999827,82944,6a242012867dc8b837e29b1a8324e93d22fc3f743ff363b5f117270d386b5a71,0,0,0.0,False,0,0
2643,0.6604999999999827,82944,6a242012867dc8b837e29b1a8324e93d22fc3f743ff363b5f117270d386b5a71,0,0,0.0,False,0,0
2644,0.6607499999999826,82944,6a242012867dc8b837e29b1a8324e93d22fc3f743ff363b5f117270d386b5a71,0,0,0.0,False,0,0
2645,0.6609999999999826,82944,6a242012867dc8b837e29b1a8324e93d22fc3f743ff363b5f117270d386b5a71,0,0,0.0,False,0,0
2646,0.6612499999999826,82944,6a242012867dc8b837e29b1a8324e93d22fc3f743ff363b5f117270d386b5a71,0,0,0.0,False,0,0
2647,0.6614999999999825,82944,6a242012867dc8b837e29b1a8324e93d22fc3f743ff363b5f117270d386b5a71,0,0,0.0,False,0,0
2648,0.6617499999999825,82944,6a242012867dc8b837e29b1a8324e93d22fc3f743ff363b5f117270d386b5a71,0,0,0.0,False,0,0
2649,0.6619999999999825,82944,6a242012867dc8b837e29b1a8324e93d22fc3f743ff363b5f117270d386b5a71,0,0,0.0,False,0,0
2650,0.6622499999999825,82944,6a242012867dc8b837e29b1a8324e93d22fc3f743ff363b5f117270d386b5a71,0,0,0.0,False,0,0
2651,0.6624999999999824,82944,6a242012867dc8b837e29b1a8324e93d22fc3f743ff363b5f117270d386b5a71,0,0,0.0,False,0,0
2652,0.6627499999999824,82944,6a242012867dc8b837e29b1a8324e93d22fc3f743ff363b5f117270d386b5a71,0,0,0.0,False,0,0
2653,0.6629999999999824,82944,6a242012867dc8b837e29b1a8324e93d22fc3f743ff363b5f117270d386b5a71,0,0,0.0,False,0,0
2654,0.6632499999999824,82944,6a242012867dc8b837e29b1a8324e93d22fc3f743ff363b5f117270d386b5a71,0,0,0.0,False,0,0
2655,0.6634999999999823,82944,6a242012867dc8b837e29b1a8324e93d22fc3f743ff363b5f117270d386b5a71,0,0,0.0,False,0,0
2656,0.6637499999999823,82944,6a242012867dc8b837e29b1a8324e93d22fc3f743ff363b5f117270d386b5a71,0,0,0.0,False,0,0
2657,0.6639999999999823,82944,6a242012867dc8b837e29b1a8324e93d22fc3f743ff363b5f117270d386b5a71,0,0,0.0,False,0,0
2658,0.6642499999999822,82944,6a242012867dc8b837e29b1a8324e93d22fc3f743ff363b5f117270d386b5a71,0,0,0.0,False,0,0
2659,0.6644999999999822,82944,6a242012867dc8b837e29b1a8324e93d22fc3f743ff363b5f117270d386b5a71,0,0,0.0,False,0,0
2660,0.6647499999999822,82944,6a242012867dc8b837e29b1a8324e93d22fc3f743ff363b5f117270d386b5a71,0,0,0.0,False,0,0
2661,0.6649999999999822,82944,6a242012867dc8b837e29b1a8324e93d22fc3f743ff363b5f117270d386b5a71,0,0,0.0,False,0,0
2662,0.6652499999999821,82944,6a242012867dc8b837e29b1a8324e93d22fc3f743ff363b5f117270d386b5a71,0,0,0.0,False,0,0
2663,0.6654999999999821,82944,6a242012867dc8b837e29b1a8324e93d22fc3f743ff363b5f117270d386b5a71,0,0,0.0,False,0,0
2664,0.6657499999999821,82944,6a242012867dc8b837e29b1a8324e93d22fc3f743ff363b5f117270d386b5a71,0,0,0.0,False,0,0
2665,0.665999999999982,82944,6a242012867dc8b837e29b1a8324e93d22fc3f743ff363b5f117270d386b5a71,0,0,0.0,False,0,0
2666,0.666249999999982,82944,6a242012867dc8b837e29b1a8324e93d22fc3f743ff363b5f117270d386b5a71,0,0,0.0,False,0,0
2667,0.666499999999982,82944,6a242012867dc8b837e29b1a8324e93d22fc3f743ff363b5f117270d386b5a71,0,0,0.0,False,0,0
2668,0.666749999999982,82944,6a242012867dc8b837e29b1a8324e93d22fc3f743ff363b5f117270d386b5a71,0,0,0.0,False,0,0
2669,0.6669999999999819,82944,6a242012867dc8b837e29b1a8324e93d22fc3f743ff363b5f117270d386b5a71,0,0,0.0,False,0,0
2670,0.6672499999999819,82944,6a242012867dc8b837e29b1a8324e93d22fc3f743ff363b5f117270d386b5a71,0,0,0.0,False,0,0
2671,0.6674999999999819,82944,6a242012867dc8b837e29b1a8324e93d22fc3f743ff363b5f117270d386b5a71,0,0,0.0,False,0,0
2672,0.6677499999999819,82944,6a242012867dc8b837e29b1a8324e93d22fc3f743ff363b5f117270d386b5a71,0,0,0.0,False,0,0
2673,0.6679999999999818,82944,6a242012867dc8b837e29b1a8324e93d22fc3f743ff363b5f117270d386b5a71,0,0,0.0,False,0,0
2674,0.6682499999999818,82944,6a242012867dc8b837e29b1a8324e93d22fc3f743ff363b5f117270d386b5a71,0,0,0.0,False,0,0
2675,0.6684999999999818,82944,6a242012867dc8b837e29b1a8324e93d22fc3f743ff363b5f117270d386b5a71,0,0,0.0,False,0,0
2676,0.6687499999999817,82944,6a242012867dc8b837e29b1a8324e93d22fc3f743ff363b5f117270d386b5a71,0,0,0.0,False,0,0
2677,0.6689999999999817,82944,6a242012867dc8b837e29b1a8324e93d22fc3f743ff363b5f117270d386b5a71,0,0,0.0,False,0,0
2678,0.6692499999999817,82944,6a242012867dc8b837e29b1a8324e93d22fc3f743ff363b5f117270d386b5a71,0,0,0.0,False,0,0
2679,0.6694999999999817,82944,6a242012867dc8b837e29b1a8324e93d22fc3f743ff363b5f117270d386b5a71,0,0,0.0,False,0,0
2680,0.6697499999999816,82944,6a242012867dc8b837e29b1a8324e93d22fc3f743ff363b5f117270d386b5a71,0,0,0.0,False,0,0
2681,0.6699999999999816,82944,6a242012867dc8b837e29b1a8324e93d22fc3f743ff363b5f117270d386b5a71,0,0,0.0,False,0,0
2682,0.6702499999999816,82944,6a242012867dc8b837e29b1a8324e93d22fc3f743ff363b5f117270d386b5a71,0,0,0.0,False,0,0
2683,0.6704999999999816,82944,6a242012867dc8b837e29b1a8324e93d22fc3f743ff363b5f117270d386b5a71,0,0,0.0,False,0,0
2684,0.6707499999999815,82944,6a242012867dc8b837e29b1a8324e93d22fc3f743ff363b5f117270d386b5a71,0,0,0.0,False,0,0
2685,0.6709999999999815,82944,6a242012867dc8b837e29b1a8324e93d22fc3f743ff363b5f117270d386b5a71,0,0,0.0,False,0,0
2686,0.6712499999999815,82944,6a242012867dc8b837e29b1a8324e93d22fc3f743ff363b5f117270d386b5a71,0,0,0.0,False,0,0
2687,0.6714999999999814,82944,6a242012867dc8b837e29b1a8324e93d22fc3f743ff363b5f117270d386b5a71,0,0,0.0,False,0,0
2688,0.6717499999999814,82944,6a242012867dc8b837e29b1a8324e93d22fc3f743ff363b5f117270d386b5a71,0,0,0.0,False,0,0
2689,0.6719999999999814,82944,6a242012867dc8b837e29b1a8324e93d22fc3f743ff363b5f117270d386b5a71,0,0,0.0,False,0,0
2690,0.6722499999999814,82944,6a242012867dc8b837e29b1a8324e93d22fc3f743ff363b5f117270d386b5a71,0,0,0.0,False,0,0
2691,0.6724999999999813,82944,6a242012867dc8b837e29b1a8324e93d22fc3f743ff363b5f117270d386b5a71,0,0,0.0,False,0,0
2692,0.6727499999999813,82944,6a242012867dc8b837e29b1a8324e93d22fc3f743ff363b5f117270d386b5a71,0,0,0.0,False,0,0
2693,0.6729999999999813,82944,6a242012867dc8b837e29b1a8324e93d22fc3f743ff363b5f117270d386b5a71,0,0,0.0,False,0,0
2694,0.6732499999999813,82944,6a242012867dc8b837e29b1a8324e93d22fc3f743ff363b5f117270d386b5a71,0,0,0.0,False,0,0
2695,0.6734999999999812,82944,6a242012867dc8b837e29b1a8324e93d22fc3f743ff363b5f117270d386b5a71,0,0,0.0,False,0,0
2696,0.6737499999999812,82944,6a242012867dc8b837e29b1a8324e93d22fc3f743ff363b5f117270d386b5a71,0,0,0.0,False,0,0
2697,0.6739999999999812,82944,6a242012867dc8b837e29b1a8324e93d22fc3f743ff363b5f117270d386b5a71,0,0,0.0,False,0,0
2698,0.6742499999999811,82944,6a242012867dc8b837e29b1a8324e93d22fc3f743ff363b5f117270d386b5a71,0,0,0.0,False,0,0
2699,0.6744999999999811,82944,6a242012867dc8b837e29b1a8324e93d22fc3f743ff363b5f117270d386b5a71,0,0,0.0,False,0,0
2700,0.6747499999999811,82944,6a242012867dc8b837e29b1a8324e93d22fc3f743ff363b5f117270d386b5a71,0,0,0.0,False,0,0
2701,0.6749999999999811,82944,6a242012867dc8b837e29b1a8324e93d22fc3f743ff363b5f117270d386b5a71,0,0,0.0,False,0,0
2702,0.675249999999981,82944,6a242012867dc8b837e29b1a8324e93d22fc3f743ff363b5f117270d386b5a71,0,0,0.0,False,0,0
2703,0.675499999999981,82944,6a242012867dc8b837e29b1a8324e93d22fc3f743ff363b5f117270d386b5a71,0,0,0.0,False,0,0
2704,0.675749999999981,82944,6a242012867dc8b837e29b1a8324e93d22fc3f743ff363b5f117270d386b5a71,0,0,0.0,False,0,0
2705,0.675999999999981,82944,6a242012867dc8b837e29b1a8324e93d22fc3f743ff363b5f117270d386b5a71,0,0,0.0,False,0,0
2706,0.6762499999999809,82944,6a242012867dc8b837e29b1a8324e93d22fc3f743ff363b5f117270d386b5a71,0,0,0.0,False,0,0
2707,0.6764999999999809,82944,6a242012867dc8b837e29b1a8324e93d22fc3f743ff363b5f117270d386b5a71,0,0,0.0,False,0,0
2708,0.6767499999999809,82944,6a242012867dc8b837e29b1a8324e93d22fc3f743ff363b5f117270d386b5a71,0,0,0.0,False,0,0
2709,0.6769999999999808,82944,6a242012867dc8b837e29b1a8324e93d22fc3f743ff363b5f117270d386b5a71,0,0,0.0,False,0,0
2710,0.6772499999999808,82944,6a242012867dc8b837e29b1a8324e93d22fc3f743ff363b5f117270d386b5a71,0,0,0.0,False,0,0
2711,0.6774999999999808,82944,6a242012867dc8b837e29b1a8324e93d22fc3f743ff363b5f117270d386b5a71,0,0,0.0,False,0,0
2712,0.6777499999999808,82944,6a242012867dc8b837e29b1a8324e93d22fc3f743ff363b5f117270d386b5a71,0,0,0.0,False,0,0
2713,0.6779999999999807,82944,6a242012867dc8b837e29b1a8324e93d22fc3f743ff363b5f117270d386b5a71,0,0,0.0,False,0,0
2714,0.6782499999999807,82944,6a242012867dc8b837e29b1a8324e93d22fc3f743ff363b5f117270d386b5a71,0,0,0.0,False,0,0
2715,0.6784999999999807,82944,6a242012867dc8b837e29b1a8324e93d22fc3f743ff363b5f117270d386b5a71,0,0,0.0,False,0,0
2716,0.6787499999999806,82944,6a242012867dc8b837e29b1a8324e93d22fc3f743ff363b5f117270d386b5a71,0,0,0.0,False,0,0
2717,0.6789999999999806,82944,6a242012867dc8b837e29b1a8324e93d22fc3f743ff363b5f117270d386b5a71,0,0,0.0,False,0,0
2718,0.6792499999999806,82944,6a242012867dc8b837e29b1a8324e93d22fc3f743ff363b5f117270d386b5a71,0,0,0.0,False,0,0
2719,0.6794999999999806,82944,6a242012867dc8b837e29b1a8324e93d22fc3f743ff363b5f117270d386b5a71,0,0,0.0,False,0,0
2720,0.6797499999999805,82944,6a242012867dc8b837e29b1a8324e93d22fc3f743ff363b5f117270d386b5a71,0,0,0.0,False,0,0
2721,0.6799999999999805,82944,6a242012867dc8b837e29b1a8324e93d22fc3f743ff363b5f117270d386b5a71,0,0,0.0,False,0,0
2722,0.6802499999999805,82944,6a242012867dc8b837e29b1a8324e93d22fc3f743ff363b5f117270d386b5a71,0,0,0.0,False,0,0
2723,0.6804999999999805,82944,6a242012867dc8b837e29b1a8324e93d22fc3f743ff363b5f117270d386b5a71,0,0,0.0,False,0,0
2724,0.6807499999999804,82944,6a242012867dc8b837e29b1a8324e93d22fc3f743ff363b5f117270d386b5a71,0,0,0.0,False,0,0
2725,0.6809999999999804,82944,6a242012867dc8b837e29b1a8324e93d22fc3f743ff363b5f117270d386b5a71,0,0,0.0,False,0,0
2726,0.6812499999999804,82944,6a242012867dc8b837e29b1a8324e93d22fc3f743ff363b5f117270d386b5a71,0,0,0.0,False,0,0
2727,0.6814999999999803,82944,6a242012867dc8b837e29b1a8324e93d22fc3f743ff363b5f117270d386b5a71,0,0,0.0,False,0,0
2728,0.6817499999999803,82944,6a242012867dc8b837e29b1a8324e93d22fc3f743ff363b5f117270d386b5a71,0,0,0.0,False,0,0
2729,0.6819999999999803,82944,6a242012867dc8b837e29b1a8324e93d22fc3f743ff363b5f117270d386b5a71,0,0,0.0,False,0,0
2730,0.6822499999999803,82944,6a242012867dc8b837e29b1a8324e93d22fc3f743ff363b5f117270d386b5a71,0,0,0.0,False,0,0
2731,0.6824999999999802,82944,6a242012867dc8b837e29b1a8324e93d22fc3f743ff363b5f117270d386b5a71,0,0,0.0,False,0,0
2732,0.6827499999999802,82944,6a242012867dc8b837e29b1a8324e93d22fc3f743ff363b5f117270d386b5a71,0,0,0.0,False,0,0
2733,0.6829999999999802,82944,6a242012867dc8b837e29b1a8324e93d22fc3f743ff363b5f117270d386b5a71,0,0,0.0,False,0,0
2734,0.6832499999999802,82944,6a242012867dc8b837e29b1a8324e93d22fc3f743ff363b5f117270d386b5a71,0,0,0.0,False,0,0
2735,0.6834999999999801,82944,6a242012867dc8b837e29b1a8324e93d22fc3f743ff363b5f117270d386b5a71,0,0,0.0,False,0,0
2736,0.6837499999999801,82944,6a242012867dc8b837e29b1a8324e93d22fc3f743ff363b5f117270d386b5a71,0,0,0.0,False,0,0
2737,0.6839999999999801,82944,6a242012867dc8b837e29b1a8324e93d22fc3f743ff363b5f117270d386b5a71,0,0,0.0,False,0,0
2738,0.68424999999998,82944,6a242012867dc8b837e29b1a8324e93d22fc3f743ff363b5f117270d386b5a71,0,0,0.0,False,0,0
2739,0.68449999999998,82944,6a242012867dc8b837e29b1a8324e93d22fc3f743ff363b5f117270d386b5a71,0,0,0.0,False,0,0
2740,0.68474999999998,82944,6a242012867dc8b837e29b1a8324e93d22fc3f743ff363b5f117270d386b5a71,0,0,0.0,False,0,0
2741,0.68499999999998,82944,6a242012867dc8b837e29b1a8324e93d22fc3f743ff363b5f117270d386b5a71,0,0,0.0,False,0,0
2742,0.6852499999999799,82944,6a242012867dc8b837e29b1a8324e93d22fc3f743ff363b5f117270d386b5a71,0,0,0.0,False,0,0
2743,0.6854999999999799,82944,6a242012867dc8b837e29b1a8324e93d22fc3f743ff363b5f117270d386b5a71,0,0,0.0,False,0,0
2744,0.6857499999999799,82944,6a242012867dc8b837e29b1a8324e93d22fc3f743ff363b5f117270d386b5a71,0,0,0.0,False,0,0
2745,0.6859999999999798,82944,6a242012867dc8b837e29b1a8324e93d22fc3f743ff363b5f117270d386b5a71,0,0,0.0,False,0,0
2746,0.6862499999999798,82944,6a242012867dc8b837e29b1a8324e93d22fc3f743ff363b5f117270d386b5a71,0,0,0.0,False,0,0
2747,0.6864999999999798,82944,6a242012867dc8b837e29b1a8324e93d22fc3f743ff363b5f117270d386b5a71,0,0,0.0,False,0,0
2748,0.6867499999999798,82944,6a242012867dc8b837e29b1a8324e93d22fc3f743ff363b5f117270d386b5a71,0,0,0.0,False,0,0
2749,0.6869999999999797,82944,6a242012867dc8b837e29b1a8324e93d22fc3f743ff363b5f117270d386b5a71,0,0,0.0,False,0,0
2750,0.6872499999999797,82944,6a242012867dc8b837e29b1a8324e93d22fc3f743ff363b5f117270d386b5a71,0,0,0.0,False,0,0
2751,0.6874999999999797,82944,6a242012867dc8b837e29b1a8324e93d22fc3f743ff363b5f117270d386b5a71,0,0,0.0,False,0,0
2752,0.6877499999999797,82944,6a242012867dc8b837e29b1a8324e93d22fc3f743ff363b5f117270d386b5a71,0,0,0.0,False,0,0
2753,0.6879999999999796,82944,6a242012867dc8b837e29b1a8324e93d22fc3f743ff363b5f117270d386b5a71,0,0,0.0,False,0,0
2754,0.6882499999999796,82944,6a242012867dc8b837e29b1a8324e93d22fc3f743ff363b5f117270d386b5a71,0,0,0.0,False,0,0
2755,0.6884999999999796,82944,6a242012867dc8b837e29b1a8324e93d22fc3f743ff363b5f117270d386b5a71,0,0,0.0,False,0,0
2756,0.6887499999999795,82944,6a242012867dc8b837e29b1a8324e93d22fc3f743ff363b5f117270d386b5a71,0,0,0.0,False,0,0
2757,0.6889999999999795,82944,6a242012867dc8b837e29b1a8324e93d22fc3f743ff363b5f117270d386b5a71,0,0,0.0,False,0,0
2758,0.6892499999999795,82944,6a242012867dc8b837e29b1a8324e93d22fc3f743ff363b5f117270d386b5a71,0,0,0.0,False,0,0
2759,0.6894999999999795,82944,6a242012867dc8b837e29b1a8324e93d22fc3f743ff363b5f117270d386b5a71,0,0,0.0,False,0,0
2760,0.6897499999999794,82944,6a242012867dc8b837e29b1a8324e93d22fc3f743ff363b5f117270d386b5a71,0,0,0.0,False,0,0
2761,0.6899999999999794,82944,6a242012867dc8b837e29b1a8324e93d22fc3f743ff363b5f117270d386b5a71,0,0,0.0,False,0,0
2762,0.6902499999999794,82944,6a242012867dc8b837e29b1a8324e93d22fc3f743ff363b5f117270d386b5a71,0,0,0.0,False,0,0
2763,0.6904999999999794,82944,6a242012867dc8b837e29b1a8324e93d22fc3f743ff363b5f117270d386b5a71,0,0,0.0,False,0,0
2764,0.6907499999999793,82944,6a242012867dc8b837e29b1a8324e93d22fc3f743ff363b5f117270d386b5a71,0,0,0.0,False,0,0
2765,0.6909999999999793,82944,6a242012867dc8b837e29b1a8324e93d22fc3f743ff363b5f117270d386b5a71,0,0,0.0,False,0,0
2766,0.6912499999999793,82944,6a242012867dc8b837e29b1a8324e93d22fc3f743ff363b5f117270d386b5a71,0,0,0.0,False,0,0
2767,0.6914999999999792,82944,6a242012867dc8b837e29b1a8324e93d22fc3f743ff363b5f117270d386b5a71,0,0,0.0,False,0,0
2768,0.6917499999999792,82944,6a242012867dc8b837e29b1a8324e93d22fc3f743ff363b5f117270d386b5a71,0,0,0.0,False,0,0
2769,0.6919999999999792,82944,6a242012867dc8b837e29b1a8324e93d22fc3f743ff363b5f117270d386b5a71,0,0,0.0,False,0,0
2770,0.6922499999999792,82944,6a242012867dc8b837e29b1a8324e93d22fc3f743ff363b5f117270d386b5a71,0,0,0.0,False,0,0
2771,0.6924999999999791,82944,6a242012867dc8b837e29b1a8324e93d22fc3f743ff363b5f117270d386b5a71,0,0,0.0,False,0,0
2772,0.6927499999999791,82944,6a242012867dc8b837e29b1a8324e93d22fc3f743ff363b5f117270d386b5a71,0,0,0.0,False,0,0
2773,0.6929999999999791,82944,6a242012867dc8b837e29b1a8324e93d22fc3f743ff363b5f117270d386b5a71,0,0,0.0,False,0,0
2774,0.693249999999979,82944,6a242012867dc8b837e29b1a8324e93d22fc3f743ff363b5f117270d386b5a71,0,0,0.0,False,0,0
2775,0.693499999999979,82944,6a242012867dc8b837e29b1a8324e93d22fc3f743ff363b5f117270d386b5a71,0,0,0.0,False,0,0
2776,0.693749999999979,82944,6a242012867dc8b837e29b1a8324e93d22fc3f743ff363b5f117270d386b5a71,0,0,0.0,False,0,0
2777,0.693999999999979,82944,6a242012867dc8b837e29b1a8324e93d22fc3f743ff363b5f117270d386b5a71,0,0,0.0,False,0,0
2778,0.6942499999999789,82944,6a242012867dc8b837e29b1a8324e93d22fc3f743ff363b5f117270d386b5a71,0,0,0.0,False,0,0
2779,0.6944999999999789,82944,6a242012867dc8b837e29b1a8324e93d22fc3f743ff363b5f117270d386b5a71,0,0,0.0,False,0,0
2780,0.6947499999999789,82944,6a242012867dc8b837e29b1a8324e93d22fc3f743ff363b5f117270d386b5a71,0,0,0.0,False,0,0
2781,0.6949999999999789,82944,6a242012867dc8b837e29b1a8324e93d22fc3f743ff363b5f117270d386b5a71,0,0,0.0,False,0,0
2782,0.6952499999999788,82944,6a242012867dc8b837e29b1a8324e93d22fc3f743ff363b5f117270d386b5a71,0,0,0.0,False,0,0
2783,0.6954999999999788,82944,6a242012867dc8b837e29b1a8324e93d22fc3f743ff363b5f117270d386b5a71,0,0,0.0,False,0,0
2784,0.6957499999999788,82944,6a242012867dc8b837e29b1a8324e93d22fc3f743ff363b5f117270d386b5a71,0,0,0.0,False,0,0
2785,0.6959999999999787,82944,6a242012867dc8b837e29b1a8324e93d22fc3f743ff363b5f117270d386b5a71,0,0,0.0,False,0,0
2786,0.6962499999999787,82944,6a242012867dc8b837e29b1a8324e93d22fc3f743ff363b5f117270d386b5a71,0,0,0.0,False,0,0
2787,0.6964999999999787,82944,6a242012867dc8b837e29b1a8324e93d22fc3f743ff363b5f117270d386b5a71,0,0,0.0,False,0,0
2788,0.6967499999999787,82944,6a242012867dc8b837e29b1a8324e93d22fc3f743ff363b5f117270d386b5a71,0,0,0.0,False,0,0
2789,0.6969999999999786,82944,6a242012867dc8b837e29b1a8324e93d22fc3f743ff363b5f117270d386b5a71,0,0,0.0,False,0,0
2790,0.6972499999999786,82944,6a242012867dc8b837e29b1a8324e93d22fc3f743ff363b5f117270d386b5a71,0,0,0.0,False,0,0
2791,0.6974999999999786,82944,6a242012867dc8b837e29b1a8324e93d22fc3f743ff363b5f117270d386b5a71,0,0,0.0,False,0,0
2792,0.6977499999999786,82944,6a242012867dc8b837e29b1a8324e93d22fc3f743ff363b5f117270d386b5a71,0,0,0.0,False,0,0
2793,0.6979999999999785,82944,6a242012867dc8b837e29b1a8324e93d22fc3f743ff363b5f117270d386b5a71,0,0,0.0,False,0,0
2794,0.6982499999999785,82944,6a242012867dc8b837e29b1a8324e93d22fc3f743ff363b5f117270d386b5a71,0,0,0.0,False,0,0
2795,0.6984999999999785,82944,6a242012867dc8b837e29b1a8324e93d22fc3f743ff363b5f117270d386b5a71,0,0,0.0,False,0,0
2796,0.6987499999999784,82944,6a242012867dc8b837e29b1a8324e93d22fc3f743ff363b5f117270d386b5a71,0,0,0.0,False,0,0
2797,0.6989999999999784,82944,6a242012867dc8b837e29b1a8324e93d22fc3f743ff363b5f117270d386b5a71,0,0,0.0,False,0,0
2798,0.6992499999999784,82944,6a242012867dc8b837e29b1a8324e93d22fc3f743ff363b5f117270d386b5a71,0,0,0.0,False,0,0
2799,0.6994999999999784,82944,6a242012867dc8b837e29b1a8324e93d22fc3f743ff363b5f117270d386b5a71,0,0,0.0,False,0,0
2800,0.6997499999999783,82944,6a242012867dc8b837e29b1a8324e93d22fc3f743ff363b5f117270d386b5a71,0,0,0.0,False,0,0
2801,0.6999999999999783,82944,6a242012867dc8b837e29b1a8324e93d22fc3f743ff363b5f117270d386b5a71,0,0,0.0,False,0,0
2802,0.7002499999999783,82944,6a242012867dc8b837e29b1a8324e93d22fc3f743ff363b5f117270d386b5a71,0,0,0.0,False,0,0
2803,0.7004999999999783,82944,6a242012867dc8b837e29b1a8324e93d22fc3f743ff363b5f117270d386b5a71,0,0,0.0,False,0,0
2804,0.7007499999999782,82944,6a242012867dc8b837e29b1a8324e93d22fc3f743ff363b5f117270d386b5a71,0,0,0.0,False,0,0
2805,0.7009999999999782,82944,6a242012867dc8b837e29b1a8324e93d22fc3f743ff363b5f117270d386b5a71,0,0,0.0,False,0,0
2806,0.7012499999999782,82944,6a242012867dc8b837e29b1a8324e93d22fc3f743ff363b5f117270d386b5a71,0,0,0.0,False,0,0
2807,0.7014999999999781,82944,6a242012867dc8b837e29b1a8324e93d22fc3f743ff363b5f117270d386b5a71,0,0,0.0,False,0,0
2808,0.7017499999999781,82944,6a242012867dc8b837e29b1a8324e93d22fc3f743ff363b5f117270d386b5a71,0,0,0.0,False,0,0
2809,0.7019999999999781,82944,6a242012867dc8b837e29b1a8324e93d22fc3f743ff363b5f117270d386b5a71,0,0,0.0,False,0,0
2810,0.7022499999999781,82944,6a242012867dc8b837e29b1a8324e93d22fc3f743ff363b5f117270d386b5a71,0,0,0.0,False,0,0
2811,0.702499999999978,82944,6a242012867dc8b837e29b1a8324e93d22fc3f743ff363b5f117270d386b5a71,0,0,0.0,False,0,0
2812,0.702749999999978,82944,6a242012867dc8b837e29b1a8324e93d22fc3f743ff363b5f117270d386b5a71,0,0,0.0,False,0,0
2813,0.702999999999978,82944,6a242012867dc8b837e29b1a8324e93d22fc3f743ff363b5f117270d386b5a71,0,0,0.0,False,0,0
2814,0.703249999999978,82944,6a242012867dc8b837e29b1a8324e93d22fc3f743ff363b5f117270d386b5a71,0,0,0.0,False,0,0
2815,0.7034999999999779,82944,6a242012867dc8b837e29b1a8324e93d22fc3f743ff363b5f117270d386b5a71,0,0,0.0,False,0,0
2816,0.7037499999999779,82944,6a242012867dc8b837e29b1a8324e93d22fc3f743ff363b5f117270d386b5a71,0,0,0.0,False,0,0
2817,0.7039999999999779,82944,6a242012867dc8b837e29b1a8324e93d22fc3f743ff363b5f117270d386b5a71,0,0,0.0,False,0,0
2818,0.7042499999999778,82944,6a242012867dc8b837e29b1a8324e93d22fc3f743ff363b5f117270d386b5a71,0,0,0.0,False,0,0
2819,0.7044999999999778,82944,6a242012867dc8b837e29b1a8324e93d22fc3f743ff363b5f117270d386b5a71,0,0,0.0,False,0,0
2820,0.7047499999999778,82944,6a242012867dc8b837e29b1a8324e93d22fc3f743ff363b5f117270d386b5a71,0,0,0.0,False,0,0
2821,0.7049999999999778,82944,6a242012867dc8b837e29b1a8324e93d22fc3f743ff363b5f117270d386b5a71,0,0,0.0,False,0,0
2822,0.7052499999999777,82944,6a242012867dc8b837e29b1a8324e93d22fc3f743ff363b5f117270d386b5a71,0,0,0.0,False,0,0
2823,0.7054999999999777,82944,6a242012867dc8b837e29b1a8324e93d22fc3f743ff363b5f117270d386b5a71,0,0,0.0,False,0,0
2824,0.7057499999999777,82944,6a242012867dc8b837e29b1a8324e93d22fc3f743ff363b5f117270d386b5a71,0,0,0.0,False,0,0
2825,0.7059999999999776,82944,6a242012867dc8b837e29b1a8324e93d22fc3f743ff363b5f117270d386b5a71,0,0,0.0,False,0,0
2826,0.7062499999999776,82944,6a242012867dc8b837e29b1a8324e93d22fc3f743ff363b5f117270d386b5a71,0,0,0.0,False,0,0
2827,0.7064999999999776,82944,6a242012867dc8b837e29b1a8324e93d22fc3f743ff363b5f117270d386b5a71,0,0,0.0,False,0,0
2828,0.7067499999999776,82944,6a242012867dc8b837e29b1a8324e93d22fc3f743ff363b5f117270d386b5a71,0,0,0.0,False,0,0
2829,0.7069999999999775,82944,6a242012867dc8b837e29b1a8324e93d22fc3f743ff363b5f117270d386b5a71,0,0,0.0,False,0,0
2830,0.7072499999999775,82944,6a242012867dc8b837e29b1a8324e93d22fc3f743ff363b5f117270d386b5a71,0,0,0.0,False,0,0
2831,0.7074999999999775,82944,6a242012867dc8b837e29b1a8324e93d22fc3f743ff363b5f117270d386b5a71,0,0,0.0,False,0,0
2832,0.7077499999999775,82944,6a242012867dc8b837e29b1a8324e93d22fc3f743ff363b5f117270d386b5a71,0,0,0.0,False,0,0
2833,0.7079999999999774,82944,6a242012867dc8b837e29b1a8324e93d22fc3f743ff363b5f117270d386b5a71,0,0,0.0,False,0,0
2834,0.7082499999999774,82944,6a242012867dc8b837e29b1a8324e93d22fc3f743ff363b5f117270d386b5a71,0,0,0.0,False,0,0
2835,0.7084999999999774,82944,6a242012867dc8b837e29b1a8324e93d22fc3f743ff363b5f117270d386b5a71,0,0,0.0,False,0,0
2836,0.7087499999999773,82944,6a242012867dc8b837e29b1a8324e93d22fc3f743ff363b5f117270d386b5a71,0,0,0.0,False,0,0
2837,0.7089999999999773,82944,6a242012867dc8b837e29b1a8324e93d22fc3f743ff363b5f117270d386b5a71,0,0,0.0,False,0,0
2838,0.7092499999999773,82944,6a242012867dc8b837e29b1a8324e93d22fc3f743ff363b5f117270d386b5a71,0,0,0.0,False,0,0
2839,0.7094999999999773,82944,6a242012867dc8b837e29b1a8324e93d22fc3f743ff363b5f117270d386b5a71,0,0,0.0,False,0,0
2840,0.7097499999999772,82944,6a242012867dc8b837e29b1a8324e93d22fc3f743ff363b5f117270d386b5a71,0,0,0.0,False,0,0
2841,0.7099999999999772,82944,6a242012867dc8b837e29b1a8324e93d22fc3f743ff363b5f117270d386b5a71,0,0,0.0,False,0,0
2842,0.7102499999999772,82944,6a242012867dc8b837e29b1a8324e93d22fc3f743ff363b5f117270d386b5a71,0,0,0.0,False,0,0
2843,0.7104999999999771,82944,6a242012867dc8b837e29b1a8324e93d22fc3f743ff363b5f117270d386b5a71,0,0,0.0,False,0,0
2844,0.7107499999999771,82944,6a242012867dc8b837e29b1a8324e93d22fc3f743ff363b5f117270d386b5a71,0,0,0.0,False,0,0
2845,0.7109999999999771,82944,6a242012867dc8b837e29b1a8324e93d22fc3f743ff363b5f117270d386b5a71,0,0,0.0,False,0,0
2846,0.7112499999999771,82944,6a242012867dc8b837e29b1a8324e93d22fc3f743ff363b5f117270d386b5a71,0,0,0.0,False,0,0
2847,0.711499999999977,82944,6a242012867dc8b837e29b1a8324e93d22fc3f743ff363b5f117270d386b5a71,0,0,0.0,False,0,0
2848,0.711749999999977,82944,6a242012867dc8b837e29b1a8324e93d22fc3f743ff363b5f117270d386b5a71,0,0,0.0,False,0,0
2849,0.711999999999977,82944,6a242012867dc8b837e29b1a8324e93d22fc3f743ff363b5f117270d386b5a71,0,0,0.0,False,0,0
2850,0.712249999999977,82944,6a242012867dc8b837e29b1a8324e93d22fc3f743ff363b5f117270d386b5a71,0,0,0.0,False,0,0
2851,0.7124999999999769,82944,6a242012867dc8b837e29b1a8324e93d22fc3f743ff363b5f117270d386b5a71,0,0,0.0,False,0,0
2852,0.7127499999999769,82944,6a242012867dc8b837e29b1a8324e93d22fc3f743ff363b5f117270d386b5a71,0,0,0.0,False,0,0
2853,0.7129999999999769,82944,6a242012867dc8b837e29b1a8324e93d22fc3f743ff363b5f117270d386b5a71,0,0,0.0,False,0,0
2854,0.7132499999999768,82944,6a242012867dc8b837e29b1a8324e93d22fc3f743ff363b5f117270d386b5a71,0,0,0.0,False,0,0
2855,0.7134999999999768,82944,6a242012867dc8b837e29b1a8324e93d22fc3f743ff363b5f117270d386b5a71,0,0,0.0,False,0,0
2856,0.7137499999999768,82944,6a242012867dc8b837e29b1a8324e93d22fc3f743ff363b5f117270d386b5a71,0,0,0.0,False,0,0
2857,0.7139999999999768,82944,6a242012867dc8b837e29b1a8324e93d22fc3f743ff363b5f117270d386b5a71,0,0,0.0,False,0,0
2858,0.7142499999999767,82944,6a242012867dc8b837e29b1a8324e93d22fc3f743ff363b5f117270d386b5a71,0,0,0.0,False,0,0
2859,0.7144999999999767,82944,6a242012867dc8b837e29b1a8324e93d22fc3f743ff363b5f117270d386b5a71,0,0,0.0,False,0,0
2860,0.7147499999999767,82944,6a242012867dc8b837e29b1a8324e93d22fc3f743ff363b5f117270d386b5a71,0,0,0.0,False,0,0
2861,0.7149999999999767,82944,6a242012867dc8b837e29b1a8324e93d22fc3f743ff363b5f117270d386b5a71,0,0,0.0,False,0,0
2862,0.7152499999999766,82944,6a242012867dc8b837e29b1a8324e93d22fc3f743ff363b5f117270d386b5a71,0,0,0.0,False,0,0
2863,0.7154999999999766,82944,6a242012867dc8b837e29b1a8324e93d22fc3f743ff363b5f117270d386b5a71,0,0,0.0,False,0,0
2864,0.7157499999999766,82944,6a242012867dc8b837e29b1a8324e93d22fc3f743ff363b5f117270d386b5a71,0,0,0.0,False,0,0
2865,0.7159999999999765,82944,6a242012867dc8b837e29b1a8324e93d22fc3f743ff363b5f117270d386b5a71,0,0,0.0,False,0,0
2866,0.7162499999999765,82944,6a242012867dc8b837e29b1a8324e93d22fc3f743ff363b5f117270d386b5a71,0,0,0.0,False,0,0
2867,0.7164999999999765,82944,6a242012867dc8b837e29b1a8324e93d22fc3f743ff363b5f117270d386b5a71,0,0,0.0,False,0,0
2868,0.7167499999999765,82944,6a242012867dc8b837e29b1a8324e93d22fc3f743ff363b5f117270d386b5a71,0,0,0.0,False,0,0
2869,0.7169999999999764,82944,6a242012867dc8b837e29b1a8324e93d22fc3f743ff363b5f117270d386b5a71,0,0,0.0,False,0,0
2870,0.7172499999999764,82944,6a242012867dc8b837e29b1a8324e93d22fc3f743ff363b5f117270d386b5a71,0,0,0.0,False,0,0
2871,0.7174999999999764,82944,6a242012867dc8b837e29b1a8324e93d22fc3f743ff363b5f117270d386b5a71,0,0,0.0,False,0,0
2872,0.7177499999999764,82944,6a242012867dc8b837e29b1a8324e93d22fc3f743ff363b5f117270d386b5a71,0,0,0.0,False,0,0
2873,0.7179999999999763,82944,6a242012867dc8b837e29b1a8324e93d22fc3f743ff363b5f117270d386b5a71,0,0,0.0,False,0,0
2874,0.7182499999999763,82944,6a242012867dc8b837e29b1a8324e93d22fc3f743ff363b5f117270d386b5a71,0,0,0.0,False,0,0
2875,0.7184999999999763,82944,6a242012867dc8b837e29b1a8324e93d22fc3f743ff363b5f117270d386b5a71,0,0,0.0,False,0,0
2876,0.7187499999999762,82944,6a242012867dc8b837e29b1a8324e93d22fc3f743ff363b5f117270d386b5a71,0,0,0.0,False,0,0
2877,0.7189999999999762,82944,6a242012867dc8b837e29b1a8324e93d22fc3f743ff363b5f117270d386b5a71,0,0,0.0,False,0,0
2878,0.7192499999999762,82944,6a242012867dc8b837e29b1a8324e93d22fc3f743ff363b5f117270d386b5a71,0,0,0.0,False,0,0
2879,0.7194999999999762,82944,6a242012867dc8b837e29b1a8324e93d22fc3f743ff363b5f117270d386b5a71,0,0,0.0,False,0,0
2880,0.7197499999999761,82944,6a242012867dc8b837e29b1a8324e93d22fc3f743ff363b5f117270d386b5a71,0,0,0.0,False,0,0
2881,0.7199999999999761,82944,6a242012867dc8b837e29b1a8324e93d22fc3f743ff363b5f117270d386b5a71,0,0,0.0,False,0,0
2882,0.7202499999999761,82944,6a242012867dc8b837e29b1a8324e93d22fc3f743ff363b5f117270d386b5a71,0,0,0.0,False,0,0
2883,0.720499999999976,82944,6a242012867dc8b837e29b1a8324e93d22fc3f743ff363b5f117270d386b5a71,0,0,0.0,False,0,0
2884,0.720749999999976,82944,6a242012867dc8b837e29b1a8324e93d22fc3f743ff363b5f117270d386b5a71,0,0,0.0,False,0,0
2885,0.720999999999976,82944,6a242012867dc8b837e29b1a8324e93d22fc3f743ff363b5f117270d386b5a71,0,0,0.0,False,0,0
2886,0.721249999999976,82944,6a242012867dc8b837e29b1a8324e93d22fc3f743ff363b5f117270d386b5a71,0,0,0.0,False,0,0
2887,0.7214999999999759,82944,6a242012867dc8b837e29b1a8324e93d22fc3f743ff363b5f117270d386b5a71,0,0,0.0,False,0,0
2888,0.7217499999999759,82944,6a242012867dc8b837e29b1a8324e93d22fc3f743ff363b5f117270d386b5a71,0,0,0.0,False,0,0
2889,0.7219999999999759,82944,6a242012867dc8b837e29b1a8324e93d22fc3f743ff363b5f117270d386b5a71,0,0,0.0,False,0,0
2890,0.7222499999999759,82944,6a242012867dc8b837e29b1a8324e93d22fc3f743ff363b5f117270d386b5a71,0,0,0.0,False,0,0
2891,0.7224999999999758,82944,6a242012867dc8b837e29b1a8324e93d22fc3f743ff363b5f117270d386b5a71,0,0,0.0,False,0,0
2892,0.7227499999999758,82944,6a242012867dc8b837e29b1a8324e93d22fc3f743ff363b5f117270d386b5a71,0,0,0.0,False,0,0
2893,0.7229999999999758,82944,6a242012867dc8b837e29b1a8324e93d22fc3f743ff363b5f117270d386b5a71,0,0,0.0,False,0,0
2894,0.7232499999999757,82944,6a242012867dc8b837e29b1a8324e93d22fc3f743ff363b5f117270d386b5a71,0,0,0.0,False,0,0
2895,0.7234999999999757,82944,6a242012867dc8b837e29b1a8324e93d22fc3f743ff363b5f117270d386b5a71,0,0,0.0,False,0,0
2896,0.7237499999999757,82944,6a242012867dc8b837e29b1a8324e93d22fc3f743ff363b5f117270d386b5a71,0,0,0.0,False,0,0
2897,0.7239999999999757,82944,6a242012867dc8b837e29b1a8324e93d22fc3f743ff363b5f117270d386b5a71,0,0,0.0,False,0,0
2898,0.7242499999999756,82944,6a242012867dc8b837e29b1a8324e93d22fc3f743ff363b5f117270d386b5a71,0,0,0.0,False,0,0
2899,0.7244999999999756,82944,6a242012867dc8b837e29b1a8324e93d22fc3f743ff363b5f117270d386b5a71,0,0,0.0,False,0,0
2900,0.7247499999999756,82944,6a242012867dc8b837e29b1a8324e93d22fc3f743ff363b5f117270d386b5a71,0,0,0.0,False,0,0
2901,0.7249999999999756,82944,6a242012867dc8b837e29b1a8324e93d22fc3f743ff363b5f117270d386b5a71,0,0,0.0,False,0,0
2902,0.7252499999999755,82944,6a242012867dc8b837e29b1a8324e93d22fc3f743ff363b5f117270d386b5a71,0,0,0.0,False,0,0
2903,0.7254999999999755,82944,6a242012867dc8b837e29b1a8324e93d22fc3f743ff363b5f117270d386b5a71,0,0,0.0,False,0,0
2904,0.7257499999999755,82944,6a242012867dc8b837e29b1a8324e93d22fc3f743ff363b5f117270d386b5a71,0,0,0.0,False,0,0
2905,0.7259999999999754,82944,6a242012867dc8b837e29b1a8324e93d22fc3f743ff363b5f117270d386b5a71,0,0,0.0,False,0,0
2906,0.7262499999999754,82944,6a242012867dc8b837e29b1a8324e93d22fc3f743ff363b5f117270d386b5a71,0,0,0.0,False,0,0
2907,0.7264999999999754,82944,6a242012867dc8b837e29b1a8324e93d22fc3f743ff363b5f117270d386b5a71,0,0,0.0,False,0,0
2908,0.7267499999999754,82944,6a242012867dc8b837e29b1a8324e93d22fc3f743ff363b5f117270d386b5a71,0,0,0.0,False,0,0
2909,0.7269999999999753,82944,6a242012867dc8b837e29b1a8324e93d22fc3f743ff363b5f117270d386b5a71,0,0,0.0,False,0,0
2910,0.7272499999999753,82944,6a242012867dc8b837e29b1a8324e93d22fc3f743ff363b5f117270d386b5a71,0,0,0.0,False,0,0
2911,0.7274999999999753,82944,6a242012867dc8b837e29b1a8324e93d22fc3f743ff363b5f117270d386b5a71,0,0,0.0,False,0,0
2912,0.7277499999999753,82944,6a242012867dc8b837e29b1a8324e93d22fc3f743ff363b5f117270d386b5a71,0,0,0.0,False,0,0
2913,0.7279999999999752,82944,6a242012867dc8b837e29b1a8324e93d22fc3f743ff363b5f117270d386b5a71,0,0,0.0,False,0,0
2914,0.7282499999999752,82944,6a242012867dc8b837e29b1a8324e93d22fc3f743ff363b5f117270d386b5a71,0,0,0.0,False,0,0
2915,0.7284999999999752,82944,6a242012867dc8b837e29b1a8324e93d22fc3f743ff363b5f117270d386b5a71,0,0,0.0,False,0,0
2916,0.7287499999999751,82944,6a242012867dc8b837e29b1a8324e93d22fc3f743ff363b5f117270d386b5a71,0,0,0.0,False,0,0
2917,0.7289999999999751,82944,6a242012867dc8b837e29b1a8324e93d22fc3f743ff363b5f117270d386b5a71,0,0,0.0,False,0,0
2918,0.7292499999999751,82944,6a242012867dc8b837e29b1a8324e93d22fc3f743ff363b5f117270d386b5a71,0,0,0.0,False,0,0
2919,0.7294999999999751,82944,6a242012867dc8b837e29b1a8324e93d22fc3f743ff363b5f117270d386b5a71,0,0,0.0,False,0,0
2920,0.729749999999975,82944,6a242012867dc8b837e29b1a8324e93d22fc3f743ff363b5f117270d386b5a71,0,0,0.0,False,0,0
2921,0.729999999999975,82944,6a242012867dc8b837e29b1a8324e93d22fc3f743ff363b5f117270d386b5a71,0,0,0.0,False,0,0
2922,0.730249999999975,82944,6a242012867dc8b837e29b1a8324e93d22fc3f743ff363b5f117270d386b5a71,0,0,0.0,False,0,0
2923,0.730499999999975,82944,6a242012867dc8b837e29b1a8324e93d22fc3f743ff363b5f117270d386b5a71,0,0,0.0,False,0,0
2924,0.7307499999999749,82944,6a242012867dc8b837e29b1a8324e93d22fc3f743ff363b5f117270d386b5a71,0,0,0.0,False,0,0
2925,0.7309999999999749,82944,6a242012867dc8b837e29b1a8324e93d22fc3f743ff363b5f117270d386b5a71,0,0,0.0,False,0,0
2926,0.7312499999999749,82944,6a242012867dc8b837e29b1a8324e93d22fc3f743ff363b5f117270d386b5a71,0,0,0.0,False,0,0
2927,0.7314999999999748,82944,6a242012867dc8b837e29b1a8324e93d22fc3f743ff363b5f117270d386b5a71,0,0,0.0,False,0,0
2928,0.7317499999999748,82944,6a242012867dc8b837e29b1a8324e93d22fc3f743ff363b5f117270d386b5a71,0,0,0.0,False,0,0
2929,0.7319999999999748,82944,6a242012867dc8b837e29b1a8324e93d22fc3f743ff363b5f117270d386b5a71,0,0,0.0,False,0,0
2930,0.7322499999999748,82944,6a242012867dc8b837e29b1a8324e93d22fc3f743ff363b5f117270d386b5a71,0,0,0.0,False,0,0
2931,0.7324999999999747,82944,6a242012867dc8b837e29b1a8324e93d22fc3f743ff363b5f117270d386b5a71,0,0,0.0,False,0,0
2932,0.7327499999999747,82944,6a242012867dc8b837e29b1a8324e93d22fc3f743ff363b5f117270d386b5a71,0,0,0.0,False,0,0
2933,0.7329999999999747,82944,6a242012867dc8b837e29b1a8324e93d22fc3f743ff363b5f117270d386b5a71,0,0,0.0,False,0,0
2934,0.7332499999999746,82944,6a242012867dc8b837e29b1a8324e93d22fc3f743ff363b5f117270d386b5a71,0,0,0.0,False,0,0
2935,0.7334999999999746,82944,6a242012867dc8b837e29b1a8324e93d22fc3f743ff363b5f117270d386b5a71,0,0,0.0,False,0,0
2936,0.7337499999999746,82944,6a242012867dc8b837e29b1a8324e93d22fc3f743ff363b5f117270d386b5a71,0,0,0.0,False,0,0
2937,0.7339999999999746,82944,6a242012867dc8b837e29b1a8324e93d22fc3f743ff363b5f117270d386b5a71,0,0,0.0,False,0,0
2938,0.7342499999999745,82944,6a242012867dc8b837e29b1a8324e93d22fc3f743ff363b5f117270d386b5a71,0,0,0.0,False,0,0
2939,0.7344999999999745,82944,6a242012867dc8b837e29b1a8324e93d22fc3f743ff363b5f117270d386b5a71,0,0,0.0,False,0,0
2940,0.7347499999999745,82944,6a242012867dc8b837e29b1a8324e93d22fc3f743ff363b5f117270d386b5a71,0,0,0.0,False,0,0
2941,0.7349999999999745,82944,6a242012867dc8b837e29b1a8324e93d22fc3f743ff363b5f117270d386b5a71,0,0,0.0,False,0,0
2942,0.7352499999999744,82944,6a242012867dc8b837e29b1a8324e93d22fc3f743ff363b5f117270d386b5a71,0,0,0.0,False,0,0
2943,0.7354999999999744,82944,6a242012867dc8b837e29b1a8324e93d22fc3f743ff363b5f117270d386b5a71,0,0,0.0,False,0,0
2944,0.7357499999999744,82944,6a242012867dc8b837e29b1a8324e93d22fc3f743ff363b5f117270d386b5a71,0,0,0.0,False,0,0
2945,0.7359999999999743,82944,6a242012867dc8b837e29b1a8324e93d22fc3f743ff363b5f117270d386b5a71,0,0,0.0,False,0,0
2946,0.7362499999999743,82944,6a242012867dc8b837e29b1a8324e93d22fc3f743ff363b5f117270d386b5a71,0,0,0.0,False,0,0
2947,0.7364999999999743,82944,6a242012867dc8b837e29b1a8324e93d22fc3f743ff363b5f117270d386b5a71,0,0,0.0,False,0,0
2948,0.7367499999999743,82944,6a242012867dc8b837e29b1a8324e93d22fc3f743ff363b5f117270d386b5a71,0,0,0.0,False,0,0
2949,0.7369999999999742,82944,6a242012867dc8b837e29b1a8324e93d22fc3f743ff363b5f117270d386b5a71,0,0,0.0,False,0,0
2950,0.7372499999999742,82944,6a242012867dc8b837e29b1a8324e93d22fc3f743ff363b5f117270d386b5a71,0,0,0.0,False,0,0
2951,0.7374999999999742,82944,6a242012867dc8b837e29b1a8324e93d22fc3f743ff363b5f117270d386b5a71,0,0,0.0,False,0,0
2952,0.7377499999999741,82944,6a242012867dc8b837e29b1a8324e93d22fc3f743ff363b5f117270d386b5a71,0,0,0.0,False,0,0
2953,0.7379999999999741,82944,6a242012867dc8b837e29b1a8324e93d22fc3f743ff363b5f117270d386b5a71,0,0,0.0,False,0,0
2954,0.7382499999999741,82944,6a242012867dc8b837e29b1a8324e93d22fc3f743ff363b5f117270d386b5a71,0,0,0.0,False,0,0
2955,0.7384999999999741,82944,6a242012867dc8b837e29b1a8324e93d22fc3f743ff363b5f117270d386b5a71,0,0,0.0,False,0,0
2956,0.738749999999974,82944,6a242012867dc8b837e29b1a8324e93d22fc3f743ff363b5f117270d386b5a71,0,0,0.0,False,0,0
2957,0.738999999999974,82944,6a242012867dc8b837e29b1a8324e93d22fc3f743ff363b5f117270d386b5a71,0,0,0.0,False,0,0
2958,0.739249999999974,82944,6a242012867dc8b837e29b1a8324e93d22fc3f743ff363b5f117270d386b5a71,0,0,0.0,False,0,0
2959,0.739499999999974,82944,6a242012867dc8b837e29b1a8324e93d22fc3f743ff363b5f117270d386b5a71,0,0,0.0,False,0,0
2960,0.7397499999999739,82944,6a242012867dc8b837e29b1a8324e93d22fc3f743ff363b5f117270d386b5a71,0,0,0.0,False,0,0
2961,0.7399999999999739,82944,6a242012867dc8b837e29b1a8324e93d22fc3f743ff363b5f117270d386b5a71,0,0,0.0,False,0,0
2962,0.7402499999999739,82944,6a242012867dc8b837e29b1a8324e93d22fc3f743ff363b5f117270d386b5a71,0,0,0.0,False,0,0
2963,0.7404999999999738,82944,6a242012867dc8b837e29b1a8324e93d22fc3f743ff363b5f117270d386b5a71,0,0,0.0,False,0,0
2964,0.7407499999999738,82944,6a242012867dc8b837e29b1a8324e93d22fc3f743ff363b5f117270d386b5a71,0,0,0.0,False,0,0
2965,0.7409999999999738,82944,6a242012867dc8b837e29b1a8324e93d22fc3f743ff363b5f117270d386b5a71,0,0,0.0,False,0,0
2966,0.7412499999999738,82944,6a242012867dc8b837e29b1a8324e93d22fc3f743ff363b5f117270d386b5a71,0,0,0.0,False,0,0
2967,0.7414999999999737,82944,6a242012867dc8b837e29b1a8324e93d22fc3f743ff363b5f117270d386b5a71,0,0,0.0,False,0,0
2968,0.7417499999999737,82944,6a242012867dc8b837e29b1a8324e93d22fc3f743ff363b5f117270d386b5a71,0,0,0.0,False,0,0
2969,0.7419999999999737,82944,6a242012867dc8b837e29b1a8324e93d22fc3f743ff363b5f117270d386b5a71,0,0,0.0,False,0,0
2970,0.7422499999999737,82944,6a242012867dc8b837e29b1a8324e93d22fc3f743ff363b5f117270d386b5a71,0,0,0.0,False,0,0
2971,0.7424999999999736,82944,6a242012867dc8b837e29b1a8324e93d22fc3f743ff363b5f117270d386b5a71,0,0,0.0,False,0,0
2972,0.7427499999999736,82944,6a242012867dc8b837e29b1a8324e93d22fc3f743ff363b5f117270d386b5a71,0,0,0.0,False,0,0
2973,0.7429999999999736,82944,6a242012867dc8b837e29b1a8324e93d22fc3f743ff363b5f117270d386b5a71,0,0,0.0,False,0,0
2974,0.7432499999999735,82944,6a242012867dc8b837e29b1a8324e93d22fc3f743ff363b5f117270d386b5a71,0,0,0.0,False,0,0
2975,0.7434999999999735,82944,6a242012867dc8b837e29b1a8324e93d22fc3f743ff363b5f117270d386b5a71,0,0,0.0,False,0,0
2976,0.7437499999999735,82944,6a242012867dc8b837e29b1a8324e93d22fc3f743ff363b5f117270d386b5a71,0,0,0.0,False,0,0
2977,0.7439999999999735,82944,6a242012867dc8b837e29b1a8324e93d22fc3f743ff363b5f117270d386b5a71,0,0,0.0,False,0,0
2978,0.7442499999999734,82944,6a242012867dc8b837e29b1a8324e93d22fc3f743ff363b5f117270d386b5a71,0,0,0.0,False,0,0
2979,0.7444999999999734,82944,6a242012867dc8b837e29b1a8324e93d22fc3f743ff363b5f117270d386b5a71,0,0,0.0,False,0,0
2980,0.7447499999999734,82944,6a242012867dc8b837e29b1a8324e93d22fc3f743ff363b5f117270d386b5a71,0,0,0.0,False,0,0
2981,0.7449999999999734,82944,6a242012867dc8b837e29b1a8324e93d22fc3f743ff363b5f117270d386b5a71,0,0,0.0,False,0,0
2982,0.7452499999999733,82944,6a242012867dc8b837e29b1a8324e93d22fc3f743ff363b5f117270d386b5a71,0,0,0.0,False,0,0
2983,0.7454999999999733,82944,6a242012867dc8b837e29b1a8324e93d22fc3f743ff363b5f117270d386b5a71,0,0,0.0,False,0,0
2984,0.7457499999999733,82944,6a242012867dc8b837e29b1a8324e93d22fc3f743ff363b5f117270d386b5a71,0,0,0.0,False,0,0
2985,0.7459999999999732,82944,6a242012867dc8b837e29b1a8324e93d22fc3f743ff363b5f117270d386b5a71,0,0,0.0,False,0,0
2986,0.7462499999999732,82944,6a242012867dc8b837e29b1a8324e93d22fc3f743ff363b5f117270d386b5a71,0,0,0.0,False,0,0
2987,0.7464999999999732,82944,6a242012867dc8b837e29b1a8324e93d22fc3f743ff363b5f117270d386b5a71,0,0,0.0,False,0,0
2988,0.7467499999999732,82944,6a242012867dc8b837e29b1a8324e93d22fc3f743ff363b5f117270d386b5a71,0,0,0.0,False,0,0
2989,0.7469999999999731,82944,6a242012867dc8b837e29b1a8324e93d22fc3f743ff363b5f117270d386b5a71,0,0,0.0,False,0,0
2990,0.7472499999999731,82944,6a242012867dc8b837e29b1a8324e93d22fc3f743ff363b5f117270d386b5a71,0,0,0.0,False,0,0
2991,0.7474999999999731,82944,6a242012867dc8b837e29b1a8324e93d22fc3f743ff363b5f117270d386b5a71,0,0,0.0,False,0,0
2992,0.747749999999973,82944,6a242012867dc8b837e29b1a8324e93d22fc3f743ff363b5f117270d386b5a71,0,0,0.0,False,0,0
2993,0.747999999999973,82944,6a242012867dc8b837e29b1a8324e93d22fc3f743ff363b5f117270d386b5a71,0,0,0.0,False,0,0
2994,0.748249999999973,82944,6a242012867dc8b837e29b1a8324e93d22fc3f743ff363b5f117270d386b5a71,0,0,0.0,False,0,0
2995,0.748499999999973,82944,6a242012867dc8b837e29b1a8324e93d22fc3f743ff363b5f117270d386b5a71,0,0,0.0,False,0,0
2996,0.7487499999999729,82944,6a242012867dc8b837e29b1a8324e93d22fc3f743ff363b5f117270d386b5a71,0,0,0.0,False,0,0
2997,0.7489999999999729,82944,6a242012867dc8b837e29b1a8324e93d22fc3f743ff363b5f117270d386b5a71,0,0,0.0,False,0,0
2998,0.7492499999999729,82944,6a242012867dc8b837e29b1a8324e93d22fc3f743ff363b5f117270d386b5a71,0,0,0.0,False,0,0
2999,0.7494999999999729,82944,6a242012867dc8b837e29b1a8324e93d22fc3f743ff363b5f117270d386b5a71,0,0,0.0,False,0,0
3000,0.7497499999999728,82944,6a242012867dc8b837e29b1a8324e93d22fc3f743ff363b5f117270d386b5a71,0,0,0.0,False,0,0
3001,0.7499999999999728,82944,6a242012867dc8b837e29b1a8324e93d22fc3f743ff363b5f117270d386b5a71,0,0,0.0,False,0,0
3002,0.7502499999999728,82944,6a242012867dc8b837e29b1a8324e93d22fc3f743ff363b5f117270d386b5a71,0,0,0.0,False,0,0
3003,0.7504999999999727,82944,6a242012867dc8b837e29b1a8324e93d22fc3f743ff363b5f117270d386b5a71,0,0,0.0,False,0,0
3004,0.7507499999999727,82944,6a242012867dc8b837e29b1a8324e93d22fc3f743ff363b5f117270d386b5a71,0,0,0.0,False,0,0
3005,0.7509999999999727,82944,6a242012867dc8b837e29b1a8324e93d22fc3f743ff363b5f117270d386b5a71,0,0,0.0,False,0,0
3006,0.7512499999999727,82944,6a242012867dc8b837e29b1a8324e93d22fc3f743ff363b5f117270d386b5a71,0,0,0.0,False,0,0
3007,0.7514999999999726,82944,6a242012867dc8b837e29b1a8324e93d22fc3f743ff363b5f117270d386b5a71,0,0,0.0,False,0,0
3008,0.7517499999999726,82944,6a242012867dc8b837e29b1a8324e93d22fc3f743ff363b5f117270d386b5a71,0,0,0.0,False,0,0
3009,0.7519999999999726,82944,6a242012867dc8b837e29b1a8324e93d22fc3f743ff363b5f117270d386b5a71,0,0,0.0,False,0,0
3010,0.7522499999999726,82944,6a242012867dc8b837e29b1a8324e93d22fc3f743ff363b5f117270d386b5a71,0,0,0.0,False,0,0
3011,0.7524999999999725,82944,6a242012867dc8b837e29b1a8324e93d22fc3f743ff363b5f117270d386b5a71,0,0,0.0,False,0,0
3012,0.7527499999999725,82944,6a242012867dc8b837e29b1a8324e93d22fc3f743ff363b5f117270d386b5a71,0,0,0.0,False,0,0
3013,0.7529999999999725,82944,6a242012867dc8b837e29b1a8324e93d22fc3f743ff363b5f117270d386b5a71,0,0,0.0,False,0,0
3014,0.7532499999999724,82944,6a242012867dc8b837e29b1a8324e93d22fc3f743ff363b5f117270d386b5a71,0,0,0.0,False,0,0
3015,0.7534999999999724,82944,6a242012867dc8b837e29b1a8324e93d22fc3f743ff363b5f117270d386b5a71,0,0,0.0,False,0,0
3016,0.7537499999999724,82944,6a242012867dc8b837e29b1a8324e93d22fc3f743ff363b5f117270d386b5a71,0,0,0.0,False,0,0
3017,0.7539999999999724,82944,6a242012867dc8b837e29b1a8324e93d22fc3f743ff363b5f117270d386b5a71,0,0,0.0,False,0,0
3018,0.7542499999999723,82944,6a242012867dc8b837e29b1a8324e93d22fc3f743ff363b5f117270d386b5a71,0,0,0.0,False,0,0
3019,0.7544999999999723,82944,6a242012867dc8b837e29b1a8324e93d22fc3f743ff363b5f117270d386b5a71,0,0,0.0,False,0,0
3020,0.7547499999999723,82944,6a242012867dc8b837e29b1a8324e93d22fc3f743ff363b5f117270d386b5a71,0,0,0.0,False,0,0
3021,0.7549999999999722,82944,6a242012867dc8b837e29b1a8324e93d22fc3f743ff363b5f117270d386b5a71,0,0,0.0,False,0,0
3022,0.7552499999999722,82944,6a242012867dc8b837e29b1a8324e93d22fc3f743ff363b5f117270d386b5a71,0,0,0.0,False,0,0
3023,0.7554999999999722,82944,6a242012867dc8b837e29b1a8324e93d22fc3f743ff363b5f117270d386b5a71,0,0,0.0,False,0,0
3024,0.7557499999999722,82944,6a242012867dc8b837e29b1a8324e93d22fc3f743ff363b5f117270d386b5a71,0,0,0.0,False,0,0
3025,0.7559999999999721,82944,6a242012867dc8b837e29b1a8324e93d22fc3f743ff363b5f117270d386b5a71,0,0,0.0,False,0,0
3026,0.7562499999999721,82944,6a242012867dc8b837e29b1a8324e93d22fc3f743ff363b5f117270d386b5a71,0,0,0.0,False,0,0
3027,0.7564999999999721,82944,6a242012867dc8b837e29b1a8324e93d22fc3f743ff363b5f117270d386b5a71,0,0,0.0,False,0,0
3028,0.7567499999999721,82944,6a242012867dc8b837e29b1a8324e93d22fc3f743ff363b5f117270d386b5a71,0,0,0.0,False,0,0
3029,0.756999999999972,82944,6a242012867dc8b837e29b1a8324e93d22fc3f743ff363b5f117270d386b5a71,0,0,0.0,False,0,0
3030,0.757249999999972,82944,6a242012867dc8b837e29b1a8324e93d22fc3f743ff363b5f117270d386b5a71,0,0,0.0,False,0,0
3031,0.757499999999972,82944,6a242012867dc8b837e29b1a8324e93d22fc3f743ff363b5f117270d386b5a71,0,0,0.0,False,0,0
3032,0.757749999999972,82944,6a242012867dc8b837e29b1a8324e93d22fc3f743ff363b5f117270d386b5a71,0,0,0.0,False,0,0
3033,0.7579999999999719,82944,6a242012867dc8b837e29b1a8324e93d22fc3f743ff363b5f117270d386b5a71,0,0,0.0,False,0,0
3034,0.7582499999999719,82944,6a242012867dc8b837e29b1a8324e93d22fc3f743ff363b5f117270d386b5a71,0,0,0.0,False,0,0
3035,0.7584999999999719,82944,6a242012867dc8b837e29b1a8324e93d22fc3f743ff363b5f117270d386b5a71,0,0,0.0,False,0,0
3036,0.7587499999999718,82944,6a242012867dc8b837e29b1a8324e93d22fc3f743ff363b5f117270d386b5a71,0,0,0.0,False,0,0
3037,0.7589999999999718,82944,6a242012867dc8b837e29b1a8324e93d22fc3f743ff363b5f117270d386b5a71,0,0,0.0,False,0,0
3038,0.7592499999999718,82944,6a242012867dc8b837e29b1a8324e93d22fc3f743ff363b5f117270d386b5a71,0,0,0.0,False,0,0
3039,0.7594999999999718,82944,6a242012867dc8b837e29b1a8324e93d22fc3f743ff363b5f117270d386b5a71,0,0,0.0,False,0,0
3040,0.7597499999999717,82944,6a242012867dc8b837e29b1a8324e93d22fc3f743ff363b5f117270d386b5a71,0,0,0.0,False,0,0
3041,0.7599999999999717,82944,6a242012867dc8b837e29b1a8324e93d22fc3f743ff363b5f117270d386b5a71,0,0,0.0,False,0,0
3042,0.7602499999999717,82944,6a242012867dc8b837e29b1a8324e93d22fc3f743ff363b5f117270d386b5a71,0,0,0.0,False,0,0
3043,0.7604999999999716,82944,6a242012867dc8b837e29b1a8324e93d22fc3f743ff363b5f117270d386b5a71,0,0,0.0,False,0,0
3044,0.7607499999999716,82944,6a242012867dc8b837e29b1a8324e93d22fc3f743ff363b5f117270d386b5a71,0,0,0.0,False,0,0
3045,0.7609999999999716,82944,6a242012867dc8b837e29b1a8324e93d22fc3f743ff363b5f117270d386b5a71,0,0,0.0,False,0,0
3046,0.7612499999999716,82944,6a242012867dc8b837e29b1a8324e93d22fc3f743ff363b5f117270d386b5a71,0,0,0.0,False,0,0
3047,0.7614999999999715,82944,6a242012867dc8b837e29b1a8324e93d22fc3f743ff363b5f117270d386b5a71,0,0,0.0,False,0,0
3048,0.7617499999999715,82944,6a242012867dc8b837e29b1a8324e93d22fc3f743ff363b5f117270d386b5a71,0,0,0.0,False,0,0
3049,0.7619999999999715,82944,6a242012867dc8b837e29b1a8324e93d22fc3f743ff363b5f117270d386b5a71,0,0,0.0,False,0,0
3050,0.7622499999999715,82944,6a242012867dc8b837e29b1a8324e93d22fc3f743ff363b5f117270d386b5a71,0,0,0.0,False,0,0
3051,0.7624999999999714,82944,6a242012867dc8b837e29b1a8324e93d22fc3f743ff363b5f117270d386b5a71,0,0,0.0,False,0,0
3052,0.7627499999999714,82944,6a242012867dc8b837e29b1a8324e93d22fc3f743ff363b5f117270d386b5a71,0,0,0.0,False,0,0
3053,0.7629999999999714,82944,6a242012867dc8b837e29b1a8324e93d22fc3f743ff363b5f117270d386b5a71,0,0,0.0,False,0,0
3054,0.7632499999999713,82944,6a242012867dc8b837e29b1a8324e93d22fc3f743ff363b5f117270d386b5a71,0,0,0.0,False,0,0
3055,0.7634999999999713,82944,6a242012867dc8b837e29b1a8324e93d22fc3f743ff363b5f117270d386b5a71,0,0,0.0,False,0,0
3056,0.7637499999999713,82944,6a242012867dc8b837e29b1a8324e93d22fc3f743ff363b5f117270d386b5a71,0,0,0.0,False,0,0
3057,0.7639999999999713,82944,6a242012867dc8b837e29b1a8324e93d22fc3f743ff363b5f117270d386b5a71,0,0,0.0,False,0,0
3058,0.7642499999999712,82944,6a242012867dc8b837e29b1a8324e93d22fc3f743ff363b5f117270d386b5a71,0,0,0.0,False,0,0
3059,0.7644999999999712,82944,6a242012867dc8b837e29b1a8324e93d22fc3f743ff363b5f117270d386b5a71,0,0,0.0,False,0,0
3060,0.7647499999999712,82944,6a242012867dc8b837e29b1a8324e93d22fc3f743ff363b5f117270d386b5a71,0,0,0.0,False,0,0
3061,0.7649999999999711,82944,6a242012867dc8b837e29b1a8324e93d22fc3f743ff363b5f117270d386b5a71,0,0,0.0,False,0,0
3062,0.7652499999999711,82944,6a242012867dc8b837e29b1a8324e93d22fc3f743ff363b5f117270d386b5a71,0,0,0.0,False,0,0
3063,0.7654999999999711,82944,6a242012867dc8b837e29b1a8324e93d22fc3f743ff363b5f117270d386b5a71,0,0,0.0,False,0,0
3064,0.7657499999999711,82944,6a242012867dc8b837e29b1a8324e93d22fc3f743ff363b5f117270d386b5a71,0,0,0.0,False,0,0
3065,0.765999999999971,82944,6a242012867dc8b837e29b1a8324e93d22fc3f743ff363b5f117270d386b5a71,0,0,0.0,False,0,0
3066,0.766249999999971,82944,6a242012867dc8b837e29b1a8324e93d22fc3f743ff363b5f117270d386b5a71,0,0,0.0,False,0,0
3067,0.766499999999971,82944,6a242012867dc8b837e29b1a8324e93d22fc3f743ff363b5f117270d386b5a71,0,0,0.0,False,0,0
3068,0.766749999999971,82944,6a242012867dc8b837e29b1a8324e93d22fc3f743ff363b5f117270d386b5a71,0,0,0.0,False,0,0
3069,0.7669999999999709,82944,6a242012867dc8b837e29b1a8324e93d22fc3f743ff363b5f117270d386b5a71,0,0,0.0,False,0,0
3070,0.7672499999999709,82944,6a242012867dc8b837e29b1a8324e93d22fc3f743ff363b5f117270d386b5a71,0,0,0.0,False,0,0
3071,0.7674999999999709,82944,6a242012867dc8b837e29b1a8324e93d22fc3f743ff363b5f117270d386b5a71,0,0,0.0,False,0,0
3072,0.7677499999999708,82944,6a242012867dc8b837e29b1a8324e93d22fc3f743ff363b5f117270d386b5a71,0,0,0.0,False,0,0
3073,0.7679999999999708,82944,6a242012867dc8b837e29b1a8324e93d22fc3f743ff363b5f117270d386b5a71,0,0,0.0,False,0,0
3074,0.7682499999999708,82944,6a242012867dc8b837e29b1a8324e93d22fc3f743ff363b5f117270d386b5a71,0,0,0.0,False,0,0
3075,0.7684999999999708,82944,6a242012867dc8b837e29b1a8324e93d22fc3f743ff363b5f117270d386b5a71,0,0,0.0,False,0,0
3076,0.7687499999999707,82944,6a242012867dc8b837e29b1a8324e93d22fc3f743ff363b5f117270d386b5a71,0,0,0.0,False,0,0
3077,0.7689999999999707,82944,6a242012867dc8b837e29b1a8324e93d22fc3f743ff363b5f117270d386b5a71,0,0,0.0,False,0,0
3078,0.7692499999999707,82944,6a242012867dc8b837e29b1a8324e93d22fc3f743ff363b5f117270d386b5a71,0,0,0.0,False,0,0
3079,0.7694999999999707,82944,6a242012867dc8b837e29b1a8324e93d22fc3f743ff363b5f117270d386b5a71,0,0,0.0,False,0,0
3080,0.7697499999999706,82944,6a242012867dc8b837e29b1a8324e93d22fc3f743ff363b5f117270d386b5a71,0,0,0.0,False,0,0
3081,0.7699999999999706,82944,6a242012867dc8b837e29b1a8324e93d22fc3f743ff363b5f117270d386b5a71,0,0,0.0,False,0,0
3082,0.7702499999999706,82944,6a242012867dc8b837e29b1a8324e93d22fc3f743ff363b5f117270d386b5a71,0,0,0.0,False,0,0
3083,0.7704999999999705,82944,6a242012867dc8b837e29b1a8324e93d22fc3f743ff363b5f117270d386b5a71,0,0,0.0,False,0,0
3084,0.7707499999999705,82944,6a242012867dc8b837e29b1a8324e93d22fc3f743ff363b5f117270d386b5a71,0,0,0.0,False,0,0
3085,0.7709999999999705,82944,6a242012867dc8b837e29b1a8324e93d22fc3f743ff363b5f117270d386b5a71,0,0,0.0,False,0,0
3086,0.7712499999999705,82944,6a242012867dc8b837e29b1a8324e93d22fc3f743ff363b5f117270d386b5a71,0,0,0.0,False,0,0
3087,0.7714999999999704,82944,6a242012867dc8b837e29b1a8324e93d22fc3f743ff363b5f117270d386b5a71,0,0,0.0,False,0,0
3088,0.7717499999999704,82944,6a242012867dc8b837e29b1a8324e93d22fc3f743ff363b5f117270d386b5a71,0,0,0.0,False,0,0
3089,0.7719999999999704,82944,6a242012867dc8b837e29b1a8324e93d22fc3f743ff363b5f117270d386b5a71,0,0,0.0,False,0,0
3090,0.7722499999999703,82944,6a242012867dc8b837e29b1a8324e93d22fc3f743ff363b5f117270d386b5a71,0,0,0.0,False,0,0
3091,0.7724999999999703,82944,6a242012867dc8b837e29b1a8324e93d22fc3f743ff363b5f117270d386b5a71,0,0,0.0,False,0,0
3092,0.7727499999999703,82944,6a242012867dc8b837e29b1a8324e93d22fc3f743ff363b5f117270d386b5a71,0,0,0.0,False,0,0
3093,0.7729999999999703,82944,6a242012867dc8b837e29b1a8324e93d22fc3f743ff363b5f117270d386b5a71,0,0,0.0,False,0,0
3094,0.7732499999999702,82944,6a242012867dc8b837e29b1a8324e93d22fc3f743ff363b5f117270d386b5a71,0,0,0.0,False,0,0
3095,0.7734999999999702,82944,6a242012867dc8b837e29b1a8324e93d22fc3f743ff363b5f117270d386b5a71,0,0,0.0,False,0,0
3096,0.7737499999999702,82944,6a242012867dc8b837e29b1a8324e93d22fc3f743ff363b5f117270d386b5a71,0,0,0.0,False,0,0
3097,0.7739999999999702,82944,6a242012867dc8b837e29b1a8324e93d22fc3f743ff363b5f117270d386b5a71,0,0,0.0,False,0,0
3098,0.7742499999999701,82944,6a242012867dc8b837e29b1a8324e93d22fc3f743ff363b5f117270d386b5a71,0,0,0.0,False,0,0
3099,0.7744999999999701,82944,6a242012867dc8b837e29b1a8324e93d22fc3f743ff363b5f117270d386b5a71,0,0,0.0,False,0,0
3100,0.7747499999999701,82944,6a242012867dc8b837e29b1a8324e93d22fc3f743ff363b5f117270d386b5a71,0,0,0.0,False,0,0
3101,0.77499999999997,82944,6a242012867dc8b837e29b1a8324e93d22fc3f743ff363b5f117270d386b5a71,0,0,0.0,False,0,0
3102,0.77524999999997,82944,6a242012867dc8b837e29b1a8324e93d22fc3f743ff363b5f117270d386b5a71,0,0,0.0,False,0,0
3103,0.77549999999997,82944,6a242012867dc8b837e29b1a8324e93d22fc3f743ff363b5f117270d386b5a71,0,0,0.0,False,0,0
3104,0.77574999999997,82944,6a242012867dc8b837e29b1a8324e93d22fc3f743ff363b5f117270d386b5a71,0,0,0.0,False,0,0
3105,0.7759999999999699,82944,6a242012867dc8b837e29b1a8324e93d22fc3f743ff363b5f117270d386b5a71,0,0,0.0,False,0,0
3106,0.7762499999999699,82944,6a242012867dc8b837e29b1a8324e93d22fc3f743ff363b5f117270d386b5a71,0,0,0.0,False,0,0
3107,0.7764999999999699,82944,6a242012867dc8b837e29b1a8324e93d22fc3f743ff363b5f117270d386b5a71,0,0,0.0,False,0,0
3108,0.7767499999999699,82944,6a242012867dc8b837e29b1a8324e93d22fc3f743ff363b5f117270d386b5a71,0,0,0.0,False,0,0
3109,0.7769999999999698,82944,6a242012867dc8b837e29b1a8324e93d22fc3f743ff363b5f117270d386b5a71,0,0,0.0,False,0,0
3110,0.7772499999999698,82944,6a242012867dc8b837e29b1a8324e93d22fc3f743ff363b5f117270d386b5a71,0,0,0.0,False,0,0
3111,0.7774999999999698,82944,6a242012867dc8b837e29b1a8324e93d22fc3f743ff363b5f117270d386b5a71,0,0,0.0,False,0,0
3112,0.7777499999999697,82944,6a242012867dc8b837e29b1a8324e93d22fc3f743ff363b5f117270d386b5a71,0,0,0.0,False,0,0
3113,0.7779999999999697,82944,6a242012867dc8b837e29b1a8324e93d22fc3f743ff363b5f117270d386b5a71,0,0,0.0,False,0,0
3114,0.7782499999999697,82944,6a242012867dc8b837e29b1a8324e93d22fc3f743ff363b5f117270d386b5a71,0,0,0.0,False,0,0
3115,0.7784999999999697,82944,6a242012867dc8b837e29b1a8324e93d22fc3f743ff363b5f117270d386b5a71,0,0,0.0,False,0,0
3116,0.7787499999999696,82944,6a242012867dc8b837e29b1a8324e93d22fc3f743ff363b5f117270d386b5a71,0,0,0.0,False,0,0
3117,0.7789999999999696,82944,6a242012867dc8b837e29b1a8324e93d22fc3f743ff363b5f117270d386b5a71,0,0,0.0,False,0,0
3118,0.7792499999999696,82944,6a242012867dc8b837e29b1a8324e93d22fc3f743ff363b5f117270d386b5a71,0,0,0.0,False,0,0
3119,0.7794999999999696,82944,6a242012867dc8b837e29b1a8324e93d22fc3f743ff363b5f117270d386b5a71,0,0,0.0,False,0,0
3120,0.7797499999999695,82944,6a242012867dc8b837e29b1a8324e93d22fc3f743ff363b5f117270d386b5a71,0,0,0.0,False,0,0
3121,0.7799999999999695,82944,6a242012867dc8b837e29b1a8324e93d22fc3f743ff363b5f117270d386b5a71,0,0,0.0,False,0,0
3122,0.7802499999999695,82944,6a242012867dc8b837e29b1a8324e93d22fc3f743ff363b5f117270d386b5a71,0,0,0.0,False,0,0
3123,0.7804999999999694,82944,6a242012867dc8b837e29b1a8324e93d22fc3f743ff363b5f117270d386b5a71,0,0,0.0,False,0,0
3124,0.7807499999999694,82944,6a242012867dc8b837e29b1a8324e93d22fc3f743ff363b5f117270d386b5a71,0,0,0.0,False,0,0
3125,0.7809999999999694,82944,6a242012867dc8b837e29b1a8324e93d22fc3f743ff363b5f117270d386b5a71,0,0,0.0,False,0,0
3126,0.7812499999999694,82944,6a242012867dc8b837e29b1a8324e93d22fc3f743ff363b5f117270d386b5a71,0,0,0.0,False,0,0
3127,0.7814999999999693,82944,6a242012867dc8b837e29b1a8324e93d22fc3f743ff363b5f117270d386b5a71,0,0,0.0,False,0,0
3128,0.7817499999999693,82944,6a242012867dc8b837e29b1a8324e93d22fc3f743ff363b5f117270d386b5a71,0,0,0.0,False,0,0
3129,0.7819999999999693,82944,6a242012867dc8b837e29b1a8324e93d22fc3f743ff363b5f117270d386b5a71,0,0,0.0,False,0,0
3130,0.7822499999999692,82944,6a242012867dc8b837e29b1a8324e93d22fc3f743ff363b5f117270d386b5a71,0,0,0.0,False,0,0
3131,0.7824999999999692,82944,6a242012867dc8b837e29b1a8324e93d22fc3f743ff363b5f117270d386b5a71,0,0,0.0,False,0,0
3132,0.7827499999999692,82944,6a242012867dc8b837e29b1a8324e93d22fc3f743ff363b5f117270d386b5a71,0,0,0.0,False,0,0
3133,0.7829999999999692,82944,6a242012867dc8b837e29b1a8324e93d22fc3f743ff363b5f117270d386b5a71,0,0,0.0,False,0,0
3134,0.7832499999999691,82944,6a242012867dc8b837e29b1a8324e93d22fc3f743ff363b5f117270d386b5a71,0,0,0.0,False,0,0
3135,0.7834999999999691,82944,6a242012867dc8b837e29b1a8324e93d22fc3f743ff363b5f117270d386b5a71,0,0,0.0,False,0,0
3136,0.7837499999999691,82944,6a242012867dc8b837e29b1a8324e93d22fc3f743ff363b5f117270d386b5a71,0,0,0.0,False,0,0
3137,0.783999999999969,82944,6a242012867dc8b837e29b1a8324e93d22fc3f743ff363b5f117270d386b5a71,0,0,0.0,False,0,0
3138,0.784249999999969,82944,6a242012867dc8b837e29b1a8324e93d22fc3f743ff363b5f117270d386b5a71,0,0,0.0,False,0,0
3139,0.784499999999969,82944,6a242012867dc8b837e29b1a8324e93d22fc3f743ff363b5f117270d386b5a71,0,0,0.0,False,0,0
3140,0.784749999999969,82944,6a242012867dc8b837e29b1a8324e93d22fc3f743ff363b5f117270d386b5a71,0,0,0.0,False,0,0
3141,0.784999999999969,82944,6a242012867dc8b837e29b1a8324e93d22fc3f743ff363b5f117270d386b5a71,0,0,0.0,False,0,0
3142,0.7852499999999689,82944,6a242012867dc8b837e29b1a8324e93d22fc3f743ff363b5f117270d386b5a71,0,0,0.0,False,0,0
3143,0.7854999999999689,82944,6a242012867dc8b837e29b1a8324e93d22fc3f743ff363b5f117270d386b5a71,0,0,0.0,False,0,0
3144,0.7857499999999689,82944,6a242012867dc8b837e29b1a8324e93d22fc3f743ff363b5f117270d386b5a71,0,0,0.0,False,0,0
3145,0.7859999999999688,82944,6a242012867dc8b837e29b1a8324e93d22fc3f743ff363b5f117270d386b5a71,0,0,0.0,False,0,0
3146,0.7862499999999688,82944,6a242012867dc8b837e29b1a8324e93d22fc3f743ff363b5f117270d386b5a71,0,0,0.0,False,0,0
3147,0.7864999999999688,82944,6a242012867dc8b837e29b1a8324e93d22fc3f743ff363b5f117270d386b5a71,0,0,0.0,False,0,0
3148,0.7867499999999688,82944,6a242012867dc8b837e29b1a8324e93d22fc3f743ff363b5f117270d386b5a71,0,0,0.0,False,0,0
3149,0.7869999999999687,82944,6a242012867dc8b837e29b1a8324e93d22fc3f743ff363b5f117270d386b5a71,0,0,0.0,False,0,0
3150,0.7872499999999687,82944,6a242012867dc8b837e29b1a8324e93d22fc3f743ff363b5f117270d386b5a71,0,0,0.0,False,0,0
3151,0.7874999999999687,82944,6a242012867dc8b837e29b1a8324e93d22fc3f743ff363b5f117270d386b5a71,0,0,0.0,False,0,0
3152,0.7877499999999686,82944,6a242012867dc8b837e29b1a8324e93d22fc3f743ff363b5f117270d386b5a71,0,0,0.0,False,0,0
3153,0.7879999999999686,82944,6a242012867dc8b837e29b1a8324e93d22fc3f743ff363b5f117270d386b5a71,0,0,0.0,False,0,0
3154,0.7882499999999686,82944,6a242012867dc8b837e29b1a8324e93d22fc3f743ff363b5f117270d386b5a71,0,0,0.0,False,0,0
3155,0.7884999999999686,82944,6a242012867dc8b837e29b1a8324e93d22fc3f743ff363b5f117270d386b5a71,0,0,0.0,False,0,0
3156,0.7887499999999685,82944,6a242012867dc8b837e29b1a8324e93d22fc3f743ff363b5f117270d386b5a71,0,0,0.0,False,0,0
3157,0.7889999999999685,82944,6a242012867dc8b837e29b1a8324e93d22fc3f743ff363b5f117270d386b5a71,0,0,0.0,False,0,0
3158,0.7892499999999685,82944,6a242012867dc8b837e29b1a8324e93d22fc3f743ff363b5f117270d386b5a71,0,0,0.0,False,0,0
3159,0.7894999999999684,82944,6a242012867dc8b837e29b1a8324e93d22fc3f743ff363b5f117270d386b5a71,0,0,0.0,False,0,0
3160,0.7897499999999684,82944,6a242012867dc8b837e29b1a8324e93d22fc3f743ff363b5f117270d386b5a71,0,0,0.0,False,0,0
3161,0.7899999999999684,82944,6a242012867dc8b837e29b1a8324e93d22fc3f743ff363b5f117270d386b5a71,0,0,0.0,False,0,0
3162,0.7902499999999684,82944,6a242012867dc8b837e29b1a8324e93d22fc3f743ff363b5f117270d386b5a71,0,0,0.0,False,0,0
3163,0.7904999999999683,82944,6a242012867dc8b837e29b1a8324e93d22fc3f743ff363b5f117270d386b5a71,0,0,0.0,False,0,0
3164,0.7907499999999683,82944,6a242012867dc8b837e29b1a8324e93d22fc3f743ff363b5f117270d386b5a71,0,0,0.0,False,0,0
3165,0.7909999999999683,82944,6a242012867dc8b837e29b1a8324e93d22fc3f743ff363b5f117270d386b5a71,0,0,0.0,False,0,0
3166,0.7912499999999683,82944,6a242012867dc8b837e29b1a8324e93d22fc3f743ff363b5f117270d386b5a71,0,0,0.0,False,0,0
3167,0.7914999999999682,82944,6a242012867dc8b837e29b1a8324e93d22fc3f743ff363b5f117270d386b5a71,0,0,0.0,False,0,0
3168,0.7917499999999682,82944,6a242012867dc8b837e29b1a8324e93d22fc3f743ff363b5f117270d386b5a71,0,0,0.0,False,0,0
3169,0.7919999999999682,82944,6a242012867dc8b837e29b1a8324e93d22fc3f743ff363b5f117270d386b5a71,0,0,0.0,False,0,0
3170,0.7922499999999681,82944,6a242012867dc8b837e29b1a8324e93d22fc3f743ff363b5f117270d386b5a71,0,0,0.0,False,0,0
3171,0.7924999999999681,82944,6a242012867dc8b837e29b1a8324e93d22fc3f743ff363b5f117270d386b5a71,0,0,0.0,False,0,0
3172,0.7927499999999681,82944,6a242012867dc8b837e29b1a8324e93d22fc3f743ff363b5f117270d386b5a71,0,0,0.0,False,0,0
3173,0.7929999999999681,82944,6a242012867dc8b837e29b1a8324e93d22fc3f743ff363b5f117270d386b5a71,0,0,0.0,False,0,0
3174,0.793249999999968,82944,6a242012867dc8b837e29b1a8324e93d22fc3f743ff363b5f117270d386b5a71,0,0,0.0,False,0,0
3175,0.793499999999968,82944,6a242012867dc8b837e29b1a8324e93d22fc3f743ff363b5f117270d386b5a71,0,0,0.0,False,0,0
3176,0.793749999999968,82944,6a242012867dc8b837e29b1a8324e93d22fc3f743ff363b5f117270d386b5a71,0,0,0.0,False,0,0
3177,0.793999999999968,82944,6a242012867dc8b837e29b1a8324e93d22fc3f743ff363b5f117270d386b5a71,0,0,0.0,False,0,0
3178,0.7942499999999679,82944,6a242012867dc8b837e29b1a8324e93d22fc3f743ff363b5f117270d386b5a71,0,0,0.0,False,0,0
3179,0.7944999999999679,82944,6a242012867dc8b837e29b1a8324e93d22fc3f743ff363b5f117270d386b5a71,0,0,0.0,False,0,0
3180,0.7947499999999679,82944,6a242012867dc8b837e29b1a8324e93d22fc3f743ff363b5f117270d386b5a71,0,0,0.0,False,0,0
3181,0.7949999999999678,82944,6a242012867dc8b837e29b1a8324e93d22fc3f743ff363b5f117270d386b5a71,0,0,0.0,False,0,0
3182,0.7952499999999678,82944,6a242012867dc8b837e29b1a8324e93d22fc3f743ff363b5f117270d386b5a71,0,0,0.0,False,0,0
3183,0.7954999999999678,82944,6a242012867dc8b837e29b1a8324e93d22fc3f743ff363b5f117270d386b5a71,0,0,0.0,False,0,0
3184,0.7957499999999678,82944,6a242012867dc8b837e29b1a8324e93d22fc3f743ff363b5f117270d386b5a71,0,0,0.0,False,0,0
3185,0.7959999999999677,82944,6a242012867dc8b837e29b1a8324e93d22fc3f743ff363b5f117270d386b5a71,0,0,0.0,False,0,0
3186,0.7962499999999677,82944,6a242012867dc8b837e29b1a8324e93d22fc3f743ff363b5f117270d386b5a71,0,0,0.0,False,0,0
3187,0.7964999999999677,82944,6a242012867dc8b837e29b1a8324e93d22fc3f743ff363b5f117270d386b5a71,0,0,0.0,False,0,0
3188,0.7967499999999677,82944,6a242012867dc8b837e29b1a8324e93d22fc3f743ff363b5f117270d386b5a71,0,0,0.0,False,0,0
3189,0.7969999999999676,82944,6a242012867dc8b837e29b1a8324e93d22fc3f743ff363b5f117270d386b5a71,0,0,0.0,False,0,0
3190,0.7972499999999676,82944,6a242012867dc8b837e29b1a8324e93d22fc3f743ff363b5f117270d386b5a71,0,0,0.0,False,0,0
3191,0.7974999999999676,82944,6a242012867dc8b837e29b1a8324e93d22fc3f743ff363b5f117270d386b5a71,0,0,0.0,False,0,0
3192,0.7977499999999675,82944,6a242012867dc8b837e29b1a8324e93d22fc3f743ff363b5f117270d386b5a71,0,0,0.0,False,0,0
3193,0.7979999999999675,82944,6a242012867dc8b837e29b1a8324e93d22fc3f743ff363b5f117270d386b5a71,0,0,0.0,False,0,0
3194,0.7982499999999675,82944,6a242012867dc8b837e29b1a8324e93d22fc3f743ff363b5f117270d386b5a71,0,0,0.0,False,0,0
3195,0.7984999999999675,82944,6a242012867dc8b837e29b1a8324e93d22fc3f743ff363b5f117270d386b5a71,0,0,0.0,False,0,0
3196,0.7987499999999674,82944,6a242012867dc8b837e29b1a8324e93d22fc3f743ff363b5f117270d386b5a71,0,0,0.0,False,0,0
3197,0.7989999999999674,82944,6a242012867dc8b837e29b1a8324e93d22fc3f743ff363b5f117270d386b5a71,0,0,0.0,False,0,0
3198,0.7992499999999674,82944,6a242012867dc8b837e29b1a8324e93d22fc3f743ff363b5f117270d386b5a71,0,0,0.0,False,0,0
3199,0.7994999999999673,82944,6a242012867dc8b837e29b1a8324e93d22fc3f743ff363b5f117270d386b5a71,0,0,0.0,False,0,0
3200,0.7997499999999673,82944,6a242012867dc8b837e29b1a8324e93d22fc3f743ff363b5f117270d386b5a71,0,0,0.0,False,0,0
3201,0.7999999999999673,82944,6a242012867dc8b837e29b1a8324e93d22fc3f743ff363b5f117270d386b5a71,0,0,0.0,False,0,0
3202,0.8002499999999673,82944,6a242012867dc8b837e29b1a8324e93d22fc3f743ff363b5f117270d386b5a71,0,0,0.0,False,0,0
3203,0.8004999999999672,82944,6a242012867dc8b837e29b1a8324e93d22fc3f743ff363b5f117270d386b5a71,0,0,0.0,False,0,0
3204,0.8007499999999672,82944,6a242012867dc8b837e29b1a8324e93d22fc3f743ff363b5f117270d386b5a71,0,0,0.0,False,0,0
3205,0.8009999999999672,82944,6a242012867dc8b837e29b1a8324e93d22fc3f743ff363b5f117270d386b5a71,0,0,0.0,False,0,0
3206,0.8012499999999672,82944,6a242012867dc8b837e29b1a8324e93d22fc3f743ff363b5f117270d386b5a71,0,0,0.0,False,0,0
3207,0.8014999999999671,82944,6a242012867dc8b837e29b1a8324e93d22fc3f743ff363b5f117270d386b5a71,0,0,0.0,False,0,0
3208,0.8017499999999671,82944,6a242012867dc8b837e29b1a8324e93d22fc3f743ff363b5f117270d386b5a71,0,0,0.0,False,0,0
3209,0.8019999999999671,82944,6a242012867dc8b837e29b1a8324e93d22fc3f743ff363b5f117270d386b5a71,0,0,0.0,False,0,0
3210,0.802249999999967,82944,6a242012867dc8b837e29b1a8324e93d22fc3f743ff363b5f117270d386b5a71,0,0,0.0,False,0,0
3211,0.802499999999967,82944,6a242012867dc8b837e29b1a8324e93d22fc3f743ff363b5f117270d386b5a71,0,0,0.0,False,0,0
3212,0.802749999999967,82944,6a242012867dc8b837e29b1a8324e93d22fc3f743ff363b5f117270d386b5a71,0,0,0.0,False,0,0
3213,0.802999999999967,82944,6a242012867dc8b837e29b1a8324e93d22fc3f743ff363b5f117270d386b5a71,0,0,0.0,False,0,0
3214,0.8032499999999669,82944,6a242012867dc8b837e29b1a8324e93d22fc3f743ff363b5f117270d386b5a71,0,0,0.0,False,0,0
3215,0.8034999999999669,82944,6a242012867dc8b837e29b1a8324e93d22fc3f743ff363b5f117270d386b5a71,0,0,0.0,False,0,0
3216,0.8037499999999669,82944,6a242012867dc8b837e29b1a8324e93d22fc3f743ff363b5f117270d386b5a71,0,0,0.0,False,0,0
3217,0.8039999999999669,82944,6a242012867dc8b837e29b1a8324e93d22fc3f743ff363b5f117270d386b5a71,0,0,0.0,False,0,0
3218,0.8042499999999668,82944,6a242012867dc8b837e29b1a8324e93d22fc3f743ff363b5f117270d386b5a71,0,0,0.0,False,0,0
3219,0.8044999999999668,82944,6a242012867dc8b837e29b1a8324e93d22fc3f743ff363b5f117270d386b5a71,0,0,0.0,False,0,0
3220,0.8047499999999668,82944,6a242012867dc8b837e29b1a8324e93d22fc3f743ff363b5f117270d386b5a71,0,0,0.0,False,0,0
3221,0.8049999999999667,82944,6a242012867dc8b837e29b1a8324e93d22fc3f743ff363b5f117270d386b5a71,0,0,0.0,False,0,0
3222,0.8052499999999667,82944,6a242012867dc8b837e29b1a8324e93d22fc3f743ff363b5f117270d386b5a71,0,0,0.0,False,0,0
3223,0.8054999999999667,82944,6a242012867dc8b837e29b1a8324e93d22fc3f743ff363b5f117270d386b5a71,0,0,0.0,False,0,0
3224,0.8057499999999667,82944,6a242012867dc8b837e29b1a8324e93d22fc3f743ff363b5f117270d386b5a71,0,0,0.0,False,0,0
3225,0.8059999999999666,82944,6a242012867dc8b837e29b1a8324e93d22fc3f743ff363b5f117270d386b5a71,0,0,0.0,False,0,0
3226,0.8062499999999666,82944,6a242012867dc8b837e29b1a8324e93d22fc3f743ff363b5f117270d386b5a71,0,0,0.0,False,0,0
3227,0.8064999999999666,82944,6a242012867dc8b837e29b1a8324e93d22fc3f743ff363b5f117270d386b5a71,0,0,0.0,False,0,0
3228,0.8067499999999665,82944,6a242012867dc8b837e29b1a8324e93d22fc3f743ff363b5f117270d386b5a71,0,0,0.0,False,0,0
3229,0.8069999999999665,82944,6a242012867dc8b837e29b1a8324e93d22fc3f743ff363b5f117270d386b5a71,0,0,0.0,False,0,0
3230,0.8072499999999665,82944,6a242012867dc8b837e29b1a8324e93d22fc3f743ff363b5f117270d386b5a71,0,0,0.0,False,0,0
3231,0.8074999999999665,82944,6a242012867dc8b837e29b1a8324e93d22fc3f743ff363b5f117270d386b5a71,0,0,0.0,False,0,0
3232,0.8077499999999664,82944,6a242012867dc8b837e29b1a8324e93d22fc3f743ff363b5f117270d386b5a71,0,0,0.0,False,0,0
3233,0.8079999999999664,82944,6a242012867dc8b837e29b1a8324e93d22fc3f743ff363b5f117270d386b5a71,0,0,0.0,False,0,0
3234,0.8082499999999664,82944,6a242012867dc8b837e29b1a8324e93d22fc3f743ff363b5f117270d386b5a71,0,0,0.0,False,0,0
3235,0.8084999999999664,82944,6a242012867dc8b837e29b1a8324e93d22fc3f743ff363b5f117270d386b5a71,0,0,0.0,False,0,0
3236,0.8087499999999663,82944,6a242012867dc8b837e29b1a8324e93d22fc3f743ff363b5f117270d386b5a71,0,0,0.0,False,0,0
3237,0.8089999999999663,82944,6a242012867dc8b837e29b1a8324e93d22fc3f743ff363b5f117270d386b5a71,0,0,0.0,False,0,0
3238,0.8092499999999663,82944,6a242012867dc8b837e29b1a8324e93d22fc3f743ff363b5f117270d386b5a71,0,0,0.0,False,0,0
3239,0.8094999999999662,82944,6a242012867dc8b837e29b1a8324e93d22fc3f743ff363b5f117270d386b5a71,0,0,0.0,False,0,0
3240,0.8097499999999662,82944,6a242012867dc8b837e29b1a8324e93d22fc3f743ff363b5f117270d386b5a71,0,0,0.0,False,0,0
3241,0.8099999999999662,82944,6a242012867dc8b837e29b1a8324e93d22fc3f743ff363b5f117270d386b5a71,0,0,0.0,False,0,0
3242,0.8102499999999662,82944,6a242012867dc8b837e29b1a8324e93d22fc3f743ff363b5f117270d386b5a71,0,0,0.0,False,0,0
3243,0.8104999999999661,82944,6a242012867dc8b837e29b1a8324e93d22fc3f743ff363b5f117270d386b5a71,0,0,0.0,False,0,0
3244,0.8107499999999661,82944,6a242012867dc8b837e29b1a8324e93d22fc3f743ff363b5f117270d386b5a71,0,0,0.0,False,0,0
3245,0.8109999999999661,82944,6a242012867dc8b837e29b1a8324e93d22fc3f743ff363b5f117270d386b5a71,0,0,0.0,False,0,0
3246,0.811249999999966,82944,6a242012867dc8b837e29b1a8324e93d22fc3f743ff363b5f117270d386b5a71,0,0,0.0,False,0,0
3247,0.811499999999966,82944,6a242012867dc8b837e29b1a8324e93d22fc3f743ff363b5f117270d386b5a71,0,0,0.0,False,0,0
3248,0.811749999999966,82944,6a242012867dc8b837e29b1a8324e93d22fc3f743ff363b5f117270d386b5a71,0,0,0.0,False,0,0
3249,0.811999999999966,82944,6a242012867dc8b837e29b1a8324e93d22fc3f743ff363b5f117270d386b5a71,0,0,0.0,False,0,0
3250,0.8122499999999659,82944,6a242012867dc8b837e29b1a8324e93d22fc3f743ff363b5f117270d386b5a71,0,0,0.0,False,0,0
3251,0.8124999999999659,82944,6a242012867dc8b837e29b1a8324e93d22fc3f743ff363b5f117270d386b5a71,0,0,0.0,False,0,0
3252,0.8127499999999659,82944,6a242012867dc8b837e29b1a8324e93d22fc3f743ff363b5f117270d386b5a71,0,0,0.0,False,0,0
3253,0.8129999999999659,82944,6a242012867dc8b837e29b1a8324e93d22fc3f743ff363b5f117270d386b5a71,0,0,0.0,False,0,0
3254,0.8132499999999658,82944,6a242012867dc8b837e29b1a8324e93d22fc3f743ff363b5f117270d386b5a71,0,0,0.0,False,0,0
3255,0.8134999999999658,82944,6a242012867dc8b837e29b1a8324e93d22fc3f743ff363b5f117270d386b5a71,0,0,0.0,False,0,0
3256,0.8137499999999658,82944,6a242012867dc8b837e29b1a8324e93d22fc3f743ff363b5f117270d386b5a71,0,0,0.0,False,0,0
3257,0.8139999999999658,82944,6a242012867dc8b837e29b1a8324e93d22fc3f743ff363b5f117270d386b5a71,0,0,0.0,False,0,0
3258,0.8142499999999657,82944,6a242012867dc8b837e29b1a8324e93d22fc3f743ff363b5f117270d386b5a71,0,0,0.0,False,0,0
3259,0.8144999999999657,82944,6a242012867dc8b837e29b1a8324e93d22fc3f743ff363b5f117270d386b5a71,0,0,0.0,False,0,0
3260,0.8147499999999657,82944,6a242012867dc8b837e29b1a8324e93d22fc3f743ff363b5f117270d386b5a71,0,0,0.0,False,0,0
3261,0.8149999999999656,82944,6a242012867dc8b837e29b1a8324e93d22fc3f743ff363b5f117270d386b5a71,0,0,0.0,False,0,0
3262,0.8152499999999656,82944,6a242012867dc8b837e29b1a8324e93d22fc3f743ff363b5f117270d386b5a71,0,0,0.0,False,0,0
3263,0.8154999999999656,82944,6a242012867dc8b837e29b1a8324e93d22fc3f743ff363b5f117270d386b5a71,0,0,0.0,False,0,0
3264,0.8157499999999656,82944,6a242012867dc8b837e29b1a8324e93d22fc3f743ff363b5f117270d386b5a71,0,0,0.0,False,0,0
3265,0.8159999999999655,82944,6a242012867dc8b837e29b1a8324e93d22fc3f743ff363b5f117270d386b5a71,0,0,0.0,False,0,0
3266,0.8162499999999655,82944,6a242012867dc8b837e29b1a8324e93d22fc3f743ff363b5f117270d386b5a71,0,0,0.0,False,0,0
3267,0.8164999999999655,82944,6a242012867dc8b837e29b1a8324e93d22fc3f743ff363b5f117270d386b5a71,0,0,0.0,False,0,0
3268,0.8167499999999654,82944,6a242012867dc8b837e29b1a8324e93d22fc3f743ff363b5f117270d386b5a71,0,0,0.0,False,0,0
3269,0.8169999999999654,82944,6a242012867dc8b837e29b1a8324e93d22fc3f743ff363b5f117270d386b5a71,0,0,0.0,False,0,0
3270,0.8172499999999654,82944,6a242012867dc8b837e29b1a8324e93d22fc3f743ff363b5f117270d386b5a71,0,0,0.0,False,0,0
3271,0.8174999999999654,82944,6a242012867dc8b837e29b1a8324e93d22fc3f743ff363b5f117270d386b5a71,0,0,0.0,False,0,0
3272,0.8177499999999653,82944,6a242012867dc8b837e29b1a8324e93d22fc3f743ff363b5f117270d386b5a71,0,0,0.0,False,0,0
3273,0.8179999999999653,82944,6a242012867dc8b837e29b1a8324e93d22fc3f743ff363b5f117270d386b5a71,0,0,0.0,False,0,0
3274,0.8182499999999653,82944,6a242012867dc8b837e29b1a8324e93d22fc3f743ff363b5f117270d386b5a71,0,0,0.0,False,0,0
3275,0.8184999999999653,82944,6a242012867dc8b837e29b1a8324e93d22fc3f743ff363b5f117270d386b5a71,0,0,0.0,False,0,0
3276,0.8187499999999652,82944,6a242012867dc8b837e29b1a8324e93d22fc3f743ff363b5f117270d386b5a71,0,0,0.0,False,0,0
3277,0.8189999999999652,82944,6a242012867dc8b837e29b1a8324e93d22fc3f743ff363b5f117270d386b5a71,0,0,0.0,False,0,0
3278,0.8192499999999652,82944,6a242012867dc8b837e29b1a8324e93d22fc3f743ff363b5f117270d386b5a71,0,0,0.0,False,0,0
3279,0.8194999999999651,82944,6a242012867dc8b837e29b1a8324e93d22fc3f743ff363b5f117270d386b5a71,0,0,0.0,False,0,0
3280,0.8197499999999651,82944,6a242012867dc8b837e29b1a8324e93d22fc3f743ff363b5f117270d386b5a71,0,0,0.0,False,0,0
3281,0.8199999999999651,82944,6a242012867dc8b837e29b1a8324e93d22fc3f743ff363b5f117270d386b5a71,0,0,0.0,False,0,0
3282,0.8202499999999651,82944,6a242012867dc8b837e29b1a8324e93d22fc3f743ff363b5f117270d386b5a71,0,0,0.0,False,0,0
3283,0.820499999999965,82944,6a242012867dc8b837e29b1a8324e93d22fc3f743ff363b5f117270d386b5a71,0,0,0.0,False,0,0
3284,0.820749999999965,82944,6a242012867dc8b837e29b1a8324e93d22fc3f743ff363b5f117270d386b5a71,0,0,0.0,False,0,0
3285,0.820999999999965,82944,6a242012867dc8b837e29b1a8324e93d22fc3f743ff363b5f117270d386b5a71,0,0,0.0,False,0,0
3286,0.821249999999965,82944,6a242012867dc8b837e29b1a8324e93d22fc3f743ff363b5f117270d386b5a71,0,0,0.0,False,0,0
3287,0.8214999999999649,82944,6a242012867dc8b837e29b1a8324e93d22fc3f743ff363b5f117270d386b5a71,0,0,0.0,False,0,0
3288,0.8217499999999649,82944,6a242012867dc8b837e29b1a8324e93d22fc3f743ff363b5f117270d386b5a71,0,0,0.0,False,0,0
3289,0.8219999999999649,82944,6a242012867dc8b837e29b1a8324e93d22fc3f743ff363b5f117270d386b5a71,0,0,0.0,False,0,0
3290,0.8222499999999648,82944,6a242012867dc8b837e29b1a8324e93d22fc3f743ff363b5f117270d386b5a71,0,0,0.0,False,0,0
3291,0.8224999999999648,82944,6a242012867dc8b837e29b1a8324e93d22fc3f743ff363b5f117270d386b5a71,0,0,0.0,False,0,0
3292,0.8227499999999648,82944,6a242012867dc8b837e29b1a8324e93d22fc3f743ff363b5f117270d386b5a71,0,0,0.0,False,0,0
3293,0.8229999999999648,82944,6a242012867dc8b837e29b1a8324e93d22fc3f743ff363b5f117270d386b5a71,0,0,0.0,False,0,0
3294,0.8232499999999647,82944,6a242012867dc8b837e29b1a8324e93d22fc3f743ff363b5f117270d386b5a71,0,0,0.0,False,0,0
3295,0.8234999999999647,82944,6a242012867dc8b837e29b1a8324e93d22fc3f743ff363b5f117270d386b5a71,0,0,0.0,False,0,0
3296,0.8237499999999647,82944,6a242012867dc8b837e29b1a8324e93d22fc3f743ff363b5f117270d386b5a71,0,0,0.0,False,0,0
3297,0.8239999999999646,82944,6a242012867dc8b837e29b1a8324e93d22fc3f743ff363b5f117270d386b5a71,0,0,0.0,False,0,0
3298,0.8242499999999646,82944,6a242012867dc8b837e29b1a8324e93d22fc3f743ff363b5f117270d386b5a71,0,0,0.0,False,0,0
3299,0.8244999999999646,82944,6a242012867dc8b837e29b1a8324e93d22fc3f743ff363b5f117270d386b5a71,0,0,0.0,False,0,0
3300,0.8247499999999646,82944,6a242012867dc8b837e29b1a8324e93d22fc3f743ff363b5f117270d386b5a71,0,0,0.0,False,0,0
3301,0.8249999999999645,82944,6a242012867dc8b837e29b1a8324e93d22fc3f743ff363b5f117270d386b5a71,0,0,0.0,False,0,0
3302,0.8252499999999645,82944,6a242012867dc8b837e29b1a8324e93d22fc3f743ff363b5f117270d386b5a71,0,0,0.0,False,0,0
3303,0.8254999999999645,82944,6a242012867dc8b837e29b1a8324e93d22fc3f743ff363b5f117270d386b5a71,0,0,0.0,False,0,0
3304,0.8257499999999645,82944,6a242012867dc8b837e29b1a8324e93d22fc3f743ff363b5f117270d386b5a71,0,0,0.0,False,0,0
3305,0.8259999999999644,82944,6a242012867dc8b837e29b1a8324e93d22fc3f743ff363b5f117270d386b5a71,0,0,0.0,False,0,0
3306,0.8262499999999644,82944,6a242012867dc8b837e29b1a8324e93d22fc3f743ff363b5f117270d386b5a71,0,0,0.0,False,0,0
3307,0.8264999999999644,82944,6a242012867dc8b837e29b1a8324e93d22fc3f743ff363b5f117270d386b5a71,0,0,0.0,False,0,0
3308,0.8267499999999643,82944,6a242012867dc8b837e29b1a8324e93d22fc3f743ff363b5f117270d386b5a71,0,0,0.0,False,0,0
3309,0.8269999999999643,82944,6a242012867dc8b837e29b1a8324e93d22fc3f743ff363b5f117270d386b5a71,0,0,0.0,False,0,0
3310,0.8272499999999643,82944,6a242012867dc8b837e29b1a8324e93d22fc3f743ff363b5f117270d386b5a71,0,0,0.0,False,0,0
3311,0.8274999999999643,82944,6a242012867dc8b837e29b1a8324e93d22fc3f743ff363b5f117270d386b5a71,0,0,0.0,False,0,0
3312,0.8277499999999642,82944,6a242012867dc8b837e29b1a8324e93d22fc3f743ff363b5f117270d386b5a71,0,0,0.0,False,0,0
3313,0.8279999999999642,82944,6a242012867dc8b837e29b1a8324e93d22fc3f743ff363b5f117270d386b5a71,0,0,0.0,False,0,0
3314,0.8282499999999642,82944,6a242012867dc8b837e29b1a8324e93d22fc3f743ff363b5f117270d386b5a71,0,0,0.0,False,0,0
3315,0.8284999999999642,82944,6a242012867dc8b837e29b1a8324e93d22fc3f743ff363b5f117270d386b5a71,0,0,0.0,False,0,0
3316,0.8287499999999641,82944,6a242012867dc8b837e29b1a8324e93d22fc3f743ff363b5f117270d386b5a71,0,0,0.0,False,0,0
3317,0.8289999999999641,82944,6a242012867dc8b837e29b1a8324e93d22fc3f743ff363b5f117270d386b5a71,0,0,0.0,False,0,0
3318,0.8292499999999641,82944,6a242012867dc8b837e29b1a8324e93d22fc3f743ff363b5f117270d386b5a71,0,0,0.0,False,0,0
3319,0.829499999999964,82944,6a242012867dc8b837e29b1a8324e93d22fc3f743ff363b5f117270d386b5a71,0,0,0.0,False,0,0
3320,0.829749999999964,82944,6a242012867dc8b837e29b1a8324e93d22fc3f743ff363b5f117270d386b5a71,0,0,0.0,False,0,0
3321,0.829999999999964,82944,6a242012867dc8b837e29b1a8324e93d22fc3f743ff363b5f117270d386b5a71,0,0,0.0,False,0,0
3322,0.830249999999964,82944,6a242012867dc8b837e29b1a8324e93d22fc3f743ff363b5f117270d386b5a71,0,0,0.0,False,0,0
3323,0.8304999999999639,82944,6a242012867dc8b837e29b1a8324e93d22fc3f743ff363b5f117270d386b5a71,0,0,0.0,False,0,0
3324,0.8307499999999639,82944,6a242012867dc8b837e29b1a8324e93d22fc3f743ff363b5f117270d386b5a71,0,0,0.0,False,0,0
3325,0.8309999999999639,82944,6a242012867dc8b837e29b1a8324e93d22fc3f743ff363b5f117270d386b5a71,0,0,0.0,False,0,0
3326,0.8312499999999639,82944,6a242012867dc8b837e29b1a8324e93d22fc3f743ff363b5f117270d386b5a71,0,0,0.0,False,0,0
3327,0.8314999999999638,82944,6a242012867dc8b837e29b1a8324e93d22fc3f743ff363b5f117270d386b5a71,0,0,0.0,False,0,0
3328,0.8317499999999638,82944,6a242012867dc8b837e29b1a8324e93d22fc3f743ff363b5f117270d386b5a71,0,0,0.0,False,0,0
3329,0.8319999999999638,82944,6a242012867dc8b837e29b1a8324e93d22fc3f743ff363b5f117270d386b5a71,0,0,0.0,False,0,0
3330,0.8322499999999637,82944,6a242012867dc8b837e29b1a8324e93d22fc3f743ff363b5f117270d386b5a71,0,0,0.0,False,0,0
3331,0.8324999999999637,82944,6a242012867dc8b837e29b1a8324e93d22fc3f743ff363b5f117270d386b5a71,0,0,0.0,False,0,0
3332,0.8327499999999637,82944,6a242012867dc8b837e29b1a8324e93d22fc3f743ff363b5f117270d386b5a71,0,0,0.0,False,0,0
3333,0.8329999999999637,82944,6a242012867dc8b837e29b1a8324e93d22fc3f743ff363b5f117270d386b5a71,0,0,0.0,False,0,0
3334,0.8332499999999636,82944,6a242012867dc8b837e29b1a8324e93d22fc3f743ff363b5f117270d386b5a71,0,0,0.0,False,0,0
3335,0.8334999999999636,82944,6a242012867dc8b837e29b1a8324e93d22fc3f743ff363b5f117270d386b5a71,0,0,0.0,False,0,0
3336,0.8337499999999636,82944,6a242012867dc8b837e29b1a8324e93d22fc3f743ff363b5f117270d386b5a71,0,0,0.0,False,0,0
3337,0.8339999999999635,82944,6a242012867dc8b837e29b1a8324e93d22fc3f743ff363b5f117270d386b5a71,0,0,0.0,False,0,0
3338,0.8342499999999635,82944,6a242012867dc8b837e29b1a8324e93d22fc3f743ff363b5f117270d386b5a71,0,0,0.0,False,0,0
3339,0.8344999999999635,82944,6a242012867dc8b837e29b1a8324e93d22fc3f743ff363b5f117270d386b5a71,0,0,0.0,False,0,0
3340,0.8347499999999635,82944,6a242012867dc8b837e29b1a8324e93d22fc3f743ff363b5f117270d386b5a71,0,0,0.0,False,0,0
3341,0.8349999999999634,82944,6a242012867dc8b837e29b1a8324e93d22fc3f743ff363b5f117270d386b5a71,0,0,0.0,False,0,0
3342,0.8352499999999634,82944,6a242012867dc8b837e29b1a8324e93d22fc3f743ff363b5f117270d386b5a71,0,0,0.0,False,0,0
3343,0.8354999999999634,82944,6a242012867dc8b837e29b1a8324e93d22fc3f743ff363b5f117270d386b5a71,0,0,0.0,False,0,0
3344,0.8357499999999634,82944,6a242012867dc8b837e29b1a8324e93d22fc3f743ff363b5f117270d386b5a71,0,0,0.0,False,0,0
3345,0.8359999999999633,82944,6a242012867dc8b837e29b1a8324e93d22fc3f743ff363b5f117270d386b5a71,0,0,0.0,False,0,0
3346,0.8362499999999633,82944,6a242012867dc8b837e29b1a8324e93d22fc3f743ff363b5f117270d386b5a71,0,0,0.0,False,0,0
3347,0.8364999999999633,82944,6a242012867dc8b837e29b1a8324e93d22fc3f743ff363b5f117270d386b5a71,0,0,0.0,False,0,0
3348,0.8367499999999632,82944,6a242012867dc8b837e29b1a8324e93d22fc3f743ff363b5f117270d386b5a71,0,0,0.0,False,0,0
3349,0.8369999999999632,82944,6a242012867dc8b837e29b1a8324e93d22fc3f743ff363b5f117270d386b5a71,0,0,0.0,False,0,0
3350,0.8372499999999632,82944,6a242012867dc8b837e29b1a8324e93d22fc3f743ff363b5f117270d386b5a71,0,0,0.0,False,0,0
3351,0.8374999999999632,82944,6a242012867dc8b837e29b1a8324e93d22fc3f743ff363b5f117270d386b5a71,0,0,0.0,False,0,0
3352,0.8377499999999631,82944,6a242012867dc8b837e29b1a8324e93d22fc3f743ff363b5f117270d386b5a71,0,0,0.0,False,0,0
3353,0.8379999999999631,82944,6a242012867dc8b837e29b1a8324e93d22fc3f743ff363b5f117270d386b5a71,0,0,0.0,False,0,0
3354,0.8382499999999631,82944,6a242012867dc8b837e29b1a8324e93d22fc3f743ff363b5f117270d386b5a71,0,0,0.0,False,0,0
3355,0.838499999999963,82944,6a242012867dc8b837e29b1a8324e93d22fc3f743ff363b5f117270d386b5a71,0,0,0.0,False,0,0
3356,0.838749999999963,82944,6a242012867dc8b837e29b1a8324e93d22fc3f743ff363b5f117270d386b5a71,0,0,0.0,False,0,0
3357,0.838999999999963,82944,6a242012867dc8b837e29b1a8324e93d22fc3f743ff363b5f117270d386b5a71,0,0,0.0,False,0,0
3358,0.839249999999963,82944,6a242012867dc8b837e29b1a8324e93d22fc3f743ff363b5f117270d386b5a71,0,0,0.0,False,0,0
3359,0.8394999999999629,82944,6a242012867dc8b837e29b1a8324e93d22fc3f743ff363b5f117270d386b5a71,0,0,0.0,False,0,0
3360,0.8397499999999629,82944,6a242012867dc8b837e29b1a8324e93d22fc3f743ff363b5f117270d386b5a71,0,0,0.0,False,0,0
3361,0.8399999999999629,82944,6a242012867dc8b837e29b1a8324e93d22fc3f743ff363b5f117270d386b5a71,0,0,0.0,False,0,0
3362,0.8402499999999629,82944,6a242012867dc8b837e29b1a8324e93d22fc3f743ff363b5f117270d386b5a71,0,0,0.0,False,0,0
3363,0.8404999999999628,82944,6a242012867dc8b837e29b1a8324e93d22fc3f743ff363b5f117270d386b5a71,0,0,0.0,False,0,0
3364,0.8407499999999628,82944,6a242012867dc8b837e29b1a8324e93d22fc3f743ff363b5f117270d386b5a71,0,0,0.0,False,0,0
3365,0.8409999999999628,82944,6a242012867dc8b837e29b1a8324e93d22fc3f743ff363b5f117270d386b5a71,0,0,0.0,False,0,0
3366,0.8412499999999627,82944,6a242012867dc8b837e29b1a8324e93d22fc3f743ff363b5f117270d386b5a71,0,0,0.0,False,0,0
3367,0.8414999999999627,82944,6a242012867dc8b837e29b1a8324e93d22fc3f743ff363b5f117270d386b5a71,0,0,0.0,False,0,0
3368,0.8417499999999627,82944,6a242012867dc8b837e29b1a8324e93d22fc3f743ff363b5f117270d386b5a71,0,0,0.0,False,0,0
3369,0.8419999999999627,82944,6a242012867dc8b837e29b1a8324e93d22fc3f743ff363b5f117270d386b5a71,0,0,0.0,False,0,0
3370,0.8422499999999626,82944,6a242012867dc8b837e29b1a8324e93d22fc3f743ff363b5f117270d386b5a71,0,0,0.0,False,0,0
3371,0.8424999999999626,82944,6a242012867dc8b837e29b1a8324e93d22fc3f743ff363b5f117270d386b5a71,0,0,0.0,False,0,0
3372,0.8427499999999626,82944,6a242012867dc8b837e29b1a8324e93d22fc3f743ff363b5f117270d386b5a71,0,0,0.0,False,0,0
3373,0.8429999999999626,82944,6a242012867dc8b837e29b1a8324e93d22fc3f743ff363b5f117270d386b5a71,0,0,0.0,False,0,0
3374,0.8432499999999625,82944,6a242012867dc8b837e29b1a8324e93d22fc3f743ff363b5f117270d386b5a71,0,0,0.0,False,0,0
3375,0.8434999999999625,82944,6a242012867dc8b837e29b1a8324e93d22fc3f743ff363b5f117270d386b5a71,0,0,0.0,False,0,0
3376,0.8437499999999625,82944,6a242012867dc8b837e29b1a8324e93d22fc3f743ff363b5f117270d386b5a71,0,0,0.0,False,0,0
3377,0.8439999999999624,82944,6a242012867dc8b837e29b1a8324e93d22fc3f743ff363b5f117270d386b5a71,0,0,0.0,False,0,0
3378,0.8442499999999624,82944,6a242012867dc8b837e29b1a8324e93d22fc3f743ff363b5f117270d386b5a71,0,0,0.0,False,0,0
3379,0.8444999999999624,82944,6a242012867dc8b837e29b1a8324e93d22fc3f743ff363b5f117270d386b5a71,0,0,0.0,False,0,0
3380,0.8447499999999624,82944,6a242012867dc8b837e29b1a8324e93d22fc3f743ff363b5f117270d386b5a71,0,0,0.0,False,0,0
3381,0.8449999999999623,82944,6a242012867dc8b837e29b1a8324e93d22fc3f743ff363b5f117270d386b5a71,0,0,0.0,False,0,0
3382,0.8452499999999623,82944,6a242012867dc8b837e29b1a8324e93d22fc3f743ff363b5f117270d386b5a71,0,0,0.0,False,0,0
3383,0.8454999999999623,82944,6a242012867dc8b837e29b1a8324e93d22fc3f743ff363b5f117270d386b5a71,0,0,0.0,False,0,0
3384,0.8457499999999623,82944,6a242012867dc8b837e29b1a8324e93d22fc3f743ff363b5f117270d386b5a71,0,0,0.0,False,0,0
3385,0.8459999999999622,82944,6a242012867dc8b837e29b1a8324e93d22fc3f743ff363b5f117270d386b5a71,0,0,0.0,False,0,0
3386,0.8462499999999622,82944,6a242012867dc8b837e29b1a8324e93d22fc3f743ff363b5f117270d386b5a71,0,0,0.0,False,0,0
3387,0.8464999999999622,82944,6a242012867dc8b837e29b1a8324e93d22fc3f743ff363b5f117270d386b5a71,0,0,0.0,False,0,0
3388,0.8467499999999621,82944,6a242012867dc8b837e29b1a8324e93d22fc3f743ff363b5f117270d386b5a71,0,0,0.0,False,0,0
3389,0.8469999999999621,82944,6a242012867dc8b837e29b1a8324e93d22fc3f743ff363b5f117270d386b5a71,0,0,0.0,False,0,0
3390,0.8472499999999621,82944,6a242012867dc8b837e29b1a8324e93d22fc3f743ff363b5f117270d386b5a71,0,0,0.0,False,0,0
3391,0.8474999999999621,82944,6a242012867dc8b837e29b1a8324e93d22fc3f743ff363b5f117270d386b5a71,0,0,0.0,False,0,0
3392,0.847749999999962,82944,6a242012867dc8b837e29b1a8324e93d22fc3f743ff363b5f117270d386b5a71,0,0,0.0,False,0,0
3393,0.847999999999962,82944,6a242012867dc8b837e29b1a8324e93d22fc3f743ff363b5f117270d386b5a71,0,0,0.0,False,0,0
3394,0.848249999999962,82944,6a242012867dc8b837e29b1a8324e93d22fc3f743ff363b5f117270d386b5a71,0,0,0.0,False,0,0
3395,0.848499999999962,82944,6a242012867dc8b837e29b1a8324e93d22fc3f743ff363b5f117270d386b5a71,0,0,0.0,False,0,0
3396,0.8487499999999619,82944,6a242012867dc8b837e29b1a8324e93d22fc3f743ff363b5f117270d386b5a71,0,0,0.0,False,0,0
3397,0.8489999999999619,82944,6a242012867dc8b837e29b1a8324e93d22fc3f743ff363b5f117270d386b5a71,0,0,0.0,False,0,0
3398,0.8492499999999619,82944,6a242012867dc8b837e29b1a8324e93d22fc3f743ff363b5f117270d386b5a71,0,0,0.0,False,0,0
3399,0.8494999999999618,82944,6a242012867dc8b837e29b1a8324e93d22fc3f743ff363b5f117270d386b5a71,0,0,0.0,False,0,0
3400,0.8497499999999618,82944,6a242012867dc8b837e29b1a8324e93d22fc3f743ff363b5f117270d386b5a71,0,0,0.0,False,0,0
3401,0.8499999999999618,82944,6a242012867dc8b837e29b1a8324e93d22fc3f743ff363b5f117270d386b5a71,0,0,0.0,False,0,0
3402,0.8502499999999618,82944,6a242012867dc8b837e29b1a8324e93d22fc3f743ff363b5f117270d386b5a71,0,0,0.0,False,0,0
3403,0.8504999999999617,82944,6a242012867dc8b837e29b1a8324e93d22fc3f743ff363b5f117270d386b5a71,0,0,0.0,False,0,0
3404,0.8507499999999617,82944,6a242012867dc8b837e29b1a8324e93d22fc3f743ff363b5f117270d386b5a71,0,0,0.0,False,0,0
3405,0.8509999999999617,82944,6a242012867dc8b837e29b1a8324e93d22fc3f743ff363b5f117270d386b5a71,0,0,0.0,False,0,0
3406,0.8512499999999616,82944,6a242012867dc8b837e29b1a8324e93d22fc3f743ff363b5f117270d386b5a71,0,0,0.0,False,0,0
3407,0.8514999999999616,82944,6a242012867dc8b837e29b1a8324e93d22fc3f743ff363b5f117270d386b5a71,0,0,0.0,False,0,0
3408,0.8517499999999616,82944,6a242012867dc8b837e29b1a8324e93d22fc3f743ff363b5f117270d386b5a71,0,0,0.0,False,0,0
3409,0.8519999999999616,82944,6a242012867dc8b837e29b1a8324e93d22fc3f743ff363b5f117270d386b5a71,0,0,0.0,False,0,0
3410,0.8522499999999615,82944,6a242012867dc8b837e29b1a8324e93d22fc3f743ff363b5f117270d386b5a71,0,0,0.0,False,0,0
3411,0.8524999999999615,82944,6a242012867dc8b837e29b1a8324e93d22fc3f743ff363b5f117270d386b5a71,0,0,0.0,False,0,0
3412,0.8527499999999615,82944,6a242012867dc8b837e29b1a8324e93d22fc3f743ff363b5f117270d386b5a71,0,0,0.0,False,0,0
3413,0.8529999999999615,82944,6a242012867dc8b837e29b1a8324e93d22fc3f743ff363b5f117270d386b5a71,0,0,0.0,False,0,0
3414,0.8532499999999614,82944,6a242012867dc8b837e29b1a8324e93d22fc3f743ff363b5f117270d386b5a71,0,0,0.0,False,0,0
3415,0.8534999999999614,82944,6a242012867dc8b837e29b1a8324e93d22fc3f743ff363b5f117270d386b5a71,0,0,0.0,False,0,0
3416,0.8537499999999614,82944,6a242012867dc8b837e29b1a8324e93d22fc3f743ff363b5f117270d386b5a71,0,0,0.0,False,0,0
3417,0.8539999999999613,82944,6a242012867dc8b837e29b1a8324e93d22fc3f743ff363b5f117270d386b5a71,0,0,0.0,False,0,0
3418,0.8542499999999613,82944,6a242012867dc8b837e29b1a8324e93d22fc3f743ff363b5f117270d386b5a71,0,0,0.0,False,0,0
3419,0.8544999999999613,82944,6a242012867dc8b837e29b1a8324e93d22fc3f743ff363b5f117270d386b5a71,0,0,0.0,False,0,0
3420,0.8547499999999613,82944,6a242012867dc8b837e29b1a8324e93d22fc3f743ff363b5f117270d386b5a71,0,0,0.0,False,0,0
3421,0.8549999999999612,82944,6a242012867dc8b837e29b1a8324e93d22fc3f743ff363b5f117270d386b5a71,0,0,0.0,False,0,0
3422,0.8552499999999612,82944,6a242012867dc8b837e29b1a8324e93d22fc3f743ff363b5f117270d386b5a71,0,0,0.0,False,0,0
3423,0.8554999999999612,82944,6a242012867dc8b837e29b1a8324e93d22fc3f743ff363b5f117270d386b5a71,0,0,0.0,False,0,0
3424,0.8557499999999612,82944,6a242012867dc8b837e29b1a8324e93d22fc3f743ff363b5f117270d386b5a71,0,0,0.0,False,0,0
3425,0.8559999999999611,82944,6a242012867dc8b837e29b1a8324e93d22fc3f743ff363b5f117270d386b5a71,0,0,0.0,False,0,0
3426,0.8562499999999611,82944,6a242012867dc8b837e29b1a8324e93d22fc3f743ff363b5f117270d386b5a71,0,0,0.0,False,0,0
3427,0.8564999999999611,82944,6a242012867dc8b837e29b1a8324e93d22fc3f743ff363b5f117270d386b5a71,0,0,0.0,False,0,0
3428,0.856749999999961,82944,6a242012867dc8b837e29b1a8324e93d22fc3f743ff363b5f117270d386b5a71,0,0,0.0,False,0,0
3429,0.856999999999961,82944,6a242012867dc8b837e29b1a8324e93d22fc3f743ff363b5f117270d386b5a71,0,0,0.0,False,0,0
3430,0.857249999999961,82944,6a242012867dc8b837e29b1a8324e93d22fc3f743ff363b5f117270d386b5a71,0,0,0.0,False,0,0
3431,0.857499999999961,82944,6a242012867dc8b837e29b1a8324e93d22fc3f743ff363b5f117270d386b5a71,0,0,0.0,False,0,0
3432,0.8577499999999609,82944,6a242012867dc8b837e29b1a8324e93d22fc3f743ff363b5f117270d386b5a71,0,0,0.0,False,0,0
3433,0.8579999999999609,82944,6a242012867dc8b837e29b1a8324e93d22fc3f743ff363b5f117270d386b5a71,0,0,0.0,False,0,0
3434,0.8582499999999609,82944,6a242012867dc8b837e29b1a8324e93d22fc3f743ff363b5f117270d386b5a71,0,0,0.0,False,0,0
3435,0.8584999999999608,82944,6a242012867dc8b837e29b1a8324e93d22fc3f743ff363b5f117270d386b5a71,0,0,0.0,False,0,0
3436,0.8587499999999608,82944,6a242012867dc8b837e29b1a8324e93d22fc3f743ff363b5f117270d386b5a71,0,0,0.0,False,0,0
3437,0.8589999999999608,82944,6a242012867dc8b837e29b1a8324e93d22fc3f743ff363b5f117270d386b5a71,0,0,0.0,False,0,0
3438,0.8592499999999608,82944,6a242012867dc8b837e29b1a8324e93d22fc3f743ff363b5f117270d386b5a71,0,0,0.0,False,0,0
3439,0.8594999999999607,82944,6a242012867dc8b837e29b1a8324e93d22fc3f743ff363b5f117270d386b5a71,0,0,0.0,False,0,0
3440,0.8597499999999607,82944,6a242012867dc8b837e29b1a8324e93d22fc3f743ff363b5f117270d386b5a71,0,0,0.0,False,0,0
3441,0.8599999999999607,82944,6a242012867dc8b837e29b1a8324e93d22fc3f743ff363b5f117270d386b5a71,0,0,0.0,False,0,0
3442,0.8602499999999607,82944,6a242012867dc8b837e29b1a8324e93d22fc3f743ff363b5f117270d386b5a71,0,0,0.0,False,0,0
3443,0.8604999999999606,82944,6a242012867dc8b837e29b1a8324e93d22fc3f743ff363b5f117270d386b5a71,0,0,0.0,False,0,0
3444,0.8607499999999606,82944,6a242012867dc8b837e29b1a8324e93d22fc3f743ff363b5f117270d386b5a71,0,0,0.0,False,0,0
3445,0.8609999999999606,82944,6a242012867dc8b837e29b1a8324e93d22fc3f743ff363b5f117270d386b5a71,0,0,0.0,False,0,0
3446,0.8612499999999605,82944,6a242012867dc8b837e29b1a8324e93d22fc3f743ff363b5f117270d386b5a71,0,0,0.0,False,0,0
3447,0.8614999999999605,82944,6a242012867dc8b837e29b1a8324e93d22fc3f743ff363b5f117270d386b5a71,0,0,0.0,False,0,0
3448,0.8617499999999605,82944,6a242012867dc8b837e29b1a8324e93d22fc3f743ff363b5f117270d386b5a71,0,0,0.0,False,0,0
3449,0.8619999999999605,82944,6a242012867dc8b837e29b1a8324e93d22fc3f743ff363b5f117270d386b5a71,0,0,0.0,False,0,0
3450,0.8622499999999604,82944,6a242012867dc8b837e29b1a8324e93d22fc3f743ff363b5f117270d386b5a71,0,0,0.0,False,0,0
3451,0.8624999999999604,82944,6a242012867dc8b837e29b1a8324e93d22fc3f743ff363b5f117270d386b5a71,0,0,0.0,False,0,0
3452,0.8627499999999604,82944,6a242012867dc8b837e29b1a8324e93d22fc3f743ff363b5f117270d386b5a71,0,0,0.0,False,0,0
3453,0.8629999999999604,82944,6a242012867dc8b837e29b1a8324e93d22fc3f743ff363b5f117270d386b5a71,0,0,0.0,False,0,0
3454,0.8632499999999603,82944,6a242012867dc8b837e29b1a8324e93d22fc3f743ff363b5f117270d386b5a71,0,0,0.0,False,0,0
3455,0.8634999999999603,82944,6a242012867dc8b837e29b1a8324e93d22fc3f743ff363b5f117270d386b5a71,0,0,0.0,False,0,0
3456,0.8637499999999603,82944,6a242012867dc8b837e29b1a8324e93d22fc3f743ff363b5f117270d386b5a71,0,0,0.0,False,0,0
3457,0.8639999999999602,82944,6a242012867dc8b837e29b1a8324e93d22fc3f743ff363b5f117270d386b5a71,0,0,0.0,False,0,0
3458,0.8642499999999602,82944,6a242012867dc8b837e29b1a8324e93d22fc3f743ff363b5f117270d386b5a71,0,0,0.0,False,0,0
3459,0.8644999999999602,82944,6a242012867dc8b837e29b1a8324e93d22fc3f743ff363b5f117270d386b5a71,0,0,0.0,False,0,0
3460,0.8647499999999602,82944,6a242012867dc8b837e29b1a8324e93d22fc3f743ff363b5f117270d386b5a71,0,0,0.0,False,0,0
3461,0.8649999999999601,82944,6a242012867dc8b837e29b1a8324e93d22fc3f743ff363b5f117270d386b5a71,0,0,0.0,False,0,0
3462,0.8652499999999601,82944,6a242012867dc8b837e29b1a8324e93d22fc3f743ff363b5f117270d386b5a71,0,0,0.0,False,0,0
3463,0.8654999999999601,82944,6a242012867dc8b837e29b1a8324e93d22fc3f743ff363b5f117270d386b5a71,0,0,0.0,False,0,0
3464,0.86574999999996,82944,6a242012867dc8b837e29b1a8324e93d22fc3f743ff363b5f117270d386b5a71,0,0,0.0,False,0,0
3465,0.86599999999996,82944,6a242012867dc8b837e29b1a8324e93d22fc3f743ff363b5f117270d386b5a71,0,0,0.0,False,0,0
3466,0.86624999999996,82944,6a242012867dc8b837e29b1a8324e93d22fc3f743ff363b5f117270d386b5a71,0,0,0.0,False,0,0
3467,0.86649999999996,82944,6a242012867dc8b837e29b1a8324e93d22fc3f743ff363b5f117270d386b5a71,0,0,0.0,False,0,0
3468,0.8667499999999599,82944,6a242012867dc8b837e29b1a8324e93d22fc3f743ff363b5f117270d386b5a71,0,0,0.0,False,0,0
3469,0.8669999999999599,82944,6a242012867dc8b837e29b1a8324e93d22fc3f743ff363b5f117270d386b5a71,0,0,0.0,False,0,0
3470,0.8672499999999599,82944,6a242012867dc8b837e29b1a8324e93d22fc3f743ff363b5f117270d386b5a71,0,0,0.0,False,0,0
3471,0.8674999999999599,82944,6a242012867dc8b837e29b1a8324e93d22fc3f743ff363b5f117270d386b5a71,0,0,0.0,False,0,0
3472,0.8677499999999598,82944,6a242012867dc8b837e29b1a8324e93d22fc3f743ff363b5f117270d386b5a71,0,0,0.0,False,0,0
3473,0.8679999999999598,82944,6a242012867dc8b837e29b1a8324e93d22fc3f743ff363b5f117270d386b5a71,0,0,0.0,False,0,0
3474,0.8682499999999598,82944,6a242012867dc8b837e29b1a8324e93d22fc3f743ff363b5f117270d386b5a71,0,0,0.0,False,0,0
3475,0.8684999999999597,82944,6a242012867dc8b837e29b1a8324e93d22fc3f743ff363b5f117270d386b5a71,0,0,0.0,False,0,0
3476,0.8687499999999597,82944,6a242012867dc8b837e29b1a8324e93d22fc3f743ff363b5f117270d386b5a71,0,0,0.0,False,0,0
3477,0.8689999999999597,82944,6a242012867dc8b837e29b1a8324e93d22fc3f743ff363b5f117270d386b5a71,0,0,0.0,False,0,0
3478,0.8692499999999597,82944,6a242012867dc8b837e29b1a8324e93d22fc3f743ff363b5f117270d386b5a71,0,0,0.0,False,0,0
3479,0.8694999999999596,82944,6a242012867dc8b837e29b1a8324e93d22fc3f743ff363b5f117270d386b5a71,0,0,0.0,False,0,0
3480,0.8697499999999596,82944,6a242012867dc8b837e29b1a8324e93d22fc3f743ff363b5f117270d386b5a71,0,0,0.0,False,0,0
3481,0.8699999999999596,82944,6a242012867dc8b837e29b1a8324e93d22fc3f743ff363b5f117270d386b5a71,0,0,0.0,False,0,0
3482,0.8702499999999596,82944,6a242012867dc8b837e29b1a8324e93d22fc3f743ff363b5f117270d386b5a71,0,0,0.0,False,0,0
3483,0.8704999999999595,82944,6a242012867dc8b837e29b1a8324e93d22fc3f743ff363b5f117270d386b5a71,0,0,0.0,False,0,0
3484,0.8707499999999595,82944,6a242012867dc8b837e29b1a8324e93d22fc3f743ff363b5f117270d386b5a71,0,0,0.0,False,0,0
3485,0.8709999999999595,82944,6a242012867dc8b837e29b1a8324e93d22fc3f743ff363b5f117270d386b5a71,0,0,0.0,False,0,0
3486,0.8712499999999594,82944,6a242012867dc8b837e29b1a8324e93d22fc3f743ff363b5f117270d386b5a71,0,0,0.0,False,0,0
3487,0.8714999999999594,82944,6a242012867dc8b837e29b1a8324e93d22fc3f743ff363b5f117270d386b5a71,0,0,0.0,False,0,0
3488,0.8717499999999594,82944,6a242012867dc8b837e29b1a8324e93d22fc3f743ff363b5f117270d386b5a71,0,0,0.0,False,0,0
3489,0.8719999999999594,82944,6a242012867dc8b837e29b1a8324e93d22fc3f743ff363b5f117270d386b5a71,0,0,0.0,False,0,0
3490,0.8722499999999593,82944,6a242012867dc8b837e29b1a8324e93d22fc3f743ff363b5f117270d386b5a71,0,0,0.0,False,0,0
3491,0.8724999999999593,82944,6a242012867dc8b837e29b1a8324e93d22fc3f743ff363b5f117270d386b5a71,0,0,0.0,False,0,0
3492,0.8727499999999593,82944,6a242012867dc8b837e29b1a8324e93d22fc3f743ff363b5f117270d386b5a71,0,0,0.0,False,0,0
3493,0.8729999999999593,82944,6a242012867dc8b837e29b1a8324e93d22fc3f743ff363b5f117270d386b5a71,0,0,0.0,False,0,0
3494,0.8732499999999592,82944,6a242012867dc8b837e29b1a8324e93d22fc3f743ff363b5f117270d386b5a71,0,0,0.0,False,0,0
3495,0.8734999999999592,82944,6a242012867dc8b837e29b1a8324e93d22fc3f743ff363b5f117270d386b5a71,0,0,0.0,False,0,0
3496,0.8737499999999592,82944,6a242012867dc8b837e29b1a8324e93d22fc3f743ff363b5f117270d386b5a71,0,0,0.0,False,0,0
3497,0.8739999999999591,82944,6a242012867dc8b837e29b1a8324e93d22fc3f743ff363b5f117270d386b5a71,0,0,0.0,False,0,0
3498,0.8742499999999591,82944,6a242012867dc8b837e29b1a8324e93d22fc3f743ff363b5f117270d386b5a71,0,0,0.0,False,0,0
3499,0.8744999999999591,82944,6a242012867dc8b837e29b1a8324e93d22fc3f743ff363b5f117270d386b5a71,0,0,0.0,False,0,0
3500,0.8747499999999591,82944,6a242012867dc8b837e29b1a8324e93d22fc3f743ff363b5f117270d386b5a71,0,0,0.0,False,0,0
3501,0.874999999999959,82944,6a242012867dc8b837e29b1a8324e93d22fc3f743ff363b5f117270d386b5a71,0,0,0.0,False,0,0
3502,0.875249999999959,82944,6a242012867dc8b837e29b1a8324e93d22fc3f743ff363b5f117270d386b5a71,0,0,0.0,False,0,0
3503,0.875499999999959,82944,6a242012867dc8b837e29b1a8324e93d22fc3f743ff363b5f117270d386b5a71,0,0,0.0,False,0,0
3504,0.875749999999959,82944,6a242012867dc8b837e29b1a8324e93d22fc3f743ff363b5f117270d386b5a71,0,0,0.0,False,0,0
3505,0.8759999999999589,82944,6a242012867dc8b837e29b1a8324e93d22fc3f743ff363b5f117270d386b5a71,0,0,0.0,False,0,0
3506,0.8762499999999589,82944,6a242012867dc8b837e29b1a8324e93d22fc3f743ff363b5f117270d386b5a71,0,0,0.0,False,0,0
3507,0.8764999999999589,82944,6a242012867dc8b837e29b1a8324e93d22fc3f743ff363b5f117270d386b5a71,0,0,0.0,False,0,0
3508,0.8767499999999588,82944,6a242012867dc8b837e29b1a8324e93d22fc3f743ff363b5f117270d386b5a71,0,0,0.0,False,0,0
3509,0.8769999999999588,82944,6a242012867dc8b837e29b1a8324e93d22fc3f743ff363b5f117270d386b5a71,0,0,0.0,False,0,0
3510,0.8772499999999588,82944,6a242012867dc8b837e29b1a8324e93d22fc3f743ff363b5f117270d386b5a71,0,0,0.0,False,0,0
3511,0.8774999999999588,82944,6a242012867dc8b837e29b1a8324e93d22fc3f743ff363b5f117270d386b5a71,0,0,0.0,False,0,0
3512,0.8777499999999587,82944,6a242012867dc8b837e29b1a8324e93d22fc3f743ff363b5f117270d386b5a71,0,0,0.0,False,0,0
3513,0.8779999999999587,82944,6a242012867dc8b837e29b1a8324e93d22fc3f743ff363b5f117270d386b5a71,0,0,0.0,False,0,0
3514,0.8782499999999587,82944,6a242012867dc8b837e29b1a8324e93d22fc3f743ff363b5f117270d386b5a71,0,0,0.0,False,0,0
3515,0.8784999999999586,82944,6a242012867dc8b837e29b1a8324e93d22fc3f743ff363b5f117270d386b5a71,0,0,0.0,False,0,0
3516,0.8787499999999586,82944,6a242012867dc8b837e29b1a8324e93d22fc3f743ff363b5f117270d386b5a71,0,0,0.0,False,0,0
3517,0.8789999999999586,82944,6a242012867dc8b837e29b1a8324e93d22fc3f743ff363b5f117270d386b5a71,0,0,0.0,False,0,0
3518,0.8792499999999586,82944,6a242012867dc8b837e29b1a8324e93d22fc3f743ff363b5f117270d386b5a71,0,0,0.0,False,0,0
3519,0.8794999999999585,82944,6a242012867dc8b837e29b1a8324e93d22fc3f743ff363b5f117270d386b5a71,0,0,0.0,False,0,0
3520,0.8797499999999585,82944,6a242012867dc8b837e29b1a8324e93d22fc3f743ff363b5f117270d386b5a71,0,0,0.0,False,0,0
3521,0.8799999999999585,82944,6a242012867dc8b837e29b1a8324e93d22fc3f743ff363b5f117270d386b5a71,0,0,0.0,False,0,0
3522,0.8802499999999585,82944,6a242012867dc8b837e29b1a8324e93d22fc3f743ff363b5f117270d386b5a71,0,0,0.0,False,0,0
3523,0.8804999999999584,82944,6a242012867dc8b837e29b1a8324e93d22fc3f743ff363b5f117270d386b5a71,0,0,0.0,False,0,0
3524,0.8807499999999584,82944,6a242012867dc8b837e29b1a8324e93d22fc3f743ff363b5f117270d386b5a71,0,0,0.0,False,0,0
3525,0.8809999999999584,82944,6a242012867dc8b837e29b1a8324e93d22fc3f743ff363b5f117270d386b5a71,0,0,0.0,False,0,0
3526,0.8812499999999583,82944,6a242012867dc8b837e29b1a8324e93d22fc3f743ff363b5f117270d386b5a71,0,0,0.0,False,0,0
3527,0.8814999999999583,82944,6a242012867dc8b837e29b1a8324e93d22fc3f743ff363b5f117270d386b5a71,0,0,0.0,False,0,0
3528,0.8817499999999583,82944,6a242012867dc8b837e29b1a8324e93d22fc3f743ff363b5f117270d386b5a71,0,0,0.0,False,0,0
3529,0.8819999999999583,82944,6a242012867dc8b837e29b1a8324e93d22fc3f743ff363b5f117270d386b5a71,0,0,0.0,False,0,0
3530,0.8822499999999582,82944,6a242012867dc8b837e29b1a8324e93d22fc3f743ff363b5f117270d386b5a71,0,0,0.0,False,0,0
3531,0.8824999999999582,82944,6a242012867dc8b837e29b1a8324e93d22fc3f743ff363b5f117270d386b5a71,0,0,0.0,False,0,0
3532,0.8827499999999582,82944,6a242012867dc8b837e29b1a8324e93d22fc3f743ff363b5f117270d386b5a71,0,0,0.0,False,0,0
3533,0.8829999999999582,82944,6a242012867dc8b837e29b1a8324e93d22fc3f743ff363b5f117270d386b5a71,0,0,0.0,False,0,0
3534,0.8832499999999581,82944,6a242012867dc8b837e29b1a8324e93d22fc3f743ff363b5f117270d386b5a71,0,0,0.0,False,0,0
3535,0.8834999999999581,82944,6a242012867dc8b837e29b1a8324e93d22fc3f743ff363b5f117270d386b5a71,0,0,0.0,False,0,0
3536,0.8837499999999581,82944,6a242012867dc8b837e29b1a8324e93d22fc3f743ff363b5f117270d386b5a71,0,0,0.0,False,0,0
3537,0.883999999999958,82944,6a242012867dc8b837e29b1a8324e93d22fc3f743ff363b5f117270d386b5a71,0,0,0.0,False,0,0
3538,0.884249999999958,82944,6a242012867dc8b837e29b1a8324e93d22fc3f743ff363b5f117270d386b5a71,0,0,0.0,False,0,0
3539,0.884499999999958,82944,6a242012867dc8b837e29b1a8324e93d22fc3f743ff363b5f117270d386b5a71,0,0,0.0,False,0,0
3540,0.884749999999958,82944,6a242012867dc8b837e29b1a8324e93d22fc3f743ff363b5f117270d386b5a71,0,0,0.0,False,0,0
3541,0.8849999999999579,82944,6a242012867dc8b837e29b1a8324e93d22fc3f743ff363b5f117270d386b5a71,0,0,0.0,False,0,0
3542,0.8852499999999579,82944,6a242012867dc8b837e29b1a8324e93d22fc3f743ff363b5f117270d386b5a71,0,0,0.0,False,0,0
3543,0.8854999999999579,82944,6a242012867dc8b837e29b1a8324e93d22fc3f743ff363b5f117270d386b5a71,0,0,0.0,False,0,0
3544,0.8857499999999578,82944,6a242012867dc8b837e29b1a8324e93d22fc3f743ff363b5f117270d386b5a71,0,0,0.0,False,0,0
3545,0.8859999999999578,82944,6a242012867dc8b837e29b1a8324e93d22fc3f743ff363b5f117270d386b5a71,0,0,0.0,False,0,0
3546,0.8862499999999578,82944,6a242012867dc8b837e29b1a8324e93d22fc3f743ff363b5f117270d386b5a71,0,0,0.0,False,0,0
3547,0.8864999999999578,82944,6a242012867dc8b837e29b1a8324e93d22fc3f743ff363b5f117270d386b5a71,0,0,0.0,False,0,0
3548,0.8867499999999577,82944,6a242012867dc8b837e29b1a8324e93d22fc3f743ff363b5f117270d386b5a71,0,0,0.0,False,0,0
3549,0.8869999999999577,82944,6a242012867dc8b837e29b1a8324e93d22fc3f743ff363b5f117270d386b5a71,0,0,0.0,False,0,0
3550,0.8872499999999577,82944,6a242012867dc8b837e29b1a8324e93d22fc3f743ff363b5f117270d386b5a71,0,0,0.0,False,0,0
3551,0.8874999999999577,82944,6a242012867dc8b837e29b1a8324e93d22fc3f743ff363b5f117270d386b5a71,0,0,0.0,False,0,0
3552,0.8877499999999576,82944,6a242012867dc8b837e29b1a8324e93d22fc3f743ff363b5f117270d386b5a71,0,0,0.0,False,0,0
3553,0.8879999999999576,82944,6a242012867dc8b837e29b1a8324e93d22fc3f743ff363b5f117270d386b5a71,0,0,0.0,False,0,0
3554,0.8882499999999576,82944,6a242012867dc8b837e29b1a8324e93d22fc3f743ff363b5f117270d386b5a71,0,0,0.0,False,0,0
3555,0.8884999999999575,82944,6a242012867dc8b837e29b1a8324e93d22fc3f743ff363b5f117270d386b5a71,0,0,0.0,False,0,0
3556,0.8887499999999575,82944,6a242012867dc8b837e29b1a8324e93d22fc3f743ff363b5f117270d386b5a71,0,0,0.0,False,0,0
3557,0.8889999999999575,82944,6a242012867dc8b837e29b1a8324e93d22fc3f743ff363b5f117270d386b5a71,0,0,0.0,False,0,0
3558,0.8892499999999575,82944,6a242012867dc8b837e29b1a8324e93d22fc3f743ff363b5f117270d386b5a71,0,0,0.0,False,0,0
3559,0.8894999999999574,82944,6a242012867dc8b837e29b1a8324e93d22fc3f743ff363b5f117270d386b5a71,0,0,0.0,False,0,0
3560,0.8897499999999574,82944,6a242012867dc8b837e29b1a8324e93d22fc3f743ff363b5f117270d386b5a71,0,0,0.0,False,0,0
3561,0.8899999999999574,82944,6a242012867dc8b837e29b1a8324e93d22fc3f743ff363b5f117270d386b5a71,0,0,0.0,False,0,0
3562,0.8902499999999574,82944,6a242012867dc8b837e29b1a8324e93d22fc3f743ff363b5f117270d386b5a71,0,0,0.0,False,0,0
3563,0.8904999999999573,82944,6a242012867dc8b837e29b1a8324e93d22fc3f743ff363b5f117270d386b5a71,0,0,0.0,False,0,0
3564,0.8907499999999573,82944,6a242012867dc8b837e29b1a8324e93d22fc3f743ff363b5f117270d386b5a71,0,0,0.0,False,0,0
3565,0.8909999999999573,82944,6a242012867dc8b837e29b1a8324e93d22fc3f743ff363b5f117270d386b5a71,0,0,0.0,False,0,0
3566,0.8912499999999572,82944,6a242012867dc8b837e29b1a8324e93d22fc3f743ff363b5f117270d386b5a71,0,0,0.0,False,0,0
3567,0.8914999999999572,82944,6a242012867dc8b837e29b1a8324e93d22fc3f743ff363b5f117270d386b5a71,0,0,0.0,False,0,0
3568,0.8917499999999572,82944,6a242012867dc8b837e29b1a8324e93d22fc3f743ff363b5f117270d386b5a71,0,0,0.0,False,0,0
3569,0.8919999999999572,82944,6a242012867dc8b837e29b1a8324e93d22fc3f743ff363b5f117270d386b5a71,0,0,0.0,False,0,0
3570,0.8922499999999571,82944,6a242012867dc8b837e29b1a8324e93d22fc3f743ff363b5f117270d386b5a71,0,0,0.0,False,0,0
3571,0.8924999999999571,82944,6a242012867dc8b837e29b1a8324e93d22fc3f743ff363b5f117270d386b5a71,0,0,0.0,False,0,0
3572,0.8927499999999571,82944,6a242012867dc8b837e29b1a8324e93d22fc3f743ff363b5f117270d386b5a71,0,0,0.0,False,0,0
3573,0.892999999999957,82944,6a242012867dc8b837e29b1a8324e93d22fc3f743ff363b5f117270d386b5a71,0,0,0.0,False,0,0
3574,0.893249999999957,82944,6a242012867dc8b837e29b1a8324e93d22fc3f743ff363b5f117270d386b5a71,0,0,0.0,False,0,0
3575,0.893499999999957,82944,6a242012867dc8b837e29b1a8324e93d22fc3f743ff363b5f117270d386b5a71,0,0,0.0,False,0,0
3576,0.893749999999957,82944,6a242012867dc8b837e29b1a8324e93d22fc3f743ff363b5f117270d386b5a71,0,0,0.0,False,0,0
3577,0.8939999999999569,82944,6a242012867dc8b837e29b1a8324e93d22fc3f743ff363b5f117270d386b5a71,0,0,0.0,False,0,0
3578,0.8942499999999569,82944,6a242012867dc8b837e29b1a8324e93d22fc3f743ff363b5f117270d386b5a71,0,0,0.0,False,0,0
3579,0.8944999999999569,82944,6a242012867dc8b837e29b1a8324e93d22fc3f743ff363b5f117270d386b5a71,0,0,0.0,False,0,0
3580,0.8947499999999569,82944,6a242012867dc8b837e29b1a8324e93d22fc3f743ff363b5f117270d386b5a71,0,0,0.0,False,0,0
3581,0.8949999999999568,82944,6a242012867dc8b837e29b1a8324e93d22fc3f743ff363b5f117270d386b5a71,0,0,0.0,False,0,0
3582,0.8952499999999568,82944,6a242012867dc8b837e29b1a8324e93d22fc3f743ff363b5f117270d386b5a71,0,0,0.0,False,0,0
3583,0.8954999999999568,82944,6a242012867dc8b837e29b1a8324e93d22fc3f743ff363b5f117270d386b5a71,0,0,0.0,False,0,0
3584,0.8957499999999567,82944,6a242012867dc8b837e29b1a8324e93d22fc3f743ff363b5f117270d386b5a71,0,0,0.0,False,0,0
3585,0.8959999999999567,82944,6a242012867dc8b837e29b1a8324e93d22fc3f743ff363b5f117270d386b5a71,0,0,0.0,False,0,0
3586,0.8962499999999567,82944,6a242012867dc8b837e29b1a8324e93d22fc3f743ff363b5f117270d386b5a71,0,0,0.0,False,0,0
3587,0.8964999999999567,82944,6a242012867dc8b837e29b1a8324e93d22fc3f743ff363b5f117270d386b5a71,0,0,0.0,False,0,0
3588,0.8967499999999566,82944,6a242012867dc8b837e29b1a8324e93d22fc3f743ff363b5f117270d386b5a71,0,0,0.0,False,0,0
3589,0.8969999999999566,82944,6a242012867dc8b837e29b1a8324e93d22fc3f743ff363b5f117270d386b5a71,0,0,0.0,False,0,0
3590,0.8972499999999566,82944,6a242012867dc8b837e29b1a8324e93d22fc3f743ff363b5f117270d386b5a71,0,0,0.0,False,0,0
3591,0.8974999999999566,82944,6a242012867dc8b837e29b1a8324e93d22fc3f743ff363b5f117270d386b5a71,0,0,0.0,False,0,0
3592,0.8977499999999565,82944,6a242012867dc8b837e29b1a8324e93d22fc3f743ff363b5f117270d386b5a71,0,0,0.0,False,0,0
3593,0.8979999999999565,82944,6a242012867dc8b837e29b1a8324e93d22fc3f743ff363b5f117270d386b5a71,0,0,0.0,False,0,0
3594,0.8982499999999565,82944,6a242012867dc8b837e29b1a8324e93d22fc3f743ff363b5f117270d386b5a71,0,0,0.0,False,0,0
3595,0.8984999999999564,82944,6a242012867dc8b837e29b1a8324e93d22fc3f743ff363b5f117270d386b5a71,0,0,0.0,False,0,0
3596,0.8987499999999564,82944,6a242012867dc8b837e29b1a8324e93d22fc3f743ff363b5f117270d386b5a71,0,0,0.0,False,0,0
3597,0.8989999999999564,82944,6a242012867dc8b837e29b1a8324e93d22fc3f743ff363b5f117270d386b5a71,0,0,0.0,False,0,0
3598,0.8992499999999564,82944,6a242012867dc8b837e29b1a8324e93d22fc3f743ff363b5f117270d386b5a71,0,0,0.0,False,0,0
3599,0.8994999999999563,82944,6a242012867dc8b837e29b1a8324e93d22fc3f743ff363b5f117270d386b5a71,0,0,0.0,False,0,0
3600,0.8997499999999563,82944,6a242012867dc8b837e29b1a8324e93d22fc3f743ff363b5f117270d386b5a71,0,0,0.0,False,0,0
3601,0.8999999999999563,82944,6a242012867dc8b837e29b1a8324e93d22fc3f743ff363b5f117270d386b5a71,0,0,0.0,False,0,0
3602,0.9002499999999563,82944,6a242012867dc8b837e29b1a8324e93d22fc3f743ff363b5f117270d386b5a71,0,0,0.0,False,0,0
3603,0.9004999999999562,82944,6a242012867dc8b837e29b1a8324e93d22fc3f743ff363b5f117270d386b5a71,0,0,0.0,False,0,0
3604,0.9007499999999562,82944,6a242012867dc8b837e29b1a8324e93d22fc3f743ff363b5f117270d386b5a71,0,0,0.0,False,0,0
3605,0.9009999999999562,82944,6a242012867dc8b837e29b1a8324e93d22fc3f743ff363b5f117270d386b5a71,0,0,0.0,False,0,0
3606,0.9012499999999561,82944,6a242012867dc8b837e29b1a8324e93d22fc3f743ff363b5f117270d386b5a71,0,0,0.0,False,0,0
3607,0.9014999999999561,82944,6a242012867dc8b837e29b1a8324e93d22fc3f743ff363b5f117270d386b5a71,0,0,0.0,False,0,0
3608,0.9017499999999561,82944,6a242012867dc8b837e29b1a8324e93d22fc3f743ff363b5f117270d386b5a71,0,0,0.0,False,0,0
3609,0.9019999999999561,82944,6a242012867dc8b837e29b1a8324e93d22fc3f743ff363b5f117270d386b5a71,0,0,0.0,False,0,0
3610,0.902249999999956,82944,6a242012867dc8b837e29b1a8324e93d22fc3f743ff363b5f117270d386b5a71,0,0,0.0,False,0,0
3611,0.902499999999956,82944,6a242012867dc8b837e29b1a8324e93d22fc3f743ff363b5f117270d386b5a71,0,0,0.0,False,0,0
3612,0.902749999999956,82944,6a242012867dc8b837e29b1a8324e93d22fc3f743ff363b5f117270d386b5a71,0,0,0.0,False,0,0
3613,0.902999999999956,82944,6a242012867dc8b837e29b1a8324e93d22fc3f743ff363b5f117270d386b5a71,0,0,0.0,False,0,0
3614,0.9032499999999559,82944,6a242012867dc8b837e29b1a8324e93d22fc3f743ff363b5f117270d386b5a71,0,0,0.0,False,0,0
3615,0.9034999999999559,82944,6a242012867dc8b837e29b1a8324e93d22fc3f743ff363b5f117270d386b5a71,0,0,0.0,False,0,0
3616,0.9037499999999559,82944,6a242012867dc8b837e29b1a8324e93d22fc3f743ff363b5f117270d386b5a71,0,0,0.0,False,0,0
3617,0.9039999999999558,82944,6a242012867dc8b837e29b1a8324e93d22fc3f743ff363b5f117270d386b5a71,0,0,0.0,False,0,0
3618,0.9042499999999558,82944,6a242012867dc8b837e29b1a8324e93d22fc3f743ff363b5f117270d386b5a71,0,0,0.0,False,0,0
3619,0.9044999999999558,82944,6a242012867dc8b837e29b1a8324e93d22fc3f743ff363b5f117270d386b5a71,0,0,0.0,False,0,0
3620,0.9047499999999558,82944,6a242012867dc8b837e29b1a8324e93d22fc3f743ff363b5f117270d386b5a71,0,0,0.0,False,0,0
3621,0.9049999999999557,82944,6a242012867dc8b837e29b1a8324e93d22fc3f743ff363b5f117270d386b5a71,0,0,0.0,False,0,0
3622,0.9052499999999557,82944,6a242012867dc8b837e29b1a8324e93d22fc3f743ff363b5f117270d386b5a71,0,0,0.0,False,0,0
3623,0.9054999999999557,82944,6a242012867dc8b837e29b1a8324e93d22fc3f743ff363b5f117270d386b5a71,0,0,0.0,False,0,0
3624,0.9057499999999556,82944,6a242012867dc8b837e29b1a8324e93d22fc3f743ff363b5f117270d386b5a71,0,0,0.0,False,0,0
3625,0.9059999999999556,82944,6a242012867dc8b837e29b1a8324e93d22fc3f743ff363b5f117270d386b5a71,0,0,0.0,False,0,0
3626,0.9062499999999556,82944,6a242012867dc8b837e29b1a8324e93d22fc3f743ff363b5f117270d386b5a71,0,0,0.0,False,0,0
3627,0.9064999999999556,82944,6a242012867dc8b837e29b1a8324e93d22fc3f743ff363b5f117270d386b5a71,0,0,0.0,False,0,0
3628,0.9067499999999555,82944,6a242012867dc8b837e29b1a8324e93d22fc3f743ff363b5f117270d386b5a71,0,0,0.0,False,0,0
3629,0.9069999999999555,82944,6a242012867dc8b837e29b1a8324e93d22fc3f743ff363b5f117270d386b5a71,0,0,0.0,False,0,0
3630,0.9072499999999555,82944,6a242012867dc8b837e29b1a8324e93d22fc3f743ff363b5f117270d386b5a71,0,0,0.0,False,0,0
3631,0.9074999999999555,82944,6a242012867dc8b837e29b1a8324e93d22fc3f743ff363b5f117270d386b5a71,0,0,0.0,False,0,0
3632,0.9077499999999554,82944,6a242012867dc8b837e29b1a8324e93d22fc3f743ff363b5f117270d386b5a71,0,0,0.0,False,0,0
3633,0.9079999999999554,82944,6a242012867dc8b837e29b1a8324e93d22fc3f743ff363b5f117270d386b5a71,0,0,0.0,False,0,0
3634,0.9082499999999554,82944,6a242012867dc8b837e29b1a8324e93d22fc3f743ff363b5f117270d386b5a71,0,0,0.0,False,0,0
3635,0.9084999999999553,82944,6a242012867dc8b837e29b1a8324e93d22fc3f743ff363b5f117270d386b5a71,0,0,0.0,False,0,0
3636,0.9087499999999553,82944,6a242012867dc8b837e29b1a8324e93d22fc3f743ff363b5f117270d386b5a71,0,0,0.0,False,0,0
3637,0.9089999999999553,82944,6a242012867dc8b837e29b1a8324e93d22fc3f743ff363b5f117270d386b5a71,0,0,0.0,False,0,0
3638,0.9092499999999553,82944,6a242012867dc8b837e29b1a8324e93d22fc3f743ff363b5f117270d386b5a71,0,0,0.0,False,0,0
3639,0.9094999999999552,82944,6a242012867dc8b837e29b1a8324e93d22fc3f743ff363b5f117270d386b5a71,0,0,0.0,False,0,0
3640,0.9097499999999552,82944,6a242012867dc8b837e29b1a8324e93d22fc3f743ff363b5f117270d386b5a71,0,0,0.0,False,0,0
3641,0.9099999999999552,82944,6a242012867dc8b837e29b1a8324e93d22fc3f743ff363b5f117270d386b5a71,0,0,0.0,False,0,0
3642,0.9102499999999552,82944,6a242012867dc8b837e29b1a8324e93d22fc3f743ff363b5f117270d386b5a71,0,0,0.0,False,0,0
3643,0.9104999999999551,82944,6a242012867dc8b837e29b1a8324e93d22fc3f743ff363b5f117270d386b5a71,0,0,0.0,False,0,0
3644,0.9107499999999551,82944,6a242012867dc8b837e29b1a8324e93d22fc3f743ff363b5f117270d386b5a71,0,0,0.0,False,0,0
3645,0.9109999999999551,82944,6a242012867dc8b837e29b1a8324e93d22fc3f743ff363b5f117270d386b5a71,0,0,0.0,False,0,0
3646,0.911249999999955,82944,6a242012867dc8b837e29b1a8324e93d22fc3f743ff363b5f117270d386b5a71,0,0,0.0,False,0,0
3647,0.911499999999955,82944,6a242012867dc8b837e29b1a8324e93d22fc3f743ff363b5f117270d386b5a71,0,0,0.0,False,0,0
3648,0.911749999999955,82944,6a242012867dc8b837e29b1a8324e93d22fc3f743ff363b5f117270d386b5a71,0,0,0.0,False,0,0
3649,0.911999999999955,82944,6a242012867dc8b837e29b1a8324e93d22fc3f743ff363b5f117270d386b5a71,0,0,0.0,False,0,0
3650,0.9122499999999549,82944,6a242012867dc8b837e29b1a8324e93d22fc3f743ff363b5f117270d386b5a71,0,0,0.0,False,0,0
3651,0.9124999999999549,82944,6a242012867dc8b837e29b1a8324e93d22fc3f743ff363b5f117270d386b5a71,0,0,0.0,False,0,0
3652,0.9127499999999549,82944,6a242012867dc8b837e29b1a8324e93d22fc3f743ff363b5f117270d386b5a71,0,0,0.0,False,0,0
3653,0.9129999999999548,82944,6a242012867dc8b837e29b1a8324e93d22fc3f743ff363b5f117270d386b5a71,0,0,0.0,False,0,0
3654,0.9132499999999548,82944,6a242012867dc8b837e29b1a8324e93d22fc3f743ff363b5f117270d386b5a71,0,0,0.0,False,0,0
3655,0.9134999999999548,82944,6a242012867dc8b837e29b1a8324e93d22fc3f743ff363b5f117270d386b5a71,0,0,0.0,False,0,0
3656,0.9137499999999548,82944,6a242012867dc8b837e29b1a8324e93d22fc3f743ff363b5f117270d386b5a71,0,0,0.0,False,0,0
3657,0.9139999999999547,82944,6a242012867dc8b837e29b1a8324e93d22fc3f743ff363b5f117270d386b5a71,0,0,0.0,False,0,0
3658,0.9142499999999547,82944,6a242012867dc8b837e29b1a8324e93d22fc3f743ff363b5f117270d386b5a71,0,0,0.0,False,0,0
3659,0.9144999999999547,82944,6a242012867dc8b837e29b1a8324e93d22fc3f743ff363b5f117270d386b5a71,0,0,0.0,False,0,0
3660,0.9147499999999547,82944,6a242012867dc8b837e29b1a8324e93d22fc3f743ff363b5f117270d386b5a71,0,0,0.0,False,0,0
3661,0.9149999999999546,82944,6a242012867dc8b837e29b1a8324e93d22fc3f743ff363b5f117270d386b5a71,0,0,0.0,False,0,0
3662,0.9152499999999546,82944,6a242012867dc8b837e29b1a8324e93d22fc3f743ff363b5f117270d386b5a71,0,0,0.0,False,0,0
3663,0.9154999999999546,82944,6a242012867dc8b837e29b1a8324e93d22fc3f743ff363b5f117270d386b5a71,0,0,0.0,False,0,0
3664,0.9157499999999545,82944,6a242012867dc8b837e29b1a8324e93d22fc3f743ff363b5f117270d386b5a71,0,0,0.0,False,0,0
3665,0.9159999999999545,82944,6a242012867dc8b837e29b1a8324e93d22fc3f743ff363b5f117270d386b5a71,0,0,0.0,False,0,0
3666,0.9162499999999545,82944,6a242012867dc8b837e29b1a8324e93d22fc3f743ff363b5f117270d386b5a71,0,0,0.0,False,0,0
3667,0.9164999999999545,82944,6a242012867dc8b837e29b1a8324e93d22fc3f743ff363b5f117270d386b5a71,0,0,0.0,False,0,0
3668,0.9167499999999544,82944,6a242012867dc8b837e29b1a8324e93d22fc3f743ff363b5f117270d386b5a71,0,0,0.0,False,0,0
3669,0.9169999999999544,82944,6a242012867dc8b837e29b1a8324e93d22fc3f743ff363b5f117270d386b5a71,0,0,0.0,False,0,0
3670,0.9172499999999544,82944,6a242012867dc8b837e29b1a8324e93d22fc3f743ff363b5f117270d386b5a71,0,0,0.0,False,0,0
3671,0.9174999999999544,82944,6a242012867dc8b837e29b1a8324e93d22fc3f743ff363b5f117270d386b5a71,0,0,0.0,False,0,0
3672,0.9177499999999543,82944,6a242012867dc8b837e29b1a8324e93d22fc3f743ff363b5f117270d386b5a71,0,0,0.0,False,0,0
3673,0.9179999999999543,82944,6a242012867dc8b837e29b1a8324e93d22fc3f743ff363b5f117270d386b5a71,0,0,0.0,False,0,0
3674,0.9182499999999543,82944,6a242012867dc8b837e29b1a8324e93d22fc3f743ff363b5f117270d386b5a71,0,0,0.0,False,0,0
3675,0.9184999999999542,82944,6a242012867dc8b837e29b1a8324e93d22fc3f743ff363b5f117270d386b5a71,0,0,0.0,False,0,0
3676,0.9187499999999542,82944,6a242012867dc8b837e29b1a8324e93d22fc3f743ff363b5f117270d386b5a71,0,0,0.0,False,0,0
3677,0.9189999999999542,82944,6a242012867dc8b837e29b1a8324e93d22fc3f743ff363b5f117270d386b5a71,0,0,0.0,False,0,0
3678,0.9192499999999542,82944,6a242012867dc8b837e29b1a8324e93d22fc3f743ff363b5f117270d386b5a71,0,0,0.0,False,0,0
3679,0.9194999999999541,82944,6a242012867dc8b837e29b1a8324e93d22fc3f743ff363b5f117270d386b5a71,0,0,0.0,False,0,0
3680,0.9197499999999541,82944,6a242012867dc8b837e29b1a8324e93d22fc3f743ff363b5f117270d386b5a71,0,0,0.0,False,0,0
3681,0.9199999999999541,82944,6a242012867dc8b837e29b1a8324e93d22fc3f743ff363b5f117270d386b5a71,0,0,0.0,False,0,0
3682,0.920249999999954,82944,6a242012867dc8b837e29b1a8324e93d22fc3f743ff363b5f117270d386b5a71,0,0,0.0,False,0,0
3683,0.920499999999954,82944,6a242012867dc8b837e29b1a8324e93d22fc3f743ff363b5f117270d386b5a71,0,0,0.0,False,0,0
3684,0.920749999999954,82944,6a242012867dc8b837e29b1a8324e93d22fc3f743ff363b5f117270d386b5a71,0,0,0.0,False,0,0
3685,0.920999999999954,82944,6a242012867dc8b837e29b1a8324e93d22fc3f743ff363b5f117270d386b5a71,0,0,0.0,False,0,0
3686,0.9212499999999539,82944,6a242012867dc8b837e29b1a8324e93d22fc3f743ff363b5f117270d386b5a71,0,0,0.0,False,0,0
3687,0.9214999999999539,82944,6a242012867dc8b837e29b1a8324e93d22fc3f743ff363b5f117270d386b5a71,0,0,0.0,False,0,0
3688,0.9217499999999539,82944,6a242012867dc8b837e29b1a8324e93d22fc3f743ff363b5f117270d386b5a71,0,0,0.0,False,0,0
3689,0.9219999999999539,82944,6a242012867dc8b837e29b1a8324e93d22fc3f743ff363b5f117270d386b5a71,0,0,0.0,False,0,0
3690,0.9222499999999538,82944,6a242012867dc8b837e29b1a8324e93d22fc3f743ff363b5f117270d386b5a71,0,0,0.0,False,0,0
3691,0.9224999999999538,82944,6a242012867dc8b837e29b1a8324e93d22fc3f743ff363b5f117270d386b5a71,0,0,0.0,False,0,0
3692,0.9227499999999538,82944,6a242012867dc8b837e29b1a8324e93d22fc3f743ff363b5f117270d386b5a71,0,0,0.0,False,0,0
3693,0.9229999999999537,82944,6a242012867dc8b837e29b1a8324e93d22fc3f743ff363b5f117270d386b5a71,0,0,0.0,False,0,0
3694,0.9232499999999537,82944,6a242012867dc8b837e29b1a8324e93d22fc3f743ff363b5f117270d386b5a71,0,0,0.0,False,0,0
3695,0.9234999999999537,82944,6a242012867dc8b837e29b1a8324e93d22fc3f743ff363b5f117270d386b5a71,0,0,0.0,False,0,0
3696,0.9237499999999537,82944,6a242012867dc8b837e29b1a8324e93d22fc3f743ff363b5f117270d386b5a71,0,0,0.0,False,0,0
3697,0.9239999999999536,82944,6a242012867dc8b837e29b1a8324e93d22fc3f743ff363b5f117270d386b5a71,0,0,0.0,False,0,0
3698,0.9242499999999536,82944,6a242012867dc8b837e29b1a8324e93d22fc3f743ff363b5f117270d386b5a71,0,0,0.0,False,0,0
3699,0.9244999999999536,82944,6a242012867dc8b837e29b1a8324e93d22fc3f743ff363b5f117270d386b5a71,0,0,0.0,False,0,0
3700,0.9247499999999536,82944,6a242012867dc8b837e29b1a8324e93d22fc3f743ff363b5f117270d386b5a71,0,0,0.0,False,0,0
3701,0.9249999999999535,82944,6a242012867dc8b837e29b1a8324e93d22fc3f743ff363b5f117270d386b5a71,0,0,0.0,False,0,0
3702,0.9252499999999535,82944,6a242012867dc8b837e29b1a8324e93d22fc3f743ff363b5f117270d386b5a71,0,0,0.0,False,0,0
3703,0.9254999999999535,82944,6a242012867dc8b837e29b1a8324e93d22fc3f743ff363b5f117270d386b5a71,0,0,0.0,False,0,0
3704,0.9257499999999534,82944,6a242012867dc8b837e29b1a8324e93d22fc3f743ff363b5f117270d386b5a71,0,0,0.0,False,0,0
3705,0.9259999999999534,82944,6a242012867dc8b837e29b1a8324e93d22fc3f743ff363b5f117270d386b5a71,0,0,0.0,False,0,0
3706,0.9262499999999534,82944,6a242012867dc8b837e29b1a8324e93d22fc3f743ff363b5f117270d386b5a71,0,0,0.0,False,0,0
3707,0.9264999999999534,82944,6a242012867dc8b837e29b1a8324e93d22fc3f743ff363b5f117270d386b5a71,0,0,0.0,False,0,0
3708,0.9267499999999533,82944,6a242012867dc8b837e29b1a8324e93d22fc3f743ff363b5f117270d386b5a71,0,0,0.0,False,0,0
3709,0.9269999999999533,82944,6a242012867dc8b837e29b1a8324e93d22fc3f743ff363b5f117270d386b5a71,0,0,0.0,False,0,0
3710,0.9272499999999533,82944,6a242012867dc8b837e29b1a8324e93d22fc3f743ff363b5f117270d386b5a71,0,0,0.0,False,0,0
3711,0.9274999999999533,82944,6a242012867dc8b837e29b1a8324e93d22fc3f743ff363b5f117270d386b5a71,0,0,0.0,False,0,0
3712,0.9277499999999532,82944,6a242012867dc8b837e29b1a8324e93d22fc3f743ff363b5f117270d386b5a71,0,0,0.0,False,0,0
3713,0.9279999999999532,82944,6a242012867dc8b837e29b1a8324e93d22fc3f743ff363b5f117270d386b5a71,0,0,0.0,False,0,0
3714,0.9282499999999532,82944,6a242012867dc8b837e29b1a8324e93d22fc3f743ff363b5f117270d386b5a71,0,0,0.0,False,0,0
3715,0.9284999999999531,82944,6a242012867dc8b837e29b1a8324e93d22fc3f743ff363b5f117270d386b5a71,0,0,0.0,False,0,0
3716,0.9287499999999531,82944,6a242012867dc8b837e29b1a8324e93d22fc3f743ff363b5f117270d386b5a71,0,0,0.0,False,0,0
3717,0.9289999999999531,82944,6a242012867dc8b837e29b1a8324e93d22fc3f743ff363b5f117270d386b5a71,0,0,0.0,False,0,0
3718,0.9292499999999531,82944,6a242012867dc8b837e29b1a8324e93d22fc3f743ff363b5f117270d386b5a71,0,0,0.0,False,0,0
3719,0.929499999999953,82944,6a242012867dc8b837e29b1a8324e93d22fc3f743ff363b5f117270d386b5a71,0,0,0.0,False,0,0
3720,0.929749999999953,82944,6a242012867dc8b837e29b1a8324e93d22fc3f743ff363b5f117270d386b5a71,0,0,0.0,False,0,0
3721,0.929999999999953,82944,6a242012867dc8b837e29b1a8324e93d22fc3f743ff363b5f117270d386b5a71,0,0,0.0,False,0,0
3722,0.930249999999953,82944,6a242012867dc8b837e29b1a8324e93d22fc3f743ff363b5f117270d386b5a71,0,0,0.0,False,0,0
3723,0.9304999999999529,82944,6a242012867dc8b837e29b1a8324e93d22fc3f743ff363b5f117270d386b5a71,0,0,0.0,False,0,0
3724,0.9307499999999529,82944,6a242012867dc8b837e29b1a8324e93d22fc3f743ff363b5f117270d386b5a71,0,0,0.0,False,0,0
3725,0.9309999999999529,82944,6a242012867dc8b837e29b1a8324e93d22fc3f743ff363b5f117270d386b5a71,0,0,0.0,False,0,0
3726,0.9312499999999528,82944,6a242012867dc8b837e29b1a8324e93d22fc3f743ff363b5f117270d386b5a71,0,0,0.0,False,0,0
3727,0.9314999999999528,82944,6a242012867dc8b837e29b1a8324e93d22fc3f743ff363b5f117270d386b5a71,0,0,0.0,False,0,0
3728,0.9317499999999528,82944,6a242012867dc8b837e29b1a8324e93d22fc3f743ff363b5f117270d386b5a71,0,0,0.0,False,0,0
3729,0.9319999999999528,82944,6a242012867dc8b837e29b1a8324e93d22fc3f743ff363b5f117270d386b5a71,0,0,0.0,False,0,0
3730,0.9322499999999527,82944,6a242012867dc8b837e29b1a8324e93d22fc3f743ff363b5f117270d386b5a71,0,0,0.0,False,0,0
3731,0.9324999999999527,82944,6a242012867dc8b837e29b1a8324e93d22fc3f743ff363b5f117270d386b5a71,0,0,0.0,False,0,0
3732,0.9327499999999527,82944,6a242012867dc8b837e29b1a8324e93d22fc3f743ff363b5f117270d386b5a71,0,0,0.0,False,0,0
3733,0.9329999999999526,82944,6a242012867dc8b837e29b1a8324e93d22fc3f743ff363b5f117270d386b5a71,0,0,0.0,False,0,0
3734,0.9332499999999526,82944,6a242012867dc8b837e29b1a8324e93d22fc3f743ff363b5f117270d386b5a71,0,0,0.0,False,0,0
3735,0.9334999999999526,82944,6a242012867dc8b837e29b1a8324e93d22fc3f743ff363b5f117270d386b5a71,0,0,0.0,False,0,0
3736,0.9337499999999526,82944,6a242012867dc8b837e29b1a8324e93d22fc3f743ff363b5f117270d386b5a71,0,0,0.0,False,0,0
3737,0.9339999999999525,82944,6a242012867dc8b837e29b1a8324e93d22fc3f743ff363b5f117270d386b5a71,0,0,0.0,False,0,0
3738,0.9342499999999525,82944,6a242012867dc8b837e29b1a8324e93d22fc3f743ff363b5f117270d386b5a71,0,0,0.0,False,0,0
3739,0.9344999999999525,82944,6a242012867dc8b837e29b1a8324e93d22fc3f743ff363b5f117270d386b5a71,0,0,0.0,False,0,0
3740,0.9347499999999525,82944,6a242012867dc8b837e29b1a8324e93d22fc3f743ff363b5f117270d386b5a71,0,0,0.0,False,0,0
3741,0.9349999999999524,82944,6a242012867dc8b837e29b1a8324e93d22fc3f743ff363b5f117270d386b5a71,0,0,0.0,False,0,0
3742,0.9352499999999524,82944,6a242012867dc8b837e29b1a8324e93d22fc3f743ff363b5f117270d386b5a71,0,0,0.0,False,0,0
3743,0.9354999999999524,82944,6a242012867dc8b837e29b1a8324e93d22fc3f743ff363b5f117270d386b5a71,0,0,0.0,False,0,0
3744,0.9357499999999523,82944,6a242012867dc8b837e29b1a8324e93d22fc3f743ff363b5f117270d386b5a71,0,0,0.0,False,0,0
3745,0.9359999999999523,82944,6a242012867dc8b837e29b1a8324e93d22fc3f743ff363b5f117270d386b5a71,0,0,0.0,False,0,0
3746,0.9362499999999523,82944,6a242012867dc8b837e29b1a8324e93d22fc3f743ff363b5f117270d386b5a71,0,0,0.0,False,0,0
3747,0.9364999999999523,82944,6a242012867dc8b837e29b1a8324e93d22fc3f743ff363b5f117270d386b5a71,0,0,0.0,False,0,0
3748,0.9367499999999522,82944,6a242012867dc8b837e29b1a8324e93d22fc3f743ff363b5f117270d386b5a71,0,0,0.0,False,0,0
3749,0.9369999999999522,82944,6a242012867dc8b837e29b1a8324e93d22fc3f743ff363b5f117270d386b5a71,0,0,0.0,False,0,0
3750,0.9372499999999522,82944,6a242012867dc8b837e29b1a8324e93d22fc3f743ff363b5f117270d386b5a71,0,0,0.0,False,0,0
3751,0.9374999999999521,82944,6a242012867dc8b837e29b1a8324e93d22fc3f743ff363b5f117270d386b5a71,0,0,0.0,False,0,0
3752,0.9377499999999521,82944,6a242012867dc8b837e29b1a8324e93d22fc3f743ff363b5f117270d386b5a71,0,0,0.0,False,0,0
3753,0.9379999999999521,82944,6a242012867dc8b837e29b1a8324e93d22fc3f743ff363b5f117270d386b5a71,0,0,0.0,False,0,0
3754,0.9382499999999521,82944,6a242012867dc8b837e29b1a8324e93d22fc3f743ff363b5f117270d386b5a71,0,0,0.0,False,0,0
3755,0.938499999999952,82944,6a242012867dc8b837e29b1a8324e93d22fc3f743ff363b5f117270d386b5a71,0,0,0.0,False,0,0
3756,0.938749999999952,82944,6a242012867dc8b837e29b1a8324e93d22fc3f743ff363b5f117270d386b5a71,0,0,0.0,False,0,0
3757,0.938999999999952,82944,6a242012867dc8b837e29b1a8324e93d22fc3f743ff363b5f117270d386b5a71,0,0,0.0,False,0,0
3758,0.939249999999952,82944,6a242012867dc8b837e29b1a8324e93d22fc3f743ff363b5f117270d386b5a71,0,0,0.0,False,0,0
3759,0.9394999999999519,82944,6a242012867dc8b837e29b1a8324e93d22fc3f743ff363b5f117270d386b5a71,0,0,0.0,False,0,0
3760,0.9397499999999519,82944,6a242012867dc8b837e29b1a8324e93d22fc3f743ff363b5f117270d386b5a71,0,0,0.0,False,0,0
3761,0.9399999999999519,82944,6a242012867dc8b837e29b1a8324e93d22fc3f743ff363b5f117270d386b5a71,0,0,0.0,False,0,0
3762,0.9402499999999518,82944,6a242012867dc8b837e29b1a8324e93d22fc3f743ff363b5f117270d386b5a71,0,0,0.0,False,0,0
3763,0.9404999999999518,82944,6a242012867dc8b837e29b1a8324e93d22fc3f743ff363b5f117270d386b5a71,0,0,0.0,False,0,0
3764,0.9407499999999518,82944,6a242012867dc8b837e29b1a8324e93d22fc3f743ff363b5f117270d386b5a71,0,0,0.0,False,0,0
3765,0.9409999999999518,82944,6a242012867dc8b837e29b1a8324e93d22fc3f743ff363b5f117270d386b5a71,0,0,0.0,False,0,0
3766,0.9412499999999517,82944,6a242012867dc8b837e29b1a8324e93d22fc3f743ff363b5f117270d386b5a71,0,0,0.0,False,0,0
3767,0.9414999999999517,82944,6a242012867dc8b837e29b1a8324e93d22fc3f743ff363b5f117270d386b5a71,0,0,0.0,False,0,0
3768,0.9417499999999517,82944,6a242012867dc8b837e29b1a8324e93d22fc3f743ff363b5f117270d386b5a71,0,0,0.0,False,0,0
3769,0.9419999999999517,82944,6a242012867dc8b837e29b1a8324e93d22fc3f743ff363b5f117270d386b5a71,0,0,0.0,False,0,0
3770,0.9422499999999516,82944,6a242012867dc8b837e29b1a8324e93d22fc3f743ff363b5f117270d386b5a71,0,0,0.0,False,0,0
3771,0.9424999999999516,82944,6a242012867dc8b837e29b1a8324e93d22fc3f743ff363b5f117270d386b5a71,0,0,0.0,False,0,0
3772,0.9427499999999516,82944,6a242012867dc8b837e29b1a8324e93d22fc3f743ff363b5f117270d386b5a71,0,0,0.0,False,0,0
3773,0.9429999999999515,82944,6a242012867dc8b837e29b1a8324e93d22fc3f743ff363b5f117270d386b5a71,0,0,0.0,False,0,0
3774,0.9432499999999515,82944,6a242012867dc8b837e29b1a8324e93d22fc3f743ff363b5f117270d386b5a71,0,0,0.0,False,0,0
3775,0.9434999999999515,82944,6a242012867dc8b837e29b1a8324e93d22fc3f743ff363b5f117270d386b5a71,0,0,0.0,False,0,0
3776,0.9437499999999515,82944,6a242012867dc8b837e29b1a8324e93d22fc3f743ff363b5f117270d386b5a71,0,0,0.0,False,0,0
3777,0.9439999999999514,82944,6a242012867dc8b837e29b1a8324e93d22fc3f743ff363b5f117270d386b5a71,0,0,0.0,False,0,0
3778,0.9442499999999514,82944,6a242012867dc8b837e29b1a8324e93d22fc3f743ff363b5f117270d386b5a71,0,0,0.0,False,0,0
3779,0.9444999999999514,82944,6a242012867dc8b837e29b1a8324e93d22fc3f743ff363b5f117270d386b5a71,0,0,0.0,False,0,0
3780,0.9447499999999514,82944,6a242012867dc8b837e29b1a8324e93d22fc3f743ff363b5f117270d386b5a71,0,0,0.0,False,0,0
3781,0.9449999999999513,82944,6a242012867dc8b837e29b1a8324e93d22fc3f743ff363b5f117270d386b5a71,0,0,0.0,False,0,0
3782,0.9452499999999513,82944,6a242012867dc8b837e29b1a8324e93d22fc3f743ff363b5f117270d386b5a71,0,0,0.0,False,0,0
3783,0.9454999999999513,82944,6a242012867dc8b837e29b1a8324e93d22fc3f743ff363b5f117270d386b5a71,0,0,0.0,False,0,0
3784,0.9457499999999512,82944,6a242012867dc8b837e29b1a8324e93d22fc3f743ff363b5f117270d386b5a71,0,0,0.0,False,0,0
3785,0.9459999999999512,82944,6a242012867dc8b837e29b1a8324e93d22fc3f743ff363b5f117270d386b5a71,0,0,0.0,False,0,0
3786,0.9462499999999512,82944,6a242012867dc8b837e29b1a8324e93d22fc3f743ff363b5f117270d386b5a71,0,0,0.0,False,0,0
3787,0.9464999999999512,82944,6a242012867dc8b837e29b1a8324e93d22fc3f743ff363b5f117270d386b5a71,0,0,0.0,False,0,0
3788,0.9467499999999511,82944,6a242012867dc8b837e29b1a8324e93d22fc3f743ff363b5f117270d386b5a71,0,0,0.0,False,0,0
3789,0.9469999999999511,82944,6a242012867dc8b837e29b1a8324e93d22fc3f743ff363b5f117270d386b5a71,0,0,0.0,False,0,0
3790,0.9472499999999511,82944,6a242012867dc8b837e29b1a8324e93d22fc3f743ff363b5f117270d386b5a71,0,0,0.0,False,0,0
3791,0.947499999999951,82944,6a242012867dc8b837e29b1a8324e93d22fc3f743ff363b5f117270d386b5a71,0,0,0.0,False,0,0
3792,0.947749999999951,82944,6a242012867dc8b837e29b1a8324e93d22fc3f743ff363b5f117270d386b5a71,0,0,0.0,False,0,0
3793,0.947999999999951,82944,6a242012867dc8b837e29b1a8324e93d22fc3f743ff363b5f117270d386b5a71,0,0,0.0,False,0,0
3794,0.948249999999951,82944,6a242012867dc8b837e29b1a8324e93d22fc3f743ff363b5f117270d386b5a71,0,0,0.0,False,0,0
3795,0.9484999999999509,82944,6a242012867dc8b837e29b1a8324e93d22fc3f743ff363b5f117270d386b5a71,0,0,0.0,False,0,0
3796,0.9487499999999509,82944,6a242012867dc8b837e29b1a8324e93d22fc3f743ff363b5f117270d386b5a71,0,0,0.0,False,0,0
3797,0.9489999999999509,82944,6a242012867dc8b837e29b1a8324e93d22fc3f743ff363b5f117270d386b5a71,0,0,0.0,False,0,0
3798,0.9492499999999509,82944,6a242012867dc8b837e29b1a8324e93d22fc3f743ff363b5f117270d386b5a71,0,0,0.0,False,0,0
3799,0.9494999999999508,82944,6a242012867dc8b837e29b1a8324e93d22fc3f743ff363b5f117270d386b5a71,0,0,0.0,False,0,0
3800,0.9497499999999508,82944,6a242012867dc8b837e29b1a8324e93d22fc3f743ff363b5f117270d386b5a71,0,0,0.0,False,0,0
3801,0.9499999999999508,82944,6a242012867dc8b837e29b1a8324e93d22fc3f743ff363b5f117270d386b5a71,0,0,0.0,False,0,0
3802,0.9502499999999507,82944,6a242012867dc8b837e29b1a8324e93d22fc3f743ff363b5f117270d386b5a71,0,0,0.0,False,0,0
3803,0.9504999999999507,82944,6a242012867dc8b837e29b1a8324e93d22fc3f743ff363b5f117270d386b5a71,0,0,0.0,False,0,0
3804,0.9507499999999507,82944,6a242012867dc8b837e29b1a8324e93d22fc3f743ff363b5f117270d386b5a71,0,0,0.0,False,0,0
3805,0.9509999999999507,82944,6a242012867dc8b837e29b1a8324e93d22fc3f743ff363b5f117270d386b5a71,0,0,0.0,False,0,0
3806,0.9512499999999506,82944,6a242012867dc8b837e29b1a8324e93d22fc3f743ff363b5f117270d386b5a71,0,0,0.0,False,0,0
3807,0.9514999999999506,82944,6a242012867dc8b837e29b1a8324e93d22fc3f743ff363b5f117270d386b5a71,0,0,0.0,False,0,0
3808,0.9517499999999506,82944,6a242012867dc8b837e29b1a8324e93d22fc3f743ff363b5f117270d386b5a71,0,0,0.0,False,0,0
3809,0.9519999999999506,82944,6a242012867dc8b837e29b1a8324e93d22fc3f743ff363b5f117270d386b5a71,0,0,0.0,False,0,0
3810,0.9522499999999505,82944,6a242012867dc8b837e29b1a8324e93d22fc3f743ff363b5f117270d386b5a71,0,0,0.0,False,0,0
3811,0.9524999999999505,82944,6a242012867dc8b837e29b1a8324e93d22fc3f743ff363b5f117270d386b5a71,0,0,0.0,False,0,0
3812,0.9527499999999505,82944,6a242012867dc8b837e29b1a8324e93d22fc3f743ff363b5f117270d386b5a71,0,0,0.0,False,0,0
3813,0.9529999999999504,82944,6a242012867dc8b837e29b1a8324e93d22fc3f743ff363b5f117270d386b5a71,0,0,0.0,False,0,0
3814,0.9532499999999504,82944,6a242012867dc8b837e29b1a8324e93d22fc3f743ff363b5f117270d386b5a71,0,0,0.0,False,0,0
3815,0.9534999999999504,82944,6a242012867dc8b837e29b1a8324e93d22fc3f743ff363b5f117270d386b5a71,0,0,0.0,False,0,0
3816,0.9537499999999504,82944,6a242012867dc8b837e29b1a8324e93d22fc3f743ff363b5f117270d386b5a71,0,0,0.0,False,0,0
3817,0.9539999999999503,82944,6a242012867dc8b837e29b1a8324e93d22fc3f743ff363b5f117270d386b5a71,0,0,0.0,False,0,0
3818,0.9542499999999503,82944,6a242012867dc8b837e29b1a8324e93d22fc3f743ff363b5f117270d386b5a71,0,0,0.0,False,0,0
3819,0.9544999999999503,82944,6a242012867dc8b837e29b1a8324e93d22fc3f743ff363b5f117270d386b5a71,0,0,0.0,False,0,0
3820,0.9547499999999502,82944,6a242012867dc8b837e29b1a8324e93d22fc3f743ff363b5f117270d386b5a71,0,0,0.0,False,0,0
3821,0.9549999999999502,82944,6a242012867dc8b837e29b1a8324e93d22fc3f743ff363b5f117270d386b5a71,0,0,0.0,False,0,0
3822,0.9552499999999502,82944,6a242012867dc8b837e29b1a8324e93d22fc3f743ff363b5f117270d386b5a71,0,0,0.0,False,0,0
3823,0.9554999999999502,82944,6a242012867dc8b837e29b1a8324e93d22fc3f743ff363b5f117270d386b5a71,0,0,0.0,False,0,0
3824,0.9557499999999501,82944,6a242012867dc8b837e29b1a8324e93d22fc3f743ff363b5f117270d386b5a71,0,0,0.0,False,0,0
3825,0.9559999999999501,82944,6a242012867dc8b837e29b1a8324e93d22fc3f743ff363b5f117270d386b5a71,0,0,0.0,False,0,0
3826,0.9562499999999501,82944,6a242012867dc8b837e29b1a8324e93d22fc3f743ff363b5f117270d386b5a71,0,0,0.0,False,0,0
3827,0.9564999999999501,82944,6a242012867dc8b837e29b1a8324e93d22fc3f743ff363b5f117270d386b5a71,0,0,0.0,False,0,0
3828,0.95674999999995,82944,6a242012867dc8b837e29b1a8324e93d22fc3f743ff363b5f117270d386b5a71,0,0,0.0,False,0,0
3829,0.95699999999995,82944,6a242012867dc8b837e29b1a8324e93d22fc3f743ff363b5f117270d386b5a71,0,0,0.0,False,0,0
3830,0.95724999999995,82944,6a242012867dc8b837e29b1a8324e93d22fc3f743ff363b5f117270d386b5a71,0,0,0.0,False,0,0
3831,0.95749999999995,82944,6a242012867dc8b837e29b1a8324e93d22fc3f743ff363b5f117270d386b5a71,0,0,0.0,False,0,0
3832,0.9577499999999499,82944,6a242012867dc8b837e29b1a8324e93d22fc3f743ff363b5f117270d386b5a71,0,0,0.0,False,0,0
3833,0.9579999999999499,82944,6a242012867dc8b837e29b1a8324e93d22fc3f743ff363b5f117270d386b5a71,0,0,0.0,False,0,0
3834,0.9582499999999499,82944,6a242012867dc8b837e29b1a8324e93d22fc3f743ff363b5f117270d386b5a71,0,0,0.0,False,0,0
3835,0.9584999999999498,82944,6a242012867dc8b837e29b1a8324e93d22fc3f743ff363b5f117270d386b5a71,0,0,0.0,False,0,0
3836,0.9587499999999498,82944,6a242012867dc8b837e29b1a8324e93d22fc3f743ff363b5f117270d386b5a71,0,0,0.0,False,0,0
3837,0.9589999999999498,82944,6a242012867dc8b837e29b1a8324e93d22fc3f743ff363b5f117270d386b5a71,0,0,0.0,False,0,0
3838,0.9592499999999498,82944,6a242012867dc8b837e29b1a8324e93d22fc3f743ff363b5f117270d386b5a71,0,0,0.0,False,0,0
3839,0.9594999999999497,82944,6a242012867dc8b837e29b1a8324e93d22fc3f743ff363b5f117270d386b5a71,0,0,0.0,False,0,0
3840,0.9597499999999497,82944,6a242012867dc8b837e29b1a8324e93d22fc3f743ff363b5f117270d386b5a71,0,0,0.0,False,0,0
3841,0.9599999999999497,82944,6a242012867dc8b837e29b1a8324e93d22fc3f743ff363b5f117270d386b5a71,0,0,0.0,False,0,0
3842,0.9602499999999496,82944,6a242012867dc8b837e29b1a8324e93d22fc3f743ff363b5f117270d386b5a71,0,0,0.0,False,0,0
3843,0.9604999999999496,82944,6a242012867dc8b837e29b1a8324e93d22fc3f743ff363b5f117270d386b5a71,0,0,0.0,False,0,0
3844,0.9607499999999496,82944,6a242012867dc8b837e29b1a8324e93d22fc3f743ff363b5f117270d386b5a71,0,0,0.0,False,0,0
3845,0.9609999999999496,82944,6a242012867dc8b837e29b1a8324e93d22fc3f743ff363b5f117270d386b5a71,0,0,0.0,False,0,0
3846,0.9612499999999495,82944,6a242012867dc8b837e29b1a8324e93d22fc3f743ff363b5f117270d386b5a71,0,0,0.0,False,0,0
3847,0.9614999999999495,82944,6a242012867dc8b837e29b1a8324e93d22fc3f743ff363b5f117270d386b5a71,0,0,0.0,False,0,0
3848,0.9617499999999495,82944,6a242012867dc8b837e29b1a8324e93d22fc3f743ff363b5f117270d386b5a71,0,0,0.0,False,0,0
3849,0.9619999999999495,82944,6a242012867dc8b837e29b1a8324e93d22fc3f743ff363b5f117270d386b5a71,0,0,0.0,False,0,0
3850,0.9622499999999494,82944,6a242012867dc8b837e29b1a8324e93d22fc3f743ff363b5f117270d386b5a71,0,0,0.0,False,0,0
3851,0.9624999999999494,82944,6a242012867dc8b837e29b1a8324e93d22fc3f743ff363b5f117270d386b5a71,0,0,0.0,False,0,0
3852,0.9627499999999494,82944,6a242012867dc8b837e29b1a8324e93d22fc3f743ff363b5f117270d386b5a71,0,0,0.0,False,0,0
3853,0.9629999999999493,82944,6a242012867dc8b837e29b1a8324e93d22fc3f743ff363b5f117270d386b5a71,0,0,0.0,False,0,0
3854,0.9632499999999493,82944,6a242012867dc8b837e29b1a8324e93d22fc3f743ff363b5f117270d386b5a71,0,0,0.0,False,0,0
3855,0.9634999999999493,82944,6a242012867dc8b837e29b1a8324e93d22fc3f743ff363b5f117270d386b5a71,0,0,0.0,False,0,0
3856,0.9637499999999493,82944,6a242012867dc8b837e29b1a8324e93d22fc3f743ff363b5f117270d386b5a71,0,0,0.0,False,0,0
3857,0.9639999999999492,82944,6a242012867dc8b837e29b1a8324e93d22fc3f743ff363b5f117270d386b5a71,0,0,0.0,False,0,0
3858,0.9642499999999492,82944,6a242012867dc8b837e29b1a8324e93d22fc3f743ff363b5f117270d386b5a71,0,0,0.0,False,0,0
3859,0.9644999999999492,82944,6a242012867dc8b837e29b1a8324e93d22fc3f743ff363b5f117270d386b5a71,0,0,0.0,False,0,0
3860,0.9647499999999491,82944,6a242012867dc8b837e29b1a8324e93d22fc3f743ff363b5f117270d386b5a71,0,0,0.0,False,0,0
3861,0.9649999999999491,82944,6a242012867dc8b837e29b1a8324e93d22fc3f743ff363b5f117270d386b5a71,0,0,0.0,False,0,0
3862,0.9652499999999491,82944,6a242012867dc8b837e29b1a8324e93d22fc3f743ff363b5f117270d386b5a71,0,0,0.0,False,0,0
3863,0.9654999999999491,82944,6a242012867dc8b837e29b1a8324e93d22fc3f743ff363b5f117270d386b5a71,0,0,0.0,False,0,0
3864,0.965749999999949,82944,6a242012867dc8b837e29b1a8324e93d22fc3f743ff363b5f117270d386b5a71,0,0,0.0,False,0,0
3865,0.965999999999949,82944,6a242012867dc8b837e29b1a8324e93d22fc3f743ff363b5f117270d386b5a71,0,0,0.0,False,0,0
3866,0.966249999999949,82944,6a242012867dc8b837e29b1a8324e93d22fc3f743ff363b5f117270d386b5a71,0,0,0.0,False,0,0
3867,0.966499999999949,82944,6a242012867dc8b837e29b1a8324e93d22fc3f743ff363b5f117270d386b5a71,0,0,0.0,False,0,0
3868,0.9667499999999489,82944,6a242012867dc8b837e29b1a8324e93d22fc3f743ff363b5f117270d386b5a71,0,0,0.0,False,0,0
3869,0.9669999999999489,82944,6a242012867dc8b837e29b1a8324e93d22fc3f743ff363b5f117270d386b5a71,0,0,0.0,False,0,0
3870,0.9672499999999489,82944,6a242012867dc8b837e29b1a8324e93d22fc3f743ff363b5f117270d386b5a71,0,0,0.0,False,0,0
3871,0.9674999999999488,82944,6a242012867dc8b837e29b1a8324e93d22fc3f743ff363b5f117270d386b5a71,0,0,0.0,False,0,0
3872,0.9677499999999488,82944,6a242012867dc8b837e29b1a8324e93d22fc3f743ff363b5f117270d386b5a71,0,0,0.0,False,0,0
3873,0.9679999999999488,82944,6a242012867dc8b837e29b1a8324e93d22fc3f743ff363b5f117270d386b5a71,0,0,0.0,False,0,0
3874,0.9682499999999488,82944,6a242012867dc8b837e29b1a8324e93d22fc3f743ff363b5f117270d386b5a71,0,0,0.0,False,0,0
3875,0.9684999999999487,82944,6a242012867dc8b837e29b1a8324e93d22fc3f743ff363b5f117270d386b5a71,0,0,0.0,False,0,0
3876,0.9687499999999487,82944,6a242012867dc8b837e29b1a8324e93d22fc3f743ff363b5f117270d386b5a71,0,0,0.0,False,0,0
3877,0.9689999999999487,82944,6a242012867dc8b837e29b1a8324e93d22fc3f743ff363b5f117270d386b5a71,0,0,0.0,False,0,0
3878,0.9692499999999487,82944,6a242012867dc8b837e29b1a8324e93d22fc3f743ff363b5f117270d386b5a71,0,0,0.0,False,0,0
3879,0.9694999999999486,82944,6a242012867dc8b837e29b1a8324e93d22fc3f743ff363b5f117270d386b5a71,0,0,0.0,False,0,0
3880,0.9697499999999486,82944,6a242012867dc8b837e29b1a8324e93d22fc3f743ff363b5f117270d386b5a71,0,0,0.0,False,0,0
3881,0.9699999999999486,82944,6a242012867dc8b837e29b1a8324e93d22fc3f743ff363b5f117270d386b5a71,0,0,0.0,False,0,0
3882,0.9702499999999485,82944,6a242012867dc8b837e29b1a8324e93d22fc3f743ff363b5f117270d386b5a71,0,0,0.0,False,0,0
3883,0.9704999999999485,82944,6a242012867dc8b837e29b1a8324e93d22fc3f743ff363b5f117270d386b5a71,0,0,0.0,False,0,0
3884,0.9707499999999485,82944,6a242012867dc8b837e29b1a8324e93d22fc3f743ff363b5f117270d386b5a71,0,0,0.0,False,0,0
3885,0.9709999999999485,82944,6a242012867dc8b837e29b1a8324e93d22fc3f743ff363b5f117270d386b5a71,0,0,0.0,False,0,0
3886,0.9712499999999484,82944,6a242012867dc8b837e29b1a8324e93d22fc3f743ff363b5f117270d386b5a71,0,0,0.0,False,0,0
3887,0.9714999999999484,82944,6a242012867dc8b837e29b1a8324e93d22fc3f743ff363b5f117270d386b5a71,0,0,0.0,False,0,0
3888,0.9717499999999484,82944,6a242012867dc8b837e29b1a8324e93d22fc3f743ff363b5f117270d386b5a71,0,0,0.0,False,0,0
3889,0.9719999999999483,82944,6a242012867dc8b837e29b1a8324e93d22fc3f743ff363b5f117270d386b5a71,0,0,0.0,False,0,0
3890,0.9722499999999483,82944,6a242012867dc8b837e29b1a8324e93d22fc3f743ff363b5f117270d386b5a71,0,0,0.0,False,0,0
3891,0.9724999999999483,82944,6a242012867dc8b837e29b1a8324e93d22fc3f743ff363b5f117270d386b5a71,0,0,0.0,False,0,0
3892,0.9727499999999483,82944,6a242012867dc8b837e29b1a8324e93d22fc3f743ff363b5f117270d386b5a71,0,0,0.0,False,0,0
3893,0.9729999999999482,82944,6a242012867dc8b837e29b1a8324e93d22fc3f743ff363b5f117270d386b5a71,0,0,0.0,False,0,0
3894,0.9732499999999482,82944,6a242012867dc8b837e29b1a8324e93d22fc3f743ff363b5f117270d386b5a71,0,0,0.0,False,0,0
3895,0.9734999999999482,82944,6a242012867dc8b837e29b1a8324e93d22fc3f743ff363b5f117270d386b5a71,0,0,0.0,False,0,0
3896,0.9737499999999482,82944,6a242012867dc8b837e29b1a8324e93d22fc3f743ff363b5f117270d386b5a71,0,0,0.0,False,0,0
3897,0.9739999999999481,82944,6a242012867dc8b837e29b1a8324e93d22fc3f743ff363b5f117270d386b5a71,0,0,0.0,False,0,0
3898,0.9742499999999481,82944,6a242012867dc8b837e29b1a8324e93d22fc3f743ff363b5f117270d386b5a71,0,0,0.0,False,0,0
3899,0.9744999999999481,82944,6a242012867dc8b837e29b1a8324e93d22fc3f743ff363b5f117270d386b5a71,0,0,0.0,False,0,0
3900,0.974749999999948,82944,6a242012867dc8b837e29b1a8324e93d22fc3f743ff363b5f117270d386b5a71,0,0,0.0,False,0,0
3901,0.974999999999948,82944,6a242012867dc8b837e29b1a8324e93d22fc3f743ff363b5f117270d386b5a71,0,0,0.0,False,0,0
3902,0.975249999999948,82944,6a242012867dc8b837e29b1a8324e93d22fc3f743ff363b5f117270d386b5a71,0,0,0.0,False,0,0
3903,0.975499999999948,82944,6a242012867dc8b837e29b1a8324e93d22fc3f743ff363b5f117270d386b5a71,0,0,0.0,False,0,0
3904,0.9757499999999479,82944,6a242012867dc8b837e29b1a8324e93d22fc3f743ff363b5f117270d386b5a71,0,0,0.0,False,0,0
3905,0.9759999999999479,82944,6a242012867dc8b837e29b1a8324e93d22fc3f743ff363b5f117270d386b5a71,0,0,0.0,False,0,0
3906,0.9762499999999479,82944,6a242012867dc8b837e29b1a8324e93d22fc3f743ff363b5f117270d386b5a71,0,0,0.0,False,0,0
3907,0.9764999999999479,82944,6a242012867dc8b837e29b1a8324e93d22fc3f743ff363b5f117270d386b5a71,0,0,0.0,False,0,0
3908,0.9767499999999478,82944,6a242012867dc8b837e29b1a8324e93d22fc3f743ff363b5f117270d386b5a71,0,0,0.0,False,0,0
3909,0.9769999999999478,82944,6a242012867dc8b837e29b1a8324e93d22fc3f743ff363b5f117270d386b5a71,0,0,0.0,False,0,0
3910,0.9772499999999478,82944,6a242012867dc8b837e29b1a8324e93d22fc3f743ff363b5f117270d386b5a71,0,0,0.0,False,0,0
3911,0.9774999999999477,82944,6a242012867dc8b837e29b1a8324e93d22fc3f743ff363b5f117270d386b5a71,0,0,0.0,False,0,0
3912,0.9777499999999477,82944,6a242012867dc8b837e29b1a8324e93d22fc3f743ff363b5f117270d386b5a71,0,0,0.0,False,0,0
3913,0.9779999999999477,82944,6a242012867dc8b837e29b1a8324e93d22fc3f743ff363b5f117270d386b5a71,0,0,0.0,False,0,0
3914,0.9782499999999477,82944,6a242012867dc8b837e29b1a8324e93d22fc3f743ff363b5f117270d386b5a71,0,0,0.0,False,0,0
3915,0.9784999999999476,82944,6a242012867dc8b837e29b1a8324e93d22fc3f743ff363b5f117270d386b5a71,0,0,0.0,False,0,0
3916,0.9787499999999476,82944,6a242012867dc8b837e29b1a8324e93d22fc3f743ff363b5f117270d386b5a71,0,0,0.0,False,0,0
3917,0.9789999999999476,82944,6a242012867dc8b837e29b1a8324e93d22fc3f743ff363b5f117270d386b5a71,0,0,0.0,False,0,0
3918,0.9792499999999476,82944,6a242012867dc8b837e29b1a8324e93d22fc3f743ff363b5f117270d386b5a71,0,0,0.0,False,0,0
3919,0.9794999999999475,82944,6a242012867dc8b837e29b1a8324e93d22fc3f743ff363b5f117270d386b5a71,0,0,0.0,False,0,0
3920,0.9797499999999475,82944,6a242012867dc8b837e29b1a8324e93d22fc3f743ff363b5f117270d386b5a71,0,0,0.0,False,0,0
3921,0.9799999999999475,82944,6a242012867dc8b837e29b1a8324e93d22fc3f743ff363b5f117270d386b5a71,0,0,0.0,False,0,0
3922,0.9802499999999474,82944,6a242012867dc8b837e29b1a8324e93d22fc3f743ff363b5f117270d386b5a71,0,0,0.0,False,0,0
3923,0.9804999999999474,82944,6a242012867dc8b837e29b1a8324e93d22fc3f743ff363b5f117270d386b5a71,0,0,0.0,False,0,0
3924,0.9807499999999474,82944,6a242012867dc8b837e29b1a8324e93d22fc3f743ff363b5f117270d386b5a71,0,0,0.0,False,0,0
3925,0.9809999999999474,82944,6a242012867dc8b837e29b1a8324e93d22fc3f743ff363b5f117270d386b5a71,0,0,0.0,False,0,0
3926,0.9812499999999473,82944,6a242012867dc8b837e29b1a8324e93d22fc3f743ff363b5f117270d386b5a71,0,0,0.0,False,0,0
3927,0.9814999999999473,82944,6a242012867dc8b837e29b1a8324e93d22fc3f743ff363b5f117270d386b5a71,0,0,0.0,False,0,0
3928,0.9817499999999473,82944,6a242012867dc8b837e29b1a8324e93d22fc3f743ff363b5f117270d386b5a71,0,0,0.0,False,0,0
3929,0.9819999999999472,82944,6a242012867dc8b837e29b1a8324e93d22fc3f743ff363b5f117270d386b5a71,0,0,0.0,False,0,0
3930,0.9822499999999472,82944,6a242012867dc8b837e29b1a8324e93d22fc3f743ff363b5f117270d386b5a71,0,0,0.0,False,0,0
3931,0.9824999999999472,82944,6a242012867dc8b837e29b1a8324e93d22fc3f743ff363b5f117270d386b5a71,0,0,0.0,False,0,0
3932,0.9827499999999472,82944,6a242012867dc8b837e29b1a8324e93d22fc3f743ff363b5f117270d386b5a71,0,0,0.0,False,0,0
3933,0.9829999999999471,82944,6a242012867dc8b837e29b1a8324e93d22fc3f743ff363b5f117270d386b5a71,0,0,0.0,False,0,0
3934,0.9832499999999471,82944,6a242012867dc8b837e29b1a8324e93d22fc3f743ff363b5f117270d386b5a71,0,0,0.0,False,0,0
3935,0.9834999999999471,82944,6a242012867dc8b837e29b1a8324e93d22fc3f743ff363b5f117270d386b5a71,0,0,0.0,False,0,0
3936,0.9837499999999471,82944,6a242012867dc8b837e29b1a8324e93d22fc3f743ff363b5f117270d386b5a71,0,0,0.0,False,0,0
3937,0.983999999999947,82944,6a242012867dc8b837e29b1a8324e93d22fc3f743ff363b5f117270d386b5a71,0,0,0.0,False,0,0
3938,0.984249999999947,82944,6a242012867dc8b837e29b1a8324e93d22fc3f743ff363b5f117270d386b5a71,0,0,0.0,False,0,0
3939,0.984499999999947,82944,6a242012867dc8b837e29b1a8324e93d22fc3f743ff363b5f117270d386b5a71,0,0,0.0,False,0,0
3940,0.984749999999947,82944,6a242012867dc8b837e29b1a8324e93d22fc3f743ff363b5f117270d386b5a71,0,0,0.0,False,0,0
3941,0.9849999999999469,82944,6a242012867dc8b837e29b1a8324e93d22fc3f743ff363b5f117270d386b5a71,0,0,0.0,False,0,0
3942,0.9852499999999469,82944,6a242012867dc8b837e29b1a8324e93d22fc3f743ff363b5f117270d386b5a71,0,0,0.0,False,0,0
3943,0.9854999999999469,82944,6a242012867dc8b837e29b1a8324e93d22fc3f743ff363b5f117270d386b5a71,0,0,0.0,False,0,0
3944,0.9857499999999468,82944,6a242012867dc8b837e29b1a8324e93d22fc3f743ff363b5f117270d386b5a71,0,0,0.0,False,0,0
3945,0.9859999999999468,82944,6a242012867dc8b837e29b1a8324e93d22fc3f743ff363b5f117270d386b5a71,0,0,0.0,False,0,0
3946,0.9862499999999468,82944,6a242012867dc8b837e29b1a8324e93d22fc3f743ff363b5f117270d386b5a71,0,0,0.0,False,0,0
3947,0.9864999999999468,82944,6a242012867dc8b837e29b1a8324e93d22fc3f743ff363b5f117270d386b5a71,0,0,0.0,False,0,0
3948,0.9867499999999467,82944,6a242012867dc8b837e29b1a8324e93d22fc3f743ff363b5f117270d386b5a71,0,0,0.0,False,0,0
3949,0.9869999999999467,82944,6a242012867dc8b837e29b1a8324e93d22fc3f743ff363b5f117270d386b5a71,0,0,0.0,False,0,0
3950,0.9872499999999467,82944,6a242012867dc8b837e29b1a8324e93d22fc3f743ff363b5f117270d386b5a71,0,0,0.0,False,0,0
3951,0.9874999999999466,82944,6a242012867dc8b837e29b1a8324e93d22fc3f743ff363b5f117270d386b5a71,0,0,0.0,False,0,0
3952,0.9877499999999466,82944,6a242012867dc8b837e29b1a8324e93d22fc3f743ff363b5f117270d386b5a71,0,0,0.0,False,0,0
3953,0.9879999999999466,82944,6a242012867dc8b837e29b1a8324e93d22fc3f743ff363b5f117270d386b5a71,0,0,0.0,False,0,0
3954,0.9882499999999466,82944,6a242012867dc8b837e29b1a8324e93d22fc3f743ff363b5f117270d386b5a71,0,0,0.0,False,0,0
3955,0.9884999999999465,82944,6a242012867dc8b837e29b1a8324e93d22fc3f743ff363b5f117270d386b5a71,0,0,0.0,False,0,0
3956,0.9887499999999465,82944,6a242012867dc8b837e29b1a8324e93d22fc3f743ff363b5f117270d386b5a71,0,0,0.0,False,0,0
3957,0.9889999999999465,82944,6a242012867dc8b837e29b1a8324e93d22fc3f743ff363b5f117270d386b5a71,0,0,0.0,False,0,0
3958,0.9892499999999464,82944,6a242012867dc8b837e29b1a8324e93d22fc3f743ff363b5f117270d386b5a71,0,0,0.0,False,0,0
3959,0.9894999999999464,82944,6a242012867dc8b837e29b1a8324e93d22fc3f743ff363b5f117270d386b5a71,0,0,0.0,False,0,0
3960,0.9897499999999464,82944,6a242012867dc8b837e29b1a8324e93d22fc3f743ff363b5f117270d386b5a71,0,0,0.0,False,0,0
3961,0.9899999999999464,82944,6a242012867dc8b837e29b1a8324e93d22fc3f743ff363b5f117270d386b5a71,0,0,0.0,False,0,0
3962,0.9902499999999463,82944,6a242012867dc8b837e29b1a8324e93d22fc3f743ff363b5f117270d386b5a71,0,0,0.0,False,0,0
3963,0.9904999999999463,82944,6a242012867dc8b837e29b1a8324e93d22fc3f743ff363b5f117270d386b5a71,0,0,0.0,False,0,0
3964,0.9907499999999463,82944,6a242012867dc8b837e29b1a8324e93d22fc3f743ff363b5f117270d386b5a71,0,0,0.0,False,0,0
3965,0.9909999999999463,82944,6a242012867dc8b837e29b1a8324e93d22fc3f743ff363b5f117270d386b5a71,0,0,0.0,False,0,0
3966,0.9912499999999462,82944,6a242012867dc8b837e29b1a8324e93d22fc3f743ff363b5f117270d386b5a71,0,0,0.0,False,0,0
3967,0.9914999999999462,82944,6a242012867dc8b837e29b1a8324e93d22fc3f743ff363b5f117270d386b5a71,0,0,0.0,False,0,0
3968,0.9917499999999462,82944,6a242012867dc8b837e29b1a8324e93d22fc3f743ff363b5f117270d386b5a71,0,0,0.0,False,0,0
3969,0.9919999999999461,82944,6a242012867dc8b837e29b1a8324e93d22fc3f743ff363b5f117270d386b5a71,0,0,0.0,False,0,0
3970,0.9922499999999461,82944,6a242012867dc8b837e29b1a8324e93d22fc3f743ff363b5f117270d386b5a71,0,0,0.0,False,0,0
3971,0.9924999999999461,82944,6a242012867dc8b837e29b1a8324e93d22fc3f743ff363b5f117270d386b5a71,0,0,0.0,False,0,0
3972,0.9927499999999461,82944,6a242012867dc8b837e29b1a8324e93d22fc3f743ff363b5f117270d386b5a71,0,0,0.0,False,0,0
3973,0.992999999999946,82944,6a242012867dc8b837e29b1a8324e93d22fc3f743ff363b5f117270d386b5a71,0,0,0.0,False,0,0
3974,0.993249999999946,82944,6a242012867dc8b837e29b1a8324e93d22fc3f743ff363b5f117270d386b5a71,0,0,0.0,False,0,0
3975,0.993499999999946,82944,6a242012867dc8b837e29b1a8324e93d22fc3f743ff363b5f117270d386b5a71,0,0,0.0,False,0,0
3976,0.993749999999946,82944,6a242012867dc8b837e29b1a8324e93d22fc3f743ff363b5f117270d386b5a71,0,0,0.0,False,0,0
3977,0.9939999999999459,82944,6a242012867dc8b837e29b1a8324e93d22fc3f743ff363b5f117270d386b5a71,0,0,0.0,False,0,0
3978,0.9942499999999459,82944,6a242012867dc8b837e29b1a8324e93d22fc3f743ff363b5f117270d386b5a71,0,0,0.0,False,0,0
3979,0.9944999999999459,82944,6a242012867dc8b837e29b1a8324e93d22fc3f743ff363b5f117270d386b5a71,0,0,0.0,False,0,0
3980,0.9947499999999458,82944,6a242012867dc8b837e29b1a8324e93d22fc3f743ff363b5f117270d386b5a71,0,0,0.0,False,0,0
3981,0.9949999999999458,82944,6a242012867dc8b837e29b1a8324e93d22fc3f743ff363b5f117270d386b5a71,0,0,0.0,False,0,0
3982,0.9952499999999458,82944,6a242012867dc8b837e29b1a8324e93d22fc3f743ff363b5f117270d386b5a71,0,0,0.0,False,0,0
3983,0.9954999999999458,82944,6a242012867dc8b837e29b1a8324e93d22fc3f743ff363b5f117270d386b5a71,0,0,0.0,False,0,0
3984,0.9957499999999457,82944,6a242012867dc8b837e29b1a8324e93d22fc3f743ff363b5f117270d386b5a71,0,0,0.0,False,0,0
3985,0.9959999999999457,82944,6a242012867dc8b837e29b1a8324e93d22fc3f743ff363b5f117270d386b5a71,0,0,0.0,False,0,0
3986,0.9962499999999457,82944,6a242012867dc8b837e29b1a8324e93d22fc3f743ff363b5f117270d386b5a71,0,0,0.0,False,0,0
3987,0.9964999999999457,82944,6a242012867dc8b837e29b1a8324e93d22fc3f743ff363b5f117270d386b5a71,0,0,0.0,False,0,0
3988,0.9967499999999456,82944,6a242012867dc8b837e29b1a8324e93d22fc3f743ff363b5f117270d386b5a71,0,0,0.0,False,0,0
3989,0.9969999999999456,82944,6a242012867dc8b837e29b1a8324e93d22fc3f743ff363b5f117270d386b5a71,0,0,0.0,False,0,0
3990,0.9972499999999456,82944,6a242012867dc8b837e29b1a8324e93d22fc3f743ff363b5f117270d386b5a71,0,0,0.0,False,0,0
3991,0.9974999999999455,82944,6a242012867dc8b837e29b1a8324e93d22fc3f743ff363b5f117270d386b5a71,0,0,0.0,False,0,0
3992,0.9977499999999455,82944,6a242012867dc8b837e29b1a8324e93d22fc3f743ff363b5f117270d386b5a71,0,0,0.0,False,0,0
3993,0.9979999999999455,82944,6a242012867dc8b837e29b1a8324e93d22fc3f743ff363b5f117270d386b5a71,0,0,0.0,False,0,0
3994,0.9982499999999455,82944,6a242012867dc8b837e29b1a8324e93d22fc3f743ff363b5f117270d386b5a71,0,0,0.0,False,0,0
3995,0.9984999999999454,82944,6a242012867dc8b837e29b1a8324e93d22fc3f743ff363b5f117270d386b5a71,0,0,0.0,False,0,0
3996,0.9987499999999454,82944,6a242012867dc8b837e29b1a8324e93d22fc3f743ff363b5f117270d386b5a71,0,0,0.0,False,0,0
3997,0.9989999999999454,82944,6a242012867dc8b837e29b1a8324e93d22fc3f743ff363b5f117270d386b5a71,0,0,0.0,False,0,0
3998,0.9992499999999453,82944,6a242012867dc8b837e29b1a8324e93d22fc3f743ff363b5f117270d386b5a71,0,0,0.0,False,0,0
3999,0.9994999999999453,82944,6a242012867dc8b837e29b1a8324e93d22fc3f743ff363b5f117270d386b5a71,0,0,0.0,False,0,0
4000,0.9997499999999453,82944,6a242012867dc8b837e29b1a8324e93d22fc3f743ff363b5f117270d386b5a71,0,0,0.0,False,0,0
4001,0.9999999999999453,82944,6a242012867dc8b837e29b1a8324e93d22fc3f743ff363b5f117270d386b5a71,0,0,0.0,True,0,0
