backend,dtype,resolution,particle_count,run_id,seed,step,time,dt,velocity_relative_l2,velocity_rmse,total_kinetic_energy,kinetic_energy_relative_error,kinetic_energy_relative_initial,momentum_x,momentum_y,relative_momentum_drift,mean_density,min_density,max_density,relative_density_fluctuation,max_particle_speed,has_nan_or_inf,step_time_seconds,current_allocated_bytes,driver_allocated_bytes,recommended_max_bytes,process_max_rss_bytes,analysis_role,analysis_source_stem,analysis_config_sha256,analysis_source_config_sha256,analysis_source_numerical_sha256,analysis_source_runtime_sha256,analysis_source_trajectory_sha256,analysis_stability_configured_steps,analysis_stability_measured_steps,analysis_stability_last_numerical_step,analysis_stability_sustain_target_seconds,analysis_stability_total_wall_seconds,analysis_stability_wall_overrun_seconds,analysis_stability_target_met,analysis_stability_segment_count,analysis_stability_segment_step_sum
cpu,float32,16,256,run-1,20260731,0,0.0,0.0005,0.0,0.0,0.998059630393982,0.0,0.0,0.0013431813567876,0.0003144446527585,0.0,1.0,1.0,1.0,0.0,0.9325386881828308,False,0.0,,,,430161920,canonical,cpu_n16_run-1,3080872cb97b185b21a4364c554535c7a3291588f4b4bd091499b322e660f99d,a3958931f807522949f17d2ed328efde27d01dd9965bfd351c01a77b274bb490,7b553fb0f1b4c12db65d860e27cfdf3a8f9a7b4ca022f14a26a838801fdc0842,57c0de8947bdf9bc40e9fb2e703bb1c4c0495f68589a48b4a3b930eeee291038,2666861bd68c78856ca91c150be1e83e81ac12d5b5f7155c24e6654bdabcf5db,,,,,,,,,
cpu,float32,16,256,run-1,20260731,20,0.0100000007078051,0.0005,0.1539984941482544,0.0747675225138664,0.9537615180015564,0.0115484884008765,0.0443842336535453,0.00383454374969,0.0023157140240073,0.0011688804952427,1.0000598430633545,0.9991950988769532,1.0010583400726318,0.0010583400726318,0.9350411295890808,False,0.0144030830124393,,,,430604288,canonical,cpu_n16_run-1,3080872cb97b185b21a4364c554535c7a3291588f4b4bd091499b322e660f99d,a3958931f807522949f17d2ed328efde27d01dd9965bfd351c01a77b274bb490,7b553fb0f1b4c12db65d860e27cfdf3a8f9a7b4ca022f14a26a838801fdc0842,57c0de8947bdf9bc40e9fb2e703bb1c4c0495f68589a48b4a3b930eeee291038,2666861bd68c78856ca91c150be1e83e81ac12d5b5f7155c24e6654bdabcf5db,,,,,,,,,
cpu,float32,16,256,run-1,20260731,40,0.0199999939650297,0.0005,0.1528879106044769,0.0721472799777984,0.916237473487854,0.0286188777536153,0.0819812342524528,0.0053882803767919,0.003259633667767,0.0018302324460819,1.0001637935638428,0.9994515180587769,1.0009526014328003,0.0009526014328002,0.9307413101196288,False,0.0144069170346483,,,,431046656,canonical,cpu_n16_run-1,3080872cb97b185b21a4364c554535c7a3291588f4b4bd091499b322e660f99d,a3958931f807522949f17d2ed328efde27d01dd9965bfd351c01a77b274bb490,7b553fb0f1b4c12db65d860e27cfdf3a8f9a7b4ca022f14a26a838801fdc0842,57c0de8947bdf9bc40e9fb2e703bb1c4c0495f68589a48b4a3b930eeee291038,2666861bd68c78856ca91c150be1e83e81ac12d5b5f7155c24e6654bdabcf5db,,,,,,,,,
cpu,float32,16,256,run-1,20260731,60,0.0299999769777059,0.0005,0.1868588626384735,0.0857065543532371,0.8834942579269409,0.0498882308602333,0.1147881001234054,0.0062666144222021,0.0039011538028717,0.0022280747070908,1.0002741813659668,0.9996292591094972,1.0009807348251345,0.0009807348251342,0.9344583749771118,False,0.0147694580373354,,,,431341568,canonical,cpu_n16_run-1,3080872cb97b185b21a4364c554535c7a3291588f4b4bd091499b322e660f99d,a3958931f807522949f17d2ed328efde27d01dd9965bfd351c01a77b274bb490,7b553fb0f1b4c12db65d860e27cfdf3a8f9a7b4ca022f14a26a838801fdc0842,57c0de8947bdf9bc40e9fb2e703bb1c4c0495f68589a48b4a3b930eeee291038,2666861bd68c78856ca91c150be1e83e81ac12d5b5f7155c24e6654bdabcf5db,,,,,,,,,
cpu,float32,16,256,run-1,20260731,80,0.0399999916553497,0.0005,0.2178112864494323,0.0971035212278366,0.8541974425315857,0.0744567736983299,0.1441418826580047,0.0065960120409727,0.0043133553117513,0.0024147746153175,1.0003533363342283,0.99977445602417,1.0009912252426147,0.0009912252426147,0.950160026550293,False,0.0141432500095106,,,,431521792,canonical,cpu_n16_run-1,3080872cb97b185b21a4364c554535c7a3291588f4b4bd091499b322e660f99d,a3958931f807522949f17d2ed328efde27d01dd9965bfd351c01a77b274bb490,7b553fb0f1b4c12db65d860e27cfdf3a8f9a7b4ca022f14a26a838801fdc0842,57c0de8947bdf9bc40e9fb2e703bb1c4c0495f68589a48b4a3b930eeee291038,2666861bd68c78856ca91c150be1e83e81ac12d5b5f7155c24e6654bdabcf5db,,,,,,,,,
cpu,float32,16,256,run-1,20260731,100,0.0500000119209289,0.0005,0.2493797242641449,0.1080619245767593,0.8279320001602173,0.1023299843072891,0.1704583764076233,0.0065248850733041,0.004577474668622,0.0024543413892388,1.0003870725631714,0.9998756647109984,1.0009604692459106,0.0009604692459106,0.963446855545044,False,0.0147556670126505,,,,431554560,canonical,cpu_n16_run-1,3080872cb97b185b21a4364c554535c7a3291588f4b4bd091499b322e660f99d,a3958931f807522949f17d2ed328efde27d01dd9965bfd351c01a77b274bb490,7b553fb0f1b4c12db65d860e27cfdf3a8f9a7b4ca022f14a26a838801fdc0842,57c0de8947bdf9bc40e9fb2e703bb1c4c0495f68589a48b4a3b930eeee291038,2666861bd68c78856ca91c150be1e83e81ac12d5b5f7155c24e6654bdabcf5db,,,,,,,,,
cpu,float32,16,256,run-1,20260731,120,0.0600000321865081,0.0005,0.2778982520103454,0.1170462071895599,0.8039789199829102,0.1330306380987167,0.1944580376148224,0.0064712241291999,0.0049528628587722,0.0025291973724961,1.0003774166107178,0.9998393058776855,1.000920295715332,0.000920295715332,0.972310483455658,False,0.0147460420266725,,,,431570944,canonical,cpu_n16_run-1,3080872cb97b185b21a4364c554535c7a3291588f4b4bd091499b322e660f99d,a3958931f807522949f17d2ed328efde27d01dd9965bfd351c01a77b274bb490,7b553fb0f1b4c12db65d860e27cfdf3a8f9a7b4ca022f14a26a838801fdc0842,57c0de8947bdf9bc40e9fb2e703bb1c4c0495f68589a48b4a3b930eeee291038,2666861bd68c78856ca91c150be1e83e81ac12d5b5f7155c24e6654bdabcf5db,,,,,,,,,
cpu,float32,16,256,run-1,20260731,140,0.0700000524520874,0.0005,0.3015835881233215,0.1234645172953605,0.7816123366355896,0.1659029573202133,0.2168681025505066,0.0064911507070064,0.0054504368454217,0.0026598745025694,1.0003373622894287,0.9997477531433104,1.0008764266967771,0.0008764266967773,0.9744539856910706,False,0.0140659160097129,,,,431587328,canonical,cpu_n16_run-1,3080872cb97b185b21a4364c554535c7a3291588f4b4bd091499b322e660f99d,a3958931f807522949f17d2ed328efde27d01dd9965bfd351c01a77b274bb490,7b553fb0f1b4c12db65d860e27cfdf3a8f9a7b4ca022f14a26a838801fdc0842,57c0de8947bdf9bc40e9fb2e703bb1c4c0495f68589a48b4a3b930eeee291038,2666861bd68c78856ca91c150be1e83e81ac12d5b5f7155c24e6654bdabcf5db,,,,,,,,,
cpu,float32,16,256,run-1,20260731,160,0.0800000727176666,0.0005,0.3197889924049377,0.1272514313459396,0.7603714466094971,0.2005144208669662,0.2381502836942672,0.0065974257886409,0.0060535557568073,0.0028461166657507,1.000285267829895,0.9996767640113832,1.0008118152618408,0.0008118152618408,0.9883429408073424,False,0.0158185419859364,,,,431620096,canonical,cpu_n16_run-1,3080872cb97b185b21a4364c554535c7a3291588f4b4bd091499b322e660f99d,a3958931f807522949f17d2ed328efde27d01dd9965bfd351c01a77b274bb490,7b553fb0f1b4c12db65d860e27cfdf3a8f9a7b4ca022f14a26a838801fdc0842,57c0de8947bdf9bc40e9fb2e703bb1c4c0495f68589a48b4a3b930eeee291038,2666861bd68c78856ca91c150be1e83e81ac12d5b5f7155c24e6654bdabcf5db,,,,,,,,,
cpu,float32,16,256,run-1,20260731,180,0.0900000929832458,0.0005,0.3335311412811279,0.1290030926465988,0.7401423454284668,0.2368804812431335,0.2584187090396881,0.0068596843630075,0.006733788177371,0.0030959399882704,1.0002371072769165,0.9996431469917296,1.000738501548767,0.000738501548767,1.004496455192566,False,0.0139595000073313,,,,431652864,canonical,cpu_n16_run-1,3080872cb97b185b21a4364c554535c7a3291588f4b4bd091499b322e660f99d,a3958931f807522949f17d2ed328efde27d01dd9965bfd351c01a77b274bb490,7b553fb0f1b4c12db65d860e27cfdf3a8f9a7b4ca022f14a26a838801fdc0842,57c0de8947bdf9bc40e9fb2e703bb1c4c0495f68589a48b4a3b930eeee291038,2666861bd68c78856ca91c150be1e83e81ac12d5b5f7155c24e6654bdabcf5db,,,,,,,,,
cpu,float32,16,256,run-1,20260731,200,0.100000113248825,0.0005,0.3446626663208008,0.1295748502016067,0.7207881212234497,0.2749547064304352,0.2778105735778808,0.0071959588676691,0.0074604637920856,0.0033786436542868,1.00020432472229,0.9996544718742372,1.0006647109985352,0.0006647109985351,1.0113862752914429,False,0.0143296669702976,,,,431669248,canonical,cpu_n16_run-1,3080872cb97b185b21a4364c554535c7a3291588f4b4bd091499b322e660f99d,a3958931f807522949f17d2ed328efde27d01dd9965bfd351c01a77b274bb490,7b553fb0f1b4c12db65d860e27cfdf3a8f9a7b4ca022f14a26a838801fdc0842,57c0de8947bdf9bc40e9fb2e703bb1c4c0495f68589a48b4a3b930eeee291038,2666861bd68c78856ca91c150be1e83e81ac12d5b5f7155c24e6654bdabcf5db,,,,,,,,,
cpu,float32,16,256,run-1,20260731,220,0.1100001335144043,0.0005,0.3551778793334961,0.1297872513532638,0.7020379304885864,0.3144024312496185,0.2965972125530243,0.007604394108057,0.0081110456958413,0.0036575747653841,1.0001931190490725,0.9996955394744872,1.0005918741226196,0.0005918741226196,1.009294033050537,False,0.0141402909648604,,,,431685632,canonical,cpu_n16_run-1,3080872cb97b185b21a4364c554535c7a3291588f4b4bd091499b322e660f99d,a3958931f807522949f17d2ed328efde27d01dd9965bfd351c01a77b274bb490,7b553fb0f1b4c12db65d860e27cfdf3a8f9a7b4ca022f14a26a838801fdc0842,57c0de8947bdf9bc40e9fb2e703bb1c4c0495f68589a48b4a3b930eeee291038,2666861bd68c78856ca91c150be1e83e81ac12d5b5f7155c24e6654bdabcf5db,,,,,,,,,
cpu,float32,16,256,run-1,20260731,240,0.1200001537799835,0.0005,0.3667027950286865,0.1302436143159866,0.6835366487503052,0.3546197116374969,0.3151344656944275,0.0079294443130493,0.0085869524627923,0.0038677828852087,1.0002052783966064,0.9997103810310364,1.0005956888198853,0.0005956888198852,0.9996294379234314,False,0.0139023750089108,,,,431702016,canonical,cpu_n16_run-1,3080872cb97b185b21a4364c554535c7a3291588f4b4bd091499b322e660f99d,a3958931f807522949f17d2ed328efde27d01dd9965bfd351c01a77b274bb490,7b553fb0f1b4c12db65d860e27cfdf3a8f9a7b4ca022f14a26a838801fdc0842,57c0de8947bdf9bc40e9fb2e703bb1c4c0495f68589a48b4a3b930eeee291038,2666861bd68c78856ca91c150be1e83e81ac12d5b5f7155c24e6654bdabcf5db,,,,,,,,,
cpu,float32,16,256,run-1,20260731,260,0.1300000995397567,0.0005,0.3800768256187439,0.1312097758054733,0.6647143363952637,0.3943936824798584,0.3339933753013611,0.008065452799201,0.0088504273444414,0.0039742207154631,1.0002379417419434,0.999720573425293,1.0006563663482666,0.0006563663482666,0.983770787715912,False,0.0141370830242522,,,,431734784,canonical,cpu_n16_run-1,3080872cb97b185b21a4364c554535c7a3291588f4b4bd091499b322e660f99d,a3958931f807522949f17d2ed328efde27d01dd9965bfd351c01a77b274bb490,7b553fb0f1b4c12db65d860e27cfdf3a8f9a7b4ca022f14a26a838801fdc0842,57c0de8947bdf9bc40e9fb2e703bb1c4c0495f68589a48b4a3b930eeee291038,2666861bd68c78856ca91c150be1e83e81ac12d5b5f7155c24e6654bdabcf5db,,,,,,,,,
cpu,float32,16,256,run-1,20260731,280,0.139999970793724,0.0005,0.3956762552261352,0.1327652782201767,0.6452106237411499,0.43269082903862,0.353534996509552,0.0080297980457544,0.0089836800470948,0.0040046474896371,1.000285029411316,0.9997889399528505,1.0006790161132812,0.0006790161132812,0.9617911577224731,False,0.0141988330287858,,,,431751168,canonical,cpu_n16_run-1,3080872cb97b185b21a4364c554535c7a3291588f4b4bd091499b322e660f99d,a3958931f807522949f17d2ed328efde27d01dd9965bfd351c01a77b274bb490,7b553fb0f1b4c12db65d860e27cfdf3a8f9a7b4ca022f14a26a838801fdc0842,57c0de8947bdf9bc40e9fb2e703bb1c4c0495f68589a48b4a3b930eeee291038,2666861bd68c78856ca91c150be1e83e81ac12d5b5f7155c24e6654bdabcf5db,,,,,,,,,
cpu,float32,16,256,run-1,20260731,300,0.1499998420476913,0.0005,0.4134542047977447,0.1348403394222259,0.624938428401947,0.4689003229141235,0.3738465905189514,0.0078934635967016,0.0090109426528215,0.0039823483675718,1.0003379583358765,0.99982088804245,1.0007047653198242,0.0007047653198242,0.928220272064209,False,0.0144864580361172,,,,432177152,canonical,cpu_n16_run-1,3080872cb97b185b21a4364c554535c7a3291588f4b4bd091499b322e660f99d,a3958931f807522949f17d2ed328efde27d01dd9965bfd351c01a77b274bb490,7b553fb0f1b4c12db65d860e27cfdf3a8f9a7b4ca022f14a26a838801fdc0842,57c0de8947bdf9bc40e9fb2e703bb1c4c0495f68589a48b4a3b930eeee291038,2666861bd68c78856ca91c150be1e83e81ac12d5b5f7155c24e6654bdabcf5db,,,,,,,,,
cpu,float32,16,256,run-1,20260731,320,0.1599997133016586,0.0005,0.4332252442836761,0.1373264044523239,0.6041086316108704,0.503053605556488,0.3947168886661529,0.0077757723629474,0.0090138902887701,0.0039574648253619,1.0003865957260132,0.999842643737793,1.0007705688476562,0.0007705688476562,0.8788557052612305,False,0.0157146669807843,,,,432177152,canonical,cpu_n16_run-1,3080872cb97b185b21a4364c554535c7a3291588f4b4bd091499b322e660f99d,a3958931f807522949f17d2ed328efde27d01dd9965bfd351c01a77b274bb490,7b553fb0f1b4c12db65d860e27cfdf3a8f9a7b4ca022f14a26a838801fdc0842,57c0de8947bdf9bc40e9fb2e703bb1c4c0495f68589a48b4a3b930eeee291038,2666861bd68c78856ca91c150be1e83e81ac12d5b5f7155c24e6654bdabcf5db,,,,,,,,,
cpu,float32,16,256,run-1,20260731,340,0.1699995845556259,0.0005,0.4547109007835388,0.1400957852602005,0.5831061601638794,0.5357068777084351,0.415760189294815,0.007721533998847,0.0090086972340941,0.0039441701956093,1.0004225969314575,0.9998748302459716,1.0008150339126587,0.0008150339126586,0.8486772179603577,False,0.014742000028491,,,,432177152,canonical,cpu_n16_run-1,3080872cb97b185b21a4364c554535c7a3291588f4b4bd091499b322e660f99d,a3958931f807522949f17d2ed328efde27d01dd9965bfd351c01a77b274bb490,7b553fb0f1b4c12db65d860e27cfdf3a8f9a7b4ca022f14a26a838801fdc0842,57c0de8947bdf9bc40e9fb2e703bb1c4c0495f68589a48b4a3b930eeee291038,2666861bd68c78856ca91c150be1e83e81ac12d5b5f7155c24e6654bdabcf5db,,,,,,,,,
cpu,float32,16,256,run-1,20260731,360,0.1799994558095932,0.0005,0.4771284461021423,0.1428817063570022,0.562263548374176,0.5674625635147095,0.4366433322429657,0.0077148787677288,0.0089860074222087,0.0039360397495329,1.000438213348389,0.999899923801422,1.0008281469345093,0.0008281469345092,0.841022253036499,False,0.015107832965441,,,,432553984,canonical,cpu_n16_run-1,3080872cb97b185b21a4364c554535c7a3291588f4b4bd091499b322e660f99d,a3958931f807522949f17d2ed328efde27d01dd9965bfd351c01a77b274bb490,7b553fb0f1b4c12db65d860e27cfdf3a8f9a7b4ca022f14a26a838801fdc0842,57c0de8947bdf9bc40e9fb2e703bb1c4c0495f68589a48b4a3b930eeee291038,2666861bd68c78856ca91c150be1e83e81ac12d5b5f7155c24e6654bdabcf5db,,,,,,,,,
cpu,float32,16,256,run-1,20260731,380,0.1899993270635604,0.0005,0.4994231760501861,0.1453670263290405,0.5419175028800964,0.5991116762161255,0.4570289254188537,0.0077246166765689,0.0089641120284795,0.0039317021146416,1.000429630279541,0.9999129176139832,1.000813126564026,0.0008131265640258,0.840684175491333,False,0.0146138749551028,,,,432619520,canonical,cpu_n16_run-1,3080872cb97b185b21a4364c554535c7a3291588f4b4bd091499b322e660f99d,a3958931f807522949f17d2ed328efde27d01dd9965bfd351c01a77b274bb490,7b553fb0f1b4c12db65d860e27cfdf3a8f9a7b4ca022f14a26a838801fdc0842,57c0de8947bdf9bc40e9fb2e703bb1c4c0495f68589a48b4a3b930eeee291038,2666861bd68c78856ca91c150be1e83e81ac12d5b5f7155c24e6654bdabcf5db,,,,,,,,,
cpu,float32,16,256,run-1,20260731,400,0.1999991983175277,0.0005,0.5204312205314636,0.147238627076149,0.5223625302314758,0.6315306425094604,0.476621925830841,0.0076723229140043,0.0090181995183229,0.0039363601244986,1.0003972053527832,0.9999025464057922,1.0007917881011963,0.0007917881011962,0.8468308448791504,False,0.0144322080304846,,,,432652288,canonical,cpu_n16_run-1,3080872cb97b185b21a4364c554535c7a3291588f4b4bd091499b322e660f99d,a3958931f807522949f17d2ed328efde27d01dd9965bfd351c01a77b274bb490,7b553fb0f1b4c12db65d860e27cfdf3a8f9a7b4ca022f14a26a838801fdc0842,57c0de8947bdf9bc40e9fb2e703bb1c4c0495f68589a48b4a3b930eeee291038,2666861bd68c78856ca91c150be1e83e81ac12d5b5f7155c24e6654bdabcf5db,,,,,,,,,
cpu,float32,16,256,run-2,20260731,0,0.0,0.0005,0.0,0.0,0.998059630393982,0.0,0.0,0.0013431813567876,0.0003144446527585,0.0,1.0,1.0,1.0,0.0,0.9325386881828308,False,0.0,,,,431702016,canonical,cpu_n16_run-2,3080872cb97b185b21a4364c554535c7a3291588f4b4bd091499b322e660f99d,b62eba4122c800665ceaf591d326f7d9200e62b7185b70a397781b3d898ac2c4,acedaa75514b75739ec9604a20e688f0dd8f3bec140b7928e9aae75b17a6043c,5793f2c29dc7e15f9c401670c7a3c7f93163de60d2fd4883a455ce576277002f,2666861bd68c78856ca91c150be1e83e81ac12d5b5f7155c24e6654bdabcf5db,,,,,,,,,
cpu,float32,16,256,run-2,20260731,20,0.0100000007078051,0.0005,0.1539984941482544,0.0747675225138664,0.9537615180015564,0.0115484884008765,0.0443842336535453,0.00383454374969,0.0023157140240073,0.0011688804952427,1.0000598430633545,0.9991950988769532,1.0010583400726318,0.0010583400726318,0.9350411295890808,False,0.0146766669931821,,,,431751168,canonical,cpu_n16_run-2,3080872cb97b185b21a4364c554535c7a3291588f4b4bd091499b322e660f99d,b62eba4122c800665ceaf591d326f7d9200e62b7185b70a397781b3d898ac2c4,acedaa75514b75739ec9604a20e688f0dd8f3bec140b7928e9aae75b17a6043c,5793f2c29dc7e15f9c401670c7a3c7f93163de60d2fd4883a455ce576277002f,2666861bd68c78856ca91c150be1e83e81ac12d5b5f7155c24e6654bdabcf5db,,,,,,,,,
cpu,float32,16,256,run-2,20260731,40,0.0199999939650297,0.0005,0.1528879106044769,0.0721472799777984,0.916237473487854,0.0286188777536153,0.0819812342524528,0.0053882803767919,0.003259633667767,0.0018302324460819,1.0001637935638428,0.9994515180587769,1.0009526014328003,0.0009526014328002,0.9307413101196288,False,0.0140150830266065,,,,431751168,canonical,cpu_n16_run-2,3080872cb97b185b21a4364c554535c7a3291588f4b4bd091499b322e660f99d,b62eba4122c800665ceaf591d326f7d9200e62b7185b70a397781b3d898ac2c4,acedaa75514b75739ec9604a20e688f0dd8f3bec140b7928e9aae75b17a6043c,5793f2c29dc7e15f9c401670c7a3c7f93163de60d2fd4883a455ce576277002f,2666861bd68c78856ca91c150be1e83e81ac12d5b5f7155c24e6654bdabcf5db,,,,,,,,,
cpu,float32,16,256,run-2,20260731,60,0.0299999769777059,0.0005,0.1868588626384735,0.0857065543532371,0.8834942579269409,0.0498882308602333,0.1147881001234054,0.0062666144222021,0.0039011538028717,0.0022280747070908,1.0002741813659668,0.9996292591094972,1.0009807348251345,0.0009807348251342,0.9344583749771118,False,0.0142531249439343,,,,431833088,canonical,cpu_n16_run-2,3080872cb97b185b21a4364c554535c7a3291588f4b4bd091499b322e660f99d,b62eba4122c800665ceaf591d326f7d9200e62b7185b70a397781b3d898ac2c4,acedaa75514b75739ec9604a20e688f0dd8f3bec140b7928e9aae75b17a6043c,5793f2c29dc7e15f9c401670c7a3c7f93163de60d2fd4883a455ce576277002f,2666861bd68c78856ca91c150be1e83e81ac12d5b5f7155c24e6654bdabcf5db,,,,,,,,,
cpu,float32,16,256,run-2,20260731,80,0.0399999916553497,0.0005,0.2178112864494323,0.0971035212278366,0.8541974425315857,0.0744567736983299,0.1441418826580047,0.0065960120409727,0.0043133553117513,0.0024147746153175,1.0003533363342283,0.99977445602417,1.0009912252426147,0.0009912252426147,0.950160026550293,False,0.0141591659630648,,,,431833088,canonical,cpu_n16_run-2,3080872cb97b185b21a4364c554535c7a3291588f4b4bd091499b322e660f99d,b62eba4122c800665ceaf591d326f7d9200e62b7185b70a397781b3d898ac2c4,acedaa75514b75739ec9604a20e688f0dd8f3bec140b7928e9aae75b17a6043c,5793f2c29dc7e15f9c401670c7a3c7f93163de60d2fd4883a455ce576277002f,2666861bd68c78856ca91c150be1e83e81ac12d5b5f7155c24e6654bdabcf5db,,,,,,,,,
cpu,float32,16,256,run-2,20260731,100,0.0500000119209289,0.0005,0.2493797242641449,0.1080619245767593,0.8279320001602173,0.1023299843072891,0.1704583764076233,0.0065248850733041,0.004577474668622,0.0024543413892388,1.0003870725631714,0.9998756647109984,1.0009604692459106,0.0009604692459106,0.963446855545044,False,0.0142010829877108,,,,432144384,canonical,cpu_n16_run-2,3080872cb97b185b21a4364c554535c7a3291588f4b4bd091499b322e660f99d,b62eba4122c800665ceaf591d326f7d9200e62b7185b70a397781b3d898ac2c4,acedaa75514b75739ec9604a20e688f0dd8f3bec140b7928e9aae75b17a6043c,5793f2c29dc7e15f9c401670c7a3c7f93163de60d2fd4883a455ce576277002f,2666861bd68c78856ca91c150be1e83e81ac12d5b5f7155c24e6654bdabcf5db,,,,,,,,,
cpu,float32,16,256,run-2,20260731,120,0.0600000321865081,0.0005,0.2778982520103454,0.1170462071895599,0.8039789199829102,0.1330306380987167,0.1944580376148224,0.0064712241291999,0.0049528628587722,0.0025291973724961,1.0003774166107178,0.9998393058776855,1.000920295715332,0.000920295715332,0.972310483455658,False,0.0137765829567797,,,,432160768,canonical,cpu_n16_run-2,3080872cb97b185b21a4364c554535c7a3291588f4b4bd091499b322e660f99d,b62eba4122c800665ceaf591d326f7d9200e62b7185b70a397781b3d898ac2c4,acedaa75514b75739ec9604a20e688f0dd8f3bec140b7928e9aae75b17a6043c,5793f2c29dc7e15f9c401670c7a3c7f93163de60d2fd4883a455ce576277002f,2666861bd68c78856ca91c150be1e83e81ac12d5b5f7155c24e6654bdabcf5db,,,,,,,,,
cpu,float32,16,256,run-2,20260731,140,0.0700000524520874,0.0005,0.3015835881233215,0.1234645172953605,0.7816123366355896,0.1659029573202133,0.2168681025505066,0.0064911507070064,0.0054504368454217,0.0026598745025694,1.0003373622894287,0.9997477531433104,1.0008764266967771,0.0008764266967773,0.9744539856910706,False,0.0136198340333066,,,,432357376,canonical,cpu_n16_run-2,3080872cb97b185b21a4364c554535c7a3291588f4b4bd091499b322e660f99d,b62eba4122c800665ceaf591d326f7d9200e62b7185b70a397781b3d898ac2c4,acedaa75514b75739ec9604a20e688f0dd8f3bec140b7928e9aae75b17a6043c,5793f2c29dc7e15f9c401670c7a3c7f93163de60d2fd4883a455ce576277002f,2666861bd68c78856ca91c150be1e83e81ac12d5b5f7155c24e6654bdabcf5db,,,,,,,,,
cpu,float32,16,256,run-2,20260731,160,0.0800000727176666,0.0005,0.3197889924049377,0.1272514313459396,0.7603714466094971,0.2005144208669662,0.2381502836942672,0.0065974257886409,0.0060535557568073,0.0028461166657507,1.000285267829895,0.9996767640113832,1.0008118152618408,0.0008118152618408,0.9883429408073424,False,0.014015249966178,,,,432357376,canonical,cpu_n16_run-2,3080872cb97b185b21a4364c554535c7a3291588f4b4bd091499b322e660f99d,b62eba4122c800665ceaf591d326f7d9200e62b7185b70a397781b3d898ac2c4,acedaa75514b75739ec9604a20e688f0dd8f3bec140b7928e9aae75b17a6043c,5793f2c29dc7e15f9c401670c7a3c7f93163de60d2fd4883a455ce576277002f,2666861bd68c78856ca91c150be1e83e81ac12d5b5f7155c24e6654bdabcf5db,,,,,,,,,
cpu,float32,16,256,run-2,20260731,180,0.0900000929832458,0.0005,0.3335311412811279,0.1290030926465988,0.7401423454284668,0.2368804812431335,0.2584187090396881,0.0068596843630075,0.006733788177371,0.0030959399882704,1.0002371072769165,0.9996431469917296,1.000738501548767,0.000738501548767,1.004496455192566,False,0.0140762089868076,,,,432357376,canonical,cpu_n16_run-2,3080872cb97b185b21a4364c554535c7a3291588f4b4bd091499b322e660f99d,b62eba4122c800665ceaf591d326f7d9200e62b7185b70a397781b3d898ac2c4,acedaa75514b75739ec9604a20e688f0dd8f3bec140b7928e9aae75b17a6043c,5793f2c29dc7e15f9c401670c7a3c7f93163de60d2fd4883a455ce576277002f,2666861bd68c78856ca91c150be1e83e81ac12d5b5f7155c24e6654bdabcf5db,,,,,,,,,
cpu,float32,16,256,run-2,20260731,200,0.100000113248825,0.0005,0.3446626663208008,0.1295748502016067,0.7207881212234497,0.2749547064304352,0.2778105735778808,0.0071959588676691,0.0074604637920856,0.0033786436542868,1.00020432472229,0.9996544718742372,1.0006647109985352,0.0006647109985351,1.0113862752914429,False,0.014156041026581,,,,432406528,canonical,cpu_n16_run-2,3080872cb97b185b21a4364c554535c7a3291588f4b4bd091499b322e660f99d,b62eba4122c800665ceaf591d326f7d9200e62b7185b70a397781b3d898ac2c4,acedaa75514b75739ec9604a20e688f0dd8f3bec140b7928e9aae75b17a6043c,5793f2c29dc7e15f9c401670c7a3c7f93163de60d2fd4883a455ce576277002f,2666861bd68c78856ca91c150be1e83e81ac12d5b5f7155c24e6654bdabcf5db,,,,,,,,,
cpu,float32,16,256,run-2,20260731,220,0.1100001335144043,0.0005,0.3551778793334961,0.1297872513532638,0.7020379304885864,0.3144024312496185,0.2965972125530243,0.007604394108057,0.0081110456958413,0.0036575747653841,1.0001931190490725,0.9996955394744872,1.0005918741226196,0.0005918741226196,1.009294033050537,False,0.0143595000263303,,,,432406528,canonical,cpu_n16_run-2,3080872cb97b185b21a4364c554535c7a3291588f4b4bd091499b322e660f99d,b62eba4122c800665ceaf591d326f7d9200e62b7185b70a397781b3d898ac2c4,acedaa75514b75739ec9604a20e688f0dd8f3bec140b7928e9aae75b17a6043c,5793f2c29dc7e15f9c401670c7a3c7f93163de60d2fd4883a455ce576277002f,2666861bd68c78856ca91c150be1e83e81ac12d5b5f7155c24e6654bdabcf5db,,,,,,,,,
cpu,float32,16,256,run-2,20260731,240,0.1200001537799835,0.0005,0.3667027950286865,0.1302436143159866,0.6835366487503052,0.3546197116374969,0.3151344656944275,0.0079294443130493,0.0085869524627923,0.0038677828852087,1.0002052783966064,0.9997103810310364,1.0005956888198853,0.0005956888198852,0.9996294379234314,False,0.0147721660323441,,,,432717824,canonical,cpu_n16_run-2,3080872cb97b185b21a4364c554535c7a3291588f4b4bd091499b322e660f99d,b62eba4122c800665ceaf591d326f7d9200e62b7185b70a397781b3d898ac2c4,acedaa75514b75739ec9604a20e688f0dd8f3bec140b7928e9aae75b17a6043c,5793f2c29dc7e15f9c401670c7a3c7f93163de60d2fd4883a455ce576277002f,2666861bd68c78856ca91c150be1e83e81ac12d5b5f7155c24e6654bdabcf5db,,,,,,,,,
cpu,float32,16,256,run-2,20260731,260,0.1300000995397567,0.0005,0.3800768256187439,0.1312097758054733,0.6647143363952637,0.3943936824798584,0.3339933753013611,0.008065452799201,0.0088504273444414,0.0039742207154631,1.0002379417419434,0.999720573425293,1.0006563663482666,0.0006563663482666,0.983770787715912,False,0.0144043330219574,,,,432766976,canonical,cpu_n16_run-2,3080872cb97b185b21a4364c554535c7a3291588f4b4bd091499b322e660f99d,b62eba4122c800665ceaf591d326f7d9200e62b7185b70a397781b3d898ac2c4,acedaa75514b75739ec9604a20e688f0dd8f3bec140b7928e9aae75b17a6043c,5793f2c29dc7e15f9c401670c7a3c7f93163de60d2fd4883a455ce576277002f,2666861bd68c78856ca91c150be1e83e81ac12d5b5f7155c24e6654bdabcf5db,,,,,,,,,
cpu,float32,16,256,run-2,20260731,280,0.139999970793724,0.0005,0.3956762552261352,0.1327652782201767,0.6452106237411499,0.43269082903862,0.353534996509552,0.0080297980457544,0.0089836800470948,0.0040046474896371,1.000285029411316,0.9997889399528505,1.0006790161132812,0.0006790161132812,0.9617911577224731,False,0.0145197090459987,,,,432783360,canonical,cpu_n16_run-2,3080872cb97b185b21a4364c554535c7a3291588f4b4bd091499b322e660f99d,b62eba4122c800665ceaf591d326f7d9200e62b7185b70a397781b3d898ac2c4,acedaa75514b75739ec9604a20e688f0dd8f3bec140b7928e9aae75b17a6043c,5793f2c29dc7e15f9c401670c7a3c7f93163de60d2fd4883a455ce576277002f,2666861bd68c78856ca91c150be1e83e81ac12d5b5f7155c24e6654bdabcf5db,,,,,,,,,
cpu,float32,16,256,run-2,20260731,300,0.1499998420476913,0.0005,0.4134542047977447,0.1348403394222259,0.624938428401947,0.4689003229141235,0.3738465905189514,0.0078934635967016,0.0090109426528215,0.0039823483675718,1.0003379583358765,0.99982088804245,1.0007047653198242,0.0007047653198242,0.928220272064209,False,0.0145529170404188,,,,432832512,canonical,cpu_n16_run-2,3080872cb97b185b21a4364c554535c7a3291588f4b4bd091499b322e660f99d,b62eba4122c800665ceaf591d326f7d9200e62b7185b70a397781b3d898ac2c4,acedaa75514b75739ec9604a20e688f0dd8f3bec140b7928e9aae75b17a6043c,5793f2c29dc7e15f9c401670c7a3c7f93163de60d2fd4883a455ce576277002f,2666861bd68c78856ca91c150be1e83e81ac12d5b5f7155c24e6654bdabcf5db,,,,,,,,,
cpu,float32,16,256,run-2,20260731,320,0.1599997133016586,0.0005,0.4332252442836761,0.1373264044523239,0.6041086316108704,0.503053605556488,0.3947168886661529,0.0077757723629474,0.0090138902887701,0.0039574648253619,1.0003865957260132,0.999842643737793,1.0007705688476562,0.0007705688476562,0.8788557052612305,False,0.0142160830437205,,,,432832512,canonical,cpu_n16_run-2,3080872cb97b185b21a4364c554535c7a3291588f4b4bd091499b322e660f99d,b62eba4122c800665ceaf591d326f7d9200e62b7185b70a397781b3d898ac2c4,acedaa75514b75739ec9604a20e688f0dd8f3bec140b7928e9aae75b17a6043c,5793f2c29dc7e15f9c401670c7a3c7f93163de60d2fd4883a455ce576277002f,2666861bd68c78856ca91c150be1e83e81ac12d5b5f7155c24e6654bdabcf5db,,,,,,,,,
cpu,float32,16,256,run-2,20260731,340,0.1699995845556259,0.0005,0.4547109007835388,0.1400957852602005,0.5831061601638794,0.5357068777084351,0.415760189294815,0.007721533998847,0.0090086972340941,0.0039441701956093,1.0004225969314575,0.9998748302459716,1.0008150339126587,0.0008150339126586,0.8486772179603577,False,0.0142641669954173,,,,432865280,canonical,cpu_n16_run-2,3080872cb97b185b21a4364c554535c7a3291588f4b4bd091499b322e660f99d,b62eba4122c800665ceaf591d326f7d9200e62b7185b70a397781b3d898ac2c4,acedaa75514b75739ec9604a20e688f0dd8f3bec140b7928e9aae75b17a6043c,5793f2c29dc7e15f9c401670c7a3c7f93163de60d2fd4883a455ce576277002f,2666861bd68c78856ca91c150be1e83e81ac12d5b5f7155c24e6654bdabcf5db,,,,,,,,,
cpu,float32,16,256,run-2,20260731,360,0.1799994558095932,0.0005,0.4771284461021423,0.1428817063570022,0.562263548374176,0.5674625635147095,0.4366433322429657,0.0077148787677288,0.0089860074222087,0.0039360397495329,1.000438213348389,0.999899923801422,1.0008281469345093,0.0008281469345092,0.841022253036499,False,0.0139286670018918,,,,433094656,canonical,cpu_n16_run-2,3080872cb97b185b21a4364c554535c7a3291588f4b4bd091499b322e660f99d,b62eba4122c800665ceaf591d326f7d9200e62b7185b70a397781b3d898ac2c4,acedaa75514b75739ec9604a20e688f0dd8f3bec140b7928e9aae75b17a6043c,5793f2c29dc7e15f9c401670c7a3c7f93163de60d2fd4883a455ce576277002f,2666861bd68c78856ca91c150be1e83e81ac12d5b5f7155c24e6654bdabcf5db,,,,,,,,,
cpu,float32,16,256,run-2,20260731,380,0.1899993270635604,0.0005,0.4994231760501861,0.1453670263290405,0.5419175028800964,0.5991116762161255,0.4570289254188537,0.0077246166765689,0.0089641120284795,0.0039317021146416,1.000429630279541,0.9999129176139832,1.000813126564026,0.0008131265640258,0.840684175491333,False,0.0168738339561969,,,,433111040,canonical,cpu_n16_run-2,3080872cb97b185b21a4364c554535c7a3291588f4b4bd091499b322e660f99d,b62eba4122c800665ceaf591d326f7d9200e62b7185b70a397781b3d898ac2c4,acedaa75514b75739ec9604a20e688f0dd8f3bec140b7928e9aae75b17a6043c,5793f2c29dc7e15f9c401670c7a3c7f93163de60d2fd4883a455ce576277002f,2666861bd68c78856ca91c150be1e83e81ac12d5b5f7155c24e6654bdabcf5db,,,,,,,,,
cpu,float32,16,256,run-2,20260731,400,0.1999991983175277,0.0005,0.5204312205314636,0.147238627076149,0.5223625302314758,0.6315306425094604,0.476621925830841,0.0076723229140043,0.0090181995183229,0.0039363601244986,1.0003972053527832,0.9999025464057922,1.0007917881011963,0.0007917881011962,0.8468308448791504,False,0.0144866250338964,,,,433127424,canonical,cpu_n16_run-2,3080872cb97b185b21a4364c554535c7a3291588f4b4bd091499b322e660f99d,b62eba4122c800665ceaf591d326f7d9200e62b7185b70a397781b3d898ac2c4,acedaa75514b75739ec9604a20e688f0dd8f3bec140b7928e9aae75b17a6043c,5793f2c29dc7e15f9c401670c7a3c7f93163de60d2fd4883a455ce576277002f,2666861bd68c78856ca91c150be1e83e81ac12d5b5f7155c24e6654bdabcf5db,,,,,,,,,
cpu,float32,24,576,run-1,20260731,0,0.0,0.0005,0.0,0.0,1.0000004768371582,0.0,0.0,-3.46555607393384e-05,5.171960219740867e-05,0.0,1.0,1.0,1.0,0.0,0.985318958759308,False,0.0,,,,436502528,canonical,cpu_n24_run-1,1c90f011b39e6c94e1099e40f4b95317de97ecfd6b269ce2b865f3b4ce3da15d,a5686e6a5f9dd77b9941e3cbf9e9f88dcd825628f3e2194eacdf1e0b2ae5fe72,1f694bdb2c60d5f65e292b90796fc7cc6038f9fd6e3e09f8013c7ca22727435d,95b96f805e6a8240e512b3dc6934ef5484fd2a50db679371c461b55f3ec91013,e15d9e6862a9b8538b816e8b0a3ac318934285118ce6e56af332121d9e70db42,,,,,,,,,
cpu,float32,24,576,run-1,20260731,20,0.0100000007078051,0.0005,0.0113583896309137,0.0056079416535794,0.9968106746673584,0.0223024021834135,0.0031898005399852,-3.4358352422714233e-05,5.174009129405022e-05,1.0989699461561032e-07,1.0000028610229492,0.9999638199806212,1.0000569820404053,5.698204040527344e-05,0.9878671169281006,False,0.0176492920145392,,,,436600832,canonical,cpu_n24_run-1,1c90f011b39e6c94e1099e40f4b95317de97ecfd6b269ce2b865f3b4ce3da15d,a5686e6a5f9dd77b9941e3cbf9e9f88dcd825628f3e2194eacdf1e0b2ae5fe72,1f694bdb2c60d5f65e292b90796fc7cc6038f9fd6e3e09f8013c7ca22727435d,95b96f805e6a8240e512b3dc6934ef5484fd2a50db679371c461b55f3ec91013,e15d9e6862a9b8538b816e8b0a3ac318934285118ce6e56af332121d9e70db42,,,,,,,,,
cpu,float32,24,576,run-1,20260731,40,0.0199999939650297,0.0005,0.0223668105900287,0.0109045524150133,0.9935933351516724,0.0450594015419483,0.0064071384258568,-3.406219184398651e-05,5.179271101951599e-05,2.2054221915368546e-07,1.0000108480453491,0.9999339580535888,1.0000969171524048,9.691715240478516e-05,0.9888172745704652,False,0.0177235830342397,,,,436961280,canonical,cpu_n24_run-1,1c90f011b39e6c94e1099e40f4b95317de97ecfd6b269ce2b865f3b4ce3da15d,a5686e6a5f9dd77b9941e3cbf9e9f88dcd825628f3e2194eacdf1e0b2ae5fe72,1f694bdb2c60d5f65e292b90796fc7cc6038f9fd6e3e09f8013c7ca22727435d,95b96f805e6a8240e512b3dc6934ef5484fd2a50db679371c461b55f3ec91013,e15d9e6862a9b8538b816e8b0a3ac318934285118ce6e56af332121d9e70db42,,,,,,,,,
cpu,float32,24,576,run-1,20260731,60,0.0299999769777059,0.0005,0.0336027629673481,0.0161769520491361,0.990372121334076,0.0683039426803588,0.0096283508464694,-3.3719465136528015e-05,5.188584327697754e-05,3.5071809634246165e-07,1.0000231266021729,0.9999364614486694,1.000116944313049,0.0001169443130493,0.9887681603431702,False,0.0181096249725669,,,,437026816,canonical,cpu_n24_run-1,1c90f011b39e6c94e1099e40f4b95317de97ecfd6b269ce2b865f3b4ce3da15d,a5686e6a5f9dd77b9941e3cbf9e9f88dcd825628f3e2194eacdf1e0b2ae5fe72,1f694bdb2c60d5f65e292b90796fc7cc6038f9fd6e3e09f8013c7ca22727435d,95b96f805e6a8240e512b3dc6934ef5484fd2a50db679371c461b55f3ec91013,e15d9e6862a9b8538b816e8b0a3ac318934285118ce6e56af332121d9e70db42,,,,,,,,,
cpu,float32,24,576,run-1,20260731,80,0.0399999916553497,0.0005,0.0450304374098777,0.0214065536856651,0.9871432185173036,0.092041365802288,0.0128572518005967,-3.3522024750709534e-05,5.198223516345024e-05,4.292253663606971e-07,1.000038981437683,0.9999650716781616,1.0001192092895508,0.0001192092895507,0.9877671003341676,False,0.0181947910459712,,,,437190656,canonical,cpu_n24_run-1,1c90f011b39e6c94e1099e40f4b95317de97ecfd6b269ce2b865f3b4ce3da15d,a5686e6a5f9dd77b9941e3cbf9e9f88dcd825628f3e2194eacdf1e0b2ae5fe72,1f694bdb2c60d5f65e292b90796fc7cc6038f9fd6e3e09f8013c7ca22727435d,95b96f805e6a8240e512b3dc6934ef5484fd2a50db679371c461b55f3ec91013,e15d9e6862a9b8538b816e8b0a3ac318934285118ce6e56af332121d9e70db42,,,,,,,,,
cpu,float32,24,576,run-1,20260731,100,0.0500000119209289,0.0005,0.0565430521965026,0.0265423413366079,0.9838861227035522,0.1162586435675621,0.0161143466830253,-3.3416785299777985e-05,5.204416811466217e-05,4.7239467448889627e-07,1.0000582933425903,0.9999997615814208,1.0001224279403689,0.0001224279403686,0.9857521057128906,False,0.0181626250268891,,,,437321728,canonical,cpu_n24_run-1,1c90f011b39e6c94e1099e40f4b95317de97ecfd6b269ce2b865f3b4ce3da15d,a5686e6a5f9dd77b9941e3cbf9e9f88dcd825628f3e2194eacdf1e0b2ae5fe72,1f694bdb2c60d5f65e292b90796fc7cc6038f9fd6e3e09f8013c7ca22727435d,95b96f805e6a8240e512b3dc6934ef5484fd2a50db679371c461b55f3ec91013,e15d9e6862a9b8538b816e8b0a3ac318934285118ce6e56af332121d9e70db42,,,,,,,,,
cpu,float32,24,576,run-1,20260731,120,0.0600000321865081,0.0005,0.068153515458107,0.0315913558006286,0.980590522289276,0.1409526616334915,0.0194099452346563,-3.344891592860222e-05,5.207350477576256e-05,4.638675932255865e-07,1.000081181526184,1.0000287294387815,1.000139236450195,0.0001392364501953,0.9828943014144896,False,0.0178342500003054,,,,437321728,canonical,cpu_n24_run-1,1c90f011b39e6c94e1099e40f4b95317de97ecfd6b269ce2b865f3b4ce3da15d,a5686e6a5f9dd77b9941e3cbf9e9f88dcd825628f3e2194eacdf1e0b2ae5fe72,1f694bdb2c60d5f65e292b90796fc7cc6038f9fd6e3e09f8013c7ca22727435d,95b96f805e6a8240e512b3dc6934ef5484fd2a50db679371c461b55f3ec91013,e15d9e6862a9b8538b816e8b0a3ac318934285118ce6e56af332121d9e70db42,,,,,,,,,
cpu,float32,24,576,run-1,20260731,140,0.0700000524520874,0.0005,0.0798665955662727,0.0365566052496433,0.9772486686706544,0.1661216616630554,0.022751796990633,-3.343261778354645e-05,5.207071080803871e-05,4.693543758094165e-07,1.0001094341278076,1.0000532865524292,1.0001705884933472,0.0001705884933471,0.979118585586548,False,0.0183545839972794,,,,437796864,canonical,cpu_n24_run-1,1c90f011b39e6c94e1099e40f4b95317de97ecfd6b269ce2b865f3b4ce3da15d,a5686e6a5f9dd77b9941e3cbf9e9f88dcd825628f3e2194eacdf1e0b2ae5fe72,1f694bdb2c60d5f65e292b90796fc7cc6038f9fd6e3e09f8013c7ca22727435d,95b96f805e6a8240e512b3dc6934ef5484fd2a50db679371c461b55f3ec91013,e15d9e6862a9b8538b816e8b0a3ac318934285118ce6e56af332121d9e70db42,,,,,,,,,
cpu,float32,24,576,run-1,20260731,160,0.0800000727176666,0.0005,0.0916609540581703,0.041429154574871,0.9738425612449646,0.1917504370212555,0.0261579025536775,-3.344099968671799e-05,5.207350477576256e-05,4.666704853661941e-07,1.0001449584960938,1.0000826120376587,1.0002119541168213,0.0002119541168212,0.9743431210517884,False,0.0178223749971948,,,,437846016,canonical,cpu_n24_run-1,1c90f011b39e6c94e1099e40f4b95317de97ecfd6b269ce2b865f3b4ce3da15d,a5686e6a5f9dd77b9941e3cbf9e9f88dcd825628f3e2194eacdf1e0b2ae5fe72,1f694bdb2c60d5f65e292b90796fc7cc6038f9fd6e3e09f8013c7ca22727435d,95b96f805e6a8240e512b3dc6934ef5484fd2a50db679371c461b55f3ec91013,e15d9e6862a9b8538b816e8b0a3ac318934285118ce6e56af332121d9e70db42,,,,,,,,,
cpu,float32,24,576,run-1,20260731,180,0.0900000929832458,0.0005,0.1035127192735672,0.0461994893848896,0.9703363180160522,0.2177984565496444,0.0296641439199447,-3.344006836414337e-05,5.2066054195165634e-05,4.66239470142682e-07,1.000190258026123,1.0001245737075806,1.0002599954605105,0.0002599954605102,0.9734216928482056,False,0.0175844159675762,,,,437895168,canonical,cpu_n24_run-1,1c90f011b39e6c94e1099e40f4b95317de97ecfd6b269ce2b865f3b4ce3da15d,a5686e6a5f9dd77b9941e3cbf9e9f88dcd825628f3e2194eacdf1e0b2ae5fe72,1f694bdb2c60d5f65e292b90796fc7cc6038f9fd6e3e09f8013c7ca22727435d,95b96f805e6a8240e512b3dc6934ef5484fd2a50db679371c461b55f3ec91013,e15d9e6862a9b8538b816e8b0a3ac318934285118ce6e56af332121d9e70db42,,,,,,,,,
cpu,float32,24,576,run-1,20260731,200,0.100000113248825,0.0005,0.1153883337974548,0.0508543103933334,0.9666688442230223,0.2441877275705337,0.0333316177129745,-3.344099968671799e-05,5.203858017921448e-05,4.632315722119529e-07,1.0002477169036863,1.000182867050171,1.00031578540802,0.00031578540802,0.9744909405708312,False,0.017903915955685,,,,437977088,canonical,cpu_n24_run-1,1c90f011b39e6c94e1099e40f4b95317de97ecfd6b269ce2b865f3b4ce3da15d,a5686e6a5f9dd77b9941e3cbf9e9f88dcd825628f3e2194eacdf1e0b2ae5fe72,1f694bdb2c60d5f65e292b90796fc7cc6038f9fd6e3e09f8013c7ca22727435d,95b96f805e6a8240e512b3dc6934ef5484fd2a50db679371c461b55f3ec91013,e15d9e6862a9b8538b816e8b0a3ac318934285118ce6e56af332121d9e70db42,,,,,,,,,
cpu,float32,24,576,run-1,20260731,220,0.1100001335144043,0.0005,0.1272357553243637,0.0553730577230453,0.9627516269683838,0.2707949578762054,0.0372488312423229,-3.343820571899414e-05,5.203858017921448e-05,4.642284920919338e-07,1.000319004058838,1.0002564191818235,1.000383377075195,0.0003833770751953,0.9742870330810548,False,0.0179765000357292,,,,437977088,canonical,cpu_n24_run-1,1c90f011b39e6c94e1099e40f4b95317de97ecfd6b269ce2b865f3b4ce3da15d,a5686e6a5f9dd77b9941e3cbf9e9f88dcd825628f3e2194eacdf1e0b2ae5fe72,1f694bdb2c60d5f65e292b90796fc7cc6038f9fd6e3e09f8013c7ca22727435d,95b96f805e6a8240e512b3dc6934ef5484fd2a50db679371c461b55f3ec91013,e15d9e6862a9b8538b816e8b0a3ac318934285118ce6e56af332121d9e70db42,,,,,,,,,
cpu,float32,24,576,run-1,20260731,240,0.1200001537799835,0.0005,0.1389854401350021,0.0597287565469741,0.9584734439849854,0.297453224658966,0.0415270142257213,-3.344286233186722e-05,5.201064050197601e-05,4.600532292897697e-07,1.0004045963287354,1.0003434419631958,1.0004676580429075,0.0004676580429077,0.97271728515625,False,0.0177952910307794,,,,438042624,canonical,cpu_n24_run-1,1c90f011b39e6c94e1099e40f4b95317de97ecfd6b269ce2b865f3b4ce3da15d,a5686e6a5f9dd77b9941e3cbf9e9f88dcd825628f3e2194eacdf1e0b2ae5fe72,1f694bdb2c60d5f65e292b90796fc7cc6038f9fd6e3e09f8013c7ca22727435d,95b96f805e6a8240e512b3dc6934ef5484fd2a50db679371c461b55f3ec91013,e15d9e6862a9b8538b816e8b0a3ac318934285118ce6e56af332121d9e70db42,,,,,,,,,
cpu,float32,24,576,run-1,20260731,260,0.1300000995397567,0.0005,0.1505551636219024,0.0638905018568039,0.953709363937378,0.3239599168300628,0.0462910905480384,-3.3437274396419525e-05,5.202414467930794e-05,4.6324072400238947e-07,1.0005052089691162,1.000443458557129,1.0005697011947632,0.0005697011947631,0.969987690448761,False,0.0182570840115658,,,,438059008,canonical,cpu_n24_run-1,1c90f011b39e6c94e1099e40f4b95317de97ecfd6b269ce2b865f3b4ce3da15d,a5686e6a5f9dd77b9941e3cbf9e9f88dcd825628f3e2194eacdf1e0b2ae5fe72,1f694bdb2c60d5f65e292b90796fc7cc6038f9fd6e3e09f8013c7ca22727435d,95b96f805e6a8240e512b3dc6934ef5484fd2a50db679371c461b55f3ec91013,e15d9e6862a9b8538b816e8b0a3ac318934285118ce6e56af332121d9e70db42,,,,,,,,,
cpu,float32,24,576,run-1,20260731,280,0.139999970793724,0.0005,0.161856397986412,0.0678263902664184,0.9483243227005004,0.3500781655311584,0.0516761280596256,-3.344286233186722e-05,5.204929038882256e-05,4.635877814962442e-07,1.000619888305664,1.000556707382202,1.000687599182129,0.0006875991821289,0.9660452604293824,False,0.0179184580338187,,,,438075392,canonical,cpu_n24_run-1,1c90f011b39e6c94e1099e40f4b95317de97ecfd6b269ce2b865f3b4ce3da15d,a5686e6a5f9dd77b9941e3cbf9e9f88dcd825628f3e2194eacdf1e0b2ae5fe72,1f694bdb2c60d5f65e292b90796fc7cc6038f9fd6e3e09f8013c7ca22727435d,95b96f805e6a8240e512b3dc6934ef5484fd2a50db679371c461b55f3ec91013,e15d9e6862a9b8538b816e8b0a3ac318934285118ce6e56af332121d9e70db42,,,,,,,,,
cpu,float32,24,576,run-1,20260731,300,0.1499998420476913,0.0005,0.1727999448776245,0.0715061053633689,0.9421756863594056,0.3755393624305725,0.0578247644007205,-3.345310688018799e-05,5.20520843565464e-05,4.602157446242927e-07,1.0007481575012207,1.000684380531311,1.0008193254470823,0.0008193254470825,0.9611680507659912,False,0.0179073750041425,,,,438239232,canonical,cpu_n24_run-1,1c90f011b39e6c94e1099e40f4b95317de97ecfd6b269ce2b865f3b4ce3da15d,a5686e6a5f9dd77b9941e3cbf9e9f88dcd825628f3e2194eacdf1e0b2ae5fe72,1f694bdb2c60d5f65e292b90796fc7cc6038f9fd6e3e09f8013c7ca22727435d,95b96f805e6a8240e512b3dc6934ef5484fd2a50db679371c461b55f3ec91013,e15d9e6862a9b8538b816e8b0a3ac318934285118ce6e56af332121d9e70db42,,,,,,,,,
cpu,float32,24,576,run-1,20260731,320,0.1599997133016586,0.0005,0.1832972019910812,0.0749010667204856,0.9351056814193726,0.4000270962715149,0.0648947656154632,-3.343634307384491e-05,5.205720663070679e-05,4.666796655783401e-07,1.0008898973464966,1.0008257627487185,1.0009673833847046,0.0009673833847045,0.9549164175987244,False,0.0182060840306803,,,,438239232,canonical,cpu_n24_run-1,1c90f011b39e6c94e1099e40f4b95317de97ecfd6b269ce2b865f3b4ce3da15d,a5686e6a5f9dd77b9941e3cbf9e9f88dcd825628f3e2194eacdf1e0b2ae5fe72,1f694bdb2c60d5f65e292b90796fc7cc6038f9fd6e3e09f8013c7ca22727435d,95b96f805e6a8240e512b3dc6934ef5484fd2a50db679371c461b55f3ec91013,e15d9e6862a9b8538b816e8b0a3ac318934285118ce6e56af332121d9e70db42,,,,,,,,,
cpu,float32,24,576,run-1,20260731,340,0.1699995845556259,0.0005,0.1932618468999862,0.0779853239655494,0.9269263744354248,0.4231531322002411,0.0730740651488304,-3.343448042869568e-05,5.2037183195352554e-05,4.6542797349502507e-07,1.0010451078414917,1.0009809732437134,1.0011320114135742,0.0011320114135742,0.9471750259399414,False,0.0185546670109033,,,,438255616,canonical,cpu_n24_run-1,1c90f011b39e6c94e1099e40f4b95317de97ecfd6b269ce2b865f3b4ce3da15d,a5686e6a5f9dd77b9941e3cbf9e9f88dcd825628f3e2194eacdf1e0b2ae5fe72,1f694bdb2c60d5f65e292b90796fc7cc6038f9fd6e3e09f8013c7ca22727435d,95b96f805e6a8240e512b3dc6934ef5484fd2a50db679371c461b55f3ec91013,e15d9e6862a9b8538b816e8b0a3ac318934285118ce6e56af332121d9e70db42,,,,,,,,,
cpu,float32,24,576,run-1,20260731,360,0.1799994558095932,0.0005,0.202621504664421,0.0807399675250053,0.917399287223816,0.444415807723999,0.0826011523604393,-3.343261778354645e-05,5.204137414693832e-05,4.664839821089118e-07,1.001214623451233,1.0011507272720337,1.0013175010681152,0.0013175010681152,0.946097493171692,False,0.0186429999885149,,,,438747136,canonical,cpu_n24_run-1,1c90f011b39e6c94e1099e40f4b95317de97ecfd6b269ce2b865f3b4ce3da15d,a5686e6a5f9dd77b9941e3cbf9e9f88dcd825628f3e2194eacdf1e0b2ae5fe72,1f694bdb2c60d5f65e292b90796fc7cc6038f9fd6e3e09f8013c7ca22727435d,95b96f805e6a8240e512b3dc6934ef5484fd2a50db679371c461b55f3ec91013,e15d9e6862a9b8538b816e8b0a3ac318934285118ce6e56af332121d9e70db42,,,,,,,,,
cpu,float32,24,576,run-1,20260731,380,0.1899993270635604,0.0005,0.2113650739192962,0.0831712931394577,0.906218945980072,0.4631630480289459,0.0937814861536026,-3.343261778354645e-05,5.20399771630764e-05,4.663531285586942e-07,1.0014004707336426,1.001335382461548,1.0015279054641724,0.0015279054641723,0.9439860582351683,False,0.0182539579691365,,,,438763520,canonical,cpu_n24_run-1,1c90f011b39e6c94e1099e40f4b95317de97ecfd6b269ce2b865f3b4ce3da15d,a5686e6a5f9dd77b9941e3cbf9e9f88dcd825628f3e2194eacdf1e0b2ae5fe72,1f694bdb2c60d5f65e292b90796fc7cc6038f9fd6e3e09f8013c7ca22727435d,95b96f805e6a8240e512b3dc6934ef5484fd2a50db679371c461b55f3ec91013,e15d9e6862a9b8538b816e8b0a3ac318934285118ce6e56af332121d9e70db42,,,,,,,,,
cpu,float32,24,576,run-1,20260731,400,0.1999991983175277,0.0005,0.219682365655899,0.0853634998202323,0.8930310010910034,0.4786061346530914,0.1069694235920906,-3.343448042869568e-05,5.20460307598114e-05,4.662601895688568e-07,1.0016032457351685,1.0015031099319458,1.0017683506011963,0.0017683506011962,0.9414324164390564,False,0.019358916033525,,,,438812672,canonical,cpu_n24_run-1,1c90f011b39e6c94e1099e40f4b95317de97ecfd6b269ce2b865f3b4ce3da15d,a5686e6a5f9dd77b9941e3cbf9e9f88dcd825628f3e2194eacdf1e0b2ae5fe72,1f694bdb2c60d5f65e292b90796fc7cc6038f9fd6e3e09f8013c7ca22727435d,95b96f805e6a8240e512b3dc6934ef5484fd2a50db679371c461b55f3ec91013,e15d9e6862a9b8538b816e8b0a3ac318934285118ce6e56af332121d9e70db42,,,,,,,,,
cpu,float32,24,576,run-2,20260731,0,0.0,0.0005,0.0,0.0,1.0000004768371582,0.0,0.0,-3.46555607393384e-05,5.171960219740867e-05,0.0,1.0,1.0,1.0,0.0,0.985318958759308,False,0.0,,,,436633600,canonical,cpu_n24_run-2,1c90f011b39e6c94e1099e40f4b95317de97ecfd6b269ce2b865f3b4ce3da15d,1345fec4ea3a8550ff59f22e168e8c8271043de7e4a571229a06e4010abf85a9,33e8a433080f004fbafed488c1f5ee1095c25ebc15a2ab52dc20290c17871e98,ec5b1c6a03dc742e5bb0a6c1e5b6835a9a1699f08309cd0abfdb886e1b177333,e15d9e6862a9b8538b816e8b0a3ac318934285118ce6e56af332121d9e70db42,,,,,,,,,
cpu,float32,24,576,run-2,20260731,20,0.0100000007078051,0.0005,0.0113583896309137,0.0056079416535794,0.9968106746673584,0.0223024021834135,0.0031898005399852,-3.4358352422714233e-05,5.174009129405022e-05,1.0989699461561032e-07,1.0000028610229492,0.9999638199806212,1.0000569820404053,5.698204040527344e-05,0.9878671169281006,False,0.017482082999777,,,,437059584,canonical,cpu_n24_run-2,1c90f011b39e6c94e1099e40f4b95317de97ecfd6b269ce2b865f3b4ce3da15d,1345fec4ea3a8550ff59f22e168e8c8271043de7e4a571229a06e4010abf85a9,33e8a433080f004fbafed488c1f5ee1095c25ebc15a2ab52dc20290c17871e98,ec5b1c6a03dc742e5bb0a6c1e5b6835a9a1699f08309cd0abfdb886e1b177333,e15d9e6862a9b8538b816e8b0a3ac318934285118ce6e56af332121d9e70db42,,,,,,,,,
cpu,float32,24,576,run-2,20260731,40,0.0199999939650297,0.0005,0.0223668105900287,0.0109045524150133,0.9935933351516724,0.0450594015419483,0.0064071384258568,-3.406219184398651e-05,5.179271101951599e-05,2.2054221915368546e-07,1.0000108480453491,0.9999339580535888,1.0000969171524048,9.691715240478516e-05,0.9888172745704652,False,0.0171590000391006,,,,437141504,canonical,cpu_n24_run-2,1c90f011b39e6c94e1099e40f4b95317de97ecfd6b269ce2b865f3b4ce3da15d,1345fec4ea3a8550ff59f22e168e8c8271043de7e4a571229a06e4010abf85a9,33e8a433080f004fbafed488c1f5ee1095c25ebc15a2ab52dc20290c17871e98,ec5b1c6a03dc742e5bb0a6c1e5b6835a9a1699f08309cd0abfdb886e1b177333,e15d9e6862a9b8538b816e8b0a3ac318934285118ce6e56af332121d9e70db42,,,,,,,,,
cpu,float32,24,576,run-2,20260731,60,0.0299999769777059,0.0005,0.0336027629673481,0.0161769520491361,0.990372121334076,0.0683039426803588,0.0096283508464694,-3.3719465136528015e-05,5.188584327697754e-05,3.5071809634246165e-07,1.0000231266021729,0.9999364614486694,1.000116944313049,0.0001169443130493,0.9887681603431702,False,0.017706333019305,,,,437207040,canonical,cpu_n24_run-2,1c90f011b39e6c94e1099e40f4b95317de97ecfd6b269ce2b865f3b4ce3da15d,1345fec4ea3a8550ff59f22e168e8c8271043de7e4a571229a06e4010abf85a9,33e8a433080f004fbafed488c1f5ee1095c25ebc15a2ab52dc20290c17871e98,ec5b1c6a03dc742e5bb0a6c1e5b6835a9a1699f08309cd0abfdb886e1b177333,e15d9e6862a9b8538b816e8b0a3ac318934285118ce6e56af332121d9e70db42,,,,,,,,,
cpu,float32,24,576,run-2,20260731,80,0.0399999916553497,0.0005,0.0450304374098777,0.0214065536856651,0.9871432185173036,0.092041365802288,0.0128572518005967,-3.3522024750709534e-05,5.198223516345024e-05,4.292253663606971e-07,1.000038981437683,0.9999650716781616,1.0001192092895508,0.0001192092895507,0.9877671003341676,False,0.0178977909963578,,,,437256192,canonical,cpu_n24_run-2,1c90f011b39e6c94e1099e40f4b95317de97ecfd6b269ce2b865f3b4ce3da15d,1345fec4ea3a8550ff59f22e168e8c8271043de7e4a571229a06e4010abf85a9,33e8a433080f004fbafed488c1f5ee1095c25ebc15a2ab52dc20290c17871e98,ec5b1c6a03dc742e5bb0a6c1e5b6835a9a1699f08309cd0abfdb886e1b177333,e15d9e6862a9b8538b816e8b0a3ac318934285118ce6e56af332121d9e70db42,,,,,,,,,
cpu,float32,24,576,run-2,20260731,100,0.0500000119209289,0.0005,0.0565430521965026,0.0265423413366079,0.9838861227035522,0.1162586435675621,0.0161143466830253,-3.3416785299777985e-05,5.204416811466217e-05,4.7239467448889627e-07,1.0000582933425903,0.9999997615814208,1.0001224279403689,0.0001224279403686,0.9857521057128906,False,0.0178757079993374,,,,437288960,canonical,cpu_n24_run-2,1c90f011b39e6c94e1099e40f4b95317de97ecfd6b269ce2b865f3b4ce3da15d,1345fec4ea3a8550ff59f22e168e8c8271043de7e4a571229a06e4010abf85a9,33e8a433080f004fbafed488c1f5ee1095c25ebc15a2ab52dc20290c17871e98,ec5b1c6a03dc742e5bb0a6c1e5b6835a9a1699f08309cd0abfdb886e1b177333,e15d9e6862a9b8538b816e8b0a3ac318934285118ce6e56af332121d9e70db42,,,,,,,,,
cpu,float32,24,576,run-2,20260731,120,0.0600000321865081,0.0005,0.068153515458107,0.0315913558006286,0.980590522289276,0.1409526616334915,0.0194099452346563,-3.344891592860222e-05,5.207350477576256e-05,4.638675932255865e-07,1.000081181526184,1.0000287294387815,1.000139236450195,0.0001392364501953,0.9828943014144896,False,0.0179349170066416,,,,437288960,canonical,cpu_n24_run-2,1c90f011b39e6c94e1099e40f4b95317de97ecfd6b269ce2b865f3b4ce3da15d,1345fec4ea3a8550ff59f22e168e8c8271043de7e4a571229a06e4010abf85a9,33e8a433080f004fbafed488c1f5ee1095c25ebc15a2ab52dc20290c17871e98,ec5b1c6a03dc742e5bb0a6c1e5b6835a9a1699f08309cd0abfdb886e1b177333,e15d9e6862a9b8538b816e8b0a3ac318934285118ce6e56af332121d9e70db42,,,,,,,,,
cpu,float32,24,576,run-2,20260731,140,0.0700000524520874,0.0005,0.0798665955662727,0.0365566052496433,0.9772486686706544,0.1661216616630554,0.022751796990633,-3.343261778354645e-05,5.207071080803871e-05,4.693543758094165e-07,1.0001094341278076,1.0000532865524292,1.0001705884933472,0.0001705884933471,0.979118585586548,False,0.0179989170283079,,,,437829632,canonical,cpu_n24_run-2,1c90f011b39e6c94e1099e40f4b95317de97ecfd6b269ce2b865f3b4ce3da15d,1345fec4ea3a8550ff59f22e168e8c8271043de7e4a571229a06e4010abf85a9,33e8a433080f004fbafed488c1f5ee1095c25ebc15a2ab52dc20290c17871e98,ec5b1c6a03dc742e5bb0a6c1e5b6835a9a1699f08309cd0abfdb886e1b177333,e15d9e6862a9b8538b816e8b0a3ac318934285118ce6e56af332121d9e70db42,,,,,,,,,
cpu,float32,24,576,run-2,20260731,160,0.0800000727176666,0.0005,0.0916609540581703,0.041429154574871,0.9738425612449646,0.1917504370212555,0.0261579025536775,-3.344099968671799e-05,5.207350477576256e-05,4.666704853661941e-07,1.0001449584960938,1.0000826120376587,1.0002119541168213,0.0002119541168212,0.9743431210517884,False,0.0189860420068725,,,,438304768,canonical,cpu_n24_run-2,1c90f011b39e6c94e1099e40f4b95317de97ecfd6b269ce2b865f3b4ce3da15d,1345fec4ea3a8550ff59f22e168e8c8271043de7e4a571229a06e4010abf85a9,33e8a433080f004fbafed488c1f5ee1095c25ebc15a2ab52dc20290c17871e98,ec5b1c6a03dc742e5bb0a6c1e5b6835a9a1699f08309cd0abfdb886e1b177333,e15d9e6862a9b8538b816e8b0a3ac318934285118ce6e56af332121d9e70db42,,,,,,,,,
cpu,float32,24,576,run-2,20260731,180,0.0900000929832458,0.0005,0.1035127192735672,0.0461994893848896,0.9703363180160522,0.2177984565496444,0.0296641439199447,-3.344006836414337e-05,5.2066054195165634e-05,4.66239470142682e-07,1.000190258026123,1.0001245737075806,1.0002599954605105,0.0002599954605102,0.9734216928482056,False,0.0180170840467326,,,,438337536,canonical,cpu_n24_run-2,1c90f011b39e6c94e1099e40f4b95317de97ecfd6b269ce2b865f3b4ce3da15d,1345fec4ea3a8550ff59f22e168e8c8271043de7e4a571229a06e4010abf85a9,33e8a433080f004fbafed488c1f5ee1095c25ebc15a2ab52dc20290c17871e98,ec5b1c6a03dc742e5bb0a6c1e5b6835a9a1699f08309cd0abfdb886e1b177333,e15d9e6862a9b8538b816e8b0a3ac318934285118ce6e56af332121d9e70db42,,,,,,,,,
cpu,float32,24,576,run-2,20260731,200,0.100000113248825,0.0005,0.1153883337974548,0.0508543103933334,0.9666688442230223,0.2441877275705337,0.0333316177129745,-3.344099968671799e-05,5.203858017921448e-05,4.632315722119529e-07,1.0002477169036863,1.000182867050171,1.00031578540802,0.00031578540802,0.9744909405708312,False,0.0195336659671738,,,,439058432,canonical,cpu_n24_run-2,1c90f011b39e6c94e1099e40f4b95317de97ecfd6b269ce2b865f3b4ce3da15d,1345fec4ea3a8550ff59f22e168e8c8271043de7e4a571229a06e4010abf85a9,33e8a433080f004fbafed488c1f5ee1095c25ebc15a2ab52dc20290c17871e98,ec5b1c6a03dc742e5bb0a6c1e5b6835a9a1699f08309cd0abfdb886e1b177333,e15d9e6862a9b8538b816e8b0a3ac318934285118ce6e56af332121d9e70db42,,,,,,,,,
cpu,float32,24,576,run-2,20260731,220,0.1100001335144043,0.0005,0.1272357553243637,0.0553730577230453,0.9627516269683838,0.2707949578762054,0.0372488312423229,-3.343820571899414e-05,5.203858017921448e-05,4.642284920919338e-07,1.000319004058838,1.0002564191818235,1.000383377075195,0.0003833770751953,0.9742870330810548,False,0.0181336250388994,,,,439123968,canonical,cpu_n24_run-2,1c90f011b39e6c94e1099e40f4b95317de97ecfd6b269ce2b865f3b4ce3da15d,1345fec4ea3a8550ff59f22e168e8c8271043de7e4a571229a06e4010abf85a9,33e8a433080f004fbafed488c1f5ee1095c25ebc15a2ab52dc20290c17871e98,ec5b1c6a03dc742e5bb0a6c1e5b6835a9a1699f08309cd0abfdb886e1b177333,e15d9e6862a9b8538b816e8b0a3ac318934285118ce6e56af332121d9e70db42,,,,,,,,,
cpu,float32,24,576,run-2,20260731,240,0.1200001537799835,0.0005,0.1389854401350021,0.0597287565469741,0.9584734439849854,0.297453224658966,0.0415270142257213,-3.344286233186722e-05,5.201064050197601e-05,4.600532292897697e-07,1.0004045963287354,1.0003434419631958,1.0004676580429075,0.0004676580429077,0.97271728515625,False,0.0211816660012118,,,,440238080,canonical,cpu_n24_run-2,1c90f011b39e6c94e1099e40f4b95317de97ecfd6b269ce2b865f3b4ce3da15d,1345fec4ea3a8550ff59f22e168e8c8271043de7e4a571229a06e4010abf85a9,33e8a433080f004fbafed488c1f5ee1095c25ebc15a2ab52dc20290c17871e98,ec5b1c6a03dc742e5bb0a6c1e5b6835a9a1699f08309cd0abfdb886e1b177333,e15d9e6862a9b8538b816e8b0a3ac318934285118ce6e56af332121d9e70db42,,,,,,,,,
cpu,float32,24,576,run-2,20260731,260,0.1300000995397567,0.0005,0.1505551636219024,0.0638905018568039,0.953709363937378,0.3239599168300628,0.0462910905480384,-3.3437274396419525e-05,5.202414467930794e-05,4.6324072400238947e-07,1.0005052089691162,1.000443458557129,1.0005697011947632,0.0005697011947631,0.969987690448761,False,0.0180148750077933,,,,440303616,canonical,cpu_n24_run-2,1c90f011b39e6c94e1099e40f4b95317de97ecfd6b269ce2b865f3b4ce3da15d,1345fec4ea3a8550ff59f22e168e8c8271043de7e4a571229a06e4010abf85a9,33e8a433080f004fbafed488c1f5ee1095c25ebc15a2ab52dc20290c17871e98,ec5b1c6a03dc742e5bb0a6c1e5b6835a9a1699f08309cd0abfdb886e1b177333,e15d9e6862a9b8538b816e8b0a3ac318934285118ce6e56af332121d9e70db42,,,,,,,,,
cpu,float32,24,576,run-2,20260731,280,0.139999970793724,0.0005,0.161856397986412,0.0678263902664184,0.9483243227005004,0.3500781655311584,0.0516761280596256,-3.344286233186722e-05,5.204929038882256e-05,4.635877814962442e-07,1.000619888305664,1.000556707382202,1.000687599182129,0.0006875991821289,0.9660452604293824,False,0.0176724580232985,,,,440303616,canonical,cpu_n24_run-2,1c90f011b39e6c94e1099e40f4b95317de97ecfd6b269ce2b865f3b4ce3da15d,1345fec4ea3a8550ff59f22e168e8c8271043de7e4a571229a06e4010abf85a9,33e8a433080f004fbafed488c1f5ee1095c25ebc15a2ab52dc20290c17871e98,ec5b1c6a03dc742e5bb0a6c1e5b6835a9a1699f08309cd0abfdb886e1b177333,e15d9e6862a9b8538b816e8b0a3ac318934285118ce6e56af332121d9e70db42,,,,,,,,,
cpu,float32,24,576,run-2,20260731,300,0.1499998420476913,0.0005,0.1727999448776245,0.0715061053633689,0.9421756863594056,0.3755393624305725,0.0578247644007205,-3.345310688018799e-05,5.20520843565464e-05,4.602157446242927e-07,1.0007481575012207,1.000684380531311,1.0008193254470823,0.0008193254470825,0.9611680507659912,False,0.018074624997098,,,,440336384,canonical,cpu_n24_run-2,1c90f011b39e6c94e1099e40f4b95317de97ecfd6b269ce2b865f3b4ce3da15d,1345fec4ea3a8550ff59f22e168e8c8271043de7e4a571229a06e4010abf85a9,33e8a433080f004fbafed488c1f5ee1095c25ebc15a2ab52dc20290c17871e98,ec5b1c6a03dc742e5bb0a6c1e5b6835a9a1699f08309cd0abfdb886e1b177333,e15d9e6862a9b8538b816e8b0a3ac318934285118ce6e56af332121d9e70db42,,,,,,,,,
cpu,float32,24,576,run-2,20260731,320,0.1599997133016586,0.0005,0.1832972019910812,0.0749010667204856,0.9351056814193726,0.4000270962715149,0.0648947656154632,-3.343634307384491e-05,5.205720663070679e-05,4.666796655783401e-07,1.0008898973464966,1.0008257627487185,1.0009673833847046,0.0009673833847045,0.9549164175987244,False,0.0174766250420361,,,,440401920,canonical,cpu_n24_run-2,1c90f011b39e6c94e1099e40f4b95317de97ecfd6b269ce2b865f3b4ce3da15d,1345fec4ea3a8550ff59f22e168e8c8271043de7e4a571229a06e4010abf85a9,33e8a433080f004fbafed488c1f5ee1095c25ebc15a2ab52dc20290c17871e98,ec5b1c6a03dc742e5bb0a6c1e5b6835a9a1699f08309cd0abfdb886e1b177333,e15d9e6862a9b8538b816e8b0a3ac318934285118ce6e56af332121d9e70db42,,,,,,,,,
cpu,float32,24,576,run-2,20260731,340,0.1699995845556259,0.0005,0.1932618468999862,0.0779853239655494,0.9269263744354248,0.4231531322002411,0.0730740651488304,-3.343448042869568e-05,5.2037183195352554e-05,4.6542797349502507e-07,1.0010451078414917,1.0009809732437134,1.0011320114135742,0.0011320114135742,0.9471750259399414,False,0.0177040409762412,,,,440418304,canonical,cpu_n24_run-2,1c90f011b39e6c94e1099e40f4b95317de97ecfd6b269ce2b865f3b4ce3da15d,1345fec4ea3a8550ff59f22e168e8c8271043de7e4a571229a06e4010abf85a9,33e8a433080f004fbafed488c1f5ee1095c25ebc15a2ab52dc20290c17871e98,ec5b1c6a03dc742e5bb0a6c1e5b6835a9a1699f08309cd0abfdb886e1b177333,e15d9e6862a9b8538b816e8b0a3ac318934285118ce6e56af332121d9e70db42,,,,,,,,,
cpu,float32,24,576,run-2,20260731,360,0.1799994558095932,0.0005,0.202621504664421,0.0807399675250053,0.917399287223816,0.444415807723999,0.0826011523604393,-3.343261778354645e-05,5.204137414693832e-05,4.664839821089118e-07,1.001214623451233,1.0011507272720337,1.0013175010681152,0.0013175010681152,0.946097493171692,False,0.0187029580119997,,,,440467456,canonical,cpu_n24_run-2,1c90f011b39e6c94e1099e40f4b95317de97ecfd6b269ce2b865f3b4ce3da15d,1345fec4ea3a8550ff59f22e168e8c8271043de7e4a571229a06e4010abf85a9,33e8a433080f004fbafed488c1f5ee1095c25ebc15a2ab52dc20290c17871e98,ec5b1c6a03dc742e5bb0a6c1e5b6835a9a1699f08309cd0abfdb886e1b177333,e15d9e6862a9b8538b816e8b0a3ac318934285118ce6e56af332121d9e70db42,,,,,,,,,
cpu,float32,24,576,run-2,20260731,380,0.1899993270635604,0.0005,0.2113650739192962,0.0831712931394577,0.906218945980072,0.4631630480289459,0.0937814861536026,-3.343261778354645e-05,5.20399771630764e-05,4.663531285586942e-07,1.0014004707336426,1.001335382461548,1.0015279054641724,0.0015279054641723,0.9439860582351683,False,0.0181758329854346,,,,440516608,canonical,cpu_n24_run-2,1c90f011b39e6c94e1099e40f4b95317de97ecfd6b269ce2b865f3b4ce3da15d,1345fec4ea3a8550ff59f22e168e8c8271043de7e4a571229a06e4010abf85a9,33e8a433080f004fbafed488c1f5ee1095c25ebc15a2ab52dc20290c17871e98,ec5b1c6a03dc742e5bb0a6c1e5b6835a9a1699f08309cd0abfdb886e1b177333,e15d9e6862a9b8538b816e8b0a3ac318934285118ce6e56af332121d9e70db42,,,,,,,,,
cpu,float32,24,576,run-2,20260731,400,0.1999991983175277,0.0005,0.219682365655899,0.0853634998202323,0.8930310010910034,0.4786061346530914,0.1069694235920906,-3.343448042869568e-05,5.20460307598114e-05,4.662601895688568e-07,1.0016032457351685,1.0015031099319458,1.0017683506011963,0.0017683506011962,0.9414324164390564,False,0.0178081670310348,,,,440532992,canonical,cpu_n24_run-2,1c90f011b39e6c94e1099e40f4b95317de97ecfd6b269ce2b865f3b4ce3da15d,1345fec4ea3a8550ff59f22e168e8c8271043de7e4a571229a06e4010abf85a9,33e8a433080f004fbafed488c1f5ee1095c25ebc15a2ab52dc20290c17871e98,ec5b1c6a03dc742e5bb0a6c1e5b6835a9a1699f08309cd0abfdb886e1b177333,e15d9e6862a9b8538b816e8b0a3ac318934285118ce6e56af332121d9e70db42,,,,,,,,,
cpu,float32,32,1024,run-1,20260731,0,0.0,0.0005,0.0,0.0,1.0,0.0,0.0,-1.0893476428464057e-05,0.0001374160638079,0.0,1.0,1.0,1.0,0.0,0.9916832447052002,False,0.0,,,,459177984,canonical,cpu_n32_run-1,fb6f03a8158f0720a5cec8398d81d7cfd13c259e83cac05e34e79e4cd8edcb45,015cfbcf14ac9e0f4624380fe258ae5ab1046d14fa5ba601aad59bced8ebc380,3656aed525e2053552a20d3da5b690149a73c0c9fdc6213ad221c197169cfc87,5609dc54649b7a45b8e87c309062bb2ed913f9a2bc07a36135859abac15e93f9,964aa14ff8a79dd6e925b9768e30166d71a9ac398fea1be1d8d6ecb178cf29ca,,,,,,,,,
cpu,float32,32,1024,run-1,20260731,20,0.0100000007078051,0.0005,0.0069475076161324,0.0034491708502173,0.9981098771095276,0.0123878801241517,0.0018901228904724,-1.097682979889214e-05,0.000137657916639,9.438577563969377e-08,1.0000028610229492,0.999843418598175,1.0001739263534546,0.0001739263534545,0.9937240481376648,False,0.0263807500014081,,,,459816960,canonical,cpu_n32_run-1,fb6f03a8158f0720a5cec8398d81d7cfd13c259e83cac05e34e79e4cd8edcb45,015cfbcf14ac9e0f4624380fe258ae5ab1046d14fa5ba601aad59bced8ebc380,3656aed525e2053552a20d3da5b690149a73c0c9fdc6213ad221c197169cfc87,5609dc54649b7a45b8e87c309062bb2ed913f9a2bc07a36135859abac15e93f9,964aa14ff8a79dd6e925b9768e30166d71a9ac398fea1be1d8d6ecb178cf29ca,,,,,,,,,
cpu,float32,32,1024,run-1,20260731,40,0.0199999939650297,0.0005,0.0130026210099458,0.0064096278510987,0.9963165521621704,0.0250226836651563,0.0036834478378295,-1.110212178900838e-05,0.0001376985601382,1.295775717835568e-07,1.000010967254639,0.9998760223388672,1.000153422355652,0.0001534223556518,0.9939583539962769,False,0.026909833017271,,,,459882496,canonical,cpu_n32_run-1,fb6f03a8158f0720a5cec8398d81d7cfd13c259e83cac05e34e79e4cd8edcb45,015cfbcf14ac9e0f4624380fe258ae5ab1046d14fa5ba601aad59bced8ebc380,3656aed525e2053552a20d3da5b690149a73c0c9fdc6213ad221c197169cfc87,5609dc54649b7a45b8e87c309062bb2ed913f9a2bc07a36135859abac15e93f9,964aa14ff8a79dd6e925b9768e30166d71a9ac398fea1be1d8d6ecb178cf29ca,,,,,,,,,
cpu,float32,32,1024,run-1,20260731,60,0.0299999769777059,0.0005,0.0187426023185253,0.0091737871989607,0.9945086240768432,0.0377933979034423,0.0054913759231567,-1.1227093636989594e-05,0.000137743059895,1.7236025939837418e-07,1.0000231266021729,0.9999759793281556,1.0000746250152588,7.462501525878906e-05,0.9938417077064514,False,0.0268359160399995,,,,459997184,canonical,cpu_n32_run-1,fb6f03a8158f0720a5cec8398d81d7cfd13c259e83cac05e34e79e4cd8edcb45,015cfbcf14ac9e0f4624380fe258ae5ab1046d14fa5ba601aad59bced8ebc380,3656aed525e2053552a20d3da5b690149a73c0c9fdc6213ad221c197169cfc87,5609dc54649b7a45b8e87c309062bb2ed913f9a2bc07a36135859abac15e93f9,964aa14ff8a79dd6e925b9768e30166d71a9ac398fea1be1d8d6ecb178cf29ca,,,,,,,,,
cpu,float32,32,1024,run-1,20260731,80,0.0399999916553497,0.0005,0.0250586569309234,0.0121785094961524,0.9926028251647948,0.050613384693861,0.007397174835205,-1.1355383321642876e-05,0.0001377338776364,2.068707800617631e-07,1.000038981437683,0.9998940229415894,1.000186324119568,0.0001863241195678,0.9926177859306335,False,0.0266653750441037,,,,460029952,canonical,cpu_n32_run-1,fb6f03a8158f0720a5cec8398d81d7cfd13c259e83cac05e34e79e4cd8edcb45,015cfbcf14ac9e0f4624380fe258ae5ab1046d14fa5ba601aad59bced8ebc380,3656aed525e2053552a20d3da5b690149a73c0c9fdc6213ad221c197169cfc87,5609dc54649b7a45b8e87c309062bb2ed913f9a2bc07a36135859abac15e93f9,964aa14ff8a79dd6e925b9768e30166d71a9ac398fea1be1d8d6ecb178cf29ca,,,,,,,,,
cpu,float32,32,1024,run-1,20260731,100,0.0500000119209289,0.0005,0.0314097478985786,0.0151571938768029,0.9907597303390504,0.063652291893959,0.0092402696609497,-1.1413474567234516e-05,0.0001377331936964,2.2472536898021647e-07,1.000057816505432,0.9999416470527648,1.0001766681671145,0.0001766681671142,0.9906263947486876,False,0.0261944159865379,,,,460095488,canonical,cpu_n32_run-1,fb6f03a8158f0720a5cec8398d81d7cfd13c259e83cac05e34e79e4cd8edcb45,015cfbcf14ac9e0f4624380fe258ae5ab1046d14fa5ba601aad59bced8ebc380,3656aed525e2053552a20d3da5b690149a73c0c9fdc6213ad221c197169cfc87,5609dc54649b7a45b8e87c309062bb2ed913f9a2bc07a36135859abac15e93f9,964aa14ff8a79dd6e925b9768e30166d71a9ac398fea1be1d8d6ecb178cf29ca,,,,,,,,,
cpu,float32,32,1024,run-1,20260731,120,0.0600000321865081,0.0005,0.0377034023404121,0.0180656425654888,0.9888871908187866,0.0768147855997085,0.0111128091812133,-1.1497410014271736e-05,0.0001376930158585,2.451421323712566e-07,1.0000803470611572,1.000007152557373,1.0001565217971802,0.0001565217971801,0.9871017336845398,False,0.0258412500261329,,,,460226560,canonical,cpu_n32_run-1,fb6f03a8158f0720a5cec8398d81d7cfd13c259e83cac05e34e79e4cd8edcb45,015cfbcf14ac9e0f4624380fe258ae5ab1046d14fa5ba601aad59bced8ebc380,3656aed525e2053552a20d3da5b690149a73c0c9fdc6213ad221c197169cfc87,5609dc54649b7a45b8e87c309062bb2ed913f9a2bc07a36135859abac15e93f9,964aa14ff8a79dd6e925b9768e30166d71a9ac398fea1be1d8d6ecb178cf29ca,,,,,,,,,
cpu,float32,32,1024,run-1,20260731,140,0.0700000524520874,0.0005,0.0440622754395008,0.0209632627665996,0.9869441390037536,0.0900559872388839,0.0130558609962463,-1.1526281014084816e-05,0.0001376959407934,2.5529820391057e-07,1.0001081228256226,0.9999762773513794,1.0002431869506836,0.0002431869506835,0.9872031807899476,False,0.0323265420156531,,,,460390400,canonical,cpu_n32_run-1,fb6f03a8158f0720a5cec8398d81d7cfd13c259e83cac05e34e79e4cd8edcb45,015cfbcf14ac9e0f4624380fe258ae5ab1046d14fa5ba601aad59bced8ebc380,3656aed525e2053552a20d3da5b690149a73c0c9fdc6213ad221c197169cfc87,5609dc54649b7a45b8e87c309062bb2ed913f9a2bc07a36135859abac15e93f9,964aa14ff8a79dd6e925b9768e30166d71a9ac398fea1be1d8d6ecb178cf29ca,,,,,,,,,
cpu,float32,32,1024,run-1,20260731,160,0.0800000727176666,0.0005,0.0504416190087795,0.0238287057727575,0.985015630722046,0.103468932211399,0.0149843692779541,-1.1541880667209624e-05,0.0001376988366246,2.609976945677772e-07,1.0001435279846191,1.0000348091125488,1.000255823135376,0.0002558231353759,0.9880106449127196,False,0.0332912499434314,,,,460455936,canonical,cpu_n32_run-1,fb6f03a8158f0720a5cec8398d81d7cfd13c259e83cac05e34e79e4cd8edcb45,015cfbcf14ac9e0f4624380fe258ae5ab1046d14fa5ba601aad59bced8ebc380,3656aed525e2053552a20d3da5b690149a73c0c9fdc6213ad221c197169cfc87,5609dc54649b7a45b8e87c309062bb2ed913f9a2bc07a36135859abac15e93f9,964aa14ff8a79dd6e925b9768e30166d71a9ac398fea1be1d8d6ecb178cf29ca,,,,,,,,,
cpu,float32,32,1024,run-1,20260731,180,0.0900000929832458,0.0005,0.0568510591983795,0.0266667678952217,0.9830180406570436,0.1169608756899833,0.0169819593429565,-1.1547701433300972e-05,0.0001376929867547,2.6211884573967836e-07,1.0001890659332275,1.0001002550125122,1.0002821683883667,0.0002821683883666,0.9880401492118835,False,0.0318427499732933,,,,461422592,canonical,cpu_n32_run-1,fb6f03a8158f0720a5cec8398d81d7cfd13c259e83cac05e34e79e4cd8edcb45,015cfbcf14ac9e0f4624380fe258ae5ab1046d14fa5ba601aad59bced8ebc380,3656aed525e2053552a20d3da5b690149a73c0c9fdc6213ad221c197169cfc87,5609dc54649b7a45b8e87c309062bb2ed913f9a2bc07a36135859abac15e93f9,964aa14ff8a79dd6e925b9768e30166d71a9ac398fea1be1d8d6ecb178cf29ca,,,,,,,,,
cpu,float32,32,1024,run-1,20260731,200,0.100000113248825,0.0005,0.063210591673851,0.0294403322041034,0.9809012413024902,0.1304715424776077,0.0190987586975097,-1.1552125215530396e-05,0.0001376839209115,2.6234440042571805e-07,1.000247359275818,1.000124216079712,1.0003761053085327,0.0003761053085327,0.9868709444999696,False,0.0327043330180458,,,,461471744,canonical,cpu_n32_run-1,fb6f03a8158f0720a5cec8398d81d7cfd13c259e83cac05e34e79e4cd8edcb45,015cfbcf14ac9e0f4624380fe258ae5ab1046d14fa5ba601aad59bced8ebc380,3656aed525e2053552a20d3da5b690149a73c0c9fdc6213ad221c197169cfc87,5609dc54649b7a45b8e87c309062bb2ed913f9a2bc07a36135859abac15e93f9,964aa14ff8a79dd6e925b9768e30166d71a9ac398fea1be1d8d6ecb178cf29ca,,,,,,,,,
cpu,float32,32,1024,run-1,20260731,220,0.1100001335144043,0.0005,0.0695166662335395,0.0321487374603748,0.9786725640296936,0.1440039277076721,0.0213274359703063,-1.155352219939232e-05,0.0001376758737023,2.617199186261132e-07,1.0003199577331543,1.0002140998840332,1.0004305839538574,0.0004305839538574,0.9847535490989684,False,0.0265397500479593,,,,461471744,canonical,cpu_n32_run-1,fb6f03a8158f0720a5cec8398d81d7cfd13c259e83cac05e34e79e4cd8edcb45,015cfbcf14ac9e0f4624380fe258ae5ab1046d14fa5ba601aad59bced8ebc380,3656aed525e2053552a20d3da5b690149a73c0c9fdc6213ad221c197169cfc87,5609dc54649b7a45b8e87c309062bb2ed913f9a2bc07a36135859abac15e93f9,964aa14ff8a79dd6e925b9768e30166d71a9ac398fea1be1d8d6ecb178cf29ca,,,,,,,,,
cpu,float32,32,1024,run-1,20260731,240,0.1200001537799835,0.0005,0.0757993087172508,0.0348067544400692,0.9762256145477296,0.1574270874261856,0.0237743854522705,-1.1548399925231934e-05,0.0001376855070702,2.6129379193662317e-07,1.0004074573516846,1.0003093481063845,1.0005102157592771,0.0005102157592773,0.981509566307068,False,0.0265299170278012,,,,461488128,canonical,cpu_n32_run-1,fb6f03a8158f0720a5cec8398d81d7cfd13c259e83cac05e34e79e4cd8edcb45,015cfbcf14ac9e0f4624380fe258ae5ab1046d14fa5ba601aad59bced8ebc380,3656aed525e2053552a20d3da5b690149a73c0c9fdc6213ad221c197169cfc87,5609dc54649b7a45b8e87c309062bb2ed913f9a2bc07a36135859abac15e93f9,964aa14ff8a79dd6e925b9768e30166d71a9ac398fea1be1d8d6ecb178cf29ca,,,,,,,,,
cpu,float32,32,1024,run-1,20260731,260,0.1300000995397567,0.0005,0.0819086953997612,0.0373467728495597,0.973487138748169,0.1706420928239822,0.026512861251831,-1.1553987860679626e-05,0.000137681083288,2.625894808261364e-07,1.0005097389221191,1.000392198562622,1.0006314516067505,0.0006314516067504,0.97898131608963,False,0.0267298339749686,,,,461602816,canonical,cpu_n32_run-1,fb6f03a8158f0720a5cec8398d81d7cfd13c259e83cac05e34e79e4cd8edcb45,015cfbcf14ac9e0f4624380fe258ae5ab1046d14fa5ba601aad59bced8ebc380,3656aed525e2053552a20d3da5b690149a73c0c9fdc6213ad221c197169cfc87,5609dc54649b7a45b8e87c309062bb2ed913f9a2bc07a36135859abac15e93f9,964aa14ff8a79dd6e925b9768e30166d71a9ac398fea1be1d8d6ecb178cf29ca,,,,,,,,,
cpu,float32,32,1024,run-1,20260731,280,0.139999970793724,0.0005,0.0878652855753898,0.0397801958024501,0.9704126119613647,0.1835791170597076,0.0295873880386352,-1.154514029622078e-05,0.0001376966538373,2.617810253013886e-07,1.0006260871887207,1.0005214214324951,1.000734806060791,0.000734806060791,0.9801005125045776,False,0.0262888749712146,,,,461619200,canonical,cpu_n32_run-1,fb6f03a8158f0720a5cec8398d81d7cfd13c259e83cac05e34e79e4cd8edcb45,015cfbcf14ac9e0f4624380fe258ae5ab1046d14fa5ba601aad59bced8ebc380,3656aed525e2053552a20d3da5b690149a73c0c9fdc6213ad221c197169cfc87,5609dc54649b7a45b8e87c309062bb2ed913f9a2bc07a36135859abac15e93f9,964aa14ff8a79dd6e925b9768e30166d71a9ac398fea1be1d8d6ecb178cf29ca,,,,,,,,,
cpu,float32,32,1024,run-1,20260731,300,0.1499998420476913,0.0005,0.0936828106641769,0.0421150997281074,0.966895878314972,0.1960901618003845,0.033104121685028,-1.1535361409187315e-05,0.0001376816508127,2.56304048207312e-07,1.0007559061050415,1.0006524324417114,1.0008660554885864,0.0008660554885864,0.9800546765327454,False,0.0259990410413593,,,,461668352,canonical,cpu_n32_run-1,fb6f03a8158f0720a5cec8398d81d7cfd13c259e83cac05e34e79e4cd8edcb45,015cfbcf14ac9e0f4624380fe258ae5ab1046d14fa5ba601aad59bced8ebc380,3656aed525e2053552a20d3da5b690149a73c0c9fdc6213ad221c197169cfc87,5609dc54649b7a45b8e87c309062bb2ed913f9a2bc07a36135859abac15e93f9,964aa14ff8a79dd6e925b9768e30166d71a9ac398fea1be1d8d6ecb178cf29ca,,,,,,,,,
cpu,float32,32,1024,run-1,20260731,320,0.1599997133016586,0.0005,0.0992576479911804,0.0443069748580455,0.9628576040267944,0.2080526202917099,0.0371423959732055,-1.1529307812452316e-05,0.000137682625791,2.5438046691306226e-07,1.0008982419967651,1.0007847547531128,1.0010254383087158,0.0010254383087158,0.978625476360321,False,0.0263167909579351,,,,461766656,canonical,cpu_n32_run-1,fb6f03a8158f0720a5cec8398d81d7cfd13c259e83cac05e34e79e4cd8edcb45,015cfbcf14ac9e0f4624380fe258ae5ab1046d14fa5ba601aad59bced8ebc380,3656aed525e2053552a20d3da5b690149a73c0c9fdc6213ad221c197169cfc87,5609dc54649b7a45b8e87c309062bb2ed913f9a2bc07a36135859abac15e93f9,964aa14ff8a79dd6e925b9768e30166d71a9ac398fea1be1d8d6ecb178cf29ca,,,,,,,,,
cpu,float32,32,1024,run-1,20260731,340,0.1699995845556259,0.0005,0.1046664640307426,0.0463924817740917,0.958216667175293,0.2193366885185241,0.041783332824707,-1.15223228931427e-05,0.0001376674917992,2.498793207905692e-07,1.0010533332824707,1.0009479522705078,1.0011829137802124,0.0011829137802124,0.975834310054779,False,0.0265418339986354,,,,461799424,canonical,cpu_n32_run-1,fb6f03a8158f0720a5cec8398d81d7cfd13c259e83cac05e34e79e4cd8edcb45,015cfbcf14ac9e0f4624380fe258ae5ab1046d14fa5ba601aad59bced8ebc380,3656aed525e2053552a20d3da5b690149a73c0c9fdc6213ad221c197169cfc87,5609dc54649b7a45b8e87c309062bb2ed913f9a2bc07a36135859abac15e93f9,964aa14ff8a79dd6e925b9768e30166d71a9ac398fea1be1d8d6ecb178cf29ca,,,,,,,,,
cpu,float32,32,1024,run-1,20260731,360,0.1799994558095932,0.0005,0.1100087687373161,0.0484173037111759,0.9528356790542604,0.229734793305397,0.0471643209457397,-1.1528842151165009e-05,0.0001376663567498,2.519605573070294e-07,1.001221776008606,1.0011142492294312,1.001370549201965,0.0013705492019653,0.9715378880500792,False,0.0264668330200947,,,,461815808,canonical,cpu_n32_run-1,fb6f03a8158f0720a5cec8398d81d7cfd13c259e83cac05e34e79e4cd8edcb45,015cfbcf14ac9e0f4624380fe258ae5ab1046d14fa5ba601aad59bced8ebc380,3656aed525e2053552a20d3da5b690149a73c0c9fdc6213ad221c197169cfc87,5609dc54649b7a45b8e87c309062bb2ed913f9a2bc07a36135859abac15e93f9,964aa14ff8a79dd6e925b9768e30166d71a9ac398fea1be1d8d6ecb178cf29ca,,,,,,,,,
cpu,float32,32,1024,run-1,20260731,380,0.1899993270635604,0.0005,0.115446038544178,0.0504529140889644,0.9465780258178712,0.2390308976173401,0.0534219741821289,-1.151207834482193e-05,0.0001376534637529,2.4447174951092165e-07,1.0014045238494873,1.001291275024414,1.0015801191329956,0.0015801191329956,0.9672198295593262,False,0.0263791669858619,,,,461832192,canonical,cpu_n32_run-1,fb6f03a8158f0720a5cec8398d81d7cfd13c259e83cac05e34e79e4cd8edcb45,015cfbcf14ac9e0f4624380fe258ae5ab1046d14fa5ba601aad59bced8ebc380,3656aed525e2053552a20d3da5b690149a73c0c9fdc6213ad221c197169cfc87,5609dc54649b7a45b8e87c309062bb2ed913f9a2bc07a36135859abac15e93f9,964aa14ff8a79dd6e925b9768e30166d71a9ac398fea1be1d8d6ecb178cf29ca,,,,,,,,,
cpu,float32,32,1024,run-1,20260731,400,0.1999991983175277,0.0005,0.1215790510177612,0.0527593381702899,0.9393198490142822,0.2470173686742782,0.0606801509857177,-1.1529307812452316e-05,0.0001376755535602,2.533830354423117e-07,1.001601219177246,1.0014925003051758,1.0018045902252195,0.0018045902252197,0.9698601365089417,False,0.0269984999904409,,,,461848576,canonical,cpu_n32_run-1,fb6f03a8158f0720a5cec8398d81d7cfd13c259e83cac05e34e79e4cd8edcb45,015cfbcf14ac9e0f4624380fe258ae5ab1046d14fa5ba601aad59bced8ebc380,3656aed525e2053552a20d3da5b690149a73c0c9fdc6213ad221c197169cfc87,5609dc54649b7a45b8e87c309062bb2ed913f9a2bc07a36135859abac15e93f9,964aa14ff8a79dd6e925b9768e30166d71a9ac398fea1be1d8d6ecb178cf29ca,,,,,,,,,
cpu,float32,32,1024,run-2,20260731,0,0.0,0.0005,0.0,0.0,1.0,0.0,0.0,-1.0893476428464057e-05,0.0001374160638079,0.0,1.0,1.0,1.0,0.0,0.9916832447052002,False,0.0,,,,454000640,canonical,cpu_n32_run-2,fb6f03a8158f0720a5cec8398d81d7cfd13c259e83cac05e34e79e4cd8edcb45,d0308d5230568557dc9ef8e0d94d6553eff33a910677aa74790b1943b8456bf1,449e504fe25dfb3368ce3faf1882ceff0d7c5116249bcfad989e5244908f276b,b92697bb150804e42387b0a2d9c2eb76cb5ec7d00cba421bb6e04a318b5dc310,964aa14ff8a79dd6e925b9768e30166d71a9ac398fea1be1d8d6ecb178cf29ca,,,,,,,,,
cpu,float32,32,1024,run-2,20260731,20,0.0100000007078051,0.0005,0.0069475076161324,0.0034491708502173,0.9981098771095276,0.0123878801241517,0.0018901228904724,-1.097682979889214e-05,0.000137657916639,9.438577563969377e-08,1.0000028610229492,0.999843418598175,1.0001739263534546,0.0001739263534545,0.9937240481376648,False,0.0258704160223715,,,,454721536,canonical,cpu_n32_run-2,fb6f03a8158f0720a5cec8398d81d7cfd13c259e83cac05e34e79e4cd8edcb45,d0308d5230568557dc9ef8e0d94d6553eff33a910677aa74790b1943b8456bf1,449e504fe25dfb3368ce3faf1882ceff0d7c5116249bcfad989e5244908f276b,b92697bb150804e42387b0a2d9c2eb76cb5ec7d00cba421bb6e04a318b5dc310,964aa14ff8a79dd6e925b9768e30166d71a9ac398fea1be1d8d6ecb178cf29ca,,,,,,,,,
cpu,float32,32,1024,run-2,20260731,40,0.0199999939650297,0.0005,0.0130026210099458,0.0064096278510987,0.9963165521621704,0.0250226836651563,0.0036834478378295,-1.110212178900838e-05,0.0001376985601382,1.295775717835568e-07,1.000010967254639,0.9998760223388672,1.000153422355652,0.0001534223556518,0.9939583539962769,False,0.0252982919919304,,,,454770688,canonical,cpu_n32_run-2,fb6f03a8158f0720a5cec8398d81d7cfd13c259e83cac05e34e79e4cd8edcb45,d0308d5230568557dc9ef8e0d94d6553eff33a910677aa74790b1943b8456bf1,449e504fe25dfb3368ce3faf1882ceff0d7c5116249bcfad989e5244908f276b,b92697bb150804e42387b0a2d9c2eb76cb5ec7d00cba421bb6e04a318b5dc310,964aa14ff8a79dd6e925b9768e30166d71a9ac398fea1be1d8d6ecb178cf29ca,,,,,,,,,
cpu,float32,32,1024,run-2,20260731,60,0.0299999769777059,0.0005,0.0187426023185253,0.0091737871989607,0.9945086240768432,0.0377933979034423,0.0054913759231567,-1.1227093636989594e-05,0.000137743059895,1.7236025939837418e-07,1.0000231266021729,0.9999759793281556,1.0000746250152588,7.462501525878906e-05,0.9938417077064514,False,0.0261875419528223,,,,455245824,canonical,cpu_n32_run-2,fb6f03a8158f0720a5cec8398d81d7cfd13c259e83cac05e34e79e4cd8edcb45,d0308d5230568557dc9ef8e0d94d6553eff33a910677aa74790b1943b8456bf1,449e504fe25dfb3368ce3faf1882ceff0d7c5116249bcfad989e5244908f276b,b92697bb150804e42387b0a2d9c2eb76cb5ec7d00cba421bb6e04a318b5dc310,964aa14ff8a79dd6e925b9768e30166d71a9ac398fea1be1d8d6ecb178cf29ca,,,,,,,,,
cpu,float32,32,1024,run-2,20260731,80,0.0399999916553497,0.0005,0.0250586569309234,0.0121785094961524,0.9926028251647948,0.050613384693861,0.007397174835205,-1.1355383321642876e-05,0.0001377338776364,2.068707800617631e-07,1.000038981437683,0.9998940229415894,1.000186324119568,0.0001863241195678,0.9926177859306335,False,0.0260871250065974,,,,455344128,canonical,cpu_n32_run-2,fb6f03a8158f0720a5cec8398d81d7cfd13c259e83cac05e34e79e4cd8edcb45,d0308d5230568557dc9ef8e0d94d6553eff33a910677aa74790b1943b8456bf1,449e504fe25dfb3368ce3faf1882ceff0d7c5116249bcfad989e5244908f276b,b92697bb150804e42387b0a2d9c2eb76cb5ec7d00cba421bb6e04a318b5dc310,964aa14ff8a79dd6e925b9768e30166d71a9ac398fea1be1d8d6ecb178cf29ca,,,,,,,,,
cpu,float32,32,1024,run-2,20260731,100,0.0500000119209289,0.0005,0.0314097478985786,0.0151571938768029,0.9907597303390504,0.063652291893959,0.0092402696609497,-1.1413474567234516e-05,0.0001377331936964,2.2472536898021647e-07,1.000057816505432,0.9999416470527648,1.0001766681671145,0.0001766681671142,0.9906263947486876,False,0.025687958986964,,,,455442432,canonical,cpu_n32_run-2,fb6f03a8158f0720a5cec8398d81d7cfd13c259e83cac05e34e79e4cd8edcb45,d0308d5230568557dc9ef8e0d94d6553eff33a910677aa74790b1943b8456bf1,449e504fe25dfb3368ce3faf1882ceff0d7c5116249bcfad989e5244908f276b,b92697bb150804e42387b0a2d9c2eb76cb5ec7d00cba421bb6e04a318b5dc310,964aa14ff8a79dd6e925b9768e30166d71a9ac398fea1be1d8d6ecb178cf29ca,,,,,,,,,
cpu,float32,32,1024,run-2,20260731,120,0.0600000321865081,0.0005,0.0377034023404121,0.0180656425654888,0.9888871908187866,0.0768147855997085,0.0111128091812133,-1.1497410014271736e-05,0.0001376930158585,2.451421323712566e-07,1.0000803470611572,1.000007152557373,1.0001565217971802,0.0001565217971801,0.9871017336845398,False,0.0259030829765833,,,,455573504,canonical,cpu_n32_run-2,fb6f03a8158f0720a5cec8398d81d7cfd13c259e83cac05e34e79e4cd8edcb45,d0308d5230568557dc9ef8e0d94d6553eff33a910677aa74790b1943b8456bf1,449e504fe25dfb3368ce3faf1882ceff0d7c5116249bcfad989e5244908f276b,b92697bb150804e42387b0a2d9c2eb76cb5ec7d00cba421bb6e04a318b5dc310,964aa14ff8a79dd6e925b9768e30166d71a9ac398fea1be1d8d6ecb178cf29ca,,,,,,,,,
cpu,float32,32,1024,run-2,20260731,140,0.0700000524520874,0.0005,0.0440622754395008,0.0209632627665996,0.9869441390037536,0.0900559872388839,0.0130558609962463,-1.1526281014084816e-05,0.0001376959407934,2.5529820391057e-07,1.0001081228256226,0.9999762773513794,1.0002431869506836,0.0002431869506835,0.9872031807899476,False,0.0263651250279508,,,,455770112,canonical,cpu_n32_run-2,fb6f03a8158f0720a5cec8398d81d7cfd13c259e83cac05e34e79e4cd8edcb45,d0308d5230568557dc9ef8e0d94d6553eff33a910677aa74790b1943b8456bf1,449e504fe25dfb3368ce3faf1882ceff0d7c5116249bcfad989e5244908f276b,b92697bb150804e42387b0a2d9c2eb76cb5ec7d00cba421bb6e04a318b5dc310,964aa14ff8a79dd6e925b9768e30166d71a9ac398fea1be1d8d6ecb178cf29ca,,,,,,,,,
cpu,float32,32,1024,run-2,20260731,160,0.0800000727176666,0.0005,0.0504416190087795,0.0238287057727575,0.985015630722046,0.103468932211399,0.0149843692779541,-1.1541880667209624e-05,0.0001376988366246,2.609976945677772e-07,1.0001435279846191,1.0000348091125488,1.000255823135376,0.0002558231353759,0.9880106449127196,False,0.0258575830375775,,,,455770112,canonical,cpu_n32_run-2,fb6f03a8158f0720a5cec8398d81d7cfd13c259e83cac05e34e79e4cd8edcb45,d0308d5230568557dc9ef8e0d94d6553eff33a910677aa74790b1943b8456bf1,449e504fe25dfb3368ce3faf1882ceff0d7c5116249bcfad989e5244908f276b,b92697bb150804e42387b0a2d9c2eb76cb5ec7d00cba421bb6e04a318b5dc310,964aa14ff8a79dd6e925b9768e30166d71a9ac398fea1be1d8d6ecb178cf29ca,,,,,,,,,
cpu,float32,32,1024,run-2,20260731,180,0.0900000929832458,0.0005,0.0568510591983795,0.0266667678952217,0.9830180406570436,0.1169608756899833,0.0169819593429565,-1.1547701433300972e-05,0.0001376929867547,2.6211884573967836e-07,1.0001890659332275,1.0001002550125122,1.0002821683883667,0.0002821683883666,0.9880401492118835,False,0.0255591670284047,,,,455770112,canonical,cpu_n32_run-2,fb6f03a8158f0720a5cec8398d81d7cfd13c259e83cac05e34e79e4cd8edcb45,d0308d5230568557dc9ef8e0d94d6553eff33a910677aa74790b1943b8456bf1,449e504fe25dfb3368ce3faf1882ceff0d7c5116249bcfad989e5244908f276b,b92697bb150804e42387b0a2d9c2eb76cb5ec7d00cba421bb6e04a318b5dc310,964aa14ff8a79dd6e925b9768e30166d71a9ac398fea1be1d8d6ecb178cf29ca,,,,,,,,,
cpu,float32,32,1024,run-2,20260731,200,0.100000113248825,0.0005,0.063210591673851,0.0294403322041034,0.9809012413024902,0.1304715424776077,0.0190987586975097,-1.1552125215530396e-05,0.0001376839209115,2.6234440042571805e-07,1.000247359275818,1.000124216079712,1.0003761053085327,0.0003761053085327,0.9868709444999696,False,0.026288959023077,,,,455819264,canonical,cpu_n32_run-2,fb6f03a8158f0720a5cec8398d81d7cfd13c259e83cac05e34e79e4cd8edcb45,d0308d5230568557dc9ef8e0d94d6553eff33a910677aa74790b1943b8456bf1,449e504fe25dfb3368ce3faf1882ceff0d7c5116249bcfad989e5244908f276b,b92697bb150804e42387b0a2d9c2eb76cb5ec7d00cba421bb6e04a318b5dc310,964aa14ff8a79dd6e925b9768e30166d71a9ac398fea1be1d8d6ecb178cf29ca,,,,,,,,,
cpu,float32,32,1024,run-2,20260731,220,0.1100001335144043,0.0005,0.0695166662335395,0.0321487374603748,0.9786725640296936,0.1440039277076721,0.0213274359703063,-1.155352219939232e-05,0.0001376758737023,2.617199186261132e-07,1.0003199577331543,1.0002140998840332,1.0004305839538574,0.0004305839538574,0.9847535490989684,False,0.0269300409709103,,,,455819264,canonical,cpu_n32_run-2,fb6f03a8158f0720a5cec8398d81d7cfd13c259e83cac05e34e79e4cd8edcb45,d0308d5230568557dc9ef8e0d94d6553eff33a910677aa74790b1943b8456bf1,449e504fe25dfb3368ce3faf1882ceff0d7c5116249bcfad989e5244908f276b,b92697bb150804e42387b0a2d9c2eb76cb5ec7d00cba421bb6e04a318b5dc310,964aa14ff8a79dd6e925b9768e30166d71a9ac398fea1be1d8d6ecb178cf29ca,,,,,,,,,
cpu,float32,32,1024,run-2,20260731,240,0.1200001537799835,0.0005,0.0757993087172508,0.0348067544400692,0.9762256145477296,0.1574270874261856,0.0237743854522705,-1.1548399925231934e-05,0.0001376855070702,2.6129379193662317e-07,1.0004074573516846,1.0003093481063845,1.0005102157592771,0.0005102157592773,0.981509566307068,False,0.0267871250398457,,,,456310784,canonical,cpu_n32_run-2,fb6f03a8158f0720a5cec8398d81d7cfd13c259e83cac05e34e79e4cd8edcb45,d0308d5230568557dc9ef8e0d94d6553eff33a910677aa74790b1943b8456bf1,449e504fe25dfb3368ce3faf1882ceff0d7c5116249bcfad989e5244908f276b,b92697bb150804e42387b0a2d9c2eb76cb5ec7d00cba421bb6e04a318b5dc310,964aa14ff8a79dd6e925b9768e30166d71a9ac398fea1be1d8d6ecb178cf29ca,,,,,,,,,
cpu,float32,32,1024,run-2,20260731,260,0.1300000995397567,0.0005,0.0819086953997612,0.0373467728495597,0.973487138748169,0.1706420928239822,0.026512861251831,-1.1553987860679626e-05,0.000137681083288,2.625894808261364e-07,1.0005097389221191,1.000392198562622,1.0006314516067505,0.0006314516067504,0.97898131608963,False,0.0267349159694276,,,,457162752,canonical,cpu_n32_run-2,fb6f03a8158f0720a5cec8398d81d7cfd13c259e83cac05e34e79e4cd8edcb45,d0308d5230568557dc9ef8e0d94d6553eff33a910677aa74790b1943b8456bf1,449e504fe25dfb3368ce3faf1882ceff0d7c5116249bcfad989e5244908f276b,b92697bb150804e42387b0a2d9c2eb76cb5ec7d00cba421bb6e04a318b5dc310,964aa14ff8a79dd6e925b9768e30166d71a9ac398fea1be1d8d6ecb178cf29ca,,,,,,,,,
cpu,float32,32,1024,run-2,20260731,280,0.139999970793724,0.0005,0.0878652855753898,0.0397801958024501,0.9704126119613647,0.1835791170597076,0.0295873880386352,-1.154514029622078e-05,0.0001376966538373,2.617810253013886e-07,1.0006260871887207,1.0005214214324951,1.000734806060791,0.000734806060791,0.9801005125045776,False,0.0352926250197924,,,,458080256,canonical,cpu_n32_run-2,fb6f03a8158f0720a5cec8398d81d7cfd13c259e83cac05e34e79e4cd8edcb45,d0308d5230568557dc9ef8e0d94d6553eff33a910677aa74790b1943b8456bf1,449e504fe25dfb3368ce3faf1882ceff0d7c5116249bcfad989e5244908f276b,b92697bb150804e42387b0a2d9c2eb76cb5ec7d00cba421bb6e04a318b5dc310,964aa14ff8a79dd6e925b9768e30166d71a9ac398fea1be1d8d6ecb178cf29ca,,,,,,,,,
cpu,float32,32,1024,run-2,20260731,300,0.1499998420476913,0.0005,0.0936828106641769,0.0421150997281074,0.966895878314972,0.1960901618003845,0.033104121685028,-1.1535361409187315e-05,0.0001376816508127,2.56304048207312e-07,1.0007559061050415,1.0006524324417114,1.0008660554885864,0.0008660554885864,0.9800546765327454,False,0.0325483329943381,,,,458178560,canonical,cpu_n32_run-2,fb6f03a8158f0720a5cec8398d81d7cfd13c259e83cac05e34e79e4cd8edcb45,d0308d5230568557dc9ef8e0d94d6553eff33a910677aa74790b1943b8456bf1,449e504fe25dfb3368ce3faf1882ceff0d7c5116249bcfad989e5244908f276b,b92697bb150804e42387b0a2d9c2eb76cb5ec7d00cba421bb6e04a318b5dc310,964aa14ff8a79dd6e925b9768e30166d71a9ac398fea1be1d8d6ecb178cf29ca,,,,,,,,,
cpu,float32,32,1024,run-2,20260731,320,0.1599997133016586,0.0005,0.0992576479911804,0.0443069748580455,0.9628576040267944,0.2080526202917099,0.0371423959732055,-1.1529307812452316e-05,0.000137682625791,2.5438046691306226e-07,1.0008982419967651,1.0007847547531128,1.0010254383087158,0.0010254383087158,0.978625476360321,False,0.0258632499608211,,,,458506240,canonical,cpu_n32_run-2,fb6f03a8158f0720a5cec8398d81d7cfd13c259e83cac05e34e79e4cd8edcb45,d0308d5230568557dc9ef8e0d94d6553eff33a910677aa74790b1943b8456bf1,449e504fe25dfb3368ce3faf1882ceff0d7c5116249bcfad989e5244908f276b,b92697bb150804e42387b0a2d9c2eb76cb5ec7d00cba421bb6e04a318b5dc310,964aa14ff8a79dd6e925b9768e30166d71a9ac398fea1be1d8d6ecb178cf29ca,,,,,,,,,
cpu,float32,32,1024,run-2,20260731,340,0.1699995845556259,0.0005,0.1046664640307426,0.0463924817740917,0.958216667175293,0.2193366885185241,0.041783332824707,-1.15223228931427e-05,0.0001376674917992,2.498793207905692e-07,1.0010533332824707,1.0009479522705078,1.0011829137802124,0.0011829137802124,0.975834310054779,False,0.0259168329648673,,,,458506240,canonical,cpu_n32_run-2,fb6f03a8158f0720a5cec8398d81d7cfd13c259e83cac05e34e79e4cd8edcb45,d0308d5230568557dc9ef8e0d94d6553eff33a910677aa74790b1943b8456bf1,449e504fe25dfb3368ce3faf1882ceff0d7c5116249bcfad989e5244908f276b,b92697bb150804e42387b0a2d9c2eb76cb5ec7d00cba421bb6e04a318b5dc310,964aa14ff8a79dd6e925b9768e30166d71a9ac398fea1be1d8d6ecb178cf29ca,,,,,,,,,
cpu,float32,32,1024,run-2,20260731,360,0.1799994558095932,0.0005,0.1100087687373161,0.0484173037111759,0.9528356790542604,0.229734793305397,0.0471643209457397,-1.1528842151165009e-05,0.0001376663567498,2.519605573070294e-07,1.001221776008606,1.0011142492294312,1.001370549201965,0.0013705492019653,0.9715378880500792,False,0.0257001669961027,,,,458539008,canonical,cpu_n32_run-2,fb6f03a8158f0720a5cec8398d81d7cfd13c259e83cac05e34e79e4cd8edcb45,d0308d5230568557dc9ef8e0d94d6553eff33a910677aa74790b1943b8456bf1,449e504fe25dfb3368ce3faf1882ceff0d7c5116249bcfad989e5244908f276b,b92697bb150804e42387b0a2d9c2eb76cb5ec7d00cba421bb6e04a318b5dc310,964aa14ff8a79dd6e925b9768e30166d71a9ac398fea1be1d8d6ecb178cf29ca,,,,,,,,,
cpu,float32,32,1024,run-2,20260731,380,0.1899993270635604,0.0005,0.115446038544178,0.0504529140889644,0.9465780258178712,0.2390308976173401,0.0534219741821289,-1.151207834482193e-05,0.0001376534637529,2.4447174951092165e-07,1.0014045238494873,1.001291275024414,1.0015801191329956,0.0015801191329956,0.9672198295593262,False,0.0261095000314526,,,,458555392,canonical,cpu_n32_run-2,fb6f03a8158f0720a5cec8398d81d7cfd13c259e83cac05e34e79e4cd8edcb45,d0308d5230568557dc9ef8e0d94d6553eff33a910677aa74790b1943b8456bf1,449e504fe25dfb3368ce3faf1882ceff0d7c5116249bcfad989e5244908f276b,b92697bb150804e42387b0a2d9c2eb76cb5ec7d00cba421bb6e04a318b5dc310,964aa14ff8a79dd6e925b9768e30166d71a9ac398fea1be1d8d6ecb178cf29ca,,,,,,,,,
cpu,float32,32,1024,run-2,20260731,400,0.1999991983175277,0.0005,0.1215790510177612,0.0527593381702899,0.9393198490142822,0.2470173686742782,0.0606801509857177,-1.1529307812452316e-05,0.0001376755535602,2.533830354423117e-07,1.001601219177246,1.0014925003051758,1.0018045902252195,0.0018045902252197,0.9698601365089417,False,0.0261737909750081,,,,459440128,canonical,cpu_n32_run-2,fb6f03a8158f0720a5cec8398d81d7cfd13c259e83cac05e34e79e4cd8edcb45,d0308d5230568557dc9ef8e0d94d6553eff33a910677aa74790b1943b8456bf1,449e504fe25dfb3368ce3faf1882ceff0d7c5116249bcfad989e5244908f276b,b92697bb150804e42387b0a2d9c2eb76cb5ec7d00cba421bb6e04a318b5dc310,964aa14ff8a79dd6e925b9768e30166d71a9ac398fea1be1d8d6ecb178cf29ca,,,,,,,,,
mps,float32,16,256,run-1,20260731,0,0.0,0.0005,4.5163748296772617e-08,2.2559955681344945e-08,0.998059630393982,0.0,0.0,0.0013431929983198,0.0003144275397062,0.0,1.0,1.0,1.0,0.0,0.9325386881828308,False,0.0,3874816.0,28934144.0,12713115648.0,573931520,canonical,mps_n16_run-1,c498cf6ab4e62f6cac004a7c748253538b14f3420f098f9676835d7b1d310096,15ff9f6fdda89a25e29f2b02602d24933809e1208261de5d939ee54f5666576d,f810171a4e29e7a46007845ce2a7dc4941c15c0a61422202fdeab38816fc9fd3,ff28176c545413470d865f515dbc8434e38626362dbf0e85daff1cd74cf31468,635769a8027e5e6f8a01a06d9157308f97d4ff8816ec096317f44fd4597aa271,,,,,,,,,
mps,float32,16,256,run-1,20260731,20,0.0100000007078051,0.0005,0.153998464345932,0.0747675150632858,0.9537614583969116,0.0115484250709414,0.0443842932581901,0.0038345325738191,0.0023158248513936,0.0011689031962305,1.0000598430633545,0.9991950988769532,1.0010583400726318,0.0010583400726318,0.9350410103797911,False,0.1194041249691508,3015424.0,31064064.0,12713115648.0,615743488,canonical,mps_n16_run-1,c498cf6ab4e62f6cac004a7c748253538b14f3420f098f9676835d7b1d310096,15ff9f6fdda89a25e29f2b02602d24933809e1208261de5d939ee54f5666576d,f810171a4e29e7a46007845ce2a7dc4941c15c0a61422202fdeab38816fc9fd3,ff28176c545413470d865f515dbc8434e38626362dbf0e85daff1cd74cf31468,635769a8027e5e6f8a01a06d9157308f97d4ff8816ec096317f44fd4597aa271,,,,,,,,,
mps,float32,16,256,run-1,20260731,40,0.0199999939650297,0.0005,0.1528882533311844,0.072147436439991,0.9162372350692748,0.0286186095327138,0.0819814726710319,0.0053882300853729,0.0032597258687019,0.001830237568356,1.0001637935638428,0.9994515776634216,1.0009526014328003,0.0009526014328002,0.9307448863983154,False,0.1022147500189021,3017728.0,32866304.0,12713115648.0,650608640,canonical,mps_n16_run-1,c498cf6ab4e62f6cac004a7c748253538b14f3420f098f9676835d7b1d310096,15ff9f6fdda89a25e29f2b02602d24933809e1208261de5d939ee54f5666576d,f810171a4e29e7a46007845ce2a7dc4941c15c0a61422202fdeab38816fc9fd3,ff28176c545413470d865f515dbc8434e38626362dbf0e85daff1cd74cf31468,635769a8027e5e6f8a01a06d9157308f97d4ff8816ec096317f44fd4597aa271,,,,,,,,,
mps,float32,16,256,run-1,20260731,60,0.0299999769777059,0.0005,0.1868597120046615,0.0857069492340087,0.8834940195083618,0.0498879477381706,0.1147883459925651,0.0062667392194271,0.0039010159671306,0.0022280819248408,1.0002741813659668,0.9996293187141418,1.0009807348251345,0.0009807348251342,0.9344518184661864,False,0.1017997909802943,2889216.0,35160064.0,12713115648.0,695271424,canonical,mps_n16_run-1,c498cf6ab4e62f6cac004a7c748253538b14f3420f098f9676835d7b1d310096,15ff9f6fdda89a25e29f2b02602d24933809e1208261de5d939ee54f5666576d,f810171a4e29e7a46007845ce2a7dc4941c15c0a61422202fdeab38816fc9fd3,ff28176c545413470d865f515dbc8434e38626362dbf0e85daff1cd74cf31468,635769a8027e5e6f8a01a06d9157308f97d4ff8816ec096317f44fd4597aa271,,,,,,,,,
mps,float32,16,256,run-1,20260731,80,0.0399999916553497,0.0005,0.2178115993738174,0.0971036851406097,0.8541971445083618,0.0744562372565269,0.1441421806812286,0.0065960809588432,0.0043130526319146,0.0024147275835275,1.000353217124939,0.9997743964195251,1.0009912252426147,0.0009912252426147,0.9501554369926452,False,0.1162307919585146,3015424.0,36765696.0,12713115648.0,723828736,canonical,mps_n16_run-1,c498cf6ab4e62f6cac004a7c748253538b14f3420f098f9676835d7b1d310096,15ff9f6fdda89a25e29f2b02602d24933809e1208261de5d939ee54f5666576d,f810171a4e29e7a46007845ce2a7dc4941c15c0a61422202fdeab38816fc9fd3,ff28176c545413470d865f515dbc8434e38626362dbf0e85daff1cd74cf31468,635769a8027e5e6f8a01a06d9157308f97d4ff8816ec096317f44fd4597aa271,,,,,,,,,
mps,float32,16,256,run-1,20260731,100,0.0500000119209289,0.0005,0.2493794560432434,0.1080617904663086,0.8279315829277039,0.1023295149207115,0.1704587936401367,0.0065248273313045,0.0045772213488817,0.0024542664177715,1.0003870725631714,0.9998756647109984,1.0009604692459106,0.0009604692459106,0.9634525775909424,False,0.1383731660316698,3017728.0,39059456.0,12713115648.0,767590400,canonical,mps_n16_run-1,c498cf6ab4e62f6cac004a7c748253538b14f3420f098f9676835d7b1d310096,15ff9f6fdda89a25e29f2b02602d24933809e1208261de5d939ee54f5666576d,f810171a4e29e7a46007845ce2a7dc4941c15c0a61422202fdeab38816fc9fd3,ff28176c545413470d865f515dbc8434e38626362dbf0e85daff1cd74cf31468,635769a8027e5e6f8a01a06d9157308f97d4ff8816ec096317f44fd4597aa271,,,,,,,,,
mps,float32,16,256,run-1,20260731,120,0.0600000321865081,0.0005,0.2778967916965484,0.1170455887913703,0.8039786219596863,0.1330302059650421,0.1944583356380462,0.0064710285514593,0.0049526682123541,0.00252909748815,1.0003774166107178,0.9998392462730408,1.0009201765060425,0.0009201765060424,0.9723130464553832,False,0.1616958749946206,2889216.0,39714816.0,12713115648.0,783646720,canonical,mps_n16_run-1,c498cf6ab4e62f6cac004a7c748253538b14f3420f098f9676835d7b1d310096,15ff9f6fdda89a25e29f2b02602d24933809e1208261de5d939ee54f5666576d,f810171a4e29e7a46007845ce2a7dc4941c15c0a61422202fdeab38816fc9fd3,ff28176c545413470d865f515dbc8434e38626362dbf0e85daff1cd74cf31468,635769a8027e5e6f8a01a06d9157308f97d4ff8816ec096317f44fd4597aa271,,,,,,,,,
mps,float32,16,256,run-1,20260731,140,0.0700000524520874,0.0005,0.3015831112861633,0.1234643384814262,0.7816120386123657,0.1659025102853775,0.2168684005737304,0.006490996107459,0.0054501108825206,0.0026597515679895,1.0003374814987185,0.999747633934021,1.0008764266967771,0.0008764266967773,0.9744551181793212,False,0.1583358329953625,3015424.0,40206336.0,12713115648.0,790282240,canonical,mps_n16_run-1,c498cf6ab4e62f6cac004a7c748253538b14f3420f098f9676835d7b1d310096,15ff9f6fdda89a25e29f2b02602d24933809e1208261de5d939ee54f5666576d,f810171a4e29e7a46007845ce2a7dc4941c15c0a61422202fdeab38816fc9fd3,ff28176c545413470d865f515dbc8434e38626362dbf0e85daff1cd74cf31468,635769a8027e5e6f8a01a06d9157308f97d4ff8816ec096317f44fd4597aa271,,,,,,,,,
mps,float32,16,256,run-1,20260731,160,0.0800000727176666,0.0005,0.3197886049747467,0.1272512823343277,0.760371208190918,0.2005140483379364,0.2381505221128463,0.0065972050651907,0.0060530863702297,0.0028459371533244,1.000285267829895,0.9996766448020936,1.0008119344711304,0.0008119344711303,0.9883288741111756,False,0.1349633340141736,3017728.0,40206336.0,12713115648.0,790282240,canonical,mps_n16_run-1,c498cf6ab4e62f6cac004a7c748253538b14f3420f098f9676835d7b1d310096,15ff9f6fdda89a25e29f2b02602d24933809e1208261de5d939ee54f5666576d,f810171a4e29e7a46007845ce2a7dc4941c15c0a61422202fdeab38816fc9fd3,ff28176c545413470d865f515dbc8434e38626362dbf0e85daff1cd74cf31468,635769a8027e5e6f8a01a06d9157308f97d4ff8816ec096317f44fd4597aa271,,,,,,,,,
mps,float32,16,256,run-1,20260731,180,0.0900000929832458,0.0005,0.3335321247577667,0.1290034800767898,0.7401421070098877,0.2368800789117813,0.2584189474582672,0.0068595288321375,0.0067334407940506,0.003095808206126,1.0002371072769165,0.9996431469917296,1.000738501548767,0.000738501548767,1.004494071006775,False,0.144228583027143,2889216.0,40206336.0,12713115648.0,790282240,canonical,mps_n16_run-1,c498cf6ab4e62f6cac004a7c748253538b14f3420f098f9676835d7b1d310096,15ff9f6fdda89a25e29f2b02602d24933809e1208261de5d939ee54f5666576d,f810171a4e29e7a46007845ce2a7dc4941c15c0a61422202fdeab38816fc9fd3,ff28176c545413470d865f515dbc8434e38626362dbf0e85daff1cd74cf31468,635769a8027e5e6f8a01a06d9157308f97d4ff8816ec096317f44fd4597aa271,,,,,,,,,
mps,float32,16,256,run-1,20260731,200,0.100000113248825,0.0005,0.344663918018341,0.1295753419399261,0.720787763595581,0.2749539613723755,0.2778109312057495,0.007195702753961,0.0074600623920559,0.0033784722909331,1.00020432472229,0.9996544718742372,1.0006647109985352,0.0006647109985351,1.0113872289657593,False,0.1477847910136915,3015424.0,40206336.0,12713115648.0,790282240,canonical,mps_n16_run-1,c498cf6ab4e62f6cac004a7c748253538b14f3420f098f9676835d7b1d310096,15ff9f6fdda89a25e29f2b02602d24933809e1208261de5d939ee54f5666576d,f810171a4e29e7a46007845ce2a7dc4941c15c0a61422202fdeab38816fc9fd3,ff28176c545413470d865f515dbc8434e38626362dbf0e85daff1cd74cf31468,635769a8027e5e6f8a01a06d9157308f97d4ff8816ec096317f44fd4597aa271,,,,,,,,,
mps,float32,16,256,run-1,20260731,220,0.1100001335144043,0.0005,0.3551793396472931,0.1297877728939056,0.7020374536514282,0.3144015371799469,0.2965976893901825,0.0076038436964154,0.0081106126308441,0.0036573272664099,1.0001931190490725,0.9996955394744872,1.0005918741226196,0.0005918741226196,1.009297490119934,False,0.1462059170007705,3659008.0,40206336.0,12713115648.0,790282240,canonical,mps_n16_run-1,c498cf6ab4e62f6cac004a7c748253538b14f3420f098f9676835d7b1d310096,15ff9f6fdda89a25e29f2b02602d24933809e1208261de5d939ee54f5666576d,f810171a4e29e7a46007845ce2a7dc4941c15c0a61422202fdeab38816fc9fd3,ff28176c545413470d865f515dbc8434e38626362dbf0e85daff1cd74cf31468,635769a8027e5e6f8a01a06d9157308f97d4ff8816ec096317f44fd4597aa271,,,,,,,,,
mps,float32,16,256,run-1,20260731,240,0.1200001537799835,0.0005,0.3667040169239044,0.1302440464496612,0.683536171913147,0.3546187579631805,0.3151349425315857,0.0079288892447948,0.0085863657295703,0.0038674902170896,1.000205159187317,0.999710202217102,1.0005956888198853,0.0005956888198852,0.9996131658554076,False,0.1367996669723652,3652864.0,40697856.0,12713115648.0,790282240,canonical,mps_n16_run-1,c498cf6ab4e62f6cac004a7c748253538b14f3420f098f9676835d7b1d310096,15ff9f6fdda89a25e29f2b02602d24933809e1208261de5d939ee54f5666576d,f810171a4e29e7a46007845ce2a7dc4941c15c0a61422202fdeab38816fc9fd3,ff28176c545413470d865f515dbc8434e38626362dbf0e85daff1cd74cf31468,635769a8027e5e6f8a01a06d9157308f97d4ff8816ec096317f44fd4597aa271,,,,,,,,,
mps,float32,16,256,run-1,20260731,260,0.1300000995397567,0.0005,0.3800768852233886,0.1312098056077957,0.6647137999534607,0.3943926393985748,0.333993911743164,0.0080648567527532,0.0088498117402195,0.0039739110507071,1.0002378225326538,0.9997205138206482,1.0006563663482666,0.0006563663482666,0.9837770462036132,False,0.1018982919631525,3656960.0,42336256.0,12713115648.0,790282240,canonical,mps_n16_run-1,c498cf6ab4e62f6cac004a7c748253538b14f3420f098f9676835d7b1d310096,15ff9f6fdda89a25e29f2b02602d24933809e1208261de5d939ee54f5666576d,f810171a4e29e7a46007845ce2a7dc4941c15c0a61422202fdeab38816fc9fd3,ff28176c545413470d865f515dbc8434e38626362dbf0e85daff1cd74cf31468,635769a8027e5e6f8a01a06d9157308f97d4ff8816ec096317f44fd4597aa271,,,,,,,,,
mps,float32,16,256,run-1,20260731,280,0.139999970793724,0.0005,0.3956772685050964,0.1327656209468841,0.645209789276123,0.4326890707015991,0.3535358309745788,0.008029306307435,0.0089830607175827,0.0040043606422841,1.0002851486206057,0.99978905916214,1.0006790161132812,0.0006790161132812,0.9617840051651,False,0.1333737919921986,3659008.0,42663936.0,12713115648.0,790282240,canonical,mps_n16_run-1,c498cf6ab4e62f6cac004a7c748253538b14f3420f098f9676835d7b1d310096,15ff9f6fdda89a25e29f2b02602d24933809e1208261de5d939ee54f5666576d,f810171a4e29e7a46007845ce2a7dc4941c15c0a61422202fdeab38816fc9fd3,ff28176c545413470d865f515dbc8434e38626362dbf0e85daff1cd74cf31468,635769a8027e5e6f8a01a06d9157308f97d4ff8816ec096317f44fd4597aa271,,,,,,,,,
mps,float32,16,256,run-1,20260731,300,0.1499998420476913,0.0005,0.4134540557861328,0.1348402947187423,0.6249374151229858,0.4688979387283325,0.3738476037979126,0.0078928507864475,0.0090102395042777,0.0039820102974772,1.000338077545166,0.9998209476470948,1.0007047653198242,0.0007047653198242,0.928214192390442,False,0.1010607500211335,3652864.0,42663936.0,12713115648.0,790282240,canonical,mps_n16_run-1,c498cf6ab4e62f6cac004a7c748253538b14f3420f098f9676835d7b1d310096,15ff9f6fdda89a25e29f2b02602d24933809e1208261de5d939ee54f5666576d,f810171a4e29e7a46007845ce2a7dc4941c15c0a61422202fdeab38816fc9fd3,ff28176c545413470d865f515dbc8434e38626362dbf0e85daff1cd74cf31468,635769a8027e5e6f8a01a06d9157308f97d4ff8816ec096317f44fd4597aa271,,,,,,,,,
mps,float32,16,256,run-1,20260731,320,0.1599997133016586,0.0005,0.433226615190506,0.1373268365859985,0.6041076183319092,0.5030511021614075,0.3947179019451141,0.0077751725912094,0.0090131340548396,0.0039571141824126,1.0003867149353027,0.999842643737793,1.0007705688476562,0.0007705688476562,0.8788394927978516,False,0.1169426669948734,3656960.0,42663936.0,12713115648.0,790282240,canonical,mps_n16_run-1,c498cf6ab4e62f6cac004a7c748253538b14f3420f098f9676835d7b1d310096,15ff9f6fdda89a25e29f2b02602d24933809e1208261de5d939ee54f5666576d,f810171a4e29e7a46007845ce2a7dc4941c15c0a61422202fdeab38816fc9fd3,ff28176c545413470d865f515dbc8434e38626362dbf0e85daff1cd74cf31468,635769a8027e5e6f8a01a06d9157308f97d4ff8816ec096317f44fd4597aa271,,,,,,,,,
mps,float32,16,256,run-1,20260731,340,0.1699995845556259,0.0005,0.4547122120857239,0.1400961875915527,0.5831048488616943,0.535703182220459,0.4157615005970001,0.0077207777649164,0.0090079605579376,0.0039437911473214,1.000422477722168,0.9998747706413268,1.0008150339126587,0.0008150339126586,0.848674476146698,False,0.1158470420050434,3659008.0,42663936.0,12713115648.0,790282240,canonical,mps_n16_run-1,c498cf6ab4e62f6cac004a7c748253538b14f3420f098f9676835d7b1d310096,15ff9f6fdda89a25e29f2b02602d24933809e1208261de5d939ee54f5666576d,f810171a4e29e7a46007845ce2a7dc4941c15c0a61422202fdeab38816fc9fd3,ff28176c545413470d865f515dbc8434e38626362dbf0e85daff1cd74cf31468,635769a8027e5e6f8a01a06d9157308f97d4ff8816ec096317f44fd4597aa271,,,,,,,,,
mps,float32,16,256,run-1,20260731,360,0.1799994558095932,0.0005,0.4771302342414856,0.1428822576999664,0.562262237071991,0.5674588084220886,0.4366446435451507,0.0077140554785728,0.0089853452518582,0.0039356681518256,1.000438213348389,0.999899923801422,1.0008281469345093,0.0008281469345092,0.8410335183143616,False,0.0986000829725526,3652864.0,42663936.0,12713115648.0,790282240,canonical,mps_n16_run-1,c498cf6ab4e62f6cac004a7c748253538b14f3420f098f9676835d7b1d310096,15ff9f6fdda89a25e29f2b02602d24933809e1208261de5d939ee54f5666576d,f810171a4e29e7a46007845ce2a7dc4941c15c0a61422202fdeab38816fc9fd3,ff28176c545413470d865f515dbc8434e38626362dbf0e85daff1cd74cf31468,635769a8027e5e6f8a01a06d9157308f97d4ff8816ec096317f44fd4597aa271,,,,,,,,,
mps,float32,16,256,run-1,20260731,380,0.1899993270635604,0.0005,0.4994241893291473,0.1453673243522644,0.5419162511825562,0.5991078615188599,0.457030177116394,0.0077239200472831,0.0089634358882904,0.0039313537999987,1.000429630279541,0.9999128580093384,1.0008132457733154,0.0008132457733154,0.8406860828399658,False,0.0971198750194162,3656960.0,42663936.0,12713115648.0,790282240,canonical,mps_n16_run-1,c498cf6ab4e62f6cac004a7c748253538b14f3420f098f9676835d7b1d310096,15ff9f6fdda89a25e29f2b02602d24933809e1208261de5d939ee54f5666576d,f810171a4e29e7a46007845ce2a7dc4941c15c0a61422202fdeab38816fc9fd3,ff28176c545413470d865f515dbc8434e38626362dbf0e85daff1cd74cf31468,635769a8027e5e6f8a01a06d9157308f97d4ff8816ec096317f44fd4597aa271,,,,,,,,,
mps,float32,16,256,run-1,20260731,400,0.1999991983175277,0.0005,0.5204342007637024,0.1472394615411758,0.5223608613014221,0.631525456905365,0.4766235947608948,0.0076715517789125,0.0090174991637468,0.0039359894581139,1.0003972053527832,0.9999026656150818,1.0007917881011963,0.0007917881011962,0.8468359708786011,False,0.1201267910073511,3659008.0,44466176.0,12713115648.0,790282240,canonical,mps_n16_run-1,c498cf6ab4e62f6cac004a7c748253538b14f3420f098f9676835d7b1d310096,15ff9f6fdda89a25e29f2b02602d24933809e1208261de5d939ee54f5666576d,f810171a4e29e7a46007845ce2a7dc4941c15c0a61422202fdeab38816fc9fd3,ff28176c545413470d865f515dbc8434e38626362dbf0e85daff1cd74cf31468,635769a8027e5e6f8a01a06d9157308f97d4ff8816ec096317f44fd4597aa271,,,,,,,,,
mps,float32,16,256,run-2,20260731,0,0.0,0.0005,4.5163748296772617e-08,2.2559955681344945e-08,0.998059630393982,0.0,0.0,0.0013431929983198,0.0003144275397062,0.0,1.0,1.0,1.0,0.0,0.9325386881828308,False,0.0,3874816.0,28934144.0,12713115648.0,563085312,canonical,mps_n16_run-2,c498cf6ab4e62f6cac004a7c748253538b14f3420f098f9676835d7b1d310096,92c9ba0d091e388e250c60a075be05d0a6964ebc6c74c5a83f3d976054f7044d,072653fe524c1349abc52461c4b356617d2b1567b1e4a42803c7956d24ebc836,756ffa2a45d47aa2355cd73ed81d828186548e411cca0f0bf7c81bcdbf7cd99d,aa6aac454be4a30f8a5b68438e0d05cc50cd7a62b889539d09bc8ffb4a05d3f2,,,,,,,,,
mps,float32,16,256,run-2,20260731,20,0.0100000007078051,0.0005,0.1539984047412872,0.0747674778103828,0.9537614583969116,0.0115484250709414,0.0443842932581901,0.0038345172069966,0.0023157782852649,0.001168888178654,1.0000598430633545,0.9991950988769532,1.0010583400726318,0.0010583400726318,0.935041069984436,False,0.1075037090340629,3015424.0,31064064.0,12713115648.0,563085312,canonical,mps_n16_run-2,c498cf6ab4e62f6cac004a7c748253538b14f3420f098f9676835d7b1d310096,92c9ba0d091e388e250c60a075be05d0a6964ebc6c74c5a83f3d976054f7044d,072653fe524c1349abc52461c4b356617d2b1567b1e4a42803c7956d24ebc836,756ffa2a45d47aa2355cd73ed81d828186548e411cca0f0bf7c81bcdbf7cd99d,aa6aac454be4a30f8a5b68438e0d05cc50cd7a62b889539d09bc8ffb4a05d3f2,,,,,,,,,
mps,float32,16,256,run-2,20260731,40,0.0199999939650297,0.0005,0.1528882980346679,0.0721474513411521,0.9162372350692748,0.0286186095327138,0.0819814726710319,0.0053883083164691,0.0032598134130239,0.0018302794778719,1.0001637935638428,0.9994515180587769,1.0009526014328003,0.0009526014328002,0.9307451248168944,False,0.0965146250091493,3017728.0,32866304.0,12713115648.0,563085312,canonical,mps_n16_run-2,c498cf6ab4e62f6cac004a7c748253538b14f3420f098f9676835d7b1d310096,92c9ba0d091e388e250c60a075be05d0a6964ebc6c74c5a83f3d976054f7044d,072653fe524c1349abc52461c4b356617d2b1567b1e4a42803c7956d24ebc836,756ffa2a45d47aa2355cd73ed81d828186548e411cca0f0bf7c81bcdbf7cd99d,aa6aac454be4a30f8a5b68438e0d05cc50cd7a62b889539d09bc8ffb4a05d3f2,,,,,,,,,
mps,float32,16,256,run-2,20260731,60,0.0299999769777059,0.0005,0.1868599206209182,0.0857070386409759,0.8834937810897827,0.0498876646161079,0.1147885844111442,0.0062668174505233,0.0039011547341942,0.0022281350102275,1.0002741813659668,0.9996292591094972,1.0009807348251345,0.0009807348251342,0.934455931186676,False,0.0730074169696308,2889216.0,35160064.0,12713115648.0,563085312,canonical,mps_n16_run-2,c498cf6ab4e62f6cac004a7c748253538b14f3420f098f9676835d7b1d310096,92c9ba0d091e388e250c60a075be05d0a6964ebc6c74c5a83f3d976054f7044d,072653fe524c1349abc52461c4b356617d2b1567b1e4a42803c7956d24ebc836,756ffa2a45d47aa2355cd73ed81d828186548e411cca0f0bf7c81bcdbf7cd99d,aa6aac454be4a30f8a5b68438e0d05cc50cd7a62b889539d09bc8ffb4a05d3f2,,,,,,,,,
mps,float32,16,256,run-2,20260731,80,0.0399999916553497,0.0005,0.2178113758563995,0.0971035882830619,0.854197084903717,0.0744561627507209,0.1441422402858734,0.0065961629152297,0.0043132798746228,0.0024148018565028,1.000353217124939,0.99977445602417,1.0009912252426147,0.0009912252426147,0.9501585364341736,False,0.1053517920081503,3015424.0,36765696.0,12713115648.0,563085312,canonical,mps_n16_run-2,c498cf6ab4e62f6cac004a7c748253538b14f3420f098f9676835d7b1d310096,92c9ba0d091e388e250c60a075be05d0a6964ebc6c74c5a83f3d976054f7044d,072653fe524c1349abc52461c4b356617d2b1567b1e4a42803c7956d24ebc836,756ffa2a45d47aa2355cd73ed81d828186548e411cca0f0bf7c81bcdbf7cd99d,aa6aac454be4a30f8a5b68438e0d05cc50cd7a62b889539d09bc8ffb4a05d3f2,,,,,,,,,
mps,float32,16,256,run-2,20260731,100,0.0500000119209289,0.0005,0.2493796050548553,0.1080618575215339,0.8279317617416382,0.1023297533392906,0.1704586148262024,0.0065249502658843,0.0045775594189763,0.002454379806295,1.0003870725631714,0.9998756647109984,1.0009604692459106,0.0009604692459106,0.9634444713592528,False,0.218032167002093,3017728.0,39059456.0,12713115648.0,572489728,canonical,mps_n16_run-2,c498cf6ab4e62f6cac004a7c748253538b14f3420f098f9676835d7b1d310096,92c9ba0d091e388e250c60a075be05d0a6964ebc6c74c5a83f3d976054f7044d,072653fe524c1349abc52461c4b356617d2b1567b1e4a42803c7956d24ebc836,756ffa2a45d47aa2355cd73ed81d828186548e411cca0f0bf7c81bcdbf7cd99d,aa6aac454be4a30f8a5b68438e0d05cc50cd7a62b889539d09bc8ffb4a05d3f2,,,,,,,,,
mps,float32,16,256,run-2,20260731,120,0.0600000321865081,0.0005,0.2778967022895813,0.1170455515384674,0.803978681564331,0.1330302953720092,0.1944582760334015,0.00647116266191,0.0049529233947396,0.0025291964411735,1.0003774166107178,0.999839186668396,1.0009201765060425,0.0009201765060424,0.97230726480484,False,0.1786568749812431,2889216.0,39714816.0,12713115648.0,572489728,canonical,mps_n16_run-2,c498cf6ab4e62f6cac004a7c748253538b14f3420f098f9676835d7b1d310096,92c9ba0d091e388e250c60a075be05d0a6964ebc6c74c5a83f3d976054f7044d,072653fe524c1349abc52461c4b356617d2b1567b1e4a42803c7956d24ebc836,756ffa2a45d47aa2355cd73ed81d828186548e411cca0f0bf7c81bcdbf7cd99d,aa6aac454be4a30f8a5b68438e0d05cc50cd7a62b889539d09bc8ffb4a05d3f2,,,,,,,,,
mps,float32,16,256,run-2,20260731,140,0.0700000524520874,0.0005,0.3015830218791961,0.1234643086791038,0.7816120386123657,0.1659025102853775,0.2168684005737304,0.0064911376684904,0.0054505672305822,0.0026599061675369,1.0003373622894287,0.9997475743293762,1.0008764266967771,0.0008764266967773,0.9744580388069152,False,0.1179431659984402,3015424.0,40206336.0,12713115648.0,572489728,canonical,mps_n16_run-2,c498cf6ab4e62f6cac004a7c748253538b14f3420f098f9676835d7b1d310096,92c9ba0d091e388e250c60a075be05d0a6964ebc6c74c5a83f3d976054f7044d,072653fe524c1349abc52461c4b356617d2b1567b1e4a42803c7956d24ebc836,756ffa2a45d47aa2355cd73ed81d828186548e411cca0f0bf7c81bcdbf7cd99d,aa6aac454be4a30f8a5b68438e0d05cc50cd7a62b889539d09bc8ffb4a05d3f2,,,,,,,,,
mps,float32,16,256,run-2,20260731,160,0.0800000727176666,0.0005,0.3197881579399109,0.1272511184215545,0.760371208190918,0.2005141675472259,0.2381505221128463,0.0065975002944469,0.006053795106709,0.0028462011832743,1.0002851486206057,0.9996767044067384,1.0008119344711304,0.0008119344711303,0.9883366227149964,False,0.1065143749583512,3017728.0,40206336.0,12713115648.0,572489728,canonical,mps_n16_run-2,c498cf6ab4e62f6cac004a7c748253538b14f3420f098f9676835d7b1d310096,92c9ba0d091e388e250c60a075be05d0a6964ebc6c74c5a83f3d976054f7044d,072653fe524c1349abc52461c4b356617d2b1567b1e4a42803c7956d24ebc836,756ffa2a45d47aa2355cd73ed81d828186548e411cca0f0bf7c81bcdbf7cd99d,aa6aac454be4a30f8a5b68438e0d05cc50cd7a62b889539d09bc8ffb4a05d3f2,,,,,,,,,
mps,float32,16,256,run-2,20260731,180,0.0900000929832458,0.0005,0.3335289359092712,0.1290022432804107,0.7401422262191772,0.236880287528038,0.2584188282489776,0.0068595567718148,0.0067341960966587,0.003096024505794,1.000236988067627,0.9996431469917296,1.000738501548767,0.000738501548767,1.0044877529144287,False,0.1044145839987322,2889216.0,40206336.0,12713115648.0,572489728,canonical,mps_n16_run-2,c498cf6ab4e62f6cac004a7c748253538b14f3420f098f9676835d7b1d310096,92c9ba0d091e388e250c60a075be05d0a6964ebc6c74c5a83f3d976054f7044d,072653fe524c1349abc52461c4b356617d2b1567b1e4a42803c7956d24ebc836,756ffa2a45d47aa2355cd73ed81d828186548e411cca0f0bf7c81bcdbf7cd99d,aa6aac454be4a30f8a5b68438e0d05cc50cd7a62b889539d09bc8ffb4a05d3f2,,,,,,,,,
mps,float32,16,256,run-2,20260731,200,0.100000113248825,0.0005,0.3446601927280426,0.1295739114284515,0.7207883596420288,0.274955004453659,0.2778103351593017,0.0071955248713493,0.0074610309675335,0.0033787053544074,1.00020432472229,0.9996544122695924,1.0006645917892456,0.0006645917892456,1.0113937854766846,False,0.181883958983235,3015424.0,40206336.0,12713115648.0,572489728,canonical,mps_n16_run-2,c498cf6ab4e62f6cac004a7c748253538b14f3420f098f9676835d7b1d310096,92c9ba0d091e388e250c60a075be05d0a6964ebc6c74c5a83f3d976054f7044d,072653fe524c1349abc52461c4b356617d2b1567b1e4a42803c7956d24ebc836,756ffa2a45d47aa2355cd73ed81d828186548e411cca0f0bf7c81bcdbf7cd99d,aa6aac454be4a30f8a5b68438e0d05cc50cd7a62b889539d09bc8ffb4a05d3f2,,,,,,,,,
mps,float32,16,256,run-2,20260731,220,0.1100001335144043,0.0005,0.3551743030548095,0.1297859400510788,0.7020385265350342,0.3144035637378692,0.2965966165065765,0.0076037850230932,0.0081116314977407,0.0036576045677065,1.0001931190490725,0.9996955394744872,1.00059175491333,0.00059175491333,1.009277582168579,False,0.1323038340196944,3659008.0,40206336.0,12713115648.0,572489728,canonical,mps_n16_run-2,c498cf6ab4e62f6cac004a7c748253538b14f3420f098f9676835d7b1d310096,92c9ba0d091e388e250c60a075be05d0a6964ebc6c74c5a83f3d976054f7044d,072653fe524c1349abc52461c4b356617d2b1567b1e4a42803c7956d24ebc836,756ffa2a45d47aa2355cd73ed81d828186548e411cca0f0bf7c81bcdbf7cd99d,aa6aac454be4a30f8a5b68438e0d05cc50cd7a62b889539d09bc8ffb4a05d3f2,,,,,,,,,
mps,float32,16,256,run-2,20260731,240,0.1200001537799835,0.0005,0.3666996955871582,0.1302425116300583,0.6835377216339111,0.3546216785907745,0.3151333928108215,0.0079288892447948,0.0085874879732728,0.0038678115233778,1.000205159187317,0.9997103214263916,1.0005955696105957,0.0005955696105957,0.9996155500411988,False,0.1052964159753173,3652864.0,40697856.0,12713115648.0,572489728,canonical,mps_n16_run-2,c498cf6ab4e62f6cac004a7c748253538b14f3420f098f9676835d7b1d310096,92c9ba0d091e388e250c60a075be05d0a6964ebc6c74c5a83f3d976054f7044d,072653fe524c1349abc52461c4b356617d2b1567b1e4a42803c7956d24ebc836,756ffa2a45d47aa2355cd73ed81d828186548e411cca0f0bf7c81bcdbf7cd99d,aa6aac454be4a30f8a5b68438e0d05cc50cd7a62b889539d09bc8ffb4a05d3f2,,,,,,,,,
mps,float32,16,256,run-2,20260731,260,0.1300000995397567,0.0005,0.3800725638866424,0.1312083154916763,0.664715588092804,0.3943963944911957,0.3339921236038208,0.0080649033188819,0.0088510923087596,0.0039742896333336,1.0002378225326538,0.999720573425293,1.0006563663482666,0.0006563663482666,0.983772873878479,False,0.1970307499868795,3656960.0,42336256.0,12713115648.0,572489728,canonical,mps_n16_run-2,c498cf6ab4e62f6cac004a7c748253538b14f3420f098f9676835d7b1d310096,92c9ba0d091e388e250c60a075be05d0a6964ebc6c74c5a83f3d976054f7044d,072653fe524c1349abc52461c4b356617d2b1567b1e4a42803c7956d24ebc836,756ffa2a45d47aa2355cd73ed81d828186548e411cca0f0bf7c81bcdbf7cd99d,aa6aac454be4a30f8a5b68438e0d05cc50cd7a62b889539d09bc8ffb4a05d3f2,,,,,,,,,
mps,float32,16,256,run-2,20260731,280,0.139999970793724,0.0005,0.3956729769706726,0.1327641755342483,0.6452122330665588,0.4326944947242737,0.353533387184143,0.0080292914062738,0.0089843021705746,0.0040047168731689,1.0002851486206057,0.9997889995574952,1.0006790161132812,0.0006790161132812,0.9617790579795836,False,0.1014489160152152,3659008.0,42663936.0,12713115648.0,572489728,canonical,mps_n16_run-2,c498cf6ab4e62f6cac004a7c748253538b14f3420f098f9676835d7b1d310096,92c9ba0d091e388e250c60a075be05d0a6964ebc6c74c5a83f3d976054f7044d,072653fe524c1349abc52461c4b356617d2b1567b1e4a42803c7956d24ebc836,756ffa2a45d47aa2355cd73ed81d828186548e411cca0f0bf7c81bcdbf7cd99d,aa6aac454be4a30f8a5b68438e0d05cc50cd7a62b889539d09bc8ffb4a05d3f2,,,,,,,,,
mps,float32,16,256,run-2,20260731,300,0.1499998420476913,0.0005,0.4134496748447418,0.1348388493061065,0.6249406337738037,0.4689057171344757,0.3738443851470947,0.0078928731381893,0.0090115210041403,0.0039823898114264,1.000338077545166,0.9998209476470948,1.0007047653198242,0.0007047653198242,0.928225040435791,False,0.1030445420183241,3652864.0,42663936.0,12713115648.0,572489728,canonical,mps_n16_run-2,c498cf6ab4e62f6cac004a7c748253538b14f3420f098f9676835d7b1d310096,92c9ba0d091e388e250c60a075be05d0a6964ebc6c74c5a83f3d976054f7044d,072653fe524c1349abc52461c4b356617d2b1567b1e4a42803c7956d24ebc836,756ffa2a45d47aa2355cd73ed81d828186548e411cca0f0bf7c81bcdbf7cd99d,aa6aac454be4a30f8a5b68438e0d05cc50cd7a62b889539d09bc8ffb4a05d3f2,,,,,,,,,
mps,float32,16,256,run-2,20260731,320,0.1599997133016586,0.0005,0.4332204163074493,0.1373248696327209,0.6041111946105957,0.5030601024627686,0.3947143256664276,0.0077751968055963,0.0090144230052828,0.0039574983529746,1.0003867149353027,0.999842643737793,1.0007705688476562,0.0007705688476562,0.8788530826568604,False,0.1485925830202177,3656960.0,42663936.0,12713115648.0,572489728,canonical,mps_n16_run-2,c498cf6ab4e62f6cac004a7c748253538b14f3420f098f9676835d7b1d310096,92c9ba0d091e388e250c60a075be05d0a6964ebc6c74c5a83f3d976054f7044d,072653fe524c1349abc52461c4b356617d2b1567b1e4a42803c7956d24ebc836,756ffa2a45d47aa2355cd73ed81d828186548e411cca0f0bf7c81bcdbf7cd99d,aa6aac454be4a30f8a5b68438e0d05cc50cd7a62b889539d09bc8ffb4a05d3f2,,,,,,,,,
mps,float32,16,256,run-2,20260731,340,0.1699995845556259,0.0005,0.4547073245048523,0.1400946825742721,0.5831085443496704,0.5357130169868469,0.415757805109024,0.0077209267765283,0.0090092420578002,0.0039442018605768,1.0004225969314575,0.999874711036682,1.0008150339126587,0.0008150339126586,0.848670482635498,False,0.0953540420159697,3659008.0,42663936.0,12713115648.0,572489728,canonical,mps_n16_run-2,c498cf6ab4e62f6cac004a7c748253538b14f3420f098f9676835d7b1d310096,92c9ba0d091e388e250c60a075be05d0a6964ebc6c74c5a83f3d976054f7044d,072653fe524c1349abc52461c4b356617d2b1567b1e4a42803c7956d24ebc836,756ffa2a45d47aa2355cd73ed81d828186548e411cca0f0bf7c81bcdbf7cd99d,aa6aac454be4a30f8a5b68438e0d05cc50cd7a62b889539d09bc8ffb4a05d3f2,,,,,,,,,
mps,float32,16,256,run-2,20260731,360,0.1799994558095932,0.0005,0.4771263003349304,0.1428810805082321,0.5622658729553223,0.56746906042099,0.4366410076618194,0.0077141001820564,0.0089865941554307,0.0039360462687909,1.000438213348389,0.9998999834060668,1.0008281469345093,0.0008281469345092,0.8410406112670898,False,0.0963355000130832,3652864.0,42663936.0,12713115648.0,572489728,canonical,mps_n16_run-2,c498cf6ab4e62f6cac004a7c748253538b14f3420f098f9676835d7b1d310096,92c9ba0d091e388e250c60a075be05d0a6964ebc6c74c5a83f3d976054f7044d,072653fe524c1349abc52461c4b356617d2b1567b1e4a42803c7956d24ebc836,756ffa2a45d47aa2355cd73ed81d828186548e411cca0f0bf7c81bcdbf7cd99d,aa6aac454be4a30f8a5b68438e0d05cc50cd7a62b889539d09bc8ffb4a05d3f2,,,,,,,,,
mps,float32,16,256,run-2,20260731,380,0.1899993270635604,0.0005,0.4994224607944488,0.1453668177127838,0.5419200658798218,0.599119246006012,0.4570263624191284,0.0077236797660589,0.0089647527784109,0.0039316895417869,1.000429630279541,0.9999128580093384,1.0008130073547363,0.0008130073547363,0.8406858444213867,False,0.0882328340085223,3656960.0,42663936.0,12713115648.0,572489728,canonical,mps_n16_run-2,c498cf6ab4e62f6cac004a7c748253538b14f3420f098f9676835d7b1d310096,92c9ba0d091e388e250c60a075be05d0a6964ebc6c74c5a83f3d976054f7044d,072653fe524c1349abc52461c4b356617d2b1567b1e4a42803c7956d24ebc836,756ffa2a45d47aa2355cd73ed81d828186548e411cca0f0bf7c81bcdbf7cd99d,aa6aac454be4a30f8a5b68438e0d05cc50cd7a62b889539d09bc8ffb4a05d3f2,,,,,,,,,
mps,float32,16,256,run-2,20260731,400,0.1999991983175277,0.0005,0.520431637763977,0.1472387462854385,0.5223652124404907,0.6315390467643738,0.4766192436218261,0.0076713263988494,0.0090189855545759,0.0039363801479339,1.0003972053527832,0.9999024271965028,1.0007919073104858,0.0007919073104858,0.8468287587165833,False,0.1073091250145807,3659008.0,44466176.0,12713115648.0,572489728,canonical,mps_n16_run-2,c498cf6ab4e62f6cac004a7c748253538b14f3420f098f9676835d7b1d310096,92c9ba0d091e388e250c60a075be05d0a6964ebc6c74c5a83f3d976054f7044d,072653fe524c1349abc52461c4b356617d2b1567b1e4a42803c7956d24ebc836,756ffa2a45d47aa2355cd73ed81d828186548e411cca0f0bf7c81bcdbf7cd99d,aa6aac454be4a30f8a5b68438e0d05cc50cd7a62b889539d09bc8ffb4a05d3f2,,,,,,,,,
mps,float32,32,1024,run-1,20260731,0,0.0,0.0005,5.2161407637640884e-08,2.60807020424636e-08,1.0,0.0,0.0,-1.0890827979892492e-05,0.0001374125713482,0.0,1.0,1.0,1.0,0.0,0.9916832447052002,False,0.0,7415808.0,48545792.0,12713115648.0,597311488,canonical,mps_n32_run-1,6cfaf2b862c1df55a1270210c502f7cbed3f6210f39ca19da11e4fcd2dd17783,d4a6ce4e341eb4b323c35f93c3efaa27a6b9839e15c56e285b763a6298b2b37e,cd7b7d5af7949d280dc9586eff6667cb8db73f0854add1ffb0cb1f248702bbd0,d8dd39b5030de340e62a4aa6e2d026311cad59c51d01e50c9f91f55a98511c08,81e431c07325a9408cd398dbaf427229111de683e3d56ae87e0721eb32abc369,,,,,,,,,
mps,float32,32,1024,run-1,20260731,20,0.0100000007078051,0.0005,0.0069474815391004,0.0034491580445319,0.9981098771095276,0.0123878801241517,0.0018901228904724,-1.0973599273711445e-05,0.0001376523141516,9.357977859281165e-08,1.0000028610229492,0.999843418598175,1.0001739263534546,0.0001739263534545,0.9937260746955872,False,0.1776389579754322,7952128.0,65191936.0,12713115648.0,664469504,canonical,mps_n32_run-1,6cfaf2b862c1df55a1270210c502f7cbed3f6210f39ca19da11e4fcd2dd17783,d4a6ce4e341eb4b323c35f93c3efaa27a6b9839e15c56e285b763a6298b2b37e,cd7b7d5af7949d280dc9586eff6667cb8db73f0854add1ffb0cb1f248702bbd0,d8dd39b5030de340e62a4aa6e2d026311cad59c51d01e50c9f91f55a98511c08,81e431c07325a9408cd398dbaf427229111de683e3d56ae87e0721eb32abc369,,,,,,,,,
mps,float32,32,1024,run-1,20260731,40,0.0199999939650297,0.0005,0.0130025595426559,0.0064095975831151,0.9963165521621704,0.0250226203352212,0.0036834478378295,-1.1085649020969868e-05,0.00013770305668,1.2905114488148686e-07,1.0000107288360596,0.9998760223388672,1.000153422355652,0.0001534223556518,0.9939581155776978,False,0.2133790419902652,7713536.0,81444864.0,12713115648.0,790642688,canonical,mps_n32_run-1,6cfaf2b862c1df55a1270210c502f7cbed3f6210f39ca19da11e4fcd2dd17783,d4a6ce4e341eb4b323c35f93c3efaa27a6b9839e15c56e285b763a6298b2b37e,cd7b7d5af7949d280dc9586eff6667cb8db73f0854add1ffb0cb1f248702bbd0,d8dd39b5030de340e62a4aa6e2d026311cad59c51d01e50c9f91f55a98511c08,81e431c07325a9408cd398dbaf427229111de683e3d56ae87e0721eb32abc369,,,,,,,,,
mps,float32,32,1024,run-1,20260731,60,0.0299999769777059,0.0005,0.0187426004558801,0.0091737881302833,0.994508683681488,0.0377934612333774,0.0054913163185119,-1.1193333193659782e-05,0.0001377551234327,1.6861712026638997e-07,1.0000231266021729,0.9999759197235109,1.0000746250152588,7.462501525878906e-05,0.993840217590332,False,0.1731504169874824,6958848.0,115261440.0,12713115648.0,918421504,canonical,mps_n32_run-1,6cfaf2b862c1df55a1270210c502f7cbed3f6210f39ca19da11e4fcd2dd17783,d4a6ce4e341eb4b323c35f93c3efaa27a6b9839e15c56e285b763a6298b2b37e,cd7b7d5af7949d280dc9586eff6667cb8db73f0854add1ffb0cb1f248702bbd0,d8dd39b5030de340e62a4aa6e2d026311cad59c51d01e50c9f91f55a98511c08,81e431c07325a9408cd398dbaf427229111de683e3d56ae87e0721eb32abc369,,,,,,,,,
mps,float32,32,1024,run-1,20260731,80,0.0399999916553497,0.0005,0.0250586308538913,0.0121784945949912,0.9926028251647948,0.0506133176386356,0.007397174835205,-1.1314870789647102e-05,0.0001377394946757,1.975559769107349e-07,1.0000388622283936,0.999894082546234,1.000186324119568,0.0001863241195678,0.9926168322563172,False,0.1340734580298885,7825152.0,165986304.0,12713115648.0,1001553920,canonical,mps_n32_run-1,6cfaf2b862c1df55a1270210c502f7cbed3f6210f39ca19da11e4fcd2dd17783,d4a6ce4e341eb4b323c35f93c3efaa27a6b9839e15c56e285b763a6298b2b37e,cd7b7d5af7949d280dc9586eff6667cb8db73f0854add1ffb0cb1f248702bbd0,d8dd39b5030de340e62a4aa6e2d026311cad59c51d01e50c9f91f55a98511c08,81e431c07325a9408cd398dbaf427229111de683e3d56ae87e0721eb32abc369,,,,,,,,,
mps,float32,32,1024,run-1,20260731,100,0.0500000119209289,0.0005,0.0314097478985786,0.0151571938768029,0.9907597303390504,0.0636521503329277,0.0092402696609497,-1.1386815458536148e-05,0.000137726572575,2.165912320606367e-07,1.0000576972961426,0.9999416470527648,1.0001766681671145,0.0001766681671142,0.9906246066093444,False,0.1882938340422697,7713536.0,206487552.0,12713115648.0,1023000576,canonical,mps_n32_run-1,6cfaf2b862c1df55a1270210c502f7cbed3f6210f39ca19da11e4fcd2dd17783,d4a6ce4e341eb4b323c35f93c3efaa27a6b9839e15c56e285b763a6298b2b37e,cd7b7d5af7949d280dc9586eff6667cb8db73f0854add1ffb0cb1f248702bbd0,d8dd39b5030de340e62a4aa6e2d026311cad59c51d01e50c9f91f55a98511c08,81e431c07325a9408cd398dbaf427229111de683e3d56ae87e0721eb32abc369,,,,,,,,,
mps,float32,32,1024,run-1,20260731,120,0.0600000321865081,0.0005,0.0377034060657024,0.0180656444281339,0.9888872504234314,0.0768147781491279,0.0111127495765686,-1.1465512216091156e-05,0.0001376977015752,2.3670108362239267e-07,1.0000803470611572,1.000007152557373,1.0001566410064695,0.0001566410064697,0.987096905708313,False,0.2173480830388143,7788288.0,237879296.0,12713115648.0,1052950528,canonical,mps_n32_run-1,6cfaf2b862c1df55a1270210c502f7cbed3f6210f39ca19da11e4fcd2dd17783,d4a6ce4e341eb4b323c35f93c3efaa27a6b9839e15c56e285b763a6298b2b37e,cd7b7d5af7949d280dc9586eff6667cb8db73f0854add1ffb0cb1f248702bbd0,d8dd39b5030de340e62a4aa6e2d026311cad59c51d01e50c9f91f55a98511c08,81e431c07325a9408cd398dbaf427229111de683e3d56ae87e0721eb32abc369,,,,,,,,,
mps,float32,32,1024,run-1,20260731,140,0.0700000524520874,0.0005,0.044062290340662,0.0209632683545351,0.9869441390037536,0.090055912733078,0.0130558609962463,-1.1497177183628082e-05,0.000137691560667,2.4626581307529705e-07,1.000108242034912,0.9999763369560242,1.0002431869506836,0.0002431869506835,0.9872000813484192,False,0.2149210829520598,7886080.0,242565120.0,12713115648.0,1052950528,canonical,mps_n32_run-1,6cfaf2b862c1df55a1270210c502f7cbed3f6210f39ca19da11e4fcd2dd17783,d4a6ce4e341eb4b323c35f93c3efaa27a6b9839e15c56e285b763a6298b2b37e,cd7b7d5af7949d280dc9586eff6667cb8db73f0854add1ffb0cb1f248702bbd0,d8dd39b5030de340e62a4aa6e2d026311cad59c51d01e50c9f91f55a98511c08,81e431c07325a9408cd398dbaf427229111de683e3d56ae87e0721eb32abc369,,,,,,,,,
mps,float32,32,1024,run-1,20260731,160,0.0800000727176666,0.0005,0.0504416152834892,0.0238287076354026,0.985015630722046,0.103468932211399,0.0149843692779541,-1.1528842151165009e-05,0.0001376970903947,2.577500879397121e-07,1.0001435279846191,1.0000348091125488,1.000255823135376,0.0002558231353759,0.9879995584487916,False,0.1294015829917043,7967488.0,248528896.0,12713115648.0,1052950528,canonical,mps_n32_run-1,6cfaf2b862c1df55a1270210c502f7cbed3f6210f39ca19da11e4fcd2dd17783,d4a6ce4e341eb4b323c35f93c3efaa27a6b9839e15c56e285b763a6298b2b37e,cd7b7d5af7949d280dc9586eff6667cb8db73f0854add1ffb0cb1f248702bbd0,d8dd39b5030de340e62a4aa6e2d026311cad59c51d01e50c9f91f55a98511c08,81e431c07325a9408cd398dbaf427229111de683e3d56ae87e0721eb32abc369,,,,,,,,,
mps,float32,32,1024,run-1,20260731,180,0.0900000929832458,0.0005,0.0568510591983795,0.0266667623072862,0.9830179810523988,0.1169608831405639,0.0169820189476013,-1.1542346328496931e-05,0.0001377087610308,2.640612706272805e-07,1.0001890659332275,1.0001003742218018,1.0002822875976562,0.0002822875976562,0.988035261631012,False,0.1881397499819286,7788288.0,251510784.0,12713115648.0,1052950528,canonical,mps_n32_run-1,6cfaf2b862c1df55a1270210c502f7cbed3f6210f39ca19da11e4fcd2dd17783,d4a6ce4e341eb4b323c35f93c3efaa27a6b9839e15c56e285b763a6298b2b37e,cd7b7d5af7949d280dc9586eff6667cb8db73f0854add1ffb0cb1f248702bbd0,d8dd39b5030de340e62a4aa6e2d026311cad59c51d01e50c9f91f55a98511c08,81e431c07325a9408cd398dbaf427229111de683e3d56ae87e0721eb32abc369,,,,,,,,,
mps,float32,32,1024,run-1,20260731,200,0.100000113248825,0.0005,0.0632106065750122,0.0294403377920389,0.9809013605117798,0.1304716765880584,0.0190986394882202,-1.1544208973646164e-05,0.0001377029111608,2.638032299273618e-07,1.000247359275818,1.0001240968704224,1.0003761053085327,0.0003761053085327,0.986874222755432,False,0.210498499975074,7886080.0,256196608.0,12713115648.0,1052950528,canonical,mps_n32_run-1,6cfaf2b862c1df55a1270210c502f7cbed3f6210f39ca19da11e4fcd2dd17783,d4a6ce4e341eb4b323c35f93c3efaa27a6b9839e15c56e285b763a6298b2b37e,cd7b7d5af7949d280dc9586eff6667cb8db73f0854add1ffb0cb1f248702bbd0,d8dd39b5030de340e62a4aa6e2d026311cad59c51d01e50c9f91f55a98511c08,81e431c07325a9408cd398dbaf427229111de683e3d56ae87e0721eb32abc369,,,,,,,,,
mps,float32,32,1024,run-1,20260731,220,0.1100001335144043,0.0005,0.0695166513323783,0.0321487300097942,0.9786725640296936,0.1440039277076721,0.0213274359703063,-1.1550262570381165e-05,0.0001377020962536,2.657248501236609e-07,1.0003199577331543,1.0002142190933228,1.000430703163147,0.0004307031631469,0.984745442867279,False,0.1989051249693147,7986176.0,258883584.0,12713115648.0,1059012608,canonical,mps_n32_run-1,6cfaf2b862c1df55a1270210c502f7cbed3f6210f39ca19da11e4fcd2dd17783,d4a6ce4e341eb4b323c35f93c3efaa27a6b9839e15c56e285b763a6298b2b37e,cd7b7d5af7949d280dc9586eff6667cb8db73f0854add1ffb0cb1f248702bbd0,d8dd39b5030de340e62a4aa6e2d026311cad59c51d01e50c9f91f55a98511c08,81e431c07325a9408cd398dbaf427229111de683e3d56ae87e0721eb32abc369,,,,,,,,,
mps,float32,32,1024,run-1,20260731,240,0.1200001537799835,0.0005,0.075799249112606,0.0348067246377468,0.9762255549430848,0.1574271023273468,0.0237744450569152,-1.1547468602657318e-05,0.0001377095468342,2.6590225843392545e-07,1.0004074573516846,1.0003094673156738,1.0005100965499878,0.0005100965499877,0.9815000295639038,False,0.185259667050559,7806976.0,260161536.0,12713115648.0,1069678592,canonical,mps_n32_run-1,6cfaf2b862c1df55a1270210c502f7cbed3f6210f39ca19da11e4fcd2dd17783,d4a6ce4e341eb4b323c35f93c3efaa27a6b9839e15c56e285b763a6298b2b37e,cd7b7d5af7949d280dc9586eff6667cb8db73f0854add1ffb0cb1f248702bbd0,d8dd39b5030de340e62a4aa6e2d026311cad59c51d01e50c9f91f55a98511c08,81e431c07325a9408cd398dbaf427229111de683e3d56ae87e0721eb32abc369,,,,,,,,,
mps,float32,32,1024,run-1,20260731,260,0.1300000995397567,0.0005,0.0819086506962776,0.0373467467725276,0.9734870195388794,0.1706418693065643,0.0265129804611206,-1.1553056538105013e-05,0.0001377097796648,2.678173132153461e-07,1.0005097389221191,1.0003920793533323,1.0006314516067505,0.0006314516067504,0.9789764881134032,False,0.1206758749904111,7744768.0,263569408.0,12713115648.0,1069678592,canonical,mps_n32_run-1,6cfaf2b862c1df55a1270210c502f7cbed3f6210f39ca19da11e4fcd2dd17783,d4a6ce4e341eb4b323c35f93c3efaa27a6b9839e15c56e285b763a6298b2b37e,cd7b7d5af7949d280dc9586eff6667cb8db73f0854add1ffb0cb1f248702bbd0,d8dd39b5030de340e62a4aa6e2d026311cad59c51d01e50c9f91f55a98511c08,81e431c07325a9408cd398dbaf427229111de683e3d56ae87e0721eb32abc369,,,,,,,,,
mps,float32,32,1024,run-1,20260731,280,0.139999970793724,0.0005,0.0878653228282928,0.0397802032530307,0.9704126119613647,0.1835792958736419,0.0295873880386352,-1.1540018022060394e-05,0.0001377124572172,2.638484488670656e-07,1.0006262063980105,1.0005214214324951,1.000734806060791,0.000734806060791,0.9800899624824524,False,0.2034054580144584,7986176.0,266125312.0,12713115648.0,1069678592,canonical,mps_n32_run-1,6cfaf2b862c1df55a1270210c502f7cbed3f6210f39ca19da11e4fcd2dd17783,d4a6ce4e341eb4b323c35f93c3efaa27a6b9839e15c56e285b763a6298b2b37e,cd7b7d5af7949d280dc9586eff6667cb8db73f0854add1ffb0cb1f248702bbd0,d8dd39b5030de340e62a4aa6e2d026311cad59c51d01e50c9f91f55a98511c08,81e431c07325a9408cd398dbaf427229111de683e3d56ae87e0721eb32abc369,,,,,,,,,
mps,float32,32,1024,run-1,20260731,300,0.1499998420476913,0.0005,0.093682624399662,0.0421150177717208,0.9668956995010376,0.1960897743701934,0.0331043004989624,-1.1533498764038086e-05,0.0001377017470076,2.600204425107222e-07,1.0007559061050415,1.0006526708602903,1.000866174697876,0.0008661746978759,0.9800561666488647,False,0.1975256250007078,7806976.0,270811136.0,12713115648.0,1076117504,canonical,mps_n32_run-1,6cfaf2b862c1df55a1270210c502f7cbed3f6210f39ca19da11e4fcd2dd17783,d4a6ce4e341eb4b323c35f93c3efaa27a6b9839e15c56e285b763a6298b2b37e,cd7b7d5af7949d280dc9586eff6667cb8db73f0854add1ffb0cb1f248702bbd0,d8dd39b5030de340e62a4aa6e2d026311cad59c51d01e50c9f91f55a98511c08,81e431c07325a9408cd398dbaf427229111de683e3d56ae87e0721eb32abc369,,,,,,,,,
mps,float32,32,1024,run-1,20260731,320,0.1599997133016586,0.0005,0.0992575362324714,0.0443069264292717,0.9628573656082152,0.2080522328615188,0.0371426343917846,-1.1537224054336548e-05,0.0001376888249069,2.593640147097176e-07,1.0008982419967651,1.0007847547531128,1.0010253190994265,0.0010253190994262,0.9786323308944702,False,0.0756591669633053,7970816.0,272941056.0,12713115648.0,1076117504,canonical,mps_n32_run-1,6cfaf2b862c1df55a1270210c502f7cbed3f6210f39ca19da11e4fcd2dd17783,d4a6ce4e341eb4b323c35f93c3efaa27a6b9839e15c56e285b763a6298b2b37e,cd7b7d5af7949d280dc9586eff6667cb8db73f0854add1ffb0cb1f248702bbd0,d8dd39b5030de340e62a4aa6e2d026311cad59c51d01e50c9f91f55a98511c08,81e431c07325a9408cd398dbaf427229111de683e3d56ae87e0721eb32abc369,,,,,,,,,
mps,float32,32,1024,run-1,20260731,340,0.1699995845556259,0.0005,0.1046663448214531,0.0463924258947372,0.9582163095474244,0.21933613717556,0.0417836904525756,-1.1553987860679626e-05,0.0001376932486891,2.656946662682458e-07,1.0010533332824707,1.0009479522705078,1.0011829137802124,0.0011829137802124,0.9758369326591492,False,0.2519397499854676,7921664.0,288145408.0,12713115648.0,1076117504,canonical,mps_n32_run-1,6cfaf2b862c1df55a1270210c502f7cbed3f6210f39ca19da11e4fcd2dd17783,d4a6ce4e341eb4b323c35f93c3efaa27a6b9839e15c56e285b763a6298b2b37e,cd7b7d5af7949d280dc9586eff6667cb8db73f0854add1ffb0cb1f248702bbd0,d8dd39b5030de340e62a4aa6e2d026311cad59c51d01e50c9f91f55a98511c08,81e431c07325a9408cd398dbaf427229111de683e3d56ae87e0721eb32abc369,,,,,,,,,
mps,float32,32,1024,run-1,20260731,360,0.1799994558095932,0.0005,0.1100085079669952,0.0484171956777572,0.9528353214263916,0.2297341376543045,0.0471646785736084,-1.1537224054336548e-05,0.0001377135049551,2.6307588996132836e-07,1.001221776008606,1.0011142492294312,1.0013706684112549,0.0013706684112548,0.9715359807014464,False,0.1816608340013772,7679744.0,319111168.0,12713115648.0,1076117504,canonical,mps_n32_run-1,6cfaf2b862c1df55a1270210c502f7cbed3f6210f39ca19da11e4fcd2dd17783,d4a6ce4e341eb4b323c35f93c3efaa27a6b9839e15c56e285b763a6298b2b37e,cd7b7d5af7949d280dc9586eff6667cb8db73f0854add1ffb0cb1f248702bbd0,d8dd39b5030de340e62a4aa6e2d026311cad59c51d01e50c9f91f55a98511c08,81e431c07325a9408cd398dbaf427229111de683e3d56ae87e0721eb32abc369,,,,,,,,,
mps,float32,32,1024,run-1,20260731,380,0.1899993270635604,0.0005,0.1154458150267601,0.0504528135061264,0.9465775489807128,0.2390301823616027,0.0534224510192871,-1.1574476957321169e-05,0.0001377039588987,2.741976459219586e-07,1.0014046430587769,1.001291275024414,1.0015801191329956,0.0015801191329956,0.9672210216522216,False,0.1640786670031957,7970816.0,338575360.0,12713115648.0,1076117504,canonical,mps_n32_run-1,6cfaf2b862c1df55a1270210c502f7cbed3f6210f39ca19da11e4fcd2dd17783,d4a6ce4e341eb4b323c35f93c3efaa27a6b9839e15c56e285b763a6298b2b37e,cd7b7d5af7949d280dc9586eff6667cb8db73f0854add1ffb0cb1f248702bbd0,d8dd39b5030de340e62a4aa6e2d026311cad59c51d01e50c9f91f55a98511c08,81e431c07325a9408cd398dbaf427229111de683e3d56ae87e0721eb32abc369,,,,,,,,,
mps,float32,32,1024,run-1,20260731,400,0.1999991983175277,0.0005,0.1215790435671806,0.0527593269944191,0.939319372177124,0.2470165342092514,0.0606806278228759,-1.1566095054149628e-05,0.0001377100124955,2.722480303418706e-07,1.0016013383865356,1.0014925003051758,1.0018045902252195,0.0018045902252197,0.9698553681373596,False,0.1453832080005668,7921664.0,342409216.0,12713115648.0,1076117504,canonical,mps_n32_run-1,6cfaf2b862c1df55a1270210c502f7cbed3f6210f39ca19da11e4fcd2dd17783,d4a6ce4e341eb4b323c35f93c3efaa27a6b9839e15c56e285b763a6298b2b37e,cd7b7d5af7949d280dc9586eff6667cb8db73f0854add1ffb0cb1f248702bbd0,d8dd39b5030de340e62a4aa6e2d026311cad59c51d01e50c9f91f55a98511c08,81e431c07325a9408cd398dbaf427229111de683e3d56ae87e0721eb32abc369,,,,,,,,,
mps,float32,32,1024,run-2,20260731,0,0.0,0.0005,5.2161407637640884e-08,2.60807020424636e-08,1.0,0.0,0.0,-1.0890827979892492e-05,0.0001374125713482,0.0,1.0,1.0,1.0,0.0,0.9916832447052002,False,0.0,7415808.0,48545792.0,12713115648.0,604258304,canonical,mps_n32_run-2,6cfaf2b862c1df55a1270210c502f7cbed3f6210f39ca19da11e4fcd2dd17783,2e5e6ca76521a058ddd21c4ab34974c6e177c44ef53324ee3e40066e698f72a4,c3d62c621fe16055df1049c995c0f4f14d6ab4a1ce8299839207c288f6bee927,728b2c3d3219cf558b41b6ccd97539eb0c360c88fde0330382d05abfc176ed0c,71f999e6d7576dea9ec670a3ea5bf54d1df814e46be7694b10397363118659ec,,,,,,,,,
mps,float32,32,1024,run-2,20260731,20,0.0100000007078051,0.0005,0.0069474792107939,0.0034491568803787,0.9981098771095276,0.0123878801241517,0.0018901228904724,-1.0971445590257645e-05,0.0001376489963149,9.216398666467285e-08,1.0000028610229492,0.999843418598175,1.0001739263534546,0.0001739263534545,0.9937260746955872,False,0.1944367079995572,7952128.0,65191936.0,12713115648.0,671481856,canonical,mps_n32_run-2,6cfaf2b862c1df55a1270210c502f7cbed3f6210f39ca19da11e4fcd2dd17783,2e5e6ca76521a058ddd21c4ab34974c6e177c44ef53324ee3e40066e698f72a4,c3d62c621fe16055df1049c995c0f4f14d6ab4a1ce8299839207c288f6bee927,728b2c3d3219cf558b41b6ccd97539eb0c360c88fde0330382d05abfc176ed0c,71f999e6d7576dea9ec670a3ea5bf54d1df814e46be7694b10397363118659ec,,,,,,,,,
mps,float32,32,1024,run-2,20260731,40,0.0199999939650297,0.0005,0.0130026340484619,0.0064096353016793,0.9963165521621704,0.0250226836651563,0.0036834478378295,-1.1087744496762753e-05,0.0001376886211801,1.2511041802554246e-07,1.0000108480453491,0.9998760223388672,1.000153422355652,0.0001534223556518,0.9939552545547484,False,0.2013150000129826,7713536.0,81444864.0,12713115648.0,797999104,canonical,mps_n32_run-2,6cfaf2b862c1df55a1270210c502f7cbed3f6210f39ca19da11e4fcd2dd17783,2e5e6ca76521a058ddd21c4ab34974c6e177c44ef53324ee3e40066e698f72a4,c3d62c621fe16055df1049c995c0f4f14d6ab4a1ce8299839207c288f6bee927,728b2c3d3219cf558b41b6ccd97539eb0c360c88fde0330382d05abfc176ed0c,71f999e6d7576dea9ec670a3ea5bf54d1df814e46be7694b10397363118659ec,,,,,,,,,
mps,float32,32,1024,run-2,20260731,60,0.0299999769777059,0.0005,0.0187426228076219,0.0091737993061542,0.994508683681488,0.0377934612333774,0.0054913163185119,-1.120404340326786e-05,0.0001377412845613,1.6752564135913417e-07,1.0000231266021729,0.9999759197235109,1.0000745058059692,7.450580596923828e-05,0.9938438534736632,False,0.1878242080565542,6958848.0,115261440.0,12713115648.0,925728768,canonical,mps_n32_run-2,6cfaf2b862c1df55a1270210c502f7cbed3f6210f39ca19da11e4fcd2dd17783,2e5e6ca76521a058ddd21c4ab34974c6e177c44ef53324ee3e40066e698f72a4,c3d62c621fe16055df1049c995c0f4f14d6ab4a1ce8299839207c288f6bee927,728b2c3d3219cf558b41b6ccd97539eb0c360c88fde0330382d05abfc176ed0c,71f999e6d7576dea9ec670a3ea5bf54d1df814e46be7694b10397363118659ec,,,,,,,,,
mps,float32,32,1024,run-2,20260731,80,0.0399999916553497,0.0005,0.0250586010515689,0.0121784815564751,0.9926028251647948,0.050613384693861,0.007397174835205,-1.1333264410495758e-05,0.0001377361622871,2.0224469210461393e-07,1.0000388622283936,0.9998939633369446,1.000186324119568,0.0001863241195678,0.9926165342330932,False,0.2832072090241126,7825152.0,165986304.0,12713115648.0,974553088,canonical,mps_n32_run-2,6cfaf2b862c1df55a1270210c502f7cbed3f6210f39ca19da11e4fcd2dd17783,2e5e6ca76521a058ddd21c4ab34974c6e177c44ef53324ee3e40066e698f72a4,c3d62c621fe16055df1049c995c0f4f14d6ab4a1ce8299839207c288f6bee927,728b2c3d3219cf558b41b6ccd97539eb0c360c88fde0330382d05abfc176ed0c,71f999e6d7576dea9ec670a3ea5bf54d1df814e46be7694b10397363118659ec,,,,,,,,,
mps,float32,32,1024,run-2,20260731,100,0.0500000119209289,0.0005,0.0314097553491592,0.0151571976020932,0.9907597303390504,0.0636521503329277,0.0092402696609497,-1.1401483789086342e-05,0.0001377190637867,2.19744421769974e-07,1.000057816505432,0.9999417662620544,1.0001766681671145,0.0001766681671142,0.9906259179115297,False,0.1566471250262111,7713536.0,206487552.0,12713115648.0,974553088,canonical,mps_n32_run-2,6cfaf2b862c1df55a1270210c502f7cbed3f6210f39ca19da11e4fcd2dd17783,2e5e6ca76521a058ddd21c4ab34974c6e177c44ef53324ee3e40066e698f72a4,c3d62c621fe16055df1049c995c0f4f14d6ab4a1ce8299839207c288f6bee927,728b2c3d3219cf558b41b6ccd97539eb0c360c88fde0330382d05abfc176ed0c,71f999e6d7576dea9ec670a3ea5bf54d1df814e46be7694b10397363118659ec,,,,,,,,,
mps,float32,32,1024,run-2,20260731,120,0.0600000321865081,0.0005,0.0377033948898315,0.0180656388401985,0.9888872504234314,0.0768148526549339,0.0111127495765686,-1.1492520570755003e-05,0.0001376867294311,2.439615798266459e-07,1.0000803470611572,1.000007152557373,1.0001565217971802,0.0001565217971801,0.987100064754486,False,0.2160670000012032,7788288.0,238305280.0,12713115648.0,974553088,canonical,mps_n32_run-2,6cfaf2b862c1df55a1270210c502f7cbed3f6210f39ca19da11e4fcd2dd17783,2e5e6ca76521a058ddd21c4ab34974c6e177c44ef53324ee3e40066e698f72a4,c3d62c621fe16055df1049c995c0f4f14d6ab4a1ce8299839207c288f6bee927,728b2c3d3219cf558b41b6ccd97539eb0c360c88fde0330382d05abfc176ed0c,71f999e6d7576dea9ec670a3ea5bf54d1df814e46be7694b10397363118659ec,,,,,,,,,
mps,float32,32,1024,run-2,20260731,140,0.0700000524520874,0.0005,0.0440622605383396,0.0209632515907287,0.9869441390037536,0.090055912733078,0.0130558609962463,-1.152465119957924e-05,0.0001376886502839,2.550791293742805e-07,1.000108242034912,0.9999763369560242,1.0002431869506836,0.0002431869506835,0.9871955513954164,False,0.3325406670337543,7886080.0,242565120.0,12713115648.0,974553088,canonical,mps_n32_run-2,6cfaf2b862c1df55a1270210c502f7cbed3f6210f39ca19da11e4fcd2dd17783,2e5e6ca76521a058ddd21c4ab34974c6e177c44ef53324ee3e40066e698f72a4,c3d62c621fe16055df1049c995c0f4f14d6ab4a1ce8299839207c288f6bee927,728b2c3d3219cf558b41b6ccd97539eb0c360c88fde0330382d05abfc176ed0c,71f999e6d7576dea9ec670a3ea5bf54d1df814e46be7694b10397363118659ec,,,,,,,,,
mps,float32,32,1024,run-2,20260731,160,0.0800000727176666,0.0005,0.050441600382328,0.0238287020474672,0.9850155711174012,0.1034688651561737,0.0149844288825988,-1.153675839304924e-05,0.000137681432534,2.581456897132739e-07,1.0001435279846191,1.0000349283218384,1.000255823135376,0.0002558231353759,0.9880044460296632,False,0.1222460420103743,7967488.0,248528896.0,12713115648.0,974553088,canonical,mps_n32_run-2,6cfaf2b862c1df55a1270210c502f7cbed3f6210f39ca19da11e4fcd2dd17783,2e5e6ca76521a058ddd21c4ab34974c6e177c44ef53324ee3e40066e698f72a4,c3d62c621fe16055df1049c995c0f4f14d6ab4a1ce8299839207c288f6bee927,728b2c3d3219cf558b41b6ccd97539eb0c360c88fde0330382d05abfc176ed0c,71f999e6d7576dea9ec670a3ea5bf54d1df814e46be7694b10397363118659ec,,,,,,,,,
mps,float32,32,1024,run-2,20260731,180,0.0900000929832458,0.0005,0.0568510517477989,0.0266667604446411,0.983017921447754,0.1169608160853385,0.016982078552246,-1.1529307812452316e-05,0.0001376777654513,2.5508791168249445e-07,1.0001890659332275,1.0001002550125122,1.0002822875976562,0.0002822875976562,0.9880367517471312,False,0.1407404170022346,7788288.0,251510784.0,12713115648.0,974553088,canonical,mps_n32_run-2,6cfaf2b862c1df55a1270210c502f7cbed3f6210f39ca19da11e4fcd2dd17783,2e5e6ca76521a058ddd21c4ab34974c6e177c44ef53324ee3e40066e698f72a4,c3d62c621fe16055df1049c995c0f4f14d6ab4a1ce8299839207c288f6bee927,728b2c3d3219cf558b41b6ccd97539eb0c360c88fde0330382d05abfc176ed0c,71f999e6d7576dea9ec670a3ea5bf54d1df814e46be7694b10397363118659ec,,,,,,,,,
mps,float32,32,1024,run-2,20260731,200,0.100000113248825,0.0005,0.0632105618715286,0.0294403154402971,0.9809012413024902,0.1304715424776077,0.0190987586975097,-1.153675839304924e-05,0.0001376796863041,2.57898790323452e-07,1.000247359275818,1.0001243352890017,1.0003761053085327,0.0003761053085327,0.986870288848877,False,0.1524636250105686,7886080.0,256196608.0,12713115648.0,974553088,canonical,mps_n32_run-2,6cfaf2b862c1df55a1270210c502f7cbed3f6210f39ca19da11e4fcd2dd17783,2e5e6ca76521a058ddd21c4ab34974c6e177c44ef53324ee3e40066e698f72a4,c3d62c621fe16055df1049c995c0f4f14d6ab4a1ce8299839207c288f6bee927,728b2c3d3219cf558b41b6ccd97539eb0c360c88fde0330382d05abfc176ed0c,71f999e6d7576dea9ec670a3ea5bf54d1df814e46be7694b10397363118659ec,,,,,,,,,
mps,float32,32,1024,run-2,20260731,220,0.1100001335144043,0.0005,0.0695165768265724,0.0321486964821815,0.978672444820404,0.1440037935972213,0.0213275551795959,-1.1525116860866548e-05,0.0001376771833747,2.535778094170382e-07,1.0003199577331543,1.0002140998840332,1.000430703163147,0.0004307031631469,0.9847484827041626,False,0.1775361250038258,7986176.0,258457600.0,12713115648.0,974553088,canonical,mps_n32_run-2,6cfaf2b862c1df55a1270210c502f7cbed3f6210f39ca19da11e4fcd2dd17783,2e5e6ca76521a058ddd21c4ab34974c6e177c44ef53324ee3e40066e698f72a4,c3d62c621fe16055df1049c995c0f4f14d6ab4a1ce8299839207c288f6bee927,728b2c3d3219cf558b41b6ccd97539eb0c360c88fde0330382d05abfc176ed0c,71f999e6d7576dea9ec670a3ea5bf54d1df814e46be7694b10397363118659ec,,,,,,,,,
mps,float32,32,1024,run-2,20260731,240,0.1200001537799835,0.0005,0.0757992044091224,0.0348067060112953,0.97622549533844,0.1574270278215408,0.02377450466156,-1.1537224054336548e-05,0.0001376753789372,2.574547863787302e-07,1.0004074573516846,1.0003093481063845,1.0005102157592771,0.0005102157592773,0.981498122215271,False,0.179074292012956,7806976.0,259309568.0,12713115648.0,974553088,canonical,mps_n32_run-2,6cfaf2b862c1df55a1270210c502f7cbed3f6210f39ca19da11e4fcd2dd17783,2e5e6ca76521a058ddd21c4ab34974c6e177c44ef53324ee3e40066e698f72a4,c3d62c621fe16055df1049c995c0f4f14d6ab4a1ce8299839207c288f6bee927,728b2c3d3219cf558b41b6ccd97539eb0c360c88fde0330382d05abfc176ed0c,71f999e6d7576dea9ec670a3ea5bf54d1df814e46be7694b10397363118659ec,,,,,,,,,
mps,float32,32,1024,run-2,20260731,260,0.1300000995397567,0.0005,0.0819086283445358,0.0373467393219471,0.9734869003295898,0.1706417202949524,0.0265130996704101,-1.1519528925418854e-05,0.000137681257911,2.522632769341726e-07,1.0005097389221191,1.0003920793533323,1.00063157081604,0.00063157081604,0.9789782762527466,False,0.1758238339680247,7744768.0,262291456.0,12713115648.0,974553088,canonical,mps_n32_run-2,6cfaf2b862c1df55a1270210c502f7cbed3f6210f39ca19da11e4fcd2dd17783,2e5e6ca76521a058ddd21c4ab34974c6e177c44ef53324ee3e40066e698f72a4,c3d62c621fe16055df1049c995c0f4f14d6ab4a1ce8299839207c288f6bee927,728b2c3d3219cf558b41b6ccd97539eb0c360c88fde0330382d05abfc176ed0c,71f999e6d7576dea9ec670a3ea5bf54d1df814e46be7694b10397363118659ec,,,,,,,,,
mps,float32,32,1024,run-2,20260731,280,0.139999970793724,0.0005,0.0878652036190033,0.0397801548242569,0.9704124927520752,0.1835790574550628,0.0295875072479248,-1.1545605957508087e-05,0.0001376854488626,2.617289567297121e-07,1.0006263256072998,1.0005214214324951,1.000734806060791,0.000734806060791,0.9800971150398254,False,0.1824557920335792,7986176.0,264847360.0,12713115648.0,974553088,canonical,mps_n32_run-2,6cfaf2b862c1df55a1270210c502f7cbed3f6210f39ca19da11e4fcd2dd17783,2e5e6ca76521a058ddd21c4ab34974c6e177c44ef53324ee3e40066e698f72a4,c3d62c621fe16055df1049c995c0f4f14d6ab4a1ce8299839207c288f6bee927,728b2c3d3219cf558b41b6ccd97539eb0c360c88fde0330382d05abfc176ed0c,71f999e6d7576dea9ec670a3ea5bf54d1df814e46be7694b10397363118659ec,,,,,,,,,
mps,float32,32,1024,run-2,20260731,300,0.1499998420476913,0.0005,0.093682624399662,0.0421150177717208,0.966895580291748,0.1960896253585815,0.0331044197082519,-1.1550262570381165e-05,0.0001376918517053,2.642279923747992e-07,1.0007559061050415,1.000652551651001,1.0008659362792969,0.0008659362792968,0.9800621271133424,False,0.179276334005408,7806976.0,269533184.0,12713115648.0,974553088,canonical,mps_n32_run-2,6cfaf2b862c1df55a1270210c502f7cbed3f6210f39ca19da11e4fcd2dd17783,2e5e6ca76521a058ddd21c4ab34974c6e177c44ef53324ee3e40066e698f72a4,c3d62c621fe16055df1049c995c0f4f14d6ab4a1ce8299839207c288f6bee927,728b2c3d3219cf558b41b6ccd97539eb0c360c88fde0330382d05abfc176ed0c,71f999e6d7576dea9ec670a3ea5bf54d1df814e46be7694b10397363118659ec,,,,,,,,,
mps,float32,32,1024,run-2,20260731,320,0.1599997133016586,0.0005,0.0992574244737625,0.0443068742752075,0.9628572463989258,0.208052173256874,0.0371427536010742,-1.155957579612732e-05,0.0001376940635964,2.677110728654952e-07,1.0008982419967651,1.0007845163345337,1.0010254383087158,0.0010254383087158,0.9786216020584106,False,0.1706892080255784,7970816.0,272515072.0,12713115648.0,974553088,canonical,mps_n32_run-2,6cfaf2b862c1df55a1270210c502f7cbed3f6210f39ca19da11e4fcd2dd17783,2e5e6ca76521a058ddd21c4ab34974c6e177c44ef53324ee3e40066e698f72a4,c3d62c621fe16055df1049c995c0f4f14d6ab4a1ce8299839207c288f6bee927,728b2c3d3219cf558b41b6ccd97539eb0c360c88fde0330382d05abfc176ed0c,71f999e6d7576dea9ec670a3ea5bf54d1df814e46be7694b10397363118659ec,,,,,,,,,
mps,float32,32,1024,run-2,20260731,340,0.1699995845556259,0.0005,0.1046662330627441,0.0463923811912536,0.9582161903381348,0.2193360775709152,0.0417838096618652,-1.1549331247806547e-05,0.0001376909203827,2.637776219671651e-07,1.0010533332824707,1.0009479522705078,1.0011827945709229,0.0011827945709228,0.975827693939209,False,0.1572755410452373,7921664.0,287719424.0,12713115648.0,974553088,canonical,mps_n32_run-2,6cfaf2b862c1df55a1270210c502f7cbed3f6210f39ca19da11e4fcd2dd17783,2e5e6ca76521a058ddd21c4ab34974c6e177c44ef53324ee3e40066e698f72a4,c3d62c621fe16055df1049c995c0f4f14d6ab4a1ce8299839207c288f6bee927,728b2c3d3219cf558b41b6ccd97539eb0c360c88fde0330382d05abfc176ed0c,71f999e6d7576dea9ec670a3ea5bf54d1df814e46be7694b10397363118659ec,,,,,,,,,
mps,float32,32,1024,run-2,20260731,360,0.1799994558095932,0.0005,0.1100085526704788,0.0484172143042087,0.952835202217102,0.2297339886426925,0.0471647977828979,-1.1550262570381165e-05,0.0001376890577375,2.63827672597472e-07,1.001221776008606,1.0011142492294312,1.001370549201965,0.0013705492019653,0.9715353846549988,False,0.1602357499650679,7679744.0,318685184.0,12713115648.0,974553088,canonical,mps_n32_run-2,6cfaf2b862c1df55a1270210c502f7cbed3f6210f39ca19da11e4fcd2dd17783,2e5e6ca76521a058ddd21c4ab34974c6e177c44ef53324ee3e40066e698f72a4,c3d62c621fe16055df1049c995c0f4f14d6ab4a1ce8299839207c288f6bee927,728b2c3d3219cf558b41b6ccd97539eb0c360c88fde0330382d05abfc176ed0c,71f999e6d7576dea9ec670a3ea5bf54d1df814e46be7694b10397363118659ec,,,,,,,,,
mps,float32,32,1024,run-2,20260731,380,0.1899993270635604,0.0005,0.1154456883668899,0.0504527576267719,0.9465774297714232,0.2390299290418625,0.0534225702285766,-1.1570751667022703e-05,0.0001376792788505,2.694767999855685e-07,1.0014045238494873,1.001291275024414,1.0015802383422852,0.0015802383422851,0.9672124981880188,False,0.1953239580034278,7970816.0,338149376.0,12713115648.0,974553088,canonical,mps_n32_run-2,6cfaf2b862c1df55a1270210c502f7cbed3f6210f39ca19da11e4fcd2dd17783,2e5e6ca76521a058ddd21c4ab34974c6e177c44ef53324ee3e40066e698f72a4,c3d62c621fe16055df1049c995c0f4f14d6ab4a1ce8299839207c288f6bee927,728b2c3d3219cf558b41b6ccd97539eb0c360c88fde0330382d05abfc176ed0c,71f999e6d7576dea9ec670a3ea5bf54d1df814e46be7694b10397363118659ec,,,,,,,,,
mps,float32,32,1024,run-2,20260731,400,0.1999991983175277,0.0005,0.1215789467096328,0.0527592822909355,0.9393191337585448,0.2470163255929947,0.060680866241455,-1.156330108642578e-05,0.0001376718282699,2.6591834512146306e-07,1.0016013383865356,1.0014925003051758,1.0018045902252195,0.0018045902252197,0.9698582887649536,False,0.1965837909956462,7921664.0,341557248.0,12713115648.0,974553088,canonical,mps_n32_run-2,6cfaf2b862c1df55a1270210c502f7cbed3f6210f39ca19da11e4fcd2dd17783,2e5e6ca76521a058ddd21c4ab34974c6e177c44ef53324ee3e40066e698f72a4,c3d62c621fe16055df1049c995c0f4f14d6ab4a1ce8299839207c288f6bee927,728b2c3d3219cf558b41b6ccd97539eb0c360c88fde0330382d05abfc176ed0c,71f999e6d7576dea9ec670a3ea5bf54d1df814e46be7694b10397363118659ec,,,,,,,,,
mps,float32,32,1024,stability-600s,20260731,0,0.0,0.0005,5.2161407637640884e-08,2.60807020424636e-08,1.0,0.0,0.0,-1.0890827979892492e-05,0.0001374125713482,0.0,1.0,1.0,1.0,0.0,0.9916832447052002,False,0.0,7415808.0,48529408.0,12713115648.0,597327872,stability,mps_n32_stability-600s,6cfaf2b862c1df55a1270210c502f7cbed3f6210f39ca19da11e4fcd2dd17783,0ede1e619250706f5f005ee522ce488c83c1bb88d9b17cef4835298088575d5a,5c53d0f6959150159ec02b5e64a5cd9ba2f02416f122b520fda3f76c5fa8fe60,76a7e7f57d458fa2b4c91795181c59c8cf59f46851061c58f5b999296b8cf88b,3a904c48eabe735959442f3d0babf9af6424be316001075f36dbb585872d227a,400.0,3276.0,3260.0,600.0,600.1158641250222,0.115864125022199,True,20.0,3276.0
mps,float32,32,1024,stability-600s,20260731,20,0.0100000007078051,0.0005,0.0069474875926971,0.0034491610713303,0.9981098771095276,0.0123878801241517,0.0018901228904724,-1.0971270967274904e-05,0.0001376502623315,9.258555877522669e-08,1.0000028610229492,0.999843418598175,1.0001739263534546,0.0001739263534545,0.9937260746955872,False,0.2170545000117272,7952128.0,65175552.0,12713115648.0,663945216,stability,mps_n32_stability-600s,6cfaf2b862c1df55a1270210c502f7cbed3f6210f39ca19da11e4fcd2dd17783,0ede1e619250706f5f005ee522ce488c83c1bb88d9b17cef4835298088575d5a,5c53d0f6959150159ec02b5e64a5cd9ba2f02416f122b520fda3f76c5fa8fe60,76a7e7f57d458fa2b4c91795181c59c8cf59f46851061c58f5b999296b8cf88b,3a904c48eabe735959442f3d0babf9af6424be316001075f36dbb585872d227a,400.0,3276.0,3260.0,600.0,600.1158641250222,0.115864125022199,True,20.0,3276.0
mps,float32,32,1024,stability-600s,20260731,40,0.0199999939650297,0.0005,0.0130025753751397,0.0064096054993569,0.9963165521621704,0.0250226203352212,0.0036834478378295,-1.1079711839556694e-05,0.0001376969594275,1.2596387932717334e-07,1.0000107288360596,0.9998761415481568,1.000153422355652,0.0001534223556518,0.9939579963684082,False,0.2136113329906948,7713536.0,81428480.0,12713115648.0,790347776,stability,mps_n32_stability-600s,6cfaf2b862c1df55a1270210c502f7cbed3f6210f39ca19da11e4fcd2dd17783,0ede1e619250706f5f005ee522ce488c83c1bb88d9b17cef4835298088575d5a,5c53d0f6959150159ec02b5e64a5cd9ba2f02416f122b520fda3f76c5fa8fe60,76a7e7f57d458fa2b4c91795181c59c8cf59f46851061c58f5b999296b8cf88b,3a904c48eabe735959442f3d0babf9af6424be316001075f36dbb585872d227a,400.0,3276.0,3260.0,600.0,600.1158641250222,0.115864125022199,True,20.0,3276.0
mps,float32,32,1024,stability-600s,20260731,60,0.0299999769777059,0.0005,0.0187425930052995,0.0091737834736704,0.9945086240768432,0.0377933979034423,0.0054913759231567,-1.119985245168209e-05,0.0001377556764055,1.7037039867773276e-07,1.0000231266021729,0.9999759793281556,1.0000745058059692,7.450580596923828e-05,0.9938388466835022,False,0.2086983330082148,6958848.0,115245056.0,12713115648.0,885669888,stability,mps_n32_stability-600s,6cfaf2b862c1df55a1270210c502f7cbed3f6210f39ca19da11e4fcd2dd17783,0ede1e619250706f5f005ee522ce488c83c1bb88d9b17cef4835298088575d5a,5c53d0f6959150159ec02b5e64a5cd9ba2f02416f122b520fda3f76c5fa8fe60,76a7e7f57d458fa2b4c91795181c59c8cf59f46851061c58f5b999296b8cf88b,3a904c48eabe735959442f3d0babf9af6424be316001075f36dbb585872d227a,400.0,3276.0,3260.0,600.0,600.1158641250222,0.115864125022199,True,20.0,3276.0
mps,float32,32,1024,stability-600s,20260731,80,0.0399999916553497,0.0005,0.0250586662441492,0.0121785132214427,0.9926028251647948,0.0506133176386356,0.007397174835205,-1.1324184015393255e-05,0.0001377596636302,2.0485613561049834e-07,1.0000388622283936,0.9998939633369446,1.000186324119568,0.0001863241195678,0.9926177263259888,False,0.2148894999991171,7825152.0,165969920.0,12713115648.0,1008451584,stability,mps_n32_stability-600s,6cfaf2b862c1df55a1270210c502f7cbed3f6210f39ca19da11e4fcd2dd17783,0ede1e619250706f5f005ee522ce488c83c1bb88d9b17cef4835298088575d5a,5c53d0f6959150159ec02b5e64a5cd9ba2f02416f122b520fda3f76c5fa8fe60,76a7e7f57d458fa2b4c91795181c59c8cf59f46851061c58f5b999296b8cf88b,3a904c48eabe735959442f3d0babf9af6424be316001075f36dbb585872d227a,400.0,3276.0,3260.0,600.0,600.1158641250222,0.115864125022199,True,20.0,3276.0
mps,float32,32,1024,stability-600s,20260731,100,0.0500000119209289,0.0005,0.0314098000526428,0.015157219953835,0.9907596707344056,0.0636520907282829,0.0092403292655944,-1.1382857337594032e-05,0.0001377466251142,2.1942757655324385e-07,1.000057816505432,0.9999416470527648,1.0001767873764038,0.0001767873764038,0.990623950958252,False,0.1933624999946914,7713536.0,206471168.0,12713115648.0,1091928064,stability,mps_n32_stability-600s,6cfaf2b862c1df55a1270210c502f7cbed3f6210f39ca19da11e4fcd2dd17783,0ede1e619250706f5f005ee522ce488c83c1bb88d9b17cef4835298088575d5a,5c53d0f6959150159ec02b5e64a5cd9ba2f02416f122b520fda3f76c5fa8fe60,76a7e7f57d458fa2b4c91795181c59c8cf59f46851061c58f5b999296b8cf88b,3a904c48eabe735959442f3d0babf9af6424be316001075f36dbb585872d227a,400.0,3276.0,3260.0,600.0,600.1158641250222,0.115864125022199,True,20.0,3276.0
mps,float32,32,1024,stability-600s,20260731,120,0.0600000321865081,0.0005,0.0377034172415733,0.0180656500160694,0.9888872504234314,0.0768147781491279,0.0111127495765686,-1.1473428457975388e-05,0.0001377098087687,2.4131810505423346e-07,1.0000803470611572,1.000007152557373,1.0001566410064695,0.0001566410064697,0.9871060848236084,False,0.1651087090140208,7788288.0,238288896.0,12713115648.0,1113145344,stability,mps_n32_stability-600s,6cfaf2b862c1df55a1270210c502f7cbed3f6210f39ca19da11e4fcd2dd17783,0ede1e619250706f5f005ee522ce488c83c1bb88d9b17cef4835298088575d5a,5c53d0f6959150159ec02b5e64a5cd9ba2f02416f122b520fda3f76c5fa8fe60,76a7e7f57d458fa2b4c91795181c59c8cf59f46851061c58f5b999296b8cf88b,3a904c48eabe735959442f3d0babf9af6424be316001075f36dbb585872d227a,400.0,3276.0,3260.0,600.0,600.1158641250222,0.115864125022199,True,20.0,3276.0
mps,float32,32,1024,stability-600s,20260731,140,0.0700000524520874,0.0005,0.0440622754395008,0.0209632609039545,0.9869441390037536,0.090055912733078,0.0130558609962463,-1.1526048183441162e-05,0.0001377073931507,2.5838608053163625e-07,1.000108242034912,0.9999762177467346,1.0002431869506836,0.0002431869506835,0.9872012734413148,False,0.2071734159835614,7886080.0,242548736.0,12713115648.0,1113145344,stability,mps_n32_stability-600s,6cfaf2b862c1df55a1270210c502f7cbed3f6210f39ca19da11e4fcd2dd17783,0ede1e619250706f5f005ee522ce488c83c1bb88d9b17cef4835298088575d5a,5c53d0f6959150159ec02b5e64a5cd9ba2f02416f122b520fda3f76c5fa8fe60,76a7e7f57d458fa2b4c91795181c59c8cf59f46851061c58f5b999296b8cf88b,3a904c48eabe735959442f3d0babf9af6424be316001075f36dbb585872d227a,400.0,3276.0,3260.0,600.0,600.1158641250222,0.115864125022199,True,20.0,3276.0
mps,float32,32,1024,stability-600s,20260731,160,0.0800000727176666,0.0005,0.0504416152834892,0.0238287076354026,0.985015630722046,0.103468932211399,0.0149843692779541,-1.1525582522153854e-05,0.0001377153093926,2.594741488337604e-07,1.0001435279846191,1.0000348091125488,1.000255823135376,0.0002558231353759,0.9880055785179138,False,0.17377633304568,7967488.0,248512512.0,12713115648.0,1113145344,stability,mps_n32_stability-600s,6cfaf2b862c1df55a1270210c502f7cbed3f6210f39ca19da11e4fcd2dd17783,0ede1e619250706f5f005ee522ce488c83c1bb88d9b17cef4835298088575d5a,5c53d0f6959150159ec02b5e64a5cd9ba2f02416f122b520fda3f76c5fa8fe60,76a7e7f57d458fa2b4c91795181c59c8cf59f46851061c58f5b999296b8cf88b,3a904c48eabe735959442f3d0babf9af6424be316001075f36dbb585872d227a,400.0,3276.0,3260.0,600.0,600.1158641250222,0.115864125022199,True,20.0,3276.0
mps,float32,32,1024,stability-600s,20260731,180,0.0900000929832458,0.0005,0.0568510554730892,0.0266667604446411,0.9830179810523988,0.116960808634758,0.0169820189476013,-1.1533033102750778e-05,0.0001377230510115,2.631886957260577e-07,1.0001890659332275,1.0001003742218018,1.0002821683883667,0.0002821683883666,0.9880384802818298,False,0.2049070840002969,7788288.0,251494400.0,12713115648.0,1113145344,stability,mps_n32_stability-600s,6cfaf2b862c1df55a1270210c502f7cbed3f6210f39ca19da11e4fcd2dd17783,0ede1e619250706f5f005ee522ce488c83c1bb88d9b17cef4835298088575d5a,5c53d0f6959150159ec02b5e64a5cd9ba2f02416f122b520fda3f76c5fa8fe60,76a7e7f57d458fa2b4c91795181c59c8cf59f46851061c58f5b999296b8cf88b,3a904c48eabe735959442f3d0babf9af6424be316001075f36dbb585872d227a,400.0,3276.0,3260.0,600.0,600.1158641250222,0.115864125022199,True,20.0,3276.0
mps,float32,32,1024,stability-600s,20260731,200,0.100000113248825,0.0005,0.0632106363773346,0.0294403489679098,0.980901300907135,0.1304716169834137,0.0190986990928649,-1.1523254215717316e-05,0.0001377199660055,2.5944549975065456e-07,1.0002472400665283,1.000124216079712,1.0003761053085327,0.0003761053085327,0.9868751764297484,False,0.1749064580071717,7886080.0,256180224.0,12713115648.0,1113145344,stability,mps_n32_stability-600s,6cfaf2b862c1df55a1270210c502f7cbed3f6210f39ca19da11e4fcd2dd17783,0ede1e619250706f5f005ee522ce488c83c1bb88d9b17cef4835298088575d5a,5c53d0f6959150159ec02b5e64a5cd9ba2f02416f122b520fda3f76c5fa8fe60,76a7e7f57d458fa2b4c91795181c59c8cf59f46851061c58f5b999296b8cf88b,3a904c48eabe735959442f3d0babf9af6424be316001075f36dbb585872d227a,400.0,3276.0,3260.0,600.0,600.1158641250222,0.115864125022199,True,20.0,3276.0
mps,float32,32,1024,stability-600s,20260731,220,0.1100001335144043,0.0005,0.0695166513323783,0.0321487300097942,0.9786725640296936,0.1440039277076721,0.0213274359703063,-1.1526048183441162e-05,0.0001377067528665,2.58286746657177e-07,1.0003199577331543,1.0002142190933228,1.000430703163147,0.0004307031631469,0.9847492575645448,False,0.1065896250074729,7986176.0,258015232.0,12713115648.0,1113145344,stability,mps_n32_stability-600s,6cfaf2b862c1df55a1270210c502f7cbed3f6210f39ca19da11e4fcd2dd17783,0ede1e619250706f5f005ee522ce488c83c1bb88d9b17cef4835298088575d5a,5c53d0f6959150159ec02b5e64a5cd9ba2f02416f122b520fda3f76c5fa8fe60,76a7e7f57d458fa2b4c91795181c59c8cf59f46851061c58f5b999296b8cf88b,3a904c48eabe735959442f3d0babf9af6424be316001075f36dbb585872d227a,400.0,3276.0,3260.0,600.0,600.1158641250222,0.115864125022199,True,20.0,3276.0
mps,float32,32,1024,stability-600s,20260731,240,0.1200001537799835,0.0005,0.0757992789149284,0.034806739538908,0.9762256145477296,0.1574271768331527,0.0237743854522705,-1.1507421731948853e-05,0.0001377117587253,2.52867920380595e-07,1.0004074573516846,1.0003094673156738,1.0005102157592771,0.0005102157592773,0.9815014004707336,False,0.1904529579915106,7806976.0,259293184.0,12713115648.0,1113145344,stability,mps_n32_stability-600s,6cfaf2b862c1df55a1270210c502f7cbed3f6210f39ca19da11e4fcd2dd17783,0ede1e619250706f5f005ee522ce488c83c1bb88d9b17cef4835298088575d5a,5c53d0f6959150159ec02b5e64a5cd9ba2f02416f122b520fda3f76c5fa8fe60,76a7e7f57d458fa2b4c91795181c59c8cf59f46851061c58f5b999296b8cf88b,3a904c48eabe735959442f3d0babf9af6424be316001075f36dbb585872d227a,400.0,3276.0,3260.0,600.0,600.1158641250222,0.115864125022199,True,20.0,3276.0
mps,float32,32,1024,stability-600s,20260731,260,0.1300000995397567,0.0005,0.0819086506962776,0.0373467504978179,0.9734870195388794,0.1706418693065643,0.0265129804611206,-1.1525116860866548e-05,0.0001376994187012,2.568481249909383e-07,1.0005097389221191,1.0003920793533323,1.0006316900253296,0.0006316900253295,0.9789860248565674,False,0.1597930410061963,7744768.0,262701056.0,12713115648.0,1113145344,stability,mps_n32_stability-600s,6cfaf2b862c1df55a1270210c502f7cbed3f6210f39ca19da11e4fcd2dd17783,0ede1e619250706f5f005ee522ce488c83c1bb88d9b17cef4835298088575d5a,5c53d0f6959150159ec02b5e64a5cd9ba2f02416f122b520fda3f76c5fa8fe60,76a7e7f57d458fa2b4c91795181c59c8cf59f46851061c58f5b999296b8cf88b,3a904c48eabe735959442f3d0babf9af6424be316001075f36dbb585872d227a,400.0,3276.0,3260.0,600.0,600.1158641250222,0.115864125022199,True,20.0,3276.0
mps,float32,32,1024,stability-600s,20260731,280,0.139999970793724,0.0005,0.087865225970745,0.0397801660001277,0.9704126119613647,0.1835792064666748,0.0295873880386352,-1.1514872312545776e-05,0.0001376981381326,2.532119083298312e-07,1.0006263256072998,1.000521540641785,1.000734806060791,0.000734806060791,0.9801007509231568,False,0.1715077919652685,7986176.0,265256960.0,12713115648.0,1113145344,stability,mps_n32_stability-600s,6cfaf2b862c1df55a1270210c502f7cbed3f6210f39ca19da11e4fcd2dd17783,0ede1e619250706f5f005ee522ce488c83c1bb88d9b17cef4835298088575d5a,5c53d0f6959150159ec02b5e64a5cd9ba2f02416f122b520fda3f76c5fa8fe60,76a7e7f57d458fa2b4c91795181c59c8cf59f46851061c58f5b999296b8cf88b,3a904c48eabe735959442f3d0babf9af6424be316001075f36dbb585872d227a,400.0,3276.0,3260.0,600.0,600.1158641250222,0.115864125022199,True,20.0,3276.0
mps,float32,32,1024,stability-600s,20260731,300,0.1499998420476913,0.0005,0.0936826765537262,0.0421150401234626,0.9668957591056824,0.1960898488759994,0.0331042408943176,-1.1516734957695007e-05,0.000137704773806,2.548629822740623e-07,1.0007559061050415,1.000652551651001,1.000866174697876,0.0008661746978759,0.9800646305084229,False,0.0879551250254735,7806976.0,269942784.0,12713115648.0,1113145344,stability,mps_n32_stability-600s,6cfaf2b862c1df55a1270210c502f7cbed3f6210f39ca19da11e4fcd2dd17783,0ede1e619250706f5f005ee522ce488c83c1bb88d9b17cef4835298088575d5a,5c53d0f6959150159ec02b5e64a5cd9ba2f02416f122b520fda3f76c5fa8fe60,76a7e7f57d458fa2b4c91795181c59c8cf59f46851061c58f5b999296b8cf88b,3a904c48eabe735959442f3d0babf9af6424be316001075f36dbb585872d227a,400.0,3276.0,3260.0,600.0,600.1158641250222,0.115864125022199,True,20.0,3276.0
mps,float32,32,1024,stability-600s,20260731,320,0.1599997133016586,0.0005,0.0992574766278266,0.044306892901659,0.9628573656082152,0.2080522328615188,0.0371426343917846,-1.1516734957695007e-05,0.0001377009321004,2.542666095450841e-07,1.0008982419967651,1.000784397125244,1.0010254383087158,0.0010254383087158,0.9786309599876404,False,0.1784796669962816,7970816.0,272072704.0,12713115648.0,1113145344,stability,mps_n32_stability-600s,6cfaf2b862c1df55a1270210c502f7cbed3f6210f39ca19da11e4fcd2dd17783,0ede1e619250706f5f005ee522ce488c83c1bb88d9b17cef4835298088575d5a,5c53d0f6959150159ec02b5e64a5cd9ba2f02416f122b520fda3f76c5fa8fe60,76a7e7f57d458fa2b4c91795181c59c8cf59f46851061c58f5b999296b8cf88b,3a904c48eabe735959442f3d0babf9af6424be316001075f36dbb585872d227a,400.0,3276.0,3260.0,600.0,600.1158641250222,0.115864125022199,True,20.0,3276.0
mps,float32,32,1024,stability-600s,20260731,340,0.1699995845556259,0.0005,0.1046662479639053,0.0463923886418342,0.9582162499427797,0.219336062669754,0.0417837500572204,-1.1526979506015778e-05,0.0001377055887132,2.584185665455152e-07,1.0010533332824707,1.0009479522705078,1.0011827945709229,0.0011827945709228,0.9758384823799132,False,0.1683270000503398,7921664.0,287277056.0,12713115648.0,1113145344,stability,mps_n32_stability-600s,6cfaf2b862c1df55a1270210c502f7cbed3f6210f39ca19da11e4fcd2dd17783,0ede1e619250706f5f005ee522ce488c83c1bb88d9b17cef4835298088575d5a,5c53d0f6959150159ec02b5e64a5cd9ba2f02416f122b520fda3f76c5fa8fe60,76a7e7f57d458fa2b4c91795181c59c8cf59f46851061c58f5b999296b8cf88b,3a904c48eabe735959442f3d0babf9af6424be316001075f36dbb585872d227a,400.0,3276.0,3260.0,600.0,600.1158641250222,0.115864125022199,True,20.0,3276.0
mps,float32,32,1024,stability-600s,20260731,360,0.1799994558095932,0.0005,0.110008530318737,0.0484171994030475,0.952835202217102,0.2297339886426925,0.0471647977828979,-1.15223228931427e-05,0.0001377086155116,2.573310950992891e-07,1.001221776008606,1.0011143684387207,1.001370549201965,0.0013705492019653,0.9715434312820436,False,0.1681441669934429,7679744.0,318242816.0,12713115648.0,1113145344,stability,mps_n32_stability-600s,6cfaf2b862c1df55a1270210c502f7cbed3f6210f39ca19da11e4fcd2dd17783,0ede1e619250706f5f005ee522ce488c83c1bb88d9b17cef4835298088575d5a,5c53d0f6959150159ec02b5e64a5cd9ba2f02416f122b520fda3f76c5fa8fe60,76a7e7f57d458fa2b4c91795181c59c8cf59f46851061c58f5b999296b8cf88b,3a904c48eabe735959442f3d0babf9af6424be316001075f36dbb585872d227a,400.0,3276.0,3260.0,600.0,600.1158641250222,0.115864125022199,True,20.0,3276.0
mps,float32,32,1024,stability-600s,20260731,380,0.1899993270635604,0.0005,0.1154457926750183,0.0504528023302555,0.9465775489807128,0.2390300780534744,0.0534224510192871,-1.1527910828590391e-05,0.0001377030275762,2.583373088782537e-07,1.0014046430587769,1.001291275024414,1.0015801191329956,0.0015801191329956,0.9672186374664308,False,0.1836776249692775,7970816.0,337707008.0,12713115648.0,1113145344,stability,mps_n32_stability-600s,6cfaf2b862c1df55a1270210c502f7cbed3f6210f39ca19da11e4fcd2dd17783,0ede1e619250706f5f005ee522ce488c83c1bb88d9b17cef4835298088575d5a,5c53d0f6959150159ec02b5e64a5cd9ba2f02416f122b520fda3f76c5fa8fe60,76a7e7f57d458fa2b4c91795181c59c8cf59f46851061c58f5b999296b8cf88b,3a904c48eabe735959442f3d0babf9af6424be316001075f36dbb585872d227a,400.0,3276.0,3260.0,600.0,600.1158641250222,0.115864125022199,True,20.0,3276.0
mps,float32,32,1024,stability-600s,20260731,400,0.1999991983175277,0.0005,0.1215790137648582,0.0527593158185482,0.9393192529678344,0.2470164746046066,0.0606807470321655,-1.1511147022247314e-05,0.00013770442456,2.529413904994726e-07,1.0016013383865356,1.0014925003051758,1.0018044710159302,0.0018044710159301,0.9698553681373596,False,0.0671756250085309,7921664.0,341114880.0,12713115648.0,1113145344,stability,mps_n32_stability-600s,6cfaf2b862c1df55a1270210c502f7cbed3f6210f39ca19da11e4fcd2dd17783,0ede1e619250706f5f005ee522ce488c83c1bb88d9b17cef4835298088575d5a,5c53d0f6959150159ec02b5e64a5cd9ba2f02416f122b520fda3f76c5fa8fe60,76a7e7f57d458fa2b4c91795181c59c8cf59f46851061c58f5b999296b8cf88b,3a904c48eabe735959442f3d0babf9af6424be316001075f36dbb585872d227a,400.0,3276.0,3260.0,600.0,600.1158641250222,0.115864125022199,True,20.0,3276.0
mps,float32,32,1024,stability-600s,20260731,420,0.209999069571495,0.0005,0.1295601725578308,0.0558268539607524,0.9310458302497864,0.2536251246929168,0.0689541697502136,-1.1513009667396544e-05,0.0001377202570438,2.560988718869339e-07,1.0018072128295898,1.001695990562439,1.0020694732666016,0.0020694732666015,0.9714629650115968,False,0.1781547919963486,7812096.0,343670784.0,12713115648.0,1113145344,stability,mps_n32_stability-600s,6cfaf2b862c1df55a1270210c502f7cbed3f6210f39ca19da11e4fcd2dd17783,0ede1e619250706f5f005ee522ce488c83c1bb88d9b17cef4835298088575d5a,5c53d0f6959150159ec02b5e64a5cd9ba2f02416f122b520fda3f76c5fa8fe60,76a7e7f57d458fa2b4c91795181c59c8cf59f46851061c58f5b999296b8cf88b,3a904c48eabe735959442f3d0babf9af6424be316001075f36dbb585872d227a,400.0,3276.0,3260.0,600.0,600.1158641250222,0.115864125022199,True,20.0,3276.0
mps,float32,32,1024,stability-600s,20260731,440,0.2199989408254623,0.0005,0.1412244588136673,0.0604238361120224,0.9220772981643676,0.2592457830905914,0.0779227018356323,-1.1514872312545776e-05,0.0001377332955598,2.5887842980409914e-07,1.0020103454589844,1.0017613172531128,1.0023561716079712,0.0023561716079711,0.9720389246940612,False,0.1865090830251574,7749888.0,356319232.0,12713115648.0,1113145344,stability,mps_n32_stability-600s,6cfaf2b862c1df55a1270210c502f7cbed3f6210f39ca19da11e4fcd2dd17783,0ede1e619250706f5f005ee522ce488c83c1bb88d9b17cef4835298088575d5a,5c53d0f6959150159ec02b5e64a5cd9ba2f02416f122b520fda3f76c5fa8fe60,76a7e7f57d458fa2b4c91795181c59c8cf59f46851061c58f5b999296b8cf88b,3a904c48eabe735959442f3d0babf9af6424be316001075f36dbb585872d227a,400.0,3276.0,3260.0,600.0,600.1158641250222,0.115864125022199,True,20.0,3276.0
mps,float32,32,1024,stability-600s,20260731,460,0.2299988120794296,0.0005,0.1585741341114044,0.0673675239086151,0.9131923913955688,0.2649281322956085,0.0868076086044311,-1.1528842151165009e-05,0.000137710943818,2.598737864900613e-07,1.0021896362304688,1.0015852451324463,1.0026202201843262,0.0026202201843261,0.9721987843513488,False,0.0722729580011218,7926016.0,356319232.0,12713115648.0,1113145344,stability,mps_n32_stability-600s,6cfaf2b862c1df55a1270210c502f7cbed3f6210f39ca19da11e4fcd2dd17783,0ede1e619250706f5f005ee522ce488c83c1bb88d9b17cef4835298088575d5a,5c53d0f6959150159ec02b5e64a5cd9ba2f02416f122b520fda3f76c5fa8fe60,76a7e7f57d458fa2b4c91795181c59c8cf59f46851061c58f5b999296b8cf88b,3a904c48eabe735959442f3d0babf9af6424be316001075f36dbb585872d227a,400.0,3276.0,3260.0,600.0,600.1158641250222,0.115864125022199,True,20.0,3276.0
mps,float32,32,1024,stability-600s,20260731,480,0.2399986833333969,0.0005,0.1818924099206924,0.0767262801527977,0.9054520130157472,0.2721731960773468,0.0945479869842529,-1.1648982763290404e-05,0.0001376084983348,2.889210293233191e-07,1.002319097518921,1.001400113105774,1.002840876579285,0.0028408765792846,0.9974169731140136,False,0.1865030410117469,7812096.0,359301120.0,12713115648.0,1113145344,stability,mps_n32_stability-600s,6cfaf2b862c1df55a1270210c502f7cbed3f6210f39ca19da11e4fcd2dd17783,0ede1e619250706f5f005ee522ce488c83c1bb88d9b17cef4835298088575d5a,5c53d0f6959150159ec02b5e64a5cd9ba2f02416f122b520fda3f76c5fa8fe60,76a7e7f57d458fa2b4c91795181c59c8cf59f46851061c58f5b999296b8cf88b,3a904c48eabe735959442f3d0babf9af6424be316001075f36dbb585872d227a,400.0,3276.0,3260.0,600.0,600.1158641250222,0.115864125022199,True,20.0,3276.0
mps,float32,32,1024,stability-600s,20260731,500,0.2499985545873642,0.0005,0.2083036750555038,0.0872430577874183,0.8995709419250488,0.2820577919483185,0.1004290580749511,-1.1854805052280426e-05,0.0001373402774333,3.566708244306938e-07,1.0023796558380127,1.001077651977539,1.0031685829162598,0.0031685829162597,1.0630022287368774,False,0.1718083329615183,7749888.0,364544000.0,12713115648.0,1139490816,stability,mps_n32_stability-600s,6cfaf2b862c1df55a1270210c502f7cbed3f6210f39ca19da11e4fcd2dd17783,0ede1e619250706f5f005ee522ce488c83c1bb88d9b17cef4835298088575d5a,5c53d0f6959150159ec02b5e64a5cd9ba2f02416f122b520fda3f76c5fa8fe60,76a7e7f57d458fa2b4c91795181c59c8cf59f46851061c58f5b999296b8cf88b,3a904c48eabe735959442f3d0babf9af6424be316001075f36dbb585872d227a,400.0,3276.0,3260.0,600.0,600.1158641250222,0.115864125022199,True,20.0,3276.0
mps,float32,32,1024,stability-600s,20260731,520,0.2599984407424927,0.0005,0.2324551194906234,0.096666470170021,0.8951153755187988,0.2940333187580108,0.1048846244812011,-1.2411735951900482e-05,0.0001368913799524,5.931938744652143e-07,1.0023753643035889,1.0003503561019895,1.003452181816101,0.003452181816101,1.1218880414962769,False,0.0780661660246551,7924480.0,366247936.0,12713115648.0,1147518976,stability,mps_n32_stability-600s,6cfaf2b862c1df55a1270210c502f7cbed3f6210f39ca19da11e4fcd2dd17783,0ede1e619250706f5f005ee522ce488c83c1bb88d9b17cef4835298088575d5a,5c53d0f6959150159ec02b5e64a5cd9ba2f02416f122b520fda3f76c5fa8fe60,76a7e7f57d458fa2b4c91795181c59c8cf59f46851061c58f5b999296b8cf88b,3a904c48eabe735959442f3d0babf9af6424be316001075f36dbb585872d227a,400.0,3276.0,3260.0,600.0,600.1158641250222,0.115864125022199,True,20.0,3276.0
mps,float32,32,1024,stability-600s,20260731,540,0.2699983119964599,0.0005,0.2495850920677185,0.1030537039041519,0.8907366991043091,0.3061688840389251,0.1092633008956909,-1.340918242931366e-05,0.0001363456249237,1.0091317790283938e-06,1.002335786819458,1.000442624092102,1.003419041633606,0.0034190416336059,1.1567115783691406,False,0.1903862499748356,7682560.0,384860160.0,12713115648.0,1184546816,stability,mps_n32_stability-600s,6cfaf2b862c1df55a1270210c502f7cbed3f6210f39ca19da11e4fcd2dd17783,0ede1e619250706f5f005ee522ce488c83c1bb88d9b17cef4835298088575d5a,5c53d0f6959150159ec02b5e64a5cd9ba2f02416f122b520fda3f76c5fa8fe60,76a7e7f57d458fa2b4c91795181c59c8cf59f46851061c58f5b999296b8cf88b,3a904c48eabe735959442f3d0babf9af6424be316001075f36dbb585872d227a,400.0,3276.0,3260.0,600.0,600.1158641250222,0.115864125022199,True,20.0,3276.0
mps,float32,32,1024,stability-600s,20260731,560,0.2799981832504272,0.0005,0.2587137222290039,0.1060669869184494,0.8856287002563477,0.317256212234497,0.1143712997436523,-1.4421530067920685e-05,0.0001358520239591,1.424272682015726e-06,1.0022937059402466,1.0012049674987793,1.0032246112823486,0.0032246112823486,1.1583311557769775,False,0.1735123330145143,7973632.0,400490496.0,12713115648.0,1189281792,stability,mps_n32_stability-600s,6cfaf2b862c1df55a1270210c502f7cbed3f6210f39ca19da11e4fcd2dd17783,0ede1e619250706f5f005ee522ce488c83c1bb88d9b17cef4835298088575d5a,5c53d0f6959150159ec02b5e64a5cd9ba2f02416f122b520fda3f76c5fa8fe60,76a7e7f57d458fa2b4c91795181c59c8cf59f46851061c58f5b999296b8cf88b,3a904c48eabe735959442f3d0babf9af6424be316001075f36dbb585872d227a,400.0,3276.0,3260.0,600.0,600.1158641250222,0.115864125022199,True,20.0,3276.0
mps,float32,32,1024,stability-600s,20260731,580,0.2899980545043945,0.0005,0.2618468105792999,0.1065931618213653,0.8799189329147339,0.327451080083847,0.1200810670852661,-1.5023164451122284e-05,0.0001355977728962,1.6652342083034457e-06,1.0022621154785156,1.001030206680298,1.0031071901321411,0.0031071901321411,1.1858885288238523,False,0.12547920900397,7924480.0,403472384.0,12713115648.0,1206468608,stability,mps_n32_stability-600s,6cfaf2b862c1df55a1270210c502f7cbed3f6210f39ca19da11e4fcd2dd17783,0ede1e619250706f5f005ee522ce488c83c1bb88d9b17cef4835298088575d5a,5c53d0f6959150159ec02b5e64a5cd9ba2f02416f122b520fda3f76c5fa8fe60,76a7e7f57d458fa2b4c91795181c59c8cf59f46851061c58f5b999296b8cf88b,3a904c48eabe735959442f3d0babf9af6424be316001075f36dbb585872d227a,400.0,3276.0,3260.0,600.0,600.1158641250222,0.115864125022199,True,20.0,3276.0
mps,float32,32,1024,stability-600s,20260731,600,0.2999979257583618,0.0005,0.2611834704875946,0.1055727079510688,0.8739224672317505,0.3372139036655426,0.1260775327682495,-1.5466473996639252e-05,0.0001356359571218,1.8110378050550937e-06,1.0022388696670532,1.0012187957763672,1.0031763315200806,0.0031763315200805,1.1743855476379397,False,0.1804280839860439,7812864.0,403898368.0,12713115648.0,1206468608,stability,mps_n32_stability-600s,6cfaf2b862c1df55a1270210c502f7cbed3f6210f39ca19da11e4fcd2dd17783,0ede1e619250706f5f005ee522ce488c83c1bb88d9b17cef4835298088575d5a,5c53d0f6959150159ec02b5e64a5cd9ba2f02416f122b520fda3f76c5fa8fe60,76a7e7f57d458fa2b4c91795181c59c8cf59f46851061c58f5b999296b8cf88b,3a904c48eabe735959442f3d0babf9af6424be316001075f36dbb585872d227a,400.0,3276.0,3260.0,600.0,600.1158641250222,0.115864125022199,True,20.0,3276.0
mps,float32,32,1024,stability-600s,20260731,620,0.3099977970123291,0.0005,0.2581152319908142,0.103596031665802,0.8677820563316345,0.3467649817466736,0.1322179436683654,-1.5857629477977753e-05,0.0001357970759272,1.927066932694288e-06,1.0022212266921997,1.0011093616485596,1.0036295652389526,0.0036295652389526,1.1856566667556765,False,0.2060705829644575,7750656.0,405176320.0,12713115648.0,1208844288,stability,mps_n32_stability-600s,6cfaf2b862c1df55a1270210c502f7cbed3f6210f39ca19da11e4fcd2dd17783,0ede1e619250706f5f005ee522ce488c83c1bb88d9b17cef4835298088575d5a,5c53d0f6959150159ec02b5e64a5cd9ba2f02416f122b520fda3f76c5fa8fe60,76a7e7f57d458fa2b4c91795181c59c8cf59f46851061c58f5b999296b8cf88b,3a904c48eabe735959442f3d0babf9af6424be316001075f36dbb585872d227a,400.0,3276.0,3260.0,600.0,600.1158641250222,0.115864125022199,True,20.0,3276.0
mps,float32,32,1024,stability-600s,20260731,640,0.3199976682662964,0.0005,0.2539958953857422,0.1012223437428474,0.8617144227027893,0.3564505279064178,0.1382855772972107,-1.6221776604652405e-05,0.0001358767040073,2.0469278751988895e-06,1.0022093057632446,1.0011565685272217,1.0036721229553225,0.0036721229553222,1.1731932163238523,False,0.2034447079640813,7926784.0,406028288.0,12713115648.0,1208844288,stability,mps_n32_stability-600s,6cfaf2b862c1df55a1270210c502f7cbed3f6210f39ca19da11e4fcd2dd17783,0ede1e619250706f5f005ee522ce488c83c1bb88d9b17cef4835298088575d5a,5c53d0f6959150159ec02b5e64a5cd9ba2f02416f122b520fda3f76c5fa8fe60,76a7e7f57d458fa2b4c91795181c59c8cf59f46851061c58f5b999296b8cf88b,3a904c48eabe735959442f3d0babf9af6424be316001075f36dbb585872d227a,400.0,3276.0,3260.0,600.0,600.1158641250222,0.115864125022199,True,20.0,3276.0
mps,float32,32,1024,stability-600s,20260731,660,0.3299975395202636,0.0005,0.2501758635044098,0.0989945605397224,0.8559934496879578,0.3667169511318207,0.1440065503120422,-1.6587786376476288e-05,0.0001358538866043,2.1792213829030516e-06,1.0022027492523191,1.0014300346374512,1.0034574270248413,0.0034574270248413,1.1559866666793823,False,0.1750079580233432,7812864.0,410845184.0,12713115648.0,1208844288,stability,mps_n32_stability-600s,6cfaf2b862c1df55a1270210c502f7cbed3f6210f39ca19da11e4fcd2dd17783,0ede1e619250706f5f005ee522ce488c83c1bb88d9b17cef4835298088575d5a,5c53d0f6959150159ec02b5e64a5cd9ba2f02416f122b520fda3f76c5fa8fe60,76a7e7f57d458fa2b4c91795181c59c8cf59f46851061c58f5b999296b8cf88b,3a904c48eabe735959442f3d0babf9af6424be316001075f36dbb585872d227a,400.0,3276.0,3260.0,600.0,600.1158641250222,0.115864125022199,True,20.0,3276.0
mps,float32,32,1024,stability-600s,20260731,680,0.3399974107742309,0.0005,0.2475618124008178,0.0972662791609764,0.8508009910583496,0.3778774738311767,0.1491990089416504,-1.686345785856247e-05,0.0001357790315523,2.28461703954963e-06,1.002199411392212,1.0015017986297607,1.0032384395599363,0.0032384395599365,1.13774836063385,False,0.1472446249681525,7976448.0,410845184.0,12713115648.0,1208844288,stability,mps_n32_stability-600s,6cfaf2b862c1df55a1270210c502f7cbed3f6210f39ca19da11e4fcd2dd17783,0ede1e619250706f5f005ee522ce488c83c1bb88d9b17cef4835298088575d5a,5c53d0f6959150159ec02b5e64a5cd9ba2f02416f122b520fda3f76c5fa8fe60,76a7e7f57d458fa2b4c91795181c59c8cf59f46851061c58f5b999296b8cf88b,3a904c48eabe735959442f3d0babf9af6424be316001075f36dbb585872d227a,400.0,3276.0,3260.0,600.0,600.1158641250222,0.115864125022199,True,20.0,3276.0
mps,float32,32,1024,stability-600s,20260731,700,0.3499972820281982,0.0005,0.2463584691286087,0.0961073264479637,0.8461359143257141,0.3899599015712738,0.1538640856742859,-1.6993843019008636e-05,0.0001356754219159,2.3412299015035387e-06,1.0021984577178955,1.001659274101257,1.0029772520065308,0.0029772520065307,1.086329221725464,False,0.2020734580000862,7927552.0,410845184.0,12713115648.0,1208844288,stability,mps_n32_stability-600s,6cfaf2b862c1df55a1270210c502f7cbed3f6210f39ca19da11e4fcd2dd17783,0ede1e619250706f5f005ee522ce488c83c1bb88d9b17cef4835298088575d5a,5c53d0f6959150159ec02b5e64a5cd9ba2f02416f122b520fda3f76c5fa8fe60,76a7e7f57d458fa2b4c91795181c59c8cf59f46851061c58f5b999296b8cf88b,3a904c48eabe735959442f3d0babf9af6424be316001075f36dbb585872d227a,400.0,3276.0,3260.0,600.0,600.1158641250222,0.115864125022199,True,20.0,3276.0
mps,float32,32,1024,stability-600s,20260731,720,0.3599971532821655,0.0005,0.2463658899068832,0.0954284891486167,0.8418834209442139,0.4028042554855346,0.1581165790557861,-1.7124228179454803e-05,0.0001355742570012,2.397825710431789e-06,1.0022001266479492,1.001707673072815,1.0028491020202637,0.0028491020202636,1.0524767637252808,False,0.1922565829590894,7685632.0,411271168.0,12713115648.0,1208844288,stability,mps_n32_stability-600s,6cfaf2b862c1df55a1270210c502f7cbed3f6210f39ca19da11e4fcd2dd17783,0ede1e619250706f5f005ee522ce488c83c1bb88d9b17cef4835298088575d5a,5c53d0f6959150159ec02b5e64a5cd9ba2f02416f122b520fda3f76c5fa8fe60,76a7e7f57d458fa2b4c91795181c59c8cf59f46851061c58f5b999296b8cf88b,3a904c48eabe735959442f3d0babf9af6424be316001075f36dbb585872d227a,400.0,3276.0,3260.0,600.0,600.1158641250222,0.115864125022199,True,20.0,3276.0
mps,float32,32,1024,stability-600s,20260731,740,0.3699970245361328,0.0005,0.2473792135715484,0.0951409488916397,0.8379446268081665,0.4162724614143371,0.1620553731918335,-1.716800034046173e-05,0.00013546529226,2.4249272883025697e-06,1.0022045373916626,1.0016252994537354,1.0028518438339231,0.0028518438339233,1.0649874210357666,False,0.1941987920436076,7976704.0,412549120.0,12713115648.0,1208844288,stability,mps_n32_stability-600s,6cfaf2b862c1df55a1270210c502f7cbed3f6210f39ca19da11e4fcd2dd17783,0ede1e619250706f5f005ee522ce488c83c1bb88d9b17cef4835298088575d5a,5c53d0f6959150159ec02b5e64a5cd9ba2f02416f122b520fda3f76c5fa8fe60,76a7e7f57d458fa2b4c91795181c59c8cf59f46851061c58f5b999296b8cf88b,3a904c48eabe735959442f3d0babf9af6424be316001075f36dbb585872d227a,400.0,3276.0,3260.0,600.0,600.1158641250222,0.115864125022199,True,20.0,3276.0
mps,float32,32,1024,stability-600s,20260731,760,0.3799968957901001,0.0005,0.2492818087339401,0.0951918959617614,0.8342679142951965,0.4302988648414612,0.1657320857048034,-1.7162412405014038e-05,0.0001353728584945,2.43328918259067e-06,1.0022108554840088,1.001662254333496,1.0028159618377686,0.0028159618377685,1.0785413980484009,False,0.1840506249573081,7927552.0,412975104.0,12713115648.0,1208844288,stability,mps_n32_stability-600s,6cfaf2b862c1df55a1270210c502f7cbed3f6210f39ca19da11e4fcd2dd17783,0ede1e619250706f5f005ee522ce488c83c1bb88d9b17cef4835298088575d5a,5c53d0f6959150159ec02b5e64a5cd9ba2f02416f122b520fda3f76c5fa8fe60,76a7e7f57d458fa2b4c91795181c59c8cf59f46851061c58f5b999296b8cf88b,3a904c48eabe735959442f3d0babf9af6424be316001075f36dbb585872d227a,400.0,3276.0,3260.0,600.0,600.1158641250222,0.115864125022199,True,20.0,3276.0
mps,float32,32,1024,stability-600s,20260731,780,0.3899967670440674,0.0005,0.2520065009593963,0.0955486968159675,0.8308315277099609,0.4448639154434204,0.169168472290039,-1.720525324344635e-05,0.0001353188417851,2.4545252017560415e-06,1.0022180080413818,1.0017937421798706,1.0027475357055664,0.0027475357055664,1.086705446243286,False,0.1791352080181241,7814656.0,412975104.0,12713115648.0,1208844288,stability,mps_n32_stability-600s,6cfaf2b862c1df55a1270210c502f7cbed3f6210f39ca19da11e4fcd2dd17783,0ede1e619250706f5f005ee522ce488c83c1bb88d9b17cef4835298088575d5a,5c53d0f6959150159ec02b5e64a5cd9ba2f02416f122b520fda3f76c5fa8fe60,76a7e7f57d458fa2b4c91795181c59c8cf59f46851061c58f5b999296b8cf88b,3a904c48eabe735959442f3d0babf9af6424be316001075f36dbb585872d227a,400.0,3276.0,3260.0,600.0,600.1158641250222,0.115864125022199,True,20.0,3276.0
mps,float32,32,1024,stability-600s,20260731,800,0.3999966382980346,0.0005,0.2554692924022674,0.0961732640862464,0.8276143074035645,0.4599456191062927,0.1723856925964355,-1.7179176211357117e-05,0.0001352832186967,2.449578232699423e-06,1.0022248029708862,1.0018857717514038,1.002665877342224,0.0026658773422241,1.0887715816497805,False,0.1996381659992039,7977728.0,412975104.0,12713115648.0,1208844288,stability,mps_n32_stability-600s,6cfaf2b862c1df55a1270210c502f7cbed3f6210f39ca19da11e4fcd2dd17783,0ede1e619250706f5f005ee522ce488c83c1bb88d9b17cef4835298088575d5a,5c53d0f6959150159ec02b5e64a5cd9ba2f02416f122b520fda3f76c5fa8fe60,76a7e7f57d458fa2b4c91795181c59c8cf59f46851061c58f5b999296b8cf88b,3a904c48eabe735959442f3d0babf9af6424be316001075f36dbb585872d227a,400.0,3276.0,3260.0,600.0,600.1158641250222,0.115864125022199,True,20.0,3276.0
mps,float32,32,1024,stability-600s,20260731,820,0.4099965095520019,0.0005,0.2595544159412384,0.0970166623592376,0.8245841860771179,0.4754996299743652,0.175415813922882,-1.7201527953147888e-05,0.0001352373510599,2.462853899487527e-06,1.002230882644653,1.0018833875656128,1.0026050806045532,0.0026050806045532,1.0852632522583008,False,0.1913758339942433,7928576.0,413401088.0,12713115648.0,1208844288,stability,mps_n32_stability-600s,6cfaf2b862c1df55a1270210c502f7cbed3f6210f39ca19da11e4fcd2dd17783,0ede1e619250706f5f005ee522ce488c83c1bb88d9b17cef4835298088575d5a,5c53d0f6959150159ec02b5e64a5cd9ba2f02416f122b520fda3f76c5fa8fe60,76a7e7f57d458fa2b4c91795181c59c8cf59f46851061c58f5b999296b8cf88b,3a904c48eabe735959442f3d0babf9af6424be316001075f36dbb585872d227a,400.0,3276.0,3260.0,600.0,600.1158641250222,0.115864125022199,True,20.0,3276.0
mps,float32,32,1024,stability-600s,20260731,840,0.4199963808059692,0.0005,0.2642073631286621,0.0980539992451667,0.821725070476532,0.4915086328983307,0.178274929523468,-1.7177313566207886e-05,0.000135209178552,2.457827577018179e-06,1.0022356510162354,1.0019413232803345,1.0026196241378784,0.0026196241378784,1.078656792640686,False,0.1678812080062925,7814656.0,413401088.0,12713115648.0,1208844288,stability,mps_n32_stability-600s,6cfaf2b862c1df55a1270210c502f7cbed3f6210f39ca19da11e4fcd2dd17783,0ede1e619250706f5f005ee522ce488c83c1bb88d9b17cef4835298088575d5a,5c53d0f6959150159ec02b5e64a5cd9ba2f02416f122b520fda3f76c5fa8fe60,76a7e7f57d458fa2b4c91795181c59c8cf59f46851061c58f5b999296b8cf88b,3a904c48eabe735959442f3d0babf9af6424be316001075f36dbb585872d227a,400.0,3276.0,3260.0,600.0,600.1158641250222,0.115864125022199,True,20.0,3276.0
mps,float32,32,1024,stability-600s,20260731,860,0.4299962520599365,0.0005,0.269449919462204,0.0992890670895576,0.8190499544143677,0.5080075263977051,0.1809500455856323,-1.7173588275909424e-05,0.0001351721584796,2.4610847049189033e-06,1.002238392829895,1.0020263195037842,1.0025969743728638,0.0025969743728637,1.069918513298035,False,0.2225431250408291,7977728.0,414253056.0,12713115648.0,1208844288,stability,mps_n32_stability-600s,6cfaf2b862c1df55a1270210c502f7cbed3f6210f39ca19da11e4fcd2dd17783,0ede1e619250706f5f005ee522ce488c83c1bb88d9b17cef4835298088575d5a,5c53d0f6959150159ec02b5e64a5cd9ba2f02416f122b520fda3f76c5fa8fe60,76a7e7f57d458fa2b4c91795181c59c8cf59f46851061c58f5b999296b8cf88b,3a904c48eabe735959442f3d0babf9af6424be316001075f36dbb585872d227a,400.0,3276.0,3260.0,600.0,600.1158641250222,0.115864125022199,True,20.0,3276.0
mps,float32,32,1024,stability-600s,20260731,880,0.4399961233139038,0.0005,0.275223046541214,0.1006959229707717,0.8165582418441772,0.5250110626220703,0.1834417581558227,-1.714751124382019e-05,0.0001351591199636,2.453650267852936e-06,1.0022385120391846,1.002043604850769,1.0025960206985474,0.0025960206985473,1.0593827962875366,False,0.0945157500100322,7926016.0,414679040.0,12713115648.0,1208844288,stability,mps_n32_stability-600s,6cfaf2b862c1df55a1270210c502f7cbed3f6210f39ca19da11e4fcd2dd17783,0ede1e619250706f5f005ee522ce488c83c1bb88d9b17cef4835298088575d5a,5c53d0f6959150159ec02b5e64a5cd9ba2f02416f122b520fda3f76c5fa8fe60,76a7e7f57d458fa2b4c91795181c59c8cf59f46851061c58f5b999296b8cf88b,3a904c48eabe735959442f3d0babf9af6424be316001075f36dbb585872d227a,400.0,3276.0,3260.0,600.0,600.1158641250222,0.115864125022199,True,20.0,3276.0
mps,float32,32,1024,stability-600s,20260731,900,0.4499959945678711,0.0005,0.2812741994857788,0.10217896848917,0.8141920566558838,0.5424230694770813,0.1858079433441162,-1.7154961824417114e-05,0.0001351255923509,2.4604516966064693e-06,1.0022368431091309,1.0020250082015991,1.0026429891586304,0.0026429891586303,1.052356243133545,False,0.1315505410311743,7812096.0,418512896.0,12713115648.0,1208844288,stability,mps_n32_stability-600s,6cfaf2b862c1df55a1270210c502f7cbed3f6210f39ca19da11e4fcd2dd17783,0ede1e619250706f5f005ee522ce488c83c1bb88d9b17cef4835298088575d5a,5c53d0f6959150159ec02b5e64a5cd9ba2f02416f122b520fda3f76c5fa8fe60,76a7e7f57d458fa2b4c91795181c59c8cf59f46851061c58f5b999296b8cf88b,3a904c48eabe735959442f3d0babf9af6424be316001075f36dbb585872d227a,400.0,3276.0,3260.0,600.0,600.1158641250222,0.115864125022199,True,20.0,3276.0
mps,float32,32,1024,stability-600s,20260731,920,0.4599958658218384,0.0005,0.2872695028781891,0.1036159619688987,0.8118532299995422,0.5600667595863342,0.1881467700004577,-1.7153099179267883e-05,0.000135100679472,2.462974407535512e-06,1.002234697341919,1.0020372867584229,1.0027116537094116,0.0027116537094116,1.0507166385650637,False,0.1975339589989744,7749888.0,418512896.0,12713115648.0,1208844288,stability,mps_n32_stability-600s,6cfaf2b862c1df55a1270210c502f7cbed3f6210f39ca19da11e4fcd2dd17783,0ede1e619250706f5f005ee522ce488c83c1bb88d9b17cef4835298088575d5a,5c53d0f6959150159ec02b5e64a5cd9ba2f02416f122b520fda3f76c5fa8fe60,76a7e7f57d458fa2b4c91795181c59c8cf59f46851061c58f5b999296b8cf88b,3a904c48eabe735959442f3d0babf9af6424be316001075f36dbb585872d227a,400.0,3276.0,3260.0,600.0,600.1158641250222,0.115864125022199,True,20.0,3276.0
mps,float32,32,1024,stability-600s,20260731,940,0.4699957370758056,0.0005,0.2929851114749908,0.104927472770214,0.8094583749771118,0.5777826309204102,0.1905416250228881,-1.7121434211730957e-05,0.0001350697129964,2.456015636198572e-06,1.0022339820861816,1.002001166343689,1.0027481317520142,0.0027481317520141,1.0505294799804688,False,0.0823087920434773,7926016.0,418512896.0,12713115648.0,1208844288,stability,mps_n32_stability-600s,6cfaf2b862c1df55a1270210c502f7cbed3f6210f39ca19da11e4fcd2dd17783,0ede1e619250706f5f005ee522ce488c83c1bb88d9b17cef4835298088575d5a,5c53d0f6959150159ec02b5e64a5cd9ba2f02416f122b520fda3f76c5fa8fe60,76a7e7f57d458fa2b4c91795181c59c8cf59f46851061c58f5b999296b8cf88b,3a904c48eabe735959442f3d0babf9af6424be316001075f36dbb585872d227a,400.0,3276.0,3260.0,600.0,600.1158641250222,0.115864125022199,True,20.0,3276.0
mps,float32,32,1024,stability-600s,20260731,960,0.4799956083297729,0.0005,0.2983997166156769,0.1061083450913429,0.8069767951965332,0.5955070853233337,0.1930232048034668,-1.714751124382019e-05,0.0001350475940853,2.467897502356209e-06,1.002236008644104,1.0019776821136477,1.0027337074279783,0.0027337074279785,1.0432109832763672,False,0.2352421250543557,7876096.0,418512896.0,12713115648.0,1208844288,stability,mps_n32_stability-600s,6cfaf2b862c1df55a1270210c502f7cbed3f6210f39ca19da11e4fcd2dd17783,0ede1e619250706f5f005ee522ce488c83c1bb88d9b17cef4835298088575d5a,5c53d0f6959150159ec02b5e64a5cd9ba2f02416f122b520fda3f76c5fa8fe60,76a7e7f57d458fa2b4c91795181c59c8cf59f46851061c58f5b999296b8cf88b,3a904c48eabe735959442f3d0babf9af6424be316001075f36dbb585872d227a,400.0,3276.0,3260.0,600.0,600.1158641250222,0.115864125022199,True,20.0,3276.0
mps,float32,32,1024,stability-600s,20260731,980,0.4899954795837402,0.0005,0.3036468625068664,0.1072082817554473,0.8044251203536987,0.6132683157920837,0.1955748796463012,-1.722387969493866e-05,0.0001350149977952,2.4985074560390785e-06,1.0022406578063965,1.0019125938415527,1.00266432762146,0.0026643276214599,1.030309557914734,False,0.1640127080027014,7908864.0,418512896.0,12713115648.0,1208844288,stability,mps_n32_stability-600s,6cfaf2b862c1df55a1270210c502f7cbed3f6210f39ca19da11e4fcd2dd17783,0ede1e619250706f5f005ee522ce488c83c1bb88d9b17cef4835298088575d5a,5c53d0f6959150159ec02b5e64a5cd9ba2f02416f122b520fda3f76c5fa8fe60,76a7e7f57d458fa2b4c91795181c59c8cf59f46851061c58f5b999296b8cf88b,3a904c48eabe735959442f3d0babf9af6424be316001075f36dbb585872d227a,400.0,3276.0,3260.0,600.0,600.1158641250222,0.115864125022199,True,20.0,3276.0
mps,float32,32,1024,stability-600s,20260731,1000,0.4999953508377075,0.0005,0.3089068233966827,0.1082919538021087,0.8018408417701721,0.6311387419700623,0.1981591582298278,-1.726672053337097e-05,0.000134969886858,2.5192030079779215e-06,1.0022480487823486,1.001891016960144,1.0026284456253052,0.0026284456253051,1.0351338386535645,False,0.2106577499653212,7748608.0,418938880.0,12713115648.0,1208844288,stability,mps_n32_stability-600s,6cfaf2b862c1df55a1270210c502f7cbed3f6210f39ca19da11e4fcd2dd17783,0ede1e619250706f5f005ee522ce488c83c1bb88d9b17cef4835298088575d5a,5c53d0f6959150159ec02b5e64a5cd9ba2f02416f122b520fda3f76c5fa8fe60,76a7e7f57d458fa2b4c91795181c59c8cf59f46851061c58f5b999296b8cf88b,3a904c48eabe735959442f3d0babf9af6424be316001075f36dbb585872d227a,400.0,3276.0,3260.0,600.0,600.1158641250222,0.115864125022199,True,20.0,3276.0
mps,float32,32,1024,stability-600s,20260731,1020,0.5099958181381226,0.0005,0.3143408298492431,0.1094155311584472,0.7992628812789917,0.649199903011322,0.2007371187210083,-1.7331913113594055e-05,0.0001349402591586,2.5455758532189066e-06,1.0022567510604858,1.0019091367721558,1.0026259422302246,0.0026259422302246,1.036486268043518,False,0.1934942500083707,7876352.0,418938880.0,12713115648.0,1208844288,stability,mps_n32_stability-600s,6cfaf2b862c1df55a1270210c502f7cbed3f6210f39ca19da11e4fcd2dd17783,0ede1e619250706f5f005ee522ce488c83c1bb88d9b17cef4835298088575d5a,5c53d0f6959150159ec02b5e64a5cd9ba2f02416f122b520fda3f76c5fa8fe60,76a7e7f57d458fa2b4c91795181c59c8cf59f46851061c58f5b999296b8cf88b,3a904c48eabe735959442f3d0babf9af6424be316001075f36dbb585872d227a,400.0,3276.0,3260.0,600.0,600.1158641250222,0.115864125022199,True,20.0,3276.0
mps,float32,32,1024,stability-600s,20260731,1040,0.5199962854385376,0.0005,0.3200739622116089,0.1106212511658668,0.7967275381088257,0.6675289273262024,0.2032724618911743,-1.7384067177772522e-05,0.0001348794903606,2.571614004409639e-06,1.0022661685943604,1.0019594430923462,1.002614140510559,0.002614140510559,1.032236933708191,False,0.1510964169865474,7908864.0,418938880.0,12713115648.0,1208844288,stability,mps_n32_stability-600s,6cfaf2b862c1df55a1270210c502f7cbed3f6210f39ca19da11e4fcd2dd17783,0ede1e619250706f5f005ee522ce488c83c1bb88d9b17cef4835298088575d5a,5c53d0f6959150159ec02b5e64a5cd9ba2f02416f122b520fda3f76c5fa8fe60,76a7e7f57d458fa2b4c91795181c59c8cf59f46851061c58f5b999296b8cf88b,3a904c48eabe735959442f3d0babf9af6424be316001075f36dbb585872d227a,400.0,3276.0,3260.0,600.0,600.1158641250222,0.115864125022199,True,20.0,3276.0
mps,float32,32,1024,stability-600s,20260731,1060,0.5299967527389526,0.0005,0.3261917233467102,0.1119364872574806,0.7942677736282349,0.6862016320228577,0.2057322263717651,-1.7371028661727905e-05,0.0001348482910543,2.5713459308462916e-06,1.002274990081787,1.0020378828048706,1.0026006698608398,0.0026006698608398,1.0236252546310425,False,0.1884218329796567,7878400.0,418938880.0,12713115648.0,1208844288,stability,mps_n32_stability-600s,6cfaf2b862c1df55a1270210c502f7cbed3f6210f39ca19da11e4fcd2dd17783,0ede1e619250706f5f005ee522ce488c83c1bb88d9b17cef4835298088575d5a,5c53d0f6959150159ec02b5e64a5cd9ba2f02416f122b520fda3f76c5fa8fe60,76a7e7f57d458fa2b4c91795181c59c8cf59f46851061c58f5b999296b8cf88b,3a904c48eabe735959442f3d0babf9af6424be316001075f36dbb585872d227a,400.0,3276.0,3260.0,600.0,600.1158641250222,0.115864125022199,True,20.0,3276.0
mps,float32,32,1024,stability-600s,20260731,1080,0.5399972200393677,0.0005,0.3327279686927795,0.1133702099323272,0.7919100522994995,0.7052834630012512,0.2080899477005005,-1.7367303371429443e-05,0.0001347935758531,2.5775680114747956e-06,1.0022826194763184,1.0020924806594849,1.0026072263717651,0.0026072263717651,1.011933207511902,False,0.1524838330224156,7910144.0,418938880.0,12713115648.0,1208844288,stability,mps_n32_stability-600s,6cfaf2b862c1df55a1270210c502f7cbed3f6210f39ca19da11e4fcd2dd17783,0ede1e619250706f5f005ee522ce488c83c1bb88d9b17cef4835298088575d5a,5c53d0f6959150159ec02b5e64a5cd9ba2f02416f122b520fda3f76c5fa8fe60,76a7e7f57d458fa2b4c91795181c59c8cf59f46851061c58f5b999296b8cf88b,3a904c48eabe735959442f3d0babf9af6424be316001075f36dbb585872d227a,400.0,3276.0,3260.0,600.0,600.1158641250222,0.115864125022199,True,20.0,3276.0
mps,float32,32,1024,stability-600s,20260731,1100,0.5499976873397827,0.0005,0.3396407961845398,0.1149054691195488,0.7896608114242554,0.7248006463050842,0.2103391885757446,-1.7408281564712524e-05,0.0001347921788692,2.5917834136635065e-06,1.0022883415222168,1.0020852088928225,1.0026111602783203,0.0026111602783203,0.9987360239028932,False,0.1625036659534089,7927040.0,418938880.0,12713115648.0,1208844288,stability,mps_n32_stability-600s,6cfaf2b862c1df55a1270210c502f7cbed3f6210f39ca19da11e4fcd2dd17783,0ede1e619250706f5f005ee522ce488c83c1bb88d9b17cef4835298088575d5a,5c53d0f6959150159ec02b5e64a5cd9ba2f02416f122b520fda3f76c5fa8fe60,76a7e7f57d458fa2b4c91795181c59c8cf59f46851061c58f5b999296b8cf88b,3a904c48eabe735959442f3d0babf9af6424be316001075f36dbb585872d227a,400.0,3276.0,3260.0,600.0,600.1158641250222,0.115864125022199,True,20.0,3276.0
mps,float32,32,1024,stability-600s,20260731,1120,0.5599981546401978,0.0005,0.3468115925788879,0.1165000349283218,0.7874961495399475,0.7447109818458557,0.2125038504600525,-1.7425045371055603e-05,0.000134783796966,2.598675791887217e-06,1.0022928714752195,1.0021089315414429,1.0025959014892578,0.0025959014892578,0.9851862788200378,False,0.1080229580402374,7878400.0,424476672.0,12713115648.0,1208844288,stability,mps_n32_stability-600s,6cfaf2b862c1df55a1270210c502f7cbed3f6210f39ca19da11e4fcd2dd17783,0ede1e619250706f5f005ee522ce488c83c1bb88d9b17cef4835298088575d5a,5c53d0f6959150159ec02b5e64a5cd9ba2f02416f122b520fda3f76c5fa8fe60,76a7e7f57d458fa2b4c91795181c59c8cf59f46851061c58f5b999296b8cf88b,3a904c48eabe735959442f3d0babf9af6424be316001075f36dbb585872d227a,400.0,3276.0,3260.0,600.0,600.1158641250222,0.115864125022199,True,20.0,3276.0
mps,float32,32,1024,stability-600s,20260731,1140,0.5699986219406128,0.0005,0.3540951907634735,0.1181039959192276,0.7853732109069824,0.7649282217025757,0.2146267890930175,-1.7423182725906372e-05,0.0001347730867564,2.5995161649916554e-06,1.0022964477539062,1.0021312236785889,1.002570867538452,0.0025708675384521,0.9721881747245787,False,0.1971842500497587,7910144.0,427032576.0,12713115648.0,1208844288,stability,mps_n32_stability-600s,6cfaf2b862c1df55a1270210c502f7cbed3f6210f39ca19da11e4fcd2dd17783,0ede1e619250706f5f005ee522ce488c83c1bb88d9b17cef4835298088575d5a,5c53d0f6959150159ec02b5e64a5cd9ba2f02416f122b520fda3f76c5fa8fe60,76a7e7f57d458fa2b4c91795181c59c8cf59f46851061c58f5b999296b8cf88b,3a904c48eabe735959442f3d0babf9af6424be316001075f36dbb585872d227a,400.0,3276.0,3260.0,600.0,600.1158641250222,0.115864125022199,True,20.0,3276.0
mps,float32,32,1024,stability-600s,20260731,1160,0.5799990892410278,0.0005,0.3613840639591217,0.1196812465786933,0.7832516431808472,0.7853654026985168,0.2167483568191528,-1.7449259757995605e-05,0.0001347968354821,2.605180497994297e-06,1.0022997856140137,1.002125263214111,1.0026371479034424,0.0026371479034423,0.960616409778595,False,0.0844024579855613,7684352.0,440532992.0,12713115648.0,1208844288,stability,mps_n32_stability-600s,6cfaf2b862c1df55a1270210c502f7cbed3f6210f39ca19da11e4fcd2dd17783,0ede1e619250706f5f005ee522ce488c83c1bb88d9b17cef4835298088575d5a,5c53d0f6959150159ec02b5e64a5cd9ba2f02416f122b520fda3f76c5fa8fe60,76a7e7f57d458fa2b4c91795181c59c8cf59f46851061c58f5b999296b8cf88b,3a904c48eabe735959442f3d0babf9af6424be316001075f36dbb585872d227a,400.0,3276.0,3260.0,600.0,600.1158641250222,0.115864125022199,True,20.0,3276.0
mps,float32,32,1024,stability-600s,20260731,1180,0.5899995565414429,0.0005,0.3686397075653076,0.1212194636464119,0.7811098098754883,0.8059747219085693,0.2188901901245117,-1.7482787370681763e-05,0.000134814530611,2.6142738533962984e-06,1.0023033618927002,1.0020818710327148,1.002726674079895,0.002726674079895,0.9691525101661682,False,0.1445168339996598,7942912.0,440958976.0,12713115648.0,1208844288,stability,mps_n32_stability-600s,6cfaf2b862c1df55a1270210c502f7cbed3f6210f39ca19da11e4fcd2dd17783,0ede1e619250706f5f005ee522ce488c83c1bb88d9b17cef4835298088575d5a,5c53d0f6959150159ec02b5e64a5cd9ba2f02416f122b520fda3f76c5fa8fe60,76a7e7f57d458fa2b4c91795181c59c8cf59f46851061c58f5b999296b8cf88b,3a904c48eabe735959442f3d0babf9af6424be316001075f36dbb585872d227a,400.0,3276.0,3260.0,600.0,600.1158641250222,0.115864125022199,True,20.0,3276.0
mps,float32,32,1024,stability-600s,20260731,1200,0.6000000238418579,0.0005,0.3758909106254577,0.1227285265922546,0.778949499130249,0.8267614841461182,0.2210505008697509,-1.753866672515869e-05,0.0001348070800304,2.6344678190071136e-06,1.002307653427124,1.0020368099212646,1.0027716159820557,0.0027716159820556,0.9797302484512328,False,0.2144003330031409,7844096.0,440958976.0,12713115648.0,1208844288,stability,mps_n32_stability-600s,6cfaf2b862c1df55a1270210c502f7cbed3f6210f39ca19da11e4fcd2dd17783,0ede1e619250706f5f005ee522ce488c83c1bb88d9b17cef4835298088575d5a,5c53d0f6959150159ec02b5e64a5cd9ba2f02416f122b520fda3f76c5fa8fe60,76a7e7f57d458fa2b4c91795181c59c8cf59f46851061c58f5b999296b8cf88b,3a904c48eabe735959442f3d0babf9af6424be316001075f36dbb585872d227a,400.0,3276.0,3260.0,600.0,600.1158641250222,0.115864125022199,True,20.0,3276.0
mps,float32,32,1024,stability-600s,20260731,1220,0.610000491142273,0.0005,0.3832014501094818,0.1242295429110527,0.7767904996871948,0.8477721214294434,0.2232095003128051,-1.7549842596054077e-05,0.0001348135992884,2.6374318622401915e-06,1.0023120641708374,1.0020039081573486,1.002763032913208,0.002763032913208,0.9866520762443542,False,0.1749567079823464,7749888.0,440958976.0,12713115648.0,1208844288,stability,mps_n32_stability-600s,6cfaf2b862c1df55a1270210c502f7cbed3f6210f39ca19da11e4fcd2dd17783,0ede1e619250706f5f005ee522ce488c83c1bb88d9b17cef4835298088575d5a,5c53d0f6959150159ec02b5e64a5cd9ba2f02416f122b520fda3f76c5fa8fe60,76a7e7f57d458fa2b4c91795181c59c8cf59f46851061c58f5b999296b8cf88b,3a904c48eabe735959442f3d0babf9af6424be316001075f36dbb585872d227a,400.0,3276.0,3260.0,600.0,600.1158641250222,0.115864125022199,True,20.0,3276.0
mps,float32,32,1024,stability-600s,20260731,1240,0.620000958442688,0.0005,0.3906241357326507,0.1257393360137939,0.7746549844741821,0.869063675403595,0.2253450155258178,-1.7587095499038696e-05,0.000134814530611,2.650116812219494e-06,1.0023164749145508,1.002021551132202,1.0027070045471191,0.0027070045471191,0.9879800081253052,False,0.1439682079944759,7942912.0,440958976.0,12713115648.0,1208844288,stability,mps_n32_stability-600s,6cfaf2b862c1df55a1270210c502f7cbed3f6210f39ca19da11e4fcd2dd17783,0ede1e619250706f5f005ee522ce488c83c1bb88d9b17cef4835298088575d5a,5c53d0f6959150159ec02b5e64a5cd9ba2f02416f122b520fda3f76c5fa8fe60,76a7e7f57d458fa2b4c91795181c59c8cf59f46851061c58f5b999296b8cf88b,3a904c48eabe735959442f3d0babf9af6424be316001075f36dbb585872d227a,400.0,3276.0,3260.0,600.0,600.1158641250222,0.115864125022199,True,20.0,3276.0
mps,float32,32,1024,stability-600s,20260731,1260,0.630001425743103,0.0005,0.3981487452983856,0.1272542178630828,0.7725465893745422,0.8906494379043579,0.2274534106254577,-1.765415072441101e-05,0.0001348089426755,2.6739373879536288e-06,1.0023210048675537,1.0020992755889893,1.002621054649353,0.002621054649353,0.993455708026886,False,0.0700786660308949,8162048.0,440958976.0,12713115648.0,1208844288,stability,mps_n32_stability-600s,6cfaf2b862c1df55a1270210c502f7cbed3f6210f39ca19da11e4fcd2dd17783,0ede1e619250706f5f005ee522ce488c83c1bb88d9b17cef4835298088575d5a,5c53d0f6959150159ec02b5e64a5cd9ba2f02416f122b520fda3f76c5fa8fe60,76a7e7f57d458fa2b4c91795181c59c8cf59f46851061c58f5b999296b8cf88b,3a904c48eabe735959442f3d0babf9af6424be316001075f36dbb585872d227a,400.0,3276.0,3260.0,600.0,600.1158641250222,0.115864125022199,True,20.0,3276.0
mps,float32,32,1024,stability-600s,20260731,1280,0.6400018930435181,0.0005,0.405699610710144,0.1287497729063034,0.7704435586929321,0.9124805927276612,0.2295564413070678,-1.7598271369934082e-05,0.0001348010264337,2.655765229064855e-06,1.0023257732391355,1.0021759271621704,1.0025733709335327,0.0025733709335327,1.0058358907699585,False,0.1542126249987632,7924736.0,440958976.0,12713115648.0,1208844288,stability,mps_n32_stability-600s,6cfaf2b862c1df55a1270210c502f7cbed3f6210f39ca19da11e4fcd2dd17783,0ede1e619250706f5f005ee522ce488c83c1bb88d9b17cef4835298088575d5a,5c53d0f6959150159ec02b5e64a5cd9ba2f02416f122b520fda3f76c5fa8fe60,76a7e7f57d458fa2b4c91795181c59c8cf59f46851061c58f5b999296b8cf88b,3a904c48eabe735959442f3d0babf9af6424be316001075f36dbb585872d227a,400.0,3276.0,3260.0,600.0,600.1158641250222,0.115864125022199,True,20.0,3276.0
mps,float32,32,1024,stability-600s,20260731,1300,0.6500023603439331,0.0005,0.4131935238838196,0.130199983716011,0.7683137655258179,0.9344780445098876,0.2316862344741821,-1.7590820789337158e-05,0.000134780537337,2.6559584966889815e-06,1.0023317337036133,1.0021682977676392,1.0026640892028809,0.0026640892028808,1.0143201351165771,False,0.075113083992619,7748096.0,440958976.0,12713115648.0,1208844288,stability,mps_n32_stability-600s,6cfaf2b862c1df55a1270210c502f7cbed3f6210f39ca19da11e4fcd2dd17783,0ede1e619250706f5f005ee522ce488c83c1bb88d9b17cef4835298088575d5a,5c53d0f6959150159ec02b5e64a5cd9ba2f02416f122b520fda3f76c5fa8fe60,76a7e7f57d458fa2b4c91795181c59c8cf59f46851061c58f5b999296b8cf88b,3a904c48eabe735959442f3d0babf9af6424be316001075f36dbb585872d227a,400.0,3276.0,3260.0,600.0,600.1158641250222,0.115864125022199,True,20.0,3276.0
mps,float32,32,1024,stability-600s,20260731,1320,0.6600028276443481,0.0005,0.420604944229126,0.1315975338220596,0.7661397457122803,0.9565965533256532,0.2338602542877197,-1.7601996660232544e-05,0.0001347619108855,2.6623138182912953e-06,1.0023386478424072,1.0021753311157229,1.002713918685913,0.002713918685913,1.0202645063400269,False,0.178644124942366,7842560.0,440958976.0,12713115648.0,1208844288,stability,mps_n32_stability-600s,6cfaf2b862c1df55a1270210c502f7cbed3f6210f39ca19da11e4fcd2dd17783,0ede1e619250706f5f005ee522ce488c83c1bb88d9b17cef4835298088575d5a,5c53d0f6959150159ec02b5e64a5cd9ba2f02416f122b520fda3f76c5fa8fe60,76a7e7f57d458fa2b4c91795181c59c8cf59f46851061c58f5b999296b8cf88b,3a904c48eabe735959442f3d0babf9af6424be316001075f36dbb585872d227a,400.0,3276.0,3260.0,600.0,600.1158641250222,0.115864125022199,True,20.0,3276.0
mps,float32,32,1024,stability-600s,20260731,1340,0.6700032949447632,0.0005,0.4279776811599731,0.1329568773508072,0.7639278769493103,0.9788503050804138,0.2360721230506897,-1.7564743757247925e-05,0.0001347339712083,2.6533571144682355e-06,1.0023468732833862,1.002211570739746,1.0027148723602295,0.0027148723602294,1.0245782136917114,False,0.1239824169897474,7924736.0,440958976.0,12713115648.0,1208844288,stability,mps_n32_stability-600s,6cfaf2b862c1df55a1270210c502f7cbed3f6210f39ca19da11e4fcd2dd17783,0ede1e619250706f5f005ee522ce488c83c1bb88d9b17cef4835298088575d5a,5c53d0f6959150159ec02b5e64a5cd9ba2f02416f122b520fda3f76c5fa8fe60,76a7e7f57d458fa2b4c91795181c59c8cf59f46851061c58f5b999296b8cf88b,3a904c48eabe735959442f3d0babf9af6424be316001075f36dbb585872d227a,400.0,3276.0,3260.0,600.0,600.1158641250222,0.115864125022199,True,20.0,3276.0
mps,float32,32,1024,stability-600s,20260731,1360,0.6800037622451782,0.0005,0.4353840947151184,0.134300872683525,0.7616987228393555,1.0012925863265991,0.2383012771606445,-1.7561018466949463e-05,0.0001347265206277,2.653107003425248e-06,1.002355933189392,1.0022051334381104,1.0026801824569702,0.0026801824569702,1.0271486043930054,False,0.0998980000149458,7875840.0,440958976.0,12713115648.0,1208844288,stability,mps_n32_stability-600s,6cfaf2b862c1df55a1270210c502f7cbed3f6210f39ca19da11e4fcd2dd17783,0ede1e619250706f5f005ee522ce488c83c1bb88d9b17cef4835298088575d5a,5c53d0f6959150159ec02b5e64a5cd9ba2f02416f122b520fda3f76c5fa8fe60,76a7e7f57d458fa2b4c91795181c59c8cf59f46851061c58f5b999296b8cf88b,3a904c48eabe735959442f3d0babf9af6424be316001075f36dbb585872d227a,400.0,3276.0,3260.0,600.0,600.1158641250222,0.115864125022199,True,20.0,3276.0
mps,float32,32,1024,stability-600s,20260731,1380,0.6900042295455933,0.0005,0.4428810179233551,0.1356469988822937,0.7594724893569946,1.023978352546692,0.2405275106430053,-1.7546117305755615e-05,0.0001347037032246,2.651170461831498e-06,1.0023653507232666,1.0022215843200684,1.0026739835739136,0.0026739835739135,1.0272358655929563,False,0.2026392919942736,7682048.0,440958976.0,12713115648.0,1208844288,stability,mps_n32_stability-600s,6cfaf2b862c1df55a1270210c502f7cbed3f6210f39ca19da11e4fcd2dd17783,0ede1e619250706f5f005ee522ce488c83c1bb88d9b17cef4835298088575d5a,5c53d0f6959150159ec02b5e64a5cd9ba2f02416f122b520fda3f76c5fa8fe60,76a7e7f57d458fa2b4c91795181c59c8cf59f46851061c58f5b999296b8cf88b,3a904c48eabe735959442f3d0babf9af6424be316001075f36dbb585872d227a,400.0,3276.0,3260.0,600.0,600.1158641250222,0.115864125022199,True,20.0,3276.0
mps,float32,32,1024,stability-600s,20260731,1400,0.7000046968460083,0.0005,0.45048987865448,0.1370014250278473,0.7572594881057739,1.0469377040863037,0.242740511894226,-1.7520040273666382e-05,0.0001346878707408,2.6444763534527738e-06,1.0023748874664309,1.0021952390670776,1.0026733875274658,0.0026733875274658,1.024213790893555,False,0.1536874580197036,7989504.0,441810944.0,12713115648.0,1208844288,stability,mps_n32_stability-600s,6cfaf2b862c1df55a1270210c502f7cbed3f6210f39ca19da11e4fcd2dd17783,0ede1e619250706f5f005ee522ce488c83c1bb88d9b17cef4835298088575d5a,5c53d0f6959150159ec02b5e64a5cd9ba2f02416f122b520fda3f76c5fa8fe60,76a7e7f57d458fa2b4c91795181c59c8cf59f46851061c58f5b999296b8cf88b,3a904c48eabe735959442f3d0babf9af6424be316001075f36dbb585872d227a,400.0,3276.0,3260.0,600.0,600.1158641250222,0.115864125022199,True,20.0,3276.0
mps,float32,32,1024,stability-600s,20260731,1420,0.7100051641464233,0.0005,0.4582102000713348,0.1383636146783828,0.7550623416900635,1.0701816082000732,0.2449376583099365,-1.7531216144561768e-05,0.0001346487551927,2.6538029942457797e-06,1.0023847818374634,1.0022087097167969,1.0026651620864868,0.0026651620864868,1.0181403160095217,False,0.1736979160341434,7875584.0,441810944.0,12713115648.0,1208844288,stability,mps_n32_stability-600s,6cfaf2b862c1df55a1270210c502f7cbed3f6210f39ca19da11e4fcd2dd17783,0ede1e619250706f5f005ee522ce488c83c1bb88d9b17cef4835298088575d5a,5c53d0f6959150159ec02b5e64a5cd9ba2f02416f122b520fda3f76c5fa8fe60,76a7e7f57d458fa2b4c91795181c59c8cf59f46851061c58f5b999296b8cf88b,3a904c48eabe735959442f3d0babf9af6424be316001075f36dbb585872d227a,400.0,3276.0,3260.0,600.0,600.1158641250222,0.115864125022199,True,20.0,3276.0
mps,float32,32,1024,stability-600s,20260731,1440,0.7200056314468384,0.0005,0.4660321176052093,0.1397301852703094,0.7528799772262573,1.0937122106552124,0.2471200227737426,-1.7523765563964844e-05,0.0001346324570477,2.653584033396328e-06,1.002394676208496,1.002198338508606,1.0026569366455078,0.0026569366455078,1.0097848176956177,False,0.1414377090404741,7682048.0,442236928.0,12713115648.0,1208844288,stability,mps_n32_stability-600s,6cfaf2b862c1df55a1270210c502f7cbed3f6210f39ca19da11e4fcd2dd17783,0ede1e619250706f5f005ee522ce488c83c1bb88d9b17cef4835298088575d5a,5c53d0f6959150159ec02b5e64a5cd9ba2f02416f122b520fda3f76c5fa8fe60,76a7e7f57d458fa2b4c91795181c59c8cf59f46851061c58f5b999296b8cf88b,3a904c48eabe735959442f3d0babf9af6424be316001075f36dbb585872d227a,400.0,3276.0,3260.0,600.0,600.1158641250222,0.115864125022199,True,20.0,3276.0
mps,float32,32,1024,stability-600s,20260731,1460,0.7300060987472534,0.0005,0.4739377498626709,0.1410954445600509,0.7507075667381287,1.117519736289978,0.2492924332618713,-1.7542392015457153e-05,0.0001346110366284,2.662981160028721e-06,1.002404808998108,1.0022146701812744,1.00267493724823,0.0026749372482299,1.0002188682556152,False,0.1918270419701002,7925504.0,442236928.0,12713115648.0,1208844288,stability,mps_n32_stability-600s,6cfaf2b862c1df55a1270210c502f7cbed3f6210f39ca19da11e4fcd2dd17783,0ede1e619250706f5f005ee522ce488c83c1bb88d9b17cef4835298088575d5a,5c53d0f6959150159ec02b5e64a5cd9ba2f02416f122b520fda3f76c5fa8fe60,76a7e7f57d458fa2b4c91795181c59c8cf59f46851061c58f5b999296b8cf88b,3a904c48eabe735959442f3d0babf9af6424be316001075f36dbb585872d227a,400.0,3276.0,3260.0,600.0,600.1158641250222,0.115864125022199,True,20.0,3276.0
mps,float32,32,1024,stability-600s,20260731,1480,0.7400065660476685,0.0005,0.4819077253341675,0.142453446984291,0.748538613319397,1.1415889263153076,0.251461386680603,-1.7527490854263306e-05,0.0001346096396446,2.658115818121587e-06,1.0024151802062988,1.0022549629211426,1.002690076828003,0.0026900768280029,0.9900462627410888,False,0.1805580419604666,7748608.0,442236928.0,12713115648.0,1208844288,stability,mps_n32_stability-600s,6cfaf2b862c1df55a1270210c502f7cbed3f6210f39ca19da11e4fcd2dd17783,0ede1e619250706f5f005ee522ce488c83c1bb88d9b17cef4835298088575d5a,5c53d0f6959150159ec02b5e64a5cd9ba2f02416f122b520fda3f76c5fa8fe60,76a7e7f57d458fa2b4c91795181c59c8cf59f46851061c58f5b999296b8cf88b,3a904c48eabe735959442f3d0babf9af6424be316001075f36dbb585872d227a,400.0,3276.0,3260.0,600.0,600.1158641250222,0.115864125022199,True,20.0,3276.0
mps,float32,32,1024,stability-600s,20260731,1500,0.7500070333480835,0.0005,0.4899308085441589,0.1438008248805999,0.746369481086731,1.1659115552902222,0.253630518913269,-1.7609447240829468e-05,0.0001346040517091,2.6867921860684874e-06,1.0024255514144895,1.002295732498169,1.0027002096176147,0.0027002096176147,0.987127125263214,False,0.2104223750066012,7908352.0,442236928.0,12713115648.0,1208844288,stability,mps_n32_stability-600s,6cfaf2b862c1df55a1270210c502f7cbed3f6210f39ca19da11e4fcd2dd17783,0ede1e619250706f5f005ee522ce488c83c1bb88d9b17cef4835298088575d5a,5c53d0f6959150159ec02b5e64a5cd9ba2f02416f122b520fda3f76c5fa8fe60,76a7e7f57d458fa2b4c91795181c59c8cf59f46851061c58f5b999296b8cf88b,3a904c48eabe735959442f3d0babf9af6424be316001075f36dbb585872d227a,400.0,3276.0,3260.0,600.0,600.1158641250222,0.115864125022199,True,20.0,3276.0
mps,float32,32,1024,stability-600s,20260731,1520,0.7600075006484985,0.0005,0.4980110824108124,0.1451387107372284,0.7442028522491455,1.190497875213623,0.2557971477508545,-1.7561018466949463e-05,0.0001346115022897,2.669249852260691e-06,1.0024359226226809,1.0022807121276855,1.0027049779891968,0.0027049779891967,0.9875442385673524,False,0.1817078329622745,7925248.0,442236928.0,12713115648.0,1208844288,stability,mps_n32_stability-600s,6cfaf2b862c1df55a1270210c502f7cbed3f6210f39ca19da11e4fcd2dd17783,0ede1e619250706f5f005ee522ce488c83c1bb88d9b17cef4835298088575d5a,5c53d0f6959150159ec02b5e64a5cd9ba2f02416f122b520fda3f76c5fa8fe60,76a7e7f57d458fa2b4c91795181c59c8cf59f46851061c58f5b999296b8cf88b,3a904c48eabe735959442f3d0babf9af6424be316001075f36dbb585872d227a,400.0,3276.0,3260.0,600.0,600.1158641250222,0.115864125022199,True,20.0,3276.0
mps,float32,32,1024,stability-600s,20260731,1540,0.7700079679489136,0.0005,0.5061619877815247,0.1464709490537643,0.7420461177825928,1.215373158454895,0.2579538822174072,-1.7598271369934082e-05,0.0001346003264188,2.683519596757833e-06,1.002446174621582,1.0022865533828735,1.0027055740356443,0.0027055740356445,0.9844953417778016,False,0.1651178340543992,7748608.0,442236928.0,12713115648.0,1208844288,stability,mps_n32_stability-600s,6cfaf2b862c1df55a1270210c502f7cbed3f6210f39ca19da11e4fcd2dd17783,0ede1e619250706f5f005ee522ce488c83c1bb88d9b17cef4835298088575d5a,5c53d0f6959150159ec02b5e64a5cd9ba2f02416f122b520fda3f76c5fa8fe60,76a7e7f57d458fa2b4c91795181c59c8cf59f46851061c58f5b999296b8cf88b,3a904c48eabe735959442f3d0babf9af6424be316001075f36dbb585872d227a,400.0,3276.0,3260.0,600.0,600.1158641250222,0.115864125022199,True,20.0,3276.0
mps,float32,32,1024,stability-600s,20260731,1560,0.7800084352493286,0.0005,0.5143895149230957,0.1477991491556167,0.7399053573608398,1.2405600547790527,0.2600946426391601,-1.7639249563217163e-05,0.0001346012577414,2.6973373223881936e-06,1.0024559497833252,1.0023127794265747,1.0027031898498535,0.0027031898498535,0.9813386797904968,False,0.1881020420114509,7845888.0,442236928.0,12713115648.0,1208844288,stability,mps_n32_stability-600s,6cfaf2b862c1df55a1270210c502f7cbed3f6210f39ca19da11e4fcd2dd17783,0ede1e619250706f5f005ee522ce488c83c1bb88d9b17cef4835298088575d5a,5c53d0f6959150159ec02b5e64a5cd9ba2f02416f122b520fda3f76c5fa8fe60,76a7e7f57d458fa2b4c91795181c59c8cf59f46851061c58f5b999296b8cf88b,3a904c48eabe735959442f3d0babf9af6424be316001075f36dbb585872d227a,400.0,3276.0,3260.0,600.0,600.1158641250222,0.115864125022199,True,20.0,3276.0
mps,float32,32,1024,stability-600s,20260731,1580,0.7900089025497437,0.0005,0.5226871371269226,0.1491212248802185,0.7377810478210449,1.2660644054412842,0.2622189521789551,-1.7579644918441772e-05,0.0001345598138868,2.683011871340568e-06,1.0024654865264893,1.002325415611267,1.002739191055298,0.0027391910552978,0.9757965207099916,False,0.1515682910103351,7751424.0,442236928.0,12713115648.0,1208844288,stability,mps_n32_stability-600s,6cfaf2b862c1df55a1270210c502f7cbed3f6210f39ca19da11e4fcd2dd17783,0ede1e619250706f5f005ee522ce488c83c1bb88d9b17cef4835298088575d5a,5c53d0f6959150159ec02b5e64a5cd9ba2f02416f122b520fda3f76c5fa8fe60,76a7e7f57d458fa2b4c91795181c59c8cf59f46851061c58f5b999296b8cf88b,3a904c48eabe735959442f3d0babf9af6424be316001075f36dbb585872d227a,400.0,3276.0,3260.0,600.0,600.1158641250222,0.115864125022199,True,20.0,3276.0
mps,float32,32,1024,stability-600s,20260731,1600,0.8000093698501587,0.0005,0.5310401320457458,0.1504328995943069,0.7356691360473633,1.291878342628479,0.2643308639526367,-1.755356788635254e-05,0.0001345621421933,2.673826202226337e-06,1.0024744272232056,1.0023245811462402,1.0027780532836914,0.0027780532836914,0.9687116146087646,False,0.1836731670191511,7944448.0,442236928.0,12713115648.0,1208844288,stability,mps_n32_stability-600s,6cfaf2b862c1df55a1270210c502f7cbed3f6210f39ca19da11e4fcd2dd17783,0ede1e619250706f5f005ee522ce488c83c1bb88d9b17cef4835298088575d5a,5c53d0f6959150159ec02b5e64a5cd9ba2f02416f122b520fda3f76c5fa8fe60,76a7e7f57d458fa2b4c91795181c59c8cf59f46851061c58f5b999296b8cf88b,3a904c48eabe735959442f3d0babf9af6424be316001075f36dbb585872d227a,400.0,3276.0,3260.0,600.0,600.1158641250222,0.115864125022199,True,20.0,3276.0
mps,float32,32,1024,stability-600s,20260731,1620,0.8100098371505737,0.0005,0.5394410490989685,0.1517320424318313,0.7335656881332397,1.317994475364685,0.2664343118667602,-1.7557293176651e-05,0.0001345858909189,2.671657284736284e-06,1.0024832487106323,1.0023328065872192,1.0027949810028076,0.0027949810028076,0.9612511992454528,False,0.2025573329883627,7845632.0,442236928.0,12713115648.0,1208844288,stability,mps_n32_stability-600s,6cfaf2b862c1df55a1270210c502f7cbed3f6210f39ca19da11e4fcd2dd17783,0ede1e619250706f5f005ee522ce488c83c1bb88d9b17cef4835298088575d5a,5c53d0f6959150159ec02b5e64a5cd9ba2f02416f122b520fda3f76c5fa8fe60,76a7e7f57d458fa2b4c91795181c59c8cf59f46851061c58f5b999296b8cf88b,3a904c48eabe735959442f3d0babf9af6424be316001075f36dbb585872d227a,400.0,3276.0,3260.0,600.0,600.1158641250222,0.115864125022199,True,20.0,3276.0
mps,float32,32,1024,stability-600s,20260731,1640,0.8200103044509888,0.0005,0.5478977560997009,0.1530207991600036,0.7314707040786743,1.344417691230774,0.2685292959213257,-1.7482787370681763e-05,0.0001345919445157,2.645490667418926e-06,1.00249183177948,1.0023456811904907,1.0027951002120972,0.0027951002120971,0.954157292842865,False,0.1649427500087767,7751424.0,442236928.0,12713115648.0,1208844288,stability,mps_n32_stability-600s,6cfaf2b862c1df55a1270210c502f7cbed3f6210f39ca19da11e4fcd2dd17783,0ede1e619250706f5f005ee522ce488c83c1bb88d9b17cef4835298088575d5a,5c53d0f6959150159ec02b5e64a5cd9ba2f02416f122b520fda3f76c5fa8fe60,76a7e7f57d458fa2b4c91795181c59c8cf59f46851061c58f5b999296b8cf88b,3a904c48eabe735959442f3d0babf9af6424be316001075f36dbb585872d227a,400.0,3276.0,3260.0,600.0,600.1158641250222,0.115864125022199,True,20.0,3276.0
mps,float32,32,1024,stability-600s,20260731,1660,0.8300107717514038,0.0005,0.5564312934875488,0.1543049812316894,0.7293886542320251,1.3711669445037842,0.2706113457679748,-1.7449259757995605e-05,0.0001345765776932,2.6363675260654418e-06,1.002500057220459,1.002341628074646,1.0027869939804075,0.0027869939804077,0.9474053978919984,False,0.1509635829715989,7944448.0,442236928.0,12713115648.0,1208844288,stability,mps_n32_stability-600s,6cfaf2b862c1df55a1270210c502f7cbed3f6210f39ca19da11e4fcd2dd17783,0ede1e619250706f5f005ee522ce488c83c1bb88d9b17cef4835298088575d5a,5c53d0f6959150159ec02b5e64a5cd9ba2f02416f122b520fda3f76c5fa8fe60,76a7e7f57d458fa2b4c91795181c59c8cf59f46851061c58f5b999296b8cf88b,3a904c48eabe735959442f3d0babf9af6424be316001075f36dbb585872d227a,400.0,3276.0,3260.0,600.0,600.1158641250222,0.115864125022199,True,20.0,3276.0
mps,float32,32,1024,stability-600s,20260731,1680,0.8400112390518188,0.0005,0.5650622844696045,0.155590146780014,0.7273255586624146,1.398266077041626,0.2726744413375854,-1.745671033859253e-05,0.0001345542259514,2.642171693878481e-06,1.0025078058242798,1.0023424625396729,1.0027745962142944,0.0027745962142944,0.9401361346244812,False,0.1623993749963119,7842560.0,442236928.0,12713115648.0,1208844288,stability,mps_n32_stability-600s,6cfaf2b862c1df55a1270210c502f7cbed3f6210f39ca19da11e4fcd2dd17783,0ede1e619250706f5f005ee522ce488c83c1bb88d9b17cef4835298088575d5a,5c53d0f6959150159ec02b5e64a5cd9ba2f02416f122b520fda3f76c5fa8fe60,76a7e7f57d458fa2b4c91795181c59c8cf59f46851061c58f5b999296b8cf88b,3a904c48eabe735959442f3d0babf9af6424be316001075f36dbb585872d227a,400.0,3276.0,3260.0,600.0,600.1158641250222,0.115864125022199,True,20.0,3276.0
mps,float32,32,1024,stability-600s,20260731,1700,0.8500117063522339,0.0005,0.5738043785095215,0.1568796336650848,0.7252856492996216,1.425736665725708,0.2747143507003784,-1.7471611499786377e-05,0.0001345318742096,2.650510168678011e-06,1.0025153160095217,1.0023634433746338,1.002762794494629,0.0027627944946289,0.9312927722930908,False,0.2086732090101577,7924736.0,442662912.0,12713115648.0,1208844288,stability,mps_n32_stability-600s,6cfaf2b862c1df55a1270210c502f7cbed3f6210f39ca19da11e4fcd2dd17783,0ede1e619250706f5f005ee522ce488c83c1bb88d9b17cef4835298088575d5a,5c53d0f6959150159ec02b5e64a5cd9ba2f02416f122b520fda3f76c5fa8fe60,76a7e7f57d458fa2b4c91795181c59c8cf59f46851061c58f5b999296b8cf88b,3a904c48eabe735959442f3d0babf9af6424be316001075f36dbb585872d227a,400.0,3276.0,3260.0,600.0,600.1158641250222,0.115864125022199,True,20.0,3276.0
mps,float32,32,1024,stability-600s,20260731,1720,0.8600121736526489,0.0005,0.5826598405838013,0.1581737995147705,0.7232705354690552,1.4535892009735107,0.2767294645309448,-1.74790620803833e-05,0.0001344876363873,2.659609663169249e-06,1.0025224685668943,1.0023783445358276,1.002751111984253,0.0027511119842529,0.92030131816864,False,0.2188038330059498,7748096.0,442662912.0,12713115648.0,1208844288,stability,mps_n32_stability-600s,6cfaf2b862c1df55a1270210c502f7cbed3f6210f39ca19da11e4fcd2dd17783,0ede1e619250706f5f005ee522ce488c83c1bb88d9b17cef4835298088575d5a,5c53d0f6959150159ec02b5e64a5cd9ba2f02416f122b520fda3f76c5fa8fe60,76a7e7f57d458fa2b4c91795181c59c8cf59f46851061c58f5b999296b8cf88b,3a904c48eabe735959442f3d0babf9af6424be316001075f36dbb585872d227a,400.0,3276.0,3260.0,600.0,600.1158641250222,0.115864125022199,True,20.0,3276.0
mps,float32,32,1024,stability-600s,20260731,1740,0.870012640953064,0.0005,0.5916224122047424,0.1594705581665039,0.7212799191474915,1.4818302392959597,0.2787200808525085,-1.7508864402770996e-05,0.0001344908960163,2.6691773200582247e-06,1.0025291442871094,1.0023810863494873,1.0027718544006348,0.0027718544006347,0.9154917001724244,False,0.2119530829950235,7842560.0,442662912.0,12713115648.0,1208844288,stability,mps_n32_stability-600s,6cfaf2b862c1df55a1270210c502f7cbed3f6210f39ca19da11e4fcd2dd17783,0ede1e619250706f5f005ee522ce488c83c1bb88d9b17cef4835298088575d5a,5c53d0f6959150159ec02b5e64a5cd9ba2f02416f122b520fda3f76c5fa8fe60,76a7e7f57d458fa2b4c91795181c59c8cf59f46851061c58f5b999296b8cf88b,3a904c48eabe735959442f3d0babf9af6424be316001075f36dbb585872d227a,400.0,3276.0,3260.0,600.0,600.1158641250222,0.115864125022199,True,20.0,3276.0
mps,float32,32,1024,stability-600s,20260731,1760,0.880013108253479,0.0005,0.6006796360015869,0.1607662886381149,0.7193119525909424,1.5104594230651855,0.2806880474090576,-1.7464160919189453e-05,0.0001344927586615,2.6538177735346835e-06,1.002535343170166,1.0023831129074097,1.0027776956558228,0.0027776956558227,0.9156374931335448,False,0.2184378749807365,7924736.0,442662912.0,12713115648.0,1208844288,stability,mps_n32_stability-600s,6cfaf2b862c1df55a1270210c502f7cbed3f6210f39ca19da11e4fcd2dd17783,0ede1e619250706f5f005ee522ce488c83c1bb88d9b17cef4835298088575d5a,5c53d0f6959150159ec02b5e64a5cd9ba2f02416f122b520fda3f76c5fa8fe60,76a7e7f57d458fa2b4c91795181c59c8cf59f46851061c58f5b999296b8cf88b,3a904c48eabe735959442f3d0babf9af6424be316001075f36dbb585872d227a,400.0,3276.0,3260.0,600.0,600.1158641250222,0.115864125022199,True,20.0,3276.0
mps,float32,32,1024,stability-600s,20260731,1780,0.890013575553894,0.0005,0.6098135709762573,0.1620559394359588,0.7173625826835632,1.5394697189331057,0.2826374173164367,-1.7471611499786377e-05,0.0001344783231616,2.6584950774122262e-06,1.0025410652160645,1.0023738145828247,1.0027809143066406,0.0027809143066406,0.9325562119483948,False,0.179865707992576,7876608.0,442662912.0,12713115648.0,1208844288,stability,mps_n32_stability-600s,6cfaf2b862c1df55a1270210c502f7cbed3f6210f39ca19da11e4fcd2dd17783,0ede1e619250706f5f005ee522ce488c83c1bb88d9b17cef4835298088575d5a,5c53d0f6959150159ec02b5e64a5cd9ba2f02416f122b520fda3f76c5fa8fe60,76a7e7f57d458fa2b4c91795181c59c8cf59f46851061c58f5b999296b8cf88b,3a904c48eabe735959442f3d0babf9af6424be316001075f36dbb585872d227a,400.0,3276.0,3260.0,600.0,600.1158641250222,0.115864125022199,True,20.0,3276.0
mps,float32,32,1024,stability-600s,20260731,1800,0.9000140428543091,0.0005,0.6190052032470703,0.163334384560585,0.7154265642166138,1.568847894668579,0.2845734357833862,-1.751631498336792e-05,0.0001345044001936,2.6696859549701912e-06,1.002546310424805,1.0023480653762815,1.0027836561203003,0.0027836561203002,0.9457505345344543,False,0.2019553750287741,7683072.0,442662912.0,12713115648.0,1208844288,stability,mps_n32_stability-600s,6cfaf2b862c1df55a1270210c502f7cbed3f6210f39ca19da11e4fcd2dd17783,0ede1e619250706f5f005ee522ce488c83c1bb88d9b17cef4835298088575d5a,5c53d0f6959150159ec02b5e64a5cd9ba2f02416f122b520fda3f76c5fa8fe60,76a7e7f57d458fa2b4c91795181c59c8cf59f46851061c58f5b999296b8cf88b,3a904c48eabe735959442f3d0babf9af6424be316001075f36dbb585872d227a,400.0,3276.0,3260.0,600.0,600.1158641250222,0.115864125022199,True,20.0,3276.0
mps,float32,32,1024,stability-600s,20260731,1820,0.910014510154724,0.0005,0.6282471418380737,0.1645997017621994,0.7135010361671448,1.598589539527893,0.2864989638328552,-1.7531216144561768e-05,0.0001345193013548,2.6725203952082666e-06,1.0025511980056765,1.002356767654419,1.0028109550476074,0.0028109550476074,0.9542478919029236,False,0.1103858749847859,7990528.0,442662912.0,12713115648.0,1208844288,stability,mps_n32_stability-600s,6cfaf2b862c1df55a1270210c502f7cbed3f6210f39ca19da11e4fcd2dd17783,0ede1e619250706f5f005ee522ce488c83c1bb88d9b17cef4835298088575d5a,5c53d0f6959150159ec02b5e64a5cd9ba2f02416f122b520fda3f76c5fa8fe60,76a7e7f57d458fa2b4c91795181c59c8cf59f46851061c58f5b999296b8cf88b,3a904c48eabe735959442f3d0babf9af6424be316001075f36dbb585872d227a,400.0,3276.0,3260.0,600.0,600.1158641250222,0.115864125022199,True,20.0,3276.0
mps,float32,32,1024,stability-600s,20260731,1840,0.9200149774551392,0.0005,0.6375541090965271,0.1658557057380676,0.7115901708602905,1.6287134885787964,0.2884098291397095,-1.7527490854263306e-05,0.000134534202516,2.6690679533203365e-06,1.002555251121521,1.0023651123046875,1.0028324127197266,0.0028324127197265,0.9584656953811646,False,0.2029602500260807,7876608.0,442662912.0,12713115648.0,1208844288,stability,mps_n32_stability-600s,6cfaf2b862c1df55a1270210c502f7cbed3f6210f39ca19da11e4fcd2dd17783,0ede1e619250706f5f005ee522ce488c83c1bb88d9b17cef4835298088575d5a,5c53d0f6959150159ec02b5e64a5cd9ba2f02416f122b520fda3f76c5fa8fe60,76a7e7f57d458fa2b4c91795181c59c8cf59f46851061c58f5b999296b8cf88b,3a904c48eabe735959442f3d0babf9af6424be316001075f36dbb585872d227a,400.0,3276.0,3260.0,600.0,600.1158641250222,0.115864125022199,True,20.0,3276.0
mps,float32,32,1024,stability-600s,20260731,1860,0.9300154447555542,0.0005,0.6469627022743225,0.1671118289232254,0.7097076177597046,1.6592769622802734,0.2902923822402954,-1.7579644918441772e-05,0.0001345416530966,2.685647586986306e-06,1.0025584697723389,1.002360224723816,1.0028702020645142,0.0028702020645141,0.959982454776764,False,0.1799558339989744,7683072.0,443514880.0,12713115648.0,1208844288,stability,mps_n32_stability-600s,6cfaf2b862c1df55a1270210c502f7cbed3f6210f39ca19da11e4fcd2dd17783,0ede1e619250706f5f005ee522ce488c83c1bb88d9b17cef4835298088575d5a,5c53d0f6959150159ec02b5e64a5cd9ba2f02416f122b520fda3f76c5fa8fe60,76a7e7f57d458fa2b4c91795181c59c8cf59f46851061c58f5b999296b8cf88b,3a904c48eabe735959442f3d0babf9af6424be316001075f36dbb585872d227a,400.0,3276.0,3260.0,600.0,600.1158641250222,0.115864125022199,True,20.0,3276.0
mps,float32,32,1024,stability-600s,20260731,1880,0.9400159120559692,0.0005,0.6565037369728088,0.1683757156133651,0.7078676223754883,1.6903423070907593,0.2921323776245117,-1.7561018466949463e-05,0.0001345458440482,2.678722694327007e-06,1.0025609731674194,1.0023767948150637,1.0028780698776243,0.0028780698776245,0.9608039259910583,False,0.2048896670457907,7927808.0,443514880.0,12713115648.0,1208844288,stability,mps_n32_stability-600s,6cfaf2b862c1df55a1270210c502f7cbed3f6210f39ca19da11e4fcd2dd17783,0ede1e619250706f5f005ee522ce488c83c1bb88d9b17cef4835298088575d5a,5c53d0f6959150159ec02b5e64a5cd9ba2f02416f122b520fda3f76c5fa8fe60,76a7e7f57d458fa2b4c91795181c59c8cf59f46851061c58f5b999296b8cf88b,3a904c48eabe735959442f3d0babf9af6424be316001075f36dbb585872d227a,400.0,3276.0,3260.0,600.0,600.1158641250222,0.115864125022199,True,20.0,3276.0
mps,float32,32,1024,stability-600s,20260731,1900,0.9500163793563844,0.0005,0.6661608219146729,0.1696428060531616,0.7060694098472595,1.721915364265442,0.2939305901527405,-1.7609447240829468e-05,0.0001345388591289,2.696160663617775e-06,1.0025622844696045,1.002408146858215,1.002860188484192,0.0028601884841918,0.9622297883033752,False,0.2166515830322168,7751168.0,443514880.0,12713115648.0,1208844288,stability,mps_n32_stability-600s,6cfaf2b862c1df55a1270210c502f7cbed3f6210f39ca19da11e4fcd2dd17783,0ede1e619250706f5f005ee522ce488c83c1bb88d9b17cef4835298088575d5a,5c53d0f6959150159ec02b5e64a5cd9ba2f02416f122b520fda3f76c5fa8fe60,76a7e7f57d458fa2b4c91795181c59c8cf59f46851061c58f5b999296b8cf88b,3a904c48eabe735959442f3d0babf9af6424be316001075f36dbb585872d227a,400.0,3276.0,3260.0,600.0,600.1158641250222,0.115864125022199,True,20.0,3276.0
mps,float32,32,1024,stability-600s,20260731,1920,0.9600168466567992,0.0005,0.6758577227592468,0.1708935648202896,0.7042891383171082,1.7539124488830566,0.2957108616828918,-1.7583370208740234e-05,0.0001345304772257,2.6885388706432423e-06,1.002563238143921,1.0023995637893677,1.0028647184371948,0.0028647184371948,0.9643276929855348,False,0.217054457985796,7910912.0,443514880.0,12713115648.0,1208844288,stability,mps_n32_stability-600s,6cfaf2b862c1df55a1270210c502f7cbed3f6210f39ca19da11e4fcd2dd17783,0ede1e619250706f5f005ee522ce488c83c1bb88d9b17cef4835298088575d5a,5c53d0f6959150159ec02b5e64a5cd9ba2f02416f122b520fda3f76c5fa8fe60,76a7e7f57d458fa2b4c91795181c59c8cf59f46851061c58f5b999296b8cf88b,3a904c48eabe735959442f3d0babf9af6424be316001075f36dbb585872d227a,400.0,3276.0,3260.0,600.0,600.1158641250222,0.115864125022199,True,20.0,3276.0
mps,float32,32,1024,stability-600s,20260731,1940,0.9700173139572144,0.0005,0.6854909062385559,0.1721020936965942,0.7024878263473511,1.7861844301223757,0.2975121736526489,-1.757591962814331e-05,0.0001345435157418,2.6841134967980902e-06,1.0025643110275269,1.002414584159851,1.0029075145721436,0.0029075145721435,0.9661394953727722,False,0.2425144580192864,7927808.0,444792832.0,12713115648.0,1208844288,stability,mps_n32_stability-600s,6cfaf2b862c1df55a1270210c502f7cbed3f6210f39ca19da11e4fcd2dd17783,0ede1e619250706f5f005ee522ce488c83c1bb88d9b17cef4835298088575d5a,5c53d0f6959150159ec02b5e64a5cd9ba2f02416f122b520fda3f76c5fa8fe60,76a7e7f57d458fa2b4c91795181c59c8cf59f46851061c58f5b999296b8cf88b,3a904c48eabe735959442f3d0babf9af6424be316001075f36dbb585872d227a,400.0,3276.0,3260.0,600.0,600.1158641250222,0.115864125022199,True,20.0,3276.0
mps,float32,32,1024,stability-600s,20260731,1960,0.9800177812576294,0.0005,0.6949931979179382,0.1732523292303085,0.7006343603134155,1.81860613822937,0.2993656396865845,-1.757591962814331e-05,0.0001345430500805,2.6841812541533727e-06,1.002566695213318,1.0024213790893557,1.0029282569885254,0.0029282569885253,0.9662919044494628,False,0.1550457500270567,7751168.0,450035712.0,12713115648.0,1208844288,stability,mps_n32_stability-600s,6cfaf2b862c1df55a1270210c502f7cbed3f6210f39ca19da11e4fcd2dd17783,0ede1e619250706f5f005ee522ce488c83c1bb88d9b17cef4835298088575d5a,5c53d0f6959150159ec02b5e64a5cd9ba2f02416f122b520fda3f76c5fa8fe60,76a7e7f57d458fa2b4c91795181c59c8cf59f46851061c58f5b999296b8cf88b,3a904c48eabe735959442f3d0babf9af6424be316001075f36dbb585872d227a,400.0,3276.0,3260.0,600.0,600.1158641250222,0.115864125022199,True,20.0,3276.0
mps,float32,32,1024,stability-600s,20260731,1980,0.9900182485580444,0.0005,0.7043699622154236,0.1743466109037399,0.6987215876579285,1.8511416912078855,0.3012784123420715,-1.7590820789337158e-05,0.0001345034688711,2.695017201403971e-06,1.002570390701294,1.0024253129959106,1.002925157546997,0.002925157546997,0.9637884497642516,False,0.1909397499985061,7843840.0,450035712.0,12713115648.0,1208844288,stability,mps_n32_stability-600s,6cfaf2b862c1df55a1270210c502f7cbed3f6210f39ca19da11e4fcd2dd17783,0ede1e619250706f5f005ee522ce488c83c1bb88d9b17cef4835298088575d5a,5c53d0f6959150159ec02b5e64a5cd9ba2f02416f122b520fda3f76c5fa8fe60,76a7e7f57d458fa2b4c91795181c59c8cf59f46851061c58f5b999296b8cf88b,3a904c48eabe735959442f3d0babf9af6424be316001075f36dbb585872d227a,400.0,3276.0,3260.0,600.0,600.1158641250222,0.115864125022199,True,20.0,3276.0
mps,float32,32,1024,stability-600s,20260731,2000,1.0000187158584597,0.0005,0.7136871218681335,0.1754020899534225,0.6967656016349792,1.8838521242141724,0.3032343983650207,-1.7561018466949463e-05,0.0001344908960163,2.686792413442163e-06,1.002575159072876,1.002423644065857,1.0029088258743286,0.0029088258743286,0.9584913849830629,False,0.190387999988161,7749376.0,455999488.0,12713115648.0,1208844288,stability,mps_n32_stability-600s,6cfaf2b862c1df55a1270210c502f7cbed3f6210f39ca19da11e4fcd2dd17783,0ede1e619250706f5f005ee522ce488c83c1bb88d9b17cef4835298088575d5a,5c53d0f6959150159ec02b5e64a5cd9ba2f02416f122b520fda3f76c5fa8fe60,76a7e7f57d458fa2b4c91795181c59c8cf59f46851061c58f5b999296b8cf88b,3a904c48eabe735959442f3d0babf9af6424be316001075f36dbb585872d227a,400.0,3276.0,3260.0,600.0,600.1158641250222,0.115864125022199,True,20.0,3276.0
mps,float32,32,1024,stability-600s,20260731,2020,1.010017991065979,0.0005,0.7230244874954224,0.1764389276504516,0.6947911977767944,1.9168323278427124,0.3052088022232055,-1.7531216144561768e-05,0.0001344829797744,2.6779016479849815e-06,1.0025808811187744,1.0024162530899048,1.0029336214065552,0.0029336214065551,0.9507942199707032,False,0.1697682079975493,7942400.0,468221952.0,12713115648.0,1208844288,stability,mps_n32_stability-600s,6cfaf2b862c1df55a1270210c502f7cbed3f6210f39ca19da11e4fcd2dd17783,0ede1e619250706f5f005ee522ce488c83c1bb88d9b17cef4835298088575d5a,5c53d0f6959150159ec02b5e64a5cd9ba2f02416f122b520fda3f76c5fa8fe60,76a7e7f57d458fa2b4c91795181c59c8cf59f46851061c58f5b999296b8cf88b,3a904c48eabe735959442f3d0babf9af6424be316001075f36dbb585872d227a,400.0,3276.0,3260.0,600.0,600.1158641250222,0.115864125022199,True,20.0,3276.0
mps,float32,32,1024,stability-600s,20260731,2040,1.0200172662734983,0.0005,0.7324450016021729,0.1774724572896957,0.6928187608718872,1.9501750469207764,0.3071812391281128,-1.7546117305755615e-05,0.0001344787888228,2.683555976545904e-06,1.0025869607925415,1.002427339553833,1.0029442310333252,0.0029442310333251,0.9415220618247986,False,0.2138273339951411,7843584.0,471203840.0,12713115648.0,1208844288,stability,mps_n32_stability-600s,6cfaf2b862c1df55a1270210c502f7cbed3f6210f39ca19da11e4fcd2dd17783,0ede1e619250706f5f005ee522ce488c83c1bb88d9b17cef4835298088575d5a,5c53d0f6959150159ec02b5e64a5cd9ba2f02416f122b520fda3f76c5fa8fe60,76a7e7f57d458fa2b4c91795181c59c8cf59f46851061c58f5b999296b8cf88b,3a904c48eabe735959442f3d0babf9af6424be316001075f36dbb585872d227a,400.0,3276.0,3260.0,600.0,600.1158641250222,0.115864125022199,True,20.0,3276.0
mps,float32,32,1024,stability-600s,20260731,2060,1.030016541481018,0.0005,0.7419813275337219,0.1785103529691696,0.6908603310585022,1.9839352369308472,0.3091396689414978,-1.7523765563964844e-05,0.0001344629563391,2.6783802695717895e-06,1.002592921257019,1.0024306774139404,1.0029456615447998,0.0029456615447998,0.9312062859535216,False,0.1783376660314388,7749376.0,472055808.0,12713115648.0,1208844288,stability,mps_n32_stability-600s,6cfaf2b862c1df55a1270210c502f7cbed3f6210f39ca19da11e4fcd2dd17783,0ede1e619250706f5f005ee522ce488c83c1bb88d9b17cef4835298088575d5a,5c53d0f6959150159ec02b5e64a5cd9ba2f02416f122b520fda3f76c5fa8fe60,76a7e7f57d458fa2b4c91795181c59c8cf59f46851061c58f5b999296b8cf88b,3a904c48eabe735959442f3d0babf9af6424be316001075f36dbb585872d227a,400.0,3276.0,3260.0,600.0,600.1158641250222,0.115864125022199,True,20.0,3276.0
mps,float32,32,1024,stability-600s,20260731,2080,1.0400158166885376,0.0005,0.7516413927078247,0.179554209113121,0.6889199018478394,2.018136739730835,0.3110800981521606,-1.749396324157715e-05,0.0001344715710729,2.667041826498462e-06,1.002598762512207,1.0024402141571045,1.002941012382507,0.0029410123825073,0.9200572967529296,False,0.1475463749957271,7942400.0,472055808.0,12713115648.0,1208844288,stability,mps_n32_stability-600s,6cfaf2b862c1df55a1270210c502f7cbed3f6210f39ca19da11e4fcd2dd17783,0ede1e619250706f5f005ee522ce488c83c1bb88d9b17cef4835298088575d5a,5c53d0f6959150159ec02b5e64a5cd9ba2f02416f122b520fda3f76c5fa8fe60,76a7e7f57d458fa2b4c91795181c59c8cf59f46851061c58f5b999296b8cf88b,3a904c48eabe735959442f3d0babf9af6424be316001075f36dbb585872d227a,400.0,3276.0,3260.0,600.0,600.1158641250222,0.115864125022199,True,20.0,3276.0
mps,float32,32,1024,stability-600s,20260731,2100,1.0500150918960571,0.0005,0.7614087462425232,0.1805997937917709,0.686992347240448,2.0527632236480713,0.313007652759552,-1.755356788635254e-05,0.0001344589982181,2.6890227218245855e-06,1.0026044845581057,1.0024447441101074,1.0029295682907104,0.0029295682907104,0.908010959625244,False,0.2135350829921662,7842048.0,472055808.0,12713115648.0,1208844288,stability,mps_n32_stability-600s,6cfaf2b862c1df55a1270210c502f7cbed3f6210f39ca19da11e4fcd2dd17783,0ede1e619250706f5f005ee522ce488c83c1bb88d9b17cef4835298088575d5a,5c53d0f6959150159ec02b5e64a5cd9ba2f02416f122b520fda3f76c5fa8fe60,76a7e7f57d458fa2b4c91795181c59c8cf59f46851061c58f5b999296b8cf88b,3a904c48eabe735959442f3d0babf9af6424be316001075f36dbb585872d227a,400.0,3276.0,3260.0,600.0,600.1158641250222,0.115864125022199,True,20.0,3276.0
mps,float32,32,1024,stability-600s,20260731,2120,1.0600143671035769,0.0005,0.7712461948394775,0.181638091802597,0.6850643157958984,2.0877597332000732,0.3149356842041015,-1.7568469047546387e-05,0.0001344333868473,2.697885975067038e-06,1.002610206604004,1.0024383068084717,1.0029107332229614,0.0029107332229614,0.8950183391571045,False,0.2058954170206561,7924224.0,472481792.0,12713115648.0,1208844288,stability,mps_n32_stability-600s,6cfaf2b862c1df55a1270210c502f7cbed3f6210f39ca19da11e4fcd2dd17783,0ede1e619250706f5f005ee522ce488c83c1bb88d9b17cef4835298088575d5a,5c53d0f6959150159ec02b5e64a5cd9ba2f02416f122b520fda3f76c5fa8fe60,76a7e7f57d458fa2b4c91795181c59c8cf59f46851061c58f5b999296b8cf88b,3a904c48eabe735959442f3d0babf9af6424be316001075f36dbb585872d227a,400.0,3276.0,3260.0,600.0,600.1158641250222,0.115864125022199,True,20.0,3276.0
mps,float32,32,1024,stability-600s,20260731,2140,1.0700136423110962,0.0005,0.7811096906661987,0.1826587915420532,0.6831192970275879,2.123053550720215,0.3168807029724121,-1.757591962814331e-05,0.0001344552729278,2.6971197257807944e-06,1.002616286277771,1.0024142265319824,1.002885341644287,0.0028853416442871,0.8836286664009094,False,0.2350630830042064,7747584.0,472907776.0,12713115648.0,1208844288,stability,mps_n32_stability-600s,6cfaf2b862c1df55a1270210c502f7cbed3f6210f39ca19da11e4fcd2dd17783,0ede1e619250706f5f005ee522ce488c83c1bb88d9b17cef4835298088575d5a,5c53d0f6959150159ec02b5e64a5cd9ba2f02416f122b520fda3f76c5fa8fe60,76a7e7f57d458fa2b4c91795181c59c8cf59f46851061c58f5b999296b8cf88b,3a904c48eabe735959442f3d0babf9af6424be316001075f36dbb585872d227a,400.0,3276.0,3260.0,600.0,600.1158641250222,0.115864125022199,True,20.0,3276.0
mps,float32,32,1024,stability-600s,20260731,2160,1.0800129175186155,0.0005,0.7909667491912842,0.1836544871330261,0.6811434626579285,2.1585805416107178,0.3188565373420715,-1.7546117305755615e-05,0.0001344489865005,2.6880102268478367e-06,1.0026230812072754,1.00241219997406,1.0028748512268066,0.0028748512268066,0.8819336295127869,False,0.1523067909874953,7842048.0,473333760.0,12713115648.0,1208844288,stability,mps_n32_stability-600s,6cfaf2b862c1df55a1270210c502f7cbed3f6210f39ca19da11e4fcd2dd17783,0ede1e619250706f5f005ee522ce488c83c1bb88d9b17cef4835298088575d5a,5c53d0f6959150159ec02b5e64a5cd9ba2f02416f122b520fda3f76c5fa8fe60,76a7e7f57d458fa2b4c91795181c59c8cf59f46851061c58f5b999296b8cf88b,3a904c48eabe735959442f3d0babf9af6424be316001075f36dbb585872d227a,400.0,3276.0,3260.0,600.0,600.1158641250222,0.115864125022199,True,20.0,3276.0
mps,float32,32,1024,stability-600s,20260731,2180,1.0900121927261353,0.0005,0.800803005695343,0.1846221983432769,0.6791301369667053,2.1943061351776123,0.3208698630332947,-1.7568469047546387e-05,0.0001344282645732,2.6986567718267902e-06,1.0026311874389648,1.0024441480636597,1.002873420715332,0.002873420715332,0.8785607814788818,False,0.1990657090209424,7924224.0,473759744.0,12713115648.0,1208844288,stability,mps_n32_stability-600s,6cfaf2b862c1df55a1270210c502f7cbed3f6210f39ca19da11e4fcd2dd17783,0ede1e619250706f5f005ee522ce488c83c1bb88d9b17cef4835298088575d5a,5c53d0f6959150159ec02b5e64a5cd9ba2f02416f122b520fda3f76c5fa8fe60,76a7e7f57d458fa2b4c91795181c59c8cf59f46851061c58f5b999296b8cf88b,3a904c48eabe735959442f3d0babf9af6424be316001075f36dbb585872d227a,400.0,3276.0,3260.0,600.0,600.1158641250222,0.115864125022199,True,20.0,3276.0
mps,float32,32,1024,stability-600s,20260731,2200,1.1000114679336548,0.0005,0.8106138110160828,0.185561254620552,0.6770764589309692,2.230212688446045,0.3229235410690307,-1.7590820789337158e-05,0.0001344325719401,2.705541874092887e-06,1.0026402473449707,1.002466917037964,1.0028623342514038,0.0028623342514038,0.8745192885398865,False,0.2129367919987999,7876864.0,473759744.0,12713115648.0,1208844288,stability,mps_n32_stability-600s,6cfaf2b862c1df55a1270210c502f7cbed3f6210f39ca19da11e4fcd2dd17783,0ede1e619250706f5f005ee522ce488c83c1bb88d9b17cef4835298088575d5a,5c53d0f6959150159ec02b5e64a5cd9ba2f02416f122b520fda3f76c5fa8fe60,76a7e7f57d458fa2b4c91795181c59c8cf59f46851061c58f5b999296b8cf88b,3a904c48eabe735959442f3d0babf9af6424be316001075f36dbb585872d227a,400.0,3276.0,3260.0,600.0,600.1158641250222,0.115864125022199,True,20.0,3276.0
mps,float32,32,1024,stability-600s,20260731,2220,1.1100107431411743,0.0005,0.8203986883163452,0.1864719241857528,0.6749801635742188,2.266284942626953,0.3250198364257812,-1.7598271369934082e-05,0.0001344360643997,2.7075309390056645e-06,1.0026507377624512,1.00248384475708,1.0028693675994873,0.0028693675994873,0.870611310005188,False,0.1762118330225348,7683072.0,473759744.0,12713115648.0,1208844288,stability,mps_n32_stability-600s,6cfaf2b862c1df55a1270210c502f7cbed3f6210f39ca19da11e4fcd2dd17783,0ede1e619250706f5f005ee522ce488c83c1bb88d9b17cef4835298088575d5a,5c53d0f6959150159ec02b5e64a5cd9ba2f02416f122b520fda3f76c5fa8fe60,76a7e7f57d458fa2b4c91795181c59c8cf59f46851061c58f5b999296b8cf88b,3a904c48eabe735959442f3d0babf9af6424be316001075f36dbb585872d227a,400.0,3276.0,3260.0,600.0,600.1158641250222,0.115864125022199,True,20.0,3276.0
mps,float32,32,1024,stability-600s,20260731,2240,1.1200100183486938,0.0005,0.8301673531532288,0.1873567998409271,0.6728417277336121,2.302518606185913,0.3271582722663879,-1.7568469047546387e-05,0.0001344240736216,2.6992881885234965e-06,1.0026620626449585,1.0024558305740356,1.0028971433639526,0.0028971433639526,0.8673547506332397,False,0.2012900420231744,7990528.0,473759744.0,12713115648.0,1208844288,stability,mps_n32_stability-600s,6cfaf2b862c1df55a1270210c502f7cbed3f6210f39ca19da11e4fcd2dd17783,0ede1e619250706f5f005ee522ce488c83c1bb88d9b17cef4835298088575d5a,5c53d0f6959150159ec02b5e64a5cd9ba2f02416f122b520fda3f76c5fa8fe60,76a7e7f57d458fa2b4c91795181c59c8cf59f46851061c58f5b999296b8cf88b,3a904c48eabe735959442f3d0babf9af6424be316001075f36dbb585872d227a,400.0,3276.0,3260.0,600.0,600.1158641250222,0.115864125022199,True,20.0,3276.0
mps,float32,32,1024,stability-600s,20260731,2260,1.1300092935562134,0.0005,0.8399558067321777,0.1882242709398269,0.6706713438034058,2.3389601707458496,0.3293286561965942,-1.7561018466949463e-05,0.0001344438642263,2.6938016617350513e-06,1.0026743412017822,1.0024511814117432,1.0029289722442627,0.0029289722442626,0.8647458553314209,False,0.1672959999996237,7876608.0,473759744.0,12713115648.0,1208844288,stability,mps_n32_stability-600s,6cfaf2b862c1df55a1270210c502f7cbed3f6210f39ca19da11e4fcd2dd17783,0ede1e619250706f5f005ee522ce488c83c1bb88d9b17cef4835298088575d5a,5c53d0f6959150159ec02b5e64a5cd9ba2f02416f122b520fda3f76c5fa8fe60,76a7e7f57d458fa2b4c91795181c59c8cf59f46851061c58f5b999296b8cf88b,3a904c48eabe735959442f3d0babf9af6424be316001075f36dbb585872d227a,400.0,3276.0,3260.0,600.0,600.1158641250222,0.115864125022199,True,20.0,3276.0
mps,float32,32,1024,stability-600s,20260731,2280,1.140008568763733,0.0005,0.8498305678367615,0.1890893131494522,0.6684918999671936,2.375723361968994,0.3315081000328064,-1.7546117305755615e-05,0.0001344572519883,2.686771040316671e-06,1.002686858177185,1.0024758577346802,1.0029518604278564,0.0029518604278564,0.8624398708343506,False,0.1863575410097837,7683072.0,474185728.0,12713115648.0,1208844288,stability,mps_n32_stability-600s,6cfaf2b862c1df55a1270210c502f7cbed3f6210f39ca19da11e4fcd2dd17783,0ede1e619250706f5f005ee522ce488c83c1bb88d9b17cef4835298088575d5a,5c53d0f6959150159ec02b5e64a5cd9ba2f02416f122b520fda3f76c5fa8fe60,76a7e7f57d458fa2b4c91795181c59c8cf59f46851061c58f5b999296b8cf88b,3a904c48eabe735959442f3d0babf9af6424be316001075f36dbb585872d227a,400.0,3276.0,3260.0,600.0,600.1158641250222,0.115864125022199,True,20.0,3276.0
mps,float32,32,1024,stability-600s,20260731,2300,1.1500078439712524,0.0005,0.8598664999008179,0.1899682879447937,0.6663329005241394,2.4129598140716553,0.3336670994758606,-1.7531216144561768e-05,0.0001344747142866,2.679134013305884e-06,1.0026992559432983,1.0025277137756348,1.002962946891785,0.0029629468917846,0.8597282767295837,False,0.2001765830209478,7990528.0,474611712.0,12713115648.0,1208844288,stability,mps_n32_stability-600s,6cfaf2b862c1df55a1270210c502f7cbed3f6210f39ca19da11e4fcd2dd17783,0ede1e619250706f5f005ee522ce488c83c1bb88d9b17cef4835298088575d5a,5c53d0f6959150159ec02b5e64a5cd9ba2f02416f122b520fda3f76c5fa8fe60,76a7e7f57d458fa2b4c91795181c59c8cf59f46851061c58f5b999296b8cf88b,3a904c48eabe735959442f3d0babf9af6424be316001075f36dbb585872d227a,400.0,3276.0,3260.0,600.0,600.1158641250222,0.115864125022199,True,20.0,3276.0
mps,float32,32,1024,stability-600s,20260731,2320,1.160007119178772,0.0005,0.8701128363609314,0.1908714771270752,0.6642180681228638,2.4507992267608643,0.3357819318771362,-1.7531216144561768e-05,0.0001344913616776,2.6766549581225263e-06,1.0027109384536743,1.0025711059570312,1.002963662147522,0.0029636621475219,0.8571496605873108,False,0.2008296250132843,7876864.0,474611712.0,12713115648.0,1208844288,stability,mps_n32_stability-600s,6cfaf2b862c1df55a1270210c502f7cbed3f6210f39ca19da11e4fcd2dd17783,0ede1e619250706f5f005ee522ce488c83c1bb88d9b17cef4835298088575d5a,5c53d0f6959150159ec02b5e64a5cd9ba2f02416f122b520fda3f76c5fa8fe60,76a7e7f57d458fa2b4c91795181c59c8cf59f46851061c58f5b999296b8cf88b,3a904c48eabe735959442f3d0babf9af6424be316001075f36dbb585872d227a,400.0,3276.0,3260.0,600.0,600.1158641250222,0.115864125022199,True,20.0,3276.0
mps,float32,32,1024,stability-600s,20260731,2340,1.1700063943862915,0.0005,0.8805750608444214,0.1917993873357772,0.6621581315994263,2.4893128871917725,0.3378418684005737,-1.7486512660980225e-05,0.0001345453783869,2.6535572033026256e-06,1.0027215480804443,1.002565622329712,1.0029562711715698,0.0029562711715698,0.8600981831550598,False,0.2161294590332545,7843328.0,474611712.0,12713115648.0,1208844288,stability,mps_n32_stability-600s,6cfaf2b862c1df55a1270210c502f7cbed3f6210f39ca19da11e4fcd2dd17783,0ede1e619250706f5f005ee522ce488c83c1bb88d9b17cef4835298088575d5a,5c53d0f6959150159ec02b5e64a5cd9ba2f02416f122b520fda3f76c5fa8fe60,76a7e7f57d458fa2b4c91795181c59c8cf59f46851061c58f5b999296b8cf88b,3a904c48eabe735959442f3d0babf9af6424be316001075f36dbb585872d227a,400.0,3276.0,3260.0,600.0,600.1158641250222,0.115864125022199,True,20.0,3276.0
mps,float32,32,1024,stability-600s,20260731,2360,1.180005669593811,0.0005,0.8912252187728882,0.1927453130483627,0.660151481628418,2.52850604057312,0.339848518371582,-1.7471611499786377e-05,0.0001345474738627,2.6482073280931218e-06,1.0027308464050293,1.0025354623794556,1.0029926300048828,0.0029926300048828,0.8623717427253723,False,0.1980549999861978,7749120.0,475463680.0,12713115648.0,1208844288,stability,mps_n32_stability-600s,6cfaf2b862c1df55a1270210c502f7cbed3f6210f39ca19da11e4fcd2dd17783,0ede1e619250706f5f005ee522ce488c83c1bb88d9b17cef4835298088575d5a,5c53d0f6959150159ec02b5e64a5cd9ba2f02416f122b520fda3f76c5fa8fe60,76a7e7f57d458fa2b4c91795181c59c8cf59f46851061c58f5b999296b8cf88b,3a904c48eabe735959442f3d0babf9af6424be316001075f36dbb585872d227a,400.0,3276.0,3260.0,600.0,600.1158641250222,0.115864125022199,True,20.0,3276.0
mps,float32,32,1024,stability-600s,20260731,2380,1.1900049448013306,0.0005,0.9020338654518129,0.1937022656202316,0.6581937074661255,2.568371057510376,0.3418062925338745,-1.745671033859253e-05,0.0001345635391771,2.640801994857611e-06,1.00273859500885,1.0025256872177124,1.0030254125595093,0.0030254125595092,0.8637510538101196,False,0.1425425419583916,7876864.0,475889664.0,12713115648.0,1208844288,stability,mps_n32_stability-600s,6cfaf2b862c1df55a1270210c502f7cbed3f6210f39ca19da11e4fcd2dd17783,0ede1e619250706f5f005ee522ce488c83c1bb88d9b17cef4835298088575d5a,5c53d0f6959150159ec02b5e64a5cd9ba2f02416f122b520fda3f76c5fa8fe60,76a7e7f57d458fa2b4c91795181c59c8cf59f46851061c58f5b999296b8cf88b,3a904c48eabe735959442f3d0babf9af6424be316001075f36dbb585872d227a,400.0,3276.0,3260.0,600.0,600.1158641250222,0.115864125022199,True,20.0,3276.0
mps,float32,32,1024,stability-600s,20260731,2400,1.20000422000885,0.0005,0.9129882454872132,0.1946670562028885,0.6562852263450623,2.608926296234131,0.3437147736549377,-1.741945743560791e-05,0.0001345837954431,2.6252184852637583e-06,1.0027450323104858,1.0025399923324585,1.003016710281372,0.003016710281372,0.8642212152481079,False,0.2007774580270052,7843328.0,475889664.0,12713115648.0,1208844288,stability,mps_n32_stability-600s,6cfaf2b862c1df55a1270210c502f7cbed3f6210f39ca19da11e4fcd2dd17783,0ede1e619250706f5f005ee522ce488c83c1bb88d9b17cef4835298088575d5a,5c53d0f6959150159ec02b5e64a5cd9ba2f02416f122b520fda3f76c5fa8fe60,76a7e7f57d458fa2b4c91795181c59c8cf59f46851061c58f5b999296b8cf88b,3a904c48eabe735959442f3d0babf9af6424be316001075f36dbb585872d227a,400.0,3276.0,3260.0,600.0,600.1158641250222,0.115864125022199,True,20.0,3276.0
mps,float32,32,1024,stability-600s,20260731,2420,1.2100034952163696,0.0005,0.9240744709968568,0.1956364065408706,0.6544269919395447,2.650192975997925,0.3455730080604553,-1.741945743560791e-05,0.0001345879863947,2.6246038942190353e-06,1.0027499198913574,1.0025784969329834,1.0030146837234497,0.0030146837234497,0.8625977635383606,False,0.1673984579974785,7749120.0,475889664.0,12713115648.0,1208844288,stability,mps_n32_stability-600s,6cfaf2b862c1df55a1270210c502f7cbed3f6210f39ca19da11e4fcd2dd17783,0ede1e619250706f5f005ee522ce488c83c1bb88d9b17cef4835298088575d5a,5c53d0f6959150159ec02b5e64a5cd9ba2f02416f122b520fda3f76c5fa8fe60,76a7e7f57d458fa2b4c91795181c59c8cf59f46851061c58f5b999296b8cf88b,3a904c48eabe735959442f3d0babf9af6424be316001075f36dbb585872d227a,400.0,3276.0,3260.0,600.0,600.1158641250222,0.115864125022199,True,20.0,3276.0
mps,float32,32,1024,stability-600s,20260731,2440,1.2200027704238892,0.0005,0.935247004032135,0.1966004222631454,0.6526088714599609,2.6921281814575195,0.347391128540039,-1.741945743560791e-05,0.0001346142962574,2.620764462335501e-06,1.0027536153793335,1.0025452375411987,1.0030192136764526,0.0030192136764526,0.869192361831665,False,0.2127993330359459,7751168.0,475889664.0,12713115648.0,1208844288,stability,mps_n32_stability-600s,6cfaf2b862c1df55a1270210c502f7cbed3f6210f39ca19da11e4fcd2dd17783,0ede1e619250706f5f005ee522ce488c83c1bb88d9b17cef4835298088575d5a,5c53d0f6959150159ec02b5e64a5cd9ba2f02416f122b520fda3f76c5fa8fe60,76a7e7f57d458fa2b4c91795181c59c8cf59f46851061c58f5b999296b8cf88b,3a904c48eabe735959442f3d0babf9af6424be316001075f36dbb585872d227a,400.0,3276.0,3260.0,600.0,600.1158641250222,0.115864125022199,True,20.0,3276.0
mps,float32,32,1024,stability-600s,20260731,2460,1.2300020456314087,0.0005,0.946420967578888,0.197541281580925,0.6508045792579651,2.73459529876709,0.3491954207420349,-1.7389655113220215e-05,0.0001346489880234,2.6056259230244905e-06,1.0027567148208618,1.0024850368499756,1.003053069114685,0.003053069114685,0.8766038417816162,False,0.2129174590227194,7910912.0,475889664.0,12713115648.0,1208844288,stability,mps_n32_stability-600s,6cfaf2b862c1df55a1270210c502f7cbed3f6210f39ca19da11e4fcd2dd17783,0ede1e619250706f5f005ee522ce488c83c1bb88d9b17cef4835298088575d5a,5c53d0f6959150159ec02b5e64a5cd9ba2f02416f122b520fda3f76c5fa8fe60,76a7e7f57d458fa2b4c91795181c59c8cf59f46851061c58f5b999296b8cf88b,3a904c48eabe735959442f3d0babf9af6424be316001075f36dbb585872d227a,400.0,3276.0,3260.0,600.0,600.1158641250222,0.115864125022199,True,20.0,3276.0
mps,float32,32,1024,stability-600s,20260731,2480,1.2400013208389282,0.0005,0.9575029611587524,0.1984400302171707,0.6489803194999695,2.77740216255188,0.3510196805000305,-1.7404556274414062e-05,0.0001346075441688,2.616696519908146e-06,1.00275981426239,1.0024614334106443,1.0030826330184937,0.0030826330184936,0.8830385208129883,False,0.1680688750348054,7927808.0,475889664.0,12713115648.0,1208844288,stability,mps_n32_stability-600s,6cfaf2b862c1df55a1270210c502f7cbed3f6210f39ca19da11e4fcd2dd17783,0ede1e619250706f5f005ee522ce488c83c1bb88d9b17cef4835298088575d5a,5c53d0f6959150159ec02b5e64a5cd9ba2f02416f122b520fda3f76c5fa8fe60,76a7e7f57d458fa2b4c91795181c59c8cf59f46851061c58f5b999296b8cf88b,3a904c48eabe735959442f3d0babf9af6424be316001075f36dbb585872d227a,400.0,3276.0,3260.0,600.0,600.1158641250222,0.115864125022199,True,20.0,3276.0
mps,float32,32,1024,stability-600s,20260731,2500,1.2500005960464478,0.0005,0.9684410095214844,0.1992866247892379,0.6471124887466431,2.820408821105957,0.3528875112533569,-1.7389655113220215e-05,0.0001345712225884,2.616987330839038e-06,1.0027635097503662,1.002493143081665,1.003079891204834,0.0030798912048339,0.8871392607688904,False,0.2029250409686938,7751168.0,475889664.0,12713115648.0,1208844288,stability,mps_n32_stability-600s,6cfaf2b862c1df55a1270210c502f7cbed3f6210f39ca19da11e4fcd2dd17783,0ede1e619250706f5f005ee522ce488c83c1bb88d9b17cef4835298088575d5a,5c53d0f6959150159ec02b5e64a5cd9ba2f02416f122b520fda3f76c5fa8fe60,76a7e7f57d458fa2b4c91795181c59c8cf59f46851061c58f5b999296b8cf88b,3a904c48eabe735959442f3d0babf9af6424be316001075f36dbb585872d227a,400.0,3276.0,3260.0,600.0,600.1158641250222,0.115864125022199,True,20.0,3276.0
mps,float32,32,1024,stability-600s,20260731,2520,1.2599998712539673,0.0005,0.979249894618988,0.2000849694013595,0.64519864320755,2.8635947704315186,0.3548013567924499,-1.7374753952026367e-05,0.0001345472410321,2.615514631543192e-06,1.0027682781219482,1.0025107860565186,1.0030759572982788,0.0030759572982788,0.8875073790550232,False,0.1192084159702062,7910912.0,475889664.0,12713115648.0,1208844288,stability,mps_n32_stability-600s,6cfaf2b862c1df55a1270210c502f7cbed3f6210f39ca19da11e4fcd2dd17783,0ede1e619250706f5f005ee522ce488c83c1bb88d9b17cef4835298088575d5a,5c53d0f6959150159ec02b5e64a5cd9ba2f02416f122b520fda3f76c5fa8fe60,76a7e7f57d458fa2b4c91795181c59c8cf59f46851061c58f5b999296b8cf88b,3a904c48eabe735959442f3d0babf9af6424be316001075f36dbb585872d227a,400.0,3276.0,3260.0,600.0,600.1158641250222,0.115864125022199,True,20.0,3276.0
mps,float32,32,1024,stability-600s,20260731,2540,1.2699991464614868,0.0005,0.9899994134902954,0.2008500546216964,0.6432559490203857,2.907057762145996,0.3567440509796142,-1.7374753952026367e-05,0.0001345267519354,2.6185794013144914e-06,1.0027741193771362,1.0025347471237185,1.0030951499938965,0.0030951499938964,0.8833897709846497,False,0.2152910840231925,7927808.0,475889664.0,12713115648.0,1208844288,stability,mps_n32_stability-600s,6cfaf2b862c1df55a1270210c502f7cbed3f6210f39ca19da11e4fcd2dd17783,0ede1e619250706f5f005ee522ce488c83c1bb88d9b17cef4835298088575d5a,5c53d0f6959150159ec02b5e64a5cd9ba2f02416f122b520fda3f76c5fa8fe60,76a7e7f57d458fa2b4c91795181c59c8cf59f46851061c58f5b999296b8cf88b,3a904c48eabe735959442f3d0babf9af6424be316001075f36dbb585872d227a,400.0,3276.0,3260.0,600.0,600.1158641250222,0.115864125022199,True,20.0,3276.0
mps,float32,32,1024,stability-600s,20260731,2560,1.2799984216690063,0.0005,1.0007718801498413,0.2015988528728485,0.6413066983222961,2.9509339332580566,0.3586933016777038,-1.735985279083252e-05,0.0001344848424196,2.6198952127742814e-06,1.002780556678772,1.0025845766067505,1.0030916929244995,0.0030916929244995,0.8752977252006531,False,0.1990676250425167,7944704.0,476315648.0,12713115648.0,1208844288,stability,mps_n32_stability-600s,6cfaf2b862c1df55a1270210c502f7cbed3f6210f39ca19da11e4fcd2dd17783,0ede1e619250706f5f005ee522ce488c83c1bb88d9b17cef4835298088575d5a,5c53d0f6959150159ec02b5e64a5cd9ba2f02416f122b520fda3f76c5fa8fe60,76a7e7f57d458fa2b4c91795181c59c8cf59f46851061c58f5b999296b8cf88b,3a904c48eabe735959442f3d0babf9af6424be316001075f36dbb585872d227a,400.0,3276.0,3260.0,600.0,600.1158641250222,0.115864125022199,True,20.0,3276.0
mps,float32,32,1024,stability-600s,20260731,2580,1.289997696876526,0.0005,1.0116126537322998,0.2023406773805618,0.6393617391586304,2.995294094085694,0.3606382608413696,-1.739710569381714e-05,0.0001344415359199,2.6390205221105134e-06,1.0027873516082764,1.0026042461395264,1.0030854940414429,0.0030854940414428,0.8667909502983093,False,0.2213719160063192,7845888.0,476315648.0,12713115648.0,1208844288,stability,mps_n32_stability-600s,6cfaf2b862c1df55a1270210c502f7cbed3f6210f39ca19da11e4fcd2dd17783,0ede1e619250706f5f005ee522ce488c83c1bb88d9b17cef4835298088575d5a,5c53d0f6959150159ec02b5e64a5cd9ba2f02416f122b520fda3f76c5fa8fe60,76a7e7f57d458fa2b4c91795181c59c8cf59f46851061c58f5b999296b8cf88b,3a904c48eabe735959442f3d0babf9af6424be316001075f36dbb585872d227a,400.0,3276.0,3260.0,600.0,600.1158641250222,0.115864125022199,True,20.0,3276.0
mps,float32,32,1024,stability-600s,20260731,2600,1.2999969720840454,0.0005,1.022525668144226,0.2030762135982513,0.6374177932739258,3.0401227474212646,0.3625822067260742,-1.738220453262329e-05,0.0001343853073194,2.6427217107993783e-06,1.00279438495636,1.0025756359100342,1.0031462907791138,0.0031462907791137,0.8587607741355896,False,0.2148193329921923,7751680.0,476315648.0,12713115648.0,1208844288,stability,mps_n32_stability-600s,6cfaf2b862c1df55a1270210c502f7cbed3f6210f39ca19da11e4fcd2dd17783,0ede1e619250706f5f005ee522ce488c83c1bb88d9b17cef4835298088575d5a,5c53d0f6959150159ec02b5e64a5cd9ba2f02416f122b520fda3f76c5fa8fe60,76a7e7f57d458fa2b4c91795181c59c8cf59f46851061c58f5b999296b8cf88b,3a904c48eabe735959442f3d0babf9af6424be316001075f36dbb585872d227a,400.0,3276.0,3260.0,600.0,600.1158641250222,0.115864125022199,True,20.0,3276.0
mps,float32,32,1024,stability-600s,20260731,2620,1.309996247291565,0.0005,1.0335105657577517,0.2038053125143051,0.6354702115058899,3.085394382476806,0.3645297884941101,-1.7374753952026367e-05,0.0001343896146863,2.6395587156002875e-06,1.0028016567230225,1.002566695213318,1.0032228231430054,0.0032228231430053,0.8544057011604309,False,0.2217224579653702,7944704.0,476315648.0,12713115648.0,1208844288,stability,mps_n32_stability-600s,6cfaf2b862c1df55a1270210c502f7cbed3f6210f39ca19da11e4fcd2dd17783,0ede1e619250706f5f005ee522ce488c83c1bb88d9b17cef4835298088575d5a,5c53d0f6959150159ec02b5e64a5cd9ba2f02416f122b520fda3f76c5fa8fe60,76a7e7f57d458fa2b4c91795181c59c8cf59f46851061c58f5b999296b8cf88b,3a904c48eabe735959442f3d0babf9af6424be316001075f36dbb585872d227a,400.0,3276.0,3260.0,600.0,600.1158641250222,0.115864125022199,True,20.0,3276.0
mps,float32,32,1024,stability-600s,20260731,2640,1.3199955224990845,0.0005,1.044602632522583,0.2045349031686782,0.6335284113883972,3.1311745643615723,0.3664715886116028,-1.735985279083252e-05,0.000134393107146,2.6340312615502626e-06,1.002808690071106,1.002579689025879,1.0032496452331543,0.0032496452331542,0.867541491985321,False,0.2312916670343838,7845888.0,476315648.0,12713115648.0,1208844288,stability,mps_n32_stability-600s,6cfaf2b862c1df55a1270210c502f7cbed3f6210f39ca19da11e4fcd2dd17783,0ede1e619250706f5f005ee522ce488c83c1bb88d9b17cef4835298088575d5a,5c53d0f6959150159ec02b5e64a5cd9ba2f02416f122b520fda3f76c5fa8fe60,76a7e7f57d458fa2b4c91795181c59c8cf59f46851061c58f5b999296b8cf88b,3a904c48eabe735959442f3d0babf9af6424be316001075f36dbb585872d227a,400.0,3276.0,3260.0,600.0,600.1158641250222,0.115864125022199,True,20.0,3276.0
mps,float32,32,1024,stability-600s,20260731,2660,1.329994797706604,0.0005,1.0558695793151855,0.2052778452634811,0.6316157579421997,3.177623987197876,0.3683842420578003,-1.7344951629638672e-05,0.0001344113843515,2.6261998300469713e-06,1.0028152465820312,1.0026060342788696,1.00323224067688,0.0032322406768798,0.8790039420127869,False,0.1752122080069966,7812352.0,476741632.0,12713115648.0,1208844288,stability,mps_n32_stability-600s,6cfaf2b862c1df55a1270210c502f7cbed3f6210f39ca19da11e4fcd2dd17783,0ede1e619250706f5f005ee522ce488c83c1bb88d9b17cef4835298088575d5a,5c53d0f6959150159ec02b5e64a5cd9ba2f02416f122b520fda3f76c5fa8fe60,76a7e7f57d458fa2b4c91795181c59c8cf59f46851061c58f5b999296b8cf88b,3a904c48eabe735959442f3d0babf9af6424be316001075f36dbb585872d227a,400.0,3276.0,3260.0,600.0,600.1158641250222,0.115864125022199,True,20.0,3276.0
mps,float32,32,1024,stability-600s,20260731,2680,1.3399940729141235,0.0005,1.0673654079437256,0.2060441821813583,0.6297553777694702,3.224910020828247,0.3702446222305298,-1.7389655113220215e-05,0.000134443398565,2.6362345124653075e-06,1.0028209686279297,1.002591609954834,1.0031818151474,0.0031818151473999,0.8878143429756165,False,0.1823725839494727,7974912.0,476741632.0,12713115648.0,1208844288,stability,mps_n32_stability-600s,6cfaf2b862c1df55a1270210c502f7cbed3f6210f39ca19da11e4fcd2dd17783,0ede1e619250706f5f005ee522ce488c83c1bb88d9b17cef4835298088575d5a,5c53d0f6959150159ec02b5e64a5cd9ba2f02416f122b520fda3f76c5fa8fe60,76a7e7f57d458fa2b4c91795181c59c8cf59f46851061c58f5b999296b8cf88b,3a904c48eabe735959442f3d0babf9af6424be316001075f36dbb585872d227a,400.0,3276.0,3260.0,600.0,600.1158641250222,0.115864125022199,True,20.0,3276.0
mps,float32,32,1024,stability-600s,20260731,2700,1.349993348121643,0.0005,1.079092264175415,0.2068335860967636,0.6279544830322266,3.273101329803467,0.3720455169677734,-1.738220453262329e-05,0.0001344245392829,2.6366362817498157e-06,1.0028256177902222,1.0025951862335205,1.0031124353408811,0.0031124353408813,0.893108069896698,False,0.1565859169932082,7860480.0,476741632.0,12713115648.0,1208844288,stability,mps_n32_stability-600s,6cfaf2b862c1df55a1270210c502f7cbed3f6210f39ca19da11e4fcd2dd17783,0ede1e619250706f5f005ee522ce488c83c1bb88d9b17cef4835298088575d5a,5c53d0f6959150159ec02b5e64a5cd9ba2f02416f122b520fda3f76c5fa8fe60,76a7e7f57d458fa2b4c91795181c59c8cf59f46851061c58f5b999296b8cf88b,3a904c48eabe735959442f3d0babf9af6424be316001075f36dbb585872d227a,400.0,3276.0,3260.0,600.0,600.1158641250222,0.115864125022199,True,20.0,3276.0
mps,float32,32,1024,stability-600s,20260731,2720,1.3599926233291626,0.0005,1.090993881225586,0.2076347768306732,0.626200795173645,3.3221325874328613,0.373799204826355,-1.738220453262329e-05,0.0001344378106296,2.634592647154932e-06,1.0028293132781982,1.0026299953460691,1.0031081438064575,0.0031081438064575,0.8943861126899719,False,0.2125592499505728,7877888.0,476741632.0,12713115648.0,1208844288,stability,mps_n32_stability-600s,6cfaf2b862c1df55a1270210c502f7cbed3f6210f39ca19da11e4fcd2dd17783,0ede1e619250706f5f005ee522ce488c83c1bb88d9b17cef4835298088575d5a,5c53d0f6959150159ec02b5e64a5cd9ba2f02416f122b520fda3f76c5fa8fe60,76a7e7f57d458fa2b4c91795181c59c8cf59f46851061c58f5b999296b8cf88b,3a904c48eabe735959442f3d0babf9af6424be316001075f36dbb585872d227a,400.0,3276.0,3260.0,600.0,600.1158641250222,0.115864125022199,True,20.0,3276.0
mps,float32,32,1024,stability-600s,20260731,2740,1.369991898536682,0.0005,1.102992057800293,0.2084325104951858,0.6244716048240662,3.37186336517334,0.3755283951759338,-1.739710569381714e-05,0.000134433619678,2.640235152284731e-06,1.0028326511383057,1.0025768280029297,1.0031721591949463,0.0031721591949462,0.8921018838882446,False,0.2008536659996025,7974912.0,476741632.0,12713115648.0,1208844288,stability,mps_n32_stability-600s,6cfaf2b862c1df55a1270210c502f7cbed3f6210f39ca19da11e4fcd2dd17783,0ede1e619250706f5f005ee522ce488c83c1bb88d9b17cef4835298088575d5a,5c53d0f6959150159ec02b5e64a5cd9ba2f02416f122b520fda3f76c5fa8fe60,76a7e7f57d458fa2b4c91795181c59c8cf59f46851061c58f5b999296b8cf88b,3a904c48eabe735959442f3d0babf9af6424be316001075f36dbb585872d227a,400.0,3276.0,3260.0,600.0,600.1158641250222,0.115864125022199,True,20.0,3276.0
mps,float32,32,1024,stability-600s,20260731,2760,1.3799911737442017,0.0005,1.115026831626892,0.2092154324054718,0.6227471828460693,3.4221649169921875,0.3772528171539306,-1.738220453262329e-05,0.0001344266347587,2.636313183757011e-06,1.002835750579834,1.0025453567504885,1.0032153129577637,0.0032153129577636,0.887608528137207,False,0.1797174590174108,7860480.0,477167616.0,12713115648.0,1208844288,stability,mps_n32_stability-600s,6cfaf2b862c1df55a1270210c502f7cbed3f6210f39ca19da11e4fcd2dd17783,0ede1e619250706f5f005ee522ce488c83c1bb88d9b17cef4835298088575d5a,5c53d0f6959150159ec02b5e64a5cd9ba2f02416f122b520fda3f76c5fa8fe60,76a7e7f57d458fa2b4c91795181c59c8cf59f46851061c58f5b999296b8cf88b,3a904c48eabe735959442f3d0babf9af6424be316001075f36dbb585872d227a,400.0,3276.0,3260.0,600.0,600.1158641250222,0.115864125022199,True,20.0,3276.0
mps,float32,32,1024,stability-600s,20260731,2780,1.3899904489517212,0.0005,1.1270761489868164,0.209979623556137,0.6210177540779114,3.472972631454468,0.3789822459220886,-1.7385929822921753e-05,0.0001344208139926,2.6384598186268704e-06,1.0028390884399414,1.002548098564148,1.003229737281799,0.0032297372817993,0.882831335067749,False,0.1867344169877469,7944704.0,477167616.0,12713115648.0,1208844288,stability,mps_n32_stability-600s,6cfaf2b862c1df55a1270210c502f7cbed3f6210f39ca19da11e4fcd2dd17783,0ede1e619250706f5f005ee522ce488c83c1bb88d9b17cef4835298088575d5a,5c53d0f6959150159ec02b5e64a5cd9ba2f02416f122b520fda3f76c5fa8fe60,76a7e7f57d458fa2b4c91795181c59c8cf59f46851061c58f5b999296b8cf88b,3a904c48eabe735959442f3d0babf9af6424be316001075f36dbb585872d227a,400.0,3276.0,3260.0,600.0,600.1158641250222,0.115864125022199,True,20.0,3276.0
mps,float32,32,1024,stability-600s,20260731,2800,1.3999897241592407,0.0005,1.1391487121582031,0.2107268273830413,0.6192828416824341,3.524286985397339,0.3807171583175659,-1.7374753952026367e-05,0.0001344131305813,2.6359041385148885e-06,1.0028425455093384,1.0025869607925415,1.0032135248184204,0.0032135248184204,0.8795490264892578,False,0.2102452079998329,7911168.0,477167616.0,12713115648.0,1208844288,stability,mps_n32_stability-600s,6cfaf2b862c1df55a1270210c502f7cbed3f6210f39ca19da11e4fcd2dd17783,0ede1e619250706f5f005ee522ce488c83c1bb88d9b17cef4835298088575d5a,5c53d0f6959150159ec02b5e64a5cd9ba2f02416f122b520fda3f76c5fa8fe60,76a7e7f57d458fa2b4c91795181c59c8cf59f46851061c58f5b999296b8cf88b,3a904c48eabe735959442f3d0babf9af6424be316001075f36dbb585872d227a,400.0,3276.0,3260.0,600.0,600.1158641250222,0.115864125022199,True,20.0,3276.0
mps,float32,32,1024,stability-600s,20260731,2820,1.4099889993667605,0.0005,1.151258111000061,0.2114597707986831,0.6175448894500732,3.57613205909729,0.3824551105499267,-1.736357808113098e-05,0.0001343741314485,2.6382442683825502e-06,1.0028462409973145,1.0026565790176392,1.003170609474182,0.0031706094741821,0.8801359534263611,False,0.2116373750031925,7702016.0,477167616.0,12713115648.0,1208844288,stability,mps_n32_stability-600s,6cfaf2b862c1df55a1270210c502f7cbed3f6210f39ca19da11e4fcd2dd17783,0ede1e619250706f5f005ee522ce488c83c1bb88d9b17cef4835298088575d5a,5c53d0f6959150159ec02b5e64a5cd9ba2f02416f122b520fda3f76c5fa8fe60,76a7e7f57d458fa2b4c91795181c59c8cf59f46851061c58f5b999296b8cf88b,3a904c48eabe735959442f3d0babf9af6424be316001075f36dbb585872d227a,400.0,3276.0,3260.0,600.0,600.1158641250222,0.115864125022199,True,20.0,3276.0
mps,float32,32,1024,stability-600s,20260731,2840,1.4199882745742798,0.0005,1.1634089946746826,0.2121792882680893,0.6158040761947632,3.628512144088745,0.3841959238052368,-1.734122633934021e-05,0.000134359463118,2.633092208270682e-06,1.0028504133224487,1.0026910305023191,1.003109574317932,0.0031095743179321,0.8890650868415833,False,0.1704313749796711,7944704.0,477167616.0,12713115648.0,1208844288,stability,mps_n32_stability-600s,6cfaf2b862c1df55a1270210c502f7cbed3f6210f39ca19da11e4fcd2dd17783,0ede1e619250706f5f005ee522ce488c83c1bb88d9b17cef4835298088575d5a,5c53d0f6959150159ec02b5e64a5cd9ba2f02416f122b520fda3f76c5fa8fe60,76a7e7f57d458fa2b4c91795181c59c8cf59f46851061c58f5b999296b8cf88b,3a904c48eabe735959442f3d0babf9af6424be316001075f36dbb585872d227a,400.0,3276.0,3260.0,600.0,600.1158641250222,0.115864125022199,True,20.0,3276.0
mps,float32,32,1024,stability-600s,20260731,2860,1.429987549781799,0.0005,1.1755932569503784,0.2128841280937194,0.6140578389167786,3.6814136505126953,0.3859421610832214,-1.734122633934021e-05,0.0001343770418316,2.6303239337721607e-06,1.002854824066162,1.0027023553848269,1.003071665763855,0.0030716657638549,0.8934470415115356,False,0.2149608749896288,7911168.0,477167616.0,12713115648.0,1208844288,stability,mps_n32_stability-600s,6cfaf2b862c1df55a1270210c502f7cbed3f6210f39ca19da11e4fcd2dd17783,0ede1e619250706f5f005ee522ce488c83c1bb88d9b17cef4835298088575d5a,5c53d0f6959150159ec02b5e64a5cd9ba2f02416f122b520fda3f76c5fa8fe60,76a7e7f57d458fa2b4c91795181c59c8cf59f46851061c58f5b999296b8cf88b,3a904c48eabe735959442f3d0babf9af6424be316001075f36dbb585872d227a,400.0,3276.0,3260.0,600.0,600.1158641250222,0.115864125022199,True,20.0,3276.0
mps,float32,32,1024,stability-600s,20260731,2880,1.4399868249893188,0.0005,1.187800407409668,0.2135724574327469,0.6123026609420776,3.734810113906861,0.3876973390579223,-1.726299524307251e-05,0.0001344224438071,2.5970755359594477e-06,1.002859592437744,1.0027096271514893,1.0030590295791626,0.0030590295791625,0.8916269540786743,False,0.1654262500233017,7702016.0,477167616.0,12713115648.0,1208844288,stability,mps_n32_stability-600s,6cfaf2b862c1df55a1270210c502f7cbed3f6210f39ca19da11e4fcd2dd17783,0ede1e619250706f5f005ee522ce488c83c1bb88d9b17cef4835298088575d5a,5c53d0f6959150159ec02b5e64a5cd9ba2f02416f122b520fda3f76c5fa8fe60,76a7e7f57d458fa2b4c91795181c59c8cf59f46851061c58f5b999296b8cf88b,3a904c48eabe735959442f3d0babf9af6424be316001075f36dbb585872d227a,400.0,3276.0,3260.0,600.0,600.1158641250222,0.115864125022199,True,20.0,3276.0
mps,float32,32,1024,stability-600s,20260731,2900,1.4499861001968384,0.0005,1.2000259160995483,0.2142436802387237,0.6105362772941589,3.788689613342285,0.389463722705841,-1.7289072275161743e-05,0.0001344443298876,2.6023803911812138e-06,1.0028647184371948,1.0027285814285278,1.003058671951294,0.0030586719512939,0.8836959004402161,False,0.1701586249982938,7975168.0,477167616.0,12713115648.0,1208844288,stability,mps_n32_stability-600s,6cfaf2b862c1df55a1270210c502f7cbed3f6210f39ca19da11e4fcd2dd17783,0ede1e619250706f5f005ee522ce488c83c1bb88d9b17cef4835298088575d5a,5c53d0f6959150159ec02b5e64a5cd9ba2f02416f122b520fda3f76c5fa8fe60,76a7e7f57d458fa2b4c91795181c59c8cf59f46851061c58f5b999296b8cf88b,3a904c48eabe735959442f3d0babf9af6424be316001075f36dbb585872d227a,400.0,3276.0,3260.0,600.0,600.1158641250222,0.115864125022199,True,20.0,3276.0
mps,float32,32,1024,stability-600s,20260731,2920,1.459985375404358,0.0005,1.2122771739959717,0.2148992866277694,0.608759880065918,3.843059539794922,0.391240119934082,-1.7233192920684814e-05,0.0001344582997262,2.581511580501683e-06,1.0028700828552246,1.0027302503585815,1.0030945539474487,0.0030945539474487,0.8796412348747253,False,0.2051521249813959,7909632.0,477167616.0,12713115648.0,1208844288,stability,mps_n32_stability-600s,6cfaf2b862c1df55a1270210c502f7cbed3f6210f39ca19da11e4fcd2dd17783,0ede1e619250706f5f005ee522ce488c83c1bb88d9b17cef4835298088575d5a,5c53d0f6959150159ec02b5e64a5cd9ba2f02416f122b520fda3f76c5fa8fe60,76a7e7f57d458fa2b4c91795181c59c8cf59f46851061c58f5b999296b8cf88b,3a904c48eabe735959442f3d0babf9af6424be316001075f36dbb585872d227a,400.0,3276.0,3260.0,600.0,600.1158641250222,0.115864125022199,True,20.0,3276.0
mps,float32,32,1024,stability-600s,20260731,2940,1.4699846506118774,0.0005,1.2245715856552124,0.2155425548553466,0.606977641582489,3.897956371307373,0.393022358417511,-1.7195940017700195e-05,0.0001344771590083,2.5661138352006674e-06,1.0028753280639648,1.002715826034546,1.0031284093856812,0.0031284093856811,0.8745195865631104,False,0.2331047079642303,7828480.0,477167616.0,12713115648.0,1208844288,stability,mps_n32_stability-600s,6cfaf2b862c1df55a1270210c502f7cbed3f6210f39ca19da11e4fcd2dd17783,0ede1e619250706f5f005ee522ce488c83c1bb88d9b17cef4835298088575d5a,5c53d0f6959150159ec02b5e64a5cd9ba2f02416f122b520fda3f76c5fa8fe60,76a7e7f57d458fa2b4c91795181c59c8cf59f46851061c58f5b999296b8cf88b,3a904c48eabe735959442f3d0babf9af6424be316001075f36dbb585872d227a,400.0,3276.0,3260.0,600.0,600.1158641250222,0.115864125022199,True,20.0,3276.0
mps,float32,32,1024,stability-600s,20260731,2960,1.479983925819397,0.0005,1.2369259595870972,0.2161764055490493,0.6051938533782959,3.953422307968139,0.3948061466217041,-1.71661376953125e-05,0.000134453177452,2.5599113087082515e-06,1.0028808116912842,1.0026838779449463,1.003157377243042,0.0031573772430419,0.8675464391708374,False,0.2158942500245757,7975168.0,477167616.0,12713115648.0,1208844288,stability,mps_n32_stability-600s,6cfaf2b862c1df55a1270210c502f7cbed3f6210f39ca19da11e4fcd2dd17783,0ede1e619250706f5f005ee522ce488c83c1bb88d9b17cef4835298088575d5a,5c53d0f6959150159ec02b5e64a5cd9ba2f02416f122b520fda3f76c5fa8fe60,76a7e7f57d458fa2b4c91795181c59c8cf59f46851061c58f5b999296b8cf88b,3a904c48eabe735959442f3d0babf9af6424be316001075f36dbb585872d227a,400.0,3276.0,3260.0,600.0,600.1158641250222,0.115864125022199,True,20.0,3276.0
mps,float32,32,1024,stability-600s,20260731,2980,1.4899832010269165,0.0005,1.2493427991867063,0.216801255941391,0.6034088730812073,4.009464263916016,0.3965911269187927,-1.7154961824417114e-05,0.0001344557385891,2.5557787921570707e-06,1.002886176109314,1.0026839971542358,1.003197193145752,0.0031971931457519,0.8593748211860657,False,0.1836186249856837,7909632.0,477167616.0,12713115648.0,1208844288,stability,mps_n32_stability-600s,6cfaf2b862c1df55a1270210c502f7cbed3f6210f39ca19da11e4fcd2dd17783,0ede1e619250706f5f005ee522ce488c83c1bb88d9b17cef4835298088575d5a,5c53d0f6959150159ec02b5e64a5cd9ba2f02416f122b520fda3f76c5fa8fe60,76a7e7f57d458fa2b4c91795181c59c8cf59f46851061c58f5b999296b8cf88b,3a904c48eabe735959442f3d0babf9af6424be316001075f36dbb585872d227a,400.0,3276.0,3260.0,600.0,600.1158641250222,0.115864125022199,True,20.0,3276.0
mps,float32,32,1024,stability-600s,20260731,3000,1.499982476234436,0.0005,1.2618074417114258,0.2174147218465805,0.6016178131103516,4.066043853759766,0.3983821868896484,-1.7158687114715576e-05,0.0001344885677099,2.5518772872601403e-06,1.0028917789459229,1.0026637315750122,1.0032368898391724,0.0032368898391723,0.8507134914398193,False,0.1962467500125058,8213760.0,477593600.0,12713115648.0,1208844288,stability,mps_n32_stability-600s,6cfaf2b862c1df55a1270210c502f7cbed3f6210f39ca19da11e4fcd2dd17783,0ede1e619250706f5f005ee522ce488c83c1bb88d9b17cef4835298088575d5a,5c53d0f6959150159ec02b5e64a5cd9ba2f02416f122b520fda3f76c5fa8fe60,76a7e7f57d458fa2b4c91795181c59c8cf59f46851061c58f5b999296b8cf88b,3a904c48eabe735959442f3d0babf9af6424be316001075f36dbb585872d227a,400.0,3276.0,3260.0,600.0,600.1158641250222,0.115864125022199,True,20.0,3276.0
mps,float32,32,1024,stability-600s,20260731,3020,1.5099817514419556,0.0005,1.274301052093506,0.2180135846138,0.5998139977455139,4.123109340667725,0.4001860022544861,-1.712888479232788e-05,0.0001344801858067,2.543230721130385e-06,1.0028975009918213,1.002660632133484,1.0032728910446167,0.0032728910446166,0.846757173538208,False,0.1997887080069631,7910400.0,477593600.0,12713115648.0,1208844288,stability,mps_n32_stability-600s,6cfaf2b862c1df55a1270210c502f7cbed3f6210f39ca19da11e4fcd2dd17783,0ede1e619250706f5f005ee522ce488c83c1bb88d9b17cef4835298088575d5a,5c53d0f6959150159ec02b5e64a5cd9ba2f02416f122b520fda3f76c5fa8fe60,76a7e7f57d458fa2b4c91795181c59c8cf59f46851061c58f5b999296b8cf88b,3a904c48eabe735959442f3d0babf9af6424be316001075f36dbb585872d227a,400.0,3276.0,3260.0,600.0,600.1158641250222,0.115864125022199,True,20.0,3276.0
mps,float32,32,1024,stability-600s,20260731,3040,1.519981026649475,0.0005,1.2868156433105469,0.2185966670513153,0.5979945659637451,4.180634021759033,0.4020054340362549,-1.7158687114715576e-05,0.0001344899646937,2.5516594632790657e-06,1.0029035806655884,1.002690076828003,1.0032954216003418,0.0032954216003417,0.8514502048492432,False,0.2246250410098582,7750144.0,477593600.0,12713115648.0,1208844288,stability,mps_n32_stability-600s,6cfaf2b862c1df55a1270210c502f7cbed3f6210f39ca19da11e4fcd2dd17783,0ede1e619250706f5f005ee522ce488c83c1bb88d9b17cef4835298088575d5a,5c53d0f6959150159ec02b5e64a5cd9ba2f02416f122b520fda3f76c5fa8fe60,76a7e7f57d458fa2b4c91795181c59c8cf59f46851061c58f5b999296b8cf88b,3a904c48eabe735959442f3d0babf9af6424be316001075f36dbb585872d227a,400.0,3276.0,3260.0,600.0,600.1158641250222,0.115864125022199,True,20.0,3276.0
mps,float32,32,1024,stability-600s,20260731,3060,1.5299803018569946,0.0005,1.2993613481521606,0.2191658467054367,0.5961632132530212,4.238649368286133,0.4038367867469787,-1.7136335372924805e-05,0.0001345011405646,2.542442643971299e-06,1.0029103755950928,1.0027462244033811,1.003298282623291,0.003298282623291,0.8563077449798584,False,0.2031530420063063,7894272.0,477593600.0,12713115648.0,1208844288,stability,mps_n32_stability-600s,6cfaf2b862c1df55a1270210c502f7cbed3f6210f39ca19da11e4fcd2dd17783,0ede1e619250706f5f005ee522ce488c83c1bb88d9b17cef4835298088575d5a,5c53d0f6959150159ec02b5e64a5cd9ba2f02416f122b520fda3f76c5fa8fe60,76a7e7f57d458fa2b4c91795181c59c8cf59f46851061c58f5b999296b8cf88b,3a904c48eabe735959442f3d0babf9af6424be316001075f36dbb585872d227a,400.0,3276.0,3260.0,600.0,600.1158641250222,0.115864125022199,True,20.0,3276.0
mps,float32,32,1024,stability-600s,20260731,3080,1.5399795770645142,0.0005,1.3119585514068604,0.2197247296571731,0.5943268537521362,4.297216892242432,0.4056731462478637,-1.712888479232788e-05,0.0001344857737421,2.5423541956115514e-06,1.0029172897338867,1.0027273893356323,1.003279209136963,0.0032792091369628,0.8583506941795349,False,0.210429499973543,7910400.0,477593600.0,12713115648.0,1208844288,stability,mps_n32_stability-600s,6cfaf2b862c1df55a1270210c502f7cbed3f6210f39ca19da11e4fcd2dd17783,0ede1e619250706f5f005ee522ce488c83c1bb88d9b17cef4835298088575d5a,5c53d0f6959150159ec02b5e64a5cd9ba2f02416f122b520fda3f76c5fa8fe60,76a7e7f57d458fa2b4c91795181c59c8cf59f46851061c58f5b999296b8cf88b,3a904c48eabe735959442f3d0babf9af6424be316001075f36dbb585872d227a,400.0,3276.0,3260.0,600.0,600.1158641250222,0.115864125022199,True,20.0,3276.0
mps,float32,32,1024,stability-600s,20260731,3100,1.5499788522720337,0.0005,1.3246238231658936,0.2202760577201843,0.5924909114837646,4.35638952255249,0.4075090885162353,-1.7099082469940186e-05,0.0001344745978713,2.5341648779431125e-06,1.0029246807098389,1.0027179718017578,1.0032408237457275,0.0032408237457275,0.8565813899040222,False,0.1892244580085389,7750144.0,477593600.0,12713115648.0,1208844288,stability,mps_n32_stability-600s,6cfaf2b862c1df55a1270210c502f7cbed3f6210f39ca19da11e4fcd2dd17783,0ede1e619250706f5f005ee522ce488c83c1bb88d9b17cef4835298088575d5a,5c53d0f6959150159ec02b5e64a5cd9ba2f02416f122b520fda3f76c5fa8fe60,76a7e7f57d458fa2b4c91795181c59c8cf59f46851061c58f5b999296b8cf88b,3a904c48eabe735959442f3d0babf9af6424be316001075f36dbb585872d227a,400.0,3276.0,3260.0,600.0,600.1158641250222,0.115864125022199,True,20.0,3276.0
mps,float32,32,1024,stability-600s,20260731,3120,1.5599781274795532,0.0005,1.3373619318008425,0.2208207100629806,0.5906572341918945,4.416189670562744,0.4093427658081054,-1.70879065990448e-05,0.000134453177452,2.533834049245342e-06,1.0029321908950806,1.0027344226837158,1.003207087516785,0.0032070875167846,0.8704400062561035,False,0.2012307500117458,7927040.0,477593600.0,12713115648.0,1208844288,stability,mps_n32_stability-600s,6cfaf2b862c1df55a1270210c502f7cbed3f6210f39ca19da11e4fcd2dd17783,0ede1e619250706f5f005ee522ce488c83c1bb88d9b17cef4835298088575d5a,5c53d0f6959150159ec02b5e64a5cd9ba2f02416f122b520fda3f76c5fa8fe60,76a7e7f57d458fa2b4c91795181c59c8cf59f46851061c58f5b999296b8cf88b,3a904c48eabe735959442f3d0babf9af6424be316001075f36dbb585872d227a,400.0,3276.0,3260.0,600.0,600.1158641250222,0.115864125022199,True,20.0,3276.0
mps,float32,32,1024,stability-600s,20260731,3140,1.5699774026870728,0.0005,1.3501791954040527,0.2213596254587173,0.58882737159729,4.476637840270996,0.4111726284027099,-1.706928014755249e-05,0.0001344485208392,2.528377081034705e-06,1.0029397010803225,1.0027689933776855,1.0032488107681274,0.0032488107681274,0.8820301294326782,False,0.1695850419928319,7911424.0,477593600.0,12713115648.0,1208844288,stability,mps_n32_stability-600s,6cfaf2b862c1df55a1270210c502f7cbed3f6210f39ca19da11e4fcd2dd17783,0ede1e619250706f5f005ee522ce488c83c1bb88d9b17cef4835298088575d5a,5c53d0f6959150159ec02b5e64a5cd9ba2f02416f122b520fda3f76c5fa8fe60,76a7e7f57d458fa2b4c91795181c59c8cf59f46851061c58f5b999296b8cf88b,3a904c48eabe735959442f3d0babf9af6424be316001075f36dbb585872d227a,400.0,3276.0,3260.0,600.0,600.1158641250222,0.115864125022199,True,20.0,3276.0
mps,float32,32,1024,stability-600s,20260731,3160,1.5799766778945925,0.0005,1.363096833229065,0.221896231174469,0.5870075225830078,4.5378007888793945,0.4129924774169922,-1.7084181308746338e-05,0.0001344727352261,2.529491212044377e-06,1.0029470920562744,1.0027761459350586,1.0032576322555542,0.0032576322555541,0.8842000961303711,False,0.1746869999915361,7879168.0,478019584.0,12713115648.0,1208844288,stability,mps_n32_stability-600s,6cfaf2b862c1df55a1270210c502f7cbed3f6210f39ca19da11e4fcd2dd17783,0ede1e619250706f5f005ee522ce488c83c1bb88d9b17cef4835298088575d5a,5c53d0f6959150159ec02b5e64a5cd9ba2f02416f122b520fda3f76c5fa8fe60,76a7e7f57d458fa2b4c91795181c59c8cf59f46851061c58f5b999296b8cf88b,3a904c48eabe735959442f3d0babf9af6424be316001075f36dbb585872d227a,400.0,3276.0,3260.0,600.0,600.1158641250222,0.115864125022199,True,20.0,3276.0
mps,float32,32,1024,stability-600s,20260731,3180,1.5899759531021118,0.0005,1.3761510848999023,0.2224362343549728,0.5852081179618835,4.599787712097168,0.4147918820381164,-1.7113983631134033e-05,0.0001345053315162,2.534315399316256e-06,1.002954363822937,1.0027955770492554,1.0032367706298828,0.0032367706298828,0.8786194324493408,False,0.2258772909990511,7927296.0,478019584.0,12713115648.0,1208844288,stability,mps_n32_stability-600s,6cfaf2b862c1df55a1270210c502f7cbed3f6210f39ca19da11e4fcd2dd17783,0ede1e619250706f5f005ee522ce488c83c1bb88d9b17cef4835298088575d5a,5c53d0f6959150159ec02b5e64a5cd9ba2f02416f122b520fda3f76c5fa8fe60,76a7e7f57d458fa2b4c91795181c59c8cf59f46851061c58f5b999296b8cf88b,3a904c48eabe735959442f3d0babf9af6424be316001075f36dbb585872d227a,400.0,3276.0,3260.0,600.0,600.1158641250222,0.115864125022199,True,20.0,3276.0
mps,float32,32,1024,stability-600s,20260731,3200,1.5999752283096311,0.0005,1.389374852180481,0.2229846864938736,0.5834388732910156,4.662707805633545,0.4165611267089844,-1.7091631889343262e-05,0.0001345090568065,2.5262627332267584e-06,1.0029611587524414,1.0027787685394287,1.0032122135162354,0.0032122135162353,0.8677539229393005,False,0.2000498750130646,7911424.0,478019584.0,12713115648.0,1208844288,stability,mps_n32_stability-600s,6cfaf2b862c1df55a1270210c502f7cbed3f6210f39ca19da11e4fcd2dd17783,0ede1e619250706f5f005ee522ce488c83c1bb88d9b17cef4835298088575d5a,5c53d0f6959150159ec02b5e64a5cd9ba2f02416f122b520fda3f76c5fa8fe60,76a7e7f57d458fa2b4c91795181c59c8cf59f46851061c58f5b999296b8cf88b,3a904c48eabe735959442f3d0babf9af6424be316001075f36dbb585872d227a,400.0,3276.0,3260.0,600.0,600.1158641250222,0.115864125022199,True,20.0,3276.0
mps,float32,32,1024,stability-600s,20260731,3220,1.6099745035171509,0.0005,1.4027867317199707,0.2235442548990249,0.5817054510116577,4.726634502410889,0.4182945489883423,-1.7099082469940186e-05,0.0001345444470643,2.5232484404114075e-06,1.002967357635498,1.0027530193328855,1.0031932592391968,0.0031932592391967,0.8540157079696655,False,0.1625327090150676,7879168.0,478019584.0,12713115648.0,1208844288,stability,mps_n32_stability-600s,6cfaf2b862c1df55a1270210c502f7cbed3f6210f39ca19da11e4fcd2dd17783,0ede1e619250706f5f005ee522ce488c83c1bb88d9b17cef4835298088575d5a,5c53d0f6959150159ec02b5e64a5cd9ba2f02416f122b520fda3f76c5fa8fe60,76a7e7f57d458fa2b4c91795181c59c8cf59f46851061c58f5b999296b8cf88b,3a904c48eabe735959442f3d0babf9af6424be316001075f36dbb585872d227a,400.0,3276.0,3260.0,600.0,600.1158641250222,0.115864125022199,True,20.0,3276.0
mps,float32,32,1024,stability-600s,20260731,3240,1.6199737787246704,0.0005,1.4163947105407717,0.2241157740354538,0.5800108909606934,4.791617393493652,0.4199891090393066,-1.714378595352173e-05,0.0001345332711935,2.539953129598871e-06,1.0029728412628174,1.0027515888214111,1.0031867027282717,0.0031867027282714,0.8423729538917542,False,0.1971983329858631,7699456.0,478445568.0,12713115648.0,1208844288,stability,mps_n32_stability-600s,6cfaf2b862c1df55a1270210c502f7cbed3f6210f39ca19da11e4fcd2dd17783,0ede1e619250706f5f005ee522ce488c83c1bb88d9b17cef4835298088575d5a,5c53d0f6959150159ec02b5e64a5cd9ba2f02416f122b520fda3f76c5fa8fe60,76a7e7f57d458fa2b4c91795181c59c8cf59f46851061c58f5b999296b8cf88b,3a904c48eabe735959442f3d0babf9af6424be316001075f36dbb585872d227a,400.0,3276.0,3260.0,600.0,600.1158641250222,0.115864125022199,True,20.0,3276.0
mps,float32,32,1024,stability-600s,20260731,3260,1.62997305393219,0.0005,1.4302018880844116,0.2246993631124496,0.578356146812439,4.857690811157227,0.421643853187561,-1.7136335372924805e-05,0.0001345397904515,2.536450438128668e-06,1.0029776096343994,1.002777099609375,1.0031816959381104,0.0031816959381103,0.8359570503234863,False,0.2095764999976381,7908864.0,478445568.0,12713115648.0,1208844288,stability,mps_n32_stability-600s,6cfaf2b862c1df55a1270210c502f7cbed3f6210f39ca19da11e4fcd2dd17783,0ede1e619250706f5f005ee522ce488c83c1bb88d9b17cef4835298088575d5a,5c53d0f6959150159ec02b5e64a5cd9ba2f02416f122b520fda3f76c5fa8fe60,76a7e7f57d458fa2b4c91795181c59c8cf59f46851061c58f5b999296b8cf88b,3a904c48eabe735959442f3d0babf9af6424be316001075f36dbb585872d227a,400.0,3276.0,3260.0,600.0,600.1158641250222,0.115864125022199,True,20.0,3276.0
