version,arm,seed,update,loss
v0_1,K0,20261201,1,9.579846194635364e-07
v0_1,K0,20261201,2,9.57676228801918e-07
v0_1,K0,20261201,3,9.57069921514434e-07
v0_1,K0,20261201,4,9.56187004107586e-07
v0_1,K0,20261201,5,9.550599093742159e-07
v0_1,K0,20261201,6,9.537323292730478e-07
v0_1,K0,20261201,7,9.522590587649297e-07
v0_1,K0,20261201,8,9.507053723975864e-07
v0_1,K0,20261201,9,9.491456841731535e-07
v0_1,K0,20261201,10,9.476611523601143e-07
v0_1,K0,20261201,11,9.463358030670506e-07
v0_1,K0,20261201,12,9.452507101826485e-07
v0_1,K0,20261201,13,9.444758883669172e-07
v0_1,K0,20261201,14,9.440599961341572e-07
v0_1,K0,20261201,15,9.440188870543795e-07
v0_1,K0,20261201,16,9.443255021006901e-07
v0_1,K0,20261201,17,9.449050917991138e-07
v0_1,K0,20261201,18,9.456401208692886e-07
v0_1,K0,20261201,19,9.463870586511403e-07
v0_1,K0,20261201,20,9.470025580499627e-07
v0_1,K0,20261201,21,9.473718345944131e-07
v0_1,K0,20261201,22,9.474307641630473e-07
v0_1,K0,20261201,23,9.471760335603742e-07
v0_1,K0,20261201,24,9.466621900204683e-07
v0_1,K0,20261201,25,9.459878955440886e-07
v0_1,K0,20261201,26,9.452751680839673e-07
v0_1,K0,20261201,27,9.44645542017754e-07
v0_1,K0,20261201,28,9.44196895478708e-07
v0_1,K0,20261201,29,9.4398467876937e-07
v0_1,K0,20261201,30,9.440112847604722e-07
v0_1,K0,20261201,31,9.44226681718438e-07
v0_1,K0,20261201,32,9.445414667738103e-07
v0_1,K0,20261201,33,9.448501214593089e-07
v0_1,K0,20261201,34,9.450585894474203e-07
v0_1,K0,20261201,35,9.451082833522709e-07
v0_1,K0,20261201,36,9.449895634504483e-07
v0_1,K0,20261201,37,9.447411689323614e-07
v0_1,K0,20261201,38,9.444363016453332e-07
v0_1,K0,20261201,39,9.441595358907473e-07
v0_1,K0,20261201,40,9.439809313667364e-07
v0_1,K0,20261201,41,9.439347065000684e-07
v0_1,K0,20261201,42,9.44009341666503e-07
v0_1,K0,20261201,43,9.441532936308688e-07
v0_1,K0,20261201,44,9.442953161019257e-07
v0_1,K0,20261201,45,9.443721658341521e-07
v0_1,K0,20261201,46,9.443524957936154e-07
v0_1,K0,20261201,47,9.442468765928672e-07
v0_1,K0,20261201,48,9.441000412245269e-07
v0_1,K0,20261201,49,9.439693913990436e-07
v0_1,K0,20261201,50,9.438996004846022e-07
v0_1,K0,20261201,51,9.439044336707699e-07
v0_1,K0,20261201,52,9.43961777022989e-07
v0_1,K0,20261201,53,9.440290224751437e-07
v0_1,K0,20261201,54,9.440670651452032e-07
v0_1,K0,20261201,55,9.440569927107528e-07
v0_1,K0,20261201,56,9.44005107409834e-07
v0_1,K0,20261201,57,9.439359105377453e-07
v0_1,K0,20261201,58,9.438780496799831e-07
v0_1,K0,20261201,59,9.4385056195592e-07
v0_1,K0,20261201,60,9.438555759676556e-07
v0_1,K0,20261201,61,9.438799304768037e-07
v0_1,K0,20261201,62,9.4390375422028e-07
v0_1,K0,20261201,63,9.439109777131958e-07
v0_1,K0,20261201,64,9.438964247744407e-07
v0_1,K0,20261201,65,9.438665185825674e-07
v0_1,K0,20261201,66,9.43834220531796e-07
v0_1,K0,20261201,67,9.438115861687829e-07
v0_1,K0,20261201,68,9.438039777640498e-07
v0_1,K0,20261201,69,9.438085236508563e-07
v0_1,K0,20261201,70,9.438169113541116e-07
v0_1,K0,20261201,71,9.438204379580828e-07
v0_1,K0,20261201,72,9.438144358321347e-07
v0_1,K0,20261201,73,9.437999484594934e-07
v0_1,K0,20261201,74,9.437822419320138e-07
v0_1,K0,20261201,75,9.437674014821009e-07
v0_1,K0,20261201,76,9.437590494365011e-07
v0_1,K0,20261201,77,9.437568594593047e-07
v0_1,K0,20261201,78,9.437573697401461e-07
v0_1,K0,20261201,79,9.437563210317223e-07
v0_1,K0,20261201,80,9.437510474577075e-07
v0_1,K0,20261201,81,9.437416326968779e-07
v0_1,K0,20261201,82,9.437304003621702e-07
v0_1,K0,20261201,83,9.437202761691644e-07
v0_1,K0,20261201,84,9.437130915722124e-07
v0_1,K0,20261201,85,9.437087645736583e-07
v0_1,K0,20261201,86,9.437056662925387e-07
v0_1,K0,20261201,87,9.437017807775798e-07
v0_1,K0,20261201,88,9.436958883794028e-07
v0_1,K0,20261201,89,9.436881102919729e-07
v0_1,K0,20261201,90,9.43679611886879e-07
v0_1,K0,20261201,91,9.436717660405875e-07
v0_1,K0,20261201,92,9.436653359355359e-07
v0_1,K0,20261201,93,9.436601397689686e-07
v0_1,K0,20261201,94,9.436553133279131e-07
v0_1,K0,20261201,95,9.436499241183059e-07
v0_1,K0,20261201,96,9.436435244122025e-07
v0_1,K0,20261201,97,9.436363297918516e-07
v0_1,K0,20261201,98,9.436289784214604e-07
v0_1,K0,20261201,99,9.436220808497878e-07
v0_1,K0,20261201,100,9.436158613611969e-07
v0_1,K0,20261201,101,9.436100897117557e-07
v0_1,K0,20261201,102,9.436042967738292e-07
v0_1,K0,20261201,103,9.43598098028572e-07
v0_1,K0,20261201,104,9.435914117593632e-07
v0_1,K0,20261201,105,9.435844565742707e-07
v0_1,K0,20261201,106,9.435775657187205e-07
v0_1,K0,20261201,107,9.435709619392287e-07
v0_1,K0,20261201,108,9.435646381962387e-07
v0_1,K0,20261201,109,9.435584009994616e-07
v0_1,K0,20261201,110,9.435520228979954e-07
v0_1,K0,20261201,111,9.435453907831058e-07
v0_1,K0,20261201,112,9.435385572910577e-07
v0_1,K0,20261201,113,9.435316786529559e-07
v0_1,K0,20261201,114,9.435248971611121e-07
v0_1,K0,20261201,115,9.43518252438997e-07
v0_1,K0,20261201,116,9.435116736830503e-07
v0_1,K0,20261201,117,9.435050444851284e-07
v0_1,K0,20261201,118,9.434982862498256e-07
v0_1,K0,20261201,119,9.43491402859941e-07
v0_1,K0,20261201,120,9.434844638008326e-07
v0_1,K0,20261201,121,9.434775469897543e-07
v0_1,K0,20261201,122,9.434706856770694e-07
v0_1,K0,20261201,123,9.43463853938991e-07
v0_1,K0,20261201,124,9.434569940528746e-07
v0_1,K0,20261201,125,9.434500605330028e-07
v0_1,K0,20261201,126,9.434430484973302e-07
v0_1,K0,20261201,127,9.434359898322178e-07
v0_1,K0,20261201,128,9.434289251087966e-07
v0_1,K0,20261201,129,9.434218744000022e-07
v0_1,K0,20261201,130,9.434148271230732e-07
v0_1,K0,20261201,131,9.434077546944602e-07
v0_1,K0,20261201,132,9.43400633447987e-07
v0_1,K0,20261201,133,9.433934602173987e-07
v0_1,K0,20261201,134,9.433862509614595e-07
v0_1,K0,20261201,135,9.433790262211064e-07
v0_1,K0,20261201,136,9.433717958138143e-07
v0_1,K0,20261201,137,9.433645536844594e-07
v0_1,K0,20261201,138,9.433572848699646e-07
v0_1,K0,20261201,139,9.433499776150425e-07
v0_1,K0,20261201,140,9.433426311418291e-07
v0_1,K0,20261201,141,9.433352542407816e-07
v0_1,K0,20261201,142,9.433278572378054e-07
v0_1,K0,20261201,143,9.433204442497929e-07
v0_1,K0,20261201,144,9.433130112910218e-07
v0_1,K0,20261201,145,9.433055506162274e-07
v0_1,K0,20261201,146,9.432980570644596e-07
v0_1,K0,20261201,147,9.432905313994724e-07
v0_1,K0,20261201,148,9.432829786838192e-07
v0_1,K0,20261201,149,9.432754037257907e-07
v0_1,K0,20261201,150,9.432678074805713e-07
v0_1,K0,20261201,151,9.432601869381214e-07
v0_1,K0,20261201,152,9.432525380027947e-07
v0_1,K0,20261201,153,9.432448587016327e-07
v0_1,K0,20261201,154,9.432371502482246e-07
v0_1,K0,20261201,155,9.432294155199439e-07
v0_1,K0,20261201,156,9.432216565442419e-07
v0_1,K0,20261201,157,9.432138730791225e-07
v0_1,K0,20261201,158,9.432060631862247e-07
v0_1,K0,20261201,159,9.431982250110699e-07
v0_1,K0,20261201,160,9.431903581831022e-07
v0_1,K0,20261201,161,9.431824638086385e-07
v0_1,K0,20261201,162,9.431745432991546e-07
v0_1,K0,20261201,163,9.431665971508319e-07
v0_1,K0,20261201,164,9.431586246465033e-07
v0_1,K0,20261201,165,9.431506245642208e-07
v0_1,K0,20261201,166,9.431425961662431e-07
v0_1,K0,20261201,167,9.431345396390882e-07
v0_1,K0,20261201,168,9.43126455728842e-07
v0_1,K0,20261201,169,9.43118345000091e-07
v0_1,K0,20261201,170,9.431102073757012e-07
v0_1,K0,20261201,171,9.431020422772391e-07
v0_1,K0,20261201,172,9.430938491458503e-07
v0_1,K0,20261201,173,9.430856278515463e-07
v0_1,K0,20261201,174,9.430773786733447e-07
v0_1,K0,20261201,175,9.430691019388453e-07
v0_1,K0,20261201,176,9.430607976788282e-07
v0_1,K0,20261201,177,9.430524655821685e-07
v0_1,K0,20261201,178,9.430441052408332e-07
v0_1,K0,20261201,179,9.430357164352523e-07
v0_1,K0,20261201,180,9.430272992174293e-07
v0_1,K0,20261201,181,9.430188537576668e-07
v0_1,K0,20261201,182,9.430103801235208e-07
v0_1,K0,20261201,183,9.430018781871978e-07
v0_1,K0,20261201,184,9.429933477153477e-07
v0_1,K0,20261201,185,9.429847885310065e-07
v0_1,K0,20261201,186,9.4297620059502e-07
v0_1,K0,20261201,187,9.429675839498347e-07
v0_1,K0,20261201,188,9.42958938597548e-07
v0_1,K0,20261201,189,9.429502644299549e-07
v0_1,K0,20261201,190,9.42941561264338e-07
v0_1,K0,20261201,191,9.429328289381026e-07
v0_1,K0,20261201,192,9.429240673715702e-07
v0_1,K0,20261201,193,9.429152765505098e-07
v0_1,K0,20261201,194,9.429064564575272e-07
v0_1,K0,20261201,195,9.428976070207374e-07
v0_1,K0,20261201,196,9.428887281205714e-07
v0_1,K0,20261201,197,9.428798196370423e-07
v0_1,K0,20261201,198,9.428708814868203e-07
v0_1,K0,20261201,199,9.428619136177951e-07
v0_1,K0,20261201,200,9.428529159731381e-07
v0_1,K0,20261201,201,9.428438884630884e-07
v0_1,K0,20261201,202,9.428348309699006e-07
v0_1,K0,20261201,203,9.428257433772238e-07
v0_1,K0,20261201,204,9.428166255942262e-07
v0_1,K0,20261201,205,9.428074775541558e-07
v0_1,K0,20261201,206,9.427982991931596e-07
v0_1,K0,20261201,207,9.427890904317536e-07
v0_1,K0,20261201,208,9.427798511746656e-07
v0_1,K0,20261201,209,9.427705813249498e-07
v0_1,K0,20261201,210,9.427612807957828e-07
v0_1,K0,20261201,211,9.427519495087677e-07
v0_1,K0,20261201,212,9.427425873825566e-07
v0_1,K0,20261201,213,9.427331943246075e-07
v0_1,K0,20261201,214,9.427237702340513e-07
v0_1,K0,20261201,215,9.427143150120412e-07
v0_1,K0,20261201,216,9.427048285691856e-07
v0_1,K0,20261201,217,9.426953108239957e-07
v0_1,K0,20261201,218,9.426857616953982e-07
v0_1,K0,20261201,219,9.426761810971073e-07
v0_1,K0,20261201,220,9.426665689384309e-07
v0_1,K0,20261201,221,9.426569251288142e-07
v0_1,K0,20261201,222,9.426472495806254e-07
v0_1,K0,20261201,223,9.426375422073523e-07
v0_1,K0,20261201,224,9.426278029199815e-07
v0_1,K0,20261201,225,9.426180316256268e-07
v0_1,K0,20261201,226,9.426082282300397e-07
v0_1,K0,20261201,227,9.425983926413751e-07
v0_1,K0,20261201,228,9.425885247717165e-07
v0_1,K0,20261201,229,9.425786245354159e-07
v0_1,K0,20261201,230,9.425686918464023e-07
v0_1,K0,20261201,231,9.425587266169564e-07
v0_1,K0,20261201,232,9.425487287585644e-07
v0_1,K0,20261201,233,9.425386981831693e-07
v0_1,K0,20261201,234,9.425286348032686e-07
v0_1,K0,20261201,235,9.425185385308803e-07
v0_1,K0,20261201,236,9.425084092767519e-07
v0_1,K0,20261201,237,9.424982469509726e-07
v0_1,K0,20261201,238,9.424880514644168e-07
v0_1,K0,20261201,239,9.42477822729791e-07
v0_1,K0,20261201,240,9.424675606613827e-07
v0_1,K0,20261201,241,9.424572651740915e-07
v0_1,K0,20261201,242,9.424469361826253e-07
v0_1,K0,20261201,243,9.424365736015255e-07
v0_1,K0,20261201,244,9.424261773454756e-07
v0_1,K0,20261201,245,9.424157473294261e-07
v0_1,K0,20261201,246,9.42405283468325e-07
v0_1,K0,20261201,247,9.423947856769085e-07
v0_1,K0,20261201,248,9.423842538699499e-07
v0_1,K0,20261201,249,9.423736879628679e-07
v0_1,K0,20261201,250,9.42363087872233e-07
v0_1,K0,20261201,251,9.423524535157387e-07
v0_1,K0,20261201,252,9.423417848118114e-07
v0_1,K0,20261201,253,9.423310816792742e-07
v0_1,K0,20261201,254,9.423203440372254e-07
v0_1,K0,20261201,255,9.423095718051109e-07
v0_1,K0,20261201,256,9.422987649027351e-07
v0_1,K0,20261201,257,9.422879232501942e-07
v0_1,K0,20261201,258,9.422770467678778e-07
v0_1,K0,20261201,259,9.422661353766733e-07
v0_1,K0,20261201,260,9.422551889982462e-07
v0_1,K0,20261201,261,9.422442075552439e-07
v0_1,K0,20261201,262,9.422331909712997e-07
v0_1,K0,20261201,263,9.422221391708478e-07
v0_1,K0,20261201,264,9.422110520789704e-07
v0_1,K0,20261201,265,9.421999296213377e-07
v0_1,K0,20261201,266,9.421887717241787e-07
v0_1,K0,20261201,267,9.421775783143282e-07
v0_1,K0,20261201,268,9.421663493191666e-07
v0_1,K0,20261201,269,9.421550846667441e-07
v0_1,K0,20261201,270,9.421437842859138e-07
v0_1,K0,20261201,271,9.421324481064554e-07
v0_1,K0,20261201,272,9.421210760591755e-07
v0_1,K0,20261201,273,9.421096680758808e-07
v0_1,K0,20261201,274,9.420982240892844e-07
v0_1,K0,20261201,275,9.420867440329377e-07
v0_1,K0,20261201,276,9.420752278412046e-07
v0_1,K0,20261201,277,9.420636754492546e-07
v0_1,K0,20261201,278,9.420520867930813e-07
v0_1,K0,20261201,279,9.420404618095146e-07
v0_1,K0,20261201,280,9.42028800436349e-07
v0_1,K0,20261201,281,9.420171026123949e-07
v0_1,K0,20261201,282,9.420053682775692e-07
v0_1,K0,20261201,283,9.419935973728991e-07
v0_1,K0,20261201,284,9.419817898405238e-07
v0_1,K0,20261201,285,9.419699456236172e-07
v0_1,K0,20261201,286,9.419580646663987e-07
v0_1,K0,20261201,287,9.419461469140943e-07
v0_1,K0,20261201,288,9.419341923129707e-07
v0_1,K0,20261201,289,9.41922200810357e-07
v0_1,K0,20261201,290,9.419101723546817e-07
v0_1,K0,20261201,291,9.41898106895572e-07
v0_1,K0,20261201,292,9.418860043838722e-07
v0_1,K0,20261201,293,9.41873864771665e-07
v0_1,K0,20261201,294,9.41861688012321e-07
v0_1,K0,20261201,295,9.418494740604059e-07
v0_1,K0,20261201,296,9.418372228717411e-07
v0_1,K0,20261201,297,9.418249344033393e-07
v0_1,K0,20261201,298,9.418126086134843e-07
v0_1,K0,20261201,299,9.418002454616781e-07
v0_1,K0,20261201,300,9.417878449087224e-07
v0_1,K0,20261202,1,9.627147925745011e-07
v0_1,K0,20261202,2,9.623035885980815e-07
v0_1,K0,20261202,3,9.614952529919056e-07
v0_1,K0,20261202,4,9.603183648277446e-07
v0_1,K0,20261202,5,9.588163130236723e-07
v0_1,K0,20261202,6,9.570473489445918e-07
v0_1,K0,20261202,7,9.550842372402711e-07
v0_1,K0,20261202,8,9.530132998570148e-07
v0_1,K0,20261202,9,9.509325653705085e-07
v0_1,K0,20261202,10,9.489486227541552e-07
v0_1,K0,20261202,11,9.471716566588071e-07
v0_1,K0,20261202,12,9.457080757516474e-07
v0_1,K0,20261202,13,9.446502672390085e-07
v0_1,K0,20261202,14,9.440635284710401e-07
v0_1,K0,20261202,15,9.439713741985091e-07
v0_1,K0,20261202,16,9.443422419638785e-07
v0_1,K0,20261202,17,9.450825870973351e-07
v0_1,K0,20261202,18,9.460420621410678e-07
v0_1,K0,20261202,19,9.47034077682113e-07
v0_1,K0,20261202,20,9.478691576760832e-07
v0_1,K0,20261202,21,9.48392188475561e-07
v0_1,K0,20261202,22,9.485124303568644e-07
v0_1,K0,20261202,23,9.482183289598647e-07
v0_1,K0,20261202,24,9.475749811320322e-07
v0_1,K0,20261202,25,9.467069639777867e-07
v0_1,K0,20261202,26,9.457715631960182e-07
v0_1,K0,20261202,27,9.449278207703404e-07
v0_1,K0,20261202,28,9.443064932221229e-07
v0_1,K0,20261202,29,9.439857156952978e-07
v0_1,K0,20261202,30,9.439768771276914e-07
v0_1,K0,20261202,31,9.442243102163981e-07
v0_1,K0,20261202,32,9.446201385183684e-07
v0_1,K0,20261202,33,9.450318547526286e-07
v0_1,K0,20261202,34,9.453360169735987e-07
v0_1,K0,20261202,35,9.454488878739706e-07
v0_1,K0,20261202,36,9.453454897132385e-07
v0_1,K0,20261202,37,9.45062190589677e-07
v0_1,K0,20261202,38,9.446827995449224e-07
v0_1,K0,20261202,39,9.443123915755295e-07
v0_1,K0,20261202,40,9.440459142583973e-07
v0_1,K0,20261202,41,9.439400664141364e-07
v0_1,K0,20261202,42,9.439968718687031e-07
v0_1,K0,20261202,43,9.441650516268276e-07
v0_1,K0,20261202,44,9.443600447516706e-07
v0_1,K0,20261202,45,9.444962710044944e-07
v0_1,K0,20261202,46,9.445192370271733e-07
v0_1,K0,20261202,47,9.44424261575635e-07
v0_1,K0,20261202,48,9.442542270578128e-07
v0_1,K0,20261202,49,9.440781040435991e-07
v0_1,K0,20261202,50,9.439602374885781e-07
v0_1,K0,20261202,51,9.439338368300958e-07
v0_1,K0,20261202,52,9.439878921239387e-07
v0_1,K0,20261202,53,9.44077255939298e-07
v0_1,K0,20261202,54,9.441503319875701e-07
v0_1,K0,20261202,55,9.441720806078244e-07
v0_1,K0,20261202,56,9.441361619178018e-07
v0_1,K0,20261202,57,9.440628257387571e-07
v0_1,K0,20261202,58,9.439857283457052e-07
v0_1,K0,20261202,59,9.439350175780346e-07
v0_1,K0,20261202,60,9.43924522537322e-07
v0_1,K0,20261202,61,9.439480785346409e-07
v0_1,K0,20261202,62,9.439854015934464e-07
v0_1,K0,20261202,63,9.440135697288715e-07
v0_1,K0,20261202,64,9.440180239009055e-07
v0_1,K0,20261202,65,9.439979783436397e-07
v0_1,K0,20261202,66,9.439644957141435e-07
v0_1,K0,20261202,67,9.439332700231636e-07
v0_1,K0,20261202,68,9.439163958929973e-07
v0_1,K0,20261202,69,9.439172116300743e-07
v0_1,K0,20261202,70,9.439301760398574e-07
v0_1,K0,20261202,71,9.439450169499919e-07
v0_1,K0,20261202,72,9.439524669543621e-07
v0_1,K0,20261202,73,9.439485684276611e-07
v0_1,K0,20261202,74,9.439356969886045e-07
v0_1,K0,20261202,75,9.43920328697276e-07
v0_1,K0,20261202,76,9.439091535466801e-07
v0_1,K0,20261202,77,9.439057047690745e-07
v0_1,K0,20261202,78,9.439091003264517e-07
v0_1,K0,20261202,79,9.439152092088735e-07
v0_1,K0,20261202,80,9.439192849733268e-07
v0_1,K0,20261202,81,9.439184947967917e-07
v0_1,K0,20261202,82,9.439130542864087e-07
v0_1,K0,20261202,83,9.43905596432027e-07
v0_1,K0,20261202,84,9.438993848287201e-07
v0_1,K0,20261202,85,9.438964937892763e-07
v0_1,K0,20261202,86,9.438969176417358e-07
v0_1,K0,20261202,87,9.438989269652946e-07
v0_1,K0,20261202,88,9.439002785769358e-07
v0_1,K0,20261202,89,9.438994963588064e-07
v0_1,K0,20261202,90,9.438965280905132e-07
v0_1,K0,20261202,91,9.43892528073411e-07
v0_1,K0,20261202,92,9.438890244867237e-07
v0_1,K0,20261202,93,9.438870218497726e-07
v0_1,K0,20261202,94,9.438865383092019e-07
v0_1,K0,20261202,95,9.438867619986333e-07
v0_1,K0,20261202,96,9.43886640873739e-07
v0_1,K0,20261202,97,9.438855083943395e-07
v0_1,K0,20261202,98,9.438833893324676e-07
v0_1,K0,20261202,99,9.438808658238175e-07
v0_1,K0,20261202,100,9.438786513565772e-07
v0_1,K0,20261202,101,9.43877162415958e-07
v0_1,K0,20261202,102,9.438763319628849e-07
v0_1,K0,20261202,103,9.43875731043921e-07
v0_1,K0,20261202,104,9.438748774343221e-07
v0_1,K0,20261202,105,9.438735224944009e-07
v0_1,K0,20261202,106,9.438717541310959e-07
v0_1,K0,20261202,107,9.438698867351054e-07
v0_1,K0,20261202,108,9.438682376418142e-07
v0_1,K0,20261202,109,9.438669398510843e-07
v0_1,K0,20261202,110,9.438658952099241e-07
v0_1,K0,20261202,111,9.438648724596679e-07
v0_1,K0,20261202,112,9.438636678238643e-07
v0_1,K0,20261202,113,9.438622218319774e-07
v0_1,K0,20261202,114,9.438606296091763e-07
v0_1,K0,20261202,115,9.438590562769611e-07
v0_1,K0,20261202,116,9.438576245621984e-07
v0_1,K0,20261202,117,9.438563475006555e-07
v0_1,K0,20261202,118,9.438551395937314e-07
v0_1,K0,20261202,119,9.438538863164293e-07
v0_1,K0,20261202,120,9.438525194588423e-07
v0_1,K0,20261202,121,9.438510509380873e-07
v0_1,K0,20261202,122,9.438495512298621e-07
v0_1,K0,20261202,123,9.438480951797589e-07
v0_1,K0,20261202,124,9.438467144602117e-07
v0_1,K0,20261202,125,9.438453852676541e-07
v0_1,K0,20261202,126,9.438440530070397e-07
v0_1,K0,20261202,127,9.438426721304884e-07
v0_1,K0,20261202,128,9.438412333510098e-07
v0_1,K0,20261202,129,9.438397630996704e-07
v0_1,K0,20261202,130,9.438383003065158e-07
v0_1,K0,20261202,131,9.438368692282593e-07
v0_1,K0,20261202,132,9.438354664328194e-07
v0_1,K0,20261202,133,9.438340678909123e-07
v0_1,K0,20261202,134,9.438326481435137e-07
v0_1,K0,20261202,135,9.438311970526001e-07
v0_1,K0,20261202,136,9.438297236627336e-07
v0_1,K0,20261202,137,9.438282468714135e-07
v0_1,K0,20261202,138,9.438267812819959e-07
v0_1,K0,20261202,139,9.438253283567585e-07
v0_1,K0,20261202,140,9.438238777858684e-07
v0_1,K0,20261202,141,9.438224164064566e-07
v0_1,K0,20261202,142,9.438209374527537e-07
v0_1,K0,20261202,143,9.438194439234456e-07
v0_1,K0,20261202,144,9.438179448344088e-07
v0_1,K0,20261202,145,9.438164480975991e-07
v0_1,K0,20261202,146,9.438149553945973e-07
v0_1,K0,20261202,147,9.438134621533242e-07
v0_1,K0,20261202,148,9.438119617581662e-07
v0_1,K0,20261202,149,9.438104504049243e-07
v0_1,K0,20261202,150,9.438089291885318e-07
v0_1,K0,20261202,151,9.438074024816714e-07
v0_1,K0,20261202,152,9.438058743584802e-07
v0_1,K0,20261202,153,9.438043458563445e-07
v0_1,K0,20261202,154,9.438028148130613e-07
v0_1,K0,20261202,155,9.438012779422125e-07
v0_1,K0,20261202,156,9.437997333196195e-07
v0_1,K0,20261202,157,9.437981814830282e-07
v0_1,K0,20261202,158,9.437966246217299e-07
v0_1,K0,20261202,159,9.43795064755749e-07
v0_1,K0,20261202,160,9.437935023559793e-07
v0_1,K0,20261202,161,9.437919362966932e-07
v0_1,K0,20261202,162,9.437903649406398e-07
v0_1,K0,20261202,163,9.43788787392827e-07
v0_1,K0,20261202,164,9.437872040066681e-07
v0_1,K0,20261202,165,9.437856159149279e-07
v0_1,K0,20261202,166,9.437840240903818e-07
v0_1,K0,20261202,167,9.437824286885552e-07
v0_1,K0,20261202,168,9.437808290925752e-07
v0_1,K0,20261202,169,9.437792245040725e-07
v0_1,K0,20261202,170,9.43777614558942e-07
v0_1,K0,20261202,171,9.437759995196086e-07
v0_1,K0,20261202,172,9.437743799794698e-07
v0_1,K0,20261202,173,9.437727563797009e-07
v0_1,K0,20261202,174,9.437711287225163e-07
v0_1,K0,20261202,175,9.437694966551265e-07
v0_1,K0,20261202,176,9.437678597978423e-07
v0_1,K0,20261202,177,9.437662180333707e-07
v0_1,K0,20261202,178,9.437645715522588e-07
v0_1,K0,20261202,179,9.437629206642757e-07
v0_1,K0,20261202,180,9.437612655561461e-07
v0_1,K0,20261202,181,9.437596061838964e-07
v0_1,K0,20261202,182,9.437579423554414e-07
v0_1,K0,20261202,183,9.437562739081743e-07
v0_1,K0,20261202,184,9.437546008324556e-07
v0_1,K0,20261202,185,9.437529232584542e-07
v0_1,K0,20261202,186,9.437512413404248e-07
v0_1,K0,20261202,187,9.437495551433863e-07
v0_1,K0,20261202,188,9.437478646169283e-07
v0_1,K0,20261202,189,9.437461696605097e-07
v0_1,K0,20261202,190,9.437444702148644e-07
v0_1,K0,20261202,191,9.437427663059321e-07
v0_1,K0,20261202,192,9.437410580165859e-07
v0_1,K0,20261202,193,9.437393454204726e-07
v0_1,K0,20261202,194,9.437376285349784e-07
v0_1,K0,20261202,195,9.437359073256459e-07
v0_1,K0,20261202,196,9.437341817493599e-07
v0_1,K0,20261202,197,9.437324517962017e-07
v0_1,K0,20261202,198,9.437307174980463e-07
v0_1,K0,20261202,199,9.437289789032258e-07
v0_1,K0,20261202,200,9.43727236042823e-07
v0_1,K0,20261202,201,9.437254889162267e-07
v0_1,K0,20261202,202,9.437237375037116e-07
v0_1,K0,20261202,203,9.437219817915716e-07
v0_1,K0,20261202,204,9.437202217881226e-07
v0_1,K0,20261202,205,9.437184575197893e-07
v0_1,K0,20261202,206,9.437166890139441e-07
v0_1,K0,20261202,207,9.437149162842014e-07
v0_1,K0,20261202,208,9.437131393292152e-07
v0_1,K0,20261202,209,9.437113581434e-07
v0_1,K0,20261202,210,9.437095727289472e-07
v0_1,K0,20261202,211,9.437077830994148e-07
v0_1,K0,20261202,212,9.437059892735315e-07
v0_1,K0,20261202,213,9.437041912659018e-07
v0_1,K0,20261202,214,9.437023890825619e-07
v0_1,K0,20261202,215,9.437005827240711e-07
v0_1,K0,20261202,216,9.436987721924169e-07
v0_1,K0,20261202,217,9.436969574955673e-07
v0_1,K0,20261202,218,9.436951386465063e-07
v0_1,K0,20261202,219,9.436933156585369e-07
v0_1,K0,20261202,220,9.43691488541238e-07
v0_1,K0,20261202,221,9.436896573001725e-07
v0_1,K0,20261202,222,9.436878219398915e-07
v0_1,K0,20261202,223,9.436859824671213e-07
v0_1,K0,20261202,224,9.436841388915754e-07
v0_1,K0,20261202,225,9.436822912240926e-07
v0_1,K0,20261202,226,9.436804394741553e-07
v0_1,K0,20261202,227,9.436785836488833e-07
v0_1,K0,20261202,228,9.436767237541273e-07
v0_1,K0,20261202,229,9.436748597964017e-07
v0_1,K0,20261202,230,9.436729917839615e-07
v0_1,K0,20261202,231,9.436711197263414e-07
v0_1,K0,20261202,232,9.436692436329662e-07
v0_1,K0,20261202,233,9.436673635121772e-07
v0_1,K0,20261202,234,9.436654793713294e-07
v0_1,K0,20261202,235,9.436635912176992e-07
v0_1,K0,20261202,236,9.436616990592633e-07
v0_1,K0,20261202,237,9.436598029047193e-07
v0_1,K0,20261202,238,9.43657902762881e-07
v0_1,K0,20261202,239,9.436559986420589e-07
v0_1,K0,20261202,240,9.436540905499534e-07
v0_1,K0,20261202,241,9.436521784940882e-07
v0_1,K0,20261202,242,9.436502624823317e-07
v0_1,K0,20261202,243,9.436483425230964e-07
v0_1,K0,20261202,244,9.436464186250772e-07
v0_1,K0,20261202,245,9.436444907968721e-07
v0_1,K0,20261202,246,9.436425590467838e-07
v0_1,K0,20261202,247,9.43640623382931e-07
v0_1,K0,20261202,248,9.436386838135156e-07
v0_1,K0,20261202,249,9.436367403469622e-07
v0_1,K0,20261202,250,9.436347929918543e-07
v0_1,K0,20261202,251,9.43632841756745e-07
v0_1,K0,20261202,252,9.436308866500234e-07
v0_1,K0,20261202,253,9.436289276799821e-07
v0_1,K0,20261202,254,9.436269648549646e-07
v0_1,K0,20261202,255,9.436249981835012e-07
v0_1,K0,20261202,256,9.436230276742982e-07
v0_1,K0,20261202,257,9.436210533361306e-07
v0_1,K0,20261202,258,9.436190751777736e-07
v0_1,K0,20261202,259,9.436170932079343e-07
v0_1,K0,20261202,260,9.436151074353538e-07
v0_1,K0,20261202,261,9.436131178688393e-07
v0_1,K0,20261202,262,9.436111245172804e-07
v0_1,K0,20261202,263,9.436091273896165e-07
v0_1,K0,20261202,264,9.436071264947857e-07
v0_1,K0,20261202,265,9.436051218417164e-07
v0_1,K0,20261202,266,9.436031134393838e-07
v0_1,K0,20261202,267,9.43601101296838e-07
v0_1,K0,20261202,268,9.435990854232457e-07
v0_1,K0,20261202,269,9.435970658278513e-07
v0_1,K0,20261202,270,9.435950425199651e-07
v0_1,K0,20261202,271,9.435930155089189e-07
v0_1,K0,20261202,272,9.435909848040934e-07
v0_1,K0,20261202,273,9.435889504149214e-07
v0_1,K0,20261202,274,9.435869123509014e-07
v0_1,K0,20261202,275,9.435848706215927e-07
v0_1,K0,20261202,276,9.435828252365995e-07
v0_1,K0,20261202,277,9.435807762055723e-07
v0_1,K0,20261202,278,9.435787235382135e-07
v0_1,K0,20261202,279,9.435766672443122e-07
v0_1,K0,20261202,280,9.435746073337207e-07
v0_1,K0,20261202,281,9.435725438164046e-07
v0_1,K0,20261202,282,9.43570476702379e-07
v0_1,K0,20261202,283,9.435684060017379e-07
v0_1,K0,20261202,284,9.435663317246498e-07
v0_1,K0,20261202,285,9.435642538813252e-07
v0_1,K0,20261202,286,9.435621724820735e-07
v0_1,K0,20261202,287,9.435600875372549e-07
v0_1,K0,20261202,288,9.435579990573068e-07
v0_1,K0,20261202,289,9.435559070527272e-07
v0_1,K0,20261202,290,9.435538115341069e-07
v0_1,K0,20261202,291,9.435517125120937e-07
v0_1,K0,20261202,292,9.435496099974419e-07
v0_1,K0,20261202,293,9.43547504000979e-07
v0_1,K0,20261202,294,9.435453945336333e-07
v0_1,K0,20261202,295,9.435432816064024e-07
v0_1,K0,20261202,296,9.435411652303827e-07
v0_1,K0,20261202,297,9.43539045416731e-07
v0_1,K0,20261202,298,9.435369221767086e-07
v0_1,K0,20261202,299,9.435347955216425e-07
v0_1,K0,20261202,300,9.43532665462951e-07
v0_1,K0,20261203,1,9.620004119907276e-07
v0_1,K0,20261203,2,9.617371857306086e-07
v0_1,K0,20261203,3,9.612167501673917e-07
v0_1,K0,20261203,4,9.604513095073076e-07
v0_1,K0,20261203,5,9.594593692420521e-07
v0_1,K0,20261203,6,9.582657693798386e-07
v0_1,K0,20261203,7,9.569016139675718e-07
v0_1,K0,20261203,8,9.554040725826294e-07
v0_1,K0,20261203,9,9.538160213089865e-07
v0_1,K0,20261203,10,9.521854733653321e-07
v0_1,K0,20261203,11,9.505647227348367e-07
v0_1,K0,20261203,12,9.490090888242001e-07
v0_1,K0,20261203,13,9.475751125402256e-07
v0_1,K0,20261203,14,9.463180297079907e-07
v0_1,K0,20261203,15,9.452883621308607e-07
v0_1,K0,20261203,16,9.445275552955903e-07
v0_1,K0,20261203,17,9.440627960750366e-07
v0_1,K0,20261203,18,9.439014953885201e-07
v0_1,K0,20261203,19,9.440264047873823e-07
v0_1,K0,20261203,20,9.443928374598559e-07
v0_1,K0,20261203,21,9.449297249713395e-07
v0_1,K0,20261203,22,9.455458743486517e-07
v0_1,K0,20261203,23,9.461414829244294e-07
v0_1,K0,20261203,24,9.466230119521291e-07
v0_1,K0,20261203,25,9.46917992729514e-07
v0_1,K0,20261203,26,9.469861556906268e-07
v0_1,K0,20261203,27,9.468244063514243e-07
v0_1,K0,20261203,28,9.464649427766396e-07
v0_1,K0,20261203,29,9.459674551624073e-07
v0_1,K0,20261203,30,9.454074083811532e-07
v0_1,K0,20261203,31,9.448628083230905e-07
v0_1,K0,20261203,32,9.444017471744022e-07
v0_1,K0,20261203,33,9.440726051583293e-07
v0_1,K0,20261203,34,9.438981963645568e-07
v0_1,K0,20261203,35,9.438744669135441e-07
v0_1,K0,20261203,36,9.439736436973667e-07
v0_1,K0,20261203,37,9.441510558555809e-07
v0_1,K0,20261203,38,9.443542924341368e-07
v0_1,K0,20261203,39,9.445330143110243e-07
v0_1,K0,20261203,40,9.446476868108292e-07
v0_1,K0,20261203,41,9.44675764757696e-07
v0_1,K0,20261203,42,9.44614383929623e-07
v0_1,K0,20261203,43,9.444792659636012e-07
v0_1,K0,20261203,44,9.443001919692519e-07
v0_1,K0,20261203,45,9.44113952152236e-07
v0_1,K0,20261203,46,9.439560999176611e-07
v0_1,K0,20261203,47,9.438531143553608e-07
v0_1,K0,20261203,48,9.438166538717453e-07
v0_1,K0,20261203,49,9.438413538485369e-07
v0_1,K0,20261203,50,9.439069589726205e-07
v0_1,K0,20261203,51,9.439844807874751e-07
v0_1,K0,20261203,52,9.44043501965828e-07
v0_1,K0,20261203,53,9.440648794487959e-07
v0_1,K0,20261203,54,9.440436403360346e-07
v0_1,K0,20261203,55,9.439880844104298e-07
v0_1,K0,20261203,56,9.439151450153795e-07
v0_1,K0,20261203,57,9.438440110299087e-07
v0_1,K0,20261203,58,9.437902119105368e-07
v0_1,K0,20261203,59,9.437618183252505e-07
v0_1,K0,20261203,60,9.437584642434579e-07
v0_1,K0,20261203,61,9.437729422053613e-07
v0_1,K0,20261203,62,9.437944441046886e-07
v0_1,K0,20261203,63,9.438122404838591e-07
v0_1,K0,20261203,64,9.438186968749976e-07
v0_1,K0,20261203,65,9.438109057259209e-07
v0_1,K0,20261203,66,9.437907132320861e-07
v0_1,K0,20261203,67,9.437633919247436e-07
v0_1,K0,20261203,68,9.437355395829036e-07
v0_1,K0,20261203,69,9.437129139595003e-07
v0_1,K0,20261203,70,9.43698836158407e-07
v0_1,K0,20261203,71,9.436935548825381e-07
v0_1,K0,20261203,72,9.43694636226504e-07
v0_1,K0,20261203,73,9.436981265804118e-07
v0_1,K0,20261203,74,9.437000241568878e-07
v0_1,K0,20261203,75,9.43697549784265e-07
v0_1,K0,20261203,76,9.436898346289677e-07
v0_1,K0,20261203,77,9.436778841952646e-07
v0_1,K0,20261203,78,9.43663938161461e-07
v0_1,K0,20261203,79,9.436505301053911e-07
v0_1,K0,20261203,80,9.436396051081105e-07
v0_1,K0,20261203,81,9.436319773411287e-07
v0_1,K0,20261203,82,9.436272510610922e-07
v0_1,K0,20261203,83,9.436241546775125e-07
v0_1,K0,20261203,84,9.436211093738108e-07
v0_1,K0,20261203,85,9.436168056253119e-07
v0_1,K0,20261203,86,9.436105950424375e-07
v0_1,K0,20261203,87,9.436025966411746e-07
v0_1,K0,20261203,88,9.435935270895315e-07
v0_1,K0,20261203,89,9.435843551178094e-07
v0_1,K0,20261203,90,9.435759245311142e-07
v0_1,K0,20261203,91,9.435686799498736e-07
v0_1,K0,20261203,92,9.435625749863485e-07
v0_1,K0,20261203,93,9.435571678610991e-07
v0_1,K0,20261203,94,9.435518426846498e-07
v0_1,K0,20261203,95,9.435460584392043e-07
v0_1,K0,20261203,96,9.435395315685859e-07
v0_1,K0,20261203,97,9.435322958110287e-07
v0_1,K0,20261203,98,9.435246362635683e-07
v0_1,K0,20261203,99,9.435169416122083e-07
v0_1,K0,20261203,100,9.435095421852065e-07
v0_1,K0,20261203,101,9.435025963367905e-07
v0_1,K0,20261203,102,9.434960598459689e-07
v0_1,K0,20261203,103,9.434897364416011e-07
v0_1,K0,20261203,104,9.434833773653921e-07
v0_1,K0,20261203,105,9.43476784450518e-07
v0_1,K0,20261203,106,9.434698770123976e-07
v0_1,K0,20261203,107,9.434627028026529e-07
v0_1,K0,20261203,108,9.434553977113954e-07
v0_1,K0,20261203,109,9.434481178849221e-07
v0_1,K0,20261203,110,9.434409749947709e-07
v0_1,K0,20261203,111,9.43433999512183e-07
v0_1,K0,20261203,112,9.434271420924473e-07
v0_1,K0,20261203,113,9.434203065577134e-07
v0_1,K0,20261203,114,9.434133963274835e-07
v0_1,K0,20261203,115,9.434063534702072e-07
v0_1,K0,20261203,116,9.433991756935235e-07
v0_1,K0,20261203,117,9.433919078268879e-07
v0_1,K0,20261203,118,9.433846153453713e-07
v0_1,K0,20261203,119,9.433773537253693e-07
v0_1,K0,20261203,120,9.433701470081088e-07
v0_1,K0,20261203,121,9.433629830245309e-07
v0_1,K0,20261203,122,9.433558245997253e-07
v0_1,K0,20261203,123,9.433486294495285e-07
v0_1,K0,20261203,124,9.433413689574876e-07
v0_1,K0,20261203,125,9.433340380332261e-07
v0_1,K0,20261203,126,9.433266532741755e-07
v0_1,K0,20261203,127,9.433192420978828e-07
v0_1,K0,20261203,128,9.433118289879807e-07
v0_1,K0,20261203,129,9.433044252941339e-07
v0_1,K0,20261203,130,9.432970264772329e-07
v0_1,K0,20261203,131,9.43289616819853e-07
v0_1,K0,20261203,132,9.432821783206233e-07
v0_1,K0,20261203,133,9.432746991398872e-07
v0_1,K0,20261203,134,9.432671778842157e-07
v0_1,K0,20261203,135,9.432596224670849e-07
v0_1,K0,20261203,136,9.432520449336586e-07
v0_1,K0,20261203,137,9.432444552558207e-07
v0_1,K0,20261203,138,9.432368571031691e-07
v0_1,K0,20261203,139,9.432292472160747e-07
v0_1,K0,20261203,140,9.432216180891344e-07
v0_1,K0,20261203,141,9.432139621842008e-07
v0_1,K0,20261203,142,9.432062754603514e-07
v0_1,K0,20261203,143,9.431985586763425e-07
v0_1,K0,20261203,144,9.431908162128259e-07
v0_1,K0,20261203,145,9.431830533744578e-07
v0_1,K0,20261203,146,9.431752737038339e-07
v0_1,K0,20261203,147,9.431674775919483e-07
v0_1,K0,20261203,148,9.431596626437841e-07
v0_1,K0,20261203,149,9.431518253363137e-07
v0_1,K0,20261203,150,9.431439629500964e-07
v0_1,K0,20261203,151,9.4313607478268e-07
v0_1,K0,20261203,152,9.431281621616057e-07
v0_1,K0,20261203,153,9.431202274450453e-07
v0_1,K0,20261203,154,9.431122726716773e-07
v0_1,K0,20261203,155,9.431042985925464e-07
v0_1,K0,20261203,156,9.430963045102144e-07
v0_1,K0,20261203,157,9.430882888761972e-07
v0_1,K0,20261203,158,9.430802502212254e-07
v0_1,K0,20261203,159,9.430721878907282e-07
v0_1,K0,20261203,160,9.430641022411602e-07
v0_1,K0,20261203,161,9.430559942843267e-07
v0_1,K0,20261203,162,9.430478650540552e-07
v0_1,K0,20261203,163,9.43039715069699e-07
v0_1,K0,20261203,164,9.430315441606854e-07
v0_1,K0,20261203,165,9.430233516844889e-07
v0_1,K0,20261203,166,9.430151369576282e-07
v0_1,K0,20261203,167,9.430068996348181e-07
v0_1,K0,20261203,168,9.429986398416817e-07
v0_1,K0,20261203,169,9.42990358029506e-07
v0_1,K0,20261203,170,9.429820546758077e-07
v0_1,K0,20261203,171,9.429737300185454e-07
v0_1,K0,20261203,172,9.429653839637267e-07
v0_1,K0,20261203,173,9.429570161894808e-07
v0_1,K0,20261203,174,9.429486263579366e-07
v0_1,K0,20261203,175,9.429402143010199e-07
v0_1,K0,20261203,176,9.429317800817967e-07
v0_1,K0,20261203,177,9.429233239178993e-07
v0_1,K0,20261203,178,9.429148460326484e-07
v0_1,K0,20261203,179,9.429063465293187e-07
v0_1,K0,20261203,180,9.428978253555144e-07
v0_1,K0,20261203,181,9.428892823624489e-07
v0_1,K0,20261203,182,9.428807174090163e-07
v0_1,K0,20261203,183,9.428721304429312e-07
v0_1,K0,20261203,184,9.428635215153323e-07
v0_1,K0,20261203,185,9.428548907312333e-07
v0_1,K0,20261203,186,9.42846238175235e-07
v0_1,K0,20261203,187,9.42837563860388e-07
v0_1,K0,20261203,188,9.428288677269328e-07
v0_1,K0,20261203,189,9.428201496839877e-07
v0_1,K0,20261203,190,9.42811409662833e-07
v0_1,K0,20261203,191,9.428026476486174e-07
v0_1,K0,20261203,192,9.427938636751578e-07
v0_1,K0,20261203,193,9.427850577922816e-07
v0_1,K0,20261203,194,9.427762300298155e-07
v0_1,K0,20261203,195,9.427673803804477e-07
v0_1,K0,20261203,196,9.427585088084589e-07
v0_1,K0,20261203,197,9.427496152742044e-07
v0_1,K0,20261203,198,9.427406997563658e-07
v0_1,K0,20261203,199,9.427317622581819e-07
v0_1,K0,20261203,200,9.427228027963538e-07
v0_1,K0,20261203,201,9.427138213824248e-07
v0_1,K0,20261203,202,9.427048180097839e-07
v0_1,K0,20261203,203,9.426957926538136e-07
v0_1,K0,20261203,204,9.426867452832893e-07
v0_1,K0,20261203,205,9.426776758742099e-07
v0_1,K0,20261203,206,9.426685844170624e-07
v0_1,K0,20261203,207,9.426594709141032e-07
v0_1,K0,20261203,208,9.426503353701404e-07
v0_1,K0,20261203,209,9.426411777836671e-07
v0_1,K0,20261203,210,9.426319981440159e-07
v0_1,K0,20261203,211,9.426227964350798e-07
v0_1,K0,20261203,212,9.426135726417901e-07
v0_1,K0,20261203,213,9.426043267544634e-07
v0_1,K0,20261203,214,9.425950587683157e-07
v0_1,K0,20261203,215,9.425857686792375e-07
v0_1,K0,20261203,216,9.425764564793775e-07
v0_1,K0,20261203,217,9.425671221556403e-07
v0_1,K0,20261203,218,9.425577656918833e-07
v0_1,K0,20261203,219,9.425483870728576e-07
v0_1,K0,20261203,220,9.425389862871864e-07
v0_1,K0,20261203,221,9.425295633275022e-07
v0_1,K0,20261203,222,9.425201181882988e-07
v0_1,K0,20261203,223,9.42510650863205e-07
v0_1,K0,20261203,224,9.425011613436707e-07
v0_1,K0,20261203,225,9.424916496195069e-07
v0_1,K0,20261203,226,9.42482115680499e-07
v0_1,K0,20261203,227,9.424725595176195e-07
v0_1,K0,20261203,228,9.42462981122986e-07
v0_1,K0,20261203,229,9.424533804887481e-07
v0_1,K0,20261203,230,9.424437576059782e-07
v0_1,K0,20261203,231,9.424341124643829e-07
v0_1,K0,20261203,232,9.424244450530749e-07
v0_1,K0,20261203,233,9.424147553618279e-07
v0_1,K0,20261203,234,9.42405043381841e-07
v0_1,K0,20261203,235,9.423953091057435e-07
v0_1,K0,20261203,236,9.423855525268689e-07
v0_1,K0,20261203,237,9.423757736384352e-07
v0_1,K0,20261203,238,9.423659724333184e-07
v0_1,K0,20261203,239,9.423561489041411e-07
v0_1,K0,20261203,240,9.423463030437199e-07
v0_1,K0,20261203,241,9.423364348452793e-07
v0_1,K0,20261203,242,9.423265443022343e-07
v0_1,K0,20261203,243,9.423166314079131e-07
v0_1,K0,20261203,244,9.423066961553885e-07
v0_1,K0,20261203,245,9.422967385376126e-07
v0_1,K0,20261203,246,9.422867585478262e-07
v0_1,K0,20261203,247,9.422767561798845e-07
v0_1,K0,20261203,248,9.422667314284444e-07
v0_1,K0,20261203,249,9.422566842887686e-07
v0_1,K0,20261203,250,9.422466147564777e-07
v0_1,K0,20261203,251,9.422365228273532e-07
v0_1,K0,20261203,252,9.422264084973104e-07
v0_1,K0,20261203,253,9.422162717624481e-07
v0_1,K0,20261203,254,9.422061126191412e-07
v0_1,K0,20261203,255,9.421959310639643e-07
v0_1,K0,20261203,256,9.421857270936625e-07
v0_1,K0,20261203,257,9.42175500705093e-07
v0_1,K0,20261203,258,9.421652518953338e-07
v0_1,K0,20261203,259,9.421549806618075e-07
v0_1,K0,20261203,260,9.421446870024398e-07
v0_1,K0,20261203,261,9.421343709157248e-07
v0_1,K0,20261203,262,9.421240324006681e-07
v0_1,K0,20261203,263,9.421136714567103e-07
v0_1,K0,20261203,264,9.421032880836167e-07
v0_1,K0,20261203,265,9.420928822814711e-07
v0_1,K0,20261203,266,9.420824540506611e-07
v0_1,K0,20261203,267,9.420720033919009e-07
v0_1,K0,20261203,268,9.420615303061946e-07
v0_1,K0,20261203,269,9.420510347948362e-07
v0_1,K0,20261203,270,9.420405168594432e-07
v0_1,K0,20261203,271,9.420299765020215e-07
v0_1,K0,20261203,272,9.420194137250258e-07
v0_1,K0,20261203,273,9.420088285314099e-07
v0_1,K0,20261203,274,9.419982209246296e-07
v0_1,K0,20261203,275,9.41987590908691e-07
v0_1,K0,20261203,276,9.419769384880082e-07
v0_1,K0,20261203,277,9.419662636674449e-07
v0_1,K0,20261203,278,9.419555664522632e-07
v0_1,K0,20261203,279,9.419448468481222e-07
v0_1,K0,20261203,280,9.419341048610847e-07
v0_1,K0,20261203,281,9.419233404976234e-07
v0_1,K0,20261203,282,9.419125537646033e-07
v0_1,K0,20261203,283,9.419017446693629e-07
v0_1,K0,20261203,284,9.418909132197013e-07
v0_1,K0,20261203,285,9.418800594239559e-07
v0_1,K0,20261203,286,9.418691832910012e-07
v0_1,K0,20261203,287,9.418582848302531e-07
v0_1,K0,20261203,288,9.418473640516186e-07
v0_1,K0,20261203,289,9.418364209655325e-07
v0_1,K0,20261203,290,9.418254555829059e-07
v0_1,K0,20261203,291,9.418144679151364e-07
v0_1,K0,20261203,292,9.41803457974086e-07
v0_1,K0,20261203,293,9.417924257721287e-07
v0_1,K0,20261203,294,9.417813713221018e-07
v0_1,K0,20261203,295,9.417702946374053e-07
v0_1,K0,20261203,296,9.417591957319343e-07
v0_1,K0,20261203,297,9.417480746201584e-07
v0_1,K0,20261203,298,9.417369313171524e-07
v0_1,K0,20261203,299,9.4172576583853e-07
v0_1,K0,20261203,300,9.417145782004596e-07
v0_1,K1,20261201,1,9.571976012947772e-07
v0_1,K1,20261201,2,9.565006892238873e-07
v0_1,K1,20261201,3,9.55261391657239e-07
v0_1,K1,20261201,4,9.537896064473703e-07
v0_1,K1,20261201,5,9.52518909124017e-07
v0_1,K1,20261201,6,9.518608656672983e-07
v0_1,K1,20261201,7,9.518543263884912e-07
v0_1,K1,20261201,8,9.519432596196851e-07
v0_1,K1,20261201,9,9.514775909955598e-07
v0_1,K1,20261201,10,9.502504162962613e-07
v0_1,K1,20261201,11,9.484891766729451e-07
v0_1,K1,20261201,12,9.466701204817723e-07
v0_1,K1,20261201,13,9.453182448780291e-07
v0_1,K1,20261201,14,9.447488222278599e-07
v0_1,K1,20261201,15,9.448110673688859e-07
v0_1,K1,20261201,16,9.449443955070557e-07
v0_1,K1,20261201,17,9.447025749336456e-07
v0_1,K1,20261201,18,9.441988396468413e-07
v0_1,K1,20261201,19,9.439614363074229e-07
v0_1,K1,20261201,20,9.443821968551668e-07
v0_1,K1,20261201,21,9.452562139094601e-07
v0_1,K1,20261201,22,9.459231938593123e-07
v0_1,K1,20261201,23,9.459740453916482e-07
v0_1,K1,20261201,24,9.456730965774062e-07
v0_1,K1,20261201,25,9.455617992334156e-07
v0_1,K1,20261201,26,9.45724972579551e-07
v0_1,K1,20261201,27,9.45674438213314e-07
v0_1,K1,20261201,28,9.450944152658465e-07
v0_1,K1,20261201,29,9.443418609916502e-07
v0_1,K1,20261201,30,9.439504152645073e-07
v0_1,K1,20261201,31,9.438843285433034e-07
v0_1,K1,20261201,32,9.436835136086636e-07
v0_1,K1,20261201,33,9.43309051933789e-07
v0_1,K1,20261201,34,9.432118305536449e-07
v0_1,K1,20261201,35,9.434895104096909e-07
v0_1,K1,20261201,36,9.436806155458516e-07
v0_1,K1,20261201,37,9.436106615345366e-07
v0_1,K1,20261201,38,9.436335752452798e-07
v0_1,K1,20261201,39,9.438006169769411e-07
v0_1,K1,20261201,40,9.437218440763884e-07
v0_1,K1,20261201,41,9.434249944623888e-07
v0_1,K1,20261201,42,9.432822275335232e-07
v0_1,K1,20261201,43,9.431940594884726e-07
v0_1,K1,20261201,44,9.429341646631912e-07
v0_1,K1,20261201,45,9.427744476787481e-07
v0_1,K1,20261201,46,9.428237569484103e-07
v0_1,K1,20261201,47,9.427863427738559e-07
v0_1,K1,20261201,48,9.427403516526092e-07
v0_1,K1,20261201,49,9.428381810385651e-07
v0_1,K1,20261201,50,9.428176287016518e-07
v0_1,K1,20261201,51,9.427087645103571e-07
v0_1,K1,20261201,52,9.426837089526669e-07
v0_1,K1,20261201,53,9.425594335510686e-07
v0_1,K1,20261201,54,9.424108641976963e-07
v0_1,K1,20261201,55,9.423676197845579e-07
v0_1,K1,20261201,56,9.422793909950616e-07
v0_1,K1,20261201,57,9.422220337183154e-07
v0_1,K1,20261201,58,9.42236491166651e-07
v0_1,K1,20261201,59,9.42188940667906e-07
v0_1,K1,20261201,60,9.421621136670273e-07
v0_1,K1,20261201,61,9.42141252466144e-07
v0_1,K1,20261201,62,9.420572739812978e-07
v0_1,K1,20261201,63,9.42005231242051e-07
v0_1,K1,20261201,64,9.41940840536352e-07
v0_1,K1,20261201,65,9.418630885800804e-07
v0_1,K1,20261201,66,9.418307056720577e-07
v0_1,K1,20261201,67,9.417797302418126e-07
v0_1,K1,20261201,68,9.4174503934997e-07
v0_1,K1,20261201,69,9.417223890850431e-07
v0_1,K1,20261201,70,9.416736639218536e-07
v0_1,K1,20261201,71,9.416414808609468e-07
v0_1,K1,20261201,72,9.415905668328551e-07
v0_1,K1,20261201,73,9.415375275377829e-07
v0_1,K1,20261201,74,9.414952481541162e-07
v0_1,K1,20261201,75,9.414412337150343e-07
v0_1,K1,20261201,76,9.414062361748442e-07
v0_1,K1,20261201,77,9.41365938598471e-07
v0_1,K1,20261201,78,9.413300946863959e-07
v0_1,K1,20261201,79,9.412975709823317e-07
v0_1,K1,20261201,80,9.412554097287973e-07
v0_1,K1,20261201,81,9.412202292411626e-07
v0_1,K1,20261201,82,9.411752478294561e-07
v0_1,K1,20261201,83,9.411362036910349e-07
v0_1,K1,20261201,84,9.410955201901146e-07
v0_1,K1,20261201,85,9.4105697324055e-07
v0_1,K1,20261201,86,9.410226693403297e-07
v0_1,K1,20261201,87,9.409858115070932e-07
v0_1,K1,20261201,88,9.409537292076637e-07
v0_1,K1,20261201,89,9.40916630987823e-07
v0_1,K1,20261201,90,9.408828492701396e-07
v0_1,K1,20261201,91,9.408453127420519e-07
v0_1,K1,20261201,92,9.4081038258494e-07
v0_1,K1,20261201,93,9.407745846288551e-07
v0_1,K1,20261201,94,9.407406915512136e-07
v0_1,K1,20261201,95,9.407076472212675e-07
v0_1,K1,20261201,96,9.406750635294452e-07
v0_1,K1,20261201,97,9.406433885078481e-07
v0_1,K1,20261201,98,9.406108496012134e-07
v0_1,K1,20261201,99,9.405792007644228e-07
v0_1,K1,20261201,100,9.405465685360544e-07
v0_1,K1,20261201,101,9.405153068859346e-07
v0_1,K1,20261201,102,9.404835967124433e-07
v0_1,K1,20261201,103,9.404535392089483e-07
v0_1,K1,20261201,104,9.404232167342893e-07
v0_1,K1,20261201,105,9.403941874127033e-07
v0_1,K1,20261201,106,9.40364700243589e-07
v0_1,K1,20261201,107,9.403360477352349e-07
v0_1,K1,20261201,108,9.403070078968532e-07
v0_1,K1,20261201,109,9.40278720572809e-07
v0_1,K1,20261201,110,9.402504310593445e-07
v0_1,K1,20261201,111,9.402229268814813e-07
v0_1,K1,20261201,112,9.401957160244366e-07
v0_1,K1,20261201,113,9.401690673333932e-07
v0_1,K1,20261201,114,9.401427477136576e-07
v0_1,K1,20261201,115,9.401166733812511e-07
v0_1,K1,20261201,116,9.400909921793016e-07
v0_1,K1,20261201,117,9.400654236945747e-07
v0_1,K1,20261201,118,9.400404229841775e-07
v0_1,K1,20261201,119,9.400155767613807e-07
v0_1,K1,20261201,120,9.399913812376513e-07
v0_1,K1,20261201,121,9.39967367008208e-07
v0_1,K1,20261201,122,9.399438785751649e-07
v0_1,K1,20261201,123,9.399206046351729e-07
v0_1,K1,20261201,124,9.39897672622418e-07
v0_1,K1,20261201,125,9.39875068259538e-07
v0_1,K1,20261201,126,9.398527181421931e-07
v0_1,K1,20261201,127,9.39830819768255e-07
v0_1,K1,20261201,128,9.398091681338676e-07
v0_1,K1,20261201,129,9.397879557647349e-07
v0_1,K1,20261201,130,9.397670242418605e-07
v0_1,K1,20261201,131,9.39746410192508e-07
v0_1,K1,20261201,132,9.397261286277396e-07
v0_1,K1,20261201,133,9.397060893984241e-07
v0_1,K1,20261201,134,9.396864148688348e-07
v0_1,K1,20261201,135,9.396670111607643e-07
v0_1,K1,20261201,136,9.396479337394036e-07
v0_1,K1,20261201,137,9.396291837135506e-07
v0_1,K1,20261201,138,9.39610695081384e-07
v0_1,K1,20261201,139,9.395925271362702e-07
v0_1,K1,20261201,140,9.395746190394388e-07
v0_1,K1,20261201,141,9.395569818700608e-07
v0_1,K1,20261201,142,9.395396408393602e-07
v0_1,K1,20261201,143,9.39522553308667e-07
v0_1,K1,20261201,144,9.395057533397063e-07
v0_1,K1,20261201,145,9.394892247984467e-07
v0_1,K1,20261201,146,9.394729428139355e-07
v0_1,K1,20261201,147,9.39456928775926e-07
v0_1,K1,20261201,148,9.394411559373409e-07
v0_1,K1,20261201,149,9.394256209138278e-07
v0_1,K1,20261201,150,9.394103387624506e-07
v0_1,K1,20261201,151,9.393952878649484e-07
v0_1,K1,20261201,152,9.393804702104106e-07
v0_1,K1,20261201,153,9.393658891927682e-07
v0_1,K1,20261201,154,9.393515238646187e-07
v0_1,K1,20261201,155,9.393373746171064e-07
v0_1,K1,20261201,156,9.393234419781078e-07
v0_1,K1,20261201,157,9.39309711650359e-07
v0_1,K1,20261201,158,9.392961848843624e-07
v0_1,K1,20261201,159,9.392828619976596e-07
v0_1,K1,20261201,160,9.39269730788404e-07
v0_1,K1,20261201,161,9.392567883448604e-07
v0_1,K1,20261201,162,9.39244033143593e-07
v0_1,K1,20261201,163,9.392314551371569e-07
v0_1,K1,20261201,164,9.392190501590635e-07
v0_1,K1,20261201,165,9.39206817758932e-07
v0_1,K1,20261201,166,9.391947512446735e-07
v0_1,K1,20261201,167,9.391828448814759e-07
v0_1,K1,20261201,168,9.391710965922917e-07
v0_1,K1,20261201,169,9.39159501068676e-07
v0_1,K1,20261201,170,9.391480515695946e-07
v0_1,K1,20261201,171,9.391367447921564e-07
v0_1,K1,20261201,172,9.391255777321955e-07
v0_1,K1,20261201,173,9.391145449267724e-07
v0_1,K1,20261201,174,9.391036418836898e-07
v0_1,K1,20261201,175,9.390928658057697e-07
v0_1,K1,20261201,176,9.39082212143155e-07
v0_1,K1,20261201,177,9.390716755673069e-07
v0_1,K1,20261201,178,9.390612526043e-07
v0_1,K1,20261201,179,9.390509399633776e-07
v0_1,K1,20261201,180,9.390407333242438e-07
v0_1,K1,20261201,181,9.390306286432698e-07
v0_1,K1,20261201,182,9.390206225479315e-07
v0_1,K1,20261201,183,9.390107115502378e-07
v0_1,K1,20261201,184,9.390008915558782e-07
v0_1,K1,20261201,185,9.389911587072715e-07
v0_1,K1,20261201,186,9.389815099559364e-07
v0_1,K1,20261201,187,9.389719420689599e-07
v0_1,K1,20261201,188,9.389624514703809e-07
v0_1,K1,20261201,189,9.38953034877492e-07
v0_1,K1,20261201,190,9.389436892233735e-07
v0_1,K1,20261201,191,9.389344114656733e-07
v0_1,K1,20261201,192,9.389251984057061e-07
v0_1,K1,20261201,193,9.389160469300755e-07
v0_1,K1,20261201,194,9.38906954319817e-07
v0_1,K1,20261201,195,9.388979178413672e-07
v0_1,K1,20261201,196,9.388889346614576e-07
v0_1,K1,20261201,197,9.388800020143927e-07
v0_1,K1,20261201,198,9.38871117239819e-07
v0_1,K1,20261201,199,9.388622778745794e-07
v0_1,K1,20261201,200,9.388534814366942e-07
v0_1,K1,20261201,201,9.388447254485505e-07
v0_1,K1,20261201,202,9.388360075916191e-07
v0_1,K1,20261201,203,9.388273256080334e-07
v0_1,K1,20261201,204,9.388186773251642e-07
v0_1,K1,20261201,205,9.388100605699575e-07
v0_1,K1,20261201,206,9.388014731993028e-07
v0_1,K1,20261201,207,9.387929132159573e-07
v0_1,K1,20261201,208,9.387843786724833e-07
v0_1,K1,20261201,209,9.387758676909583e-07
v0_1,K1,20261201,210,9.387673784173196e-07
v0_1,K1,20261201,211,9.38758909026828e-07
v0_1,K1,20261201,212,9.387504578020335e-07
v0_1,K1,20261201,213,9.387420230668287e-07
v0_1,K1,20261201,214,9.387336032155273e-07
v0_1,K1,20261201,215,9.387251966832977e-07
v0_1,K1,20261201,216,9.387168019410889e-07
v0_1,K1,20261201,217,9.38708417540649e-07
v0_1,K1,20261201,218,9.387000420652805e-07
v0_1,K1,20261201,219,9.386916741582725e-07
v0_1,K1,20261201,220,9.38683312499133e-07
v0_1,K1,20261201,221,9.386749558037452e-07
v0_1,K1,20261201,222,9.386666028519799e-07
v0_1,K1,20261201,223,9.386582524535344e-07
v0_1,K1,20261201,224,9.386499034724217e-07
v0_1,K1,20261201,225,9.386415548023073e-07
v0_1,K1,20261201,226,9.386332053719255e-07
v0_1,K1,20261201,227,9.386248541592564e-07
v0_1,K1,20261201,228,9.386165001721615e-07
v0_1,K1,20261201,229,9.386081424686218e-07
v0_1,K1,20261201,230,9.385997801328151e-07
v0_1,K1,20261201,231,9.385914122822527e-07
v0_1,K1,20261201,232,9.385830380687742e-07
v0_1,K1,20261201,233,9.3857465666973e-07
v0_1,K1,20261201,234,9.385662673032618e-07
v0_1,K1,20261201,235,9.385578692102926e-07
v0_1,K1,20261201,236,9.385494616640008e-07
v0_1,K1,20261201,237,9.385410439626807e-07
v0_1,K1,20261201,238,9.38532615427996e-07
v0_1,K1,20261201,239,9.385241754129338e-07
v0_1,K1,20261201,240,9.385157232907981e-07
v0_1,K1,20261201,241,9.385072584647941e-07
v0_1,K1,20261201,242,9.384987803582254e-07
v0_1,K1,20261201,243,9.384902884168335e-07
v0_1,K1,20261201,244,9.384817821091298e-07
v0_1,K1,20261201,245,9.384732609210055e-07
v0_1,K1,20261201,246,9.384647243623378e-07
v0_1,K1,20261201,247,9.384561719587743e-07
v0_1,K1,20261201,248,9.384476032563259e-07
v0_1,K1,20261201,249,9.38439017817625e-07
v0_1,K1,20261201,250,9.384304152210254e-07
v0_1,K1,20261201,251,9.384217950632283e-07
v0_1,K1,20261201,252,9.384131569543246e-07
v0_1,K1,20261201,253,9.384045005221827e-07
v0_1,K1,20261201,254,9.383958254076804e-07
v0_1,K1,20261201,255,9.383871312663501e-07
v0_1,K1,20261201,256,9.383784177673684e-07
v0_1,K1,20261201,257,9.383696845915444e-07
v0_1,K1,20261201,258,9.38360931433585e-07
v0_1,K1,20261201,259,9.383521579983835e-07
v0_1,K1,20261201,260,9.383433640032794e-07
v0_1,K1,20261201,261,9.383345491757203e-07
v0_1,K1,20261201,262,9.383257132532936e-07
v0_1,K1,20261201,263,9.383168559841531e-07
v0_1,K1,20261201,264,9.383079771249894e-07
v0_1,K1,20261201,265,9.382990764428608e-07
v0_1,K1,20261201,266,9.382901537128179e-07
v0_1,K1,20261201,267,9.382812087189604e-07
v0_1,K1,20261201,268,9.382722412534011e-07
v0_1,K1,20261201,269,9.382632511157009e-07
v0_1,K1,20261201,270,9.382542381134224e-07
v0_1,K1,20261201,271,9.382452020605384e-07
v0_1,K1,20261201,272,9.38236142778411e-07
v0_1,K1,20261201,273,9.382270600944702e-07
v0_1,K1,20261201,274,9.382179538424488e-07
v0_1,K1,20261201,275,9.382088238621959e-07
v0_1,K1,20261201,276,9.381996699989314e-07
v0_1,K1,20261201,277,9.381904921038793e-07
v0_1,K1,20261201,278,9.381812900331748e-07
v0_1,K1,20261201,279,9.381720636484004e-07
v0_1,K1,20261201,280,9.381628128159344e-07
v0_1,K1,20261201,281,9.381535374067879e-07
v0_1,K1,20261201,282,9.381442372967129e-07
v0_1,K1,20261201,283,9.381349123654619e-07
v0_1,K1,20261201,284,9.381255624972098e-07
v0_1,K1,20261201,285,9.381161875798903e-07
v0_1,K1,20261201,286,9.381067875053317e-07
v0_1,K1,20261201,287,9.380973621690419e-07
v0_1,K1,20261201,288,9.380879114699444e-07
v0_1,K1,20261201,289,9.380784353105778e-07
v0_1,K1,20261201,290,9.380689335966057e-07
v0_1,K1,20261201,291,9.38059406237037e-07
v0_1,K1,20261201,292,9.380498531439138e-07
v0_1,K1,20261201,293,9.380402742322433e-07
v0_1,K1,20261201,294,9.380306694199652e-07
v0_1,K1,20261201,295,9.380210386276764e-07
v0_1,K1,20261201,296,9.380113817787665e-07
v0_1,K1,20261201,297,9.380016987990842e-07
v0_1,K1,20261201,298,9.379919896170163e-07
v0_1,K1,20261201,299,9.379822541633923e-07
v0_1,K1,20261201,300,9.379724923713068e-07
v0_1,K1,20261202,1,9.73874483554456e-07
v0_1,K1,20261202,2,9.722491170145674e-07
v0_1,K1,20261202,3,9.691852496979707e-07
v0_1,K1,20261202,4,9.650617894659478e-07
v0_1,K1,20261202,5,9.604464563672956e-07
v0_1,K1,20261202,6,9.560684528415573e-07
v0_1,K1,20261202,7,9.527363718195605e-07
v0_1,K1,20261202,8,9.511532356206236e-07
v0_1,K1,20261202,9,9.516008599375773e-07
v0_1,K1,20261202,10,9.536181573692271e-07
v0_1,K1,20261202,11,9.560303955931817e-07
v0_1,K1,20261202,12,9.57506620963065e-07
v0_1,K1,20261202,13,9.572051580145906e-07
v0_1,K1,20261202,14,9.550391197848543e-07
v0_1,K1,20261202,15,9.515915047586597e-07
v0_1,K1,20261202,16,9.478716938341299e-07
v0_1,K1,20261202,17,9.449936078365658e-07
v0_1,K1,20261202,18,9.437889583049551e-07
v0_1,K1,20261202,19,9.444219287506575e-07
v0_1,K1,20261202,20,9.46213051987213e-07
v0_1,K1,20261202,21,9.479315918957303e-07
v0_1,K1,20261202,22,9.485122386430172e-07
v0_1,K1,20261202,23,9.476990636988232e-07
v0_1,K1,20261202,24,9.461442117273655e-07
v0_1,K1,20261202,25,9.449421187117972e-07
v0_1,K1,20261202,26,9.44906406720719e-07
v0_1,K1,20261202,27,9.460037068528557e-07
v0_1,K1,20261202,28,9.4734963415136e-07
v0_1,K1,20261202,29,9.478698579372599e-07
v0_1,K1,20261202,30,9.471421201760237e-07
v0_1,K1,20261202,31,9.457012955176233e-07
v0_1,K1,20261202,32,9.445634139143258e-07
v0_1,K1,20261202,33,9.443710618347833e-07
v0_1,K1,20261202,34,9.448660899363873e-07
v0_1,K1,20261202,35,9.451887750642412e-07
v0_1,K1,20261202,36,9.447602974043454e-07
v0_1,K1,20261202,37,9.438564333331281e-07
v0_1,K1,20261202,38,9.432839097263948e-07
v0_1,K1,20261202,39,9.435099883602425e-07
v0_1,K1,20261202,40,9.441622812149433e-07
v0_1,K1,20261202,41,9.444703810157425e-07
v0_1,K1,20261202,42,9.441596052035182e-07
v0_1,K1,20261202,43,9.437148359364808e-07
v0_1,K1,20261202,44,9.437084475300776e-07
v0_1,K1,20261202,45,9.440590808311003e-07
v0_1,K1,20261202,46,9.441780454626515e-07
v0_1,K1,20261202,47,9.438013024780944e-07
v0_1,K1,20261202,48,9.43343202092345e-07
v0_1,K1,20261202,49,9.432801187891992e-07
v0_1,K1,20261202,50,9.434779300530758e-07
v0_1,K1,20261202,51,9.434616868627806e-07
v0_1,K1,20261202,52,9.431897719097194e-07
v0_1,K1,20261202,53,9.430660090737457e-07
v0_1,K1,20261202,54,9.432367359103075e-07
v0_1,K1,20261202,55,9.433837663232812e-07
v0_1,K1,20261202,56,9.432760929861064e-07
v0_1,K1,20261202,57,9.431081935573659e-07
v0_1,K1,20261202,58,9.431157676004704e-07
v0_1,K1,20261202,59,9.431895366434728e-07
v0_1,K1,20261202,60,9.431132125676942e-07
v0_1,K1,20261202,61,9.429463358483561e-07
v0_1,K1,20261202,62,9.428934468876546e-07
v0_1,K1,20261202,63,9.429475982191312e-07
v0_1,K1,20261202,64,9.429396000735637e-07
v0_1,K1,20261202,65,9.42852222823454e-07
v0_1,K1,20261202,66,9.428215101079156e-07
v0_1,K1,20261202,67,9.428686471399567e-07
v0_1,K1,20261202,68,9.42873058474929e-07
v0_1,K1,20261202,69,9.4280328647653e-07
v0_1,K1,20261202,70,9.42757219189126e-07
v0_1,K1,20261202,71,9.427655503125817e-07
v0_1,K1,20261202,72,9.427490925549214e-07
v0_1,K1,20261202,73,9.426860339458494e-07
v0_1,K1,20261202,74,9.426476956972577e-07
v0_1,K1,20261202,75,9.426529442596665e-07
v0_1,K1,20261202,76,9.426417036424195e-07
v0_1,K1,20261202,77,9.426014652573782e-07
v0_1,K1,20261202,78,9.425816169120687e-07
v0_1,K1,20261202,79,9.425843978296634e-07
v0_1,K1,20261202,80,9.425652285424097e-07
v0_1,K1,20261202,81,9.425271441382136e-07
v0_1,K1,20261202,82,9.425071401367568e-07
v0_1,K1,20261202,83,9.424970841675715e-07
v0_1,K1,20261202,84,9.424690734234181e-07
v0_1,K1,20261202,85,9.424376554127921e-07
v0_1,K1,20261202,86,9.424241649924785e-07
v0_1,K1,20261202,87,9.424114898628673e-07
v0_1,K1,20261202,88,9.423859865277611e-07
v0_1,K1,20261202,89,9.423650258612611e-07
v0_1,K1,20261202,90,9.423535411433399e-07
v0_1,K1,20261202,91,9.423343284825176e-07
v0_1,K1,20261202,92,9.423086641622923e-07
v0_1,K1,20261202,93,9.422905814708135e-07
v0_1,K1,20261202,94,9.422741119118868e-07
v0_1,K1,20261202,95,9.422505052697932e-07
v0_1,K1,20261202,96,9.422290710096045e-07
v0_1,K1,20261202,97,9.422135294642949e-07
v0_1,K1,20261202,98,9.421945116858125e-07
v0_1,K1,20261202,99,9.421731382200773e-07
v0_1,K1,20261202,100,9.421562623723816e-07
v0_1,K1,20261202,101,9.421389385128028e-07
v0_1,K1,20261202,102,9.421176915168523e-07
v0_1,K1,20261202,103,9.420984633069147e-07
v0_1,K1,20261202,104,9.420809197276431e-07
v0_1,K1,20261202,105,9.420605558736726e-07
v0_1,K1,20261202,106,9.420406698384433e-07
v0_1,K1,20261202,107,9.420231946759968e-07
v0_1,K1,20261202,108,9.420042167200136e-07
v0_1,K1,20261202,109,9.419846388902988e-07
v0_1,K1,20261202,110,9.419669540068866e-07
v0_1,K1,20261202,111,9.419484868538822e-07
v0_1,K1,20261202,112,9.4192893066612e-07
v0_1,K1,20261202,113,9.419106852423669e-07
v0_1,K1,20261202,114,9.418922273292376e-07
v0_1,K1,20261202,115,9.418728112971862e-07
v0_1,K1,20261202,116,9.418544099205679e-07
v0_1,K1,20261202,117,9.41836165454551e-07
v0_1,K1,20261202,118,9.418171996951341e-07
v0_1,K1,20261202,119,9.417989493439731e-07
v0_1,K1,20261202,120,9.417808362161822e-07
v0_1,K1,20261202,121,9.41762080314567e-07
v0_1,K1,20261202,122,9.417437964097861e-07
v0_1,K1,20261202,123,9.417256026184145e-07
v0_1,K1,20261202,124,9.417069547052568e-07
v0_1,K1,20261202,125,9.416887320508294e-07
v0_1,K1,20261202,126,9.416705866662438e-07
v0_1,K1,20261202,127,9.416521625573186e-07
v0_1,K1,20261202,128,9.416341153773862e-07
v0_1,K1,20261202,129,9.416160684134846e-07
v0_1,K1,20261202,130,9.415978454630642e-07
v0_1,K1,20261202,131,9.415799152874645e-07
v0_1,K1,20261202,132,9.415619012305285e-07
v0_1,K1,20261202,133,9.415438135457747e-07
v0_1,K1,20261202,134,9.415259655132596e-07
v0_1,K1,20261202,135,9.41508028778143e-07
v0_1,K1,20261202,136,9.414901428062713e-07
v0_1,K1,20261202,137,9.414724323557878e-07
v0_1,K1,20261202,138,9.414546343773921e-07
v0_1,K1,20261202,139,9.414369445615802e-07
v0_1,K1,20261202,140,9.414193383156771e-07
v0_1,K1,20261202,141,9.41401679863978e-07
v0_1,K1,20261202,142,9.413841539547097e-07
v0_1,K1,20261202,143,9.413666456050056e-07
v0_1,K1,20261202,144,9.413491529568923e-07
v0_1,K1,20261202,145,9.41331784689241e-07
v0_1,K1,20261202,146,9.413144160675386e-07
v0_1,K1,20261202,147,9.412971266167365e-07
v0_1,K1,20261202,148,9.412799141006878e-07
v0_1,K1,20261202,149,9.412627106398106e-07
v0_1,K1,20261202,150,9.412456049235733e-07
v0_1,K1,20261202,151,9.412285347704262e-07
v0_1,K1,20261202,152,9.412115177179222e-07
v0_1,K1,20261202,153,9.411945860180773e-07
v0_1,K1,20261202,154,9.411776846754081e-07
v0_1,K1,20261202,155,9.411608689155733e-07
v0_1,K1,20261202,156,9.411441113653691e-07
v0_1,K1,20261202,157,9.411274103687141e-07
v0_1,K1,20261202,158,9.411107915492063e-07
v0_1,K1,20261202,159,9.410942177163223e-07
v0_1,K1,20261202,160,9.410777225050203e-07
v0_1,K1,20261202,161,9.410612904903471e-07
v0_1,K1,20261202,162,9.41044922778691e-07
v0_1,K1,20261202,163,9.410286348139114e-07
v0_1,K1,20261202,164,9.410124052679555e-07
v0_1,K1,20261202,165,9.409962566424031e-07
v0_1,K1,20261202,166,9.409801754148935e-07
v0_1,K1,20261202,167,9.409641673166776e-07
v0_1,K1,20261202,168,9.409482361359641e-07
v0_1,K1,20261202,169,9.409323722801198e-07
v0_1,K1,20261202,170,9.409165899603358e-07
v0_1,K1,20261202,171,9.409008786092015e-07
v0_1,K1,20261202,172,9.408852476791571e-07
v0_1,K1,20261202,173,9.408696934572103e-07
v0_1,K1,20261202,174,9.408542161816798e-07
v0_1,K1,20261202,175,9.40838820884751e-07
v0_1,K1,20261202,176,9.408235022120825e-07
v0_1,K1,20261202,177,9.408082672733463e-07
v0_1,K1,20261202,178,9.407931103822623e-07
v0_1,K1,20261202,179,9.407780370215789e-07
v0_1,K1,20261202,180,9.407630456107663e-07
v0_1,K1,20261202,181,9.407481375869002e-07
v0_1,K1,20261202,182,9.407333142680157e-07
v0_1,K1,20261202,183,9.407185740190896e-07
v0_1,K1,20261202,184,9.407039204396203e-07
v0_1,K1,20261202,185,9.406893511652543e-07
v0_1,K1,20261202,186,9.406748694726651e-07
v0_1,K1,20261202,187,9.406604732863886e-07
v0_1,K1,20261202,188,9.406461651097781e-07
v0_1,K1,20261202,189,9.406319444694893e-07
v0_1,K1,20261202,190,9.406178124572421e-07
v0_1,K1,20261202,191,9.406037693122179e-07
v0_1,K1,20261202,192,9.405898150704765e-07
v0_1,K1,20261202,193,9.40575950976141e-07
v0_1,K1,20261202,194,9.40562176594038e-07
v0_1,K1,20261202,195,9.405484931775456e-07
v0_1,K1,20261202,196,9.405349000203965e-07
v0_1,K1,20261202,197,9.40521398554487e-07
v0_1,K1,20261202,198,9.405079883210136e-07
v0_1,K1,20261202,199,9.40494670358038e-07
v0_1,K1,20261202,200,9.404814441891273e-07
v0_1,K1,20261202,201,9.404683106713911e-07
v0_1,K1,20261202,202,9.404552696843264e-07
v0_1,K1,20261202,203,9.404423217633443e-07
v0_1,K1,20261202,204,9.40429466777366e-07
v0_1,K1,20261202,205,9.404167051070381e-07
v0_1,K1,20261202,206,9.404040368779394e-07
v0_1,K1,20261202,207,9.403914622971813e-07
v0_1,K1,20261202,208,9.403789813879739e-07
v0_1,K1,20261202,209,9.403665942417294e-07
v0_1,K1,20261202,210,9.403543010103431e-07
v0_1,K1,20261202,211,9.403421017144116e-07
v0_1,K1,20261202,212,9.403299963797039e-07
v0_1,K1,20261202,213,9.403179849627686e-07
v0_1,K1,20261202,214,9.403060675566259e-07
v0_1,K1,20261202,215,9.402942440913413e-07
v0_1,K1,20261202,216,9.402825145266753e-07
v0_1,K1,20261202,217,9.40270878738451e-07
v0_1,K1,20261202,218,9.40259336711464e-07
v0_1,K1,20261202,219,9.402478883040552e-07
v0_1,K1,20261202,220,9.402365333832414e-07
v0_1,K1,20261202,221,9.402252717693236e-07
v0_1,K1,20261202,222,9.402141033418823e-07
v0_1,K1,20261202,223,9.402030279024478e-07
v0_1,K1,20261202,224,9.401920452267344e-07
v0_1,K1,20261202,225,9.401811550827823e-07
v0_1,K1,20261202,226,9.401703572464475e-07
v0_1,K1,20261202,227,9.401596514576976e-07
v0_1,K1,20261202,228,9.401490374057403e-07
v0_1,K1,20261202,229,9.401385148060345e-07
v0_1,K1,20261202,230,9.401280833451919e-07
v0_1,K1,20261202,231,9.401177427029073e-07
v0_1,K1,20261202,232,9.401074924958527e-07
v0_1,K1,20261202,233,9.400973323824057e-07
v0_1,K1,20261202,234,9.400872619719403e-07
v0_1,K1,20261202,235,9.400772808784468e-07
v0_1,K1,20261202,236,9.400673886590101e-07
v0_1,K1,20261202,237,9.400575849099059e-07
v0_1,K1,20261202,238,9.40047869179154e-07
v0_1,K1,20261202,239,9.400382410150129e-07
v0_1,K1,20261202,240,9.400286999293597e-07
v0_1,K1,20261202,241,9.400192454538889e-07
v0_1,K1,20261202,242,9.400098770863103e-07
v0_1,K1,20261202,243,9.400005943115103e-07
v0_1,K1,20261202,244,9.399913966033028e-07
v0_1,K1,20261202,245,9.399822834323751e-07
v0_1,K1,20261202,246,9.399732542527172e-07
v0_1,K1,20261202,247,9.399643084966684e-07
v0_1,K1,20261202,248,9.399554456014681e-07
v0_1,K1,20261202,249,9.399466649871866e-07
v0_1,K1,20261202,250,9.399379660654003e-07
v0_1,K1,20261202,251,9.39929348229314e-07
v0_1,K1,20261202,252,9.399208108772503e-07
v0_1,K1,20261202,253,9.399123533908156e-07
v0_1,K1,20261202,254,9.399039751419728e-07
v0_1,K1,20261202,255,9.398956754958464e-07
v0_1,K1,20261202,256,9.398874538138022e-07
v0_1,K1,20261202,257,9.398793094472798e-07
v0_1,K1,20261202,258,9.398712417363398e-07
v0_1,K1,20261202,259,9.398632500218655e-07
v0_1,K1,20261202,260,9.398553336356636e-07
v0_1,K1,20261202,261,9.39847491903155e-07
v0_1,K1,20261202,262,9.398397241429789e-07
v0_1,K1,20261202,263,9.39832029673326e-07
v0_1,K1,20261202,264,9.398244078052267e-07
v0_1,K1,20261202,265,9.398168578434252e-07
v0_1,K1,20261202,266,9.398093790919522e-07
v0_1,K1,20261202,267,9.398019708508158e-07
v0_1,K1,20261202,268,9.39794632415985e-07
v0_1,K1,20261202,269,9.397873630795179e-07
v0_1,K1,20261202,270,9.397801621339548e-07
v0_1,K1,20261202,271,9.397730288681686e-07
v0_1,K1,20261202,272,9.397659625680426e-07
v0_1,K1,20261202,273,9.397589625196108e-07
v0_1,K1,20261202,274,9.397520280077438e-07
v0_1,K1,20261202,275,9.397451583157033e-07
v0_1,K1,20261202,276,9.397383527256776e-07
v0_1,K1,20261202,277,9.397316105212631e-07
v0_1,K1,20261202,278,9.39724930985227e-07
v0_1,K1,20261202,279,9.397183133999204e-07
v0_1,K1,20261202,280,9.397117570493395e-07
v0_1,K1,20261202,281,9.397052612183089e-07
v0_1,K1,20261202,282,9.396988251922608e-07
v0_1,K1,20261202,283,9.396924482578915e-07
v0_1,K1,20261202,284,9.396861297044042e-07
v0_1,K1,20261202,285,9.396798688223754e-07
v0_1,K1,20261202,286,9.39673664904083e-07
v0_1,K1,20261202,287,9.396675172448724e-07
v0_1,K1,20261202,288,9.396614251425233e-07
v0_1,K1,20261202,289,9.396553878972525e-07
v0_1,K1,20261202,290,9.396494048123884e-07
v0_1,K1,20261202,291,9.396434751948186e-07
v0_1,K1,20261202,292,9.396375983544936e-07
v0_1,K1,20261202,293,9.396317736047766e-07
v0_1,K1,20261202,294,9.396260002632168e-07
v0_1,K1,20261202,295,9.396202776511248e-07
v0_1,K1,20261202,296,9.39614605093709e-07
v0_1,K1,20261202,297,9.396089819206163e-07
v0_1,K1,20261202,298,9.396034074659933e-07
v0_1,K1,20261202,299,9.395978810683452e-07
v0_1,K1,20261202,300,9.395924020708573e-07
v0_1,K1,20261203,1,9.572669521804853e-07
v0_1,K1,20261203,2,9.570297280401531e-07
v0_1,K1,20261203,3,9.566237081329917e-07
v0_1,K1,20261203,4,9.561454109623315e-07
v0_1,K1,20261203,5,9.55536948490883e-07
v0_1,K1,20261203,6,9.546837375045681e-07
v0_1,K1,20261203,7,9.537129157310964e-07
v0_1,K1,20261203,8,9.527564730738787e-07
v0_1,K1,20261203,9,9.516938150337517e-07
v0_1,K1,20261203,10,9.504856594997312e-07
v0_1,K1,20261203,11,9.493125354709063e-07
v0_1,K1,20261203,12,9.482275715939437e-07
v0_1,K1,20261203,13,9.471025901938254e-07
v0_1,K1,20261203,14,9.460747689146964e-07
v0_1,K1,20261203,15,9.452449109012823e-07
v0_1,K1,20261203,16,9.444792155188735e-07
v0_1,K1,20261203,17,9.438906392573386e-07
v0_1,K1,20261203,18,9.435541713832702e-07
v0_1,K1,20261203,19,9.433269764828369e-07
v0_1,K1,20261203,20,9.433331112535115e-07
v0_1,K1,20261203,21,9.434956946241932e-07
v0_1,K1,20261203,22,9.437305642953391e-07
v0_1,K1,20261203,23,9.44100708073426e-07
v0_1,K1,20261203,24,9.444172029749908e-07
v0_1,K1,20261203,25,9.447410322616121e-07
v0_1,K1,20261203,26,9.449381447235605e-07
v0_1,K1,20261203,27,9.450262263169686e-07
v0_1,K1,20261203,28,9.4496922209654e-07
v0_1,K1,20261203,29,9.447755817414335e-07
v0_1,K1,20261203,30,9.44475984512393e-07
v0_1,K1,20261203,31,9.440980931189253e-07
v0_1,K1,20261203,32,9.436893906773679e-07
v0_1,K1,20261203,33,9.433032659901168e-07
v0_1,K1,20261203,34,9.429519669416567e-07
v0_1,K1,20261203,35,9.427051411108191e-07
v0_1,K1,20261203,36,9.425208716134535e-07
v0_1,K1,20261203,37,9.4245304367068e-07
v0_1,K1,20261203,38,9.424459517423263e-07
v0_1,K1,20261203,39,9.424826338790695e-07
v0_1,K1,20261203,40,9.425583700878767e-07
v0_1,K1,20261203,41,9.426071862787681e-07
v0_1,K1,20261203,42,9.426185337443591e-07
v0_1,K1,20261203,43,9.425954844042471e-07
v0_1,K1,20261203,44,9.425139356826304e-07
v0_1,K1,20261203,45,9.423736770111846e-07
v0_1,K1,20261203,46,9.422035208433925e-07
v0_1,K1,20261203,47,9.420303109145869e-07
v0_1,K1,20261203,48,9.418712126367013e-07
v0_1,K1,20261203,49,9.417398513763995e-07
v0_1,K1,20261203,50,9.416484200765071e-07
v0_1,K1,20261203,51,9.416027115288054e-07
v0_1,K1,20261203,52,9.41604682192034e-07
v0_1,K1,20261203,53,9.416372903570828e-07
v0_1,K1,20261203,54,9.416696280348236e-07
v0_1,K1,20261203,55,9.416306119807806e-07
v0_1,K1,20261203,56,9.415010827696302e-07
v0_1,K1,20261203,57,9.413613833814812e-07
v0_1,K1,20261203,58,9.4129439909487e-07
v0_1,K1,20261203,59,9.412721584483567e-07
v0_1,K1,20261203,60,9.412160057930135e-07
v0_1,K1,20261203,61,9.410982751079915e-07
v0_1,K1,20261203,62,9.409860129703129e-07
v0_1,K1,20261203,63,9.409462066803891e-07
v0_1,K1,20261203,64,9.40956762132047e-07
v0_1,K1,20261203,65,9.409500631044851e-07
v0_1,K1,20261203,66,9.408954655687103e-07
v0_1,K1,20261203,67,9.408257605292156e-07
v0_1,K1,20261203,68,9.40783149814258e-07
v0_1,K1,20261203,69,9.407653607197024e-07
v0_1,K1,20261203,70,9.4074015158847e-07
v0_1,K1,20261203,71,9.40687452483482e-07
v0_1,K1,20261203,72,9.406175402453487e-07
v0_1,K1,20261203,73,9.405581104187547e-07
v0_1,K1,20261203,74,9.405241314713421e-07
v0_1,K1,20261203,75,9.405085819465419e-07
v0_1,K1,20261203,76,9.404949224857244e-07
v0_1,K1,20261203,77,9.404707445696564e-07
v0_1,K1,20261203,78,9.404341589544825e-07
v0_1,K1,20261203,79,9.403912673550773e-07
v0_1,K1,20261203,80,9.403502955399131e-07
v0_1,K1,20261203,81,9.403157839322131e-07
v0_1,K1,20261203,82,9.402878988225886e-07
v0_1,K1,20261203,83,9.402648197040565e-07
v0_1,K1,20261203,84,9.402448577820635e-07
v0_1,K1,20261203,85,9.402269860175867e-07
v0_1,K1,20261203,86,9.402105532734151e-07
v0_1,K1,20261203,87,9.401948047596104e-07
v0_1,K1,20261203,88,9.401786648439535e-07
v0_1,K1,20261203,89,9.401608226163364e-07
v0_1,K1,20261203,90,9.401397004360243e-07
v0_1,K1,20261203,91,9.401143187976335e-07
v0_1,K1,20261203,92,9.400841966173415e-07
v0_1,K1,20261203,93,9.400505785902104e-07
v0_1,K1,20261203,94,9.400154257562193e-07
v0_1,K1,20261203,95,9.399814345402385e-07
v0_1,K1,20261203,96,9.399504172871196e-07
v0_1,K1,20261203,97,9.399231593402001e-07
v0_1,K1,20261203,98,9.398992812837526e-07
v0_1,K1,20261203,99,9.398778983676288e-07
v0_1,K1,20261203,100,9.398581232374688e-07
v0_1,K1,20261203,101,9.398394374080488e-07
v0_1,K1,20261203,102,9.398218523514912e-07
v0_1,K1,20261203,103,9.398060410892882e-07
v0_1,K1,20261203,104,9.397936871372411e-07
v0_1,K1,20261203,105,9.397883683437029e-07
v0_1,K1,20261203,106,9.397975993824931e-07
v0_1,K1,20261203,107,9.39836104342137e-07
v0_1,K1,20261203,108,9.399273885993407e-07
v0_1,K1,20261203,109,9.400833231859368e-07
v0_1,K1,20261203,110,9.402307349922794e-07
v0_1,K1,20261203,111,9.40163177429492e-07
v0_1,K1,20261203,112,9.398404291514909e-07
v0_1,K1,20261203,113,9.396299289182809e-07
v0_1,K1,20261203,114,9.397517898612545e-07
v0_1,K1,20261203,115,9.399143386052385e-07
v0_1,K1,20261203,116,9.398022586769446e-07
v0_1,K1,20261203,117,9.395904577126857e-07
v0_1,K1,20261203,118,9.396083604784935e-07
v0_1,K1,20261203,119,9.397363857301316e-07
v0_1,K1,20261203,120,9.396842978533209e-07
v0_1,K1,20261203,121,9.395324694111372e-07
v0_1,K1,20261203,122,9.395326500591599e-07
v0_1,K1,20261203,123,9.396168441161467e-07
v0_1,K1,20261203,124,9.395778416438086e-07
v0_1,K1,20261203,125,9.394715969267411e-07
v0_1,K1,20261203,126,9.39469174495852e-07
v0_1,K1,20261203,127,9.395218466949629e-07
v0_1,K1,20261203,128,9.394912225157505e-07
v0_1,K1,20261203,129,9.394156584682536e-07
v0_1,K1,20261203,130,9.394083508497473e-07
v0_1,K1,20261203,131,9.39440194071497e-07
v0_1,K1,20261203,132,9.394193198686024e-07
v0_1,K1,20261203,133,9.393639220402505e-07
v0_1,K1,20261203,134,9.393491432663128e-07
v0_1,K1,20261203,135,9.393667261722094e-07
v0_1,K1,20261203,136,9.393560201182648e-07
v0_1,K1,20261203,137,9.393155349793281e-07
v0_1,K1,20261203,138,9.392934479840116e-07
v0_1,K1,20261203,139,9.392990555496153e-07
v0_1,K1,20261203,140,9.392961023631814e-07
v0_1,K1,20261203,141,9.392691693442387e-07
v0_1,K1,20261203,142,9.392430322581714e-07
v0_1,K1,20261203,143,9.392365839049083e-07
v0_1,K1,20261203,144,9.392359224857445e-07
v0_1,K1,20261203,145,9.392217415645385e-07
v0_1,K1,20261203,146,9.39198081826398e-07
v0_1,K1,20261203,147,9.391815810943157e-07
v0_1,K1,20261203,148,9.391758309901966e-07
v0_1,K1,20261203,149,9.391694509093563e-07
v0_1,K1,20261203,150,9.391543404646256e-07
v0_1,K1,20261203,151,9.3913532689743e-07
v0_1,K1,20261203,152,9.391211955617916e-07
v0_1,K1,20261203,153,9.391130501213996e-07
v0_1,K1,20261203,154,9.391047675838786e-07
v0_1,K1,20261203,155,9.390917484946235e-07
v0_1,K1,20261203,156,9.390757492248116e-07
v0_1,K1,20261203,157,9.390614556382878e-07
v0_1,K1,20261203,158,9.390508003018519e-07
v0_1,K1,20261203,159,9.390416156231227e-07
v0_1,K1,20261203,160,9.390307911984751e-07
v0_1,K1,20261203,161,9.390175182208063e-07
v0_1,K1,20261203,162,9.390034750353165e-07
v0_1,K1,20261203,163,9.389906990315416e-07
v0_1,K1,20261203,164,9.389797025959192e-07
v0_1,K1,20261203,165,9.389694273316446e-07
v0_1,K1,20261203,166,9.389585064724385e-07
v0_1,K1,20261203,167,9.38946402613697e-07
v0_1,K1,20261203,168,9.389335994364777e-07
v0_1,K1,20261203,169,9.38920977415306e-07
v0_1,K1,20261203,170,9.389091060279037e-07
v0_1,K1,20261203,171,9.388979495100779e-07
v0_1,K1,20261203,172,9.388870570910038e-07
v0_1,K1,20261203,173,9.388759493495464e-07
v0_1,K1,20261203,174,9.388643926370366e-07
v0_1,K1,20261203,175,9.388524566786914e-07
v0_1,K1,20261203,176,9.388403845588351e-07
v0_1,K1,20261203,177,9.388284278496451e-07
v0_1,K1,20261203,178,9.388167271085202e-07
v0_1,K1,20261203,179,9.388052890515966e-07
v0_1,K1,20261203,180,9.387940266949206e-07
v0_1,K1,20261203,181,9.387828226025224e-07
v0_1,K1,20261203,182,9.387715808079749e-07
v0_1,K1,20261203,183,9.38760248186771e-07
v0_1,K1,20261203,184,9.3874881640466e-07
v0_1,K1,20261203,185,9.387373049451486e-07
v0_1,K1,20261203,186,9.387257471748478e-07
v0_1,K1,20261203,187,9.387141743607887e-07
v0_1,K1,20261203,188,9.387026110210311e-07
v0_1,K1,20261203,189,9.38691070779758e-07
v0_1,K1,20261203,190,9.386795594896046e-07
v0_1,K1,20261203,191,9.386680765204195e-07
v0_1,K1,20261203,192,9.38656618515864e-07
v0_1,K1,20261203,193,9.386451806965883e-07
v0_1,K1,20261203,194,9.386337586648806e-07
v0_1,K1,20261203,195,9.386223486802842e-07
v0_1,K1,20261203,196,9.386109481061552e-07
v0_1,K1,20261203,197,9.385995553000918e-07
v0_1,K1,20261203,198,9.385881697193904e-07
v0_1,K1,20261203,199,9.385767920412708e-07
v0_1,K1,20261203,200,9.385654246103799e-07
v0_1,K1,20261203,201,9.385540724244035e-07
v0_1,K1,20261203,202,9.385427449629721e-07
v0_1,K1,20261203,203,9.38531459979748e-07
v0_1,K1,20261203,204,9.385202503855538e-07
v0_1,K1,20261203,205,9.385091783687964e-07
v0_1,K1,20261203,206,9.384983619993263e-07
v0_1,K1,20261203,207,9.384880298514174e-07
v0_1,K1,20261203,208,9.384786277624696e-07
v0_1,K1,20261203,209,9.384710370848608e-07
v0_1,K1,20261203,210,9.384670068747552e-07
v0_1,K1,20261203,211,9.384700008485043e-07
v0_1,K1,20261203,212,9.384867530530426e-07
v0_1,K1,20261203,213,9.385296224775806e-07
v0_1,K1,20261203,214,9.386184298713667e-07
v0_1,K1,20261203,215,9.387737108688345e-07
v0_1,K1,20261203,216,9.389824356237046e-07
v0_1,K1,20261203,217,9.391272172238615e-07
v0_1,K1,20261203,218,9.390081193012629e-07
v0_1,K1,20261203,219,9.386269183586858e-07
v0_1,K1,20261203,220,9.383487861449505e-07
v0_1,K1,20261203,221,9.384292132420191e-07
v0_1,K1,20261203,222,9.386538452964534e-07
v0_1,K1,20261203,223,9.386553911083842e-07
v0_1,K1,20261203,224,9.3841732308042e-07
v0_1,K1,20261203,225,9.382836013991933e-07
v0_1,K1,20261203,226,9.38393893960721e-07
v0_1,K1,20261203,227,9.384935007358241e-07
v0_1,K1,20261203,228,9.383887279661728e-07
v0_1,K1,20261203,229,9.382468351807348e-07
v0_1,K1,20261203,230,9.382706456304213e-07
v0_1,K1,20261203,231,9.383559519090988e-07
v0_1,K1,20261203,232,9.38316867928975e-07
v0_1,K1,20261203,233,9.382100420481375e-07
v0_1,K1,20261203,234,9.381983005051056e-07
v0_1,K1,20261203,235,9.382543188532351e-07
v0_1,K1,20261203,236,9.382415562926996e-07
v0_1,K1,20261203,237,9.381668479554392e-07
v0_1,K1,20261203,238,9.381430672679077e-07
v0_1,K1,20261203,239,9.381753117414925e-07
v0_1,K1,20261203,240,9.381722096679068e-07
v0_1,K1,20261203,241,9.381207289127357e-07
v0_1,K1,20261203,242,9.380940101767742e-07
v0_1,K1,20261203,243,9.381093790994753e-07
v0_1,K1,20261203,244,9.381091830161061e-07
v0_1,K1,20261203,245,9.380736565685527e-07
v0_1,K1,20261203,246,9.38047485201781e-07
v0_1,K1,20261203,247,9.380512372384192e-07
v0_1,K1,20261203,248,9.380509764562098e-07
v0_1,K1,20261203,249,9.380262617842719e-07
v0_1,K1,20261203,250,9.38002086777658e-07
v0_1,K1,20261203,251,9.379979658877845e-07
v0_1,K1,20261203,252,9.379961827421934e-07
v0_1,K1,20261203,253,9.379786522573836e-07
v0_1,K1,20261203,254,9.379571195999606e-07
v0_1,K1,20261203,255,9.379478536685841e-07
v0_1,K1,20261203,256,9.379438157585593e-07
v0_1,K1,20261203,257,9.379307971072363e-07
v0_1,K1,20261203,258,9.379121294809211e-07
v0_1,K1,20261203,259,9.378998069699904e-07
v0_1,K1,20261203,260,9.378932554311184e-07
v0_1,K1,20261203,261,9.378827158864553e-07
v0_1,K1,20261203,262,9.378667812987684e-07
v0_1,K1,20261203,263,9.378530270917066e-07
v0_1,K1,20261203,264,9.378441153916309e-07
v0_1,K1,20261203,265,9.378345105349273e-07
v0_1,K1,20261203,266,9.378208674841549e-07
v0_1,K1,20261203,267,9.378068788457303e-07
v0_1,K1,20261203,268,9.377960881732181e-07
v0_1,K1,20261203,269,9.377863612054695e-07
v0_1,K1,20261203,270,9.377743241637643e-07
v0_1,K1,20261203,271,9.37760848123893e-07
v0_1,K1,20261203,272,9.37748863055939e-07
v0_1,K1,20261203,273,9.377384418772541e-07
v0_1,K1,20261203,274,9.37727246506377e-07
v0_1,K1,20261203,275,9.377145670465235e-07
v0_1,K1,20261203,276,9.377020855951683e-07
v0_1,K1,20261203,277,9.376908538860137e-07
v0_1,K1,20261203,278,9.37679829556513e-07
v0_1,K1,20261203,279,9.37667853093185e-07
v0_1,K1,20261203,280,9.376554024985785e-07
v0_1,K1,20261203,281,9.376435626336516e-07
v0_1,K1,20261203,282,9.376322912312907e-07
v0_1,K1,20261203,283,9.376207011489616e-07
v0_1,K1,20261203,284,9.376085352125524e-07
v0_1,K1,20261203,285,9.375964173564812e-07
v0_1,K1,20261203,286,9.375847689148246e-07
v0_1,K1,20261203,287,9.375732316268612e-07
v0_1,K1,20261203,288,9.375613394888371e-07
v0_1,K1,20261203,289,9.375492169327724e-07
v0_1,K1,20261203,290,9.375372809902075e-07
v0_1,K1,20261203,291,9.375255851004023e-07
v0_1,K1,20261203,292,9.375138125725667e-07
v0_1,K1,20261203,293,9.375018003213684e-07
v0_1,K1,20261203,294,9.374897434479899e-07
v0_1,K1,20261203,295,9.374778457794225e-07
v0_1,K1,20261203,296,9.374660297824303e-07
v0_1,K1,20261203,297,9.374541009172376e-07
v0_1,K1,20261203,298,9.374420433074972e-07
v0_1,K1,20261203,299,9.374300089869985e-07
v0_1,K1,20261203,300,9.374180703101148e-07
v0_1,K2,20261201,1,9.64747058771647e-07
v0_1,K2,20261201,2,9.638490548681237e-07
v0_1,K2,20261201,3,9.621870288237343e-07
v0_1,K2,20261201,4,9.600321602196806e-07
v0_1,K2,20261201,5,9.577866560800582e-07
v0_1,K2,20261201,6,9.559485653671883e-07
v0_1,K2,20261201,7,9.550074964989734e-07
v0_1,K2,20261201,8,9.552219621987442e-07
v0_1,K2,20261201,9,9.563307500327433e-07
v0_1,K2,20261201,10,9.57520536232302e-07
v0_1,K2,20261201,11,9.579001545289656e-07
v0_1,K2,20261201,12,9.570444856603816e-07
v0_1,K2,20261201,13,9.55127282105238e-07
v0_1,K2,20261201,14,9.527410975234856e-07
v0_1,K2,20261201,15,9.506191900478715e-07
v0_1,K2,20261201,16,9.493322862123746e-07
v0_1,K2,20261201,17,9.490066468645184e-07
v0_1,K2,20261201,18,9.492064815816989e-07
v0_1,K2,20261201,19,9.49172271359109e-07
v0_1,K2,20261201,20,9.483504114234065e-07
v0_1,K2,20261201,21,9.467848436398378e-07
v0_1,K2,20261201,22,9.450686126365844e-07
v0_1,K2,20261201,23,9.439371961974937e-07
v0_1,K2,20261201,24,9.437528336579286e-07
v0_1,K2,20261201,25,9.441979759013767e-07
v0_1,K2,20261201,26,9.44514574881936e-07
v0_1,K2,20261201,27,9.44201249489463e-07
v0_1,K2,20261201,28,9.434636301322614e-07
v0_1,K2,20261201,29,9.429850651714083e-07
v0_1,K2,20261201,30,9.432546249550359e-07
v0_1,K2,20261201,31,9.440409010648796e-07
v0_1,K2,20261201,32,9.445986850937255e-07
v0_1,K2,20261201,33,9.44488089873272e-07
v0_1,K2,20261201,34,9.440144493047157e-07
v0_1,K2,20261201,35,9.437783764432644e-07
v0_1,K2,20261201,36,9.439251398350652e-07
v0_1,K2,20261201,37,9.440030029372283e-07
v0_1,K2,20261201,38,9.43623479112613e-07
v0_1,K2,20261201,39,9.430156121430623e-07
v0_1,K2,20261201,40,9.426976846585825e-07
v0_1,K2,20261201,41,9.427650662470571e-07
v0_1,K2,20261201,42,9.428142496504121e-07
v0_1,K2,20261201,43,9.42595436227003e-07
v0_1,K2,20261201,44,9.423788708249139e-07
v0_1,K2,20261201,45,9.424683350987715e-07
v0_1,K2,20261201,46,9.426728986356136e-07
v0_1,K2,20261201,47,9.426383868199846e-07
v0_1,K2,20261201,48,9.424636761935135e-07
v0_1,K2,20261201,49,9.424770518545631e-07
v0_1,K2,20261201,50,9.425943941190526e-07
v0_1,K2,20261201,51,9.425023665451688e-07
v0_1,K2,20261201,52,9.423043488573355e-07
v0_1,K2,20261201,53,9.42274279102816e-07
v0_1,K2,20261201,54,9.422844777203174e-07
v0_1,K2,20261201,55,9.421304703855197e-07
v0_1,K2,20261201,56,9.419822593371468e-07
v0_1,K2,20261201,57,9.419818432640817e-07
v0_1,K2,20261201,58,9.419458619877505e-07
v0_1,K2,20261201,59,9.418219335727623e-07
v0_1,K2,20261201,60,9.417934174330526e-07
v0_1,K2,20261201,61,9.418206195530322e-07
v0_1,K2,20261201,62,9.417526604055545e-07
v0_1,K2,20261201,63,9.41697441627059e-07
v0_1,K2,20261201,64,9.417164807816638e-07
v0_1,K2,20261201,65,9.416699970992001e-07
v0_1,K2,20261201,66,9.415943132762463e-07
v0_1,K2,20261201,67,9.415833144506344e-07
v0_1,K2,20261201,68,9.415326952288618e-07
v0_1,K2,20261201,69,9.414503748205035e-07
v0_1,K2,20261201,70,9.414255728636095e-07
v0_1,K2,20261201,71,9.413746393320588e-07
v0_1,K2,20261201,72,9.413064149983687e-07
v0_1,K2,20261201,73,9.41287010977312e-07
v0_1,K2,20261201,74,9.412383763611499e-07
v0_1,K2,20261201,75,9.411895321050951e-07
v0_1,K2,20261201,76,9.41171316499677e-07
v0_1,K2,20261201,77,9.411187762616692e-07
v0_1,K2,20261201,78,9.410846717475726e-07
v0_1,K2,20261201,79,9.410525798818246e-07
v0_1,K2,20261201,80,9.409978457560393e-07
v0_1,K2,20261201,81,9.409679393354758e-07
v0_1,K2,20261201,82,9.409159474014067e-07
v0_1,K2,20261201,83,9.408737014737348e-07
v0_1,K2,20261201,84,9.408329784871707e-07
v0_1,K2,20261201,85,9.407815894871084e-07
v0_1,K2,20261201,86,9.407466961073868e-07
v0_1,K2,20261201,87,9.406955878488333e-07
v0_1,K2,20261201,88,9.406609550155789e-07
v0_1,K2,20261201,89,9.406127941269261e-07
v0_1,K2,20261201,90,9.405750005485978e-07
v0_1,K2,20261201,91,9.405287335102482e-07
v0_1,K2,20261201,92,9.404879529899958e-07
v0_1,K2,20261201,93,9.404411810555785e-07
v0_1,K2,20261201,94,9.403978726979902e-07
v0_1,K2,20261201,95,9.403496108483654e-07
v0_1,K2,20261201,96,9.403056216171496e-07
v0_1,K2,20261201,97,9.402557709489949e-07
v0_1,K2,20261201,98,9.402117285276903e-07
v0_1,K2,20261201,99,9.401610740247571e-07
v0_1,K2,20261201,100,9.401165305594366e-07
v0_1,K2,20261201,101,9.400659681780023e-07
v0_1,K2,20261201,102,9.400183052058057e-07
v0_1,K2,20261201,103,9.399690926331652e-07
v0_1,K2,20261201,104,9.399168377128264e-07
v0_1,K2,20261201,105,9.398673063522181e-07
v0_1,K2,20261201,106,9.398133511117919e-07
v0_1,K2,20261201,107,9.397595557732495e-07
v0_1,K2,20261201,108,9.397064607358241e-07
v0_1,K2,20261201,109,9.396497825524613e-07
v0_1,K2,20261201,110,9.395929890652381e-07
v0_1,K2,20261201,111,9.395367965517712e-07
v0_1,K2,20261201,112,9.394780331605721e-07
v0_1,K2,20261201,113,9.394171524405076e-07
v0_1,K2,20261201,114,9.393561494314156e-07
v0_1,K2,20261201,115,9.39294438683095e-07
v0_1,K2,20261201,116,9.392304116143597e-07
v0_1,K2,20261201,117,9.39164565018236e-07
v0_1,K2,20261201,118,9.390974036165925e-07
v0_1,K2,20261201,119,9.390291916723258e-07
v0_1,K2,20261201,120,9.389607719220086e-07
v0_1,K2,20261201,121,9.388921648065063e-07
v0_1,K2,20261201,122,9.38822782506522e-07
v0_1,K2,20261201,123,9.387525791592641e-07
v0_1,K2,20261201,124,9.38684505682768e-07
v0_1,K2,20261201,125,9.386271437495751e-07
v0_1,K2,20261201,126,9.386243078344288e-07
v0_1,K2,20261201,127,9.388848723414853e-07
v0_1,K2,20261201,128,9.403014914091655e-07
v0_1,K2,20261201,129,9.453995183101756e-07
v0_1,K2,20261201,130,9.51378211179732e-07
v0_1,K2,20261201,131,9.468495875834916e-07
v0_1,K2,20261201,132,9.382001077909811e-07
v0_1,K2,20261201,133,9.454047932620395e-07
v0_1,K2,20261201,134,9.419672034426833e-07
v0_1,K2,20261201,135,9.395581586372433e-07
v0_1,K2,20261201,136,9.431272927088085e-07
v0_1,K2,20261201,137,9.380765633258542e-07
v0_1,K2,20261201,138,9.419258814258207e-07
v0_1,K2,20261201,139,9.379891924245437e-07
v0_1,K2,20261201,140,9.409257767853428e-07
v0_1,K2,20261201,141,9.379237498478923e-07
v0_1,K2,20261201,142,9.401303949455149e-07
v0_1,K2,20261201,143,9.377980385647745e-07
v0_1,K2,20261201,144,9.395339719116451e-07
v0_1,K2,20261201,145,9.377457771977565e-07
v0_1,K2,20261201,146,9.388948434635056e-07
v0_1,K2,20261201,147,9.378242070388669e-07
v0_1,K2,20261201,148,9.382339729724485e-07
v0_1,K2,20261201,149,9.379182987987571e-07
v0_1,K2,20261201,150,9.376478330215011e-07
v0_1,K2,20261201,151,9.379289718913649e-07
v0_1,K2,20261201,152,9.372295704159454e-07
v0_1,K2,20261201,153,9.377376061122744e-07
v0_1,K2,20261201,154,9.370226037212076e-07
v0_1,K2,20261201,155,9.373724051276894e-07
v0_1,K2,20261201,156,9.369348800262249e-07
v0_1,K2,20261201,157,9.369426344471472e-07
v0_1,K2,20261201,158,9.36833649645201e-07
v0_1,K2,20261201,159,9.365582197409985e-07
v0_1,K2,20261201,160,9.366523650458752e-07
v0_1,K2,20261201,161,9.362530286629746e-07
v0_1,K2,20261201,162,9.363788743519805e-07
v0_1,K2,20261201,163,9.360060515292942e-07
v0_1,K2,20261201,164,9.360503355906184e-07
v0_1,K2,20261201,165,9.35771808332556e-07
v0_1,K2,20261201,166,9.357020780302543e-07
v0_1,K2,20261201,167,9.355150939201312e-07
v0_1,K2,20261201,168,9.353579813663547e-07
v0_1,K2,20261201,169,9.352283305515708e-07
v0_1,K2,20261201,170,9.350156575975913e-07
v0_1,K2,20261201,171,9.349078593097508e-07
v0_1,K2,20261201,172,9.346722981001835e-07
v0_1,K2,20261201,173,9.345626033768757e-07
v0_1,K2,20261201,174,9.343170661264481e-07
v0_1,K2,20261201,175,9.341911038065309e-07
v0_1,K2,20261201,176,9.339458321261254e-07
v0_1,K2,20261201,177,9.33798282415517e-07
v0_1,K2,20261201,178,9.335546581624304e-07
v0_1,K2,20261201,179,9.333797125254032e-07
v0_1,K2,20261201,180,9.331444780117867e-07
v0_1,K2,20261201,181,9.32936955010015e-07
v0_1,K2,20261201,182,9.32708601196091e-07
v0_1,K2,20261201,183,9.324641048049513e-07
v0_1,K2,20261201,184,9.322447869761132e-07
v0_1,K2,20261201,185,9.319675036204954e-07
v0_1,K2,20261201,186,9.317413505629786e-07
v0_1,K2,20261201,187,9.314509909359748e-07
v0_1,K2,20261201,188,9.311941226158185e-07
v0_1,K2,20261201,189,9.309120390700523e-07
v0_1,K2,20261201,190,9.306080916066997e-07
v0_1,K2,20261201,191,9.30328198686649e-07
v0_1,K2,20261201,192,9.300013130735586e-07
v0_1,K2,20261201,193,9.296790696658463e-07
v0_1,K2,20261201,194,9.293562919236797e-07
v0_1,K2,20261201,195,9.289917646589638e-07
v0_1,K2,20261201,196,9.286275059566652e-07
v0_1,K2,20261201,197,9.282608858620753e-07
v0_1,K2,20261201,198,9.27859007587562e-07
v0_1,K2,20261201,199,9.274412223825853e-07
v0_1,K2,20261201,200,9.270206215257169e-07
v0_1,K2,20261201,201,9.265805730364128e-07
v0_1,K2,20261201,202,9.261013977034912e-07
v0_1,K2,20261201,203,9.2560306625129e-07
v0_1,K2,20261201,204,9.2508952227719e-07
v0_1,K2,20261201,205,9.245607258532949e-07
v0_1,K2,20261201,206,9.240158266321395e-07
v0_1,K2,20261201,207,9.234410952986185e-07
v0_1,K2,20261201,208,9.228580192930999e-07
v0_1,K2,20261201,209,9.223181558660673e-07
v0_1,K2,20261201,210,9.218471125571298e-07
v0_1,K2,20261201,211,9.216595363380211e-07
v0_1,K2,20261201,212,9.226769769256205e-07
v0_1,K2,20261201,213,9.280924547479685e-07
v0_1,K2,20261201,214,9.448446447598528e-07
v0_1,K2,20261201,215,9.48260875880614e-07
v0_1,K2,20261201,216,9.215884866527174e-07
v0_1,K2,20261201,217,9.269074231631681e-07
v0_1,K2,20261201,218,9.30483998338136e-07
v0_1,K2,20261201,219,9.193954714379517e-07
v0_1,K2,20261201,220,9.269709412864638e-07
v0_1,K2,20261201,221,9.163508688355322e-07
v0_1,K2,20261201,222,9.226813519268656e-07
v0_1,K2,20261201,223,9.159939231945897e-07
v0_1,K2,20261201,224,9.182479534731511e-07
v0_1,K2,20261201,225,9.179700427379266e-07
v0_1,K2,20261201,226,9.147355642335827e-07
v0_1,K2,20261201,227,9.155616035304258e-07
v0_1,K2,20261201,228,9.10824604000118e-07
v0_1,K2,20261201,229,9.135744343982289e-07
v0_1,K2,20261201,230,9.096985752403911e-07
v0_1,K2,20261201,231,9.108147284930412e-07
v0_1,K2,20261201,232,9.09683472842179e-07
v0_1,K2,20261201,233,9.05852465818421e-07
v0_1,K2,20261201,234,9.0659791474087e-07
v0_1,K2,20261201,235,9.047465570186417e-07
v0_1,K2,20261201,236,9.028120114230609e-07
v0_1,K2,20261201,237,9.037054225548615e-07
v0_1,K2,20261201,238,9.010515238761575e-07
v0_1,K2,20261201,239,8.97688190493978e-07
v0_1,K2,20261201,240,8.978649292907818e-07
v0_1,K2,20261201,241,8.980980437035241e-07
v0_1,K2,20261201,242,8.961531017845866e-07
v0_1,K2,20261201,243,8.944875806232526e-07
v0_1,K2,20261201,244,8.92777139780389e-07
v0_1,K2,20261201,245,8.927676263290686e-07
v0_1,K2,20261201,246,8.965125765356594e-07
v0_1,K2,20261201,247,9.122485212889193e-07
v0_1,K2,20261201,248,9.456511528018048e-07
v0_1,K2,20261201,249,9.976260369221468e-07
v0_1,K2,20261201,250,8.905137736027162e-07
v0_1,K2,20261201,251,8.959562814811584e-07
v0_1,K2,20261201,252,9.037561272123504e-07
v0_1,K2,20261201,253,1.0625089051067962e-06
v0_1,K2,20261201,254,1.303587083679711e-06
v0_1,K2,20261201,255,9.062560274577936e-07
v0_1,K2,20261201,256,9.476617116553138e-07
v0_1,K2,20261201,257,9.439284324672494e-07
v0_1,K2,20261201,258,9.5726840395747e-07
v0_1,K2,20261201,259,9.648600365613731e-07
v0_1,K2,20261201,260,9.510732463137168e-07
v0_1,K2,20261201,261,9.518736334303311e-07
v0_1,K2,20261201,262,9.51339742210362e-07
v0_1,K2,20261201,263,9.442355397675775e-07
v0_1,K2,20261201,264,9.480112410797059e-07
v0_1,K2,20261201,265,9.454239727381026e-07
v0_1,K2,20261201,266,9.416818693132415e-07
v0_1,K2,20261201,267,9.452807360193413e-07
v0_1,K2,20261201,268,9.428450243809255e-07
v0_1,K2,20261201,269,9.416898649895229e-07
v0_1,K2,20261201,270,9.445963090754575e-07
v0_1,K2,20261201,271,9.426049249487953e-07
v0_1,K2,20261201,272,9.427285565645353e-07
v0_1,K2,20261201,273,9.44612771133378e-07
v0_1,K2,20261201,274,9.427984709575981e-07
v0_1,K2,20261201,275,9.431898490956505e-07
v0_1,K2,20261201,276,9.44032009254679e-07
v0_1,K2,20261201,277,9.42383065109119e-07
v0_1,K2,20261201,278,9.42785392574961e-07
v0_1,K2,20261201,279,9.429964285329163e-07
v0_1,K2,20261201,280,9.417334592791653e-07
v0_1,K2,20261201,281,9.422049147604561e-07
v0_1,K2,20261201,282,9.421641081649437e-07
v0_1,K2,20261201,283,9.413712351413714e-07
v0_1,K2,20261201,284,9.41899208294531e-07
v0_1,K2,20261201,285,9.417646520635093e-07
v0_1,K2,20261201,286,9.413242658769032e-07
v0_1,K2,20261201,287,9.417942292921046e-07
v0_1,K2,20261201,288,9.415944944608627e-07
v0_1,K2,20261201,289,9.41364711504025e-07
v0_1,K2,20261201,290,9.416997544561198e-07
v0_1,K2,20261201,291,9.414473343926542e-07
v0_1,K2,20261201,292,9.413242033317788e-07
v0_1,K2,20261201,293,9.415145282464573e-07
v0_1,K2,20261201,294,9.412483557526846e-07
v0_1,K2,20261201,295,9.411895466744455e-07
v0_1,K2,20261201,296,9.412744009646296e-07
v0_1,K2,20261201,297,9.410379867853375e-07
v0_1,K2,20261201,298,9.410259762930073e-07
v0_1,K2,20261201,299,9.410497206478046e-07
v0_1,K2,20261201,300,9.408712458582082e-07
v0_1,K2,20261201,301,9.408970480458628e-07
v0_1,K2,20261201,302,9.408918744060983e-07
v0_1,K2,20261201,303,9.407710332704852e-07
v0_1,K2,20261201,304,9.408116909100904e-07
v0_1,K2,20261201,305,9.4078695259227e-07
v0_1,K2,20261201,306,9.407076134819352e-07
v0_1,K2,20261201,307,9.407418919495586e-07
v0_1,K2,20261201,308,9.406991016505441e-07
v0_1,K2,20261201,309,9.406425235584072e-07
v0_1,K2,20261201,310,9.406588632583086e-07
v0_1,K2,20261201,311,9.406050325557934e-07
v0_1,K2,20261201,312,9.405638631382648e-07
v0_1,K2,20261201,313,9.405647084144649e-07
v0_1,K2,20261201,314,9.405108486710835e-07
v0_1,K2,20261201,315,9.404832828034503e-07
v0_1,K2,20261201,316,9.404754641176851e-07
v0_1,K2,20261201,317,9.404297221595504e-07
v0_1,K2,20261201,318,9.404136863792237e-07
v0_1,K2,20261201,319,9.40401530802481e-07
v0_1,K2,20261201,320,9.403656512919967e-07
v0_1,K2,20261201,321,9.403560385839311e-07
v0_1,K2,20261201,322,9.40340564983806e-07
v0_1,K2,20261201,323,9.403123554628148e-07
v0_1,K2,20261201,324,9.403040427882502e-07
v0_1,K2,20261201,325,9.402852706295671e-07
v0_1,K2,20261201,326,9.402619917519654e-07
v0_1,K2,20261201,327,9.402522271205138e-07
v0_1,K2,20261201,328,9.402316152260299e-07
v0_1,K2,20261201,329,9.40212111766559e-07
v0_1,K2,20261201,330,9.402006591268696e-07
v0_1,K2,20261201,331,9.401802049082159e-07
v0_1,K2,20261201,332,9.401638902956953e-07
v0_1,K2,20261201,333,9.401514454059376e-07
v0_1,K2,20261201,334,9.401326717384375e-07
v0_1,K2,20261201,335,9.401190143650655e-07
v0_1,K2,20261201,336,9.401061629590597e-07
v0_1,K2,20261201,337,9.400894508008663e-07
v0_1,K2,20261201,338,9.400773291390257e-07
v0_1,K2,20261201,339,9.400641557864008e-07
v0_1,K2,20261201,340,9.40049120152625e-07
v0_1,K2,20261201,341,9.400375335284238e-07
v0_1,K2,20261201,342,9.400240451060853e-07
v0_1,K2,20261201,343,9.400101761825808e-07
v0_1,K2,20261201,344,9.399985425177093e-07
v0_1,K2,20261201,345,9.399850328932291e-07
v0_1,K2,20261201,346,9.399720972280989e-07
v0_1,K2,20261201,347,9.399603859721727e-07
v0_1,K2,20261201,348,9.3994720318309e-07
v0_1,K2,20261201,349,9.399350164846516e-07
v0_1,K2,20261201,350,9.399232608744197e-07
v0_1,K2,20261201,351,9.399105505961959e-07
v0_1,K2,20261201,352,9.398988806900167e-07
v0_1,K2,20261201,353,9.398871447020061e-07
v0_1,K2,20261201,354,9.398749332904381e-07
v0_1,K2,20261201,355,9.398635441415911e-07
v0_1,K2,20261201,356,9.398517806331608e-07
v0_1,K2,20261201,357,9.39839889052803e-07
v0_1,K2,20261201,358,9.398285279205319e-07
v0_1,K2,20261201,359,9.398167497593299e-07
v0_1,K2,20261201,360,9.39805078122643e-07
v0_1,K2,20261201,361,9.397936817222553e-07
v0_1,K2,20261201,362,9.39781943613041e-07
v0_1,K2,20261201,363,9.397704274331283e-07
v0_1,K2,20261201,364,9.397590088159467e-07
v0_1,K2,20261201,365,9.397473663018504e-07
v0_1,K2,20261201,366,9.397359635576468e-07
v0_1,K2,20261201,367,9.397245147353374e-07
v0_1,K2,20261201,368,9.397129461210692e-07
v0_1,K2,20261201,369,9.397015563343538e-07
v0_1,K2,20261201,370,9.396900643205646e-07
v0_1,K2,20261201,371,9.396785429378703e-07
v0_1,K2,20261201,372,9.396671121120455e-07
v0_1,K2,20261201,373,9.396555587050485e-07
v0_1,K2,20261201,374,9.3964402292923e-07
v0_1,K2,20261201,375,9.396325130044437e-07
v0_1,K2,20261201,376,9.396209036959358e-07
v0_1,K2,20261201,377,9.396093288205526e-07
v0_1,K2,20261201,378,9.395977321818572e-07
v0_1,K2,20261201,379,9.395860666560127e-07
v0_1,K2,20261201,380,9.395744513429994e-07
v0_1,K2,20261201,381,9.395627932974896e-07
v0_1,K2,20261201,382,9.395510909656549e-07
v0_1,K2,20261201,383,9.395394012891264e-07
v0_1,K2,20261201,384,9.395276478731825e-07
v0_1,K2,20261201,385,9.395158589316936e-07
v0_1,K2,20261201,386,9.395040462872e-07
v0_1,K2,20261201,387,9.394921650983333e-07
v0_1,K2,20261201,388,9.394802665054637e-07
v0_1,K2,20261201,389,9.394683473486711e-07
v0_1,K2,20261201,390,9.394563581617856e-07
v0_1,K2,20261201,391,9.394443510685709e-07
v0_1,K2,20261201,392,9.394322941127151e-07
v0_1,K2,20261201,393,9.39420181987865e-07
v0_1,K2,20261201,394,9.394080484155494e-07
v0_1,K2,20261201,395,9.393958587845097e-07
v0_1,K2,20261201,396,9.393836023259847e-07
v0_1,K2,20261201,397,9.39371286378458e-07
v0_1,K2,20261201,398,9.39358895016867e-07
v0_1,K2,20261201,399,9.393464402589849e-07
v0_1,K2,20261201,400,9.393338666283439e-07
v0_1,K2,20261201,401,9.393211352051868e-07
v0_1,K2,20261201,402,9.393083455136312e-07
v0_1,K2,20261201,403,9.392954345779217e-07
v0_1,K2,20261201,404,9.39282387377598e-07
v0_1,K2,20261201,405,9.39269309608688e-07
v0_1,K2,20261201,406,9.392560608665685e-07
v0_1,K2,20261201,407,9.392426263641299e-07
v0_1,K2,20261201,408,9.392291241856795e-07
v0_1,K2,20261201,409,9.392156444855069e-07
v0_1,K2,20261201,410,9.392022038197347e-07
v0_1,K2,20261201,411,9.391888265092043e-07
v0_1,K2,20261201,412,9.391755425960062e-07
v0_1,K2,20261201,413,9.391622930960506e-07
v0_1,K2,20261201,414,9.391489349703481e-07
v0_1,K2,20261201,415,9.391354568567787e-07
v0_1,K2,20261201,416,9.391219439772639e-07
v0_1,K2,20261201,417,9.391083746917185e-07
v0_1,K2,20261201,418,9.390948013955214e-07
v0_1,K2,20261201,419,9.3908127502115e-07
v0_1,K2,20261201,420,9.390677219665111e-07
v0_1,K2,20261201,421,9.390541507223974e-07
v0_1,K2,20261201,422,9.390405132936783e-07
v0_1,K2,20261201,423,9.390268643738349e-07
v0_1,K2,20261201,424,9.39013168205426e-07
v0_1,K2,20261201,425,9.389994247855622e-07
v0_1,K2,20261201,426,9.389856121770715e-07
v0_1,K2,20261201,427,9.389717346768345e-07
v0_1,K2,20261201,428,9.389578100146869e-07
v0_1,K2,20261201,429,9.389438358733659e-07
v0_1,K2,20261201,430,9.38929784146907e-07
v0_1,K2,20261201,431,9.389156665440994e-07
v0_1,K2,20261201,432,9.389014839707247e-07
v0_1,K2,20261201,433,9.38887237838245e-07
v0_1,K2,20261201,434,9.38872927346217e-07
v0_1,K2,20261201,435,9.388585429944322e-07
v0_1,K2,20261201,436,9.388440999964319e-07
v0_1,K2,20261201,437,9.388296083690639e-07
v0_1,K2,20261201,438,9.388150604474608e-07
v0_1,K2,20261201,439,9.388004686179679e-07
v0_1,K2,20261201,440,9.387858045605142e-07
v0_1,K2,20261202,1,9.593392018800919e-07
v0_1,K2,20261202,2,9.588618115529098e-07
v0_1,K2,20261202,3,9.58117426229379e-07
v0_1,K2,20261202,4,9.575067816090913e-07
v0_1,K2,20261202,5,9.574049348422424e-07
v0_1,K2,20261202,6,9.575450256086735e-07
v0_1,K2,20261202,7,9.57175100188228e-07
v0_1,K2,20261202,8,9.561314974490213e-07
v0_1,K2,20261202,9,9.548415701591564e-07
v0_1,K2,20261202,10,9.5387539299011e-07
v0_1,K2,20261202,11,9.533972860027253e-07
v0_1,K2,20261202,12,9.528470088359087e-07
v0_1,K2,20261202,13,9.517092066913551e-07
v0_1,K2,20261202,14,9.502965807870563e-07
v0_1,K2,20261202,15,9.492760423002181e-07
v0_1,K2,20261202,16,9.48696166103353e-07
v0_1,K2,20261202,17,9.478904811264301e-07
v0_1,K2,20261202,18,9.46650890437852e-07
v0_1,K2,20261202,19,9.455775178606645e-07
v0_1,K2,20261202,20,9.45038856447552e-07
v0_1,K2,20261202,21,9.445261442393077e-07
v0_1,K2,20261202,22,9.437246334512879e-07
v0_1,K2,20261202,23,9.431973466562114e-07
v0_1,K2,20261202,24,9.431969579535224e-07
v0_1,K2,20261202,25,9.431458642670099e-07
v0_1,K2,20261202,26,9.429569601430749e-07
v0_1,K2,20261202,27,9.431617001914849e-07
v0_1,K2,20261202,28,9.435499391010337e-07
v0_1,K2,20261202,29,9.436146705741626e-07
v0_1,K2,20261202,30,9.437076882179928e-07
v0_1,K2,20261202,31,9.439114909175329e-07
v0_1,K2,20261202,32,9.437305720082496e-07
v0_1,K2,20261202,33,9.434471174307751e-07
v0_1,K2,20261202,34,9.432771845722449e-07
v0_1,K2,20261202,35,9.428352652955173e-07
v0_1,K2,20261202,36,9.424788988182268e-07
v0_1,K2,20261202,37,9.422791233627278e-07
v0_1,K2,20261202,38,9.419403181096054e-07
v0_1,K2,20261202,39,9.418659578704454e-07
v0_1,K2,20261202,40,9.417877382944172e-07
v0_1,K2,20261202,41,9.41747090287393e-07
v0_1,K2,20261202,42,9.418521166863116e-07
v0_1,K2,20261202,43,9.4182130062912e-07
v0_1,K2,20261202,44,9.41944213837467e-07
v0_1,K2,20261202,45,9.419012666472401e-07
v0_1,K2,20261202,46,9.419512965803026e-07
v0_1,K2,20261202,47,9.418627167133291e-07
v0_1,K2,20261202,48,9.418321289335684e-07
v0_1,K2,20261202,49,9.417027110671013e-07
v0_1,K2,20261202,50,9.416433187042469e-07
v0_1,K2,20261202,51,9.41514016404907e-07
v0_1,K2,20261202,52,9.414847436420778e-07
v0_1,K2,20261202,53,9.414052718690675e-07
v0_1,K2,20261202,54,9.414274362539052e-07
v0_1,K2,20261202,55,9.414009554005318e-07
v0_1,K2,20261202,56,9.414396167447741e-07
v0_1,K2,20261202,57,9.414346432719655e-07
v0_1,K2,20261202,58,9.414386572561064e-07
v0_1,K2,20261202,59,9.41426241230856e-07
v0_1,K2,20261202,60,9.413790978674836e-07
v0_1,K2,20261202,61,9.413529311766321e-07
v0_1,K2,20261202,62,9.412867976261182e-07
v0_1,K2,20261202,63,9.412513932355641e-07
v0_1,K2,20261202,64,9.412103897810098e-07
v0_1,K2,20261202,65,9.411706640726698e-07
v0_1,K2,20261202,66,9.411598123095033e-07
v0_1,K2,20261202,67,9.411328806958023e-07
v0_1,K2,20261202,68,9.411171171018825e-07
v0_1,K2,20261202,69,9.411092192052058e-07
v0_1,K2,20261202,70,9.410820755626383e-07
v0_1,K2,20261202,71,9.410600575557369e-07
v0_1,K2,20261202,72,9.410405954874673e-07
v0_1,K2,20261202,73,9.410062745673476e-07
v0_1,K2,20261202,74,9.409734778082224e-07
v0_1,K2,20261202,75,9.409493623688983e-07
v0_1,K2,20261202,76,9.409211495238647e-07
v0_1,K2,20261202,77,9.408900672791575e-07
v0_1,K2,20261202,78,9.408658533844486e-07
v0_1,K2,20261202,79,9.408474177805731e-07
v0_1,K2,20261202,80,9.408272151729434e-07
v0_1,K2,20261202,81,9.40802656848594e-07
v0_1,K2,20261202,82,9.407771574906253e-07
v0_1,K2,20261202,83,9.407527158893927e-07
v0_1,K2,20261202,84,9.407289421540161e-07
v0_1,K2,20261202,85,9.407049068402889e-07
v0_1,K2,20261202,86,9.406805003664417e-07
v0_1,K2,20261202,87,9.406574758605784e-07
v0_1,K2,20261202,88,9.406394020622133e-07
v0_1,K2,20261202,89,9.40635495032636e-07
v0_1,K2,20261202,90,9.406722485661549e-07
v0_1,K2,20261202,91,9.408300303185809e-07
v0_1,K2,20261202,92,9.413617887937248e-07
v0_1,K2,20261202,93,9.427791632645222e-07
v0_1,K2,20261202,94,9.453530559835798e-07
v0_1,K2,20261202,95,9.453743700631888e-07
v0_1,K2,20261202,96,9.41614931696269e-07
v0_1,K2,20261202,97,9.409482250520793e-07
v0_1,K2,20261202,98,9.434090139363744e-07
v0_1,K2,20261202,99,9.415504533385691e-07
v0_1,K2,20261202,100,9.407723334372225e-07
v0_1,K2,20261202,101,9.42458756051858e-07
v0_1,K2,20261202,102,9.406740724938947e-07
v0_1,K2,20261202,103,9.411972888474678e-07
v0_1,K2,20261202,104,9.41447947396336e-07
v0_1,K2,20261202,105,9.403840765449394e-07
v0_1,K2,20261202,106,9.413946429406065e-07
v0_1,K2,20261202,107,9.40451043110478e-07
v0_1,K2,20261202,108,9.408724205390474e-07
v0_1,K2,20261202,109,9.407490590277125e-07
v0_1,K2,20261202,110,9.404227837861378e-07
v0_1,K2,20261202,111,9.4085238010786e-07
v0_1,K2,20261202,112,9.402538643596954e-07
v0_1,K2,20261202,113,9.407075839486481e-07
v0_1,K2,20261202,114,9.402940679946583e-07
v0_1,K2,20261202,115,9.404597572497251e-07
v0_1,K2,20261202,116,9.403885398222649e-07
v0_1,K2,20261202,117,9.402393858618992e-07
v0_1,K2,20261202,118,9.404157618081581e-07
v0_1,K2,20261202,119,9.401230330335551e-07
v0_1,K2,20261202,120,9.403335970390874e-07
v0_1,K2,20261202,121,9.401106031910738e-07
v0_1,K2,20261202,122,9.401814199041434e-07
v0_1,K2,20261202,123,9.401382435858678e-07
v0_1,K2,20261202,124,9.400340151572984e-07
v0_1,K2,20261202,125,9.401246894683237e-07
v0_1,K2,20261202,126,9.399555880840847e-07
v0_1,K2,20261202,127,9.400321368345126e-07
v0_1,K2,20261202,128,9.399444609124626e-07
v0_1,K2,20261202,129,9.399015973316796e-07
v0_1,K2,20261202,130,9.399285428848502e-07
v0_1,K2,20261202,131,9.398113823619525e-07
v0_1,K2,20261202,132,9.398442668007813e-07
v0_1,K2,20261202,133,9.39782379865738e-07
v0_1,K2,20261202,134,9.397238203172315e-07
v0_1,K2,20261202,135,9.397399744741915e-07
v0_1,K2,20261202,136,9.396539091461138e-07
v0_1,K2,20261202,137,9.396341331048528e-07
v0_1,K2,20261202,138,9.396182716494032e-07
v0_1,K2,20261202,139,9.395406231292529e-07
v0_1,K2,20261202,140,9.395265476138536e-07
v0_1,K2,20261202,141,9.394939628772183e-07
v0_1,K2,20261202,142,9.394242245347555e-07
v0_1,K2,20261202,143,9.394023759098716e-07
v0_1,K2,20261202,144,9.39369790027618e-07
v0_1,K2,20261202,145,9.393070206177108e-07
v0_1,K2,20261202,146,9.392740978102332e-07
v0_1,K2,20261202,147,9.3924754723248e-07
v0_1,K2,20261202,148,9.391921248269583e-07
v0_1,K2,20261202,149,9.391416395830973e-07
v0_1,K2,20261202,150,9.391109648574625e-07
v0_1,K2,20261202,151,9.390710214288446e-07
v0_1,K2,20261202,152,9.390147068175129e-07
v0_1,K2,20261202,153,9.389639531664498e-07
v0_1,K2,20261202,154,9.389254902582869e-07
v0_1,K2,20261202,155,9.388854204159439e-07
v0_1,K2,20261202,156,9.388349364151831e-07
v0_1,K2,20261202,157,9.38778785529916e-07
v0_1,K2,20261202,158,9.38725136635843e-07
v0_1,K2,20261202,159,9.386765198614473e-07
v0_1,K2,20261202,160,9.386306507690864e-07
v0_1,K2,20261202,161,9.385849956549882e-07
v0_1,K2,20261202,162,9.385387424626523e-07
v0_1,K2,20261202,163,9.384940762505297e-07
v0_1,K2,20261202,164,9.384556998949164e-07
v0_1,K2,20261202,165,9.384361211635823e-07
v0_1,K2,20261202,166,9.38467270057121e-07
v0_1,K2,20261202,167,9.38646496369975e-07
v0_1,K2,20261202,168,9.392545145273611e-07
v0_1,K2,20261202,169,9.411239170262581e-07
v0_1,K2,20261202,170,9.457678798719703e-07
v0_1,K2,20261202,171,9.529966644896539e-07
v0_1,K2,20261202,172,9.504897822985724e-07
v0_1,K2,20261202,173,9.392448341564043e-07
v0_1,K2,20261202,174,9.415120809353085e-07
v0_1,K2,20261202,175,9.442392413675834e-07
v0_1,K2,20261202,176,9.379149448002105e-07
v0_1,K2,20261202,177,9.422383723846628e-07
v0_1,K2,20261202,178,9.386808425598437e-07
v0_1,K2,20261202,179,9.401856476296976e-07
v0_1,K2,20261202,180,9.389890918513607e-07
v0_1,K2,20261202,181,9.392018868610677e-07
v0_1,K2,20261202,182,9.38714983135195e-07
v0_1,K2,20261202,183,9.388281241378869e-07
v0_1,K2,20261202,184,9.382521274523468e-07
v0_1,K2,20261202,185,9.386662795789901e-07
v0_1,K2,20261202,186,9.377962872742637e-07
v0_1,K2,20261202,187,9.385311874767211e-07
v0_1,K2,20261202,188,9.37459812221115e-07
v0_1,K2,20261202,189,9.382856818340184e-07
v0_1,K2,20261202,190,9.372900096958659e-07
v0_1,K2,20261202,191,9.379097694350548e-07
v0_1,K2,20261202,192,9.372533771100969e-07
v0_1,K2,20261202,193,9.374594000337406e-07
v0_1,K2,20261202,194,9.372510293677238e-07
v0_1,K2,20261202,195,9.370393943555021e-07
v0_1,K2,20261202,196,9.371681208471389e-07
v0_1,K2,20261202,197,9.367232593638726e-07
v0_1,K2,20261202,198,9.369665912766676e-07
v0_1,K2,20261202,199,9.365300953448341e-07
v0_1,K2,20261202,200,9.366749625596903e-07
v0_1,K2,20261202,201,9.363984379007294e-07
v0_1,K2,20261202,202,9.363644135861295e-07
v0_1,K2,20261202,203,9.362667360871389e-07
v0_1,K2,20261202,204,9.360799222980403e-07
v0_1,K2,20261202,205,9.36090240280396e-07
v0_1,K2,20261202,206,9.358285808131492e-07
v0_1,K2,20261202,207,9.358505256743722e-07
v0_1,K2,20261202,208,9.35590396044135e-07
v0_1,K2,20261202,209,9.355674347601776e-07
v0_1,K2,20261202,210,9.353611696130635e-07
v0_1,K2,20261202,211,9.352831531400833e-07
v0_1,K2,20261202,212,9.351278466567858e-07
v0_1,K2,20261202,213,9.349936893915964e-07
v0_1,K2,20261202,214,9.348673452477992e-07
v0_1,K2,20261202,215,9.346945946207399e-07
v0_1,K2,20261202,216,9.34590196088898e-07
v0_1,K2,20261202,217,9.344088605534968e-07
v0_1,K2,20261202,218,9.343034953749313e-07
v0_1,K2,20261202,219,9.341120730416351e-07
v0_1,K2,20261202,220,9.339928171033201e-07
v0_1,K2,20261202,221,9.337947766451475e-07
v0_1,K2,20261202,222,9.336615375966657e-07
v0_1,K2,20261202,223,9.334686218641087e-07
v0_1,K2,20261202,224,9.333255028379276e-07
v0_1,K2,20261202,225,9.331271765137723e-07
v0_1,K2,20261202,226,9.32965348880492e-07
v0_1,K2,20261202,227,9.327596291066472e-07
v0_1,K2,20261202,228,9.325861019998331e-07
v0_1,K2,20261202,229,9.323820032932424e-07
v0_1,K2,20261202,230,9.321955217737866e-07
v0_1,K2,20261202,231,9.319859691198725e-07
v0_1,K2,20261202,232,9.317778454944183e-07
v0_1,K2,20261202,233,9.315607840791599e-07
v0_1,K2,20261202,234,9.313393071078551e-07
v0_1,K2,20261202,235,9.311199376711048e-07
v0_1,K2,20261202,236,9.308807338168471e-07
v0_1,K2,20261202,237,9.306521648720484e-07
v0_1,K2,20261202,238,9.304012684186238e-07
v0_1,K2,20261202,239,9.301557029044716e-07
v0_1,K2,20261202,240,9.298968979533761e-07
v0_1,K2,20261202,241,9.296296364987518e-07
v0_1,K2,20261202,242,9.293665859216982e-07
v0_1,K2,20261202,243,9.290850937561223e-07
v0_1,K2,20261202,244,9.288026336365288e-07
v0_1,K2,20261202,245,9.285130487431189e-07
v0_1,K2,20261202,246,9.282099983390478e-07
v0_1,K2,20261202,247,9.279046697342521e-07
v0_1,K2,20261202,248,9.275892887507591e-07
v0_1,K2,20261202,249,9.272598031105331e-07
v0_1,K2,20261202,250,9.269290666916107e-07
v0_1,K2,20261202,251,9.265863602038512e-07
v0_1,K2,20261202,252,9.262315067490255e-07
v0_1,K2,20261202,253,9.258709393392278e-07
v0_1,K2,20261202,254,9.255029955091876e-07
v0_1,K2,20261202,255,9.251297506540547e-07
v0_1,K2,20261202,256,9.247384261439211e-07
v0_1,K2,20261202,257,9.243370070036304e-07
v0_1,K2,20261202,258,9.239260507705162e-07
v0_1,K2,20261202,259,9.235052146801029e-07
v0_1,K2,20261202,260,9.230723165303026e-07
v0_1,K2,20261202,261,9.226284732983925e-07
v0_1,K2,20261202,262,9.221717743553415e-07
v0_1,K2,20261202,263,9.217020789892716e-07
v0_1,K2,20261202,264,9.212206040126111e-07
v0_1,K2,20261202,265,9.207268916759473e-07
v0_1,K2,20261202,266,9.202179430687817e-07
v0_1,K2,20261202,267,9.196995902944684e-07
v0_1,K2,20261202,268,9.191736172722464e-07
v0_1,K2,20261202,269,9.186415112307303e-07
v0_1,K2,20261202,270,9.181707187798193e-07
v0_1,K2,20261202,271,9.183167075756819e-07
v0_1,K2,20261202,272,9.236089264645455e-07
v0_1,K2,20261202,273,9.63868319881314e-07
v0_1,K2,20261202,274,1.0555601339873535e-06
v0_1,K2,20261202,275,9.699102855650832e-07
v0_1,K2,20261202,276,9.494035365814677e-07
v0_1,K2,20261202,277,9.519077737559221e-07
v0_1,K2,20261202,278,9.461028182899281e-07
v0_1,K2,20261202,279,9.357230041828577e-07
v0_1,K2,20261202,280,9.43978613037193e-07
v0_1,K2,20261202,281,9.366580786596071e-07
v0_1,K2,20261202,282,9.35237350518103e-07
v0_1,K2,20261202,283,9.29854925074759e-07
v0_1,K2,20261202,284,9.423612121932595e-07
v0_1,K2,20261202,285,9.2245152092636e-07
v0_1,K2,20261202,286,9.317054887189706e-07
v0_1,K2,20261202,287,9.302475760871238e-07
v0_1,K2,20261202,288,9.296880192661919e-07
v0_1,K2,20261202,289,9.259514976330158e-07
v0_1,K2,20261202,290,9.255625859708509e-07
v0_1,K2,20261202,291,9.301933295434751e-07
v0_1,K2,20261202,292,9.228769925655897e-07
v0_1,K2,20261202,293,9.243548189794084e-07
v0_1,K2,20261202,294,9.232174322847623e-07
v0_1,K2,20261202,295,9.242858779868298e-07
v0_1,K2,20261202,296,9.233816860680236e-07
v0_1,K2,20261202,297,9.199131424305128e-07
v0_1,K2,20261202,298,9.225297599072717e-07
v0_1,K2,20261202,299,9.209143236102325e-07
v0_1,K2,20261202,300,9.211504490589951e-07
v0_1,K2,20261202,301,9.196825414783801e-07
v0_1,K2,20261202,302,9.188062681244694e-07
v0_1,K2,20261202,303,9.195604431790148e-07
v0_1,K2,20261202,304,9.176917318376929e-07
v0_1,K2,20261202,305,9.179710498703343e-07
v0_1,K2,20261202,306,9.169239105762327e-07
v0_1,K2,20261202,307,9.163770817818542e-07
v0_1,K2,20261202,308,9.159461325720738e-07
v0_1,K2,20261202,309,9.149696805741618e-07
v0_1,K2,20261202,310,9.154080186133143e-07
v0_1,K2,20261202,311,9.143623583270781e-07
v0_1,K2,20261202,312,9.138713253220021e-07
v0_1,K2,20261202,313,9.13140278757544e-07
v0_1,K2,20261202,314,9.127523834436614e-07
v0_1,K2,20261202,315,9.124090024373294e-07
v0_1,K2,20261202,316,9.112235235065182e-07
v0_1,K2,20261202,317,9.110346860237821e-07
v0_1,K2,20261202,318,9.103789299151e-07
v0_1,K2,20261202,319,9.099134880734783e-07
v0_1,K2,20261202,320,9.088403467804446e-07
v0_1,K2,20261202,321,9.085884805782768e-07
v0_1,K2,20261202,322,9.077553963386781e-07
v0_1,K2,20261202,323,9.0718616508566e-07
v0_1,K2,20261202,324,9.063966720955607e-07
v0_1,K2,20261202,325,9.060395804318377e-07
v0_1,K2,20261202,326,9.050181008690682e-07
v0_1,K2,20261202,327,9.045416502277128e-07
v0_1,K2,20261202,328,9.037723167152194e-07
v0_1,K2,20261202,329,9.030999870129151e-07
v0_1,K2,20261202,330,9.023523338746887e-07
v0_1,K2,20261202,331,9.015798033040211e-07
v0_1,K2,20261202,332,9.009168648965288e-07
v0_1,K2,20261202,333,8.999908784267417e-07
v0_1,K2,20261202,334,8.992237478919621e-07
v0_1,K2,20261202,335,8.984248415507618e-07
v0_1,K2,20261202,336,8.976639692537521e-07
v0_1,K2,20261202,337,8.967769243849404e-07
v0_1,K2,20261202,338,8.957766491482389e-07
v0_1,K2,20261202,339,8.949597219014387e-07
v0_1,K2,20261202,340,8.941048596333132e-07
v0_1,K2,20261202,341,8.932132019981405e-07
v0_1,K2,20261202,342,8.925132751878744e-07
v0_1,K2,20261202,343,8.92131920234979e-07
v0_1,K2,20261202,344,8.937132830135048e-07
v0_1,K2,20261202,345,9.048311035303538e-07
v0_1,K2,20261202,346,9.63535883274527e-07
v0_1,K2,20261202,347,1.1119890429128618e-06
v0_1,K2,20261202,348,1.0385179121269711e-06
v0_1,K2,20261202,349,9.161336904678545e-07
v0_1,K2,20261202,350,9.890530113429426e-07
v0_1,K2,20261202,351,9.198692500253367e-07
v0_1,K2,20261202,352,9.541503663834148e-07
v0_1,K2,20261202,353,9.514118613132901e-07
v0_1,K2,20261202,354,9.126851513623878e-07
v0_1,K2,20261202,355,9.558283120765654e-07
v0_1,K2,20261202,356,9.14694592672065e-07
v0_1,K2,20261202,357,9.244882904618809e-07
v0_1,K2,20261202,358,9.29045259751569e-07
v0_1,K2,20261202,359,9.028569320974209e-07
v0_1,K2,20261202,360,9.267499380071134e-07
v0_1,K2,20261202,361,9.088647992012748e-07
v0_1,K2,20261202,362,9.030758092665711e-07
v0_1,K2,20261202,363,9.163819531197067e-07
v0_1,K2,20261202,364,8.996657595927641e-07
v0_1,K2,20261202,365,9.039010192966218e-07
v0_1,K2,20261202,366,9.080833254916961e-07
v0_1,K2,20261202,367,8.962105909721089e-07
v0_1,K2,20261202,368,9.02610055545086e-07
v0_1,K2,20261202,369,9.019730165268175e-07
v0_1,K2,20261202,370,8.940515119335628e-07
v0_1,K2,20261202,371,9.006542060956504e-07
v0_1,K2,20261202,372,8.977579824584597e-07
v0_1,K2,20261202,373,8.928098639673686e-07
v0_1,K2,20261202,374,8.979985819863909e-07
v0_1,K2,20261202,375,8.942343641344867e-07
v0_1,K2,20261202,376,8.917579060241758e-07
v0_1,K2,20261202,377,8.947541964140164e-07
v0_1,K2,20261202,378,8.905331828794807e-07
v0_1,K2,20261202,379,8.907725761172577e-07
v0_1,K2,20261202,380,8.912433910172403e-07
v0_1,K2,20261202,381,8.873956118367255e-07
v0_1,K2,20261202,382,8.891020047225888e-07
v0_1,K2,20261202,383,8.87258440937556e-07
v0_1,K2,20261202,384,8.854720898415443e-07
v0_1,K2,20261202,385,8.861537312526906e-07
v0_1,K2,20261202,386,8.834718773824812e-07
v0_1,K2,20261202,387,8.837465527984395e-07
v0_1,K2,20261202,388,8.820450446408167e-07
v0_1,K2,20261202,389,8.80808780398234e-07
v0_1,K2,20261202,390,8.807391833984905e-07
v0_1,K2,20261202,391,8.785110369460771e-07
v0_1,K2,20261202,392,8.785858155717962e-07
v0_1,K2,20261202,393,8.766701943249252e-07
v0_1,K2,20261202,394,8.760936878440542e-07
v0_1,K2,20261202,395,8.745009623106018e-07
v0_1,K2,20261202,396,8.736095142567366e-07
v0_1,K2,20261202,397,8.722761395087209e-07
v0_1,K2,20261202,398,8.710392330380714e-07
v0_1,K2,20261202,399,8.698878844161568e-07
v0_1,K2,20261202,400,8.685402828108176e-07
v0_1,K2,20261202,401,8.670788273337478e-07
v0_1,K2,20261202,402,8.659166591197274e-07
v0_1,K2,20261202,403,8.6417400427886e-07
v0_1,K2,20261202,404,8.631275101438941e-07
v0_1,K2,20261202,405,8.613183947325205e-07
v0_1,K2,20261202,406,8.600765204249528e-07
v0_1,K2,20261202,407,8.583094186816062e-07
v0_1,K2,20261202,408,8.567137921661991e-07
v0_1,K2,20261202,409,8.551844749015201e-07
v0_1,K2,20261202,410,8.532887031374584e-07
v0_1,K2,20261202,411,8.515766926136628e-07
v0_1,K2,20261202,412,8.500317222767725e-07
v0_1,K2,20261202,413,8.479471943663698e-07
v0_1,K2,20261202,414,8.458352525697654e-07
v0_1,K2,20261202,415,8.440895145508897e-07
v0_1,K2,20261202,416,8.422209267367257e-07
v0_1,K2,20261202,417,8.402876662688569e-07
v0_1,K2,20261202,418,8.381210431501566e-07
v0_1,K2,20261202,419,8.361242019490148e-07
v0_1,K2,20261202,420,8.347564043551321e-07
v0_1,K2,20261202,421,8.364280300483913e-07
v0_1,K2,20261202,422,8.532900941582747e-07
v0_1,K2,20261202,423,9.335589071755587e-07
v0_1,K2,20261202,424,1.181280190419111e-06
v0_1,K2,20261202,425,1.2055019970285076e-06
v0_1,K2,20261202,426,8.81151116572756e-07
v0_1,K2,20261202,427,9.493930245438214e-07
v0_1,K2,20261202,428,9.264673007860675e-07
v0_1,K2,20261202,429,9.475446893665965e-07
v0_1,K2,20261202,430,9.41344987822147e-07
v0_1,K2,20261202,431,9.317769319848508e-07
v0_1,K2,20261202,432,9.505632609685367e-07
v0_1,K2,20261202,433,9.428351560270575e-07
v0_1,K2,20261202,434,9.35768805205658e-07
v0_1,K2,20261202,435,9.481352570901296e-07
v0_1,K2,20261202,436,9.41591606718578e-07
v0_1,K2,20261202,437,9.349401337993564e-07
v0_1,K2,20261202,438,9.427367385492012e-07
v0_1,K2,20261202,439,9.388362300374299e-07
v0_1,K2,20261202,440,9.327716732600103e-07
v0_1,K2,20261202,441,9.37816331748749e-07
v0_1,K2,20261202,442,9.372203980306444e-07
v0_1,K2,20261202,443,9.3226411576179e-07
v0_1,K2,20261202,444,9.348277548562382e-07
v0_1,K2,20261202,445,9.362136140942291e-07
v0_1,K2,20261202,446,9.322548214170622e-07
v0_1,K2,20261202,447,9.320238973503285e-07
v0_1,K2,20261202,448,9.337090971622315e-07
v0_1,K2,20261202,449,9.311994875011009e-07
v0_1,K2,20261202,450,9.289738570878469e-07
v0_1,K2,20261202,451,9.297220222513698e-07
v0_1,K2,20261202,452,9.288478014388207e-07
v0_1,K2,20261202,453,9.263924006206021e-07
v0_1,K2,20261202,454,9.258878276839573e-07
v0_1,K2,20261202,455,9.257253289247863e-07
v0_1,K2,20261202,456,9.236459159658746e-07
v0_1,K2,20261202,457,9.215382547929012e-07
v0_1,K2,20261202,458,9.205368957489757e-07
v0_1,K2,20261202,459,9.190087741025931e-07
v0_1,K2,20261202,460,9.165441218759815e-07
v0_1,K2,20261202,461,9.143364795809447e-07
v0_1,K2,20261202,462,9.123573115861621e-07
v0_1,K2,20261202,463,9.096058923592907e-07
v0_1,K2,20261202,464,9.060296020538582e-07
v0_1,K2,20261202,465,9.023174900039366e-07
v0_1,K2,20261202,466,8.986769778915044e-07
v0_1,K2,20261202,467,8.94555423102786e-07
v0_1,K2,20261202,468,8.895227946426694e-07
v0_1,K2,20261202,469,8.836580465400926e-07
v0_1,K2,20261202,470,8.778026647338567e-07
v0_1,K2,20261202,471,8.731255365722811e-07
v0_1,K2,20261202,472,8.718259518055789e-07
v0_1,K2,20261202,473,8.724583677816614e-07
v0_1,K2,20261202,474,8.681750931272548e-07
v0_1,K2,20261202,475,8.650811424133631e-07
v0_1,K2,20261202,476,8.673000461292129e-07
v0_1,K2,20261202,477,8.658361215837489e-07
v0_1,K2,20261202,478,8.609324906337952e-07
v0_1,K2,20261202,479,8.596134780532725e-07
v0_1,K2,20261202,480,8.559274958184385e-07
v0_1,K2,20261202,481,8.499012534438911e-07
v0_1,K2,20261202,482,8.46751798828538e-07
v0_1,K2,20261202,483,8.436311052806471e-07
v0_1,K2,20261202,484,8.400107147695134e-07
v0_1,K2,20261202,485,8.377244920168511e-07
v0_1,K2,20261202,486,8.367180504293378e-07
v0_1,K2,20261202,487,8.348344589785027e-07
v0_1,K2,20261202,488,8.309381628306808e-07
v0_1,K2,20261202,489,8.266805368257804e-07
v0_1,K2,20261202,490,8.231871683899896e-07
v0_1,K2,20261202,491,8.195179581801482e-07
v0_1,K2,20261202,492,8.164656791275417e-07
v0_1,K2,20261202,493,8.138458706283577e-07
v0_1,K2,20261202,494,8.109983450251794e-07
v0_1,K2,20261202,495,8.086034067644888e-07
v0_1,K2,20261202,496,8.051106041251681e-07
v0_1,K2,20261202,497,8.01763801143225e-07
v0_1,K2,20261202,498,7.978267417636613e-07
v0_1,K2,20261202,499,7.946437343163071e-07
v0_1,K2,20261202,500,7.913093036685249e-07
v0_1,K2,20261202,501,7.884873604118513e-07
v0_1,K2,20261202,502,7.848944768175623e-07
v0_1,K2,20261202,503,7.812859042945188e-07
v0_1,K2,20261202,504,7.771854124894007e-07
v0_1,K2,20261202,505,7.743383208771401e-07
v0_1,K2,20261202,506,7.74642800581904e-07
v0_1,K2,20261202,507,7.84445139949531e-07
v0_1,K2,20261202,508,8.142025276980488e-07
v0_1,K2,20261202,509,7.690792431737779e-07
v0_1,K2,20261202,510,7.73451456733543e-07
v0_1,K2,20261202,511,8.086063115340781e-07
v0_1,K2,20261202,512,8.15499250113064e-07
v0_1,K2,20261202,513,8.02087445221553e-07
v0_1,K2,20261202,514,8.508727315681908e-07
v0_1,K2,20261202,515,8.591060800389866e-07
v0_1,K2,20261202,516,7.771433280383656e-07
v0_1,K2,20261202,517,8.727576192136233e-07
v0_1,K2,20261202,518,9.002758286809828e-07
v0_1,K2,20261202,519,8.315816376871048e-07
v0_1,K2,20261202,520,7.784127525325575e-07
v0_1,K2,20261202,521,8.341271843397153e-07
v0_1,K2,20261202,522,8.609510095549044e-07
v0_1,K2,20261202,523,8.719980369490316e-07
v0_1,K2,20261202,524,7.726997344745276e-07
v0_1,K2,20261202,525,9.312491797923071e-07
v0_1,K2,20261202,526,8.755848000759674e-07
v0_1,K2,20261202,527,8.963135865781732e-07
v0_1,K2,20261202,528,9.176185849294801e-07
v0_1,K2,20261202,529,9.300726401688151e-07
v0_1,K2,20261202,530,9.243738235290586e-07
v0_1,K2,20261202,531,9.185471308660864e-07
v0_1,K2,20261202,532,9.066440622785107e-07
v0_1,K2,20261202,533,8.774987341439837e-07
v0_1,K2,20261202,534,8.226498728930038e-07
v0_1,K2,20261202,535,7.747654646769334e-07
v0_1,K2,20261202,536,7.836166073260238e-07
v0_1,K2,20261202,537,8.408813485156601e-07
v0_1,K2,20261202,538,8.709690427718899e-07
v0_1,K2,20261202,539,7.694595219514524e-07
v0_1,K2,20261202,540,8.85362845134687e-07
v0_1,K2,20261202,541,8.198045654956611e-07
v0_1,K2,20261202,542,7.706768482896273e-07
v0_1,K2,20261202,543,7.549683871861022e-07
v0_1,K2,20261202,544,7.850240667438197e-07
v0_1,K2,20261202,545,7.494997900117889e-07
v0_1,K2,20261202,546,7.680486640213993e-07
v0_1,K2,20261202,547,7.779907553130134e-07
v0_1,K2,20261202,548,7.301029773349708e-07
v0_1,K2,20261202,549,7.802320720101272e-07
v0_1,K2,20261202,550,7.148020971269438e-07
v0_1,K2,20261202,551,7.664072371357209e-07
v0_1,K2,20261202,552,7.409965412540345e-07
v0_1,K2,20261202,553,7.510149391886412e-07
v0_1,K2,20261202,554,7.493057867296913e-07
v0_1,K2,20261202,555,7.063796062267502e-07
v0_1,K2,20261202,556,7.613482669987691e-07
v0_1,K2,20261202,557,6.879744598878763e-07
v0_1,K2,20261202,558,7.182341858942274e-07
v0_1,K2,20261202,559,6.881386779808607e-07
v0_1,K2,20261202,560,6.927438811575538e-07
v0_1,K2,20261202,561,6.860411582290056e-07
v0_1,K2,20261202,562,6.7292158461745e-07
v0_1,K2,20261202,563,6.86664738065545e-07
v0_1,K2,20261202,564,6.707598007448648e-07
v0_1,K2,20261202,565,6.799494767377636e-07
v0_1,K2,20261202,566,6.93051941036258e-07
v0_1,K2,20261202,567,7.165949800398586e-07
v0_1,K2,20261202,568,6.644428385226372e-07
v0_1,K2,20261202,569,6.540687284376871e-07
v0_1,K2,20261202,570,6.544146822089515e-07
v0_1,K2,20261202,571,6.625624907134748e-07
v0_1,K2,20261202,572,6.327419848186593e-07
v0_1,K2,20261202,573,6.262988254065923e-07
v0_1,K2,20261202,574,6.309371570689367e-07
v0_1,K2,20261202,575,6.402656771888223e-07
v0_1,K2,20261202,576,6.34579671655122e-07
v0_1,K2,20261202,577,6.122654210564631e-07
v0_1,K2,20261202,578,6.108544235719661e-07
v0_1,K2,20261202,579,6.186717157386812e-07
v0_1,K2,20261202,580,6.131816974527319e-07
v0_1,K2,20261202,581,6.15757455277031e-07
v0_1,K2,20261202,582,6.084749220708059e-07
v0_1,K2,20261202,583,6.067659561244475e-07
v0_1,K2,20261202,584,6.051927288112364e-07
v0_1,K2,20261202,585,6.324467558026235e-07
v0_1,K2,20261202,586,6.663640496991099e-07
v0_1,K2,20261202,587,7.034260582540271e-07
v0_1,K2,20261202,588,6.399887486356002e-07
v0_1,K2,20261202,589,7.203888968305346e-07
v0_1,K2,20261202,590,6.656302756325024e-07
v0_1,K2,20261202,591,6.378721945508454e-07
v0_1,K2,20261202,592,6.122713751947719e-07
v0_1,K2,20261202,593,6.665738538961272e-07
v0_1,K2,20261202,594,6.047018354714287e-07
v0_1,K2,20261202,595,6.828866763007547e-07
v0_1,K2,20261202,596,6.228127372966293e-07
v0_1,K2,20261202,597,6.244486089691773e-07
v0_1,K2,20261202,598,6.347929160491204e-07
v0_1,K2,20261202,599,6.047034875510257e-07
v0_1,K2,20261202,600,7.664801917333858e-07
v0_1,K2,20261202,601,7.623094172834966e-07
v0_1,K2,20261202,602,5.675049270173602e-07
v0_1,K2,20261202,603,5.620382199388399e-07
v0_1,K2,20261202,604,6.026720878601183e-07
v0_1,K2,20261202,605,9.427099940745282e-07
v0_1,K2,20261202,606,8.365169312116822e-07
v0_1,K2,20261202,607,5.476541379228725e-07
v0_1,K2,20261202,608,7.13083530200802e-07
v0_1,K2,20261202,609,6.977867408036809e-07
v0_1,K2,20261202,610,7.281287481951192e-07
v0_1,K2,20261202,611,8.248283099696288e-07
v0_1,K2,20261202,612,7.734995764048297e-07
v0_1,K2,20261202,613,5.796342561241186e-07
v0_1,K2,20261202,614,7.0214112821422e-07
v0_1,K2,20261202,615,7.757577562530097e-07
v0_1,K2,20261202,616,6.233266385175005e-07
v0_1,K2,20261202,617,7.065498627226777e-07
v0_1,K2,20261202,618,7.386113072460049e-07
v0_1,K2,20261202,619,8.218929148434454e-07
v0_1,K2,20261202,620,7.906385541320659e-07
v0_1,K2,20261202,621,8.735800219654019e-07
v0_1,K2,20261202,622,8.928674456803639e-07
v0_1,K2,20261202,623,8.471516705558051e-07
v0_1,K2,20261202,624,7.671433783201345e-07
v0_1,K2,20261202,625,5.829152245574018e-07
v0_1,K2,20261202,626,6.686115559625808e-07
v0_1,K2,20261202,627,6.099280409086487e-07
v0_1,K2,20261202,628,6.429425514705206e-07
v0_1,K2,20261202,629,6.76169191269511e-07
v0_1,K2,20261202,630,5.825463454910908e-07
v0_1,K2,20261202,631,6.503182669547638e-07
v0_1,K2,20261202,632,6.326254598371982e-07
v0_1,K2,20261202,633,5.524268964641674e-07
v0_1,K2,20261202,634,6.311413675005101e-07
v0_1,K2,20261202,635,5.37970403343158e-07
v0_1,K2,20261202,636,5.884557745554441e-07
v0_1,K2,20261202,637,5.7570717858416e-07
v0_1,K2,20261202,638,5.326564259891878e-07
v0_1,K2,20261202,639,5.747197707534496e-07
v0_1,K2,20261202,640,5.317250087010124e-07
v0_1,K2,20261202,641,5.445115685671152e-07
v0_1,K2,20261202,642,5.384525947934761e-07
v0_1,K2,20261202,643,5.271312616114199e-07
v0_1,K2,20261202,644,5.449674270587192e-07
v0_1,K2,20261202,645,5.142052112849087e-07
v0_1,K2,20261202,646,5.340580867636464e-07
v0_1,K2,20261202,647,5.21845843314456e-07
v0_1,K2,20261202,648,5.116197484107088e-07
v0_1,K2,20261202,649,5.202992280379249e-07
v0_1,K2,20261202,650,5.039996988142937e-07
v0_1,K2,20261202,651,5.12081223951891e-07
v0_1,K2,20261202,652,5.024131506658217e-07
v0_1,K2,20261202,653,5.02313259553598e-07
v0_1,K2,20261202,654,4.991962112943167e-07
v0_1,K2,20261202,655,4.984131750386549e-07
v0_1,K2,20261202,656,4.908327562400055e-07
v0_1,K2,20261202,657,4.943158347316406e-07
v0_1,K2,20261202,658,4.892425163061403e-07
v0_1,K2,20261202,659,4.872438215061857e-07
v0_1,K2,20261202,660,4.873342815479612e-07
v0_1,K2,20261202,661,4.805290274738949e-07
v0_1,K2,20261202,662,4.838338013548853e-07
v0_1,K2,20261202,663,4.779706831604027e-07
v0_1,K2,20261202,664,4.77258944597343e-07
v0_1,K2,20261202,665,4.768730759925824e-07
v0_1,K2,20261202,666,4.719101682782785e-07
v0_1,K2,20261202,667,4.744388872705735e-07
v0_1,K2,20261202,668,4.6990888919957324e-07
v0_1,K2,20261202,669,4.689030067103306e-07
v0_1,K2,20261202,670,4.6859530779887984e-07
v0_1,K2,20261202,671,4.6487686738735085e-07
v0_1,K2,20261202,672,4.656852224830087e-07
v0_1,K2,20261202,673,4.631408899756993e-07
v0_1,K2,20261202,674,4.616061868276567e-07
v0_1,K2,20261202,675,4.6145462580772955e-07
v0_1,K2,20261202,676,4.5875411993199555e-07
v0_1,K2,20261202,677,4.586310692777458e-07
v0_1,K2,20261202,678,4.573427124856008e-07
v0_1,K2,20261202,679,4.555309846038395e-07
v0_1,K2,20261202,680,4.553190893891045e-07
v0_1,K2,20261202,681,4.536854640499993e-07
v0_1,K2,20261202,682,4.526651969008254e-07
v0_1,K2,20261202,683,4.520797950562404e-07
v0_1,K2,20261202,684,4.506994339970008e-07
v0_1,K2,20261202,685,4.498730529494272e-07
v0_1,K2,20261202,686,4.4904809005408974e-07
v0_1,K2,20261202,687,4.4798064167978916e-07
v0_1,K2,20261202,688,4.471467005467896e-07
v0_1,K2,20261202,689,4.463467275787786e-07
v0_1,K2,20261202,690,4.454531437049365e-07
v0_1,K2,20261202,691,4.4456727475700587e-07
v0_1,K2,20261202,692,4.438697551461705e-07
v0_1,K2,20261202,693,4.430148503393021e-07
v0_1,K2,20261202,694,4.421514668075552e-07
v0_1,K2,20261202,695,4.4154818673575957e-07
v0_1,K2,20261202,696,4.407048858786341e-07
v0_1,K2,20261202,697,4.399050744108596e-07
v0_1,K2,20261202,698,4.393361888059739e-07
v0_1,K2,20261202,699,4.385162956230191e-07
v0_1,K2,20261202,700,4.377839249565491e-07
v0_1,K2,20261202,701,4.372113396739533e-07
v0_1,K2,20261202,702,4.364423811287249e-07
v0_1,K2,20261202,703,4.357718370114363e-07
v0_1,K2,20261202,704,4.351907633640519e-07
v0_1,K2,20261202,705,4.34477046764606e-07
v0_1,K2,20261202,706,4.338467298585389e-07
v0_1,K2,20261202,707,4.3325801880441693e-07
v0_1,K2,20261202,708,4.326016377638012e-07
v0_1,K2,20261202,709,4.320038732780766e-07
v0_1,K2,20261202,710,4.314212570160491e-07
v0_1,K2,20261202,711,4.3080720733168694e-07
v0_1,K2,20261202,712,4.302302095641812e-07
v0_1,K2,20261202,713,4.2966387399985216e-07
v0_1,K2,20261202,714,4.290865512612351e-07
v0_1,K2,20261202,715,4.2852774077706e-07
v0_1,K2,20261202,716,4.2798200805167783e-07
v0_1,K2,20261202,717,4.2743356524453166e-07
v0_1,K2,20261202,718,4.268926802728752e-07
v0_1,K2,20261202,719,4.2636700685812883e-07
v0_1,K2,20261202,720,4.258394515985291e-07
v0_1,K2,20261202,721,4.253170226906675e-07
v0_1,K2,20261202,722,4.2480954311261445e-07
v0_1,K2,20261202,723,4.242998022221355e-07
v0_1,K2,20261202,724,4.2379530097641926e-07
v0_1,K2,20261202,725,4.233043746154028e-07
v0_1,K2,20261202,726,4.228110802788379e-07
v0_1,K2,20261202,727,4.223244010102178e-07
v0_1,K2,20261202,728,4.2184824065255853e-07
v0_1,K2,20261202,729,4.213690497778744e-07
v0_1,K2,20261202,730,4.208980525370078e-07
v0_1,K2,20261202,731,4.2043398699779377e-07
v0_1,K2,20261202,732,4.199686101327849e-07
v0_1,K2,20261202,733,4.1951157523531345e-07
v0_1,K2,20261202,734,4.190580022851213e-07
v0_1,K2,20261202,735,4.1860557425747043e-07
v0_1,K2,20261202,736,4.181606580403066e-07
v0_1,K2,20261202,737,4.177174218958753e-07
v0_1,K2,20261202,738,4.172771266928719e-07
v0_1,K2,20261202,739,4.168427228016067e-07
v0_1,K2,20261202,740,4.164094076266384e-07
v0_1,K2,20261203,1,9.649817967626258e-07
v0_1,K2,20261203,2,9.6398824300761e-07
v0_1,K2,20261203,3,9.621774407769174e-07
v0_1,K2,20261203,4,9.59903344849679e-07
v0_1,K2,20261203,5,9.576805636556586e-07
v0_1,K2,20261203,6,9.56115347299307e-07
v0_1,K2,20261203,7,9.557201344650518e-07
v0_1,K2,20261203,8,9.565678542238553e-07
v0_1,K2,20261203,9,9.580052685432052e-07
v0_1,K2,20261203,10,9.589482264355211e-07
v0_1,K2,20261203,11,9.586360227907627e-07
v0_1,K2,20261203,12,9.57023162854758e-07
v0_1,K2,20261203,13,9.546579499302774e-07
v0_1,K2,20261203,14,9.523687270567771e-07
v0_1,K2,20261203,15,9.508997946651455e-07
v0_1,K2,20261203,16,9.505332006504526e-07
v0_1,K2,20261203,17,9.50857678995992e-07
v0_1,K2,20261203,18,9.509834806281985e-07
v0_1,K2,20261203,19,9.502034399413655e-07
v0_1,K2,20261203,20,9.485356452720983e-07
v0_1,K2,20261203,21,9.466750803240821e-07
v0_1,K2,20261203,22,9.454569031230698e-07
v0_1,K2,20261203,23,9.452241193820429e-07
v0_1,K2,20261203,24,9.455540228955258e-07
v0_1,K2,20261203,25,9.45641163078309e-07
v0_1,K2,20261203,26,9.450378510604234e-07
v0_1,K2,20261203,27,9.44031862908196e-07
v0_1,K2,20261203,28,9.433427539321851e-07
v0_1,K2,20261203,29,9.434408752739213e-07
v0_1,K2,20261203,30,9.440787841332672e-07
v0_1,K2,20261203,31,9.445478773382759e-07
v0_1,K2,20261203,32,9.444701514241901e-07
v0_1,K2,20261203,33,9.441769837599737e-07
v0_1,K2,20261203,34,9.441995584912209e-07
v0_1,K2,20261203,35,9.445458572285743e-07
v0_1,K2,20261203,36,9.447005814629449e-07
v0_1,K2,20261203,37,9.443327291966202e-07
v0_1,K2,20261203,38,9.437332772007441e-07
v0_1,K2,20261203,39,9.433931088721129e-07
v0_1,K2,20261203,40,9.433288463716469e-07
v0_1,K2,20261203,41,9.431440724229275e-07
v0_1,K2,20261203,42,9.427296126961799e-07
v0_1,K2,20261203,43,9.424527401332728e-07
v0_1,K2,20261203,44,9.425213145116139e-07
v0_1,K2,20261203,45,9.426300558965736e-07
v0_1,K2,20261203,46,9.424999974101329e-07
v0_1,K2,20261203,47,9.423468867954851e-07
v0_1,K2,20261203,48,9.424285108071575e-07
v0_1,K2,20261203,49,9.425280727716217e-07
v0_1,K2,20261203,50,9.423859673186627e-07
v0_1,K2,20261203,51,9.422035650782015e-07
v0_1,K2,20261203,52,9.421779501648962e-07
v0_1,K2,20261203,53,9.421011119169481e-07
v0_1,K2,20261203,54,9.418699884938677e-07
v0_1,K2,20261203,55,9.417059959470655e-07
v0_1,K2,20261203,56,9.416637843286948e-07
v0_1,K2,20261203,57,9.415572195618467e-07
v0_1,K2,20261203,58,9.414137249212738e-07
v0_1,K2,20261203,59,9.413884202523929e-07
v0_1,K2,20261203,60,9.413933118666848e-07
v0_1,K2,20261203,61,9.413158694584162e-07
v0_1,K2,20261203,62,9.412593755240048e-07
v0_1,K2,20261203,63,9.412523012499186e-07
v0_1,K2,20261203,64,9.411749032119183e-07
v0_1,K2,20261203,65,9.410623529495778e-07
v0_1,K2,20261203,66,9.410037626175901e-07
v0_1,K2,20261203,67,9.409312352398349e-07
v0_1,K2,20261203,68,9.408271967855337e-07
v0_1,K2,20261203,69,9.407734886771674e-07
v0_1,K2,20261203,70,9.407378437880157e-07
v0_1,K2,20261203,71,9.406722788847494e-07
v0_1,K2,20261203,72,9.406309682956962e-07
v0_1,K2,20261203,73,9.406007857848213e-07
v0_1,K2,20261203,74,9.405358973394122e-07
v0_1,K2,20261203,75,9.404793731069946e-07
v0_1,K2,20261203,76,9.40432248561247e-07
v0_1,K2,20261203,77,9.40359788242863e-07
v0_1,K2,20261203,78,9.403010857622966e-07
v0_1,K2,20261203,79,9.402562851661331e-07
v0_1,K2,20261203,80,9.401980886855246e-07
v0_1,K2,20261203,81,9.401556791047053e-07
v0_1,K2,20261203,82,9.401155360065038e-07
v0_1,K2,20261203,83,9.400610614625277e-07
v0_1,K2,20261203,84,9.400168465789206e-07
v0_1,K2,20261203,85,9.399638346863347e-07
v0_1,K2,20261203,86,9.39905631754288e-07
v0_1,K2,20261203,87,9.398574279336119e-07
v0_1,K2,20261203,88,9.398015742927201e-07
v0_1,K2,20261203,89,9.397534206058713e-07
v0_1,K2,20261203,90,9.397069405302248e-07
v0_1,K2,20261203,91,9.396550969947882e-07
v0_1,K2,20261203,92,9.396091674983342e-07
v0_1,K2,20261203,93,9.395550732994013e-07
v0_1,K2,20261203,94,9.39503608737474e-07
v0_1,K2,20261203,95,9.394503926723382e-07
v0_1,K2,20261203,96,9.393959299119669e-07
v0_1,K2,20261203,97,9.39345718700225e-07
v0_1,K2,20261203,98,9.392919924317196e-07
v0_1,K2,20261203,99,9.392423557879726e-07
v0_1,K2,20261203,100,9.391877990186339e-07
v0_1,K2,20261203,101,9.391350862753281e-07
v0_1,K2,20261203,102,9.390788011950132e-07
v0_1,K2,20261203,103,9.390234374488396e-07
v0_1,K2,20261203,104,9.389667970939766e-07
v0_1,K2,20261203,105,9.389109078197224e-07
v0_1,K2,20261203,106,9.388542548458102e-07
v0_1,K2,20261203,107,9.387972794658269e-07
v0_1,K2,20261203,108,9.38738786002116e-07
v0_1,K2,20261203,109,9.386792811079921e-07
v0_1,K2,20261203,110,9.386182150758062e-07
v0_1,K2,20261203,111,9.385567820923827e-07
v0_1,K2,20261203,112,9.384935828797051e-07
v0_1,K2,20261203,113,9.384304500019032e-07
v0_1,K2,20261203,114,9.38365670421017e-07
v0_1,K2,20261203,115,9.383011602536142e-07
v0_1,K2,20261203,116,9.382343808441663e-07
v0_1,K2,20261203,117,9.381676356852758e-07
v0_1,K2,20261203,118,9.38099905260982e-07
v0_1,K2,20261203,119,9.380306623692622e-07
v0_1,K2,20261203,120,9.379603245391929e-07
v0_1,K2,20261203,121,9.378883693198135e-07
v0_1,K2,20261203,122,9.378153037807995e-07
v0_1,K2,20261203,123,9.377402827264362e-07
v0_1,K2,20261203,124,9.376638923426873e-07
v0_1,K2,20261203,125,9.375862987000808e-07
v0_1,K2,20261203,126,9.375071245085258e-07
v0_1,K2,20261203,127,9.374264081696248e-07
v0_1,K2,20261203,128,9.373437562715756e-07
v0_1,K2,20261203,129,9.372583468442826e-07
v0_1,K2,20261203,130,9.371706465180248e-07
v0_1,K2,20261203,131,9.37081279610347e-07
v0_1,K2,20261203,132,9.369900842076461e-07
v0_1,K2,20261203,133,9.368967171864438e-07
v0_1,K2,20261203,134,9.368009742221476e-07
v0_1,K2,20261203,135,9.367025894162134e-07
v0_1,K2,20261203,136,9.366014723560156e-07
v0_1,K2,20261203,137,9.364981810453093e-07
v0_1,K2,20261203,138,9.363926639179992e-07
v0_1,K2,20261203,139,9.36284630531619e-07
v0_1,K2,20261203,140,9.361737745974241e-07
v0_1,K2,20261203,141,9.36059819340952e-07
v0_1,K2,20261203,142,9.35943406399735e-07
v0_1,K2,20261203,143,9.358242382575096e-07
v0_1,K2,20261203,144,9.357020434235994e-07
v0_1,K2,20261203,145,9.355765166203166e-07
v0_1,K2,20261203,146,9.354477960889012e-07
v0_1,K2,20261203,147,9.353162071321181e-07
v0_1,K2,20261203,148,9.351815656995604e-07
v0_1,K2,20261203,149,9.350439868501704e-07
v0_1,K2,20261203,150,9.349054300390595e-07
v0_1,K2,20261203,151,9.347764968128483e-07
v0_1,K2,20261203,152,9.347095316042083e-07
v0_1,K2,20261203,153,9.349802261699097e-07
v0_1,K2,20261203,154,9.368844600334995e-07
v0_1,K2,20261203,155,9.430676603420133e-07
v0_1,K2,20261203,156,9.501680998354947e-07
v0_1,K2,20261203,157,9.378742448688894e-07
v0_1,K2,20261203,158,9.364973345544145e-07
v0_1,K2,20261203,159,9.404086337100483e-07
v0_1,K2,20261203,160,9.339431953480349e-07
v0_1,K2,20261203,161,9.386183755967257e-07
v0_1,K2,20261203,162,9.336788178804211e-07
v0_1,K2,20261203,163,9.364291580503652e-07
v0_1,K2,20261203,164,9.341601011491423e-07
v0_1,K2,20261203,165,9.343237920698489e-07
v0_1,K2,20261203,166,9.349085045417143e-07
v0_1,K2,20261203,167,9.329206941362609e-07
v0_1,K2,20261203,168,9.343297418141416e-07
v0_1,K2,20261203,169,9.332155496121596e-07
v0_1,K2,20261203,170,9.327613733240068e-07
v0_1,K2,20261203,171,9.334804238635737e-07
v0_1,K2,20261203,172,9.322732633323733e-07
v0_1,K2,20261203,173,9.32392739179277e-07
v0_1,K2,20261203,174,9.325218477289782e-07
v0_1,K2,20261203,175,9.315669864318492e-07
v0_1,K2,20261203,176,9.318358345501954e-07
v0_1,K2,20261203,177,9.315814630010148e-07
v0_1,K2,20261203,178,9.309214552750786e-07
v0_1,K2,20261203,179,9.31150922663996e-07
v0_1,K2,20261203,180,9.306662500106187e-07
v0_1,K2,20261203,181,9.30287585861881e-07
v0_1,K2,20261203,182,9.303603987667705e-07
v0_1,K2,20261203,183,9.297713556836508e-07
v0_1,K2,20261203,184,9.296220498611215e-07
v0_1,K2,20261203,185,9.294320037708731e-07
v0_1,K2,20261203,186,9.289137752850843e-07
v0_1,K2,20261203,187,9.2884985453208e-07
v0_1,K2,20261203,188,9.283980667943034e-07
v0_1,K2,20261203,189,9.280947697240954e-07
v0_1,K2,20261203,190,9.278702896757728e-07
v0_1,K2,20261203,191,9.273730810593958e-07
v0_1,K2,20261203,192,9.271869311247683e-07
v0_1,K2,20261203,193,9.267135328682458e-07
v0_1,K2,20261203,194,9.264198629053743e-07
v0_1,K2,20261203,195,9.260327446787355e-07
v0_1,K2,20261203,196,9.256211486394739e-07
v0_1,K2,20261203,197,9.252845138696506e-07
v0_1,K2,20261203,198,9.248097968304587e-07
v0_1,K2,20261203,199,9.244727441684487e-07
v0_1,K2,20261203,200,9.239667546843983e-07
v0_1,K2,20261203,201,9.236014681638171e-07
v0_1,K2,20261203,202,9.230764413269494e-07
v0_1,K2,20261203,203,9.226704782005631e-07
v0_1,K2,20261203,204,9.22132989192307e-07
v0_1,K2,20261203,205,9.216776790810084e-07
v0_1,K2,20261203,206,9.21141607430742e-07
v0_1,K2,20261203,207,9.206164751423022e-07
v0_1,K2,20261203,208,9.200958387305147e-07
v0_1,K2,20261203,209,9.195000411758407e-07
v0_1,K2,20261203,210,9.189641969930815e-07
v0_1,K2,20261203,211,9.183537313677721e-07
v0_1,K2,20261203,212,9.177223275585825e-07
v0_1,K2,20261203,213,9.171282209954242e-07
v0_1,K2,20261203,214,9.164716450838955e-07
v0_1,K2,20261203,215,9.157667502196443e-07
v0_1,K2,20261203,216,9.150803314886146e-07
v0_1,K2,20261203,217,9.143970986560375e-07
v0_1,K2,20261203,218,9.136853654651761e-07
v0_1,K2,20261203,219,9.129447547777012e-07
v0_1,K2,20261203,220,9.122071740084208e-07
v0_1,K2,20261203,221,9.115516499862917e-07
v0_1,K2,20261203,222,9.113598843065398e-07
v0_1,K2,20261203,223,9.134349252625313e-07
v0_1,K2,20261203,224,9.258263556219602e-07
v0_1,K2,20261203,225,9.586682841791123e-07
v0_1,K2,20261203,226,9.546175467748575e-07
v0_1,K2,20261203,227,9.085445964798787e-07
v0_1,K2,20261203,228,9.330406489862906e-07
v0_1,K2,20261203,229,9.163195246057556e-07
v0_1,K2,20261203,230,9.180075150418709e-07
v0_1,K2,20261203,231,9.193358524425564e-07
v0_1,K2,20261203,232,9.14339372014138e-07
v0_1,K2,20261203,233,9.159174392533873e-07
v0_1,K2,20261203,234,9.117800117546049e-07
v0_1,K2,20261203,235,9.13307298482812e-07
v0_1,K2,20261203,236,9.111982896835679e-07
v0_1,K2,20261203,237,9.092858073597254e-07
v0_1,K2,20261203,238,9.098708311578463e-07
v0_1,K2,20261203,239,9.063774244401781e-07
v0_1,K2,20261203,240,9.081183672199394e-07
v0_1,K2,20261203,241,9.037314404190998e-07
v0_1,K2,20261203,242,9.055987153645057e-07
v0_1,K2,20261203,243,9.023748350142788e-07
v0_1,K2,20261203,244,9.027455140020355e-07
v0_1,K2,20261203,245,9.012245016148139e-07
v0_1,K2,20261203,246,8.997196133556718e-07
v0_1,K2,20261203,247,9.001385608244709e-07
v0_1,K2,20261203,248,8.964313041041319e-07
v0_1,K2,20261203,249,8.987711078056667e-07
v0_1,K2,20261203,250,8.942875387365993e-07
v0_1,K2,20261203,251,8.953428476151571e-07
v0_1,K2,20261203,252,8.941070212820175e-07
v0_1,K2,20261203,253,8.907746710600008e-07
v0_1,K2,20261203,254,8.920602870501974e-07
v0_1,K2,20261203,255,8.90531620124617e-07
v0_1,K2,20261203,256,8.87022335930972e-07
v0_1,K2,20261203,257,8.866920913301091e-07
v0_1,K2,20261203,258,8.874202845502437e-07
v0_1,K2,20261203,259,8.862107280460561e-07
v0_1,K2,20261203,260,8.834036585722871e-07
v0_1,K2,20261203,261,8.807135363069342e-07
v0_1,K2,20261203,262,8.785421933974635e-07
v0_1,K2,20261203,263,8.767760734925567e-07
v0_1,K2,20261203,264,8.753099269284681e-07
v0_1,K2,20261203,265,8.746855289158511e-07
v0_1,K2,20261203,266,8.793953335218418e-07
v0_1,K2,20261203,267,9.164813816138803e-07
v0_1,K2,20261203,268,1.087045925790134e-06
v0_1,K2,20261203,269,1.1688476260327187e-06
v0_1,K2,20261203,270,8.974750726695655e-07
v0_1,K2,20261203,271,9.561647511047811e-07
v0_1,K2,20261203,272,9.319066977402647e-07
v0_1,K2,20261203,273,9.509547632331643e-07
v0_1,K2,20261203,274,9.365550677298991e-07
v0_1,K2,20261203,275,9.547779702112569e-07
v0_1,K2,20261203,276,9.435993707449941e-07
v0_1,K2,20261203,277,9.469853408869523e-07
v0_1,K2,20261203,278,9.480010566639065e-07
v0_1,K2,20261203,279,9.388437864840783e-07
v0_1,K2,20261203,280,9.469482786334105e-07
v0_1,K2,20261203,281,9.384241969311727e-07
v0_1,K2,20261203,282,9.410133187073239e-07
v0_1,K2,20261203,283,9.427377446464772e-07
v0_1,K2,20261203,284,9.380866959883234e-07
v0_1,K2,20261203,285,9.433282385574807e-07
v0_1,K2,20261203,286,9.400452539966407e-07
v0_1,K2,20261203,287,9.388677395023682e-07
v0_1,K2,20261203,288,9.409483858432063e-07
v0_1,K2,20261203,289,9.368227287694242e-07
v0_1,K2,20261203,290,9.383063963722834e-07
v0_1,K2,20261203,291,9.383061696725283e-07
v0_1,K2,20261203,292,9.36171955113459e-07
v0_1,K2,20261203,293,9.38231160949059e-07
v0_1,K2,20261203,294,9.368784267959281e-07
v0_1,K2,20261203,295,9.36167067120233e-07
v0_1,K2,20261203,296,9.370669418691781e-07
v0_1,K2,20261203,297,9.351427669995881e-07
v0_1,K2,20261203,298,9.351506846763736e-07
v0_1,K2,20261203,299,9.351267494672192e-07
v0_1,K2,20261203,300,9.338363410089767e-07
v0_2,K0,20261211,1,0.9979403984704369
v0_2,K0,20261211,2,0.9976423846203736
v0_2,K0,20261211,3,0.9970546490657839
v0_2,K0,20261211,4,0.9961934956719087
v0_2,K0,20261211,5,0.9950829505049051
v0_2,K0,20261211,6,0.9937546725527627
v0_2,K0,20261211,7,0.9922479804995241
v0_2,K0,20261211,8,0.9906100744767978
v0_2,K0,20261211,9,0.9888966140927713
v0_2,K0,20261211,10,0.9871734200113832
v0_2,K0,20261211,11,0.9855197048315644
v0_2,K0,20261211,12,0.9840324277296801
v0_2,K0,20261211,13,0.9828318452657498
v0_2,K0,20261211,14,0.9820747641075394
v0_2,K0,20261211,15,0.9819177055498695
v0_2,K0,20261211,16,0.9823938301313878
v0_2,K0,20261211,17,0.9832545524345618
v0_2,K0,20261211,18,0.9840302881141869
v0_2,K0,20261211,19,0.9844644086655067
v0_2,K0,20261211,20,0.9844623298886704
v0_2,K0,20261211,21,0.9840602558336723
v0_2,K0,20261211,22,0.9833909929316249
v0_2,K0,20261211,23,0.9826495910189517
v0_2,K0,20261211,24,0.9820880521888816
v0_2,K0,20261211,25,0.9818550306404258
v0_2,K0,20261211,26,0.9819561533222164
v0_2,K0,20261211,27,0.9822702718904383
v0_2,K0,20261211,28,0.9826124682397933
v0_2,K0,20261211,29,0.982819107600039
v0_2,K0,20261211,30,0.9828099691292697
v0_2,K0,20261211,31,0.9826013289219229
v0_2,K0,20261211,32,0.9822828677174062
v0_2,K0,20261211,33,0.9819784964405054
v0_2,K0,20261211,34,0.9818006705611613
v0_2,K0,20261211,35,0.9818041818127441
v0_2,K0,20261211,36,0.9819540493039619
v0_2,K0,20261211,37,0.9821347100368997
v0_2,K0,20261211,38,0.9822166342137505
v0_2,K0,20261211,39,0.9821430428787212
v0_2,K0,20261211,40,0.9819631842820187
v0_2,K0,20261211,41,0.9817864239056436
v0_2,K0,20261211,42,0.9817029966525537
v0_2,K0,20261211,43,0.9817317552152268
v0_2,K0,20261211,44,0.9818213297213818
v0_2,K0,20261211,45,0.9818920238330079
v0_2,K0,20261211,46,0.9818866660378326
v0_2,K0,20261211,47,0.9818017232427243
v0_2,K0,20261211,48,0.9816853782481663
v0_2,K0,20261211,49,0.9816052727062111
v0_2,K0,20261211,50,0.9816011055206313
v0_2,K0,20261211,51,0.9816505817132617
v0_2,K0,20261211,52,0.9816829534946224
v0_2,K0,20261211,53,0.981648726613906
v0_2,K0,20261211,54,0.9815653012652482
v0_2,K0,20261211,55,0.9814921194444443
v0_2,K0,20261211,56,0.9814698870358373
v0_2,K0,20261211,57,0.9814865736067334
v0_2,K0,20261211,58,0.9814956106525824
v0_2,K0,20261211,59,0.9814631221542678
v0_2,K0,20261211,60,0.9813985815653842
v0_2,K0,20261211,61,0.9813420748427628
v0_2,K0,20261211,62,0.9813216215682694
v0_2,K0,20261211,63,0.9813220071281261
v0_2,K0,20261211,64,0.9813026745355679
v0_2,K0,20261211,65,0.9812490380822564
v0_2,K0,20261211,66,0.9811899281151633
v0_2,K0,20261211,67,0.9811571549309971
v0_2,K0,20261211,68,0.9811424208487826
v0_2,K0,20261211,69,0.9811102692758065
v0_2,K0,20261211,70,0.9810505814191408
v0_2,K0,20261211,71,0.9809929810353362
v0_2,K0,20261211,72,0.9809588205387145
v0_2,K0,20261211,73,0.9809243606472492
v0_2,K0,20261211,74,0.980863180618254
v0_2,K0,20261211,75,0.9807961662957867
v0_2,K0,20261211,76,0.9807495340158138
v0_2,K0,20261211,77,0.9806999694459121
v0_2,K0,20261211,78,0.9806244153731966
v0_2,K0,20261211,79,0.9805518454845633
v0_2,K0,20261211,80,0.9804934932525156
v0_2,K0,20261211,81,0.9804141409845396
v0_2,K0,20261211,82,0.9803253062946427
v0_2,K0,20261211,83,0.980251917019493
v0_2,K0,20261211,84,0.9801585043090874
v0_2,K0,20261211,85,0.9800560512379873
v0_2,K0,20261211,86,0.9799644000455825
v0_2,K0,20261211,87,0.9798470898505248
v0_2,K0,20261211,88,0.9797365354676274
v0_2,K0,20261211,89,0.979613603865049
v0_2,K0,20261211,90,0.9794791821904514
v0_2,K0,20261211,91,0.9793442635653691
v0_2,K0,20261211,92,0.9791904434540561
v0_2,K0,20261211,93,0.9790360453197118
v0_2,K0,20261211,94,0.9788639639273846
v0_2,K0,20261211,95,0.9786813936506439
v0_2,K0,20261211,96,0.978494262249892
v0_2,K0,20261211,97,0.9782799998284994
v0_2,K0,20261211,98,0.9780606599184416
v0_2,K0,20261211,99,0.9778327570514412
v0_2,K0,20261211,100,0.977583830387105
v0_2,K0,20261211,101,0.9773163944518882
v0_2,K0,20261211,102,0.9770350681790984
v0_2,K0,20261211,103,0.976752724653075
v0_2,K0,20261211,104,0.9765123280257524
v0_2,K0,20261211,105,0.9763847782695316
v0_2,K0,20261211,106,0.9761122368474321
v0_2,K0,20261211,107,0.9754978290569617
v0_2,K0,20261211,108,0.9752379600490378
v0_2,K0,20261211,109,0.975147657591556
v0_2,K0,20261211,110,0.974596800803215
v0_2,K0,20261211,111,0.9740872790017859
v0_2,K0,20261211,112,0.9739736201357263
v0_2,K0,20261211,113,0.9736612689834039
v0_2,K0,20261211,114,0.9729773901864965
v0_2,K0,20261211,115,0.9725290065969623
v0_2,K0,20261211,116,0.972383265642315
v0_2,K0,20261211,117,0.9720946099260566
v0_2,K0,20261211,118,0.97138564574354
v0_2,K0,20261211,119,0.9706814355615897
v0_2,K0,20261211,120,0.9703527614398493
v0_2,K0,20261211,121,0.970244450815497
v0_2,K0,20261211,122,0.9699737064669672
v0_2,K0,20261211,123,0.9690973390456729
v0_2,K0,20261211,124,0.9681399961945341
v0_2,K0,20261211,125,0.9677923485128842
v0_2,K0,20261211,126,0.9677959778312684
v0_2,K0,20261211,127,0.9674669727040512
v0_2,K0,20261211,128,0.9663353808172518
v0_2,K0,20261211,129,0.965289053166188
v0_2,K0,20261211,130,0.965051814612582
v0_2,K0,20261211,131,0.9651259953539598
v0_2,K0,20261211,132,0.9646040959343004
v0_2,K0,20261211,133,0.9632183891072832
v0_2,K0,20261211,134,0.9621761924585301
v0_2,K0,20261211,135,0.9620441646146373
v0_2,K0,20261211,136,0.9621627648001841
v0_2,K0,20261211,137,0.9608661577975113
v0_2,K0,20261211,138,0.9595604653861006
v0_2,K0,20261211,139,0.9588367165453647
v0_2,K0,20261211,140,0.9586756001713719
v0_2,K0,20261211,141,0.9590157876217194
v0_2,K0,20261211,142,0.9567871695112825
v0_2,K0,20261211,143,0.955858619241431
v0_2,K0,20261211,144,0.956019925162427
v0_2,K0,20261211,145,0.9568193070833801
v0_2,K0,20261211,146,0.9534981414704828
v0_2,K0,20261211,147,0.9562251856734092
v0_2,K0,20261211,148,0.9519321597838338
v0_2,K0,20261211,149,0.9541130373904202
v0_2,K0,20261211,150,0.9507069628444311
v0_2,K0,20261211,151,0.9496162791481112
v0_2,K0,20261211,152,0.9496312890636024
v0_2,K0,20261211,153,0.9518060513300504
v0_2,K0,20261211,154,0.9478291635617109
v0_2,K0,20261211,155,0.9607881042479318
v0_2,K0,20261211,156,0.964026657488357
v0_2,K0,20261211,157,0.9460564499148119
v0_2,K0,20261211,158,0.9734469560234029
v0_2,K0,20261211,159,1.0029095169182562
v0_2,K0,20261211,160,0.981907836776891
v0_2,K0,20261211,161,0.9446479263237305
v0_2,K0,20261211,162,0.9799270497181983
v0_2,K0,20261211,163,1.0340411955052193
v0_2,K0,20261211,164,1.0296128665053768
v0_2,K0,20261211,165,0.9765465744957504
v0_2,K0,20261211,166,0.9407561269004671
v0_2,K0,20261211,167,0.9625176575704021
v0_2,K0,20261211,168,0.9702063586959423
v0_2,K0,20261211,169,0.9491175902939882
v0_2,K0,20261211,170,0.9441082153183588
v0_2,K0,20261211,171,0.9532899614824234
v0_2,K0,20261211,172,0.9436554169847219
v0_2,K0,20261211,173,0.9434504894725098
v0_2,K0,20261211,174,0.9485893868048655
v0_2,K0,20261211,175,0.939475565891901
v0_2,K0,20261211,176,0.9493030897489965
v0_2,K0,20261211,177,0.9593195046418521
v0_2,K0,20261211,178,0.9459969771114407
v0_2,K0,20261211,179,0.938513859168285
v0_2,K0,20261211,180,0.9425744855354196
v0_2,K0,20261211,181,0.93657539975251
v0_2,K0,20261211,182,0.947735890768428
v0_2,K0,20261211,183,0.9558696123121093
v0_2,K0,20261211,184,0.9423155426637707
v0_2,K0,20261211,185,0.9370153620339741
v0_2,K0,20261211,186,0.9422873896221434
v0_2,K0,20261211,187,0.9352489569523496
v0_2,K0,20261211,188,0.9411882088355437
v0_2,K0,20261211,189,0.9474081720890882
v0_2,K0,20261211,190,0.9364638550277014
v0_2,K0,20261211,191,0.9375147844016551
v0_2,K0,20261211,192,0.9445653577983386
v0_2,K0,20261211,193,0.9354733145865765
v0_2,K0,20261211,194,0.9350286241787621
v0_2,K0,20261211,195,0.9395307365855733
v0_2,K0,20261211,196,0.9317252668160267
v0_2,K0,20261211,197,0.9392486376046194
v0_2,K0,20261211,198,0.9478732285601176
v0_2,K0,20261211,199,0.936760352946958
v0_2,K0,20261211,200,0.9303042915498791
v0_2,K0,20261211,201,0.9331667051587352
v0_2,K0,20261211,202,0.9282335210660281
v0_2,K0,20261211,203,0.9364424013382199
v0_2,K0,20261211,204,0.9391408983479576
v0_2,K0,20261211,205,0.9283641659978876
v0_2,K0,20261211,206,0.9363256317992282
v0_2,K0,20261211,207,0.9474505831717532
v0_2,K0,20261211,208,0.9369546571726987
v0_2,K0,20261211,209,0.9250035585023599
v0_2,K0,20261211,210,0.9300510029300159
v0_2,K0,20261211,211,0.9267292781758295
v0_2,K0,20261211,212,0.9257115496988725
v0_2,K0,20261211,213,0.9261576891111611
v0_2,K0,20261211,214,0.9226738486121556
v0_2,K0,20261211,215,0.9218239857688739
v0_2,K0,20261211,216,0.9223345925897285
v0_2,K0,20261211,217,0.9203700713861278
v0_2,K0,20261211,218,0.9195960100513025
v0_2,K0,20261211,219,0.9200515558416916
v0_2,K0,20261211,220,0.917715526234402
v0_2,K0,20261211,221,0.9174314737188355
v0_2,K0,20261211,222,0.9172166259752297
v0_2,K0,20261211,223,0.9149150966199322
v0_2,K0,20261211,224,0.9180952654272301
v0_2,K0,20261211,225,0.914873586702044
v0_2,K0,20261211,226,0.915750185835303
v0_2,K0,20261211,227,0.9159380647370002
v0_2,K0,20261211,228,0.9103597103543274
v0_2,K0,20261211,229,0.9096297589565264
v0_2,K0,20261211,230,0.9123199911369436
v0_2,K0,20261211,231,0.9096418622556703
v0_2,K0,20261211,232,0.9098794562959096
v0_2,K0,20261211,233,0.9097317729388715
v0_2,K0,20261211,234,0.9053662859686715
v0_2,K0,20261211,235,0.9041257396576392
v0_2,K0,20261211,236,0.9056470636151382
v0_2,K0,20261211,237,0.9023741625077822
v0_2,K0,20261211,238,0.9107273319495697
v0_2,K0,20261211,239,0.9113397086325333
v0_2,K0,20261211,240,0.8998802025365351
v0_2,K0,20261211,241,0.9216422493832027
v0_2,K0,20261211,242,0.9439946940204789
v0_2,K0,20261211,243,0.9285444906265122
v0_2,K0,20261211,244,0.8988986277025296
v0_2,K0,20261211,245,0.9196489745859198
v0_2,K0,20261211,246,0.9558420926797325
v0_2,K0,20261211,247,0.952031440471043
v0_2,K0,20261211,248,0.9152583767464381
v0_2,K0,20261211,249,0.8948250029269718
v0_2,K0,20261211,250,0.9035086853590514
v0_2,K0,20261211,251,0.8984298037997134
v0_2,K0,20261211,252,0.894310733131728
v0_2,K0,20261211,253,0.8948100804497747
v0_2,K0,20261211,254,0.8926566699138068
v0_2,K0,20261211,255,0.8914521121031005
v0_2,K0,20261211,256,0.896883342324025
v0_2,K0,20261211,257,0.8959419596535272
v0_2,K0,20261211,258,0.8893343986338167
v0_2,K0,20261211,259,0.8885598696928234
v0_2,K0,20261211,260,0.8930745285868562
v0_2,K0,20261211,261,0.8904503610795553
v0_2,K0,20261211,262,0.8883872736992421
v0_2,K0,20261211,263,0.8880845374875669
v0_2,K0,20261211,264,0.8865523273095988
v0_2,K0,20261211,265,0.8851184366281684
v0_2,K0,20261211,266,0.889179060226408
v0_2,K0,20261211,267,0.8884513895718601
v0_2,K0,20261211,268,0.8826936179618714
v0_2,K0,20261211,269,0.8817368753427544
v0_2,K0,20261211,270,0.8882845984738722
v0_2,K0,20261211,271,0.8867742845082612
v0_2,K0,20261211,272,0.8795552818287653
v0_2,K0,20261211,273,0.8786568381463261
v0_2,K0,20261211,274,0.882135224507433
v0_2,K0,20261211,275,0.8786639168058165
v0_2,K0,20261211,276,0.8810252491034206
v0_2,K0,20261211,277,0.8817248966153785
v0_2,K0,20261211,278,0.8745975038412017
v0_2,K0,20261211,279,0.8766688539930471
v0_2,K0,20261211,280,0.8729129321101031
v0_2,K0,20261211,281,0.8830117222755535
v0_2,K0,20261211,282,0.8844629409734273
v0_2,K0,20261211,283,0.8711226324626112
v0_2,K0,20261211,284,0.8897921171005364
v0_2,K0,20261211,285,0.9110633800528424
v0_2,K0,20261211,286,0.894951639844695
v0_2,K0,20261211,287,0.8681447096505809
v0_2,K0,20261211,288,0.9005787629857176
v0_2,K0,20261211,289,0.9450140574578565
v0_2,K0,20261211,290,0.9418470307676468
v0_2,K0,20261211,291,0.8978579772589026
v0_2,K0,20261211,292,0.8647599714497096
v0_2,K0,20261211,293,0.8977328974415656
v0_2,K0,20261211,294,0.9287499191598778
v0_2,K0,20261211,295,0.9123885390794795
v0_2,K0,20261211,296,0.8720944229817967
v0_2,K0,20261211,297,0.8736785491754485
v0_2,K0,20261211,298,0.8989083188661747
v0_2,K0,20261211,299,0.8944396294772455
v0_2,K0,20261211,300,0.8685826278677701
v0_2,K0,20261211,301,0.8712345691341714
v0_2,K0,20261211,302,0.8907868003193533
v0_2,K0,20261211,303,0.8823524024414179
v0_2,K0,20261211,304,0.8622190311650776
v0_2,K0,20261211,305,0.8830329308748023
v0_2,K0,20261211,306,0.9104500539272893
v0_2,K0,20261211,307,0.9030414538231418
v0_2,K0,20261211,308,0.8717319920325722
v0_2,K0,20261211,309,0.8649311638985582
v0_2,K0,20261211,310,0.8815558928956098
v0_2,K0,20261211,311,0.8760339625960579
v0_2,K0,20261211,312,0.8598380245915987
v0_2,K0,20261211,313,0.8803954389665253
v0_2,K0,20261211,314,0.9049762725981266
v0_2,K0,20261211,315,0.8960913074612069
v0_2,K0,20261211,316,0.8661186724232054
v0_2,K0,20261211,317,0.865585847625749
v0_2,K0,20261211,318,0.8866770407366584
v0_2,K0,20261211,319,0.8810863706620748
v0_2,K0,20261211,320,0.8592817240088986
v0_2,K0,20261211,321,0.871196661497453
v0_2,K0,20261211,322,0.89324755197441
v0_2,K0,20261211,323,0.8857209410454974
v0_2,K0,20261211,324,0.8605363524414965
v0_2,K0,20261211,325,0.8675323467183491
v0_2,K0,20261211,326,0.89105600439873
v0_2,K0,20261211,327,0.8844627145228141
v0_2,K0,20261211,328,0.8594199569923578
v0_2,K0,20261211,329,0.8658776997145297
v0_2,K0,20261211,330,0.8857130641726706
v0_2,K0,20261211,331,0.8792107932070597
v0_2,K0,20261211,332,0.85745886592859
v0_2,K0,20261211,333,0.8681773498568763
v0_2,K0,20261211,334,0.8923368215175711
v0_2,K0,20261211,335,0.885498871708647
v0_2,K0,20261211,336,0.859342973639091
v0_2,K0,20261211,337,0.8621861890698869
v0_2,K0,20261211,338,0.8798762518877198
v0_2,K0,20261211,339,0.8739901860240435
v0_2,K0,20261211,340,0.8550165638393991
v0_2,K0,20261211,341,0.8688924616658713
v0_2,K0,20261211,342,0.893992882359439
v0_2,K0,20261211,343,0.8872699026921569
v0_2,K0,20261211,344,0.8597710509262185
v0_2,K0,20261211,345,0.858311324727337
v0_2,K0,20261211,346,0.873580850981549
v0_2,K0,20261211,347,0.8682098965092249
v0_2,K0,20261211,348,0.8523476174574489
v0_2,K0,20261211,349,0.8711780991582755
v0_2,K0,20261211,350,0.8986792520275361
v0_2,K0,20261211,351,0.8920527010525371
v0_2,K0,20261211,352,0.8616264919441179
v0_2,K0,20261211,353,0.8537023264179725
v0_2,K0,20261211,354,0.8660085887122759
v0_2,K0,20261211,355,0.8612646330748298
v0_2,K0,20261211,356,0.8494972952284191
v0_2,K0,20261211,357,0.876950182097471
v0_2,K0,20261211,358,0.9104181551440617
v0_2,K0,20261211,359,0.9044714197558573
v0_2,K0,20261211,360,0.8677022815072097
v0_2,K0,20261211,361,0.8477923477507416
v0_2,K0,20261211,362,0.8556798338810306
v0_2,K0,20261211,363,0.8518739787874597
v0_2,K0,20261211,364,0.8467632903441703
v0_2,K0,20261211,365,0.8470377358900122
v0_2,K0,20261211,366,0.846544803183153
v0_2,K0,20261211,367,0.8451914834617
v0_2,K0,20261211,368,0.850828954540361
v0_2,K0,20261211,369,0.8514518974232267
v0_2,K0,20261211,370,0.8435203044502361
v0_2,K0,20261211,371,0.8627508132443285
v0_2,K0,20261211,372,0.8797180792364628
v0_2,K0,20261211,373,0.8670678158243068
v0_2,K0,20261211,374,0.8433395572891735
v0_2,K0,20261211,375,0.8606642712135583
v0_2,K0,20261211,376,0.8916720181628564
v0_2,K0,20261211,377,0.8875487789327807
v0_2,K0,20261211,378,0.8555000283876094
v0_2,K0,20261211,379,0.8407178098349509
v0_2,K0,20261211,380,0.8491171850678344
v0_2,K0,20261211,381,0.8445558232558235
v0_2,K0,20261211,382,0.8390282848803239
v0_2,K0,20261211,383,0.8395493916444144
v0_2,K0,20261211,384,0.8383344489688878
v0_2,K0,20261211,385,0.83712251223004
v0_2,K0,20261211,386,0.8414965385653348
v0_2,K0,20261211,387,0.8393588241840609
v0_2,K0,20261211,388,0.8359986292969257
v0_2,K0,20261211,389,0.8354316896262645
v0_2,K0,20261211,390,0.8363327978525747
v0_2,K0,20261211,391,0.8349993701785764
v0_2,K0,20261211,392,0.8349836179830298
v0_2,K0,20261211,393,0.8343174523691023
v0_2,K0,20261211,394,0.8329358720158079
v0_2,K0,20261211,395,0.8318884495026837
v0_2,K0,20261211,396,0.8340138809463546
v0_2,K0,20261211,397,0.8332102690031312
v0_2,K0,20261211,398,0.8300344093073666
v0_2,K0,20261211,399,0.8291426541605662
v0_2,K0,20261211,400,0.8327390607632021
v0_2,K0,20261211,401,0.8317310052375776
v0_2,K0,20261211,402,0.8273883551571133
v0_2,K0,20261211,403,0.8266089639372993
v0_2,K0,20261211,404,0.8305324810022244
v0_2,K0,20261211,405,0.8291540496197488
v0_2,K0,20261211,406,0.825033165068198
v0_2,K0,20261211,407,0.8243043026512388
v0_2,K0,20261211,408,0.8269211484145164
v0_2,K0,20261211,409,0.8253739852260703
v0_2,K0,20261211,410,0.8232646831697579
v0_2,K0,20261211,411,0.8226152519135247
v0_2,K0,20261211,412,0.822757709262046
v0_2,K0,20261211,413,0.8214064842250006
v0_2,K0,20261211,414,0.82245020751252
v0_2,K0,20261211,415,0.8218861164947434
v0_2,K0,20261211,416,0.8190152899017192
v0_2,K0,20261211,417,0.8179868284003006
v0_2,K0,20261211,418,0.8225861387714122
v0_2,K0,20261211,419,0.8220418134347562
v0_2,K0,20261211,420,0.8158332294024802
v0_2,K0,20261211,421,0.8149671856014281
v0_2,K0,20261211,422,0.8139417774665256
v0_2,K0,20261211,423,0.8130760379735218
v0_2,K0,20261211,424,0.8136904278900626
v0_2,K0,20261211,425,0.8107835355915771
v0_2,K0,20261211,426,0.8165452722323693
v0_2,K0,20261211,427,0.8177110935836184
v0_2,K0,20261211,428,0.8076332189299539
v0_2,K0,20261211,429,0.8236563291801527
v0_2,K0,20261211,430,0.8400255903512344
v0_2,K0,20261211,431,0.826020249361717
v0_2,K0,20261211,432,0.8042023135755877
v0_2,K0,20261211,433,0.8318014364409879
v0_2,K0,20261211,434,0.8690351203372579
v0_2,K0,20261211,435,0.8662776631295916
v0_2,K0,20261211,436,0.8289325503383892
v0_2,K0,20261211,437,0.8005225664835746
v0_2,K0,20261211,438,0.8359048637350925
v0_2,K0,20261211,439,0.8771200302735975
v0_2,K0,20261211,440,0.8718715305958753
v0_2,K0,20261211,441,0.8282472156624313
v0_2,K0,20261211,442,0.7970227354369821
v0_2,K0,20261211,443,0.8290825498270455
v0_2,K0,20261211,444,0.8641001831168639
v0_2,K0,20261211,445,0.8576820171350045
v0_2,K0,20261211,446,0.8183671775230528
v0_2,K0,20261211,447,0.7935421073526219
v0_2,K0,20261211,448,0.8005229653518798
v0_2,K0,20261211,449,0.7965006421519375
v0_2,K0,20261211,450,0.792853275017992
v0_2,K0,20261211,451,0.7929804795704892
v0_2,K0,20261211,452,0.7911711621025408
v0_2,K0,20261211,453,0.7898466565195617
v0_2,K0,20261211,454,0.7953370982612001
v0_2,K0,20261211,455,0.7950315924459594
v0_2,K0,20261211,456,0.787625708428382
v0_2,K0,20261211,457,0.7887721175823542
v0_2,K0,20261211,458,0.7858100381168841
v0_2,K0,20261211,459,0.7847492127603407
v0_2,K0,20261211,460,0.7880401066496769
v0_2,K0,20261211,461,0.7849693364255069
v0_2,K0,20261211,462,0.783468196111013
v0_2,K0,20261211,463,0.7828418972510524
v0_2,K0,20261211,464,0.7799994097959644
v0_2,K0,20261211,465,0.7784545555975433
v0_2,K0,20261211,466,0.7830210019388234
v0_2,K0,20261211,467,0.782065282140688
v0_2,K0,20261211,468,0.7754198682260462
v0_2,K0,20261211,469,0.7743482222877843
v0_2,K0,20261211,470,0.7797336226195472
v0_2,K0,20261211,471,0.7771481774186482
v0_2,K0,20261211,472,0.771466487102368
v0_2,K0,20261211,473,0.7704108472016835
v0_2,K0,20261211,474,0.7726987302517776
v0_2,K0,20261211,475,0.7706211859938007
v0_2,K0,20261211,476,0.7687704536954896
v0_2,K0,20261211,477,0.7678391501628571
v0_2,K0,20261211,478,0.7671313487961116
v0_2,K0,20261211,479,0.7655846642450156
v0_2,K0,20261211,480,0.7671208442437039
v0_2,K0,20261211,481,0.7662300337057047
v0_2,K0,20261211,482,0.762836454343845
v0_2,K0,20261211,483,0.7616582337370403
v0_2,K0,20261211,484,0.7661682258423517
v0_2,K0,20261211,485,0.7652884028483874
v0_2,K0,20261211,486,0.7592229411526905
v0_2,K0,20261211,487,0.7582531671479458
v0_2,K0,20261211,488,0.7655156227433484
v0_2,K0,20261211,489,0.7643684299610041
v0_2,K0,20261211,490,0.755222749624894
v0_2,K0,20261211,491,0.7614492489818542
v0_2,K0,20261211,492,0.7585482166894199
v0_2,K0,20261211,493,0.7521225573320921
v0_2,K0,20261211,494,0.7510521738931843
v0_2,K0,20261211,495,0.7535708606411889
v0_2,K0,20261211,496,0.7513485518098063
v0_2,K0,20261211,497,0.7493591540476785
v0_2,K0,20261211,498,0.7484314476538142
v0_2,K0,20261211,499,0.7475990671427392
v0_2,K0,20261211,500,0.7459981222876121
v0_2,K0,20261211,501,0.7478143573379002
v0_2,K0,20261211,502,0.7469544212481722
v0_2,K0,20261211,503,0.7431048727186443
v0_2,K0,20261211,504,0.7419211712512436
v0_2,K0,20261211,505,0.7471412935151583
v0_2,K0,20261211,506,0.7463144754490417
v0_2,K0,20261211,507,0.7393699954240849
v0_2,K0,20261211,508,0.7383791120367271
v0_2,K0,20261211,509,0.7376038614731284
v0_2,K0,20261211,510,0.7376902467005801
v0_2,K0,20261211,511,0.7347829118027076
v0_2,K0,20261211,512,0.7436707356572277
v0_2,K0,20261211,513,0.7458757895888105
v0_2,K0,20261211,514,0.7327430022320999
v0_2,K0,20261211,515,0.7438917198600741
v0_2,K0,20261211,516,0.7582653484171173
v0_2,K0,20261211,517,0.7451650507278473
v0_2,K0,20261211,518,0.7275212154129526
v0_2,K0,20261211,519,0.7638353081544781
v0_2,K0,20261211,520,0.8053176448548843
v0_2,K0,20261211,521,0.7986607215842632
v0_2,K0,20261211,522,0.7532508607662256
v0_2,K0,20261211,523,0.7224121877064611
v0_2,K0,20261211,524,0.7268163336533089
v0_2,K0,20261211,525,0.7224743696561912
v0_2,K0,20261211,526,0.7230353974877941
v0_2,K0,20261211,527,0.7239202077964695
v0_2,K0,20261211,528,0.717096805066132
v0_2,K0,20261211,529,0.7194691112880434
v0_2,K0,20261211,530,0.7151750011366969
v0_2,K0,20261211,531,0.7219487618272444
v0_2,K0,20261211,532,0.72488182064615
v0_2,K0,20261211,533,0.7127492694403741
v0_2,K0,20261211,534,0.7224187349982838
v0_2,K0,20261211,535,0.734770009710551
v0_2,K0,20261211,536,0.7217943992553886
v0_2,K0,20261211,537,0.7076695593027319
v0_2,K0,20261211,538,0.7084217130877595
v0_2,K0,20261211,539,0.7061194035187193
v0_2,K0,20261211,540,0.7051662611018613
v0_2,K0,20261211,541,0.7054169874063237
v0_2,K0,20261211,542,0.703036592609109
v0_2,K0,20261211,543,0.7023847335308002
v0_2,K0,20261211,544,0.701642286062674
v0_2,K0,20261211,545,0.6990860778407302
v0_2,K0,20261211,546,0.7093531855486499
v0_2,K0,20261211,547,0.7114088444145547
v0_2,K0,20261211,548,0.6971904550459007
v0_2,K0,20261211,549,0.705057930741339
v0_2,K0,20261211,550,0.717758588158888
v0_2,K0,20261211,551,0.7055565881820497
v0_2,K0,20261211,552,0.6907065268951764
v0_2,K0,20261211,553,0.6909333393981533
v0_2,K0,20261211,554,0.6887526111395732
v0_2,K0,20261211,555,0.687503154816873
v0_2,K0,20261211,556,0.6875250961588606
v0_2,K0,20261211,557,0.6850357959201915
v0_2,K0,20261211,558,0.6834694154662174
v0_2,K0,20261211,559,0.6848104702566267
v0_2,K0,20261211,560,0.6802582174425771
v0_2,K0,20261211,561,0.686829972428394
v0_2,K0,20261211,562,0.689434825731059
v0_2,K0,20261211,563,0.6769657072728488
v0_2,K0,20261211,564,0.6844946300565016
v0_2,K0,20261211,565,0.6952614662724786
v0_2,K0,20261211,566,0.6826918522197386
v0_2,K0,20261211,567,0.6707261738049023
v0_2,K0,20261211,568,0.671865476636554
v0_2,K0,20261211,569,0.6683093532823404
v0_2,K0,20261211,570,0.667874000959261
v0_2,K0,20261211,571,0.666568088352262
v0_2,K0,20261211,572,0.6651147602874192
v0_2,K0,20261211,573,0.6652772758757053
v0_2,K0,20261211,574,0.662813429180432
v0_2,K0,20261211,575,0.661444296033263
v0_2,K0,20261211,576,0.662590760357375
v0_2,K0,20261211,577,0.6595024439464507
v0_2,K0,20261211,578,0.6627202019749298
v0_2,K0,20261211,579,0.6628062239383335
v0_2,K0,20261211,580,0.6554254600222693
v0_2,K0,20261211,581,0.662452507155593
v0_2,K0,20261211,582,0.6620006459237395
v0_2,K0,20261211,583,0.6523965468419106
v0_2,K0,20261211,584,0.6747986758759952
v0_2,K0,20261211,585,0.6977306225057667
v0_2,K0,20261211,586,0.6857489741645298
v0_2,K0,20261211,587,0.6557818047452031
v0_2,K0,20261211,588,0.6605906025006645
v0_2,K0,20261211,589,0.6830047935483855
v0_2,K0,20261211,590,0.6768496712743554
v0_2,K0,20261211,591,0.6513745940107443
v0_2,K0,20261211,592,0.6543886662614694
v0_2,K0,20261211,593,0.6728837583734139
v0_2,K0,20261211,594,0.6656986554941291
v0_2,K0,20261211,595,0.6440925210707115
v0_2,K0,20261211,596,0.6550522106421163
v0_2,K0,20261211,597,0.6768496885929828
v0_2,K0,20261211,598,0.6694579967726397
v0_2,K0,20261211,599,0.6445013872193658
v0_2,K0,20261211,600,0.6478696715320339
v0_2,K0,20261211,601,0.6660112620494414
v0_2,K0,20261211,602,0.6602689177685357
v0_2,K0,20261211,603,0.6409859023823282
v0_2,K0,20261211,604,0.6514745754905017
v0_2,K0,20261211,605,0.6726530706221191
v0_2,K0,20261211,606,0.6668420067967508
v0_2,K0,20261211,607,0.6435879766428073
v0_2,K0,20261211,608,0.6441678189874658
v0_2,K0,20261211,609,0.6589627519973108
v0_2,K0,20261211,610,0.6533200686365251
v0_2,K0,20261211,611,0.6375016206572113
v0_2,K0,20261211,612,0.6530947755629256
v0_2,K0,20261211,613,0.6765267817489291
v0_2,K0,20261211,614,0.6710174851013341
v0_2,K0,20261211,615,0.6449757864563188
v0_2,K0,20261211,616,0.6379665209615446
v0_2,K0,20261211,617,0.6490241511160209
v0_2,K0,20261211,618,0.6445936680346614
v0_2,K0,20261211,619,0.6342022012477727
v0_2,K0,20261211,620,0.65688406408999
v0_2,K0,20261211,621,0.6819339631311289
v0_2,K0,20261211,622,0.6755022940135639
v0_2,K0,20261211,623,0.646694507883329
v0_2,K0,20261211,624,0.633875799570358
v0_2,K0,20261211,625,0.642158662070598
v0_2,K0,20261211,626,0.6387461606560426
v0_2,K0,20261211,627,0.6317852689203594
v0_2,K0,20261211,628,0.6315343793770546
v0_2,K0,20261211,629,0.6330723824258844
v0_2,K0,20261211,630,0.6313484752111574
v0_2,K0,20261211,631,0.632794713753588
v0_2,K0,20261211,632,0.6330468120885681
v0_2,K0,20261211,633,0.6289807484424894
v0_2,K0,20261211,634,0.6283089535594215
v0_2,K0,20261211,635,0.6298053560171948
v0_2,K0,20261211,636,0.627491057122616
v0_2,K0,20261211,637,0.6299308379433843
v0_2,K0,20261211,638,0.6306585037216439
v0_2,K0,20261211,639,0.6249125714803446
v0_2,K0,20261211,640,0.6372601832535504
v0_2,K0,20261211,641,0.64812910090923
v0_2,K0,20261211,642,0.6385244294351544
v0_2,K0,20261211,643,0.6230007807158633
v0_2,K0,20261211,644,0.638893005412184
v0_2,K0,20261211,645,0.6627419550091541
v0_2,K0,20261211,646,0.6607794810218781
v0_2,K0,20261211,647,0.636783553145128
v0_2,K0,20261211,648,0.620117256065388
v0_2,K0,20261211,649,0.6224595206293423
v0_2,K0,20261211,650,0.6198672412114659
v0_2,K0,20261211,651,0.6213820875276187
v0_2,K0,20261211,652,0.6223752273525496
v0_2,K0,20261211,653,0.6173804647310359
v0_2,K0,20261211,654,0.627545431778748
v0_2,K0,20261211,655,0.6363768718283029
v0_2,K0,20261211,656,0.6277844162760187
v0_2,K0,20261211,657,0.6154608453060461
v0_2,K0,20261211,658,0.6332052497947389
v0_2,K0,20261211,659,0.6567153725898137
v0_2,K0,20261211,660,0.6553075429241609
v0_2,K0,20261211,661,0.6321178027764899
v0_2,K0,20261211,662,0.6133315691346506
v0_2,K0,20261211,663,0.6391490586377819
v0_2,K0,20261211,664,0.677155952053922
v0_2,K0,20261211,665,0.6869362353759109
v0_2,K0,20261211,666,0.6636625146846293
v0_2,K0,20261211,667,0.6268720595394515
v0_2,K0,20261211,668,0.6123092470592414
v0_2,K0,20261211,669,0.6231669948387053
v0_2,K0,20261211,670,0.6247804784557738
v0_2,K0,20261211,671,0.6146218603459841
v0_2,K0,20261211,672,0.6123705800516781
v0_2,K0,20261211,673,0.6168618940082269
v0_2,K0,20261211,674,0.6127924756773012
v0_2,K0,20261211,675,0.6105161648013435
v0_2,K0,20261211,676,0.6116289742276938
v0_2,K0,20261211,677,0.6090615977785341
v0_2,K0,20261211,678,0.6166350450412714
v0_2,K0,20261211,679,0.6212491869091887
v0_2,K0,20261211,680,0.6137118876542157
v0_2,K0,20261211,681,0.6075392749291118
v0_2,K0,20261211,682,0.6084465871093677
v0_2,K0,20261211,683,0.6064800090959426
v0_2,K0,20261211,684,0.6123887793084983
v0_2,K0,20261211,685,0.6149843482774714
v0_2,K0,20261211,686,0.6078847191941945
v0_2,K0,20261211,687,0.6054160608078574
v0_2,K0,20261211,688,0.6078887192299564
v0_2,K0,20261211,689,0.6043701143788562
v0_2,K0,20261211,690,0.6049919103080842
v0_2,K0,20261211,691,0.6065641362771856
v0_2,K0,20261211,692,0.6024326107475567
v0_2,K0,20261211,693,0.6056843687689091
v0_2,K0,20261211,694,0.6097091008073868
v0_2,K0,20261211,695,0.6045415400582288
v0_2,K0,20261211,696,0.6003570028251868
v0_2,K0,20261211,697,0.6009350152308136
v0_2,K0,20261211,698,0.5993199668565989
v0_2,K0,20261211,699,0.598775314228169
v0_2,K0,20261211,700,0.599021272582351
v0_2,K0,20261211,701,0.5976218718893199
v0_2,K0,20261211,702,0.5992324953023234
v0_2,K0,20261211,703,0.5993538443405555
v0_2,K0,20261211,704,0.5956570808999628
v0_2,K0,20261211,705,0.6022470417245623
v0_2,K0,20261211,706,0.6084381430820531
v0_2,K0,20261211,707,0.6031171407833958
v0_2,K0,20261211,708,0.5940445584127246
v0_2,K0,20261211,709,0.6014445864448552
v0_2,K0,20261211,710,0.6133199360670986
v0_2,K0,20261211,711,0.6117291470662823
v0_2,K0,20261211,712,0.5991318005800635
v0_2,K0,20261211,713,0.5918104253521438
v0_2,K0,20261211,714,0.5942176697681077
v0_2,K0,20261211,715,0.5925584719650224
v0_2,K0,20261211,716,0.5910425565150899
v0_2,K0,20261211,717,0.5909826427423764
v0_2,K0,20261211,718,0.5902209586347578
v0_2,K0,20261211,719,0.5896471669260203
v0_2,K0,20261211,720,0.5912936663080004
v0_2,K0,20261211,721,0.5909799306540825
v0_2,K0,20261211,722,0.5883951841648442
v0_2,K0,20261211,723,0.5890279685432189
v0_2,K0,20261211,724,0.5875313028642503
v0_2,K0,20261211,725,0.5880904135376565
v0_2,K0,20261211,726,0.5881500682748163
v0_2,K0,20261211,727,0.585473581643838
v0_2,K0,20261211,728,0.590794628149778
v0_2,K0,20261211,729,0.5955033966049744
v0_2,K0,20261211,730,0.5911088809028925
v0_2,K0,20261211,731,0.5837790903654199
v0_2,K0,20261211,732,0.5893694078683493
v0_2,K0,20261211,733,0.5985965503409861
v0_2,K0,20261211,734,0.597350730535631
v0_2,K0,20261211,735,0.587464365955556
v0_2,K0,20261211,736,0.5815537424043763
v0_2,K0,20261211,737,0.5832368212887641
v0_2,K0,20261211,738,0.5818868979703299
v0_2,K0,20261211,739,0.5808483011372613
v0_2,K0,20261211,740,0.5807793344681148
v0_2,K0,20261211,741,0.5799160154724753
v0_2,K0,20261211,742,0.5794365551015701
v0_2,K0,20261211,743,0.5807301555748844
v0_2,K0,20261211,744,0.5802344384956241
v0_2,K0,20261211,745,0.5780800470787214
v0_2,K0,20261211,746,0.5778959302097182
v0_2,K0,20261211,747,0.5767912605909287
v0_2,K0,20261211,748,0.5760258032961477
v0_2,K0,20261211,749,0.5757759734067297
v0_2,K0,20261211,750,0.574589492227057
v0_2,K0,20261211,751,0.5747164757635409
v0_2,K0,20261211,752,0.5742751215828783
v0_2,K0,20261211,753,0.5722914544883045
v0_2,K0,20261211,754,0.5721041378118439
v0_2,K0,20261211,755,0.5707565589899128
v0_2,K0,20261211,756,0.5720495210473338
v0_2,K0,20261211,757,0.5722527701688156
v0_2,K0,20261211,758,0.569148079839914
v0_2,K0,20261211,759,0.5698544712271806
v0_2,K0,20261211,760,0.5716386159510228
v0_2,K0,20261211,761,0.5690269626385451
v0_2,K0,20261211,762,0.5665450144724568
v0_2,K0,20261211,763,0.5663873247135485
v0_2,K0,20261211,764,0.565567942317689
v0_2,K0,20261211,765,0.5650266111050583
v0_2,K0,20261211,766,0.56492848051067
v0_2,K0,20261211,767,0.5639293643079727
v0_2,K0,20261211,768,0.5646736958630173
v0_2,K0,20261211,769,0.5646369787430962
v0_2,K0,20261211,770,0.5624070789406799
v0_2,K0,20261211,771,0.5643825498711418
v0_2,K0,20261211,772,0.5666070316409235
v0_2,K0,20261211,773,0.5641105712072761
v0_2,K0,20261211,774,0.5605967252348758
v0_2,K0,20261211,775,0.5652466217360153
v0_2,K0,20261211,776,0.5711399272628687
v0_2,K0,20261211,777,0.5701585749633614
v0_2,K0,20261211,778,0.5635510298532221
v0_2,K0,20261211,779,0.5588264327041839
v0_2,K0,20261211,780,0.5612319701769238
v0_2,K0,20261211,781,0.5625161675777441
v0_2,K0,20261211,782,0.5597485488814162
v0_2,K0,20261211,783,0.557163881395275
v0_2,K0,20261211,784,0.5570013491050512
v0_2,K0,20261211,785,0.5562661037018888
v0_2,K0,20261211,786,0.5557761001064013
v0_2,K0,20261211,787,0.5553935680485039
v0_2,K0,20261211,788,0.5546606387088987
v0_2,K0,20261211,789,0.5553186894880158
v0_2,K0,20261211,790,0.555048674817356
v0_2,K0,20261211,791,0.5531452588156917
v0_2,K0,20261211,792,0.5545719231751616
v0_2,K0,20261211,793,0.5562919533324353
v0_2,K0,20261211,794,0.5543905563959808
v0_2,K0,20261211,795,0.5514235129758963
v0_2,K0,20261211,796,0.5541008032275027
v0_2,K0,20261211,797,0.5579815214019297
v0_2,K0,20261211,798,0.5571644630471194
v0_2,K0,20261211,799,0.5525987304425914
v0_2,K0,20261211,800,0.5497857059020038
v0_2,K0,20261211,801,0.5503653126667083
v0_2,K0,20261211,802,0.5496942951764555
v0_2,K0,20261211,803,0.5490250906313352
v0_2,K0,20261211,804,0.5488153962267549
v0_2,K0,20261211,805,0.5484626110983395
v0_2,K0,20261211,806,0.5480967336856584
v0_2,K0,20261211,807,0.5482765694142729
v0_2,K0,20261211,808,0.5479729258509645
v0_2,K0,20261211,809,0.5471658659453675
v0_2,K0,20261211,810,0.5468104587831715
v0_2,K0,20261211,811,0.5468365873265933
v0_2,K0,20261211,812,0.5462740083765403
v0_2,K0,20261211,813,0.5457595819425823
v0_2,K0,20261211,814,0.5454262985984643
v0_2,K0,20261211,815,0.544975384054827
v0_2,K0,20261211,816,0.544554511249935
v0_2,K0,20261211,817,0.5446531139651797
v0_2,K0,20261211,818,0.5443419975882504
v0_2,K0,20261211,819,0.5434476585130211
v0_2,K0,20261211,820,0.5434465919768914
v0_2,K0,20261211,821,0.5428255674830748
v0_2,K0,20261211,822,0.5423542007495267
v0_2,K0,20261211,823,0.5420422146642216
v0_2,K0,20261211,824,0.5414669451773171
v0_2,K0,20261211,825,0.5410518760879638
v0_2,K0,20261211,826,0.5407601266343786
v0_2,K0,20261211,827,0.5401286174962566
v0_2,K0,20261211,828,0.5402639524751337
v0_2,K0,20261211,829,0.5400469960017075
v0_2,K0,20261211,830,0.53890201462424
v0_2,K0,20261211,831,0.5392403975003581
v0_2,K0,20261211,832,0.5398095728801213
v0_2,K0,20261211,833,0.5387432959342843
v0_2,K0,20261211,834,0.5374275149484357
v0_2,K0,20261211,835,0.5385840649244399
v0_2,K0,20261211,836,0.5396667273734853
v0_2,K0,20261211,837,0.5385910355646514
v0_2,K0,20261211,838,0.5364439777526581
v0_2,K0,20261211,839,0.5363682517248831
v0_2,K0,20261211,840,0.5374871164773306
v0_2,K0,20261211,841,0.5370439212286845
v0_2,K0,20261211,842,0.535447218656671
v0_2,K0,20261211,843,0.5351718878208459
v0_2,K0,20261211,844,0.5357737815539259
v0_2,K0,20261211,845,0.5352266834897887
v0_2,K0,20261211,846,0.53426819399491
v0_2,K0,20261211,847,0.5353591516427338
v0_2,K0,20261211,848,0.5367207754802099
v0_2,K0,20261211,849,0.5362172114122826
v0_2,K0,20261211,850,0.5343504642634886
v0_2,K0,20261211,851,0.5333332438136509
v0_2,K0,20261211,852,0.5335600377921618
v0_2,K0,20261211,853,0.5332041284106548
v0_2,K0,20261211,854,0.5327833475173284
v0_2,K0,20261211,855,0.5326229392071026
v0_2,K0,20261211,856,0.5323905664869102
v0_2,K0,20261211,857,0.5321338190762026
v0_2,K0,20261211,858,0.5320702013690407
v0_2,K0,20261211,859,0.5317582841099797
v0_2,K0,20261211,860,0.5312914053032229
v0_2,K0,20261211,861,0.5309737210465143
v0_2,K0,20261211,862,0.5307725405580597
v0_2,K0,20261211,863,0.53038239888812
v0_2,K0,20261211,864,0.5299638472338273
v0_2,K0,20261211,865,0.5296348921080407
v0_2,K0,20261211,866,0.5293780041503194
v0_2,K0,20261211,867,0.5290474390716194
v0_2,K0,20261211,868,0.5287091278557613
v0_2,K0,20261211,869,0.5284004924707917
v0_2,K0,20261211,870,0.5281693837239628
v0_2,K0,20261211,871,0.5278757471909039
v0_2,K0,20261211,872,0.5275336948563732
v0_2,K0,20261211,873,0.5272402019044835
v0_2,K0,20261211,874,0.5270530193139283
v0_2,K0,20261211,875,0.5267598834481849
v0_2,K0,20261211,876,0.5263765360926229
v0_2,K0,20261211,877,0.526070362425738
v0_2,K0,20261211,878,0.5258281801063943
v0_2,K0,20261211,879,0.5254679416402873
v0_2,K0,20261211,880,0.5251263669575196
v0_2,K0,20261211,881,0.5248254622698806
v0_2,K0,20261211,882,0.5245374671244228
v0_2,K0,20261211,883,0.5242405574198604
v0_2,K0,20261211,884,0.5239749492213888
v0_2,K0,20261211,885,0.52369000097929
v0_2,K0,20261211,886,0.5234322218299579
v0_2,K0,20261211,887,0.5231705408778284
v0_2,K0,20261211,888,0.5228944518663556
v0_2,K0,20261211,889,0.5226275314476257
v0_2,K0,20261211,890,0.5224266306734492
v0_2,K0,20261211,891,0.5221706505077959
v0_2,K0,20261211,892,0.5218530174983346
v0_2,K0,20261211,893,0.5215747772843845
v0_2,K0,20261211,894,0.5213139256808815
v0_2,K0,20261211,895,0.520992982960029
v0_2,K0,20261211,896,0.5207517548469324
v0_2,K0,20261211,897,0.520489644469034
v0_2,K0,20261211,898,0.5201611513312082
v0_2,K0,20261211,899,0.519896388982226
v0_2,K0,20261211,900,0.5196035314554472
v0_2,K0,20261211,901,0.5193021414979985
v0_2,K0,20261211,902,0.5189846378902618
v0_2,K0,20261211,903,0.5186529866907161
v0_2,K0,20261211,904,0.5183124969894983
v0_2,K0,20261211,905,0.5179657435727787
v0_2,K0,20261211,906,0.5176157389006552
v0_2,K0,20261211,907,0.5172608371423011
v0_2,K0,20261211,908,0.5169005738034412
v0_2,K0,20261211,909,0.5165362903699658
v0_2,K0,20261211,910,0.5161697849380943
v0_2,K0,20261211,911,0.5158029246747065
v0_2,K0,20261211,912,0.5154362087121892
v0_2,K0,20261211,913,0.5150712405133204
v0_2,K0,20261211,914,0.5147085556200762
v0_2,K0,20261211,915,0.5143483858572037
v0_2,K0,20261211,916,0.5139906261793299
v0_2,K0,20261211,917,0.5136346146946024
v0_2,K0,20261211,918,0.5132800487795117
v0_2,K0,20261211,919,0.5129277090984374
v0_2,K0,20261211,920,0.5125795617623807
v0_2,K0,20261211,921,0.5122366752253458
v0_2,K0,20261211,922,0.5118981750761524
v0_2,K0,20261211,923,0.5115628763692218
v0_2,K0,20261211,924,0.5112315322101882
v0_2,K0,20261211,925,0.5109057548361218
v0_2,K0,20261211,926,0.5105853374533693
v0_2,K0,20261211,927,0.5102690691484711
v0_2,K0,20261211,928,0.5099574821126914
v0_2,K0,20261211,929,0.5096516520245961
v0_2,K0,20261211,930,0.5093508360868383
v0_2,K0,20261211,931,0.5090545364076358
v0_2,K0,20261211,932,0.508763690159893
v0_2,K0,20261211,933,0.5084780906566828
v0_2,K0,20261211,934,0.5081970849081795
v0_2,K0,20261211,935,0.5079213144338021
v0_2,K0,20261211,936,0.507650636859674
v0_2,K0,20261211,937,0.5073845576571524
v0_2,K0,20261211,938,0.5071235642930696
v0_2,K0,20261211,939,0.5068673506941859
v0_2,K0,20261211,940,0.5066157104761331
v0_2,K0,20261211,941,0.5063689384419539
v0_2,K0,20261211,942,0.506126612183763
v0_2,K0,20261211,943,0.5058888389782054
v0_2,K0,20261211,944,0.5056555628266692
v0_2,K0,20261211,945,0.5054265377151711
v0_2,K0,20261211,946,0.5052019104946921
v0_2,K0,20261211,947,0.5049813917528019
v0_2,K0,20261211,948,0.5047650415394701
v0_2,K0,20261211,949,0.5045527166554725
v0_2,K0,20261211,950,0.504344322765313
v0_2,K0,20261211,951,0.504139837173483
v0_2,K0,20261211,952,0.5039390881656883
v0_2,K0,20261211,953,0.5037420902709654
v0_2,K0,20261211,954,0.5035486635284373
v0_2,K0,20261211,955,0.5033588105863509
v0_2,K0,20261211,956,0.503172376115361
v0_2,K0,20261211,957,0.5029893355968689
v0_2,K0,20261211,958,0.5028095594679636
v0_2,K0,20261211,959,0.5026330027529382
v0_2,K0,20261211,960,0.5024595548329992
v0_2,K0,20261211,961,0.5022891573818091
v0_2,K0,20261211,962,0.5021217103047788
v0_2,K0,20261211,963,0.5019571503876515
v0_2,K0,20261211,964,0.5017953829203556
v0_2,K0,20261211,965,0.5016363428458448
v0_2,K0,20261211,966,0.5014799376730296
v0_2,K0,20261211,967,0.5013261034615617
v0_2,K0,20261211,968,0.5011747492073482
v0_2,K0,20261211,969,0.5010258115414965
v0_2,K0,20261211,970,0.5008792010259969
v0_2,K0,20261211,971,0.500734854669891
v0_2,K0,20261211,972,0.5005926861420962
v0_2,K0,20261211,973,0.5004526308892954
v0_2,K0,20261211,974,0.500314606777316
v0_2,K0,20261211,975,0.5001785466895257
v0_2,K0,20261211,976,0.5000443740553333
v0_2,K0,20261211,977,0.49991201844807337
v0_2,K0,20261211,978,0.4997814083605716
v0_2,K0,20261211,979,0.49965247086769565
v0_2,K0,20261211,980,0.49952513842545687
v0_2,K0,20261211,981,0.49939933753277627
v0_2,K0,20261211,982,0.4992750020953027
v0_2,K0,20261211,983,0.4991520601046331
v0_2,K0,20261211,984,0.49903044512308464
v0_2,K0,20261211,985,0.4989100881799933
v0_2,K0,20261211,986,0.49879092167614336
v0_2,K0,20261211,987,0.4986728793811315
v0_2,K0,20261211,988,0.4985558932689358
v0_2,K0,20261211,989,0.49843989874490546
v0_2,K0,20261211,990,0.49832482880465345
v0_2,K0,20261211,991,0.4982106190382297
v0_2,K0,20261211,992,0.4980972042666359
v0_2,K0,20261211,993,0.49798451986523684
v0_2,K0,20261211,994,0.49787250244974307
v0_2,K0,20261211,995,0.4977610876985381
v0_2,K0,20261211,996,0.4976502131172353
v0_2,K0,20261211,997,0.4975398154050561
v0_2,K0,20261211,998,0.49742983237301286
v0_2,K0,20261211,999,0.4973202021067707
v0_2,K0,20261211,1000,0.49721086268045855
v0_2,K0,20261212,1,0.9941846923308147
v0_2,K0,20261212,2,0.993830163897591
v0_2,K0,20261212,3,0.9931357013359551
v0_2,K0,20261212,4,0.9921304968090836
v0_2,K0,20261212,5,0.9908582870039484
v0_2,K0,20261212,6,0.9893776078254766
v0_2,K0,20261212,7,0.987763149873624
v0_2,K0,20261212,8,0.9861080055215803
v0_2,K0,20261212,9,0.984527310018353
v0_2,K0,20261212,10,0.9831633536777312
v0_2,K0,20261212,11,0.9821925722965897
v0_2,K0,20261212,12,0.9818344358198475
v0_2,K0,20261212,13,0.9822275837950295
v0_2,K0,20261212,14,0.9830870382225954
v0_2,K0,20261212,15,0.9839131089676199
v0_2,K0,20261212,16,0.9844036975665134
v0_2,K0,20261212,17,0.9844336737542695
v0_2,K0,20261212,18,0.9840269951278132
v0_2,K0,20261212,19,0.9833238742894227
v0_2,K0,20261212,20,0.9825458952130094
v0_2,K0,20261212,21,0.9819651653048547
v0_2,K0,20261212,22,0.9818332365088338
v0_2,K0,20261212,23,0.9821207366454583
v0_2,K0,20261212,24,0.982554710306435
v0_2,K0,20261212,25,0.9828194785592842
v0_2,K0,20261212,26,0.9827730663760758
v0_2,K0,20261212,27,0.9824583623884979
v0_2,K0,20261212,28,0.9820672983644261
v0_2,K0,20261212,29,0.9818217751431799
v0_2,K0,20261212,30,0.9818451406761934
v0_2,K0,20261212,31,0.9820725023991065
v0_2,K0,20261212,32,0.9822831250877824
v0_2,K0,20261212,33,0.9822855946218598
v0_2,K0,20261212,34,0.9820863530548871
v0_2,K0,20261212,35,0.981858996464309
v0_2,K0,20261212,36,0.9817722597810402
v0_2,K0,20261212,37,0.9818543764730152
v0_2,K0,20261212,38,0.9819949109428084
v0_2,K0,20261212,39,0.9820551282455148
v0_2,K0,20261212,40,0.9819811875157037
v0_2,K0,20261212,41,0.981836273782728
v0_2,K0,20261212,42,0.9817404704954659
v0_2,K0,20261212,43,0.9817639098997746
v0_2,K0,20261212,44,0.9818556424972201
v0_2,K0,20261212,45,0.9818932778595714
v0_2,K0,20261212,46,0.9818243076641373
v0_2,K0,20261212,47,0.9817238697464069
v0_2,K0,20261212,48,0.9816931615318395
v0_2,K0,20261212,49,0.9817396572224049
v0_2,K0,20261212,50,0.9817809085566461
v0_2,K0,20261212,51,0.9817503796441082
v0_2,K0,20261212,52,0.9816760997842535
v0_2,K0,20261212,53,0.9816373643793735
v0_2,K0,20261212,54,0.9816601969340345
v0_2,K0,20261212,55,0.9816839987205144
v0_2,K0,20261212,56,0.9816521576039042
v0_2,K0,20261212,57,0.9815951841431924
v0_2,K0,20261212,58,0.9815754627135705
v0_2,K0,20261212,59,0.9815912102927603
v0_2,K0,20261212,60,0.9815868154556826
v0_2,K0,20261212,61,0.9815432396530378
v0_2,K0,20261212,62,0.9815046311348262
v0_2,K0,20261212,63,0.9815021723583754
v0_2,K0,20261212,64,0.981499401473289
v0_2,K0,20261212,65,0.9814609668474656
v0_2,K0,20261212,66,0.981420161559781
v0_2,K0,20261212,67,0.9814093177604212
v0_2,K0,20261212,68,0.9813943801709348
v0_2,K0,20261212,69,0.981349286571984
v0_2,K0,20261212,70,0.9813121044736994
v0_2,K0,20261212,71,0.9812958306266649
v0_2,K0,20261212,72,0.9812567320453252
v0_2,K0,20261212,73,0.9812058198903639
v0_2,K0,20261212,74,0.9811777307804874
v0_2,K0,20261212,75,0.9811345899291785
v0_2,K0,20261212,76,0.9810753726907607
v0_2,K0,20261212,77,0.9810364983090535
v0_2,K0,20261212,78,0.980977070026466
v0_2,K0,20261212,79,0.9809133566650708
v0_2,K0,20261212,80,0.9808595331821063
v0_2,K0,20261212,81,0.9807785745196912
v0_2,K0,20261212,82,0.9807139226662254
v0_2,K0,20261212,83,0.9806241717924906
v0_2,K0,20261212,84,0.9805442606634833
v0_2,K0,20261212,85,0.9804417867819459
v0_2,K0,20261212,86,0.9803473028165275
v0_2,K0,20261212,87,0.9802268596173456
v0_2,K0,20261212,88,0.9801166649594081
v0_2,K0,20261212,89,0.9799825268057963
v0_2,K0,20261212,90,0.9798388477181502
v0_2,K0,20261212,91,0.979698558179601
v0_2,K0,20261212,92,0.9795411620570231
v0_2,K0,20261212,93,0.9793638604318824
v0_2,K0,20261212,94,0.9791739952239761
v0_2,K0,20261212,95,0.97897428583019
v0_2,K0,20261212,96,0.9787612845692418
v0_2,K0,20261212,97,0.9785328982671351
v0_2,K0,20261212,98,0.9782921970443942
v0_2,K0,20261212,99,0.9780918307078356
v0_2,K0,20261212,100,0.9783235676887033
v0_2,K0,20261212,101,0.9783813086519362
v0_2,K0,20261212,102,0.9773300884059
v0_2,K0,20261212,103,0.9778539940369355
v0_2,K0,20261212,104,0.9770069337208885
v0_2,K0,20261212,105,0.977157362823661
v0_2,K0,20261212,106,0.9766910471371022
v0_2,K0,20261212,107,0.9764606285951218
v0_2,K0,20261212,108,0.9763311580231511
v0_2,K0,20261212,109,0.9757896850520238
v0_2,K0,20261212,110,0.9758971495589353
v0_2,K0,20261212,111,0.9751993408204124
v0_2,K0,20261212,112,0.975300284177663
v0_2,K0,20261212,113,0.9747392527196593
v0_2,K0,20261212,114,0.9745077558028101
v0_2,K0,20261212,115,0.974331974127467
v0_2,K0,20261212,116,0.9737242458815778
v0_2,K0,20261212,117,0.9736666386409921
v0_2,K0,20261212,118,0.9732352057085554
v0_2,K0,20261212,119,0.972718967578751
v0_2,K0,20261212,120,0.972599414765863
v0_2,K0,20261212,121,0.9721694679997461
v0_2,K0,20261212,122,0.9715820266822119
v0_2,K0,20261212,123,0.971310004158968
v0_2,K0,20261212,124,0.9710620672346176
v0_2,K0,20261212,125,0.9705381782634416
v0_2,K0,20261212,126,0.9699144477300841
v0_2,K0,20261212,127,0.9694483706170933
v0_2,K0,20261212,128,0.9691377966096636
v0_2,K0,20261212,129,0.9689236762378658
v0_2,K0,20261212,130,0.9687287874258766
v0_2,K0,20261212,131,0.968248257000892
v0_2,K0,20261212,132,0.9673108574172197
v0_2,K0,20261212,133,0.966447397556457
v0_2,K0,20261212,134,0.9660732928485453
v0_2,K0,20261212,135,0.9660053988191674
v0_2,K0,20261212,136,0.965853273680895
v0_2,K0,20261212,137,0.9644676418228575
v0_2,K0,20261212,138,0.9636926323947894
v0_2,K0,20261212,139,0.9635970837950597
v0_2,K0,20261212,140,0.9638914078951889
v0_2,K0,20261212,141,0.9619216069343973
v0_2,K0,20261212,142,0.9617274754803053
v0_2,K0,20261212,143,0.9629682254553529
v0_2,K0,20261212,144,0.9601509739709766
v0_2,K0,20261212,145,0.9640878661990961
v0_2,K0,20261212,146,0.9604467849411947
v0_2,K0,20261212,147,0.9648125793727467
v0_2,K0,20261212,148,0.9666056268779549
v0_2,K0,20261212,149,0.9572745850984195
v0_2,K0,20261212,150,0.9687692303133062
v0_2,K0,20261212,151,0.9718308187574362
v0_2,K0,20261212,152,0.9577331408828599
v0_2,K0,20261212,153,0.9686409374256579
v0_2,K0,20261212,154,0.9838288339814979
v0_2,K0,20261212,155,0.9713355064093439
v0_2,K0,20261212,156,0.9540756324900209
v0_2,K0,20261212,157,0.9708886959564739
v0_2,K0,20261212,158,0.981333692634272
v0_2,K0,20261212,159,0.9658393298590455
v0_2,K0,20261212,160,0.952992592781717
v0_2,K0,20261212,161,0.9572067743164304
v0_2,K0,20261212,162,0.9529699809742918
v0_2,K0,20261212,163,0.9583262666751984
v0_2,K0,20261212,164,0.9619455271831064
v0_2,K0,20261212,165,0.9524965028010537
v0_2,K0,20261212,166,0.9593273474679194
v0_2,K0,20261212,167,0.9687751191315972
v0_2,K0,20261212,168,0.9588144527890736
v0_2,K0,20261212,169,0.9497853754816024
v0_2,K0,20261212,170,0.9520747669797299
v0_2,K0,20261212,171,0.9486865950434445
v0_2,K0,20261212,172,0.9523318394967953
v0_2,K0,20261212,173,0.9505140318033192
v0_2,K0,20261212,174,0.9484834015335721
v0_2,K0,20261212,175,0.9481330546661867
v0_2,K0,20261212,176,0.9478217176549149
v0_2,K0,20261212,177,0.9467365899147776
v0_2,K0,20261212,178,0.9480542181732862
v0_2,K0,20261212,179,0.9473820050485119
v0_2,K0,20261212,180,0.9449022217667373
v0_2,K0,20261212,181,0.9440822970960406
v0_2,K0,20261212,182,0.94647657943233
v0_2,K0,20261212,183,0.9453817182167361
v0_2,K0,20261212,184,0.9424996594125877
v0_2,K0,20261212,185,0.9417305241107637
v0_2,K0,20261212,186,0.9435208332613599
v0_2,K0,20261212,187,0.9422249259790004
v0_2,K0,20261212,188,0.9403888192840878
v0_2,K0,20261212,189,0.939628295777585
v0_2,K0,20261212,190,0.9399543495130883
v0_2,K0,20261212,191,0.9387158987926164
v0_2,K0,20261212,192,0.9386176116325871
v0_2,K0,20261212,193,0.9378385201862871
v0_2,K0,20261212,194,0.9364516927378342
v0_2,K0,20261212,195,0.9353556818674941
v0_2,K0,20261212,196,0.9370573225273653
v0_2,K0,20261212,197,0.936198186290648
v0_2,K0,20261212,198,0.9331734965840477
v0_2,K0,20261212,199,0.9321941949953213
v0_2,K0,20261212,200,0.9353512163959198
v0_2,K0,20261212,201,0.9343004966042221
v0_2,K0,20261212,202,0.9299890378770235
v0_2,K0,20261212,203,0.9290454972654032
v0_2,K0,20261212,204,0.9310608173136167
v0_2,K0,20261212,205,0.9285918706125216
v0_2,K0,20261212,206,0.9299861617891588
v0_2,K0,20261212,207,0.9300716683225482
v0_2,K0,20261212,208,0.9249531945674573
v0_2,K0,20261212,209,0.9251880156510043
v0_2,K0,20261212,210,0.9239125562062507
v0_2,K0,20261212,211,0.9223660815828675
v0_2,K0,20261212,212,0.921756420206788
v0_2,K0,20261212,213,0.9229859940525141
v0_2,K0,20261212,214,0.920257187722582
v0_2,K0,20261212,215,0.9247033133736041
v0_2,K0,20261212,216,0.9256656262807206
v0_2,K0,20261212,217,0.9169754226012146
v0_2,K0,20261212,218,0.9328585285084166
v0_2,K0,20261212,219,0.9454546640033441
v0_2,K0,20261212,220,0.9305764509468631
v0_2,K0,20261212,221,0.9135178372870226
v0_2,K0,20261212,222,0.9253317442121389
v0_2,K0,20261212,223,0.927717350985849
v0_2,K0,20261212,224,0.9137045148414105
v0_2,K0,20261212,225,0.9216900976078702
v0_2,K0,20261212,226,0.935112018005218
v0_2,K0,20261212,227,0.9236787198887757
v0_2,K0,20261212,228,0.9087712593703863
v0_2,K0,20261212,229,0.9182343735403371
v0_2,K0,20261212,230,0.9179543604065148
v0_2,K0,20261212,231,0.907058735948902
v0_2,K0,20261212,232,0.9275853259468634
v0_2,K0,20261212,233,0.9483797255425777
v0_2,K0,20261212,234,0.9353353320013401
v0_2,K0,20261212,235,0.9075837585332508
v0_2,K0,20261212,236,0.9220915532450792
v0_2,K0,20261212,237,0.9528977344754634
v0_2,K0,20261212,238,0.9484115320268033
v0_2,K0,20261212,239,0.9162996551699384
v0_2,K0,20261212,240,0.9049176098353434
v0_2,K0,20261212,241,0.9164170457995623
v0_2,K0,20261212,242,0.9107681791954176
v0_2,K0,20261212,243,0.9010709726222468
v0_2,K0,20261212,244,0.9026343019706632
v0_2,K0,20261212,245,0.8997885434238904
v0_2,K0,20261212,246,0.8999099955571577
v0_2,K0,20261212,247,0.8993076088730007
v0_2,K0,20261212,248,0.89753394985317
v0_2,K0,20261212,249,0.89839552779415
v0_2,K0,20261212,250,0.8958744093422317
v0_2,K0,20261212,251,0.894844924996493
v0_2,K0,20261212,252,0.8943867691735224
v0_2,K0,20261212,253,0.8938057423673049
v0_2,K0,20261212,254,0.8914504714970667
v0_2,K0,20261212,255,0.8920953066946283
v0_2,K0,20261212,256,0.8891443946482587
v0_2,K0,20261212,257,0.8878355456019881
v0_2,K0,20261212,258,0.8866851304088065
v0_2,K0,20261212,259,0.8887567585814695
v0_2,K0,20261212,260,0.8851233896472697
v0_2,K0,20261212,261,0.8881422061260305
v0_2,K0,20261212,262,0.8886039664477176
v0_2,K0,20261212,263,0.8800222592222777
v0_2,K0,20261212,264,0.8862857623964
v0_2,K0,20261212,265,0.8825912015584342
v0_2,K0,20261212,266,0.8780601674962925
v0_2,K0,20261212,267,0.8773458910598619
v0_2,K0,20261212,268,0.8767087605164601
v0_2,K0,20261212,269,0.8746709034036998
v0_2,K0,20261212,270,0.8774498143061938
v0_2,K0,20261212,271,0.876615374286839
v0_2,K0,20261212,272,0.8711699380479808
v0_2,K0,20261212,273,0.8699072057824752
v0_2,K0,20261212,274,0.8762731666921567
v0_2,K0,20261212,275,0.8747102471056666
v0_2,K0,20261212,276,0.867063317020548
v0_2,K0,20261212,277,0.8659388380619061
v0_2,K0,20261212,278,0.8722608362715519
v0_2,K0,20261212,279,0.8699353875028742
v0_2,K0,20261212,280,0.8632383165018547
v0_2,K0,20261212,281,0.8621070302178909
v0_2,K0,20261212,282,0.8663795237701064
v0_2,K0,20261212,283,0.8642136460998521
v0_2,K0,20261212,284,0.8599858856330727
v0_2,K0,20261212,285,0.8588782622865323
v0_2,K0,20261212,286,0.8609708907841648
v0_2,K0,20261212,287,0.8591126612042594
v0_2,K0,20261212,288,0.8573272077780508
v0_2,K0,20261212,289,0.8562413926821588
v0_2,K0,20261212,290,0.8562901839649272
v0_2,K0,20261212,291,0.8546919116669677
v0_2,K0,20261212,292,0.8551895747355448
v0_2,K0,20261212,293,0.8541083390116637
v0_2,K0,20261212,294,0.8521324687002334
v0_2,K0,20261212,295,0.8507413018745169
v0_2,K0,20261212,296,0.8534604529028011
v0_2,K0,20261212,297,0.8523431246414263
v0_2,K0,20261212,298,0.8483340184981057
v0_2,K0,20261212,299,0.8471165411578514
v0_2,K0,20261212,300,0.8519032633902179
v0_2,K0,20261212,301,0.8506688418160552
v0_2,K0,20261212,302,0.8447583433700477
v0_2,K0,20261212,303,0.8436504131516503
v0_2,K0,20261212,304,0.8500758003502444
v0_2,K0,20261212,305,0.8486077298440635
v0_2,K0,20261212,306,0.8411382482374842
v0_2,K0,20261212,307,0.8400313780890085
v0_2,K0,20261212,308,0.8474261603812383
v0_2,K0,20261212,309,0.8456095640137195
v0_2,K0,20261212,310,0.8370989928762342
v0_2,K0,20261212,311,0.8358804224642186
v0_2,K0,20261212,312,0.8434884453365125
v0_2,K0,20261212,313,0.8412761766990744
v0_2,K0,20261212,314,0.8324377619634712
v0_2,K0,20261212,315,0.8310770792676523
v0_2,K0,20261212,316,0.8382962942260601
v0_2,K0,20261212,317,0.8359062093827019
v0_2,K0,20261212,318,0.8274549404852528
v0_2,K0,20261212,319,0.8260253934829608
v0_2,K0,20261212,320,0.8326893471789308
v0_2,K0,20261212,321,0.830362066680603
v0_2,K0,20261212,322,0.8224900581121107
v0_2,K0,20261212,323,0.821049967671819
v0_2,K0,20261212,324,0.827399417965506
v0_2,K0,20261212,325,0.8252066734090852
v0_2,K0,20261212,326,0.8176453750338882
v0_2,K0,20261212,327,0.8162190048356195
v0_2,K0,20261212,328,0.8226001003304003
v0_2,K0,20261212,329,0.8205015114830179
v0_2,K0,20261212,330,0.8129133584553557
v0_2,K0,20261212,331,0.8115097836169283
v0_2,K0,20261212,332,0.8181430722280355
v0_2,K0,20261212,333,0.8160754249741499
v0_2,K0,20261212,334,0.8082523655009086
v0_2,K0,20261212,335,0.8068645325806731
v0_2,K0,20261212,336,0.8138406262485028
v0_2,K0,20261212,337,0.8117654259585544
v0_2,K0,20261212,338,0.8035855872296022
v0_2,K0,20261212,339,0.8021971525387049
v0_2,K0,20261212,340,0.8095697232894326
v0_2,K0,20261212,341,0.8074542932655244
v0_2,K0,20261212,342,0.7988245310351516
v0_2,K0,20261212,343,0.7974185675747145
v0_2,K0,20261212,344,0.8051812117744982
v0_2,K0,20261212,345,0.8029745216122272
v0_2,K0,20261212,346,0.7939001272112965
v0_2,K0,20261212,347,0.7924594453559225
v0_2,K0,20261212,348,0.8004891037842017
v0_2,K0,20261212,349,0.7981627522298459
v0_2,K0,20261212,350,0.7887739579549168
v0_2,K0,20261212,351,0.7872860324154473
v0_2,K0,20261212,352,0.7954358210068339
v0_2,K0,20261212,353,0.7930153444475883
v0_2,K0,20261212,354,0.7834544930237937
v0_2,K0,20261212,355,0.7819219024357912
v0_2,K0,20261212,356,0.7901118538104502
v0_2,K0,20261212,357,0.7876291106679888
v0_2,K0,20261212,358,0.7780003292432429
v0_2,K0,20261212,359,0.7764367241536451
v0_2,K0,20261212,360,0.7846250352426077
v0_2,K0,20261212,361,0.7821105118137087
v0_2,K0,20261212,362,0.772486640663574
v0_2,K0,20261212,363,0.7709067401500509
v0_2,K0,20261212,364,0.7790935582693301
v0_2,K0,20261212,365,0.7765790451652941
v0_2,K0,20261212,366,0.766968972541345
v0_2,K0,20261212,367,0.7653848526586976
v0_2,K0,20261212,368,0.7736118835674539
v0_2,K0,20261212,369,0.7711055437377488
v0_2,K0,20261212,370,0.761479409698692
v0_2,K0,20261212,371,0.7598988217108701
v0_2,K0,20261212,372,0.768195696262823
v0_2,K0,20261212,373,0.765693069554075
v0_2,K0,20261212,374,0.7560321454551212
v0_2,K0,20261212,375,0.7544578294835703
v0_2,K0,20261212,376,0.7628332306472425
v0_2,K0,20261212,377,0.7603331511352465
v0_2,K0,20261212,378,0.7506276705299748
v0_2,K0,20261212,379,0.749060214299865
v0_2,K0,20261212,380,0.7575129059460697
v0_2,K0,20261212,381,0.7550105841635703
v0_2,K0,20261212,382,0.7452654506443268
v0_2,K0,20261212,383,0.7437052264658427
v0_2,K0,20261212,384,0.7522115977665579
v0_2,K0,20261212,385,0.7497041344874565
v0_2,K0,20261212,386,0.7399500632926599
v0_2,K0,20261212,387,0.7383975159284627
v0_2,K0,20261212,388,0.7469204896234547
v0_2,K0,20261212,389,0.7444128785533133
v0_2,K0,20261212,390,0.7346905756723775
v0_2,K0,20261212,391,0.7331474166686934
v0_2,K0,20261212,392,0.7416498549310759
v0_2,K0,20261212,393,0.7391478038037178
v0_2,K0,20261212,394,0.7295026772110376
v0_2,K0,20261212,395,0.7279718187849074
v0_2,K0,20261212,396,0.7364132344540545
v0_2,K0,20261212,397,0.7339244313422916
v0_2,K0,20261212,398,0.7244055542760109
v0_2,K0,20261212,399,0.7228901436039752
v0_2,K0,20261212,400,0.7312325424192456
v0_2,K0,20261212,401,0.7287664870463494
v0_2,K0,20261212,402,0.7194174257115193
v0_2,K0,20261212,403,0.7179206320953426
v0_2,K0,20261212,404,0.7261311197129514
v0_2,K0,20261212,405,0.7236950403185934
v0_2,K0,20261212,406,0.7145548213780718
v0_2,K0,20261212,407,0.7130793186124009
v0_2,K0,20261212,408,0.7211259065702514
v0_2,K0,20261212,409,0.7187262801798641
v0_2,K0,20261212,410,0.7098304134479585
v0_2,K0,20261212,411,0.7083779521919106
v0_2,K0,20261212,412,0.7162313631617474
v0_2,K0,20261212,413,0.7138736339338144
v0_2,K0,20261212,414,0.7052523401915987
v0_2,K0,20261212,415,0.703823919127197
v0_2,K0,20261212,416,0.7114570043181966
v0_2,K0,20261212,417,0.7091447800186771
v0_2,K0,20261212,418,0.7008253410712052
v0_2,K0,20261212,419,0.6994212048761566
v0_2,K0,20261212,420,0.7068073240627858
v0_2,K0,20261212,421,0.7045435863396171
v0_2,K0,20261212,422,0.6965507151884751
v0_2,K0,20261212,423,0.6951704102115446
v0_2,K0,20261212,424,0.7022848114757243
v0_2,K0,20261212,425,0.700071785477358
v0_2,K0,20261212,426,0.6924269952740858
v0_2,K0,20261212,427,0.6910696243362451
v0_2,K0,20261212,428,0.6978893030491992
v0_2,K0,20261212,429,0.6957283783977297
v0_2,K0,20261212,430,0.6884508985824027
v0_2,K0,20261212,431,0.6871151968973827
v0_2,K0,20261212,432,0.6936186898373237
v0_2,K0,20261212,433,0.6915109283827408
v0_2,K0,20261212,434,0.6846174779552712
v0_2,K0,20261212,435,0.6833018956945653
v0_2,K0,20261212,436,0.6894701287741605
v0_2,K0,20261212,437,0.6874161561127293
v0_2,K0,20261212,438,0.6809205984466995
v0_2,K0,20261212,439,0.6796234500862522
v0_2,K0,20261212,440,0.6854396862161214
v0_2,K0,20261212,441,0.683439686988824
v0_2,K0,20261212,442,0.6773534238028562
v0_2,K0,20261212,443,0.6760729308871603
v0_2,K0,20261212,444,0.6815226788251979
v0_2,K0,20261212,445,0.6795765951337018
v0_2,K0,20261212,446,0.6739085082742093
v0_2,K0,20261212,447,0.6726428422438893
v0_2,K0,20261212,448,0.6777141343130612
v0_2,K0,20261212,449,0.6758216258231318
v0_2,K0,20261212,450,0.67057805140184
v0_2,K0,20261212,451,0.6693254080658603
v0_2,K0,20261212,452,0.6740086395775047
v0_2,K0,20261212,453,0.6721690962605237
v0_2,K0,20261212,454,0.6673541524330169
v0_2,K0,20261212,455,0.6661127709284063
v0_2,K0,20261212,456,0.6704004989220986
v0_2,K0,20261212,457,0.668613138013167
v0_2,K0,20261212,458,0.6642288630126708
v0_2,K0,20261212,459,0.6629970395488816
v0_2,K0,20261212,460,0.666883957745251
v0_2,K0,20261212,461,0.6651478264916416
v0_2,K0,20261212,462,0.6611943035642178
v0_2,K0,20261212,463,0.6599704230198861
v0_2,K0,20261212,464,0.6634531624010269
v0_2,K0,20261212,465,0.6617671529581047
v0_2,K0,20261212,466,0.6582427863449926
v0_2,K0,20261212,467,0.6570253260736494
v0_2,K0,20261212,468,0.660102228882917
v0_2,K0,20261212,469,0.6584651301174705
v0_2,K0,20261212,470,0.655366827450687
v0_2,K0,20261212,471,0.6541543535432026
v0_2,K0,20261212,472,0.6568253549847922
v0_2,K0,20261212,473,0.6552358648183604
v0_2,K0,20261212,474,0.6525591739069381
v0_2,K0,20261212,475,0.651350348548319
v0_2,K0,20261212,476,0.6536168085637788
v0_2,K0,20261212,477,0.6520735424268774
v0_2,K0,20261212,478,0.6498128428534417
v0_2,K0,20261212,479,0.6486064192720217
v0_2,K0,20261212,480,0.6504709410906558
v0_2,K0,20261212,481,0.6489724564337863
v0_2,K0,20261212,482,0.6471211016782114
v0_2,K0,20261212,483,0.6459159123324105
v0_2,K0,20261212,484,0.647382229530697
v0_2,K0,20261212,485,0.6459270337469228
v0_2,K0,20261212,486,0.644477445501831
v0_2,K0,20261212,487,0.643272397336382
v0_2,K0,20261212,488,0.6443452607570074
v0_2,K0,20261212,489,0.6429318123753649
v0_2,K0,20261212,490,0.641875587734193
v0_2,K0,20261212,491,0.6406696531234216
v0_2,K0,20261212,492,0.6413547145029624
v0_2,K0,20261212,493,0.6399814310101106
v0_2,K0,20261212,494,0.6393094220525218
v0_2,K0,20261212,495,0.6381016248866406
v0_2,K0,20261212,496,0.6384053635840048
v0_2,K0,20261212,497,0.6370706224642432
v0_2,K0,20261212,498,0.6367729774416283
v0_2,K0,20261212,499,0.6355623835398404
v0_2,K0,20261212,500,0.6354920493633771
v0_2,K0,20261212,501,0.6341941838546541
v0_2,K0,20261212,502,0.6342603836493496
v0_2,K0,20261212,503,0.6330460905398274
v0_2,K0,20261212,504,0.6326096510095952
v0_2,K0,20261212,505,0.6313469483174508
v0_2,K0,20261212,506,0.6317658241081924
v0_2,K0,20261212,507,0.6305469478419411
v0_2,K0,20261212,508,0.6297530648236748
v0_2,K0,20261212,509,0.6285237615488634
v0_2,K0,20261212,510,0.6292834826445428
v0_2,K0,20261212,511,0.6280591473380964
v0_2,K0,20261212,512,0.626917174356122
v0_2,K0,20261212,513,0.6257194486972968
v0_2,K0,20261212,514,0.6268074975733339
v0_2,K0,20261212,515,0.6255768259217044
v0_2,K0,20261212,516,0.624096816993748
v0_2,K0,20261212,517,0.6229287819451323
v0_2,K0,20261212,518,0.6243319117127389
v0_2,K0,20261212,519,0.6230940144431099
v0_2,K0,20261212,520,0.6212867582004074
v0_2,K0,20261212,521,0.6201464539153755
v0_2,K0,20261212,522,0.6218506203100871
v0_2,K0,20261212,523,0.6206045884220021
v0_2,K0,20261212,524,0.6184816659434454
v0_2,K0,20261212,525,0.6173670511462994
v0_2,K0,20261212,526,0.6193573278069455
v0_2,K0,20261212,527,0.618102227622243
v0_2,K0,20261212,528,0.6156760891275008
v0_2,K0,20261212,529,0.6145850343807456
v0_2,K0,20261212,530,0.6168455103879333
v0_2,K0,20261212,531,0.6155803809021655
v0_2,K0,20261212,532,0.6128644493599533
v0_2,K0,20261212,533,0.6117947323308617
v0_2,K0,20261212,534,0.6143083896777104
v0_2,K0,20261212,535,0.6130322461422344
v0_2,K0,20261212,536,0.6100410468956178
v0_2,K0,20261212,537,0.6089903510941933
v0_2,K0,20261212,538,0.6117389314248919
v0_2,K0,20261212,539,0.6104507771666211
v0_2,K0,20261212,540,0.6072000891659943
v0_2,K0,20261212,541,0.6061660095744402
v0_2,K0,20261212,542,0.609129877272053
v0_2,K0,20261212,543,0.6078287262338861
v0_2,K0,20261212,544,0.6043357546788015
v0_2,K0,20261212,545,0.6033158129062381
v0_2,K0,20261212,546,0.6064738269797942
v0_2,K0,20261212,547,0.6051587429996546
v0_2,K0,20261212,548,0.6014423023583466
v0_2,K0,20261212,549,0.6004339755256041
v0_2,K0,20261212,550,0.60376339576398
v0_2,K0,20261212,551,0.6024335531157131
v0_2,K0,20261212,552,0.5985142419116515
v0_2,K0,20261212,553,0.5975150103660728
v0_2,K0,20261212,554,0.6009914690550543
v0_2,K0,20261212,555,0.5996462391913722
v0_2,K0,20261212,556,0.5955465797894604
v0_2,K0,20261212,557,0.5945539976937426
v0_2,K0,20261212,558,0.5981515804339071
v0_2,K0,20261212,559,0.5967906491075334
v0_2,K0,20261212,560,0.5925351474012452
v0_2,K0,20261212,561,0.5915469390891978
v0_2,K0,20261212,562,0.595238427030252
v0_2,K0,20261212,563,0.5938619387270496
v0_2,K0,20261212,564,0.5894770068926617
v0_2,K0,20261212,565,0.5884911871136559
v0_2,K0,20261212,566,0.592248508085353
v0_2,K0,20261212,567,0.5908572264062394
v0_2,K0,20261212,568,0.5863709030845627
v0_2,K0,20261212,569,0.585385911678352
v0_2,K0,20261212,570,0.5891808297731898
v0_2,K0,20261212,571,0.5877762877258793
v0_2,K0,20261212,572,0.5832176962713709
v0_2,K0,20261212,573,0.5822325282749401
v0_2,K0,20261212,574,0.586037556133629
v0_2,K0,20261212,575,0.5846221556712015
v0_2,K0,20261212,576,0.580020676692257
v0_2,K0,20261212,577,0.5790349797468379
v0_2,K0,20261212,578,0.5828244336282979
v0_2,K0,20261212,579,0.581401448613324
v0_2,K0,20261212,580,0.5767856449212708
v0_2,K0,20261212,581,0.5757997538165657
v0_2,K0,20261212,582,0.5795508059400126
v0_2,K0,20261212,583,0.5781242531008584
v0_2,K0,20261212,584,0.5735206689384871
v0_2,K0,20261212,585,0.5725355559400384
v0_2,K0,20261212,586,0.5762291008627554
v0_2,K0,20261212,587,0.5748034777058353
v0_2,K0,20261212,588,0.570235501244886
v0_2,K0,20261212,589,0.5692526416853652
v0_2,K0,20261212,590,0.5728738129023125
v0_2,K0,20261212,591,0.5714537435949808
v0_2,K0,20261212,592,0.5669407413122495
v0_2,K0,20261212,593,0.5659619182831379
v0_2,K0,20261212,594,0.569500166208678
v0_2,K0,20261212,595,0.5680900305413027
v0_2,K0,20261212,596,0.5636469092712607
v0_2,K0,20261212,597,0.5626739985263176
v0_2,K0,20261212,598,0.5661227454783231
v0_2,K0,20261212,599,0.5647263685494882
v0_2,K0,20261212,600,0.5603636190731267
v0_2,K0,20261212,601,0.5593983965717585
v0_2,K0,20261212,602,0.5627543735191278
v0_2,K0,20261212,603,0.5613748304216759
v0_2,K0,20261212,604,0.5570989922119758
v0_2,K0,20261212,605,0.5561429944203221
v0_2,K0,20261212,606,0.5594054102312114
v0_2,K0,20261212,607,0.5580449597190649
v0_2,K0,20261212,608,0.5538593710329162
v0_2,K0,20261212,609,0.552913818889252
v0_2,K0,20261212,610,0.5560835098985588
v0_2,K0,20261212,611,0.5547436401141361
v0_2,K0,20261212,612,0.550649309087799
v0_2,K0,20261212,613,0.5497150907568867
v0_2,K0,20261212,614,0.5527937634757518
v0_2,K0,20261212,615,0.5514753121298561
v0_2,K0,20261212,616,0.5474717684133453
v0_2,K0,20261212,617,0.5465494658568899
v0_2,K0,20261212,618,0.5495390986754302
v0_2,K0,20261212,619,0.5482424110608128
v0_2,K0,20261212,620,0.5443284356331354
v0_2,K0,20261212,621,0.54341837836022
v0_2,K0,20261212,622,0.5463208054190778
v0_2,K0,20261212,623,0.5450458957670978
v0_2,K0,20261212,624,0.5412200814636735
v0_2,K0,20261212,625,0.5403224114806782
v0_2,K0,20261212,626,0.5431390806407274
v0_2,K0,20261212,627,0.5418857787348828
v0_2,K0,20261212,628,0.5381469036833166
v0_2,K0,20261212,629,0.537261641004508
v0_2,K0,20261212,630,0.5399935186120894
v0_2,K0,20261212,631,0.5387615850765237
v0_2,K0,20261212,632,0.5351088213560395
v0_2,K0,20261212,633,0.534235921179786
v0_2,K0,20261212,634,0.5368835081017179
v0_2,K0,20261212,635,0.5356727201759417
v0_2,K0,20261212,636,0.5321056976771511
v0_2,K0,20261212,637,0.5312450966087832
v0_2,K0,20261212,638,0.533808517193386
v0_2,K0,20261212,639,0.5326187172273351
v0_2,K0,20261212,640,0.5291374934133721
v0_2,K0,20261212,641,0.5282891406748549
v0_2,K0,20261212,642,0.5307682712684798
v0_2,K0,20261212,643,0.5295993934134562
v0_2,K0,20261212,644,0.526204346609909
v0_2,K0,20261212,645,0.5253682236772277
v0_2,K0,20261212,646,0.5277628297385044
v0_2,K0,20261212,647,0.5266148947803786
v0_2,K0,20261212,648,0.5233066013678229
v0_2,K0,20261212,649,0.5224827271552651
v0_2,K0,20261212,650,0.5247925906810068
v0_2,K0,20261212,651,0.5236656976727788
v0_2,K0,20261212,652,0.5204447826877012
v0_2,K0,20261212,653,0.5196332131401472
v0_2,K0,20261212,654,0.5218582313018917
v0_2,K0,20261212,655,0.520752522086085
v0_2,K0,20261212,656,0.5176195564815456
v0_2,K0,20261212,657,0.516820372689396
v0_2,K0,20261212,658,0.5189606292260605
v0_2,K0,20261212,659,0.5178762748570311
v0_2,K0,20261212,660,0.5148316562650059
v0_2,K0,20261212,661,0.5140449567605193
v0_2,K0,20261212,662,0.5161007535260137
v0_2,K0,20261212,663,0.5150379069863714
v0_2,K0,20261212,664,0.512081836220594
v0_2,K0,20261212,665,0.5113077181852372
v0_2,K0,20261212,666,0.5132795896251255
v0_2,K0,20261212,667,0.512238393612123
v0_2,K0,20261212,668,0.5093707935432417
v0_2,K0,20261212,669,0.5086093505206626
v0_2,K0,20261212,670,0.5104980404454373
v0_2,K0,20261212,671,0.5094785708589474
v0_2,K0,20261212,672,0.5066991602342857
v0_2,K0,20261212,673,0.5059504611029326
v0_2,K0,20261212,674,0.5077569103840314
v0_2,K0,20261212,675,0.5067592276065067
v0_2,K0,20261212,676,0.5040674320611628
v0_2,K0,20261212,677,0.5033315338753424
v0_2,K0,20261212,678,0.5050568267723082
v0_2,K0,20261212,679,0.5040808899290045
v0_2,K0,20261212,680,0.5014760251932371
v0_2,K0,20261212,681,0.500752945381047
v0_2,K0,20261212,682,0.5023983071828361
v0_2,K0,20261212,683,0.50144409641184
v0_2,K0,20261212,684,0.4989251852849528
v0_2,K0,20261212,685,0.49821493873654993
v0_2,K0,20261212,686,0.4997816636725275
v0_2,K0,20261212,687,0.4988490170277357
v0_2,K0,20261212,688,0.4964151327874327
v0_2,K0,20261212,689,0.49571768207146166
v0_2,K0,20261212,690,0.497207172911277
v0_2,K0,20261212,691,0.4962960330035206
v0_2,K0,20261212,692,0.49394588995470623
v0_2,K0,20261212,693,0.4932612223387576
v0_2,K0,20261212,694,0.4946748873941565
v0_2,K0,20261212,695,0.49378497105979574
v0_2,K0,20261212,696,0.49151756672638625
v0_2,K0,20261212,697,0.49084559353525253
v0_2,K0,20261212,698,0.4921849602340173
v0_2,K0,20261212,699,0.49131624051011924
v0_2,K0,20261212,700,0.4891299990593567
v0_2,K0,20261212,701,0.48847070562912065
v0_2,K0,20261212,702,0.4897372453822208
v0_2,K0,20261212,703,0.4888892897729088
v0_2,K0,20261212,704,0.48678329407089066
v0_2,K0,20261212,705,0.48613653695511927
v0_2,K0,20261212,706,0.48733189976847063
v0_2,K0,20261212,707,0.4865048058057165
v0_2,K0,20261212,708,0.4844770958024494
v0_2,K0,20261212,709,0.4838428913783068
v0_2,K0,20261212,710,0.48496858471550364
v0_2,K0,20261212,711,0.48416168564180895
v0_2,K0,20261212,712,0.48221162868350637
v0_2,K0,20261212,713,0.481589756585482
v0_2,K0,20261212,714,0.4826475812770762
v0_2,K0,20261212,715,0.48186124226771476
v0_2,K0,20261212,716,0.4799862625933714
v0_2,K0,20261212,717,0.47937681483021194
v0_2,K0,20261212,718,0.48036828440760837
v0_2,K0,20261212,719,0.4796014311261799
v0_2,K0,20261212,720,0.4778014973879293
v0_2,K0,20261212,721,0.47720412606118423
v0_2,K0,20261212,722,0.47813123138440944
v0_2,K0,20261212,723,0.4773847339801352
v0_2,K0,20261212,724,0.4756562442489953
v0_2,K0,20261212,725,0.47507118471410387
v0_2,K0,20261212,726,0.47593539585886185
v0_2,K0,20261212,727,0.47520746752525156
v0_2,K0,20261212,728,0.47355152766148745
v0_2,K0,20261212,729,0.47297821405441837
v0_2,K0,20261212,730,0.4737817462915032
v0_2,K0,20261212,731,0.4730741589487331
v0_2,K0,20261212,732,0.47148548203425167
v0_2,K0,20261212,733,0.47092439935180574
v0_2,K0,20261212,734,0.47166861064571003
v0_2,K0,20261212,735,0.4709783696463853
v0_2,K0,20261212,736,0.4694600677988006
v0_2,K0,20261212,737,0.46891028737625967
v0_2,K0,20261212,738,0.46959762218378215
v0_2,K0,20261212,739,0.4689280374497656
v0_2,K0,20261212,740,0.46747214969507617
v0_2,K0,20261212,741,0.4669345657667016
v0_2,K0,20261212,742,0.46756620292969575
v0_2,K0,20261212,743,0.4669123200166779
v0_2,K0,20261212,744,0.4655252761196443
v0_2,K0,20261212,745,0.4649983839553414
v0_2,K0,20261212,746,0.46557691459629663
v0_2,K0,20261212,747,0.46494453361653393
v0_2,K0,20261212,748,0.4636143349017522
v0_2,K0,20261212,749,0.4630996588324916
v0_2,K0,20261212,750,0.46362606788426386
v0_2,K0,20261212,751,0.46300722281815887
v0_2,K0,20261212,752,0.4617454216882975
v0_2,K0,20261212,753,0.4612406016551395
v0_2,K0,20261212,754,0.4617173374948338
v0_2,K0,20261212,755,0.4611216080439703
v0_2,K0,20261212,756,0.45991051266100375
v0_2,K0,20261212,757,0.4594179812001198
v0_2,K0,20261212,758,0.459845987431391
v0_2,K0,20261212,759,0.45926108576643604
v0_2,K0,20261212,760,0.4581195227653974
v0_2,K0,20261212,761,0.4576357787429702
v0_2,K0,20261212,762,0.45801666549828385
v0_2,K0,20261212,763,0.45745741685764085
v0_2,K0,20261212,764,0.45636038282293445
v0_2,K0,20261212,765,0.455889087132572
v0_2,K0,20261212,766,0.4562243594586831
v0_2,K0,20261212,767,0.4556728146595159
v0_2,K0,20261212,768,0.4546482344013452
v0_2,K0,20261212,769,0.45418464524179314
v0_2,K0,20261212,770,0.4544737563529017
v0_2,K0,20261212,771,0.45395104122229335
v0_2,K0,20261212,772,0.45296569668423514
v0_2,K0,20261212,773,0.4525150254546158
v0_2,K0,20261212,774,0.4527617321028842
v0_2,K0,20261212,775,0.45224344331373195
v0_2,K0,20261212,776,0.45133406785617525
v0_2,K0,20261212,777,0.45089076123177985
v0_2,K0,20261212,778,0.4510905617051123
v0_2,K0,20261212,779,0.4506035888331876
v0_2,K0,20261212,780,0.4497296221551373
v0_2,K0,20261212,781,0.4493004662844042
v0_2,K0,20261212,782,0.4494629451720612
v0_2,K0,20261212,783,0.448977375758156
v0_2,K0,20261212,784,0.4481790249352358
v0_2,K0,20261212,785,0.44775858566547394
v0_2,K0,20261212,786,0.44787429923924343
v0_2,K0,20261212,787,0.44741976853176063
v0_2,K0,20261212,788,0.4466533523954327
v0_2,K0,20261212,789,0.4462484936505251
v0_2,K0,20261212,790,0.44633680948663845
v0_2,K0,20261212,791,0.44588228194905594
v0_2,K0,20261212,792,0.4451807001528355
v0_2,K0,20261212,793,0.44478643574251464
v0_2,K0,20261212,794,0.4448342077421928
v0_2,K0,20261212,795,0.44440742221351504
v0_2,K0,20261212,796,0.4437330236922552
v0_2,K0,20261212,797,0.44335290708754227
v0_2,K0,20261212,798,0.44338645360252493
v0_2,K0,20261212,799,0.4429619293762334
v0_2,K0,20261212,800,0.44233190648217785
v0_2,K0,20261212,801,0.44196173633798086
v0_2,K0,20261212,802,0.4419664720360052
v0_2,K0,20261212,803,0.4415642905268902
v0_2,K0,20261212,804,0.4409568031393668
v0_2,K0,20261212,805,0.4405963338775965
v0_2,K0,20261212,806,0.4405942217818329
v0_2,K0,20261212,807,0.44019785557155455
v0_2,K0,20261212,808,0.43961599432163895
v0_2,K0,20261212,809,0.4392634326922105
v0_2,K0,20261212,810,0.4392418874315446
v0_2,K0,20261212,811,0.43886017646874476
v0_2,K0,20261212,812,0.4382983212732781
v0_2,K0,20261212,813,0.4379523440916197
v0_2,K0,20261212,814,0.4379221624654035
v0_2,K0,20261212,815,0.4375476183009501
v0_2,K0,20261212,816,0.43700280818973375
v0_2,K0,20261212,817,0.43666348803479277
v0_2,K0,20261212,818,0.4366171245901992
v0_2,K0,20261212,819,0.43625080826952345
v0_2,K0,20261212,820,0.4357266346004813
v0_2,K0,20261212,821,0.43539288674826043
v0_2,K0,20261212,822,0.43533251459129496
v0_2,K0,20261212,823,0.43497410935080205
v0_2,K0,20261212,824,0.43446780911510524
v0_2,K0,20261212,825,0.43414034507787025
v0_2,K0,20261212,826,0.4340637111683478
v0_2,K0,20261212,827,0.433711703314918
v0_2,K0,20261212,828,0.43322888134316173
v0_2,K0,20261212,829,0.4329073470745818
v0_2,K0,20261212,830,0.4328138218304614
v0_2,K0,20261212,831,0.43247118405188983
v0_2,K0,20261212,832,0.4320100258247271
v0_2,K0,20261212,833,0.43169528596968443
v0_2,K0,20261212,834,0.4315867273265662
v0_2,K0,20261212,835,0.43125180508598077
v0_2,K0,20261212,836,0.4308151839522053
v0_2,K0,20261212,837,0.4305073753199776
v0_2,K0,20261212,838,0.43038361722412377
v0_2,K0,20261212,839,0.4300590525650608
v0_2,K0,20261212,840,0.4296451679015675
v0_2,K0,20261212,841,0.4293447220085981
v0_2,K0,20261212,842,0.4292092983848369
v0_2,K0,20261212,843,0.42889382706499185
v0_2,K0,20261212,844,0.4285019425577063
v0_2,K0,20261212,845,0.4282089782450928
v0_2,K0,20261212,846,0.42806253402221056
v0_2,K0,20261212,847,0.42775697220458386
v0_2,K0,20261212,848,0.42738542197886853
v0_2,K0,20261212,849,0.4270998017850701
v0_2,K0,20261212,850,0.4269451793801012
v0_2,K0,20261212,851,0.4266487781933613
v0_2,K0,20261212,852,0.4262951681554864
v0_2,K0,20261212,853,0.426016819645332
v0_2,K0,20261212,854,0.42585505398595036
v0_2,K0,20261212,855,0.4255673059030707
v0_2,K0,20261212,856,0.4252304102794502
v0_2,K0,20261212,857,0.42495895701069986
v0_2,K0,20261212,858,0.4247914298376515
v0_2,K0,20261212,859,0.42451203016102174
v0_2,K0,20261212,860,0.4241898348567183
v0_2,K0,20261212,861,0.4239250666812786
v0_2,K0,20261212,862,0.42375282294355676
v0_2,K0,20261212,863,0.4234810091232595
v0_2,K0,20261212,864,0.42317262412632095
v0_2,K0,20261212,865,0.4229142411405164
v0_2,K0,20261212,866,0.4227377972991656
v0_2,K0,20261212,867,0.42247344408578064
v0_2,K0,20261212,868,0.4221778296124918
v0_2,K0,20261212,869,0.42192562084897933
v0_2,K0,20261212,870,0.42174586502563793
v0_2,K0,20261212,871,0.42148853495019584
v0_2,K0,20261212,872,0.4212049127019131
v0_2,K0,20261212,873,0.4209587376410591
v0_2,K0,20261212,874,0.42077614150029147
v0_2,K0,20261212,875,0.4205256866573945
v0_2,K0,20261212,876,0.4202534946881735
v0_2,K0,20261212,877,0.42001320807223713
v0_2,K0,20261212,878,0.4198285328192812
v0_2,K0,20261212,879,0.41958480445678487
v0_2,K0,20261212,880,0.4193232675972638
v0_2,K0,20261212,881,0.4190887895569952
v0_2,K0,20261212,882,0.4189027230268992
v0_2,K0,20261212,883,0.4186655067912524
v0_2,K0,20261212,884,0.41841402132708927
v0_2,K0,20261212,885,0.4181852390477949
v0_2,K0,20261212,886,0.4179984359287212
v0_2,K0,20261212,887,0.4177676128256521
v0_2,K0,20261212,888,0.41752545237708266
v0_2,K0,20261212,889,0.4173022577754419
v0_2,K0,20261212,890,0.4171154050598104
v0_2,K0,20261212,891,0.41689074141009247
v0_2,K0,20261212,892,0.41665723387450415
v0_2,K0,20261212,893,0.4164395129913716
v0_2,K0,20261212,894,0.4162531315481478
v0_2,K0,20261212,895,0.4160344395774907
v0_2,K0,20261212,896,0.4158090072872708
v0_2,K0,20261212,897,0.41559663459299845
v0_2,K0,20261212,898,0.41541122174033834
v0_2,K0,20261212,899,0.4151983142647973
v0_2,K0,20261212,900,0.4149804151158826
v0_2,K0,20261212,901,0.41477328511119405
v0_2,K0,20261212,902,0.4145892483712736
v0_2,K0,20261212,903,0.4143819450562632
v0_2,K0,20261212,904,0.4141711610863864
v0_2,K0,20261212,905,0.41396917511964415
v0_2,K0,20261212,906,0.4137868737608293
v0_2,K0,20261212,907,0.41358505057104117
v0_2,K0,20261212,908,0.41338100657150917
v0_2,K0,20261212,909,0.41318408287199365
v0_2,K0,20261212,910,0.41300387017128976
v0_2,K0,20261212,911,0.412807404068628
v0_2,K0,20261212,912,0.41260976333805227
v0_2,K0,20261212,913,0.4124178321097822
v0_2,K0,20261212,914,0.4122400221334173
v0_2,K0,20261212,915,0.4120488096486893
v0_2,K0,20261212,916,0.41185727158281726
v0_2,K0,20261212,917,0.4116702644768463
v0_2,K0,20261212,918,0.4114951519071264
v0_2,K0,20261212,919,0.4113090930841618
v0_2,K0,20261212,920,0.4111233718041136
v0_2,K0,20261212,921,0.41094122474219863
v0_2,K0,20261212,922,0.4107690624735105
v0_2,K0,20261212,923,0.41058805149479133
v0_2,K0,20261212,924,0.4104079009413491
v0_2,K0,20261212,925,0.4102305504168178
v0_2,K0,20261212,926,0.4100615486079308
v0_2,K0,20261212,927,0.4098854930959243
v0_2,K0,20261212,928,0.40971070189808195
v0_2,K0,20261212,929,0.40953808668603475
v0_2,K0,20261212,930,0.40937242762578774
v0_2,K0,20261212,931,0.4092012408252424
v0_2,K0,20261212,932,0.4090316231058702
v0_2,K0,20261212,933,0.40886368427830133
v0_2,K0,20261212,934,0.40870152163326506
v0_2,K0,20261212,935,0.40853512206745785
v0_2,K0,20261212,936,0.4083705113047643
v0_2,K0,20261212,937,0.4082071868390953
v0_2,K0,20261212,938,0.4080486485999841
v0_2,K0,20261212,939,0.40788695397583796
v0_2,K0,20261212,940,0.40772719160415755
v0_2,K0,20261212,941,0.4075684136941675
v0_2,K0,20261212,942,0.4074135955620138
v0_2,K0,20261212,943,0.4072565131608936
v0_2,K0,20261212,944,0.40710144838912277
v0_2,K0,20261212,945,0.4069471403127826
v0_2,K0,20261212,946,0.40679610353732665
v0_2,K0,20261212,947,0.40664353428620853
v0_2,K0,20261212,948,0.40649302185192093
v0_2,K0,20261212,949,0.40634309472395214
v0_2,K0,20261212,950,0.4061958697990976
v0_2,K0,20261212,951,0.4060477054735162
v0_2,K0,20261212,952,0.40590159735484455
v0_2,K0,20261212,953,0.40575594713565727
v0_2,K0,20261212,954,0.4056125308477936
v0_2,K0,20261212,955,0.4054686463583466
v0_2,K0,20261212,956,0.4053267857661579
v0_2,K0,20261212,957,0.4051852890344011
v0_2,K0,20261212,958,0.40504564128009846
v0_2,K0,20261212,959,0.4049058913001338
v0_2,K0,20261212,960,0.40476810830653837
v0_2,K0,20261212,961,0.4046306187129089
v0_2,K0,20261212,962,0.404494690388324
v0_2,K0,20261212,963,0.4043584977519133
v0_2,K0,20261212,964,0.40422471179908753
v0_2,K0,20261212,965,0.4040910066252382
v0_2,K0,20261212,966,0.4039591907716328
v0_2,K0,20261212,967,0.40382839252464336
v0_2,K0,20261212,968,0.40369861296856296
v0_2,K0,20261212,969,0.4035701194903336
v0_2,K0,20261212,970,0.40344200868240876
v0_2,K0,20261212,971,0.40331500302825485
v0_2,K0,20261212,972,0.4031887277069957
v0_2,K0,20261212,973,0.4030640511994704
v0_2,K0,20261212,974,0.4029397971426839
v0_2,K0,20261212,975,0.4028178789574216
v0_2,K0,20261212,976,0.40269585805637736
v0_2,K0,20261212,977,0.4025768505009943
v0_2,K0,20261212,978,0.4024572371420558
v0_2,K0,20261212,979,0.40234108360356485
v0_2,K0,20261212,980,0.40222405226737284
v0_2,K0,20261212,981,0.4021105639467285
v0_2,K0,20261212,982,0.40199624135730905
v0_2,K0,20261212,983,0.40188514730717395
v0_2,K0,20261212,984,0.4017736058987916
v0_2,K0,20261212,985,0.401664641516527
v0_2,K0,20261212,986,0.40155584034996716
v0_2,K0,20261212,987,0.40144879035131303
v0_2,K0,20261212,988,0.40134256094397475
v0_2,K0,20261212,989,0.40123730485124787
v0_2,K0,20261212,990,0.4011333555804185
v0_2,K0,20261212,991,0.40102983519941365
v0_2,K0,20261212,992,0.40092780227317176
v0_2,K0,20261212,993,0.40082598003611736
v0_2,K0,20261212,994,0.4007255030788689
v0_2,K0,20261212,995,0.40062528971595945
v0_2,K0,20261212,996,0.4005260659377529
v0_2,K0,20261212,997,0.400427290562713
v0_2,K0,20261212,998,0.40032910234109154
v0_2,K0,20261212,999,0.4002315151015996
v0_2,K0,20261212,1000,0.4001342016731928
v0_2,K0,20261213,1,1.002933002062058
v0_2,K0,20261213,2,1.002559733951809
v0_2,K0,20261213,3,1.001824050993023
v0_2,K0,20261213,4,1.0007473439651227
v0_2,K0,20261213,5,0.9993610297265488
v0_2,K0,20261213,6,0.9977056058802674
v0_2,K0,20261213,7,0.9958288016535707
v0_2,K0,20261213,8,0.9937849479350386
v0_2,K0,20261213,9,0.9916363676350286
v0_2,K0,20261213,10,0.9894547635127
v0_2,K0,20261213,11,0.9873234446433526
v0_2,K0,20261213,12,0.9853419192924088
v0_2,K0,20261213,13,0.9836326495938723
v0_2,K0,20261213,14,0.9823495204032374
v0_2,K0,20261213,15,0.9816928554583807
v0_2,K0,20261213,16,0.9818300222090678
v0_2,K0,20261213,17,0.9826622907190279
v0_2,K0,20261213,18,0.9836652713313963
v0_2,K0,20261213,19,0.9844045921844103
v0_2,K0,20261213,20,0.9846729271652861
v0_2,K0,20261213,21,0.9844392811264027
v0_2,K0,20261213,22,0.9838072659816649
v0_2,K0,20261213,23,0.9829712135808575
v0_2,K0,20261213,24,0.9821752725271287
v0_2,K0,20261213,25,0.9816925525742797
v0_2,K0,20261213,26,0.9816222836626992
v0_2,K0,20261213,27,0.9818834183921488
v0_2,K0,20261213,28,0.9822788820708843
v0_2,K0,20261213,29,0.9825975871712799
v0_2,K0,20261213,30,0.9827013892924737
v0_2,K0,20261213,31,0.982560646761669
v0_2,K0,20261213,32,0.9822424287219196
v0_2,K0,20261213,33,0.9818740356817182
v0_2,K0,20261213,34,0.9815961508459011
v0_2,K0,20261213,35,0.9815098679583635
v0_2,K0,20261213,36,0.9816252090274161
v0_2,K0,20261213,37,0.9818392958002768
v0_2,K0,20261213,38,0.9819871210049378
v0_2,K0,20261213,39,0.9819567507200355
v0_2,K0,20261213,40,0.9817694716102126
v0_2,K0,20261213,41,0.981549015513096
v0_2,K0,20261213,42,0.9814208613729041
v0_2,K0,20261213,43,0.9814305935275932
v0_2,K0,20261213,44,0.9815299376554443
v0_2,K0,20261213,45,0.9816220330479364
v0_2,K0,20261213,46,0.9816273451437985
v0_2,K0,20261213,47,0.981530767499488
v0_2,K0,20261213,48,0.9813875681620848
v0_2,K0,20261213,49,0.9812866572090506
v0_2,K0,20261213,50,0.9812852103365157
v0_2,K0,20261213,51,0.9813515142979083
v0_2,K0,20261213,52,0.9813813629117275
v0_2,K0,20261213,53,0.9813135834511204
v0_2,K0,20261213,54,0.981196045397532
v0_2,K0,20261213,55,0.9811225226355584
v0_2,K0,20261213,56,0.9811286145301963
v0_2,K0,20261213,57,0.9811594199829129
v0_2,K0,20261213,58,0.9811363073401737
v0_2,K0,20261213,59,0.9810480106075339
v0_2,K0,20261213,60,0.9809608677093768
v0_2,K0,20261213,61,0.9809357276894826
v0_2,K0,20261213,62,0.9809433902505834
v0_2,K0,20261213,63,0.9809028443693342
v0_2,K0,20261213,64,0.9808099548215967
v0_2,K0,20261213,65,0.9807429013554396
v0_2,K0,20261213,66,0.9807296780360568
v0_2,K0,20261213,67,0.9806969841527601
v0_2,K0,20261213,68,0.9806050877231967
v0_2,K0,20261213,69,0.9805247826531351
v0_2,K0,20261213,70,0.9804936388882142
v0_2,K0,20261213,71,0.9804318008901379
v0_2,K0,20261213,72,0.9803265302319668
v0_2,K0,20261213,73,0.9802633407021071
v0_2,K0,20261213,74,0.980206808658349
v0_2,K0,20261213,75,0.9800921803400838
v0_2,K0,20261213,76,0.9800052556609445
v0_2,K0,20261213,77,0.9799287422255472
v0_2,K0,20261213,78,0.9797992794037788
v0_2,K0,20261213,79,0.9797098988622398
v0_2,K0,20261213,80,0.979592357676593
v0_2,K0,20261213,81,0.9794565371326547
v0_2,K0,20261213,82,0.9793449125301327
v0_2,K0,20261213,83,0.9791835358513408
v0_2,K0,20261213,84,0.9790593946116304
v0_2,K0,20261213,85,0.9788777939033751
v0_2,K0,20261213,86,0.9787310609261551
v0_2,K0,20261213,87,0.9785327890799306
v0_2,K0,20261213,88,0.9783565549013187
v0_2,K0,20261213,89,0.9781509245504083
v0_2,K0,20261213,90,0.9779216585055623
v0_2,K0,20261213,91,0.9777125236452839
v0_2,K0,20261213,92,0.9774694503377863
v0_2,K0,20261213,93,0.9771939895824475
v0_2,K0,20261213,94,0.9769145783432103
v0_2,K0,20261213,95,0.97663667211515
v0_2,K0,20261213,96,0.9763765443736522
v0_2,K0,20261213,97,0.9761922471364617
v0_2,K0,20261213,98,0.9760188056945647
v0_2,K0,20261213,99,0.9755203854490082
v0_2,K0,20261213,100,0.9750490211498244
v0_2,K0,20261213,101,0.9749367377996508
v0_2,K0,20261213,102,0.974656536164265
v0_2,K0,20261213,103,0.9740564062077457
v0_2,K0,20261213,104,0.9737156511616486
v0_2,K0,20261213,105,0.9735731087864323
v0_2,K0,20261213,106,0.9731415120058383
v0_2,K0,20261213,107,0.9725086243017398
v0_2,K0,20261213,108,0.9721410555527509
v0_2,K0,20261213,109,0.9719618516011915
v0_2,K0,20261213,110,0.9716152496122112
v0_2,K0,20261213,111,0.9709488080830935
v0_2,K0,20261213,112,0.9703092652912598
v0_2,K0,20261213,113,0.9699560270472862
v0_2,K0,20261213,114,0.969775107988811
v0_2,K0,20261213,115,0.9695169216090811
v0_2,K0,20261213,116,0.9688264632180558
v0_2,K0,20261213,117,0.9679093716009566
v0_2,K0,20261213,118,0.9673881023947858
v0_2,K0,20261213,119,0.967241102658258
v0_2,K0,20261213,120,0.967063841413984
v0_2,K0,20261213,121,0.9663572234462939
v0_2,K0,20261213,122,0.9652607516986548
v0_2,K0,20261213,123,0.9646031162543793
v0_2,K0,20261213,124,0.9644623657969604
v0_2,K0,20261213,125,0.9643349092075779
v0_2,K0,20261213,126,0.9636266419734183
v0_2,K0,20261213,127,0.962389300134322
v0_2,K0,20261213,128,0.9615575244969095
v0_2,K0,20261213,129,0.9613617409040451
v0_2,K0,20261213,130,0.9613157315451386
v0_2,K0,20261213,131,0.9604604798310766
v0_2,K0,20261213,132,0.9592281869114795
v0_2,K0,20261213,133,0.9582668219496802
v0_2,K0,20261213,134,0.9578046580252304
v0_2,K0,20261213,135,0.9577010449493185
v0_2,K0,20261213,136,0.957796394472975
v0_2,K0,20261213,137,0.9554467739082579
v0_2,K0,20261213,138,0.9559280176254417
v0_2,K0,20261213,139,0.9559091563380488
v0_2,K0,20261213,140,0.9534173592259201
v0_2,K0,20261213,141,0.9563206571118428
v0_2,K0,20261213,142,0.9522598749032559
v0_2,K0,20261213,143,0.9601534055335013
v0_2,K0,20261213,144,0.9590625003559244
v0_2,K0,20261213,145,0.950104629493554
v0_2,K0,20261213,146,0.9527587939397176
v0_2,K0,20261213,147,0.948706182619246
v0_2,K0,20261213,148,0.9503558112990037
v0_2,K0,20261213,149,0.9475760775366927
v0_2,K0,20261213,150,0.9468958468176273
v0_2,K0,20261213,151,0.9479737670412055
v0_2,K0,20261213,152,0.9453454562052773
v0_2,K0,20261213,153,0.9451211114944129
v0_2,K0,20261213,154,0.9482299042452021
v0_2,K0,20261213,155,0.9450332097817203
v0_2,K0,20261213,156,0.9485337347310833
v0_2,K0,20261213,157,0.9490995688716402
v0_2,K0,20261213,158,0.9411701860106995
v0_2,K0,20261213,159,0.943066246048483
v0_2,K0,20261213,160,0.9399030965737935
v0_2,K0,20261213,161,0.9391770047296685
v0_2,K0,20261213,162,0.9403840469892162
v0_2,K0,20261213,163,0.9375844795591993
v0_2,K0,20261213,164,0.9374386465068014
v0_2,K0,20261213,165,0.9397267390111526
v0_2,K0,20261213,166,0.936503630831511
v0_2,K0,20261213,167,0.9426412958070305
v0_2,K0,20261213,168,0.9438168630603012
v0_2,K0,20261213,169,0.9331359415291935
v0_2,K0,20261213,170,0.9442836807894284
v0_2,K0,20261213,171,0.9434114152644882
v0_2,K0,20261213,172,0.9311409677714639
v0_2,K0,20261213,173,0.9429627631401073
v0_2,K0,20261213,174,0.9421853608128423
v0_2,K0,20261213,175,0.9292719192633411
v0_2,K0,20261213,176,0.9440159352683374
v0_2,K0,20261213,177,0.9469713685123063
v0_2,K0,20261213,178,0.9295740452518955
v0_2,K0,20261213,179,0.9461210715876387
v0_2,K0,20261213,180,0.967456062690068
v0_2,K0,20261213,181,0.950767115363181
v0_2,K0,20261213,182,0.9257513450366935
v0_2,K0,20261213,183,0.9645390952058739
v0_2,K0,20261213,184,1.009253952576305
v0_2,K0,20261213,185,0.9993005834023463
v0_2,K0,20261213,186,0.9494674139545802
v0_2,K0,20261213,187,0.9251542921934237
v0_2,K0,20261213,188,0.9380988993761382
v0_2,K0,20261213,189,0.9326067945123881
v0_2,K0,20261213,190,0.9229580285763572
v0_2,K0,20261213,191,0.9231418156708252
v0_2,K0,20261213,192,0.9243919194696679
v0_2,K0,20261213,193,0.9222001504765243
v0_2,K0,20261213,194,0.9274616684541448
v0_2,K0,20261213,195,0.9283996949160295
v0_2,K0,20261213,196,0.9197550294570983
v0_2,K0,20261213,197,0.9283640011795543
v0_2,K0,20261213,198,0.9267599401252399
v0_2,K0,20261213,199,0.9182982561352496
v0_2,K0,20261213,200,0.9191700641694042
v0_2,K0,20261213,201,0.9178920936726264
v0_2,K0,20261213,202,0.916425354917708
v0_2,K0,20261213,203,0.9158714380250839
v0_2,K0,20261213,204,0.9178411891680489
v0_2,K0,20261213,205,0.9144599536366352
v0_2,K0,20261213,206,0.926589662522261
v0_2,K0,20261213,207,0.9312190779311296
v0_2,K0,20261213,208,0.915330807648685
v0_2,K0,20261213,209,0.9233608983194291
v0_2,K0,20261213,210,0.9376914005584599
v0_2,K0,20261213,211,0.9235495221502217
v0_2,K0,20261213,212,0.9102206362614702
v0_2,K0,20261213,213,0.9122118965621979
v0_2,K0,20261213,214,0.9086454906749697
v0_2,K0,20261213,215,0.9078622880821978
v0_2,K0,20261213,216,0.9071350700295903
v0_2,K0,20261213,217,0.9068768037032963
v0_2,K0,20261213,218,0.9076469218723604
v0_2,K0,20261213,219,0.9047903422088516
v0_2,K0,20261213,220,0.9162547396872363
v0_2,K0,20261213,221,0.9188707956106055
v0_2,K0,20261213,222,0.9036387527215912
v0_2,K0,20261213,223,0.9212208508592213
v0_2,K0,20261213,224,0.9420747838300354
v0_2,K0,20261213,225,0.925572585857823
v0_2,K0,20261213,226,0.8999148685162989
v0_2,K0,20261213,227,0.9410611334821226
v0_2,K0,20261213,228,0.993561529212775
v0_2,K0,20261213,229,0.9886996916137288
v0_2,K0,20261213,230,0.9355836752441085
v0_2,K0,20261213,231,0.8970398467143021
v0_2,K0,20261213,232,0.9307719540677968
v0_2,K0,20261213,233,0.9606592050511996
v0_2,K0,20261213,234,0.9430262774185486
v0_2,K0,20261213,235,0.9028874322252384
v0_2,K0,20261213,236,0.9111662600582658
v0_2,K0,20261213,237,0.9440192759144
v0_2,K0,20261213,238,0.93893304974546
v0_2,K0,20261213,239,0.9054113461145715
v0_2,K0,20261213,240,0.9010750573105015
v0_2,K0,20261213,241,0.9189947737084211
v0_2,K0,20261213,242,0.9110483325670153
v0_2,K0,20261213,243,0.893815576316488
v0_2,K0,20261213,244,0.9254010661999009
v0_2,K0,20261213,245,0.9616962177761512
v0_2,K0,20261213,246,0.9520655491282466
v0_2,K0,20261213,247,0.9101112458596481
v0_2,K0,20261213,248,0.8948550110172154
v0_2,K0,20261213,249,0.9102433445389113
v0_2,K0,20261213,250,0.9048333651986039
v0_2,K0,20261213,251,0.8907516625067952
v0_2,K0,20261213,252,0.9107959241868936
v0_2,K0,20261213,253,0.9248275088180272
v0_2,K0,20261213,254,0.907078261380495
v0_2,K0,20261213,255,0.8889667161210382
v0_2,K0,20261213,256,0.8933678841675359
v0_2,K0,20261213,257,0.8889062744602545
v0_2,K0,20261213,258,0.8968280608212683
v0_2,K0,20261213,259,0.9012491820372112
v0_2,K0,20261213,260,0.8885084485106204
v0_2,K0,20261213,261,0.9000504564999662
v0_2,K0,20261213,262,0.9146809294899056
v0_2,K0,20261213,263,0.9002418161071475
v0_2,K0,20261213,264,0.8852202879255878
v0_2,K0,20261213,265,0.8866927515137759
v0_2,K0,20261213,266,0.8844063843264137
v0_2,K0,20261213,267,0.8836451554764911
v0_2,K0,20261213,268,0.8852728073615261
v0_2,K0,20261213,269,0.8823320182538609
v0_2,K0,20261213,270,0.8942084040640048
v0_2,K0,20261213,271,0.8981975938289055
v0_2,K0,20261213,272,0.8831733430126957
v0_2,K0,20261213,273,0.8912271640126795
v0_2,K0,20261213,274,0.9050632228802619
v0_2,K0,20261213,275,0.8918929094249256
v0_2,K0,20261213,276,0.878402374928683
v0_2,K0,20261213,277,0.8796746334078551
v0_2,K0,20261213,278,0.8773573096387632
v0_2,K0,20261213,279,0.8763327308340645
v0_2,K0,20261213,280,0.8769063371616503
v0_2,K0,20261213,281,0.874776639155045
v0_2,K0,20261213,282,0.8750128101377124
v0_2,K0,20261213,283,0.8732094019300224
v0_2,K0,20261213,284,0.8730263507444387
v0_2,K0,20261213,285,0.8716770535782312
v0_2,K0,20261213,286,0.8710207624191735
v0_2,K0,20261213,287,0.870099010026075
v0_2,K0,20261213,288,0.8689976473263366
v0_2,K0,20261213,289,0.8684386162976176
v0_2,K0,20261213,290,0.8669926326099678
v0_2,K0,20261213,291,0.8667043712167234
v0_2,K0,20261213,292,0.8650512107153261
v0_2,K0,20261213,293,0.864878131340342
v0_2,K0,20261213,294,0.863174955985646
v0_2,K0,20261213,295,0.862906698403006
v0_2,K0,20261213,296,0.8613354321713471
v0_2,K0,20261213,297,0.8607847797849215
v0_2,K0,20261213,298,0.8595314182230236
v0_2,K0,20261213,299,0.8585913341158037
v0_2,K0,20261213,300,0.8577798217540231
v0_2,K0,20261213,301,0.8564215693093779
v0_2,K0,20261213,302,0.8560575321598571
v0_2,K0,20261213,303,0.8543153810983833
v0_2,K0,20261213,304,0.8542797182961338
v0_2,K0,20261213,305,0.8522503565562194
v0_2,K0,20261213,306,0.8523471668909121
v0_2,K0,20261213,307,0.8501909815523704
v0_2,K0,20261213,308,0.8502304516384882
v0_2,K0,20261213,309,0.848135732441784
v0_2,K0,20261213,310,0.8479940248454787
v0_2,K0,20261213,311,0.8461022228400045
v0_2,K0,20261213,312,0.8457296544788269
v0_2,K0,20261213,313,0.8440891983744025
v0_2,K0,20261213,314,0.8434947453415926
v0_2,K0,20261213,315,0.8420768794836837
v0_2,K0,20261213,316,0.8413086459588409
v0_2,K0,20261213,317,0.840050708735832
v0_2,K0,20261213,318,0.839172087461172
v0_2,K0,20261213,319,0.8380123454441916
v0_2,K0,20261213,320,0.8370773134190092
v0_2,K0,20261213,321,0.8359713128506222
v0_2,K0,20261213,322,0.8350101154195977
v0_2,K0,20261213,323,0.8339338627321121
v0_2,K0,20261213,324,0.8329552716673747
v0_2,K0,20261213,325,0.8319007644358222
v0_2,K0,20261213,326,0.8309047217266964
v0_2,K0,20261213,327,0.8298697408089327
v0_2,K0,20261213,328,0.8288597773506055
v0_2,K0,20261213,329,0.8278357158336479
v0_2,K0,20261213,330,0.8268256651825212
v0_2,K0,20261213,331,0.8257908076187785
v0_2,K0,20261213,332,0.8248053220253319
v0_2,K0,20261213,333,0.8237283650137345
v0_2,K0,20261213,334,0.8227974976210382
v0_2,K0,20261213,335,0.8216482715374431
v0_2,K0,20261213,336,0.820797266996995
v0_2,K0,20261213,337,0.8195572209491342
v0_2,K0,20261213,338,0.8187961450876388
v0_2,K0,20261213,339,0.8174636102493575
v0_2,K0,20261213,340,0.816783220176932
v0_2,K0,20261213,341,0.8153726619295629
v0_2,K0,20261213,342,0.8147491577341599
v0_2,K0,20261213,343,0.813285390329535
v0_2,K0,20261213,344,0.8126906483313796
v0_2,K0,20261213,345,0.8111998184869772
v0_2,K0,20261213,346,0.8106111567673864
v0_2,K0,20261213,347,0.8091120658346587
v0_2,K0,20261213,348,0.8085175379667915
v0_2,K0,20261213,349,0.8070175836521307
v0_2,K0,20261213,350,0.8064158858076843
v0_2,K0,20261213,351,0.8049132462613726
v0_2,K0,20261213,352,0.8043093473160016
v0_2,K0,20261213,353,0.8027989493043909
v0_2,K0,20261213,354,0.8021979736050068
v0_2,K0,20261213,355,0.800677103008953
v0_2,K0,20261213,356,0.8000798397590377
v0_2,K0,20261213,357,0.7985506163419503
v0_2,K0,20261213,358,0.797953038158584
v0_2,K0,20261213,359,0.7964212151798328
v0_2,K0,20261213,360,0.7958176646352493
v0_2,K0,20261213,361,0.7942889075616254
v0_2,K0,20261213,362,0.7936763816408845
v0_2,K0,20261213,363,0.7921522820555842
v0_2,K0,20261213,364,0.7915331451577794
v0_2,K0,20261213,365,0.7900093762813434
v0_2,K0,20261213,366,0.7893912399830043
v0_2,K0,20261213,367,0.7878589123079849
v0_2,K0,20261213,368,0.7872519869825102
v0_2,K0,20261213,369,0.7857011794262917
v0_2,K0,20261213,370,0.785114570826598
v0_2,K0,20261213,371,0.7835378551916076
v0_2,K0,20261213,372,0.7829767876548541
v0_2,K0,20261213,373,0.7813709803056134
v0_2,K0,20261213,374,0.780836341387663
v0_2,K0,20261213,375,0.7792019657099133
v0_2,K0,20261213,376,0.7786920605540032
v0_2,K0,20261213,377,0.7770312076561353
v0_2,K0,20261213,378,0.7765442944532407
v0_2,K0,20261213,379,0.7748583078791446
v0_2,K0,20261213,380,0.7743942933524316
v0_2,K0,20261213,381,0.7726826694987987
v0_2,K0,20261213,382,0.7722431483719946
v0_2,K0,20261213,383,0.7705041505050938
v0_2,K0,20261213,384,0.7700910560042173
v0_2,K0,20261213,385,0.7683233710873351
v0_2,K0,20261213,386,0.7679372825438073
v0_2,K0,20261213,387,0.7661414798567457
v0_2,K0,20261213,388,0.7657807519540799
v0_2,K0,20261213,389,0.7639596216578703
v0_2,K0,20261213,390,0.7636208672163076
v0_2,K0,20261213,391,0.7617785274049893
v0_2,K0,20261213,392,0.761458028513361
v0_2,K0,20261213,393,0.7595984443548731
v0_2,K0,20261213,394,0.7592935081586701
v0_2,K0,20261213,395,0.7574193699722156
v0_2,K0,20261213,396,0.757128829854474
v0_2,K0,20261213,397,0.7552414147290626
v0_2,K0,20261213,398,0.7549651375956887
v0_2,K0,20261213,399,0.7530650560354035
v0_2,K0,20261213,400,0.7528029541419832
v0_2,K0,20261213,401,0.7508911127582705
v0_2,K0,20261213,402,0.7506424012097012
v0_2,K0,20261213,403,0.7487204886765363
v0_2,K0,20261213,404,0.7484836581069679
v0_2,K0,20261213,405,0.7465539024964103
v0_2,K0,20261213,406,0.7463273073682988
v0_2,K0,20261213,407,0.744391785895336
v0_2,K0,20261213,408,0.7441743248260141
v0_2,K0,20261213,409,0.742234380424229
v0_2,K0,20261213,410,0.7420257599020379
v0_2,K0,20261213,411,0.7400819374091556
v0_2,K0,20261213,412,0.7398823789800888
v0_2,K0,20261213,413,0.737934869743282
v0_2,K0,20261213,414,0.7377445281971574
v0_2,K0,20261213,415,0.7357937491141675
v0_2,K0,20261213,416,0.7356122756605672
v0_2,K0,20261213,417,0.7336591708610519
v0_2,K0,20261213,418,0.7334856932308842
v0_2,K0,20261213,419,0.731531608476499
v0_2,K0,20261213,420,0.7313650592862797
v0_2,K0,20261213,421,0.7294113652198708
v0_2,K0,20261213,422,0.7292508482512454
v0_2,K0,20261213,423,0.7272986405572928
v0_2,K0,20261213,424,0.7271435521839104
v0_2,K0,20261213,425,0.7251936463526535
v0_2,K0,20261213,426,0.7250435017313043
v0_2,K0,20261213,427,0.7230966801986985
v0_2,K0,20261213,428,0.7229508259157503
v0_2,K0,20261213,429,0.7210081059993131
v0_2,K0,20261213,430,0.7208655619345375
v0_2,K0,20261213,431,0.7189282713941386
v0_2,K0,20261213,432,0.7187878109753645
v0_2,K0,20261213,433,0.7168574369311892
v0_2,K0,20261213,434,0.7167178146131735
v0_2,K0,20261213,435,0.7147957695437377
v0_2,K0,20261213,436,0.7146559049828493
v0_2,K0,20261213,437,0.7127433948365319
v0_2,K0,20261213,438,0.7126023885663719
v0_2,K0,20261213,439,0.7107004586308076
v0_2,K0,20261213,440,0.7105574661817659
v0_2,K0,20261213,441,0.7086671475307926
v0_2,K0,20261213,442,0.7085212451760297
v0_2,K0,20261213,443,0.7066436579767168
v0_2,K0,20261213,444,0.706493817054335
v0_2,K0,20261213,445,0.7046301470494917
v0_2,K0,20261213,446,0.7044753257026062
v0_2,K0,20261213,447,0.7026267079329764
v0_2,K0,20261213,448,0.7024659706173609
v0_2,K0,20261213,449,0.7006333859667266
v0_2,K0,20261213,450,0.7004659519118104
v0_2,K0,20261213,451,0.698650216031628
v0_2,K0,20261213,452,0.6984754112961845
v0_2,K0,20261213,453,0.6966772475228967
v0_2,K0,20261213,454,0.6964944176956056
v0_2,K0,20261213,455,0.6947145384056803
v0_2,K0,20261213,456,0.6945230012288209
v0_2,K0,20261213,457,0.6927621287968257
v0_2,K0,20261213,458,0.6925611988210227
v0_2,K0,20261213,459,0.6908200203791623
v0_2,K0,20261213,460,0.690609071360595
v0_2,K0,20261213,461,0.6888881788693103
v0_2,K0,20261213,462,0.6886666832893801
v0_2,K0,20261213,463,0.6869665545995266
v0_2,K0,20261213,464,0.6867340693324563
v0_2,K0,20261213,465,0.6850551016479892
v0_2,K0,20261213,466,0.6848112199920127
v0_2,K0,20261213,467,0.6831537801290926
v0_2,K0,20261213,468,0.6828980959490907
v0_2,K0,20261213,469,0.6812625432177811
v0_2,K0,20261213,470,0.6809946549591007
v0_2,K0,20261213,471,0.6793813235826531
v0_2,K0,20261213,472,0.6791008668263121
v0_2,K0,20261213,473,0.6775100320743724
v0_2,K0,20261213,474,0.6772167065498198
v0_2,K0,20261213,475,0.6756485686995434
v0_2,K0,20261213,476,0.6753421365260015
v0_2,K0,20261213,477,0.6737968350498795
v0_2,K0,20261213,478,0.6734770963596154
v0_2,K0,20261213,479,0.6719547376797845
v0_2,K0,20261213,480,0.6716215087789515
v0_2,K0,20261213,481,0.6701221815952999
v0_2,K0,20261213,482,0.6697752943092743
v0_2,K0,20261213,483,0.6682990619998705
v0_2,K0,20261213,484,0.6679383807560275
v0_2,K0,20261213,485,0.6664852626833289
v0_2,K0,20261213,486,0.6661107005449975
v0_2,K0,20261213,487,0.6646806620714288
v0_2,K0,20261213,488,0.6642921810352372
v0_2,K0,20261213,489,0.6628851408037315
v0_2,K0,20261213,490,0.6624827383170139
v0_2,K0,20261213,491,0.6610985842420714
v0_2,K0,20261213,492,0.6606822799346145
v0_2,K0,20261213,493,0.6593208789644684
v0_2,K0,20261213,494,0.6588907128539111
v0_2,K0,20261213,495,0.6575519079694312
v0_2,K0,20261213,496,0.6571079488200325
v0_2,K0,20261213,497,0.6557915497203344
v0_2,K0,20261213,498,0.6553339030064861
v0_2,K0,20261213,499,0.6540396817518145
v0_2,K0,20261213,500,0.6535684887501585
v0_2,K0,20261213,501,0.6522961851612454
v0_2,K0,20261213,502,0.6518116142790112
v0_2,K0,20261213,503,0.6505609460407054
v0_2,K0,20261213,504,0.6500631844222753
v0_2,K0,20261213,505,0.6488338533785319
v0_2,K0,20261213,506,0.648323105102707
v0_2,K0,20261213,507,0.6471147963426828
v0_2,K0,20261213,508,0.6465912861883896
v0_2,K0,20261213,509,0.645403663937448
v0_2,K0,20261213,510,0.6448676405997491
v0_2,K0,20261213,511,0.6437003472579561
v0_2,K0,20261213,512,0.6431520814654409
v0_2,K0,20261213,513,0.6420047420162458
v0_2,K0,20261213,514,0.6414445206353219
v0_2,K0,20261213,515,0.6403167491027268
v0_2,K0,20261213,516,0.6397448699551626
v0_2,K0,20261213,517,0.6386362731668179
v0_2,K0,20261213,518,0.638053043810342
v0_2,K0,20261213,519,0.6369632210859607
v0_2,K0,20261213,520,0.6363689604706667
v0_2,K0,20261213,521,0.6352975019644036
v0_2,K0,20261213,522,0.6346925413535073
v0_2,K0,20261213,523,0.6336390285154083
v0_2,K0,20261213,524,0.633023709464504
v0_2,K0,20261213,525,0.6319877183287658
v0_2,K0,20261213,526,0.6313623888270911
v0_2,K0,20261213,527,0.630343493859382
v0_2,K0,20261213,528,0.6297085053988185
v0_2,K0,20261213,529,0.6287062813983628
v0_2,K0,20261213,530,0.6280619884135238
v0_2,K0,20261213,531,0.6270760102241943
v0_2,K0,20261213,532,0.6264227708397269
v0_2,K0,20261213,533,0.6254526127342896
v0_2,K0,20261213,534,0.624790788732373
v0_2,K0,20261213,535,0.6238360252276491
v0_2,K0,20261213,536,0.6231659803675633
v0_2,K0,20261213,537,0.6222261884016631
v0_2,K0,20261213,538,0.6215482860842746
v0_2,K0,20261213,539,0.6206230470527262
v0_2,K0,20261213,540,0.6199376488692685
v0_2,K0,20261213,541,0.619026549341485
v0_2,K0,20261213,542,0.6183340149585279
v0_2,K0,20261213,543,0.6174366463504357
v0_2,K0,20261213,544,0.6167373338296974
v0_2,K0,20261213,545,0.6158532922289643
v0_2,K0,20261213,546,0.6151475576733232
v0_2,K0,20261213,547,0.6142764445708389
v0_2,K0,20261213,548,0.6135646409246122
v0_2,K0,20261213,549,0.612706064482118
v0_2,K0,20261213,550,0.6119885402649834
v0_2,K0,20261213,551,0.6111421162055223
v0_2,K0,20261213,552,0.6104192149361674
v0_2,K0,20261213,553,0.6095845666348775
v0_2,K0,20261213,554,0.6088566269187272
v0_2,K0,20261213,555,0.6080333851075223
v0_2,K0,20261213,556,0.607300740736789
v0_2,K0,20261213,557,0.6064885435063688
v0_2,K0,20261213,558,0.6057515230735865
v0_2,K0,20261213,559,0.6049500163783719
v0_2,K0,20261213,560,0.6042089425409337
v0_2,K0,20261213,561,0.6034177808053257
v0_2,K0,20261213,562,0.6026729697165748
v0_2,K0,20261213,563,0.6018918160747897
v0_2,K0,20261213,564,0.60114357726614
v0_2,K0,20261213,565,0.6003721033901636
v0_2,K0,20261213,566,0.5996207399100221
v0_2,K0,20261213,567,0.5988586257874757
v0_2,K0,20261213,568,0.5981044342010248
v0_2,K0,20261213,569,0.5973513681745241
v0_2,K0,20261213,570,0.5965946382814504
v0_2,K0,20261213,571,0.5958503173027127
v0_2,K0,20261213,572,0.5950913317801154
v0_2,K0,20261213,573,0.5943554615860334
v0_2,K0,20261213,574,0.5935944958343181
v0_2,K0,20261213,575,0.5928667908655958
v0_2,K0,20261213,576,0.592104113091906
v0_2,K0,20261213,577,0.5913842962583072
v0_2,K0,20261213,578,0.5906201676030111
v0_2,K0,20261213,579,0.5899079701213306
v0_2,K0,20261213,580,0.589142644641703
v0_2,K0,20261213,581,0.5884378060371749
v0_2,K0,20261213,582,0.5876715305724012
v0_2,K0,20261213,583,0.5869737987254564
v0_2,K0,20261213,584,0.5862068128042104
v0_2,K0,20261213,585,0.5855159438850464
v0_2,K0,20261213,586,0.5847484797828325
v0_2,K0,20261213,587,0.5840642380522051
v0_2,K0,20261213,588,0.5832965209353254
v0_2,K0,20261213,589,0.5826186785291416
v0_2,K0,20261213,590,0.5818509265604057
v0_2,K0,20261213,591,0.5811792633591024
v0_2,K0,20261213,592,0.5804116877120367
v0_2,K0,20261213,593,0.5797459912788071
v0_2,K0,20261213,594,0.5789787961329096
v0_2,K0,20261213,595,0.5783188616258621
v0_2,K0,20261213,596,0.5775522442275919
v0_2,K0,20261213,597,0.5768978742313801
v0_2,K0,20261213,598,0.576132025030848
v0_2,K0,20261213,599,0.5754830293462327
v0_2,K0,20261213,600,0.5747181321410372
v0_2,K0,20261213,601,0.5740743276072072
v0_2,K0,20261213,602,0.5733105596375616
v0_2,K0,20261213,603,0.5726717700078346
v0_2,K0,20261213,604,0.5719093020168557
v0_2,K0,20261213,605,0.5712753578449
v0_2,K0,20261213,606,0.5705143541597215
v0_2,K0,20261213,607,0.5698850926465985
v0_2,K0,20261213,608,0.5691257113050582
v0_2,K0,20261213,609,0.568500976113914
v0_2,K0,20261213,610,0.5677433690123433
v0_2,K0,20261213,611,0.567123010085496
v0_2,K0,20261213,612,0.5663673231053015
v0_2,K0,20261213,613,0.5657511965156939
v0_2,K0,20261213,614,0.564997569623606
v0_2,K0,20261213,615,0.5643855374442682
v0_2,K0,20261213,616,0.5636341047899355
v0_2,K0,20261213,617,0.5630260349531686
v0_2,K0,20261213,618,0.5622769249903726
v0_2,K0,20261213,619,0.5616726911217319
v0_2,K0,20261213,620,0.5609260267491432
v0_2,K0,20261213,621,0.5603255080008105
v0_2,K0,20261213,622,0.5595814066952088
v0_2,K0,20261213,623,0.5589844875936059
v0_2,K0,20261213,624,0.5582430615274395
v0_2,K0,20261213,625,0.5576496318385182
v0_2,K0,20261213,626,0.5569109879880833
v0_2,K0,20261213,627,0.5563209425840653
v0_2,K0,20261213,628,0.5555851828476751
v0_2,K0,20261213,629,0.554998421559519
v0_2,K0,20261213,630,0.5542656428891405
v0_2,K0,20261213,631,0.5536820703561569
v0_2,K0,20261213,632,0.5529523648868361
v0_2,K0,20261213,633,0.5523718904127913
v0_2,K0,20261213,634,0.5516453455844896
v0_2,K0,20261213,635,0.5510678830068719
v0_2,K0,20261213,636,0.550344581676998
v0_2,K0,20261213,637,0.5497700492393134
v0_2,K0,20261213,638,0.5490500697986228
v0_2,K0,20261213,639,0.5484783900184432
v0_2,K0,20261213,640,0.547761806512661
v0_2,K0,20261213,641,0.5471929060467804
v0_2,K0,20261213,642,0.546479788301006
v0_2,K0,20261213,643,0.5459135978126473
v0_2,K0,20261213,644,0.5452040115491276
v0_2,K0,20261213,645,0.5446404655847993
v0_2,K0,20261213,646,0.5439344725358747
v0_2,K0,20261213,647,0.5433735094055553
v0_2,K0,20261213,648,0.5426711674256443
v0_2,K0,20261213,649,0.5421127290823488
v0_2,K0,20261213,650,0.5414140922617793
v0_2,K0,20261213,651,0.5408581241804807
v0_2,K0,20261213,652,0.5401632429621828
v0_2,K0,20261213,653,0.5396096940190904
v0_2,K0,20261213,654,0.538918615311073
v0_2,K0,20261213,655,0.5383674376692121
v0_2,K0,20261213,656,0.5376802049534704
v0_2,K0,20261213,657,0.5371313539512976
v0_2,K0,20261213,658,0.536448007390479
v0_2,K0,20261213,659,0.5359014414330509
v0_2,K0,20261213,660,0.5352220179778974
v0_2,K0,20261213,661,0.534677698426233
v0_2,K0,20261213,662,0.5340022319231067
v0_2,K0,20261213,663,0.5334601229860425
v0_2,K0,20261213,664,0.532788644283198
v0_2,K0,20261213,665,0.532248712911878
v0_2,K0,20261213,666,0.531581249962288
v0_2,K0,20261213,667,0.5310434657488639
v0_2,K0,20261213,668,0.5303800437100423
v0_2,K0,20261213,669,0.5298443787877506
v0_2,K0,20261213,670,0.5291850201229482
v0_2,K0,20261213,671,0.5286514490665698
v0_2,K0,20261213,672,0.5279961736434555
v0_2,K0,20261213,673,0.5274646733721433
v0_2,K0,20261213,674,0.526813498561168
v0_2,K0,20261213,675,0.526284048242793
v0_2,K0,20261213,676,0.525636989012999
v0_2,K0,20261213,677,0.5251095699722076
v0_2,K0,20261213,678,0.524466638984066
v0_2,K0,20261213,679,0.5239412346118749
v0_2,K0,20261213,680,0.5233024423100804
v0_2,K0,20261213,681,0.5227790379748778
v0_2,K0,20261213,682,0.5221443926799
v0_2,K0,20261213,683,0.5216229756397273
v0_2,K0,20261213,684,0.5209924836366722
v0_2,K0,20261213,685,0.5204730429544115
v0_2,K0,20261213,686,0.5198467085816966
v0_2,K0,20261213,687,0.5193292350417158
v0_2,K0,20261213,688,0.5187070607759947
v0_2,K0,20261213,689,0.5181915468035236
v0_2,K0,20261213,690,0.5175735333444327
v0_2,K0,20261213,691,0.517059972926288
v0_2,K0,20261213,692,0.5164461192786665
v0_2,K0,20261213,693,0.5159345078859651
v0_2,K0,20261213,694,0.5153248114415327
v0_2,K0,20261213,695,0.5148151459534211
v0_2,K0,20261213,696,0.5142096025700745
v0_2,K0,20261213,697,0.5137018812007493
v0_2,K0,20261213,698,0.5131004852799426
v0_2,K0,20261213,699,0.5125947075070866
v0_2,K0,20261213,700,0.5119974520693407
v0_2,K0,20261213,701,0.511493618564113
v0_2,K0,20261213,702,0.5109004953237295
v0_2,K0,20261213,703,0.5103986078834454
v0_2,K0,20261213,704,0.5098096073203419
v0_2,K0,20261213,705,0.5093096688016223
v0_2,K0,20261213,706,0.5087247802326005
v0_2,K0,20261213,707,0.5082267944875873
v0_2,K0,20261213,708,0.5076460061350854
v0_2,K0,20261213,709,0.5071499779499181
v0_2,K0,20261213,710,0.5065732770087761
v0_2,K0,20261213,711,0.506079212041649
v0_2,K0,20261213,712,0.5055065847451422
v0_2,K0,20261213,713,0.5050144894693096
v0_2,K0,20261213,714,0.5044459211524326
v0_2,K0,20261213,715,0.5039558027986997
v0_2,K0,20261213,716,0.503391277960299
v0_2,K0,20261213,717,0.5029031444622244
v0_2,K0,20261213,718,0.5023426468249833
v0_2,K0,20261213,719,0.5018565067656943
v0_2,K0,20261213,720,0.5013000193354124
v0_2,K0,20261213,721,0.5008158818967112
v0_2,K0,20261213,722,0.5002633870175015
v0_2,K0,20261213,723,0.49978126193067235
v0_2,K0,20261213,724,0.49923274134153545
v0_2,K0,20261213,725,0.4987526388390355
v0_2,K0,20261213,726,0.4982080737259698
v0_2,K0,20261213,727,0.497730004495936
v0_2,K0,20261213,728,0.49718937554432463
v0_2,K0,20261213,729,0.49671335068630224
v0_2,K0,20261213,730,0.49617663813047996
v0_2,K0,20261213,731,0.4957026691134221
v0_2,K0,20261213,732,0.495169852784532
v0_2,K0,20261213,733,0.4946979514061265
v0_2,K0,20261213,734,0.4941690107789623
v0_2,K0,20261213,735,0.4936991891264298
v0_2,K0,20261213,736,0.4931741033643505
v0_2,K0,20261213,737,0.492706373777292
v0_2,K0,20261213,738,0.49218512177581014
v0_2,K0,20261213,739,0.4917194968105376
v0_2,K0,20261213,740,0.49120205723818355
v0_2,K0,20261213,741,0.49073854963450825
v0_2,K0,20261213,742,0.49022490097284444
v0_2,K0,20261213,743,0.48976352362143794
v0_2,K0,20261213,744,0.48925364420444695
v0_2,K0,20261213,745,0.48879441011582864
v0_2,K0,20261213,746,0.48828827816551174
v0_2,K0,20261213,747,0.4878312004416059
v0_2,K0,20261213,748,0.48732879410432095
v0_2,K0,20261213,749,0.4868738859105879
v0_2,K0,20261213,750,0.48637518329082347
v0_2,K0,20261213,751,0.4859224578304626
v0_2,K0,20261213,752,0.4854274370225256
v0_2,K0,20261213,753,0.48497690751175276
v0_2,K0,20261213,754,0.48448554663155613
v0_2,K0,20261213,755,0.4840372262774153
v0_2,K0,20261213,756,0.4835495034910355
v0_2,K0,20261213,757,0.48310340546923297
v0_2,K0,20261213,758,0.4826192990224065
v0_2,K0,20261213,759,0.4821754364568506
v0_2,K0,20261213,760,0.48169492470002073
v0_2,K0,20261213,761,0.4812533106452958
v0_2,K0,20261213,762,0.4807763720607662
v0_2,K0,20261213,763,0.48033701948407015
v0_2,K0,20261213,764,0.4798636327081782
v0_2,K0,20261213,765,0.47942655447398524
v0_2,K0,20261213,766,0.478956698322113
v0_2,K0,20261213,767,0.4785219071762922
v0_2,K0,20261213,768,0.4780555606628622
v0_2,K0,20261213,769,0.47762306922101144
v0_2,K0,20261213,770,0.4771602115803674
v0_2,K0,20261213,771,0.476730032314386
v0_2,K0,20261213,772,0.4762706430203172
v0_2,K0,20261213,773,0.47584278824814863
v0_2,K0,20261213,774,0.4753868470319785
v0_2,K0,20261213,775,0.4749613289080884
v0_2,K0,20261213,776,0.4745088157752871
v0_2,K0,20261213,777,0.4740856462811142
v0_2,K0,20261213,778,0.47363654152794343
v0_2,K0,20261213,779,0.4732157324659918
v0_2,K0,20261213,780,0.4727700166935747
v0_2,K0,20261213,781,0.4723515796795748
v0_2,K0,20261213,782,0.4719092338087979
v0_2,K0,20261213,783,0.47149318026758585
v0_2,K0,20261213,784,0.47105418555143364
v0_2,K0,20261213,785,0.47064052671221096
v0_2,K0,20261213,786,0.47020486474776196
v0_2,K0,20261213,787,0.4697936116406978
v0_2,K0,20261213,788,0.46936126438130626
v0_2,K0,20261213,789,0.468952427835387
v0_2,K0,20261213,790,0.46852337759985124
v0_2,K0,20261213,791,0.4681169682417107
v0_2,K0,20261213,792,0.46769119772463286
v0_2,K0,20261213,793,0.46728722597768624
v0_2,K0,20261213,794,0.4668647182577342
v0_2,K0,20261213,795,0.46646319434286476
v0_2,K0,20261213,796,0.46604393289100565
v0_2,K0,20261213,797,0.4656448668272251
v0_2,K0,20261213,798,0.46522883551453553
v0_2,K0,20261213,799,0.46483223712169297
v0_2,K0,20261213,800,0.4644194202251611
v0_2,K0,20261213,801,0.4640252991255237
v0_2,K0,20261213,802,0.4636156813346721
v0_2,K0,20261213,803,0.46322404695807146
v0_2,K0,20261213,804,0.4628176133800536
v0_2,K0,20261213,805,0.46242847496595557
v0_2,K0,20261213,806,0.46202521113034023
v0_2,K0,20261213,807,0.4616385777342915
v0_2,K0,20261213,808,0.4612384695978103
v0_2,K0,20261213,809,0.46085435009577297
v0_2,K0,20261213,810,0.46045738404575143
v0_2,K0,20261213,811,0.46007578714043623
v0_2,K0,20261213,812,0.4596819499979496
v0_2,K0,20261213,813,0.45930288422571813
v0_2,K0,20261213,814,0.458912163248561
v0_2,K0,20261213,815,0.45853563698513394
v0_2,K0,20261213,816,0.45814801987043124
v0_2,K0,20261213,817,0.4577740413400404
v0_2,K0,20261213,818,0.45738951622578733
v0_2,K0,20261213,819,0.4570180935077524
v0_2,K0,20261213,820,0.45663664897498407
v0_2,K0,20261213,821,0.45626779001247
v0_2,K0,20261213,822,0.4558894150855199
v0_2,K0,20261213,823,0.455523127695204
v0_2,K0,20261213,824,0.4551478118435076
v0_2,K0,20261213,825,0.45478410372260814
v0_2,K0,20261213,826,0.45441183686083664
v0_2,K0,20261213,827,0.45405071559822807
v0_2,K0,20261213,828,0.45368148808657033
v0_2,K0,20261213,829,0.4533229611712838
v0_2,K0,20261213,830,0.45295676381543626
v0_2,K0,20261213,831,0.45260083864717776
v0_2,K0,20261213,832,0.4522376626980078
v0_2,K0,20261213,833,0.45188434659649585
v0_2,K0,20261213,834,0.4515241837490546
v0_2,K0,20261213,835,0.451173483964239
v0_2,K0,20261213,836,0.4508163263572385
v0_2,K0,20261213,837,0.4504682500800641
v0_2,K0,20261213,838,0.45011409029461086
v0_2,K0,20261213,839,0.44976864466659533
v0_2,K0,20261213,840,0.44941747572433405
v0_2,K0,20261213,841,0.4490746678481404
v0_2,K0,20261213,842,0.44872648321014913
v0_2,K0,20261213,843,0.4483863201592799
v0_2,K0,20261213,844,0.4480411137235741
v0_2,K0,20261213,845,0.4477036025531112
v0_2,K0,20261213,846,0.44736136865226256
v0_2,K0,20261213,847,0.44702651640883373
v0_2,K0,20261213,848,0.4466872498074694
v0_2,K0,20261213,849,0.4463550635379991
v0_2,K0,20261213,850,0.4460187594301198
v0_2,K0,20261213,851,0.4456892461922063
v0_2,K0,20261213,852,0.4453559001969034
v0_2,K0,20261213,853,0.4450290670677041
v0_2,K0,20261213,854,0.4446986752263964
v0_2,K0,20261213,855,0.4443745293109716
v0_2,K0,20261213,856,0.4440470880827976
v0_2,K0,20261213,857,0.44372563652299046
v0_2,K0,20261213,858,0.4434011427797337
v0_2,K0,20261213,859,0.4430823927612845
v0_2,K0,20261213,860,0.4427608437830465
v0_2,K0,20261213,861,0.44244480254244606
v0_2,K0,20261213,862,0.4421261960110544
v0_2,K0,20261213,863,0.44181287084239323
v0_2,K0,20261213,864,0.44149720483521826
v0_2,K0,20261213,865,0.4411866030957729
v0_2,K0,20261213,866,0.4408738760787518
v0_2,K0,20261213,867,0.44056600519251093
v0_2,K0,20261213,868,0.44025621601196435
v0_2,K0,20261213,869,0.43995108347419015
v0_2,K0,20261213,870,0.43964423134756964
v0_2,K0,20261213,871,0.4393418447266052
v0_2,K0,20261213,872,0.4390379292335166
v0_2,K0,20261213,873,0.43873829617146737
v0_2,K0,20261213,874,0.4384373172414717
v0_2,K0,20261213,875,0.4381404454551002
v0_2,K0,20261213,876,0.4378424033562573
v0_2,K0,20261213,877,0.43754830063293676
v0_2,K0,20261213,878,0.4372531959577958
v0_2,K0,20261213,879,0.43696187015392524
v0_2,K0,20261213,880,0.4366697038042671
v0_2,K0,20261213,881,0.4363811628375314
v0_2,K0,20261213,882,0.43609193600767665
v0_2,K0,20261213,883,0.4358061878510228
v0_2,K0,20261213,884,0.4355199020080048
v0_2,K0,20261213,885,0.4352369546778659
v0_2,K0,20261213,886,0.43495361154208906
v0_2,K0,20261213,887,0.43467347308737186
v0_2,K0,20261213,888,0.4343930746077827
v0_2,K0,20261213,889,0.4341157530924454
v0_2,K0,20261213,890,0.4338383014216333
v0_2,K0,20261213,891,0.4335638049083853
v0_2,K0,20261213,892,0.43328930237318725
v0_2,K0,20261213,893,0.4330176388997465
v0_2,K0,20261213,894,0.43274608797036246
v0_2,K0,20261213,895,0.43247726552490606
v0_2,K0,20261213,896,0.4322086687793973
v0_2,K0,20261213,897,0.4319426952710753
v0_2,K0,20261213,898,0.4316770553566842
v0_2,K0,20261213,899,0.43141393858246324
v0_2,K0,20261213,900,0.431151258172448
v0_2,K0,20261213,901,0.43089100577815215
v0_2,K0,20261213,902,0.4306312875257464
v0_2,K0,20261213,903,0.43037390696401595
v0_2,K0,20261213,904,0.4301171534491741
v0_2,K0,20261213,905,0.42986265193094864
v0_2,K0,20261213,906,0.4296088656044416
v0_2,K0,20261213,907,0.4293572500441123
v0_2,K0,20261213,908,0.4291064331655202
v0_2,K0,20261213,909,0.42885771012176954
v0_2,K0,20261213,910,0.4286098646901267
v0_2,K0,20261213,911,0.42836404029901826
v0_2,K0,20261213,912,0.4281191679788975
v0_2,K0,20261213,913,0.427876247880109
v0_2,K0,20261213,914,0.4276343499204615
v0_2,K0,20261213,915,0.42739433917672504
v0_2,K0,20261213,916,0.42715541632185494
v0_2,K0,20261213,917,0.4269183193304745
v0_2,K0,20261213,918,0.42668237172401124
v0_2,K0,20261213,919,0.42644819211960155
v0_2,K0,20261213,920,0.42621521920079397
v0_2,K0,20261213,921,0.42598395974993347
v0_2,K0,20261213,922,0.42575396014138606
v0_2,K0,20261213,923,0.42552555441957535
v0_2,K0,20261213,924,0.4252986455842835
v0_2,K0,20261213,925,0.4250731116149371
v0_2,K0,20261213,926,0.42484911001756304
v0_2,K0,20261213,927,0.424627190469803
v0_2,K0,20261213,928,0.4244083270400285
v0_2,K0,20261213,929,0.42419316272094576
v0_2,K0,20261213,930,0.42398139088489234
v0_2,K0,20261213,931,0.42377213012843323
v0_2,K0,20261213,932,0.423565186253849
v0_2,K0,20261213,933,0.42336151019783785
v0_2,K0,20261213,934,0.4231617159649818
v0_2,K0,20261213,935,0.4229651311263756
v0_2,K0,20261213,936,0.4227712222501828
v0_2,K0,20261213,937,0.4225806627027546
v0_2,K0,20261213,938,0.4223938145484672
v0_2,K0,20261213,939,0.42220997607829897
v0_2,K0,20261213,940,0.4220291185910993
v0_2,K0,20261213,941,0.4218518124010936
v0_2,K0,20261213,942,0.42167766099828413
v0_2,K0,20261213,943,0.42150640765849756
v0_2,K0,20261213,944,0.4213384960385313
v0_2,K0,20261213,945,0.42117363571113653
v0_2,K0,20261213,946,0.4210116352081599
v0_2,K0,20261213,947,0.42085279687388216
v0_2,K0,20261213,948,0.420696802824056
v0_2,K0,20261213,949,0.42054363854784943
v0_2,K0,20261213,950,0.42039341443931344
v0_2,K0,20261213,951,0.42024584051891084
v0_2,K0,20261213,952,0.4201010471141837
v0_2,K0,20261213,953,0.4199589047687555
v0_2,K0,20261213,954,0.4198193177342248
v0_2,K0,20261213,955,0.4196823422182651
v0_2,K0,20261213,956,0.4195477821806616
v0_2,K0,20261213,957,0.41941570186737637
v0_2,K0,20261213,958,0.41928596129053175
v0_2,K0,20261213,959,0.4191585399015301
v0_2,K0,20261213,960,0.41903338023713316
v0_2,K0,20261213,961,0.418910396722363
v0_2,K0,20261213,962,0.4187895771891068
v0_2,K0,20261213,963,0.418670810335462
v0_2,K0,20261213,964,0.41855409350518075
v0_2,K0,20261213,965,0.41843931972042925
v0_2,K0,20261213,966,0.41832647693332276
v0_2,K0,20261213,967,0.4182154701197303
v0_2,K0,20261213,968,0.41810627632002983
v0_2,K0,20261213,969,0.4179988131297316
v0_2,K0,20261213,970,0.4178930477940283
v0_2,K0,20261213,971,0.41778890636678534
v0_2,K0,20261213,972,0.417686351244686
v0_2,K0,20261213,973,0.4175853142691645
v0_2,K0,20261213,974,0.41748575455095555
v0_2,K0,20261213,975,0.4173876071609605
v0_2,K0,20261213,976,0.41729083052217547
v0_2,K0,20261213,977,0.41719536218193476
v0_2,K0,20261213,978,0.41710115973923145
v0_2,K0,20261213,979,0.4170081625191093
v0_2,K0,20261213,980,0.4169163280077314
v0_2,K0,20261213,981,0.41682559780429024
v0_2,K0,20261213,982,0.4167359284371482
v0_2,K0,20261213,983,0.4166472637761474
v0_2,K0,20261213,984,0.41655955936340344
v0_2,K0,20261213,985,0.41647276204706374
v0_2,K0,20261213,986,0.4163868258372542
v0_2,K0,20261213,987,0.41630170027501245
v0_2,K0,20261213,988,0.41621733804316147
v0_2,K0,20261213,989,0.41613369143604223
v0_2,K0,20261213,990,0.4160507121818608
v0_2,K0,20261213,991,0.41596835437856977
v0_2,K0,20261213,992,0.4158865694804573
v0_2,K0,20261213,993,0.41580531283459493
v0_2,K0,20261213,994,0.41572453648311813
v0_2,K0,20261213,995,0.4156441960731629
v0_2,K0,20261213,996,0.4155642446806219
v0_2,K0,20261213,997,0.41548463792503376
v0_2,K0,20261213,998,0.4154053303178688
v0_2,K0,20261213,999,0.41532627727561455
v0_2,K0,20261213,1000,0.41524743448361284
v0_2,K1,20261211,1,1.0099596626297098
v0_2,K1,20261211,2,1.008499530425986
v0_2,K1,20261211,3,1.0057387401669375
v0_2,K1,20261211,4,1.0019944180432223
v0_2,K1,20261211,5,0.9977386665940813
v0_2,K1,20261211,6,0.9935954347048558
v0_2,K1,20261211,7,0.9903385363831904
v0_2,K1,20261211,8,0.9888757449841502
v0_2,K1,20261211,9,0.9893351203555464
v0_2,K1,20261211,10,0.990474149746336
v0_2,K1,20261211,11,0.9912505410235208
v0_2,K1,20261211,12,0.9910796154360025
v0_2,K1,20261211,13,0.989795642701763
v0_2,K1,20261211,14,0.987597569862348
v0_2,K1,20261211,15,0.9849931134814732
v0_2,K1,20261211,16,0.9827405162725068
v0_2,K1,20261211,17,0.9817697617636576
v0_2,K1,20261211,18,0.9822573145316457
v0_2,K1,20261211,19,0.9828727961405638
v0_2,K1,20261211,20,0.9829252759381092
v0_2,K1,20261211,21,0.9825940236585492
v0_2,K1,20261211,22,0.982640039989324
v0_2,K1,20261211,23,0.9830903225371546
v0_2,K1,20261211,24,0.9830064792551508
v0_2,K1,20261211,25,0.98229300181696
v0_2,K1,20261211,26,0.9817573710775579
v0_2,K1,20261211,27,0.9817190359512853
v0_2,K1,20261211,28,0.9815195440827441
v0_2,K1,20261211,29,0.9813418824262878
v0_2,K1,20261211,30,0.981751810414369
v0_2,K1,20261211,31,0.981971233560652
v0_2,K1,20261211,32,0.981799539075965
v0_2,K1,20261211,33,0.98178382423791
v0_2,K1,20261211,34,0.9816296477685458
v0_2,K1,20261211,35,0.9811815082196655
v0_2,K1,20261211,36,0.981172459915447
v0_2,K1,20261211,37,0.9810591362900583
v0_2,K1,20261211,38,0.9810969063188489
v0_2,K1,20261211,39,0.9812865769392226
v0_2,K1,20261211,40,0.9811307966704538
v0_2,K1,20261211,41,0.9811061376732929
v0_2,K1,20261211,42,0.9808068930728827
v0_2,K1,20261211,43,0.9807062736933622
v0_2,K1,20261211,44,0.9806277602839013
v0_2,K1,20261211,45,0.9806661630312872
v0_2,K1,20261211,46,0.9806459368173996
v0_2,K1,20261211,47,0.9805581821174205
v0_2,K1,20261211,48,0.9803622090910269
v0_2,K1,20261211,49,0.9802357191307955
v0_2,K1,20261211,50,0.9800838162174587
v0_2,K1,20261211,51,0.9801296825471502
v0_2,K1,20261211,52,0.9800056053284567
v0_2,K1,20261211,53,0.9798591254922271
v0_2,K1,20261211,54,0.9797218015447275
v0_2,K1,20261211,55,0.979532763971748
v0_2,K1,20261211,56,0.9794547856942104
v0_2,K1,20261211,57,0.9794177259148601
v0_2,K1,20261211,58,0.9792542120808779
v0_2,K1,20261211,59,0.9790166622684701
v0_2,K1,20261211,60,0.9788562164881559
v0_2,K1,20261211,61,0.9787809237446139
v0_2,K1,20261211,62,0.978720299488463
v0_2,K1,20261211,63,0.978697142008444
v0_2,K1,20261211,64,0.9784264007423239
v0_2,K1,20261211,65,0.978199430977095
v0_2,K1,20261211,66,0.9779923396036593
v0_2,K1,20261211,67,0.977786582969477
v0_2,K1,20261211,68,0.9776141119278718
v0_2,K1,20261211,69,0.9775162396173622
v0_2,K1,20261211,70,0.9776013899355193
v0_2,K1,20261211,71,0.9777600434259328
v0_2,K1,20261211,72,0.976943611153461
v0_2,K1,20261211,73,0.977533929694331
v0_2,K1,20261211,74,0.9767929628256014
v0_2,K1,20261211,75,0.9765056069314735
v0_2,K1,20261211,76,0.9763230557071185
v0_2,K1,20261211,77,0.976175711750642
v0_2,K1,20261211,78,0.976008329162604
v0_2,K1,20261211,79,0.9758847141596108
v0_2,K1,20261211,80,0.9762304136622868
v0_2,K1,20261211,81,0.9761759226565192
v0_2,K1,20261211,82,0.9754151108187309
v0_2,K1,20261211,83,0.9752032721926057
v0_2,K1,20261211,84,0.9750569025056283
v0_2,K1,20261211,85,0.9749501235705283
v0_2,K1,20261211,86,0.9755986350854473
v0_2,K1,20261211,87,0.9750074088809915
v0_2,K1,20261211,88,0.9746080790521291
v0_2,K1,20261211,89,0.9750525112425312
v0_2,K1,20261211,90,0.9743476272814036
v0_2,K1,20261211,91,0.9743884387091912
v0_2,K1,20261211,92,0.9744956653081224
v0_2,K1,20261211,93,0.9738052001225076
v0_2,K1,20261211,94,0.9735765559540687
v0_2,K1,20261211,95,0.9735631664132337
v0_2,K1,20261211,96,0.9743787901032441
v0_2,K1,20261211,97,0.9730557527239088
v0_2,K1,20261211,98,0.9740397212261855
v0_2,K1,20261211,99,0.9728851213457932
v0_2,K1,20261211,100,0.9726065152564474
v0_2,K1,20261211,101,0.9724751418724289
v0_2,K1,20261211,102,0.9726096375757629
v0_2,K1,20261211,103,0.9732635483440372
v0_2,K1,20261211,104,0.9718812119781206
v0_2,K1,20261211,105,0.9734677240968492
v0_2,K1,20261211,106,0.971529374415166
v0_2,K1,20261211,107,0.9737273741665853
v0_2,K1,20261211,108,0.9714154888075566
v0_2,K1,20261211,109,0.979782174081228
v0_2,K1,20261211,110,0.9840708885509862
v0_2,K1,20261211,111,0.9739297470968176
v0_2,K1,20261211,112,0.9751476131670339
v0_2,K1,20261211,113,0.9813724617397955
v0_2,K1,20261211,114,0.9743411514703277
v0_2,K1,20261211,115,0.9719774949115552
v0_2,K1,20261211,116,0.9739390069451214
v0_2,K1,20261211,117,0.9699232295703953
v0_2,K1,20261211,118,0.9758472069010946
v0_2,K1,20261211,119,0.9766596363079523
v0_2,K1,20261211,120,0.9698442704987966
v0_2,K1,20261211,121,0.9801412052606401
v0_2,K1,20261211,122,0.9898256851808935
v0_2,K1,20261211,123,0.981233971961873
v0_2,K1,20261211,124,0.9692544411068181
v0_2,K1,20261211,125,0.9845971171668191
v0_2,K1,20261211,126,1.0016823769053662
v0_2,K1,20261211,127,0.996437002594964
v0_2,K1,20261211,128,0.9771136936509558
v0_2,K1,20261211,129,0.9706799443413822
v0_2,K1,20261211,130,0.9728180323440563
v0_2,K1,20261211,131,0.9692010064781917
v0_2,K1,20261211,132,0.9726736833084442
v0_2,K1,20261211,133,0.9731442878158069
v0_2,K1,20261211,134,0.9682973464414535
v0_2,K1,20261211,135,0.9722526208884918
v0_2,K1,20261211,136,0.9722091018595477
v0_2,K1,20261211,137,0.9688106912510817
v0_2,K1,20261211,138,0.9704891584453179
v0_2,K1,20261211,139,0.9687034937171848
v0_2,K1,20261211,140,0.9696715679652004
v0_2,K1,20261211,141,0.9717601067926815
v0_2,K1,20261211,142,0.968586113634714
v0_2,K1,20261211,143,0.969401887688176
v0_2,K1,20261211,144,0.9685713511556534
v0_2,K1,20261211,145,0.9676901179101088
v0_2,K1,20261211,146,0.9668783716170076
v0_2,K1,20261211,147,0.9672472861818026
v0_2,K1,20261211,148,0.9665128063622633
v0_2,K1,20261211,149,0.9665796437982244
v0_2,K1,20261211,150,0.9661446922066272
v0_2,K1,20261211,151,0.9657469951234929
v0_2,K1,20261211,152,0.9655145477505939
v0_2,K1,20261211,153,0.9652883982304562
v0_2,K1,20261211,154,0.9651367346263047
v0_2,K1,20261211,155,0.964747166319363
v0_2,K1,20261211,156,0.9642117967766889
v0_2,K1,20261211,157,0.9638364944076753
v0_2,K1,20261211,158,0.9635837694208805
v0_2,K1,20261211,159,0.9632873695046739
v0_2,K1,20261211,160,0.9632711885099892
v0_2,K1,20261211,161,0.9633098254126504
v0_2,K1,20261211,162,0.9620521310835533
v0_2,K1,20261211,163,0.9637302442922066
v0_2,K1,20261211,164,0.9613356583133033
v0_2,K1,20261211,165,0.9658793911406457
v0_2,K1,20261211,166,0.9632331425815351
v0_2,K1,20261211,167,0.9630551254341765
v0_2,K1,20261211,168,0.9638381840912312
v0_2,K1,20261211,169,0.9597552965977736
v0_2,K1,20261211,170,0.9592896016487212
v0_2,K1,20261211,171,0.9617456679880209
v0_2,K1,20261211,172,0.9592153046148837
v0_2,K1,20261211,173,0.9642942359264891
v0_2,K1,20261211,174,0.964318890750728
v0_2,K1,20261211,175,0.9575288015456069
v0_2,K1,20261211,176,0.9591417159083989
v0_2,K1,20261211,177,0.9570727513271591
v0_2,K1,20261211,178,0.9564971828574214
v0_2,K1,20261211,179,0.9561281846072501
v0_2,K1,20261211,180,0.9560794072769361
v0_2,K1,20261211,181,0.957019945450297
v0_2,K1,20261211,182,0.9548096885481157
v0_2,K1,20261211,183,0.9556428647402719
v0_2,K1,20261211,184,0.9551033074621855
v0_2,K1,20261211,185,0.9535291701121473
v0_2,K1,20261211,186,0.954034970444805
v0_2,K1,20261211,187,0.9546415588730136
v0_2,K1,20261211,188,0.9522746390092277
v0_2,K1,20261211,189,0.9571293976760769
v0_2,K1,20261211,190,0.9532295669995495
v0_2,K1,20261211,191,0.9584533427012895
v0_2,K1,20261211,192,0.9604719683139407
v0_2,K1,20261211,193,0.9501897213740491
v0_2,K1,20261211,194,0.9635352797584713
v0_2,K1,20261211,195,0.9642920428646353
v0_2,K1,20261211,196,0.9494567163942316
v0_2,K1,20261211,197,0.9787711306191672
v0_2,K1,20261211,198,1.0064820760559312
v0_2,K1,20261211,199,0.9864139874675231
v0_2,K1,20261211,200,0.9503165240967254
v0_2,K1,20261211,201,0.9821793181225056
v0_2,K1,20261211,202,1.0335402303180126
v0_2,K1,20261211,203,1.029464583368741
v0_2,K1,20261211,204,0.9790227647149251
v0_2,K1,20261211,205,0.9472514591744962
v0_2,K1,20261211,206,0.9550476334161536
v0_2,K1,20261211,207,0.9497145092396457
v0_2,K1,20261211,208,0.951762222752312
v0_2,K1,20261211,209,0.9545195411215991
v0_2,K1,20261211,210,0.9460616238529886
v0_2,K1,20261211,211,0.9592019561225449
v0_2,K1,20261211,212,0.9626382837252829
v0_2,K1,20261211,213,0.9474956256079846
v0_2,K1,20261211,214,0.9610040178254474
v0_2,K1,20261211,215,0.9791113611725368
v0_2,K1,20261211,216,0.9649131173857438
v0_2,K1,20261211,217,0.9446710944771517
v0_2,K1,20261211,218,0.9696458711647808
v0_2,K1,20261211,219,0.9898245582559932
v0_2,K1,20261211,220,0.972054364490346
v0_2,K1,20261211,221,0.9448498121876352
v0_2,K1,20261211,222,0.9769643268121704
v0_2,K1,20261211,223,1.0220607980137875
v0_2,K1,20261211,224,1.0186901668491937
v0_2,K1,20261211,225,0.9744026610000519
v0_2,K1,20261211,226,0.9431883633530923
v0_2,K1,20261211,227,0.965077420925376
v0_2,K1,20261211,228,0.9777490935005624
v0_2,K1,20261211,229,0.9594764300787382
v0_2,K1,20261211,230,0.9427809336118026
v0_2,K1,20261211,231,0.9477286325496144
v0_2,K1,20261211,232,0.9435560151804113
v0_2,K1,20261211,233,0.9494219366359153
v0_2,K1,20261211,234,0.9531097030014535
v0_2,K1,20261211,235,0.9428345778825894
v0_2,K1,20261211,236,0.9553719927749728
v0_2,K1,20261211,237,0.9687280251107443
v0_2,K1,20261211,238,0.9553009013580587
v0_2,K1,20261211,239,0.9410186274525272
v0_2,K1,20261211,240,0.9456135806994285
v0_2,K1,20261211,241,0.9416228670220045
v0_2,K1,20261211,242,0.9477681383917596
v0_2,K1,20261211,243,0.9516345417170372
v0_2,K1,20261211,244,0.9412348750732521
v0_2,K1,20261211,245,0.9519901070044029
v0_2,K1,20261211,246,0.9644053175533793
v0_2,K1,20261211,247,0.951674571755467
v0_2,K1,20261211,248,0.939244297229675
v0_2,K1,20261211,249,0.9410194362992708
v0_2,K1,20261211,250,0.9385776111667238
v0_2,K1,20261211,251,0.9381476511971839
v0_2,K1,20261211,252,0.9383818450436047
v0_2,K1,20261211,253,0.9388554283001346
v0_2,K1,20261211,254,0.9370383614953228
v0_2,K1,20261211,255,0.939980465091877
v0_2,K1,20261211,256,0.9368612855230621
v0_2,K1,20261211,257,0.9443399257080649
v0_2,K1,20261211,258,0.9473505847264786
v0_2,K1,20261211,259,0.9360636095610523
v0_2,K1,20261211,260,0.9511481742648823
v0_2,K1,20261211,261,0.9678113229555293
v0_2,K1,20261211,262,0.9537179009717311
v0_2,K1,20261211,263,0.9337996139724337
v0_2,K1,20261211,264,0.9616110002764384
v0_2,K1,20261211,265,0.9890995056525473
v0_2,K1,20261211,266,0.9752997734877141
v0_2,K1,20261211,267,0.9399911758539804
v0_2,K1,20261211,268,0.945262507208448
v0_2,K1,20261211,269,0.9728920319617361
v0_2,K1,20261211,270,0.9678207548510045
v0_2,K1,20261211,271,0.9392811516686228
v0_2,K1,20261211,272,0.9408805883998811
v0_2,K1,20261211,273,0.9603075603983159
v0_2,K1,20261211,274,0.9523813464496228
v0_2,K1,20261211,275,0.9322211413586022
v0_2,K1,20261211,276,0.9564492888631415
v0_2,K1,20261211,277,0.989759098488779
v0_2,K1,20261211,278,0.9827677582361781
v0_2,K1,20261211,279,0.9465445217699825
v0_2,K1,20261211,280,0.9333770015555967
v0_2,K1,20261211,281,0.9461690938019793
v0_2,K1,20261211,282,0.9407093176587454
v0_2,K1,20261211,283,0.9302306695386899
v0_2,K1,20261211,284,0.9342942415109725
v0_2,K1,20261211,285,0.9307752025282032
v0_2,K1,20261211,286,0.9371087088327519
v0_2,K1,20261211,287,0.9406190915578834
v0_2,K1,20261211,288,0.9305131355486355
v0_2,K1,20261211,289,0.9415049945292192
v0_2,K1,20261211,290,0.953864304710226
v0_2,K1,20261211,291,0.9413982132893994
v0_2,K1,20261211,292,0.9286156642643519
v0_2,K1,20261211,293,0.9303490973416915
v0_2,K1,20261211,294,0.9280148948958998
v0_2,K1,20261211,295,0.9275965181590116
v0_2,K1,20261211,296,0.9275733650593169
v0_2,K1,20261211,297,0.9292213502570126
v0_2,K1,20261211,298,0.9269616993342155
v0_2,K1,20261211,299,0.9334151619000262
v0_2,K1,20261211,300,0.9351959513928154
v0_2,K1,20261211,301,0.9256302029150624
v0_2,K1,20261211,302,0.9438835885994787
v0_2,K1,20261211,303,0.9616160149804954
v0_2,K1,20261211,304,0.9476513669933331
v0_2,K1,20261211,305,0.9246911690669297
v0_2,K1,20261211,306,0.9529599303928662
v0_2,K1,20261211,307,0.9927871816272775
v0_2,K1,20261211,308,0.9896507515736759
v0_2,K1,20261211,309,0.9499070884283909
v0_2,K1,20261211,310,0.9226774359716691
v0_2,K1,20261211,311,0.935262384331905
v0_2,K1,20261211,312,0.9367000590982054
v0_2,K1,20261211,313,0.9233947781620767
v0_2,K1,20261211,314,0.9363561160544539
v0_2,K1,20261211,315,0.9531301749194775
v0_2,K1,20261211,316,0.9411690606982087
v0_2,K1,20261211,317,0.9214053296580744
v0_2,K1,20261211,318,0.9516282413007102
v0_2,K1,20261211,319,0.9908327494865523
v0_2,K1,20261211,320,0.9870010709526439
v0_2,K1,20261211,321,0.9473506083634237
v0_2,K1,20261211,322,0.9200685201670935
v0_2,K1,20261211,323,0.9351475790997623
v0_2,K1,20261211,324,0.9402397751549988
v0_2,K1,20261211,325,0.9250414730002267
v0_2,K1,20261211,326,0.92449853154966
v0_2,K1,20261211,327,0.933448481444207
v0_2,K1,20261211,328,0.9247692716443885
v0_2,K1,20261211,329,0.9208681437804431
v0_2,K1,20261211,330,0.9238004091273091
v0_2,K1,20261211,331,0.9184115508473556
v0_2,K1,20261211,332,0.9312057536776231
v0_2,K1,20261211,333,0.9382928224715471
v0_2,K1,20261211,334,0.9245607312847773
v0_2,K1,20261211,335,0.9203232592958833
v0_2,K1,20261211,336,0.9260911957988239
v0_2,K1,20261211,337,0.9190479627102941
v0_2,K1,20261211,338,0.9233555210467511
v0_2,K1,20261211,339,0.9291394875862052
v0_2,K1,20261211,340,0.9194190243238142
v0_2,K1,20261211,341,0.9223082162720567
v0_2,K1,20261211,342,0.9294372909722012
v0_2,K1,20261211,343,0.9201247213336005
v0_2,K1,20261211,344,0.9194009318501484
v0_2,K1,20261211,345,0.9243211811222842
v0_2,K1,20261211,346,0.9168410055532374
v0_2,K1,20261211,347,0.9231434702269862
v0_2,K1,20261211,348,0.930496416351428
v0_2,K1,20261211,349,0.9200961632761395
v0_2,K1,20261211,350,0.9174947551247924
v0_2,K1,20261211,351,0.9222114545452731
v0_2,K1,20261211,352,0.9155171048917348
v0_2,K1,20261211,353,0.922137426373488
v0_2,K1,20261211,354,0.9290596732122062
v0_2,K1,20261211,355,0.9187221883222186
v0_2,K1,20261211,356,0.9166372046528426
v0_2,K1,20261211,357,0.9215540978312874
v0_2,K1,20261211,358,0.9147314612546542
v0_2,K1,20261211,359,0.9201713136423584
v0_2,K1,20261211,360,0.9266044083129326
v0_2,K1,20261211,361,0.9169307273435616
v0_2,K1,20261211,362,0.9160713475267734
v0_2,K1,20261211,363,0.9211949838924545
v0_2,K1,20261211,364,0.9140532610884355
v0_2,K1,20261211,365,0.9182202345244646
v0_2,K1,20261211,366,0.9242280446065939
v0_2,K1,20261211,367,0.9152411582975932
v0_2,K1,20261211,368,0.9155088580454507
v0_2,K1,20261211,369,0.9208099683440377
v0_2,K1,20261211,370,0.9133995374267844
v0_2,K1,20261211,371,0.9163585559435191
v0_2,K1,20261211,372,0.921909511286193
v0_2,K1,20261211,373,0.913583171327135
v0_2,K1,20261211,374,0.9150566186431118
v0_2,K1,20261211,375,0.9206009708519789
v0_2,K1,20261211,376,0.9128766963254531
v0_2,K1,20261211,377,0.9144366621588808
v0_2,K1,20261211,378,0.9194730907319729
v0_2,K1,20261211,379,0.9118905177549317
v0_2,K1,20261211,380,0.9147916752386492
v0_2,K1,20261211,381,0.9206285159869948
v0_2,K1,20261211,382,0.9124992455084233
v0_2,K1,20261211,383,0.9125098131815096
v0_2,K1,20261211,384,0.9170321410103354
v0_2,K1,20261211,385,0.9102447730793565
v0_2,K1,20261211,386,0.9146105814114154
v0_2,K1,20261211,387,0.920712785995119
v0_2,K1,20261211,388,0.9121604840840964
v0_2,K1,20261211,389,0.9106936450649733
v0_2,K1,20261211,390,0.9147474768184609
v0_2,K1,20261211,391,0.9087047614807415
v0_2,K1,20261211,392,0.9143795854305484
v0_2,K1,20261211,393,0.9206949251942737
v0_2,K1,20261211,394,0.9117684951358929
v0_2,K1,20261211,395,0.908996111486203
v0_2,K1,20261211,396,0.9126255719856268
v0_2,K1,20261211,397,0.9072401582923758
v0_2,K1,20261211,398,0.9140636503870687
v0_2,K1,20261211,399,0.9205671904335941
v0_2,K1,20261211,400,0.911312258089152
v0_2,K1,20261211,401,0.90735121122
v0_2,K1,20261211,402,0.9105805500840095
v0_2,K1,20261211,403,0.905791728838229
v0_2,K1,20261211,404,0.9136838539767351
v0_2,K1,20261211,405,0.9203694647570276
v0_2,K1,20261211,406,0.9107957740181057
v0_2,K1,20261211,407,0.9057020453978415
v0_2,K1,20261211,408,0.9085511670512004
v0_2,K1,20261211,409,0.9043158962805726
v0_2,K1,20261211,410,0.9132111945360663
v0_2,K1,20261211,411,0.9200577974024007
v0_2,K1,20261211,412,0.9101610759113489
v0_2,K1,20261211,413,0.9040141741603716
v0_2,K1,20261211,414,0.9065183345183726
v0_2,K1,20261211,415,0.9027709309376861
v0_2,K1,20261211,416,0.9125359942983367
v0_2,K1,20261211,417,0.9194933358184585
v0_2,K1,20261211,418,0.9092843768247595
v0_2,K1,20261211,419,0.9022417845732955
v0_2,K1,20261211,420,0.9044588124828574
v0_2,K1,20261211,421,0.9010911612403565
v0_2,K1,20261211,422,0.9102538543990966
v0_2,K1,20261211,423,0.9154536010241601
v0_2,K1,20261211,424,0.9052893024467009
v0_2,K1,20261211,425,0.9018421977865141
v0_2,K1,20261211,426,0.9057913698916796
v0_2,K1,20261211,427,0.9006021352283143
v0_2,K1,20261211,428,0.9043277133592351
v0_2,K1,20261211,429,0.9088353344930482
v0_2,K1,20261211,430,0.9012516562541001
v0_2,K1,20261211,431,0.9020436095979892
v0_2,K1,20261211,432,0.9066770003030544
v0_2,K1,20261211,433,0.9002085872574128
v0_2,K1,20261211,434,0.9013254829808933
v0_2,K1,20261211,435,0.9054616648463799
v0_2,K1,20261211,436,0.8990824456550705
v0_2,K1,20261211,437,0.9014483958225303
v0_2,K1,20261211,438,0.9061172911605321
v0_2,K1,20261211,439,0.8992594088139207
v0_2,K1,20261211,440,0.8996525251154764
v0_2,K1,20261211,441,0.9037151590420877
v0_2,K1,20261211,442,0.8977423206705595
v0_2,K1,20261211,443,0.9001178395167473
v0_2,K1,20261211,444,0.9045255854792155
v0_2,K1,20261211,445,0.8978576993850821
v0_2,K1,20261211,446,0.8986152055566258
v0_2,K1,20261211,447,0.902764855584152
v0_2,K1,20261211,448,0.896781503772855
v0_2,K1,20261211,449,0.8984455250238236
v0_2,K1,20261211,450,0.9025115228902073
v0_2,K1,20261211,451,0.8963041332362685
v0_2,K1,20261211,452,0.8978324444726729
v0_2,K1,20261211,453,0.9021019901759697
v0_2,K1,20261211,454,0.8959620910260531
v0_2,K1,20261211,455,0.8967371532105618
v0_2,K1,20261211,456,0.9004652557527567
v0_2,K1,20261211,457,0.8947718158232977
v0_2,K1,20261211,458,0.8971140443685991
v0_2,K1,20261211,459,0.9014944174640552
v0_2,K1,20261211,460,0.8951787727080911
v0_2,K1,20261211,461,0.8950791280182028
v0_2,K1,20261211,462,0.8984804732439869
v0_2,K1,20261211,463,0.8932820438387264
v0_2,K1,20261211,464,0.8964156224888516
v0_2,K1,20261211,465,0.9009099773254415
v0_2,K1,20261211,466,0.8944170710935494
v0_2,K1,20261211,467,0.8934479844049008
v0_2,K1,20261211,468,0.8965219407090953
v0_2,K1,20261211,469,0.8918077269599141
v0_2,K1,20261211,470,0.8957489154305776
v0_2,K1,20261211,471,0.9003711373369025
v0_2,K1,20261211,472,0.8936830105608355
v0_2,K1,20261211,473,0.891818056307851
v0_2,K1,20261211,474,0.8945620306939283
v0_2,K1,20261211,475,0.8903330165546707
v0_2,K1,20261211,476,0.895105995497455
v0_2,K1,20261211,477,0.8998624685767753
v0_2,K1,20261211,478,0.8929574880931943
v0_2,K1,20261211,479,0.8901830357959936
v0_2,K1,20261211,480,0.8926014943250757
v0_2,K1,20261211,481,0.8888495991547873
v0_2,K1,20261211,482,0.8944458846667798
v0_2,K1,20261211,483,0.899330381015968
v0_2,K1,20261211,484,0.8921971017480275
v0_2,K1,20261211,485,0.8885311805812678
v0_2,K1,20261211,486,0.8906342476481788
v0_2,K1,20261211,487,0.8873354172826327
v0_2,K1,20261211,488,0.8937152828340863
v0_2,K1,20261211,489,0.8987148134688128
v0_2,K1,20261211,490,0.8913487778451781
v0_2,K1,20261211,491,0.8868264049330636
v0_2,K1,20261211,492,0.8886253426756502
v0_2,K1,20261211,493,0.88574480421205
v0_2,K1,20261211,494,0.8928469250898601
v0_2,K1,20261211,495,0.8979361428434158
v0_2,K1,20261211,496,0.8903292204481107
v0_2,K1,20261211,497,0.8850044094170876
v0_2,K1,20261211,498,0.8865178121830178
v0_2,K1,20261211,499,0.8840005930206454
v0_2,K1,20261211,500,0.8899813836452865
v0_2,K1,20261211,501,0.8926901005906976
v0_2,K1,20261211,502,0.8854528706510341
v0_2,K1,20261211,503,0.8855848196911582
v0_2,K1,20261211,504,0.8897702427403384
v0_2,K1,20261211,505,0.8848785205209132
v0_2,K1,20261211,506,0.883336535009061
v0_2,K1,20261211,507,0.8851669299627475
v0_2,K1,20261211,508,0.881605221336822
v0_2,K1,20261211,509,0.8876809199933738
v0_2,K1,20261211,510,0.8927497347616031
v0_2,K1,20261211,511,0.8859068247490466
v0_2,K1,20261211,512,0.8806301460929191
v0_2,K1,20261211,513,0.8818539631344599
v0_2,K1,20261211,514,0.8797147075133975
v0_2,K1,20261211,515,0.8826105586517624
v0_2,K1,20261211,516,0.8816650043624811
v0_2,K1,20261211,517,0.878883600220165
v0_2,K1,20261211,518,0.8785011770647085
v0_2,K1,20261211,519,0.8801045316779835
v0_2,K1,20261211,520,0.8791896953730197
v0_2,K1,20261211,521,0.8777810990639602
v0_2,K1,20261211,522,0.8773717594990105
v0_2,K1,20261211,523,0.8776972180192143
v0_2,K1,20261211,524,0.8769509189501182
v0_2,K1,20261211,525,0.8768561981395135
v0_2,K1,20261211,526,0.8764216612677095
v0_2,K1,20261211,527,0.8756659519362644
v0_2,K1,20261211,528,0.8750530641592309
v0_2,K1,20261211,529,0.8760254733502507
v0_2,K1,20261211,530,0.8755527960323826
v0_2,K1,20261211,531,0.8738787801655928
v0_2,K1,20261211,532,0.8733481181493936
v0_2,K1,20261211,533,0.8751892981421758
v0_2,K1,20261211,534,0.8746586963246268
v0_2,K1,20261211,535,0.8721589138847985
v0_2,K1,20261211,536,0.8716567530311612
v0_2,K1,20261211,537,0.8734931710886521
v0_2,K1,20261211,538,0.8723411518231351
v0_2,K1,20261211,539,0.87085768321509
v0_2,K1,20261211,540,0.8704526877682331
v0_2,K1,20261211,541,0.870479692942853
v0_2,K1,20261211,542,0.8697179265184397
v0_2,K1,20261211,543,0.8698804153838129
v0_2,K1,20261211,544,0.869398337598691
v0_2,K1,20261211,545,0.8683895456095853
v0_2,K1,20261211,546,0.8678106347177749
v0_2,K1,20261211,547,0.8687304669301534
v0_2,K1,20261211,548,0.8681495484998353
v0_2,K1,20261211,549,0.8667096725411165
v0_2,K1,20261211,550,0.8662067315541568
v0_2,K1,20261211,551,0.8672636301185482
v0_2,K1,20261211,552,0.8666065006497975
v0_2,K1,20261211,553,0.8652257720590949
v0_2,K1,20261211,554,0.8647527602748202
v0_2,K1,20261211,555,0.8655352943536759
v0_2,K1,20261211,556,0.8648586517266332
v0_2,K1,20261211,557,0.8638918992751308
v0_2,K1,20261211,558,0.863433854036436
v0_2,K1,20261211,559,0.8637090818461518
v0_2,K1,20261211,560,0.8630642597384034
v0_2,K1,20261211,561,0.8627088636219163
v0_2,K1,20261211,562,0.8622572596420901
v0_2,K1,20261211,563,0.8619181185145639
v0_2,K1,20261211,564,0.8613292443882727
v0_2,K1,20261211,565,0.8616565477258933
v0_2,K1,20261211,566,0.8611998168867036
v0_2,K1,20261211,567,0.8602098719676984
v0_2,K1,20261211,568,0.8596771986568097
v0_2,K1,20261211,569,0.8606832907605948
v0_2,K1,20261211,570,0.8602045647069756
v0_2,K1,20261211,571,0.8585581269923329
v0_2,K1,20261211,572,0.8580644892310032
v0_2,K1,20261211,573,0.8596985728308408
v0_2,K1,20261211,574,0.8591674444970671
v0_2,K1,20261211,575,0.8568697479821333
v0_2,K1,20261211,576,0.8563761034827198
v0_2,K1,20261211,577,0.8577061014796062
v0_2,K1,20261211,578,0.8565066182997353
v0_2,K1,20261211,579,0.8557703411295995
v0_2,K1,20261211,580,0.8554676237962773
v0_2,K1,20261211,581,0.8545015364585751
v0_2,K1,20261211,582,0.8538408038912663
v0_2,K1,20261211,583,0.8552281127950824
v0_2,K1,20261211,584,0.8547718330366044
v0_2,K1,20261211,585,0.8524504955011857
v0_2,K1,20261211,586,0.8519334018299711
v0_2,K1,20261211,587,0.8526929351666082
v0_2,K1,20261211,588,0.851283207039098
v0_2,K1,20261211,589,0.8526285202484932
v0_2,K1,20261211,590,0.8529811396425091
v0_2,K1,20261211,591,0.8495422030946559
v0_2,K1,20261211,592,0.8560626324024943
v0_2,K1,20261211,593,0.8618652664230769
v0_2,K1,20261211,594,0.8563929592437233
v0_2,K1,20261211,595,0.8479830271330875
v0_2,K1,20261211,596,0.8581478045778884
v0_2,K1,20261211,597,0.8725215990834574
v0_2,K1,20261211,598,0.8713462235810772
v0_2,K1,20261211,599,0.8567729279494215
v0_2,K1,20261211,600,0.8460390984270498
v0_2,K1,20261211,601,0.8550100534625693
v0_2,K1,20261211,602,0.862982031102189
v0_2,K1,20261211,603,0.8580857135190606
v0_2,K1,20261211,604,0.8468965325137725
v0_2,K1,20261211,605,0.8487191154798936
v0_2,K1,20261211,606,0.8575138895059763
v0_2,K1,20261211,607,0.8559119912168748
v0_2,K1,20261211,608,0.8465548100780366
v0_2,K1,20261211,609,0.8456909924066391
v0_2,K1,20261211,610,0.8507633099817654
v0_2,K1,20261211,611,0.8483277189878511
v0_2,K1,20261211,612,0.8429929704262606
v0_2,K1,20261211,613,0.8517954138985654
v0_2,K1,20261211,614,0.8625317731752725
v0_2,K1,20261211,615,0.8600926330830692
v0_2,K1,20261211,616,0.8479430024323822
v0_2,K1,20261211,617,0.8422064334327855
v0_2,K1,20261211,618,0.8453204934183248
v0_2,K1,20261211,619,0.843732273152303
v0_2,K1,20261211,620,0.8411932587791705
v0_2,K1,20261211,621,0.8410945135211781
v0_2,K1,20261211,622,0.8410996861758606
v0_2,K1,20261211,623,0.8403736622096457
v0_2,K1,20261211,624,0.8418480016321545
v0_2,K1,20261211,625,0.841973497599149
v0_2,K1,20261211,626,0.8392493898056954
v0_2,K1,20261211,627,0.8444196610651461
v0_2,K1,20261211,628,0.8485621651850865
v0_2,K1,20261211,629,0.8439733449625646
v0_2,K1,20261211,630,0.8378534344576005
v0_2,K1,20261211,631,0.8477275838442087
v0_2,K1,20261211,632,0.8604739442509513
v0_2,K1,20261211,633,0.859839152395381
v0_2,K1,20261211,634,0.8472461906584946
v0_2,K1,20261211,635,0.8363579182526565
v0_2,K1,20261211,636,0.8483019375216245
v0_2,K1,20261211,637,0.8673914304352344
v0_2,K1,20261211,638,0.8724919253896267
v0_2,K1,20261211,639,0.8608763697541938
v0_2,K1,20261211,640,0.842379909719235
v0_2,K1,20261211,641,0.8353131084122489
v0_2,K1,20261211,642,0.8409706028312138
v0_2,K1,20261211,643,0.841585775368541
v0_2,K1,20261211,644,0.836141488115844
v0_2,K1,20261211,645,0.8351535269313032
v0_2,K1,20261211,646,0.8376600085795212
v0_2,K1,20261211,647,0.8354585550014371
v0_2,K1,20261211,648,0.8336798005689282
v0_2,K1,20261211,649,0.8340083914346644
v0_2,K1,20261211,650,0.8329667336628944
v0_2,K1,20261211,651,0.832729890053001
v0_2,K1,20261211,652,0.8330416981122676
v0_2,K1,20261211,653,0.8322708312416743
v0_2,K1,20261211,654,0.8324943924580076
v0_2,K1,20261211,655,0.8322962317183956
v0_2,K1,20261211,656,0.8308970659401789
v0_2,K1,20261211,657,0.8304447292251596
v0_2,K1,20261211,658,0.8302947417051463
v0_2,K1,20261211,659,0.8295136608827819
v0_2,K1,20261211,660,0.8290063598649358
v0_2,K1,20261211,661,0.8288717072581211
v0_2,K1,20261211,662,0.8278689312005995
v0_2,K1,20261211,663,0.8293822631083622
v0_2,K1,20261211,664,0.8295408048121811
v0_2,K1,20261211,665,0.8264866125059093
v0_2,K1,20261211,666,0.8287248899599193
v0_2,K1,20261211,667,0.8316138355774645
v0_2,K1,20261211,668,0.8284624256585464
v0_2,K1,20261211,669,0.8243796172978128
v0_2,K1,20261211,670,0.8280361404989331
v0_2,K1,20261211,671,0.8303681040697984
v0_2,K1,20261211,672,0.826593026126671
v0_2,K1,20261211,673,0.8227144579091924
v0_2,K1,20261211,674,0.8240035795475094
v0_2,K1,20261211,675,0.8231854946126014
v0_2,K1,20261211,676,0.8215088903783173
v0_2,K1,20261211,677,0.8210614855366493
v0_2,K1,20261211,678,0.8215286535255146
v0_2,K1,20261211,679,0.8208438263772083
v0_2,K1,20261211,680,0.8198007041895186
v0_2,K1,20261211,681,0.8193168635188717
v0_2,K1,20261211,682,0.8194498058439478
v0_2,K1,20261211,683,0.8188839082181221
v0_2,K1,20261211,684,0.8180774462739874
v0_2,K1,20261211,685,0.8175883286421627
v0_2,K1,20261211,686,0.8177162330796098
v0_2,K1,20261211,687,0.8172142243782663
v0_2,K1,20261211,688,0.8163520250207018
v0_2,K1,20261211,689,0.8158727633540197
v0_2,K1,20261211,690,0.8161818400215904
v0_2,K1,20261211,691,0.8157008068017704
v0_2,K1,20261211,692,0.8146247185379457
v0_2,K1,20261211,693,0.8141533241995563
v0_2,K1,20261211,694,0.8146843137405132
v0_2,K1,20261211,695,0.8141693468867743
v0_2,K1,20261211,696,0.8128244924644696
v0_2,K1,20261211,697,0.8123246943916794
v0_2,K1,20261211,698,0.8123978006872808
v0_2,K1,20261211,699,0.8114803134010229
v0_2,K1,20261211,700,0.8117141202522364
v0_2,K1,20261211,701,0.8115323709936403
v0_2,K1,20261211,702,0.8098554404015754
v0_2,K1,20261211,703,0.8112637309105801
v0_2,K1,20261211,704,0.8113412382526813
v0_2,K1,20261211,705,0.8087897270033891
v0_2,K1,20261211,706,0.8099310856204197
v0_2,K1,20261211,707,0.8118092000264238
v0_2,K1,20261211,708,0.8095637934471278
v0_2,K1,20261211,709,0.8068932078990207
v0_2,K1,20261211,710,0.8077165780635484
v0_2,K1,20261211,711,0.8069968730644558
v0_2,K1,20261211,712,0.8057739655548051
v0_2,K1,20261211,713,0.8053696880405231
v0_2,K1,20261211,714,0.8054832136641755
v0_2,K1,20261211,715,0.8049054025306067
v0_2,K1,20261211,716,0.8042572685962502
v0_2,K1,20261211,717,0.8038258849142806
v0_2,K1,20261211,718,0.8036348317842277
v0_2,K1,20261211,719,0.8031526228343293
v0_2,K1,20261211,720,0.8027207437374037
v0_2,K1,20261211,721,0.8022774907813275
v0_2,K1,20261211,722,0.8020477554652428
v0_2,K1,20261211,723,0.8016142208498175
v0_2,K1,20261211,724,0.801157962508406
v0_2,K1,20261211,725,0.8007174633115296
v0_2,K1,20261211,726,0.8006133492799795
v0_2,K1,20261211,727,0.8002017974216167
v0_2,K1,20261211,728,0.7995897778793029
v0_2,K1,20261211,729,0.7991607845906593
v0_2,K1,20261211,730,0.7992538615541479
v0_2,K1,20261211,731,0.7988389515272876
v0_2,K1,20261211,732,0.7980085323091948
v0_2,K1,20261211,733,0.7975788363542192
v0_2,K1,20261211,734,0.7978385467772418
v0_2,K1,20261211,735,0.7973686210204541
v0_2,K1,20261211,736,0.7963110489445405
v0_2,K1,20261211,737,0.7958330536731314
v0_2,K1,20261211,738,0.7956102145060532
v0_2,K1,20261211,739,0.79484447304216
v0_2,K1,20261211,740,0.7954164829257689
v0_2,K1,20261211,741,0.7953097265629525
v0_2,K1,20261211,742,0.7935116790545808
v0_2,K1,20261211,743,0.7943672626245315
v0_2,K1,20261211,744,0.7956234564463961
v0_2,K1,20261211,745,0.793874271786059
v0_2,K1,20261211,746,0.7917036111770283
v0_2,K1,20261211,747,0.7929983533219416
v0_2,K1,20261211,748,0.7934228725807568
v0_2,K1,20261211,749,0.7913928443107758
v0_2,K1,20261211,750,0.7905093168860956
v0_2,K1,20261211,751,0.790895332028798
v0_2,K1,20261211,752,0.7898140592066024
v0_2,K1,20261211,753,0.7898350014907852
v0_2,K1,20261211,754,0.7900853721755944
v0_2,K1,20261211,755,0.7888414806090965
v0_2,K1,20261211,756,0.7892614300583707
v0_2,K1,20261211,757,0.7899600445318687
v0_2,K1,20261211,758,0.7885839464484985
v0_2,K1,20261211,759,0.7877026626052525
v0_2,K1,20261211,760,0.7877721204504153
v0_2,K1,20261211,761,0.7870301721505893
v0_2,K1,20261211,762,0.7877907315206338
v0_2,K1,20261211,763,0.7879939847413031
v0_2,K1,20261211,764,0.7864938211415486
v0_2,K1,20261211,765,0.7863594213735898
v0_2,K1,20261211,766,0.7868848129012471
v0_2,K1,20261211,767,0.785793002103787
v0_2,K1,20261211,768,0.7852485148302814
v0_2,K1,20261211,769,0.7853466500133036
v0_2,K1,20261211,770,0.7845601503807195
v0_2,K1,20261211,771,0.7852765464277154
v0_2,K1,20261211,772,0.7857998912243002
v0_2,K1,20261211,773,0.784463971255218
v0_2,K1,20261211,774,0.7835650427480142
v0_2,K1,20261211,775,0.7836293598695571
v0_2,K1,20261211,776,0.7829733746301168
v0_2,K1,20261211,777,0.783560009221917
v0_2,K1,20261211,778,0.7838815201078243
v0_2,K1,20261211,779,0.7826255237261588
v0_2,K1,20261211,780,0.7820491482487076
v0_2,K1,20261211,781,0.7822226492589739
v0_2,K1,20261211,782,0.7814692579716342
v0_2,K1,20261211,783,0.7815862755191262
v0_2,K1,20261211,784,0.7817750607358093
v0_2,K1,20261211,785,0.7808213914215553
v0_2,K1,20261211,786,0.780775023189927
v0_2,K1,20261211,787,0.7810788545616558
v0_2,K1,20261211,788,0.7802178065071337
v0_2,K1,20261211,789,0.7798850491972327
v0_2,K1,20261211,790,0.7799575488054395
v0_2,K1,20261211,791,0.779280182120535
v0_2,K1,20261211,792,0.7796642999718619
v0_2,K1,20261211,793,0.780039701770741
v0_2,K1,20261211,794,0.7790732279193636
v0_2,K1,20261211,795,0.7783600411672474
v0_2,K1,20261211,796,0.7783055166095642
v0_2,K1,20261211,797,0.7778167219915018
v0_2,K1,20261211,798,0.7778827892164485
v0_2,K1,20261211,799,0.7775517659433598
v0_2,K1,20261211,800,0.7769754034926549
v0_2,K1,20261211,801,0.776705988327055
v0_2,K1,20261211,802,0.7763697287775276
v0_2,K1,20261211,803,0.7759717718905453
v0_2,K1,20261211,804,0.775752944090368
v0_2,K1,20261211,805,0.7752725871694461
v0_2,K1,20261211,806,0.7751032986069997
v0_2,K1,20261211,807,0.7748350078013145
v0_2,K1,20261211,808,0.7741451432207516
v0_2,K1,20261211,809,0.7742301343078871
v0_2,K1,20261211,810,0.7739953028818399
v0_2,K1,20261211,811,0.7731466948229542
v0_2,K1,20261211,812,0.773387782239782
v0_2,K1,20261211,813,0.7737761952237553
v0_2,K1,20261211,814,0.7729677240832801
v0_2,K1,20261211,815,0.7718885825972501
v0_2,K1,20261211,816,0.7726218185945247
v0_2,K1,20261211,817,0.7735010718779743
v0_2,K1,20261211,818,0.7728405690878836
v0_2,K1,20261211,819,0.7712305025902522
v0_2,K1,20261211,820,0.7707591705877849
v0_2,K1,20261211,821,0.7712347073927199
v0_2,K1,20261211,822,0.770849850182549
v0_2,K1,20261211,823,0.769960754191144
v0_2,K1,20261211,824,0.770315540440316
v0_2,K1,20261211,825,0.7709604117045838
v0_2,K1,20261211,826,0.770449105520396
v0_2,K1,20261211,827,0.76929915621797
v0_2,K1,20261211,828,0.7693092039424066
v0_2,K1,20261211,829,0.7699233540241539
v0_2,K1,20261211,830,0.7695841463559995
v0_2,K1,20261211,831,0.7686117875788584
v0_2,K1,20261211,832,0.768546377960595
v0_2,K1,20261211,833,0.7689635526612035
v0_2,K1,20261211,834,0.7685901511935452
v0_2,K1,20261211,835,0.7678431178141951
v0_2,K1,20261211,836,0.7682201455287041
v0_2,K1,20261211,837,0.7688899797016318
v0_2,K1,20261211,838,0.7685534890405133
v0_2,K1,20261211,839,0.7675154360179788
v0_2,K1,20261211,840,0.7671219231319708
v0_2,K1,20261211,841,0.7673354823708183
v0_2,K1,20261211,842,0.7670436976516252
v0_2,K1,20261211,843,0.7665727832405375
v0_2,K1,20261211,844,0.7666808849066671
v0_2,K1,20261211,845,0.7666064437564191
v0_2,K1,20261211,846,0.7661188719640234
v0_2,K1,20261211,847,0.766026490684762
v0_2,K1,20261211,848,0.7660787232513475
v0_2,K1,20261211,849,0.7656799556726802
v0_2,K1,20261211,850,0.7653609068778401
v0_2,K1,20261211,851,0.765241743114445
v0_2,K1,20261211,852,0.7649475139502996
v0_2,K1,20261211,853,0.7648375547953374
v0_2,K1,20261211,854,0.7646013598175868
v0_2,K1,20261211,855,0.7642911936718426
v0_2,K1,20261211,856,0.7640871478669634
v0_2,K1,20261211,857,0.7637961706057284
v0_2,K1,20261211,858,0.7635555637375963
v0_2,K1,20261211,859,0.7632599900276468
v0_2,K1,20261211,860,0.7629682726410049
v0_2,K1,20261211,861,0.7626747430581218
v0_2,K1,20261211,862,0.7623420917917803
v0_2,K1,20261211,863,0.7620328832703509
v0_2,K1,20261211,864,0.7616935634749079
v0_2,K1,20261211,865,0.7613571848609176
v0_2,K1,20261211,866,0.761021728188139
v0_2,K1,20261211,867,0.7606684028116036
v0_2,K1,20261211,868,0.7603304256751678
v0_2,K1,20261211,869,0.7599749053866706
v0_2,K1,20261211,870,0.7596295940314302
v0_2,K1,20261211,871,0.7592789574036826
v0_2,K1,20261211,872,0.758928222654746
v0_2,K1,20261211,873,0.7585828973050731
v0_2,K1,20261211,874,0.7582318057478512
v0_2,K1,20261211,875,0.7578901878271899
v0_2,K1,20261211,876,0.7575430461909606
v0_2,K1,20261211,877,0.7572045336275807
v0_2,K1,20261211,878,0.7568635876166256
v0_2,K1,20261211,879,0.756528728911391
v0_2,K1,20261211,880,0.7561948173580432
v0_2,K1,20261211,881,0.7558647516765121
v0_2,K1,20261211,882,0.7555379824825279
v0_2,K1,20261211,883,0.755213799198515
v0_2,K1,20261211,884,0.7548941991350995
v0_2,K1,20261211,885,0.754576705246265
v0_2,K1,20261211,886,0.7542642814333789
v0_2,K1,20261211,887,0.7539539987822174
v0_2,K1,20261211,888,0.7536488567497651
v0_2,K1,20261211,889,0.7533460715115942
v0_2,K1,20261211,890,0.7530482901563248
v0_2,K1,20261211,891,0.7527531619032738
v0_2,K1,20261211,892,0.7524628342667552
v0_2,K1,20261211,893,0.7521754210193227
v0_2,K1,20261211,894,0.7518925759636809
v0_2,K1,20261211,895,0.7516128954861524
v0_2,K1,20261211,896,0.7513375489178606
v0_2,K1,20261211,897,0.7510655721230495
v0_2,K1,20261211,898,0.7507976862041383
v0_2,K1,20261211,899,0.7505333614394042
v0_2,K1,20261211,900,0.7502728960215259
v0_2,K1,20261211,901,0.7500161392381633
v0_2,K1,20261211,902,0.7497630257041445
v0_2,K1,20261211,903,0.7495137248204218
v0_2,K1,20261211,904,0.7492679058852639
v0_2,K1,20261211,905,0.7490259249742672
v0_2,K1,20261211,906,0.7487873286787295
v0_2,K1,20261211,907,0.7485525100622961
v0_2,K1,20261211,908,0.7483210632382643
v0_2,K1,20261211,909,0.7480932552607311
v0_2,K1,20261211,910,0.7478688540418388
v0_2,K1,20261211,911,0.7476479151493284
v0_2,K1,20261211,912,0.7474304222951009
v0_2,K1,20261211,913,0.7472162431923377
v0_2,K1,20261211,914,0.747005490209258
v0_2,K1,20261211,915,0.7467979681485329
v0_2,K1,20261211,916,0.7465937766155057
v0_2,K1,20261211,917,0.7463927970824186
v0_2,K1,20261211,918,0.7461950144983598
v0_2,K1,20261211,919,0.7460004259204507
v0_2,K1,20261211,920,0.7458089247721104
v0_2,K1,20261211,921,0.7456205508124643
v0_2,K1,20261211,922,0.7454352099873073
v0_2,K1,20261211,923,0.7452528867689575
v0_2,K1,20261211,924,0.7450735569290761
v0_2,K1,20261211,925,0.7448971450642489
v0_2,K1,20261211,926,0.7447236541529421
v0_2,K1,20261211,927,0.7445530204875733
v0_2,K1,20261211,928,0.7443852081975163
v0_2,K1,20261211,929,0.7442201959479938
v0_2,K1,20261211,930,0.7440579207819957
v0_2,K1,20261211,931,0.743898361461211
v0_2,K1,20261211,932,0.7437414774266407
v0_2,K1,20261211,933,0.743587219195648
v0_2,K1,20261211,934,0.7434355626113881
v0_2,K1,20261211,935,0.7432864600886179
v0_2,K1,20261211,936,0.743139871146407
v0_2,K1,20261211,937,0.7429957657204572
v0_2,K1,20261211,938,0.7428540969070384
v0_2,K1,20261211,939,0.742714827706836
v0_2,K1,20261211,940,0.7425779234840668
v0_2,K1,20261211,941,0.7424433393050714
v0_2,K1,20261211,942,0.7423110387186485
v0_2,K1,20261211,943,0.7421809851612072
v0_2,K1,20261211,944,0.7420531357170698
v0_2,K1,20261211,945,0.7419274533451911
v0_2,K1,20261211,946,0.7418039005389134
v0_2,K1,20261211,947,0.7416824356217047
v0_2,K1,20261211,948,0.7415630208620396
v0_2,K1,20261211,949,0.741445618664478
v0_2,K1,20261211,950,0.7413301883973133
v0_2,K1,20261211,951,0.7412166916742974
v0_2,K1,20261211,952,0.7411050907809034
v0_2,K1,20261211,953,0.7409953458246261
v0_2,K1,20261211,954,0.7408874179812774
v0_2,K1,20261211,955,0.740781269522462
v0_2,K1,20261211,956,0.7406768613299215
v0_2,K1,20261211,957,0.7405741543879671
v0_2,K1,20261211,958,0.7404731107519253
v0_2,K1,20261211,959,0.740373691863207
v0_2,K1,20261211,960,0.7402758587676075
v0_2,K1,20261211,961,0.740179573309015
v0_2,K1,20261211,962,0.7400847973785553
v0_2,K1,20261211,963,0.739991492360593
v0_2,K1,20261211,964,0.7398996199390849
v0_2,K1,20261211,965,0.7398091421610528
v0_2,K1,20261211,966,0.7397200208039934
v0_2,K1,20261211,967,0.7396322175885274
v0_2,K1,20261211,968,0.7395456945957313
v0_2,K1,20261211,969,0.7394604139670568
v0_2,K1,20261211,970,0.7393763376812889
v0_2,K1,20261211,971,0.7392934278450396
v0_2,K1,20261211,972,0.7392116467752299
v0_2,K1,20261211,973,0.7391309567587918
v0_2,K1,20261211,974,0.7390513200551626
v0_2,K1,20261211,975,0.738972699088213
v0_2,K1,20261211,976,0.7388950564069592
v0_2,K1,20261211,977,0.7388183545468159
v0_2,K1,20261211,978,0.7387425560814612
v0_2,K1,20261211,979,0.7386676237179529
v0_2,K1,20261211,980,0.7385935202435038
v0_2,K1,20261211,981,0.7385202084606337
v0_2,K1,20261211,982,0.7384476512404897
v0_2,K1,20261211,983,0.738375811569043
v0_2,K1,20261211,984,0.7383046525041271
v0_2,K1,20261211,985,0.7382341371405109
v0_2,K1,20261211,986,0.7381642286449026
v0_2,K1,20261211,987,0.7380948902786295
v0_2,K1,20261211,988,0.7380260853700112
v0_2,K1,20261211,989,0.7379577772975624
v0_2,K1,20261211,990,0.7378899295136768
v0_2,K1,20261211,991,0.7378225055577757
v0_2,K1,20261211,992,0.737755469037525
v0_2,K1,20261211,993,0.7376887836170807
v0_2,K1,20261211,994,0.7376224130292269
v0_2,K1,20261211,995,0.7375563210846277
v0_2,K1,20261211,996,0.7374904716594025
v0_2,K1,20261211,997,0.7374248286885638
v0_2,K1,20261211,998,0.7373593561740612
v0_2,K1,20261211,999,0.7372940181902878
v0_2,K1,20261211,1000,0.7372287788762442
v0_2,K1,20261212,1,0.9979128117105569
v0_2,K1,20261212,2,0.9967997758898576
v0_2,K1,20261212,3,0.9947632719756782
v0_2,K1,20261212,4,0.9921809393757565
v0_2,K1,20261212,5,0.9896154259451502
v0_2,K1,20261212,6,0.9878034989378841
v0_2,K1,20261212,7,0.9874321417214721
v0_2,K1,20261212,8,0.9878348073807673
v0_2,K1,20261212,9,0.9880325676405296
v0_2,K1,20261212,10,0.9875331495989027
v0_2,K1,20261212,11,0.9862450949907559
v0_2,K1,20261212,12,0.9844070130478675
v0_2,K1,20261212,13,0.982546992959363
v0_2,K1,20261212,14,0.981455216939276
v0_2,K1,20261212,15,0.9818383648411138
v0_2,K1,20261212,16,0.9826808605936728
v0_2,K1,20261212,17,0.9830685434972876
v0_2,K1,20261212,18,0.9830328993666055
v0_2,K1,20261212,19,0.983187921935987
v0_2,K1,20261212,20,0.9834297362071177
v0_2,K1,20261212,21,0.9831572715613253
v0_2,K1,20261212,22,0.9823120461365441
v0_2,K1,20261212,23,0.9816472830205843
v0_2,K1,20261212,24,0.9815267831772243
v0_2,K1,20261212,25,0.9813974050106615
v0_2,K1,20261212,26,0.98158539195444
v0_2,K1,20261212,27,0.9820214533952525
v0_2,K1,20261212,28,0.9820304823995839
v0_2,K1,20261212,29,0.9819216740931419
v0_2,K1,20261212,30,0.9817294363392223
v0_2,K1,20261212,31,0.9812628038426157
v0_2,K1,20261212,32,0.9812111552151933
v0_2,K1,20261212,33,0.9811600750392817
v0_2,K1,20261212,34,0.9813620091880197
v0_2,K1,20261212,35,0.9814480639602129
v0_2,K1,20261212,36,0.981352040285757
v0_2,K1,20261212,37,0.9811589753808003
v0_2,K1,20261212,38,0.9809380388087099
v0_2,K1,20261212,39,0.9809141366968849
v0_2,K1,20261212,40,0.9809739723940364
v0_2,K1,20261212,41,0.9810157104307303
v0_2,K1,20261212,42,0.9809800487154094
v0_2,K1,20261212,43,0.9807652075472976
v0_2,K1,20261212,44,0.9806774641158688
v0_2,K1,20261212,45,0.9805766479479128
v0_2,K1,20261212,46,0.9806052428595323
v0_2,K1,20261212,47,0.9806319769727835
v0_2,K1,20261212,48,0.9804677079883619
v0_2,K1,20261212,49,0.9802824200561029
v0_2,K1,20261212,50,0.9802346317188944
v0_2,K1,20261212,51,0.9802796977697904
v0_2,K1,20261212,52,0.9802892770130051
v0_2,K1,20261212,53,0.9800759753127591
v0_2,K1,20261212,54,0.9798671672521926
v0_2,K1,20261212,55,0.9797555386606994
v0_2,K1,20261212,56,0.9797226037768323
v0_2,K1,20261212,57,0.979719272051842
v0_2,K1,20261212,58,0.9798927762930858
v0_2,K1,20261212,59,0.9793762501697888
v0_2,K1,20261212,60,0.9793362430073472
v0_2,K1,20261212,61,0.9798339139388
v0_2,K1,20261212,62,0.9791035487356421
v0_2,K1,20261212,63,0.9796168214306148
v0_2,K1,20261212,64,0.9789413835942867
v0_2,K1,20261212,65,0.9787822446569463
v0_2,K1,20261212,66,0.9787768257409833
v0_2,K1,20261212,67,0.9792870202094724
v0_2,K1,20261212,68,0.9784939804928802
v0_2,K1,20261212,69,0.9786777290121925
v0_2,K1,20261212,70,0.9793518644706593
v0_2,K1,20261212,71,0.9784426050474887
v0_2,K1,20261212,72,0.9819742235321879
v0_2,K1,20261212,73,0.9829231930724264
v0_2,K1,20261212,74,0.978266529983162
v0_2,K1,20261212,75,0.9860279879336662
v0_2,K1,20261212,76,0.9937519150914644
v0_2,K1,20261212,77,0.9876521499201464
v0_2,K1,20261212,78,0.978112189257456
v0_2,K1,20261212,79,0.98973346377456
v0_2,K1,20261212,80,1.0051860666923718
v0_2,K1,20261212,81,1.0035088382362163
v0_2,K1,20261212,82,0.9882014193610894
v0_2,K1,20261212,83,0.9776827295457526
v0_2,K1,20261212,84,0.9856845251810059
v0_2,K1,20261212,85,0.9908620984532037
v0_2,K1,20261212,86,0.9849478523380787
v0_2,K1,20261212,87,0.9777006577226443
v0_2,K1,20261212,88,0.9862562658684306
v0_2,K1,20261212,89,0.9955793264716493
v0_2,K1,20261212,90,0.9925361794685673
v0_2,K1,20261212,91,0.9817445895799649
v0_2,K1,20261212,92,0.9786563753054464
v0_2,K1,20261212,93,0.9828754725547295
v0_2,K1,20261212,94,0.9814376065338871
v0_2,K1,20261212,95,0.9776086769637442
v0_2,K1,20261212,96,0.981908962071949
v0_2,K1,20261212,97,0.9852488000305029
v0_2,K1,20261212,98,0.9815779446030325
v0_2,K1,20261212,99,0.9775081222979751
v0_2,K1,20261212,100,0.9806722678623202
v0_2,K1,20261212,101,0.9814153309116288
v0_2,K1,20261212,102,0.9781063617781163
v0_2,K1,20261212,103,0.9798821411750285
v0_2,K1,20261212,104,0.9829666889717185
v0_2,K1,20261212,105,0.9804487050148863
v0_2,K1,20261212,106,0.9773920225280234
v0_2,K1,20261212,107,0.9795186956093846
v0_2,K1,20261212,108,0.97920358173952
v0_2,K1,20261212,109,0.9772962978180735
v0_2,K1,20261212,110,0.9787191972850657
v0_2,K1,20261212,111,0.9780827130344524
v0_2,K1,20261212,112,0.9776043049109739
v0_2,K1,20261212,113,0.9777105769372438
v0_2,K1,20261212,114,0.9773133700237365
v0_2,K1,20261212,115,0.9771025322803548
v0_2,K1,20261212,116,0.9774557456633618
v0_2,K1,20261212,117,0.9769466207733575
v0_2,K1,20261212,118,0.977568327348002
v0_2,K1,20261212,119,0.9769309516055478
v0_2,K1,20261212,120,0.9782219870748242
v0_2,K1,20261212,121,0.9783141692015218
v0_2,K1,20261212,122,0.9765530548999984
v0_2,K1,20261212,123,0.9776566848337918
v0_2,K1,20261212,124,0.9766649273509374
v0_2,K1,20261212,125,0.978573579759018
v0_2,K1,20261212,126,0.9795407265527993
v0_2,K1,20261212,127,0.9765133840125473
v0_2,K1,20261212,128,0.9803344299193255
v0_2,K1,20261212,129,0.9843443306655083
v0_2,K1,20261212,130,0.9803551145014516
v0_2,K1,20261212,131,0.9759791375005754
v0_2,K1,20261212,132,0.978714357788545
v0_2,K1,20261212,133,0.9780047036307667
v0_2,K1,20261212,134,0.9758602234169849
v0_2,K1,20261212,135,0.9766362269594543
v0_2,K1,20261212,136,0.9756589168539164
v0_2,K1,20261212,137,0.9763080796090987
v0_2,K1,20261212,138,0.975516334114148
v0_2,K1,20261212,139,0.9760091265365434
v0_2,K1,20261212,140,0.9753972270092637
v0_2,K1,20261212,141,0.9754054999123386
v0_2,K1,20261212,142,0.9757668526976524
v0_2,K1,20261212,143,0.9750819210874714
v0_2,K1,20261212,144,0.9757308288208697
v0_2,K1,20261212,145,0.9748674214744626
v0_2,K1,20261212,146,0.9754002782881743
v0_2,K1,20261212,147,0.9747261170125145
v0_2,K1,20261212,148,0.9745916026571562
v0_2,K1,20261212,149,0.9748962663892822
v0_2,K1,20261212,150,0.9744213367311361
v0_2,K1,20261212,151,0.9741682505476159
v0_2,K1,20261212,152,0.974067721907869
v0_2,K1,20261212,153,0.9741143062147771
v0_2,K1,20261212,154,0.9744614402862273
v0_2,K1,20261212,155,0.9735965445979845
v0_2,K1,20261212,156,0.9740687220605433
v0_2,K1,20261212,157,0.9736481664360758
v0_2,K1,20261212,158,0.9732201430545186
v0_2,K1,20261212,159,0.9729967082629044
v0_2,K1,20261212,160,0.9728181135273466
v0_2,K1,20261212,161,0.9726487649651494
v0_2,K1,20261212,162,0.9725074159752387
v0_2,K1,20261212,163,0.9725624208004047
v0_2,K1,20261212,164,0.973397467032566
v0_2,K1,20261212,165,0.9719661294627239
v0_2,K1,20261212,166,0.9752164140432272
v0_2,K1,20261212,167,0.9734364649398395
v0_2,K1,20261212,168,0.9734810440645977
v0_2,K1,20261212,169,0.9737039847675006
v0_2,K1,20261212,170,0.9715075567335271
v0_2,K1,20261212,171,0.9709770285493506
v0_2,K1,20261212,172,0.9733589324011215
v0_2,K1,20261212,173,0.9715440860775825
v0_2,K1,20261212,174,0.9741357998938903
v0_2,K1,20261212,175,0.9751040931073292
v0_2,K1,20261212,176,0.970056120575503
v0_2,K1,20261212,177,0.9749508490174248
v0_2,K1,20261212,178,0.973511680609011
v0_2,K1,20261212,179,0.9700910227183591
v0_2,K1,20261212,180,0.9698500759624273
v0_2,K1,20261212,181,0.9724478680205061
v0_2,K1,20261212,182,0.9716290559231848
v0_2,K1,20261212,183,0.9699010759355017
v0_2,K1,20261212,184,0.9697508523504703
v0_2,K1,20261212,185,0.9704201279046812
v0_2,K1,20261212,186,0.969665800557197
v0_2,K1,20261212,187,0.970367093484007
v0_2,K1,20261212,188,0.9699288588778637
v0_2,K1,20261212,189,0.9692277584726436
v0_2,K1,20261212,190,0.9687880903845703
v0_2,K1,20261212,191,0.969954197689314
v0_2,K1,20261212,192,0.9696004346308815
v0_2,K1,20261212,193,0.9682146672649793
v0_2,K1,20261212,194,0.967733743679095
v0_2,K1,20261212,195,0.9701008050088384
v0_2,K1,20261212,196,0.9696008870211977
v0_2,K1,20261212,197,0.9672680879614651
v0_2,K1,20261212,198,0.9669164497792785
v0_2,K1,20261212,199,0.9696160104663359
v0_2,K1,20261212,200,0.9690477596385504
v0_2,K1,20261212,201,0.9664388583336125
v0_2,K1,20261212,202,0.9660322006018798
v0_2,K1,20261212,203,0.9686292434059741
v0_2,K1,20261212,204,0.96749453330219
v0_2,K1,20261212,205,0.9663668010815305
v0_2,K1,20261212,206,0.9662183848792567
v0_2,K1,20261212,207,0.9660288675923229
v0_2,K1,20261212,208,0.9652952627293246
v0_2,K1,20261212,209,0.9670165206170187
v0_2,K1,20261212,210,0.9666390990252994
v0_2,K1,20261212,211,0.9644932928829733
v0_2,K1,20261212,212,0.964025740804967
v0_2,K1,20261212,213,0.9670521766254492
v0_2,K1,20261212,214,0.9665202791465418
v0_2,K1,20261212,215,0.9633329334826901
v0_2,K1,20261212,216,0.9629140350032072
v0_2,K1,20261212,217,0.9649047564885008
v0_2,K1,20261212,218,0.9631311524388393
v0_2,K1,20261212,219,0.9658361931397036
v0_2,K1,20261212,220,0.9666801546850554
v0_2,K1,20261212,221,0.9614690636676217
v0_2,K1,20261212,222,0.9662374199581673
v0_2,K1,20261212,223,0.9645953171618626
v0_2,K1,20261212,224,0.9613659572686221
v0_2,K1,20261212,225,0.9610899672961745
v0_2,K1,20261212,226,0.9629292467090255
v0_2,K1,20261212,227,0.9619415669425134
v0_2,K1,20261212,228,0.9612618708264404
v0_2,K1,20261212,229,0.9609720807798219
v0_2,K1,20261212,230,0.9606221621556714
v0_2,K1,20261212,231,0.959808019186142
v0_2,K1,20261212,232,0.9616925501282256
v0_2,K1,20261212,233,0.9612342977192643
v0_2,K1,20261212,234,0.9588870803051721
v0_2,K1,20261212,235,0.9583611210509599
v0_2,K1,20261212,236,0.9614047033498403
v0_2,K1,20261212,237,0.960720874391434
v0_2,K1,20261212,238,0.957634633780097
v0_2,K1,20261212,239,0.9570863991467681
v0_2,K1,20261212,240,0.9611862015641293
v0_2,K1,20261212,241,0.9605485272206911
v0_2,K1,20261212,242,0.9561729495226652
v0_2,K1,20261212,243,0.9557551980752912
v0_2,K1,20261212,244,0.9582236974909726
v0_2,K1,20261212,245,0.9561507247793279
v0_2,K1,20261212,246,0.9583837072943899
v0_2,K1,20261212,247,0.9587511900734706
v0_2,K1,20261212,248,0.9540257390975372
v0_2,K1,20261212,249,0.9543601851031425
v0_2,K1,20261212,250,0.9547995967499969
v0_2,K1,20261212,251,0.9532093899074783
v0_2,K1,20261212,252,0.9593420818226436
v0_2,K1,20261212,253,0.960226145479394
v0_2,K1,20261212,254,0.9519640285085045
v0_2,K1,20261212,255,0.9662286436902767
v0_2,K1,20261212,256,0.9756386488748876
v0_2,K1,20261212,257,0.9613343856253449
v0_2,K1,20261212,258,0.9515148993645296
v0_2,K1,20261212,259,0.9543075929512173
v0_2,K1,20261212,260,0.9499987868025165
v0_2,K1,20261212,261,0.9561540423907818
v0_2,K1,20261212,262,0.95463093076974
v0_2,K1,20261212,263,0.9494881580810349
v0_2,K1,20261212,264,0.9492693042243537
v0_2,K1,20261212,265,0.9518094132715653
v0_2,K1,20261212,266,0.9502153440074493
v0_2,K1,20261212,267,0.9501937764037882
v0_2,K1,20261212,268,0.9497021002460819
v0_2,K1,20261212,269,0.9488777791052673
v0_2,K1,20261212,270,0.9482103938507862
v0_2,K1,20261212,271,0.9492773323193139
v0_2,K1,20261212,272,0.948515520310412
v0_2,K1,20261212,273,0.9475952191662018
v0_2,K1,20261212,274,0.9467101621458623
v0_2,K1,20261212,275,0.9490506528014179
v0_2,K1,20261212,276,0.9486359660996887
v0_2,K1,20261212,277,0.9454392356386143
v0_2,K1,20261212,278,0.9448553334984447
v0_2,K1,20261212,279,0.9485864335320136
v0_2,K1,20261212,280,0.9474065163621403
v0_2,K1,20261212,281,0.9444466935051054
v0_2,K1,20261212,282,0.9438557761254954
v0_2,K1,20261212,283,0.9469669428122514
v0_2,K1,20261212,284,0.9462246695201091
v0_2,K1,20261212,285,0.9429323961075357
v0_2,K1,20261212,286,0.9423232662907318
v0_2,K1,20261212,287,0.9460399242357428
v0_2,K1,20261212,288,0.9449456800976408
v0_2,K1,20261212,289,0.9417492094344558
v0_2,K1,20261212,290,0.9412077924440395
v0_2,K1,20261212,291,0.9441079694818999
v0_2,K1,20261212,292,0.9430933320826722
v0_2,K1,20261212,293,0.9406604789643814
v0_2,K1,20261212,294,0.9400231618384566
v0_2,K1,20261212,295,0.942590828298368
v0_2,K1,20261212,296,0.9416736753726735
v0_2,K1,20261212,297,0.9393860295236136
v0_2,K1,20261212,298,0.9387833668052313
v0_2,K1,20261212,299,0.9409870994970263
v0_2,K1,20261212,300,0.9399699705460376
v0_2,K1,20261212,301,0.9384206507119166
v0_2,K1,20261212,302,0.937806825559701
v0_2,K1,20261212,303,0.9391923019094585
v0_2,K1,20261212,304,0.9383023542754039
v0_2,K1,20261212,305,0.9373773865030303
v0_2,K1,20261212,306,0.936696040653423
v0_2,K1,20261212,307,0.9377110599616971
v0_2,K1,20261212,308,0.9368523745819286
v0_2,K1,20261212,309,0.9362947159465186
v0_2,K1,20261212,310,0.9356363209969689
v0_2,K1,20261212,311,0.936140186896492
v0_2,K1,20261212,312,0.9352805752294642
v0_2,K1,20261212,313,0.9353854652530771
v0_2,K1,20261212,314,0.934700109193287
v0_2,K1,20261212,315,0.9345622722257554
v0_2,K1,20261212,316,0.9337768654373799
v0_2,K1,20261212,317,0.9343971773141395
v0_2,K1,20261212,318,0.9336601695968062
v0_2,K1,20261212,319,0.9331308557615268
v0_2,K1,20261212,320,0.9323707041046965
v0_2,K1,20261212,321,0.9333741246762696
v0_2,K1,20261212,322,0.932641035524183
v0_2,K1,20261212,323,0.931656351891061
v0_2,K1,20261212,324,0.9309102941368234
v0_2,K1,20261212,325,0.9324297859504462
v0_2,K1,20261212,326,0.9316683649328055
v0_2,K1,20261212,327,0.9301778191213782
v0_2,K1,20261212,328,0.9294727877176446
v0_2,K1,20261212,329,0.9314141990053791
v0_2,K1,20261212,330,0.9306080495843797
v0_2,K1,20261212,331,0.928753692314255
v0_2,K1,20261212,332,0.9280664739010748
v0_2,K1,20261212,333,0.9303464717376879
v0_2,K1,20261212,334,0.9295297549787834
v0_2,K1,20261212,335,0.9272956121058595
v0_2,K1,20261212,336,0.9266202751026072
v0_2,K1,20261212,337,0.9292893210295992
v0_2,K1,20261212,338,0.9284416605799206
v0_2,K1,20261212,339,0.9258188840800697
v0_2,K1,20261212,340,0.9251642487247614
v0_2,K1,20261212,341,0.9281522312450059
v0_2,K1,20261212,342,0.9272639079827877
v0_2,K1,20261212,343,0.9243447392776999
v0_2,K1,20261212,344,0.9236981947942158
v0_2,K1,20261212,345,0.9269447112825825
v0_2,K1,20261212,346,0.926036702790003
v0_2,K1,20261212,347,0.9228306960471166
v0_2,K1,20261212,348,0.9221891051581774
v0_2,K1,20261212,349,0.9256965413876375
v0_2,K1,20261212,350,0.9247550488319686
v0_2,K1,20261212,351,0.9212864535058979
v0_2,K1,20261212,352,0.9206513591773374
v0_2,K1,20261212,353,0.9243536301049753
v0_2,K1,20261212,354,0.9233769535134462
v0_2,K1,20261212,355,0.9197185294966693
v0_2,K1,20261212,356,0.9190826445300134
v0_2,K1,20261212,357,0.9229292036597029
v0_2,K1,20261212,358,0.9219306976923577
v0_2,K1,20261212,359,0.9181096886303697
v0_2,K1,20261212,360,0.9174718880583728
v0_2,K1,20261212,361,0.9214375098087486
v0_2,K1,20261212,362,0.9204101107851721
v0_2,K1,20261212,363,0.9164711124063072
v0_2,K1,20261212,364,0.9158311393973995
v0_2,K1,20261212,365,0.9198557989642802
v0_2,K1,20261212,366,0.9188050646990482
v0_2,K1,20261212,367,0.9148076861678682
v0_2,K1,20261212,368,0.9141623473054046
v0_2,K1,20261212,369,0.9182062133013263
v0_2,K1,20261212,370,0.9171416148207733
v0_2,K1,20261212,371,0.9131178863695352
v0_2,K1,20261212,372,0.9124677073528521
v0_2,K1,20261212,373,0.9165022110722633
v0_2,K1,20261212,374,0.9154233902773452
v0_2,K1,20261212,375,0.9114134873491149
v0_2,K1,20261212,376,0.9107588477077664
v0_2,K1,20261212,377,0.9147440095374791
v0_2,K1,20261212,378,0.9136581040589623
v0_2,K1,20261212,379,0.909700326540856
v0_2,K1,20261212,380,0.9090405678854564
v0_2,K1,20261212,381,0.9129536300598313
v0_2,K1,20261212,382,0.9118670379651745
v0_2,K1,20261212,383,0.9079814606684564
v0_2,K1,20261212,384,0.9073176541672215
v0_2,K1,20261212,385,0.9111429196809517
v0_2,K1,20261212,386,0.9100571143674636
v0_2,K1,20261212,387,0.9062646594668679
v0_2,K1,20261212,388,0.9055975553774726
v0_2,K1,20261212,389,0.9093162278248956
v0_2,K1,20261212,390,0.9082352989978701
v0_2,K1,20261212,391,0.9045536697746039
v0_2,K1,20261212,392,0.903883301381446
v0_2,K1,20261212,393,0.9074855429179438
v0_2,K1,20261212,394,0.9064127991571155
v0_2,K1,20261212,395,0.902849831588565
v0_2,K1,20261212,396,0.9021768696008783
v0_2,K1,20261212,397,0.9056569925247218
v0_2,K1,20261212,398,0.9045931278291935
v0_2,K1,20261212,399,0.9011562435762034
v0_2,K1,20261212,400,0.9004812324484778
v0_2,K1,20261212,401,0.9038314021653859
v0_2,K1,20261212,402,0.9027777744618153
v0_2,K1,20261212,403,0.8994744004213217
v0_2,K1,20261212,404,0.8987973531735208
v0_2,K1,20261212,405,0.9020123675415515
v0_2,K1,20261212,406,0.9009704187944126
v0_2,K1,20261212,407,0.8978040366152867
v0_2,K1,20261212,408,0.8971251215129491
v0_2,K1,20261212,409,0.9002021549897069
v0_2,K1,20261212,410,0.8991721688192532
v0_2,K1,20261212,411,0.8961456008529526
v0_2,K1,20261212,412,0.895465059579419
v0_2,K1,20261212,413,0.8984000012133169
v0_2,K1,20261212,414,0.8973822322622963
v0_2,K1,20261212,415,0.8944994728370121
v0_2,K1,20261212,416,0.8938172672242737
v0_2,K1,20261212,417,0.8966058837864362
v0_2,K1,20261212,418,0.8956009316248589
v0_2,K1,20261212,419,0.8928650685488826
v0_2,K1,20261212,420,0.8921811004128795
v0_2,K1,20261212,421,0.8948204081294683
v0_2,K1,20261212,422,0.893828565092144
v0_2,K1,20261212,423,0.8912418366253044
v0_2,K1,20261212,424,0.8905561080462796
v0_2,K1,20261212,425,0.8930430537658856
v0_2,K1,20261212,426,0.8920643904638093
v0_2,K1,20261212,427,0.8896295744767185
v0_2,K1,20261212,428,0.8889420247068937
v0_2,K1,20261212,429,0.8912730272832461
v0_2,K1,20261212,430,0.8903077728430597
v0_2,K1,20261212,431,0.8880278063494458
v0_2,K1,20261212,432,0.8873382733075766
v0_2,K1,20261212,433,0.8895101451208184
v0_2,K1,20261212,434,0.8885585659085509
v0_2,K1,20261212,435,0.8864357880483182
v0_2,K1,20261212,436,0.885744126505881
v0_2,K1,20261212,437,0.887754208274293
v0_2,K1,20261212,438,0.886816431189202
v0_2,K1,20261212,439,0.8848528929101118
v0_2,K1,20261212,440,0.8841589833297796
v0_2,K1,20261212,441,0.8860046573946598
v0_2,K1,20261212,442,0.885080768183392
v0_2,K1,20261212,443,0.8832785394105109
v0_2,K1,20261212,444,0.8825822201136336
v0_2,K1,20261212,445,0.8842609823595485
v0_2,K1,20261212,446,0.8833511039575443
v0_2,K1,20261212,447,0.8817119600470575
v0_2,K1,20261212,448,0.8810130329398411
v0_2,K1,20261212,449,0.8825228483818005
v0_2,K1,20261212,450,0.881627069816981
v0_2,K1,20261212,451,0.880152258190445
v0_2,K1,20261212,452,0.8794505318227419
v0_2,K1,20261212,453,0.8807898321999198
v0_2,K1,20261212,454,0.8799081627235724
v0_2,K1,20261212,455,0.8785985319944517
v0_2,K1,20261212,456,0.8778938176121818
v0_2,K1,20261212,457,0.8790613464105341
v0_2,K1,20261212,458,0.8781937500819927
v0_2,K1,20261212,459,0.8770498236590849
v0_2,K1,20261212,460,0.8763419100242137
v0_2,K1,20261212,461,0.8773367702833966
v0_2,K1,20261212,462,0.8764831845755614
v0_2,K1,20261212,463,0.8755050348274104
v0_2,K1,20261212,464,0.8747936910222627
v0_2,K1,20261212,465,0.8756154741313623
v0_2,K1,20261212,466,0.8747757857376163
v0_2,K1,20261212,467,0.873962947735767
v0_2,K1,20261212,468,0.8732479393309439
v0_2,K1,20261212,469,0.8738967324201263
v0_2,K1,20261212,470,0.8730707622639186
v0_2,K1,20261212,471,0.8724222709926182
v0_2,K1,20261212,472,0.8717033600178682
v0_2,K1,20261212,473,0.8721796957463297
v0_2,K1,20261212,474,0.8713672087763071
v0_2,K1,20261212,475,0.8708816243002458
v0_2,K1,20261212,476,0.870158559943389
v0_2,K1,20261212,477,0.8704634303844616
v0_2,K1,20261212,478,0.8696641425722994
v0_2,K1,20261212,479,0.8693395047063962
v0_2,K1,20261212,480,0.868612023073142
v0_2,K1,20261212,481,0.868746932847847
v0_2,K1,20261212,482,0.8679605049133645
v0_2,K1,20261212,483,0.8677942891978777
v0_2,K1,20261212,484,0.867062120102067
v0_2,K1,20261212,485,0.8670291068983528
v0_2,K1,20261212,486,0.8662551388072054
v0_2,K1,20261212,487,0.8662442543087775
v0_2,K1,20261212,488,0.8655071239049449
v0_2,K1,20261212,489,0.865308752449594
v0_2,K1,20261212,490,0.8645467859373736
v0_2,K1,20261212,491,0.8646875775505084
v0_2,K1,20261212,492,0.8639452065018278
v0_2,K1,20261212,493,0.8635845794751379
v0_2,K1,20261212,494,0.8628341018349711
v0_2,K1,20261212,495,0.8631223275941516
v0_2,K1,20261212,496,0.8623744317392588
v0_2,K1,20261212,497,0.861855221779235
v0_2,K1,20261212,498,0.861115666034963
v0_2,K1,20261212,499,0.8615464665589474
v0_2,K1,20261212,500,0.8607927618222833
v0_2,K1,20261212,501,0.860119239873879
v0_2,K1,20261212,502,0.8593899844667658
v0_2,K1,20261212,503,0.8599578655969944
v0_2,K1,20261212,504,0.8591980735192473
v0_2,K1,20261212,505,0.8583751256739761
v0_2,K1,20261212,506,0.8576554971509205
v0_2,K1,20261212,507,0.8583543211034435
v0_2,K1,20261212,508,0.8575881734703351
v0_2,K1,20261212,509,0.856621318178187
v0_2,K1,20261212,510,0.8559105961004565
v0_2,K1,20261212,511,0.8567335698102576
v0_2,K1,20261212,512,0.8559608146539462
v0_2,K1,20261212,513,0.8548562258459845
v0_2,K1,20261212,514,0.8541536481988432
v0_2,K1,20261212,515,0.855093312131106
v0_2,K1,20261212,516,0.8543137229750514
v0_2,K1,20261212,517,0.8530782506937863
v0_2,K1,20261212,518,0.8523830203052494
v0_2,K1,20261212,519,0.8534312490891697
v0_2,K1,20261212,520,0.8526446368192363
v0_2,K1,20261212,521,0.8512858163867741
v0_2,K1,20261212,522,0.8505971098631764
v0_2,K1,20261212,523,0.8517451302691721
v0_2,K1,20261212,524,0.8509513565216424
v0_2,K1,20261212,525,0.8494774043536952
v0_2,K1,20261212,526,0.8487943839606021
v0_2,K1,20261212,527,0.8500328103798528
v0_2,K1,20261212,528,0.8492318025504089
v0_2,K1,20261212,529,0.8476515978373145
v0_2,K1,20261212,530,0.8469734258329905
v0_2,K1,20261212,531,0.8482923160924452
v0_2,K1,20261212,532,0.8474840843616385
v0_2,K1,20261212,533,0.8458071310604937
v0_2,K1,20261212,534,0.8451329861525521
v0_2,K1,20261212,535,0.8465219243240716
v0_2,K1,20261212,536,0.8457065799194178
v0_2,K1,20261212,537,0.8439429412139718
v0_2,K1,20261212,538,0.843272037030678
v0_2,K1,20261212,539,0.8447202482973741
v0_2,K1,20261212,540,0.8438980210959233
v0_2,K1,20261212,541,0.8420582212427026
v0_2,K1,20261212,542,0.8413898262257372
v0_2,K1,20261212,543,0.8428863239845387
v0_2,K1,20261212,544,0.8420575773236826
v0_2,K1,20261212,545,0.8401524696917224
v0_2,K1,20261212,546,0.839485927069022
v0_2,K1,20261212,547,0.8410196885742081
v0_2,K1,20261212,548,0.8401849292034793
v0_2,K1,20261212,549,0.8382255319250417
v0_2,K1,20261212,550,0.83756027802781
v0_2,K1,20261212,551,0.8391204420625215
v0_2,K1,20261212,552,0.8382803230385354
v0_2,K1,20261212,553,0.8362776266847872
v0_2,K1,20261212,554,0.8356132058506714
v0_2,K1,20261212,555,0.8371892820877798
v0_2,K1,20261212,556,0.8363445965111408
v0_2,K1,20261212,557,0.8343093531167571
v0_2,K1,20261212,558,0.8336454275749883
v0_2,K1,20261212,559,0.8352275027511606
v0_2,K1,20261212,560,0.8343791671555998
v0_2,K1,20261212,561,0.8323216753333638
v0_2,K1,20261212,562,0.8316580288018096
v0_2,K1,20261212,563,0.8332369520856022
v0_2,K1,20261212,564,0.8323859799107656
v0_2,K1,20261212,565,0.830315884161124
v0_2,K1,20261212,566,0.8296524185578439
v0_2,K1,20261212,567,0.8312199491739728
v0_2,K1,20261212,568,0.8303674164912537
v0_2,K1,20261212,569,0.8282935389216247
v0_2,K1,20261212,570,0.8276302645279852
v0_2,K1,20261212,571,0.8291791685054922
v0_2,K1,20261212,572,0.8283261755203033
v0_2,K1,20261212,573,0.8262563952983506
v0_2,K1,20261212,574,0.8255934156287889
v0_2,K1,20261212,575,0.8271175043585822
v0_2,K1,20261212,576,0.8262651369491733
v0_2,K1,20261212,577,0.8242063275104834
v0_2,K1,20261212,578,0.8235438207870636
v0_2,K1,20261212,579,0.8250379309474902
v0_2,K1,20261212,580,0.8241872264942139
v0_2,K1,20261212,581,0.822145253466473
v0_2,K1,20261212,582,0.8214834528449735
v0_2,K1,20261212,583,0.8229433741907266
v0_2,K1,20261212,584,0.8220952951414446
v0_2,K1,20261212,585,0.8200750703369349
v0_2,K1,20261212,586,0.819414244908451
v0_2,K1,20261212,587,0.8208366080910885
v0_2,K1,20261212,588,0.8199920252740436
v0_2,K1,20261212,589,0.8179976055951503
v0_2,K1,20261212,590,0.8173380437705751
v0_2,K1,20261212,591,0.8187201836292273
v0_2,K1,20261212,592,0.8178798696697821
v0_2,K1,20261212,593,0.8159145857096922
v0_2,K1,20261212,594,0.8152565820011256
v0_2,K1,20261212,595,0.8165963922982681
v0_2,K1,20261212,596,0.8157610240567301
v0_2,K1,20261212,597,0.8138276219381916
v0_2,K1,20261212,598,0.813171467524567
v0_2,K1,20261212,599,0.8144672613828216
v0_2,K1,20261212,600,0.8136374293533053
v0_2,K1,20261212,601,0.8117382105555442
v0_2,K1,20261212,602,0.8110841874762821
v0_2,K1,20261212,603,0.8123345745969414
v0_2,K1,20261212,604,0.8115107967384583
v0_2,K1,20261212,605,0.8096477435755163
v0_2,K1,20261212,606,0.8089961220183468
v0_2,K1,20261212,607,0.8101999098793967
v0_2,K1,20261212,608,0.8093826473232445
v0_2,K1,20261212,609,0.8075575256318849
v0_2,K1,20261212,610,0.8069085635629163
v0_2,K1,20261212,611,0.8080646858284251
v0_2,K1,20261212,612,0.8072543582249955
v0_2,K1,20261212,613,0.8054687929553326
v0_2,K1,20261212,614,0.8048227372669562
v0_2,K1,20261212,615,0.8059302091265158
v0_2,K1,20261212,616,0.8051272079302194
v0_2,K1,20261212,617,0.8033827311008375
v0_2,K1,20261212,618,0.8027398194971768
v0_2,K1,20261212,619,0.8037977169456942
v0_2,K1,20261212,620,0.8030024155587829
v0_2,K1,20261212,621,0.8013004890257986
v0_2,K1,20261212,622,0.8006609519846131
v0_2,K1,20261212,623,0.8016684103134558
v0_2,K1,20261212,624,0.8008811706132548
v0_2,K1,20261212,625,0.7992231881296781
v0_2,K1,20261212,626,0.7985872504567401
v0_2,K1,20261212,627,0.7995434764043693
v0_2,K1,20261212,628,0.798764651701386
v0_2,K1,20261212,629,0.797151925815608
v0_2,K1,20261212,630,0.7965198074958629
v0_2,K1,20261212,631,0.7974240994959028
v0_2,K1,20261212,632,0.7966540343658922
v0_2,K1,20261212,633,0.7950877739317567
v0_2,K1,20261212,634,0.7944596901646731
v0_2,K1,20261212,635,0.7953114617254112
v0_2,K1,20261212,636,0.7945504894243667
v0_2,K1,20261212,637,0.7930317730254702
v0_2,K1,20261212,638,0.7924079334859528
v0_2,K1,20261212,639,0.793206735750974
v0_2,K1,20261212,640,0.7924551740402088
v0_2,K1,20261212,641,0.7909849236886614
v0_2,K1,20261212,642,0.7903655311650493
v0_2,K1,20261212,643,0.7911110719065005
v0_2,K1,20261212,644,0.7903692181096843
v0_2,K1,20261212,645,0.7889481763805133
v0_2,K1,20261212,646,0.7883334250054067
v0_2,K1,20261212,647,0.7890255824968616
v0_2,K1,20261212,648,0.7882937085091174
v0_2,K1,20261212,649,0.786922421026426
v0_2,K1,20261212,650,0.7863124943346458
v0_2,K1,20261212,651,0.786951325592062
v0_2,K1,20261212,652,0.7862296733924821
v0_2,K1,20261212,653,0.7849084774649223
v0_2,K1,20261212,654,0.7843035464937549
v0_2,K1,20261212,655,0.7848892901627281
v0_2,K1,20261212,656,0.7841780681904441
v0_2,K1,20261212,657,0.7829070875053925
v0_2,K1,20261212,658,0.7823073091063492
v0_2,K1,20261212,659,0.7828403837874016
v0_2,K1,20261212,660,0.7821397643603087
v0_2,K1,20261212,661,0.7809189090315282
v0_2,K1,20261212,662,0.7803244245106314
v0_2,K1,20261212,663,0.7808054235656222
v0_2,K1,20261212,664,0.7801155413626298
v0_2,K1,20261212,665,0.7789445122990588
v0_2,K1,20261212,666,0.7783554464447556
v0_2,K1,20261212,667,0.7787851303571094
v0_2,K1,20261212,668,0.7781060818770492
v0_2,K1,20261212,669,0.7769843783467172
v0_2,K1,20261212,670,0.7764008388583521
v0_2,K1,20261212,671,0.7767801261008433
v0_2,K1,20261212,672,0.7761119699448984
v0_2,K1,20261212,673,0.7750388992936771
v0_2,K1,20261212,674,0.7744609765901905
v0_2,K1,20261212,675,0.7747909337433909
v0_2,K1,20261212,676,0.7741336915427777
v0_2,K1,20261212,677,0.7731083802263928
v0_2,K1,20261212,678,0.7725361475918295
v0_2,K1,20261212,679,0.7728179792188424
v0_2,K1,20261212,680,0.7721716370382664
v0_2,K1,20261212,681,0.7711930423653989
v0_2,K1,20261212,682,0.770626556381606
v0_2,K1,20261212,683,0.7708615949375124
v0_2,K1,20261212,684,0.7702261050115055
v0_2,K1,20261212,685,0.7692930272362694
v0_2,K1,20261212,686,0.7687323284508445
v0_2,K1,20261212,687,0.7689220243224965
v0_2,K1,20261212,688,0.7682973070157576
v0_2,K1,20261212,689,0.7674084016212828
v0_2,K1,20261212,690,0.7668535154053131
v0_2,K1,20261212,691,0.7669994270431116
v0_2,K1,20261212,692,0.7663853729644358
v0_2,K1,20261212,693,0.7655391631312181
v0_2,K1,20261212,694,0.7649901006920676
v0_2,K1,20261212,695,0.7650938847123874
v0_2,K1,20261212,696,0.7644903569432238
v0_2,K1,20261212,697,0.7636852462890438
v0_2,K1,20261212,698,0.7631420058065758
v0_2,K1,20261212,699,0.7632054069145101
v0_2,K1,20261212,700,0.7626122433352193
v0_2,K1,20261212,701,0.7618465290592598
v0_2,K1,20261212,702,0.7613090969275148
v0_2,K1,20261212,703,0.761333937504701
v0_2,K1,20261212,704,0.760750953217493
v0_2,K1,20261212,705,0.7600228397838024
v0_2,K1,20261212,706,0.7594911919380165
v0_2,K1,20261212,707,0.7594793611725087
v0_2,K1,20261212,708,0.7589063510270405
v0_2,K1,20261212,709,0.7582139644904267
v0_2,K1,20261212,710,0.7576880678071664
v0_2,K1,20261212,711,0.7576415102811798
v0_2,K1,20261212,712,0.7570782515070873
v0_2,K1,20261212,713,0.7564196545400195
v0_2,K1,20261212,714,0.7558994682939614
v0_2,K1,20261212,715,0.7558201719969221
v0_2,K1,20261212,716,0.7552664269433568
v0_2,K1,20261212,717,0.7546396345594087
v0_2,K1,20261212,718,0.7541251119200811
v0_2,K1,20261212,719,0.7540150957061965
v0_2,K1,20261212,720,0.7534706146816493
v0_2,K1,20261212,721,0.7528736105876788
v0_2,K1,20261212,722,0.7523647001365457
v0_2,K1,20261212,723,0.7522260006961076
v0_2,K1,20261212,724,0.7516905248893777
v0_2,K1,20261212,725,0.7511212783356108
v0_2,K1,20261212,726,0.7506179255784543
v0_2,K1,20261212,727,0.7504525840435836
v0_2,K1,20261212,728,0.7499258484978854
v0_2,K1,20261212,729,0.7493823314309609
v0_2,K1,20261212,730,0.7488844802779813
v0_2,K1,20261212,731,0.7486945286261619
v0_2,K1,20261212,732,0.7481762652306364
v0_2,K1,20261212,733,0.7476564694986121
v0_2,K1,20261212,734,0.7471640636805313
v0_2,K1,20261212,735,0.7469515111437435
v0_2,K1,20261212,736,0.7464414515952312
v0_2,K1,20261212,737,0.7459434059016743
v0_2,K1,20261212,738,0.7454563902891331
v0_2,K1,20261212,739,0.7452232100141813
v0_2,K1,20261212,740,0.7447210886964689
v0_2,K1,20261212,741,0.7442428749603194
v0_2,K1,20261212,742,0.7437611967535847
v0_2,K1,20261212,743,0.743509312987341
v0_2,K1,20261212,744,0.7430148697122925
v0_2,K1,20261212,745,0.7425546384596905
v0_2,K1,20261212,746,0.7420782482162709
v0_2,K1,20261212,747,0.7418095243160966
v0_2,K1,20261212,748,0.7413225068673857
v0_2,K1,20261212,749,0.7408784912682538
v0_2,K1,20261212,750,0.7404073437450103
v0_2,K1,20261212,751,0.7401235713196804
v0_2,K1,20261212,752,0.739643737742205
v0_2,K1,20261212,753,0.7392142659144276
v0_2,K1,20261212,754,0.7387483207045609
v0_2,K1,20261212,755,0.7384512101849317
v0_2,K1,20261212,756,0.7379783307681622
v0_2,K1,20261212,757,0.7375618360063787
v0_2,K1,20261212,758,0.7371010579639339
v0_2,K1,20261212,759,0.7367922308694933
v0_2,K1,20261212,760,0.7363260897827076
v0_2,K1,20261212,761,0.7359211184302354
v0_2,K1,20261212,762,0.7354654778869442
v0_2,K1,20261212,763,0.7351464610045426
v0_2,K1,20261212,764,0.734686857552349
v0_2,K1,20261212,765,0.7342920743289119
v0_2,K1,20261212,766,0.7338415471201845
v0_2,K1,20261212,767,0.7335137687260118
v0_2,K1,20261212,768,0.7330605182100435
v0_2,K1,20261212,769,0.7326747089293664
v0_2,K1,20261212,770,0.7322292762576962
v0_2,K1,20261212,771,0.7318940644165138
v0_2,K1,20261212,772,0.7314469986056463
v0_2,K1,20261212,773,0.7310690703470153
v0_2,K1,20261212,774,0.7306287185216453
v0_2,K1,20261212,775,0.730287301380927
v0_2,K1,20261212,776,0.7298462686111689
v0_2,K1,20261212,777,0.7294752475583673
v0_2,K1,20261212,778,0.7290399676526762
v0_2,K1,20261212,779,0.728693475532486
v0_2,K1,20261212,780,0.7282583404757487
v0_2,K1,20261212,781,0.7278933677620153
v0_2,K1,20261212,782,0.7274631552327655
v0_2,K1,20261212,783,0.7271126242074858
v0_2,K1,20261212,784,0.7266832673614002
v0_2,K1,20261212,785,0.7263235933636706
v0_2,K1,20261212,786,0.7258984476688638
v0_2,K1,20261212,787,0.7255448242624283
v0_2,K1,20261212,788,0.7251211412279014
v0_2,K1,20261212,789,0.7247661188043377
v0_2,K1,20261212,790,0.7243460430493496
v0_2,K1,20261212,791,0.7239901896325306
v0_2,K1,20261212,792,0.7235720902451586
v0_2,K1,20261212,793,0.723221167415548
v0_2,K1,20261212,794,0.7228061680408648
v0_2,K1,20261212,795,0.7224488685387742
v0_2,K1,20261212,796,0.7220362759230918
v0_2,K1,20261212,797,0.721688988422913
v0_2,K1,20261212,798,0.7212790749393235
v0_2,K1,20261212,799,0.7209210405241699
v0_2,K1,20261212,800,0.7205138901291511
v0_2,K1,20261212,801,0.7201698541647973
v0_2,K1,20261212,802,0.7197650389267869
v0_2,K1,20261212,803,0.719406913477041
v0_2,K1,20261212,804,0.7190051521402357
v0_2,K1,20261212,805,0.7186640575295697
v0_2,K1,20261212,806,0.7182643555356422
v0_2,K1,20261212,807,0.717906720768732
v0_2,K1,20261212,808,0.7175103058359407
v0_2,K1,20261212,809,0.7171719095831989
v0_2,K1,20261212,810,0.7167773382914837
v0_2,K1,20261212,811,0.7164207185835683
v0_2,K1,20261212,812,0.7160296171006209
v0_2,K1,20261212,813,0.715693737345352
v0_2,K1,20261212,814,0.7153043164980292
v0_2,K1,20261212,815,0.7149491834850411
v0_2,K1,20261212,816,0.7145633714571803
v0_2,K1,20261212,817,0.7142298816869794
v0_2,K1,20261212,818,0.7138456331469758
v0_2,K1,20261212,819,0.7134924102152527
v0_2,K1,20261212,820,0.7131118719281831
v0_2,K1,20261212,821,0.7127806953535163
v0_2,K1,20261212,822,0.7124016429643795
v0_2,K1,20261212,823,0.7120507097075786
v0_2,K1,20261212,824,0.7116754370950102
v0_2,K1,20261212,825,0.7113465411477969
v0_2,K1,20261212,826,0.7109727106320846
v0_2,K1,20261212,827,0.7106244072735677
v0_2,K1,20261212,828,0.7102543993235727
v0_2,K1,20261212,829,0.7099277903244152
v0_2,K1,20261212,830,0.7095592092293994
v0_2,K1,20261212,831,0.7092138409345848
v0_2,K1,20261212,832,0.7088491031314104
v0_2,K1,20261212,833,0.7085248212304445
v0_2,K1,20261212,834,0.7081615189222427
v0_2,K1,20261212,835,0.7078193598803362
v0_2,K1,20261212,836,0.7074599036849505
v0_2,K1,20261212,837,0.7071380181947639
v0_2,K1,20261212,838,0.7067800258872499
v0_2,K1,20261212,839,0.7064413230513426
v0_2,K1,20261212,840,0.7060871654272529
v0_2,K1,20261212,841,0.7057677706158313
v0_2,K1,20261212,842,0.705415121413227
v0_2,K1,20261212,843,0.7050800978510874
v0_2,K1,20261212,844,0.7047312608397193
v0_2,K1,20261212,845,0.7044144721736355
v0_2,K1,20261212,846,0.7040672011035295
v0_2,K1,20261212,847,0.7037360589903663
v0_2,K1,20261212,848,0.7033925693319918
v0_2,K1,20261212,849,0.7030785200867788
v0_2,K1,20261212,850,0.7027366641128884
v0_2,K1,20261212,851,0.7024095874478227
v0_2,K1,20261212,852,0.7020714762383379
v0_2,K1,20261212,853,0.7017603143750871
v0_2,K1,20261212,854,0.7014239123912587
v0_2,K1,20261212,855,0.7011010695071154
v0_2,K1,20261212,856,0.7007683718715386
v0_2,K1,20261212,857,0.7004602571297555
v0_2,K1,20261212,858,0.7001293499435719
v0_2,K1,20261212,859,0.6998108958231428
v0_2,K1,20261212,860,0.6994836505922896
v0_2,K1,20261212,861,0.6991787518098702
v0_2,K1,20261212,862,0.6988533821187196
v0_2,K1,20261212,863,0.6985394604648943
v0_2,K1,20261212,864,0.6982177098444965
v0_2,K1,20261212,865,0.6979162025560146
v0_2,K1,20261212,866,0.6975964149025458
v0_2,K1,20261212,867,0.6972871599047803
v0_2,K1,20261212,868,0.6969709491344919
v0_2,K1,20261212,869,0.6966730134601806
v0_2,K1,20261212,870,0.6963588541438276
v0_2,K1,20261212,871,0.696054391928358
v0_2,K1,20261212,872,0.6957437689286129
v0_2,K1,20261212,873,0.6954495877059353
v0_2,K1,20261212,874,0.6951411046278301
v0_2,K1,20261212,875,0.694841554444383
v0_2,K1,20261212,876,0.6945365694389398
v0_2,K1,20261212,877,0.6942463265119554
v0_2,K1,20261212,878,0.6939435689503116
v0_2,K1,20261212,879,0.6936490441443331
v0_2,K1,20261212,880,0.6933497492390632
v0_2,K1,20261212,881,0.6930636278635586
v0_2,K1,20261212,882,0.6927666461825981
v0_2,K1,20261212,883,0.6924772549521233
v0_2,K1,20261212,884,0.6921837036517031
v0_2,K1,20261212,885,0.6919018850246889
v0_2,K1,20261212,886,0.6916107303117842
v0_2,K1,20261212,887,0.6913265762060331
v0_2,K1,20261212,888,0.6910388228557544
v0_2,K1,20261212,889,0.6907614847731353
v0_2,K1,20261212,890,0.6904762083783165
v0_2,K1,20261212,891,0.6901973905265759
v0_2,K1,20261212,892,0.6899154896764383
v0_2,K1,20261212,893,0.68964224735335
v0_2,K1,20261212,894,0.689362208660988
v0_2,K1,20261212,895,0.6890907804169679
v0_2,K1,20261212,896,0.6888146221222389
v0_2,K1,20261212,897,0.6885446329215913
v0_2,K1,20261212,898,0.6882713712844528
v0_2,K1,20261212,899,0.688003628026631
v0_2,K1,20261212,900,0.6877352392932573
v0_2,K1,20261212,901,0.6874696205977533
v0_2,K1,20261212,902,0.6872087470169744
v0_2,K1,20261212,903,0.6869453537014405
v0_2,K1,20261212,904,0.6866930976432511
v0_2,K1,20261212,905,0.68643271060039
v0_2,K1,20261212,906,0.6861890141773691
v0_2,K1,20261212,907,0.6859331602105421
v0_2,K1,20261212,908,0.68569701834225
v0_2,K1,20261212,909,0.6854476817594886
v0_2,K1,20261212,910,0.6852174153207361
v0_2,K1,20261212,911,0.6849767817587591
v0_2,K1,20261212,912,0.6847507026167825
v0_2,K1,20261212,913,0.6845203627551603
v0_2,K1,20261212,914,0.6842975720528769
v0_2,K1,20261212,915,0.6840777583529791
v0_2,K1,20261212,916,0.6838589157023437
v0_2,K1,20261212,917,0.6836481537211662
v0_2,K1,20261212,918,0.683435274995235
v0_2,K1,20261212,919,0.6832311092496053
v0_2,K1,20261212,920,0.6830263759917696
v0_2,K1,20261212,921,0.6828270295801464
v0_2,K1,20261212,922,0.6826310973580526
v0_2,K1,20261212,923,0.682436727022735
v0_2,K1,20261212,924,0.6822482379583116
v0_2,K1,20261212,925,0.6820604765938695
v0_2,K1,20261212,926,0.681877538077358
v0_2,K1,20261212,927,0.6816974094211691
v0_2,K1,20261212,928,0.6815195919859436
v0_2,K1,20261212,929,0.6813462664520868
v0_2,K1,20261212,930,0.6811746542939483
v0_2,K1,20261212,931,0.681006703080352
v0_2,K1,20261212,932,0.6808418530059417
v0_2,K1,20261212,933,0.6806791623140004
v0_2,K1,20261212,934,0.6805201580999869
v0_2,K1,20261212,935,0.680363505448449
v0_2,K1,20261212,936,0.6802095301662645
v0_2,K1,20261212,937,0.680058748728417
v0_2,K1,20261212,938,0.6799101499582078
v0_2,K1,20261212,939,0.6797643747937505
v0_2,K1,20261212,940,0.6796213513452102
v0_2,K1,20261212,941,0.6794805265894684
v0_2,K1,20261212,942,0.6793424290796282
v0_2,K1,20261212,943,0.6792067987626179
v0_2,K1,20261212,944,0.6790733628122237
v0_2,K1,20261212,945,0.678942472914152
v0_2,K1,20261212,946,0.6788138715706782
v0_2,K1,20261212,947,0.6786874080356937
v0_2,K1,20261212,948,0.6785633011423906
v0_2,K1,20261212,949,0.6784413495907541
v0_2,K1,20261212,950,0.6783214402252933
v0_2,K1,20261212,951,0.6782037085635126
v0_2,K1,20261212,952,0.6780880158092168
v0_2,K1,20261212,953,0.677974253930132
v0_2,K1,20261212,954,0.6778625018549056
v0_2,K1,20261212,955,0.6777526736942678
v0_2,K1,20261212,956,0.6776446606636238
v0_2,K1,20261212,957,0.6775384973602295
v0_2,K1,20261212,958,0.6774341393323261
v0_2,K1,20261212,959,0.677331484320985
v0_2,K1,20261212,960,0.6772305274075944
v0_2,K1,20261212,961,0.677131249421767
v0_2,K1,20261212,962,0.6770335651248316
v0_2,K1,20261212,963,0.6769374374646023
v0_2,K1,20261212,964,0.6768428549871248
v0_2,K1,20261212,965,0.6767497567479941
v0_2,K1,20261212,966,0.6766580866430665
v0_2,K1,20261212,967,0.6765678246347631
v0_2,K1,20261212,968,0.6764789313301107
v0_2,K1,20261212,969,0.676391348117929
v0_2,K1,20261212,970,0.6763050393601876
v0_2,K1,20261212,971,0.676219975960613
v0_2,K1,20261212,972,0.6761361092145619
v0_2,K1,20261212,973,0.6760533923624718
v0_2,K1,20261212,974,0.6759717934449514
v0_2,K1,20261212,975,0.6758912748588998
v0_2,K1,20261212,976,0.6758117894775707
v0_2,K1,20261212,977,0.6757332973975625
v0_2,K1,20261212,978,0.6756557646613702
v0_2,K1,20261212,979,0.6755791506917201
v0_2,K1,20261212,980,0.675503412029514
v0_2,K1,20261212,981,0.6754285112144587
v0_2,K1,20261212,982,0.6753544121950638
v0_2,K1,20261212,983,0.6752810742797057
v0_2,K1,20261212,984,0.6752084566881733
v0_2,K1,20261212,985,0.6751365225716333
v0_2,K1,20261212,986,0.6750652349272369
v0_2,K1,20261212,987,0.6749945539647533
v0_2,K1,20261212,988,0.674924440576407
v0_2,K1,20261212,989,0.674854858026776
v0_2,K1,20261212,990,0.6747857690696076
v0_2,K1,20261212,991,0.6747171348668028
v0_2,K1,20261212,992,0.6746489173457877
v0_2,K1,20261212,993,0.6745810798957559
v0_2,K1,20261212,994,0.6745135854548866
v0_2,K1,20261212,995,0.6744463960549699
v0_2,K1,20261212,996,0.6743794743548013
v0_2,K1,20261212,997,0.6743127839271954
v0_2,K1,20261212,998,0.6742462880170271
v0_2,K1,20261212,999,0.674179949359062
v0_2,K1,20261212,1000,0.6741137311853622
v0_2,K1,20261213,1,1.0100042916775174
v0_2,K1,20261213,2,1.008550640801709
v0_2,K1,20261213,3,1.005826698917691
v0_2,K1,20261213,4,1.0021983467978943
v0_2,K1,20261213,5,0.9982129084765132
v0_2,K1,20261213,6,0.9945981142986983
v0_2,K1,20261213,7,0.9922555642156733
v0_2,K1,20261213,8,0.9919609879421581
v0_2,K1,20261213,9,0.9927770438787848
v0_2,K1,20261213,10,0.9934310364984257
v0_2,K1,20261213,11,0.9931721740176359
v0_2,K1,20261213,12,0.9917414202366561
v0_2,K1,20261213,13,0.9892987736820295
v0_2,K1,20261213,14,0.9863531598938311
v0_2,K1,20261213,15,0.9836898089650865
v0_2,K1,20261213,16,0.9822597067411901
v0_2,K1,20261213,17,0.9822673341413897
v0_2,K1,20261213,18,0.9824719127610906
v0_2,K1,20261213,19,0.982207758738971
v0_2,K1,20261213,20,0.9817796061621014
v0_2,K1,20261213,21,0.9821734927600493
v0_2,K1,20261213,22,0.9828069410164764
v0_2,K1,20261213,23,0.9827322154716066
v0_2,K1,20261213,24,0.9821753524431752
v0_2,K1,20261213,25,0.9819071476854487
v0_2,K1,20261213,26,0.9815627329274526
v0_2,K1,20261213,27,0.9809372921760933
v0_2,K1,20261213,28,0.9809363359709109
v0_2,K1,20261213,29,0.9811695924055467
v0_2,K1,20261213,30,0.9810007103414
v0_2,K1,20261213,31,0.9813177790311917
v0_2,K1,20261213,32,0.9815113686190098
v0_2,K1,20261213,33,0.9810533395292378
v0_2,K1,20261213,34,0.9811686046105063
v0_2,K1,20261213,35,0.9810140656007335
v0_2,K1,20261213,36,0.9803327270402419
v0_2,K1,20261213,37,0.9806229383407983
v0_2,K1,20261213,38,0.9804944535181543
v0_2,K1,20261213,39,0.9802396356270467
v0_2,K1,20261213,40,0.9803835896668585
v0_2,K1,20261213,41,0.9801872630383576
v0_2,K1,20261213,42,0.9799626175670454
v0_2,K1,20261213,43,0.9799067352577023
v0_2,K1,20261213,44,0.9795687608577348
v0_2,K1,20261213,45,0.9797585296443788
v0_2,K1,20261213,46,0.979497845788242
v0_2,K1,20261213,47,0.9794806902863318
v0_2,K1,20261213,48,0.9795914030337499
v0_2,K1,20261213,49,0.9790319226746207
v0_2,K1,20261213,50,0.9797062153626411
v0_2,K1,20261213,51,0.9789839167153435
v0_2,K1,20261213,52,0.9807247975591836
v0_2,K1,20261213,53,0.9814545886929679
v0_2,K1,20261213,54,0.9787551857711387
v0_2,K1,20261213,55,0.9828430675048171
v0_2,K1,20261213,56,0.9863674764361664
v0_2,K1,20261213,57,0.9820715154909793
v0_2,K1,20261213,58,0.9781250769632799
v0_2,K1,20261213,59,0.9791383592078836
v0_2,K1,20261213,60,0.9779846752757295
v0_2,K1,20261213,61,0.9804625242097
v0_2,K1,20261213,62,0.9809639200292435
v0_2,K1,20261213,63,0.9778369749043968
v0_2,K1,20261213,64,0.982889467090157
v0_2,K1,20261213,65,0.9878842063502572
v0_2,K1,20261213,66,0.9837809835247512
v0_2,K1,20261213,67,0.977562603750907
v0_2,K1,20261213,68,0.9861870650632392
v0_2,K1,20261213,69,0.9970517014825054
v0_2,K1,20261213,70,0.9953533863394144
v0_2,K1,20261213,71,0.9839965197801537
v0_2,K1,20261213,72,0.9772594027822312
v0_2,K1,20261213,73,0.9799964952121739
v0_2,K1,20261213,74,0.9793045393745733
v0_2,K1,20261213,75,0.9770427627252457
v0_2,K1,20261213,76,0.9782572185252069
v0_2,K1,20261213,77,0.9772960484642843
v0_2,K1,20261213,78,0.9785108328063977
v0_2,K1,20261213,79,0.9792697030801716
v0_2,K1,20261213,80,0.9769120179192927
v0_2,K1,20261213,81,0.9807413902953607
v0_2,K1,20261213,82,0.9842823017531269
v0_2,K1,20261213,83,0.9806457519028619
v0_2,K1,20261213,84,0.976511220246245
v0_2,K1,20261213,85,0.9794121478807175
v0_2,K1,20261213,86,0.9795246680480404
v0_2,K1,20261213,87,0.976459699243207
v0_2,K1,20261213,88,0.9813552786827342
v0_2,K1,20261213,89,0.9863749328417329
v0_2,K1,20261213,90,0.9828108523334198
v0_2,K1,20261213,91,0.9764269789376768
v0_2,K1,20261213,92,0.9827303173209608
v0_2,K1,20261213,93,0.9922256728322663
v0_2,K1,20261213,94,0.9910477751409809
v0_2,K1,20261213,95,0.9813709585904484
v0_2,K1,20261213,96,0.976010543265709
v0_2,K1,20261213,97,0.978004986222631
v0_2,K1,20261213,98,0.9768531967194294
v0_2,K1,20261213,99,0.9761700454714245
v0_2,K1,20261213,100,0.97640359080038
v0_2,K1,20261213,101,0.9756574447556203
v0_2,K1,20261213,102,0.9755498117934479
v0_2,K1,20261213,103,0.9759387546613869
v0_2,K1,20261213,104,0.9753531441565512
v0_2,K1,20261213,105,0.9765446813779308
v0_2,K1,20261213,106,0.976176062462387
v0_2,K1,20261213,107,0.9751610928176018
v0_2,K1,20261213,108,0.9749585434771807
v0_2,K1,20261213,109,0.9760214538742167
v0_2,K1,20261213,110,0.9756806997185411
v0_2,K1,20261213,111,0.9747097402038879
v0_2,K1,20261213,112,0.9745354208643733
v0_2,K1,20261213,113,0.9752172584292552
v0_2,K1,20261213,114,0.9747431083227796
v0_2,K1,20261213,115,0.9746285631893965
v0_2,K1,20261213,116,0.9743838155469661
v0_2,K1,20261213,117,0.9743636458884899
v0_2,K1,20261213,118,0.9740419545443209
v0_2,K1,20261213,119,0.9743023141945343
v0_2,K1,20261213,120,0.9740552362987125
v0_2,K1,20261213,121,0.9736280505592975
v0_2,K1,20261213,122,0.9732303795499582
v0_2,K1,20261213,123,0.9744291385333805
v0_2,K1,20261213,124,0.974183006031602
v0_2,K1,20261213,125,0.9727426615244026
v0_2,K1,20261213,126,0.9724743879943317
v0_2,K1,20261213,127,0.9742771906281081
v0_2,K1,20261213,128,0.9738697639650408
v0_2,K1,20261213,129,0.9720826365489492
v0_2,K1,20261213,130,0.971730631439227
v0_2,K1,20261213,131,0.9729276605207277
v0_2,K1,20261213,132,0.9717086679098732
v0_2,K1,20261213,133,0.9745278287780471
v0_2,K1,20261213,134,0.975684117670457
v0_2,K1,20261213,135,0.9710384692502618
v0_2,K1,20261213,136,0.9793445414122843
v0_2,K1,20261213,137,0.9874551488828713
v0_2,K1,20261213,138,0.9805125063403684
v0_2,K1,20261213,139,0.9703277179328333
v0_2,K1,20261213,140,0.984924341998205
v0_2,K1,20261213,141,1.002055459161117
v0_2,K1,20261213,142,0.997940334999448
v0_2,K1,20261213,143,0.9788710741563021
v0_2,K1,20261213,144,0.9705771275051758
v0_2,K1,20261213,145,0.973982685970091
v0_2,K1,20261213,146,0.9708228243767649
v0_2,K1,20261213,147,0.971502629216606
v0_2,K1,20261213,148,0.9723862682856007
v0_2,K1,20261213,149,0.9691129420969125
v0_2,K1,20261213,150,0.9713118849062666
v0_2,K1,20261213,151,0.9698583390502002
v0_2,K1,20261213,152,0.9717154652363745
v0_2,K1,20261213,153,0.9743396905815229
v0_2,K1,20261213,154,0.9698730971595335
v0_2,K1,20261213,155,0.9708259329595551
v0_2,K1,20261213,156,0.9728592102221969
v0_2,K1,20261213,157,0.9687038594965508
v0_2,K1,20261213,158,0.9722433305043783
v0_2,K1,20261213,159,0.9745823277634684
v0_2,K1,20261213,160,0.9687764055753532
v0_2,K1,20261213,161,0.9723788154911642
v0_2,K1,20261213,162,0.9780160572590465
v0_2,K1,20261213,163,0.972286610574027
v0_2,K1,20261213,164,0.9675717226047713
v0_2,K1,20261213,165,0.9696508590754892
v0_2,K1,20261213,166,0.9672517125040992
v0_2,K1,20261213,167,0.971403807866051
v0_2,K1,20261213,168,0.9747661382228701
v0_2,K1,20261213,169,0.9690817394774736
v0_2,K1,20261213,170,0.967940143623043
v0_2,K1,20261213,171,0.9693628507494196
v0_2,K1,20261213,172,0.9660428067629768
v0_2,K1,20261213,173,0.9707976518409218
v0_2,K1,20261213,174,0.9719979719585209
v0_2,K1,20261213,175,0.966058876349108
v0_2,K1,20261213,176,0.9737501457848226
v0_2,K1,20261213,177,0.9834914887661559
v0_2,K1,20261213,178,0.9775278859319048
v0_2,K1,20261213,179,0.9655989950721089
v0_2,K1,20261213,180,0.9776338229350965
v0_2,K1,20261213,181,0.9970278942032683
v0_2,K1,20261213,182,0.9962039686712322
v0_2,K1,20261213,183,0.977548817265694
v0_2,K1,20261213,184,0.9642010292116007
v0_2,K1,20261213,185,0.9738831759777922
v0_2,K1,20261213,186,0.979296200707962
v0_2,K1,20261213,187,0.9709731940149766
v0_2,K1,20261213,188,0.9638324722184788
v0_2,K1,20261213,189,0.9665294738358792
v0_2,K1,20261213,190,0.9643795012872679
v0_2,K1,20261213,191,0.9655952617980363
v0_2,K1,20261213,192,0.9662238108023778
v0_2,K1,20261213,193,0.9628426223301116
v0_2,K1,20261213,194,0.9651098970169861
v0_2,K1,20261213,195,0.9633179978193517
v0_2,K1,20261213,196,0.9651119082352956
v0_2,K1,20261213,197,0.9665473120446942
v0_2,K1,20261213,198,0.9619973335564835
v0_2,K1,20261213,199,0.9696009102886765
v0_2,K1,20261213,200,0.9759124111328208
v0_2,K1,20261213,201,0.9680571784799672
v0_2,K1,20261213,202,0.9610492617665463
v0_2,K1,20261213,203,0.962690035195118
v0_2,K1,20261213,204,0.9603603103865925
v0_2,K1,20261213,205,0.9631686329234111
v0_2,K1,20261213,206,0.9614243092246334
v0_2,K1,20261213,207,0.9615402046466255
v0_2,K1,20261213,208,0.962315796409572
v0_2,K1,20261213,209,0.9589289321461513
v0_2,K1,20261213,210,0.960255894048992
v0_2,K1,20261213,211,0.9582930155038926
v0_2,K1,20261213,212,0.9600135729114071
v0_2,K1,20261213,213,0.9578360992364912
v0_2,K1,20261213,214,0.9637941826493093
v0_2,K1,20261213,215,0.9654749135743572
v0_2,K1,20261213,216,0.9572204657458717
v0_2,K1,20261213,217,0.9683632881245823
v0_2,K1,20261213,218,0.9804720720656971
v0_2,K1,20261213,219,0.970084937886572
v0_2,K1,20261213,220,0.9553807734936973
v0_2,K1,20261213,221,0.9731127302567157
v0_2,K1,20261213,222,0.9891796316299368
v0_2,K1,20261213,223,0.9778025940411407
v0_2,K1,20261213,224,0.9561960385321536
v0_2,K1,20261213,225,0.9715575041394625
v0_2,K1,20261213,226,0.9989171091311853
v0_2,K1,20261213,227,0.9956781689234855
v0_2,K1,20261213,228,0.9678672434787492
v0_2,K1,20261213,229,0.954454455520459
v0_2,K1,20261213,230,0.9613905703337542
v0_2,K1,20261213,231,0.957155062354502
v0_2,K1,20261213,232,0.9541109785931504
v0_2,K1,20261213,233,0.9549333239466913
v0_2,K1,20261213,234,0.9528114094115742
v0_2,K1,20261213,235,0.9522267277596393
v0_2,K1,20261213,236,0.9528740495951472
v0_2,K1,20261213,237,0.9516972730936905
v0_2,K1,20261213,238,0.9511831937105741
v0_2,K1,20261213,239,0.9507525799325627
v0_2,K1,20261213,240,0.9503961235074659
v0_2,K1,20261213,241,0.950682217694245
v0_2,K1,20261213,242,0.9495016542699708
v0_2,K1,20261213,243,0.9492043999541462
v0_2,K1,20261213,244,0.9487723855989241
v0_2,K1,20261213,245,0.9478750978433256
v0_2,K1,20261213,246,0.9477493259612136
v0_2,K1,20261213,247,0.9466777732923268
v0_2,K1,20261213,248,0.9467749669209882
v0_2,K1,20261213,249,0.9452888311186803
v0_2,K1,20261213,250,0.9447422466854242
v0_2,K1,20261213,251,0.9460815206876417
v0_2,K1,20261213,252,0.9433049995655481
v0_2,K1,20261213,253,0.9498766892345086
v0_2,K1,20261213,254,0.9477516693117928
v0_2,K1,20261213,255,0.9422005617000951
v0_2,K1,20261213,256,0.9414016894723487
v0_2,K1,20261213,257,0.9464151860007264
v0_2,K1,20261213,258,0.945180008290279
v0_2,K1,20261213,259,0.9400257392462109
v0_2,K1,20261213,260,0.9392641673997475
v0_2,K1,20261213,261,0.9442263699022325
v0_2,K1,20261213,262,0.9426291124917937
v0_2,K1,20261213,263,0.9385463353939736
v0_2,K1,20261213,264,0.9377624578523344
v0_2,K1,20261213,265,0.9418268481029355
v0_2,K1,20261213,266,0.9407468669745372
v0_2,K1,20261213,267,0.9366686581783188
v0_2,K1,20261213,268,0.935837574033098
v0_2,K1,20261213,269,0.9407402468642466
v0_2,K1,20261213,270,0.9395783452372632
v0_2,K1,20261213,271,0.9348859514303102
v0_2,K1,20261213,272,0.934172625009124
v0_2,K1,20261213,273,0.9391978565062159
v0_2,K1,20261213,274,0.9379688114432879
v0_2,K1,20261213,275,0.9333528885338715
v0_2,K1,20261213,276,0.9326052252230213
v0_2,K1,20261213,277,0.9379403441893057
v0_2,K1,20261213,278,0.9368971396990314
v0_2,K1,20261213,279,0.9315790662476946
v0_2,K1,20261213,280,0.9308892798183945
v0_2,K1,20261213,281,0.9368594097193939
v0_2,K1,20261213,282,0.9355909767393108
v0_2,K1,20261213,283,0.9300176489947225
v0_2,K1,20261213,284,0.9293485615186182
v0_2,K1,20261213,285,0.9353658998075405
v0_2,K1,20261213,286,0.9341786767621824
v0_2,K1,20261213,287,0.9283737925002064
v0_2,K1,20261213,288,0.9276999211747615
v0_2,K1,20261213,289,0.9340818103384916
v0_2,K1,20261213,290,0.9328331010530534
v0_2,K1,20261213,291,0.9267106224556815
v0_2,K1,20261213,292,0.9260590223520433
v0_2,K1,20261213,293,0.9325252061930255
v0_2,K1,20261213,294,0.931205098306557
v0_2,K1,20261213,295,0.9250825066298051
v0_2,K1,20261213,296,0.924415008966938
v0_2,K1,20261213,297,0.9309213433974308
v0_2,K1,20261213,298,0.929652907999173
v0_2,K1,20261213,299,0.9233668514228212
v0_2,K1,20261213,300,0.922704582620258
v0_2,K1,20261213,301,0.9293267332384844
v0_2,K1,20261213,302,0.9279744290751654
v0_2,K1,20261213,303,0.9216864132349981
v0_2,K1,20261213,304,0.9210200624313418
v0_2,K1,20261213,305,0.927572552285492
v0_2,K1,20261213,306,0.9262530441264337
v0_2,K1,20261213,307,0.9199698179289602
v0_2,K1,20261213,308,0.9192967583898309
v0_2,K1,20261213,309,0.9258902244371093
v0_2,K1,20261213,310,0.9245541659872256
v0_2,K1,20261213,311,0.9182473772126437
v0_2,K1,20261213,312,0.9175781500950336
v0_2,K1,20261213,313,0.9241181677698501
v0_2,K1,20261213,314,0.9227627361828378
v0_2,K1,20261213,315,0.9165460969947762
v0_2,K1,20261213,316,0.9158712255650929
v0_2,K1,20261213,317,0.9223210381598889
v0_2,K1,20261213,318,0.9209865669921392
v0_2,K1,20261213,319,0.9148349484798945
v0_2,K1,20261213,320,0.9141592363694409
v0_2,K1,20261213,321,0.9205390470675462
v0_2,K1,20261213,322,0.9191929233572605
v0_2,K1,20261213,323,0.913146853990976
v0_2,K1,20261213,324,0.9124717767779156
v0_2,K1,20261213,325,0.9187031216481899
v0_2,K1,20261213,326,0.9173636921939725
v0_2,K1,20261213,327,0.9114810200917783
v0_2,K1,20261213,328,0.9108019031740947
v0_2,K1,20261213,329,0.9168794706522493
v0_2,K1,20261213,330,0.9155586755309497
v0_2,K1,20261213,331,0.9098266364780011
v0_2,K1,20261213,332,0.909146537025292
v0_2,K1,20261213,333,0.915072574749777
v0_2,K1,20261213,334,0.9137590209170179
v0_2,K1,20261213,335,0.9081982792876359
v0_2,K1,20261213,336,0.9075175239794578
v0_2,K1,20261213,337,0.9132608752436958
v0_2,K1,20261213,338,0.9119632316246213
v0_2,K1,20261213,339,0.9065925825473787
v0_2,K1,20261213,340,0.9059089561690606
v0_2,K1,20261213,341,0.9114744007468287
v0_2,K1,20261213,342,0.9101973636244954
v0_2,K1,20261213,343,0.9050017980879176
v0_2,K1,20261213,344,0.904316649572911
v0_2,K1,20261213,345,0.9097144702809516
v0_2,K1,20261213,346,0.9084523972734683
v0_2,K1,20261213,347,0.9034302421736622
v0_2,K1,20261213,348,0.9027442071894373
v0_2,K1,20261213,349,0.9079661973278396
v0_2,K1,20261213,350,0.9067201172366365
v0_2,K1,20261213,351,0.9018766375425499
v0_2,K1,20261213,352,0.9011885363049658
v0_2,K1,20261213,353,0.906236159877184
v0_2,K1,20261213,354,0.9050082941312131
v0_2,K1,20261213,355,0.90033523007466
v0_2,K1,20261213,356,0.8996451477516483
v0_2,K1,20261213,357,0.9045263915653752
v0_2,K1,20261213,358,0.9033143107203555
v0_2,K1,20261213,359,0.8988057526935127
v0_2,K1,20261213,360,0.8981141846603504
v0_2,K1,20261213,361,0.9028279497795969
v0_2,K1,20261213,362,0.9016304379496063
v0_2,K1,20261213,363,0.8972883131299558
v0_2,K1,20261213,364,0.8965947356665118
v0_2,K1,20261213,365,0.9011390533276811
v0_2,K1,20261213,366,0.8999571017343913
v0_2,K1,20261213,367,0.8957797415402561
v0_2,K1,20261213,368,0.8950836906247702
v0_2,K1,20261213,369,0.8994620992591272
v0_2,K1,20261213,370,0.8982954364064923
v0_2,K1,20261213,371,0.8942778790089435
v0_2,K1,20261213,372,0.8935794716675077
v0_2,K1,20261213,373,0.8977947835931587
v0_2,K1,20261213,374,0.8966423731272251
v0_2,K1,20261213,375,0.8927823482599309
v0_2,K1,20261213,376,0.8920815373860553
v0_2,K1,20261213,377,0.8961342732435855
v0_2,K1,20261213,378,0.8949960063434467
v0_2,K1,20261213,379,0.891291858827549
v0_2,K1,20261213,380,0.8905883323974286
v0_2,K1,20261213,381,0.894480864786422
v0_2,K1,20261213,382,0.8933568598949215
v0_2,K1,20261213,383,0.8898043787943928
v0_2,K1,20261213,384,0.8890980262089504
v0_2,K1,20261213,385,0.8928347260343927
v0_2,K1,20261213,386,0.8917245043290242
v0_2,K1,20261213,387,0.8883186667195804
v0_2,K1,20261213,388,0.8876095641691258
v0_2,K1,20261213,389,0.891194308461193
v0_2,K1,20261213,390,0.8900972810145821
v0_2,K1,20261213,391,0.8868339469355907
v0_2,K1,20261213,392,0.8861220831901546
v0_2,K1,20261213,393,0.8895582870408192
v0_2,K1,20261213,394,0.8884741512463785
v0_2,K1,20261213,395,0.8853490586465402
v0_2,K1,20261213,396,0.884634358685163
v0_2,K1,20261213,397,0.8879262355577673
v0_2,K1,20261213,398,0.8868546945903448
v0_2,K1,20261213,399,0.8838626935907168
v0_2,K1,20261213,400,0.883145167093854
v0_2,K1,20261213,401,0.8862975457516096
v0_2,K1,20261213,402,0.8852381192978455
v0_2,K1,20261213,403,0.8823738587251616
v0_2,K1,20261213,404,0.8816535784359447
v0_2,K1,20261213,405,0.8846711135611628
v0_2,K1,20261213,406,0.8836233007852563
v0_2,K1,20261213,407,0.8808817270259809
v0_2,K1,20261213,408,0.8801587398200273
v0_2,K1,20261213,409,0.8830459472082058
v0_2,K1,20261213,410,0.8820093408302434
v0_2,K1,20261213,411,0.8793853597189959
v0_2,K1,20261213,412,0.8786596922394849
v0_2,K1,20261213,413,0.8814213790309015
v0_2,K1,20261213,414,0.8803955882070978
v0_2,K1,20261213,415,0.8778837652802084
v0_2,K1,20261213,416,0.8771554749751009
v0_2,K1,20261213,417,0.8797967524853249
v0_2,K1,20261213,418,0.8787813333414904
v0_2,K1,20261213,419,0.8763760621075437
v0_2,K1,20261213,420,0.8756452409259757
v0_2,K1,20261213,421,0.8781712618359594
v0_2,K1,20261213,422,0.8771657494638498
v0_2,K1,20261213,423,0.8748614693998513
v0_2,K1,20261213,424,0.8741282148051044
v0_2,K1,20261213,425,0.8765440922856995
v0_2,K1,20261213,426,0.8755480450308926
v0_2,K1,20261213,427,0.8733392131369386
v0_2,K1,20261213,428,0.8726036194638955
v0_2,K1,20261213,429,0.8749145300849241
v0_2,K1,20261213,430,0.8739275215617696
v0_2,K1,20261213,431,0.871808513694048
v0_2,K1,20261213,432,0.871070686334297
v0_2,K1,20261213,433,0.873281901973489
v0_2,K1,20261213,434,0.8723034953602565
v0_2,K1,20261213,435,0.8702686412916897
v0_2,K1,20261213,436,0.8695287038714045
v0_2,K1,20261213,437,0.871645495151967
v0_2,K1,20261213,438,0.8706752442318395
v0_2,K1,20261213,439,0.8687189380053029
v0_2,K1,20261213,440,0.8679770234464032
v0_2,K1,20261213,441,0.8700045759012176
v0_2,K1,20261213,442,0.8690420440394377
v0_2,K1,20261213,443,0.8671587877513429
v0_2,K1,20261213,444,0.8664150293739917
v0_2,K1,20261213,445,0.868358447518316
v0_2,K1,20261213,446,0.8674032148845027
v0_2,K1,20261213,447,0.8655875930230769
v0_2,K1,20261213,448,0.8648421261318776
v0_2,K1,20261213,449,0.8667064580248811
v0_2,K1,20261213,450,0.8657581142202744
v0_2,K1,20261213,451,0.8640047865107914
v0_2,K1,20261213,452,0.8632577529966077
v0_2,K1,20261213,453,0.865047969524157
v0_2,K1,20261213,454,0.8641061091826101
v0_2,K1,20261213,455,0.8624098476600761
v0_2,K1,20261213,456,0.8616613949963469
v0_2,K1,20261213,457,0.8633823471049629
v0_2,K1,20261213,458,0.8624465746169554
v0_2,K1,20261213,459,0.8608022991671015
v0_2,K1,20261213,460,0.8600525762396588
v0_2,K1,20261213,461,0.8617089745646992
v0_2,K1,20261213,462,0.8607789090660599
v0_2,K1,20261213,463,0.8591816956773387
v0_2,K1,20261213,464,0.8584308511526869
v0_2,K1,20261213,465,0.8600272651035563
v0_2,K1,20261213,466,0.8591025402341218
v0_2,K1,20261213,467,0.8575476221572487
v0_2,K1,20261213,468,0.8567958053245814
v0_2,K1,20261213,469,0.8583366554587196
v0_2,K1,20261213,470,0.8574169175008336
v0_2,K1,20261213,471,0.8558996992169833
v0_2,K1,20261213,472,0.8551470601229715
v0_2,K1,20261213,473,0.8566365980022314
v0_2,K1,20261213,474,0.855721506296888
v0_2,K1,20261213,475,0.8542375852054044
v0_2,K1,20261213,476,0.853484273205116
v0_2,K1,20261213,477,0.8549265611629815
v0_2,K1,20261213,478,0.854015790200289
v0_2,K1,20261213,479,0.8525609732670436
v0_2,K1,20261213,480,0.8518071353438719
v0_2,K1,20261213,481,0.8532060344447985
v0_2,K1,20261213,482,0.8522992754509506
v0_2,K1,20261213,483,0.8508695878358506
v0_2,K1,20261213,484,0.8501153677327428
v0_2,K1,20261213,485,0.8514745312246179
v0_2,K1,20261213,486,0.8505714925160448
v0_2,K1,20261213,487,0.8491631836320528
v0_2,K1,20261213,488,0.8484087216162132
v0_2,K1,20261213,489,0.8497315878371
v0_2,K1,20261213,490,0.8488319947416625
v0_2,K1,20261213,491,0.8474415463523636
v0_2,K1,20261213,492,0.8466869788981843
v0_2,K1,20261213,493,0.8479767621030082
v0_2,K1,20261213,494,0.8470803573747124
v0_2,K1,20261213,495,0.8457044926728963
v0_2,K1,20261213,496,0.8449499517900824
v0_2,K1,20261213,497,0.8462096340311446
v0_2,K1,20261213,498,0.8453161787047624
v0_2,K1,20261213,499,0.8439518689153735
v0_2,K1,20261213,500,0.8431974814904363
v0_2,K1,20261213,501,0.8444298079058765
v0_2,K1,20261213,502,0.843539081951349
v0_2,K1,20261213,503,0.8421835497483815
v0_2,K1,20261213,504,0.8414294372327364
v0_2,K1,20261213,505,0.8426369136818274
v0_2,K1,20261213,506,0.8417487162688773
v0_2,K1,20261213,507,0.8403994378677473
v0_2,K1,20261213,508,0.8396457162047576
v0_2,K1,20261213,509,0.8408306074785658
v0_2,K1,20261213,510,0.8399447571794977
v0_2,K1,20261213,511,0.838599464172837
v0_2,K1,20261213,512,0.8378462437473125
v0_2,K1,20261213,513,0.8390105723326267
v0_2,K1,20261213,514,0.8381269074809051
v0_2,K1,20261213,515,0.8367835877883092
v0_2,K1,20261213,516,0.8360309733803556
v0_2,K1,20261213,517,0.8371765197569367
v0_2,K1,20261213,518,0.836294898888257
v0_2,K1,20261213,519,0.8349517959226258
v0_2,K1,20261213,520,0.8341998867692147
v0_2,K1,20261213,521,0.8353281918051463
v0_2,K1,20261213,522,0.8344484940377765
v0_2,K1,20261213,523,0.8331041038807305
v0_2,K1,20261213,524,0.8323529939143411
v0_2,K1,20261213,525,0.8334653631825525
v0_2,K1,20261213,526,0.8325874884745078
v0_2,K1,20261213,527,0.83124055545083
v0_2,K1,20261213,528,0.8304903337074191
v0_2,K1,20261213,529,0.8315878432246621
v0_2,K1,20261213,530,0.8307117125443819
v0_2,K1,20261213,531,0.8293612236399694
v0_2,K1,20261213,532,0.8286119747774291
v0_2,K1,20261213,533,0.829695477914341
v0_2,K1,20261213,534,0.8288210334002233
v0_2,K1,20261213,535,0.8274662115674368
v0_2,K1,20261213,536,0.8267180164563972
v0_2,K1,20261213,537,0.8277881521546984
v0_2,K1,20261213,538,0.8269153572678057
v0_2,K1,20261213,539,0.8255556534153081
v0_2,K1,20261213,540,0.8248085898122234
v0_2,K1,20261213,541,0.825865792258736
v0_2,K1,20261213,542,0.8249946318802899
v0_2,K1,20261213,543,0.8236297154848293
v0_2,K1,20261213,544,0.8228838588020768
v0_2,K1,20261213,545,0.8239283684755061
v0_2,K1,20261213,546,0.8230588489183068
v0_2,K1,20261213,547,0.8216885973930264
v0_2,K1,20261213,548,0.8209440215499433
v0_2,K1,20261213,549,0.8219758974543769
v0_2,K1,20261213,550,0.8211080463897455
v0_2,K1,20261213,551,0.8197325333608362
v0_2,K1,20261213,552,0.8189893116903363
v0_2,K1,20261213,553,0.8200084446275651
v0_2,K1,20261213,554,0.8191423109290462
v0_2,K1,20261213,555,0.8177617935145021
v0_2,K1,20261213,556,0.817019999701466
v0_2,K1,20261213,557,0.8180261264855067
v0_2,K1,20261213,558,0.817161779983647
v0_2,K1,20261213,559,0.815776685130266
v0_2,K1,20261213,560,0.8150363941638882
v0_2,K1,20261213,561,0.8160291126885642
v0_2,K1,20261213,562,0.8151666438185731
v0_2,K1,20261213,563,0.8137775537725317
v0_2,K1,20261213,564,0.813038842898425
v0_2,K1,20261213,565,0.8140176279112052
v0_2,K1,20261213,566,0.8131571472346585
v0_2,K1,20261213,567,0.8117647842920628
v0_2,K1,20261213,568,0.8110277339440344
v0_2,K1,20261213,569,0.8119919533160239
v0_2,K1,20261213,570,0.8111335909056893
v0_2,K1,20261213,571,0.8097388016331533
v0_2,K1,20261213,572,0.8090034963212437
v0_2,K1,20261213,573,0.8099524275899437
v0_2,K1,20261213,574,0.8090963322773441
v0_2,K1,20261213,575,0.8077000713873773
v0_2,K1,20261213,576,0.8069666005151537
v0_2,K1,20261213,577,0.8078994474942632
v0_2,K1,20261213,578,0.8070457859783229
v0_2,K1,20261213,579,0.8056491000346765
v0_2,K1,20261213,580,0.8049175586260051
v0_2,K1,20261213,581,0.8058334678808032
v0_2,K1,20261213,582,0.8049824236938017
v0_2,K1,20261213,583,0.8035864348283822
v0_2,K1,20261213,584,0.8028569241452667
v0_2,K1,20261213,585,0.8037550011231981
v0_2,K1,20261213,586,0.8029067734550211
v0_2,K1,20261213,587,0.8015126632946802
v0_2,K1,20261213,588,0.8007852913293436
v0_2,K1,20261213,589,0.801664615925321
v0_2,K1,20261213,590,0.8008194183089836
v0_2,K1,20261213,591,0.7994284123259368
v0_2,K1,20261213,592,0.7987032941536434
v0_2,K1,20261213,593,0.7995629354882257
v0_2,K1,20261213,594,0.7987209943578393
v0_2,K1,20261213,595,0.7973343468568126
v0_2,K1,20261213,596,0.7966116048370285
v0_2,K1,20261213,597,0.797450635043637
v0_2,K1,20261213,598,0.7966121881823331
v0_2,K1,20261213,599,0.7952311681195949
v0_2,K1,20261213,600,0.7945109319380427
v0_2,K1,20261213,601,0.795328438788301
v0_2,K1,20261213,602,0.7944937336840815
v0_2,K1,20261213,603,0.793119611491532
v0_2,K1,20261213,604,0.7924020180414051
v0_2,K1,20261213,605,0.7931971162638866
v0_2,K1,20261213,606,0.7923664083973824
v0_2,K1,20261213,607,0.791000443957901
v0_2,K1,20261213,608,0.790285637062572
v0_2,K1,20261213,609,0.7910574782522498
v0_2,K1,20261213,610,0.7902310293394627
v0_2,K1,20261213,611,0.7888744612303932
v0_2,K1,20261213,612,0.7881625912144888
v0_2,K1,20261213,613,0.7889103722601769
v0_2,K1,20261213,614,0.7880884484791782
v0_2,K1,20261213,615,0.7867424845672975
v0_2,K1,20261213,616,0.7860337076878122
v0_2,K1,20261213,617,0.7867566776930328
v0_2,K1,20261213,618,0.7859395479197422
v0_2,K1,20261213,619,0.7846053573492745
v0_2,K1,20261213,620,0.7838998351022367
v0_2,K1,20261213,621,0.7845973008128406
v0_2,K1,20261213,622,0.7837852348951012
v0_2,K1,20261213,623,0.7824639414728132
v0_2,K1,20261213,624,0.7817618397924156
v0_2,K1,20261213,625,0.7824331695914186
v0_2,K1,20261213,626,0.7816264366846644
v0_2,K1,20261213,627,0.7803191136219606
v0_2,K1,20261213,628,0.7796206019949014
v0_2,K1,20261213,629,0.7802652285587307
v0_2,K1,20261213,630,0.7794640955458897
v0_2,K1,20261213,631,0.7781717614834481
v0_2,K1,20261213,632,0.7774770119989605
v0_2,K1,20261213,633,0.778094433743479
v0_2,K1,20261213,634,0.7772991637581705
v0_2,K1,20261213,635,0.7760227799647486
v0_2,K1,20261213,636,0.7753319663228941
v0_2,K1,20261213,637,0.775921747795642
v0_2,K1,20261213,638,0.7751325988614707
v0_2,K1,20261213,639,0.7738730674699287
v0_2,K1,20261213,640,0.7731863639730555
v0_2,K1,20261213,641,0.773748135363173
v0_2,K1,20261213,642,0.7729653591589909
v0_2,K1,20261213,643,0.7717235222844729
v0_2,K1,20261213,644,0.7710411028294132
v0_2,K1,20261213,645,0.7715745587818348
v0_2,K1,20261213,646,0.7707983995383615
v0_2,K1,20261213,647,0.769575039107478
v0_2,K1,20261213,648,0.7688970762005023
v0_2,K1,20261213,649,0.7694019741215532
v0_2,K1,20261213,650,0.7686326676473066
v0_2,K1,20261213,651,0.7674285057656463
v0_2,K1,20261213,652,0.7667551695756392
v0_2,K1,20261213,653,0.7672313276095422
v0_2,K1,20261213,654,0.7664691004424365
v0_2,K1,20261213,655,0.7652848001302588
v0_2,K1,20261213,656,0.7646162575961158
v0_2,K1,20261213,657,0.7650635524391224
v0_2,K1,20261213,658,0.7643086211172007
v0_2,K1,20261213,659,0.7631447872550664
v0_2,K1,20261213,660,0.7624812012558174
v0_2,K1,20261213,661,0.7628995659572779
v0_2,K1,20261213,662,0.7621521363956776
v0_2,K1,20261213,663,0.7610093167392994
v0_2,K1,20261213,664,0.7603508453368539
v0_2,K1,20261213,665,0.7607402672063788
v0_2,K1,20261213,666,0.7600005341700874
v0_2,K1,20261213,667,0.7588792203162722
v0_2,K1,20261213,668,0.7582260160759235
v0_2,K1,20261213,669,0.7585865347928257
v0_2,K1,20261213,670,0.7578546814504152
v0_2,K1,20261213,671,0.7567553096637322
v0_2,K1,20261213,672,0.7561075190535437
v0_2,K1,20261213,673,0.7564392250412391
v0_2,K1,20261213,674,0.7557154225880797
v0_2,K1,20261213,675,0.7546383744258772
v0_2,K1,20261213,676,0.7539961372959533
v0_2,K1,20261213,677,0.7542991703932947
v0_2,K1,20261213,678,0.75358357773083
v0_2,K1,20261213,679,0.7525291804360541
v0_2,K1,20261213,680,0.7518926295745331
v0_2,K1,20261213,681,0.7521671780084542
v0_2,K1,20261213,682,0.7514599414693247
v0_2,K1,20261213,683,0.750428468127444
v0_2,K1,20261213,684,0.7497977288908846
v0_2,K1,20261213,685,0.7500440285263434
v0_2,K1,20261213,686,0.7493452816370845
v0_2,K1,20261213,687,0.7483369511216855
v0_2,K1,20261213,688,0.7477121411342427
v0_2,K1,20261213,689,0.7479304749555549
v0_2,K1,20261213,690,0.7472403382306713
v0_2,K1,20261213,691,0.7462553149854725
v0_2,K1,20261213,692,0.7456365439017385
v0_2,K1,20261213,693,0.7458272416604906
v0_2,K1,20261213,694,0.7451458224257221
v0_2,K1,20261213,695,0.7441842161476371
v0_2,K1,20261213,696,0.7435715854734729
v0_2,K1,20261213,697,0.7437350234275969
v0_2,K1,20261213,698,0.7430624156722974
v0_2,K1,20261213,699,0.7421242809745194
v0_2,K1,20261213,700,0.7415178839425172
v0_2,K1,20261213,701,0.7416544845996667
v0_2,K1,20261213,702,0.7409907688599353
v0_2,K1,20261213,703,0.74007610500271
v0_2,K1,20261213,704,0.7394760264957613
v0_2,K1,20261213,705,0.7395862582786502
v0_2,K1,20261213,706,0.738931501557429
v0_2,K1,20261213,707,0.7380402523349682
v0_2,K1,20261213,708,0.7374465688545714
v0_2,K1,20261213,709,0.7375309456037793
v0_2,K1,20261213,710,0.7368852013336366
v0_2,K1,20261213,711,0.7360172552011907
v0_2,K1,20261213,712,0.7354300348794844
v0_2,K1,20261213,713,0.7354891151222046
v0_2,K1,20261213,714,0.7348524231790996
v0_2,K1,20261213,715,0.7340076136996343
v0_2,K1,20261213,716,0.7334269163505309
v0_2,K1,20261213,717,0.7334613022719368
v0_2,K1,20261213,718,0.7328336890488324
v0_2,K1,20261213,719,0.7320117957219525
v0_2,K1,20261213,720,0.7314376729332361
v0_2,K1,20261213,721,0.7314480090048986
v0_2,K1,20261213,722,0.7308294875523936
v0_2,K1,20261213,723,0.7300302370767054
v0_2,K1,20261213,724,0.7294627323395237
v0_2,K1,20261213,725,0.7294497035745189
v0_2,K1,20261213,726,0.7288402738174575
v0_2,K1,20261213,727,0.7280633418182345
v0_2,K1,20261213,728,0.7275024906965635
v0_2,K1,20261213,729,0.7274668205177557
v0_2,K1,20261213,730,0.7268664695529065
v0_2,K1,20261213,731,0.7261114827878531
v0_2,K1,20261213,732,0.7255573131264083
v0_2,K1,20261213,733,0.7254997608527403
v0_2,K1,20261213,734,0.7249084633324775
v0_2,K1,20261213,735,0.7241750023720112
v0_2,K1,20261213,736,0.7236275345444274
v0_2,K1,20261213,737,0.723548892513897
v0_2,K1,20261213,738,0.7229666111165085
v0_2,K1,20261213,739,0.7222542134774452
v0_2,K1,20261213,740,0.7217134606726554
v0_2,K1,20261213,741,0.7216145510362998
v0_2,K1,20261213,742,0.7210412370246806
v0_2,K1,20261213,743,0.7203494007179728
v0_2,K1,20261213,744,0.7198153692665161
v0_2,K1,20261213,745,0.719697040495708
v0_2,K1,20261213,746,0.719132634360371
v0_2,K1,20261213,747,0.7184608218061901
v0_2,K1,20261213,748,0.7179335115429583
v0_2,K1,20261213,749,0.7177966347064574
v0_2,K1,20261213,750,0.7172410668871769
v0_2,K1,20261213,751,0.7165887091351366
v0_2,K1,20261213,752,0.7160681137997027
v0_2,K1,20261213,753,0.7159135786651661
v0_2,K1,20261213,754,0.7153667703462954
v0_2,K1,20261213,755,0.714733271534256
v0_2,K1,20261213,756,0.7142193792039807
v0_2,K1,20261213,757,0.7140480902281562
v0_2,K1,20261213,758,0.713509954195913
v0_2,K1,20261213,759,0.7128946961792034
v0_2,K1,20261213,760,0.7123874897328525
v0_2,K1,20261213,761,0.712200362000743
v0_2,K1,20261213,762,0.7116708035549542
v0_2,K1,20261213,763,0.7110731506305069
v0_2,K1,20261213,764,0.710572608239978
v0_2,K1,20261213,765,0.7103705634131245
v0_2,K1,20261213,766,0.7098494813208849
v0_2,K1,20261213,767,0.7092687849793088
v0_2,K1,20261213,768,0.7087748806241496
v0_2,K1,20261213,769,0.7085588429542362
v0_2,K1,20261213,770,0.7080461304332113
v0_2,K1,20261213,771,0.7074817340715848
v0_2,K1,20261213,772,0.7069944380722052
v0_2,K1,20261213,773,0.7067653305308308
v0_2,K1,20261213,774,0.7062608762530004
v0_2,K1,20261213,775,0.7057121197853374
v0_2,K1,20261213,776,0.7052313993515057
v0_2,K1,20261213,777,0.7049901399215247
v0_2,K1,20261213,778,0.7044938290240867
v0_2,K1,20261213,779,0.7039600533356376
v0_2,K1,20261213,780,0.7034858731237665
v0_2,K1,20261213,781,0.7032333712924622
v0_2,K1,20261213,782,0.7027450863859913
v0_2,K1,20261213,783,0.7022256375825646
v0_2,K1,20261213,784,0.7017579602595639
v0_2,K1,20261213,785,0.7014951137444891
v0_2,K1,20261213,786,0.7010147359077414
v0_2,K1,20261213,787,0.7005089693186617
v0_2,K1,20261213,788,0.7000477561261874
v0_2,K1,20261213,789,0.6997754478611257
v0_2,K1,20261213,790,0.6993028576151114
v0_2,K1,20261213,791,0.6988101415157035
v0_2,K1,20261213,792,0.6983553528316686
v0_2,K1,20261213,793,0.6980744482334822
v0_2,K1,20261213,794,0.6976095264842886
v0_2,K1,20261213,795,0.6971292455109162
v0_2,K1,20261213,796,0.6966808414036272
v0_2,K1,20261213,797,0.6963921859331021
v0_2,K1,20261213,798,0.6959348148795618
v0_2,K1,20261213,799,0.6954663731164066
v0_2,K1,20261213,800,0.6950243138895398
v0_2,K1,20261213,801,0.6947287309160073
v0_2,K1,20261213,802,0.6942787949133785
v0_2,K1,20261213,803,0.6938216186384507
v0_2,K1,20261213,804,0.6933858653602258
v0_2,K1,20261213,805,0.693084154335084
v0_2,K1,20261213,806,0.6926415407105935
v0_2,K1,20261213,807,0.6921950807910364
v0_2,K1,20261213,808,0.6917655958086381
v0_2,K1,20261213,809,0.6914585307440496
v0_2,K1,20261213,810,0.6910231305611033
v0_2,K1,20261213,811,0.6905868644976223
v0_2,K1,20261213,812,0.6901636119315779
v0_2,K1,20261213,813,0.6898519401801475
v0_2,K1,20261213,814,0.6894236489476276
v0_2,K1,20261213,815,0.6889970825697987
v0_2,K1,20261213,816,0.6885800287854567
v0_2,K1,20261213,817,0.6882644701125352
v0_2,K1,20261213,818,0.6878431884355487
v0_2,K1,20261213,819,0.6874258572566988
v0_2,K1,20261213,820,0.6870149713132745
v0_2,K1,20261213,821,0.6866962172457791
v0_2,K1,20261213,822,0.6862818514161908
v0_2,K1,20261213,823,0.6858733216609258
v0_2,K1,20261213,824,0.6854685757328692
v0_2,K1,20261213,825,0.6851472891677625
v0_2,K1,20261213,826,0.6847397516954868
v0_2,K1,20261213,827,0.6843396210146305
v0_2,K1,20261213,828,0.6839409907849535
v0_2,K1,20261213,829,0.6836178058398047
v0_2,K1,20261213,830,0.6832170159202907
v0_2,K1,20261213,831,0.6828249138141573
v0_2,K1,20261213,832,0.6824323788374065
v0_2,K1,20261213,833,0.6821079009176367
v0_2,K1,20261213,834,0.6817137848397246
v0_2,K1,20261213,835,0.6813293728077862
v0_2,K1,20261213,836,0.680942916840035
v0_2,K1,20261213,837,0.6806177229024443
v0_2,K1,20261213,838,0.680230214392305
v0_2,K1,20261213,839,0.6798531858325721
v0_2,K1,20261213,840,0.679472797125974
v0_2,K1,20261213,841,0.6791474361139083
v0_2,K1,20261213,842,0.6787664766173851
v0_2,K1,20261213,843,0.6783965564954685
v0_2,K1,20261213,844,0.6780222280547896
v0_2,K1,20261213,845,0.6776972214802257
v0_2,K1,20261213,846,0.6773227603823929
v0_2,K1,20261213,847,0.6769597046911923
v0_2,K1,20261213,848,0.6765914344884865
v0_2,K1,20261213,849,0.6762672771393425
v0_2,K1,20261213,850,0.6758992719188103
v0_2,K1,20261213,851,0.6755428669458263
v0_2,K1,20261213,852,0.675180658090912
v0_2,K1,20261213,853,0.6748578188378984
v0_2,K1,20261213,854,0.6744962351556333
v0_2,K1,20261213,855,0.6741462965772942
v0_2,K1,20261213,856,0.6737901574359284
v0_2,K1,20261213,857,0.6734690801165549
v0_2,K1,20261213,858,0.673113891835698
v0_2,K1,20261213,859,0.6727702636528441
v0_2,K1,20261213,860,0.6724202079110625
v0_2,K1,20261213,861,0.6721013122648734
v0_2,K1,20261213,862,0.6717525013971336
v0_2,K1,20261213,863,0.6714150547254681
v0_2,K1,20261213,864,0.6710711013913131
v0_2,K1,20261213,865,0.6707547840234895
v0_2,K1,20261213,866,0.6704123405973399
v0_2,K1,20261213,867,0.6700809723272129
v0_2,K1,20261213,868,0.6697431456612433
v0_2,K1,20261213,869,0.6694297810074002
v0_2,K1,20261213,870,0.6690937028521288
v0_2,K1,20261213,871,0.6687683341853389
v0_2,K1,20261213,872,0.6684366635542135
v0_2,K1,20261213,873,0.6681266048216471
v0_2,K1,20261213,874,0.6677968972588825
v0_2,K1,20261213,875,0.667477472130108
v0_2,K1,20261213,876,0.6671519917679459
v0_2,K1,20261213,877,0.6668455718288625
v0_2,K1,20261213,878,0.6665222472632506
v0_2,K1,20261213,879,0.6662087306504636
v0_2,K1,20261213,880,0.665889479320309
v0_2,K1,20261213,881,0.6655870115296663
v0_2,K1,20261213,882,0.6652700889257128
v0_2,K1,20261213,883,0.6649624650492649
v0_2,K1,20261213,884,0.6646494855874656
v0_2,K1,20261213,885,0.6643512645019055
v0_2,K1,20261213,886,0.6640407687354554
v0_2,K1,20261213,887,0.6637390391431287
v0_2,K1,20261213,888,0.663432377873391
v0_2,K1,20261213,889,0.6631386798417369
v0_2,K1,20261213,890,0.6628346409103405
v0_2,K1,20261213,891,0.6625388224439852
v0_2,K1,20261213,892,0.6622385284425568
v0_2,K1,20261213,893,0.6619496120422153
v0_2,K1,20261213,894,0.6616520641171652
v0_2,K1,20261213,895,0.6613621867522101
v0_2,K1,20261213,896,0.6610683109460228
v0_2,K1,20261213,897,0.6607844172362545
v0_2,K1,20261213,898,0.6604933975393794
v0_2,K1,20261213,899,0.6602095020857266
v0_2,K1,20261213,900,0.6599220961625896
v0_2,K1,20261213,901,0.6596434487285194
v0_2,K1,20261213,902,0.659358996212416
v0_2,K1,20261213,903,0.6590811318648021
v0_2,K1,20261213,904,0.6588002469745287
v0_2,K1,20261213,905,0.6585270517326859
v0_2,K1,20261213,906,0.6582492055451865
v0_2,K1,20261213,907,0.6579774272652803
v0_2,K1,20261213,908,0.6577031124921319
v0_2,K1,20261213,909,0.6574355572330661
v0_2,K1,20261213,910,0.6571643549443911
v0_2,K1,20261213,911,0.6568987206597036
v0_2,K1,20261213,912,0.6566310212423422
v0_2,K1,20261213,913,0.6563692748861216
v0_2,K1,20261213,914,0.656104750460323
v0_2,K1,20261213,915,0.6558453180639281
v0_2,K1,20261213,916,0.6555842733465056
v0_2,K1,20261213,917,0.6553284476119493
v0_2,K1,20261213,918,0.6550705535040815
v0_2,K1,20261213,919,0.6548173216976504
v0_2,K1,20261213,920,0.6545625200209121
v0_2,K1,20261213,921,0.6543123131472722
v0_2,K1,20261213,922,0.6540621836849966
v0_2,K1,20261213,923,0.6538150368675373
v0_2,K1,20261213,924,0.6535718739056201
v0_2,K1,20261213,925,0.6533282029513947
v0_2,K1,20261213,926,0.6530930553554377
v0_2,K1,20261213,927,0.6528535898038043
v0_2,K1,20261213,928,0.6526265280285414
v0_2,K1,20261213,929,0.6523925609160331
v0_2,K1,20261213,930,0.6521728894863864
v0_2,K1,20261213,931,0.6519459437986133
v0_2,K1,20261213,932,0.6517323979312173
v0_2,K1,20261213,933,0.6515140891050957
v0_2,K1,20261213,934,0.6513055082295667
v0_2,K1,20261213,935,0.6510967897098738
v0_2,K1,20261213,936,0.6508927181392353
v0_2,K1,20261213,937,0.6506933454855744
v0_2,K1,20261213,938,0.6504946110556301
v0_2,K1,20261213,939,0.6503030813642716
v0_2,K1,20261213,940,0.6501112730164448
v0_2,K1,20261213,941,0.6499257160991071
v0_2,K1,20261213,942,0.6497420279709728
v0_2,K1,20261213,943,0.6495616353910422
v0_2,K1,20261213,944,0.6493857213804338
v0_2,K1,20261213,945,0.6492111752356358
v0_2,K1,20261213,946,0.6490415094075449
v0_2,K1,20261213,947,0.6488739008668717
v0_2,K1,20261213,948,0.648709448216184
v0_2,K1,20261213,949,0.6485486618754168
v0_2,K1,20261213,950,0.6483897679265624
v0_2,K1,20261213,951,0.6482346031026517
v0_2,K1,20261213,952,0.6480819280234341
v0_2,K1,20261213,953,0.6479317458505935
v0_2,K1,20261213,954,0.6477848490073226
v0_2,K1,20261213,955,0.6476400425135096
v0_2,K1,20261213,956,0.6474980032372124
v0_2,K1,20261213,957,0.6473586699569563
v0_2,K1,20261213,958,0.6472214084635532
v0_2,K1,20261213,959,0.6470868324880117
v0_2,K1,20261213,960,0.6469545613127442
v0_2,K1,20261213,961,0.6468243630532247
v0_2,K1,20261213,962,0.6466966189522619
v0_2,K1,20261213,963,0.6465709362554937
v0_2,K1,20261213,964,0.6464472617989409
v0_2,K1,20261213,965,0.646325793072907
v0_2,K1,20261213,966,0.646206210655111
v0_2,K1,20261213,967,0.6460885095720771
v0_2,K1,20261213,968,0.6459727871485085
v0_2,K1,20261213,969,0.6458588025652687
v0_2,K1,20261213,970,0.6457465452433981
v0_2,K1,20261213,971,0.6456360616681575
v0_2,K1,20261213,972,0.6455271698539508
v0_2,K1,20261213,973,0.6454198386641855
v0_2,K1,20261213,974,0.6453140914652101
v0_2,K1,20261213,975,0.6452097917214935
v0_2,K1,20261213,976,0.6451068873073855
v0_2,K1,20261213,977,0.645005385977166
v0_2,K1,20261213,978,0.6449051851039588
v0_2,K1,20261213,979,0.6448062171214667
v0_2,K1,20261213,980,0.6447084769007653
v0_2,K1,20261213,981,0.6446118895568037
v0_2,K1,20261213,982,0.6445163798038782
v0_2,K1,20261213,983,0.6444219277736375
v0_2,K1,20261213,984,0.6443284782101943
v0_2,K1,20261213,985,0.6442359555815479
v0_2,K1,20261213,986,0.644144325806312
v0_2,K1,20261213,987,0.6440535464257422
v0_2,K1,20261213,988,0.6439635481825806
v0_2,K1,20261213,989,0.6438742848568484
v0_2,K1,20261213,990,0.6437857185722105
v0_2,K1,20261213,991,0.643697788958368
v0_2,K1,20261213,992,0.6436104423329101
v0_2,K1,20261213,993,0.6435236400179414
v0_2,K1,20261213,994,0.6434373305926377
v0_2,K1,20261213,995,0.6433514582102735
v0_2,K1,20261213,996,0.6432659801150087
v0_2,K1,20261213,997,0.6431808506073503
v0_2,K1,20261213,998,0.643096015547015
v0_2,K1,20261213,999,0.6430114282291775
v0_2,K1,20261213,1000,0.6429270455324595
v0_2,K2,20261211,1,1.0014042443587319
v0_2,K2,20261211,2,1.000319532053592
v0_2,K2,20261211,3,0.9984124874272763
v0_2,K2,20261211,4,0.9962099515697947
v0_2,K2,20261211,5,0.9945153536422277
v0_2,K2,20261211,6,0.9942815794963228
v0_2,K2,20261211,7,0.9947302096906236
v0_2,K2,20261211,8,0.9946011837975688
v0_2,K2,20261211,9,0.993450008284629
v0_2,K2,20261211,10,0.9915394447982249
v0_2,K2,20261211,11,0.989644972913529
v0_2,K2,20261211,12,0.9886674909897287
v0_2,K2,20261211,13,0.9879557152127729
v0_2,K2,20261211,14,0.9865559592698356
v0_2,K2,20261211,15,0.984728118191412
v0_2,K2,20261211,16,0.9832223514520774
v0_2,K2,20261211,17,0.9819857871107651
v0_2,K2,20261211,18,0.9807258194927798
v0_2,K2,20261211,19,0.9800459656882748
v0_2,K2,20261211,20,0.9797611329736958
v0_2,K2,20261211,21,0.9799225957853728
v0_2,K2,20261211,22,0.9803272334079924
v0_2,K2,20261211,23,0.9799871986365598
v0_2,K2,20261211,24,0.9795995278159441
v0_2,K2,20261211,25,0.9790311412883053
v0_2,K2,20261211,26,0.9795506727119665
v0_2,K2,20261211,27,0.9798158956976626
v0_2,K2,20261211,28,0.979506156296056
v0_2,K2,20261211,29,0.9793507408297308
v0_2,K2,20261211,30,0.9786740158665473
v0_2,K2,20261211,31,0.9789192796398289
v0_2,K2,20261211,32,0.9791539688601684
v0_2,K2,20261211,33,0.9791117606443395
v0_2,K2,20261211,34,0.9784702740407075
v0_2,K2,20261211,35,0.9781764856604439
v0_2,K2,20261211,36,0.9785778214305834
v0_2,K2,20261211,37,0.978240692161216
v0_2,K2,20261211,38,0.978418373273268
v0_2,K2,20261211,39,0.9774729150329057
v0_2,K2,20261211,40,0.9794016689410117
v0_2,K2,20261211,41,0.9789467643023354
v0_2,K2,20261211,42,0.9776792870812627
v0_2,K2,20261211,43,0.9767916983988667
v0_2,K2,20261211,44,0.9786125208779046
v0_2,K2,20261211,45,0.9779485574349173
v0_2,K2,20261211,46,0.9780996890779216
v0_2,K2,20261211,47,0.9791279776010503
v0_2,K2,20261211,48,0.9757973217910162
v0_2,K2,20261211,49,0.9785364753869628
v0_2,K2,20261211,50,0.9797178260148477
v0_2,K2,20261211,51,0.9757603838625125
v0_2,K2,20261211,52,0.9768734229367556
v0_2,K2,20261211,53,0.9736959886323578
v0_2,K2,20261211,54,0.9783873533177498
v0_2,K2,20261211,55,0.9764028736625833
v0_2,K2,20261211,56,0.9748829099481402
v0_2,K2,20261211,57,0.9759468557355014
v0_2,K2,20261211,58,0.9719229312165971
v0_2,K2,20261211,59,0.9724464494245134
v0_2,K2,20261211,60,0.9712442521564768
v0_2,K2,20261211,61,0.9744217864760019
v0_2,K2,20261211,62,0.9673182144698035
v0_2,K2,20261211,63,0.9683610092328976
v0_2,K2,20261211,64,0.9742924620683897
v0_2,K2,20261211,65,0.9712611815266402
v0_2,K2,20261211,66,0.9678392886467476
v0_2,K2,20261211,67,0.9740756204898833
v0_2,K2,20261211,68,0.9687359230062567
v0_2,K2,20261211,69,0.9622677125074174
v0_2,K2,20261211,70,0.9658285661333881
v0_2,K2,20261211,71,0.9638973363018435
v0_2,K2,20261211,72,0.9617529312769785
v0_2,K2,20261211,73,0.9674353812620781
v0_2,K2,20261211,74,0.9741780089146888
v0_2,K2,20261211,75,0.961774463778746
v0_2,K2,20261211,76,0.967771667037103
v0_2,K2,20261211,77,0.9945818488428539
v0_2,K2,20261211,78,1.0079068836446476
v0_2,K2,20261211,79,0.9975740702553001
v0_2,K2,20261211,80,0.9712252080309393
v0_2,K2,20261211,81,0.9584311645278849
v0_2,K2,20261211,82,0.9680289666881567
v0_2,K2,20261211,83,0.9734202077123477
v0_2,K2,20261211,84,0.9679797486717527
v0_2,K2,20261211,85,0.959322118154962
v0_2,K2,20261211,86,0.955802753182369
v0_2,K2,20261211,87,0.9624914110008369
v0_2,K2,20261211,88,0.9671492940796469
v0_2,K2,20261211,89,0.9494962425241505
v0_2,K2,20261211,90,0.95272016605752
v0_2,K2,20261211,91,0.9574475788203155
v0_2,K2,20261211,92,0.9652300981952924
v0_2,K2,20261211,93,0.9595873111500163
v0_2,K2,20261211,94,0.9565949099785632
v0_2,K2,20261211,95,0.9534918853053513
v0_2,K2,20261211,96,0.951981137536089
v0_2,K2,20261211,97,0.9557518973139014
v0_2,K2,20261211,98,0.9495343632308103
v0_2,K2,20261211,99,0.9403181902478133
v0_2,K2,20261211,100,0.9380499861926838
v0_2,K2,20261211,101,0.9406747295757731
v0_2,K2,20261211,102,0.9334475366380203
v0_2,K2,20261211,103,0.9308344001499148
v0_2,K2,20261211,104,0.9347727871830309
v0_2,K2,20261211,105,0.9441883887338972
v0_2,K2,20261211,106,0.9283398123690295
v0_2,K2,20261211,107,0.9195999536132855
v0_2,K2,20261211,108,0.9176710007145028
v0_2,K2,20261211,109,0.9301019331045502
v0_2,K2,20261211,110,0.9210604454770368
v0_2,K2,20261211,111,0.9135404847005619
v0_2,K2,20261211,112,0.9153359754663555
v0_2,K2,20261211,113,0.9162138090371764
v0_2,K2,20261211,114,0.9143619993053628
v0_2,K2,20261211,115,0.9117616644062554
v0_2,K2,20261211,116,0.9009592452025318
v0_2,K2,20261211,117,0.9051500337389029
v0_2,K2,20261211,118,0.8982136080000028
v0_2,K2,20261211,119,0.8980438476678735
v0_2,K2,20261211,120,0.893501391619538
v0_2,K2,20261211,121,0.895009982179277
v0_2,K2,20261211,122,0.8924215722307749
v0_2,K2,20261211,123,0.887540505585976
v0_2,K2,20261211,124,0.8935819686346186
v0_2,K2,20261211,125,0.8814537151643494
v0_2,K2,20261211,126,0.9107995394409627
v0_2,K2,20261211,127,0.8995510193010413
v0_2,K2,20261211,128,0.9107113788680954
v0_2,K2,20261211,129,0.9403028198199297
v0_2,K2,20261211,130,0.8830639880068453
v0_2,K2,20261211,131,0.9194593864613932
v0_2,K2,20261211,132,0.9374701455050217
v0_2,K2,20261211,133,0.9261530322234536
v0_2,K2,20261211,134,0.9092614826134964
v0_2,K2,20261211,135,0.8823166932459584
v0_2,K2,20261211,136,0.8797588282500787
v0_2,K2,20261211,137,0.8797315905979188
v0_2,K2,20261211,138,0.8820373402173057
v0_2,K2,20261211,139,0.8783809946539902
v0_2,K2,20261211,140,0.8764951714022046
v0_2,K2,20261211,141,0.8697514094007096
v0_2,K2,20261211,142,0.8633650943387183
v0_2,K2,20261211,143,0.853509870198872
v0_2,K2,20261211,144,0.8683269206984886
v0_2,K2,20261211,145,0.8486128847047855
v0_2,K2,20261211,146,0.9635353936318038
v0_2,K2,20261211,147,1.0128350697666826
v0_2,K2,20261211,148,0.9689076090656205
v0_2,K2,20261211,149,0.8832648808736653
v0_2,K2,20261211,150,0.8441554842454702
v0_2,K2,20261211,151,0.9093424580963106
v0_2,K2,20261211,152,0.9249575609606816
v0_2,K2,20261211,153,0.9057084400375783
v0_2,K2,20261211,154,0.8636878723438729
v0_2,K2,20261211,155,0.9710903798693518
v0_2,K2,20261211,156,0.9810727380744139
v0_2,K2,20261211,157,0.9537876538253885
v0_2,K2,20261211,158,0.9326669178710177
v0_2,K2,20261211,159,0.92522116436716
v0_2,K2,20261211,160,0.893740594246595
v0_2,K2,20261211,161,0.8325628629820329
v0_2,K2,20261211,162,0.844815610512855
v0_2,K2,20261211,163,0.8207368284215873
v0_2,K2,20261211,164,0.8485244296758788
v0_2,K2,20261211,165,0.8746797284109529
v0_2,K2,20261211,166,0.8285468899402314
v0_2,K2,20261211,167,0.8669451400650944
v0_2,K2,20261211,168,0.8723310658793351
v0_2,K2,20261211,169,0.8146982033431655
v0_2,K2,20261211,170,0.8278749221966294
v0_2,K2,20261211,171,0.8044070189633187
v0_2,K2,20261211,172,0.7898552944891224
v0_2,K2,20261211,173,0.8614003176217071
v0_2,K2,20261211,174,0.8071867454669267
v0_2,K2,20261211,175,0.9013546589931016
v0_2,K2,20261211,176,0.8725343951440726
v0_2,K2,20261211,177,0.8177922585958182
v0_2,K2,20261211,178,0.7957037253870453
v0_2,K2,20261211,179,0.7893406445182692
v0_2,K2,20261211,180,0.8332034960851379
v0_2,K2,20261211,181,0.7876429590246711
v0_2,K2,20261211,182,0.8062579930428238
v0_2,K2,20261211,183,0.7869811153527249
v0_2,K2,20261211,184,0.7841428666975591
v0_2,K2,20261211,185,0.7550322454554365
v0_2,K2,20261211,186,0.7402899316552526
v0_2,K2,20261211,187,0.8077705428296836
v0_2,K2,20261211,188,0.8217856942078959
v0_2,K2,20261211,189,0.7466607854052572
v0_2,K2,20261211,190,0.8654431572963059
v0_2,K2,20261211,191,0.8085213146752446
v0_2,K2,20261211,192,0.7581302126498584
v0_2,K2,20261211,193,0.7328434106379781
v0_2,K2,20261211,194,0.7057262476653706
v0_2,K2,20261211,195,0.7605150041271522
v0_2,K2,20261211,196,0.7669102308437152
v0_2,K2,20261211,197,0.6831018981134073
v0_2,K2,20261211,198,0.8279399770139064
v0_2,K2,20261211,199,0.8467379016586924
v0_2,K2,20261211,200,0.7841934569951577
v0_2,K2,20261211,201,0.7181555156227336
v0_2,K2,20261211,202,0.7646865230077697
v0_2,K2,20261211,203,0.7260613906943462
v0_2,K2,20261211,204,0.7947439994740487
v0_2,K2,20261211,205,0.8468068427462018
v0_2,K2,20261211,206,0.8661834538952903
v0_2,K2,20261211,207,0.9049879629848531
v0_2,K2,20261211,208,0.813713468395221
v0_2,K2,20261211,209,0.8912995808939194
v0_2,K2,20261211,210,0.8954939435630713
v0_2,K2,20261211,211,0.841496384637319
v0_2,K2,20261211,212,0.7761269736996745
v0_2,K2,20261211,213,0.8499047018323891
v0_2,K2,20261211,214,0.7371329885439827
v0_2,K2,20261211,215,0.7912203920938552
v0_2,K2,20261211,216,0.8362913995253999
v0_2,K2,20261211,217,0.7033477366816295
v0_2,K2,20261211,218,0.8226275500726508
v0_2,K2,20261211,219,0.9213071645948774
v0_2,K2,20261211,220,0.8356628050963476
v0_2,K2,20261211,221,0.7180486851008486
v0_2,K2,20261211,222,0.8898781915275703
v0_2,K2,20261211,223,0.936354648516899
v0_2,K2,20261211,224,0.9237765314371088
v0_2,K2,20261211,225,0.9077282926061777
v0_2,K2,20261211,226,0.9097761041887932
v0_2,K2,20261211,227,0.7293575874803861
v0_2,K2,20261211,228,0.8414383469800716
v0_2,K2,20261211,229,0.8046576753481164
v0_2,K2,20261211,230,0.860547562032412
v0_2,K2,20261211,231,0.7910853456922448
v0_2,K2,20261211,232,0.702514700154569
v0_2,K2,20261211,233,0.7648995463692182
v0_2,K2,20261211,234,0.7103868112742505
v0_2,K2,20261211,235,0.7705266544877544
v0_2,K2,20261211,236,0.6920277852401171
v0_2,K2,20261211,237,0.7575905282307268
v0_2,K2,20261211,238,0.7515060533542294
v0_2,K2,20261211,239,0.6327783171150866
v0_2,K2,20261211,240,0.7344627587384609
v0_2,K2,20261211,241,0.7339252606644786
v0_2,K2,20261211,242,0.6946701483047443
v0_2,K2,20261211,243,0.590375969669654
v0_2,K2,20261211,244,0.6509368290184051
v0_2,K2,20261211,245,0.6049437192639048
v0_2,K2,20261211,246,0.5813872109862528
v0_2,K2,20261211,247,0.5836124578571115
v0_2,K2,20261211,248,0.5278244874251589
v0_2,K2,20261211,249,0.5507016743213333
v0_2,K2,20261211,250,0.538864648074686
v0_2,K2,20261211,251,0.49291594275021644
v0_2,K2,20261211,252,0.5709975398781557
v0_2,K2,20261211,253,0.48119504253338596
v0_2,K2,20261211,254,0.8100487697259507
v0_2,K2,20261211,255,0.8582922645529348
v0_2,K2,20261211,256,0.6215611178367373
v0_2,K2,20261211,257,0.736588454655431
v0_2,K2,20261211,258,0.8569027795610207
v0_2,K2,20261211,259,0.7744751481019151
v0_2,K2,20261211,260,0.46057703548942475
v0_2,K2,20261211,261,0.9511765532355707
v0_2,K2,20261211,262,1.0019084171388322
v0_2,K2,20261211,263,1.0016249054541961
v0_2,K2,20261211,264,1.0034429425951406
v0_2,K2,20261211,265,1.0001733477127108
v0_2,K2,20261211,266,0.971695915665072
v0_2,K2,20261211,267,0.8915959749047146
v0_2,K2,20261211,268,1.0034613854822276
v0_2,K2,20261211,269,0.7809103592983467
v0_2,K2,20261211,270,0.8424831798369916
v0_2,K2,20261211,271,0.9158561591736273
v0_2,K2,20261211,272,0.797665206722888
v0_2,K2,20261211,273,0.6505013208561053
v0_2,K2,20261211,274,0.7982525730859668
v0_2,K2,20261211,275,0.8467525035300468
v0_2,K2,20261211,276,0.8927634984806497
v0_2,K2,20261211,277,0.7994570602921166
v0_2,K2,20261211,278,0.49647552733950995
v0_2,K2,20261211,279,0.716230565079728
v0_2,K2,20261211,280,0.8047860560666682
v0_2,K2,20261211,281,0.8197855887838955
v0_2,K2,20261211,282,0.4759080254627711
v0_2,K2,20261211,283,0.7807310620342136
v0_2,K2,20261211,284,0.8952389676926524
v0_2,K2,20261211,285,0.9063826487600063
v0_2,K2,20261211,286,0.8825089034162401
v0_2,K2,20261211,287,1.1461130755461073
v0_2,K2,20261211,288,0.9754315357864385
v0_2,K2,20261211,289,0.7909331588545293
v0_2,K2,20261211,290,0.7711076364497033
v0_2,K2,20261211,291,0.5942922312968107
v0_2,K2,20261211,292,0.5772190503049505
v0_2,K2,20261211,293,0.6410319278100751
v0_2,K2,20261211,294,0.6032212477047135
v0_2,K2,20261211,295,0.49526287944201597
v0_2,K2,20261211,296,0.6797223513392177
v0_2,K2,20261211,297,0.6900843701370291
v0_2,K2,20261211,298,0.9486995222171174
v0_2,K2,20261211,299,1.0141014927832874
v0_2,K2,20261211,300,0.7952499486548023
v0_2,K2,20261211,301,0.8006643336542806
v0_2,K2,20261211,302,0.8564300278145451
v0_2,K2,20261211,303,0.7450632469583911
v0_2,K2,20261211,304,0.8212231291462819
v0_2,K2,20261211,305,0.8327872455370131
v0_2,K2,20261211,306,0.6698208457106134
v0_2,K2,20261211,307,0.7889381611648532
v0_2,K2,20261211,308,0.8225918901286298
v0_2,K2,20261211,309,0.7618768613327923
v0_2,K2,20261211,310,0.8027862538656367
v0_2,K2,20261211,311,0.9458152691309781
v0_2,K2,20261211,312,0.7212648220912817
v0_2,K2,20261211,313,0.7483800768694352
v0_2,K2,20261211,314,0.6918678394502225
v0_2,K2,20261211,315,0.5685880502431379
v0_2,K2,20261211,316,0.5885908001492324
v0_2,K2,20261211,317,0.7577369297296674
v0_2,K2,20261211,318,0.6921976395147222
v0_2,K2,20261211,319,0.714214583275887
v0_2,K2,20261211,320,0.7364308286326302
v0_2,K2,20261211,321,0.6081046861538738
v0_2,K2,20261211,322,0.5820474760054941
v0_2,K2,20261211,323,0.552738231137236
v0_2,K2,20261211,324,0.5588907668779541
v0_2,K2,20261211,325,0.7173699926845133
v0_2,K2,20261211,326,0.7189359336181282
v0_2,K2,20261211,327,0.5229072063049998
v0_2,K2,20261211,328,0.8781980515174787
v0_2,K2,20261211,329,0.8706951398505468
v0_2,K2,20261211,330,0.8438661625024928
v0_2,K2,20261211,331,0.6491816993533578
v0_2,K2,20261211,332,1.4119839972463915
v0_2,K2,20261211,333,1.1977531505335346
v0_2,K2,20261211,334,1.0736015585595462
v0_2,K2,20261211,335,1.1425546846646333
v0_2,K2,20261211,336,1.099332641677692
v0_2,K2,20261211,337,1.0194809588079135
v0_2,K2,20261211,338,0.9657777304348129
v0_2,K2,20261211,339,0.9921109235284123
v0_2,K2,20261211,340,1.0520822952387145
v0_2,K2,20261211,341,1.0741854025477442
v0_2,K2,20261211,342,1.0310335148574676
v0_2,K2,20261211,343,0.9065222283534132
v0_2,K2,20261211,344,0.6285327044069979
v0_2,K2,20261211,345,0.7246188568238782
v0_2,K2,20261211,346,0.8497187907163471
v0_2,K2,20261211,347,0.846238513241925
v0_2,K2,20261211,348,0.7437424969883888
v0_2,K2,20261211,349,0.6584343171664585
v0_2,K2,20261211,350,0.6475778251770326
v0_2,K2,20261211,351,0.6985360517201947
v0_2,K2,20261211,352,0.7101573192939319
v0_2,K2,20261211,353,0.6242020743741648
v0_2,K2,20261211,354,0.4953364386126797
v0_2,K2,20261211,355,0.5955400388537139
v0_2,K2,20261211,356,0.585259315542645
v0_2,K2,20261211,357,0.60615151877517
v0_2,K2,20261211,358,0.5728831785678554
v0_2,K2,20261211,359,0.5914566749112954
v0_2,K2,20261211,360,0.628976869241037
v0_2,K2,20261211,361,0.5425188864642165
v0_2,K2,20261211,362,0.4915588958761403
v0_2,K2,20261211,363,0.5720703317688459
v0_2,K2,20261211,364,0.6045893301742742
v0_2,K2,20261211,365,0.5559774579089635
v0_2,K2,20261211,366,0.485605114434305
v0_2,K2,20261211,367,0.4618129009616616
v0_2,K2,20261211,368,0.46465411475354196
v0_2,K2,20261211,369,0.4337634277172015
v0_2,K2,20261211,370,0.4183313420337721
v0_2,K2,20261211,371,0.4733424620885173
v0_2,K2,20261211,372,0.409912319848087
v0_2,K2,20261211,373,0.591741930355775
v0_2,K2,20261211,374,0.5874201070736655
v0_2,K2,20261211,375,0.4527191004477498
v0_2,K2,20261211,376,0.6296692892447392
v0_2,K2,20261211,377,0.7331032373277571
v0_2,K2,20261211,378,0.5440228031885254
v0_2,K2,20261211,379,0.4292339181738494
v0_2,K2,20261211,380,0.4963719475701103
v0_2,K2,20261211,381,0.38273749405954677
v0_2,K2,20261211,382,0.6068710732442036
v0_2,K2,20261211,383,0.7117104152227706
v0_2,K2,20261211,384,0.5493789205579649
v0_2,K2,20261211,385,0.44616209456183226
v0_2,K2,20261211,386,0.4773244819370534
v0_2,K2,20261211,387,0.4136889236968089
v0_2,K2,20261211,388,0.5264402129322311
v0_2,K2,20261211,389,0.6194798574611127
v0_2,K2,20261211,390,0.44139259196925995
v0_2,K2,20261211,391,0.48507678858637104
v0_2,K2,20261211,392,0.5301257368632063
v0_2,K2,20261211,393,0.4715093036505265
v0_2,K2,20261211,394,0.4083351284709679
v0_2,K2,20261211,395,0.46647359311217107
v0_2,K2,20261211,396,0.3523807959145322
v0_2,K2,20261211,397,0.5372474403583549
v0_2,K2,20261211,398,0.6208915903148395
v0_2,K2,20261211,399,0.5640241586572254
v0_2,K2,20261211,400,0.3428618615461623
v0_2,K2,20261211,401,0.7460521024762754
v0_2,K2,20261211,402,0.8637133536583033
v0_2,K2,20261211,403,0.8516580400047734
v0_2,K2,20261211,404,0.81160642903928
v0_2,K2,20261211,405,0.8385838014577793
v0_2,K2,20261211,406,0.7767225034016959
v0_2,K2,20261211,407,0.7100407015239507
v0_2,K2,20261211,408,0.6804500251377037
v0_2,K2,20261211,409,0.47492751423011176
v0_2,K2,20261211,410,0.4968199203043388
v0_2,K2,20261211,411,0.5380869812634846
v0_2,K2,20261211,412,0.5826407958329233
v0_2,K2,20261211,413,0.6173972181604461
v0_2,K2,20261211,414,0.6977924011197995
v0_2,K2,20261211,415,0.6132416285594803
v0_2,K2,20261211,416,0.3907719128401957
v0_2,K2,20261211,417,0.715309309362104
v0_2,K2,20261211,418,0.8389090133974262
v0_2,K2,20261211,419,0.8349077358588222
v0_2,K2,20261211,420,0.7280691418980803
v0_2,K2,20261211,421,0.3834848802208122
v0_2,K2,20261211,422,0.6555863184585804
v0_2,K2,20261211,423,0.8672689859151688
v0_2,K2,20261211,424,0.920403867415819
v0_2,K2,20261211,425,0.8406112009208333
v0_2,K2,20261211,426,0.5903003083299546
v0_2,K2,20261211,427,0.38353348214629895
v0_2,K2,20261211,428,0.5148492312112409
v0_2,K2,20261211,429,0.4999565174382474
v0_2,K2,20261211,430,0.3929723094687759
v0_2,K2,20261211,431,0.37376186061593064
v0_2,K2,20261211,432,0.44969402940142555
v0_2,K2,20261211,433,0.4551173753708796
v0_2,K2,20261211,434,0.41836826779933955
v0_2,K2,20261211,435,0.4206503595181603
v0_2,K2,20261211,436,0.35125086282870627
v0_2,K2,20261211,437,0.6112097965640068
v0_2,K2,20261211,438,0.714483210461135
v0_2,K2,20261211,439,0.6359612623032783
v0_2,K2,20261211,440,0.3592521007979988
v0_2,K2,20261211,441,0.5217987792898227
v0_2,K2,20261211,442,0.6733888714786043
v0_2,K2,20261211,443,0.66881346244466
v0_2,K2,20261211,444,0.49907927199900715
v0_2,K2,20261211,445,0.35050886216180616
v0_2,K2,20261211,446,0.5425233848491037
v0_2,K2,20261211,447,0.6183621919818009
v0_2,K2,20261211,448,0.538840353097749
v0_2,K2,20261211,449,0.8413019391080624
v0_2,K2,20261211,450,0.6914947666390996
v0_2,K2,20261211,451,0.4656806956852303
v0_2,K2,20261211,452,0.6034647820763207
v0_2,K2,20261211,453,0.6326408611445172
v0_2,K2,20261211,454,0.43284123889484194
v0_2,K2,20261211,455,0.3895307543432445
v0_2,K2,20261211,456,0.4042332459046211
v0_2,K2,20261211,457,0.438570200466808
v0_2,K2,20261211,458,0.4020832590811052
v0_2,K2,20261211,459,0.35698185575454544
v0_2,K2,20261211,460,0.3757399854488842
v0_2,K2,20261211,461,0.39919956849642535
v0_2,K2,20261211,462,0.34365404085145557
v0_2,K2,20261211,463,0.4064323952387202
v0_2,K2,20261211,464,0.5063945792134789
v0_2,K2,20261211,465,0.4984033612153904
v0_2,K2,20261211,466,0.3850734871517473
v0_2,K2,20261211,467,0.35924216554831745
v0_2,K2,20261211,468,0.4925990784410936
v0_2,K2,20261211,469,0.46849446070134787
v0_2,K2,20261211,470,0.3799434388046481
v0_2,K2,20261211,471,0.34649067367226905
v0_2,K2,20261211,472,0.5456046235636391
v0_2,K2,20261211,473,0.6411160512227121
v0_2,K2,20261211,474,0.4224772748477494
v0_2,K2,20261211,475,0.5314200530939122
v0_2,K2,20261211,476,0.6195324620754974
v0_2,K2,20261211,477,0.5206863478321303
v0_2,K2,20261211,478,0.3787385473785814
v0_2,K2,20261211,479,0.4457549640810535
v0_2,K2,20261211,480,0.5124323529473278
v0_2,K2,20261211,481,0.4776015013813358
v0_2,K2,20261211,482,0.3168856650928822
v0_2,K2,20261211,483,0.604389626532066
v0_2,K2,20261211,484,0.7590715486171478
v0_2,K2,20261211,485,0.750186045590642
v0_2,K2,20261211,486,0.5996207962065432
v0_2,K2,20261211,487,0.42061398954705276
v0_2,K2,20261211,488,0.4249952206386359
v0_2,K2,20261211,489,0.49232863810952987
v0_2,K2,20261211,490,0.5040746457753997
v0_2,K2,20261211,491,0.3774564562002791
v0_2,K2,20261211,492,0.5055814199314944
v0_2,K2,20261211,493,0.6411650625859481
v0_2,K2,20261211,494,0.5955956208067367
v0_2,K2,20261211,495,0.43770208695155816
v0_2,K2,20261211,496,0.4801988459848738
v0_2,K2,20261211,497,0.5048515932863087
v0_2,K2,20261211,498,0.4825821977116151
v0_2,K2,20261211,499,0.41223514211639134
v0_2,K2,20261211,500,0.3762250401902514
v0_2,K2,20261211,501,0.43048529445809663
v0_2,K2,20261211,502,0.3859129514364988
v0_2,K2,20261211,503,0.3311010172724062
v0_2,K2,20261211,504,0.3376524331214342
v0_2,K2,20261211,505,0.33575101729217305
v0_2,K2,20261211,506,0.3192676104496028
v0_2,K2,20261211,507,0.3601495545684574
v0_2,K2,20261211,508,0.3700639374295324
v0_2,K2,20261211,509,0.3081845580830261
v0_2,K2,20261211,510,0.4665443248310051
v0_2,K2,20261211,511,0.5728062200758482
v0_2,K2,20261211,512,0.4970744977611263
v0_2,K2,20261211,513,0.38007471841448337
v0_2,K2,20261211,514,0.34769594521949243
v0_2,K2,20261211,515,0.3058855135491666
v0_2,K2,20261211,516,0.37339079252899016
v0_2,K2,20261211,517,0.41133247909276155
v0_2,K2,20261211,518,0.3957321545413564
v0_2,K2,20261211,519,0.31297755048499853
v0_2,K2,20261211,520,0.317983102424801
v0_2,K2,20261211,521,0.39036209809419936
v0_2,K2,20261211,522,0.398197011619127
v0_2,K2,20261211,523,0.31230141846710363
v0_2,K2,20261211,524,0.3247569067317368
v0_2,K2,20261211,525,0.421695554852517
v0_2,K2,20261211,526,0.4159690210609425
v0_2,K2,20261211,527,0.4857614803146888
v0_2,K2,20261211,528,0.4841969483936739
v0_2,K2,20261211,529,0.3078422741733303
v0_2,K2,20261211,530,0.4403926771995714
v0_2,K2,20261211,531,0.5527583699644923
v0_2,K2,20261211,532,0.4759665366536055
v0_2,K2,20261211,533,0.29319381495878377
v0_2,K2,20261211,534,0.4634785890451624
v0_2,K2,20261211,535,0.6197382188528644
v0_2,K2,20261211,536,0.5823771364570614
v0_2,K2,20261211,537,0.42730501982092783
v0_2,K2,20261211,538,0.503361912267266
v0_2,K2,20261211,539,0.46871276707472176
v0_2,K2,20261211,540,0.44370533503392645
v0_2,K2,20261211,541,0.4238603229300034
v0_2,K2,20261211,542,0.3866495137542898
v0_2,K2,20261211,543,0.4496898647777086
v0_2,K2,20261211,544,0.40203304440710486
v0_2,K2,20261211,545,0.299198915169642
v0_2,K2,20261211,546,0.38568232955884973
v0_2,K2,20261211,547,0.48967820300494447
v0_2,K2,20261211,548,0.45782895696028636
v0_2,K2,20261211,549,0.32366371998611815
v0_2,K2,20261211,550,0.3604540935620842
v0_2,K2,20261211,551,0.41734699190818714
v0_2,K2,20261211,552,0.5627771289288119
v0_2,K2,20261211,553,0.6066823060611531
v0_2,K2,20261211,554,0.4890951018269397
v0_2,K2,20261211,555,0.5236215090629913
v0_2,K2,20261211,556,0.5101508308871638
v0_2,K2,20261211,557,0.36272693106818965
v0_2,K2,20261211,558,0.3483589621373173
v0_2,K2,20261211,559,0.4141060047532329
v0_2,K2,20261211,560,0.39752270454915417
v0_2,K2,20261211,561,0.3217123023264974
v0_2,K2,20261211,562,0.3748506604905284
v0_2,K2,20261211,563,0.435814593315003
v0_2,K2,20261211,564,0.39538420898928583
v0_2,K2,20261211,565,0.562161352356657
v0_2,K2,20261211,566,0.6733335293093814
v0_2,K2,20261211,567,0.5132850506669069
v0_2,K2,20261211,568,0.4189131635747566
v0_2,K2,20261211,569,0.4489822409928542
v0_2,K2,20261211,570,0.36595065449462016
v0_2,K2,20261211,571,0.31264147259248065
v0_2,K2,20261211,572,0.3127174559792338
v0_2,K2,20261211,573,0.31425546650644665
v0_2,K2,20261211,574,0.30450098925579044
v0_2,K2,20261211,575,0.3123879426674796
v0_2,K2,20261211,576,0.3196082446554488
v0_2,K2,20261211,577,0.38877191641510195
v0_2,K2,20261211,578,0.4315488861029771
v0_2,K2,20261211,579,0.3606676315675007
v0_2,K2,20261211,580,0.40604400620764336
v0_2,K2,20261211,581,0.42929341682479394
v0_2,K2,20261211,582,0.31124055719795835
v0_2,K2,20261211,583,0.32874829761693325
v0_2,K2,20261211,584,0.3863290663445163
v0_2,K2,20261211,585,0.3403847753030225
v0_2,K2,20261211,586,0.3386616515409204
v0_2,K2,20261211,587,0.3590438163943872
v0_2,K2,20261211,588,0.3140403178180101
v0_2,K2,20261211,589,0.2769684186581069
v0_2,K2,20261211,590,0.2893043525838478
v0_2,K2,20261211,591,0.28151142785236766
v0_2,K2,20261211,592,0.2749773338923685
v0_2,K2,20261211,593,0.26338094286971714
v0_2,K2,20261211,594,0.25949390921214893
v0_2,K2,20261211,595,0.2827721856456253
v0_2,K2,20261211,596,0.26634334029762474
v0_2,K2,20261211,597,0.2940330390510316
v0_2,K2,20261211,598,0.29984472412864044
v0_2,K2,20261211,599,0.24746104203627786
v0_2,K2,20261211,600,0.24364858516070043
v0_2,K2,20261211,601,0.3056859701435477
v0_2,K2,20261211,602,0.29333100239017196
v0_2,K2,20261211,603,0.24268624573754863
v0_2,K2,20261211,604,0.2415911076052565
v0_2,K2,20261211,605,0.2767628417303023
v0_2,K2,20261211,606,0.26504599467151857
v0_2,K2,20261211,607,0.25171277717006285
v0_2,K2,20261211,608,0.2508057270622763
v0_2,K2,20261211,609,0.25796879104026527
v0_2,K2,20261211,610,0.2506721159635102
v0_2,K2,20261211,611,0.26042317259607656
v0_2,K2,20261211,612,0.2571871626237445
v0_2,K2,20261211,613,0.24826443788517563
v0_2,K2,20261211,614,0.24298754720812535
v0_2,K2,20261211,615,0.26730200343224597
v0_2,K2,20261211,616,0.26346311792037064
v0_2,K2,20261211,617,0.24049518021817629
v0_2,K2,20261211,618,0.23623359329853671
v0_2,K2,20261211,619,0.2733622364852608
v0_2,K2,20261211,620,0.26879686783889783
v0_2,K2,20261211,621,0.2353769167062804
v0_2,K2,20261211,622,0.23217836313597887
v0_2,K2,20261211,623,0.2764845721185984
v0_2,K2,20261211,624,0.27094629665730013
v0_2,K2,20261211,625,0.23231941187640737
v0_2,K2,20261211,626,0.2296514245955213
v0_2,K2,20261211,627,0.27836154668061136
v0_2,K2,20261211,628,0.27303948118833676
v0_2,K2,20261211,629,0.229323567890373
v0_2,K2,20261211,630,0.22733722600474002
v0_2,K2,20261211,631,0.2788892266930587
v0_2,K2,20261211,632,0.27250549241967775
v0_2,K2,20261211,633,0.2278852420785516
v0_2,K2,20261211,634,0.2259274698459117
v0_2,K2,20261211,635,0.2777050783612629
v0_2,K2,20261211,636,0.272087609114016
v0_2,K2,20261211,637,0.226226753031961
v0_2,K2,20261211,638,0.22448026689563533
v0_2,K2,20261211,639,0.2740163399660489
v0_2,K2,20261211,640,0.2670727851793987
v0_2,K2,20261211,641,0.22752789803872706
v0_2,K2,20261211,642,0.22512571477021304
v0_2,K2,20261211,643,0.2668202484344493
v0_2,K2,20261211,644,0.26066220969550197
v0_2,K2,20261211,645,0.2281047540296467
v0_2,K2,20261211,646,0.22652120277766696
v0_2,K2,20261211,647,0.255714244527277
v0_2,K2,20261211,648,0.2472916775907706
v0_2,K2,20261211,649,0.23189218002802864
v0_2,K2,20261211,650,0.23140093157499417
v0_2,K2,20261211,651,0.24372927318543405
v0_2,K2,20261211,652,0.23779849241775017
v0_2,K2,20261211,653,0.2340243977278264
v0_2,K2,20261211,654,0.23136971992381156
v0_2,K2,20261211,655,0.23736417554776018
v0_2,K2,20261211,656,0.23368037121425506
v0_2,K2,20261211,657,0.23621237991199456
v0_2,K2,20261211,658,0.23312694947841847
v0_2,K2,20261211,659,0.23305893935452554
v0_2,K2,20261211,660,0.2292672125787795
v0_2,K2,20261211,661,0.23694113956161048
v0_2,K2,20261211,662,0.23415688370964327
v0_2,K2,20261211,663,0.23034630385353694
v0_2,K2,20261211,664,0.22743339832832724
v0_2,K2,20261211,665,0.23598853062809194
v0_2,K2,20261211,666,0.232219802343819
v0_2,K2,20261211,667,0.22942475704662457
v0_2,K2,20261211,668,0.2270375558743247
v0_2,K2,20261211,669,0.23377879874659419
v0_2,K2,20261211,670,0.23039173597066961
v0_2,K2,20261211,671,0.22898402930100922
v0_2,K2,20261211,672,0.2263400055360318
v0_2,K2,20261211,673,0.23167313955056534
v0_2,K2,20261211,674,0.22854941456584194
v0_2,K2,20261211,675,0.22860419246060176
v0_2,K2,20261211,676,0.22624406885632012
v0_2,K2,20261211,677,0.2292041003421769
v0_2,K2,20261211,678,0.22596850493136078
v0_2,K2,20261211,679,0.22903484018663728
v0_2,K2,20261211,680,0.2267877200113105
v0_2,K2,20261211,681,0.2262647407740886
v0_2,K2,20261211,682,0.22344017920229245
v0_2,K2,20261211,683,0.229668308055948
v0_2,K2,20261211,684,0.22725151676067742
v0_2,K2,20261211,685,0.22368991856593393
v0_2,K2,20261211,686,0.2211577339052437
v0_2,K2,20261211,687,0.23024236151199504
v0_2,K2,20261211,688,0.22791064108168752
v0_2,K2,20261211,689,0.22116994530590878
v0_2,K2,20261211,690,0.21882699490251245
v0_2,K2,20261211,691,0.23130358111187171
v0_2,K2,20261211,692,0.2289993021770259
v0_2,K2,20261211,693,0.21860785780385125
v0_2,K2,20261211,694,0.21661597762018772
v0_2,K2,20261211,695,0.23253538886252584
v0_2,K2,20261211,696,0.23012739720752284
v0_2,K2,20261211,697,0.2163330479833154
v0_2,K2,20261211,698,0.21463801002988944
v0_2,K2,20261211,699,0.23387323287161352
v0_2,K2,20261211,700,0.23150648445596006
v0_2,K2,20261212,1,0.9948365900406624
v0_2,K2,20261212,2,0.9944378076153036
v0_2,K2,20261212,3,0.993830265071757
v0_2,K2,20261212,4,0.9933532774162763
v0_2,K2,20261212,5,0.9929908299532495
v0_2,K2,20261212,6,0.9922853969836425
v0_2,K2,20261212,7,0.9911420559446896
v0_2,K2,20261212,8,0.9898571684438922
v0_2,K2,20261212,9,0.9887572645019326
v0_2,K2,20261212,10,0.9875006583572744
v0_2,K2,20261212,11,0.9858473893304646
v0_2,K2,20261212,12,0.9840062335204743
v0_2,K2,20261212,13,0.9824107477474283
v0_2,K2,20261212,14,0.9812854353214591
v0_2,K2,20261212,15,0.9808382275075169
v0_2,K2,20261212,16,0.9815727300890104
v0_2,K2,20261212,17,0.9822427721826469
v0_2,K2,20261212,18,0.9820879628351937
v0_2,K2,20261212,19,0.9811866422789463
v0_2,K2,20261212,20,0.9800093445833871
v0_2,K2,20261212,21,0.9797704805713356
v0_2,K2,20261212,22,0.9801534464809984
v0_2,K2,20261212,23,0.9803961445554091
v0_2,K2,20261212,24,0.9800223386885736
v0_2,K2,20261212,25,0.9795719648118775
v0_2,K2,20261212,26,0.9791566650632454
v0_2,K2,20261212,27,0.9794176554682766
v0_2,K2,20261212,28,0.9795097860437924
v0_2,K2,20261212,29,0.9792251482661091
v0_2,K2,20261212,30,0.9789464947485165
v0_2,K2,20261212,31,0.9788435800633877
v0_2,K2,20261212,32,0.9788559645681232
v0_2,K2,20261212,33,0.9789499414084508
v0_2,K2,20261212,34,0.9787815000301511
v0_2,K2,20261212,35,0.9786192718674014
v0_2,K2,20261212,36,0.9781556188154121
v0_2,K2,20261212,37,0.9781518789804994
v0_2,K2,20261212,38,0.9779464944114393
v0_2,K2,20261212,39,0.9774944731613913
v0_2,K2,20261212,40,0.9773372774141743
v0_2,K2,20261212,41,0.9773277005967062
v0_2,K2,20261212,42,0.976354540040621
v0_2,K2,20261212,43,0.9760363136199869
v0_2,K2,20261212,44,0.9763064945734196
v0_2,K2,20261212,45,0.9744108423261183
v0_2,K2,20261212,46,0.9755096704783852
v0_2,K2,20261212,47,0.9727531169029622
v0_2,K2,20261212,48,0.9716017617753212
v0_2,K2,20261212,49,0.9736009652776833
v0_2,K2,20261212,50,0.9687985241365727
v0_2,K2,20261212,51,0.9699679636489141
v0_2,K2,20261212,52,0.9680886323013496
v0_2,K2,20261212,53,0.9661449809338019
v0_2,K2,20261212,54,0.986697488219503
v0_2,K2,20261212,55,0.9702633377590182
v0_2,K2,20261212,56,0.9690641144289713
v0_2,K2,20261212,57,0.9631230877303965
v0_2,K2,20261212,58,0.9616811926945821
v0_2,K2,20261212,59,0.9660794307259433
v0_2,K2,20261212,60,0.9596632294307681
v0_2,K2,20261212,61,0.9576017747677169
v0_2,K2,20261212,62,0.9530713231852629
v0_2,K2,20261212,63,0.9579365649962022
v0_2,K2,20261212,64,0.9589706956173408
v0_2,K2,20261212,65,0.9590862157963537
v0_2,K2,20261212,66,0.9519331359461773
v0_2,K2,20261212,67,0.9548615604714843
v0_2,K2,20261212,68,0.9555679330580391
v0_2,K2,20261212,69,0.9491398943369277
v0_2,K2,20261212,70,0.9570047295467531
v0_2,K2,20261212,71,0.9602709634292226
v0_2,K2,20261212,72,0.9517795559207024
v0_2,K2,20261212,73,0.936717920000383
v0_2,K2,20261212,74,1.0238623397378748
v0_2,K2,20261212,75,1.0187749539227249
v0_2,K2,20261212,76,0.966008987512428
v0_2,K2,20261212,77,0.950309038570694
v0_2,K2,20261212,78,0.958020424249173
v0_2,K2,20261212,79,0.9595473250673805
v0_2,K2,20261212,80,0.9595097781810258
v0_2,K2,20261212,81,0.9596901612580707
v0_2,K2,20261212,82,0.9482960894552601
v0_2,K2,20261212,83,0.9447971455191735
v0_2,K2,20261212,84,0.9376780816507545
v0_2,K2,20261212,85,0.9332280862553737
v0_2,K2,20261212,86,0.982457405550371
v0_2,K2,20261212,87,0.9610553035984489
v0_2,K2,20261212,88,0.9743114258835457
v0_2,K2,20261212,89,1.0135440406967937
v0_2,K2,20261212,90,0.9693601303139663
v0_2,K2,20261212,91,0.92478305204117
v0_2,K2,20261212,92,0.9290713626264002
v0_2,K2,20261212,93,0.9259074338229502
v0_2,K2,20261212,94,0.9189270311459826
v0_2,K2,20261212,95,0.920628128064349
v0_2,K2,20261212,96,0.9291648719193707
v0_2,K2,20261212,97,0.9062917550031513
v0_2,K2,20261212,98,0.9212929382822576
v0_2,K2,20261212,99,0.9158319551334687
v0_2,K2,20261212,100,0.8994252421420733
v0_2,K2,20261212,101,0.9186055841030399
v0_2,K2,20261212,102,0.9220052290515309
v0_2,K2,20261212,103,0.9134669180229685
v0_2,K2,20261212,104,0.8957547008229692
v0_2,K2,20261212,105,0.8991574885372573
v0_2,K2,20261212,106,0.9015973568596324
v0_2,K2,20261212,107,0.8848785661940377
v0_2,K2,20261212,108,0.9012367437464692
v0_2,K2,20261212,109,0.8727658785909151
v0_2,K2,20261212,110,0.8967736998186635
v0_2,K2,20261212,111,0.8713433882808727
v0_2,K2,20261212,112,0.9602037984272513
v0_2,K2,20261212,113,0.8704956321024336
v0_2,K2,20261212,114,1.0955734039670912
v0_2,K2,20261212,115,1.147592990441649
v0_2,K2,20261212,116,0.9126086465127444
v0_2,K2,20261212,117,1.0177295645500826
v0_2,K2,20261212,118,1.1706871572922077
v0_2,K2,20261212,119,0.9908723880364997
v0_2,K2,20261212,120,0.8826395156525522
v0_2,K2,20261212,121,0.9177068723138165
v0_2,K2,20261212,122,0.9082491530425001
v0_2,K2,20261212,123,0.9050491931866057
v0_2,K2,20261212,124,0.886831979198004
v0_2,K2,20261212,125,0.9125468803053298
v0_2,K2,20261212,126,0.9449424864420011
v0_2,K2,20261212,127,0.9302743517422414
v0_2,K2,20261212,128,0.899755866059419
v0_2,K2,20261212,129,0.8918935709910079
v0_2,K2,20261212,130,0.8862276814203
v0_2,K2,20261212,131,0.8749252542339183
v0_2,K2,20261212,132,0.8781785163749413
v0_2,K2,20261212,133,0.8905587465997652
v0_2,K2,20261212,134,0.8914591667436295
v0_2,K2,20261212,135,0.8742312102520963
v0_2,K2,20261212,136,0.8697965863004614
v0_2,K2,20261212,137,0.8709868498957218
v0_2,K2,20261212,138,0.8983206708416195
v0_2,K2,20261212,139,0.9162998232136521
v0_2,K2,20261212,140,0.8704907526348472
v0_2,K2,20261212,141,0.9275571438587645
v0_2,K2,20261212,142,0.9864679604656184
v0_2,K2,20261212,143,0.9825626719735424
v0_2,K2,20261212,144,0.947199378910748
v0_2,K2,20261212,145,0.8987196254717225
v0_2,K2,20261212,146,0.8519032185934052
v0_2,K2,20261212,147,0.8981789524501718
v0_2,K2,20261212,148,0.905101214579508
v0_2,K2,20261212,149,0.8997494967513561
v0_2,K2,20261212,150,0.8949262906289142
v0_2,K2,20261212,151,0.8441548173868724
v0_2,K2,20261212,152,0.9395391857327554
v0_2,K2,20261212,153,1.0328529163166846
v0_2,K2,20261212,154,1.0407439119407873
v0_2,K2,20261212,155,0.984555894409293
v0_2,K2,20261212,156,0.8986174146284033
v0_2,K2,20261212,157,0.8471556419425211
v0_2,K2,20261212,158,0.8715634287700857
v0_2,K2,20261212,159,0.8802811413014696
v0_2,K2,20261212,160,0.9283914935613311
v0_2,K2,20261212,161,0.8576023486031576
v0_2,K2,20261212,162,0.908073573071908
v0_2,K2,20261212,163,0.9239298584147209
v0_2,K2,20261212,164,0.8990729762094837
v0_2,K2,20261212,165,0.8924412719491723
v0_2,K2,20261212,166,0.8761733635756627
v0_2,K2,20261212,167,0.8350815745820318
v0_2,K2,20261212,168,0.8253208597812358
v0_2,K2,20261212,169,0.8184005103669398
v0_2,K2,20261212,170,0.8290063907853433
v0_2,K2,20261212,171,0.8216421566153843
v0_2,K2,20261212,172,0.8048179790145082
v0_2,K2,20261212,173,0.8005492741161468
v0_2,K2,20261212,174,0.7895064017601098
v0_2,K2,20261212,175,0.8131262347029821
v0_2,K2,20261212,176,0.8308166123041142
v0_2,K2,20261212,177,0.8006920409071625
v0_2,K2,20261212,178,0.8289299100144749
v0_2,K2,20261212,179,0.8466848485663365
v0_2,K2,20261212,180,0.8883534026463481
v0_2,K2,20261212,181,0.8025399804795676
v0_2,K2,20261212,182,0.824545861994452
v0_2,K2,20261212,183,0.8683951348365606
v0_2,K2,20261212,184,0.7772059041477134
v0_2,K2,20261212,185,0.9628131332317064
v0_2,K2,20261212,186,1.0147593710127454
v0_2,K2,20261212,187,0.8600837719627228
v0_2,K2,20261212,188,0.8331670846860502
v0_2,K2,20261212,189,0.9348566341013562
v0_2,K2,20261212,190,0.8657900108731285
v0_2,K2,20261212,191,0.9063850782594263
v0_2,K2,20261212,192,0.9230000786474855
v0_2,K2,20261212,193,0.875136149243626
v0_2,K2,20261212,194,0.7737444699812365
v0_2,K2,20261212,195,0.8269864829683324
v0_2,K2,20261212,196,0.9264192376690814
v0_2,K2,20261212,197,0.9331414499964181
v0_2,K2,20261212,198,0.8899117962164829
v0_2,K2,20261212,199,0.8169132611875354
v0_2,K2,20261212,200,0.7861471193596465
v0_2,K2,20261212,201,0.8314790771760683
v0_2,K2,20261212,202,0.8842155381233204
v0_2,K2,20261212,203,0.8665288649059503
v0_2,K2,20261212,204,0.8201622532247191
v0_2,K2,20261212,205,0.8097758638977143
v0_2,K2,20261212,206,0.86032885704536
v0_2,K2,20261212,207,0.8162594672344563
v0_2,K2,20261212,208,0.8097282436658362
v0_2,K2,20261212,209,0.8102645949562467
v0_2,K2,20261212,210,0.7762611212214171
v0_2,K2,20261212,211,0.8419453843399041
v0_2,K2,20261212,212,0.8811272837946239
v0_2,K2,20261212,213,0.8367183967482719
v0_2,K2,20261212,214,0.8050364663106435
v0_2,K2,20261212,215,0.7935998350373255
v0_2,K2,20261212,216,0.7405011318974337
v0_2,K2,20261212,217,0.7571917871936249
v0_2,K2,20261212,218,0.7687253051269419
v0_2,K2,20261212,219,0.728771965630478
v0_2,K2,20261212,220,0.7277478657016834
v0_2,K2,20261212,221,0.7111426590828342
v0_2,K2,20261212,222,0.7268027147930242
v0_2,K2,20261212,223,0.7113412322899143
v0_2,K2,20261212,224,0.6664180784484893
v0_2,K2,20261212,225,0.7365849788133771
v0_2,K2,20261212,226,0.7577685634844415
v0_2,K2,20261212,227,0.6800177674369602
v0_2,K2,20261212,228,0.6515504905345347
v0_2,K2,20261212,229,0.7415257400077212
v0_2,K2,20261212,230,0.6850233596788838
v0_2,K2,20261212,231,0.7969765059792607
v0_2,K2,20261212,232,0.8674032279686171
v0_2,K2,20261212,233,0.7839527967401341
v0_2,K2,20261212,234,0.7442889617543171
v0_2,K2,20261212,235,0.8194154098765554
v0_2,K2,20261212,236,0.7146534592491662
v0_2,K2,20261212,237,0.6756151475757267
v0_2,K2,20261212,238,0.739994248403494
v0_2,K2,20261212,239,0.6265502144113154
v0_2,K2,20261212,240,0.742246031939818
v0_2,K2,20261212,241,0.7724193237413103
v0_2,K2,20261212,242,0.6606444122832995
v0_2,K2,20261212,243,0.7328029615553491
v0_2,K2,20261212,244,0.7380895155591048
v0_2,K2,20261212,245,0.66527463326165
v0_2,K2,20261212,246,0.6630311837819645
v0_2,K2,20261212,247,0.687637249585451
v0_2,K2,20261212,248,0.6143892587004376
v0_2,K2,20261212,249,0.6789699313502633
v0_2,K2,20261212,250,0.7168688001691235
v0_2,K2,20261212,251,0.6694803619550695
v0_2,K2,20261212,252,0.6589162189993099
v0_2,K2,20261212,253,0.7142410124008254
v0_2,K2,20261212,254,0.7314311407070652
v0_2,K2,20261212,255,0.8152012307167367
v0_2,K2,20261212,256,0.815273405267948
v0_2,K2,20261212,257,0.6760866632603543
v0_2,K2,20261212,258,0.5945880339957829
v0_2,K2,20261212,259,0.6293900106498945
v0_2,K2,20261212,260,0.6812225802266729
v0_2,K2,20261212,261,0.5958103343628859
v0_2,K2,20261212,262,0.5742875223320821
v0_2,K2,20261212,263,0.6082181713012181
v0_2,K2,20261212,264,0.585278715975082
v0_2,K2,20261212,265,0.5458451257225486
v0_2,K2,20261212,266,0.5383605454756909
v0_2,K2,20261212,267,0.5616467477863859
v0_2,K2,20261212,268,0.5318563474820002
v0_2,K2,20261212,269,0.6120111644179712
v0_2,K2,20261212,270,0.635852195235058
v0_2,K2,20261212,271,0.525634925555949
v0_2,K2,20261212,272,0.6916752002305813
v0_2,K2,20261212,273,0.7828995510733469
v0_2,K2,20261212,274,0.7378684629807744
v0_2,K2,20261212,275,0.5630555776718011
v0_2,K2,20261212,276,0.701400337048712
v0_2,K2,20261212,277,0.7712592878583857
v0_2,K2,20261212,278,0.7603881007495821
v0_2,K2,20261212,279,0.6476459360198001
v0_2,K2,20261212,280,0.4900855409612473
v0_2,K2,20261212,281,0.6551907405854436
v0_2,K2,20261212,282,0.7347230441771696
v0_2,K2,20261212,283,0.7034570438369183
v0_2,K2,20261212,284,0.6930270492400489
v0_2,K2,20261212,285,0.5061479875718663
v0_2,K2,20261212,286,0.7593939885679438
v0_2,K2,20261212,287,0.8702855343615299
v0_2,K2,20261212,288,0.8071359427274203
v0_2,K2,20261212,289,0.5420842315040546
v0_2,K2,20261212,290,0.5900034006111867
v0_2,K2,20261212,291,0.5699189777796003
v0_2,K2,20261212,292,0.5822774716339739
v0_2,K2,20261212,293,0.549081329894285
v0_2,K2,20261212,294,0.47850798549095547
v0_2,K2,20261212,295,0.5089398127652314
v0_2,K2,20261212,296,0.4955805627630635
v0_2,K2,20261212,297,0.4665568473200852
v0_2,K2,20261212,298,0.5519537088778643
v0_2,K2,20261212,299,0.49818760222978453
v0_2,K2,20261212,300,0.48838035515608363
v0_2,K2,20261212,301,0.4848292410774969
v0_2,K2,20261212,302,0.5317721665886797
v0_2,K2,20261212,303,0.47427694920338825
v0_2,K2,20261212,304,0.4917961446691005
v0_2,K2,20261212,305,0.4676527829177386
v0_2,K2,20261212,306,0.5489294131829925
v0_2,K2,20261212,307,0.5649172116215581
v0_2,K2,20261212,308,0.5181648879685806
v0_2,K2,20261212,309,0.4024361313316257
v0_2,K2,20261212,310,0.4860555683306715
v0_2,K2,20261212,311,0.4066046031043401
v0_2,K2,20261212,312,0.621779030446413
v0_2,K2,20261212,313,0.6701300234747158
v0_2,K2,20261212,314,0.6102975726390439
v0_2,K2,20261212,315,0.5750608489435077
v0_2,K2,20261212,316,0.7323601310526179
v0_2,K2,20261212,317,0.6803824918139295
v0_2,K2,20261212,318,0.36670790037846335
v0_2,K2,20261212,319,0.6603916520957082
v0_2,K2,20261212,320,0.6631275474778785
v0_2,K2,20261212,321,0.818190397635202
v0_2,K2,20261212,322,0.7389871595416379
v0_2,K2,20261212,323,0.5683937544356912
v0_2,K2,20261212,324,0.5233156493770595
v0_2,K2,20261212,325,0.6256274126882702
v0_2,K2,20261212,326,0.3966117880674829
v0_2,K2,20261212,327,0.5105174987407972
v0_2,K2,20261212,328,0.6621052916566563
v0_2,K2,20261212,329,0.49996034184013527
v0_2,K2,20261212,330,0.37428208863029583
v0_2,K2,20261212,331,0.4539619141152228
v0_2,K2,20261212,332,0.36018124268153506
v0_2,K2,20261212,333,0.35229974171532047
v0_2,K2,20261212,334,0.4862546856426672
v0_2,K2,20261212,335,0.39529260816580086
v0_2,K2,20261212,336,0.4495646845501165
v0_2,K2,20261212,337,0.4585027192679905
v0_2,K2,20261212,338,0.3871938684227509
v0_2,K2,20261212,339,0.6507405971233992
v0_2,K2,20261212,340,0.7675985095974203
v0_2,K2,20261212,341,0.5890635180901752
v0_2,K2,20261212,342,0.37155293397283373
v0_2,K2,20261212,343,0.4112169290087554
v0_2,K2,20261212,344,0.34500168320981234
v0_2,K2,20261212,345,0.621869065914541
v0_2,K2,20261212,346,0.7208384294504725
v0_2,K2,20261212,347,0.5240726976021451
v0_2,K2,20261212,348,0.3755806396934673
v0_2,K2,20261212,349,0.4251698067152465
v0_2,K2,20261212,350,0.3674968447381084
v0_2,K2,20261212,351,0.5288794441246142
v0_2,K2,20261212,352,0.6250415080784397
v0_2,K2,20261212,353,0.44765588631496567
v0_2,K2,20261212,354,0.4299931579056787
v0_2,K2,20261212,355,0.47994352904881876
v0_2,K2,20261212,356,0.4055526450115864
v0_2,K2,20261212,357,0.4028733507599397
v0_2,K2,20261212,358,0.45064692378277116
v0_2,K2,20261212,359,0.33852994827304356
v0_2,K2,20261212,360,0.4957204900291239
v0_2,K2,20261212,361,0.6173955828817251
v0_2,K2,20261212,362,0.5048030900829368
v0_2,K2,20261212,363,0.36022494612463946
v0_2,K2,20261212,364,0.6604610346195786
v0_2,K2,20261212,365,0.7485779314802862
v0_2,K2,20261212,366,0.7179177062194868
v0_2,K2,20261212,367,0.7372930215624685
v0_2,K2,20261212,368,0.7144825155146444
v0_2,K2,20261212,369,0.5710812065446406
v0_2,K2,20261212,370,0.47258802772319747
v0_2,K2,20261212,371,0.5491286650958709
v0_2,K2,20261212,372,0.7614666219969273
v0_2,K2,20261212,373,0.6862558366970484
v0_2,K2,20261212,374,0.5043679615351042
v0_2,K2,20261212,375,0.3914865274236989
v0_2,K2,20261212,376,0.4332637504796368
v0_2,K2,20261212,377,0.6066151938535691
v0_2,K2,20261212,378,0.6294419219091038
v0_2,K2,20261212,379,0.53105772771847
v0_2,K2,20261212,380,0.5003704497525394
v0_2,K2,20261212,381,0.5646675728032495
v0_2,K2,20261212,382,0.4736434557136877
v0_2,K2,20261212,383,0.41689272046741066
v0_2,K2,20261212,384,0.4597703855490045
v0_2,K2,20261212,385,0.4018156106119512
v0_2,K2,20261212,386,0.4501116553811711
v0_2,K2,20261212,387,0.499232500928377
v0_2,K2,20261212,388,0.33876290100122947
v0_2,K2,20261212,389,0.6883081222328512
v0_2,K2,20261212,390,0.7020068443546101
v0_2,K2,20261212,391,0.6386517404102088
v0_2,K2,20261212,392,0.42835231809974983
v0_2,K2,20261212,393,0.4827679393220745
v0_2,K2,20261212,394,0.6739575634532794
v0_2,K2,20261212,395,0.5959509845050307
v0_2,K2,20261212,396,0.42484948985856213
v0_2,K2,20261212,397,0.3973523488448269
v0_2,K2,20261212,398,0.40578126862368785
v0_2,K2,20261212,399,0.36638055252473123
v0_2,K2,20261212,400,0.3596764812577723
v0_2,K2,20261212,401,0.35138371970557547
v0_2,K2,20261212,402,0.46849435781738336
v0_2,K2,20261212,403,0.47664670343604665
v0_2,K2,20261212,404,0.32174292165490226
v0_2,K2,20261212,405,0.322672624715372
v0_2,K2,20261212,406,0.4030460015829009
v0_2,K2,20261212,407,0.32096874632452743
v0_2,K2,20261212,408,0.449195261069973
v0_2,K2,20261212,409,0.4499135433021529
v0_2,K2,20261212,410,0.41010458500067704
v0_2,K2,20261212,411,0.3904734542850563
v0_2,K2,20261212,412,0.48206976314882266
v0_2,K2,20261212,413,0.32439282667231906
v0_2,K2,20261212,414,0.4222661914714704
v0_2,K2,20261212,415,0.5042374295500722
v0_2,K2,20261212,416,0.4869557417632158
v0_2,K2,20261212,417,0.4028434498829126
v0_2,K2,20261212,418,0.6253271627355712
v0_2,K2,20261212,419,0.7613224181583615
v0_2,K2,20261212,420,0.6142697137155702
v0_2,K2,20261212,421,0.7355203426811127
v0_2,K2,20261212,422,1.1500182921628632
v0_2,K2,20261212,423,0.7215913356494805
v0_2,K2,20261212,424,0.7221853446979327
v0_2,K2,20261212,425,0.7991270540282468
v0_2,K2,20261212,426,0.6760085619918822
v0_2,K2,20261212,427,0.730311442046036
v0_2,K2,20261212,428,0.8649040446109646
v0_2,K2,20261212,429,0.5380722511644677
v0_2,K2,20261212,430,0.670847425286626
v0_2,K2,20261212,431,0.7393540179035424
v0_2,K2,20261212,432,0.6056290786530801
v0_2,K2,20261212,433,0.36866678045682355
v0_2,K2,20261212,434,0.5141387882316449
v0_2,K2,20261212,435,0.7350219796661919
v0_2,K2,20261212,436,0.7272813649850935
v0_2,K2,20261212,437,0.5282728780456639
v0_2,K2,20261212,438,0.34597345643605343
v0_2,K2,20261212,439,0.5628500453262943
v0_2,K2,20261212,440,0.7436853689423367
v0_2,K2,20261212,441,0.736697452760142
v0_2,K2,20261212,442,0.602129842912792
v0_2,K2,20261212,443,0.9474834974118932
v0_2,K2,20261212,444,1.2227897707263418
v0_2,K2,20261212,445,0.8652514406111466
v0_2,K2,20261212,446,0.4178128638034624
v0_2,K2,20261212,447,0.5230155545877753
v0_2,K2,20261212,448,0.7977565697407886
v0_2,K2,20261212,449,0.8367124739444983
v0_2,K2,20261212,450,0.6432234695443907
v0_2,K2,20261212,451,0.4319330825321205
v0_2,K2,20261212,452,0.4389470957195402
v0_2,K2,20261212,453,0.49938257750907505
v0_2,K2,20261212,454,0.4684253339058699
v0_2,K2,20261212,455,0.39276684847251647
v0_2,K2,20261212,456,0.40886977504941985
v0_2,K2,20261212,457,0.5310132733190481
v0_2,K2,20261212,458,0.5953250278674518
v0_2,K2,20261212,459,0.5678673809503167
v0_2,K2,20261212,460,0.43589956120583057
v0_2,K2,20261212,461,0.32755583181788067
v0_2,K2,20261212,462,0.43282148664420184
v0_2,K2,20261212,463,0.5329522124143589
v0_2,K2,20261212,464,0.519651254669646
v0_2,K2,20261212,465,0.5680425294490017
v0_2,K2,20261212,466,0.50196878178527
v0_2,K2,20261212,467,0.5211423532438803
v0_2,K2,20261212,468,0.418236975913626
v0_2,K2,20261212,469,0.3905930983654057
v0_2,K2,20261212,470,0.4079165368575876
v0_2,K2,20261212,471,0.4574496735300224
v0_2,K2,20261212,472,0.5104797469619908
v0_2,K2,20261212,473,0.4708125658699665
v0_2,K2,20261212,474,0.3804607146544367
v0_2,K2,20261212,475,0.3605752450621495
v0_2,K2,20261212,476,0.4193520435168273
v0_2,K2,20261212,477,0.4035475389421517
v0_2,K2,20261212,478,0.7051196297032735
v0_2,K2,20261212,479,0.8825419601641498
v0_2,K2,20261212,480,0.8061006564367956
v0_2,K2,20261212,481,0.5742186343899409
v0_2,K2,20261212,482,0.3214258992575191
v0_2,K2,20261212,483,0.5863176683263442
v0_2,K2,20261212,484,0.7548545505109359
v0_2,K2,20261212,485,0.7871769261570076
v0_2,K2,20261212,486,0.725648483058419
v0_2,K2,20261212,487,0.5529485102934945
v0_2,K2,20261212,488,0.327889005553045
v0_2,K2,20261212,489,0.4959134379318206
v0_2,K2,20261212,490,0.45532227447745105
v0_2,K2,20261212,491,0.328942208317941
v0_2,K2,20261212,492,0.4802833772450736
v0_2,K2,20261212,493,0.5169764737332448
v0_2,K2,20261212,494,0.41722717983831004
v0_2,K2,20261212,495,0.31493214094970734
v0_2,K2,20261212,496,0.3507628960666022
v0_2,K2,20261212,497,0.30428012965908974
v0_2,K2,20261212,498,0.3055167138179912
v0_2,K2,20261212,499,0.3107637554585387
v0_2,K2,20261212,500,0.30862329071826594
v0_2,K2,20261212,501,0.2882429373145543
v0_2,K2,20261212,502,0.28604747316026635
v0_2,K2,20261212,503,0.3117664326661542
v0_2,K2,20261212,504,0.2881196305944684
v0_2,K2,20261212,505,0.3332306418043181
v0_2,K2,20261212,506,0.3088571444670378
v0_2,K2,20261212,507,0.3132073975305934
v0_2,K2,20261212,508,0.28685399411204304
v0_2,K2,20261212,509,0.2675191225505516
v0_2,K2,20261212,510,0.2804214050104316
v0_2,K2,20261212,511,0.2777665735672058
v0_2,K2,20261212,512,0.26612466033666937
v0_2,K2,20261212,513,0.26079622812025066
v0_2,K2,20261212,514,0.2607477648692916
v0_2,K2,20261212,515,0.26367646969888914
v0_2,K2,20261212,516,0.2461527240904725
v0_2,K2,20261212,517,0.25465741462348285
v0_2,K2,20261212,518,0.2394119968845986
v0_2,K2,20261212,519,0.3376546461982393
v0_2,K2,20261212,520,0.3381801542719642
v0_2,K2,20261212,521,0.2755728876201081
v0_2,K2,20261212,522,0.2706528898754499
v0_2,K2,20261212,523,0.2671758253857696
v0_2,K2,20261212,524,0.24702684837523847
v0_2,K2,20261212,525,0.3079623901707961
v0_2,K2,20261212,526,0.31221256739421277
v0_2,K2,20261212,527,0.26557507201054165
v0_2,K2,20261212,528,0.2455204206324231
v0_2,K2,20261212,529,0.3037310794962282
v0_2,K2,20261212,530,0.2877420872832624
v0_2,K2,20261212,531,0.29988792784995716
v0_2,K2,20261212,532,0.30962464243395815
v0_2,K2,20261212,533,0.2715054791753575
v0_2,K2,20261212,534,0.24621714263391706
v0_2,K2,20261212,535,0.2828351831415606
v0_2,K2,20261212,536,0.28440241567370683
v0_2,K2,20261212,537,0.24525977089266002
v0_2,K2,20261212,538,0.23938219731863689
v0_2,K2,20261212,539,0.2943882349648498
v0_2,K2,20261212,540,0.28672007710511316
v0_2,K2,20261212,541,0.2354473505859938
v0_2,K2,20261212,542,0.23547824592652558
v0_2,K2,20261212,543,0.2901960645494792
v0_2,K2,20261212,544,0.26603639549806557
v0_2,K2,20261212,545,0.24039731111425922
v0_2,K2,20261212,546,0.24166750291228006
v0_2,K2,20261212,547,0.26874948749643174
v0_2,K2,20261212,548,0.25758813437957867
v0_2,K2,20261212,549,0.24175717653599588
v0_2,K2,20261212,550,0.2340909340480556
v0_2,K2,20261212,551,0.2670468450158633
v0_2,K2,20261212,552,0.26412152307713
v0_2,K2,20261212,553,0.23497192569404962
v0_2,K2,20261212,554,0.22858314536605653
v0_2,K2,20261212,555,0.2618313106806344
v0_2,K2,20261212,556,0.25770490328580564
v0_2,K2,20261212,557,0.232555712448276
v0_2,K2,20261212,558,0.22712312519831918
v0_2,K2,20261212,559,0.2644115996090391
v0_2,K2,20261212,560,0.2616072014496814
v0_2,K2,20261212,561,0.2253857128082777
v0_2,K2,20261212,562,0.22220367016678202
v0_2,K2,20261212,563,0.26556910863175553
v0_2,K2,20261212,564,0.258014172781185
v0_2,K2,20261212,565,0.22534434131731787
v0_2,K2,20261212,566,0.22255225133796544
v0_2,K2,20261212,567,0.261721178194816
v0_2,K2,20261212,568,0.25723354726389625
v0_2,K2,20261212,569,0.222531390439011
v0_2,K2,20261212,570,0.22004847096665173
v0_2,K2,20261212,571,0.25890202818512975
v0_2,K2,20261212,572,0.25155853644005366
v0_2,K2,20261212,573,0.22341258368708514
v0_2,K2,20261212,574,0.22094765026217603
v0_2,K2,20261212,575,0.2535670731808492
v0_2,K2,20261212,576,0.24882315507327868
v0_2,K2,20261212,577,0.22125325312325447
v0_2,K2,20261212,578,0.21878887628288532
v0_2,K2,20261212,579,0.2514473019194769
v0_2,K2,20261212,580,0.24508675724880752
v0_2,K2,20261212,581,0.2212210059019157
v0_2,K2,20261212,582,0.21884662462644047
v0_2,K2,20261212,583,0.24758618162992652
v0_2,K2,20261212,584,0.24319350721830732
v0_2,K2,20261212,585,0.21896620296199704
v0_2,K2,20261212,586,0.21644654952566955
v0_2,K2,20261212,587,0.2468684536858608
v0_2,K2,20261212,588,0.2416032684028647
v0_2,K2,20261212,589,0.21776795587546294
v0_2,K2,20261212,590,0.21544536517310717
v0_2,K2,20261212,591,0.24483605052874094
v0_2,K2,20261212,592,0.24075257572521278
v0_2,K2,20261212,593,0.21546419512352524
v0_2,K2,20261212,594,0.2131397317136134
v0_2,K2,20261212,595,0.24479240487015014
v0_2,K2,20261212,596,0.24020993428112733
v0_2,K2,20261212,597,0.21368825636850916
v0_2,K2,20261212,598,0.21155537340141775
v0_2,K2,20261212,599,0.2443429524282609
v0_2,K2,20261212,600,0.24050167417092233
v0_2,K2,20261212,601,0.21128333818157471
v0_2,K2,20261212,602,0.2093957380913721
v0_2,K2,20261212,603,0.2444946744303772
v0_2,K2,20261212,604,0.24023558842396656
v0_2,K2,20261212,605,0.2094099055154928
v0_2,K2,20261212,606,0.2075562719022249
v0_2,K2,20261212,607,0.24545431131497963
v0_2,K2,20261212,608,0.24184288185236272
v0_2,K2,20261212,609,0.20701861261810436
v0_2,K2,20261212,610,0.20553035423225488
v0_2,K2,20261212,611,0.24480384079787632
v0_2,K2,20261212,612,0.24056523922662154
v0_2,K2,20261212,613,0.2054590482989742
v0_2,K2,20261212,614,0.20362947392290803
v0_2,K2,20261212,615,0.24632451493357246
v0_2,K2,20261212,616,0.24275924115679243
v0_2,K2,20261212,617,0.20331961307009572
v0_2,K2,20261212,618,0.20191158485336647
v0_2,K2,20261212,619,0.24200958243697204
v0_2,K2,20261212,620,0.23719418687343669
v0_2,K2,20261212,621,0.2022117330153498
v0_2,K2,20261212,622,0.20014437445680516
v0_2,K2,20261212,623,0.24096293983702574
v0_2,K2,20261212,624,0.2371426524478439
v0_2,K2,20261212,625,0.20053618163259598
v0_2,K2,20261212,626,0.19864482992676624
v0_2,K2,20261212,627,0.23475065270620313
v0_2,K2,20261212,628,0.23087870801786814
v0_2,K2,20261212,629,0.20075092779964088
v0_2,K2,20261212,630,0.19748237364824742
v0_2,K2,20261212,631,0.2329266259172686
v0_2,K2,20261212,632,0.2314815771691312
v0_2,K2,20261212,633,0.2005368269187732
v0_2,K2,20261212,634,0.19691959420930094
v0_2,K2,20261212,635,0.2239319662376155
v0_2,K2,20261212,636,0.22218777692251945
v0_2,K2,20261212,637,0.20382306139671297
v0_2,K2,20261212,638,0.19915946072903845
v0_2,K2,20261212,639,0.21693430779930914
v0_2,K2,20261212,640,0.21596937582164838
v0_2,K2,20261212,641,0.20350087470842942
v0_2,K2,20261212,642,0.2009308440351762
v0_2,K2,20261212,643,0.21028512577435873
v0_2,K2,20261212,644,0.20503435650848487
v0_2,K2,20261212,645,0.20543608646572553
v0_2,K2,20261212,646,0.2047354839212043
v0_2,K2,20261212,647,0.20561943344455422
v0_2,K2,20261212,648,0.20043871030611868
v0_2,K2,20261212,649,0.20455781543926788
v0_2,K2,20261212,650,0.20308602186191616
v0_2,K2,20261212,651,0.2053490924200448
v0_2,K2,20261212,652,0.20080253567365797
v0_2,K2,20261212,653,0.20323652216047505
v0_2,K2,20261212,654,0.2010113734492256
v0_2,K2,20261212,655,0.20221171431067061
v0_2,K2,20261212,656,0.2002301542059144
v0_2,K2,20261212,657,0.2002587274137215
v0_2,K2,20261212,658,0.19640776614349487
v0_2,K2,20261212,659,0.2036592571822109
v0_2,K2,20261212,660,0.20255798606831799
v0_2,K2,20261212,661,0.19570482505767184
v0_2,K2,20261212,662,0.19277769289603455
v0_2,K2,20261212,663,0.20411871101041346
v0_2,K2,20261212,664,0.20244305791889322
v0_2,K2,20261212,665,0.1931229769782517
v0_2,K2,20261212,666,0.19061183297843137
v0_2,K2,20261212,667,0.20550810341939632
v0_2,K2,20261212,668,0.20379975472075004
v0_2,K2,20261212,669,0.19016027380058306
v0_2,K2,20261212,670,0.18841096727423481
v0_2,K2,20261212,671,0.20554530213604996
v0_2,K2,20261212,672,0.20265255690081294
v0_2,K2,20261212,673,0.1890434446074471
v0_2,K2,20261212,674,0.18742882406105238
v0_2,K2,20261212,675,0.20424147473330942
v0_2,K2,20261212,676,0.20186160161583525
v0_2,K2,20261212,677,0.1874453769443064
v0_2,K2,20261212,678,0.18603846151096182
v0_2,K2,20261212,679,0.20232630744843796
v0_2,K2,20261212,680,0.1991651829007296
v0_2,K2,20261212,681,0.1869351882683616
v0_2,K2,20261212,682,0.18554492926170033
v0_2,K2,20261212,683,0.1997215365632757
v0_2,K2,20261212,684,0.19707142923179907
v0_2,K2,20261212,685,0.1856940164321173
v0_2,K2,20261212,686,0.1843914572774737
v0_2,K2,20261212,687,0.19765645899782391
v0_2,K2,20261212,688,0.1945952869387407
v0_2,K2,20261212,689,0.18498358107862697
v0_2,K2,20261212,690,0.1837092962864054
v0_2,K2,20261212,691,0.19530099426541214
v0_2,K2,20261212,692,0.19275221462795875
v0_2,K2,20261212,693,0.18370415885695637
v0_2,K2,20261212,694,0.18234101557325644
v0_2,K2,20261212,695,0.1940071197737357
v0_2,K2,20261212,696,0.19145775777244073
v0_2,K2,20261212,697,0.1825061796385275
v0_2,K2,20261212,698,0.18118029244851955
v0_2,K2,20261212,699,0.19246271972559734
v0_2,K2,20261212,700,0.19020077205319538
v0_2,K2,20261212,701,0.18115782557807036
v0_2,K2,20261212,702,0.17977304279285522
v0_2,K2,20261212,703,0.19165931733089273
v0_2,K2,20261212,704,0.18949360954225525
v0_2,K2,20261212,705,0.17964705860761893
v0_2,K2,20261212,706,0.17837760964902152
v0_2,K2,20261212,707,0.19071858943458
v0_2,K2,20261212,708,0.18852764716652204
v0_2,K2,20261212,709,0.1782547060094869
v0_2,K2,20261212,710,0.17703204399401537
v0_2,K2,20261212,711,0.18996310628336266
v0_2,K2,20261212,712,0.1878790128786683
v0_2,K2,20261212,713,0.17671037615251411
v0_2,K2,20261212,714,0.17559432711100614
v0_2,K2,20261212,715,0.18917339230424274
v0_2,K2,20261212,716,0.18697820927692133
v0_2,K2,20261212,717,0.17531334202426674
v0_2,K2,20261212,718,0.17425673162645106
v0_2,K2,20261212,719,0.18834551705115507
v0_2,K2,20261212,720,0.186263877552046
v0_2,K2,20261212,721,0.17379945544279754
v0_2,K2,20261212,722,0.17282556502557744
v0_2,K2,20261212,723,0.1874625278977693
v0_2,K2,20261212,724,0.1852595728549843
v0_2,K2,20261212,725,0.17242016544809674
v0_2,K2,20261212,726,0.17148135783436338
v0_2,K2,20261212,727,0.18655310929343033
v0_2,K2,20261212,728,0.18451384415751482
v0_2,K2,20261212,729,0.1709221113156428
v0_2,K2,20261212,730,0.17004362340847423
v0_2,K2,20261212,731,0.1853900057056092
v0_2,K2,20261212,732,0.18317456296599557
v0_2,K2,20261212,733,0.1696604552707668
v0_2,K2,20261212,734,0.16873526379469678
v0_2,K2,20261212,735,0.18408896122697177
v0_2,K2,20261212,736,0.18216485377947222
v0_2,K2,20261212,737,0.16836756714908527
v0_2,K2,20261212,738,0.16740417810382907
v0_2,K2,20261212,739,0.18189913738290567
v0_2,K2,20261212,740,0.17982199146748365
v0_2,K2,20261213,1,0.9995259407521576
v0_2,K2,20261213,2,0.9984558380502
v0_2,K2,20261213,3,0.9965389517130369
v0_2,K2,20261213,4,0.9942320488234065
v0_2,K2,20261213,5,0.9922278793545022
v0_2,K2,20261213,6,0.9914081768097537
v0_2,K2,20261213,7,0.9916242658684877
v0_2,K2,20261213,8,0.9916172648094097
v0_2,K2,20261213,9,0.9907847888072597
v0_2,K2,20261213,10,0.9891375751982805
v0_2,K2,20261213,11,0.9870540050743436
v0_2,K2,20261213,12,0.9850444473376871
v0_2,K2,20261213,13,0.9835332562743495
v0_2,K2,20261213,14,0.9823506373949785
v0_2,K2,20261213,15,0.9810936623998737
v0_2,K2,20261213,16,0.9802651314030608
v0_2,K2,20261213,17,0.9807970600332487
v0_2,K2,20261213,18,0.9815641936625412
v0_2,K2,20261213,19,0.9811337776485574
v0_2,K2,20261213,20,0.9799492292408417
v0_2,K2,20261213,21,0.9797425025507328
v0_2,K2,20261213,22,0.9796819767312368
v0_2,K2,20261213,23,0.9800905839990062
v0_2,K2,20261213,24,0.9800903380835493
v0_2,K2,20261213,25,0.9793620067228844
v0_2,K2,20261213,26,0.9795174656163912
v0_2,K2,20261213,27,0.9795011085492048
v0_2,K2,20261213,28,0.9789379358109564
v0_2,K2,20261213,29,0.9794652572358612
v0_2,K2,20261213,30,0.979303790552591
v0_2,K2,20261213,31,0.9788688914643027
v0_2,K2,20261213,32,0.9788091510267474
v0_2,K2,20261213,33,0.9785484726997713
v0_2,K2,20261213,34,0.9784845921269341
v0_2,K2,20261213,35,0.9784764695003513
v0_2,K2,20261213,36,0.9780200463583095
v0_2,K2,20261213,37,0.9780358545956934
v0_2,K2,20261213,38,0.9776212268267753
v0_2,K2,20261213,39,0.9772701354847659
v0_2,K2,20261213,40,0.9770598279653002
v0_2,K2,20261213,41,0.9766897047016005
v0_2,K2,20261213,42,0.9758404265473043
v0_2,K2,20261213,43,0.9751325292243292
v0_2,K2,20261213,44,0.974376213521521
v0_2,K2,20261213,45,0.975021162759119
v0_2,K2,20261213,46,0.9722338521134323
v0_2,K2,20261213,47,0.9780276199390483
v0_2,K2,20261213,48,0.975714732441312
v0_2,K2,20261213,49,0.9708463860786629
v0_2,K2,20261213,50,0.977586537740719
v0_2,K2,20261213,51,0.969409398143037
v0_2,K2,20261213,52,0.9696978155976753
v0_2,K2,20261213,53,0.9715990675252935
v0_2,K2,20261213,54,0.9702393006084084
v0_2,K2,20261213,55,0.9642481337173869
v0_2,K2,20261213,56,0.9683973456737435
v0_2,K2,20261213,57,0.9599333746419729
v0_2,K2,20261213,58,0.9651742420249911
v0_2,K2,20261213,59,0.9668861461236193
v0_2,K2,20261213,60,0.9604813401502086
v0_2,K2,20261213,61,0.9628223168069507
v0_2,K2,20261213,62,0.9556942291734819
v0_2,K2,20261213,63,0.955167047031744
v0_2,K2,20261213,64,0.9514145896225928
v0_2,K2,20261213,65,0.9533622106713785
v0_2,K2,20261213,66,0.9454554448131547
v0_2,K2,20261213,67,0.955221560263678
v0_2,K2,20261213,68,0.9640750694665707
v0_2,K2,20261213,69,0.9413206633233436
v0_2,K2,20261213,70,0.9419708204115091
v0_2,K2,20261213,71,0.9359569572600306
v0_2,K2,20261213,72,0.9405600561118583
v0_2,K2,20261213,73,0.9291763086219618
v0_2,K2,20261213,74,0.9480066387219888
v0_2,K2,20261213,75,0.9613883393741545
v0_2,K2,20261213,76,0.9510045766695189
v0_2,K2,20261213,77,0.9226240128917824
v0_2,K2,20261213,78,1.0042174738780378
v0_2,K2,20261213,79,1.0518392322596914
v0_2,K2,20261213,80,0.9801774436176683
v0_2,K2,20261213,81,0.9306377179327118
v0_2,K2,20261213,82,0.9843134529460665
v0_2,K2,20261213,83,0.9852935368416814
v0_2,K2,20261213,84,0.9536106134907555
v0_2,K2,20261213,85,0.9474717129859241
v0_2,K2,20261213,86,0.9596357257686833
v0_2,K2,20261213,87,0.9627296834031515
v0_2,K2,20261213,88,0.9617735513028067
v0_2,K2,20261213,89,0.9647220038815998
v0_2,K2,20261213,90,0.9618169081883353
v0_2,K2,20261213,91,0.9559061014648578
v0_2,K2,20261213,92,0.9480851072059852
v0_2,K2,20261213,93,0.9435297120367603
v0_2,K2,20261213,94,0.9496843127139035
v0_2,K2,20261213,95,0.9430978530933405
v0_2,K2,20261213,96,0.9358702880972843
v0_2,K2,20261213,97,0.9336802611709493
v0_2,K2,20261213,98,0.9294717240906403
v0_2,K2,20261213,99,0.9367379312021653
v0_2,K2,20261213,100,0.9253006295218608
v0_2,K2,20261213,101,0.9236382489257524
v0_2,K2,20261213,102,0.9154440055853899
v0_2,K2,20261213,103,0.9238207438689199
v0_2,K2,20261213,104,0.9252421736294854
v0_2,K2,20261213,105,0.9124783910698143
v0_2,K2,20261213,106,0.9255696306568483
v0_2,K2,20261213,107,0.9511160296593458
v0_2,K2,20261213,108,0.9290937965486472
v0_2,K2,20261213,109,0.9177711147045207
v0_2,K2,20261213,110,0.9170929539512774
v0_2,K2,20261213,111,0.9028759730674601
v0_2,K2,20261213,112,0.9313128346925165
v0_2,K2,20261213,113,0.9255499635312451
v0_2,K2,20261213,114,0.9063396517857869
v0_2,K2,20261213,115,0.9049214823091873
v0_2,K2,20261213,116,0.8998914771432067
v0_2,K2,20261213,117,0.9099433001873086
v0_2,K2,20261213,118,0.9028504507102725
v0_2,K2,20261213,119,0.8982336465119946
v0_2,K2,20261213,120,0.896632738720351
v0_2,K2,20261213,121,0.8984300124727297
v0_2,K2,20261213,122,0.8919874437027844
v0_2,K2,20261213,123,0.9010701449556301
v0_2,K2,20261213,124,0.889989982586319
v0_2,K2,20261213,125,0.9347334687999543
v0_2,K2,20261213,126,0.8922868444656187
v0_2,K2,20261213,127,0.9224238038627793
v0_2,K2,20261213,128,0.9097861347279117
v0_2,K2,20261213,129,0.9050774294984252
v0_2,K2,20261213,130,0.9212979298691542
v0_2,K2,20261213,131,0.8882647361584944
v0_2,K2,20261213,132,0.897639111166251
v0_2,K2,20261213,133,0.8966741254994681
v0_2,K2,20261213,134,0.8816337908934246
v0_2,K2,20261213,135,0.8830748760214598
v0_2,K2,20261213,136,0.8839002616054846
v0_2,K2,20261213,137,0.880200268908848
v0_2,K2,20261213,138,0.8724123317139516
v0_2,K2,20261213,139,0.8802584789721644
v0_2,K2,20261213,140,0.8688040244179506
v0_2,K2,20261213,141,0.8687179432471472
v0_2,K2,20261213,142,0.8811365595316287
v0_2,K2,20261213,143,0.8700767079839749
v0_2,K2,20261213,144,0.8486678321566227
v0_2,K2,20261213,145,0.865654007592518
v0_2,K2,20261213,146,0.8681616462761127
v0_2,K2,20261213,147,0.8578097906002354
v0_2,K2,20261213,148,0.8742124150522703
v0_2,K2,20261213,149,0.8644195659310538
v0_2,K2,20261213,150,0.850981365984357
v0_2,K2,20261213,151,0.8549596859660336
v0_2,K2,20261213,152,0.8295683799304236
v0_2,K2,20261213,153,0.8069042268318571
v0_2,K2,20261213,154,0.8681405829372427
v0_2,K2,20261213,155,0.8577513657410817
v0_2,K2,20261213,156,0.8169090407510403
v0_2,K2,20261213,157,0.82304633924669
v0_2,K2,20261213,158,0.8050729179639826
v0_2,K2,20261213,159,0.8345975096340957
v0_2,K2,20261213,160,0.8209925872775671
v0_2,K2,20261213,161,0.7681896420678678
v0_2,K2,20261213,162,0.9491969035132675
v0_2,K2,20261213,163,0.9686051823857691
v0_2,K2,20261213,164,0.9098123285554991
v0_2,K2,20261213,165,0.8998246031628873
v0_2,K2,20261213,166,0.8572329510694549
v0_2,K2,20261213,167,0.8070986019133489
v0_2,K2,20261213,168,0.8369623076618972
v0_2,K2,20261213,169,0.9392102344963429
v0_2,K2,20261213,170,0.8588480698679859
v0_2,K2,20261213,171,0.8081162614085491
v0_2,K2,20261213,172,0.874436662375524
v0_2,K2,20261213,173,0.897206111383108
v0_2,K2,20261213,174,0.8990758635103704
v0_2,K2,20261213,175,0.8042074097133588
v0_2,K2,20261213,176,0.8169828069522953
v0_2,K2,20261213,177,0.9131963191816478
v0_2,K2,20261213,178,0.8216052954607996
v0_2,K2,20261213,179,0.9482105262833255
v0_2,K2,20261213,180,0.8884845572764605
v0_2,K2,20261213,181,0.8534834278954346
v0_2,K2,20261213,182,0.8018163286745775
v0_2,K2,20261213,183,0.7747040352080714
v0_2,K2,20261213,184,0.7678665487885055
v0_2,K2,20261213,185,0.8517753566020261
v0_2,K2,20261213,186,0.7806233596948207
v0_2,K2,20261213,187,0.7124811770853906
v0_2,K2,20261213,188,0.8593707493555391
v0_2,K2,20261213,189,0.8841756095950047
v0_2,K2,20261213,190,0.7162001939029824
v0_2,K2,20261213,191,0.7670670094413466
v0_2,K2,20261213,192,0.8411289459674034
v0_2,K2,20261213,193,0.8451521444218472
v0_2,K2,20261213,194,0.8205311551295783
v0_2,K2,20261213,195,0.7433904629621937
v0_2,K2,20261213,196,0.7391246014738598
v0_2,K2,20261213,197,0.812099828712394
v0_2,K2,20261213,198,0.9299054919023396
v0_2,K2,20261213,199,0.9653503752795819
v0_2,K2,20261213,200,0.9314606965551189
v0_2,K2,20261213,201,0.8871937630403461
v0_2,K2,20261213,202,0.776451750343177
v0_2,K2,20261213,203,1.0142200217337018
v0_2,K2,20261213,204,1.0025813568594986
v0_2,K2,20261213,205,0.9717487922654549
v0_2,K2,20261213,206,0.9305746016307518
v0_2,K2,20261213,207,0.8902229442270652
v0_2,K2,20261213,208,0.8647494938612679
v0_2,K2,20261213,209,1.1677655894988614
v0_2,K2,20261213,210,1.0887736088036712
v0_2,K2,20261213,211,0.9155049979247365
v0_2,K2,20261213,212,0.9193036763779651
v0_2,K2,20261213,213,0.9091197666251664
v0_2,K2,20261213,214,0.8940996041960835
v0_2,K2,20261213,215,0.8481499129722705
v0_2,K2,20261213,216,0.7862573639905259
v0_2,K2,20261213,217,0.8015694341175124
v0_2,K2,20261213,218,0.7469851461678457
v0_2,K2,20261213,219,0.7470105915271263
v0_2,K2,20261213,220,0.7520725852078585
v0_2,K2,20261213,221,0.7356883768839911
v0_2,K2,20261213,222,0.7183805850422468
v0_2,K2,20261213,223,0.7435606495988368
v0_2,K2,20261213,224,0.7089234681428511
v0_2,K2,20261213,225,0.687860436271388
v0_2,K2,20261213,226,0.7674963347477537
v0_2,K2,20261213,227,0.7419811241896322
v0_2,K2,20261213,228,0.6958756219905232
v0_2,K2,20261213,229,0.6571307856207121
v0_2,K2,20261213,230,0.756430586168873
v0_2,K2,20261213,231,0.7901930519385069
v0_2,K2,20261213,232,0.6386636050846753
v0_2,K2,20261213,233,0.7901130068261165
v0_2,K2,20261213,234,0.8628786965632262
v0_2,K2,20261213,235,0.8119005541901821
v0_2,K2,20261213,236,0.6758097821194545
v0_2,K2,20261213,237,0.6129947902826742
v0_2,K2,20261213,238,0.7089268162587111
v0_2,K2,20261213,239,0.6856812597476009
v0_2,K2,20261213,240,0.5644623535866045
v0_2,K2,20261213,241,0.7549199892311137
v0_2,K2,20261213,242,0.8144840547478961
v0_2,K2,20261213,243,0.8922580176095323
v0_2,K2,20261213,244,0.9677307640649305
v0_2,K2,20261213,245,0.7430486796319232
v0_2,K2,20261213,246,0.629643244430246
v0_2,K2,20261213,247,0.7785139261344557
v0_2,K2,20261213,248,0.6173569244746488
v0_2,K2,20261213,249,0.7705365406225736
v0_2,K2,20261213,250,0.7581219590554334
v0_2,K2,20261213,251,0.5717529283219577
v0_2,K2,20261213,252,0.7200594897352969
v0_2,K2,20261213,253,0.8240985893209557
v0_2,K2,20261213,254,0.6880171037639212
v0_2,K2,20261213,255,0.5248040521271459
v0_2,K2,20261213,256,0.5759914400254051
v0_2,K2,20261213,257,0.53179189484085
v0_2,K2,20261213,258,0.5517964308120439
v0_2,K2,20261213,259,0.5755775374076876
v0_2,K2,20261213,260,0.469631866744755
v0_2,K2,20261213,261,0.58603096952935
v0_2,K2,20261213,262,0.5834254478856751
v0_2,K2,20261213,263,0.4390758113781545
v0_2,K2,20261213,264,0.7308090421127732
v0_2,K2,20261213,265,0.8962523323979498
v0_2,K2,20261213,266,0.9454974460794171
v0_2,K2,20261213,267,0.8433491248026096
v0_2,K2,20261213,268,0.7084882044661114
v0_2,K2,20261213,269,0.47794909238392336
v0_2,K2,20261213,270,0.5150824973964706
v0_2,K2,20261213,271,0.5683783835305067
v0_2,K2,20261213,272,0.600154774951415
v0_2,K2,20261213,273,0.8058354802938458
v0_2,K2,20261213,274,0.4651903809871593
v0_2,K2,20261213,275,0.8381086184472699
v0_2,K2,20261213,276,0.9634793817543343
v0_2,K2,20261213,277,0.8904000710839249
v0_2,K2,20261213,278,0.5268990257372937
v0_2,K2,20261213,279,0.8512657349646232
v0_2,K2,20261213,280,0.8176304415303072
v0_2,K2,20261213,281,0.45823507302366595
v0_2,K2,20261213,282,0.7117006287024745
v0_2,K2,20261213,283,0.8077065234081937
v0_2,K2,20261213,284,0.7557058398750299
v0_2,K2,20261213,285,0.47610634213148056
v0_2,K2,20261213,286,0.6761290213185849
v0_2,K2,20261213,287,0.8268208616913608
v0_2,K2,20261213,288,0.8277392061853766
v0_2,K2,20261213,289,0.5658456116799961
v0_2,K2,20261213,290,0.4717804969713292
v0_2,K2,20261213,291,0.5818042067991901
v0_2,K2,20261213,292,0.5010204807000456
v0_2,K2,20261213,293,0.37057540828993024
v0_2,K2,20261213,294,0.3918314403523077
v0_2,K2,20261213,295,0.4016593212260882
v0_2,K2,20261213,296,0.3643467432236712
v0_2,K2,20261213,297,0.34843415339729383
v0_2,K2,20261213,298,0.33991601979722463
v0_2,K2,20261213,299,0.42909118447609634
v0_2,K2,20261213,300,0.3865889080851214
v0_2,K2,20261213,301,0.42538223909806033
v0_2,K2,20261213,302,0.49713805364067015
v0_2,K2,20261213,303,0.44974821613680427
v0_2,K2,20261213,304,0.46288975210557004
v0_2,K2,20261213,305,0.5631306417565011
v0_2,K2,20261213,306,0.6632339112188798
v0_2,K2,20261213,307,0.4907374247950593
v0_2,K2,20261213,308,0.5707350948208182
v0_2,K2,20261213,309,0.5711077286767711
v0_2,K2,20261213,310,0.8009237061763741
v0_2,K2,20261213,311,0.46007318922291845
v0_2,K2,20261213,312,0.7152752601184388
v0_2,K2,20261213,313,0.8053167561587844
v0_2,K2,20261213,314,0.6896137774277615
v0_2,K2,20261213,315,0.6569247296496028
v0_2,K2,20261213,316,0.3760868847150622
v0_2,K2,20261213,317,0.4102260565914977
v0_2,K2,20261213,318,0.5730835224227852
v0_2,K2,20261213,319,0.5145427450141236
v0_2,K2,20261213,320,0.4316338180965932
v0_2,K2,20261213,321,0.40577730642217763
v0_2,K2,20261213,322,0.3877690926214485
v0_2,K2,20261213,323,0.43396415579162156
v0_2,K2,20261213,324,0.43874238109374336
v0_2,K2,20261213,325,0.3157576768550487
v0_2,K2,20261213,326,0.4638571326824427
v0_2,K2,20261213,327,0.6177869064932765
v0_2,K2,20261213,328,0.5001758404649604
v0_2,K2,20261213,329,0.3021881624134126
v0_2,K2,20261213,330,0.39381046872190284
v0_2,K2,20261213,331,0.4764215677772567
v0_2,K2,20261213,332,0.479684978664043
v0_2,K2,20261213,333,0.41145468999954854
v0_2,K2,20261213,334,0.3666676551889075
v0_2,K2,20261213,335,0.3495049694585636
v0_2,K2,20261213,336,0.295518167160325
v0_2,K2,20261213,337,0.32958255336723236
v0_2,K2,20261213,338,0.28580294548976076
v0_2,K2,20261213,339,0.28145052594717646
v0_2,K2,20261213,340,0.2709720910411876
v0_2,K2,20261213,341,0.30357628979574325
v0_2,K2,20261213,342,0.26279917870011854
v0_2,K2,20261213,343,0.2599065565155478
v0_2,K2,20261213,344,0.3104199249808742
v0_2,K2,20261213,345,0.29767446112325596
v0_2,K2,20261213,346,0.3502472740194713
v0_2,K2,20261213,347,0.3404757494202457
v0_2,K2,20261213,348,0.3165425515491255
v0_2,K2,20261213,349,0.31579997410428984
v0_2,K2,20261213,350,0.30030797879639537
v0_2,K2,20261213,351,0.2818293908059873
v0_2,K2,20261213,352,0.343483666077854
v0_2,K2,20261213,353,0.3239948687970256
v0_2,K2,20261213,354,0.2481100424789371
v0_2,K2,20261213,355,0.23935988981975517
v0_2,K2,20261213,356,0.2623756848290909
v0_2,K2,20261213,357,0.24593157768295723
v0_2,K2,20261213,358,0.2574937174855942
v0_2,K2,20261213,359,0.2373077849741357
v0_2,K2,20261213,360,0.2665061001205245
v0_2,K2,20261213,361,0.2858786692225256
v0_2,K2,20261213,362,0.3038069519782084
v0_2,K2,20261213,363,0.22081502084510443
v0_2,K2,20261213,364,0.39075006091498743
v0_2,K2,20261213,365,0.45127145217081654
v0_2,K2,20261213,366,0.2885820720643208
v0_2,K2,20261213,367,0.245392603882532
v0_2,K2,20261213,368,0.26748022267704197
v0_2,K2,20261213,369,0.22342122567069267
v0_2,K2,20261213,370,0.25762013001422573
v0_2,K2,20261213,371,0.2853727603177087
v0_2,K2,20261213,372,0.2488116792162075
v0_2,K2,20261213,373,0.22509929859507768
v0_2,K2,20261213,374,0.23344162841298835
v0_2,K2,20261213,375,0.2649424317879046
v0_2,K2,20261213,376,0.27549602623339386
v0_2,K2,20261213,377,0.22374364988540277
v0_2,K2,20261213,378,0.22640258059748503
v0_2,K2,20261213,379,0.2007939671929601
v0_2,K2,20261213,380,0.20464681076671964
v0_2,K2,20261213,381,0.2280794637182809
v0_2,K2,20261213,382,0.20868972403591024
v0_2,K2,20261213,383,0.21941092182771396
v0_2,K2,20261213,384,0.21194846151510183
v0_2,K2,20261213,385,0.21034696231896063
v0_2,K2,20261213,386,0.19868134768273601
v0_2,K2,20261213,387,0.239333563187315
v0_2,K2,20261213,388,0.2555278248627305
v0_2,K2,20261213,389,0.19968365938496943
v0_2,K2,20261213,390,0.25545144200104897
v0_2,K2,20261213,391,0.32181483840780956
v0_2,K2,20261213,392,0.2648848010079881
v0_2,K2,20261213,393,0.1889072574865712
v0_2,K2,20261213,394,0.22511176388448412
v0_2,K2,20261213,395,0.23763444023524805
v0_2,K2,20261213,396,0.20831340289683065
v0_2,K2,20261213,397,0.18851074359225417
v0_2,K2,20261213,398,0.20157836010610325
v0_2,K2,20261213,399,0.19554752241887027
v0_2,K2,20261213,400,0.18233307849079758
v0_2,K2,20261213,401,0.23051097486227443
v0_2,K2,20261213,402,0.23263394028540013
v0_2,K2,20261213,403,0.24181285291373253
v0_2,K2,20261213,404,0.21367152738441225
v0_2,K2,20261213,405,0.20167480086244463
v0_2,K2,20261213,406,0.20636018561784109
v0_2,K2,20261213,407,0.1845977878357318
v0_2,K2,20261213,408,0.17999624306285988
v0_2,K2,20261213,409,0.1899373175785913
v0_2,K2,20261213,410,0.17639750705838408
v0_2,K2,20261213,411,0.23362755328728882
v0_2,K2,20261213,412,0.2366077800931962
v0_2,K2,20261213,413,0.1673057942054106
v0_2,K2,20261213,414,0.2878234781582329
v0_2,K2,20261213,415,0.3733849503973447
v0_2,K2,20261213,416,0.31070864117741726
v0_2,K2,20261213,417,0.20643682488664644
v0_2,K2,20261213,418,0.2509139163282955
v0_2,K2,20261213,419,0.3207868959242001
v0_2,K2,20261213,420,0.3077265667357452
v0_2,K2,20261213,421,0.24262578701876436
v0_2,K2,20261213,422,0.16311537614041274
v0_2,K2,20261213,423,0.2552179817954967
v0_2,K2,20261213,424,0.3402127425207294
v0_2,K2,20261213,425,0.2671772015979954
v0_2,K2,20261213,426,0.28626130526194415
v0_2,K2,20261213,427,0.3646213124184056
v0_2,K2,20261213,428,0.3510487263714106
v0_2,K2,20261213,429,0.24542310311893115
v0_2,K2,20261213,430,0.22376911448317313
v0_2,K2,20261213,431,0.2927688527217033
v0_2,K2,20261213,432,0.24636159182177023
v0_2,K2,20261213,433,0.1606035117203333
v0_2,K2,20261213,434,0.21766308560836475
v0_2,K2,20261213,435,0.21156649690954085
v0_2,K2,20261213,436,0.18239147182508844
v0_2,K2,20261213,437,0.16698475599653584
v0_2,K2,20261213,438,0.17262166161095768
v0_2,K2,20261213,439,0.1712132333484577
v0_2,K2,20261213,440,0.1543753331826043
v0_2,K2,20261213,441,0.14922935609388124
v0_2,K2,20261213,442,0.16147820441290306
v0_2,K2,20261213,443,0.15487863438051647
v0_2,K2,20261213,444,0.1470105778578867
v0_2,K2,20261213,445,0.16504682761750597
v0_2,K2,20261213,446,0.15600198986972785
v0_2,K2,20261213,447,0.15849147520605472
v0_2,K2,20261213,448,0.16256184107255459
v0_2,K2,20261213,449,0.15495159594440355
v0_2,K2,20261213,450,0.14751007883832162
v0_2,K2,20261213,451,0.13890492006675373
v0_2,K2,20261213,452,0.13412036131481458
v0_2,K2,20261213,453,0.13569538209903884
v0_2,K2,20261213,454,0.14002384384550368
v0_2,K2,20261213,455,0.1292616886543412
v0_2,K2,20261213,456,0.13266542675352516
v0_2,K2,20261213,457,0.15734949914801757
v0_2,K2,20261213,458,0.13626817290069612
v0_2,K2,20261213,459,0.16072570205358927
v0_2,K2,20261213,460,0.15115584100894847
v0_2,K2,20261213,461,0.14837171933388463
v0_2,K2,20261213,462,0.15559373100121882
v0_2,K2,20261213,463,0.11072753171517437
v0_2,K2,20261213,464,0.10396307567685582
v0_2,K2,20261213,465,0.12273779138055241
v0_2,K2,20261213,466,0.10252573745091229
v0_2,K2,20261213,467,0.10579082653427867
v0_2,K2,20261213,468,0.11925811858896498
v0_2,K2,20261213,469,0.09724442636540191
v0_2,K2,20261213,470,0.16976136206454476
v0_2,K2,20261213,471,0.11780084830804566
v0_2,K2,20261213,472,0.1505725283222434
v0_2,K2,20261213,473,0.18866338644861055
v0_2,K2,20261213,474,0.1048466030114898
v0_2,K2,20261213,475,0.2792479673065022
v0_2,K2,20261213,476,0.2941465994636175
v0_2,K2,20261213,477,0.08022090755937535
v0_2,K2,20261213,478,0.09804177932088064
v0_2,K2,20261213,479,0.08049237006002048
v0_2,K2,20261213,480,0.06608811954249512
v0_2,K2,20261213,481,0.10851421241420284
v0_2,K2,20261213,482,0.05812529665137662
v0_2,K2,20261213,483,0.26534761541787966
v0_2,K2,20261213,484,0.38681531590613283
v0_2,K2,20261213,485,0.33763719773294204
v0_2,K2,20261213,486,0.15815110524869974
v0_2,K2,20261213,487,0.5460737405765944
v0_2,K2,20261213,488,0.5262150291482904
v0_2,K2,20261213,489,0.07747411549609727
v0_2,K2,20261213,490,0.0810654158720902
v0_2,K2,20261213,491,0.10914842766884385
v0_2,K2,20261213,492,0.06428527697137687
v0_2,K2,20261213,493,0.07462316325629506
v0_2,K2,20261213,494,0.04253302269343453
v0_2,K2,20261213,495,0.040370841784569504
v0_2,K2,20261213,496,0.05818008972585056
v0_2,K2,20261213,497,0.06101876733544984
v0_2,K2,20261213,498,0.06438041995885405
v0_2,K2,20261213,499,0.05600962769625309
v0_2,K2,20261213,500,0.05886908741841196
v0_2,K2,20261213,501,0.049253109102788656
v0_2,K2,20261213,502,0.04645484150319897
v0_2,K2,20261213,503,0.0591256737678927
v0_2,K2,20261213,504,0.052191635533604286
v0_2,K2,20261213,505,0.047145276255940574
v0_2,K2,20261213,506,0.05674649175335669
v0_2,K2,20261213,507,0.04512871711358007
v0_2,K2,20261213,508,0.07860251787684805
v0_2,K2,20261213,509,0.041875922242226235
v0_2,K2,20261213,510,0.06496194756023614
v0_2,K2,20261213,511,0.047452911692197244
v0_2,K2,20261213,512,0.04235181228066178
v0_2,K2,20261213,513,0.12664757332798396
v0_2,K2,20261213,514,0.0657371296526237
v0_2,K2,20261213,515,0.1571855371285412
v0_2,K2,20261213,516,0.23451852901384881
v0_2,K2,20261213,517,0.17245451497439618
v0_2,K2,20261213,518,0.035753934423221945
v0_2,K2,20261213,519,0.7192548993554339
v0_2,K2,20261213,520,1.1463554396067808
v0_2,K2,20261213,521,0.3249064197529312
v0_2,K2,20261213,522,0.1335167134206676
v0_2,K2,20261213,523,0.2277532437242203
v0_2,K2,20261213,524,0.18109886397599748
v0_2,K2,20261213,525,0.06634664696919365
v0_2,K2,20261213,526,0.3058464308668788
v0_2,K2,20261213,527,0.4426110401408811
v0_2,K2,20261213,528,0.16647365639035153
v0_2,K2,20261213,529,0.15301102370382658
v0_2,K2,20261213,530,0.2923118025855797
v0_2,K2,20261213,531,0.33589738763189575
v0_2,K2,20261213,532,0.2834347186023071
v0_2,K2,20261213,533,0.17423538415637851
v0_2,K2,20261213,534,0.19097668639211815
v0_2,K2,20261213,535,0.28285591460178605
v0_2,K2,20261213,536,0.22661848949676572
v0_2,K2,20261213,537,0.1260920666231168
v0_2,K2,20261213,538,0.18022494414352824
v0_2,K2,20261213,539,0.2504286961500921
v0_2,K2,20261213,540,0.23920605111496712
v0_2,K2,20261213,541,0.1624003049673315
v0_2,K2,20261213,542,0.09261406706189598
v0_2,K2,20261213,543,0.144100453468043
v0_2,K2,20261213,544,0.15376334487345716
v0_2,K2,20261213,545,0.09432650996975135
v0_2,K2,20261213,546,0.10599565384877972
v0_2,K2,20261213,547,0.10739143803728401
v0_2,K2,20261213,548,0.08285533490649494
v0_2,K2,20261213,549,0.09723123089578395
v0_2,K2,20261213,550,0.0663588253875875
v0_2,K2,20261213,551,0.0823840289743278
v0_2,K2,20261213,552,0.10127073373726671
v0_2,K2,20261213,553,0.06326026510443639
v0_2,K2,20261213,554,0.09363796486655564
v0_2,K2,20261213,555,0.13276149092120682
v0_2,K2,20261213,556,0.05198993084889906
v0_2,K2,20261213,557,0.10151561600665057
v0_2,K2,20261213,558,0.13711091601210604
v0_2,K2,20261213,559,0.09445640827571972
v0_2,K2,20261213,560,0.03989021829788432
v0_2,K2,20261213,561,0.05692622392797323
v0_2,K2,20261213,562,0.037381572583639465
v0_2,K2,20261213,563,0.03627193701132495
v0_2,K2,20261213,564,0.04970221632345231
v0_2,K2,20261213,565,0.037891693007800334
v0_2,K2,20261213,566,0.044853289431359855
v0_2,K2,20261213,567,0.03667732100075304
v0_2,K2,20261213,568,0.046700759693573554
v0_2,K2,20261213,569,0.03168231213303692
v0_2,K2,20261213,570,0.07252438728267122
v0_2,K2,20261213,571,0.09292904907111212
v0_2,K2,20261213,572,0.08212977725935666
v0_2,K2,20261213,573,0.07589800285993101
v0_2,K2,20261213,574,0.040542736974208335
v0_2,K2,20261213,575,0.050402922589590116
v0_2,K2,20261213,576,0.08412200406519534
v0_2,K2,20261213,577,0.09217420563610268
v0_2,K2,20261213,578,0.07723203984860859
v0_2,K2,20261213,579,0.04015769934425477
v0_2,K2,20261213,580,0.05295839942263389
v0_2,K2,20261213,581,0.1064349728320176
v0_2,K2,20261213,582,0.14323397778913743
v0_2,K2,20261213,583,0.1380610750358938
v0_2,K2,20261213,584,0.09248820077191289
v0_2,K2,20261213,585,0.04566512240962964
v0_2,K2,20261213,586,0.028043709720176724
v0_2,K2,20261213,587,0.06146166420123102
v0_2,K2,20261213,588,0.07741189115058167
v0_2,K2,20261213,589,0.06994952885682898
v0_2,K2,20261213,590,0.06643211461605833
v0_2,K2,20261213,591,0.036006848908539446
v0_2,K2,20261213,592,0.05303453657188629
v0_2,K2,20261213,593,0.07645100747324471
v0_2,K2,20261213,594,0.052209183388399506
v0_2,K2,20261213,595,0.07839192790027809
v0_2,K2,20261213,596,0.08891951182709143
v0_2,K2,20261213,597,0.04576813093791527
v0_2,K2,20261213,598,0.0383165073256507
v0_2,K2,20261213,599,0.052619292748725614
v0_2,K2,20261213,600,0.03223719351169884
v0_2,K2,20261213,601,0.054704502613642236
v0_2,K2,20261213,602,0.05565592683624725
v0_2,K2,20261213,603,0.027862950072375207
v0_2,K2,20261213,604,0.060461856060963444
v0_2,K2,20261213,605,0.04823098238572962
v0_2,K2,20261213,606,0.03298677528992041
v0_2,K2,20261213,607,0.03764957820127812
v0_2,K2,20261213,608,0.026849953769392775
v0_2,K2,20261213,609,0.02373158924336082
v0_2,K2,20261213,610,0.036996939029989837
v0_2,K2,20261213,611,0.024209779708104052
v0_2,K2,20261213,612,0.07410842411970638
v0_2,K2,20261213,613,0.09633572529404952
v0_2,K2,20261213,614,0.031416277430223356
v0_2,K2,20261213,615,0.06248727236778736
v0_2,K2,20261213,616,0.13326753431802574
v0_2,K2,20261213,617,0.14726572533142945
v0_2,K2,20261213,618,0.10338898123917022
v0_2,K2,20261213,619,0.038221461533018544
v0_2,K2,20261213,620,0.03950578424082225
v0_2,K2,20261213,621,0.053030032755133245
v0_2,K2,20261213,622,0.02217346083230884
v0_2,K2,20261213,623,0.06490916027988029
v0_2,K2,20261213,624,0.08229281610866285
v0_2,K2,20261213,625,0.04699819644968957
v0_2,K2,20261213,626,0.052325394191055044
v0_2,K2,20261213,627,0.07442663335045621
v0_2,K2,20261213,628,0.032414958221762075
v0_2,K2,20261213,629,0.038408068719788815
v0_2,K2,20261213,630,0.07229402981549139
v0_2,K2,20261213,631,0.06545971616017626
v0_2,K2,20261213,632,0.03354352345137905
v0_2,K2,20261213,633,0.04521069913519304
v0_2,K2,20261213,634,0.07724196532258075
v0_2,K2,20261213,635,0.054671601998357876
v0_2,K2,20261213,636,0.0372418599127926
v0_2,K2,20261213,637,0.04978114044477391
v0_2,K2,20261213,638,0.058533375568761994
v0_2,K2,20261213,639,0.0377675808640339
v0_2,K2,20261213,640,0.02326547216449436
v0_2,K2,20261213,641,0.04106778340722243
v0_2,K2,20261213,642,0.03052622335120631
v0_2,K2,20261213,643,0.025208016448823325
v0_2,K2,20261213,644,0.027054875782297403
v0_2,K2,20261213,645,0.023005163744891963
v0_2,K2,20261213,646,0.024415274701682744
v0_2,K2,20261213,647,0.022948459146598703
v0_2,K2,20261213,648,0.02393734830818788
v0_2,K2,20261213,649,0.02066707926151437
v0_2,K2,20261213,650,0.019809231420846077
v0_2,K2,20261213,651,0.023302684296921703
v0_2,K2,20261213,652,0.022828680387218914
v0_2,K2,20261213,653,0.02057354662183448
v0_2,K2,20261213,654,0.021462012034997008
v0_2,K2,20261213,655,0.023179890967338104
v0_2,K2,20261213,656,0.019010248503319272
v0_2,K2,20261213,657,0.024720543721187226
v0_2,K2,20261213,658,0.0267170013840213
v0_2,K2,20261213,659,0.021443371080764655
v0_2,K2,20261213,660,0.019937557366145237
v0_2,K2,20261213,661,0.02237492585148219
v0_2,K2,20261213,662,0.022884670753144917
v0_2,K2,20261213,663,0.01753850571698566
v0_2,K2,20261213,664,0.024899166915429448
v0_2,K2,20261213,665,0.025709400491299012
v0_2,K2,20261213,666,0.020132850261079336
v0_2,K2,20261213,667,0.01977222352012072
v0_2,K2,20261213,668,0.020495122163896037
v0_2,K2,20261213,669,0.021491862109970165
v0_2,K2,20261213,670,0.017279402183313385
v0_2,K2,20261213,671,0.024585375345975432
v0_2,K2,20261213,672,0.027226581285993534
v0_2,K2,20261213,673,0.019164727559268846
v0_2,K2,20261213,674,0.02063370662439763
v0_2,K2,20261213,675,0.02097229033104431
v0_2,K2,20261213,676,0.021796218981494888
v0_2,K2,20261213,677,0.018047875960377147
v0_2,K2,20261213,678,0.02009949457285501
v0_2,K2,20261213,679,0.02608488647498545
v0_2,K2,20261213,680,0.02129840328969864
v0_2,K2,20261213,681,0.016750243998414696
v0_2,K2,20261213,682,0.01848813591730539
v0_2,K2,20261213,683,0.02186421419352376
v0_2,K2,20261213,684,0.019314465784579883
v0_2,K2,20261213,685,0.01551808692214933
v0_2,K2,20261213,686,0.0181981805778045
v0_2,K2,20261213,687,0.016506266644183004
v0_2,K2,20261213,688,0.015828463919215285
v0_2,K2,20261213,689,0.016982004428435588
v0_2,K2,20261213,690,0.016379608307481367
v0_2,K2,20261213,691,0.014868892181610811
v0_2,K2,20261213,692,0.015505635854154334
v0_2,K2,20261213,693,0.014304003563769142
v0_2,K2,20261213,694,0.01709101658350101
v0_2,K2,20261213,695,0.015459785757399903
v0_2,K2,20261213,696,0.01585615984305756
v0_2,K2,20261213,697,0.01494062479082398
v0_2,K2,20261213,698,0.01719200993632983
v0_2,K2,20261213,699,0.01642991879689217
v0_2,K2,20261213,700,0.014330869648030825
v0_2,K2,20261213,701,0.014368682578247515
v0_2,K2,20261213,702,0.015395595574911195
v0_2,K2,20261213,703,0.014507404902025555
v0_2,K2,20261213,704,0.01572196972505543
v0_2,K2,20261213,705,0.01659967557661306
v0_2,K2,20261213,706,0.013309155788049911
v0_2,K2,20261213,707,0.017071573125551843
v0_2,K2,20261213,708,0.015972464518397973
v0_2,K2,20261213,709,0.014063685996464629
v0_2,K2,20261213,710,0.015235820600355443
v0_2,K2,20261213,711,0.013245041037148818
v0_2,K2,20261213,712,0.015388800434035883
v0_2,K2,20261213,713,0.014429020898532362
v0_2,K2,20261213,714,0.01458951400369631
v0_2,K2,20261213,715,0.014883332583723518
v0_2,K2,20261213,716,0.01318687986878072
v0_2,K2,20261213,717,0.014206564214501052
v0_2,K2,20261213,718,0.012654085961701533
v0_2,K2,20261213,719,0.013728379961774801
v0_2,K2,20261213,720,0.012915477885228888
v0_2,K2,20261213,721,0.014316790795505114
v0_2,K2,20261213,722,0.015539645777921917
v0_2,K2,20261213,723,0.012066487560379615
v0_2,K2,20261213,724,0.015510864194814442
v0_2,K2,20261213,725,0.016575800442638847
v0_2,K2,20261213,726,0.012423054408908804
v0_2,K2,20261213,727,0.01683895605995002
v0_2,K2,20261213,728,0.023282782130360703
v0_2,K2,20261213,729,0.015814356930035238
v0_2,K2,20261213,730,0.01198827651633431
v0_2,K2,20261213,731,0.013311423903678765
v0_2,K2,20261213,732,0.011756473735599564
v0_2,K2,20261213,733,0.014239946856442198
v0_2,K2,20261213,734,0.015041337687565494
v0_2,K2,20261213,735,0.011516267535819994
v0_2,K2,20261213,736,0.016812877787931217
v0_2,K2,20261213,737,0.02266038646311579
v0_2,K2,20261213,738,0.018402463921281597
v0_2,K2,20261213,739,0.011651448670609878
v0_2,K2,20261213,740,0.02238464988952294
v0_2,K2,20261213,741,0.04456108700672428
v0_2,K2,20261213,742,0.03811839234332475
v0_2,K2,20261213,743,0.018130509932572952
v0_2,K2,20261213,744,0.01347375736354464
v0_2,K2,20261213,745,0.01954501833945918
v0_2,K2,20261213,746,0.019296440547365946
v0_2,K2,20261213,747,0.012595679774765799
v0_2,K2,20261213,748,0.014990541949597818
v0_2,K2,20261213,749,0.017506580667055637
v0_2,K2,20261213,750,0.014430561387381875
v0_2,K2,20261213,751,0.014730493673771902
v0_2,K2,20261213,752,0.01924275424986927
v0_2,K2,20261213,753,0.018459449723342323
v0_2,K2,20261213,754,0.01422799618571344
v0_2,K2,20261213,755,0.013232217618194568
v0_2,K2,20261213,756,0.015031207287863625
v0_2,K2,20261213,757,0.01294197779882361
v0_2,K2,20261213,758,0.011044636132003119
v0_2,K2,20261213,759,0.01160186642402328
v0_2,K2,20261213,760,0.01105150526258779
v0_2,K2,20261213,761,0.011497481753100492
v0_2,K2,20261213,762,0.01108935363073198
v0_2,K2,20261213,763,0.010537355189494672
v0_2,K2,20261213,764,0.010923525572444968
v0_2,K2,20261213,765,0.010460790165049978
v0_2,K2,20261213,766,0.01088023915452738
v0_2,K2,20261213,767,0.010558993195445484
v0_2,K2,20261213,768,0.01022397664038599
v0_2,K2,20261213,769,0.01010832415957307
v0_2,K2,20261213,770,0.010214470281837787
v0_2,K2,20261213,771,0.010077839734633777
v0_2,K2,20261213,772,0.010183231910493593
v0_2,K2,20261213,773,0.010316017581096376
v0_2,K2,20261213,774,0.009553221359171681
v0_2,K2,20261213,775,0.010077094831667393
v0_2,K2,20261213,776,0.009423014036430378
v0_2,K2,20261213,777,0.010132393392365597
v0_2,K2,20261213,778,0.010323395544840474
v0_2,K2,20261213,779,0.009275395616268674
v0_2,K2,20261213,780,0.010405562502158516
v0_2,K2,20261213,781,0.010818412267145106
v0_2,K2,20261213,782,0.009231759850552634
v0_2,K2,20261213,783,0.010024207563579175
v0_2,K2,20261213,784,0.010179171261761284
v0_2,K2,20261213,785,0.008858360946284718
v0_2,K2,20261213,786,0.010271173329097457
v0_2,K2,20261213,787,0.01059978070465314
v0_2,K2,20261213,788,0.009364774081106728
v0_2,K2,20261213,789,0.009265416582651403
v0_2,K2,20261213,790,0.00947795330139935
v0_2,K2,20261213,791,0.00912888221246637
v0_2,K2,20261213,792,0.008958164058064759
v0_2,K2,20261213,793,0.008936143793680209
v0_2,K2,20261213,794,0.008758046956481904
v0_2,K2,20261213,795,0.008632199106151841
v0_2,K2,20261213,796,0.008761583040910882
v0_2,K2,20261213,797,0.008821664405175629
v0_2,K2,20261213,798,0.008256103823659839
v0_2,K2,20261213,799,0.008513302932830705
v0_2,K2,20261213,800,0.008268656695822411
v0_2,K2,20261213,801,0.008444000679855911
v0_2,K2,20261213,802,0.008547668416862466
v0_2,K2,20261213,803,0.00800367225653463
v0_2,K2,20261213,804,0.008273555332413906
v0_2,K2,20261213,805,0.008030921102466684
v0_2,K2,20261213,806,0.00814137023841105
v0_2,K2,20261213,807,0.008210355698572674
v0_2,K2,20261213,808,0.007747564404996959
v0_2,K2,20261213,809,0.007922324612845972
v0_2,K2,20261213,810,0.007664109264112498
v0_2,K2,20261213,811,0.007861120511627046
v0_2,K2,20261213,812,0.00762615926600269
v0_2,K2,20261213,813,0.007817399685155527
v0_2,K2,20261213,814,0.007704693566747075
v0_2,K2,20261213,815,0.007519141938965487
v0_2,K2,20261213,816,0.00740367003049325
v0_2,K2,20261213,817,0.007510434932107723
v0_2,K2,20261213,818,0.007316289239327628
v0_2,K2,20261213,819,0.007560124392335179
v0_2,K2,20261213,820,0.007399138686557952
v0_2,K2,20261213,821,0.0073586819396760945
v0_2,K2,20261213,822,0.007375868319027692
v0_2,K2,20261213,823,0.007108662656196071
v0_2,K2,20261213,824,0.007127007345921535
v0_2,K2,20261213,825,0.007082631154869679
v0_2,K2,20261213,826,0.006979268488598453
v0_2,K2,20261213,827,0.007127248981027047
v0_2,K2,20261213,828,0.006963305751435636
v0_2,K2,20261213,829,0.007105862601687063
v0_2,K2,20261213,830,0.007046688156167536
v0_2,K2,20261213,831,0.006808382777091157
v0_2,K2,20261213,832,0.006747714188223809
v0_2,K2,20261213,833,0.006857721507489676
v0_2,K2,20261213,834,0.006707712296798005
v0_2,K2,20261213,835,0.00704908476484266
v0_2,K2,20261213,836,0.007103821541607034
v0_2,K2,20261213,837,0.006544685168734958
v0_2,K2,20261213,838,0.006826833820893292
v0_2,K2,20261213,839,0.0066146926832698905
v0_2,K2,20261213,840,0.006812257628805596
v0_2,K2,20261213,841,0.006990172202167347
v0_2,K2,20261213,842,0.006412227768139506
v0_2,K2,20261213,843,0.006903486197172676
v0_2,K2,20261213,844,0.007006232080519725
v0_2,K2,20261213,845,0.00639388337796785
v0_2,K2,20261213,846,0.007364385120873706
v0_2,K2,20261213,847,0.008492451994673458
v0_2,K2,20261213,848,0.00742690045386716
v0_2,K2,20261213,849,0.006279274140101186
v0_2,K2,20261213,850,0.006909640698042406
v0_2,K2,20261213,851,0.007113070545726182
v0_2,K2,20261213,852,0.006472271379319262
v0_2,K2,20261213,853,0.0065475265007256655
v0_2,K2,20261213,854,0.006947026906470838
v0_2,K2,20261213,855,0.006335298632525332
v0_2,K2,20261213,856,0.006461248572540972
v0_2,K2,20261213,857,0.006733419026665024
v0_2,K2,20261213,858,0.006279491633285892
v0_2,K2,20261213,859,0.006508233946050011
v0_2,K2,20261213,860,0.007038052241960223
v0_2,K2,20261213,861,0.006441459196431189
v0_2,K2,20261213,862,0.006199229070203991
v0_2,K2,20261213,863,0.006409979760744417
v0_2,K2,20261213,864,0.006136911202552031
v0_2,K2,20261213,865,0.006368816153892156
v0_2,K2,20261213,866,0.006678596376177445
v0_2,K2,20261213,867,0.006190805887514064
v0_2,K2,20261213,868,0.006194265424867701
v0_2,K2,20261213,869,0.006371998546207668
v0_2,K2,20261213,870,0.006068019670120036
v0_2,K2,20261213,871,0.006276792107341565
v0_2,K2,20261213,872,0.006552904046981333
v0_2,K2,20261213,873,0.006100381466878127
v0_2,K2,20261213,874,0.006121936328200131
v0_2,K2,20261213,875,0.006328251958551243
v0_2,K2,20261213,876,0.006043585365011823
v0_2,K2,20261213,877,0.006093824781446526
v0_2,K2,20261213,878,0.0063307479173926855
v0_2,K2,20261213,879,0.006002722703467359
v0_2,K2,20261213,880,0.006041149585876642
v0_2,K2,20261213,881,0.0062189575403207124
v0_2,K2,20261213,882,0.005972570015083798
v0_2,K2,20261213,883,0.005975843261114201
v0_2,K2,20261213,884,0.0061271851805062985
v0_2,K2,20261213,885,0.0058788309663795795
v0_2,K2,20261213,886,0.006029358505288008
v0_2,K2,20261213,887,0.006198513243190111
v0_2,K2,20261213,888,0.00594031548780693
v0_2,K2,20261213,889,0.005866943558948354
v0_2,K2,20261213,890,0.005985034047301847
v0_2,K2,20261213,891,0.0057965788603894985
v0_2,K2,20261213,892,0.0059111427553820185
v0_2,K2,20261213,893,0.005983594881406656
v0_2,K2,20261213,894,0.005773405709667191
v0_2,K2,20261213,895,0.005920582190003758
v0_2,K2,20261213,896,0.006091657126117313
v0_2,K2,20261213,897,0.0058288973045998215
v0_2,K2,20261213,898,0.0057653910079163906
v0_2,K2,20261213,899,0.005860677717495436
v0_2,K2,20261213,900,0.005719888848477148
v0_2,K2,20261213,901,0.005786711021187424
v0_2,K2,20261213,902,0.005876055842717594
v0_2,K2,20261213,903,0.005689650373365125
v0_2,K2,20261213,904,0.00577382323596456
v0_2,K2,20261213,905,0.00588982821576524
v0_2,K2,20261213,906,0.00572136126936379
v0_2,K2,20261213,907,0.005657988661343289
v0_2,K2,20261213,908,0.005722623635943144
v0_2,K2,20261213,909,0.005610122982805935
v0_2,K2,20261213,910,0.005655676843346988
v0_2,K2,20261213,911,0.005654273829024093
v0_2,K2,20261213,912,0.0055700597343947954
v0_2,K2,20261213,913,0.005630186096680827
v0_2,K2,20261213,914,0.005576042800315075
v0_2,K2,20261213,915,0.005572766357924579
v0_2,K2,20261213,916,0.005579945809546991
v0_2,K2,20261213,917,0.0055238998267370144
v0_2,K2,20261213,918,0.00556040349627726
v0_2,K2,20261213,919,0.005509723343734333
v0_2,K2,20261213,920,0.005517939081786989
v0_2,K2,20261213,921,0.0055070521289679675
v0_2,K2,20261213,922,0.005478345256526001
v0_2,K2,20261213,923,0.005493046529806919
v0_2,K2,20261213,924,0.0054565255699819916
v0_2,K2,20261213,925,0.005464567215670725
v0_2,K2,20261213,926,0.005446858844017248
v0_2,K2,20261213,927,0.005432565843518625
v0_2,K2,20261213,928,0.00543441907130221
v0_2,K2,20261213,929,0.005410545154641237
v0_2,K2,20261213,930,0.005412342528643496
v0_2,K2,20261213,931,0.005398165775568473
v0_2,K2,20261213,932,0.0053868356960621745
v0_2,K2,20261213,933,0.0053849260951529575
v0_2,K2,20261213,934,0.005368129905348246
v0_2,K2,20261213,935,0.00536520818241517
v0_2,K2,20261213,936,0.005355729414122999
v0_2,K2,20261213,937,0.005344516508272556
v0_2,K2,20261213,938,0.005341417301778182
v0_2,K2,20261213,939,0.005329532342082494
v0_2,K2,20261213,940,0.005323208887143307
v0_2,K2,20261213,941,0.00531726210733134
v0_2,K2,20261213,942,0.005306903519442439
v0_2,K2,20261213,943,0.005302193551340645
v0_2,K2,20261213,944,0.005294551918935049
v0_2,K2,20261213,945,0.005286437482190093
v0_2,K2,20261213,946,0.005281677939338492
v0_2,K2,20261213,947,0.005273805279520321
v0_2,K2,20261213,948,0.005267233750043729
v0_2,K2,20261213,949,0.0052620888583759596
v0_2,K2,20261213,950,0.005254711334308299
v0_2,K2,20261213,951,0.005249038213855102
v0_2,K2,20261213,952,0.005243668281134472
v0_2,K2,20261213,953,0.005236979508289813
v0_2,K2,20261213,954,0.005231738804643599
v0_2,K2,20261213,955,0.005226418815506255
v0_2,K2,20261213,956,0.005220346395991017
v0_2,K2,20261213,957,0.005215379496893296
v0_2,K2,20261213,958,0.0052102531520146385
v0_2,K2,20261213,959,0.005204691384053035
v0_2,K2,20261213,960,0.0051999241680360546
v0_2,K2,20261213,961,0.005195064346520331
v0_2,K2,20261213,962,0.005189904346647207
v0_2,K2,20261213,963,0.005185310931441403
v0_2,K2,20261213,964,0.005180717702255293
v0_2,K2,20261213,965,0.005175899822967409
v0_2,K2,20261213,966,0.005171472861670592
v0_2,K2,20261213,967,0.0051671328590021616
v0_2,K2,20261213,968,0.005162616887198126
v0_2,K2,20261213,969,0.00515835625812424
v0_2,K2,20261213,970,0.005154237290202415
v0_2,K2,20261213,971,0.005149995133430113
v0_2,K2,20261213,972,0.005145889920750045
v0_2,K2,20261213,973,0.005141952010983942
v0_2,K2,20261213,974,0.005137949614616548
v0_2,K2,20261213,975,0.005134000219405857
v0_2,K2,20261213,976,0.005130205237655303
v0_2,K2,20261213,977,0.005126409850782599
v0_2,K2,20261213,978,0.0051226179126998865
v0_2,K2,20261213,979,0.005118947479092064
v0_2,K2,20261213,980,0.005115326405651604
v0_2,K2,20261213,981,0.005111694959841371
v0_2,K2,20261213,982,0.005108140307403927
v0_2,K2,20261213,983,0.005104656835929881
v0_2,K2,20261213,984,0.0051011743799420405
v0_2,K2,20261213,985,0.005097727350632965
v0_2,K2,20261213,986,0.0050943502706018605
v0_2,K2,20261213,987,0.0050909940758789105
v0_2,K2,20261213,988,0.005087649727368868
v0_2,K2,20261213,989,0.005084356364316099
v0_2,K2,20261213,990,0.005081098315759985
v0_2,K2,20261213,991,0.0050778466678520415
v0_2,K2,20261213,992,0.005074622561204853
v0_2,K2,20261213,993,0.005071434693118509
v0_2,K2,20261213,994,0.005068258436832329
v0_2,K2,20261213,995,0.005065093631026656
v0_2,K2,20261213,996,0.005061955927574879
v0_2,K2,20261213,997,0.005058833992133015
v0_2,K2,20261213,998,0.005055715467194676
v0_2,K2,20261213,999,0.00505261211016211
v0_2,K2,20261213,1000,0.0050495252832425015
